sample	Best_Hit_ARO	ARO	ARG_loci	mobile_ARG_loci	mobile_ARG_fraction	plasmid_ARG_loci	plasmid_ARG_fraction
2017_SRR13208898	AAC(6')-Ib9	3002580	1	0	0.0	0	0.0
2017_SRR13208898	ACI-1	3004359	1	0	0.0	0	0.0
2017_SRR13208898	ACT-8	3001831	1	0	0.0	0	0.0
2017_SRR13208898	ANT(3'')-IIc	3004091	1	0	0.0	0	0.0
2017_SRR13208898	APH(3'')-Ib	3002639	1	0	0.0	0	0.0
2017_SRR13208898	APH(6)-Id	3002660	1	0	0.0	0	0.0
2017_SRR13208898	ArnT	3005053	4	0	0.0	0	0.0
2017_SRR13208898	CMY-48	3002059	1	0	0.0	0	0.0
2017_SRR13208898	CRP	3000518	5	0	0.0	0	0.0
2017_SRR13208898	CblA-1	3002999	1	0	0.0	0	0.0
2017_SRR13208898	CfxA2	3003002	1	1	1.0	1	1.0
2017_SRR13208898	CfxA6	3003097	1	0	0.0	0	0.0
2017_SRR13208898	EC-15	3006876	1	0	0.0	0	0.0
2017_SRR13208898	EreA2	3002826	1	0	0.0	0	0.0
2017_SRR13208898	EreD	3004608	2	0	0.0	0	0.0
2017_SRR13208898	ErmB	3000375	1	0	0.0	0	0.0
2017_SRR13208898	ErmF	3000498	1	1	1.0	1	1.0
2017_SRR13208898	ErmG	3000522	1	1	1.0	1	1.0
2017_SRR13208898	Escherichia coli AcrAB-TolC with MarR mutations conferring resistance to ciprofloxacin and tetracycline	3003378	2	0	0.0	0	0.0
2017_SRR13208898	Escherichia coli gyrA conferring resistance to fluoroquinolones	3003294	1	0	0.0	0	0.0
2017_SRR13208898	Escherichia coli soxS with mutation conferring antibiotic resistance	3003511	1	0	0.0	0	0.0
2017_SRR13208898	FosA2	3002804	1	0	0.0	0	0.0
2017_SRR13208898	FosA8	3007371	3	0	0.0	0	0.0
2017_SRR13208898	FosG	3007368	1	0	0.0	0	0.0
2017_SRR13208898	FosI	3007370	3	0	0.0	0	0.0
2017_SRR13208898	GES-5	3002334	1	0	0.0	0	0.0
2017_SRR13208898	H-NS	3000676	1	0	0.0	0	0.0
2017_SRR13208898	Haemophilus influenzae PBP3 conferring resistance to beta-lactam antibiotics	3004446	1	0	0.0	0	0.0
2017_SRR13208898	ICR-Mo	3004569	1	0	0.0	0	0.0
2017_SRR13208898	Klebsiella pneumoniae KpnE	3004580	2	0	0.0	0	0.0
2017_SRR13208898	Klebsiella pneumoniae KpnF	3004583	1	0	0.0	0	0.0
2017_SRR13208898	Klebsiella pneumoniae KpnH	3004597	4	1	0.25	1	0.25
2017_SRR13208898	LnuH	3004600	3	1	0.3333333333333333	1	0.3333333333333333
2017_SRR13208898	MOX-9	3002191	1	0	0.0	0	0.0
2017_SRR13208898	Mef(En2)	3004659	1	1	1.0	1	1.0
2017_SRR13208898	Mrx	3003839	1	1	1.0	1	1.0
2017_SRR13208898	Mycobacterium tuberculosis rpsL mutations conferring resistance to Streptomycin	3003395	1	0	0.0	0	0.0
2017_SRR13208898	NPS-1	3004239	1	0	0.0	0	0.0
2017_SRR13208898	OXA-101	3001439	1	0	0.0	0	0.0
2017_SRR13208898	OXA-129	3001811	1	1	1.0	1	1.0
2017_SRR13208898	OXA-347	3001777	1	0	0.0	0	0.0
2017_SRR13208898	OXA-464	3003620	1	0	0.0	0	0.0
2017_SRR13208898	OXA-504	3005734	1	0	0.0	0	0.0
2017_SRR13208898	OXA-651	3005867	1	0	0.0	0	0.0
2017_SRR13208898	OXA-917	3006103	1	0	0.0	0	0.0
2017_SRR13208898	PRC-1	3007085	1	0	0.0	0	0.0
2017_SRR13208898	QnrB10	3002724	1	0	0.0	0	0.0
2017_SRR13208898	QnrS2	3002791	1	1	1.0	1	1.0
2017_SRR13208898	QnrVC4	3002801	1	0	0.0	0	0.0
2017_SRR13208898	SAT-4	3002897	1	0	0.0	0	0.0
2017_SRR13208898	VEB-1	3002370	1	0	0.0	0	0.0
2017_SRR13208898	YajC	3005040	1	0	0.0	0	0.0
2017_SRR13208898	aadA	3002601	1	0	0.0	0	0.0
2017_SRR13208898	aadA10	3004692	1	0	0.0	0	0.0
2017_SRR13208898	aadA11	3002611	1	0	0.0	0	0.0
2017_SRR13208898	aadA2	3002602	1	0	0.0	0	0.0
2017_SRR13208898	aadA27	3004682	1	1	1.0	1	1.0
2017_SRR13208898	aadA7	3002607	1	0	0.0	0	0.0
2017_SRR13208898	aadS	3004683	1	1	1.0	1	1.0
2017_SRR13208898	adeF	3000777	23	2	0.08695652173913043	2	0.08695652173913043
2017_SRR13208898	baeR	3000828	1	0	0.0	0	0.0
2017_SRR13208898	cmlA5	3002695	1	0	0.0	0	0.0
2017_SRR13208898	dfrA12	3002858	1	0	0.0	0	0.0
2017_SRR13208898	dfrA14	3002859	1	0	0.0	0	0.0
2017_SRR13208898	dfrF	3002867	1	0	0.0	0	0.0
2017_SRR13208898	emrR	3000516	2	1	0.5	1	0.5
2017_SRR13208898	eptB	3005047	1	0	0.0	0	0.0
2017_SRR13208898	kdpE	3003841	1	0	0.0	0	0.0
2017_SRR13208898	leuO	3003843	1	0	0.0	0	0.0
2017_SRR13208898	lnuC	3002837	1	0	0.0	0	0.0
2017_SRR13208898	marA	3000263	1	0	0.0	0	0.0
2017_SRR13208898	mefJ	3007049	1	0	0.0	0	0.0
2017_SRR13208898	mphA	3000316	1	1	1.0	1	1.0
2017_SRR13208898	mphE	3003741	1	1	1.0	1	1.0
2017_SRR13208898	mphF	3003071	1	0	0.0	0	0.0
2017_SRR13208898	mphG	3003742	3	0	0.0	0	0.0
2017_SRR13208898	msbA	3003950	1	0	0.0	0	0.0
2017_SRR13208898	msrE	3003109	1	1	1.0	1	1.0
2017_SRR13208898	nimJ	3007112	1	0	0.0	0	0.0
2017_SRR13208898	oqxA	3003922	1	1	1.0	1	1.0
2017_SRR13208898	patB	3000025	1	0	0.0	0	0.0
2017_SRR13208898	qacEdelta1	3005010	1	0	0.0	0	0.0
2017_SRR13208898	qacG	3007015	18	4	0.2222222222222222	4	0.2222222222222222
2017_SRR13208898	qacJ	3007014	20	2	0.1	2	0.1
2017_SRR13208898	rsmA	3005069	4	0	0.0	0	0.0
2017_SRR13208898	sul1	3000410	1	0	0.0	0	0.0
2017_SRR13208898	tet(32)	3000196	1	0	0.0	0	0.0
2017_SRR13208898	tet(36)	3000197	1	0	0.0	0	0.0
2017_SRR13208898	tet(39)	3000566	1	1	1.0	1	1.0
2017_SRR13208898	tet(40)	3000567	1	0	0.0	0	0.0
2017_SRR13208898	tet(A)	3000165	1	0	0.0	0	0.0
2017_SRR13208898	tet(C)	3000167	1	1	1.0	1	1.0
2017_SRR13208898	tet(O)	3000190	2	0	0.0	0	0.0
2017_SRR13208898	tet(Q)	3000191	2	0	0.0	0	0.0
2017_SRR13208898	tet(S)	3000192	1	0	0.0	0	0.0
2017_SRR13208898	tet(W)	3000194	1	0	0.0	0	0.0
2017_SRR13208898	tet(X)	3000205	1	0	0.0	0	0.0
2017_SRR13208898	tet(X1)	3005166	1	0	0.0	0	0.0
2017_SRR13208898	vanG	3002909	2	0	0.0	0	0.0
2017_SRR13208898	vanH gene in vanB cluster	3002943	1	0	0.0	0	0.0
2017_SRR13208898	vanH gene in vanO cluster	3002948	2	0	0.0	0	0.0
2017_SRR13208898	vanT gene in vanG cluster	3002972	23	0	0.0	0	0.0
2017_SRR13208898	vanU gene in vanG cluster	3004253	1	0	0.0	0	0.0
2017_SRR13208898	vanW gene in vanG cluster	3002965	8	0	0.0	0	0.0
2017_SRR13208898	vanW gene in vanI cluster	3003724	6	0	0.0	0	0.0
2017_SRR13208898	vanY gene in vanA cluster	3002955	1	0	0.0	0	0.0
2017_SRR13208898	vanY gene in vanB cluster	3002956	8	0	0.0	0	0.0
2017_SRR13208898	vanY gene in vanG cluster	3002959	2	0	0.0	0	0.0
2017_SRR13208898	vanY gene in vanM cluster	3002961	1	0	0.0	0	0.0
2018_SRR13208892	ANT(2'')-Ia	3000230	1	0	0.0	0	0.0
2018_SRR13208892	APH(3'')-Ib	3002639	1	1	1.0	1	1.0
2018_SRR13208892	CRP	3000518	1	0	0.0	0	0.0
2018_SRR13208892	CblA-1	3002999	1	0	0.0	0	0.0
2018_SRR13208892	CfxA2	3003002	1	0	0.0	0	0.0
2018_SRR13208892	CfxA6	3003097	1	0	0.0	0	0.0
2018_SRR13208892	EBR-4	3005462	1	0	0.0	0	0.0
2018_SRR13208892	EreD	3004608	2	0	0.0	0	0.0
2018_SRR13208892	ErmB	3000375	1	1	1.0	1	1.0
2018_SRR13208892	ErmG	3000522	1	0	0.0	0	0.0
2018_SRR13208892	Escherichia coli EF-Tu mutants conferring resistance to Pulvomycin	3003369	1	0	0.0	0	0.0
2018_SRR13208892	FONA-6	3004793	1	0	0.0	0	0.0
2018_SRR13208892	GES-5	3002334	1	0	0.0	0	0.0
2018_SRR13208892	ICR-Mo	3004569	1	0	0.0	0	0.0
2018_SRR13208892	Klebsiella pneumoniae KpnF	3004583	1	0	0.0	0	0.0
2018_SRR13208892	LnuH	3004600	1	0	0.0	0	0.0
2018_SRR13208892	MOX-9	3002191	1	0	0.0	0	0.0
2018_SRR13208892	Mef(En2)	3004659	1	0	0.0	0	0.0
2018_SRR13208892	Mrx	3003839	1	1	1.0	1	1.0
2018_SRR13208892	OXA-17	3001412	1	1	1.0	1	1.0
2018_SRR13208892	OXA-2	3001397	1	1	1.0	1	1.0
2018_SRR13208892	OXA-20	3001415	1	0	0.0	0	0.0
2018_SRR13208892	OXA-205	3001483	1	0	0.0	0	0.0
2018_SRR13208892	OXA-275	3001731	1	1	1.0	1	1.0
2018_SRR13208892	OXA-347	3001777	1	0	0.0	0	0.0
2018_SRR13208892	OXA-4	3001399	1	0	0.0	0	0.0
2018_SRR13208892	OXA-917	3006103	1	0	0.0	0	0.0
2018_SRR13208892	QnrB10	3002724	1	0	0.0	0	0.0
2018_SRR13208892	QnrD1	3002788	1	1	1.0	1	1.0
2018_SRR13208892	QnrS2	3002791	1	1	1.0	1	1.0
2018_SRR13208892	TRU-1	3004450	1	0	0.0	0	0.0
2018_SRR13208892	aadA11	3002611	1	0	0.0	0	0.0
2018_SRR13208892	aadA27	3004682	1	1	1.0	1	1.0
2018_SRR13208892	aadA5	3002605	1	0	0.0	0	0.0
2018_SRR13208892	aadS	3004683	2	0	0.0	0	0.0
2018_SRR13208892	adeF	3000777	18	2	0.1111111111111111	2	0.1111111111111111
2018_SRR13208892	baeR	3000828	1	0	0.0	0	0.0
2018_SRR13208892	dfrA14	3002859	1	1	1.0	1	1.0
2018_SRR13208892	dfrF	3002867	1	0	0.0	0	0.0
2018_SRR13208892	emrR	3000516	1	0	0.0	0	0.0
2018_SRR13208892	lnuB	3002836	1	0	0.0	0	0.0
2018_SRR13208892	lnuC	3002837	1	0	0.0	0	0.0
2018_SRR13208892	mefJ	3007049	1	0	0.0	0	0.0
2018_SRR13208892	mphA	3000316	1	1	1.0	1	1.0
2018_SRR13208892	mphE	3003741	1	0	0.0	0	0.0
2018_SRR13208892	mphG	3003742	1	0	0.0	0	0.0
2018_SRR13208892	msrE	3003109	1	0	0.0	0	0.0
2018_SRR13208892	qacEdelta1	3005010	1	1	1.0	1	1.0
2018_SRR13208892	qacG	3007015	12	1	0.08333333333333333	1	0.08333333333333333
2018_SRR13208892	qacJ	3007014	12	2	0.16666666666666666	2	0.16666666666666666
2018_SRR13208892	qacL	3005098	2	1	0.5	1	0.5
2018_SRR13208892	rsmA	3005069	3	0	0.0	0	0.0
2018_SRR13208892	sul1	3000410	1	1	1.0	1	1.0
2018_SRR13208892	tet(32)	3000196	1	0	0.0	0	0.0
2018_SRR13208892	tet(39)	3000566	1	1	1.0	1	1.0
2018_SRR13208892	tet(40)	3000567	1	0	0.0	0	0.0
2018_SRR13208892	tet(44)	3000556	1	0	0.0	0	0.0
2018_SRR13208892	tet(C)	3000167	1	0	0.0	0	0.0
2018_SRR13208892	tet(M)	3000186	1	0	0.0	0	0.0
2018_SRR13208892	tet(O)	3000190	2	0	0.0	0	0.0
2018_SRR13208892	tet(Q)	3000191	2	0	0.0	0	0.0
2018_SRR13208892	tet(S)	3000192	1	0	0.0	0	0.0
2018_SRR13208892	tet(X)	3000205	1	0	0.0	0	0.0
2018_SRR13208892	tet(X1)	3005166	1	0	0.0	0	0.0
2018_SRR13208892	vanG	3002909	1	0	0.0	0	0.0
2018_SRR13208892	vanH gene in vanA cluster	3002942	1	0	0.0	0	0.0
2018_SRR13208892	vanT gene in vanG cluster	3002972	19	0	0.0	0	0.0
2018_SRR13208892	vanU gene in vanG cluster	3004253	1	0	0.0	0	0.0
2018_SRR13208892	vanW gene in vanG cluster	3002965	6	0	0.0	0	0.0
2018_SRR13208892	vanW gene in vanI cluster	3003724	7	0	0.0	0	0.0
2018_SRR13208892	vanY gene in vanA cluster	3002955	2	0	0.0	0	0.0
2018_SRR13208892	vanY gene in vanB cluster	3002956	6	0	0.0	0	0.0
2018_SRR13208892	vanY gene in vanG cluster	3002959	1	0	0.0	0	0.0
2018_SRR13208892	vanY gene in vanM cluster	3002961	1	0	0.0	0	0.0
2019_SRR28226461	AAC(3)-IId	3004623	1	1	1.0	1	1.0
2019_SRR28226461	AAC(6')-IIa	3002594	1	0	0.0	0	0.0
2019_SRR28226461	AAC(6')-Ib9	3002580	1	0	0.0	0	0.0
2019_SRR28226461	ACT-8	3001831	1	0	0.0	0	0.0
2019_SRR28226461	ANT(2'')-Ia	3000230	1	1	1.0	1	1.0
2019_SRR28226461	ANT(3'')-IIc	3004091	1	0	0.0	0	0.0
2019_SRR28226461	APH(3'')-Ib	3002639	1	1	1.0	1	1.0
2019_SRR28226461	APH(3')-IIIa	3002647	1	0	0.0	0	0.0
2019_SRR28226461	APH(3')-VIa	3002652	1	0	0.0	0	0.0
2019_SRR28226461	APH(6)-Id	3002660	1	1	1.0	1	1.0
2019_SRR28226461	Acinetobacter baumannii AbaF	3004573	1	0	0.0	0	0.0
2019_SRR28226461	ArnT	3005053	8	0	0.0	0	0.0
2019_SRR28226461	Bifidobacterium adolescentis rpoB mutants conferring resistance to rifampicin	3004480	1	0	0.0	0	0.0
2019_SRR28226461	CRP	3000518	4	0	0.0	0	0.0
2019_SRR28226461	CTX-M-3	3001866	1	0	0.0	0	0.0
2019_SRR28226461	Campylobacter coli chloramphenicol acetyltransferase	3004454	1	1	1.0	1	1.0
2019_SRR28226461	CblA-1	3002999	1	0	0.0	0	0.0
2019_SRR28226461	CfxA2	3003002	1	1	1.0	1	1.0
2019_SRR28226461	CfxA6	3003097	1	0	0.0	0	0.0
2019_SRR28226461	EC-15	3006876	1	0	0.0	0	0.0
2019_SRR28226461	EreA2	3002826	1	0	0.0	0	0.0
2019_SRR28226461	EreD	3004608	2	0	0.0	0	0.0
2019_SRR28226461	ErmB	3000375	1	1	1.0	1	1.0
2019_SRR28226461	ErmG	3000522	1	0	0.0	0	0.0
2019_SRR28226461	ErmX	3000596	1	0	0.0	0	0.0
2019_SRR28226461	Escherichia coli AcrAB-TolC with MarR mutations conferring resistance to ciprofloxacin and tetracycline	3003378	3	0	0.0	0	0.0
2019_SRR28226461	Escherichia coli EF-Tu mutants conferring resistance to Pulvomycin	3003369	3	0	0.0	0	0.0
2019_SRR28226461	Escherichia coli GlpT with mutation conferring resistance to fosfomycin	3003889	1	0	0.0	0	0.0
2019_SRR28226461	Escherichia coli acrA	3004043	1	0	0.0	0	0.0
2019_SRR28226461	Escherichia coli gyrA conferring resistance to fluoroquinolones	3003294	1	1	1.0	0	0.0
2019_SRR28226461	Escherichia coli soxR with mutation conferring antibiotic resistance	3003381	1	0	0.0	0	0.0
2019_SRR28226461	Escherichia coli soxS with mutation conferring antibiotic resistance	3003511	3	0	0.0	0	0.0
2019_SRR28226461	FONA-6	3004793	1	0	0.0	0	0.0
2019_SRR28226461	FosA4	3003210	1	0	0.0	0	0.0
2019_SRR28226461	FosG	3007368	1	0	0.0	0	0.0
2019_SRR28226461	FosI	3007370	2	0	0.0	0	0.0
2019_SRR28226461	GES-5	3002334	1	0	0.0	0	0.0
2019_SRR28226461	H-NS	3000676	1	0	0.0	0	0.0
2019_SRR28226461	ICR-Mo	3004569	1	0	0.0	0	0.0
2019_SRR28226461	KPC-2	3002312	1	0	0.0	0	0.0
2019_SRR28226461	Klebsiella pneumoniae KpnE	3004580	2	0	0.0	0	0.0
2019_SRR28226461	Klebsiella pneumoniae KpnF	3004583	1	0	0.0	0	0.0
2019_SRR28226461	Klebsiella pneumoniae KpnG	3004588	1	0	0.0	0	0.0
2019_SRR28226461	Klebsiella pneumoniae KpnH	3004597	1	0	0.0	0	0.0
2019_SRR28226461	LCR-1	3002997	1	0	0.0	0	0.0
2019_SRR28226461	LnuH	3004600	1	0	0.0	0	0.0
2019_SRR28226461	MOX-9	3002191	1	0	0.0	0	0.0
2019_SRR28226461	Mef(En2)	3004659	1	0	0.0	0	0.0
2019_SRR28226461	Morganella morganii gyrB conferring resistance to fluoroquinolones	3003306	1	0	0.0	0	0.0
2019_SRR28226461	Mrx	3003839	2	1	0.5	1	0.5
2019_SRR28226461	Mycobacterium tuberculosis rpsL mutations conferring resistance to Streptomycin	3003395	4	0	0.0	0	0.0
2019_SRR28226461	OXA-1	3001396	1	0	0.0	0	0.0
2019_SRR28226461	OXA-129	3001811	1	0	0.0	0	0.0
2019_SRR28226461	OXA-17	3001412	1	0	0.0	0	0.0
2019_SRR28226461	OXA-211	3001710	1	0	0.0	0	0.0
2019_SRR28226461	OXA-275	3001731	1	1	1.0	1	1.0
2019_SRR28226461	OXA-296	3001751	1	0	0.0	0	0.0
2019_SRR28226461	OXA-347	3001777	1	1	1.0	1	1.0
2019_SRR28226461	OXA-50	3001796	1	1	1.0	1	1.0
2019_SRR28226461	OXA-58	3001611	1	0	0.0	0	0.0
2019_SRR28226461	OXA-780	3005983	1	0	0.0	0	0.0
2019_SRR28226461	OXA-917	3006103	1	0	0.0	0	0.0
2019_SRR28226461	PAU-1	3006964	1	0	0.0	0	0.0
2019_SRR28226461	PRC-1	3007085	1	0	0.0	0	0.0
2019_SRR28226461	PmrF	3003578	1	0	0.0	0	0.0
2019_SRR28226461	QnrB19	3002734	1	0	0.0	0	0.0
2019_SRR28226461	QnrD1	3002788	1	0	0.0	0	0.0
2019_SRR28226461	QnrS2	3002791	1	1	1.0	1	1.0
2019_SRR28226461	QnrVC4	3002801	1	0	0.0	0	0.0
2019_SRR28226461	Streptomyces rimosus otr(A)	3002891	1	0	0.0	0	0.0
2019_SRR28226461	VEB-1	3002370	1	1	1.0	1	1.0
2019_SRR28226461	VIM-2	3002272	1	0	0.0	0	0.0
2019_SRR28226461	aad(6)	3002628	1	0	0.0	0	0.0
2019_SRR28226461	aadA11	3002611	1	0	0.0	0	0.0
2019_SRR28226461	aadA16	3002616	1	0	0.0	0	0.0
2019_SRR28226461	aadA27	3004682	1	1	1.0	1	1.0
2019_SRR28226461	aadA3	3002603	1	0	0.0	0	0.0
2019_SRR28226461	aadA5	3002605	1	1	1.0	1	1.0
2019_SRR28226461	aadA7	3002607	1	0	0.0	0	0.0
2019_SRR28226461	aadS	3004683	2	0	0.0	0	0.0
2019_SRR28226461	adeF	3000777	59	4	0.06779661016949153	4	0.06779661016949153
2019_SRR28226461	aphA15	3004675	1	0	0.0	0	0.0
2019_SRR28226461	catB3	3002676	1	0	0.0	0	0.0
2019_SRR28226461	cepA	3003559	1	0	0.0	0	0.0
2019_SRR28226461	cmlA5	3002695	1	1	1.0	1	1.0
2019_SRR28226461	dfrA3	3003105	1	0	0.0	0	0.0
2019_SRR28226461	dfrF	3002867	1	0	0.0	0	0.0
2019_SRR28226461	emrB	3000074	1	1	1.0	1	1.0
2019_SRR28226461	emrR	3000516	2	1	0.5	1	0.5
2019_SRR28226461	imiH	3003094	1	0	0.0	0	0.0
2019_SRR28226461	kdpE	3003841	1	0	0.0	0	0.0
2019_SRR28226461	leuO	3003843	1	0	0.0	0	0.0
2019_SRR28226461	lnuB	3002836	1	1	1.0	1	1.0
2019_SRR28226461	lnuC	3002837	1	0	0.0	0	0.0
2019_SRR28226461	lsaE	3003206	1	1	1.0	1	1.0
2019_SRR28226461	marA	3000263	2	0	0.0	0	0.0
2019_SRR28226461	mdeA	3007011	1	0	0.0	0	0.0
2019_SRR28226461	mefF	3007044	1	0	0.0	0	0.0
2019_SRR28226461	mefJ	3007049	1	0	0.0	0	0.0
2019_SRR28226461	mphA	3000316	2	1	0.5	1	0.5
2019_SRR28226461	mphE	3003741	1	1	1.0	1	1.0
2019_SRR28226461	mphF	3003071	1	1	1.0	1	1.0
2019_SRR28226461	mphG	3003742	3	0	0.0	0	0.0
2019_SRR28226461	msbA	3003950	1	0	0.0	0	0.0
2019_SRR28226461	msrE	3003109	1	1	1.0	1	1.0
2019_SRR28226461	nimA	3007104	1	0	0.0	0	0.0
2019_SRR28226461	nimJ	3007112	1	0	0.0	0	0.0
2019_SRR28226461	oqxA	3003922	1	0	0.0	0	0.0
2019_SRR28226461	qacEdelta1	3005010	1	0	0.0	0	0.0
2019_SRR28226461	qacG	3007015	22	2	0.09090909090909091	2	0.09090909090909091
2019_SRR28226461	qacJ	3007014	32	3	0.09375	3	0.09375
2019_SRR28226461	rsmA	3005069	8	0	0.0	0	0.0
2019_SRR28226461	sul1	3000410	1	0	0.0	0	0.0
2019_SRR28226461	tet(32)	3000196	1	0	0.0	0	0.0
2019_SRR28226461	tet(36)	3000197	1	0	0.0	0	0.0
2019_SRR28226461	tet(39)	3000566	1	1	1.0	1	1.0
2019_SRR28226461	tet(40)	3000567	1	0	0.0	0	0.0
2019_SRR28226461	tet(44)	3000556	1	0	0.0	0	0.0
2019_SRR28226461	tet(A)	3000165	1	0	0.0	0	0.0
2019_SRR28226461	tet(C)	3000167	1	0	0.0	0	0.0
2019_SRR28226461	tet(M)	3000186	1	0	0.0	0	0.0
2019_SRR28226461	tet(O)	3000190	2	0	0.0	0	0.0
2019_SRR28226461	tet(Q)	3000191	5	0	0.0	0	0.0
2019_SRR28226461	tet(S)	3000192	1	0	0.0	0	0.0
2019_SRR28226461	tet(W)	3000194	1	1	1.0	1	1.0
2019_SRR28226461	tet(W/N/W)	3004442	1	0	0.0	0	0.0
2019_SRR28226461	tet(X)	3000205	1	1	1.0	1	1.0
2019_SRR28226461	tet(X1)	3005166	1	1	1.0	1	1.0
2019_SRR28226461	tetB(P)	3000195	2	0	0.0	0	0.0
2019_SRR28226461	vanG	3002909	10	1	0.1	1	0.1
2019_SRR28226461	vanH gene in vanB cluster	3002943	2	0	0.0	0	0.0
2019_SRR28226461	vanH gene in vanM cluster	3002947	1	0	0.0	0	0.0
2019_SRR28226461	vanH gene in vanO cluster	3002948	8	0	0.0	0	0.0
2019_SRR28226461	vanT gene in vanG cluster	3002972	63	1	0.015873015873015872	1	0.015873015873015872
2019_SRR28226461	vanU gene in vanG cluster	3004253	1	0	0.0	0	0.0
2019_SRR28226461	vanW gene in vanB cluster	3002964	1	0	0.0	0	0.0
2019_SRR28226461	vanW gene in vanG cluster	3002965	11	0	0.0	0	0.0
2019_SRR28226461	vanW gene in vanI cluster	3003724	42	0	0.0	0	0.0
2019_SRR28226461	vanXY gene in vanG cluster	3003069	2	1	0.5	1	0.5
2019_SRR28226461	vanY gene in vanA cluster	3002955	5	0	0.0	0	0.0
2019_SRR28226461	vanY gene in vanB cluster	3002956	28	0	0.0	0	0.0
2019_SRR28226461	vanY gene in vanF cluster	3002958	5	1	0.2	0	0.0
2019_SRR28226461	vanY gene in vanG cluster	3002959	5	0	0.0	0	0.0
2019_SRR28226461	vanY gene in vanM cluster	3002961	9	1	0.1111111111111111	0	0.0
2020_SRR33084338	Erm(39)	3000602	1	0	0.0	0	0.0
2020_SRR33084338	Mycobacterium tuberculosis folC with mutation conferring resistance to para-aminosalicylic acid	3004157	1	0	0.0	0	0.0
2020_SRR33084338	Mycobacterium tuberculosis intrinsic murA conferring resistance to fosfomycin	3003784	1	0	0.0	0	0.0
2020_SRR33084338	Mycobacterium tuberculosis rpsL mutations conferring resistance to Streptomycin	3003395	1	0	0.0	0	0.0
2020_SRR33084338	RbpA	3000245	4	0	0.0	0	0.0
2020_SRR33084338	adeF	3000777	9	0	0.0	0	0.0
2020_SRR33084338	arr-1	3002846	1	0	0.0	0	0.0
2020_SRR33084338	iri	3002884	1	0	0.0	0	0.0
2020_SRR33084338	mphE	3003741	1	0	0.0	0	0.0
2020_SRR33084338	mphF	3003071	1	1	1.0	1	1.0
2020_SRR33084338	msrE	3003109	1	0	0.0	0	0.0
2020_SRR33084338	qacG	3007015	5	2	0.4	2	0.4
2020_SRR33084338	qacJ	3007014	2	0	0.0	0	0.0
2020_SRR33084338	qacL	3005098	1	1	1.0	1	1.0
2020_SRR33084338	sul1	3000410	1	1	1.0	1	1.0
2020_SRR33084338	tet(Q)	3000191	1	0	0.0	0	0.0
2020_SRR33084338	vanT gene in vanG cluster	3002972	4	0	0.0	0	0.0
2020_SRR33084338	vanW gene in vanB cluster	3002964	1	0	0.0	0	0.0
2020_SRR33084338	vanW gene in vanG cluster	3002965	5	0	0.0	0	0.0
2020_SRR33084338	vanW gene in vanI cluster	3003724	12	0	0.0	0	0.0
2020_SRR33084338	vanY gene in vanA cluster	3002955	1	0	0.0	0	0.0
2020_SRR33084338	vanY gene in vanB cluster	3002956	7	0	0.0	0	0.0
2020_SRR33084338	vanY gene in vanG cluster	3002959	1	0	0.0	0	0.0
2021_SRR28226424	AAC(6')-Ib9	3002580	1	0	0.0	0	0.0
2021_SRR28226424	ANT(2'')-Ia	3000230	1	1	1.0	1	1.0
2021_SRR28226424	APH(3'')-Ib	3002639	1	1	1.0	1	1.0
2021_SRR28226424	APH(6)-Id	3002660	1	1	1.0	1	1.0
2021_SRR28226424	ArnT	3005053	4	0	0.0	0	0.0
2021_SRR28226424	CRP	3000518	1	0	0.0	0	0.0
2021_SRR28226424	CfxA2	3003002	1	1	1.0	1	1.0
2021_SRR28226424	EC-15	3006876	1	0	0.0	0	0.0
2021_SRR28226424	EreD	3004608	1	0	0.0	0	0.0
2021_SRR28226424	ErmF	3000498	1	1	1.0	1	1.0
2021_SRR28226424	Escherichia coli EF-Tu mutants conferring resistance to Pulvomycin	3003369	1	0	0.0	0	0.0
2021_SRR28226424	Escherichia coli soxS with mutation conferring antibiotic resistance	3003511	1	0	0.0	0	0.0
2021_SRR28226424	FosG	3007368	1	0	0.0	0	0.0
2021_SRR28226424	FosI	3007370	1	0	0.0	0	0.0
2021_SRR28226424	GES-5	3002334	1	0	0.0	0	0.0
2021_SRR28226424	Haemophilus influenzae PBP3 conferring resistance to beta-lactam antibiotics	3004446	1	0	0.0	0	0.0
2021_SRR28226424	ICR-Mo	3004569	1	0	0.0	0	0.0
2021_SRR28226424	KPC-2	3002312	1	0	0.0	0	0.0
2021_SRR28226424	Klebsiella pneumoniae KpnE	3004580	1	0	0.0	0	0.0
2021_SRR28226424	LnuH	3004600	3	0	0.0	0	0.0
2021_SRR28226424	MOX-9	3002191	1	0	0.0	0	0.0
2021_SRR28226424	Mef(En2)	3004659	1	1	1.0	1	1.0
2021_SRR28226424	Mrx	3003839	1	1	1.0	1	1.0
2021_SRR28226424	Mycobacterium tuberculosis rpsL mutations conferring resistance to Streptomycin	3003395	1	0	0.0	0	0.0
2021_SRR28226424	OXA-119	3001775	1	0	0.0	0	0.0
2021_SRR28226424	OXA-17	3001412	1	0	0.0	0	0.0
2021_SRR28226424	OXA-504	3005734	1	0	0.0	0	0.0
2021_SRR28226424	OXA-9	3001404	1	0	0.0	0	0.0
2021_SRR28226424	OXA-917	3006103	1	0	0.0	0	0.0
2021_SRR28226424	PRC-1	3007085	1	0	0.0	0	0.0
2021_SRR28226424	QnrB10	3002724	1	0	0.0	0	0.0
2021_SRR28226424	QnrS2	3002791	1	0	0.0	0	0.0
2021_SRR28226424	QnrVC4	3002801	1	1	1.0	1	1.0
2021_SRR28226424	VEB-1	3002370	1	0	0.0	0	0.0
2021_SRR28226424	YajC	3005040	1	0	0.0	0	0.0
2021_SRR28226424	aadA	3002601	1	0	0.0	0	0.0
2021_SRR28226424	aadA10	3004692	1	0	0.0	0	0.0
2021_SRR28226424	aadA11	3002611	1	0	0.0	0	0.0
2021_SRR28226424	aadA27	3004682	1	0	0.0	0	0.0
2021_SRR28226424	aadA3	3002603	1	0	0.0	0	0.0
2021_SRR28226424	aadA5	3002605	1	0	0.0	0	0.0
2021_SRR28226424	aadA7	3002607	1	0	0.0	0	0.0
2021_SRR28226424	aadS	3004683	1	1	1.0	1	1.0
2021_SRR28226424	adeF	3000777	10	1	0.1	1	0.1
2021_SRR28226424	cmlA5	3002695	1	0	0.0	0	0.0
2021_SRR28226424	dfrA14	3002859	1	1	1.0	1	1.0
2021_SRR28226424	dfrF	3002867	1	0	0.0	0	0.0
2021_SRR28226424	lnuC	3002837	1	0	0.0	0	0.0
2021_SRR28226424	mphA	3000316	1	1	1.0	1	1.0
2021_SRR28226424	mphE	3003741	1	0	0.0	0	0.0
2021_SRR28226424	mphF	3003071	1	1	1.0	1	1.0
2021_SRR28226424	mphG	3003742	2	0	0.0	0	0.0
2021_SRR28226424	msrE	3003109	1	0	0.0	0	0.0
2021_SRR28226424	nimJ	3007112	1	0	0.0	0	0.0
2021_SRR28226424	patB	3000025	1	0	0.0	0	0.0
2021_SRR28226424	qacG	3007015	16	4	0.25	4	0.25
2021_SRR28226424	qacJ	3007014	14	2	0.14285714285714285	2	0.14285714285714285
2021_SRR28226424	qacL	3005098	2	1	0.5	1	0.5
2021_SRR28226424	rsmA	3005069	2	0	0.0	0	0.0
2021_SRR28226424	tet(36)	3000197	1	0	0.0	0	0.0
2021_SRR28226424	tet(39)	3000566	1	0	0.0	0	0.0
2021_SRR28226424	tet(A)	3000165	1	0	0.0	0	0.0
2021_SRR28226424	tet(C)	3000167	1	1	1.0	1	1.0
2021_SRR28226424	tet(O)	3000190	2	1	0.5	1	0.5
2021_SRR28226424	tet(Q)	3000191	1	0	0.0	0	0.0
2021_SRR28226424	tet(W)	3000194	1	0	0.0	0	0.0
2021_SRR28226424	tet(X)	3000205	1	1	1.0	1	1.0
2021_SRR28226424	vanH gene in vanB cluster	3002943	1	0	0.0	0	0.0
2021_SRR28226424	vanT gene in vanG cluster	3002972	18	0	0.0	0	0.0
2021_SRR28226424	vanW gene in vanG cluster	3002965	3	0	0.0	0	0.0
2021_SRR28226424	vanW gene in vanI cluster	3003724	3	0	0.0	0	0.0
2021_SRR28226424	vanY gene in vanB cluster	3002956	4	0	0.0	0	0.0
2021_SRR28226424	vanY gene in vanF cluster	3002958	1	0	0.0	0	0.0
2022_SRR28226418	AAC(6')-Ib9	3002580	1	0	0.0	0	0.0
2022_SRR28226418	ANT(3'')-IIc	3004091	1	0	0.0	0	0.0
2022_SRR28226418	APH(3'')-Ib	3002639	1	1	1.0	1	1.0
2022_SRR28226418	APH(6)-Id	3002660	1	1	1.0	1	1.0
2022_SRR28226418	Acinetobacter baumannii AbaF	3004573	1	0	0.0	0	0.0
2022_SRR28226418	AcrE	3000499	1	0	0.0	0	0.0
2022_SRR28226418	ArnT	3005053	2	0	0.0	0	0.0
2022_SRR28226418	CRP	3000518	2	0	0.0	0	0.0
2022_SRR28226418	Campylobacter coli chloramphenicol acetyltransferase	3004454	1	1	1.0	1	1.0
2022_SRR28226418	CblA-1	3002999	1	0	0.0	0	0.0
2022_SRR28226418	CfxA2	3003002	1	1	1.0	1	1.0
2022_SRR28226418	CfxA6	3003097	1	0	0.0	0	0.0
2022_SRR28226418	EBR-4	3005462	1	0	0.0	0	0.0
2022_SRR28226418	EreA2	3002826	1	0	0.0	0	0.0
2022_SRR28226418	EreD	3004608	2	0	0.0	0	0.0
2022_SRR28226418	ErmB	3000375	1	1	1.0	1	1.0
2022_SRR28226418	ErmG	3000522	1	1	1.0	1	1.0
2022_SRR28226418	ErmX	3000596	1	1	1.0	1	1.0
2022_SRR28226418	FosG	3007368	1	0	0.0	0	0.0
2022_SRR28226418	FosI	3007370	7	0	0.0	0	0.0
2022_SRR28226418	GES-5	3002334	1	0	0.0	0	0.0
2022_SRR28226418	Haemophilus influenzae PBP3 conferring resistance to beta-lactam antibiotics	3004446	1	0	0.0	0	0.0
2022_SRR28226418	ICR-Mo	3004569	2	0	0.0	0	0.0
2022_SRR28226418	KPC-2	3002312	1	0	0.0	0	0.0
2022_SRR28226418	LHK-6	3006940	1	0	0.0	0	0.0
2022_SRR28226418	LnuH	3004600	1	0	0.0	0	0.0
2022_SRR28226418	MCR-3.17	3007278	1	0	0.0	0	0.0
2022_SRR28226418	MCR-5.1	3004332	1	1	1.0	1	1.0
2022_SRR28226418	MOX-9	3002191	1	0	0.0	0	0.0
2022_SRR28226418	Mef(En2)	3004659	1	1	1.0	1	1.0
2022_SRR28226418	Mrx	3003839	1	1	1.0	1	1.0
2022_SRR28226418	NPS-1	3004239	1	0	0.0	0	0.0
2022_SRR28226418	OXA-1	3001396	1	0	0.0	0	0.0
2022_SRR28226418	OXA-119	3001775	1	0	0.0	0	0.0
2022_SRR28226418	OXA-129	3001811	1	0	0.0	0	0.0
2022_SRR28226418	OXA-256	3001502	1	0	0.0	0	0.0
2022_SRR28226418	OXA-296	3001751	1	1	1.0	1	1.0
2022_SRR28226418	OXA-299	3001754	1	0	0.0	0	0.0
2022_SRR28226418	OXA-347	3001777	1	1	1.0	1	1.0
2022_SRR28226418	OXA-504	3005734	1	0	0.0	0	0.0
2022_SRR28226418	OXA-58	3001611	1	1	1.0	1	1.0
2022_SRR28226418	OXA-641	3005333	1	0	0.0	0	0.0
2022_SRR28226418	OXA-9	3001404	1	0	0.0	0	0.0
2022_SRR28226418	OXA-917	3006103	1	0	0.0	0	0.0
2022_SRR28226418	PAU-1	3006964	1	0	0.0	0	0.0
2022_SRR28226418	PRC-1	3007085	1	0	0.0	0	0.0
2022_SRR28226418	QnrB10	3002724	1	1	1.0	1	1.0
2022_SRR28226418	QnrS2	3002791	1	1	1.0	1	1.0
2022_SRR28226418	QnrVC4	3002801	1	0	0.0	0	0.0
2022_SRR28226418	RCP-1	3003563	1	0	0.0	0	0.0
2022_SRR28226418	SHV-30	3001088	1	0	0.0	0	0.0
2022_SRR28226418	VEB-1	3002370	1	1	1.0	1	1.0
2022_SRR28226418	aad(6)	3002628	1	0	0.0	0	0.0
2022_SRR28226418	aadA	3002601	1	0	0.0	0	0.0
2022_SRR28226418	aadA10	3004692	1	0	0.0	0	0.0
2022_SRR28226418	aadA11	3002611	1	0	0.0	0	0.0
2022_SRR28226418	aadA27	3004682	1	1	1.0	1	1.0
2022_SRR28226418	aadA5	3002605	1	0	0.0	0	0.0
2022_SRR28226418	aadA7	3002607	1	0	0.0	0	0.0
2022_SRR28226418	aadS	3004683	2	0	0.0	0	0.0
2022_SRR28226418	adeF	3000777	34	2	0.058823529411764705	2	0.058823529411764705
2022_SRR28226418	bacA	3002986	1	0	0.0	0	0.0
2022_SRR28226418	catQ	3002687	1	0	0.0	0	0.0
2022_SRR28226418	cfrC	3004146	1	0	0.0	0	0.0
2022_SRR28226418	cmlA5	3002695	1	0	0.0	0	0.0
2022_SRR28226418	cphA3	3003093	1	0	0.0	0	0.0
2022_SRR28226418	dfrA12	3002858	1	0	0.0	0	0.0
2022_SRR28226418	dfrA3	3003105	1	0	0.0	0	0.0
2022_SRR28226418	emrB	3000074	1	0	0.0	0	0.0
2022_SRR28226418	emrR	3000516	1	0	0.0	0	0.0
2022_SRR28226418	kdpE	3003841	1	0	0.0	0	0.0
2022_SRR28226418	lnuC	3002837	1	0	0.0	0	0.0
2022_SRR28226418	lsaE	3003206	1	0	0.0	0	0.0
2022_SRR28226418	mdeA	3007011	2	0	0.0	0	0.0
2022_SRR28226418	mdtE	3000795	1	0	0.0	0	0.0
2022_SRR28226418	mefF	3007044	1	0	0.0	0	0.0
2022_SRR28226418	mefJ	3007049	1	0	0.0	0	0.0
2022_SRR28226418	mphA	3000316	1	1	1.0	1	1.0
2022_SRR28226418	mphE	3003741	1	0	0.0	0	0.0
2022_SRR28226418	mphF	3003071	1	1	1.0	1	1.0
2022_SRR28226418	mphG	3003742	2	0	0.0	0	0.0
2022_SRR28226418	msrE	3003109	1	0	0.0	0	0.0
2022_SRR28226418	nimJ	3007112	1	0	0.0	0	0.0
2022_SRR28226418	patB	3000025	1	0	0.0	0	0.0
2022_SRR28226418	qacG	3007015	36	5	0.1388888888888889	5	0.1388888888888889
2022_SRR28226418	qacJ	3007014	30	4	0.13333333333333333	4	0.13333333333333333
2022_SRR28226418	qacL	3005098	1	0	0.0	0	0.0
2022_SRR28226418	rsmA	3005069	6	0	0.0	0	0.0
2022_SRR28226418	tet(32)	3000196	1	0	0.0	0	0.0
2022_SRR28226418	tet(36)	3000197	2	0	0.0	0	0.0
2022_SRR28226418	tet(39)	3000566	1	1	1.0	1	1.0
2022_SRR28226418	tet(40)	3000567	1	0	0.0	0	0.0
2022_SRR28226418	tet(44)	3000556	1	0	0.0	0	0.0
2022_SRR28226418	tet(C)	3000167	1	0	0.0	0	0.0
2022_SRR28226418	tet(O)	3000190	1	0	0.0	0	0.0
2022_SRR28226418	tet(Q)	3000191	4	0	0.0	0	0.0
2022_SRR28226418	tet(W)	3000194	1	1	1.0	1	1.0
2022_SRR28226418	tet(W/N/W)	3004442	2	0	0.0	0	0.0
2022_SRR28226418	tet(X)	3000205	1	0	0.0	0	0.0
2022_SRR28226418	tet(X1)	3005166	1	0	0.0	0	0.0
2022_SRR28226418	vanG	3002909	11	0	0.0	0	0.0
2022_SRR28226418	vanH gene in vanB cluster	3002943	4	0	0.0	0	0.0
2022_SRR28226418	vanH gene in vanM cluster	3002947	1	0	0.0	0	0.0
2022_SRR28226418	vanH gene in vanO cluster	3002948	6	0	0.0	0	0.0
2022_SRR28226418	vanT gene in vanE cluster	3002971	1	0	0.0	0	0.0
2022_SRR28226418	vanT gene in vanG cluster	3002972	57	1	0.017543859649122806	0	0.0
2022_SRR28226418	vanU gene in vanG cluster	3004253	1	0	0.0	0	0.0
2022_SRR28226418	vanW gene in vanB cluster	3002964	2	0	0.0	0	0.0
2022_SRR28226418	vanW gene in vanG cluster	3002965	13	0	0.0	0	0.0
2022_SRR28226418	vanW gene in vanI cluster	3003724	26	0	0.0	0	0.0
2022_SRR28226418	vanXY gene in vanG cluster	3003069	1	0	0.0	0	0.0
2022_SRR28226418	vanY gene in vanA cluster	3002955	4	0	0.0	0	0.0
2022_SRR28226418	vanY gene in vanB cluster	3002956	27	0	0.0	0	0.0
2022_SRR28226418	vanY gene in vanF cluster	3002958	3	0	0.0	0	0.0
2022_SRR28226418	vanY gene in vanG cluster	3002959	4	0	0.0	0	0.0
2022_SRR28226418	vanY gene in vanM cluster	3002961	7	1	0.14285714285714285	1	0.14285714285714285
2023_SRR37365438	AAC(6')-IIc	3002596	1	0	0.0	0	0.0
2023_SRR37365438	AAC(6')-Il	3004635	1	0	0.0	0	0.0
2023_SRR37365438	ANT(3'')-IIc	3004091	3	0	0.0	0	0.0
2023_SRR37365438	ANT(6)-Ia	3002626	1	0	0.0	0	0.0
2023_SRR37365438	APH(3'')-Ib	3002639	1	1	1.0	1	1.0
2023_SRR37365438	APH(3')-Ia	3002641	1	0	0.0	0	0.0
2023_SRR37365438	APH(6)-Id	3002660	1	1	1.0	1	1.0
2023_SRR37365438	Acinetobacter baumannii AbaF	3004573	1	0	0.0	0	0.0
2023_SRR37365438	Acinetobacter baumannii parC conferring resistance to fluoroquinolones	3003818	1	0	0.0	0	0.0
2023_SRR37365438	AcrE	3000499	1	1	1.0	1	1.0
2023_SRR37365438	AcrF	3000502	1	1	1.0	1	1.0
2023_SRR37365438	AcrS	3000656	1	0	0.0	0	0.0
2023_SRR37365438	ArnT	3005053	4	0	0.0	0	0.0
2023_SRR37365438	CARB-16	3002255	1	0	0.0	0	0.0
2023_SRR37365438	CARB-3	3002242	1	0	0.0	0	0.0
2023_SRR37365438	CRP	3000518	3	0	0.0	0	0.0
2023_SRR37365438	CSA-1	3006869	1	1	1.0	1	1.0
2023_SRR37365438	CblA-1	3002999	1	0	0.0	0	0.0
2023_SRR37365438	CfxA2	3003002	1	1	1.0	1	1.0
2023_SRR37365438	CfxA6	3003097	1	0	0.0	0	0.0
2023_SRR37365438	EBR-2	3004463	1	0	0.0	0	0.0
2023_SRR37365438	EC-15	3006876	1	0	0.0	0	0.0
2023_SRR37365438	EreA2	3002826	1	0	0.0	0	0.0
2023_SRR37365438	EreD	3004608	1	0	0.0	0	0.0
2023_SRR37365438	Erm(35)	3000604	1	0	0.0	0	0.0
2023_SRR37365438	ErmB	3000375	1	0	0.0	0	0.0
2023_SRR37365438	ErmG	3000522	1	0	0.0	0	0.0
2023_SRR37365438	Escherichia coli AcrAB-TolC with MarR mutations conferring resistance to ciprofloxacin and tetracycline	3003378	2	1	0.5	1	0.5
2023_SRR37365438	Escherichia coli EF-Tu mutants conferring resistance to Pulvomycin	3003369	3	0	0.0	0	0.0
2023_SRR37365438	Escherichia coli GlpT with mutation conferring resistance to fosfomycin	3003889	1	0	0.0	0	0.0
2023_SRR37365438	Escherichia coli mdfA	3001328	1	1	1.0	1	1.0
2023_SRR37365438	Escherichia coli soxR with mutation conferring antibiotic resistance	3003381	1	1	1.0	1	1.0
2023_SRR37365438	Escherichia coli soxS with mutation conferring antibiotic resistance	3003511	1	1	1.0	1	1.0
2023_SRR37365438	FosA8	3007371	2	1	0.5	1	0.5
2023_SRR37365438	FosG	3007368	1	0	0.0	0	0.0
2023_SRR37365438	FosH	3007369	1	0	0.0	0	0.0
2023_SRR37365438	FosI	3007370	4	0	0.0	0	0.0
2023_SRR37365438	GES-5	3002334	1	0	0.0	0	0.0
2023_SRR37365438	H-NS	3000676	1	0	0.0	0	0.0
2023_SRR37365438	Haemophilus influenzae PBP3 conferring resistance to beta-lactam antibiotics	3004446	2	0	0.0	0	0.0
2023_SRR37365438	ICR-Mo	3004569	2	1	0.5	0	0.0
2023_SRR37365438	KPC-2	3002312	1	0	0.0	0	0.0
2023_SRR37365438	Klebsiella pneumoniae KpnE	3004580	2	1	0.5	1	0.5
2023_SRR37365438	Klebsiella pneumoniae KpnF	3004583	2	1	0.5	1	0.5
2023_SRR37365438	Klebsiella pneumoniae KpnG	3004588	1	0	0.0	0	0.0
2023_SRR37365438	Klebsiella pneumoniae KpnH	3004597	4	0	0.0	0	0.0
2023_SRR37365438	LnuH	3004600	2	0	0.0	0	0.0
2023_SRR37365438	MCR-5.1	3004332	1	0	0.0	0	0.0
2023_SRR37365438	MOX-12	3006477	1	0	0.0	0	0.0
2023_SRR37365438	MOX-9	3002191	1	0	0.0	0	0.0
2023_SRR37365438	Mef(En2)	3004659	1	1	1.0	1	1.0
2023_SRR37365438	Mrx	3003839	1	1	1.0	1	1.0
2023_SRR37365438	Mycobacterium tuberculosis folC with mutation conferring resistance to para-aminosalicylic acid	3004157	1	0	0.0	0	0.0
2023_SRR37365438	OXA-119	3001775	1	0	0.0	0	0.0
2023_SRR37365438	OXA-17	3001412	1	0	0.0	0	0.0
2023_SRR37365438	OXA-211	3001710	1	0	0.0	0	0.0
2023_SRR37365438	OXA-347	3001777	1	0	0.0	0	0.0
2023_SRR37365438	OXA-504	3005734	1	1	1.0	1	1.0
2023_SRR37365438	OXA-58	3001611	1	1	1.0	1	1.0
2023_SRR37365438	OXA-644	3005864	1	0	0.0	0	0.0
2023_SRR37365438	OXA-917	3006103	1	0	0.0	0	0.0
2023_SRR37365438	PRC-1	3007085	1	0	0.0	0	0.0
2023_SRR37365438	PmrF	3003578	1	0	0.0	0	0.0
2023_SRR37365438	Pseudomonas aeruginosa soxR	3004107	2	0	0.0	0	0.0
2023_SRR37365438	QnrB10	3002724	1	0	0.0	0	0.0
2023_SRR37365438	QnrS2	3002791	1	1	1.0	0	0.0
2023_SRR37365438	QnrVC1	3002799	1	0	0.0	0	0.0
2023_SRR37365438	QnrVC4	3002801	1	0	0.0	0	0.0
2023_SRR37365438	RCP-1	3003563	1	1	1.0	1	1.0
2023_SRR37365438	RbpA	3000245	1	0	0.0	0	0.0
2023_SRR37365438	SAT-4	3002897	1	0	0.0	0	0.0
2023_SRR37365438	YajC	3005040	1	0	0.0	0	0.0
2023_SRR37365438	aadA	3002601	1	1	1.0	1	1.0
2023_SRR37365438	aadA11	3002611	1	1	1.0	1	1.0
2023_SRR37365438	aadA2	3002602	1	0	0.0	0	0.0
2023_SRR37365438	aadA7	3002607	1	0	0.0	0	0.0
2023_SRR37365438	aadS	3004683	1	0	0.0	0	0.0
2023_SRR37365438	acrB	3000216	1	0	0.0	0	0.0
2023_SRR37365438	acrD	3000491	1	0	0.0	0	0.0
2023_SRR37365438	adeF	3000777	45	3	0.06666666666666667	3	0.06666666666666667
2023_SRR37365438	bacA	3002986	1	0	0.0	0	0.0
2023_SRR37365438	baeR	3000828	2	0	0.0	0	0.0
2023_SRR37365438	catB3	3002676	1	0	0.0	0	0.0
2023_SRR37365438	catQ	3002687	1	0	0.0	0	0.0
2023_SRR37365438	catS	3002688	1	0	0.0	0	0.0
2023_SRR37365438	cmlA5	3002695	1	0	0.0	0	0.0
2023_SRR37365438	dfrA1	3002854	1	0	0.0	0	0.0
2023_SRR37365438	dfrA12	3002858	1	0	0.0	0	0.0
2023_SRR37365438	dfrA14	3002859	1	1	1.0	1	1.0
2023_SRR37365438	dfrA19	3003015	1	0	0.0	0	0.0
2023_SRR37365438	dfrA3	3003105	1	0	0.0	0	0.0
2023_SRR37365438	dfrF	3002867	1	0	0.0	0	0.0
2023_SRR37365438	emrA	3000027	1	1	1.0	1	1.0
2023_SRR37365438	emrB	3000074	2	1	0.5	1	0.5
2023_SRR37365438	emrK	3000206	1	0	0.0	0	0.0
2023_SRR37365438	emrR	3000516	2	1	0.5	1	0.5
2023_SRR37365438	eptA	3003576	1	1	1.0	1	1.0
2023_SRR37365438	evgA	3000832	1	0	0.0	0	0.0
2023_SRR37365438	imiH	3003094	1	0	0.0	0	0.0
2023_SRR37365438	iri	3002884	1	1	1.0	1	1.0
2023_SRR37365438	kdpE	3003841	1	1	1.0	1	1.0
2023_SRR37365438	leuO	3003843	1	0	0.0	0	0.0
2023_SRR37365438	lnuB	3002836	1	1	1.0	1	1.0
2023_SRR37365438	lnuC	3002837	1	0	0.0	0	0.0
2023_SRR37365438	lsaE	3003206	1	1	1.0	1	1.0
2023_SRR37365438	marA	3000263	2	1	0.5	1	0.5
2023_SRR37365438	mdtE	3000795	1	0	0.0	0	0.0
2023_SRR37365438	mdtF	3000796	1	0	0.0	0	0.0
2023_SRR37365438	mdtG	3001329	1	0	0.0	0	0.0
2023_SRR37365438	mdtH	3001216	1	1	1.0	1	1.0
2023_SRR37365438	mdtM	3001214	1	0	0.0	0	0.0
2023_SRR37365438	mdtN	3003548	1	1	1.0	1	1.0
2023_SRR37365438	mdtO	3003549	1	1	1.0	1	1.0
2023_SRR37365438	mdtP	3003550	1	1	1.0	1	1.0
2023_SRR37365438	mefJ	3007049	1	0	0.0	0	0.0
2023_SRR37365438	mphA	3000316	1	1	1.0	1	1.0
2023_SRR37365438	mphE	3003741	1	0	0.0	0	0.0
2023_SRR37365438	mphF	3003071	1	1	1.0	1	1.0
2023_SRR37365438	mphG	3003742	1	0	0.0	0	0.0
2023_SRR37365438	msbA	3003950	1	0	0.0	0	0.0
2023_SRR37365438	msrE	3003109	1	0	0.0	0	0.0
2023_SRR37365438	patB	3000025	1	0	0.0	0	0.0
2023_SRR37365438	qacEdelta1	3005010	1	1	1.0	1	1.0
2023_SRR37365438	qacG	3007015	34	8	0.23529411764705882	8	0.23529411764705882
2023_SRR37365438	qacJ	3007014	20	6	0.3	6	0.3
2023_SRR37365438	rsmA	3005069	6	0	0.0	0	0.0
2023_SRR37365438	sul1	3000410	1	1	1.0	1	1.0
2023_SRR37365438	sul2	3000412	1	1	1.0	1	1.0
2023_SRR37365438	tet(32)	3000196	2	0	0.0	0	0.0
2023_SRR37365438	tet(39)	3000566	1	0	0.0	0	0.0
2023_SRR37365438	tet(40)	3000567	1	0	0.0	0	0.0
2023_SRR37365438	tet(44)	3000556	1	0	0.0	0	0.0
2023_SRR37365438	tet(C)	3000167	1	0	0.0	0	0.0
2023_SRR37365438	tet(M)	3000186	1	0	0.0	0	0.0
2023_SRR37365438	tet(O)	3000190	2	0	0.0	0	0.0
2023_SRR37365438	tet(Q)	3000191	5	1	0.2	1	0.2
2023_SRR37365438	tet(W)	3000194	1	0	0.0	0	0.0
2023_SRR37365438	tet(W/N/W)	3004442	3	0	0.0	0	0.0
2023_SRR37365438	tet(X)	3000205	1	0	0.0	0	0.0
2023_SRR37365438	tet(X1)	3005166	1	0	0.0	0	0.0
2023_SRR37365438	tetB(P)	3000195	2	1	0.5	1	0.5
2023_SRR37365438	ugd	3003577	1	0	0.0	0	0.0
2023_SRR37365438	vanG	3002909	9	0	0.0	0	0.0
2023_SRR37365438	vanH gene in vanA cluster	3002942	1	0	0.0	0	0.0
2023_SRR37365438	vanH gene in vanB cluster	3002943	2	1	0.5	0	0.0
2023_SRR37365438	vanH gene in vanM cluster	3002947	1	0	0.0	0	0.0
2023_SRR37365438	vanH gene in vanO cluster	3002948	3	0	0.0	0	0.0
2023_SRR37365438	vanT gene in vanG cluster	3002972	40	0	0.0	0	0.0
2023_SRR37365438	vanU gene in vanG cluster	3004253	1	0	0.0	0	0.0
2023_SRR37365438	vanW gene in vanB cluster	3002964	2	0	0.0	0	0.0
2023_SRR37365438	vanW gene in vanG cluster	3002965	10	0	0.0	0	0.0
2023_SRR37365438	vanW gene in vanI cluster	3003724	27	0	0.0	0	0.0
2023_SRR37365438	vanXY gene in vanG cluster	3003069	1	0	0.0	0	0.0
2023_SRR37365438	vanY gene in vanA cluster	3002955	3	0	0.0	0	0.0
2023_SRR37365438	vanY gene in vanB cluster	3002956	26	3	0.11538461538461539	2	0.07692307692307693
2023_SRR37365438	vanY gene in vanF cluster	3002958	6	0	0.0	0	0.0
2023_SRR37365438	vanY gene in vanG cluster	3002959	3	0	0.0	0	0.0
2023_SRR37365438	vanY gene in vanM cluster	3002961	3	0	0.0	0	0.0
2024_ERR17001293	AAC(6')-Ib9	3002580	1	0	0.0	0	0.0
2024_ERR17001293	ANT(3'')-IIa	3004089	1	0	0.0	0	0.0
2024_ERR17001293	ANT(3'')-IIc	3004091	1	0	0.0	0	0.0
2024_ERR17001293	APH(3'')-Ib	3002639	1	1	1.0	1	1.0
2024_ERR17001293	APH(3')-IIIa	3002647	1	0	0.0	0	0.0
2024_ERR17001293	APH(6)-Id	3002660	1	1	1.0	1	1.0
2024_ERR17001293	Acinetobacter baumannii AbaQ	3004574	2	0	0.0	0	0.0
2024_ERR17001293	AcrE	3000499	1	0	0.0	0	0.0
2024_ERR17001293	AcrS	3000656	1	0	0.0	0	0.0
2024_ERR17001293	ArnT	3005053	8	0	0.0	0	0.0
2024_ERR17001293	CRP	3000518	1	0	0.0	0	0.0
2024_ERR17001293	Campylobacter coli chloramphenicol acetyltransferase	3004454	1	1	1.0	1	1.0
2024_ERR17001293	CblA-1	3002999	1	0	0.0	0	0.0
2024_ERR17001293	CfxA2	3003002	1	1	1.0	1	1.0
2024_ERR17001293	CfxA6	3003097	1	0	0.0	0	0.0
2024_ERR17001293	EC-5	3006880	1	0	0.0	0	0.0
2024_ERR17001293	EreD	3004608	1	0	0.0	0	0.0
2024_ERR17001293	ErmB	3000375	1	1	1.0	1	1.0
2024_ERR17001293	ErmG	3000522	1	0	0.0	0	0.0
2024_ERR17001293	ErmX	3000596	1	1	1.0	1	1.0
2024_ERR17001293	Escherichia coli AcrAB-TolC with AcrR mutation conferring resistance to ciprofloxacin, tetracycline, and ceftazidime	3003807	1	0	0.0	0	0.0
2024_ERR17001293	Escherichia coli AcrAB-TolC with MarR mutations conferring resistance to ciprofloxacin and tetracycline	3003378	1	0	0.0	0	0.0
2024_ERR17001293	Escherichia coli EF-Tu mutants conferring resistance to Pulvomycin	3003369	2	0	0.0	0	0.0
2024_ERR17001293	Escherichia coli acrA	3004043	1	0	0.0	0	0.0
2024_ERR17001293	Escherichia coli emrE	3004039	1	0	0.0	0	0.0
2024_ERR17001293	Escherichia coli mdfA	3001328	1	1	1.0	1	1.0
2024_ERR17001293	Escherichia coli soxR with mutation conferring antibiotic resistance	3003381	1	0	0.0	0	0.0
2024_ERR17001293	Escherichia coli soxS with mutation conferring antibiotic resistance	3003511	1	0	0.0	0	0.0
2024_ERR17001293	FosA8	3007371	5	0	0.0	0	0.0
2024_ERR17001293	GES-5	3002334	1	0	0.0	0	0.0
2024_ERR17001293	H-NS	3000676	1	0	0.0	0	0.0
2024_ERR17001293	Haemophilus influenzae PBP3 conferring resistance to beta-lactam antibiotics	3004446	1	0	0.0	0	0.0
2024_ERR17001293	ICR-Mo	3004569	1	0	0.0	0	0.0
2024_ERR17001293	Klebsiella pneumoniae KpnE	3004580	1	0	0.0	0	0.0
2024_ERR17001293	MOX-9	3002191	1	0	0.0	0	0.0
2024_ERR17001293	Mef(En2)	3004659	1	1	1.0	1	1.0
2024_ERR17001293	Mrx	3003839	1	1	1.0	1	1.0
2024_ERR17001293	OXA-10	3001405	1	0	0.0	0	0.0
2024_ERR17001293	OXA-129	3001811	1	0	0.0	0	0.0
2024_ERR17001293	OXA-211	3001710	1	0	0.0	0	0.0
2024_ERR17001293	OXA-296	3001751	1	1	1.0	1	1.0
2024_ERR17001293	OXA-58	3001611	1	0	0.0	0	0.0
2024_ERR17001293	OXA-644	3005864	1	1	1.0	1	1.0
2024_ERR17001293	OXA-917	3006103	1	0	0.0	0	0.0
2024_ERR17001293	PmrF	3003578	1	0	0.0	0	0.0
2024_ERR17001293	Pseudomonas aeruginosa soxR	3004107	4	0	0.0	0	0.0
2024_ERR17001293	QnrS2	3002791	1	0	0.0	0	0.0
2024_ERR17001293	SAT-4	3002897	1	0	0.0	0	0.0
2024_ERR17001293	TolC	3000237	1	0	0.0	0	0.0
2024_ERR17001293	YojI	3003952	1	0	0.0	0	0.0
2024_ERR17001293	aadA27	3004682	1	1	1.0	1	1.0
2024_ERR17001293	aadA5	3002605	1	0	0.0	0	0.0
2024_ERR17001293	aadA6	3002606	1	1	1.0	1	1.0
2024_ERR17001293	aadS	3004683	1	0	0.0	0	0.0
2024_ERR17001293	acrD	3000491	1	0	0.0	0	0.0
2024_ERR17001293	adeF	3000777	27	2	0.07407407407407407	1	0.037037037037037035
2024_ERR17001293	bacA	3002986	1	0	0.0	0	0.0
2024_ERR17001293	baeR	3000828	1	0	0.0	0	0.0
2024_ERR17001293	catS	3002688	1	1	1.0	1	1.0
2024_ERR17001293	cfrC	3004146	1	0	0.0	0	0.0
2024_ERR17001293	cfrE	3005023	1	1	1.0	1	1.0
2024_ERR17001293	cpxA	3000830	1	0	0.0	0	0.0
2024_ERR17001293	dfrF	3002867	1	0	0.0	0	0.0
2024_ERR17001293	emrA	3000027	1	1	1.0	1	1.0
2024_ERR17001293	emrB	3000074	1	1	1.0	1	1.0
2024_ERR17001293	emrK	3000206	1	0	0.0	0	0.0
2024_ERR17001293	emrY	3000254	1	0	0.0	0	0.0
2024_ERR17001293	eptA	3003576	1	0	0.0	0	0.0
2024_ERR17001293	evgA	3000832	1	0	0.0	0	0.0
2024_ERR17001293	gadX	3000508	2	0	0.0	0	0.0
2024_ERR17001293	leuO	3003843	1	0	0.0	0	0.0
2024_ERR17001293	lnuC	3002837	1	0	0.0	0	0.0
2024_ERR17001293	marA	3000263	1	0	0.0	0	0.0
2024_ERR17001293	mdtA	3000792	1	0	0.0	0	0.0
2024_ERR17001293	mdtE	3000795	1	0	0.0	0	0.0
2024_ERR17001293	mdtF	3000796	1	0	0.0	0	0.0
2024_ERR17001293	mdtG	3001329	1	0	0.0	0	0.0
2024_ERR17001293	mdtN	3003548	1	1	1.0	1	1.0
2024_ERR17001293	mdtP	3003550	1	0	0.0	0	0.0
2024_ERR17001293	mefJ	3007049	1	0	0.0	0	0.0
2024_ERR17001293	mphA	3000316	1	1	1.0	1	1.0
2024_ERR17001293	mphE	3003741	1	1	1.0	1	1.0
2024_ERR17001293	mphG	3003742	1	1	1.0	1	1.0
2024_ERR17001293	msrE	3003109	1	1	1.0	1	1.0
2024_ERR17001293	nimD	3007106	1	0	0.0	0	0.0
2024_ERR17001293	nimJ	3007112	1	0	0.0	0	0.0
2024_ERR17001293	qacEdelta1	3005010	1	1	1.0	1	1.0
2024_ERR17001293	qacG	3007015	9	3	0.3333333333333333	3	0.3333333333333333
2024_ERR17001293	qacJ	3007014	10	2	0.2	2	0.2
2024_ERR17001293	rsmA	3005069	3	1	0.3333333333333333	1	0.3333333333333333
2024_ERR17001293	sul1	3000410	1	1	1.0	1	1.0
2024_ERR17001293	sul2	3000412	1	1	1.0	1	1.0
2024_ERR17001293	tet(32)	3000196	2	0	0.0	0	0.0
2024_ERR17001293	tet(36)	3000197	2	0	0.0	0	0.0
2024_ERR17001293	tet(39)	3000566	1	1	1.0	1	1.0
2024_ERR17001293	tet(40)	3000567	1	1	1.0	1	1.0
2024_ERR17001293	tet(M)	3000186	1	0	0.0	0	0.0
2024_ERR17001293	tet(O)	3000190	1	0	0.0	0	0.0
2024_ERR17001293	tet(Q)	3000191	7	1	0.14285714285714285	1	0.14285714285714285
2024_ERR17001293	tet(W)	3000194	2	0	0.0	0	0.0
2024_ERR17001293	tet(W/N/W)	3004442	1	0	0.0	0	0.0
2024_ERR17001293	tet(X)	3000205	1	1	1.0	1	1.0
2024_ERR17001293	vanG	3002909	13	0	0.0	0	0.0
2024_ERR17001293	vanH gene in vanB cluster	3002943	3	0	0.0	0	0.0
2024_ERR17001293	vanH gene in vanM cluster	3002947	2	0	0.0	0	0.0
2024_ERR17001293	vanH gene in vanO cluster	3002948	4	0	0.0	0	0.0
2024_ERR17001293	vanT gene in vanE cluster	3002971	1	0	0.0	0	0.0
2024_ERR17001293	vanT gene in vanG cluster	3002972	50	0	0.0	0	0.0
2024_ERR17001293	vanU gene in vanG cluster	3004253	1	0	0.0	0	0.0
2024_ERR17001293	vanW gene in vanB cluster	3002964	3	0	0.0	0	0.0
2024_ERR17001293	vanW gene in vanG cluster	3002965	5	0	0.0	0	0.0
2024_ERR17001293	vanW gene in vanI cluster	3003724	28	0	0.0	0	0.0
2024_ERR17001293	vanXY gene in vanG cluster	3003069	1	0	0.0	0	0.0
2024_ERR17001293	vanY gene in vanA cluster	3002955	2	0	0.0	0	0.0
2024_ERR17001293	vanY gene in vanB cluster	3002956	27	0	0.0	0	0.0
2024_ERR17001293	vanY gene in vanF cluster	3002958	6	0	0.0	0	0.0
2024_ERR17001293	vanY gene in vanG cluster	3002959	6	0	0.0	0	0.0
2024_ERR17001293	vanY gene in vanM cluster	3002961	5	0	0.0	0	0.0
2025_ERR17359858	ANT(3'')-IIc	3004091	1	0	0.0	0	0.0
2025_ERR17359858	CfxA3	3003003	1	1	1.0	1	1.0
2025_ERR17359858	ErmF	3000498	1	1	1.0	1	1.0
2025_ERR17359858	OXA-333	3001521	1	0	0.0	0	0.0
2025_ERR17359858	aadA11	3002611	1	0	0.0	0	0.0
2025_ERR17359858	mphE	3003741	1	0	0.0	0	0.0
2025_ERR17359858	msrE	3003109	1	0	0.0	0	0.0
2025_ERR17359858	qacG	3007015	1	0	0.0	0	0.0
2025_ERR17359858	qacJ	3007014	1	0	0.0	0	0.0
2025_ERR17359858	qacL	3005098	1	0	0.0	0	0.0
2025_ERR17359858	tet(Q)	3000191	2	0	0.0	0	0.0
2025_ERR17359858	tet(X)	3000205	1	1	1.0	1	1.0
2025_ERR17359858	vanW gene in vanG cluster	3002965	1	0	0.0	0	0.0
2025_ERR17359858	vanY gene in vanM cluster	3002961	1	0	0.0	0	0.0
ERR1713331	AAC(3)-IIc	3002535	1	1	1.0	1	1.0
ERR1713331	AAC(6')-IIc	3002596	1	1	1.0	1	1.0
ERR1713331	ACI-1	3004359	1	1	1.0	0	0.0
ERR1713331	ANT(2'')-Ia	3000230	1	1	1.0	1	1.0
ERR1713331	ANT(3'')-IIc	3004091	2	2	1.0	2	1.0
ERR1713331	APH(3')-IXa	3004087	2	2	1.0	1	0.5
ERR1713331	APH(6)-Id	3002660	1	1	1.0	1	1.0
ERR1713331	Acinetobacter baumannii AbaF	3004573	1	1	1.0	0	0.0
ERR1713331	AcrE	3000499	1	1	1.0	1	1.0
ERR1713331	AcrS	3000656	1	1	1.0	1	1.0
ERR1713331	ArnT	3005053	3	3	1.0	1	0.3333333333333333
ERR1713331	Bifidobacterium adolescentis rpoB mutants conferring resistance to rifampicin	3004480	1	1	1.0	0	0.0
ERR1713331	CARB-16	3002255	1	1	1.0	1	1.0
ERR1713331	CPS-1	3003716	1	1	1.0	0	0.0
ERR1713331	CRP	3000518	2	2	1.0	1	0.5
ERR1713331	CfxA2	3003002	1	1	1.0	1	1.0
ERR1713331	CfxA6	3003097	1	1	1.0	1	1.0
ERR1713331	EreA2	3002826	1	1	1.0	1	1.0
ERR1713331	EreD	3004608	1	1	1.0	0	0.0
ERR1713331	ErmB	3000375	1	1	1.0	1	1.0
ERR1713331	ErmF	3000498	1	1	1.0	1	1.0
ERR1713331	Escherichia coli AcrAB-TolC with AcrR mutation conferring resistance to ciprofloxacin, tetracycline, and ceftazidime	3003807	1	1	1.0	1	1.0
ERR1713331	Escherichia coli AcrAB-TolC with MarR mutations conferring resistance to ciprofloxacin and tetracycline	3003378	2	2	1.0	0	0.0
ERR1713331	Escherichia coli EF-Tu mutants conferring resistance to Pulvomycin	3003369	2	2	1.0	0	0.0
ERR1713331	Escherichia coli acrA	3004043	1	1	1.0	1	1.0
ERR1713331	Escherichia coli ampC beta-lactamase	3004290	1	1	1.0	1	1.0
ERR1713331	Escherichia coli soxR with mutation conferring antibiotic resistance	3003381	1	1	1.0	1	1.0
ERR1713331	Escherichia coli soxS with mutation conferring antibiotic resistance	3003511	1	1	1.0	1	1.0
ERR1713331	FosA8	3007371	1	1	1.0	1	1.0
ERR1713331	GES-5	3002334	1	1	1.0	1	1.0
ERR1713331	Haemophilus influenzae PBP3 conferring resistance to beta-lactam antibiotics	3004446	1	1	1.0	1	1.0
ERR1713331	Klebsiella pneumoniae KpnE	3004580	1	1	1.0	1	1.0
ERR1713331	Klebsiella pneumoniae KpnF	3004583	2	2	1.0	1	0.5
ERR1713331	Klebsiella pneumoniae KpnH	3004597	1	1	1.0	0	0.0
ERR1713331	Mrx	3003839	1	1	1.0	1	1.0
ERR1713331	OXA-1	3001396	1	1	1.0	1	1.0
ERR1713331	OXA-10	3001405	1	1	1.0	1	1.0
ERR1713331	OXA-119	3001775	1	1	1.0	1	1.0
ERR1713331	OXA-2	3001397	1	1	1.0	1	1.0
ERR1713331	OXA-20	3001415	1	1	1.0	1	1.0
ERR1713331	OXA-309	3001504	1	1	1.0	1	1.0
ERR1713331	OXA-333	3001521	1	1	1.0	1	1.0
ERR1713331	OXA-644	3005864	1	1	1.0	1	1.0
ERR1713331	PER-1	3002363	1	1	1.0	1	1.0
ERR1713331	PmrF	3003578	1	1	1.0	1	1.0
ERR1713331	Pseudomonas aeruginosa soxR	3004107	2	2	1.0	1	0.5
ERR1713331	QnrVC4	3002801	1	1	1.0	0	0.0
ERR1713331	VEB-1	3002370	1	1	1.0	0	0.0
ERR1713331	aadA27	3004682	1	1	1.0	1	1.0
ERR1713331	aadA5	3002605	1	1	1.0	1	1.0
ERR1713331	aadA7	3002607	1	1	1.0	0	0.0
ERR1713331	aadS	3004683	1	1	1.0	0	0.0
ERR1713331	adeF	3000777	11	11	1.0	6	0.5454545454545454
ERR1713331	arr-3	3002848	1	1	1.0	1	1.0
ERR1713331	catB3	3002676	1	1	1.0	1	1.0
ERR1713331	catQ	3002687	1	1	1.0	1	1.0
ERR1713331	catS	3002688	1	1	1.0	1	1.0
ERR1713331	cfrC	3004146	1	1	1.0	0	0.0
ERR1713331	cmlA5	3002695	1	1	1.0	0	0.0
ERR1713331	dfrA14	3002859	1	1	1.0	1	1.0
ERR1713331	emrK	3000206	1	1	1.0	0	0.0
ERR1713331	emrR	3000516	2	2	1.0	1	0.5
ERR1713331	emrY	3000254	1	1	1.0	0	0.0
ERR1713331	eptA	3003576	1	1	1.0	1	1.0
ERR1713331	evgA	3000832	1	1	1.0	0	0.0
ERR1713331	gadX	3000508	1	1	1.0	1	1.0
ERR1713331	leuO	3003843	1	1	1.0	1	1.0
ERR1713331	lnuB	3002836	1	1	1.0	1	1.0
ERR1713331	lsaE	3003206	1	1	1.0	1	1.0
ERR1713331	mdtA	3000792	1	1	1.0	0	0.0
ERR1713331	mdtE	3000795	1	1	1.0	1	1.0
ERR1713331	mdtM	3001214	1	1	1.0	1	1.0
ERR1713331	mdtN	3003548	1	1	1.0	1	1.0
ERR1713331	mdtP	3003550	1	1	1.0	1	1.0
ERR1713331	mefF	3007044	1	1	1.0	1	1.0
ERR1713331	mefJ	3007049	1	1	1.0	0	0.0
ERR1713331	mphA	3000316	1	1	1.0	1	1.0
ERR1713331	mphE	3003741	1	1	1.0	1	1.0
ERR1713331	msr(G)	3007042	1	1	1.0	1	1.0
ERR1713331	msrE	3003109	1	1	1.0	1	1.0
ERR1713331	nimJ	3007112	1	1	1.0	1	1.0
ERR1713331	qacG	3007015	20	20	1.0	11	0.55
ERR1713331	qacJ	3007014	18	18	1.0	5	0.2777777777777778
ERR1713331	qacL	3005098	1	1	1.0	1	1.0
ERR1713331	rsmA	3005069	1	1	1.0	0	0.0
ERR1713331	tet(32)	3000196	1	1	1.0	1	1.0
ERR1713331	tet(39)	3000566	1	1	1.0	1	1.0
ERR1713331	tet(40)	3000567	1	1	1.0	0	0.0
ERR1713331	tet(44)	3000556	1	1	1.0	1	1.0
ERR1713331	tet(O)	3000190	2	2	1.0	2	1.0
ERR1713331	tet(Q)	3000191	1	1	1.0	0	0.0
ERR1713331	tet(S)	3000192	1	1	1.0	1	1.0
ERR1713331	tet(W/N/W)	3004442	1	1	1.0	1	1.0
ERR1713331	tet(X)	3000205	1	1	1.0	1	1.0
ERR1713331	tetB(P)	3000195	1	1	1.0	0	0.0
ERR1713331	vanG	3002909	9	9	1.0	4	0.4444444444444444
ERR1713331	vanH gene in vanM cluster	3002947	1	1	1.0	0	0.0
ERR1713331	vanH gene in vanO cluster	3002948	1	1	1.0	0	0.0
ERR1713331	vanT gene in vanG cluster	3002972	23	23	1.0	2	0.08695652173913043
ERR1713331	vanU gene in vanG cluster	3004253	1	1	1.0	1	1.0
ERR1713331	vanW gene in vanG cluster	3002965	9	9	1.0	4	0.4444444444444444
ERR1713331	vanW gene in vanI cluster	3003724	11	11	1.0	1	0.09090909090909091
ERR1713331	vanXY gene in vanG cluster	3003069	1	1	1.0	0	0.0
ERR1713331	vanY gene in vanA cluster	3002955	1	1	1.0	0	0.0
ERR1713331	vanY gene in vanB cluster	3002956	5	5	1.0	2	0.4
ERR1713331	vanY gene in vanF cluster	3002958	1	1	1.0	0	0.0
ERR1713331	vanY gene in vanG cluster	3002959	2	2	1.0	0	0.0
ERR1713331	vanY gene in vanM cluster	3002961	6	6	1.0	0	0.0
ERR1713332	ANT(3'')-IIc	3004091	1	1	1.0	0	0.0
ERR1713332	CARB-50	3005584	1	1	1.0	1	1.0
ERR1713332	EBR-1	3000842	1	1	1.0	0	0.0
ERR1713332	EreA2	3002826	1	1	1.0	1	1.0
ERR1713332	EreD	3004608	2	2	1.0	2	1.0
ERR1713332	ErmF	3000498	1	1	1.0	1	1.0
ERR1713332	Escherichia coli EF-Tu mutants conferring resistance to Pulvomycin	3003369	1	1	1.0	0	0.0
ERR1713332	FosI	3007370	3	3	1.0	0	0.0
ERR1713332	GES-5	3002334	1	1	1.0	0	0.0
ERR1713332	GPC-1	3005096	1	1	1.0	0	0.0
ERR1713332	ICR-Mo	3004569	1	1	1.0	0	0.0
ERR1713332	LnuH	3004600	2	2	1.0	2	1.0
ERR1713332	OXA-10	3001405	1	1	1.0	0	0.0
ERR1713332	OXA-2	3001397	1	1	1.0	0	0.0
ERR1713332	OXA-205	3001483	1	1	1.0	1	1.0
ERR1713332	OXA-275	3001731	1	1	1.0	1	1.0
ERR1713332	OXA-333	3001521	1	1	1.0	1	1.0
ERR1713332	OXA-732	3005937	1	1	1.0	1	1.0
ERR1713332	aadA2	3002602	1	1	1.0	1	1.0
ERR1713332	aadA27	3004682	1	1	1.0	1	1.0
ERR1713332	aadA5	3002605	1	1	1.0	1	1.0
ERR1713332	aadA6	3002606	1	1	1.0	1	1.0
ERR1713332	aadS	3004683	1	1	1.0	1	1.0
ERR1713332	mphE	3003741	1	1	1.0	1	1.0
ERR1713332	mphG	3003742	2	2	1.0	2	1.0
ERR1713332	msrE	3003109	1	1	1.0	1	1.0
ERR1713332	patB	3000025	1	1	1.0	0	0.0
ERR1713332	qacE	3005009	1	1	1.0	1	1.0
ERR1713332	qacG	3007015	8	8	1.0	3	0.375
ERR1713332	qacJ	3007014	12	12	1.0	6	0.5
ERR1713332	qacL	3005098	2	2	1.0	1	0.5
ERR1713332	tet(44)	3000556	1	1	1.0	0	0.0
ERR1713332	tet(W)	3000194	1	1	1.0	1	1.0
ERR1713332	tet(X)	3000205	1	1	1.0	0	0.0
ERR1713332	vanG	3002909	1	1	1.0	0	0.0
ERR1713332	vanH gene in vanA cluster	3002942	1	1	1.0	0	0.0
ERR1713332	vanT gene in vanG cluster	3002972	9	9	1.0	0	0.0
ERR1713332	vanW gene in vanG cluster	3002965	10	10	1.0	3	0.3
ERR1713332	vanW gene in vanI cluster	3003724	1	1	1.0	0	0.0
ERR1713332	vanY gene in vanB cluster	3002956	2	2	1.0	1	0.5
ERR1713332	vanY gene in vanM cluster	3002961	1	1	1.0	0	0.0
ERR1713334	AAC(6')-Ib9	3002580	1	1	1.0	1	1.0
ERR1713334	ANT(3'')-IIc	3004091	2	2	1.0	2	1.0
ERR1713334	AcrE	3000499	1	1	1.0	1	1.0
ERR1713334	AcrS	3000656	1	1	1.0	1	1.0
ERR1713334	ArnT	3005053	1	1	1.0	1	1.0
ERR1713334	Campylobacter coli chloramphenicol acetyltransferase	3004454	1	1	1.0	1	1.0
ERR1713334	CfxA2	3003002	1	1	1.0	1	1.0
ERR1713334	CfxA6	3003097	1	1	1.0	1	1.0
ERR1713334	EBR-4	3005462	1	1	1.0	0	0.0
ERR1713334	ESP-1	3003717	1	1	1.0	0	0.0
ERR1713334	EreD	3004608	1	1	1.0	0	0.0
ERR1713334	Erm(52)	3007041	1	1	1.0	1	1.0
ERR1713334	ErmB	3000375	1	1	1.0	1	1.0
ERR1713334	ErmG	3000522	1	1	1.0	1	1.0
ERR1713334	Escherichia coli AcrAB-TolC with AcrR mutation conferring resistance to ciprofloxacin, tetracycline, and ceftazidime	3003807	1	1	1.0	0	0.0
ERR1713334	Escherichia coli AcrAB-TolC with MarR mutations conferring resistance to ciprofloxacin and tetracycline	3003378	1	1	1.0	1	1.0
ERR1713334	Escherichia coli EF-Tu mutants conferring resistance to Pulvomycin	3003369	1	1	1.0	0	0.0
ERR1713334	Escherichia coli emrE	3004039	1	1	1.0	1	1.0
ERR1713334	Escherichia coli mdfA	3001328	1	1	1.0	1	1.0
ERR1713334	Escherichia coli soxR with mutation conferring antibiotic resistance	3003381	1	1	1.0	0	0.0
ERR1713334	Escherichia coli soxS with mutation conferring antibiotic resistance	3003511	1	1	1.0	0	0.0
ERR1713334	FosI	3007370	1	1	1.0	1	1.0
ERR1713334	GES-5	3002334	1	1	1.0	1	1.0
ERR1713334	H-NS	3000676	1	1	1.0	0	0.0
ERR1713334	Haemophilus influenzae PBP3 conferring resistance to beta-lactam antibiotics	3004446	1	1	1.0	0	0.0
ERR1713334	Klebsiella pneumoniae KpnE	3004580	1	1	1.0	1	1.0
ERR1713334	Klebsiella pneumoniae KpnF	3004583	1	1	1.0	1	1.0
ERR1713334	Mef(En2)	3004659	1	1	1.0	1	1.0
ERR1713334	OXA-10	3001405	1	1	1.0	1	1.0
ERR1713334	OXA-333	3001521	1	1	1.0	1	1.0
ERR1713334	OXA-58	3001611	1	1	1.0	1	1.0
ERR1713334	PmrF	3003578	1	1	1.0	0	0.0
ERR1713334	QnrS2	3002791	1	1	1.0	1	1.0
ERR1713334	aadA6	3002606	1	1	1.0	1	1.0
ERR1713334	aadS	3004683	1	1	1.0	0	0.0
ERR1713334	adeF	3000777	6	6	1.0	2	0.3333333333333333
ERR1713334	bacA	3002986	1	1	1.0	0	0.0
ERR1713334	baeR	3000828	1	1	1.0	1	1.0
ERR1713334	cfrC	3004146	1	1	1.0	1	1.0
ERR1713334	cpxA	3000830	1	1	1.0	1	1.0
ERR1713334	emrK	3000206	1	1	1.0	1	1.0
ERR1713334	emrY	3000254	1	1	1.0	1	1.0
ERR1713334	leuO	3003843	1	1	1.0	1	1.0
ERR1713334	lnuC	3002837	1	1	1.0	1	1.0
ERR1713334	lsaE	3003206	1	1	1.0	1	1.0
ERR1713334	marA	3000263	1	1	1.0	1	1.0
ERR1713334	mdtA	3000792	1	1	1.0	1	1.0
ERR1713334	mdtE	3000795	1	1	1.0	1	1.0
ERR1713334	mdtH	3001216	1	1	1.0	1	1.0
ERR1713334	mdtP	3003550	1	1	1.0	1	1.0
ERR1713334	mefJ	3007049	1	1	1.0	1	1.0
ERR1713334	mphE	3003741	1	1	1.0	1	1.0
ERR1713334	mphG	3003742	3	3	1.0	2	0.6666666666666666
ERR1713334	msrE	3003109	1	1	1.0	1	1.0
ERR1713334	nimJ	3007112	1	1	1.0	0	0.0
ERR1713334	patB	3000025	1	1	1.0	1	1.0
ERR1713334	qacE	3005009	1	1	1.0	1	1.0
ERR1713334	qacG	3007015	8	8	1.0	2	0.25
ERR1713334	qacJ	3007014	11	11	1.0	6	0.5454545454545454
ERR1713334	qacL	3005098	2	2	1.0	2	1.0
ERR1713334	tet(32)	3000196	2	2	1.0	2	1.0
ERR1713334	tet(39)	3000566	1	1	1.0	1	1.0
ERR1713334	tet(40)	3000567	1	1	1.0	1	1.0
ERR1713334	tet(44)	3000556	1	1	1.0	1	1.0
ERR1713334	tet(O)	3000190	1	1	1.0	1	1.0
ERR1713334	tet(Q)	3000191	2	2	1.0	2	1.0
ERR1713334	tet(W)	3000194	1	1	1.0	1	1.0
ERR1713334	tet(W/N/W)	3004442	1	1	1.0	0	0.0
ERR1713334	tet(X)	3000205	1	1	1.0	0	0.0
ERR1713334	vanG	3002909	4	4	1.0	1	0.25
ERR1713334	vanH gene in vanM cluster	3002947	1	1	1.0	0	0.0
ERR1713334	vanH gene in vanO cluster	3002948	3	3	1.0	1	0.3333333333333333
ERR1713334	vanT gene in vanG cluster	3002972	26	26	1.0	4	0.15384615384615385
ERR1713334	vanW gene in vanG cluster	3002965	6	6	1.0	5	0.8333333333333334
ERR1713334	vanW gene in vanI cluster	3003724	10	10	1.0	1	0.1
ERR1713334	vanXY gene in vanG cluster	3003069	2	2	1.0	1	0.5
ERR1713334	vanY gene in vanA cluster	3002955	1	1	1.0	0	0.0
ERR1713334	vanY gene in vanB cluster	3002956	20	20	1.0	10	0.5
ERR1713334	vanY gene in vanF cluster	3002958	2	2	1.0	2	1.0
ERR1713334	vanY gene in vanG cluster	3002959	2	2	1.0	0	0.0
ERR1713334	vanY gene in vanM cluster	3002961	5	5	1.0	1	0.2
ERR1713335	AAC(3)-IIc	3002535	1	1	1.0	1	1.0
ERR1713335	AAC(6')-Ib9	3002580	1	1	1.0	1	1.0
ERR1713335	ANT(2'')-Ia	3000230	1	1	1.0	1	1.0
ERR1713335	BEL-1	3002385	1	1	1.0	1	1.0
ERR1713335	CfxA2	3003002	1	1	1.0	1	1.0
ERR1713335	EC-13	3006874	1	1	1.0	1	1.0
ERR1713335	EreA2	3002826	1	1	1.0	1	1.0
ERR1713335	EreD	3004608	2	2	1.0	1	0.5
ERR1713335	ErmF	3000498	1	1	1.0	1	1.0
ERR1713335	Escherichia coli AcrAB-TolC with AcrR mutation conferring resistance to ciprofloxacin, tetracycline, and ceftazidime	3003807	1	1	1.0	1	1.0
ERR1713335	Escherichia coli AcrAB-TolC with MarR mutations conferring resistance to ciprofloxacin and tetracycline	3003378	1	1	1.0	0	0.0
ERR1713335	Escherichia coli EF-Tu mutants conferring resistance to Pulvomycin	3003369	3	3	1.0	0	0.0
ERR1713335	Escherichia coli acrA	3004043	1	1	1.0	1	1.0
ERR1713335	Escherichia coli soxR with mutation conferring antibiotic resistance	3003381	1	1	1.0	1	1.0
ERR1713335	Escherichia coli soxS with mutation conferring antibiotic resistance	3003511	1	1	1.0	1	1.0
ERR1713335	FosI	3007370	3	3	1.0	1	0.3333333333333333
ERR1713335	GES-5	3002334	1	1	1.0	1	1.0
ERR1713335	ICR-Mo	3004569	1	1	1.0	0	0.0
ERR1713335	LnuH	3004600	3	3	1.0	3	1.0
ERR1713335	Mrx	3003839	1	1	1.0	1	1.0
ERR1713335	OXA-1	3001396	1	1	1.0	0	0.0
ERR1713335	OXA-10	3001405	1	1	1.0	1	1.0
ERR1713335	OXA-119	3001775	1	1	1.0	1	1.0
ERR1713335	OXA-129	3001811	1	1	1.0	1	1.0
ERR1713335	OXA-20	3001415	1	1	1.0	1	1.0
ERR1713335	OXA-296	3001751	1	1	1.0	1	1.0
ERR1713335	OXA-333	3001521	1	1	1.0	1	1.0
ERR1713335	OXA-347	3001777	1	1	1.0	1	1.0
ERR1713335	OXA-58	3001611	1	1	1.0	0	0.0
ERR1713335	OXA-650	3005866	1	1	1.0	1	1.0
ERR1713335	PmrF	3003578	1	1	1.0	1	1.0
ERR1713335	Pseudomonas aeruginosa soxR	3004107	1	1	1.0	0	0.0
ERR1713335	aadA13	3002613	1	1	1.0	0	0.0
ERR1713335	aadA2	3002602	1	1	1.0	1	1.0
ERR1713335	aadA27	3004682	1	1	1.0	1	1.0
ERR1713335	aadA5	3002605	1	1	1.0	1	1.0
ERR1713335	aadA6	3002606	1	1	1.0	1	1.0
ERR1713335	adeF	3000777	8	8	1.0	2	0.25
ERR1713335	cmlA5	3002695	1	1	1.0	1	1.0
ERR1713335	cpxA	3000830	1	1	1.0	1	1.0
ERR1713335	evgA	3000832	1	1	1.0	1	1.0
ERR1713335	gadX	3000508	1	1	1.0	1	1.0
ERR1713335	kdpE	3003841	1	1	1.0	0	0.0
ERR1713335	lnuB	3002836	1	1	1.0	0	0.0
ERR1713335	lsaE	3003206	1	1	1.0	0	0.0
ERR1713335	mdtH	3001216	1	1	1.0	0	0.0
ERR1713335	mefJ	3007049	1	1	1.0	1	1.0
ERR1713335	mphA	3000316	1	1	1.0	1	1.0
ERR1713335	mphE	3003741	1	1	1.0	1	1.0
ERR1713335	mphG	3003742	3	3	1.0	2	0.6666666666666666
ERR1713335	msrE	3003109	1	1	1.0	1	1.0
ERR1713335	nimJ	3007112	1	1	1.0	1	1.0
ERR1713335	qacE	3005009	1	1	1.0	1	1.0
ERR1713335	qacG	3007015	14	14	1.0	6	0.42857142857142855
ERR1713335	qacJ	3007014	12	12	1.0	4	0.3333333333333333
ERR1713335	qacL	3005098	1	1	1.0	1	1.0
ERR1713335	rsmA	3005069	1	1	1.0	1	1.0
ERR1713335	tet(32)	3000196	1	1	1.0	1	1.0
ERR1713335	tet(39)	3000566	1	1	1.0	1	1.0
ERR1713335	tet(44)	3000556	1	1	1.0	0	0.0
ERR1713335	tet(M)	3000186	1	1	1.0	0	0.0
ERR1713335	tet(O)	3000190	1	1	1.0	1	1.0
ERR1713335	tet(Q)	3000191	2	2	1.0	2	1.0
ERR1713335	tet(W)	3000194	1	1	1.0	1	1.0
ERR1713335	tet(X)	3000205	1	1	1.0	1	1.0
ERR1713335	vanT gene in vanG cluster	3002972	19	19	1.0	2	0.10526315789473684
ERR1713335	vanW gene in vanG cluster	3002965	8	8	1.0	5	0.625
ERR1713335	vanW gene in vanI cluster	3003724	2	2	1.0	1	0.5
ERR1713335	vanY gene in vanB cluster	3002956	5	5	1.0	0	0.0
ERR1713335	vanY gene in vanM cluster	3002961	2	2	1.0	0	0.0
ERR1713337	AAC(6')-Ia	3002545	1	1	1.0	1	1.0
ERR1713337	ACI-1	3004359	1	1	1.0	0	0.0
ERR1713337	AcrS	3000656	1	1	1.0	0	0.0
ERR1713337	CRP	3000518	1	1	1.0	1	1.0
ERR1713337	Campylobacter coli chloramphenicol acetyltransferase	3004454	1	1	1.0	1	1.0
ERR1713337	CfxA2	3003002	1	1	1.0	1	1.0
ERR1713337	CfxA6	3003097	1	1	1.0	1	1.0
ERR1713337	EC-15	3006876	1	1	1.0	0	0.0
ERR1713337	EreA	3000361	1	1	1.0	1	1.0
ERR1713337	EreD	3004608	1	1	1.0	0	0.0
ERR1713337	Escherichia coli AcrAB-TolC with AcrR mutation conferring resistance to ciprofloxacin, tetracycline, and ceftazidime	3003807	1	1	1.0	1	1.0
ERR1713337	Escherichia coli AcrAB-TolC with MarR mutations conferring resistance to ciprofloxacin and tetracycline	3003378	1	1	1.0	0	0.0
ERR1713337	Escherichia coli EF-Tu mutants conferring resistance to Pulvomycin	3003369	2	2	1.0	0	0.0
ERR1713337	Escherichia coli soxR with mutation conferring antibiotic resistance	3003381	1	1	1.0	1	1.0
ERR1713337	Escherichia coli soxS with mutation conferring antibiotic resistance	3003511	1	1	1.0	1	1.0
ERR1713337	FosI	3007370	1	1	1.0	0	0.0
ERR1713337	GES-5	3002334	1	1	1.0	0	0.0
ERR1713337	H-NS	3000676	1	1	1.0	0	0.0
ERR1713337	Klebsiella pneumoniae KpnE	3004580	1	1	1.0	0	0.0
ERR1713337	Klebsiella pneumoniae KpnF	3004583	1	1	1.0	0	0.0
ERR1713337	LnuH	3004600	1	1	1.0	1	1.0
ERR1713337	Mrx	3003839	1	1	1.0	1	1.0
ERR1713337	OXA-101	3001439	1	1	1.0	1	1.0
ERR1713337	OXA-119	3001775	1	1	1.0	1	1.0
ERR1713337	OXA-2	3001397	1	1	1.0	0	0.0
ERR1713337	OXA-333	3001521	1	1	1.0	1	1.0
ERR1713337	OXA-347	3001777	1	1	1.0	0	0.0
ERR1713337	OXA-392	3001578	1	1	1.0	1	1.0
ERR1713337	OXA-9	3001404	1	1	1.0	1	1.0
ERR1713337	QnrB10	3002724	1	1	1.0	1	1.0
ERR1713337	QnrS2	3002791	1	1	1.0	1	1.0
ERR1713337	RSD2-2	3006983	1	1	1.0	0	0.0
ERR1713337	VEB-3	3002372	1	1	1.0	0	0.0
ERR1713337	aadA14	3002614	1	1	1.0	1	1.0
ERR1713337	aadA2	3002602	1	1	1.0	1	1.0
ERR1713337	aadA6	3002606	1	1	1.0	1	1.0
ERR1713337	aadA7	3002607	1	1	1.0	1	1.0
ERR1713337	adeF	3000777	19	19	1.0	0	0.0
ERR1713337	catQ	3002687	2	2	1.0	1	0.5
ERR1713337	cmlA4	3002694	1	1	1.0	1	1.0
ERR1713337	cmlA9	3005043	1	1	1.0	1	1.0
ERR1713337	dfrA15b	3004640	1	1	1.0	1	1.0
ERR1713337	emrR	3000516	1	1	1.0	0	0.0
ERR1713337	gadX	3000508	1	1	1.0	1	1.0
ERR1713337	linG	3002879	1	1	1.0	1	1.0
ERR1713337	lnuB	3002836	1	1	1.0	0	0.0
ERR1713337	lnuC	3002837	1	1	1.0	1	1.0
ERR1713337	lnuD	3002838	1	1	1.0	0	0.0
ERR1713337	mefJ	3007049	1	1	1.0	0	0.0
ERR1713337	mphE	3003741	1	1	1.0	1	1.0
ERR1713337	mphG	3003742	1	1	1.0	0	0.0
ERR1713337	msrE	3003109	1	1	1.0	1	1.0
ERR1713337	nimA	3007104	3	3	1.0	1	0.3333333333333333
ERR1713337	nimE	3007107	1	1	1.0	0	0.0
ERR1713337	nimG	3007109	2	2	1.0	1	0.5
ERR1713337	nimJ	3007112	4	4	1.0	2	0.5
ERR1713337	poxtA	3004470	1	1	1.0	0	0.0
ERR1713337	qacEdelta1	3005010	1	1	1.0	1	1.0
ERR1713337	qacG	3007015	10	10	1.0	6	0.6
ERR1713337	qacJ	3007014	7	7	1.0	3	0.42857142857142855
ERR1713337	qacL	3005098	2	2	1.0	2	1.0
ERR1713337	sul1	3000410	1	1	1.0	1	1.0
ERR1713337	tet(32)	3000196	1	1	1.0	0	0.0
ERR1713337	tet(36)	3000197	1	1	1.0	0	0.0
ERR1713337	tet(40)	3000567	1	1	1.0	1	1.0
ERR1713337	tet(44)	3000556	1	1	1.0	0	0.0
ERR1713337	tet(M)	3000186	2	2	1.0	2	1.0
ERR1713337	tet(O)	3000190	2	2	1.0	1	0.5
ERR1713337	tet(Q)	3000191	4	4	1.0	4	1.0
ERR1713337	tet(W)	3000194	1	1	1.0	1	1.0
ERR1713337	tet(X)	3000205	1	1	1.0	0	0.0
ERR1713337	tetB(P)	3000195	1	1	1.0	0	0.0
ERR1713337	vanG	3002909	1	1	1.0	1	1.0
ERR1713337	vanH gene in vanO cluster	3002948	1	1	1.0	0	0.0
ERR1713337	vanT gene in vanG cluster	3002972	30	30	1.0	0	0.0
ERR1713337	vanW gene in vanB cluster	3002964	1	1	1.0	0	0.0
ERR1713337	vanW gene in vanG cluster	3002965	4	4	1.0	2	0.5
ERR1713337	vanW gene in vanI cluster	3003724	38	38	1.0	2	0.05263157894736842
ERR1713337	vanXY gene in vanG cluster	3003069	2	2	1.0	1	0.5
ERR1713337	vanY gene in vanA cluster	3002955	2	2	1.0	0	0.0
ERR1713337	vanY gene in vanB cluster	3002956	5	5	1.0	0	0.0
ERR1713337	vanY gene in vanF cluster	3002958	1	1	1.0	0	0.0
ERR1713337	vanY gene in vanG cluster	3002959	2	2	1.0	1	0.5
ERR1713337	vanY gene in vanM cluster	3002961	5	5	1.0	2	0.4
ERR1713339	ErmB	3000375	1	1	1.0	1	1.0
ERR1713339	ErmF	3000498	1	1	1.0	0	0.0
ERR1713339	lnuB	3002836	1	1	1.0	1	1.0
ERR1713339	lsaE	3003206	1	1	1.0	1	1.0
ERR1713339	mphE	3003741	1	1	1.0	1	1.0
ERR1713339	msrE	3003109	1	1	1.0	1	1.0
ERR1713339	qacJ	3007014	3	3	1.0	2	0.6666666666666666
ERR1713339	tet(39)	3000566	1	1	1.0	1	1.0
ERR1713339	vanH gene in vanM cluster	3002947	1	1	1.0	0	0.0
ERR1713339	vanT gene in vanG cluster	3002972	1	1	1.0	0	0.0
ERR1713339	vanW gene in vanG cluster	3002965	1	1	1.0	0	0.0
ERR1713339	vanW gene in vanI cluster	3003724	1	1	1.0	0	0.0
ERR1713339	vanY gene in vanB cluster	3002956	1	1	1.0	0	0.0
ERR1713339	vanY gene in vanG cluster	3002959	1	1	1.0	0	0.0
ERR1713343	ANT(3'')-IIc	3004091	1	1	1.0	0	0.0
ERR1713343	ErmF	3000498	1	1	1.0	0	0.0
ERR1713343	LnuH	3004600	1	1	1.0	1	1.0
ERR1713343	OXA-101	3001439	1	1	1.0	1	1.0
ERR1713343	OXA-129	3001811	1	1	1.0	0	0.0
ERR1713343	OXA-4	3001399	1	1	1.0	1	1.0
ERR1713343	aadA5	3002605	1	1	1.0	1	1.0
ERR1713343	aadA6	3002606	1	1	1.0	1	1.0
ERR1713343	aadS	3004683	1	1	1.0	1	1.0
ERR1713343	adeF	3000777	3	3	1.0	1	0.3333333333333333
ERR1713343	cfrC	3004146	1	1	1.0	1	1.0
ERR1713343	mefJ	3007049	1	1	1.0	1	1.0
ERR1713343	mphE	3003741	1	1	1.0	1	1.0
ERR1713343	mphG	3003742	1	1	1.0	1	1.0
ERR1713343	msrE	3003109	1	1	1.0	1	1.0
ERR1713343	nimA	3007104	1	1	1.0	0	0.0
ERR1713343	qacE	3005009	1	1	1.0	1	1.0
ERR1713343	qacG	3007015	5	5	1.0	3	0.6
ERR1713343	qacJ	3007014	7	7	1.0	3	0.42857142857142855
ERR1713343	qacL	3005098	1	1	1.0	1	1.0
ERR1713343	tet(32)	3000196	1	1	1.0	1	1.0
ERR1713343	tet(39)	3000566	1	1	1.0	1	1.0
ERR1713343	tet(O)	3000190	1	1	1.0	1	1.0
ERR1713343	tet(W)	3000194	1	1	1.0	1	1.0
ERR1713343	tet(X)	3000205	1	1	1.0	1	1.0
ERR1713343	vanG	3002909	1	1	1.0	0	0.0
ERR1713343	vanH gene in vanO cluster	3002948	2	2	1.0	1	0.5
ERR1713343	vanT gene in vanG cluster	3002972	6	6	1.0	0	0.0
ERR1713343	vanW gene in vanG cluster	3002965	1	1	1.0	0	0.0
ERR1713343	vanW gene in vanI cluster	3003724	1	1	1.0	0	0.0
ERR1713343	vanY gene in vanB cluster	3002956	2	2	1.0	0	0.0
ERR1713343	vanY gene in vanG cluster	3002959	1	1	1.0	0	0.0
ERR1713343	vanY gene in vanM cluster	3002961	4	4	1.0	1	0.25
ERR1713344	AAC(6')-IIa	3002594	1	1	1.0	1	1.0
ERR1713344	AAC(6')-IIc	3002596	1	1	1.0	1	1.0
ERR1713344	AAC(6')-Ie-APH(2'')-Ia bifunctional protein	3002597	1	1	1.0	1	1.0
ERR1713344	APH(2'')-If	3004191	1	1	1.0	1	1.0
ERR1713344	CfxA3	3003003	1	1	1.0	1	1.0
ERR1713344	CfxA6	3003097	1	1	1.0	1	1.0
ERR1713344	DfrB9	3005350	1	1	1.0	1	1.0
ERR1713344	EreA	3000361	1	1	1.0	1	1.0
ERR1713344	EreA2	3002826	1	1	1.0	1	1.0
ERR1713344	EreB	3000363	1	1	1.0	0	0.0
ERR1713344	EreD	3004608	2	2	1.0	1	0.5
ERR1713344	Erm(47)	3003908	1	1	1.0	1	1.0
ERR1713344	ErmF	3000498	1	1	1.0	1	1.0
ERR1713344	ErmG	3000522	1	1	1.0	0	0.0
ERR1713344	Escherichia coli AcrAB-TolC with MarR mutations conferring resistance to ciprofloxacin and tetracycline	3003378	1	1	1.0	0	0.0
ERR1713344	Escherichia coli EF-Tu mutants conferring resistance to Pulvomycin	3003369	1	1	1.0	0	0.0
ERR1713344	EstT	3007459	1	1	1.0	0	0.0
ERR1713344	FosI	3007370	2	2	1.0	1	0.5
ERR1713344	GES-5	3002334	1	1	1.0	1	1.0
ERR1713344	Klebsiella pneumoniae KpnF	3004583	1	1	1.0	1	1.0
ERR1713344	LnuH	3004600	4	4	1.0	4	1.0
ERR1713344	Mef(En2)	3004659	1	1	1.0	1	1.0
ERR1713344	Mrx	3003839	1	1	1.0	1	1.0
ERR1713344	OXA-1	3001396	1	1	1.0	1	1.0
ERR1713344	OXA-205	3001483	1	1	1.0	1	1.0
ERR1713344	OXA-21	3001416	1	1	1.0	1	1.0
ERR1713344	OXA-347	3001777	1	1	1.0	0	0.0
ERR1713344	OXA-50	3001796	1	1	1.0	1	1.0
ERR1713344	OXA-732	3005937	1	1	1.0	0	0.0
ERR1713344	QnrS2	3002791	1	1	1.0	1	1.0
ERR1713344	QnrVC1	3002799	1	1	1.0	1	1.0
ERR1713344	QnrVC4	3002801	1	1	1.0	1	1.0
ERR1713344	VEB-3	3002372	1	1	1.0	1	1.0
ERR1713344	aadA11	3002611	1	1	1.0	1	1.0
ERR1713344	aadA5	3002605	1	1	1.0	1	1.0
ERR1713344	aadS	3004683	2	2	1.0	1	0.5
ERR1713344	adeF	3000777	22	22	1.0	5	0.22727272727272727
ERR1713344	arr-3	3002848	1	1	1.0	1	1.0
ERR1713344	catB3	3002676	1	1	1.0	1	1.0
ERR1713344	catB8	3002680	1	1	1.0	0	0.0
ERR1713344	catQ	3002687	1	1	1.0	0	0.0
ERR1713344	cmlA5	3002695	1	1	1.0	1	1.0
ERR1713344	cmlA9	3005043	1	1	1.0	1	1.0
ERR1713344	dfrA27	3004550	1	1	1.0	1	1.0
ERR1713344	emrR	3000516	2	2	1.0	2	1.0
ERR1713344	linG	3002879	1	1	1.0	1	1.0
ERR1713344	lnuB	3002836	1	1	1.0	1	1.0
ERR1713344	lnuC	3002837	1	1	1.0	1	1.0
ERR1713344	lsaE	3003206	1	1	1.0	1	1.0
ERR1713344	marA	3000263	1	1	1.0	0	0.0
ERR1713344	mphE	3003741	1	1	1.0	1	1.0
ERR1713344	mphG	3003742	1	1	1.0	1	1.0
ERR1713344	msrE	3003109	1	1	1.0	1	1.0
ERR1713344	nimJ	3007112	1	1	1.0	0	0.0
ERR1713344	qacG	3007015	6	6	1.0	2	0.3333333333333333
ERR1713344	qacJ	3007014	7	7	1.0	3	0.42857142857142855
ERR1713344	qacL	3005098	1	1	1.0	0	0.0
ERR1713344	rsmA	3005069	1	1	1.0	0	0.0
ERR1713344	sul4	3004361	1	1	1.0	1	1.0
ERR1713344	tet(32)	3000196	1	1	1.0	1	1.0
ERR1713344	tet(36)	3000197	1	1	1.0	0	0.0
ERR1713344	tet(39)	3000566	1	1	1.0	1	1.0
ERR1713344	tet(40)	3000567	1	1	1.0	1	1.0
ERR1713344	tet(44)	3000556	1	1	1.0	1	1.0
ERR1713344	tet(O)	3000190	2	2	1.0	2	1.0
ERR1713344	tet(Q)	3000191	4	4	1.0	3	0.75
ERR1713344	tet(S)	3000192	1	1	1.0	1	1.0
ERR1713344	tet(W)	3000194	1	1	1.0	1	1.0
ERR1713344	tet(W/N/W)	3004442	2	2	1.0	2	1.0
ERR1713344	tet(X)	3000205	1	1	1.0	1	1.0
ERR1713344	tetB(P)	3000195	1	1	1.0	0	0.0
ERR1713344	vanG	3002909	1	1	1.0	0	0.0
ERR1713344	vanH gene in vanB cluster	3002943	1	1	1.0	0	0.0
ERR1713344	vanH gene in vanD cluster	3002944	1	1	1.0	0	0.0
ERR1713344	vanH gene in vanM cluster	3002947	1	1	1.0	0	0.0
ERR1713344	vanH gene in vanO cluster	3002948	3	3	1.0	0	0.0
ERR1713344	vanT gene in vanG cluster	3002972	38	38	1.0	1	0.02631578947368421
ERR1713344	vanW gene in vanB cluster	3002964	1	1	1.0	0	0.0
ERR1713344	vanW gene in vanG cluster	3002965	14	14	1.0	2	0.14285714285714285
ERR1713344	vanW gene in vanI cluster	3003724	16	16	1.0	0	0.0
ERR1713344	vanY gene in vanB cluster	3002956	8	8	1.0	0	0.0
ERR1713344	vanY gene in vanF cluster	3002958	1	1	1.0	0	0.0
ERR1713344	vanY gene in vanG cluster	3002959	4	4	1.0	0	0.0
ERR1713344	vanY gene in vanM cluster	3002961	3	3	1.0	0	0.0
ERR1713346	ACI-1	3004359	1	1	1.0	0	0.0
ERR1713346	AcrE	3000499	1	0	0.0	0	0.0
ERR1713346	AcrF	3000502	1	0	0.0	0	0.0
ERR1713346	AcrS	3000656	1	0	0.0	0	0.0
ERR1713346	ArnT	3005053	2	0	0.0	0	0.0
ERR1713346	CRP	3000518	2	0	0.0	0	0.0
ERR1713346	CfxA6	3003097	1	0	0.0	0	0.0
ERR1713346	EC-13	3006874	1	0	0.0	0	0.0
ERR1713346	EreA	3000361	1	0	0.0	0	0.0
ERR1713346	EreA2	3002826	1	0	0.0	0	0.0
ERR1713346	ErmF	3000498	1	0	0.0	0	0.0
ERR1713346	ErmG	3000522	1	0	0.0	0	0.0
ERR1713346	Escherichia coli AcrAB-TolC with AcrR mutation conferring resistance to ciprofloxacin, tetracycline, and ceftazidime	3003807	1	0	0.0	0	0.0
ERR1713346	Escherichia coli AcrAB-TolC with MarR mutations conferring resistance to ciprofloxacin and tetracycline	3003378	1	1	1.0	1	1.0
ERR1713346	Escherichia coli GlpT with mutation conferring resistance to fosfomycin	3003889	1	0	0.0	0	0.0
ERR1713346	Escherichia coli acrA	3004043	1	0	0.0	0	0.0
ERR1713346	Escherichia coli emrE	3004039	1	0	0.0	0	0.0
ERR1713346	Escherichia coli mdfA	3001328	1	0	0.0	0	0.0
ERR1713346	Escherichia coli soxR with mutation conferring antibiotic resistance	3003381	1	0	0.0	0	0.0
ERR1713346	Escherichia coli soxS with mutation conferring antibiotic resistance	3003511	1	0	0.0	0	0.0
ERR1713346	GES-2	3002331	1	0	0.0	0	0.0
ERR1713346	H-NS	3000676	1	0	0.0	0	0.0
ERR1713346	Haemophilus influenzae PBP3 conferring resistance to beta-lactam antibiotics	3004446	1	0	0.0	0	0.0
ERR1713346	Klebsiella pneumoniae KpnE	3004580	1	0	0.0	0	0.0
ERR1713346	Klebsiella pneumoniae KpnF	3004583	1	0	0.0	0	0.0
ERR1713346	LnuH	3004600	2	1	0.5	1	0.5
ERR1713346	OXA-10	3001405	1	0	0.0	0	0.0
ERR1713346	OXA-2	3001397	1	1	1.0	1	1.0
ERR1713346	PmrF	3003578	1	0	0.0	0	0.0
ERR1713346	QnrB10	3002724	1	0	0.0	0	0.0
ERR1713346	YojI	3003952	1	0	0.0	0	0.0
ERR1713346	aadA5	3002605	1	0	0.0	0	0.0
ERR1713346	aadA7	3002607	1	1	1.0	1	1.0
ERR1713346	aadS	3004683	1	0	0.0	0	0.0
ERR1713346	acrB	3000216	1	0	0.0	0	0.0
ERR1713346	acrD	3000491	1	0	0.0	0	0.0
ERR1713346	adeF	3000777	4	0	0.0	0	0.0
ERR1713346	bacA	3002986	1	0	0.0	0	0.0
ERR1713346	baeR	3000828	1	1	1.0	1	1.0
ERR1713346	baeS	3000829	1	1	1.0	1	1.0
ERR1713346	catQ	3002687	1	0	0.0	0	0.0
ERR1713346	cpxA	3000830	1	0	0.0	0	0.0
ERR1713346	dfrF	3002867	1	0	0.0	0	0.0
ERR1713346	emrA	3000027	1	1	1.0	1	1.0
ERR1713346	emrB	3000074	1	1	1.0	1	1.0
ERR1713346	emrK	3000206	1	0	0.0	0	0.0
ERR1713346	emrR	3000516	1	1	1.0	1	1.0
ERR1713346	emrY	3000254	1	0	0.0	0	0.0
ERR1713346	eptA	3003576	1	1	1.0	1	1.0
ERR1713346	evgA	3000832	1	0	0.0	0	0.0
ERR1713346	evgS	3000833	1	0	0.0	0	0.0
ERR1713346	gadX	3000508	1	0	0.0	0	0.0
ERR1713346	kdpE	3003841	1	0	0.0	0	0.0
ERR1713346	leuO	3003843	1	0	0.0	0	0.0
ERR1713346	linG	3002879	1	0	0.0	0	0.0
ERR1713346	lnuC	3002837	1	0	0.0	0	0.0
ERR1713346	lnuF	3002839	1	0	0.0	0	0.0
ERR1713346	lsaE	3003206	1	0	0.0	0	0.0
ERR1713346	marA	3000263	2	1	0.5	1	0.5
ERR1713346	mdtA	3000792	1	1	1.0	1	1.0
ERR1713346	mdtE	3000795	1	0	0.0	0	0.0
ERR1713346	mdtF	3000796	1	0	0.0	0	0.0
ERR1713346	mdtG	3001329	1	0	0.0	0	0.0
ERR1713346	mdtH	3001216	1	0	0.0	0	0.0
ERR1713346	mdtM	3001214	1	0	0.0	0	0.0
ERR1713346	mdtN	3003548	1	0	0.0	0	0.0
ERR1713346	mdtO	3003549	1	0	0.0	0	0.0
ERR1713346	mdtP	3003550	1	0	0.0	0	0.0
ERR1713346	mphE	3003741	1	0	0.0	0	0.0
ERR1713346	mphG	3003742	1	0	0.0	0	0.0
ERR1713346	msbA	3003950	1	0	0.0	0	0.0
ERR1713346	msrE	3003109	1	0	0.0	0	0.0
ERR1713346	nimG	3007109	3	0	0.0	0	0.0
ERR1713346	nimJ	3007112	4	1	0.25	1	0.25
ERR1713346	oqxA	3003922	1	0	0.0	0	0.0
ERR1713346	qacEdelta1	3005010	1	1	1.0	1	1.0
ERR1713346	qacG	3007015	7	0	0.0	0	0.0
ERR1713346	qacJ	3007014	1	0	0.0	0	0.0
ERR1713346	qacL	3005098	1	0	0.0	0	0.0
ERR1713346	rsmA	3005069	2	1	0.5	1	0.5
ERR1713346	sul1	3000410	1	1	1.0	1	1.0
ERR1713346	tet(32)	3000196	1	1	1.0	1	1.0
ERR1713346	tet(40)	3000567	1	0	0.0	0	0.0
ERR1713346	tet(44)	3000556	1	0	0.0	0	0.0
ERR1713346	tet(O)	3000190	1	0	0.0	0	0.0
ERR1713346	tet(Q)	3000191	2	0	0.0	0	0.0
ERR1713346	tet(S)	3000192	1	0	0.0	0	0.0
ERR1713346	tet(W)	3000194	1	1	1.0	1	1.0
ERR1713346	tet(W/N/W)	3004442	1	0	0.0	0	0.0
ERR1713346	tet(X)	3000205	1	1	1.0	1	1.0
ERR1713346	tetR	3003479	1	0	0.0	0	0.0
ERR1713346	vanG	3002909	3	0	0.0	0	0.0
ERR1713346	vanH gene in vanO cluster	3002948	4	0	0.0	0	0.0
ERR1713346	vanT gene in vanG cluster	3002972	23	0	0.0	0	0.0
ERR1713346	vanW gene in vanI cluster	3003724	36	0	0.0	0	0.0
ERR1713346	vanX gene in vanA cluster	3002949	1	0	0.0	0	0.0
ERR1713346	vanY gene in vanA cluster	3002955	1	0	0.0	0	0.0
ERR1713346	vanY gene in vanB cluster	3002956	8	0	0.0	0	0.0
ERR1713346	vanY gene in vanG cluster	3002959	6	1	0.16666666666666666	1	0.16666666666666666
ERR1713348	CRP	3000518	1	0	0.0	0	0.0
ERR1713348	EreA2	3002826	1	0	0.0	0	0.0
ERR1713348	EreD	3004608	1	0	0.0	0	0.0
ERR1713348	ErmB	3000375	1	1	1.0	1	1.0
ERR1713348	ErmF	3000498	1	0	0.0	0	0.0
ERR1713348	Escherichia coli AcrAB-TolC with AcrR mutation conferring resistance to ciprofloxacin, tetracycline, and ceftazidime	3003807	1	1	1.0	1	1.0
ERR1713348	Escherichia coli EF-Tu mutants conferring resistance to Pulvomycin	3003369	1	0	0.0	0	0.0
ERR1713348	Escherichia coli GlpT with mutation conferring resistance to fosfomycin	3003889	1	0	0.0	0	0.0
ERR1713348	Escherichia coli soxS with mutation conferring antibiotic resistance	3003511	1	0	0.0	0	0.0
ERR1713348	GES-1	3002330	1	0	0.0	0	0.0
ERR1713348	H-NS	3000676	1	0	0.0	0	0.0
ERR1713348	OXA-10	3001405	1	1	1.0	1	1.0
ERR1713348	OXA-119	3001775	1	0	0.0	0	0.0
ERR1713348	OXA-2	3001397	1	0	0.0	0	0.0
ERR1713348	OXA-58	3001611	1	0	0.0	0	0.0
ERR1713348	OXA-644	3005864	1	0	0.0	0	0.0
ERR1713348	Pseudomonas aeruginosa soxR	3004107	1	0	0.0	0	0.0
ERR1713348	aadA5	3002605	1	0	0.0	0	0.0
ERR1713348	aadA6	3002606	1	0	0.0	0	0.0
ERR1713348	aadS	3004683	1	0	0.0	0	0.0
ERR1713348	adeF	3000777	4	1	0.25	1	0.25
ERR1713348	cpxA	3000830	1	0	0.0	0	0.0
ERR1713348	emrR	3000516	1	0	0.0	0	0.0
ERR1713348	eptA	3003576	1	0	0.0	0	0.0
ERR1713348	lnuB	3002836	2	0	0.0	0	0.0
ERR1713348	mefJ	3007049	1	0	0.0	0	0.0
ERR1713348	mphE	3003741	1	0	0.0	0	0.0
ERR1713348	mphG	3003742	1	0	0.0	0	0.0
ERR1713348	msrE	3003109	1	0	0.0	0	0.0
ERR1713348	nimE	3007107	1	0	0.0	0	0.0
ERR1713348	qacG	3007015	4	0	0.0	0	0.0
ERR1713348	qacJ	3007014	6	1	0.16666666666666666	1	0.16666666666666666
ERR1713348	qacL	3005098	3	1	0.3333333333333333	1	0.3333333333333333
ERR1713348	tet(32)	3000196	1	0	0.0	0	0.0
ERR1713348	tet(39)	3000566	1	1	1.0	1	1.0
ERR1713348	tet(O)	3000190	2	0	0.0	0	0.0
ERR1713348	tet(Q)	3000191	1	0	0.0	0	0.0
ERR1713348	tet(W)	3000194	1	0	0.0	0	0.0
ERR1713348	vanG	3002909	1	0	0.0	0	0.0
ERR1713348	vanH gene in vanM cluster	3002947	1	0	0.0	0	0.0
ERR1713348	vanH gene in vanO cluster	3002948	2	0	0.0	0	0.0
ERR1713348	vanT gene in vanG cluster	3002972	7	0	0.0	0	0.0
ERR1713348	vanW gene in vanG cluster	3002965	2	0	0.0	0	0.0
ERR1713348	vanW gene in vanI cluster	3003724	4	0	0.0	0	0.0
ERR1713348	vanY gene in vanB cluster	3002956	5	0	0.0	0	0.0
ERR1713348	vanY gene in vanF cluster	3002958	1	0	0.0	0	0.0
ERR1713348	vanY gene in vanG cluster	3002959	1	0	0.0	0	0.0
ERR1713348	vanY gene in vanM cluster	3002961	3	0	0.0	0	0.0
ERR1713349	AAC(6')-Ib9	3002580	1	1	1.0	1	1.0
ERR1713349	AIM-1	3000853	1	1	1.0	0	0.0
ERR1713349	ArnT	3005053	2	2	1.0	0	0.0
ERR1713349	CARB-16	3002255	1	1	1.0	0	0.0
ERR1713349	CRP	3000518	2	2	1.0	2	1.0
ERR1713349	Campylobacter coli chloramphenicol acetyltransferase	3004454	1	1	1.0	1	1.0
ERR1713349	CblA-1	3002999	1	1	1.0	1	1.0
ERR1713349	CfxA2	3003002	1	1	1.0	1	1.0
ERR1713349	CfxA6	3003097	1	1	1.0	1	1.0
ERR1713349	EreA2	3002826	1	1	1.0	1	1.0
ERR1713349	EreD	3004608	1	1	1.0	0	0.0
ERR1713349	ErmF	3000498	1	1	1.0	1	1.0
ERR1713349	ErmG	3000522	1	1	1.0	1	1.0
ERR1713349	Escherichia coli AcrAB-TolC with AcrR mutation conferring resistance to ciprofloxacin, tetracycline, and ceftazidime	3003807	1	1	1.0	1	1.0
ERR1713349	Escherichia coli AcrAB-TolC with MarR mutations conferring resistance to ciprofloxacin and tetracycline	3003378	1	1	1.0	1	1.0
ERR1713349	Escherichia coli EF-Tu mutants conferring resistance to Pulvomycin	3003369	1	1	1.0	0	0.0
ERR1713349	Escherichia coli mdfA	3001328	1	1	1.0	0	0.0
ERR1713349	Escherichia coli soxS with mutation conferring antibiotic resistance	3003511	1	1	1.0	0	0.0
ERR1713349	FosI	3007370	4	4	1.0	2	0.5
ERR1713349	FosXCC	3003208	1	1	1.0	0	0.0
ERR1713349	GES-5	3002334	1	1	1.0	1	1.0
ERR1713349	H-NS	3000676	1	1	1.0	0	0.0
ERR1713349	ICR-Mo	3004569	1	1	1.0	0	0.0
ERR1713349	Klebsiella pneumoniae KpnE	3004580	1	1	1.0	1	1.0
ERR1713349	Klebsiella pneumoniae KpnH	3004597	1	1	1.0	0	0.0
ERR1713349	LnuH	3004600	1	1	1.0	1	1.0
ERR1713349	Mef(En2)	3004659	1	1	1.0	1	1.0
ERR1713349	NPS-1	3004239	1	1	1.0	0	0.0
ERR1713349	OXA-10	3001405	1	1	1.0	1	1.0
ERR1713349	OXA-20	3001415	1	1	1.0	1	1.0
ERR1713349	OXA-347	3001777	1	1	1.0	1	1.0
ERR1713349	OXA-58	3001611	1	1	1.0	1	1.0
ERR1713349	Pseudomonas aeruginosa soxR	3004107	1	1	1.0	0	0.0
ERR1713349	RCP-1	3003563	1	1	1.0	1	1.0
ERR1713349	aadA27	3004682	1	1	1.0	1	1.0
ERR1713349	aadA5	3002605	1	1	1.0	1	1.0
ERR1713349	aadA6	3002606	2	2	1.0	2	1.0
ERR1713349	aadS	3004683	1	1	1.0	1	1.0
ERR1713349	acrB	3000216	1	1	1.0	1	1.0
ERR1713349	adeF	3000777	13	13	1.0	4	0.3076923076923077
ERR1713349	bacA	3002986	1	1	1.0	0	0.0
ERR1713349	catQ	3002687	1	1	1.0	0	0.0
ERR1713349	cfrC	3004146	1	1	1.0	1	1.0
ERR1713349	emrB	3000074	1	1	1.0	1	1.0
ERR1713349	emrR	3000516	2	2	1.0	2	1.0
ERR1713349	evgA	3000832	1	1	1.0	1	1.0
ERR1713349	fosA5	3003209	2	2	1.0	2	1.0
ERR1713349	gadX	3000508	1	1	1.0	0	0.0
ERR1713349	leuO	3003843	2	2	1.0	2	1.0
ERR1713349	lnuB	3002836	1	1	1.0	1	1.0
ERR1713349	lnuC	3002837	1	1	1.0	1	1.0
ERR1713349	lnuG	3004085	1	1	1.0	1	1.0
ERR1713349	mdtE	3000795	1	1	1.0	1	1.0
ERR1713349	mdtN	3003548	1	1	1.0	1	1.0
ERR1713349	mdtP	3003550	1	1	1.0	1	1.0
ERR1713349	mefF	3007044	1	1	1.0	1	1.0
ERR1713349	mefJ	3007049	1	1	1.0	1	1.0
ERR1713349	mphE	3003741	1	1	1.0	1	1.0
ERR1713349	mphG	3003742	2	2	1.0	1	0.5
ERR1713349	msr(G)	3007042	1	1	1.0	1	1.0
ERR1713349	msrE	3003109	1	1	1.0	1	1.0
ERR1713349	nimA	3007104	1	1	1.0	0	0.0
ERR1713349	patB	3000025	1	1	1.0	0	0.0
ERR1713349	qacE	3005009	1	1	1.0	1	1.0
ERR1713349	qacG	3007015	30	30	1.0	12	0.4
ERR1713349	qacJ	3007014	19	19	1.0	7	0.3684210526315789
ERR1713349	qacL	3005098	2	2	1.0	2	1.0
ERR1713349	rsmA	3005069	5	5	1.0	2	0.4
ERR1713349	tet(32)	3000196	1	1	1.0	1	1.0
ERR1713349	tet(39)	3000566	1	1	1.0	1	1.0
ERR1713349	tet(40)	3000567	1	1	1.0	0	0.0
ERR1713349	tet(44)	3000556	1	1	1.0	1	1.0
ERR1713349	tet(M)	3000186	2	2	1.0	2	1.0
ERR1713349	tet(O)	3000190	1	1	1.0	1	1.0
ERR1713349	tet(Q)	3000191	5	5	1.0	2	0.4
ERR1713349	tet(S)	3000192	1	1	1.0	1	1.0
ERR1713349	tet(W)	3000194	1	1	1.0	1	1.0
ERR1713349	tet(X)	3000205	1	1	1.0	1	1.0
ERR1713349	vanG	3002909	7	7	1.0	2	0.2857142857142857
ERR1713349	vanH gene in vanB cluster	3002943	1	1	1.0	0	0.0
ERR1713349	vanH gene in vanM cluster	3002947	1	1	1.0	0	0.0
ERR1713349	vanH gene in vanO cluster	3002948	4	4	1.0	2	0.5
ERR1713349	vanT gene in vanG cluster	3002972	47	47	1.0	7	0.14893617021276595
ERR1713349	vanU gene in vanG cluster	3004253	1	1	1.0	1	1.0
ERR1713349	vanW gene in vanG cluster	3002965	10	10	1.0	3	0.3
ERR1713349	vanW gene in vanI cluster	3003724	16	16	1.0	2	0.125
ERR1713349	vanXY gene in vanG cluster	3003069	1	1	1.0	1	1.0
ERR1713349	vanY gene in vanA cluster	3002955	1	1	1.0	1	1.0
ERR1713349	vanY gene in vanB cluster	3002956	16	16	1.0	4	0.25
ERR1713349	vanY gene in vanF cluster	3002958	5	5	1.0	1	0.2
ERR1713349	vanY gene in vanG cluster	3002959	2	2	1.0	1	0.5
ERR1713349	vanY gene in vanM cluster	3002961	9	9	1.0	1	0.1111111111111111
ERR1713350	ACI-1	3004359	1	1	1.0	0	0.0
ERR1713350	AIM-1	3000853	1	1	1.0	0	0.0
ERR1713350	ANT(6)-Ia	3002626	1	1	1.0	1	1.0
ERR1713350	APH(3')-IXa	3004087	1	1	1.0	0	0.0
ERR1713350	Acinetobacter baumannii AbaF	3004573	1	1	1.0	0	0.0
ERR1713350	AcrE	3000499	1	1	1.0	1	1.0
ERR1713350	AcrF	3000502	1	1	1.0	1	1.0
ERR1713350	ArnT	3005053	1	1	1.0	1	1.0
ERR1713350	CARB-16	3002255	1	1	1.0	1	1.0
ERR1713350	CRP	3000518	1	1	1.0	1	1.0
ERR1713350	Campylobacter coli chloramphenicol acetyltransferase	3004454	1	1	1.0	1	1.0
ERR1713350	CblA-1	3002999	1	1	1.0	0	0.0
ERR1713350	CfxA2	3003002	1	1	1.0	1	1.0
ERR1713350	CfxA6	3003097	1	1	1.0	1	1.0
ERR1713350	EC-15	3006876	1	1	1.0	1	1.0
ERR1713350	ESP-1	3003717	1	1	1.0	0	0.0
ERR1713350	EreA2	3002826	1	1	1.0	1	1.0
ERR1713350	EreD	3004608	1	1	1.0	0	0.0
ERR1713350	ErmF	3000498	1	1	1.0	0	0.0
ERR1713350	ErmG	3000522	1	1	1.0	0	0.0
ERR1713350	Escherichia coli AcrAB-TolC with AcrR mutation conferring resistance to ciprofloxacin, tetracycline, and ceftazidime	3003807	1	1	1.0	1	1.0
ERR1713350	Escherichia coli AcrAB-TolC with MarR mutations conferring resistance to ciprofloxacin and tetracycline	3003378	1	1	1.0	1	1.0
ERR1713350	Escherichia coli GlpT with mutation conferring resistance to fosfomycin	3003889	1	1	1.0	1	1.0
ERR1713350	Escherichia coli acrA	3004043	1	1	1.0	1	1.0
ERR1713350	Escherichia coli mdfA	3001328	1	1	1.0	1	1.0
ERR1713350	Escherichia coli soxR with mutation conferring antibiotic resistance	3003381	1	1	1.0	1	1.0
ERR1713350	Escherichia coli soxS with mutation conferring antibiotic resistance	3003511	1	1	1.0	1	1.0
ERR1713350	FosH	3007369	1	1	1.0	1	1.0
ERR1713350	FosI	3007370	4	4	1.0	1	0.25
ERR1713350	FosXCC	3003208	1	1	1.0	0	0.0
ERR1713350	GES-5	3002334	1	1	1.0	1	1.0
ERR1713350	H-NS	3000676	1	1	1.0	1	1.0
ERR1713350	ICR-Mo	3004569	1	1	1.0	0	0.0
ERR1713350	Klebsiella pneumoniae KpnE	3004580	1	1	1.0	1	1.0
ERR1713350	Klebsiella pneumoniae KpnF	3004583	1	1	1.0	1	1.0
ERR1713350	Mef(En2)	3004659	1	1	1.0	1	1.0
ERR1713350	NPS-1	3004239	1	1	1.0	1	1.0
ERR1713350	OXA-10	3001405	1	1	1.0	1	1.0
ERR1713350	OXA-101	3001439	1	1	1.0	1	1.0
ERR1713350	OXA-129	3001811	1	1	1.0	1	1.0
ERR1713350	OXA-2	3001397	1	1	1.0	0	0.0
ERR1713350	OXA-20	3001415	1	1	1.0	1	1.0
ERR1713350	OXA-392	3001578	1	1	1.0	1	1.0
ERR1713350	OXA-58	3001611	1	1	1.0	1	1.0
ERR1713350	OXA-732	3005937	1	1	1.0	1	1.0
ERR1713350	PmrF	3003578	1	1	1.0	1	1.0
ERR1713350	Pseudomonas aeruginosa soxR	3004107	1	1	1.0	0	0.0
ERR1713350	RCP-1	3003563	1	1	1.0	1	1.0
ERR1713350	YojI	3003952	1	1	1.0	1	1.0
ERR1713350	aadA10	3004692	1	1	1.0	1	1.0
ERR1713350	aadA16	3002616	1	1	1.0	1	1.0
ERR1713350	aadA2	3002602	1	1	1.0	1	1.0
ERR1713350	aadA27	3004682	1	1	1.0	1	1.0
ERR1713350	aadA5	3002605	1	1	1.0	1	1.0
ERR1713350	aadA6	3002606	1	1	1.0	1	1.0
ERR1713350	aadA7	3002607	1	1	1.0	0	0.0
ERR1713350	aadS	3004683	1	1	1.0	0	0.0
ERR1713350	acrB	3000216	1	1	1.0	1	1.0
ERR1713350	acrD	3000491	1	1	1.0	0	0.0
ERR1713350	adeF	3000777	15	15	1.0	4	0.26666666666666666
ERR1713350	bacA	3002986	1	1	1.0	1	1.0
ERR1713350	baeR	3000828	1	1	1.0	1	1.0
ERR1713350	catS	3002688	1	1	1.0	0	0.0
ERR1713350	cfrC	3004146	1	1	1.0	0	0.0
ERR1713350	cpxA	3000830	1	1	1.0	0	0.0
ERR1713350	dfrF	3002867	1	1	1.0	0	0.0
ERR1713350	dfrG	3002868	1	1	1.0	1	1.0
ERR1713350	emrA	3000027	1	1	1.0	1	1.0
ERR1713350	emrB	3000074	1	1	1.0	1	1.0
ERR1713350	emrR	3000516	1	1	1.0	1	1.0
ERR1713350	emrY	3000254	1	1	1.0	1	1.0
ERR1713350	evgA	3000832	1	1	1.0	0	0.0
ERR1713350	gadW	3003838	1	1	1.0	1	1.0
ERR1713350	kdpE	3003841	1	1	1.0	0	0.0
ERR1713350	leuO	3003843	1	1	1.0	0	0.0
ERR1713350	lnuB	3002836	1	1	1.0	1	1.0
ERR1713350	lnuC	3002837	1	1	1.0	1	1.0
ERR1713350	lnuG	3004085	1	1	1.0	1	1.0
ERR1713350	lsaE	3003206	1	1	1.0	1	1.0
ERR1713350	marA	3000263	1	1	1.0	1	1.0
ERR1713350	mdtA	3000792	1	1	1.0	1	1.0
ERR1713350	mdtE	3000795	1	1	1.0	1	1.0
ERR1713350	mdtH	3001216	1	1	1.0	0	0.0
ERR1713350	mdtM	3001214	1	1	1.0	1	1.0
ERR1713350	mdtP	3003550	1	1	1.0	1	1.0
ERR1713350	mefF	3007044	1	1	1.0	1	1.0
ERR1713350	mefJ	3007049	1	1	1.0	1	1.0
ERR1713350	mphE	3003741	1	1	1.0	1	1.0
ERR1713350	mphG	3003742	3	3	1.0	3	1.0
ERR1713350	msbA	3003950	1	1	1.0	0	0.0
ERR1713350	msr(G)	3007042	1	1	1.0	1	1.0
ERR1713350	msrE	3003109	1	1	1.0	1	1.0
ERR1713350	nimA	3007104	1	1	1.0	0	0.0
ERR1713350	nimE	3007107	1	1	1.0	0	0.0
ERR1713350	nimJ	3007112	2	2	1.0	2	1.0
ERR1713350	patB	3000025	1	1	1.0	1	1.0
ERR1713350	poxtA	3004470	2	2	1.0	0	0.0
ERR1713350	qacG	3007015	25	25	1.0	14	0.56
ERR1713350	qacJ	3007014	22	22	1.0	14	0.6363636363636364
ERR1713350	qacL	3005098	4	4	1.0	4	1.0
ERR1713350	rsmA	3005069	1	1	1.0	1	1.0
ERR1713350	tet(32)	3000196	2	2	1.0	2	1.0
ERR1713350	tet(39)	3000566	1	1	1.0	1	1.0
ERR1713350	tet(44)	3000556	1	1	1.0	1	1.0
ERR1713350	tet(O)	3000190	2	2	1.0	1	0.5
ERR1713350	tet(Q)	3000191	4	4	1.0	1	0.25
ERR1713350	tet(W)	3000194	2	2	1.0	2	1.0
ERR1713350	tet(W/N/W)	3004442	1	1	1.0	1	1.0
ERR1713350	tet(X)	3000205	1	1	1.0	1	1.0
ERR1713350	vanG	3002909	13	13	1.0	2	0.15384615384615385
ERR1713350	vanH gene in vanB cluster	3002943	4	4	1.0	1	0.25
ERR1713350	vanH gene in vanM cluster	3002947	2	2	1.0	0	0.0
ERR1713350	vanH gene in vanO cluster	3002948	4	4	1.0	0	0.0
ERR1713350	vanT gene in vanE cluster	3002971	1	1	1.0	0	0.0
ERR1713350	vanT gene in vanG cluster	3002972	48	48	1.0	4	0.08333333333333333
ERR1713350	vanTr gene in vanL cluster	3002974	1	1	1.0	0	0.0
ERR1713350	vanU gene in vanG cluster	3004253	1	1	1.0	1	1.0
ERR1713350	vanW gene in vanB cluster	3002964	1	1	1.0	0	0.0
ERR1713350	vanW gene in vanG cluster	3002965	14	14	1.0	7	0.5
ERR1713350	vanW gene in vanI cluster	3003724	41	41	1.0	10	0.24390243902439024
ERR1713350	vanXY gene in vanG cluster	3003069	3	3	1.0	1	0.3333333333333333
ERR1713350	vanY gene in vanA cluster	3002955	8	8	1.0	3	0.375
ERR1713350	vanY gene in vanB cluster	3002956	32	32	1.0	14	0.4375
ERR1713350	vanY gene in vanF cluster	3002958	7	7	1.0	2	0.2857142857142857
ERR1713350	vanY gene in vanG cluster	3002959	11	11	1.0	3	0.2727272727272727
ERR1713350	vanY gene in vanM cluster	3002961	8	8	1.0	2	0.25
ERR1713352	AAC(3)-IIe	3004621	1	1	1.0	1	1.0
ERR1713352	AAC(6')-32	3002586	1	1	1.0	0	0.0
ERR1713352	ANT(3'')-IIb	3004090	1	1	1.0	1	1.0
ERR1713352	APH(3'')-Ib	3002639	1	1	1.0	1	1.0
ERR1713352	APH(3')-VIa	3002652	1	1	1.0	1	1.0
ERR1713352	Acinetobacter baumannii AbaF	3004573	1	1	1.0	0	0.0
ERR1713352	Acinetobacter baumannii AbaQ	3004574	4	4	1.0	1	0.25
ERR1713352	ArnT	3005053	7	7	1.0	1	0.14285714285714285
ERR1713352	CARB-16	3002255	1	1	1.0	1	1.0
ERR1713352	CRP	3000518	1	1	1.0	0	0.0
ERR1713352	EBR-4	3005462	1	1	1.0	0	0.0
ERR1713352	ESP-1	3003717	3	3	1.0	0	0.0
ERR1713352	EreD	3004608	3	3	1.0	0	0.0
ERR1713352	Erm(35)	3000604	1	1	1.0	1	1.0
ERR1713352	ErmF	3000498	1	1	1.0	0	0.0
ERR1713352	Escherichia coli EF-Tu mutants conferring resistance to Pulvomycin	3003369	2	2	1.0	0	0.0
ERR1713352	EstT	3007459	1	1	1.0	0	0.0
ERR1713352	FosA8	3007371	4	4	1.0	3	0.75
ERR1713352	FosI	3007370	4	4	1.0	1	0.25
ERR1713352	GES-1	3002330	1	1	1.0	0	0.0
ERR1713352	ICR-Mo	3004569	1	1	1.0	0	0.0
ERR1713352	JOHN-1	3000840	5	5	1.0	0	0.0
ERR1713352	Klebsiella pneumoniae KpnH	3004597	1	1	1.0	1	1.0
ERR1713352	LnuH	3004600	6	6	1.0	6	1.0
ERR1713352	Mrx	3003839	1	1	1.0	1	1.0
ERR1713352	OXA-2	3001397	1	1	1.0	1	1.0
ERR1713352	OXA-296	3001751	2	2	1.0	2	1.0
ERR1713352	OXA-347	3001777	1	1	1.0	0	0.0
ERR1713352	OXA-4	3001399	1	1	1.0	1	1.0
ERR1713352	OXA-551	3005775	1	1	1.0	0	0.0
ERR1713352	OXA-58	3001611	1	1	1.0	1	1.0
ERR1713352	OXA-644	3005864	1	1	1.0	1	1.0
ERR1713352	SAT-2	3002895	1	1	1.0	1	1.0
ERR1713352	aadA10	3004692	1	1	1.0	1	1.0
ERR1713352	aadA11	3002611	1	1	1.0	1	1.0
ERR1713352	aadA16	3002616	1	1	1.0	1	1.0
ERR1713352	aadA5	3002605	1	1	1.0	1	1.0
ERR1713352	aadA7	3002607	1	1	1.0	1	1.0
ERR1713352	aadS	3004683	1	1	1.0	1	1.0
ERR1713352	adeF	3000777	15	15	1.0	3	0.2
ERR1713352	cmlA5	3002695	1	1	1.0	0	0.0
ERR1713352	lsaE	3003206	1	1	1.0	0	0.0
ERR1713352	mphE	3003741	1	1	1.0	1	1.0
ERR1713352	mphG	3003742	5	5	1.0	3	0.6
ERR1713352	msrE	3003109	1	1	1.0	1	1.0
ERR1713352	qacEdelta1	3005010	1	1	1.0	1	1.0
ERR1713352	qacG	3007015	30	30	1.0	12	0.4
ERR1713352	qacJ	3007014	22	22	1.0	6	0.2727272727272727
ERR1713352	qacL	3005098	1	1	1.0	0	0.0
ERR1713352	rsmA	3005069	4	4	1.0	1	0.25
ERR1713352	sul2	3000412	1	1	1.0	1	1.0
ERR1713352	tet(Q)	3000191	1	1	1.0	1	1.0
ERR1713352	tet(W)	3000194	2	2	1.0	2	1.0
ERR1713352	tet(X)	3000205	1	1	1.0	1	1.0
ERR1713352	vanH gene in vanA cluster	3002942	2	2	1.0	0	0.0
ERR1713352	vanT gene in vanG cluster	3002972	42	42	1.0	1	0.023809523809523808
ERR1713352	vanW gene in vanG cluster	3002965	12	12	1.0	5	0.4166666666666667
ERR1713352	vanW gene in vanI cluster	3003724	1	1	1.0	0	0.0
ERR1713352	vanY gene in vanB cluster	3002956	1	1	1.0	0	0.0
ERR1713352	vanY gene in vanM cluster	3002961	1	1	1.0	0	0.0
ERR1713354	Acinetobacter baumannii AbaF	3004573	1	1	1.0	0	0.0
ERR1713354	AcrE	3000499	1	1	1.0	1	1.0
ERR1713354	AcrS	3000656	1	1	1.0	1	1.0
ERR1713354	ArnT	3005053	1	1	1.0	1	1.0
ERR1713354	CRP	3000518	1	1	1.0	0	0.0
ERR1713354	CfxA2	3003002	1	1	1.0	1	1.0
ERR1713354	CfxA6	3003097	1	1	1.0	1	1.0
ERR1713354	EC-8	3006881	1	1	1.0	1	1.0
ERR1713354	EreA2	3002826	1	1	1.0	1	1.0
ERR1713354	EreD	3004608	2	2	1.0	0	0.0
ERR1713354	ErmB	3000375	1	1	1.0	1	1.0
ERR1713354	Escherichia coli EF-Tu mutants conferring resistance to Pulvomycin	3003369	2	2	1.0	0	0.0
ERR1713354	Escherichia coli soxR with mutation conferring antibiotic resistance	3003381	1	1	1.0	1	1.0
ERR1713354	Escherichia coli soxS with mutation conferring antibiotic resistance	3003511	1	1	1.0	1	1.0
ERR1713354	FosI	3007370	2	2	1.0	1	0.5
ERR1713354	GES-5	3002334	1	1	1.0	0	0.0
ERR1713354	ICR-Mo	3004569	1	1	1.0	1	1.0
ERR1713354	Klebsiella pneumoniae KpnE	3004580	1	1	1.0	1	1.0
ERR1713354	Klebsiella pneumoniae KpnF	3004583	2	2	1.0	2	1.0
ERR1713354	OXA-10	3001405	1	1	1.0	1	1.0
ERR1713354	OXA-2	3001397	1	1	1.0	1	1.0
ERR1713354	OXA-347	3001777	1	1	1.0	1	1.0
ERR1713354	QnrS2	3002791	1	1	1.0	1	1.0
ERR1713354	TRU-1	3004450	1	1	1.0	0	0.0
ERR1713354	aadA10	3004692	1	1	1.0	1	1.0
ERR1713354	aadA27	3004682	1	1	1.0	1	1.0
ERR1713354	aadA5	3002605	1	1	1.0	1	1.0
ERR1713354	aadA6	3002606	1	1	1.0	1	1.0
ERR1713354	aadS	3004683	1	1	1.0	1	1.0
ERR1713354	adeF	3000777	5	5	1.0	3	0.6
ERR1713354	cpxA	3000830	1	1	1.0	1	1.0
ERR1713354	dfrF	3002867	1	1	1.0	1	1.0
ERR1713354	emrR	3000516	1	1	1.0	1	1.0
ERR1713354	emrY	3000254	1	1	1.0	0	0.0
ERR1713354	lnuB	3002836	1	1	1.0	1	1.0
ERR1713354	lnuC	3002837	1	1	1.0	1	1.0
ERR1713354	lsaE	3003206	1	1	1.0	1	1.0
ERR1713354	mdeA	3007011	1	1	1.0	1	1.0
ERR1713354	mdtE	3000795	1	1	1.0	1	1.0
ERR1713354	mefJ	3007049	1	1	1.0	1	1.0
ERR1713354	mphE	3003741	1	1	1.0	1	1.0
ERR1713354	mphG	3003742	1	1	1.0	0	0.0
ERR1713354	msrE	3003109	1	1	1.0	1	1.0
ERR1713354	qacG	3007015	6	6	1.0	4	0.6666666666666666
ERR1713354	qacJ	3007014	10	10	1.0	4	0.4
ERR1713354	rsmA	3005069	2	2	1.0	1	0.5
ERR1713354	tet(32)	3000196	1	1	1.0	1	1.0
ERR1713354	tet(39)	3000566	1	1	1.0	1	1.0
ERR1713354	tet(40)	3000567	1	1	1.0	0	0.0
ERR1713354	tet(M)	3000186	1	1	1.0	1	1.0
ERR1713354	tet(O)	3000190	2	2	1.0	1	0.5
ERR1713354	tet(Q)	3000191	1	1	1.0	1	1.0
ERR1713354	tet(S)	3000192	1	1	1.0	1	1.0
ERR1713354	tet(W)	3000194	1	1	1.0	0	0.0
ERR1713354	tet(X)	3000205	1	1	1.0	1	1.0
ERR1713354	vanG	3002909	1	1	1.0	0	0.0
ERR1713354	vanH gene in vanM cluster	3002947	1	1	1.0	0	0.0
ERR1713354	vanT gene in vanE cluster	3002971	1	1	1.0	0	0.0
ERR1713354	vanT gene in vanG cluster	3002972	12	12	1.0	1	0.08333333333333333
ERR1713354	vanU gene in vanG cluster	3004253	1	1	1.0	1	1.0
ERR1713354	vanW gene in vanG cluster	3002965	5	5	1.0	3	0.6
ERR1713354	vanW gene in vanI cluster	3003724	8	8	1.0	1	0.125
ERR1713354	vanY gene in vanB cluster	3002956	5	5	1.0	0	0.0
ERR1713354	vanY gene in vanF cluster	3002958	1	1	1.0	0	0.0
ERR1713354	vanY gene in vanG cluster	3002959	2	2	1.0	1	0.5
ERR1713354	vanY gene in vanM cluster	3002961	3	3	1.0	2	0.6666666666666666
ERR1713355	AAC(3)-IIc	3002535	1	1	1.0	1	1.0
ERR1713355	AAC(6')-31	3002585	1	1	1.0	0	0.0
ERR1713355	AAC(6')-IIa	3002594	1	1	1.0	1	1.0
ERR1713355	AAC(6')-Ib9	3002580	1	1	1.0	1	1.0
ERR1713355	AAC(6')-Ie-APH(2'')-Ia bifunctional protein	3002597	1	1	1.0	1	1.0
ERR1713355	ANT(3'')-IIc	3004091	1	1	1.0	1	1.0
ERR1713355	ANT(6)-Ia	3002626	1	1	1.0	1	1.0
ERR1713355	Acinetobacter baumannii AbaF	3004573	3	3	1.0	0	0.0
ERR1713355	AcrE	3000499	1	1	1.0	1	1.0
ERR1713355	AcrS	3000656	1	1	1.0	1	1.0
ERR1713355	ArnT	3005053	1	1	1.0	0	0.0
ERR1713355	CARB-16	3002255	1	1	1.0	1	1.0
ERR1713355	CARB-3	3002242	1	1	1.0	1	1.0
ERR1713355	CARB-4	3002243	1	1	1.0	1	1.0
ERR1713355	CMY-4	3002015	1	1	1.0	1	1.0
ERR1713355	CRP	3000518	1	1	1.0	0	0.0
ERR1713355	CfxA6	3003097	1	1	1.0	1	1.0
ERR1713355	EC-15	3006876	1	1	1.0	0	0.0
ERR1713355	EreA	3000361	1	1	1.0	1	1.0
ERR1713355	EreA2	3002826	1	1	1.0	0	0.0
ERR1713355	EreD	3004608	1	1	1.0	0	0.0
ERR1713355	ErmF	3000498	1	1	1.0	0	0.0
ERR1713355	Escherichia coli AcrAB-TolC with AcrR mutation conferring resistance to ciprofloxacin, tetracycline, and ceftazidime	3003807	1	1	1.0	1	1.0
ERR1713355	Escherichia coli AcrAB-TolC with MarR mutations conferring resistance to ciprofloxacin and tetracycline	3003378	1	1	1.0	1	1.0
ERR1713355	Escherichia coli acrA	3004043	1	1	1.0	1	1.0
ERR1713355	Escherichia coli soxR with mutation conferring antibiotic resistance	3003381	1	1	1.0	0	0.0
ERR1713355	Escherichia coli soxS with mutation conferring antibiotic resistance	3003511	1	1	1.0	0	0.0
ERR1713355	FosBx1	3007372	1	1	1.0	0	0.0
ERR1713355	FosH	3007369	2	2	1.0	1	0.5
ERR1713355	FosI	3007370	6	6	1.0	2	0.3333333333333333
ERR1713355	FosXCC	3003208	1	1	1.0	0	0.0
ERR1713355	GES-5	3002334	1	1	1.0	1	1.0
ERR1713355	H-NS	3000676	1	1	1.0	0	0.0
ERR1713355	Haemophilus influenzae PBP3 conferring resistance to beta-lactam antibiotics	3004446	1	1	1.0	0	0.0
ERR1713355	ICR-Mo	3004569	1	1	1.0	0	0.0
ERR1713355	Klebsiella pneumoniae KpnE	3004580	1	1	1.0	1	1.0
ERR1713355	Klebsiella pneumoniae KpnF	3004583	1	1	1.0	1	1.0
ERR1713355	LnuH	3004600	4	4	1.0	3	0.75
ERR1713355	Mrx	3003839	1	1	1.0	0	0.0
ERR1713355	Mycobacterium tuberculosis rpsL mutations conferring resistance to Streptomycin	3003395	1	1	1.0	0	0.0
ERR1713355	OXA-1	3001396	1	1	1.0	1	1.0
ERR1713355	OXA-10	3001405	1	1	1.0	0	0.0
ERR1713355	OXA-20	3001415	1	1	1.0	1	1.0
ERR1713355	OXA-333	3001521	1	1	1.0	0	0.0
ERR1713355	OXA-347	3001777	1	1	1.0	1	1.0
ERR1713355	OXA-50	3001796	1	1	1.0	0	0.0
ERR1713355	OXA-646	3005339	1	1	1.0	1	1.0
ERR1713355	OXA-732	3005937	1	1	1.0	1	1.0
ERR1713355	PmrF	3003578	1	1	1.0	0	0.0
ERR1713355	QnrS1	3002790	1	1	1.0	1	1.0
ERR1713355	QnrS2	3002791	1	1	1.0	1	1.0
ERR1713355	SAT-2	3002895	1	1	1.0	1	1.0
ERR1713355	VEB-1b	3003712	1	1	1.0	1	1.0
ERR1713355	aadA11	3002611	1	1	1.0	1	1.0
ERR1713355	aadA16	3002616	2	2	1.0	1	0.5
ERR1713355	aadA2	3002602	1	1	1.0	1	1.0
ERR1713355	aadA27	3004682	2	2	1.0	2	1.0
ERR1713355	aadA4	3002604	1	1	1.0	1	1.0
ERR1713355	aadA5	3002605	1	1	1.0	1	1.0
ERR1713355	aadA7	3002607	1	1	1.0	1	1.0
ERR1713355	aadS	3004683	1	1	1.0	1	1.0
ERR1713355	adeF	3000777	13	13	1.0	4	0.3076923076923077
ERR1713355	bacA	3002986	1	1	1.0	0	0.0
ERR1713355	catB3	3002676	1	1	1.0	1	1.0
ERR1713355	catQ	3002687	1	1	1.0	0	0.0
ERR1713355	cmlA5	3002695	1	1	1.0	1	1.0
ERR1713355	cmlA9	3005043	1	1	1.0	1	1.0
ERR1713355	cpxA	3000830	1	1	1.0	1	1.0
ERR1713355	dfrG	3002868	1	1	1.0	1	1.0
ERR1713355	emrA	3000027	1	1	1.0	1	1.0
ERR1713355	emrK	3000206	1	1	1.0	1	1.0
ERR1713355	emrR	3000516	2	2	1.0	2	1.0
ERR1713355	emrY	3000254	1	1	1.0	1	1.0
ERR1713355	evgA	3000832	1	1	1.0	1	1.0
ERR1713355	gadX	3000508	1	1	1.0	1	1.0
ERR1713355	linG	3002879	1	1	1.0	1	1.0
ERR1713355	lsaE	3003206	1	1	1.0	1	1.0
ERR1713355	marA	3000263	1	1	1.0	1	1.0
ERR1713355	mdtA	3000792	1	1	1.0	1	1.0
ERR1713355	mdtE	3000795	1	1	1.0	1	1.0
ERR1713355	mdtF	3000796	1	1	1.0	1	1.0
ERR1713355	mdtG	3001329	1	1	1.0	0	0.0
ERR1713355	mdtM	3001214	1	1	1.0	1	1.0
ERR1713355	mdtN	3003548	1	1	1.0	1	1.0
ERR1713355	mdtO	3003549	1	1	1.0	1	1.0
ERR1713355	mefH	3007047	1	1	1.0	1	1.0
ERR1713355	mefJ	3007049	1	1	1.0	1	1.0
ERR1713355	mphA	3000316	1	1	1.0	0	0.0
ERR1713355	mphE	3003741	1	1	1.0	1	1.0
ERR1713355	mphG	3003742	2	2	1.0	1	0.5
ERR1713355	msr(G)	3007042	1	1	1.0	1	1.0
ERR1713355	msrE	3003109	1	1	1.0	1	1.0
ERR1713355	nimE	3007107	1	1	1.0	0	0.0
ERR1713355	nimJ	3007112	3	3	1.0	2	0.6666666666666666
ERR1713355	patB	3000025	3	3	1.0	0	0.0
ERR1713355	qacEdelta1	3005010	1	1	1.0	1	1.0
ERR1713355	qacG	3007015	19	19	1.0	7	0.3684210526315789
ERR1713355	qacJ	3007014	16	16	1.0	4	0.25
ERR1713355	qacL	3005098	2	2	1.0	2	1.0
ERR1713355	rsmA	3005069	1	1	1.0	1	1.0
ERR1713355	tet(32)	3000196	1	1	1.0	1	1.0
ERR1713355	tet(36)	3000197	1	1	1.0	0	0.0
ERR1713355	tet(44)	3000556	2	2	1.0	1	0.5
ERR1713355	tet(M)	3000186	1	1	1.0	1	1.0
ERR1713355	tet(O)	3000190	2	2	1.0	1	0.5
ERR1713355	tet(Q)	3000191	1	1	1.0	1	1.0
ERR1713355	tet(S)	3000192	1	1	1.0	1	1.0
ERR1713355	tet(X)	3000205	1	1	1.0	0	0.0
ERR1713355	tetB(P)	3000195	1	1	1.0	0	0.0
ERR1713355	vanG	3002909	7	7	1.0	1	0.14285714285714285
ERR1713355	vanH gene in vanA cluster	3002942	1	1	1.0	0	0.0
ERR1713355	vanH gene in vanB cluster	3002943	2	2	1.0	2	1.0
ERR1713355	vanH gene in vanF cluster	3002945	1	1	1.0	0	0.0
ERR1713355	vanH gene in vanM cluster	3002947	1	1	1.0	0	0.0
ERR1713355	vanH gene in vanO cluster	3002948	6	6	1.0	1	0.16666666666666666
ERR1713355	vanR gene in vanG cluster	3002926	1	1	1.0	1	1.0
ERR1713355	vanT gene in vanC cluster	3002970	1	1	1.0	0	0.0
ERR1713355	vanT gene in vanE cluster	3002971	2	2	1.0	0	0.0
ERR1713355	vanT gene in vanG cluster	3002972	40	40	1.0	7	0.175
ERR1713355	vanU gene in vanG cluster	3004253	1	1	1.0	1	1.0
ERR1713355	vanW gene in vanG cluster	3002965	10	10	1.0	2	0.2
ERR1713355	vanW gene in vanI cluster	3003724	41	41	1.0	10	0.24390243902439024
ERR1713355	vanX gene in vanP cluster	3007190	1	1	1.0	0	0.0
ERR1713355	vanXY gene in vanG cluster	3003069	2	2	1.0	1	0.5
ERR1713355	vanY gene in vanA cluster	3002955	5	5	1.0	0	0.0
ERR1713355	vanY gene in vanB cluster	3002956	28	28	1.0	13	0.4642857142857143
ERR1713355	vanY gene in vanF cluster	3002958	8	8	1.0	3	0.375
ERR1713355	vanY gene in vanG cluster	3002959	6	6	1.0	1	0.16666666666666666
ERR1713355	vanY gene in vanM cluster	3002961	5	5	1.0	0	0.0
ERR1713358	ANT(6)-Ia	3002626	1	0	0.0	0	0.0
ERR1713358	ArnT	3005053	1	0	0.0	0	0.0
ERR1713358	CARB-3	3002242	1	0	0.0	0	0.0
ERR1713358	CfxA2	3003002	1	1	1.0	1	1.0
ERR1713358	EreA	3000361	1	0	0.0	0	0.0
ERR1713358	EreD	3004608	2	0	0.0	0	0.0
ERR1713358	ErmF	3000498	1	0	0.0	0	0.0
ERR1713358	GES-5	3002334	1	0	0.0	0	0.0
ERR1713358	LnuH	3004600	4	1	0.25	1	0.25
ERR1713358	Mycobacterium tuberculosis rpsL mutations conferring resistance to Streptomycin	3003395	1	0	0.0	0	0.0
ERR1713358	OXA-10	3001405	1	1	1.0	1	1.0
ERR1713358	OXA-129	3001811	1	0	0.0	0	0.0
ERR1713358	OXA-2	3001397	1	1	1.0	1	1.0
ERR1713358	OXA-205	3001483	1	1	1.0	1	1.0
ERR1713358	OXA-21	3001416	1	0	0.0	0	0.0
ERR1713358	OXA-46	3001797	1	0	0.0	0	0.0
ERR1713358	OXA-641	3005333	1	0	0.0	0	0.0
ERR1713358	OXA-652	3005868	1	0	0.0	0	0.0
ERR1713358	OXA-732	3005937	1	0	0.0	0	0.0
ERR1713358	RCP-1	3003563	1	0	0.0	0	0.0
ERR1713358	aadA10	3004692	1	1	1.0	1	1.0
ERR1713358	aadA11	3002611	1	0	0.0	0	0.0
ERR1713358	aadA16	3002616	1	0	0.0	0	0.0
ERR1713358	aadA2	3002602	1	0	0.0	0	0.0
ERR1713358	aadA23	3002620	1	0	0.0	0	0.0
ERR1713358	aadA4	3002604	1	0	0.0	0	0.0
ERR1713358	aadA7	3002607	1	0	0.0	0	0.0
ERR1713358	aadS	3004683	1	0	0.0	0	0.0
ERR1713358	adeF	3000777	16	0	0.0	0	0.0
ERR1713358	catB2	3002675	1	0	0.0	0	0.0
ERR1713358	catB3	3002676	1	1	1.0	1	1.0
ERR1713358	catB8	3002680	1	0	0.0	0	0.0
ERR1713358	catQ	3002687	1	0	0.0	0	0.0
ERR1713358	cmlA5	3002695	1	1	1.0	1	1.0
ERR1713358	cmlA9	3005043	1	1	1.0	1	1.0
ERR1713358	cmx	3002703	1	1	1.0	1	1.0
ERR1713358	linG	3002879	2	1	0.5	1	0.5
ERR1713358	lnuB	3002836	1	1	1.0	1	1.0
ERR1713358	lsaE	3003206	1	1	1.0	1	1.0
ERR1713358	mphE	3003741	1	0	0.0	0	0.0
ERR1713358	msrE	3003109	1	0	0.0	0	0.0
ERR1713358	nimA	3007104	1	0	0.0	0	0.0
ERR1713358	nimE	3007107	3	0	0.0	0	0.0
ERR1713358	nimF	3007108	1	0	0.0	0	0.0
ERR1713358	nimG	3007109	4	0	0.0	0	0.0
ERR1713358	nimJ	3007112	4	0	0.0	0	0.0
ERR1713358	qacEdelta1	3005010	1	0	0.0	0	0.0
ERR1713358	qacG	3007015	12	1	0.08333333333333333	1	0.08333333333333333
ERR1713358	qacJ	3007014	3	0	0.0	0	0.0
ERR1713358	qacL	3005098	2	0	0.0	0	0.0
ERR1713358	rsmA	3005069	1	0	0.0	0	0.0
ERR1713358	sul1	3000410	1	0	0.0	0	0.0
ERR1713358	sul4	3004361	1	0	0.0	0	0.0
ERR1713358	tet(32)	3000196	1	1	1.0	1	1.0
ERR1713358	tet(36)	3000197	2	0	0.0	0	0.0
ERR1713358	tet(39)	3000566	1	1	1.0	1	1.0
ERR1713358	tet(M)	3000186	1	0	0.0	0	0.0
ERR1713358	tet(O)	3000190	2	0	0.0	0	0.0
ERR1713358	tet(Q)	3000191	3	0	0.0	0	0.0
ERR1713358	tet(W)	3000194	1	0	0.0	0	0.0
ERR1713358	tet(W/N/W)	3004442	1	0	0.0	0	0.0
ERR1713358	tet(X)	3000205	1	0	0.0	0	0.0
ERR1713358	vanG	3002909	1	0	0.0	0	0.0
ERR1713358	vanH gene in vanB cluster	3002943	3	0	0.0	0	0.0
ERR1713358	vanT gene in vanG cluster	3002972	55	0	0.0	0	0.0
ERR1713358	vanW gene in vanB cluster	3002964	2	0	0.0	0	0.0
ERR1713358	vanW gene in vanG cluster	3002965	1	0	0.0	0	0.0
ERR1713358	vanW gene in vanI cluster	3003724	42	0	0.0	0	0.0
ERR1713358	vanY gene in vanA cluster	3002955	3	0	0.0	0	0.0
ERR1713358	vanY gene in vanB cluster	3002956	7	0	0.0	0	0.0
ERR1713358	vanY gene in vanF cluster	3002958	9	0	0.0	0	0.0
ERR1713358	vanY gene in vanM cluster	3002961	11	0	0.0	0	0.0
ERR1713359	Acinetobacter baumannii AbaQ	3004574	6	6	1.0	3	0.5
ERR1713359	ArnT	3005053	13	13	1.0	4	0.3076923076923077
ERR1713359	CARB-16	3002255	1	1	1.0	1	1.0
ERR1713359	FosA8	3007371	2	2	1.0	1	0.5
ERR1713359	ICR-Mo	3004569	1	1	1.0	0	0.0
ERR1713359	OXA-10	3001405	1	1	1.0	1	1.0
ERR1713359	Pseudomonas aeruginosa soxR	3004107	3	3	1.0	1	0.3333333333333333
ERR1713359	adeF	3000777	19	19	1.0	9	0.47368421052631576
ERR1713359	catQ	3002687	1	1	1.0	0	0.0
ERR1713359	mphE	3003741	1	1	1.0	1	1.0
ERR1713359	msrE	3003109	1	1	1.0	1	1.0
ERR1713359	nimJ	3007112	2	2	1.0	1	0.5
ERR1713359	qacE	3005009	1	1	1.0	1	1.0
ERR1713359	qacG	3007015	1	1	1.0	1	1.0
ERR1713359	qacJ	3007014	8	8	1.0	2	0.25
ERR1713359	tet(32)	3000196	1	1	1.0	1	1.0
ERR1713359	tet(39)	3000566	1	1	1.0	0	0.0
ERR1713359	tet(40)	3000567	1	1	1.0	1	1.0
ERR1713359	tet(44)	3000556	1	1	1.0	0	0.0
ERR1713359	tet(H)	3000175	1	1	1.0	1	1.0
ERR1713359	tet(M)	3000186	1	1	1.0	1	1.0
ERR1713359	tet(O)	3000190	2	2	1.0	2	1.0
ERR1713359	tet(Q)	3000191	1	1	1.0	1	1.0
ERR1713359	tet(W)	3000194	1	1	1.0	1	1.0
ERR1713359	vanG	3002909	4	4	1.0	3	0.75
ERR1713359	vanT gene in vanG cluster	3002972	1	1	1.0	0	0.0
ERR1713359	vanW gene in vanI cluster	3003724	1	1	1.0	1	1.0
ERR1713359	vanY gene in vanB cluster	3002956	1	1	1.0	0	0.0
ERR1713359	vanY gene in vanG cluster	3002959	1	1	1.0	0	0.0
ERR1713359	vanY gene in vanM cluster	3002961	1	1	1.0	0	0.0
ERR1713361	ErmF	3000498	1	1	1.0	0	0.0
ERR1713361	ErmG	3000522	1	1	1.0	0	0.0
ERR1713361	aadA11	3002611	1	1	1.0	1	1.0
ERR1713361	aadS	3004683	1	1	1.0	1	1.0
ERR1713361	adeF	3000777	1	1	1.0	0	0.0
ERR1713361	lnuB	3002836	1	1	1.0	1	1.0
ERR1713361	mphE	3003741	1	1	1.0	1	1.0
ERR1713361	msrE	3003109	1	1	1.0	1	1.0
ERR1713361	qacG	3007015	1	1	1.0	0	0.0
ERR1713361	qacJ	3007014	1	1	1.0	0	0.0
ERR1713361	qacL	3005098	1	1	1.0	1	1.0
ERR1713361	tet(32)	3000196	1	1	1.0	1	1.0
ERR1713361	tet(M)	3000186	1	1	1.0	0	0.0
ERR1713361	tet(O)	3000190	1	1	1.0	1	1.0
ERR1713361	tet(W)	3000194	1	1	1.0	1	1.0
ERR1713361	vanT gene in vanG cluster	3002972	2	2	1.0	1	0.5
ERR1713361	vanW gene in vanI cluster	3003724	1	1	1.0	0	0.0
ERR1713361	vanY gene in vanB cluster	3002956	1	1	1.0	0	0.0
ERR1713362	AAC(3)-IIe	3004621	1	1	1.0	1	1.0
ERR1713362	AAC(6')-IIa	3002594	1	1	1.0	0	0.0
ERR1713362	AAC(6')-Ib4	3002577	1	1	1.0	1	1.0
ERR1713362	ACI-1	3004359	1	1	1.0	0	0.0
ERR1713362	ANT(2'')-Ia	3000230	1	1	1.0	1	1.0
ERR1713362	ANT(3'')-IIa	3004089	1	1	1.0	1	1.0
ERR1713362	ANT(6)-Ia	3002626	1	1	1.0	1	1.0
ERR1713362	ANT(6)-Ib	3002629	1	1	1.0	1	1.0
ERR1713362	AcrE	3000499	1	1	1.0	0	0.0
ERR1713362	AcrF	3000502	1	1	1.0	0	0.0
ERR1713362	AcrS	3000656	1	1	1.0	0	0.0
ERR1713362	ArnT	3005053	6	6	1.0	2	0.3333333333333333
ERR1713362	Bifidobacterium adolescentis rpoB mutants conferring resistance to rifampicin	3004480	1	1	1.0	0	0.0
ERR1713362	CMY-132	3003652	1	1	1.0	1	1.0
ERR1713362	CRP	3000518	3	3	1.0	2	0.6666666666666666
ERR1713362	CTX-M-15	3001878	1	1	1.0	1	1.0
ERR1713362	CblA-1	3002999	1	1	1.0	0	0.0
ERR1713362	CfxA2	3003002	1	1	1.0	1	1.0
ERR1713362	DHA-1	3002132	1	1	1.0	0	0.0
ERR1713362	EC-15	3006876	1	1	1.0	0	0.0
ERR1713362	EreA	3000361	1	1	1.0	0	0.0
ERR1713362	EreA2	3002826	1	1	1.0	1	1.0
ERR1713362	EreB	3000363	1	1	1.0	0	0.0
ERR1713362	EreD	3004608	2	2	1.0	0	0.0
ERR1713362	ErmF	3000498	1	1	1.0	1	1.0
ERR1713362	ErmX	3000596	1	1	1.0	1	1.0
ERR1713362	Escherichia coli AcrAB-TolC with AcrR mutation conferring resistance to ciprofloxacin, tetracycline, and ceftazidime	3003807	1	1	1.0	0	0.0
ERR1713362	Escherichia coli AcrAB-TolC with MarR mutations conferring resistance to ciprofloxacin and tetracycline	3003378	3	3	1.0	3	1.0
ERR1713362	Escherichia coli EF-Tu mutants conferring resistance to Pulvomycin	3003369	3	3	1.0	0	0.0
ERR1713362	Escherichia coli GlpT with mutation conferring resistance to fosfomycin	3003889	1	1	1.0	1	1.0
ERR1713362	Escherichia coli UhpT with mutation conferring resistance to fosfomycin	3003890	2	2	1.0	1	0.5
ERR1713362	Escherichia coli acrA	3004043	1	1	1.0	0	0.0
ERR1713362	Escherichia coli emrE	3004039	1	1	1.0	1	1.0
ERR1713362	Escherichia coli mdfA	3001328	1	1	1.0	1	1.0
ERR1713362	Escherichia coli nfsA mutations conferring resistance to nitrofurantoin	3003751	1	1	1.0	1	1.0
ERR1713362	Escherichia coli soxR with mutation conferring antibiotic resistance	3003381	1	1	1.0	1	1.0
ERR1713362	Escherichia coli soxS with mutation conferring antibiotic resistance	3003511	1	1	1.0	1	1.0
ERR1713362	FosA2	3002804	1	1	1.0	1	1.0
ERR1713362	FosA6	3004111	1	1	1.0	1	1.0
ERR1713362	FosG	3007368	1	1	1.0	0	0.0
ERR1713362	FosI	3007370	2	2	1.0	0	0.0
ERR1713362	FosXCC	3003208	2	2	1.0	1	0.5
ERR1713362	GES-1	3002330	1	1	1.0	1	1.0
ERR1713362	H-NS	3000676	3	3	1.0	3	1.0
ERR1713362	Haemophilus influenzae PBP3 conferring resistance to beta-lactam antibiotics	3004446	2	2	1.0	0	0.0
ERR1713362	ICR-Mo	3004569	1	1	1.0	0	0.0
ERR1713362	Klebsiella pneumoniae KpnE	3004580	3	3	1.0	3	1.0
ERR1713362	Klebsiella pneumoniae KpnF	3004583	4	4	1.0	4	1.0
ERR1713362	Klebsiella pneumoniae KpnG	3004588	2	2	1.0	1	0.5
ERR1713362	Klebsiella pneumoniae KpnH	3004597	3	3	1.0	1	0.3333333333333333
ERR1713362	LnuH	3004600	1	1	1.0	1	1.0
ERR1713362	LptD	3005059	1	1	1.0	0	0.0
ERR1713362	Mef(En2)	3004659	1	1	1.0	1	1.0
ERR1713362	Mrx	3003839	1	1	1.0	1	1.0
ERR1713362	OKP-B-45	3006151	1	1	1.0	1	1.0
ERR1713362	OXA-10	3001405	1	1	1.0	1	1.0
ERR1713362	OXA-2	3001397	1	1	1.0	1	1.0
ERR1713362	OXA-347	3001777	1	1	1.0	0	0.0
ERR1713362	OXA-392	3001578	1	1	1.0	1	1.0
ERR1713362	OXA-732	3005937	1	1	1.0	1	1.0
ERR1713362	OmpA	3005044	1	1	1.0	1	1.0
ERR1713362	PAU-1	3006964	1	1	1.0	1	1.0
ERR1713362	PmrF	3003578	1	1	1.0	1	1.0
ERR1713362	QnrB38	3002753	1	1	1.0	1	1.0
ERR1713362	QnrS1	3002790	1	1	1.0	1	1.0
ERR1713362	QnrS2	3002791	1	1	1.0	1	1.0
ERR1713362	QnrVC1	3002799	1	1	1.0	1	1.0
ERR1713362	QnrVC4	3002801	1	1	1.0	1	1.0
ERR1713362	RSA-1	3004444	1	1	1.0	1	1.0
ERR1713362	RSD2-2	3006983	1	1	1.0	1	1.0
ERR1713362	SHV-1	3001059	1	1	1.0	1	1.0
ERR1713362	VEB-1	3002370	1	1	1.0	1	1.0
ERR1713362	VEB-19	3006214	1	1	1.0	0	0.0
ERR1713362	YojI	3003952	1	1	1.0	1	1.0
ERR1713362	aadA	3002601	1	1	1.0	1	1.0
ERR1713362	aadA13	3002613	1	1	1.0	1	1.0
ERR1713362	aadA5	3002605	1	1	1.0	1	1.0
ERR1713362	acrB	3000216	1	1	1.0	0	0.0
ERR1713362	acrD	3000491	1	1	1.0	0	0.0
ERR1713362	adeF	3000777	18	18	1.0	3	0.16666666666666666
ERR1713362	arr-2	3002847	1	1	1.0	0	0.0
ERR1713362	baeR	3000828	2	2	1.0	2	1.0
ERR1713362	baeS	3000829	1	1	1.0	1	1.0
ERR1713362	catQ	3002687	1	1	1.0	1	1.0
ERR1713362	cmlA5	3002695	1	1	1.0	1	1.0
ERR1713362	cmlA9	3005043	1	1	1.0	1	1.0
ERR1713362	cpxA	3000830	1	1	1.0	1	1.0
ERR1713362	dfrA1	3002854	1	1	1.0	1	1.0
ERR1713362	dfrA14	3002859	1	1	1.0	1	1.0
ERR1713362	dfrA17	3002860	1	1	1.0	1	1.0
ERR1713362	dfrB5	3004549	1	1	1.0	0	0.0
ERR1713362	dfrF	3002867	1	1	1.0	1	1.0
ERR1713362	emrA	3000027	1	1	1.0	1	1.0
ERR1713362	emrB	3000074	2	2	1.0	2	1.0
ERR1713362	emrR	3000516	3	3	1.0	3	1.0
ERR1713362	emrY	3000254	1	1	1.0	1	1.0
ERR1713362	eptA	3003576	1	1	1.0	1	1.0
ERR1713362	eptB	3005047	2	2	1.0	2	1.0
ERR1713362	evgA	3000832	1	1	1.0	1	1.0
ERR1713362	fosA5	3003209	1	1	1.0	0	0.0
ERR1713362	gadX	3000508	1	1	1.0	1	1.0
ERR1713362	kdpE	3003841	1	1	1.0	1	1.0
ERR1713362	leuO	3003843	4	4	1.0	2	0.5
ERR1713362	lnuB	3002836	1	1	1.0	1	1.0
ERR1713362	lnuC	3002837	1	1	1.0	0	0.0
ERR1713362	lsaE	3003206	1	1	1.0	1	1.0
ERR1713362	marA	3000263	3	3	1.0	3	1.0
ERR1713362	mdtA	3000792	1	1	1.0	1	1.0
ERR1713362	mdtC	3000794	1	1	1.0	1	1.0
ERR1713362	mdtE	3000795	1	1	1.0	1	1.0
ERR1713362	mdtG	3001329	1	1	1.0	1	1.0
ERR1713362	mdtH	3001216	1	1	1.0	1	1.0
ERR1713362	mdtM	3001214	1	1	1.0	0	0.0
ERR1713362	mdtN	3003548	1	1	1.0	1	1.0
ERR1713362	mdtO	3003549	1	1	1.0	1	1.0
ERR1713362	mdtP	3003550	1	1	1.0	1	1.0
ERR1713362	mphA	3000316	1	1	1.0	1	1.0
ERR1713362	mphE	3003741	1	1	1.0	1	1.0
ERR1713362	mphG	3003742	1	1	1.0	0	0.0
ERR1713362	msbA	3003950	3	3	1.0	1	0.3333333333333333
ERR1713362	msrE	3003109	1	1	1.0	1	1.0
ERR1713362	nimA	3007104	1	1	1.0	0	0.0
ERR1713362	nimB	3004655	1	1	1.0	0	0.0
ERR1713362	nimD	3007106	1	1	1.0	0	0.0
ERR1713362	nimE	3007107	4	4	1.0	1	0.25
ERR1713362	nimG	3007109	6	6	1.0	1	0.16666666666666666
ERR1713362	nimI	3007111	1	1	1.0	0	0.0
ERR1713362	nimJ	3007112	14	14	1.0	3	0.21428571428571427
ERR1713362	oqxA	3003922	3	3	1.0	3	1.0
ERR1713362	patB	3000025	1	1	1.0	1	1.0
ERR1713362	poxtA	3004470	1	1	1.0	0	0.0
ERR1713362	qacEdelta1	3005010	1	1	1.0	1	1.0
ERR1713362	qacG	3007015	11	11	1.0	4	0.36363636363636365
ERR1713362	qacJ	3007014	9	9	1.0	3	0.3333333333333333
ERR1713362	qacL	3005098	2	2	1.0	2	1.0
ERR1713362	ramA	3000823	1	1	1.0	1	1.0
ERR1713362	rsmA	3005069	8	8	1.0	3	0.375
ERR1713362	sul1	3000410	1	1	1.0	1	1.0
ERR1713362	sul4	3004361	1	1	1.0	1	1.0
ERR1713362	tet(32)	3000196	1	1	1.0	1	1.0
ERR1713362	tet(36)	3000197	1	1	1.0	1	1.0
ERR1713362	tet(39)	3000566	1	1	1.0	1	1.0
ERR1713362	tet(44)	3000556	1	1	1.0	1	1.0
ERR1713362	tet(C)	3000167	1	1	1.0	1	1.0
ERR1713362	tet(M)	3000186	1	1	1.0	1	1.0
ERR1713362	tet(O)	3000190	2	2	1.0	2	1.0
ERR1713362	tet(Q)	3000191	4	4	1.0	3	0.75
ERR1713362	tet(W)	3000194	1	1	1.0	1	1.0
ERR1713362	tet(W/N/W)	3004442	1	1	1.0	1	1.0
ERR1713362	tetB(P)	3000195	1	1	1.0	1	1.0
ERR1713362	vanG	3002909	9	9	1.0	4	0.4444444444444444
ERR1713362	vanH gene in vanB cluster	3002943	2	2	1.0	0	0.0
ERR1713362	vanH gene in vanO cluster	3002948	3	3	1.0	0	0.0
ERR1713362	vanT gene in vanG cluster	3002972	61	61	1.0	6	0.09836065573770492
ERR1713362	vanU gene in vanG cluster	3004253	1	1	1.0	1	1.0
ERR1713362	vanW gene in vanB cluster	3002964	1	1	1.0	0	0.0
ERR1713362	vanW gene in vanG cluster	3002965	2	2	1.0	0	0.0
ERR1713362	vanW gene in vanI cluster	3003724	40	40	1.0	5	0.125
ERR1713362	vanXY gene in vanG cluster	3003069	1	1	1.0	1	1.0
ERR1713362	vanY gene in vanA cluster	3002955	2	2	1.0	0	0.0
ERR1713362	vanY gene in vanB cluster	3002956	20	20	1.0	5	0.25
ERR1713362	vanY gene in vanF cluster	3002958	1	1	1.0	0	0.0
ERR1713362	vanY gene in vanG cluster	3002959	6	6	1.0	2	0.3333333333333333
ERR1713362	vanY gene in vanM cluster	3002961	3	3	1.0	2	0.6666666666666666
ERR1713365	AAC(6')-Ig	3002554	1	1	1.0	0	0.0
ERR1713365	ANT(2'')-Ia	3000230	1	1	1.0	1	1.0
ERR1713365	ANT(3'')-IIc	3004091	2	2	1.0	0	0.0
ERR1713365	CfxA2	3003002	1	1	1.0	1	1.0
ERR1713365	EreD	3004608	1	1	1.0	1	1.0
ERR1713365	ErmF	3000498	1	1	1.0	1	1.0
ERR1713365	FosH	3007369	1	1	1.0	1	1.0
ERR1713365	FosI	3007370	1	1	1.0	0	0.0
ERR1713365	GES-2	3002331	1	1	1.0	0	0.0
ERR1713365	ICR-Mo	3004569	1	1	1.0	0	0.0
ERR1713365	OXA-10	3001405	1	1	1.0	1	1.0
ERR1713365	OXA-119	3001775	1	1	1.0	1	1.0
ERR1713365	OXA-129	3001811	1	1	1.0	1	1.0
ERR1713365	OXA-2	3001397	1	1	1.0	1	1.0
ERR1713365	OXA-20	3001415	1	1	1.0	1	1.0
ERR1713365	OXA-392	3001578	1	1	1.0	1	1.0
ERR1713365	OXA-651	3005867	1	1	1.0	1	1.0
ERR1713365	RCP-1	3003563	1	1	1.0	1	1.0
ERR1713365	aadA27	3004682	1	1	1.0	1	1.0
ERR1713365	aadA3	3002603	1	1	1.0	1	1.0
ERR1713365	aadA5	3002605	1	1	1.0	1	1.0
ERR1713365	aadA6	3002606	1	1	1.0	1	1.0
ERR1713365	aadA7	3002607	1	1	1.0	1	1.0
ERR1713365	aadS	3004683	2	2	1.0	1	0.5
ERR1713365	adeF	3000777	5	5	1.0	2	0.4
ERR1713365	cmlA5	3002695	1	1	1.0	1	1.0
ERR1713365	mefJ	3007049	1	1	1.0	1	1.0
ERR1713365	mphE	3003741	1	1	1.0	1	1.0
ERR1713365	mphG	3003742	3	3	1.0	0	0.0
ERR1713365	msrE	3003109	1	1	1.0	1	1.0
ERR1713365	qacG	3007015	10	10	1.0	5	0.5
ERR1713365	qacJ	3007014	13	13	1.0	4	0.3076923076923077
ERR1713365	qacL	3005098	2	2	1.0	2	1.0
ERR1713365	tet(39)	3000566	1	1	1.0	1	1.0
ERR1713365	tet(O)	3000190	1	1	1.0	1	1.0
ERR1713365	tet(Q)	3000191	1	1	1.0	1	1.0
ERR1713365	tet(W)	3000194	1	1	1.0	1	1.0
ERR1713365	tet(X)	3000205	1	1	1.0	1	1.0
ERR1713365	vanH gene in vanM cluster	3002947	1	1	1.0	0	0.0
ERR1713365	vanT gene in vanG cluster	3002972	8	8	1.0	1	0.125
ERR1713365	vanW gene in vanB cluster	3002964	1	1	1.0	1	1.0
ERR1713365	vanW gene in vanG cluster	3002965	4	4	1.0	2	0.5
ERR1713365	vanW gene in vanI cluster	3003724	1	1	1.0	0	0.0
ERR1713365	vanY gene in vanB cluster	3002956	1	1	1.0	0	0.0
ERR1713365	vanY gene in vanG cluster	3002959	1	1	1.0	0	0.0
ERR1713365	vanY gene in vanM cluster	3002961	1	1	1.0	0	0.0
ERR1713366	EreD	3004608	1	0	0.0	0	0.0
ERR1713366	ErmF	3000498	1	0	0.0	0	0.0
ERR1713366	H-NS	3000676	1	0	0.0	0	0.0
ERR1713366	OXA-652	3005868	1	0	0.0	0	0.0
ERR1713366	aadA11	3002611	1	0	0.0	0	0.0
ERR1713366	aadS	3004683	1	0	0.0	0	0.0
ERR1713366	lnuB	3002836	1	0	0.0	0	0.0
ERR1713366	mphE	3003741	1	0	0.0	0	0.0
ERR1713366	msrE	3003109	1	0	0.0	0	0.0
ERR1713366	qacJ	3007014	1	0	0.0	0	0.0
ERR1713366	tet(O)	3000190	1	0	0.0	0	0.0
ERR1713366	tet(W)	3000194	1	0	0.0	0	0.0
ERR1713366	vanT gene in vanG cluster	3002972	1	0	0.0	0	0.0
ERR1713366	vanW gene in vanG cluster	3002965	1	0	0.0	0	0.0
ERR1713366	vanY gene in vanB cluster	3002956	1	0	0.0	0	0.0
ERR1713367	AAC(3)-IIc	3002535	1	1	1.0	1	1.0
ERR1713367	AAC(6')-IIa	3002594	1	0	0.0	0	0.0
ERR1713367	AIM-1	3000853	1	0	0.0	0	0.0
ERR1713367	ANT(2'')-Ia	3000230	1	1	1.0	1	1.0
ERR1713367	ANT(3'')-IIc	3004091	1	0	0.0	0	0.0
ERR1713367	BEL-1	3002385	1	1	1.0	1	1.0
ERR1713367	Campylobacter coli chloramphenicol acetyltransferase	3004454	1	1	1.0	1	1.0
ERR1713367	CfxA2	3003002	1	1	1.0	1	1.0
ERR1713367	CfxA6	3003097	1	0	0.0	0	0.0
ERR1713367	EBR-4	3005462	1	0	0.0	0	0.0
ERR1713367	EreA2	3002826	1	0	0.0	0	0.0
ERR1713367	EreD	3004608	1	0	0.0	0	0.0
ERR1713367	Erm(47)	3003908	1	0	0.0	0	0.0
ERR1713367	ErmF	3000498	1	1	1.0	1	1.0
ERR1713367	FosH	3007369	1	0	0.0	0	0.0
ERR1713367	FosI	3007370	1	0	0.0	0	0.0
ERR1713367	GES-5	3002334	1	0	0.0	0	0.0
ERR1713367	ICR-Mo	3004569	1	0	0.0	0	0.0
ERR1713367	LnuH	3004600	4	1	0.25	1	0.25
ERR1713367	MOX-9	3002191	1	0	0.0	0	0.0
ERR1713367	Mef(En2)	3004659	1	0	0.0	0	0.0
ERR1713367	Mrx	3003839	1	1	1.0	1	1.0
ERR1713367	Mycobacterium tuberculosis rpsL mutations conferring resistance to Streptomycin	3003395	1	0	0.0	0	0.0
ERR1713367	NPS-1	3004239	1	0	0.0	0	0.0
ERR1713367	OXA-129	3001811	1	0	0.0	0	0.0
ERR1713367	OXA-2	3001397	1	1	1.0	1	1.0
ERR1713367	OXA-20	3001415	1	0	0.0	0	0.0
ERR1713367	OXA-205	3001483	1	0	0.0	0	0.0
ERR1713367	OXA-296	3001751	1	0	0.0	0	0.0
ERR1713367	OXA-333	3001521	1	1	1.0	1	1.0
ERR1713367	OXA-347	3001777	1	0	0.0	0	0.0
ERR1713367	OXA-58	3001611	1	1	1.0	1	1.0
ERR1713367	OXA-644	3005864	1	0	0.0	0	0.0
ERR1713367	Pseudomonas aeruginosa soxR	3004107	1	0	0.0	0	0.0
ERR1713367	QnrS2	3002791	1	1	1.0	1	1.0
ERR1713367	QnrVC4	3002801	1	0	0.0	0	0.0
ERR1713367	RCP-1	3003563	1	0	0.0	0	0.0
ERR1713367	TRU-1	3004450	1	0	0.0	0	0.0
ERR1713367	VEB-9	3002378	1	1	1.0	1	1.0
ERR1713367	aadA10	3004692	1	0	0.0	0	0.0
ERR1713367	aadA13	3002613	1	0	0.0	0	0.0
ERR1713367	aadA27	3004682	1	1	1.0	1	1.0
ERR1713367	aadA6	3002606	1	0	0.0	0	0.0
ERR1713367	aadA7	3002607	1	0	0.0	0	0.0
ERR1713367	aadS	3004683	1	0	0.0	0	0.0
ERR1713367	adeF	3000777	8	0	0.0	0	0.0
ERR1713367	arr-3	3002848	1	1	1.0	1	1.0
ERR1713367	arr-8	3002853	1	1	1.0	1	1.0
ERR1713367	catB3	3002676	1	0	0.0	0	0.0
ERR1713367	catQ	3002687	1	0	0.0	0	0.0
ERR1713367	cmlA5	3002695	1	1	1.0	1	1.0
ERR1713367	lnuB	3002836	1	0	0.0	0	0.0
ERR1713367	lsaE	3003206	1	0	0.0	0	0.0
ERR1713367	mefJ	3007049	1	0	0.0	0	0.0
ERR1713367	mphA	3000316	1	1	1.0	1	1.0
ERR1713367	mphE	3003741	1	0	0.0	0	0.0
ERR1713367	mphG	3003742	3	0	0.0	0	0.0
ERR1713367	msrE	3003109	1	0	0.0	0	0.0
ERR1713367	nimJ	3007112	1	0	0.0	0	0.0
ERR1713367	patB	3000025	1	0	0.0	0	0.0
ERR1713367	qacE	3005009	1	0	0.0	0	0.0
ERR1713367	qacG	3007015	20	0	0.0	0	0.0
ERR1713367	qacJ	3007014	19	3	0.15789473684210525	3	0.15789473684210525
ERR1713367	qacL	3005098	1	0	0.0	0	0.0
ERR1713367	rsmA	3005069	1	0	0.0	0	0.0
ERR1713367	tet(32)	3000196	1	0	0.0	0	0.0
ERR1713367	tet(36)	3000197	1	0	0.0	0	0.0
ERR1713367	tet(39)	3000566	1	1	1.0	1	1.0
ERR1713367	tet(44)	3000556	2	0	0.0	0	0.0
ERR1713367	tet(O)	3000190	2	0	0.0	0	0.0
ERR1713367	tet(Q)	3000191	3	0	0.0	0	0.0
ERR1713367	tet(W)	3000194	1	0	0.0	0	0.0
ERR1713367	tet(X)	3000205	1	1	1.0	1	1.0
ERR1713367	vanG	3002909	3	0	0.0	0	0.0
ERR1713367	vanH gene in vanM cluster	3002947	1	0	0.0	0	0.0
ERR1713367	vanT gene in vanG cluster	3002972	34	0	0.0	0	0.0
ERR1713367	vanW gene in vanG cluster	3002965	15	0	0.0	0	0.0
ERR1713367	vanW gene in vanI cluster	3003724	14	0	0.0	0	0.0
ERR1713367	vanY gene in vanA cluster	3002955	1	0	0.0	0	0.0
ERR1713367	vanY gene in vanB cluster	3002956	11	0	0.0	0	0.0
ERR1713367	vanY gene in vanG cluster	3002959	3	0	0.0	0	0.0
ERR1713367	vanY gene in vanM cluster	3002961	6	0	0.0	0	0.0
ERR1713368	AAC(3)-IIc	3002535	1	0	0.0	0	0.0
ERR1713368	AAC(6')-IIa	3002594	1	0	0.0	0	0.0
ERR1713368	AAC(6')-IIc	3002596	1	0	0.0	0	0.0
ERR1713368	AAC(6')-Ib4	3002577	1	0	0.0	0	0.0
ERR1713368	AAC(6')-Ie-APH(2'')-Ia bifunctional protein	3002597	1	1	1.0	1	1.0
ERR1713368	AIM-1	3000853	1	0	0.0	0	0.0
ERR1713368	ANT(2'')-Ia	3000230	1	1	1.0	1	1.0
ERR1713368	ANT(3'')-IIb	3004090	1	0	0.0	0	0.0
ERR1713368	ANT(3'')-IIc	3004091	2	1	0.5	1	0.5
ERR1713368	APH(2'')-Ie	3002634	1	0	0.0	0	0.0
ERR1713368	APH(3')-IIIa	3002647	1	0	0.0	0	0.0
ERR1713368	APH(3')-IXa	3004087	1	0	0.0	0	0.0
ERR1713368	APH(3')-VIa	3002652	1	0	0.0	0	0.0
ERR1713368	Acinetobacter baumannii AbaQ	3004574	1	0	0.0	0	0.0
ERR1713368	AcrS	3000656	1	0	0.0	0	0.0
ERR1713368	ArnT	3005053	3	0	0.0	0	0.0
ERR1713368	CARB-12	3002250	1	0	0.0	0	0.0
ERR1713368	CTX-M-3	3001866	1	0	0.0	0	0.0
ERR1713368	Campylobacter coli chloramphenicol acetyltransferase	3004454	1	0	0.0	0	0.0
ERR1713368	CfxA3	3003003	1	1	1.0	1	1.0
ERR1713368	CfxA6	3003097	1	0	0.0	0	0.0
ERR1713368	EBR-2	3004463	1	0	0.0	0	0.0
ERR1713368	EC-8	3006881	1	0	0.0	0	0.0
ERR1713368	EreA	3000361	1	1	1.0	1	1.0
ERR1713368	EreA2	3002826	1	0	0.0	0	0.0
ERR1713368	EreD	3004608	2	0	0.0	0	0.0
ERR1713368	ErmB	3000375	1	1	1.0	1	1.0
ERR1713368	ErmF	3000498	1	0	0.0	0	0.0
ERR1713368	ErmG	3000522	1	0	0.0	0	0.0
ERR1713368	Escherichia coli EF-Tu mutants conferring resistance to Pulvomycin	3003369	1	0	0.0	0	0.0
ERR1713368	Escherichia coli soxR with mutation conferring antibiotic resistance	3003381	1	1	1.0	1	1.0
ERR1713368	Escherichia coli soxS with mutation conferring antibiotic resistance	3003511	1	1	1.0	1	1.0
ERR1713368	FosA6	3004111	1	0	0.0	0	0.0
ERR1713368	FosA8	3007371	1	0	0.0	0	0.0
ERR1713368	FosI	3007370	4	0	0.0	0	0.0
ERR1713368	GES-2	3002331	1	0	0.0	0	0.0
ERR1713368	H-NS	3000676	1	0	0.0	0	0.0
ERR1713368	ICR-Mo	3004569	1	0	0.0	0	0.0
ERR1713368	Klebsiella pneumoniae KpnE	3004580	1	0	0.0	0	0.0
ERR1713368	Klebsiella pneumoniae KpnF	3004583	1	0	0.0	0	0.0
ERR1713368	LnuH	3004600	5	1	0.2	1	0.2
ERR1713368	Mef(En2)	3004659	1	0	0.0	0	0.0
ERR1713368	Mrx	3003839	1	1	1.0	1	1.0
ERR1713368	OXA-1	3001396	1	0	0.0	0	0.0
ERR1713368	OXA-20	3001415	1	0	0.0	0	0.0
ERR1713368	OXA-205	3001483	1	0	0.0	0	0.0
ERR1713368	OXA-21	3001416	1	1	1.0	1	1.0
ERR1713368	OXA-296	3001751	1	0	0.0	0	0.0
ERR1713368	OXA-347	3001777	1	0	0.0	0	0.0
ERR1713368	OXA-58	3001611	1	0	0.0	0	0.0
ERR1713368	QnrD1	3002788	1	0	0.0	0	0.0
ERR1713368	QnrS2	3002791	1	0	0.0	0	0.0
ERR1713368	QnrVC4	3002801	1	0	0.0	0	0.0
ERR1713368	SAT-4	3002897	1	0	0.0	0	0.0
ERR1713368	VEB-3	3002372	1	0	0.0	0	0.0
ERR1713368	aad(6)	3002628	1	0	0.0	0	0.0
ERR1713368	aadA16	3002616	1	0	0.0	0	0.0
ERR1713368	aadA27	3004682	1	1	1.0	1	1.0
ERR1713368	aadA5	3002605	1	0	0.0	0	0.0
ERR1713368	aadA6	3002606	1	0	0.0	0	0.0
ERR1713368	aadS	3004683	1	0	0.0	0	0.0
ERR1713368	adeF	3000777	10	1	0.1	1	0.1
ERR1713368	aphA15	3004675	1	0	0.0	0	0.0
ERR1713368	bacA	3002986	1	0	0.0	0	0.0
ERR1713368	catB3	3002676	1	0	0.0	0	0.0
ERR1713368	catQ	3002687	1	0	0.0	0	0.0
ERR1713368	cfrC	3004146	1	0	0.0	0	0.0
ERR1713368	cmlA5	3002695	1	0	0.0	0	0.0
ERR1713368	cmlA9	3005043	1	1	1.0	1	1.0
ERR1713368	cpxA	3000830	1	0	0.0	0	0.0
ERR1713368	dfrA14	3002859	1	0	0.0	0	0.0
ERR1713368	dfrF	3002867	1	0	0.0	0	0.0
ERR1713368	emrA	3000027	1	0	0.0	0	0.0
ERR1713368	emrK	3000206	1	0	0.0	0	0.0
ERR1713368	emrR	3000516	1	0	0.0	0	0.0
ERR1713368	gadX	3000508	1	0	0.0	0	0.0
ERR1713368	leuO	3003843	2	0	0.0	0	0.0
ERR1713368	lnuB	3002836	1	0	0.0	0	0.0
ERR1713368	lnuG	3004085	1	1	1.0	1	1.0
ERR1713368	lsaE	3003206	1	0	0.0	0	0.0
ERR1713368	mdeA	3007011	1	0	0.0	0	0.0
ERR1713368	mdtE	3000795	1	0	0.0	0	0.0
ERR1713368	mdtH	3001216	1	0	0.0	0	0.0
ERR1713368	mdtN	3003548	1	1	1.0	1	1.0
ERR1713368	mdtP	3003550	1	0	0.0	0	0.0
ERR1713368	mefF	3007044	1	1	1.0	1	1.0
ERR1713368	mefJ	3007049	1	0	0.0	0	0.0
ERR1713368	mphA	3000316	1	1	1.0	1	1.0
ERR1713368	mphE	3003741	1	1	1.0	1	1.0
ERR1713368	mphG	3003742	4	1	0.25	1	0.25
ERR1713368	msbA	3003950	1	0	0.0	0	0.0
ERR1713368	msr(G)	3007042	1	1	1.0	1	1.0
ERR1713368	msrE	3003109	1	1	1.0	1	1.0
ERR1713368	nimJ	3007112	1	1	1.0	1	1.0
ERR1713368	patB	3000025	1	0	0.0	0	0.0
ERR1713368	qacG	3007015	15	2	0.13333333333333333	2	0.13333333333333333
ERR1713368	qacJ	3007014	21	2	0.09523809523809523	2	0.09523809523809523
ERR1713368	qacL	3005098	2	0	0.0	0	0.0
ERR1713368	rsmA	3005069	1	0	0.0	0	0.0
ERR1713368	sul1	3000410	1	0	0.0	0	0.0
ERR1713368	tet(32)	3000196	1	0	0.0	0	0.0
ERR1713368	tet(36)	3000197	1	0	0.0	0	0.0
ERR1713368	tet(39)	3000566	1	1	1.0	1	1.0
ERR1713368	tet(44)	3000556	2	0	0.0	0	0.0
ERR1713368	tet(M)	3000186	1	0	0.0	0	0.0
ERR1713368	tet(O)	3000190	1	1	1.0	1	1.0
ERR1713368	tet(Q)	3000191	3	2	0.6666666666666666	2	0.6666666666666666
ERR1713368	tet(S)	3000192	1	0	0.0	0	0.0
ERR1713368	tet(W)	3000194	1	1	1.0	1	1.0
ERR1713368	tet(X)	3000205	1	0	0.0	0	0.0
ERR1713368	vanG	3002909	4	0	0.0	0	0.0
ERR1713368	vanH gene in vanA cluster	3002942	1	0	0.0	0	0.0
ERR1713368	vanH gene in vanB cluster	3002943	1	0	0.0	0	0.0
ERR1713368	vanH gene in vanM cluster	3002947	1	0	0.0	0	0.0
ERR1713368	vanH gene in vanO cluster	3002948	1	0	0.0	0	0.0
ERR1713368	vanT gene in vanG cluster	3002972	27	0	0.0	0	0.0
ERR1713368	vanW gene in vanB cluster	3002964	1	0	0.0	0	0.0
ERR1713368	vanW gene in vanG cluster	3002965	14	1	0.07142857142857142	1	0.07142857142857142
ERR1713368	vanW gene in vanI cluster	3003724	10	0	0.0	0	0.0
ERR1713368	vanXY gene in vanG cluster	3003069	1	0	0.0	0	0.0
ERR1713368	vanY gene in vanA cluster	3002955	1	0	0.0	0	0.0
ERR1713368	vanY gene in vanB cluster	3002956	15	0	0.0	0	0.0
ERR1713368	vanY gene in vanG cluster	3002959	4	0	0.0	0	0.0
ERR1713368	vanY gene in vanM cluster	3002961	7	0	0.0	0	0.0
ERR1713369	AAC(3)-IId	3004623	1	1	1.0	1	1.0
ERR1713369	AAC(6')-Ib9	3002580	1	1	1.0	1	1.0
ERR1713369	AAC(6')-Ie-APH(2'')-Ia bifunctional protein	3002597	1	1	1.0	0	0.0
ERR1713369	ANT(2'')-Ia	3000230	1	1	1.0	1	1.0
ERR1713369	ANT(3'')-IIc	3004091	2	2	1.0	1	0.5
ERR1713369	ANT(6)-Ia	3002626	1	1	1.0	1	1.0
ERR1713369	AcrE	3000499	1	1	1.0	1	1.0
ERR1713369	AcrS	3000656	1	1	1.0	1	1.0
ERR1713369	ArnT	3005053	1	1	1.0	0	0.0
ERR1713369	CARB-3	3002242	1	1	1.0	1	1.0
ERR1713369	CARB-4	3002243	1	1	1.0	1	1.0
ERR1713369	CARB-8	3002247	1	1	1.0	1	1.0
ERR1713369	CMY-4	3002015	1	1	1.0	1	1.0
ERR1713369	CRP	3000518	3	3	1.0	0	0.0
ERR1713369	CfxA5	3003096	1	1	1.0	1	1.0
ERR1713369	CfxA6	3003097	1	1	1.0	1	1.0
ERR1713369	EC-14	3006875	1	1	1.0	1	1.0
ERR1713369	EreA	3000361	1	1	1.0	0	0.0
ERR1713369	EreD	3004608	2	2	1.0	0	0.0
ERR1713369	Erm(51)	3007033	1	1	1.0	0	0.0
ERR1713369	ErmT	3000595	2	2	1.0	2	1.0
ERR1713369	ErmX	3000596	1	1	1.0	1	1.0
ERR1713369	Escherichia coli AcrAB-TolC with AcrR mutation conferring resistance to ciprofloxacin, tetracycline, and ceftazidime	3003807	1	1	1.0	0	0.0
ERR1713369	Escherichia coli AcrAB-TolC with MarR mutations conferring resistance to ciprofloxacin and tetracycline	3003378	2	2	1.0	1	0.5
ERR1713369	Escherichia coli EF-Tu mutants conferring resistance to Pulvomycin	3003369	1	1	1.0	0	0.0
ERR1713369	Escherichia coli acrA	3004043	1	1	1.0	0	0.0
ERR1713369	Escherichia coli soxR with mutation conferring antibiotic resistance	3003381	1	1	1.0	0	0.0
ERR1713369	Escherichia coli soxS with mutation conferring antibiotic resistance	3003511	1	1	1.0	0	0.0
ERR1713369	FosA6	3004111	1	1	1.0	1	1.0
ERR1713369	FosA8	3007371	1	1	1.0	0	0.0
ERR1713369	FosBx1	3007372	1	1	1.0	0	0.0
ERR1713369	FosH	3007369	2	2	1.0	1	0.5
ERR1713369	FosI	3007370	4	4	1.0	0	0.0
ERR1713369	GES-5	3002334	1	1	1.0	1	1.0
ERR1713369	ICR-Mo	3004569	2	2	1.0	0	0.0
ERR1713369	Klebsiella pneumoniae KpnE	3004580	1	1	1.0	0	0.0
ERR1713369	Klebsiella pneumoniae KpnF	3004583	1	1	1.0	1	1.0
ERR1713369	Klebsiella pneumoniae KpnH	3004597	1	1	1.0	0	0.0
ERR1713369	LnuH	3004600	5	5	1.0	5	1.0
ERR1713369	Mrx	3003839	1	1	1.0	1	1.0
ERR1713369	Mycobacterium tuberculosis rpsL mutations conferring resistance to Streptomycin	3003395	1	1	1.0	0	0.0
ERR1713369	NPS-1	3004239	1	1	1.0	1	1.0
ERR1713369	OXA-10	3001405	1	1	1.0	0	0.0
ERR1713369	OXA-101	3001439	1	1	1.0	1	1.0
ERR1713369	OXA-2	3001397	1	1	1.0	1	1.0
ERR1713369	OXA-205	3001483	1	1	1.0	0	0.0
ERR1713369	OXA-347	3001777	1	1	1.0	1	1.0
ERR1713369	OXA-392	3001578	1	1	1.0	1	1.0
ERR1713369	OXA-58	3001611	1	1	1.0	1	1.0
ERR1713369	OXA-650	3005866	1	1	1.0	1	1.0
ERR1713369	OXA-651	3005867	1	1	1.0	1	1.0
ERR1713369	OXA-732	3005937	1	1	1.0	1	1.0
ERR1713369	QnrS2	3002791	1	1	1.0	1	1.0
ERR1713369	QnrVC4	3002801	1	1	1.0	1	1.0
ERR1713369	SAT-4	3002897	1	1	1.0	0	0.0
ERR1713369	VEB-1	3002370	1	1	1.0	1	1.0
ERR1713369	aadA11	3002611	1	1	1.0	1	1.0
ERR1713369	aadA16	3002616	1	1	1.0	1	1.0
ERR1713369	aadA2	3002602	1	1	1.0	1	1.0
ERR1713369	aadA27	3004682	1	1	1.0	1	1.0
ERR1713369	aadA5	3002605	1	1	1.0	1	1.0
ERR1713369	aadA6	3002606	1	1	1.0	1	1.0
ERR1713369	aadA7	3002607	1	1	1.0	1	1.0
ERR1713369	aadS	3004683	1	1	1.0	0	0.0
ERR1713369	adeF	3000777	9	9	1.0	1	0.1111111111111111
ERR1713369	bacA	3002986	1	1	1.0	0	0.0
ERR1713369	baeR	3000828	1	1	1.0	1	1.0
ERR1713369	catB2	3002675	1	1	1.0	1	1.0
ERR1713369	catQ	3002687	1	1	1.0	1	1.0
ERR1713369	cmlA5	3002695	1	1	1.0	1	1.0
ERR1713369	cmlA9	3005043	1	1	1.0	1	1.0
ERR1713369	dfrA1	3002854	1	1	1.0	1	1.0
ERR1713369	dfrA14	3002859	1	1	1.0	1	1.0
ERR1713369	dfrA19	3003015	1	1	1.0	0	0.0
ERR1713369	dfrA5	3002861	1	1	1.0	1	1.0
ERR1713369	dfrB5	3004549	1	1	1.0	1	1.0
ERR1713369	dfrF	3002867	1	1	1.0	1	1.0
ERR1713369	dfrG	3002868	1	1	1.0	1	1.0
ERR1713369	emrR	3000516	1	1	1.0	1	1.0
ERR1713369	floR	3002705	1	1	1.0	1	1.0
ERR1713369	gadX	3000508	1	1	1.0	1	1.0
ERR1713369	kdpE	3003841	1	1	1.0	0	0.0
ERR1713369	leuO	3003843	1	1	1.0	1	1.0
ERR1713369	lnuB	3002836	1	1	1.0	1	1.0
ERR1713369	lnuD	3002838	1	1	1.0	1	1.0
ERR1713369	lsaE	3003206	1	1	1.0	1	1.0
ERR1713369	mdtE	3000795	1	1	1.0	1	1.0
ERR1713369	mdtG	3001329	1	1	1.0	1	1.0
ERR1713369	mdtN	3003548	1	1	1.0	1	1.0
ERR1713369	mefH	3007047	1	1	1.0	1	1.0
ERR1713369	mefJ	3007049	1	1	1.0	0	0.0
ERR1713369	mphA	3000316	1	1	1.0	1	1.0
ERR1713369	mphE	3003741	1	1	1.0	1	1.0
ERR1713369	mphG	3003742	2	2	1.0	1	0.5
ERR1713369	msrE	3003109	1	1	1.0	1	1.0
ERR1713369	nimA	3007104	1	1	1.0	1	1.0
ERR1713369	nimE	3007107	1	1	1.0	1	1.0
ERR1713369	nimG	3007109	1	1	1.0	0	0.0
ERR1713369	nimI	3007111	1	1	1.0	0	0.0
ERR1713369	nimJ	3007112	3	3	1.0	2	0.6666666666666666
ERR1713369	patB	3000025	1	1	1.0	1	1.0
ERR1713369	qacEdelta1	3005010	1	1	1.0	1	1.0
ERR1713369	qacG	3007015	13	13	1.0	5	0.38461538461538464
ERR1713369	qacJ	3007014	14	14	1.0	3	0.21428571428571427
ERR1713369	qacL	3005098	1	1	1.0	1	1.0
ERR1713369	rsmA	3005069	3	3	1.0	2	0.6666666666666666
ERR1713369	sul4	3004361	1	1	1.0	1	1.0
ERR1713369	tet(32)	3000196	2	2	1.0	2	1.0
ERR1713369	tet(36)	3000197	1	1	1.0	1	1.0
ERR1713369	tet(39)	3000566	1	1	1.0	1	1.0
ERR1713369	tet(44)	3000556	2	2	1.0	2	1.0
ERR1713369	tet(D)	3000168	1	1	1.0	1	1.0
ERR1713369	tet(H)	3000175	1	1	1.0	1	1.0
ERR1713369	tet(M)	3000186	1	1	1.0	1	1.0
ERR1713369	tet(O)	3000190	2	2	1.0	2	1.0
ERR1713369	tet(Q)	3000191	6	6	1.0	4	0.6666666666666666
ERR1713369	tet(S)	3000192	1	1	1.0	1	1.0
ERR1713369	tet(W/N/W)	3004442	1	1	1.0	1	1.0
ERR1713369	tet(X)	3000205	1	1	1.0	0	0.0
ERR1713369	tetB(P)	3000195	1	1	1.0	0	0.0
ERR1713369	vanG	3002909	4	4	1.0	0	0.0
ERR1713369	vanH gene in vanB cluster	3002943	1	1	1.0	1	1.0
ERR1713369	vanH gene in vanM cluster	3002947	1	1	1.0	0	0.0
ERR1713369	vanH gene in vanO cluster	3002948	2	2	1.0	0	0.0
ERR1713369	vanT gene in vanG cluster	3002972	27	27	1.0	2	0.07407407407407407
ERR1713369	vanU gene in vanG cluster	3004253	1	1	1.0	1	1.0
ERR1713369	vanW gene in vanG cluster	3002965	7	7	1.0	2	0.2857142857142857
ERR1713369	vanW gene in vanI cluster	3003724	24	24	1.0	5	0.20833333333333334
ERR1713369	vanXY gene in vanG cluster	3003069	1	1	1.0	0	0.0
ERR1713369	vanY gene in vanA cluster	3002955	1	1	1.0	0	0.0
ERR1713369	vanY gene in vanB cluster	3002956	13	13	1.0	8	0.6153846153846154
ERR1713369	vanY gene in vanF cluster	3002958	4	4	1.0	1	0.25
ERR1713369	vanY gene in vanG cluster	3002959	5	5	1.0	1	0.2
ERR1713369	vanY gene in vanM cluster	3002961	6	6	1.0	3	0.5
ERR1713370	AAC(3)-IIc	3002535	1	1	1.0	1	1.0
ERR1713370	AAC(3)-IId	3004623	1	1	1.0	1	1.0
ERR1713370	AAC(6')-Ie-APH(2'')-Ia bifunctional protein	3002597	1	0	0.0	0	0.0
ERR1713370	ACI-1	3004359	1	1	1.0	0	0.0
ERR1713370	ANT(2'')-Ia	3000230	1	1	1.0	1	1.0
ERR1713370	ANT(3'')-IIa	3004089	1	1	1.0	1	1.0
ERR1713370	ANT(3'')-IIc	3004091	1	1	1.0	1	1.0
ERR1713370	APH(3')-Ia	3002641	1	0	0.0	0	0.0
ERR1713370	APH(3')-Ib	3002642	1	0	0.0	0	0.0
ERR1713370	APH(3')-VIa	3002652	1	0	0.0	0	0.0
ERR1713370	APH(6)-Id	3002660	1	1	1.0	1	1.0
ERR1713370	AcrE	3000499	1	1	1.0	1	1.0
ERR1713370	AcrF	3000502	1	1	1.0	1	1.0
ERR1713370	AcrS	3000656	1	0	0.0	0	0.0
ERR1713370	ArnT	3005053	2	0	0.0	0	0.0
ERR1713370	CARB-16	3002255	1	0	0.0	0	0.0
ERR1713370	CARB-3	3002242	1	0	0.0	0	0.0
ERR1713370	CRP	3000518	1	0	0.0	0	0.0
ERR1713370	Campylobacter coli chloramphenicol acetyltransferase	3004454	1	0	0.0	0	0.0
ERR1713370	CfxA3	3003003	1	0	0.0	0	0.0
ERR1713370	CfxA6	3003097	1	0	0.0	0	0.0
ERR1713370	EC-15	3006876	1	0	0.0	0	0.0
ERR1713370	EreA	3000361	2	1	0.5	1	0.5
ERR1713370	EreA2	3002826	1	0	0.0	0	0.0
ERR1713370	ErmF	3000498	1	0	0.0	0	0.0
ERR1713370	ErmG	3000522	1	1	1.0	1	1.0
ERR1713370	ErmT	3000595	1	0	0.0	0	0.0
ERR1713370	ErmX	3000596	1	1	1.0	1	1.0
ERR1713370	Escherichia coli AcrAB-TolC with AcrR mutation conferring resistance to ciprofloxacin, tetracycline, and ceftazidime	3003807	1	0	0.0	0	0.0
ERR1713370	Escherichia coli AcrAB-TolC with MarR mutations conferring resistance to ciprofloxacin and tetracycline	3003378	2	0	0.0	0	0.0
ERR1713370	Escherichia coli acrA	3004043	1	0	0.0	0	0.0
ERR1713370	Escherichia coli mdfA	3001328	1	0	0.0	0	0.0
ERR1713370	Escherichia coli nfsA mutations conferring resistance to nitrofurantoin	3003751	1	0	0.0	0	0.0
ERR1713370	Escherichia coli soxR with mutation conferring antibiotic resistance	3003381	1	0	0.0	0	0.0
ERR1713370	Escherichia coli soxS with mutation conferring antibiotic resistance	3003511	1	0	0.0	0	0.0
ERR1713370	GES-2	3002331	1	1	1.0	1	1.0
ERR1713370	H-NS	3000676	1	0	0.0	0	0.0
ERR1713370	Haemophilus influenzae PBP3 conferring resistance to beta-lactam antibiotics	3004446	1	0	0.0	0	0.0
ERR1713370	Klebsiella pneumoniae KpnG	3004588	1	0	0.0	0	0.0
ERR1713370	LnuH	3004600	2	0	0.0	0	0.0
ERR1713370	Mrx	3003839	1	1	1.0	1	1.0
ERR1713370	OXA-10	3001405	1	0	0.0	0	0.0
ERR1713370	OXA-119	3001775	1	0	0.0	0	0.0
ERR1713370	OXA-2	3001397	1	0	0.0	0	0.0
ERR1713370	OXA-392	3001578	1	0	0.0	0	0.0
ERR1713370	OXA-46	3001797	1	0	0.0	0	0.0
ERR1713370	OXA-58	3001611	1	0	0.0	0	0.0
ERR1713370	OXA-732	3005937	1	1	1.0	1	1.0
ERR1713370	PmrF	3003578	1	1	1.0	1	1.0
ERR1713370	QnrS1	3002790	1	0	0.0	0	0.0
ERR1713370	QnrVC4	3002801	1	0	0.0	0	0.0
ERR1713370	SAT-4	3002897	2	0	0.0	0	0.0
ERR1713370	VEB-1	3002370	1	0	0.0	0	0.0
ERR1713370	Vibrio anguillarum chloramphenicol acetyltransferase	3004460	1	0	0.0	0	0.0
ERR1713370	aadA16	3002616	1	0	0.0	0	0.0
ERR1713370	aadA27	3004682	2	1	0.5	1	0.5
ERR1713370	aadA5	3002605	1	0	0.0	0	0.0
ERR1713370	aadA6	3002606	1	0	0.0	0	0.0
ERR1713370	adeF	3000777	18	0	0.0	0	0.0
ERR1713370	baeR	3000828	2	0	0.0	0	0.0
ERR1713370	baeS	3000829	1	0	0.0	0	0.0
ERR1713370	catB11	3004660	1	0	0.0	0	0.0
ERR1713370	catB3	3002676	1	1	1.0	1	1.0
ERR1713370	catQ	3002687	1	0	0.0	0	0.0
ERR1713370	cmlA9	3005043	1	1	1.0	1	1.0
ERR1713370	cmx	3002703	1	0	0.0	0	0.0
ERR1713370	cpxA	3000830	1	0	0.0	0	0.0
ERR1713370	dfrA14	3002859	1	1	1.0	1	1.0
ERR1713370	emrA	3000027	1	1	1.0	1	1.0
ERR1713370	emrR	3000516	1	1	1.0	1	1.0
ERR1713370	evgA	3000832	1	0	0.0	0	0.0
ERR1713370	evgS	3000833	1	0	0.0	0	0.0
ERR1713370	floR	3002705	1	1	1.0	1	1.0
ERR1713370	gadX	3000508	1	0	0.0	0	0.0
ERR1713370	leuO	3003843	2	0	0.0	0	0.0
ERR1713370	linG	3002879	1	0	0.0	0	0.0
ERR1713370	lnuB	3002836	1	1	1.0	1	1.0
ERR1713370	lnuC	3002837	1	1	1.0	0	0.0
ERR1713370	lnuD	3002838	1	0	0.0	0	0.0
ERR1713370	lnuF	3002839	1	1	1.0	1	1.0
ERR1713370	lsaE	3003206	1	1	1.0	1	1.0
ERR1713370	marA	3000263	1	0	0.0	0	0.0
ERR1713370	mdtE	3000795	1	0	0.0	0	0.0
ERR1713370	mdtF	3000796	1	0	0.0	0	0.0
ERR1713370	mdtM	3001214	1	0	0.0	0	0.0
ERR1713370	mdtN	3003548	1	1	1.0	1	1.0
ERR1713370	mdtO	3003549	1	1	1.0	1	1.0
ERR1713370	mdtP	3003550	1	1	1.0	1	1.0
ERR1713370	mphA	3000316	1	1	1.0	1	1.0
ERR1713370	mphE	3003741	1	1	1.0	1	1.0
ERR1713370	mphG	3003742	1	0	0.0	0	0.0
ERR1713370	msbA	3003950	1	0	0.0	0	0.0
ERR1713370	msrE	3003109	1	1	1.0	1	1.0
ERR1713370	nimA	3007104	3	0	0.0	0	0.0
ERR1713370	nimB	3004655	2	0	0.0	0	0.0
ERR1713370	nimE	3007107	2	0	0.0	0	0.0
ERR1713370	nimG	3007109	7	0	0.0	0	0.0
ERR1713370	nimJ	3007112	7	1	0.14285714285714285	1	0.14285714285714285
ERR1713370	poxtA	3004470	1	0	0.0	0	0.0
ERR1713370	qacEdelta1	3005010	1	1	1.0	1	1.0
ERR1713370	qacG	3007015	12	1	0.08333333333333333	1	0.08333333333333333
ERR1713370	qacJ	3007014	4	0	0.0	0	0.0
ERR1713370	qacL	3005098	2	0	0.0	0	0.0
ERR1713370	rsmA	3005069	1	0	0.0	0	0.0
ERR1713370	sul2	3000412	1	1	1.0	1	1.0
ERR1713370	sul3	3000413	1	0	0.0	0	0.0
ERR1713370	sul4	3004361	2	0	0.0	0	0.0
ERR1713370	tet(32)	3000196	1	1	1.0	1	1.0
ERR1713370	tet(36)	3000197	3	0	0.0	0	0.0
ERR1713370	tet(39)	3000566	1	1	1.0	1	1.0
ERR1713370	tet(40)	3000567	1	0	0.0	0	0.0
ERR1713370	tet(44)	3000556	1	0	0.0	0	0.0
ERR1713370	tet(C)	3000167	1	1	1.0	1	1.0
ERR1713370	tet(M)	3000186	1	0	0.0	0	0.0
ERR1713370	tet(O)	3000190	2	0	0.0	0	0.0
ERR1713370	tet(Q)	3000191	3	0	0.0	0	0.0
ERR1713370	tet(S)	3000192	1	0	0.0	0	0.0
ERR1713370	tet(W)	3000194	1	1	1.0	1	1.0
ERR1713370	tet(W/N/W)	3004442	1	0	0.0	0	0.0
ERR1713370	tet(X)	3000205	1	0	0.0	0	0.0
ERR1713370	tetB(P)	3000195	1	0	0.0	0	0.0
ERR1713370	vanT gene in vanG cluster	3002972	64	0	0.0	0	0.0
ERR1713370	vanW gene in vanG cluster	3002965	1	0	0.0	0	0.0
ERR1713370	vanW gene in vanI cluster	3003724	45	0	0.0	0	0.0
ERR1713370	vanX gene in vanA cluster	3002949	2	0	0.0	0	0.0
ERR1713370	vanX gene in vanP cluster	3007190	1	0	0.0	0	0.0
ERR1713370	vanXY gene in vanG cluster	3003069	1	0	0.0	0	0.0
ERR1713370	vanY gene in vanA cluster	3002955	1	0	0.0	0	0.0
ERR1713370	vanY gene in vanB cluster	3002956	1	0	0.0	0	0.0
ERR1713370	vanY gene in vanF cluster	3002958	1	0	0.0	0	0.0
ERR1713370	vanY gene in vanM cluster	3002961	1	0	0.0	0	0.0
ERR1713371	Acinetobacter baumannii AbaQ	3004574	7	1	0.14285714285714285	1	0.14285714285714285
ERR1713371	AcrE	3000499	1	0	0.0	0	0.0
ERR1713371	AcrF	3000502	1	0	0.0	0	0.0
ERR1713371	AcrS	3000656	1	0	0.0	0	0.0
ERR1713371	ArnT	3005053	24	0	0.0	0	0.0
ERR1713371	CARB-16	3002255	1	0	0.0	0	0.0
ERR1713371	CMY-136	3004854	1	0	0.0	0	0.0
ERR1713371	CRP	3000518	2	0	0.0	0	0.0
ERR1713371	CfxA2	3003002	1	0	0.0	0	0.0
ERR1713371	CfxA6	3003097	1	0	0.0	0	0.0
ERR1713371	EC-14	3006875	1	0	0.0	0	0.0
ERR1713371	EreA	3000361	1	0	0.0	0	0.0
ERR1713371	EreD	3004608	1	0	0.0	0	0.0
ERR1713371	ErmF	3000498	1	1	1.0	1	1.0
ERR1713371	Escherichia coli AcrAB-TolC with AcrR mutation conferring resistance to ciprofloxacin, tetracycline, and ceftazidime	3003807	1	0	0.0	0	0.0
ERR1713371	Escherichia coli AcrAB-TolC with MarR mutations conferring resistance to ciprofloxacin and tetracycline	3003378	1	0	0.0	0	0.0
ERR1713371	Escherichia coli EF-Tu mutants conferring resistance to Pulvomycin	3003369	3	0	0.0	0	0.0
ERR1713371	Escherichia coli GlpT with mutation conferring resistance to fosfomycin	3003889	1	0	0.0	0	0.0
ERR1713371	Escherichia coli UhpT with mutation conferring resistance to fosfomycin	3003890	1	0	0.0	0	0.0
ERR1713371	Escherichia coli acrA	3004043	1	0	0.0	0	0.0
ERR1713371	Escherichia coli emrE	3004039	1	0	0.0	0	0.0
ERR1713371	Escherichia coli mdfA	3001328	1	0	0.0	0	0.0
ERR1713371	Escherichia coli soxR with mutation conferring antibiotic resistance	3003381	1	1	1.0	1	1.0
ERR1713371	Escherichia coli soxS with mutation conferring antibiotic resistance	3003511	1	1	1.0	1	1.0
ERR1713371	FosA2	3002804	1	0	0.0	0	0.0
ERR1713371	FosA6	3004111	1	0	0.0	0	0.0
ERR1713371	FosA8	3007371	5	2	0.4	2	0.4
ERR1713371	FosI	3007370	2	0	0.0	0	0.0
ERR1713371	FosXCC	3003208	1	0	0.0	0	0.0
ERR1713371	GES-5	3002334	1	0	0.0	0	0.0
ERR1713371	H-NS	3000676	2	0	0.0	0	0.0
ERR1713371	Haemophilus influenzae PBP3 conferring resistance to beta-lactam antibiotics	3004446	3	0	0.0	0	0.0
ERR1713371	Klebsiella pneumoniae KpnE	3004580	2	0	0.0	0	0.0
ERR1713371	Klebsiella pneumoniae KpnF	3004583	2	0	0.0	0	0.0
ERR1713371	Klebsiella pneumoniae KpnG	3004588	1	1	1.0	1	1.0
ERR1713371	Klebsiella pneumoniae KpnH	3004597	3	0	0.0	0	0.0
ERR1713371	Mrx	3003839	1	1	1.0	1	1.0
ERR1713371	OXA-1	3001396	1	0	0.0	0	0.0
ERR1713371	OXA-2	3001397	1	0	0.0	0	0.0
ERR1713371	OXA-347	3001777	1	1	1.0	1	1.0
ERR1713371	OXA-644	3005864	1	0	0.0	0	0.0
ERR1713371	Pseudomonas aeruginosa soxR	3004107	3	1	0.3333333333333333	1	0.3333333333333333
ERR1713371	QnrS2	3002791	1	1	1.0	1	1.0
ERR1713371	RAHN-2	3006980	1	1	1.0	1	1.0
ERR1713371	VEB-9	3002378	1	0	0.0	0	0.0
ERR1713371	aadA2	3002602	1	0	0.0	0	0.0
ERR1713371	aadA5	3002605	1	0	0.0	0	0.0
ERR1713371	aadS	3004683	1	1	1.0	1	1.0
ERR1713371	acrB	3000216	1	0	0.0	0	0.0
ERR1713371	acrD	3000491	1	0	0.0	0	0.0
ERR1713371	adeF	3000777	34	7	0.20588235294117646	7	0.20588235294117646
ERR1713371	arr-3	3002848	1	0	0.0	0	0.0
ERR1713371	bacA	3002986	1	0	0.0	0	0.0
ERR1713371	baeR	3000828	2	1	0.5	1	0.5
ERR1713371	baeS	3000829	1	1	1.0	1	1.0
ERR1713371	catB3	3002676	1	0	0.0	0	0.0
ERR1713371	catQ	3002687	1	0	0.0	0	0.0
ERR1713371	cmlA5	3002695	1	0	0.0	0	0.0
ERR1713371	cpxA	3000830	1	0	0.0	0	0.0
ERR1713371	dfrA14	3002859	1	0	0.0	0	0.0
ERR1713371	dfrA17	3002860	1	0	0.0	0	0.0
ERR1713371	dfrB5	3004549	1	1	1.0	1	1.0
ERR1713371	emrA	3000027	1	1	1.0	1	1.0
ERR1713371	emrB	3000074	1	1	1.0	1	1.0
ERR1713371	emrK	3000206	1	0	0.0	0	0.0
ERR1713371	emrR	3000516	2	2	1.0	2	1.0
ERR1713371	eptA	3003576	1	1	1.0	1	1.0
ERR1713371	eptB	3005047	1	0	0.0	0	0.0
ERR1713371	evgA	3000832	1	0	0.0	0	0.0
ERR1713371	evgS	3000833	1	0	0.0	0	0.0
ERR1713371	gadX	3000508	1	0	0.0	0	0.0
ERR1713371	kdpE	3003841	1	0	0.0	0	0.0
ERR1713371	leuO	3003843	2	0	0.0	0	0.0
ERR1713371	lmrD	3002882	1	0	0.0	0	0.0
ERR1713371	lnuB	3002836	1	1	1.0	1	1.0
ERR1713371	lsaE	3003206	1	1	1.0	1	1.0
ERR1713371	marA	3000263	2	0	0.0	0	0.0
ERR1713371	mdtA	3000792	1	1	1.0	1	1.0
ERR1713371	mdtE	3000795	1	0	0.0	0	0.0
ERR1713371	mdtF	3000796	1	0	0.0	0	0.0
ERR1713371	mdtG	3001329	1	0	0.0	0	0.0
ERR1713371	mdtH	3001216	1	0	0.0	0	0.0
ERR1713371	mdtN	3003548	1	1	1.0	1	1.0
ERR1713371	mdtP	3003550	1	1	1.0	1	1.0
ERR1713371	mphA	3000316	1	1	1.0	1	1.0
ERR1713371	mphE	3003741	1	0	0.0	0	0.0
ERR1713371	mphG	3003742	1	0	0.0	0	0.0
ERR1713371	msbA	3003950	1	0	0.0	0	0.0
ERR1713371	msrE	3003109	1	0	0.0	0	0.0
ERR1713371	nimJ	3007112	1	0	0.0	0	0.0
ERR1713371	qacG	3007015	5	2	0.4	2	0.4
ERR1713371	qacJ	3007014	4	0	0.0	0	0.0
ERR1713371	qacL	3005098	2	0	0.0	0	0.0
ERR1713371	rsmA	3005069	2	1	0.5	1	0.5
ERR1713371	tet(32)	3000196	1	0	0.0	0	0.0
ERR1713371	tet(O)	3000190	2	0	0.0	0	0.0
ERR1713371	tet(Q)	3000191	2	0	0.0	0	0.0
ERR1713371	tet(S)	3000192	1	0	0.0	0	0.0
ERR1713371	tet(W)	3000194	1	0	0.0	0	0.0
ERR1713371	tet(X)	3000205	1	1	1.0	1	1.0
ERR1713371	vanG	3002909	3	0	0.0	0	0.0
ERR1713371	vanH gene in vanM cluster	3002947	1	0	0.0	0	0.0
ERR1713371	vanT gene in vanG cluster	3002972	6	0	0.0	0	0.0
ERR1713371	vanW gene in vanG cluster	3002965	4	0	0.0	0	0.0
ERR1713371	vanW gene in vanI cluster	3003724	2	0	0.0	0	0.0
ERR1713371	vanY gene in vanB cluster	3002956	2	0	0.0	0	0.0
ERR1713371	vanY gene in vanF cluster	3002958	1	0	0.0	0	0.0
ERR1713371	vanY gene in vanG cluster	3002959	2	0	0.0	0	0.0
ERR1713372	AAC(3)-IIe	3004621	1	1	1.0	1	1.0
ERR1713372	ACI-1	3004359	1	0	0.0	0	0.0
ERR1713372	AIM-1	3000853	1	0	0.0	0	0.0
ERR1713372	ANT(3'')-IIc	3004091	1	0	0.0	0	0.0
ERR1713372	APH(3')-VIb	3002653	1	0	0.0	0	0.0
ERR1713372	Acinetobacter baumannii AbaF	3004573	1	0	0.0	0	0.0
ERR1713372	AcrS	3000656	1	0	0.0	0	0.0
ERR1713372	ArnT	3005053	2	0	0.0	0	0.0
ERR1713372	CARB-16	3002255	1	0	0.0	0	0.0
ERR1713372	CRP	3000518	1	0	0.0	0	0.0
ERR1713372	Campylobacter coli chloramphenicol acetyltransferase	3004454	1	1	1.0	1	1.0
ERR1713372	CblA-1	3002999	1	0	0.0	0	0.0
ERR1713372	CfxA2	3003002	1	1	1.0	1	1.0
ERR1713372	CfxA6	3003097	1	0	0.0	0	0.0
ERR1713372	EreA2	3002826	1	0	0.0	0	0.0
ERR1713372	EreD	3004608	1	1	1.0	1	1.0
ERR1713372	ErmB	3000375	1	1	1.0	1	1.0
ERR1713372	ErmF	3000498	1	1	1.0	1	1.0
ERR1713372	ErmG	3000522	1	0	0.0	0	0.0
ERR1713372	Escherichia coli AcrAB-TolC with AcrR mutation conferring resistance to ciprofloxacin, tetracycline, and ceftazidime	3003807	1	0	0.0	0	0.0
ERR1713372	Escherichia coli AcrAB-TolC with MarR mutations conferring resistance to ciprofloxacin and tetracycline	3003378	1	0	0.0	0	0.0
ERR1713372	Escherichia coli mdfA	3001328	1	1	1.0	1	1.0
ERR1713372	Escherichia coli soxR with mutation conferring antibiotic resistance	3003381	1	0	0.0	0	0.0
ERR1713372	Escherichia coli soxS with mutation conferring antibiotic resistance	3003511	1	1	1.0	1	1.0
ERR1713372	FosI	3007370	4	1	0.25	1	0.25
ERR1713372	GES-5	3002334	1	0	0.0	0	0.0
ERR1713372	Haemophilus influenzae PBP3 conferring resistance to beta-lactam antibiotics	3004446	1	0	0.0	0	0.0
ERR1713372	Klebsiella pneumoniae KpnE	3004580	1	0	0.0	0	0.0
ERR1713372	Klebsiella pneumoniae KpnF	3004583	1	0	0.0	0	0.0
ERR1713372	Mef(En2)	3004659	1	0	0.0	0	0.0
ERR1713372	NPS-1	3004239	1	1	1.0	1	1.0
ERR1713372	OXA-119	3001775	1	0	0.0	0	0.0
ERR1713372	OXA-2	3001397	1	0	0.0	0	0.0
ERR1713372	OXA-20	3001415	1	0	0.0	0	0.0
ERR1713372	OXA-296	3001751	1	1	1.0	1	1.0
ERR1713372	OXA-392	3001578	1	1	1.0	1	1.0
ERR1713372	OXA-827	3006024	1	0	0.0	0	0.0
ERR1713372	PER-1	3002363	1	0	0.0	0	0.0
ERR1713372	PmrF	3003578	1	0	0.0	0	0.0
ERR1713372	Pseudomonas aeruginosa soxR	3004107	2	0	0.0	0	0.0
ERR1713372	QnrS2	3002791	1	1	1.0	1	1.0
ERR1713372	RCP-1	3003563	1	0	0.0	0	0.0
ERR1713372	aadA10	3004692	1	0	0.0	0	0.0
ERR1713372	aadA2	3002602	1	0	0.0	0	0.0
ERR1713372	aadA27	3004682	1	0	0.0	0	0.0
ERR1713372	aadA5	3002605	1	1	1.0	1	1.0
ERR1713372	aadA6	3002606	1	1	1.0	1	1.0
ERR1713372	aadA7	3002607	1	0	0.0	0	0.0
ERR1713372	aadS	3004683	1	1	1.0	1	1.0
ERR1713372	adeF	3000777	8	2	0.25	2	0.25
ERR1713372	arr-3	3002848	1	0	0.0	0	0.0
ERR1713372	bacA	3002986	1	0	0.0	0	0.0
ERR1713372	baeS	3000829	1	0	0.0	0	0.0
ERR1713372	catB3	3002676	1	0	0.0	0	0.0
ERR1713372	cfrC	3004146	1	0	0.0	0	0.0
ERR1713372	cpxA	3000830	1	0	0.0	0	0.0
ERR1713372	dfrF	3002867	1	0	0.0	0	0.0
ERR1713372	emrA	3000027	1	0	0.0	0	0.0
ERR1713372	emrB	3000074	1	0	0.0	0	0.0
ERR1713372	emrR	3000516	1	0	0.0	0	0.0
ERR1713372	eptA	3003576	1	1	1.0	1	1.0
ERR1713372	eptB	3005047	1	0	0.0	0	0.0
ERR1713372	gadX	3000508	1	0	0.0	0	0.0
ERR1713372	leuO	3003843	1	0	0.0	0	0.0
ERR1713372	lnuC	3002837	1	0	0.0	0	0.0
ERR1713372	lsaE	3003206	1	1	1.0	0	0.0
ERR1713372	mdtE	3000795	1	0	0.0	0	0.0
ERR1713372	mdtG	3001329	1	0	0.0	0	0.0
ERR1713372	mdtH	3001216	1	0	0.0	0	0.0
ERR1713372	mdtN	3003548	1	1	1.0	1	1.0
ERR1713372	mefF	3007044	1	0	0.0	0	0.0
ERR1713372	mefJ	3007049	1	0	0.0	0	0.0
ERR1713372	mphE	3003741	1	1	1.0	1	1.0
ERR1713372	mphG	3003742	3	0	0.0	0	0.0
ERR1713372	msr(G)	3007042	1	0	0.0	0	0.0
ERR1713372	msrE	3003109	1	1	1.0	1	1.0
ERR1713372	nimA	3007104	1	0	0.0	0	0.0
ERR1713372	nimJ	3007112	1	0	0.0	0	0.0
ERR1713372	qacE	3005009	1	1	1.0	1	1.0
ERR1713372	qacG	3007015	25	2	0.08	2	0.08
ERR1713372	qacJ	3007014	22	2	0.09090909090909091	2	0.09090909090909091
ERR1713372	qacL	3005098	2	1	0.5	1	0.5
ERR1713372	rsmA	3005069	1	0	0.0	0	0.0
ERR1713372	tet(32)	3000196	2	0	0.0	0	0.0
ERR1713372	tet(40)	3000567	1	0	0.0	0	0.0
ERR1713372	tet(44)	3000556	1	0	0.0	0	0.0
ERR1713372	tet(M)	3000186	1	0	0.0	0	0.0
ERR1713372	tet(O)	3000190	1	0	0.0	0	0.0
ERR1713372	tet(Q)	3000191	2	0	0.0	0	0.0
ERR1713372	tet(W)	3000194	1	0	0.0	0	0.0
ERR1713372	tet(X)	3000205	1	1	1.0	1	1.0
ERR1713372	ugd	3003577	1	0	0.0	0	0.0
ERR1713372	vanG	3002909	7	0	0.0	0	0.0
ERR1713372	vanH gene in vanM cluster	3002947	1	0	0.0	0	0.0
ERR1713372	vanH gene in vanO cluster	3002948	3	0	0.0	0	0.0
ERR1713372	vanT gene in vanG cluster	3002972	24	0	0.0	0	0.0
ERR1713372	vanU gene in vanG cluster	3004253	1	0	0.0	0	0.0
ERR1713372	vanW gene in vanG cluster	3002965	5	0	0.0	0	0.0
ERR1713372	vanW gene in vanI cluster	3003724	10	0	0.0	0	0.0
ERR1713372	vanXY gene in vanG cluster	3003069	1	0	0.0	0	0.0
ERR1713372	vanY gene in vanB cluster	3002956	15	0	0.0	0	0.0
ERR1713372	vanY gene in vanF cluster	3002958	6	1	0.16666666666666666	0	0.0
ERR1713372	vanY gene in vanG cluster	3002959	3	0	0.0	0	0.0
ERR1713372	vanY gene in vanM cluster	3002961	5	1	0.2	0	0.0
ERR1713379	ErmF	3000498	1	1	1.0	0	0.0
ERR1713379	mphE	3003741	1	1	1.0	1	1.0
ERR1713379	msrE	3003109	1	1	1.0	1	1.0
ERR1713379	qacJ	3007014	1	1	1.0	0	0.0
ERR1713379	tet(W)	3000194	2	2	1.0	2	1.0
ERR1713379	vanT gene in vanG cluster	3002972	3	3	1.0	0	0.0
ERR1713381	AAC(3)-IId	3004623	1	0	0.0	0	0.0
ERR1713381	AAC(6')-IIa	3002594	1	0	0.0	0	0.0
ERR1713381	AAC(6')-Ie-APH(2'')-Ia bifunctional protein	3002597	1	0	0.0	0	0.0
ERR1713381	ANT(3'')-IIa	3004089	1	0	0.0	0	0.0
ERR1713381	ANT(6)-Ia	3002626	2	0	0.0	0	0.0
ERR1713381	ANT(6)-Ib	3002629	1	0	0.0	0	0.0
ERR1713381	Bifidobacterium adolescentis rpoB mutants conferring resistance to rifampicin	3004480	2	0	0.0	0	0.0
ERR1713381	CARB-16	3002255	1	0	0.0	0	0.0
ERR1713381	CARB-3	3002242	1	0	0.0	0	0.0
ERR1713381	CfxA3	3003003	1	1	1.0	1	1.0
ERR1713381	CfxA6	3003097	1	0	0.0	0	0.0
ERR1713381	EreA	3000361	1	0	0.0	0	0.0
ERR1713381	EreD	3004608	1	0	0.0	0	0.0
ERR1713381	Erm(47)	3003908	1	0	0.0	0	0.0
ERR1713381	Erm(51)	3007033	1	1	1.0	1	1.0
ERR1713381	ErmB	3000375	2	2	1.0	2	1.0
ERR1713381	ErmF	3000498	1	1	1.0	0	0.0
ERR1713381	ErmG	3000522	2	0	0.0	0	0.0
ERR1713381	ErmQ	3000593	1	0	0.0	0	0.0
ERR1713381	ErmT	3000595	2	2	1.0	2	1.0
ERR1713381	ErmX	3000596	1	0	0.0	0	0.0
ERR1713381	FosI	3007370	2	0	0.0	0	0.0
ERR1713381	GES-1	3002330	1	1	1.0	1	1.0
ERR1713381	LnuP	3004601	1	0	0.0	0	0.0
ERR1713381	Mycobacterium tuberculosis rpsL mutations conferring resistance to Streptomycin	3003395	2	0	0.0	0	0.0
ERR1713381	OXA-10	3001405	1	1	1.0	1	1.0
ERR1713381	OXA-2	3001397	1	0	0.0	0	0.0
ERR1713381	OXA-205	3001483	1	0	0.0	0	0.0
ERR1713381	OXA-211	3001710	1	0	0.0	0	0.0
ERR1713381	OXA-347	3001777	1	1	1.0	1	1.0
ERR1713381	QnrS2	3002791	1	0	0.0	0	0.0
ERR1713381	SAT-4	3002897	1	1	1.0	1	1.0
ERR1713381	aad(6)	3002628	1	1	1.0	1	1.0
ERR1713381	aadA16	3002616	1	0	0.0	0	0.0
ERR1713381	aadA5	3002605	1	0	0.0	0	0.0
ERR1713381	aadS	3004683	1	1	1.0	1	1.0
ERR1713381	adeF	3000777	5	0	0.0	0	0.0
ERR1713381	aphA15	3004675	1	0	0.0	0	0.0
ERR1713381	catA8	3004658	1	0	0.0	0	0.0
ERR1713381	catB3	3002676	1	0	0.0	0	0.0
ERR1713381	catQ	3002687	1	0	0.0	0	0.0
ERR1713381	cmlA5	3002695	1	1	1.0	1	1.0
ERR1713381	cmlA9	3005043	1	1	1.0	1	1.0
ERR1713381	dfrF	3002867	1	0	0.0	0	0.0
ERR1713381	dfrG	3002868	1	1	1.0	1	1.0
ERR1713381	lnuA	3002835	1	0	0.0	0	0.0
ERR1713381	lnuC	3002837	3	0	0.0	0	0.0
ERR1713381	lsaE	3003206	1	0	0.0	0	0.0
ERR1713381	mefF	3007044	1	1	1.0	1	1.0
ERR1713381	mefJ	3007049	1	0	0.0	0	0.0
ERR1713381	mphA	3000316	1	0	0.0	0	0.0
ERR1713381	mphE	3003741	1	1	1.0	1	1.0
ERR1713381	mphG	3003742	3	0	0.0	0	0.0
ERR1713381	msr(G)	3007042	1	1	1.0	1	1.0
ERR1713381	msrE	3003109	1	1	1.0	1	1.0
ERR1713381	nimA	3007104	2	0	0.0	0	0.0
ERR1713381	nimB	3004655	2	0	0.0	0	0.0
ERR1713381	nimE	3007107	3	0	0.0	0	0.0
ERR1713381	nimG	3007109	3	0	0.0	0	0.0
ERR1713381	nimI	3007111	1	0	0.0	0	0.0
ERR1713381	nimJ	3007112	6	0	0.0	0	0.0
ERR1713381	poxtA	3004470	1	0	0.0	0	0.0
ERR1713381	qacG	3007015	8	1	0.125	1	0.125
ERR1713381	qacJ	3007014	5	0	0.0	0	0.0
ERR1713381	sdrM	3007013	1	0	0.0	0	0.0
ERR1713381	sul1	3000410	1	0	0.0	0	0.0
ERR1713381	sul4	3004361	1	0	0.0	0	0.0
ERR1713381	tet(32)	3000196	1	1	1.0	1	1.0
ERR1713381	tet(33)	3000478	1	1	1.0	1	1.0
ERR1713381	tet(36)	3000197	6	1	0.16666666666666666	1	0.16666666666666666
ERR1713381	tet(40)	3000567	1	1	1.0	1	1.0
ERR1713381	tet(44)	3000556	1	0	0.0	0	0.0
ERR1713381	tet(59)	3004441	1	0	0.0	0	0.0
ERR1713381	tet(H)	3000175	1	1	1.0	1	1.0
ERR1713381	tet(M)	3000186	3	0	0.0	0	0.0
ERR1713381	tet(O)	3000190	2	1	0.5	1	0.5
ERR1713381	tet(Q)	3000191	5	1	0.2	1	0.2
ERR1713381	tet(S)	3000192	1	0	0.0	0	0.0
ERR1713381	tet(U)	3004650	1	1	1.0	1	1.0
ERR1713381	tet(W)	3000194	1	0	0.0	0	0.0
ERR1713381	tet(W/N/W)	3004442	2	1	0.5	1	0.5
ERR1713381	tet(X)	3000205	1	1	1.0	1	1.0
ERR1713381	tetB(P)	3000195	3	0	0.0	0	0.0
ERR1713381	vanE	3002907	1	0	0.0	0	0.0
ERR1713381	vanG	3002909	17	1	0.058823529411764705	1	0.058823529411764705
ERR1713381	vanH gene in vanB cluster	3002943	3	0	0.0	0	0.0
ERR1713381	vanH gene in vanF cluster	3002945	1	0	0.0	0	0.0
ERR1713381	vanH gene in vanM cluster	3002947	1	0	0.0	0	0.0
ERR1713381	vanH gene in vanO cluster	3002948	5	0	0.0	0	0.0
ERR1713381	vanT gene in vanE cluster	3002971	5	0	0.0	0	0.0
ERR1713381	vanT gene in vanG cluster	3002972	61	1	0.01639344262295082	1	0.01639344262295082
ERR1713381	vanTr gene in vanL cluster	3002974	1	0	0.0	0	0.0
ERR1713381	vanU gene in vanG cluster	3004253	1	0	0.0	0	0.0
ERR1713381	vanW gene in vanG cluster	3002965	9	0	0.0	0	0.0
ERR1713381	vanW gene in vanI cluster	3003724	65	0	0.0	0	0.0
ERR1713381	vanXY gene in vanE cluster	3002967	2	0	0.0	0	0.0
ERR1713381	vanXY gene in vanG cluster	3003069	3	1	0.3333333333333333	1	0.3333333333333333
ERR1713381	vanY gene in vanA cluster	3002955	11	0	0.0	0	0.0
ERR1713381	vanY gene in vanB cluster	3002956	55	1	0.01818181818181818	1	0.01818181818181818
ERR1713381	vanY gene in vanF cluster	3002958	12	0	0.0	0	0.0
ERR1713381	vanY gene in vanG cluster	3002959	20	1	0.05	0	0.0
ERR1713381	vanY gene in vanM cluster	3002961	20	0	0.0	0	0.0
ERR1713382	ANT(3'')-IIc	3004091	2	0	0.0	0	0.0
ERR1713382	APH(3')-IXa	3004087	1	0	0.0	0	0.0
ERR1713382	Acinetobacter baumannii AbaQ	3004574	7	0	0.0	0	0.0
ERR1713382	AcrS	3000656	1	0	0.0	0	0.0
ERR1713382	ArnT	3005053	14	1	0.07142857142857142	1	0.07142857142857142
ERR1713382	CPS-1	3003716	1	0	0.0	0	0.0
ERR1713382	CfxA2	3003002	1	0	0.0	0	0.0
ERR1713382	ESP-1	3003717	2	0	0.0	0	0.0
ERR1713382	EreD	3004608	2	0	0.0	0	0.0
ERR1713382	ErmF	3000498	1	0	0.0	0	0.0
ERR1713382	Escherichia coli EF-Tu mutants conferring resistance to Pulvomycin	3003369	1	0	0.0	0	0.0
ERR1713382	FosA8	3007371	4	3	0.75	3	0.75
ERR1713382	FosI	3007370	1	0	0.0	0	0.0
ERR1713382	ICR-Mo	3004569	1	0	0.0	0	0.0
ERR1713382	JOHN-1	3000840	3	0	0.0	0	0.0
ERR1713382	OXA-10	3001405	1	0	0.0	0	0.0
ERR1713382	OXA-129	3001811	1	1	1.0	1	1.0
ERR1713382	OXA-58	3001611	1	0	0.0	0	0.0
ERR1713382	OXA-652	3005868	1	1	1.0	1	1.0
ERR1713382	Pseudomonas aeruginosa soxR	3004107	9	0	0.0	0	0.0
ERR1713382	Rm3	3003894	1	0	0.0	0	0.0
ERR1713382	aadA11	3002611	1	1	1.0	1	1.0
ERR1713382	aadA2	3002602	1	0	0.0	0	0.0
ERR1713382	aadS	3004683	2	1	0.5	1	0.5
ERR1713382	adeF	3000777	25	4	0.16	4	0.16
ERR1713382	emrR	3000516	1	0	0.0	0	0.0
ERR1713382	lnuB	3002836	1	0	0.0	0	0.0
ERR1713382	lnuG	3004085	1	0	0.0	0	0.0
ERR1713382	lsaE	3003206	1	0	0.0	0	0.0
ERR1713382	mefJ	3007049	1	0	0.0	0	0.0
ERR1713382	mphE	3003741	1	0	0.0	0	0.0
ERR1713382	mphG	3003742	2	0	0.0	0	0.0
ERR1713382	msrE	3003109	1	0	0.0	0	0.0
ERR1713382	qacE	3005009	1	0	0.0	0	0.0
ERR1713382	qacG	3007015	23	4	0.17391304347826086	4	0.17391304347826086
ERR1713382	qacJ	3007014	31	4	0.12903225806451613	4	0.12903225806451613
ERR1713382	qacL	3005098	2	1	0.5	1	0.5
ERR1713382	rsmA	3005069	1	0	0.0	0	0.0
ERR1713382	tet(32)	3000196	1	0	0.0	0	0.0
ERR1713382	tet(39)	3000566	1	1	1.0	1	1.0
ERR1713382	tet(O)	3000190	1	0	0.0	0	0.0
ERR1713382	tet(Q)	3000191	2	0	0.0	0	0.0
ERR1713382	tet(W)	3000194	1	0	0.0	0	0.0
ERR1713382	tet(X)	3000205	1	0	0.0	0	0.0
ERR1713382	vanG	3002909	9	2	0.2222222222222222	2	0.2222222222222222
ERR1713382	vanH gene in vanM cluster	3002947	1	0	0.0	0	0.0
ERR1713382	vanT gene in vanG cluster	3002972	35	0	0.0	0	0.0
ERR1713382	vanW gene in vanG cluster	3002965	8	0	0.0	0	0.0
ERR1713382	vanY gene in vanB cluster	3002956	1	0	0.0	0	0.0
ERR1713382	vanY gene in vanG cluster	3002959	1	0	0.0	0	0.0
ERR1713382	vanY gene in vanM cluster	3002961	1	0	0.0	0	0.0
ERR1713384	AAC(3)-IIc	3002535	1	0	0.0	0	0.0
ERR1713384	AAC(6')-Ib9	3002580	1	0	0.0	0	0.0
ERR1713384	AAC(6')-Ie-APH(2'')-Ia bifunctional protein	3002597	1	0	0.0	0	0.0
ERR1713384	ACI-1	3004359	1	0	0.0	0	0.0
ERR1713384	AIM-1	3000853	1	0	0.0	0	0.0
ERR1713384	ANT(2'')-Ia	3000230	1	0	0.0	0	0.0
ERR1713384	ANT(3'')-IIc	3004091	1	1	1.0	1	1.0
ERR1713384	ANT(6)-Ia	3002626	1	0	0.0	0	0.0
ERR1713384	ANT(6)-Ib	3002629	1	0	0.0	0	0.0
ERR1713384	AcrE	3000499	1	0	0.0	0	0.0
ERR1713384	AcrS	3000656	1	0	0.0	0	0.0
ERR1713384	ArnT	3005053	2	1	0.5	1	0.5
ERR1713384	CMY-4	3002015	1	0	0.0	0	0.0
ERR1713384	CRP	3000518	2	0	0.0	0	0.0
ERR1713384	CTX-M-15	3001878	1	0	0.0	0	0.0
ERR1713384	Campylobacter coli chloramphenicol acetyltransferase	3004454	1	0	0.0	0	0.0
ERR1713384	CfxA3	3003003	1	1	1.0	1	1.0
ERR1713384	CfxA6	3003097	1	0	0.0	0	0.0
ERR1713384	DHA-1	3002132	1	0	0.0	0	0.0
ERR1713384	EC-15	3006876	1	0	0.0	0	0.0
ERR1713384	EreA	3000361	1	0	0.0	0	0.0
ERR1713384	EreB	3000363	1	0	0.0	0	0.0
ERR1713384	EreD	3004608	2	0	0.0	0	0.0
ERR1713384	Erm(47)	3003908	1	0	0.0	0	0.0
ERR1713384	Erm(51)	3007033	1	0	0.0	0	0.0
ERR1713384	ErmB	3000375	1	1	1.0	1	1.0
ERR1713384	ErmF	3000498	1	0	0.0	0	0.0
ERR1713384	ErmG	3000522	1	1	1.0	1	1.0
ERR1713384	ErmT	3000595	1	1	1.0	1	1.0
ERR1713384	ErmX	3000596	1	0	0.0	0	0.0
ERR1713384	Escherichia coli AcrAB-TolC with AcrR mutation conferring resistance to ciprofloxacin, tetracycline, and ceftazidime	3003807	1	0	0.0	0	0.0
ERR1713384	Escherichia coli AcrAB-TolC with MarR mutations conferring resistance to ciprofloxacin and tetracycline	3003378	1	0	0.0	0	0.0
ERR1713384	Escherichia coli EF-Tu mutants conferring resistance to Pulvomycin	3003369	1	0	0.0	0	0.0
ERR1713384	Escherichia coli GlpT with mutation conferring resistance to fosfomycin	3003889	1	0	0.0	0	0.0
ERR1713384	Escherichia coli acrA	3004043	1	0	0.0	0	0.0
ERR1713384	Escherichia coli emrE	3004039	1	0	0.0	0	0.0
ERR1713384	Escherichia coli gyrA conferring resistance to fluoroquinolones	3003294	1	0	0.0	0	0.0
ERR1713384	Escherichia coli mdfA	3001328	1	0	0.0	0	0.0
ERR1713384	Escherichia coli soxR with mutation conferring antibiotic resistance	3003381	1	1	1.0	1	1.0
ERR1713384	Escherichia coli soxS with mutation conferring antibiotic resistance	3003511	1	1	1.0	1	1.0
ERR1713384	FosA2	3002804	1	0	0.0	0	0.0
ERR1713384	FosA6	3004111	1	0	0.0	0	0.0
ERR1713384	FosI	3007370	3	1	0.3333333333333333	1	0.3333333333333333
ERR1713384	FosXCC	3003208	3	0	0.0	0	0.0
ERR1713384	GES-2	3002331	1	0	0.0	0	0.0
ERR1713384	H-NS	3000676	1	0	0.0	0	0.0
ERR1713384	Haemophilus influenzae PBP3 conferring resistance to beta-lactam antibiotics	3004446	1	0	0.0	0	0.0
ERR1713384	ICR-Mo	3004569	1	0	0.0	0	0.0
ERR1713384	Klebsiella pneumoniae KpnE	3004580	1	0	0.0	0	0.0
ERR1713384	Klebsiella pneumoniae KpnF	3004583	1	0	0.0	0	0.0
ERR1713384	LCR-1	3002997	1	1	1.0	1	1.0
ERR1713384	LnuH	3004600	4	2	0.5	2	0.5
ERR1713384	Mef(En2)	3004659	1	0	0.0	0	0.0
ERR1713384	Mrx	3003839	1	1	1.0	1	1.0
ERR1713384	Mycobacterium tuberculosis rpsL mutations conferring resistance to Streptomycin	3003395	2	0	0.0	0	0.0
ERR1713384	OXA-101	3001439	1	0	0.0	0	0.0
ERR1713384	OXA-119	3001775	1	0	0.0	0	0.0
ERR1713384	OXA-205	3001483	1	0	0.0	0	0.0
ERR1713384	OXA-21	3001416	1	1	1.0	1	1.0
ERR1713384	OXA-347	3001777	1	0	0.0	0	0.0
ERR1713384	OXA-392	3001578	1	1	1.0	1	1.0
ERR1713384	OXA-46	3001797	1	1	1.0	1	1.0
ERR1713384	OXA-662	3005877	1	0	0.0	0	0.0
ERR1713384	OXA-732	3005937	1	0	0.0	0	0.0
ERR1713384	OXA-9	3001404	1	1	1.0	1	1.0
ERR1713384	PER-1	3002363	1	0	0.0	0	0.0
ERR1713384	PmrF	3003578	1	1	1.0	1	1.0
ERR1713384	Pseudomonas aeruginosa soxR	3004107	1	0	0.0	0	0.0
ERR1713384	QnrD1	3002788	1	0	0.0	0	0.0
ERR1713384	QnrS1	3002790	1	1	1.0	1	1.0
ERR1713384	QnrS2	3002791	1	1	1.0	1	1.0
ERR1713384	QnrVC1	3002799	1	0	0.0	0	0.0
ERR1713384	QnrVC4	3002801	1	0	0.0	0	0.0
ERR1713384	RSA-1	3004444	1	0	0.0	0	0.0
ERR1713384	RSD2-2	3006983	1	1	1.0	1	1.0
ERR1713384	VEB-1	3002370	1	0	0.0	0	0.0
ERR1713384	VEB-19	3006214	1	0	0.0	0	0.0
ERR1713384	aadA16	3002616	2	0	0.0	0	0.0
ERR1713384	aadA27	3004682	1	1	1.0	1	1.0
ERR1713384	aadA3	3002603	1	0	0.0	0	0.0
ERR1713384	aadA7	3002607	1	0	0.0	0	0.0
ERR1713384	aadS	3004683	1	0	0.0	0	0.0
ERR1713384	acrB	3000216	1	0	0.0	0	0.0
ERR1713384	acrD	3000491	1	0	0.0	0	0.0
ERR1713384	adeF	3000777	17	0	0.0	0	0.0
ERR1713384	arr-2	3002847	1	1	1.0	1	1.0
ERR1713384	bacA	3002986	1	0	0.0	0	0.0
ERR1713384	baeR	3000828	1	0	0.0	0	0.0
ERR1713384	baeS	3000829	1	0	0.0	0	0.0
ERR1713384	catB3	3002676	1	1	1.0	1	1.0
ERR1713384	catQ	3002687	1	0	0.0	0	0.0
ERR1713384	cmlA5	3002695	1	0	0.0	0	0.0
ERR1713384	cmlA9	3005043	1	1	1.0	1	1.0
ERR1713384	cpxA	3000830	1	0	0.0	0	0.0
ERR1713384	dfrA14	3002859	1	1	1.0	1	1.0
ERR1713384	dfrF	3002867	1	0	0.0	0	0.0
ERR1713384	emrA	3000027	1	1	1.0	1	1.0
ERR1713384	emrB	3000074	1	1	1.0	1	1.0
ERR1713384	emrR	3000516	1	1	1.0	1	1.0
ERR1713384	emrY	3000254	1	1	1.0	1	1.0
ERR1713384	eptA	3003576	1	1	1.0	1	1.0
ERR1713384	evgA	3000832	1	1	1.0	1	1.0
ERR1713384	evgS	3000833	1	1	1.0	1	1.0
ERR1713384	gadX	3000508	2	0	0.0	0	0.0
ERR1713384	kdpE	3003841	1	1	1.0	1	1.0
ERR1713384	leuO	3003843	1	0	0.0	0	0.0
ERR1713384	linG	3002879	2	0	0.0	0	0.0
ERR1713384	lnuB	3002836	1	0	0.0	0	0.0
ERR1713384	lnuC	3002837	1	1	1.0	0	0.0
ERR1713384	lnuD	3002838	2	0	0.0	0	0.0
ERR1713384	lsaE	3003206	3	1	0.3333333333333333	1	0.3333333333333333
ERR1713384	marA	3000263	1	0	0.0	0	0.0
ERR1713384	mdtA	3000792	1	1	1.0	1	1.0
ERR1713384	mdtC	3000794	1	0	0.0	0	0.0
ERR1713384	mdtE	3000795	1	0	0.0	0	0.0
ERR1713384	mdtF	3000796	1	0	0.0	0	0.0
ERR1713384	mdtG	3001329	1	0	0.0	0	0.0
ERR1713384	mdtH	3001216	1	0	0.0	0	0.0
ERR1713384	mdtM	3001214	1	0	0.0	0	0.0
ERR1713384	mdtN	3003548	1	1	1.0	1	1.0
ERR1713384	mdtO	3003549	1	1	1.0	1	1.0
ERR1713384	mdtP	3003550	1	1	1.0	1	1.0
ERR1713384	mphA	3000316	1	1	1.0	1	1.0
ERR1713384	mphE	3003741	1	1	1.0	1	1.0
ERR1713384	mphG	3003742	2	0	0.0	0	0.0
ERR1713384	msbA	3003950	2	0	0.0	0	0.0
ERR1713384	msrE	3003109	1	1	1.0	1	1.0
ERR1713384	nimA	3007104	1	1	1.0	1	1.0
ERR1713384	nimE	3007107	4	1	0.25	1	0.25
ERR1713384	nimF	3007108	1	0	0.0	0	0.0
ERR1713384	nimG	3007109	9	0	0.0	0	0.0
ERR1713384	nimJ	3007112	10	0	0.0	0	0.0
ERR1713384	patB	3000025	1	0	0.0	0	0.0
ERR1713384	poxtA	3004470	1	0	0.0	0	0.0
ERR1713384	qacEdelta1	3005010	1	0	0.0	0	0.0
ERR1713384	qacG	3007015	17	1	0.058823529411764705	1	0.058823529411764705
ERR1713384	qacJ	3007014	4	0	0.0	0	0.0
ERR1713384	qacL	3005098	2	1	0.5	1	0.5
ERR1713384	rsmA	3005069	4	0	0.0	0	0.0
ERR1713384	sul3	3000413	1	0	0.0	0	0.0
ERR1713384	sul4	3004361	1	0	0.0	0	0.0
ERR1713384	tet(32)	3000196	3	1	0.3333333333333333	1	0.3333333333333333
ERR1713384	tet(36)	3000197	2	0	0.0	0	0.0
ERR1713384	tet(39)	3000566	1	1	1.0	1	1.0
ERR1713384	tet(40)	3000567	1	0	0.0	0	0.0
ERR1713384	tet(44)	3000556	4	0	0.0	0	0.0
ERR1713384	tet(C)	3000167	1	1	1.0	1	1.0
ERR1713384	tet(M)	3000186	3	0	0.0	0	0.0
ERR1713384	tet(O)	3000190	1	0	0.0	0	0.0
ERR1713384	tet(Q)	3000191	5	0	0.0	0	0.0
ERR1713384	tet(S)	3000192	1	0	0.0	0	0.0
ERR1713384	tet(W)	3000194	1	0	0.0	0	0.0
ERR1713384	tet(W/N/W)	3004442	1	0	0.0	0	0.0
ERR1713384	tet(X)	3000205	1	0	0.0	0	0.0
ERR1713384	tetB(P)	3000195	2	0	0.0	0	0.0
ERR1713384	ugd	3003577	1	0	0.0	0	0.0
ERR1713384	vanG	3002909	6	0	0.0	0	0.0
ERR1713384	vanH gene in vanF cluster	3002945	1	0	0.0	0	0.0
ERR1713384	vanH gene in vanM cluster	3002947	1	0	0.0	0	0.0
ERR1713384	vanH gene in vanO cluster	3002948	3	0	0.0	0	0.0
ERR1713384	vanT gene in vanG cluster	3002972	59	0	0.0	0	0.0
ERR1713384	vanU gene in vanG cluster	3004253	1	0	0.0	0	0.0
ERR1713384	vanW gene in vanB cluster	3002964	2	0	0.0	0	0.0
ERR1713384	vanW gene in vanG cluster	3002965	8	0	0.0	0	0.0
ERR1713384	vanW gene in vanI cluster	3003724	45	0	0.0	0	0.0
ERR1713384	vanXY gene in vanG cluster	3003069	1	0	0.0	0	0.0
ERR1713384	vanY gene in vanA cluster	3002955	5	0	0.0	0	0.0
ERR1713384	vanY gene in vanB cluster	3002956	23	0	0.0	0	0.0
ERR1713384	vanY gene in vanF cluster	3002958	6	0	0.0	0	0.0
ERR1713384	vanY gene in vanG cluster	3002959	8	0	0.0	0	0.0
ERR1713384	vanY gene in vanM cluster	3002961	9	0	0.0	0	0.0
ERR1713385	AAC(3)-IId	3004623	1	0	0.0	0	0.0
ERR1713385	AAC(6')-Ie-APH(2'')-Ia bifunctional protein	3002597	1	0	0.0	0	0.0
ERR1713385	AAC(6')-Il	3004635	1	0	0.0	0	0.0
ERR1713385	ACI-1	3004359	1	1	1.0	0	0.0
ERR1713385	ANT(3'')-IIa	3004089	1	1	1.0	1	1.0
ERR1713385	ANT(6)-Ia	3002626	1	0	0.0	0	0.0
ERR1713385	AcrE	3000499	1	1	1.0	1	1.0
ERR1713385	ArnT	3005053	2	0	0.0	0	0.0
ERR1713385	BRO-2	3004762	1	0	0.0	0	0.0
ERR1713385	CARB-12	3002250	1	0	0.0	0	0.0
ERR1713385	CARB-16	3002255	1	0	0.0	0	0.0
ERR1713385	CRP	3000518	2	0	0.0	0	0.0
ERR1713385	Campylobacter coli chloramphenicol acetyltransferase	3004454	1	0	0.0	0	0.0
ERR1713385	CfxA3	3003003	1	1	1.0	1	1.0
ERR1713385	CfxA6	3003097	1	0	0.0	0	0.0
ERR1713385	EC-15	3006876	1	0	0.0	0	0.0
ERR1713385	EreA	3000361	1	0	0.0	0	0.0
ERR1713385	EreA2	3002826	1	1	1.0	1	1.0
ERR1713385	EreB	3000363	1	0	0.0	0	0.0
ERR1713385	EreD	3004608	1	0	0.0	0	0.0
ERR1713385	ErmF	3000498	1	0	0.0	0	0.0
ERR1713385	ErmG	3000522	1	0	0.0	0	0.0
ERR1713385	ErmX	3000596	1	0	0.0	0	0.0
ERR1713385	Escherichia coli AcrAB-TolC with AcrR mutation conferring resistance to ciprofloxacin, tetracycline, and ceftazidime	3003807	1	0	0.0	0	0.0
ERR1713385	Escherichia coli AcrAB-TolC with MarR mutations conferring resistance to ciprofloxacin and tetracycline	3003378	1	0	0.0	0	0.0
ERR1713385	Escherichia coli EF-Tu mutants conferring resistance to Pulvomycin	3003369	1	0	0.0	0	0.0
ERR1713385	Escherichia coli acrA	3004043	1	0	0.0	0	0.0
ERR1713385	Escherichia coli soxR with mutation conferring antibiotic resistance	3003381	1	1	1.0	1	1.0
ERR1713385	Escherichia coli soxS with mutation conferring antibiotic resistance	3003511	1	1	1.0	1	1.0
ERR1713385	FosG	3007368	1	0	0.0	0	0.0
ERR1713385	FosI	3007370	3	0	0.0	0	0.0
ERR1713385	GES-1	3002330	1	0	0.0	0	0.0
ERR1713385	H-NS	3000676	1	0	0.0	0	0.0
ERR1713385	Haemophilus influenzae PBP3 conferring resistance to beta-lactam antibiotics	3004446	1	0	0.0	0	0.0
ERR1713385	ICR-Mo	3004569	1	0	0.0	0	0.0
ERR1713385	Klebsiella pneumoniae KpnE	3004580	1	0	0.0	0	0.0
ERR1713385	Klebsiella pneumoniae KpnF	3004583	1	0	0.0	0	0.0
ERR1713385	LnuH	3004600	4	2	0.5	2	0.5
ERR1713385	Mef(En2)	3004659	1	0	0.0	0	0.0
ERR1713385	Mrx	3003839	1	1	1.0	1	1.0
ERR1713385	OXA-101	3001439	1	0	0.0	0	0.0
ERR1713385	OXA-2	3001397	1	0	0.0	0	0.0
ERR1713385	OXA-205	3001483	1	0	0.0	0	0.0
ERR1713385	OXA-347	3001777	1	0	0.0	0	0.0
ERR1713385	OXA-4	3001399	1	1	1.0	1	1.0
ERR1713385	OXA-46	3001797	1	1	1.0	1	1.0
ERR1713385	OXA-504	3005734	1	0	0.0	0	0.0
ERR1713385	OXA-58	3001611	1	0	0.0	0	0.0
ERR1713385	PmrF	3003578	1	0	0.0	0	0.0
ERR1713385	QnrB10	3002724	1	0	0.0	0	0.0
ERR1713385	QnrS2	3002791	1	0	0.0	0	0.0
ERR1713385	QnrVC1	3002799	1	0	0.0	0	0.0
ERR1713385	RCP-1	3003563	1	0	0.0	0	0.0
ERR1713385	ROB-1	3002995	1	1	1.0	1	1.0
ERR1713385	VEB-3	3002372	1	0	0.0	0	0.0
ERR1713385	aadA13	3002613	1	1	1.0	1	1.0
ERR1713385	aadA16	3002616	1	0	0.0	0	0.0
ERR1713385	aadA27	3004682	1	1	1.0	1	1.0
ERR1713385	aadA5	3002605	1	0	0.0	0	0.0
ERR1713385	aadA6	3002606	1	0	0.0	0	0.0
ERR1713385	aadA7	3002607	1	0	0.0	0	0.0
ERR1713385	aadS	3004683	1	0	0.0	0	0.0
ERR1713385	adeF	3000777	5	1	0.2	1	0.2
ERR1713385	arr-3	3002848	1	0	0.0	0	0.0
ERR1713385	bacA	3002986	1	0	0.0	0	0.0
ERR1713385	baeS	3000829	1	0	0.0	0	0.0
ERR1713385	catB2	3002675	1	1	1.0	1	1.0
ERR1713385	catB3	3002676	1	0	0.0	0	0.0
ERR1713385	catQ	3002687	1	0	0.0	0	0.0
ERR1713385	catS	3002688	1	0	0.0	0	0.0
ERR1713385	cmlA5	3002695	1	0	0.0	0	0.0
ERR1713385	cmx	3002703	1	1	1.0	1	1.0
ERR1713385	cpxA	3000830	1	0	0.0	0	0.0
ERR1713385	dfrA21	3003017	1	0	0.0	0	0.0
ERR1713385	dfrA6	3004547	1	0	0.0	0	0.0
ERR1713385	emrA	3000027	1	1	1.0	1	1.0
ERR1713385	emrB	3000074	1	0	0.0	0	0.0
ERR1713385	emrK	3000206	1	0	0.0	0	0.0
ERR1713385	emrR	3000516	3	1	0.3333333333333333	1	0.3333333333333333
ERR1713385	eptA	3003576	1	1	1.0	1	1.0
ERR1713385	evgA	3000832	1	0	0.0	0	0.0
ERR1713385	evgS	3000833	1	0	0.0	0	0.0
ERR1713385	leuO	3003843	1	0	0.0	0	0.0
ERR1713385	lnuB	3002836	1	0	0.0	0	0.0
ERR1713385	lnuC	3002837	2	0	0.0	0	0.0
ERR1713385	lnuD	3002838	1	1	1.0	1	1.0
ERR1713385	lnuF	3002839	1	1	1.0	1	1.0
ERR1713385	marA	3000263	1	0	0.0	0	0.0
ERR1713385	mdtE	3000795	1	0	0.0	0	0.0
ERR1713385	mdtG	3001329	1	0	0.0	0	0.0
ERR1713385	mdtM	3001214	1	0	0.0	0	0.0
ERR1713385	mdtN	3003548	1	1	1.0	1	1.0
ERR1713385	mdtO	3003549	1	1	1.0	1	1.0
ERR1713385	mdtP	3003550	1	1	1.0	1	1.0
ERR1713385	mphA	3000316	1	1	1.0	1	1.0
ERR1713385	mphE	3003741	1	0	0.0	0	0.0
ERR1713385	mphG	3003742	2	0	0.0	0	0.0
ERR1713385	msrE	3003109	1	0	0.0	0	0.0
ERR1713385	nimA	3007104	1	0	0.0	0	0.0
ERR1713385	nimJ	3007112	1	1	1.0	1	1.0
ERR1713385	patB	3000025	1	0	0.0	0	0.0
ERR1713385	poxtA	3004470	1	0	0.0	0	0.0
ERR1713385	qacEdelta1	3005010	1	0	0.0	0	0.0
ERR1713385	qacG	3007015	7	1	0.14285714285714285	1	0.14285714285714285
ERR1713385	qacJ	3007014	8	0	0.0	0	0.0
ERR1713385	qacL	3005098	1	0	0.0	0	0.0
ERR1713385	rsmA	3005069	1	0	0.0	0	0.0
ERR1713385	sul1	3000410	1	0	0.0	0	0.0
ERR1713385	tet(32)	3000196	1	1	1.0	1	1.0
ERR1713385	tet(36)	3000197	1	0	0.0	0	0.0
ERR1713385	tet(40)	3000567	1	1	1.0	1	1.0
ERR1713385	tet(44)	3000556	1	1	1.0	1	1.0
ERR1713385	tet(H)	3000175	1	0	0.0	0	0.0
ERR1713385	tet(M)	3000186	1	0	0.0	0	0.0
ERR1713385	tet(O)	3000190	1	0	0.0	0	0.0
ERR1713385	tet(Q)	3000191	2	0	0.0	0	0.0
ERR1713385	tet(W)	3000194	1	0	0.0	0	0.0
ERR1713385	tet(X)	3000205	1	0	0.0	0	0.0
ERR1713385	vanG	3002909	7	0	0.0	0	0.0
ERR1713385	vanH gene in vanB cluster	3002943	2	0	0.0	0	0.0
ERR1713385	vanH gene in vanO cluster	3002948	1	0	0.0	0	0.0
ERR1713385	vanT gene in vanG cluster	3002972	30	0	0.0	0	0.0
ERR1713385	vanTr gene in vanL cluster	3002974	1	0	0.0	0	0.0
ERR1713385	vanU gene in vanG cluster	3004253	1	0	0.0	0	0.0
ERR1713385	vanW gene in vanB cluster	3002964	1	0	0.0	0	0.0
ERR1713385	vanW gene in vanG cluster	3002965	5	0	0.0	0	0.0
ERR1713385	vanW gene in vanI cluster	3003724	27	0	0.0	0	0.0
ERR1713385	vanXY gene in vanG cluster	3003069	2	0	0.0	0	0.0
ERR1713385	vanY gene in vanB cluster	3002956	20	2	0.1	1	0.05
ERR1713385	vanY gene in vanF cluster	3002958	2	0	0.0	0	0.0
ERR1713385	vanY gene in vanG cluster	3002959	4	0	0.0	0	0.0
ERR1713385	vanY gene in vanM cluster	3002961	5	0	0.0	0	0.0
ERR1713386	AAC(3)-IIe	3004621	1	0	0.0	0	0.0
ERR1713386	AAC(6')-Ib9	3002580	1	0	0.0	0	0.0
ERR1713386	ACI-1	3004359	1	0	0.0	0	0.0
ERR1713386	AIM-1	3000853	1	0	0.0	0	0.0
ERR1713386	ANT(3'')-IIc	3004091	2	1	0.5	1	0.5
ERR1713386	APH(3')-Ib	3002642	1	0	0.0	0	0.0
ERR1713386	Acinetobacter baumannii AbaQ	3004574	6	0	0.0	0	0.0
ERR1713386	AcrE	3000499	1	0	0.0	0	0.0
ERR1713386	AcrF	3000502	1	0	0.0	0	0.0
ERR1713386	AcrS	3000656	1	0	0.0	0	0.0
ERR1713386	ArnT	3005053	14	1	0.07142857142857142	1	0.07142857142857142
ERR1713386	CARB-16	3002255	1	0	0.0	0	0.0
ERR1713386	CARB-3	3002242	1	0	0.0	0	0.0
ERR1713386	CMY-4	3002015	1	0	0.0	0	0.0
ERR1713386	CRP	3000518	8	0	0.0	0	0.0
ERR1713386	CTX-M-15	3001878	1	0	0.0	0	0.0
ERR1713386	CfxA5	3003096	1	1	1.0	1	1.0
ERR1713386	CfxA6	3003097	1	0	0.0	0	0.0
ERR1713386	DHA-1	3002132	1	1	1.0	1	1.0
ERR1713386	EC-15	3006876	1	0	0.0	0	0.0
ERR1713386	EreA	3000361	1	0	0.0	0	0.0
ERR1713386	EreA2	3002826	1	0	0.0	0	0.0
ERR1713386	EreD	3004608	1	0	0.0	0	0.0
ERR1713386	Erm(51)	3007033	1	1	1.0	1	1.0
ERR1713386	ErmB	3000375	1	1	1.0	1	1.0
ERR1713386	ErmF	3000498	1	0	0.0	0	0.0
ERR1713386	Escherichia coli AcrAB-TolC with AcrR mutation conferring resistance to ciprofloxacin, tetracycline, and ceftazidime	3003807	1	1	1.0	1	1.0
ERR1713386	Escherichia coli AcrAB-TolC with MarR mutations conferring resistance to ciprofloxacin and tetracycline	3003378	5	1	0.2	1	0.2
ERR1713386	Escherichia coli EF-Tu mutants conferring resistance to Pulvomycin	3003369	2	0	0.0	0	0.0
ERR1713386	Escherichia coli GlpT with mutation conferring resistance to fosfomycin	3003889	1	0	0.0	0	0.0
ERR1713386	Escherichia coli acrA	3004043	1	1	1.0	1	1.0
ERR1713386	Escherichia coli emrE	3004039	1	0	0.0	0	0.0
ERR1713386	Escherichia coli gyrA conferring resistance to fluoroquinolones	3003294	1	0	0.0	0	0.0
ERR1713386	Escherichia coli mdfA	3001328	1	0	0.0	0	0.0
ERR1713386	Escherichia coli parC conferring resistance to fluoroquinolones	3003308	1	0	0.0	0	0.0
ERR1713386	Escherichia coli soxR with mutation conferring antibiotic resistance	3003381	1	0	0.0	0	0.0
ERR1713386	Escherichia coli soxS with mutation conferring antibiotic resistance	3003511	2	0	0.0	0	0.0
ERR1713386	FosA8	3007371	4	2	0.5	2	0.5
ERR1713386	FosI	3007370	1	0	0.0	0	0.0
ERR1713386	GES-5	3002334	1	0	0.0	0	0.0
ERR1713386	H-NS	3000676	5	0	0.0	0	0.0
ERR1713386	Haemophilus influenzae PBP3 conferring resistance to beta-lactam antibiotics	3004446	3	0	0.0	0	0.0
ERR1713386	ICR-Mo	3004569	1	0	0.0	0	0.0
ERR1713386	Klebsiella pneumoniae KpnE	3004580	4	1	0.25	1	0.25
ERR1713386	Klebsiella pneumoniae KpnF	3004583	4	1	0.25	1	0.25
ERR1713386	Klebsiella pneumoniae KpnH	3004597	1	0	0.0	0	0.0
ERR1713386	LnuH	3004600	1	0	0.0	0	0.0
ERR1713386	LptD	3005059	1	0	0.0	0	0.0
ERR1713386	MIR-10	3002175	1	0	0.0	0	0.0
ERR1713386	Mrx	3003839	1	1	1.0	1	1.0
ERR1713386	NPS-1	3004239	1	0	0.0	0	0.0
ERR1713386	OXA-1	3001396	1	0	0.0	0	0.0
ERR1713386	OXA-101	3001439	1	0	0.0	0	0.0
ERR1713386	OXA-2	3001397	1	0	0.0	0	0.0
ERR1713386	OXA-205	3001483	1	0	0.0	0	0.0
ERR1713386	OXA-21	3001416	1	0	0.0	0	0.0
ERR1713386	OXA-212	3001711	1	1	1.0	1	1.0
ERR1713386	OXA-347	3001777	1	0	0.0	0	0.0
ERR1713386	OXA-363	3001550	1	0	0.0	0	0.0
ERR1713386	OXA-50	3001796	1	0	0.0	0	0.0
ERR1713386	OXA-644	3005864	1	0	0.0	0	0.0
ERR1713386	OXA-646	3005339	1	0	0.0	0	0.0
ERR1713386	OXA-732	3005937	1	0	0.0	0	0.0
ERR1713386	OXY-1-1	3002389	1	0	0.0	0	0.0
ERR1713386	PmrF	3003578	2	0	0.0	0	0.0
ERR1713386	Pseudomonas aeruginosa soxR	3004107	4	0	0.0	0	0.0
ERR1713386	QnrB10	3002724	1	1	1.0	1	1.0
ERR1713386	QnrS1	3002790	1	0	0.0	0	0.0
ERR1713386	QnrS2	3002791	1	0	0.0	0	0.0
ERR1713386	SAT-2	3002895	1	0	0.0	0	0.0
ERR1713386	YojI	3003952	1	1	1.0	1	1.0
ERR1713386	aadA	3002601	1	0	0.0	0	0.0
ERR1713386	aadA16	3002616	1	0	0.0	0	0.0
ERR1713386	aadA27	3004682	1	1	1.0	1	1.0
ERR1713386	aadA4	3002604	1	0	0.0	0	0.0
ERR1713386	aadA5	3002605	1	0	0.0	0	0.0
ERR1713386	aadA7	3002607	1	0	0.0	0	0.0
ERR1713386	aadS	3004683	1	0	0.0	0	0.0
ERR1713386	acrB	3000216	1	1	1.0	1	1.0
ERR1713386	acrD	3000491	1	0	0.0	0	0.0
ERR1713386	adeF	3000777	27	7	0.25925925925925924	7	0.25925925925925924
ERR1713386	arr-3	3002848	1	0	0.0	0	0.0
ERR1713386	bacA	3002986	1	0	0.0	0	0.0
ERR1713386	baeR	3000828	3	1	0.3333333333333333	1	0.3333333333333333
ERR1713386	catB11	3004660	1	0	0.0	0	0.0
ERR1713386	catB3	3002676	1	0	0.0	0	0.0
ERR1713386	catQ	3002687	1	0	0.0	0	0.0
ERR1713386	cmlA5	3002695	1	0	0.0	0	0.0
ERR1713386	cmlA9	3005043	1	1	1.0	1	1.0
ERR1713386	cmlB1	3002699	1	0	0.0	0	0.0
ERR1713386	cpxA	3000830	1	1	1.0	1	1.0
ERR1713386	dfrA1	3002854	1	0	0.0	0	0.0
ERR1713386	dfrA12	3002858	1	0	0.0	0	0.0
ERR1713386	dfrA17	3002860	1	0	0.0	0	0.0
ERR1713386	dfrA20	3003016	1	0	0.0	0	0.0
ERR1713386	dfrA26	3002857	1	0	0.0	0	0.0
ERR1713386	dfrF	3002867	1	0	0.0	0	0.0
ERR1713386	dfrG	3002868	1	1	1.0	1	1.0
ERR1713386	emrA	3000027	1	1	1.0	1	1.0
ERR1713386	emrB	3000074	4	2	0.5	2	0.5
ERR1713386	emrR	3000516	7	3	0.42857142857142855	3	0.42857142857142855
ERR1713386	emrY	3000254	1	0	0.0	0	0.0
ERR1713386	eptA	3003576	1	0	0.0	0	0.0
ERR1713386	evgA	3000832	1	0	0.0	0	0.0
ERR1713386	evgS	3000833	1	0	0.0	0	0.0
ERR1713386	floR	3002705	1	1	1.0	1	1.0
ERR1713386	gadX	3000508	1	0	0.0	0	0.0
ERR1713386	leuO	3003843	5	0	0.0	0	0.0
ERR1713386	linG	3002879	2	1	0.5	1	0.5
ERR1713386	lnuB	3002836	1	1	1.0	1	1.0
ERR1713386	lnuC	3002837	1	0	0.0	0	0.0
ERR1713386	lsaE	3003206	1	1	1.0	1	1.0
ERR1713386	marA	3000263	5	1	0.2	1	0.2
ERR1713386	mdtA	3000792	1	1	1.0	1	1.0
ERR1713386	mdtC	3000794	1	0	0.0	0	0.0
ERR1713386	mdtE	3000795	1	0	0.0	0	0.0
ERR1713386	mdtF	3000796	1	0	0.0	0	0.0
ERR1713386	mdtG	3001329	1	0	0.0	0	0.0
ERR1713386	mdtH	3001216	1	0	0.0	0	0.0
ERR1713386	mdtO	3003549	1	1	1.0	1	1.0
ERR1713386	mdtP	3003550	1	1	1.0	1	1.0
ERR1713386	mefH	3007047	1	0	0.0	0	0.0
ERR1713386	mphA	3000316	1	1	1.0	1	1.0
ERR1713386	mphE	3003741	1	0	0.0	0	0.0
ERR1713386	mphG	3003742	1	0	0.0	0	0.0
ERR1713386	msbA	3003950	4	0	0.0	0	0.0
ERR1713386	msrE	3003109	1	0	0.0	0	0.0
ERR1713386	nimE	3007107	1	0	0.0	0	0.0
ERR1713386	nimG	3007109	1	0	0.0	0	0.0
ERR1713386	nimJ	3007112	3	1	0.3333333333333333	1	0.3333333333333333
ERR1713386	qacG	3007015	18	2	0.1111111111111111	2	0.1111111111111111
ERR1713386	qacJ	3007014	19	2	0.10526315789473684	2	0.10526315789473684
ERR1713386	qacL	3005098	2	1	0.5	1	0.5
ERR1713386	rsmA	3005069	3	0	0.0	0	0.0
ERR1713386	sul2	3000412	1	0	0.0	0	0.0
ERR1713386	sul4	3004361	1	0	0.0	0	0.0
ERR1713386	tet(32)	3000196	1	1	1.0	1	1.0
ERR1713386	tet(36)	3000197	2	0	0.0	0	0.0
ERR1713386	tet(39)	3000566	1	1	1.0	1	1.0
ERR1713386	tet(40)	3000567	1	0	0.0	0	0.0
ERR1713386	tet(44)	3000556	2	0	0.0	0	0.0
ERR1713386	tet(B)	3000166	1	1	1.0	1	1.0
ERR1713386	tet(M)	3000186	1	0	0.0	0	0.0
ERR1713386	tet(O)	3000190	2	1	0.5	0	0.0
ERR1713386	tet(Q)	3000191	4	0	0.0	0	0.0
ERR1713386	tet(W)	3000194	1	0	0.0	0	0.0
ERR1713386	tet(X)	3000205	1	0	0.0	0	0.0
ERR1713386	tetR	3003479	1	1	1.0	1	1.0
ERR1713386	ugd	3003577	1	0	0.0	0	0.0
ERR1713386	vanE	3002907	1	0	0.0	0	0.0
ERR1713386	vanG	3002909	9	1	0.1111111111111111	1	0.1111111111111111
ERR1713386	vanH gene in vanO cluster	3002948	2	0	0.0	0	0.0
ERR1713386	vanT gene in vanC cluster	3002970	1	0	0.0	0	0.0
ERR1713386	vanT gene in vanE cluster	3002971	1	0	0.0	0	0.0
ERR1713386	vanT gene in vanG cluster	3002972	12	0	0.0	0	0.0
ERR1713386	vanW gene in vanG cluster	3002965	5	0	0.0	0	0.0
ERR1713386	vanW gene in vanI cluster	3003724	12	0	0.0	0	0.0
ERR1713386	vanX gene in vanP cluster	3007190	1	0	0.0	0	0.0
ERR1713386	vanXY gene in vanE cluster	3002967	1	0	0.0	0	0.0
ERR1713386	vanY gene in vanB cluster	3002956	5	0	0.0	0	0.0
ERR1713386	vanY gene in vanF cluster	3002958	2	0	0.0	0	0.0
ERR1713386	vanY gene in vanM cluster	3002961	1	0	0.0	0	0.0
ERR1713394	AAC(6')-Ib9	3002580	1	0	0.0	0	0.0
ERR1713394	AAC(6')-Ie-APH(2'')-Ia bifunctional protein	3002597	1	1	1.0	1	1.0
ERR1713394	ANT(2'')-Ia	3000230	1	0	0.0	0	0.0
ERR1713394	ANT(3'')-IIa	3004089	1	0	0.0	0	0.0
ERR1713394	ANT(6)-Ia	3002626	1	0	0.0	0	0.0
ERR1713394	ANT(6)-Ib	3002629	1	0	0.0	0	0.0
ERR1713394	Acinetobacter baumannii AmvA	3004577	1	0	0.0	0	0.0
ERR1713394	ArnT	3005053	1	0	0.0	0	0.0
ERR1713394	CARB-3	3002242	1	0	0.0	0	0.0
ERR1713394	CARB-4	3002243	1	0	0.0	0	0.0
ERR1713394	CfxA2	3003002	1	0	0.0	0	0.0
ERR1713394	EreA	3000361	1	0	0.0	0	0.0
ERR1713394	EreB	3000363	1	0	0.0	0	0.0
ERR1713394	EreD	3004608	2	0	0.0	0	0.0
ERR1713394	Erm(35)	3000604	4	0	0.0	0	0.0
ERR1713394	Erm(42)	3003106	2	0	0.0	0	0.0
ERR1713394	Erm(47)	3003908	1	0	0.0	0	0.0
ERR1713394	Erm(51)	3007033	1	0	0.0	0	0.0
ERR1713394	ErmF	3000498	1	0	0.0	0	0.0
ERR1713394	ErmG	3000522	2	0	0.0	0	0.0
ERR1713394	FosG	3007368	1	0	0.0	0	0.0
ERR1713394	FosI	3007370	2	0	0.0	0	0.0
ERR1713394	FosXCC	3003208	1	0	0.0	0	0.0
ERR1713394	Klebsiella pneumoniae KpnE	3004580	1	0	0.0	0	0.0
ERR1713394	Klebsiella pneumoniae KpnF	3004583	1	0	0.0	0	0.0
ERR1713394	LnuH	3004600	6	3	0.5	3	0.5
ERR1713394	Mef(En2)	3004659	1	0	0.0	0	0.0
ERR1713394	Mrx	3003839	1	1	1.0	1	1.0
ERR1713394	NPS-1	3004239	1	1	1.0	1	1.0
ERR1713394	OXA-10	3001405	1	0	0.0	0	0.0
ERR1713394	OXA-119	3001775	1	0	0.0	0	0.0
ERR1713394	OXA-129	3001811	1	1	1.0	1	1.0
ERR1713394	OXA-2	3001397	1	0	0.0	0	0.0
ERR1713394	OXA-205	3001483	1	0	0.0	0	0.0
ERR1713394	OXA-21	3001416	1	0	0.0	0	0.0
ERR1713394	OXA-347	3001777	1	0	0.0	0	0.0
ERR1713394	OXA-436	3003128	1	0	0.0	0	0.0
ERR1713394	OXA-498	3005729	1	1	1.0	1	1.0
ERR1713394	OXA-504	3005734	2	0	0.0	0	0.0
ERR1713394	OXA-664	3004479	1	0	0.0	0	0.0
ERR1713394	OXA-726	3005931	1	0	0.0	0	0.0
ERR1713394	OXA-732	3005937	1	0	0.0	0	0.0
ERR1713394	OXA-912	3006099	1	0	0.0	0	0.0
ERR1713394	QnrVC1	3002799	1	0	0.0	0	0.0
ERR1713394	RCP-1	3003563	1	0	0.0	0	0.0
ERR1713394	SAT-4	3002897	2	0	0.0	0	0.0
ERR1713394	TRU-1	3004450	1	0	0.0	0	0.0
ERR1713394	VEB-9	3002378	1	1	1.0	1	1.0
ERR1713394	aad(6)	3002628	1	0	0.0	0	0.0
ERR1713394	aadA4	3002604	1	0	0.0	0	0.0
ERR1713394	aadA6	3002606	1	0	0.0	0	0.0
ERR1713394	aadA7	3002607	1	0	0.0	0	0.0
ERR1713394	adeF	3000777	39	1	0.02564102564102564	1	0.02564102564102564
ERR1713394	catB11	3004660	1	0	0.0	0	0.0
ERR1713394	catB3	3002676	1	0	0.0	0	0.0
ERR1713394	catB8	3002680	1	0	0.0	0	0.0
ERR1713394	catQ	3002687	1	0	0.0	0	0.0
ERR1713394	cmlA5	3002695	1	0	0.0	0	0.0
ERR1713394	cmlA9	3005043	1	1	1.0	1	1.0
ERR1713394	cmlB1	3002699	1	0	0.0	0	0.0
ERR1713394	dfr22	3005354	1	0	0.0	0	0.0
ERR1713394	dfrA10	3003011	1	0	0.0	0	0.0
ERR1713394	floR	3002705	1	1	1.0	1	1.0
ERR1713394	kdpE	3003841	1	0	0.0	0	0.0
ERR1713394	linG	3002879	1	0	0.0	0	0.0
ERR1713394	lnuB	3002836	1	0	0.0	0	0.0
ERR1713394	lnuC	3002837	1	0	0.0	0	0.0
ERR1713394	lnuD	3002838	1	0	0.0	0	0.0
ERR1713394	lsaE	3003206	1	0	0.0	0	0.0
ERR1713394	mphA	3000316	1	1	1.0	1	1.0
ERR1713394	mphE	3003741	1	0	0.0	0	0.0
ERR1713394	mphF	3003071	1	0	0.0	0	0.0
ERR1713394	mphG	3003742	2	0	0.0	0	0.0
ERR1713394	msrE	3003109	1	0	0.0	0	0.0
ERR1713394	nimA	3007104	6	0	0.0	0	0.0
ERR1713394	nimB	3004655	1	0	0.0	0	0.0
ERR1713394	nimE	3007107	4	0	0.0	0	0.0
ERR1713394	nimF	3007108	2	0	0.0	0	0.0
ERR1713394	nimG	3007109	8	0	0.0	0	0.0
ERR1713394	nimJ	3007112	11	1	0.09090909090909091	1	0.09090909090909091
ERR1713394	qacE	3005009	1	1	1.0	1	1.0
ERR1713394	qacG	3007015	29	0	0.0	0	0.0
ERR1713394	qacJ	3007014	17	1	0.058823529411764705	1	0.058823529411764705
ERR1713394	qacL	3005098	1	0	0.0	0	0.0
ERR1713394	rsmA	3005069	4	0	0.0	0	0.0
ERR1713394	sul1	3000410	1	0	0.0	0	0.0
ERR1713394	sul4	3004361	1	0	0.0	0	0.0
ERR1713394	tet(32)	3000196	2	1	0.5	1	0.5
ERR1713394	tet(36)	3000197	3	1	0.3333333333333333	1	0.3333333333333333
ERR1713394	tet(39)	3000566	1	1	1.0	1	1.0
ERR1713394	tet(44)	3000556	3	0	0.0	0	0.0
ERR1713394	tet(M)	3000186	1	0	0.0	0	0.0
ERR1713394	tet(O)	3000190	1	0	0.0	0	0.0
ERR1713394	tet(Q)	3000191	7	3	0.42857142857142855	3	0.42857142857142855
ERR1713394	tet(W)	3000194	1	0	0.0	0	0.0
ERR1713394	tet(W/N/W)	3004442	6	1	0.16666666666666666	0	0.0
ERR1713394	tet(X)	3000205	1	1	1.0	1	1.0
ERR1713394	vanG	3002909	5	0	0.0	0	0.0
ERR1713394	vanH gene in vanO cluster	3002948	1	0	0.0	0	0.0
ERR1713394	vanT gene in vanG cluster	3002972	74	0	0.0	0	0.0
ERR1713394	vanW gene in vanB cluster	3002964	3	0	0.0	0	0.0
ERR1713394	vanW gene in vanG cluster	3002965	8	0	0.0	0	0.0
ERR1713394	vanW gene in vanI cluster	3003724	23	0	0.0	0	0.0
ERR1713394	vanX gene in vanP cluster	3007190	2	0	0.0	0	0.0
ERR1713394	vanXY gene in vanG cluster	3003069	2	0	0.0	0	0.0
ERR1713394	vanY gene in vanA cluster	3002955	13	0	0.0	0	0.0
ERR1713394	vanY gene in vanB cluster	3002956	15	0	0.0	0	0.0
ERR1713394	vanY gene in vanF cluster	3002958	5	0	0.0	0	0.0
ERR1713394	vanY gene in vanG cluster	3002959	11	0	0.0	0	0.0
ERR1713394	vanY gene in vanM cluster	3002961	9	0	0.0	0	0.0
ERR1713397	ACI-1	3004359	1	0	0.0	0	0.0
ERR1713397	AIM-1	3000853	1	0	0.0	0	0.0
ERR1713397	ANT(2'')-Ia	3000230	1	0	0.0	0	0.0
ERR1713397	CfxA6	3003097	1	0	0.0	0	0.0
ERR1713397	EreA2	3002826	1	0	0.0	0	0.0
ERR1713397	EreD	3004608	2	1	0.5	1	0.5
ERR1713397	ErmF	3000498	1	0	0.0	0	0.0
ERR1713397	ErmG	3000522	1	0	0.0	0	0.0
ERR1713397	FosI	3007370	2	0	0.0	0	0.0
ERR1713397	ICR-Mo	3004569	2	0	0.0	0	0.0
ERR1713397	Klebsiella pneumoniae KpnE	3004580	1	0	0.0	0	0.0
ERR1713397	LnuH	3004600	2	1	0.5	1	0.5
ERR1713397	NPS-1	3004239	1	0	0.0	0	0.0
ERR1713397	OXA-347	3001777	1	0	0.0	0	0.0
ERR1713397	OXA-644	3005864	1	0	0.0	0	0.0
ERR1713397	OXA-651	3005867	1	0	0.0	0	0.0
ERR1713397	Pseudomonas aeruginosa soxR	3004107	1	0	0.0	0	0.0
ERR1713397	QnrS2	3002791	1	0	0.0	0	0.0
ERR1713397	RbpA	3000245	1	0	0.0	0	0.0
ERR1713397	VEB-9	3002378	1	0	0.0	0	0.0
ERR1713397	aadA10	3004692	1	0	0.0	0	0.0
ERR1713397	aadA2	3002602	1	0	0.0	0	0.0
ERR1713397	aadA27	3004682	1	0	0.0	0	0.0
ERR1713397	aadA5	3002605	1	0	0.0	0	0.0
ERR1713397	aadA6	3002606	1	0	0.0	0	0.0
ERR1713397	aadS	3004683	2	0	0.0	0	0.0
ERR1713397	adeF	3000777	11	2	0.18181818181818182	2	0.18181818181818182
ERR1713397	catB3	3002676	1	0	0.0	0	0.0
ERR1713397	dfrF	3002867	1	0	0.0	0	0.0
ERR1713397	lnuB	3002836	1	0	0.0	0	0.0
ERR1713397	lnuC	3002837	1	0	0.0	0	0.0
ERR1713397	lnuD	3002838	2	0	0.0	0	0.0
ERR1713397	lsaE	3003206	1	0	0.0	0	0.0
ERR1713397	marA	3000263	1	0	0.0	0	0.0
ERR1713397	mdeA	3007011	1	0	0.0	0	0.0
ERR1713397	mefJ	3007049	1	0	0.0	0	0.0
ERR1713397	mphE	3003741	1	1	1.0	1	1.0
ERR1713397	mphG	3003742	3	0	0.0	0	0.0
ERR1713397	msrE	3003109	1	1	1.0	1	1.0
ERR1713397	nimA	3007104	1	0	0.0	0	0.0
ERR1713397	nimE	3007107	2	0	0.0	0	0.0
ERR1713397	nimG	3007109	3	0	0.0	0	0.0
ERR1713397	nimJ	3007112	6	1	0.16666666666666666	1	0.16666666666666666
ERR1713397	poxtA	3004470	2	0	0.0	0	0.0
ERR1713397	qacEdelta1	3005010	1	0	0.0	0	0.0
ERR1713397	qacG	3007015	17	4	0.23529411764705882	4	0.23529411764705882
ERR1713397	qacJ	3007014	17	4	0.23529411764705882	4	0.23529411764705882
ERR1713397	qacL	3005098	2	1	0.5	1	0.5
ERR1713397	rsmA	3005069	1	0	0.0	0	0.0
ERR1713397	tet(32)	3000196	1	0	0.0	0	0.0
ERR1713397	tet(36)	3000197	2	0	0.0	0	0.0
ERR1713397	tet(39)	3000566	1	1	1.0	1	1.0
ERR1713397	tet(40)	3000567	1	0	0.0	0	0.0
ERR1713397	tet(44)	3000556	4	1	0.25	1	0.25
ERR1713397	tet(H)	3000175	1	0	0.0	0	0.0
ERR1713397	tet(M)	3000186	1	0	0.0	0	0.0
ERR1713397	tet(O)	3000190	2	0	0.0	0	0.0
ERR1713397	tet(Q)	3000191	3	1	0.3333333333333333	1	0.3333333333333333
ERR1713397	tet(S)	3000192	1	0	0.0	0	0.0
ERR1713397	tet(W)	3000194	1	1	1.0	1	1.0
ERR1713397	tet(W/N/W)	3004442	1	0	0.0	0	0.0
ERR1713397	tet(X)	3000205	1	0	0.0	0	0.0
ERR1713397	tetB(P)	3000195	2	0	0.0	0	0.0
ERR1713397	vanG	3002909	5	0	0.0	0	0.0
ERR1713397	vanH gene in vanB cluster	3002943	1	0	0.0	0	0.0
ERR1713397	vanH gene in vanO cluster	3002948	4	0	0.0	0	0.0
ERR1713397	vanT gene in vanC cluster	3002970	1	0	0.0	0	0.0
ERR1713397	vanT gene in vanG cluster	3002972	32	0	0.0	0	0.0
ERR1713397	vanU gene in vanG cluster	3004253	1	0	0.0	0	0.0
ERR1713397	vanW gene in vanB cluster	3002964	3	0	0.0	0	0.0
ERR1713397	vanW gene in vanG cluster	3002965	10	0	0.0	0	0.0
ERR1713397	vanW gene in vanI cluster	3003724	29	0	0.0	0	0.0
ERR1713397	vanXY gene in vanG cluster	3003069	2	0	0.0	0	0.0
ERR1713397	vanY gene in vanA cluster	3002955	6	0	0.0	0	0.0
ERR1713397	vanY gene in vanB cluster	3002956	23	0	0.0	0	0.0
ERR1713397	vanY gene in vanG cluster	3002959	6	0	0.0	0	0.0
ERR1713397	vanY gene in vanM cluster	3002961	9	0	0.0	0	0.0
ERR1713398	ANT(6)-Ia	3002626	1	0	0.0	0	0.0
ERR1713398	ANT(6)-Ib	3002629	1	0	0.0	0	0.0
ERR1713398	APH(3')-IXa	3004087	1	0	0.0	0	0.0
ERR1713398	EreD	3004608	1	0	0.0	0	0.0
ERR1713398	ErmG	3000522	1	0	0.0	0	0.0
ERR1713398	Escherichia coli EF-Tu mutants conferring resistance to Pulvomycin	3003369	1	0	0.0	0	0.0
ERR1713398	FosA8	3007371	1	0	0.0	0	0.0
ERR1713398	ICR-Mo	3004569	1	0	0.0	0	0.0
ERR1713398	Mef(En2)	3004659	1	0	0.0	0	0.0
ERR1713398	Mycobacterium tuberculosis folC with mutation conferring resistance to para-aminosalicylic acid	3004157	1	0	0.0	0	0.0
ERR1713398	OXA-10	3001405	1	0	0.0	0	0.0
ERR1713398	OXA-668	3005158	1	0	0.0	0	0.0
ERR1713398	OXA-669	3005880	1	1	1.0	1	1.0
ERR1713398	RbpA	3000245	1	0	0.0	0	0.0
ERR1713398	aadA11	3002611	1	0	0.0	0	0.0
ERR1713398	aadA27	3004682	1	1	1.0	1	1.0
ERR1713398	aadS	3004683	1	0	0.0	0	0.0
ERR1713398	adeF	3000777	4	0	0.0	0	0.0
ERR1713398	cfrC	3004146	1	0	0.0	0	0.0
ERR1713398	dfrF	3002867	1	0	0.0	0	0.0
ERR1713398	iri	3002884	1	1	1.0	1	1.0
ERR1713398	lnuC	3002837	1	0	0.0	0	0.0
ERR1713398	mefJ	3007049	1	0	0.0	0	0.0
ERR1713398	mphE	3003741	1	1	1.0	1	1.0
ERR1713398	mphG	3003742	2	0	0.0	0	0.0
ERR1713398	msrE	3003109	1	1	1.0	1	1.0
ERR1713398	nimA	3007104	1	0	0.0	0	0.0
ERR1713398	patB	3000025	1	0	0.0	0	0.0
ERR1713398	qacE	3005009	1	0	0.0	0	0.0
ERR1713398	qacG	3007015	9	3	0.3333333333333333	3	0.3333333333333333
ERR1713398	qacJ	3007014	11	3	0.2727272727272727	3	0.2727272727272727
ERR1713398	qacL	3005098	1	1	1.0	1	1.0
ERR1713398	tet(32)	3000196	1	0	0.0	0	0.0
ERR1713398	tet(39)	3000566	1	1	1.0	1	1.0
ERR1713398	tet(40)	3000567	1	0	0.0	0	0.0
ERR1713398	tet(44)	3000556	1	0	0.0	0	0.0
ERR1713398	tet(M)	3000186	1	0	0.0	0	0.0
ERR1713398	tet(O)	3000190	2	0	0.0	0	0.0
ERR1713398	tet(Q)	3000191	1	0	0.0	0	0.0
ERR1713398	tet(S)	3000192	1	0	0.0	0	0.0
ERR1713398	tet(W)	3000194	1	0	0.0	0	0.0
ERR1713398	tet(X)	3000205	1	0	0.0	0	0.0
ERR1713398	vanG	3002909	8	1	0.125	1	0.125
ERR1713398	vanH gene in vanM cluster	3002947	1	0	0.0	0	0.0
ERR1713398	vanH gene in vanO cluster	3002948	2	0	0.0	0	0.0
ERR1713398	vanT gene in vanG cluster	3002972	19	0	0.0	0	0.0
ERR1713398	vanW gene in vanB cluster	3002964	1	0	0.0	0	0.0
ERR1713398	vanW gene in vanG cluster	3002965	6	0	0.0	0	0.0
ERR1713398	vanW gene in vanI cluster	3003724	21	0	0.0	0	0.0
ERR1713398	vanXY gene in vanG cluster	3003069	1	0	0.0	0	0.0
ERR1713398	vanY gene in vanB cluster	3002956	10	1	0.1	1	0.1
ERR1713398	vanY gene in vanF cluster	3002958	1	0	0.0	0	0.0
ERR1713398	vanY gene in vanG cluster	3002959	5	0	0.0	0	0.0
ERR1713398	vanY gene in vanM cluster	3002961	7	0	0.0	0	0.0
ERR1713399	EreA2	3002826	1	0	0.0	0	0.0
ERR1713399	ErmF	3000498	1	0	0.0	0	0.0
ERR1713399	ErmG	3000522	1	0	0.0	0	0.0
ERR1713399	Escherichia coli EF-Tu mutants conferring resistance to Pulvomycin	3003369	1	0	0.0	0	0.0
ERR1713399	OXA-10	3001405	1	0	0.0	0	0.0
ERR1713399	OXA-129	3001811	1	1	1.0	1	1.0
ERR1713399	OXA-2	3001397	1	0	0.0	0	0.0
ERR1713399	OXA-211	3001710	1	0	0.0	0	0.0
ERR1713399	OXA-347	3001777	1	0	0.0	0	0.0
ERR1713399	aadS	3004683	1	0	0.0	0	0.0
ERR1713399	adeF	3000777	4	0	0.0	0	0.0
ERR1713399	lnuB	3002836	1	0	0.0	0	0.0
ERR1713399	mefJ	3007049	1	0	0.0	0	0.0
ERR1713399	mphE	3003741	1	1	1.0	1	1.0
ERR1713399	mphG	3003742	1	0	0.0	0	0.0
ERR1713399	msrE	3003109	1	1	1.0	1	1.0
ERR1713399	qacG	3007015	5	1	0.2	1	0.2
ERR1713399	qacJ	3007014	3	0	0.0	0	0.0
ERR1713399	qacL	3005098	1	0	0.0	0	0.0
ERR1713399	tet(39)	3000566	1	1	1.0	1	1.0
ERR1713399	tet(O)	3000190	2	0	0.0	0	0.0
ERR1713399	tet(Q)	3000191	1	0	0.0	0	0.0
ERR1713399	tet(W)	3000194	1	1	1.0	1	1.0
ERR1713399	tet(X)	3000205	1	0	0.0	0	0.0
ERR1713399	vanT gene in vanG cluster	3002972	17	0	0.0	0	0.0
ERR1713399	vanW gene in vanB cluster	3002964	1	0	0.0	0	0.0
ERR1713399	vanW gene in vanG cluster	3002965	2	0	0.0	0	0.0
ERR1713399	vanW gene in vanI cluster	3003724	10	0	0.0	0	0.0
ERR1713399	vanY gene in vanA cluster	3002955	2	0	0.0	0	0.0
ERR1713399	vanY gene in vanB cluster	3002956	5	0	0.0	0	0.0
ERR1713399	vanY gene in vanF cluster	3002958	2	0	0.0	0	0.0
ERR1713399	vanY gene in vanG cluster	3002959	2	0	0.0	0	0.0
ERR1713399	vanY gene in vanM cluster	3002961	3	0	0.0	0	0.0
ERR1713400	AAC(6')-Ib7	3002578	1	0	0.0	0	0.0
ERR1713400	ACI-1	3004359	1	0	0.0	0	0.0
ERR1713400	AIM-1	3000853	1	0	0.0	0	0.0
ERR1713400	AcrS	3000656	1	0	0.0	0	0.0
ERR1713400	ArnT	3005053	3	0	0.0	0	0.0
ERR1713400	CARB-8	3002247	1	0	0.0	0	0.0
ERR1713400	CRP	3000518	1	0	0.0	0	0.0
ERR1713400	CfxA2	3003002	1	1	1.0	1	1.0
ERR1713400	CfxA6	3003097	1	0	0.0	0	0.0
ERR1713400	EreA2	3002826	1	0	0.0	0	0.0
ERR1713400	EreD	3004608	1	0	0.0	0	0.0
ERR1713400	ErmF	3000498	1	0	0.0	0	0.0
ERR1713400	ErmG	3000522	1	0	0.0	0	0.0
ERR1713400	Escherichia coli EF-Tu mutants conferring resistance to Pulvomycin	3003369	1	0	0.0	0	0.0
ERR1713400	Escherichia coli acrA	3004043	1	0	0.0	0	0.0
ERR1713400	Escherichia coli ampC beta-lactamase	3004290	1	0	0.0	0	0.0
ERR1713400	Escherichia coli mdfA	3001328	1	0	0.0	0	0.0
ERR1713400	Escherichia coli soxR with mutation conferring antibiotic resistance	3003381	1	0	0.0	0	0.0
ERR1713400	FosA6	3004111	1	0	0.0	0	0.0
ERR1713400	FosBx1	3007372	1	0	0.0	0	0.0
ERR1713400	FosI	3007370	1	0	0.0	0	0.0
ERR1713400	GES-5	3002334	1	0	0.0	0	0.0
ERR1713400	Haemophilus influenzae PBP3 conferring resistance to beta-lactam antibiotics	3004446	1	0	0.0	0	0.0
ERR1713400	ICR-Mo	3004569	1	0	0.0	0	0.0
ERR1713400	Klebsiella pneumoniae KpnE	3004580	1	0	0.0	0	0.0
ERR1713400	LnuH	3004600	3	0	0.0	0	0.0
ERR1713400	Mef(En2)	3004659	1	1	1.0	1	1.0
ERR1713400	Mrx	3003839	1	1	1.0	1	1.0
ERR1713400	NPS-1	3004239	1	0	0.0	0	0.0
ERR1713400	OXA-1	3001396	1	0	0.0	0	0.0
ERR1713400	OXA-2	3001397	1	0	0.0	0	0.0
ERR1713400	OXA-205	3001483	1	1	1.0	1	1.0
ERR1713400	OXA-58	3001611	1	0	0.0	0	0.0
ERR1713400	OXA-651	3005867	1	0	0.0	0	0.0
ERR1713400	QnrB10	3002724	1	1	1.0	1	1.0
ERR1713400	QnrS2	3002791	1	0	0.0	0	0.0
ERR1713400	SAT-4	3002897	1	0	0.0	0	0.0
ERR1713400	aadA11	3002611	1	0	0.0	0	0.0
ERR1713400	aadA27	3004682	1	0	0.0	0	0.0
ERR1713400	aadA5	3002605	1	0	0.0	0	0.0
ERR1713400	aadA7	3002607	1	0	0.0	0	0.0
ERR1713400	aadS	3004683	1	0	0.0	0	0.0
ERR1713400	adeF	3000777	8	0	0.0	0	0.0
ERR1713400	bacA	3002986	1	0	0.0	0	0.0
ERR1713400	catQ	3002687	1	0	0.0	0	0.0
ERR1713400	cfrE	3005023	1	1	1.0	1	1.0
ERR1713400	cpxA	3000830	1	0	0.0	0	0.0
ERR1713400	dfrF	3002867	1	0	0.0	0	0.0
ERR1713400	emrA	3000027	1	1	1.0	1	1.0
ERR1713400	emrK	3000206	1	0	0.0	0	0.0
ERR1713400	emrR	3000516	1	1	1.0	1	1.0
ERR1713400	evgA	3000832	1	0	0.0	0	0.0
ERR1713400	leuO	3003843	2	0	0.0	0	0.0
ERR1713400	lnuB	3002836	2	0	0.0	0	0.0
ERR1713400	lnuC	3002837	1	0	0.0	0	0.0
ERR1713400	lnuD	3002838	2	1	0.5	1	0.5
ERR1713400	lsaE	3003206	1	0	0.0	0	0.0
ERR1713400	marA	3000263	1	0	0.0	0	0.0
ERR1713400	mdtA	3000792	1	0	0.0	0	0.0
ERR1713400	mdtE	3000795	1	0	0.0	0	0.0
ERR1713400	mdtG	3001329	1	0	0.0	0	0.0
ERR1713400	mdtN	3003548	1	1	1.0	1	1.0
ERR1713400	mefJ	3007049	1	0	0.0	0	0.0
ERR1713400	mphA	3000316	1	1	1.0	1	1.0
ERR1713400	mphE	3003741	1	1	1.0	1	1.0
ERR1713400	mphF	3003071	1	1	1.0	1	1.0
ERR1713400	mphG	3003742	2	0	0.0	0	0.0
ERR1713400	msbA	3003950	1	0	0.0	0	0.0
ERR1713400	msrE	3003109	1	1	1.0	1	1.0
ERR1713400	nimJ	3007112	2	1	0.5	1	0.5
ERR1713400	patB	3000025	3	0	0.0	0	0.0
ERR1713400	qacG	3007015	12	1	0.08333333333333333	1	0.08333333333333333
ERR1713400	qacJ	3007014	9	1	0.1111111111111111	1	0.1111111111111111
ERR1713400	qacL	3005098	2	2	1.0	2	1.0
ERR1713400	rsmA	3005069	2	0	0.0	0	0.0
ERR1713400	tet(32)	3000196	1	1	1.0	1	1.0
ERR1713400	tet(39)	3000566	1	1	1.0	1	1.0
ERR1713400	tet(40)	3000567	1	0	0.0	0	0.0
ERR1713400	tet(44)	3000556	1	0	0.0	0	0.0
ERR1713400	tet(O)	3000190	1	0	0.0	0	0.0
ERR1713400	tet(Q)	3000191	1	0	0.0	0	0.0
ERR1713400	tet(W)	3000194	1	1	1.0	1	1.0
ERR1713400	tet(W/N/W)	3004442	1	1	1.0	1	1.0
ERR1713400	tet(X)	3000205	1	0	0.0	0	0.0
ERR1713400	vanG	3002909	9	1	0.1111111111111111	1	0.1111111111111111
ERR1713400	vanH gene in vanB cluster	3002943	1	0	0.0	0	0.0
ERR1713400	vanH gene in vanD cluster	3002944	1	0	0.0	0	0.0
ERR1713400	vanH gene in vanO cluster	3002948	2	0	0.0	0	0.0
ERR1713400	vanT gene in vanG cluster	3002972	28	0	0.0	0	0.0
ERR1713400	vanU gene in vanG cluster	3004253	1	0	0.0	0	0.0
ERR1713400	vanW gene in vanG cluster	3002965	6	0	0.0	0	0.0
ERR1713400	vanW gene in vanI cluster	3003724	18	0	0.0	0	0.0
ERR1713400	vanXY gene in vanG cluster	3003069	1	0	0.0	0	0.0
ERR1713400	vanY gene in vanA cluster	3002955	2	0	0.0	0	0.0
ERR1713400	vanY gene in vanB cluster	3002956	17	1	0.058823529411764705	1	0.058823529411764705
ERR1713400	vanY gene in vanF cluster	3002958	1	0	0.0	0	0.0
ERR1713400	vanY gene in vanG cluster	3002959	2	0	0.0	0	0.0
ERR1713400	vanY gene in vanM cluster	3002961	3	0	0.0	0	0.0
ERR1713403	CARB-16	3002255	1	1	1.0	1	1.0
ERR1713403	Escherichia coli EF-Tu mutants conferring resistance to Pulvomycin	3003369	1	1	1.0	0	0.0
ERR1713403	LnuH	3004600	1	1	1.0	1	1.0
ERR1713403	OXA-10	3001405	1	1	1.0	1	1.0
ERR1713403	aadS	3004683	1	1	1.0	1	1.0
ERR1713403	adeF	3000777	1	1	1.0	0	0.0
ERR1713403	lnuB	3002836	1	1	1.0	1	1.0
ERR1713403	lnuC	3002837	1	1	1.0	0	0.0
ERR1713403	lsaE	3003206	1	1	1.0	1	1.0
ERR1713403	mefJ	3007049	1	1	1.0	1	1.0
ERR1713403	mphE	3003741	1	1	1.0	1	1.0
ERR1713403	mphG	3003742	1	1	1.0	0	0.0
ERR1713403	msrE	3003109	1	1	1.0	1	1.0
ERR1713403	patB	3000025	1	1	1.0	0	0.0
ERR1713403	qacEdelta1	3005010	1	1	1.0	1	1.0
ERR1713403	qacG	3007015	2	2	1.0	0	0.0
ERR1713403	qacJ	3007014	2	2	1.0	0	0.0
ERR1713403	qacL	3005098	2	2	1.0	2	1.0
ERR1713403	rsmA	3005069	1	1	1.0	1	1.0
ERR1713403	tet(39)	3000566	1	1	1.0	1	1.0
ERR1713403	tet(O)	3000190	2	2	1.0	1	0.5
ERR1713403	tet(W)	3000194	1	1	1.0	1	1.0
ERR1713403	tet(W/N/W)	3004442	1	1	1.0	0	0.0
ERR1713403	vanG	3002909	1	1	1.0	0	0.0
ERR1713403	vanH gene in vanO cluster	3002948	1	1	1.0	0	0.0
ERR1713403	vanT gene in vanG cluster	3002972	4	4	1.0	0	0.0
ERR1713403	vanW gene in vanI cluster	3003724	12	12	1.0	0	0.0
ERR1713403	vanY gene in vanB cluster	3002956	3	3	1.0	0	0.0
ERR1713405	AAC(6')-Ib9	3002580	1	0	0.0	0	0.0
ERR1713405	ANT(3'')-IIc	3004091	1	0	0.0	0	0.0
ERR1713405	ANT(6)-Ia	3002626	1	0	0.0	0	0.0
ERR1713405	Acinetobacter baumannii AbaF	3004573	2	0	0.0	0	0.0
ERR1713405	AcrE	3000499	1	1	1.0	1	1.0
ERR1713405	ArnT	3005053	1	1	1.0	1	1.0
ERR1713405	Bifidobacterium adolescentis rpoB mutants conferring resistance to rifampicin	3004480	1	0	0.0	0	0.0
ERR1713405	CARB-5	3002244	1	0	0.0	0	0.0
ERR1713405	CMY-82	3002095	1	0	0.0	0	0.0
ERR1713405	CRP	3000518	2	0	0.0	0	0.0
ERR1713405	CblA-1	3002999	1	0	0.0	0	0.0
ERR1713405	CfxA2	3003002	1	0	0.0	0	0.0
ERR1713405	CfxA6	3003097	1	0	0.0	0	0.0
ERR1713405	EreA	3000361	1	0	0.0	0	0.0
ERR1713405	EreB	3000363	1	0	0.0	0	0.0
ERR1713405	EreD	3004608	2	0	0.0	0	0.0
ERR1713405	ErmB	3000375	1	1	1.0	1	1.0
ERR1713405	ErmF	3000498	1	0	0.0	0	0.0
ERR1713405	ErmG	3000522	1	0	0.0	0	0.0
ERR1713405	Escherichia coli AcrAB-TolC with AcrR mutation conferring resistance to ciprofloxacin, tetracycline, and ceftazidime	3003807	1	0	0.0	0	0.0
ERR1713405	Escherichia coli AcrAB-TolC with MarR mutations conferring resistance to ciprofloxacin and tetracycline	3003378	3	0	0.0	0	0.0
ERR1713405	Escherichia coli EF-Tu mutants conferring resistance to Pulvomycin	3003369	1	0	0.0	0	0.0
ERR1713405	Escherichia coli GlpT with mutation conferring resistance to fosfomycin	3003889	1	0	0.0	0	0.0
ERR1713405	Escherichia coli acrA	3004043	1	0	0.0	0	0.0
ERR1713405	Escherichia coli ampC beta-lactamase	3004290	1	0	0.0	0	0.0
ERR1713405	Escherichia coli emrE	3004039	1	0	0.0	0	0.0
ERR1713405	Escherichia coli mdfA	3001328	1	1	1.0	1	1.0
ERR1713405	Escherichia coli soxR with mutation conferring antibiotic resistance	3003381	1	1	1.0	1	1.0
ERR1713405	Escherichia coli soxS with mutation conferring antibiotic resistance	3003511	2	2	1.0	2	1.0
ERR1713405	FosH	3007369	1	0	0.0	0	0.0
ERR1713405	FosI	3007370	3	1	0.3333333333333333	1	0.3333333333333333
ERR1713405	FosXCC	3003208	2	0	0.0	0	0.0
ERR1713405	GES-5	3002334	1	0	0.0	0	0.0
ERR1713405	H-NS	3000676	1	0	0.0	0	0.0
ERR1713405	Haemophilus influenzae PBP3 conferring resistance to beta-lactam antibiotics	3004446	2	0	0.0	0	0.0
ERR1713405	ICR-Mo	3004569	1	0	0.0	0	0.0
ERR1713405	Klebsiella pneumoniae KpnE	3004580	1	0	0.0	0	0.0
ERR1713405	Klebsiella pneumoniae KpnF	3004583	1	0	0.0	0	0.0
ERR1713405	LHK-6	3006940	1	0	0.0	0	0.0
ERR1713405	LnuH	3004600	3	1	0.3333333333333333	1	0.3333333333333333
ERR1713405	MOX-9	3002191	1	0	0.0	0	0.0
ERR1713405	Mef(En2)	3004659	1	1	1.0	1	1.0
ERR1713405	Mrx	3003839	1	1	1.0	1	1.0
ERR1713405	NPS-1	3004239	1	0	0.0	0	0.0
ERR1713405	OXA-1	3001396	1	0	0.0	0	0.0
ERR1713405	OXA-119	3001775	1	0	0.0	0	0.0
ERR1713405	OXA-129	3001811	1	0	0.0	0	0.0
ERR1713405	OXA-2	3001397	1	1	1.0	1	1.0
ERR1713405	OXA-211	3001710	1	1	1.0	1	1.0
ERR1713405	OXA-347	3001777	1	0	0.0	0	0.0
ERR1713405	OXA-46	3001797	1	0	0.0	0	0.0
ERR1713405	OXA-50	3001796	1	0	0.0	0	0.0
ERR1713405	OXA-917	3006103	1	0	0.0	0	0.0
ERR1713405	PmrF	3003578	1	1	1.0	1	1.0
ERR1713405	Pseudomonas aeruginosa soxR	3004107	1	0	0.0	0	0.0
ERR1713405	QnrS2	3002791	1	0	0.0	0	0.0
ERR1713405	QnrVC4	3002801	1	0	0.0	0	0.0
ERR1713405	RCP-1	3003563	1	0	0.0	0	0.0
ERR1713405	SAT-4	3002897	1	0	0.0	0	0.0
ERR1713405	TolC	3000237	1	0	0.0	0	0.0
ERR1713405	VEB-9	3002378	1	0	0.0	0	0.0
ERR1713405	aadA10	3004692	1	0	0.0	0	0.0
ERR1713405	aadA27	3004682	1	1	1.0	1	1.0
ERR1713405	aadA5	3002605	1	0	0.0	0	0.0
ERR1713405	aadA6	3002606	1	0	0.0	0	0.0
ERR1713405	aadA7	3002607	1	0	0.0	0	0.0
ERR1713405	aadS	3004683	3	0	0.0	0	0.0
ERR1713405	acrD	3000491	1	0	0.0	0	0.0
ERR1713405	adeF	3000777	12	1	0.08333333333333333	1	0.08333333333333333
ERR1713405	baeR	3000828	2	0	0.0	0	0.0
ERR1713405	baeS	3000829	1	0	0.0	0	0.0
ERR1713405	cpxA	3000830	1	0	0.0	0	0.0
ERR1713405	dfrF	3002867	1	0	0.0	0	0.0
ERR1713405	emrK	3000206	1	0	0.0	0	0.0
ERR1713405	emrR	3000516	1	0	0.0	0	0.0
ERR1713405	emrY	3000254	1	0	0.0	0	0.0
ERR1713405	evgA	3000832	1	0	0.0	0	0.0
ERR1713405	fosA5	3003209	1	0	0.0	0	0.0
ERR1713405	leuO	3003843	1	0	0.0	0	0.0
ERR1713405	lnuC	3002837	1	0	0.0	0	0.0
ERR1713405	lnuG	3004085	1	1	1.0	1	1.0
ERR1713405	lsaE	3003206	1	1	1.0	1	1.0
ERR1713405	marA	3000263	4	0	0.0	0	0.0
ERR1713405	mdeA	3007011	1	0	0.0	0	0.0
ERR1713405	mdtE	3000795	1	0	0.0	0	0.0
ERR1713405	mdtG	3001329	1	0	0.0	0	0.0
ERR1713405	mdtM	3001214	1	0	0.0	0	0.0
ERR1713405	mdtN	3003548	1	1	1.0	1	1.0
ERR1713405	mdtO	3003549	1	1	1.0	1	1.0
ERR1713405	mefF	3007044	1	1	1.0	1	1.0
ERR1713405	mefJ	3007049	1	0	0.0	0	0.0
ERR1713405	mphA	3000316	1	1	1.0	1	1.0
ERR1713405	mphE	3003741	1	1	1.0	1	1.0
ERR1713405	mphG	3003742	5	0	0.0	0	0.0
ERR1713405	msr(G)	3007042	1	1	1.0	1	1.0
ERR1713405	msrE	3003109	1	1	1.0	1	1.0
ERR1713405	nimE	3007107	1	0	0.0	0	0.0
ERR1713405	nimG	3007109	1	0	0.0	0	0.0
ERR1713405	nimJ	3007112	3	0	0.0	0	0.0
ERR1713405	patB	3000025	2	0	0.0	0	0.0
ERR1713405	qacG	3007015	21	4	0.19047619047619047	4	0.19047619047619047
ERR1713405	qacJ	3007014	27	2	0.07407407407407407	2	0.07407407407407407
ERR1713405	qacL	3005098	1	0	0.0	0	0.0
ERR1713405	rsmA	3005069	5	0	0.0	0	0.0
ERR1713405	tet(32)	3000196	1	1	1.0	1	1.0
ERR1713405	tet(36)	3000197	2	0	0.0	0	0.0
ERR1713405	tet(39)	3000566	1	1	1.0	1	1.0
ERR1713405	tet(40)	3000567	1	0	0.0	0	0.0
ERR1713405	tet(44)	3000556	2	1	0.5	1	0.5
ERR1713405	tet(M)	3000186	2	0	0.0	0	0.0
ERR1713405	tet(O)	3000190	2	0	0.0	0	0.0
ERR1713405	tet(Q)	3000191	3	0	0.0	0	0.0
ERR1713405	tet(W)	3000194	1	0	0.0	0	0.0
ERR1713405	tet(W/N/W)	3004442	3	0	0.0	0	0.0
ERR1713405	tet(X)	3000205	1	0	0.0	0	0.0
ERR1713405	tetB(P)	3000195	1	0	0.0	0	0.0
ERR1713405	vanG	3002909	10	0	0.0	0	0.0
ERR1713405	vanH gene in vanB cluster	3002943	1	0	0.0	0	0.0
ERR1713405	vanH gene in vanO cluster	3002948	2	0	0.0	0	0.0
ERR1713405	vanT gene in vanG cluster	3002972	59	0	0.0	0	0.0
ERR1713405	vanU gene in vanG cluster	3004253	1	0	0.0	0	0.0
ERR1713405	vanW gene in vanB cluster	3002964	2	0	0.0	0	0.0
ERR1713405	vanW gene in vanG cluster	3002965	9	0	0.0	0	0.0
ERR1713405	vanW gene in vanI cluster	3003724	36	0	0.0	0	0.0
ERR1713405	vanXY gene in vanG cluster	3003069	1	0	0.0	0	0.0
ERR1713405	vanY gene in vanA cluster	3002955	2	0	0.0	0	0.0
ERR1713405	vanY gene in vanB cluster	3002956	17	0	0.0	0	0.0
ERR1713405	vanY gene in vanF cluster	3002958	6	0	0.0	0	0.0
ERR1713405	vanY gene in vanG cluster	3002959	8	0	0.0	0	0.0
ERR1713405	vanY gene in vanM cluster	3002961	9	0	0.0	0	0.0
ERR1713406	AAC(6')-Ie-APH(2'')-Ia bifunctional protein	3002597	1	1	1.0	1	1.0
ERR1713406	ACI-1	3004359	1	0	0.0	0	0.0
ERR1713406	ANT(3'')-IIc	3004091	1	0	0.0	0	0.0
ERR1713406	APH(2'')-IIIa	3002636	1	1	1.0	1	1.0
ERR1713406	APH(3')-VIa	3002652	1	0	0.0	0	0.0
ERR1713406	Acinetobacter baumannii AbaF	3004573	1	0	0.0	0	0.0
ERR1713406	AcrS	3000656	1	0	0.0	0	0.0
ERR1713406	CARB-5	3002244	1	0	0.0	0	0.0
ERR1713406	CARB-8	3002247	1	0	0.0	0	0.0
ERR1713406	CARB-9	3002248	1	0	0.0	0	0.0
ERR1713406	CRP	3000518	1	0	0.0	0	0.0
ERR1713406	Campylobacter coli chloramphenicol acetyltransferase	3004454	1	1	1.0	1	1.0
ERR1713406	CfxA2	3003002	1	1	1.0	1	1.0
ERR1713406	CfxA6	3003097	1	0	0.0	0	0.0
ERR1713406	EreA2	3002826	1	0	0.0	0	0.0
ERR1713406	EreD	3004608	1	0	0.0	0	0.0
ERR1713406	ErmF	3000498	1	0	0.0	0	0.0
ERR1713406	ErmG	3000522	1	0	0.0	0	0.0
ERR1713406	Escherichia coli AcrAB-TolC with AcrR mutation conferring resistance to ciprofloxacin, tetracycline, and ceftazidime	3003807	1	0	0.0	0	0.0
ERR1713406	Escherichia coli EF-Tu mutants conferring resistance to Pulvomycin	3003369	1	0	0.0	0	0.0
ERR1713406	Escherichia coli soxR with mutation conferring antibiotic resistance	3003381	1	0	0.0	0	0.0
ERR1713406	Escherichia coli soxS with mutation conferring antibiotic resistance	3003511	1	0	0.0	0	0.0
ERR1713406	FosI	3007370	1	1	1.0	1	1.0
ERR1713406	FosXCC	3003208	3	0	0.0	0	0.0
ERR1713406	GES-5	3002334	1	0	0.0	0	0.0
ERR1713406	LnuH	3004600	2	1	0.5	1	0.5
ERR1713406	Mrx	3003839	1	1	1.0	1	1.0
ERR1713406	Mycobacterium tuberculosis rpsL mutations conferring resistance to Streptomycin	3003395	1	0	0.0	0	0.0
ERR1713406	NPS-1	3004239	1	0	0.0	0	0.0
ERR1713406	OXA-1	3001396	1	0	0.0	0	0.0
ERR1713406	OXA-10	3001405	1	0	0.0	0	0.0
ERR1713406	OXA-2	3001397	1	0	0.0	0	0.0
ERR1713406	OXA-20	3001415	1	1	1.0	1	1.0
ERR1713406	OXA-205	3001483	1	0	0.0	0	0.0
ERR1713406	OXA-333	3001521	1	0	0.0	0	0.0
ERR1713406	OXA-35	3001429	1	0	0.0	0	0.0
ERR1713406	OXA-58	3001611	1	0	0.0	0	0.0
ERR1713406	OXA-641	3005333	1	1	1.0	1	1.0
ERR1713406	OXA-644	3005864	1	0	0.0	0	0.0
ERR1713406	OXA-732	3005937	1	0	0.0	0	0.0
ERR1713406	Pseudomonas aeruginosa soxR	3004107	1	0	0.0	0	0.0
ERR1713406	QnrS2	3002791	1	0	0.0	0	0.0
ERR1713406	RCP-1	3003563	1	0	0.0	0	0.0
ERR1713406	RbpA	3000245	2	0	0.0	0	0.0
ERR1713406	Streptomyces rimosus otr(A)	3002891	2	0	0.0	0	0.0
ERR1713406	aadA10	3004692	1	0	0.0	0	0.0
ERR1713406	aadA11	3002611	1	1	1.0	1	1.0
ERR1713406	aadA13	3002613	1	0	0.0	0	0.0
ERR1713406	aadA2	3002602	1	0	0.0	0	0.0
ERR1713406	aadA27	3004682	1	1	1.0	1	1.0
ERR1713406	aadA5	3002605	1	1	1.0	1	1.0
ERR1713406	aadA7	3002607	1	0	0.0	0	0.0
ERR1713406	aadS	3004683	1	0	0.0	0	0.0
ERR1713406	adeF	3000777	33	2	0.06060606060606061	2	0.06060606060606061
ERR1713406	aphA15	3004675	1	1	1.0	1	1.0
ERR1713406	arr-3	3002848	1	0	0.0	0	0.0
ERR1713406	arr-4	3002849	1	0	0.0	0	0.0
ERR1713406	catB3	3002676	1	1	1.0	1	1.0
ERR1713406	catQ	3002687	1	0	0.0	0	0.0
ERR1713406	cmlA1	3002693	1	0	0.0	0	0.0
ERR1713406	cmlA9	3005043	1	1	1.0	1	1.0
ERR1713406	dfrF	3002867	1	0	0.0	0	0.0
ERR1713406	emrR	3000516	1	0	0.0	0	0.0
ERR1713406	leuO	3003843	1	0	0.0	0	0.0
ERR1713406	lnuB	3002836	1	1	1.0	1	1.0
ERR1713406	lnuC	3002837	1	0	0.0	0	0.0
ERR1713406	lnuD	3002838	1	0	0.0	0	0.0
ERR1713406	lsaE	3003206	1	0	0.0	0	0.0
ERR1713406	mefF	3007044	1	0	0.0	0	0.0
ERR1713406	mphA	3000316	1	1	1.0	1	1.0
ERR1713406	mphE	3003741	1	1	1.0	1	1.0
ERR1713406	mphG	3003742	3	0	0.0	0	0.0
ERR1713406	msr(G)	3007042	1	0	0.0	0	0.0
ERR1713406	msrE	3003109	1	1	1.0	1	1.0
ERR1713406	nimJ	3007112	3	0	0.0	0	0.0
ERR1713406	patB	3000025	2	0	0.0	0	0.0
ERR1713406	qacE	3005009	1	0	0.0	0	0.0
ERR1713406	qacG	3007015	14	2	0.14285714285714285	2	0.14285714285714285
ERR1713406	qacJ	3007014	18	0	0.0	0	0.0
ERR1713406	qacL	3005098	1	0	0.0	0	0.0
ERR1713406	rsmA	3005069	4	0	0.0	0	0.0
ERR1713406	tet(32)	3000196	1	0	0.0	0	0.0
ERR1713406	tet(36)	3000197	1	0	0.0	0	0.0
ERR1713406	tet(39)	3000566	1	1	1.0	1	1.0
ERR1713406	tet(40)	3000567	1	0	0.0	0	0.0
ERR1713406	tet(44)	3000556	2	0	0.0	0	0.0
ERR1713406	tet(M)	3000186	3	0	0.0	0	0.0
ERR1713406	tet(O)	3000190	1	0	0.0	0	0.0
ERR1713406	tet(Q)	3000191	2	0	0.0	0	0.0
ERR1713406	tet(W)	3000194	1	0	0.0	0	0.0
ERR1713406	tet(W/N/W)	3004442	1	0	0.0	0	0.0
ERR1713406	tet(X)	3000205	1	0	0.0	0	0.0
ERR1713406	vanE	3002907	1	0	0.0	0	0.0
ERR1713406	vanG	3002909	2	0	0.0	0	0.0
ERR1713406	vanH gene in vanB cluster	3002943	1	0	0.0	0	0.0
ERR1713406	vanT gene in vanE cluster	3002971	1	0	0.0	0	0.0
ERR1713406	vanT gene in vanG cluster	3002972	25	0	0.0	0	0.0
ERR1713406	vanW gene in vanG cluster	3002965	3	0	0.0	0	0.0
ERR1713406	vanW gene in vanI cluster	3003724	29	0	0.0	0	0.0
ERR1713406	vanXY gene in vanE cluster	3002967	2	0	0.0	0	0.0
ERR1713406	vanXY gene in vanG cluster	3003069	1	0	0.0	0	0.0
ERR1713406	vanY gene in vanB cluster	3002956	23	1	0.043478260869565216	1	0.043478260869565216
ERR1713406	vanY gene in vanF cluster	3002958	7	1	0.14285714285714285	1	0.14285714285714285
ERR1713406	vanY gene in vanG cluster	3002959	2	0	0.0	0	0.0
ERR1713406	vanY gene in vanM cluster	3002961	9	0	0.0	0	0.0
ERR1713407	AAC(3)-IId	3004623	1	1	1.0	1	1.0
ERR1713407	AAC(3)-VIa	3002540	1	0	0.0	0	0.0
ERR1713407	AAC(6')-Ia	3002545	1	0	0.0	0	0.0
ERR1713407	AAC(6')-Ib9	3002580	1	0	0.0	0	0.0
ERR1713407	ACT-8	3001831	1	0	0.0	0	0.0
ERR1713407	AIM-1	3000853	1	0	0.0	0	0.0
ERR1713407	ANT(2'')-Ia	3000230	1	0	0.0	0	0.0
ERR1713407	ANT(3'')-IIc	3004091	2	0	0.0	0	0.0
ERR1713407	APH(3')-IXa	3004087	1	0	0.0	0	0.0
ERR1713407	Acinetobacter baumannii AbaQ	3004574	5	0	0.0	0	0.0
ERR1713407	AcrE	3000499	1	1	1.0	1	1.0
ERR1713407	AcrF	3000502	1	1	1.0	1	1.0
ERR1713407	ArnT	3005053	17	1	0.058823529411764705	1	0.058823529411764705
ERR1713407	CARB-16	3002255	1	0	0.0	0	0.0
ERR1713407	CARB-3	3002242	1	0	0.0	0	0.0
ERR1713407	CMY-2	3002013	1	0	0.0	0	0.0
ERR1713407	CRP	3000518	4	0	0.0	0	0.0
ERR1713407	CTX-M-3	3001866	1	0	0.0	0	0.0
ERR1713407	CfxA3	3003003	1	0	0.0	0	0.0
ERR1713407	DHA-1	3002132	1	1	1.0	1	1.0
ERR1713407	EBR-1	3000842	1	0	0.0	0	0.0
ERR1713407	EC-15	3006876	1	0	0.0	0	0.0
ERR1713407	EreA2	3002826	1	0	0.0	0	0.0
ERR1713407	EreD	3004608	2	0	0.0	0	0.0
ERR1713407	ErmF	3000498	1	0	0.0	0	0.0
ERR1713407	Escherichia coli AcrAB-TolC with AcrR mutation conferring resistance to ciprofloxacin, tetracycline, and ceftazidime	3003807	1	0	0.0	0	0.0
ERR1713407	Escherichia coli AcrAB-TolC with MarR mutations conferring resistance to ciprofloxacin and tetracycline	3003378	5	1	0.2	1	0.2
ERR1713407	Escherichia coli EF-Tu mutants conferring resistance to Pulvomycin	3003369	4	0	0.0	0	0.0
ERR1713407	Escherichia coli GlpT with mutation conferring resistance to fosfomycin	3003889	2	0	0.0	0	0.0
ERR1713407	Escherichia coli acrA	3004043	1	0	0.0	0	0.0
ERR1713407	Escherichia coli emrE	3004039	1	0	0.0	0	0.0
ERR1713407	Escherichia coli mdfA	3001328	1	0	0.0	0	0.0
ERR1713407	Escherichia coli soxR with mutation conferring antibiotic resistance	3003381	1	1	1.0	1	1.0
ERR1713407	Escherichia coli soxS with mutation conferring antibiotic resistance	3003511	2	2	1.0	2	1.0
ERR1713407	FosA2	3002804	1	0	0.0	0	0.0
ERR1713407	FosA8	3007371	6	0	0.0	0	0.0
ERR1713407	FosG	3007368	1	0	0.0	0	0.0
ERR1713407	FosI	3007370	4	0	0.0	0	0.0
ERR1713407	GES-2	3002331	1	0	0.0	0	0.0
ERR1713407	H-NS	3000676	6	0	0.0	0	0.0
ERR1713407	Haemophilus influenzae PBP3 conferring resistance to beta-lactam antibiotics	3004446	2	0	0.0	0	0.0
ERR1713407	ICR-Mo	3004569	1	0	0.0	0	0.0
ERR1713407	JOHN-1	3000840	1	0	0.0	0	0.0
ERR1713407	Klebsiella pneumoniae KpnE	3004580	8	0	0.0	0	0.0
ERR1713407	Klebsiella pneumoniae KpnF	3004583	9	0	0.0	0	0.0
ERR1713407	Klebsiella pneumoniae KpnG	3004588	1	1	1.0	1	1.0
ERR1713407	Klebsiella pneumoniae KpnH	3004597	4	1	0.25	1	0.25
ERR1713407	LAP-2	3004826	1	1	1.0	1	1.0
ERR1713407	LnuH	3004600	3	1	0.3333333333333333	1	0.3333333333333333
ERR1713407	LptD	3005059	1	0	0.0	0	0.0
ERR1713407	MCR-4.3	3004695	1	1	1.0	1	1.0
ERR1713407	Mrx	3003839	1	1	1.0	1	1.0
ERR1713407	NPS-1	3004239	1	0	0.0	0	0.0
ERR1713407	OXA-1	3001396	1	0	0.0	0	0.0
ERR1713407	OXA-10	3001405	1	0	0.0	0	0.0
ERR1713407	OXA-2	3001397	1	0	0.0	0	0.0
ERR1713407	OXA-21	3001416	1	0	0.0	0	0.0
ERR1713407	OXA-296	3001751	1	0	0.0	0	0.0
ERR1713407	OXA-347	3001777	1	0	0.0	0	0.0
ERR1713407	OXA-436	3003128	1	0	0.0	0	0.0
ERR1713407	OXA-48	3001782	1	0	0.0	0	0.0
ERR1713407	OXA-551	3005775	1	0	0.0	0	0.0
ERR1713407	OXA-58	3001611	1	0	0.0	0	0.0
ERR1713407	OXA-650	3005866	1	0	0.0	0	0.0
ERR1713407	OXA-731	3005936	1	0	0.0	0	0.0
ERR1713407	OXA-732	3005937	1	0	0.0	0	0.0
ERR1713407	OXA-780	3005983	1	0	0.0	0	0.0
ERR1713407	OmpA	3005044	1	0	0.0	0	0.0
ERR1713407	OprZ	3004142	1	0	0.0	0	0.0
ERR1713407	PmrF	3003578	2	0	0.0	0	0.0
ERR1713407	Pseudomonas aeruginosa parE conferring resistance to fluoroquinolones	3003685	1	0	0.0	0	0.0
ERR1713407	Pseudomonas aeruginosa soxR	3004107	4	1	0.25	1	0.25
ERR1713407	QnrB4	3002718	1	0	0.0	0	0.0
ERR1713407	QnrB76	3003188	1	0	0.0	0	0.0
ERR1713407	QnrS1	3002790	1	1	1.0	1	1.0
ERR1713407	QnrS2	3002791	1	0	0.0	0	0.0
ERR1713407	QnrVC1	3002799	1	0	0.0	0	0.0
ERR1713407	QnrVC4	3002801	1	0	0.0	0	0.0
ERR1713407	TRU-1	3004450	1	0	0.0	0	0.0
ERR1713407	Vibrio anguillarum chloramphenicol acetyltransferase	3004460	1	0	0.0	0	0.0
ERR1713407	YojI	3003952	1	0	0.0	0	0.0
ERR1713407	aadA11	3002611	1	0	0.0	0	0.0
ERR1713407	aadA16	3002616	1	0	0.0	0	0.0
ERR1713407	aadA27	3004682	1	0	0.0	0	0.0
ERR1713407	aadA5	3002605	1	0	0.0	0	0.0
ERR1713407	acrB	3000216	1	1	1.0	1	1.0
ERR1713407	acrD	3000491	1	0	0.0	0	0.0
ERR1713407	adeF	3000777	56	7	0.125	7	0.125
ERR1713407	arr-2	3002847	1	0	0.0	0	0.0
ERR1713407	bacA	3002986	1	0	0.0	0	0.0
ERR1713407	baeR	3000828	3	2	0.6666666666666666	2	0.6666666666666666
ERR1713407	baeS	3000829	1	1	1.0	1	1.0
ERR1713407	catB11	3004660	1	0	0.0	0	0.0
ERR1713407	catB3	3002676	1	0	0.0	0	0.0
ERR1713407	cmlA9	3005043	1	1	1.0	1	1.0
ERR1713407	cpxA	3000830	1	0	0.0	0	0.0
ERR1713407	dfrA1	3002854	1	0	0.0	0	0.0
ERR1713407	dfrA12	3002858	1	0	0.0	0	0.0
ERR1713407	dfrA14	3002859	1	1	1.0	1	1.0
ERR1713407	dfrA15	3003013	1	0	0.0	0	0.0
ERR1713407	dfrA6	3004547	1	0	0.0	0	0.0
ERR1713407	emrA	3000027	1	0	0.0	0	0.0
ERR1713407	emrB	3000074	2	0	0.0	0	0.0
ERR1713407	emrR	3000516	4	2	0.5	2	0.5
ERR1713407	emrY	3000254	1	1	1.0	1	1.0
ERR1713407	eptA	3003576	1	0	0.0	0	0.0
ERR1713407	evgA	3000832	1	1	1.0	1	1.0
ERR1713407	floR	3002705	1	1	1.0	1	1.0
ERR1713407	gadX	3000508	1	0	0.0	0	0.0
ERR1713407	imiH	3003094	1	0	0.0	0	0.0
ERR1713407	leuO	3003843	7	0	0.0	0	0.0
ERR1713407	lnuB	3002836	1	1	1.0	1	1.0
ERR1713407	lnuC	3002837	1	0	0.0	0	0.0
ERR1713407	lsaE	3003206	1	1	1.0	1	1.0
ERR1713407	marA	3000263	4	2	0.5	2	0.5
ERR1713407	mcr-10.1	3007137	1	1	1.0	1	1.0
ERR1713407	mdtC	3000794	1	1	1.0	1	1.0
ERR1713407	mdtE	3000795	1	0	0.0	0	0.0
ERR1713407	mdtF	3000796	1	0	0.0	0	0.0
ERR1713407	mdtG	3001329	1	0	0.0	0	0.0
ERR1713407	mdtH	3001216	1	0	0.0	0	0.0
ERR1713407	mdtN	3003548	1	1	1.0	1	1.0
ERR1713407	mdtO	3003549	1	1	1.0	1	1.0
ERR1713407	mdtP	3003550	1	1	1.0	1	1.0
ERR1713407	mphA	3000316	1	1	1.0	1	1.0
ERR1713407	mphE	3003741	1	1	1.0	1	1.0
ERR1713407	mphG	3003742	4	0	0.0	0	0.0
ERR1713407	msbA	3003950	4	0	0.0	0	0.0
ERR1713407	msrE	3003109	1	1	1.0	1	1.0
ERR1713407	nimG	3007109	1	0	0.0	0	0.0
ERR1713407	oqxA	3003922	3	0	0.0	0	0.0
ERR1713407	qacG	3007015	35	2	0.05714285714285714	2	0.05714285714285714
ERR1713407	qacJ	3007014	19	1	0.05263157894736842	1	0.05263157894736842
ERR1713407	qacL	3005098	1	0	0.0	0	0.0
ERR1713407	ramA	3000823	2	1	0.5	1	0.5
ERR1713407	rsmA	3005069	10	0	0.0	0	0.0
ERR1713407	sul3	3000413	1	0	0.0	0	0.0
ERR1713407	sul4	3004361	1	0	0.0	0	0.0
ERR1713407	tet(32)	3000196	1	1	1.0	1	1.0
ERR1713407	tet(36)	3000197	1	0	0.0	0	0.0
ERR1713407	tet(39)	3000566	1	1	1.0	1	1.0
ERR1713407	tet(O)	3000190	2	0	0.0	0	0.0
ERR1713407	tet(Q)	3000191	1	0	0.0	0	0.0
ERR1713407	tet(W)	3000194	1	0	0.0	0	0.0
ERR1713407	tet(X)	3000205	1	0	0.0	0	0.0
ERR1713407	tet(Y)	3000182	1	0	0.0	0	0.0
ERR1713407	ugd	3003577	1	0	0.0	0	0.0
ERR1713407	vanG	3002909	4	0	0.0	0	0.0
ERR1713407	vanH gene in vanA cluster	3002942	1	0	0.0	0	0.0
ERR1713407	vanH gene in vanO cluster	3002948	1	0	0.0	0	0.0
ERR1713407	vanT gene in vanG cluster	3002972	15	0	0.0	0	0.0
ERR1713407	vanW gene in vanG cluster	3002965	11	0	0.0	0	0.0
ERR1713407	vanY gene in vanB cluster	3002956	1	0	0.0	0	0.0
ERR1713407	vanY gene in vanM cluster	3002961	2	0	0.0	0	0.0
ERR1713408	AAC(3)-IIe	3004621	1	1	1.0	1	1.0
ERR1713408	AAC(6')-IIc	3002596	1	1	1.0	1	1.0
ERR1713408	AAC(6')-Ib9	3002580	1	0	0.0	0	0.0
ERR1713408	AAC(6')-Ie-APH(2'')-Ia bifunctional protein	3002597	1	0	0.0	0	0.0
ERR1713408	AAC(6')-Im	3004629	1	0	0.0	0	0.0
ERR1713408	AIM-1	3000853	1	0	0.0	0	0.0
ERR1713408	ANT(2'')-Ia	3000230	1	0	0.0	0	0.0
ERR1713408	ANT(3'')-IIb	3004090	1	0	0.0	0	0.0
ERR1713408	ANT(3'')-IIc	3004091	3	0	0.0	0	0.0
ERR1713408	ANT(6)-Ia	3002626	1	0	0.0	0	0.0
ERR1713408	APH(2'')-IIa	3002635	1	0	0.0	0	0.0
ERR1713408	AcrS	3000656	1	0	0.0	0	0.0
ERR1713408	ArnT	3005053	2	0	0.0	0	0.0
ERR1713408	BEL-1	3002385	1	0	0.0	0	0.0
ERR1713408	Bifidobacterium adolescentis rpoB mutants conferring resistance to rifampicin	3004480	1	0	0.0	0	0.0
ERR1713408	CARB-50	3005584	1	0	0.0	0	0.0
ERR1713408	CRP	3000518	1	0	0.0	0	0.0
ERR1713408	Campylobacter coli chloramphenicol acetyltransferase	3004454	1	0	0.0	0	0.0
ERR1713408	CfxA3	3003003	1	1	1.0	1	1.0
ERR1713408	CfxA6	3003097	1	0	0.0	0	0.0
ERR1713408	EC-5	3006880	1	0	0.0	0	0.0
ERR1713408	EreA2	3002826	1	0	0.0	0	0.0
ERR1713408	EreD	3004608	1	0	0.0	0	0.0
ERR1713408	ErmB	3000375	1	1	1.0	1	1.0
ERR1713408	ErmF	3000498	1	0	0.0	0	0.0
ERR1713408	Escherichia coli AcrAB-TolC with MarR mutations conferring resistance to ciprofloxacin and tetracycline	3003378	2	0	0.0	0	0.0
ERR1713408	Escherichia coli EF-Tu mutants conferring resistance to Pulvomycin	3003369	2	0	0.0	0	0.0
ERR1713408	Escherichia coli UhpT with mutation conferring resistance to fosfomycin	3003890	1	0	0.0	0	0.0
ERR1713408	Escherichia coli soxR with mutation conferring antibiotic resistance	3003381	1	1	1.0	1	1.0
ERR1713408	Escherichia coli soxS with mutation conferring antibiotic resistance	3003511	1	1	1.0	1	1.0
ERR1713408	FosI	3007370	1	1	1.0	1	1.0
ERR1713408	GES-5	3002334	1	0	0.0	0	0.0
ERR1713408	H-NS	3000676	1	0	0.0	0	0.0
ERR1713408	Haemophilus influenzae PBP3 conferring resistance to beta-lactam antibiotics	3004446	1	0	0.0	0	0.0
ERR1713408	ICR-Mo	3004569	1	0	0.0	0	0.0
ERR1713408	Klebsiella pneumoniae KpnH	3004597	1	0	0.0	0	0.0
ERR1713408	LnuH	3004600	2	0	0.0	0	0.0
ERR1713408	Mef(En2)	3004659	1	1	1.0	1	1.0
ERR1713408	Mycobacterium tuberculosis rpsL mutations conferring resistance to Streptomycin	3003395	1	0	0.0	0	0.0
ERR1713408	NPS-1	3004239	1	0	0.0	0	0.0
ERR1713408	OXA-10	3001405	1	0	0.0	0	0.0
ERR1713408	OXA-119	3001775	1	0	0.0	0	0.0
ERR1713408	OXA-20	3001415	1	0	0.0	0	0.0
ERR1713408	OXA-211	3001710	1	1	1.0	1	1.0
ERR1713408	OXA-296	3001751	1	0	0.0	0	0.0
ERR1713408	OXA-333	3001521	1	1	1.0	1	1.0
ERR1713408	OXA-392	3001578	1	1	1.0	1	1.0
ERR1713408	OXA-838	3005316	1	0	0.0	0	0.0
ERR1713408	Pseudomonas aeruginosa soxR	3004107	1	0	0.0	0	0.0
ERR1713408	SHV-11	3001070	1	0	0.0	0	0.0
ERR1713408	VEB-1	3002370	1	0	0.0	0	0.0
ERR1713408	aadA13	3002613	1	0	0.0	0	0.0
ERR1713408	aadA27	3004682	1	1	1.0	1	1.0
ERR1713408	aadA5	3002605	1	0	0.0	0	0.0
ERR1713408	aadA7	3002607	1	0	0.0	0	0.0
ERR1713408	aadS	3004683	1	0	0.0	0	0.0
ERR1713408	adeF	3000777	8	2	0.25	2	0.25
ERR1713408	bacA	3002986	1	0	0.0	0	0.0
ERR1713408	baeR	3000828	1	0	0.0	0	0.0
ERR1713408	catA8	3004658	1	0	0.0	0	0.0
ERR1713408	catB3	3002676	1	1	1.0	1	1.0
ERR1713408	catQ	3002687	1	0	0.0	0	0.0
ERR1713408	cfrC	3004146	1	0	0.0	0	0.0
ERR1713408	cpxA	3000830	1	0	0.0	0	0.0
ERR1713408	dfrF	3002867	1	0	0.0	0	0.0
ERR1713408	emrR	3000516	1	1	1.0	1	1.0
ERR1713408	eptB	3005047	1	1	1.0	1	1.0
ERR1713408	gadX	3000508	1	0	0.0	0	0.0
ERR1713408	lnuC	3002837	1	0	0.0	0	0.0
ERR1713408	lsaE	3003206	1	1	1.0	0	0.0
ERR1713408	mdtP	3003550	1	1	1.0	1	1.0
ERR1713408	mefF	3007044	1	1	1.0	1	1.0
ERR1713408	mefJ	3007049	1	0	0.0	0	0.0
ERR1713408	mphE	3003741	1	1	1.0	1	1.0
ERR1713408	mphG	3003742	2	0	0.0	0	0.0
ERR1713408	msbA	3003950	1	0	0.0	0	0.0
ERR1713408	msr(G)	3007042	1	1	1.0	1	1.0
ERR1713408	msrE	3003109	1	1	1.0	1	1.0
ERR1713408	nimJ	3007112	1	0	0.0	0	0.0
ERR1713408	oqxA	3003922	1	0	0.0	0	0.0
ERR1713408	qacEdelta1	3005010	1	0	0.0	0	0.0
ERR1713408	qacG	3007015	14	1	0.07142857142857142	1	0.07142857142857142
ERR1713408	qacJ	3007014	14	1	0.07142857142857142	1	0.07142857142857142
ERR1713408	qacL	3005098	1	0	0.0	0	0.0
ERR1713408	rsmA	3005069	1	0	0.0	0	0.0
ERR1713408	tet(32)	3000196	1	1	1.0	1	1.0
ERR1713408	tet(40)	3000567	1	0	0.0	0	0.0
ERR1713408	tet(44)	3000556	2	0	0.0	0	0.0
ERR1713408	tet(M)	3000186	2	0	0.0	0	0.0
ERR1713408	tet(O)	3000190	2	0	0.0	0	0.0
ERR1713408	tet(Q)	3000191	4	0	0.0	0	0.0
ERR1713408	tet(S)	3000192	1	0	0.0	0	0.0
ERR1713408	tet(W/N/W)	3004442	1	0	0.0	0	0.0
ERR1713408	tetB(P)	3000195	1	0	0.0	0	0.0
ERR1713408	vanE	3002907	1	0	0.0	0	0.0
ERR1713408	vanG	3002909	13	0	0.0	0	0.0
ERR1713408	vanH gene in vanM cluster	3002947	1	0	0.0	0	0.0
ERR1713408	vanH gene in vanO cluster	3002948	2	0	0.0	0	0.0
ERR1713408	vanT gene in vanE cluster	3002971	1	0	0.0	0	0.0
ERR1713408	vanT gene in vanG cluster	3002972	35	0	0.0	0	0.0
ERR1713408	vanU gene in vanG cluster	3004253	1	0	0.0	0	0.0
ERR1713408	vanW gene in vanB cluster	3002964	1	0	0.0	0	0.0
ERR1713408	vanW gene in vanG cluster	3002965	9	0	0.0	0	0.0
ERR1713408	vanW gene in vanI cluster	3003724	35	0	0.0	0	0.0
ERR1713408	vanXY gene in vanE cluster	3002967	1	0	0.0	0	0.0
ERR1713408	vanXY gene in vanG cluster	3003069	1	0	0.0	0	0.0
ERR1713408	vanY gene in vanB cluster	3002956	23	0	0.0	0	0.0
ERR1713408	vanY gene in vanF cluster	3002958	6	0	0.0	0	0.0
ERR1713408	vanY gene in vanG cluster	3002959	3	0	0.0	0	0.0
ERR1713408	vanY gene in vanM cluster	3002961	8	0	0.0	0	0.0
ERR1713409	AAC(6')-Ie-APH(2'')-Ia bifunctional protein	3002597	1	0	0.0	0	0.0
ERR1713409	ACI-1	3004359	1	1	1.0	0	0.0
ERR1713409	ANT(2'')-Ia	3000230	1	0	0.0	0	0.0
ERR1713409	ANT(3'')-IIc	3004091	2	1	0.5	1	0.5
ERR1713409	AcrE	3000499	1	1	1.0	1	1.0
ERR1713409	ArnT	3005053	2	0	0.0	0	0.0
ERR1713409	CARB-4	3002243	1	0	0.0	0	0.0
ERR1713409	CARB-50	3005584	1	0	0.0	0	0.0
ERR1713409	CRP	3000518	1	0	0.0	0	0.0
ERR1713409	CfxA2	3003002	1	0	0.0	0	0.0
ERR1713409	CfxA6	3003097	1	0	0.0	0	0.0
ERR1713409	EC-15	3006876	1	0	0.0	0	0.0
ERR1713409	EreA	3000361	1	0	0.0	0	0.0
ERR1713409	EreA2	3002826	1	0	0.0	0	0.0
ERR1713409	EreD	3004608	1	0	0.0	0	0.0
ERR1713409	ErmB	3000375	1	1	1.0	1	1.0
ERR1713409	ErmF	3000498	1	0	0.0	0	0.0
ERR1713409	ErmT	3000595	1	0	0.0	0	0.0
ERR1713409	ErmX	3000596	1	0	0.0	0	0.0
ERR1713409	Escherichia coli AcrAB-TolC with MarR mutations conferring resistance to ciprofloxacin and tetracycline	3003378	1	0	0.0	0	0.0
ERR1713409	Escherichia coli EF-Tu mutants conferring resistance to Pulvomycin	3003369	1	0	0.0	0	0.0
ERR1713409	Escherichia coli UhpT with mutation conferring resistance to fosfomycin	3003890	1	0	0.0	0	0.0
ERR1713409	Escherichia coli mdfA	3001328	1	0	0.0	0	0.0
ERR1713409	FosI	3007370	2	0	0.0	0	0.0
ERR1713409	FosXCC	3003208	1	0	0.0	0	0.0
ERR1713409	GES-5	3002334	1	0	0.0	0	0.0
ERR1713409	H-NS	3000676	1	0	0.0	0	0.0
ERR1713409	Haemophilus influenzae PBP3 conferring resistance to beta-lactam antibiotics	3004446	1	0	0.0	0	0.0
ERR1713409	ICR-Mo	3004569	1	0	0.0	0	0.0
ERR1713409	Klebsiella pneumoniae KpnE	3004580	2	0	0.0	0	0.0
ERR1713409	Klebsiella pneumoniae KpnF	3004583	2	0	0.0	0	0.0
ERR1713409	Klebsiella pneumoniae KpnH	3004597	1	0	0.0	0	0.0
ERR1713409	LnuH	3004600	2	1	0.5	1	0.5
ERR1713409	Mrx	3003839	1	1	1.0	1	1.0
ERR1713409	OXA-10	3001405	1	1	1.0	1	1.0
ERR1713409	OXA-2	3001397	1	1	1.0	1	1.0
ERR1713409	OXA-20	3001415	1	0	0.0	0	0.0
ERR1713409	OXA-205	3001483	1	0	0.0	0	0.0
ERR1713409	OXA-58	3001611	1	0	0.0	0	0.0
ERR1713409	OXA-732	3005937	1	0	0.0	0	0.0
ERR1713409	Pseudomonas aeruginosa soxR	3004107	1	0	0.0	0	0.0
ERR1713409	QnrVC4	3002801	1	0	0.0	0	0.0
ERR1713409	SAT-4	3002897	1	0	0.0	0	0.0
ERR1713409	aadA16	3002616	2	1	0.5	1	0.5
ERR1713409	aadA27	3004682	1	1	1.0	1	1.0
ERR1713409	aadA4	3002604	1	1	1.0	1	1.0
ERR1713409	aadA5	3002605	1	0	0.0	0	0.0
ERR1713409	aadA7	3002607	1	0	0.0	0	0.0
ERR1713409	aadS	3004683	1	0	0.0	0	0.0
ERR1713409	adeF	3000777	2	1	0.5	1	0.5
ERR1713409	baeR	3000828	1	0	0.0	0	0.0
ERR1713409	catQ	3002687	1	0	0.0	0	0.0
ERR1713409	dfrF	3002867	1	0	0.0	0	0.0
ERR1713409	emrR	3000516	1	1	1.0	1	1.0
ERR1713409	emrY	3000254	1	0	0.0	0	0.0
ERR1713409	eptA	3003576	1	0	0.0	0	0.0
ERR1713409	fosA5	3003209	1	1	1.0	1	1.0
ERR1713409	gadX	3000508	1	0	0.0	0	0.0
ERR1713409	leuO	3003843	2	0	0.0	0	0.0
ERR1713409	lnuB	3002836	1	1	1.0	1	1.0
ERR1713409	lnuC	3002837	1	0	0.0	0	0.0
ERR1713409	lsaE	3003206	1	1	1.0	1	1.0
ERR1713409	marA	3000263	1	0	0.0	0	0.0
ERR1713409	mdtA	3000792	1	0	0.0	0	0.0
ERR1713409	mdtE	3000795	1	0	0.0	0	0.0
ERR1713409	mdtP	3003550	1	1	1.0	1	1.0
ERR1713409	mefH	3007047	1	0	0.0	0	0.0
ERR1713409	mphA	3000316	1	1	1.0	1	1.0
ERR1713409	mphE	3003741	1	0	0.0	0	0.0
ERR1713409	mphG	3003742	2	0	0.0	0	0.0
ERR1713409	msrE	3003109	1	0	0.0	0	0.0
ERR1713409	nimA	3007104	1	1	1.0	1	1.0
ERR1713409	nimE	3007107	1	0	0.0	0	0.0
ERR1713409	nimJ	3007112	1	0	0.0	0	0.0
ERR1713409	patB	3000025	2	0	0.0	0	0.0
ERR1713409	qacG	3007015	6	0	0.0	0	0.0
ERR1713409	qacJ	3007014	5	1	0.2	1	0.2
ERR1713409	qacL	3005098	2	0	0.0	0	0.0
ERR1713409	rsmA	3005069	3	0	0.0	0	0.0
ERR1713409	tet(32)	3000196	2	1	0.5	1	0.5
ERR1713409	tet(39)	3000566	1	1	1.0	1	1.0
ERR1713409	tet(44)	3000556	1	0	0.0	0	0.0
ERR1713409	tet(O)	3000190	2	0	0.0	0	0.0
ERR1713409	tet(Q)	3000191	2	0	0.0	0	0.0
ERR1713409	tet(X)	3000205	1	0	0.0	0	0.0
ERR1713409	vanG	3002909	7	0	0.0	0	0.0
ERR1713409	vanH gene in vanB cluster	3002943	1	0	0.0	0	0.0
ERR1713409	vanH gene in vanO cluster	3002948	2	0	0.0	0	0.0
ERR1713409	vanT gene in vanE cluster	3002971	1	0	0.0	0	0.0
ERR1713409	vanT gene in vanG cluster	3002972	22	0	0.0	0	0.0
ERR1713409	vanU gene in vanG cluster	3004253	1	0	0.0	0	0.0
ERR1713409	vanW gene in vanG cluster	3002965	4	0	0.0	0	0.0
ERR1713409	vanW gene in vanI cluster	3003724	18	0	0.0	0	0.0
ERR1713409	vanXY gene in vanG cluster	3003069	2	0	0.0	0	0.0
ERR1713409	vanY gene in vanA cluster	3002955	3	0	0.0	0	0.0
ERR1713409	vanY gene in vanB cluster	3002956	22	1	0.045454545454545456	1	0.045454545454545456
ERR1713409	vanY gene in vanF cluster	3002958	3	0	0.0	0	0.0
ERR1713409	vanY gene in vanG cluster	3002959	2	0	0.0	0	0.0
ERR1713409	vanY gene in vanM cluster	3002961	3	0	0.0	0	0.0
ERR1713410	AAC(3)-IId	3004623	1	0	0.0	0	0.0
ERR1713410	ACI-1	3004359	1	1	1.0	0	0.0
ERR1713410	AIM-1	3000853	1	0	0.0	0	0.0
ERR1713410	ANT(2'')-Ia	3000230	1	1	1.0	1	1.0
ERR1713410	ANT(3'')-IIc	3004091	1	1	1.0	1	1.0
ERR1713410	ANT(6)-Ia	3002626	1	0	0.0	0	0.0
ERR1713410	ArnT	3005053	2	0	0.0	0	0.0
ERR1713410	CARB-16	3002255	1	1	1.0	1	1.0
ERR1713410	CARB-3	3002242	1	0	0.0	0	0.0
ERR1713410	CMY-4	3002015	1	1	1.0	1	1.0
ERR1713410	CRP	3000518	1	0	0.0	0	0.0
ERR1713410	CfxA2	3003002	1	1	1.0	1	1.0
ERR1713410	CfxA6	3003097	1	0	0.0	0	0.0
ERR1713410	EC-15	3006876	1	0	0.0	0	0.0
ERR1713410	EreA	3000361	1	0	0.0	0	0.0
ERR1713410	EreA2	3002826	1	0	0.0	0	0.0
ERR1713410	EreD	3004608	2	0	0.0	0	0.0
ERR1713410	ErmT	3000595	1	1	1.0	1	1.0
ERR1713410	ErmX	3000596	1	0	0.0	0	0.0
ERR1713410	Escherichia coli AcrAB-TolC with AcrR mutation conferring resistance to ciprofloxacin, tetracycline, and ceftazidime	3003807	1	0	0.0	0	0.0
ERR1713410	Escherichia coli EF-Tu mutants conferring resistance to Pulvomycin	3003369	3	0	0.0	0	0.0
ERR1713410	Escherichia coli acrA	3004043	1	0	0.0	0	0.0
ERR1713410	Escherichia coli mdfA	3001328	1	0	0.0	0	0.0
ERR1713410	Escherichia coli soxS with mutation conferring antibiotic resistance	3003511	1	1	1.0	1	1.0
ERR1713410	FosG	3007368	1	0	0.0	0	0.0
ERR1713410	FosH	3007369	1	0	0.0	0	0.0
ERR1713410	FosI	3007370	1	0	0.0	0	0.0
ERR1713410	GES-5	3002334	1	0	0.0	0	0.0
ERR1713410	H-NS	3000676	1	0	0.0	0	0.0
ERR1713410	Haemophilus influenzae PBP3 conferring resistance to beta-lactam antibiotics	3004446	1	0	0.0	0	0.0
ERR1713410	ICR-Mo	3004569	1	0	0.0	0	0.0
ERR1713410	LnuH	3004600	1	0	0.0	0	0.0
ERR1713410	Mrx	3003839	1	1	1.0	1	1.0
ERR1713410	NPS-1	3004239	1	0	0.0	0	0.0
ERR1713410	OXA-205	3001483	1	1	1.0	1	1.0
ERR1713410	OXA-347	3001777	1	0	0.0	0	0.0
ERR1713410	OXA-504	3005734	1	0	0.0	0	0.0
ERR1713410	OXA-58	3001611	1	0	0.0	0	0.0
ERR1713410	Pseudomonas aeruginosa soxR	3004107	1	0	0.0	0	0.0
ERR1713410	QnrS2	3002791	1	1	1.0	1	1.0
ERR1713410	QnrVC1	3002799	1	1	1.0	1	1.0
ERR1713410	QnrVC4	3002801	1	0	0.0	0	0.0
ERR1713410	RCP-1	3003563	1	0	0.0	0	0.0
ERR1713410	VEB-9	3002378	1	0	0.0	0	0.0
ERR1713410	YojI	3003952	1	1	1.0	1	1.0
ERR1713410	aadA	3002601	1	0	0.0	0	0.0
ERR1713410	aadA11	3002611	1	0	0.0	0	0.0
ERR1713410	aadA13	3002613	1	1	1.0	1	1.0
ERR1713410	aadA16	3002616	1	0	0.0	0	0.0
ERR1713410	aadA27	3004682	1	0	0.0	0	0.0
ERR1713410	aadA4	3002604	1	0	0.0	0	0.0
ERR1713410	aadA6	3002606	1	0	0.0	0	0.0
ERR1713410	aadA7	3002607	1	0	0.0	0	0.0
ERR1713410	aadS	3004683	1	0	0.0	0	0.0
ERR1713410	adeF	3000777	15	1	0.06666666666666667	0	0.0
ERR1713410	baeS	3000829	1	0	0.0	0	0.0
ERR1713410	cmlA5	3002695	1	0	0.0	0	0.0
ERR1713410	cmlA9	3005043	1	1	1.0	1	1.0
ERR1713410	dfrA14	3002859	1	1	1.0	1	1.0
ERR1713410	dfrA23	3003019	1	1	1.0	1	1.0
ERR1713410	dfrB5	3004549	1	1	1.0	1	1.0
ERR1713410	emrA	3000027	1	1	1.0	1	1.0
ERR1713410	emrR	3000516	1	1	1.0	1	1.0
ERR1713410	evgA	3000832	1	0	0.0	0	0.0
ERR1713410	floR	3002705	1	1	1.0	1	1.0
ERR1713410	gadX	3000508	1	0	0.0	0	0.0
ERR1713410	lnuB	3002836	1	0	0.0	0	0.0
ERR1713410	lnuC	3002837	1	0	0.0	0	0.0
ERR1713410	mdtE	3000795	1	0	0.0	0	0.0
ERR1713410	mdtN	3003548	1	0	0.0	0	0.0
ERR1713410	mefH	3007047	1	0	0.0	0	0.0
ERR1713410	mefJ	3007049	1	0	0.0	0	0.0
ERR1713410	mphA	3000316	1	1	1.0	1	1.0
ERR1713410	mphE	3003741	1	1	1.0	1	1.0
ERR1713410	mphG	3003742	2	0	0.0	0	0.0
ERR1713410	mreA	3007050	1	0	0.0	0	0.0
ERR1713410	msrE	3003109	1	1	1.0	1	1.0
ERR1713410	nimA	3007104	3	1	0.3333333333333333	1	0.3333333333333333
ERR1713410	nimE	3007107	3	1	0.3333333333333333	1	0.3333333333333333
ERR1713410	nimJ	3007112	3	1	0.3333333333333333	1	0.3333333333333333
ERR1713410	patB	3000025	1	0	0.0	0	0.0
ERR1713410	qacE	3005009	1	0	0.0	0	0.0
ERR1713410	qacG	3007015	16	2	0.125	2	0.125
ERR1713410	qacJ	3007014	8	0	0.0	0	0.0
ERR1713410	qacL	3005098	2	0	0.0	0	0.0
ERR1713410	rsmA	3005069	1	0	0.0	0	0.0
ERR1713410	sul4	3004361	1	0	0.0	0	0.0
ERR1713410	tet(32)	3000196	1	0	0.0	0	0.0
ERR1713410	tet(39)	3000566	1	1	1.0	1	1.0
ERR1713410	tet(40)	3000567	1	1	1.0	1	1.0
ERR1713410	tet(44)	3000556	1	0	0.0	0	0.0
ERR1713410	tet(M)	3000186	1	0	0.0	0	0.0
ERR1713410	tet(O)	3000190	2	1	0.5	1	0.5
ERR1713410	tet(Q)	3000191	7	0	0.0	0	0.0
ERR1713410	tet(S)	3000192	2	0	0.0	0	0.0
ERR1713410	tet(W)	3000194	1	0	0.0	0	0.0
ERR1713410	tet(X)	3000205	1	0	0.0	0	0.0
ERR1713410	vanG	3002909	4	1	0.25	1	0.25
ERR1713410	vanH gene in vanO cluster	3002948	4	0	0.0	0	0.0
ERR1713410	vanH gene in vanP cluster	3007188	1	0	0.0	0	0.0
ERR1713410	vanT gene in vanG cluster	3002972	26	1	0.038461538461538464	1	0.038461538461538464
ERR1713410	vanU gene in vanG cluster	3004253	1	1	1.0	1	1.0
ERR1713410	vanW gene in vanG cluster	3002965	7	0	0.0	0	0.0
ERR1713410	vanW gene in vanI cluster	3003724	19	0	0.0	0	0.0
ERR1713410	vanXY gene in vanG cluster	3003069	1	1	1.0	1	1.0
ERR1713410	vanY gene in vanA cluster	3002955	2	0	0.0	0	0.0
ERR1713410	vanY gene in vanB cluster	3002956	12	2	0.16666666666666666	2	0.16666666666666666
ERR1713410	vanY gene in vanF cluster	3002958	7	0	0.0	0	0.0
ERR1713410	vanY gene in vanG cluster	3002959	2	0	0.0	0	0.0
ERR1713410	vanY gene in vanM cluster	3002961	2	0	0.0	0	0.0
ERR1725938	AAC(3)-IIe	3004621	1	0	0.0	0	0.0
ERR1725938	AAC(6')-Ib9	3002580	1	1	1.0	1	1.0
ERR1725938	ANT(2'')-Ia	3000230	1	0	0.0	0	0.0
ERR1725938	ANT(3'')-IIc	3004091	2	1	0.5	1	0.5
ERR1725938	APH(3'')-Ib	3002639	1	1	1.0	1	1.0
ERR1725938	APH(6)-Id	3002660	1	1	1.0	1	1.0
ERR1725938	Acinetobacter baumannii AbaQ	3004574	1	0	0.0	0	0.0
ERR1725938	CARB-16	3002255	1	0	0.0	0	0.0
ERR1725938	CfxA6	3003097	1	0	0.0	0	0.0
ERR1725938	EreD	3004608	1	0	0.0	0	0.0
ERR1725938	ErmB	3000375	1	1	1.0	1	1.0
ERR1725938	ErmF	3000498	1	0	0.0	0	0.0
ERR1725938	FosA8	3007371	1	0	0.0	0	0.0
ERR1725938	FosI	3007370	1	0	0.0	0	0.0
ERR1725938	OXA-1	3001396	1	0	0.0	0	0.0
ERR1725938	OXA-10	3001405	1	1	1.0	1	1.0
ERR1725938	OXA-205	3001483	1	0	0.0	0	0.0
ERR1725938	OXA-296	3001751	1	0	0.0	0	0.0
ERR1725938	OXA-58	3001611	1	0	0.0	0	0.0
ERR1725938	Pseudomonas aeruginosa soxR	3004107	1	0	0.0	0	0.0
ERR1725938	aadA27	3004682	1	1	1.0	1	1.0
ERR1725938	aadA6	3002606	1	0	0.0	0	0.0
ERR1725938	aadS	3004683	1	0	0.0	0	0.0
ERR1725938	adeF	3000777	4	2	0.5	2	0.5
ERR1725938	emrR	3000516	1	0	0.0	0	0.0
ERR1725938	leuO	3003843	1	0	0.0	0	0.0
ERR1725938	mefF	3007044	1	0	0.0	0	0.0
ERR1725938	mefJ	3007049	1	0	0.0	0	0.0
ERR1725938	mphE	3003741	1	1	1.0	1	1.0
ERR1725938	msr(G)	3007042	1	0	0.0	0	0.0
ERR1725938	msrE	3003109	1	1	1.0	1	1.0
ERR1725938	qacEdelta1	3005010	1	1	1.0	1	1.0
ERR1725938	qacG	3007015	6	1	0.16666666666666666	1	0.16666666666666666
ERR1725938	qacJ	3007014	6	1	0.16666666666666666	1	0.16666666666666666
ERR1725938	sul1	3000410	1	1	1.0	1	1.0
ERR1725938	tet(32)	3000196	1	0	0.0	0	0.0
ERR1725938	tet(40)	3000567	1	0	0.0	0	0.0
ERR1725938	tet(O)	3000190	2	0	0.0	0	0.0
ERR1725938	tet(Q)	3000191	2	0	0.0	0	0.0
ERR1725938	tet(W)	3000194	1	1	1.0	1	1.0
ERR1725938	tet(X)	3000205	1	0	0.0	0	0.0
ERR1725938	vanG	3002909	2	1	0.5	1	0.5
ERR1725938	vanH gene in vanM cluster	3002947	1	0	0.0	0	0.0
ERR1725938	vanT gene in vanG cluster	3002972	4	0	0.0	0	0.0
ERR1725938	vanW gene in vanB cluster	3002964	1	0	0.0	0	0.0
ERR1725938	vanW gene in vanG cluster	3002965	3	0	0.0	0	0.0
ERR1725938	vanW gene in vanI cluster	3003724	5	0	0.0	0	0.0
ERR1725938	vanY gene in vanB cluster	3002956	2	0	0.0	0	0.0
ERR1725947	AAC(6')-Ib9	3002580	1	1	1.0	1	1.0
ERR1725947	ANT(2'')-Ia	3000230	1	1	1.0	1	1.0
ERR1725947	ANT(3'')-IIc	3004091	1	1	1.0	0	0.0
ERR1725947	APH(3'')-Ib	3002639	1	1	1.0	1	1.0
ERR1725947	APH(6)-Id	3002660	1	1	1.0	1	1.0
ERR1725947	AcrE	3000499	1	1	1.0	1	1.0
ERR1725947	CfxA3	3003003	1	1	1.0	1	1.0
ERR1725947	CfxA6	3003097	1	1	1.0	1	1.0
ERR1725947	EreA2	3002826	1	1	1.0	1	1.0
ERR1725947	EreD	3004608	1	1	1.0	1	1.0
ERR1725947	ErmF	3000498	1	1	1.0	1	1.0
ERR1725947	Escherichia coli EF-Tu mutants conferring resistance to Pulvomycin	3003369	2	2	1.0	1	0.5
ERR1725947	Escherichia coli soxS with mutation conferring antibiotic resistance	3003511	1	1	1.0	0	0.0
ERR1725947	FosI	3007370	2	2	1.0	2	1.0
ERR1725947	GES-5	3002334	1	1	1.0	1	1.0
ERR1725947	ICR-Mo	3004569	1	1	1.0	0	0.0
ERR1725947	LnuH	3004600	2	2	1.0	2	1.0
ERR1725947	Mef(En2)	3004659	1	1	1.0	1	1.0
ERR1725947	OXA-1	3001396	1	1	1.0	1	1.0
ERR1725947	OXA-10	3001405	1	1	1.0	1	1.0
ERR1725947	OXA-119	3001775	1	1	1.0	1	1.0
ERR1725947	OXA-2	3001397	1	1	1.0	1	1.0
ERR1725947	OXA-20	3001415	1	1	1.0	0	0.0
ERR1725947	OXA-296	3001751	1	1	1.0	1	1.0
ERR1725947	OXA-58	3001611	1	1	1.0	1	1.0
ERR1725947	Pseudomonas aeruginosa soxR	3004107	1	1	1.0	0	0.0
ERR1725947	QnrVC4	3002801	1	1	1.0	1	1.0
ERR1725947	aadA27	3004682	1	1	1.0	1	1.0
ERR1725947	aadA5	3002605	1	1	1.0	1	1.0
ERR1725947	aadS	3004683	1	1	1.0	0	0.0
ERR1725947	adeF	3000777	7	7	1.0	2	0.2857142857142857
ERR1725947	catB3	3002676	1	1	1.0	1	1.0
ERR1725947	catQ	3002687	1	1	1.0	1	1.0
ERR1725947	cmlA5	3002695	1	1	1.0	1	1.0
ERR1725947	dfrA14	3002859	1	1	1.0	1	1.0
ERR1725947	emrK	3000206	1	1	1.0	0	0.0
ERR1725947	lsaE	3003206	1	1	1.0	1	1.0
ERR1725947	mdtN	3003548	1	1	1.0	0	0.0
ERR1725947	mefJ	3007049	1	1	1.0	1	1.0
ERR1725947	mphA	3000316	1	1	1.0	1	1.0
ERR1725947	mphE	3003741	1	1	1.0	1	1.0
ERR1725947	mphG	3003742	3	3	1.0	1	0.3333333333333333
ERR1725947	msrE	3003109	1	1	1.0	1	1.0
ERR1725947	qacG	3007015	14	14	1.0	8	0.5714285714285714
ERR1725947	qacJ	3007014	7	7	1.0	4	0.5714285714285714
ERR1725947	qacL	3005098	1	1	1.0	1	1.0
ERR1725947	tet(32)	3000196	1	1	1.0	1	1.0
ERR1725947	tet(39)	3000566	1	1	1.0	1	1.0
ERR1725947	tet(O)	3000190	3	3	1.0	3	1.0
ERR1725947	tet(Q)	3000191	2	2	1.0	2	1.0
ERR1725947	tet(X)	3000205	1	1	1.0	1	1.0
ERR1725947	vanT gene in vanG cluster	3002972	11	11	1.0	1	0.09090909090909091
ERR1725947	vanW gene in vanG cluster	3002965	7	7	1.0	3	0.42857142857142855
ERR1725947	vanW gene in vanI cluster	3003724	1	1	1.0	0	0.0
ERR1725947	vanY gene in vanB cluster	3002956	2	2	1.0	0	0.0
ERR1725947	vanY gene in vanM cluster	3002961	2	2	1.0	0	0.0
ERR1725952	OXA-644	3005864	1	0	0.0	0	0.0
ERR1725952	mphE	3003741	1	0	0.0	0	0.0
ERR1725952	msrE	3003109	1	0	0.0	0	0.0
ERR1725952	tet(O)	3000190	1	0	0.0	0	0.0
ERR1725952	tet(W)	3000194	1	0	0.0	0	0.0
ERR1725952	vanT gene in vanG cluster	3002972	1	0	0.0	0	0.0
ERR1725952	vanW gene in vanG cluster	3002965	1	0	0.0	0	0.0
ERR1725962	OXA-101	3001439	1	1	1.0	1	1.0
ERR1725962	OXA-129	3001811	1	1	1.0	1	1.0
ERR1725962	OXA-211	3001710	1	1	1.0	1	1.0
ERR1725962	adeF	3000777	3	3	1.0	2	0.6666666666666666
ERR1725962	mphE	3003741	1	1	1.0	1	1.0
ERR1725962	mphG	3003742	1	1	1.0	1	1.0
ERR1725962	msrE	3003109	1	1	1.0	1	1.0
ERR1725962	qacE	3005009	1	1	1.0	1	1.0
ERR1725962	qacG	3007015	4	4	1.0	2	0.5
ERR1725962	qacJ	3007014	4	4	1.0	1	0.25
ERR1725962	qacL	3005098	1	1	1.0	1	1.0
ERR1725962	tet(W)	3000194	1	1	1.0	1	1.0
ERR1725962	vanH gene in vanM cluster	3002947	1	1	1.0	0	0.0
ERR1725962	vanT gene in vanG cluster	3002972	3	3	1.0	0	0.0
ERR1725962	vanW gene in vanI cluster	3003724	1	1	1.0	0	0.0
ERR1725962	vanY gene in vanB cluster	3002956	3	3	1.0	1	0.3333333333333333
ERR1725962	vanY gene in vanG cluster	3002959	1	1	1.0	0	0.0
ERR1725962	vanY gene in vanM cluster	3002961	2	2	1.0	0	0.0
ERR1725965	ANT(2'')-Ia	3000230	1	1	1.0	1	1.0
ERR1725965	ANT(3'')-IIa	3004089	1	1	1.0	1	1.0
ERR1725965	BRO-2	3004762	1	0	0.0	0	0.0
ERR1725965	CARB-16	3002255	1	1	1.0	1	1.0
ERR1725965	CARB-3	3002242	1	0	0.0	0	0.0
ERR1725965	EreA	3000361	1	0	0.0	0	0.0
ERR1725965	Escherichia coli EF-Tu mutants conferring resistance to Pulvomycin	3003369	1	0	0.0	0	0.0
ERR1725965	FosI	3007370	1	0	0.0	0	0.0
ERR1725965	GES-5	3002334	1	0	0.0	0	0.0
ERR1725965	ICR-Mo	3004569	1	0	0.0	0	0.0
ERR1725965	NPS-1	3004239	1	0	0.0	0	0.0
ERR1725965	OXA-10	3001405	1	0	0.0	0	0.0
ERR1725965	OXA-46	3001797	1	0	0.0	0	0.0
ERR1725965	OXA-58	3001611	1	1	1.0	1	1.0
ERR1725965	SAT-2	3002895	1	0	0.0	0	0.0
ERR1725965	aadA11	3002611	1	0	0.0	0	0.0
ERR1725965	aadA13	3002613	1	0	0.0	0	0.0
ERR1725965	aadA16	3002616	1	0	0.0	0	0.0
ERR1725965	aadS	3004683	1	0	0.0	0	0.0
ERR1725965	catB3	3002676	1	0	0.0	0	0.0
ERR1725965	catQ	3002687	1	0	0.0	0	0.0
ERR1725965	cmlA5	3002695	1	0	0.0	0	0.0
ERR1725965	cmlA9	3005043	1	1	1.0	1	1.0
ERR1725965	mphE	3003741	1	1	1.0	1	1.0
ERR1725965	msrE	3003109	1	1	1.0	1	1.0
ERR1725965	patB	3000025	2	0	0.0	0	0.0
ERR1725965	qacEdelta1	3005010	1	1	1.0	1	1.0
ERR1725965	qacG	3007015	4	0	0.0	0	0.0
ERR1725965	qacJ	3007014	1	0	0.0	0	0.0
ERR1725965	sul1	3000410	1	1	1.0	1	1.0
ERR1725965	tet(32)	3000196	2	1	0.5	1	0.5
ERR1725965	tet(O)	3000190	2	1	0.5	1	0.5
ERR1725965	tet(Q)	3000191	1	0	0.0	0	0.0
ERR1725965	tet(W)	3000194	1	1	1.0	1	1.0
ERR1725965	tet(X)	3000205	1	0	0.0	0	0.0
ERR1725965	vanT gene in vanG cluster	3002972	2	0	0.0	0	0.0
ERR1725965	vanW gene in vanI cluster	3003724	2	0	0.0	0	0.0
ERR1725965	vanY gene in vanB cluster	3002956	3	0	0.0	0	0.0
ERR1725965	vanY gene in vanM cluster	3002961	1	0	0.0	0	0.0
ERR1725966	ANT(3'')-IIa	3004089	1	0	0.0	0	0.0
ERR1725966	EreD	3004608	1	0	0.0	0	0.0
ERR1725966	ErmB	3000375	1	0	0.0	0	0.0
ERR1725966	FosI	3007370	1	0	0.0	0	0.0
ERR1725966	ICR-Mo	3004569	1	0	0.0	0	0.0
ERR1725966	OXA-10	3001405	1	0	0.0	0	0.0
ERR1725966	OXA-296	3001751	1	0	0.0	0	0.0
ERR1725966	aadA27	3004682	1	1	1.0	1	1.0
ERR1725966	aadA5	3002605	1	0	0.0	0	0.0
ERR1725966	aadA6	3002606	1	0	0.0	0	0.0
ERR1725966	adeF	3000777	5	0	0.0	0	0.0
ERR1725966	lnuB	3002836	1	0	0.0	0	0.0
ERR1725966	lsaE	3003206	2	0	0.0	0	0.0
ERR1725966	mefJ	3007049	1	1	1.0	1	1.0
ERR1725966	mphE	3003741	1	0	0.0	0	0.0
ERR1725966	mphG	3003742	3	1	0.3333333333333333	1	0.3333333333333333
ERR1725966	msrE	3003109	1	0	0.0	0	0.0
ERR1725966	qacE	3005009	1	0	0.0	0	0.0
ERR1725966	qacG	3007015	2	0	0.0	0	0.0
ERR1725966	qacJ	3007014	5	0	0.0	0	0.0
ERR1725966	qacL	3005098	1	0	0.0	0	0.0
ERR1725966	tet(39)	3000566	1	0	0.0	0	0.0
ERR1725966	tet(O)	3000190	2	0	0.0	0	0.0
ERR1725966	tet(W)	3000194	1	0	0.0	0	0.0
ERR1725966	vanH gene in vanM cluster	3002947	1	0	0.0	0	0.0
ERR1725966	vanT gene in vanG cluster	3002972	11	0	0.0	0	0.0
ERR1725966	vanW gene in vanG cluster	3002965	6	0	0.0	0	0.0
ERR1725966	vanW gene in vanI cluster	3003724	1	0	0.0	0	0.0
ERR1725966	vanY gene in vanB cluster	3002956	2	0	0.0	0	0.0
ERR1725966	vanY gene in vanG cluster	3002959	1	0	0.0	0	0.0
ERR1725966	vanY gene in vanM cluster	3002961	1	0	0.0	0	0.0
ERR1725973	ErmB	3000375	1	1	1.0	1	1.0
ERR1725973	FosI	3007370	1	0	0.0	0	0.0
ERR1725973	GES-5	3002334	1	0	0.0	0	0.0
ERR1725973	aadA6	3002606	1	0	0.0	0	0.0
ERR1725973	adeF	3000777	2	0	0.0	0	0.0
ERR1725973	mefJ	3007049	1	1	1.0	1	1.0
ERR1725973	mphE	3003741	1	0	0.0	0	0.0
ERR1725973	mphG	3003742	1	0	0.0	0	0.0
ERR1725973	msrE	3003109	1	0	0.0	0	0.0
ERR1725973	qacJ	3007014	2	0	0.0	0	0.0
ERR1725973	qacL	3005098	1	0	0.0	0	0.0
ERR1725973	tet(O)	3000190	2	0	0.0	0	0.0
ERR1725973	tet(W)	3000194	1	1	1.0	1	1.0
ERR1725973	vanH gene in vanM cluster	3002947	1	0	0.0	0	0.0
ERR1725973	vanT gene in vanG cluster	3002972	1	0	0.0	0	0.0
ERR1725973	vanW gene in vanG cluster	3002965	3	0	0.0	0	0.0
ERR1725973	vanW gene in vanI cluster	3003724	1	0	0.0	0	0.0
ERR1725973	vanY gene in vanB cluster	3002956	1	0	0.0	0	0.0
ERR1725973	vanY gene in vanM cluster	3002961	1	0	0.0	0	0.0
ERR1725975	ANT(3'')-IIc	3004091	2	1	0.5	1	0.5
ERR1725975	ArnT	3005053	1	0	0.0	0	0.0
ERR1725975	ESP-1	3003717	1	0	0.0	0	0.0
ERR1725975	FosA8	3007371	2	0	0.0	0	0.0
ERR1725975	FosI	3007370	1	0	0.0	0	0.0
ERR1725975	ICR-Mo	3004569	1	0	0.0	0	0.0
ERR1725975	Pseudomonas aeruginosa soxR	3004107	1	0	0.0	0	0.0
ERR1725975	adeF	3000777	5	0	0.0	0	0.0
ERR1725975	mphE	3003741	1	1	1.0	1	1.0
ERR1725975	msrE	3003109	1	1	1.0	1	1.0
ERR1725975	qacE	3005009	1	0	0.0	0	0.0
ERR1725975	qacG	3007015	3	2	0.6666666666666666	2	0.6666666666666666
ERR1725975	qacJ	3007014	3	0	0.0	0	0.0
ERR1725975	rsmA	3005069	1	0	0.0	0	0.0
ERR1725975	vanH gene in vanD cluster	3002944	1	0	0.0	0	0.0
ERR1725975	vanT gene in vanG cluster	3002972	3	0	0.0	0	0.0
ERR1725975	vanW gene in vanG cluster	3002965	2	0	0.0	0	0.0
ERR1725976	EreD	3004608	1	0	0.0	0	0.0
ERR1725976	ErmB	3000375	1	1	1.0	1	1.0
ERR1725976	FosI	3007370	1	0	0.0	0	0.0
ERR1725976	GES-5	3002334	1	0	0.0	0	0.0
ERR1725976	LnuH	3004600	2	1	0.5	1	0.5
ERR1725976	OXA-10	3001405	1	0	0.0	0	0.0
ERR1725976	OXA-119	3001775	1	0	0.0	0	0.0
ERR1725976	aadA27	3004682	1	1	1.0	1	1.0
ERR1725976	aadA5	3002605	1	0	0.0	0	0.0
ERR1725976	aadA6	3002606	1	0	0.0	0	0.0
ERR1725976	adeF	3000777	4	1	0.25	1	0.25
ERR1725976	lnuB	3002836	1	0	0.0	0	0.0
ERR1725976	lsaE	3003206	1	0	0.0	0	0.0
ERR1725976	mefF	3007044	1	0	0.0	0	0.0
ERR1725976	mefJ	3007049	1	1	1.0	1	1.0
ERR1725976	mphE	3003741	1	1	1.0	1	1.0
ERR1725976	mphG	3003742	3	2	0.6666666666666666	2	0.6666666666666666
ERR1725976	msr(G)	3007042	1	0	0.0	0	0.0
ERR1725976	msrE	3003109	1	1	1.0	1	1.0
ERR1725976	qacEdelta1	3005010	1	0	0.0	0	0.0
ERR1725976	qacG	3007015	1	0	0.0	0	0.0
ERR1725976	qacJ	3007014	5	1	0.2	1	0.2
ERR1725976	qacL	3005098	1	0	0.0	0	0.0
ERR1725976	sul1	3000410	1	0	0.0	0	0.0
ERR1725976	tet(39)	3000566	1	1	1.0	1	1.0
ERR1725976	tet(O)	3000190	2	0	0.0	0	0.0
ERR1725976	tet(W)	3000194	1	1	1.0	1	1.0
ERR1725976	tet(X)	3000205	1	0	0.0	0	0.0
ERR1725976	vanH gene in vanM cluster	3002947	1	0	0.0	0	0.0
ERR1725976	vanT gene in vanG cluster	3002972	3	0	0.0	0	0.0
ERR1725976	vanW gene in vanG cluster	3002965	4	0	0.0	0	0.0
ERR1725976	vanW gene in vanI cluster	3003724	1	0	0.0	0	0.0
ERR1725976	vanY gene in vanB cluster	3002956	1	0	0.0	0	0.0
ERR1725976	vanY gene in vanG cluster	3002959	1	0	0.0	0	0.0
ERR1725976	vanY gene in vanM cluster	3002961	1	0	0.0	0	0.0
ERR1725980	ANT(2'')-Ia	3000230	1	1	1.0	1	1.0
ERR1725980	APH(3')-IXa	3004087	2	0	0.0	0	0.0
ERR1725980	Acinetobacter baumannii AbaQ	3004574	1	0	0.0	0	0.0
ERR1725980	CARB-50	3005584	1	1	1.0	1	1.0
ERR1725980	ESP-1	3003717	1	0	0.0	0	0.0
ERR1725980	ErmF	3000498	1	0	0.0	0	0.0
ERR1725980	Escherichia coli EF-Tu mutants conferring resistance to Pulvomycin	3003369	1	0	0.0	0	0.0
ERR1725980	OXA-10	3001405	1	1	1.0	1	1.0
ERR1725980	OXA-296	3001751	1	0	0.0	0	0.0
ERR1725980	OXA-333	3001521	1	0	0.0	0	0.0
ERR1725980	OXA-392	3001578	1	0	0.0	0	0.0
ERR1725980	aadA27	3004682	1	1	1.0	1	1.0
ERR1725980	aadA6	3002606	1	0	0.0	0	0.0
ERR1725980	mefJ	3007049	1	0	0.0	0	0.0
ERR1725980	mphE	3003741	1	0	0.0	0	0.0
ERR1725980	mphG	3003742	1	0	0.0	0	0.0
ERR1725980	msrE	3003109	1	0	0.0	0	0.0
ERR1725980	qacEdelta1	3005010	1	1	1.0	1	1.0
ERR1725980	qacG	3007015	4	0	0.0	0	0.0
ERR1725980	qacJ	3007014	9	1	0.1111111111111111	1	0.1111111111111111
ERR1725980	tet(39)	3000566	1	0	0.0	0	0.0
ERR1725980	tet(O)	3000190	1	0	0.0	0	0.0
ERR1725980	tet(Q)	3000191	1	0	0.0	0	0.0
ERR1725980	tet(W)	3000194	1	0	0.0	0	0.0
ERR1725980	vanG	3002909	1	0	0.0	0	0.0
ERR1725980	vanT gene in vanG cluster	3002972	4	0	0.0	0	0.0
ERR1725980	vanW gene in vanG cluster	3002965	3	0	0.0	0	0.0
ERR1725980	vanW gene in vanI cluster	3003724	2	0	0.0	0	0.0
ERR1725980	vanY gene in vanB cluster	3002956	1	0	0.0	0	0.0
ERR1725981	AAC(6')-Ib9	3002580	1	0	0.0	0	0.0
ERR1725981	ANT(2'')-Ia	3000230	1	1	1.0	1	1.0
ERR1725981	BEL-1	3002385	1	0	0.0	0	0.0
ERR1725981	BRO-2	3004762	1	0	0.0	0	0.0
ERR1725981	CARB-16	3002255	1	0	0.0	0	0.0
ERR1725981	CMY-4	3002015	1	0	0.0	0	0.0
ERR1725981	CfxA6	3003097	1	0	0.0	0	0.0
ERR1725981	EreA2	3002826	1	1	1.0	1	1.0
ERR1725981	EreD	3004608	2	1	0.5	0	0.0
ERR1725981	ErmB	3000375	1	1	1.0	1	1.0
ERR1725981	ErmF	3000498	1	0	0.0	0	0.0
ERR1725981	Escherichia coli EF-Tu mutants conferring resistance to Pulvomycin	3003369	1	0	0.0	0	0.0
ERR1725981	FosI	3007370	2	0	0.0	0	0.0
ERR1725981	GES-5	3002334	1	1	1.0	1	1.0
ERR1725981	ICR-Mo	3004569	1	0	0.0	0	0.0
ERR1725981	LCR-1	3002997	1	0	0.0	0	0.0
ERR1725981	LnuH	3004600	4	1	0.25	1	0.25
ERR1725981	Mrx	3003839	1	1	1.0	1	1.0
ERR1725981	OXA-1	3001396	1	0	0.0	0	0.0
ERR1725981	OXA-10	3001405	1	0	0.0	0	0.0
ERR1725981	OXA-2	3001397	1	1	1.0	1	1.0
ERR1725981	OXA-20	3001415	1	0	0.0	0	0.0
ERR1725981	OXA-205	3001483	1	0	0.0	0	0.0
ERR1725981	OXA-333	3001521	1	0	0.0	0	0.0
ERR1725981	OXA-46	3001797	1	0	0.0	0	0.0
ERR1725981	OXA-58	3001611	1	1	1.0	1	1.0
ERR1725981	QnrS2	3002791	1	0	0.0	0	0.0
ERR1725981	RCP-1	3003563	1	0	0.0	0	0.0
ERR1725981	aadA	3002601	1	0	0.0	0	0.0
ERR1725981	aadA27	3004682	1	1	1.0	1	1.0
ERR1725981	aadA3	3002603	1	1	1.0	1	1.0
ERR1725981	aadA5	3002605	1	0	0.0	0	0.0
ERR1725981	aadA6	3002606	1	0	0.0	0	0.0
ERR1725981	aadS	3004683	1	1	1.0	1	1.0
ERR1725981	adeF	3000777	2	0	0.0	0	0.0
ERR1725981	catB3	3002676	1	0	0.0	0	0.0
ERR1725981	dfrA7	3002862	1	1	1.0	1	1.0
ERR1725981	evgA	3000832	1	0	0.0	0	0.0
ERR1725981	lnuC	3002837	1	0	0.0	0	0.0
ERR1725981	mphA	3000316	1	1	1.0	1	1.0
ERR1725981	mphE	3003741	1	1	1.0	1	1.0
ERR1725981	mphG	3003742	2	0	0.0	0	0.0
ERR1725981	msrE	3003109	1	1	1.0	1	1.0
ERR1725981	nimJ	3007112	1	0	0.0	0	0.0
ERR1725981	patB	3000025	1	0	0.0	0	0.0
ERR1725981	qacEdelta1	3005010	1	1	1.0	1	1.0
ERR1725981	qacG	3007015	6	0	0.0	0	0.0
ERR1725981	qacJ	3007014	6	0	0.0	0	0.0
ERR1725981	qacL	3005098	2	0	0.0	0	0.0
ERR1725981	sul1	3000410	1	1	1.0	1	1.0
ERR1725981	sul2	3000412	1	0	0.0	0	0.0
ERR1725981	tet(32)	3000196	1	0	0.0	0	0.0
ERR1725981	tet(39)	3000566	1	0	0.0	0	0.0
ERR1725981	tet(O)	3000190	2	0	0.0	0	0.0
ERR1725981	tet(Q)	3000191	1	0	0.0	0	0.0
ERR1725981	tet(W)	3000194	1	1	1.0	1	1.0
ERR1725981	tet(X)	3000205	1	0	0.0	0	0.0
ERR1725981	vanG	3002909	3	0	0.0	0	0.0
ERR1725981	vanH gene in vanA cluster	3002942	1	0	0.0	0	0.0
ERR1725981	vanT gene in vanG cluster	3002972	3	0	0.0	0	0.0
ERR1725981	vanW gene in vanG cluster	3002965	3	0	0.0	0	0.0
ERR1725981	vanW gene in vanI cluster	3003724	2	0	0.0	0	0.0
ERR1725981	vanY gene in vanB cluster	3002956	5	0	0.0	0	0.0
ERR1725981	vanY gene in vanF cluster	3002958	1	0	0.0	0	0.0
ERR1725981	vanY gene in vanM cluster	3002961	5	0	0.0	0	0.0
ERR1725987	mphE	3003741	1	0	0.0	0	0.0
ERR1725987	tet(W)	3000194	2	0	0.0	0	0.0
ERR1725989	AAC(6')-Ib10	3002581	1	0	0.0	0	0.0
ERR1725989	ANT(2'')-Ia	3000230	1	0	0.0	0	0.0
ERR1725989	APH(3'')-Ib	3002639	1	1	1.0	1	1.0
ERR1725989	CfxA6	3003097	1	0	0.0	0	0.0
ERR1725989	ErmB	3000375	1	0	0.0	0	0.0
ERR1725989	ErmF	3000498	1	1	1.0	1	1.0
ERR1725989	FosI	3007370	1	0	0.0	0	0.0
ERR1725989	GES-1	3002330	1	0	0.0	0	0.0
ERR1725989	ICR-Mo	3004569	1	0	0.0	0	0.0
ERR1725989	LnuH	3004600	1	0	0.0	0	0.0
ERR1725989	OXA-10	3001405	1	0	0.0	0	0.0
ERR1725989	OXA-205	3001483	1	0	0.0	0	0.0
ERR1725989	OXA-283	3001738	1	0	0.0	0	0.0
ERR1725989	OXA-333	3001521	1	0	0.0	0	0.0
ERR1725989	OXA-58	3001611	1	0	0.0	0	0.0
ERR1725989	OXA-650	3005866	1	0	0.0	0	0.0
ERR1725989	aadA	3002601	1	0	0.0	0	0.0
ERR1725989	aadA27	3004682	1	1	1.0	1	1.0
ERR1725989	aadA5	3002605	1	0	0.0	0	0.0
ERR1725989	aadA6	3002606	1	0	0.0	0	0.0
ERR1725989	adeF	3000777	2	0	0.0	0	0.0
ERR1725989	lsaE	3003206	1	0	0.0	0	0.0
ERR1725989	mdtN	3003548	1	0	0.0	0	0.0
ERR1725989	mefJ	3007049	1	0	0.0	0	0.0
ERR1725989	mphE	3003741	1	1	1.0	1	1.0
ERR1725989	mphG	3003742	2	1	0.5	1	0.5
ERR1725989	msrE	3003109	1	1	1.0	1	1.0
ERR1725989	patB	3000025	1	0	0.0	0	0.0
ERR1725989	qacEdelta1	3005010	1	0	0.0	0	0.0
ERR1725989	qacG	3007015	3	0	0.0	0	0.0
ERR1725989	qacJ	3007014	10	0	0.0	0	0.0
ERR1725989	qacL	3005098	1	0	0.0	0	0.0
ERR1725989	tet(39)	3000566	1	0	0.0	0	0.0
ERR1725989	tet(44)	3000556	1	0	0.0	0	0.0
ERR1725989	tet(O)	3000190	1	0	0.0	0	0.0
ERR1725989	tet(Q)	3000191	1	0	0.0	0	0.0
ERR1725989	tet(W)	3000194	1	1	1.0	1	1.0
ERR1725989	vanG	3002909	1	0	0.0	0	0.0
ERR1725989	vanH gene in vanM cluster	3002947	1	0	0.0	0	0.0
ERR1725989	vanT gene in vanG cluster	3002972	3	0	0.0	0	0.0
ERR1725989	vanW gene in vanG cluster	3002965	4	0	0.0	0	0.0
ERR1725989	vanW gene in vanI cluster	3003724	1	0	0.0	0	0.0
ERR1725989	vanY gene in vanB cluster	3002956	5	0	0.0	0	0.0
ERR1725991	ErmB	3000375	1	1	1.0	1	1.0
ERR1725991	ErmF	3000498	1	0	0.0	0	0.0
ERR1725991	FosI	3007370	1	0	0.0	0	0.0
ERR1725991	GES-5	3002334	1	0	0.0	0	0.0
ERR1725991	ICR-Mo	3004569	1	0	0.0	0	0.0
ERR1725991	LnuH	3004600	1	1	1.0	1	1.0
ERR1725991	OXA-10	3001405	1	0	0.0	0	0.0
ERR1725991	OXA-2	3001397	1	1	1.0	1	1.0
ERR1725991	OXA-333	3001521	1	0	0.0	0	0.0
ERR1725991	OXA-58	3001611	1	1	1.0	1	1.0
ERR1725991	OXA-644	3005864	1	0	0.0	0	0.0
ERR1725991	aadA27	3004682	1	1	1.0	1	1.0
ERR1725991	aadA5	3002605	1	0	0.0	0	0.0
ERR1725991	adeF	3000777	1	1	1.0	1	1.0
ERR1725991	lnuB	3002836	1	1	1.0	1	1.0
ERR1725991	lnuC	3002837	1	0	0.0	0	0.0
ERR1725991	lsaE	3003206	1	1	1.0	1	1.0
ERR1725991	mefJ	3007049	1	1	1.0	1	1.0
ERR1725991	mphE	3003741	1	0	0.0	0	0.0
ERR1725991	mphG	3003742	2	0	0.0	0	0.0
ERR1725991	msrE	3003109	1	0	0.0	0	0.0
ERR1725991	qacJ	3007014	3	1	0.3333333333333333	1	0.3333333333333333
ERR1725991	qacL	3005098	1	0	0.0	0	0.0
ERR1725991	tet(32)	3000196	1	0	0.0	0	0.0
ERR1725991	tet(39)	3000566	1	0	0.0	0	0.0
ERR1725991	tet(O)	3000190	3	0	0.0	0	0.0
ERR1725991	tet(Q)	3000191	2	0	0.0	0	0.0
ERR1725991	tet(W/N/W)	3004442	1	0	0.0	0	0.0
ERR1725991	tet(X)	3000205	1	0	0.0	0	0.0
ERR1725991	vanG	3002909	1	0	0.0	0	0.0
ERR1725991	vanH gene in vanM cluster	3002947	1	0	0.0	0	0.0
ERR1725991	vanT gene in vanG cluster	3002972	2	0	0.0	0	0.0
ERR1725991	vanW gene in vanG cluster	3002965	2	0	0.0	0	0.0
ERR1725991	vanW gene in vanI cluster	3003724	1	0	0.0	0	0.0
ERR1725991	vanY gene in vanB cluster	3002956	4	0	0.0	0	0.0
ERR1725991	vanY gene in vanF cluster	3002958	1	0	0.0	0	0.0
ERR1725991	vanY gene in vanG cluster	3002959	1	0	0.0	0	0.0
ERR1725993	AAC(3)-IIe	3004621	1	0	0.0	0	0.0
ERR1725993	APH(6)-Id	3002660	1	0	0.0	0	0.0
ERR1725993	AcrE	3000499	1	1	1.0	1	1.0
ERR1725993	AcrS	3000656	1	1	1.0	1	1.0
ERR1725993	ArnT	3005053	3	0	0.0	0	0.0
ERR1725993	CARB-16	3002255	1	0	0.0	0	0.0
ERR1725993	CRP	3000518	1	0	0.0	0	0.0
ERR1725993	CfxA5	3003096	1	1	1.0	1	1.0
ERR1725993	EreA2	3002826	1	1	1.0	1	1.0
ERR1725993	EreD	3004608	1	0	0.0	0	0.0
ERR1725993	ErmF	3000498	1	1	1.0	1	1.0
ERR1725993	Escherichia coli AcrAB-TolC with AcrR mutation conferring resistance to ciprofloxacin, tetracycline, and ceftazidime	3003807	1	0	0.0	0	0.0
ERR1725993	Escherichia coli AcrAB-TolC with MarR mutations conferring resistance to ciprofloxacin and tetracycline	3003378	1	0	0.0	0	0.0
ERR1725993	Escherichia coli EF-Tu mutants conferring resistance to Pulvomycin	3003369	2	0	0.0	0	0.0
ERR1725993	Escherichia coli GlpT with mutation conferring resistance to fosfomycin	3003889	1	0	0.0	0	0.0
ERR1725993	Escherichia coli emrE	3004039	1	0	0.0	0	0.0
ERR1725993	Escherichia coli mdfA	3001328	1	0	0.0	0	0.0
ERR1725993	Escherichia coli soxR with mutation conferring antibiotic resistance	3003381	1	1	1.0	1	1.0
ERR1725993	Escherichia coli soxS with mutation conferring antibiotic resistance	3003511	1	1	1.0	1	1.0
ERR1725993	EstT	3007459	1	1	1.0	1	1.0
ERR1725993	GES-5	3002334	1	0	0.0	0	0.0
ERR1725993	H-NS	3000676	1	0	0.0	0	0.0
ERR1725993	Haemophilus influenzae PBP3 conferring resistance to beta-lactam antibiotics	3004446	1	0	0.0	0	0.0
ERR1725993	Klebsiella pneumoniae KpnH	3004597	1	0	0.0	0	0.0
ERR1725993	LnuH	3004600	1	0	0.0	0	0.0
ERR1725993	Mrx	3003839	1	1	1.0	1	1.0
ERR1725993	NPS-1	3004239	1	0	0.0	0	0.0
ERR1725993	OXA-1	3001396	1	1	1.0	1	1.0
ERR1725993	OXA-10	3001405	1	0	0.0	0	0.0
ERR1725993	OXA-2	3001397	1	0	0.0	0	0.0
ERR1725993	OXA-20	3001415	1	0	0.0	0	0.0
ERR1725993	OXA-205	3001483	1	0	0.0	0	0.0
ERR1725993	OXA-46	3001797	1	0	0.0	0	0.0
ERR1725993	OXA-58	3001611	1	0	0.0	0	0.0
ERR1725993	PmrF	3003578	1	0	0.0	0	0.0
ERR1725993	QnrS2	3002791	1	0	0.0	0	0.0
ERR1725993	aadA	3002601	1	0	0.0	0	0.0
ERR1725993	aadA13	3002613	1	0	0.0	0	0.0
ERR1725993	aadA2	3002602	1	1	1.0	1	1.0
ERR1725993	aadA27	3004682	1	0	0.0	0	0.0
ERR1725993	aadA5	3002605	1	0	0.0	0	0.0
ERR1725993	aadS	3004683	1	1	1.0	1	1.0
ERR1725993	adeF	3000777	5	0	0.0	0	0.0
ERR1725993	bacA	3002986	1	0	0.0	0	0.0
ERR1725993	cpxA	3000830	1	0	0.0	0	0.0
ERR1725993	emrR	3000516	2	1	0.5	1	0.5
ERR1725993	gadX	3000508	1	0	0.0	0	0.0
ERR1725993	lnuB	3002836	1	0	0.0	0	0.0
ERR1725993	marA	3000263	1	0	0.0	0	0.0
ERR1725993	mdtE	3000795	1	0	0.0	0	0.0
ERR1725993	mdtN	3003548	1	1	1.0	1	1.0
ERR1725993	mphA	3000316	1	1	1.0	1	1.0
ERR1725993	mphE	3003741	1	1	1.0	1	1.0
ERR1725993	mphG	3003742	2	0	0.0	0	0.0
ERR1725993	msrE	3003109	1	1	1.0	1	1.0
ERR1725993	nimJ	3007112	1	0	0.0	0	0.0
ERR1725993	qacEdelta1	3005010	1	1	1.0	1	1.0
ERR1725993	qacG	3007015	5	1	0.2	1	0.2
ERR1725993	qacJ	3007014	7	0	0.0	0	0.0
ERR1725993	qacL	3005098	2	2	1.0	2	1.0
ERR1725993	rsmA	3005069	3	0	0.0	0	0.0
ERR1725993	tet(32)	3000196	1	0	0.0	0	0.0
ERR1725993	tet(36)	3000197	1	0	0.0	0	0.0
ERR1725993	tet(39)	3000566	1	0	0.0	0	0.0
ERR1725993	tet(O)	3000190	2	0	0.0	0	0.0
ERR1725993	tet(Q)	3000191	3	0	0.0	0	0.0
ERR1725993	tet(W)	3000194	1	0	0.0	0	0.0
ERR1725993	tet(X6)	3005056	1	0	0.0	0	0.0
ERR1725993	vanG	3002909	2	0	0.0	0	0.0
ERR1725993	vanT gene in vanG cluster	3002972	7	0	0.0	0	0.0
ERR1725993	vanW gene in vanI cluster	3003724	3	0	0.0	0	0.0
ERR1725995	AAC(6')-Ib8	3002579	1	0	0.0	0	0.0
ERR1725995	ArnT	3005053	1	0	0.0	0	0.0
ERR1725995	Escherichia coli EF-Tu mutants conferring resistance to Pulvomycin	3003369	1	0	0.0	0	0.0
ERR1725995	FosI	3007370	2	0	0.0	0	0.0
ERR1725995	H-NS	3000676	1	0	0.0	0	0.0
ERR1725995	OXA-10	3001405	1	0	0.0	0	0.0
ERR1725995	aadA2	3002602	1	0	0.0	0	0.0
ERR1725995	aadA5	3002605	1	0	0.0	0	0.0
ERR1725995	aadA6	3002606	1	0	0.0	0	0.0
ERR1725995	aadS	3004683	1	0	0.0	0	0.0
ERR1725995	lnuC	3002837	1	0	0.0	0	0.0
ERR1725995	mphE	3003741	1	0	0.0	0	0.0
ERR1725995	msrE	3003109	1	0	0.0	0	0.0
ERR1725995	qacJ	3007014	1	0	0.0	0	0.0
ERR1725995	qacL	3005098	1	0	0.0	0	0.0
ERR1725995	tet(32)	3000196	1	0	0.0	0	0.0
ERR1725995	tet(39)	3000566	1	0	0.0	0	0.0
ERR1725995	tet(40)	3000567	1	0	0.0	0	0.0
ERR1725995	tet(O)	3000190	1	0	0.0	0	0.0
ERR1725995	tet(Q)	3000191	1	0	0.0	0	0.0
ERR1725995	tet(W)	3000194	1	1	1.0	1	1.0
ERR1725995	tet(X)	3000205	1	0	0.0	0	0.0
ERR1725995	vanW gene in vanG cluster	3002965	1	0	0.0	0	0.0
ERR1725995	vanW gene in vanI cluster	3003724	1	0	0.0	0	0.0
ERR1725996	AAC(6')-Ib-cr4	3005114	1	0	0.0	0	0.0
ERR1725996	ACI-1	3004359	1	1	1.0	0	0.0
ERR1725996	ANT(2'')-Ia	3000230	1	0	0.0	0	0.0
ERR1725996	ANT(6)-Ia	3002626	1	0	0.0	0	0.0
ERR1725996	AcrS	3000656	1	0	0.0	0	0.0
ERR1725996	CARB-3	3002242	1	0	0.0	0	0.0
ERR1725996	CARB-4	3002243	1	0	0.0	0	0.0
ERR1725996	CfxA2	3003002	1	1	1.0	1	1.0
ERR1725996	CfxA6	3003097	1	0	0.0	0	0.0
ERR1725996	EreA	3000361	1	0	0.0	0	0.0
ERR1725996	Escherichia coli EF-Tu mutants conferring resistance to Pulvomycin	3003369	1	0	0.0	0	0.0
ERR1725996	GES-5	3002334	1	0	0.0	0	0.0
ERR1725996	NPS-1	3004239	1	0	0.0	0	0.0
ERR1725996	OXA-10	3001405	1	0	0.0	0	0.0
ERR1725996	OXA-205	3001483	1	0	0.0	0	0.0
ERR1725996	OXA-732	3005937	1	1	1.0	1	1.0
ERR1725996	PAU-1	3006964	1	0	0.0	0	0.0
ERR1725996	aadA11	3002611	1	0	0.0	0	0.0
ERR1725996	aadA16	3002616	1	0	0.0	0	0.0
ERR1725996	aadA2	3002602	1	0	0.0	0	0.0
ERR1725996	aadA4	3002604	1	1	1.0	1	1.0
ERR1725996	aadA5	3002605	1	0	0.0	0	0.0
ERR1725996	aadA7	3002607	1	0	0.0	0	0.0
ERR1725996	aadS	3004683	1	0	0.0	0	0.0
ERR1725996	adeF	3000777	4	0	0.0	0	0.0
ERR1725996	catB3	3002676	1	0	0.0	0	0.0
ERR1725996	catB8	3002680	1	0	0.0	0	0.0
ERR1725996	catQ	3002687	1	0	0.0	0	0.0
ERR1725996	cmlA5	3002695	1	0	0.0	0	0.0
ERR1725996	cmlA9	3005043	1	0	0.0	0	0.0
ERR1725996	dfrA1	3002854	1	0	0.0	0	0.0
ERR1725996	dfrA15	3003013	1	0	0.0	0	0.0
ERR1725996	dfrF	3002867	1	0	0.0	0	0.0
ERR1725996	lnuC	3002837	1	0	0.0	0	0.0
ERR1725996	lsaE	3003206	1	1	1.0	1	1.0
ERR1725996	mphE	3003741	1	0	0.0	0	0.0
ERR1725996	msrE	3003109	1	0	0.0	0	0.0
ERR1725996	nimA	3007104	1	0	0.0	0	0.0
ERR1725996	nimG	3007109	2	0	0.0	0	0.0
ERR1725996	nimJ	3007112	3	0	0.0	0	0.0
ERR1725996	qacG	3007015	2	1	0.5	1	0.5
ERR1725996	qacJ	3007014	2	0	0.0	0	0.0
ERR1725996	qacL	3005098	2	0	0.0	0	0.0
ERR1725996	tet(32)	3000196	1	0	0.0	0	0.0
ERR1725996	tet(40)	3000567	1	0	0.0	0	0.0
ERR1725996	tet(O)	3000190	2	0	0.0	0	0.0
ERR1725996	tet(Q)	3000191	1	0	0.0	0	0.0
ERR1725996	tet(W)	3000194	1	1	1.0	1	1.0
ERR1725996	tet(X)	3000205	1	0	0.0	0	0.0
ERR1725996	vanT gene in vanG cluster	3002972	3	0	0.0	0	0.0
ERR1725996	vanW gene in vanI cluster	3003724	5	0	0.0	0	0.0
ERR1725999	ErmF	3000498	1	0	0.0	0	0.0
ERR1725999	OXA-119	3001775	1	0	0.0	0	0.0
ERR1725999	OXA-296	3001751	1	0	0.0	0	0.0
ERR1725999	aadA11	3002611	1	0	0.0	0	0.0
ERR1725999	adeF	3000777	4	0	0.0	0	0.0
ERR1725999	mefJ	3007049	1	0	0.0	0	0.0
ERR1725999	mphE	3003741	1	0	0.0	0	0.0
ERR1725999	mphG	3003742	1	0	0.0	0	0.0
ERR1725999	msrE	3003109	1	0	0.0	0	0.0
ERR1725999	qacG	3007015	12	3	0.25	3	0.25
ERR1725999	qacJ	3007014	3	0	0.0	0	0.0
ERR1725999	qacL	3005098	1	0	0.0	0	0.0
ERR1725999	tet(39)	3000566	1	1	1.0	1	1.0
ERR1725999	tet(O)	3000190	1	0	0.0	0	0.0
ERR1725999	tet(Q)	3000191	1	0	0.0	0	0.0
ERR1725999	tet(W)	3000194	1	0	0.0	0	0.0
ERR1725999	vanH gene in vanO cluster	3002948	2	0	0.0	0	0.0
ERR1725999	vanT gene in vanG cluster	3002972	7	0	0.0	0	0.0
ERR1725999	vanW gene in vanG cluster	3002965	2	0	0.0	0	0.0
ERR1725999	vanY gene in vanG cluster	3002959	1	0	0.0	0	0.0
ERR1725999	vanY gene in vanM cluster	3002961	1	0	0.0	0	0.0
ERR1726000	ErmB	3000375	1	1	1.0	1	1.0
ERR1726000	OXA-10	3001405	1	0	0.0	0	0.0
ERR1726000	mphE	3003741	1	1	1.0	1	1.0
ERR1726000	msrE	3003109	1	1	1.0	1	1.0
ERR1726000	qacJ	3007014	1	1	1.0	1	1.0
ERR1726000	tet(O)	3000190	2	0	0.0	0	0.0
ERR1726000	tet(W)	3000194	1	1	1.0	1	1.0
ERR1726000	vanH gene in vanM cluster	3002947	1	0	0.0	0	0.0
ERR1726000	vanY gene in vanB cluster	3002956	1	0	0.0	0	0.0
ERR1726000	vanY gene in vanG cluster	3002959	1	0	0.0	0	0.0
ERR1726000	vanY gene in vanM cluster	3002961	1	0	0.0	0	0.0
ERR1726001	Escherichia coli EF-Tu mutants conferring resistance to Pulvomycin	3003369	1	0	0.0	0	0.0
ERR1726001	OXA-10	3001405	1	0	0.0	0	0.0
ERR1726001	QnrD1	3002788	1	1	1.0	1	1.0
ERR1726001	QnrS2	3002791	1	0	0.0	0	0.0
ERR1726001	aadA2	3002602	1	0	0.0	0	0.0
ERR1726001	aadA5	3002605	1	0	0.0	0	0.0
ERR1726001	aadS	3004683	1	0	0.0	0	0.0
ERR1726001	adeF	3000777	1	0	0.0	0	0.0
ERR1726001	mphE	3003741	1	0	0.0	0	0.0
ERR1726001	mphG	3003742	1	0	0.0	0	0.0
ERR1726001	msrE	3003109	1	0	0.0	0	0.0
ERR1726001	qacG	3007015	3	0	0.0	0	0.0
ERR1726001	qacJ	3007014	1	0	0.0	0	0.0
ERR1726001	qacL	3005098	1	0	0.0	0	0.0
ERR1726001	tet(39)	3000566	1	0	0.0	0	0.0
ERR1726001	tet(X)	3000205	1	0	0.0	0	0.0
ERR1726001	vanT gene in vanG cluster	3002972	2	0	0.0	0	0.0
ERR1726001	vanW gene in vanI cluster	3003724	1	0	0.0	0	0.0
ERR1726002	ErmB	3000375	1	1	1.0	1	1.0
ERR1726002	GES-5	3002334	1	0	0.0	0	0.0
ERR1726002	ICR-Mo	3004569	1	0	0.0	0	0.0
ERR1726002	OXA-663	3004489	1	0	0.0	0	0.0
ERR1726002	aadA27	3004682	1	1	1.0	1	1.0
ERR1726002	aadA5	3002605	1	0	0.0	0	0.0
ERR1726002	aadA6	3002606	1	1	1.0	1	1.0
ERR1726002	adeF	3000777	1	0	0.0	0	0.0
ERR1726002	cfrC	3004146	1	0	0.0	0	0.0
ERR1726002	lnuA	3002835	1	0	0.0	0	0.0
ERR1726002	mefJ	3007049	1	1	1.0	1	1.0
ERR1726002	mphE	3003741	1	1	1.0	1	1.0
ERR1726002	mphG	3003742	3	0	0.0	0	0.0
ERR1726002	msrE	3003109	1	1	1.0	1	1.0
ERR1726002	qacG	3007015	2	0	0.0	0	0.0
ERR1726002	qacJ	3007014	2	0	0.0	0	0.0
ERR1726002	qacL	3005098	1	1	1.0	1	1.0
ERR1726002	tet(39)	3000566	1	0	0.0	0	0.0
ERR1726002	tet(O)	3000190	2	0	0.0	0	0.0
ERR1726002	tet(Q)	3000191	1	0	0.0	0	0.0
ERR1726002	vanG	3002909	1	0	0.0	0	0.0
ERR1726002	vanH gene in vanF cluster	3002945	1	0	0.0	0	0.0
ERR1726002	vanH gene in vanM cluster	3002947	1	0	0.0	0	0.0
ERR1726002	vanT gene in vanG cluster	3002972	1	0	0.0	0	0.0
ERR1726002	vanW gene in vanG cluster	3002965	3	0	0.0	0	0.0
ERR1726002	vanW gene in vanI cluster	3003724	1	0	0.0	0	0.0
ERR1726002	vanY gene in vanB cluster	3002956	1	0	0.0	0	0.0
ERR1726002	vanY gene in vanG cluster	3002959	1	0	0.0	0	0.0
ERR1726002	vanY gene in vanM cluster	3002961	1	0	0.0	0	0.0
ERR1726003	AAC(6')-Ib9	3002580	1	0	0.0	0	0.0
ERR1726003	CfxA2	3003002	1	1	1.0	1	1.0
ERR1726003	EreA2	3002826	1	0	0.0	0	0.0
ERR1726003	ErmB	3000375	1	0	0.0	0	0.0
ERR1726003	Escherichia coli EF-Tu mutants conferring resistance to Pulvomycin	3003369	2	0	0.0	0	0.0
ERR1726003	FosH	3007369	1	0	0.0	0	0.0
ERR1726003	FosI	3007370	1	0	0.0	0	0.0
ERR1726003	GES-5	3002334	1	0	0.0	0	0.0
ERR1726003	Mef(En2)	3004659	1	1	1.0	1	1.0
ERR1726003	Mrx	3003839	1	1	1.0	1	1.0
ERR1726003	OXA-10	3001405	1	0	0.0	0	0.0
ERR1726003	OXA-2	3001397	1	0	0.0	0	0.0
ERR1726003	OXA-205	3001483	1	0	0.0	0	0.0
ERR1726003	OXA-333	3001521	1	0	0.0	0	0.0
ERR1726003	OXA-4	3001399	1	0	0.0	0	0.0
ERR1726003	Pseudomonas aeruginosa soxR	3004107	1	0	0.0	0	0.0
ERR1726003	QnrS2	3002791	1	0	0.0	0	0.0
ERR1726003	aadA2	3002602	1	0	0.0	0	0.0
ERR1726003	aadA5	3002605	1	0	0.0	0	0.0
ERR1726003	aadA6	3002606	1	0	0.0	0	0.0
ERR1726003	adeF	3000777	4	1	0.25	1	0.25
ERR1726003	catB3	3002676	1	0	0.0	0	0.0
ERR1726003	lnuC	3002837	1	0	0.0	0	0.0
ERR1726003	lnuD	3002838	1	0	0.0	0	0.0
ERR1726003	mefJ	3007049	1	0	0.0	0	0.0
ERR1726003	mphA	3000316	1	1	1.0	1	1.0
ERR1726003	mphE	3003741	1	0	0.0	0	0.0
ERR1726003	mphG	3003742	2	0	0.0	0	0.0
ERR1726003	msrE	3003109	1	0	0.0	0	0.0
ERR1726003	qacEdelta1	3005010	1	1	1.0	1	1.0
ERR1726003	qacG	3007015	5	0	0.0	0	0.0
ERR1726003	qacJ	3007014	7	0	0.0	0	0.0
ERR1726003	qacL	3005098	1	0	0.0	0	0.0
ERR1726003	sul1	3000410	1	1	1.0	1	1.0
ERR1726003	tet(32)	3000196	1	0	0.0	0	0.0
ERR1726003	tet(39)	3000566	1	1	1.0	1	1.0
ERR1726003	tet(O)	3000190	1	0	0.0	0	0.0
ERR1726003	tet(O/32/O)	3007119	1	0	0.0	0	0.0
ERR1726003	tet(Q)	3000191	2	0	0.0	0	0.0
ERR1726003	tet(W)	3000194	1	0	0.0	0	0.0
ERR1726003	tet(X)	3000205	1	0	0.0	0	0.0
ERR1726003	vanH gene in vanM cluster	3002947	1	0	0.0	0	0.0
ERR1726003	vanT gene in vanG cluster	3002972	5	1	0.2	1	0.2
ERR1726003	vanW gene in vanG cluster	3002965	1	0	0.0	0	0.0
ERR1726003	vanW gene in vanI cluster	3003724	3	0	0.0	0	0.0
ERR1726003	vanY gene in vanB cluster	3002956	2	0	0.0	0	0.0
ERR1726003	vanY gene in vanG cluster	3002959	1	0	0.0	0	0.0
ERR1726003	vanY gene in vanM cluster	3002961	2	0	0.0	0	0.0
ERR1726004	CARB-50	3005584	1	0	0.0	0	0.0
ERR1726004	ErmB	3000375	1	1	1.0	1	1.0
ERR1726004	FosI	3007370	1	0	0.0	0	0.0
ERR1726004	OXA-651	3005867	1	0	0.0	0	0.0
ERR1726004	aadA27	3004682	1	0	0.0	0	0.0
ERR1726004	cfrC	3004146	1	0	0.0	0	0.0
ERR1726004	lsaE	3003206	1	0	0.0	0	0.0
ERR1726004	mefJ	3007049	1	1	1.0	1	1.0
ERR1726004	mphE	3003741	1	0	0.0	0	0.0
ERR1726004	msrE	3003109	1	0	0.0	0	0.0
ERR1726004	qacG	3007015	1	1	1.0	1	1.0
ERR1726004	qacJ	3007014	5	0	0.0	0	0.0
ERR1726004	qacL	3005098	1	0	0.0	0	0.0
ERR1726004	sdrM	3007013	1	0	0.0	0	0.0
ERR1726004	tet(32)	3000196	1	0	0.0	0	0.0
ERR1726004	tet(39)	3000566	1	0	0.0	0	0.0
ERR1726004	tet(O)	3000190	1	0	0.0	0	0.0
ERR1726004	tet(W)	3000194	1	1	1.0	1	1.0
ERR1726004	vanH gene in vanM cluster	3002947	1	0	0.0	0	0.0
ERR1726004	vanT gene in vanG cluster	3002972	5	0	0.0	0	0.0
ERR1726004	vanW gene in vanI cluster	3003724	3	0	0.0	0	0.0
ERR1726004	vanX gene in vanB cluster	3002950	1	0	0.0	0	0.0
ERR1726004	vanY gene in vanA cluster	3002955	1	0	0.0	0	0.0
ERR1726004	vanY gene in vanB cluster	3002956	4	0	0.0	0	0.0
ERR1726004	vanY gene in vanM cluster	3002961	1	0	0.0	0	0.0
ERR1726006	ANT(3'')-IIc	3004091	1	1	1.0	1	1.0
ERR1726006	APH(3')-IXa	3004087	1	0	0.0	0	0.0
ERR1726006	Acinetobacter baumannii AbaQ	3004574	1	1	1.0	1	1.0
ERR1726006	ErmB	3000375	1	1	1.0	1	1.0
ERR1726006	ErmF	3000498	1	0	0.0	0	0.0
ERR1726006	Escherichia coli EF-Tu mutants conferring resistance to Pulvomycin	3003369	1	0	0.0	0	0.0
ERR1726006	ICR-Mo	3004569	1	0	0.0	0	0.0
ERR1726006	OXA-10	3001405	1	0	0.0	0	0.0
ERR1726006	adeF	3000777	2	0	0.0	0	0.0
ERR1726006	mefJ	3007049	1	0	0.0	0	0.0
ERR1726006	mphE	3003741	1	0	0.0	0	0.0
ERR1726006	msrE	3003109	1	0	0.0	0	0.0
ERR1726006	patB	3000025	1	0	0.0	0	0.0
ERR1726006	qacG	3007015	7	1	0.14285714285714285	1	0.14285714285714285
ERR1726006	qacJ	3007014	5	1	0.2	1	0.2
ERR1726006	tet(39)	3000566	1	1	1.0	1	1.0
ERR1726006	tet(O)	3000190	2	0	0.0	0	0.0
ERR1726006	tet(Q)	3000191	2	0	0.0	0	0.0
ERR1726006	tet(W)	3000194	1	0	0.0	0	0.0
ERR1726006	tet(X)	3000205	1	0	0.0	0	0.0
ERR1726006	vanT gene in vanG cluster	3002972	4	0	0.0	0	0.0
ERR1726006	vanW gene in vanG cluster	3002965	4	0	0.0	0	0.0
ERR1726006	vanW gene in vanI cluster	3003724	1	0	0.0	0	0.0
ERR1726006	vanY gene in vanM cluster	3002961	1	0	0.0	0	0.0
ERR1726009	AAC(6')-Ib9	3002580	1	0	0.0	0	0.0
ERR1726009	Acinetobacter baumannii AbaQ	3004574	1	0	0.0	0	0.0
ERR1726009	ArnT	3005053	2	0	0.0	0	0.0
ERR1726009	CARB-16	3002255	1	0	0.0	0	0.0
ERR1726009	CRP	3000518	1	0	0.0	0	0.0
ERR1726009	ESP-1	3003717	1	0	0.0	0	0.0
ERR1726009	ErmF	3000498	1	0	0.0	0	0.0
ERR1726009	FosA8	3007371	1	0	0.0	0	0.0
ERR1726009	LnuH	3004600	2	1	0.5	1	0.5
ERR1726009	OXA-1	3001396	1	0	0.0	0	0.0
ERR1726009	OXA-10	3001405	1	0	0.0	0	0.0
ERR1726009	OXA-333	3001521	1	0	0.0	0	0.0
ERR1726009	OXA-58	3001611	1	0	0.0	0	0.0
ERR1726009	Pseudomonas aeruginosa soxR	3004107	1	0	0.0	0	0.0
ERR1726009	THIN-B	3000851	1	0	0.0	0	0.0
ERR1726009	TRU-1	3004450	1	0	0.0	0	0.0
ERR1726009	aadA15	3002615	1	0	0.0	0	0.0
ERR1726009	aadA27	3004682	1	1	1.0	1	1.0
ERR1726009	adeF	3000777	10	1	0.1	1	0.1
ERR1726009	catB3	3002676	1	0	0.0	0	0.0
ERR1726009	dfrA22	3003018	1	0	0.0	0	0.0
ERR1726009	imiH	3003094	1	0	0.0	0	0.0
ERR1726009	mphE	3003741	1	1	1.0	1	1.0
ERR1726009	mphG	3003742	3	0	0.0	0	0.0
ERR1726009	msrE	3003109	1	1	1.0	1	1.0
ERR1726009	qacEdelta1	3005010	1	0	0.0	0	0.0
ERR1726009	qacG	3007015	10	1	0.1	1	0.1
ERR1726009	qacJ	3007014	9	0	0.0	0	0.0
ERR1726009	rsmA	3005069	2	0	0.0	0	0.0
ERR1726009	tet(X)	3000205	1	0	0.0	0	0.0
ERR1726009	vanG	3002909	2	0	0.0	0	0.0
ERR1726009	vanH gene in vanO cluster	3002948	1	0	0.0	0	0.0
ERR1726009	vanT gene in vanG cluster	3002972	9	0	0.0	0	0.0
ERR1726009	vanW gene in vanG cluster	3002965	2	0	0.0	0	0.0
ERR2729809	AAC(6')-Ib7	3002578	1	1	1.0	1	1.0
ERR2729809	ACT-8	3001831	1	0	0.0	0	0.0
ERR2729809	ANT(2'')-Ia	3000230	1	1	1.0	1	1.0
ERR2729809	ANT(3'')-IIc	3004091	2	0	0.0	0	0.0
ERR2729809	APH(3'')-Ib	3002639	1	0	0.0	0	0.0
ERR2729809	ArnT	3005053	1	0	0.0	0	0.0
ERR2729809	CRP	3000518	1	0	0.0	0	0.0
ERR2729809	CblA-1	3002999	1	0	0.0	0	0.0
ERR2729809	CfxA4	3003005	1	1	1.0	1	1.0
ERR2729809	CfxA6	3003097	1	0	0.0	0	0.0
ERR2729809	EC-5	3006880	1	0	0.0	0	0.0
ERR2729809	EreA2	3002826	1	0	0.0	0	0.0
ERR2729809	EreD	3004608	2	0	0.0	0	0.0
ERR2729809	ErmF	3000498	1	0	0.0	0	0.0
ERR2729809	ErmG	3000522	1	0	0.0	0	0.0
ERR2729809	Escherichia coli AcrAB-TolC with MarR mutations conferring resistance to ciprofloxacin and tetracycline	3003378	1	0	0.0	0	0.0
ERR2729809	Escherichia coli EF-Tu mutants conferring resistance to Pulvomycin	3003369	1	0	0.0	0	0.0
ERR2729809	Escherichia coli soxR with mutation conferring antibiotic resistance	3003381	1	0	0.0	0	0.0
ERR2729809	FosA6	3004111	1	0	0.0	0	0.0
ERR2729809	FosI	3007370	1	0	0.0	0	0.0
ERR2729809	GES-5	3002334	1	0	0.0	0	0.0
ERR2729809	H-NS	3000676	1	0	0.0	0	0.0
ERR2729809	Haemophilus influenzae PBP3 conferring resistance to beta-lactam antibiotics	3004446	2	0	0.0	0	0.0
ERR2729809	ICR-Mo	3004569	1	0	0.0	0	0.0
ERR2729809	KPC-83	3007089	1	0	0.0	0	0.0
ERR2729809	Klebsiella pneumoniae KpnE	3004580	1	0	0.0	0	0.0
ERR2729809	Klebsiella pneumoniae KpnG	3004588	1	1	1.0	1	1.0
ERR2729809	Klebsiella pneumoniae acrR with mutation conferring multidrug antibiotic resistance	3003373	1	0	0.0	0	0.0
ERR2729809	LnuH	3004600	3	0	0.0	0	0.0
ERR2729809	MOX-12	3006477	1	0	0.0	0	0.0
ERR2729809	Mef(En2)	3004659	1	1	1.0	1	1.0
ERR2729809	Mrx	3003839	1	1	1.0	1	1.0
ERR2729809	OXA-1	3001396	1	0	0.0	0	0.0
ERR2729809	OXA-10	3001405	1	1	1.0	1	1.0
ERR2729809	OXA-347	3001777	1	0	0.0	0	0.0
ERR2729809	OXA-726	3005931	1	0	0.0	0	0.0
ERR2729809	OXA-732	3005937	1	0	0.0	0	0.0
ERR2729809	OXA-780	3005983	1	0	0.0	0	0.0
ERR2729809	QnrB10	3002724	1	0	0.0	0	0.0
ERR2729809	QnrS2	3002791	1	1	1.0	1	1.0
ERR2729809	QnrVC1	3002799	1	0	0.0	0	0.0
ERR2729809	QnrVC4	3002801	1	0	0.0	0	0.0
ERR2729809	VEB-9	3002378	1	1	1.0	1	1.0
ERR2729809	aad(6)	3002628	1	0	0.0	0	0.0
ERR2729809	aadA3	3002603	1	1	1.0	1	1.0
ERR2729809	aadA6	3002606	1	0	0.0	0	0.0
ERR2729809	aadS	3004683	1	0	0.0	0	0.0
ERR2729809	adeF	3000777	10	0	0.0	0	0.0
ERR2729809	catB3	3002676	1	0	0.0	0	0.0
ERR2729809	dfrA14	3002859	1	1	1.0	1	1.0
ERR2729809	dfrF	3002867	1	0	0.0	0	0.0
ERR2729809	emrR	3000516	2	1	0.5	1	0.5
ERR2729809	gadX	3000508	1	0	0.0	0	0.0
ERR2729809	leuO	3003843	1	0	0.0	0	0.0
ERR2729809	lnuC	3002837	1	0	0.0	0	0.0
ERR2729809	mphA	3000316	1	1	1.0	1	1.0
ERR2729809	mphE	3003741	1	1	1.0	1	1.0
ERR2729809	mphG	3003742	2	0	0.0	0	0.0
ERR2729809	msrE	3003109	1	1	1.0	1	1.0
ERR2729809	patB	3000025	1	0	0.0	0	0.0
ERR2729809	qacEdelta1	3005010	1	0	0.0	0	0.0
ERR2729809	qacG	3007015	11	2	0.18181818181818182	2	0.18181818181818182
ERR2729809	qacJ	3007014	12	0	0.0	0	0.0
ERR2729809	qacL	3005098	1	0	0.0	0	0.0
ERR2729809	rsmA	3005069	7	0	0.0	0	0.0
ERR2729809	sul1	3000410	1	0	0.0	0	0.0
ERR2729809	tet(36)	3000197	2	0	0.0	0	0.0
ERR2729809	tet(39)	3000566	1	1	1.0	1	1.0
ERR2729809	tet(C)	3000167	1	1	1.0	1	1.0
ERR2729809	tet(O)	3000190	2	0	0.0	0	0.0
ERR2729809	tet(Q)	3000191	2	0	0.0	0	0.0
ERR2729809	tet(W)	3000194	1	0	0.0	0	0.0
ERR2729809	tet(X)	3000205	1	0	0.0	0	0.0
ERR2729809	tet(X1)	3005166	1	0	0.0	0	0.0
ERR2729809	vanG	3002909	1	0	0.0	0	0.0
ERR2729809	vanT gene in vanG cluster	3002972	13	0	0.0	0	0.0
ERR2729809	vanW gene in vanG cluster	3002965	4	0	0.0	0	0.0
ERR2729809	vanW gene in vanI cluster	3003724	1	0	0.0	0	0.0
ERR2729809	vanY gene in vanB cluster	3002956	2	0	0.0	0	0.0
ERR9855090	AAC(3)-IId	3004623	1	0	0.0	0	0.0
ERR9855090	AAC(6')-Ib9	3002580	1	0	0.0	0	0.0
ERR9855090	AAC(6')-Ie-APH(2'')-Ia bifunctional protein	3002597	1	0	0.0	0	0.0
ERR9855090	ACI-1	3004359	1	1	1.0	0	0.0
ERR9855090	ANT(3'')-IIc	3004091	1	1	1.0	1	1.0
ERR9855090	ANT(6)-Ia	3002626	1	0	0.0	0	0.0
ERR9855090	APH(3')-Ib	3002642	1	0	0.0	0	0.0
ERR9855090	APH(6)-Id	3002660	1	1	1.0	1	1.0
ERR9855090	AcrE	3000499	1	0	0.0	0	0.0
ERR9855090	AcrS	3000656	1	0	0.0	0	0.0
ERR9855090	ArnT	3005053	2	0	0.0	0	0.0
ERR9855090	Bifidobacterium adolescentis rpoB mutants conferring resistance to rifampicin	3004480	1	0	0.0	0	0.0
ERR9855090	CARB-16	3002255	1	0	0.0	0	0.0
ERR9855090	CARB-3	3002242	1	0	0.0	0	0.0
ERR9855090	CARB-4	3002243	1	0	0.0	0	0.0
ERR9855090	CMY-59	3002069	1	1	1.0	1	1.0
ERR9855090	CRP	3000518	1	0	0.0	0	0.0
ERR9855090	Campylobacter coli chloramphenicol acetyltransferase	3004454	1	0	0.0	0	0.0
ERR9855090	CfxA5	3003096	1	1	1.0	1	1.0
ERR9855090	CfxA6	3003097	1	0	0.0	0	0.0
ERR9855090	EC-15	3006876	1	0	0.0	0	0.0
ERR9855090	EreA	3000361	2	0	0.0	0	0.0
ERR9855090	EreD	3004608	1	0	0.0	0	0.0
ERR9855090	ErmB	3000375	1	1	1.0	1	1.0
ERR9855090	ErmF	3000498	1	0	0.0	0	0.0
ERR9855090	ErmT	3000595	1	1	1.0	1	1.0
ERR9855090	ErmX	3000596	1	1	1.0	1	1.0
ERR9855090	Escherichia coli AcrAB-TolC with AcrR mutation conferring resistance to ciprofloxacin, tetracycline, and ceftazidime	3003807	1	0	0.0	0	0.0
ERR9855090	Escherichia coli AcrAB-TolC with MarR mutations conferring resistance to ciprofloxacin and tetracycline	3003378	1	0	0.0	0	0.0
ERR9855090	Escherichia coli EF-Tu mutants conferring resistance to Pulvomycin	3003369	2	0	0.0	0	0.0
ERR9855090	Escherichia coli soxR with mutation conferring antibiotic resistance	3003381	1	1	1.0	1	1.0
ERR9855090	Escherichia coli soxS with mutation conferring antibiotic resistance	3003511	1	1	1.0	1	1.0
ERR9855090	FosA8	3007371	3	0	0.0	0	0.0
ERR9855090	FosH	3007369	2	0	0.0	0	0.0
ERR9855090	FosI	3007370	3	0	0.0	0	0.0
ERR9855090	GES-5	3002334	1	0	0.0	0	0.0
ERR9855090	H-NS	3000676	1	0	0.0	0	0.0
ERR9855090	Haemophilus influenzae PBP3 conferring resistance to beta-lactam antibiotics	3004446	2	0	0.0	0	0.0
ERR9855090	ICR-Mo	3004569	3	0	0.0	0	0.0
ERR9855090	Klebsiella pneumoniae KpnE	3004580	1	0	0.0	0	0.0
ERR9855090	Klebsiella pneumoniae KpnF	3004583	1	0	0.0	0	0.0
ERR9855090	LnuH	3004600	2	2	1.0	2	1.0
ERR9855090	Mrx	3003839	1	1	1.0	1	1.0
ERR9855090	Mycobacterium tuberculosis rpsL mutations conferring resistance to Streptomycin	3003395	1	0	0.0	0	0.0
ERR9855090	NPS-1	3004239	1	0	0.0	0	0.0
ERR9855090	OXA-10	3001405	1	1	1.0	1	1.0
ERR9855090	OXA-2	3001397	1	1	1.0	1	1.0
ERR9855090	OXA-347	3001777	1	0	0.0	0	0.0
ERR9855090	OXA-392	3001578	1	0	0.0	0	0.0
ERR9855090	OXA-46	3001797	1	0	0.0	0	0.0
ERR9855090	OXA-644	3005864	1	1	1.0	1	1.0
ERR9855090	OXA-732	3005937	1	0	0.0	0	0.0
ERR9855090	QnrS2	3002791	1	1	1.0	1	1.0
ERR9855090	RSA-1	3004444	1	1	1.0	1	1.0
ERR9855090	SHV-1	3001059	1	1	1.0	1	1.0
ERR9855090	VEB-1b	3003712	1	0	0.0	0	0.0
ERR9855090	aadA	3002601	1	1	1.0	1	1.0
ERR9855090	aadA10	3004692	1	0	0.0	0	0.0
ERR9855090	aadA13	3002613	1	0	0.0	0	0.0
ERR9855090	aadA16	3002616	1	0	0.0	0	0.0
ERR9855090	aadA2	3002602	1	1	1.0	1	1.0
ERR9855090	aadA27	3004682	1	1	1.0	1	1.0
ERR9855090	aadA7	3002607	1	0	0.0	0	0.0
ERR9855090	aadS	3004683	1	0	0.0	0	0.0
ERR9855090	adeF	3000777	8	1	0.125	1	0.125
ERR9855090	bacA	3002986	1	0	0.0	0	0.0
ERR9855090	baeS	3000829	1	0	0.0	0	0.0
ERR9855090	catB2	3002675	1	0	0.0	0	0.0
ERR9855090	catB3	3002676	1	0	0.0	0	0.0
ERR9855090	catB8	3002680	1	1	1.0	1	1.0
ERR9855090	catQ	3002687	1	0	0.0	0	0.0
ERR9855090	cmlA5	3002695	1	0	0.0	0	0.0
ERR9855090	cmlA9	3005043	1	1	1.0	1	1.0
ERR9855090	cpxA	3000830	1	0	0.0	0	0.0
ERR9855090	dfrA1	3002854	1	1	1.0	1	1.0
ERR9855090	dfrA14	3002859	1	0	0.0	0	0.0
ERR9855090	dfrA19	3003015	1	1	1.0	1	1.0
ERR9855090	dfrF	3002867	1	0	0.0	0	0.0
ERR9855090	emrA	3000027	1	1	1.0	1	1.0
ERR9855090	emrB	3000074	1	1	1.0	1	1.0
ERR9855090	emrR	3000516	1	1	1.0	1	1.0
ERR9855090	eptA	3003576	1	1	1.0	1	1.0
ERR9855090	evgA	3000832	1	0	0.0	0	0.0
ERR9855090	floR	3002705	1	1	1.0	1	1.0
ERR9855090	kdpE	3003841	1	0	0.0	0	0.0
ERR9855090	lnuB	3002836	1	0	0.0	0	0.0
ERR9855090	marA	3000263	1	0	0.0	0	0.0
ERR9855090	mdtC	3000794	1	0	0.0	0	0.0
ERR9855090	mdtE	3000795	1	0	0.0	0	0.0
ERR9855090	mdtG	3001329	1	0	0.0	0	0.0
ERR9855090	mdtN	3003548	1	1	1.0	1	1.0
ERR9855090	mdtO	3003549	1	1	1.0	1	1.0
ERR9855090	mphA	3000316	1	1	1.0	1	1.0
ERR9855090	mphE	3003741	1	0	0.0	0	0.0
ERR9855090	mphG	3003742	3	0	0.0	0	0.0
ERR9855090	msrE	3003109	1	0	0.0	0	0.0
ERR9855090	nimA	3007104	1	0	0.0	0	0.0
ERR9855090	nimE	3007107	2	0	0.0	0	0.0
ERR9855090	nimJ	3007112	3	1	0.3333333333333333	1	0.3333333333333333
ERR9855090	patB	3000025	2	0	0.0	0	0.0
ERR9855090	qacG	3007015	13	2	0.15384615384615385	2	0.15384615384615385
ERR9855090	qacJ	3007014	11	5	0.45454545454545453	5	0.45454545454545453
ERR9855090	qacL	3005098	2	0	0.0	0	0.0
ERR9855090	rsmA	3005069	1	0	0.0	0	0.0
ERR9855090	sul2	3000412	1	0	0.0	0	0.0
ERR9855090	sul4	3004361	1	0	0.0	0	0.0
ERR9855090	tet(32)	3000196	1	1	1.0	1	1.0
ERR9855090	tet(39)	3000566	1	1	1.0	1	1.0
ERR9855090	tet(B)	3000166	1	1	1.0	1	1.0
ERR9855090	tet(C)	3000167	1	1	1.0	1	1.0
ERR9855090	tet(H)	3000175	1	0	0.0	0	0.0
ERR9855090	tet(M)	3000186	1	0	0.0	0	0.0
ERR9855090	tet(O)	3000190	2	1	0.5	1	0.5
ERR9855090	tet(Q)	3000191	2	0	0.0	0	0.0
ERR9855090	tet(S)	3000192	1	1	1.0	1	1.0
ERR9855090	tet(W)	3000194	1	1	1.0	1	1.0
ERR9855090	tet(X)	3000205	1	1	1.0	1	1.0
ERR9855090	tetR	3003479	1	1	1.0	1	1.0
ERR9855090	vanG	3002909	5	2	0.4	2	0.4
ERR9855090	vanH gene in vanO cluster	3002948	3	0	0.0	0	0.0
ERR9855090	vanT gene in vanG cluster	3002972	19	1	0.05263157894736842	1	0.05263157894736842
ERR9855090	vanU gene in vanG cluster	3004253	1	1	1.0	1	1.0
ERR9855090	vanW gene in vanG cluster	3002965	9	0	0.0	0	0.0
ERR9855090	vanW gene in vanI cluster	3003724	16	0	0.0	0	0.0
ERR9855090	vanXY gene in vanG cluster	3003069	1	1	1.0	1	1.0
ERR9855090	vanY gene in vanB cluster	3002956	10	1	0.1	1	0.1
E_1-2	ANT(3'')-IIa	3004089	1	0	0.0	0	0.0
E_1-2	ANT(6)-Ia	3002626	1	1	1.0	1	1.0
E_1-2	APH(2'')-Ie	3002634	1	0	0.0	0	0.0
E_1-2	APH(3'')-Ib	3002639	1	1	1.0	1	1.0
E_1-2	APH(3')-Ib	3002642	1	0	0.0	0	0.0
E_1-2	APH(6)-Id	3002660	1	1	1.0	1	1.0
E_1-2	AcrE	3000499	1	0	0.0	0	0.0
E_1-2	AcrF	3000502	1	0	0.0	0	0.0
E_1-2	AcrS	3000656	1	0	0.0	0	0.0
E_1-2	ArnT	3005053	3	1	0.3333333333333333	1	0.3333333333333333
E_1-2	CARB-3	3002242	1	0	0.0	0	0.0
E_1-2	CMY-2	3002013	1	0	0.0	0	0.0
E_1-2	CRP	3000518	1	0	0.0	0	0.0
E_1-2	CfxA2	3003002	1	1	1.0	1	1.0
E_1-2	CfxA6	3003097	1	0	0.0	0	0.0
E_1-2	DfrB9	3005350	1	0	0.0	0	0.0
E_1-2	EC-15	3006876	1	0	0.0	0	0.0
E_1-2	EreA	3000361	1	0	0.0	0	0.0
E_1-2	EreB	3000363	1	0	0.0	0	0.0
E_1-2	EreD	3004608	2	1	0.5	1	0.5
E_1-2	ErmB	3000375	1	1	1.0	1	1.0
E_1-2	ErmX	3000596	1	1	1.0	1	1.0
E_1-2	Escherichia coli AcrAB-TolC with AcrR mutation conferring resistance to ciprofloxacin, tetracycline, and ceftazidime	3003807	1	0	0.0	0	0.0
E_1-2	Escherichia coli AcrAB-TolC with MarR mutations conferring resistance to ciprofloxacin and tetracycline	3003378	1	0	0.0	0	0.0
E_1-2	Escherichia coli EF-Tu mutants conferring resistance to Pulvomycin	3003369	1	0	0.0	0	0.0
E_1-2	Escherichia coli acrA	3004043	1	0	0.0	0	0.0
E_1-2	Escherichia coli mdfA	3001328	1	1	1.0	1	1.0
E_1-2	Escherichia coli soxR with mutation conferring antibiotic resistance	3003381	1	1	1.0	1	1.0
E_1-2	Escherichia coli soxS with mutation conferring antibiotic resistance	3003511	1	1	1.0	1	1.0
E_1-2	FosA8	3007371	5	0	0.0	0	0.0
E_1-2	FosG	3007368	1	0	0.0	0	0.0
E_1-2	FosXCC	3003208	2	0	0.0	0	0.0
E_1-2	GES-2	3002331	1	0	0.0	0	0.0
E_1-2	H-NS	3000676	1	0	0.0	0	0.0
E_1-2	Haemophilus influenzae PBP3 conferring resistance to beta-lactam antibiotics	3004446	1	0	0.0	0	0.0
E_1-2	IMP-15	3002206	1	0	0.0	0	0.0
E_1-2	IMP-34	3002225	1	1	1.0	1	1.0
E_1-2	Klebsiella pneumoniae KpnE	3004580	1	0	0.0	0	0.0
E_1-2	Klebsiella pneumoniae KpnF	3004583	1	0	0.0	0	0.0
E_1-2	LHK-6	3006940	1	0	0.0	0	0.0
E_1-2	LnuH	3004600	2	0	0.0	0	0.0
E_1-2	MOX-12	3006477	1	0	0.0	0	0.0
E_1-2	Mef(En2)	3004659	1	0	0.0	0	0.0
E_1-2	Mrx	3003839	1	1	1.0	1	1.0
E_1-2	NPS-1	3004239	1	0	0.0	0	0.0
E_1-2	OXA-10	3001405	1	0	0.0	0	0.0
E_1-2	OXA-129	3001811	1	0	0.0	0	0.0
E_1-2	OXA-347	3001777	1	0	0.0	0	0.0
E_1-2	OXA-392	3001578	1	0	0.0	0	0.0
E_1-2	OXA-5	3001400	1	1	1.0	1	1.0
E_1-2	OXA-504	3005734	1	0	0.0	0	0.0
E_1-2	OXA-732	3005937	1	1	1.0	1	1.0
E_1-2	OXA-9	3001404	1	0	0.0	0	0.0
E_1-2	PmrF	3003578	1	1	1.0	1	1.0
E_1-2	QnrS1	3002790	1	0	0.0	0	0.0
E_1-2	QnrS2	3002791	1	1	1.0	1	1.0
E_1-2	QnrVC1	3002799	1	0	0.0	0	0.0
E_1-2	QnrVC4	3002801	1	0	0.0	0	0.0
E_1-2	RSA-1	3004444	1	0	0.0	0	0.0
E_1-2	RSD2-2	3006983	1	0	0.0	0	0.0
E_1-2	SAT-4	3002897	1	0	0.0	0	0.0
E_1-2	SIM-2	3005494	1	1	1.0	1	1.0
E_1-2	Streptomyces rimosus otr(A)	3002891	1	0	0.0	0	0.0
E_1-2	VEB-1	3002370	1	0	0.0	0	0.0
E_1-2	VEB-19	3006214	2	0	0.0	0	0.0
E_1-2	YojI	3003952	1	0	0.0	0	0.0
E_1-2	aadA11	3002611	1	0	0.0	0	0.0
E_1-2	aadA3	3002603	1	0	0.0	0	0.0
E_1-2	aadA5	3002605	1	0	0.0	0	0.0
E_1-2	aadS	3004683	1	0	0.0	0	0.0
E_1-2	acrD	3000491	1	0	0.0	0	0.0
E_1-2	adeF	3000777	48	0	0.0	0	0.0
E_1-2	arr-2	3002847	2	0	0.0	0	0.0
E_1-2	arr-8	3002853	1	0	0.0	0	0.0
E_1-2	bacA	3002986	1	0	0.0	0	0.0
E_1-2	baeR	3000828	1	1	1.0	1	1.0
E_1-2	baeS	3000829	1	1	1.0	1	1.0
E_1-2	catQ	3002687	1	0	0.0	0	0.0
E_1-2	cmlA5	3002695	1	0	0.0	0	0.0
E_1-2	cmlA9	3005043	1	1	1.0	1	1.0
E_1-2	cpxA	3000830	1	0	0.0	0	0.0
E_1-2	dfrB5	3004549	1	0	0.0	0	0.0
E_1-2	emrA	3000027	1	0	0.0	0	0.0
E_1-2	emrB	3000074	1	0	0.0	0	0.0
E_1-2	emrR	3000516	1	0	0.0	0	0.0
E_1-2	eptA	3003576	1	0	0.0	0	0.0
E_1-2	evgA	3000832	1	0	0.0	0	0.0
E_1-2	evgS	3000833	1	0	0.0	0	0.0
E_1-2	gadX	3000508	1	0	0.0	0	0.0
E_1-2	leuO	3003843	1	0	0.0	0	0.0
E_1-2	lnuB	3002836	1	1	1.0	1	1.0
E_1-2	lnuC	3002837	1	0	0.0	0	0.0
E_1-2	lsaE	3003206	1	1	1.0	1	1.0
E_1-2	marA	3000263	1	0	0.0	0	0.0
E_1-2	mdtC	3000794	1	1	1.0	1	1.0
E_1-2	mdtE	3000795	1	0	0.0	0	0.0
E_1-2	mdtF	3000796	1	0	0.0	0	0.0
E_1-2	mdtG	3001329	1	0	0.0	0	0.0
E_1-2	mdtH	3001216	1	0	0.0	0	0.0
E_1-2	mdtM	3001214	1	0	0.0	0	0.0
E_1-2	mdtN	3003548	1	1	1.0	1	1.0
E_1-2	mdtO	3003549	1	1	1.0	1	1.0
E_1-2	mdtP	3003550	1	1	1.0	1	1.0
E_1-2	mphA	3000316	1	1	1.0	1	1.0
E_1-2	mphE	3003741	1	1	1.0	1	1.0
E_1-2	mphF	3003071	1	1	1.0	1	1.0
E_1-2	mphG	3003742	1	0	0.0	0	0.0
E_1-2	msrE	3003109	1	1	1.0	1	1.0
E_1-2	nimB	3004655	1	0	0.0	0	0.0
E_1-2	nimE	3007107	2	1	0.5	1	0.5
E_1-2	nimG	3007109	2	0	0.0	0	0.0
E_1-2	nimJ	3007112	3	0	0.0	0	0.0
E_1-2	patB	3000025	1	0	0.0	0	0.0
E_1-2	qacG	3007015	7	1	0.14285714285714285	1	0.14285714285714285
E_1-2	qacJ	3007014	7	0	0.0	0	0.0
E_1-2	rsmA	3005069	11	0	0.0	0	0.0
E_1-2	sul4	3004361	1	0	0.0	0	0.0
E_1-2	tet(32)	3000196	1	1	1.0	1	1.0
E_1-2	tet(36)	3000197	1	0	0.0	0	0.0
E_1-2	tet(39)	3000566	1	1	1.0	1	1.0
E_1-2	tet(44)	3000556	1	0	0.0	0	0.0
E_1-2	tet(A)	3000165	1	1	1.0	1	1.0
E_1-2	tet(C)	3000167	1	0	0.0	0	0.0
E_1-2	tet(M)	3000186	2	0	0.0	0	0.0
E_1-2	tet(O)	3000190	2	1	0.5	1	0.5
E_1-2	tet(Q)	3000191	3	1	0.3333333333333333	1	0.3333333333333333
E_1-2	tet(W)	3000194	1	1	1.0	1	1.0
E_1-2	tet(X)	3000205	1	0	0.0	0	0.0
E_1-2	vanG	3002909	2	0	0.0	0	0.0
E_1-2	vanH gene in vanA cluster	3002942	1	0	0.0	0	0.0
E_1-2	vanH gene in vanB cluster	3002943	3	0	0.0	0	0.0
E_1-2	vanH gene in vanD cluster	3002944	1	0	0.0	0	0.0
E_1-2	vanH gene in vanF cluster	3002945	1	0	0.0	0	0.0
E_1-2	vanH gene in vanO cluster	3002948	1	0	0.0	0	0.0
E_1-2	vanT gene in vanG cluster	3002972	99	0	0.0	0	0.0
E_1-2	vanW gene in vanB cluster	3002964	3	0	0.0	0	0.0
E_1-2	vanW gene in vanG cluster	3002965	16	0	0.0	0	0.0
E_1-2	vanW gene in vanI cluster	3003724	119	1	0.008403361344537815	1	0.008403361344537815
E_1-2	vanY gene in vanA cluster	3002955	16	0	0.0	0	0.0
E_1-2	vanY gene in vanB cluster	3002956	48	0	0.0	0	0.0
E_1-2	vanY gene in vanF cluster	3002958	5	0	0.0	0	0.0
E_1-2	vanY gene in vanG cluster	3002959	12	0	0.0	0	0.0
E_1-2	vanY gene in vanM cluster	3002961	28	1	0.03571428571428571	0	0.0
E_11-12	AAC(3)-IId	3004623	1	1	1.0	1	1.0
E_11-12	AAC(6')-Ie-APH(2'')-Ia bifunctional protein	3002597	1	1	1.0	1	1.0
E_11-12	ACI-1	3004359	1	1	1.0	0	0.0
E_11-12	ANT(2'')-Ia	3000230	1	1	1.0	1	1.0
E_11-12	ANT(3'')-IIa	3004089	1	0	0.0	0	0.0
E_11-12	ANT(3'')-IIc	3004091	2	1	0.5	1	0.5
E_11-12	ANT(6)-Ia	3002626	1	1	1.0	1	1.0
E_11-12	ANT(6)-Ib	3002629	1	0	0.0	0	0.0
E_11-12	APH(3'')-Ib	3002639	1	1	1.0	1	1.0
E_11-12	APH(3')-IIIa	3002647	1	0	0.0	0	0.0
E_11-12	APH(3')-Ib	3002642	1	0	0.0	0	0.0
E_11-12	APH(6)-Id	3002660	1	1	1.0	1	1.0
E_11-12	AcrE	3000499	1	0	0.0	0	0.0
E_11-12	AcrF	3000502	1	0	0.0	0	0.0
E_11-12	AcrS	3000656	1	0	0.0	0	0.0
E_11-12	ArnT	3005053	4	0	0.0	0	0.0
E_11-12	BRP(MBL)	3001205	1	0	0.0	0	0.0
E_11-12	Bifidobacterium adolescentis rpoB mutants conferring resistance to rifampicin	3004480	1	0	0.0	0	0.0
E_11-12	CARB-3	3002242	1	0	0.0	0	0.0
E_11-12	CARB-8	3002247	1	0	0.0	0	0.0
E_11-12	CMY-2	3002013	1	1	1.0	1	1.0
E_11-12	CRP	3000518	4	0	0.0	0	0.0
E_11-12	CTX-M-15	3001878	1	0	0.0	0	0.0
E_11-12	Campylobacter coli chloramphenicol acetyltransferase	3004454	1	0	0.0	0	0.0
E_11-12	CblA-1	3002999	1	0	0.0	0	0.0
E_11-12	CfxA3	3003003	1	1	1.0	1	1.0
E_11-12	CfxA6	3003097	1	0	0.0	0	0.0
E_11-12	DHA-1	3002132	1	1	1.0	1	1.0
E_11-12	EC-15	3006876	1	0	0.0	0	0.0
E_11-12	EreA	3000361	1	0	0.0	0	0.0
E_11-12	EreB	3000363	1	1	1.0	1	1.0
E_11-12	EreD	3004608	2	0	0.0	0	0.0
E_11-12	Erm(51)	3007033	1	0	0.0	0	0.0
E_11-12	ErmB	3000375	1	1	1.0	1	1.0
E_11-12	ErmF	3000498	1	0	0.0	0	0.0
E_11-12	ErmQ	3000593	1	0	0.0	0	0.0
E_11-12	ErmT	3000595	2	2	1.0	2	1.0
E_11-12	ErmX	3000596	1	0	0.0	0	0.0
E_11-12	Escherichia coli AcrAB-TolC with AcrR mutation conferring resistance to ciprofloxacin, tetracycline, and ceftazidime	3003807	1	0	0.0	0	0.0
E_11-12	Escherichia coli AcrAB-TolC with MarR mutations conferring resistance to ciprofloxacin and tetracycline	3003378	3	1	0.3333333333333333	1	0.3333333333333333
E_11-12	Escherichia coli EF-Tu mutants conferring resistance to Pulvomycin	3003369	1	0	0.0	0	0.0
E_11-12	Escherichia coli GlpT with mutation conferring resistance to fosfomycin	3003889	1	0	0.0	0	0.0
E_11-12	Escherichia coli UhpT with mutation conferring resistance to fosfomycin	3003890	1	0	0.0	0	0.0
E_11-12	Escherichia coli acrA	3004043	1	0	0.0	0	0.0
E_11-12	Escherichia coli emrE	3004039	1	0	0.0	0	0.0
E_11-12	Escherichia coli mdfA	3001328	1	0	0.0	0	0.0
E_11-12	Escherichia coli soxR with mutation conferring antibiotic resistance	3003381	1	1	1.0	1	1.0
E_11-12	Escherichia coli soxS with mutation conferring antibiotic resistance	3003511	1	1	1.0	1	1.0
E_11-12	FosA8	3007371	3	0	0.0	0	0.0
E_11-12	FosG	3007368	1	0	0.0	0	0.0
E_11-12	FosXCC	3003208	4	0	0.0	0	0.0
E_11-12	GES-2	3002331	1	0	0.0	0	0.0
E_11-12	H-NS	3000676	2	0	0.0	0	0.0
E_11-12	Haemophilus influenzae PBP3 conferring resistance to beta-lactam antibiotics	3004446	2	0	0.0	0	0.0
E_11-12	ICR-Mo	3004569	2	0	0.0	0	0.0
E_11-12	IDC-1	3005012	1	0	0.0	0	0.0
E_11-12	KPC-2	3002312	1	0	0.0	0	0.0
E_11-12	Klebsiella pneumoniae KpnE	3004580	1	0	0.0	0	0.0
E_11-12	Klebsiella pneumoniae KpnF	3004583	1	0	0.0	0	0.0
E_11-12	Klebsiella pneumoniae KpnH	3004597	1	0	0.0	0	0.0
E_11-12	LHK-6	3006940	1	0	0.0	0	0.0
E_11-12	LnuH	3004600	2	0	0.0	0	0.0
E_11-12	MCR-3.16	3007260	1	0	0.0	0	0.0
E_11-12	MCR-5.1	3004332	1	1	1.0	1	1.0
E_11-12	MOX-9	3002191	1	0	0.0	0	0.0
E_11-12	Mef(En2)	3004659	1	1	1.0	1	1.0
E_11-12	Mrx	3003839	1	1	1.0	1	1.0
E_11-12	Mycobacterium tuberculosis intrinsic murA conferring resistance to fosfomycin	3003784	2	0	0.0	0	0.0
E_11-12	Mycobacterium tuberculosis rpsL mutations conferring resistance to Streptomycin	3003395	1	0	0.0	0	0.0
E_11-12	NPS-1	3004239	1	0	0.0	0	0.0
E_11-12	OXA-1	3001396	1	0	0.0	0	0.0
E_11-12	OXA-129	3001811	1	0	0.0	0	0.0
E_11-12	OXA-2	3001397	1	0	0.0	0	0.0
E_11-12	OXA-205	3001483	1	0	0.0	0	0.0
E_11-12	OXA-347	3001777	1	0	0.0	0	0.0
E_11-12	OXA-732	3005937	1	0	0.0	0	0.0
E_11-12	OXA-9	3001404	1	0	0.0	0	0.0
E_11-12	OXA-917	3006103	1	0	0.0	0	0.0
E_11-12	PAC-1	3005150	1	0	0.0	0	0.0
E_11-12	PER-3	3002365	1	1	1.0	1	1.0
E_11-12	PmrF	3003578	1	0	0.0	0	0.0
E_11-12	QnrB62	3002775	1	0	0.0	0	0.0
E_11-12	QnrD1	3002788	1	0	0.0	0	0.0
E_11-12	QnrS1	3002790	1	1	1.0	1	1.0
E_11-12	QnrS2	3002791	1	0	0.0	0	0.0
E_11-12	QnrVC1	3002799	1	0	0.0	0	0.0
E_11-12	QnrVC4	3002801	1	0	0.0	0	0.0
E_11-12	RSA-1	3004444	1	1	1.0	1	1.0
E_11-12	RbpA	3000245	2	0	0.0	0	0.0
E_11-12	SAT-4	3002897	1	0	0.0	0	0.0
E_11-12	VEB-19	3006214	1	0	0.0	0	0.0
E_11-12	VEB-3	3002372	1	0	0.0	0	0.0
E_11-12	YojI	3003952	1	0	0.0	0	0.0
E_11-12	aadA10	3004692	1	0	0.0	0	0.0
E_11-12	aadA16	3002616	1	0	0.0	0	0.0
E_11-12	aadA27	3004682	1	1	1.0	1	1.0
E_11-12	aadA5	3002605	1	0	0.0	0	0.0
E_11-12	aadA6	3002606	1	0	0.0	0	0.0
E_11-12	aadS	3004683	1	1	1.0	1	1.0
E_11-12	acrB	3000216	1	0	0.0	0	0.0
E_11-12	acrD	3000491	1	0	0.0	0	0.0
E_11-12	adeF	3000777	39	1	0.02564102564102564	1	0.02564102564102564
E_11-12	aphA15	3004675	1	0	0.0	0	0.0
E_11-12	arr-2	3002847	1	0	0.0	0	0.0
E_11-12	bacA	3002986	1	0	0.0	0	0.0
E_11-12	baeR	3000828	2	1	0.5	1	0.5
E_11-12	baeS	3000829	1	1	1.0	1	1.0
E_11-12	catB3	3002676	1	0	0.0	0	0.0
E_11-12	catB8	3002680	1	0	0.0	0	0.0
E_11-12	catQ	3002687	2	0	0.0	0	0.0
E_11-12	cmlA5	3002695	1	0	0.0	0	0.0
E_11-12	cmlA9	3005043	1	1	1.0	1	1.0
E_11-12	cpxA	3000830	1	0	0.0	0	0.0
E_11-12	dfrA1	3002854	1	1	1.0	1	1.0
E_11-12	dfrA14	3002859	1	1	1.0	1	1.0
E_11-12	dfrA15	3003013	1	1	1.0	1	1.0
E_11-12	dfrA17	3002860	1	0	0.0	0	0.0
E_11-12	dfrB2	3003021	1	0	0.0	0	0.0
E_11-12	dfrB5	3004549	1	1	1.0	1	1.0
E_11-12	dfrF	3002867	1	0	0.0	0	0.0
E_11-12	dfrG	3002868	1	1	1.0	1	1.0
E_11-12	emrA	3000027	1	1	1.0	1	1.0
E_11-12	emrB	3000074	1	1	1.0	1	1.0
E_11-12	emrR	3000516	4	1	0.25	1	0.25
E_11-12	emrY	3000254	1	0	0.0	0	0.0
E_11-12	eptA	3003576	1	1	1.0	1	1.0
E_11-12	evgA	3000832	1	0	0.0	0	0.0
E_11-12	evgS	3000833	1	0	0.0	0	0.0
E_11-12	floR	3002705	1	1	1.0	1	1.0
E_11-12	gadX	3000508	2	0	0.0	0	0.0
E_11-12	leuO	3003843	2	0	0.0	0	0.0
E_11-12	lnuB	3002836	1	1	1.0	1	1.0
E_11-12	lnuC	3002837	1	0	0.0	0	0.0
E_11-12	lsaE	3003206	1	0	0.0	0	0.0
E_11-12	marA	3000263	2	1	0.5	1	0.5
E_11-12	mcr-10.1	3007137	1	1	1.0	1	1.0
E_11-12	mdtA	3000792	1	1	1.0	1	1.0
E_11-12	mdtE	3000795	1	0	0.0	0	0.0
E_11-12	mdtF	3000796	1	0	0.0	0	0.0
E_11-12	mdtG	3001329	1	0	0.0	0	0.0
E_11-12	mdtH	3001216	1	0	0.0	0	0.0
E_11-12	mdtN	3003548	1	1	1.0	1	1.0
E_11-12	mdtO	3003549	1	1	1.0	1	1.0
E_11-12	mdtP	3003550	1	1	1.0	1	1.0
E_11-12	mefH	3007047	1	0	0.0	0	0.0
E_11-12	mefJ	3007049	1	0	0.0	0	0.0
E_11-12	mphA	3000316	1	1	1.0	1	1.0
E_11-12	mphE	3003741	1	1	1.0	1	1.0
E_11-12	mphG	3003742	2	0	0.0	0	0.0
E_11-12	msbA	3003950	2	0	0.0	0	0.0
E_11-12	msrE	3003109	1	1	1.0	1	1.0
E_11-12	nimA	3007104	2	0	0.0	0	0.0
E_11-12	nimB	3004655	1	0	0.0	0	0.0
E_11-12	nimE	3007107	2	1	0.5	1	0.5
E_11-12	nimG	3007109	2	0	0.0	0	0.0
E_11-12	nimJ	3007112	6	1	0.16666666666666666	1	0.16666666666666666
E_11-12	oqxA	3003922	1	0	0.0	0	0.0
E_11-12	patB	3000025	1	0	0.0	0	0.0
E_11-12	qacEdelta1	3005010	1	0	0.0	0	0.0
E_11-12	qacG	3007015	19	1	0.05263157894736842	1	0.05263157894736842
E_11-12	qacJ	3007014	17	1	0.058823529411764705	1	0.058823529411764705
E_11-12	qacL	3005098	1	0	0.0	0	0.0
E_11-12	rsmA	3005069	11	0	0.0	0	0.0
E_11-12	sul1	3000410	1	0	0.0	0	0.0
E_11-12	sul2	3000412	1	0	0.0	0	0.0
E_11-12	sul3	3000413	1	0	0.0	0	0.0
E_11-12	sul4	3004361	1	0	0.0	0	0.0
E_11-12	tet(32)	3000196	2	0	0.0	0	0.0
E_11-12	tet(36)	3000197	2	0	0.0	0	0.0
E_11-12	tet(39)	3000566	1	1	1.0	1	1.0
E_11-12	tet(40)	3000567	1	0	0.0	0	0.0
E_11-12	tet(44)	3000556	3	1	0.3333333333333333	1	0.3333333333333333
E_11-12	tet(A)	3000165	1	1	1.0	1	1.0
E_11-12	tet(C)	3000167	1	0	0.0	0	0.0
E_11-12	tet(M)	3000186	2	0	0.0	0	0.0
E_11-12	tet(O)	3000190	1	1	1.0	1	1.0
E_11-12	tet(Q)	3000191	6	0	0.0	0	0.0
E_11-12	tet(S)	3000192	1	0	0.0	0	0.0
E_11-12	tet(W)	3000194	1	0	0.0	0	0.0
E_11-12	tet(W/N/W)	3004442	2	1	0.5	1	0.5
E_11-12	tetB(P)	3000195	3	0	0.0	0	0.0
E_11-12	vanG	3002909	12	1	0.08333333333333333	1	0.08333333333333333
E_11-12	vanH gene in vanA cluster	3002942	1	0	0.0	0	0.0
E_11-12	vanH gene in vanB cluster	3002943	3	0	0.0	0	0.0
E_11-12	vanH gene in vanF cluster	3002945	2	0	0.0	0	0.0
E_11-12	vanH gene in vanM cluster	3002947	1	0	0.0	0	0.0
E_11-12	vanH gene in vanO cluster	3002948	5	0	0.0	0	0.0
E_11-12	vanT gene in vanE cluster	3002971	1	0	0.0	0	0.0
E_11-12	vanT gene in vanG cluster	3002972	93	2	0.021505376344086023	2	0.021505376344086023
E_11-12	vanU gene in vanG cluster	3004253	1	0	0.0	0	0.0
E_11-12	vanW gene in vanB cluster	3002964	1	0	0.0	0	0.0
E_11-12	vanW gene in vanG cluster	3002965	7	0	0.0	0	0.0
E_11-12	vanW gene in vanI cluster	3003724	54	0	0.0	0	0.0
E_11-12	vanXY gene in vanG cluster	3003069	1	1	1.0	1	1.0
E_11-12	vanY gene in vanA cluster	3002955	9	0	0.0	0	0.0
E_11-12	vanY gene in vanB cluster	3002956	63	1	0.015873015873015872	0	0.0
E_11-12	vanY gene in vanF cluster	3002958	8	0	0.0	0	0.0
E_11-12	vanY gene in vanG cluster	3002959	11	1	0.09090909090909091	0	0.0
E_11-12	vanY gene in vanM cluster	3002961	16	0	0.0	0	0.0
E_3-4	AAC(3)-IId	3004623	1	0	0.0	0	0.0
E_3-4	AAC(6')-Ie-APH(2'')-Ia bifunctional protein	3002597	1	0	0.0	0	0.0
E_3-4	ANT(2'')-Ia	3000230	1	1	1.0	1	1.0
E_3-4	ANT(6)-Ia	3002626	1	1	1.0	1	1.0
E_3-4	APH(3'')-Ib	3002639	1	0	0.0	0	0.0
E_3-4	APH(3')-Ib	3002642	1	1	1.0	1	1.0
E_3-4	APH(6)-Id	3002660	1	0	0.0	0	0.0
E_3-4	AcrE	3000499	1	0	0.0	0	0.0
E_3-4	AcrF	3000502	1	0	0.0	0	0.0
E_3-4	AcrS	3000656	1	0	0.0	0	0.0
E_3-4	ArnT	3005053	2	0	0.0	0	0.0
E_3-4	CARB-3	3002242	1	0	0.0	0	0.0
E_3-4	CMY-4	3002015	1	0	0.0	0	0.0
E_3-4	CRP	3000518	1	0	0.0	0	0.0
E_3-4	CfxA2	3003002	1	1	1.0	1	1.0
E_3-4	CfxA6	3003097	1	0	0.0	0	0.0
E_3-4	EC-15	3006876	1	0	0.0	0	0.0
E_3-4	EreA	3000361	1	0	0.0	0	0.0
E_3-4	EreB	3000363	1	1	1.0	1	1.0
E_3-4	EreD	3004608	2	0	0.0	0	0.0
E_3-4	ErmB	3000375	1	1	1.0	1	1.0
E_3-4	ErmT	3000595	1	0	0.0	0	0.0
E_3-4	ErmX	3000596	1	1	1.0	1	1.0
E_3-4	Escherichia coli AcrAB-TolC with AcrR mutation conferring resistance to ciprofloxacin, tetracycline, and ceftazidime	3003807	1	0	0.0	0	0.0
E_3-4	Escherichia coli AcrAB-TolC with MarR mutations conferring resistance to ciprofloxacin and tetracycline	3003378	2	1	0.5	1	0.5
E_3-4	Escherichia coli EF-Tu mutants conferring resistance to Pulvomycin	3003369	1	0	0.0	0	0.0
E_3-4	Escherichia coli GlpT with mutation conferring resistance to fosfomycin	3003889	1	0	0.0	0	0.0
E_3-4	Escherichia coli UhpT with mutation conferring resistance to fosfomycin	3003890	1	0	0.0	0	0.0
E_3-4	Escherichia coli acrA	3004043	1	0	0.0	0	0.0
E_3-4	Escherichia coli emrE	3004039	1	0	0.0	0	0.0
E_3-4	Escherichia coli mdfA	3001328	1	1	1.0	1	1.0
E_3-4	Escherichia coli soxR with mutation conferring antibiotic resistance	3003381	1	1	1.0	1	1.0
E_3-4	Escherichia coli soxS with mutation conferring antibiotic resistance	3003511	1	1	1.0	1	1.0
E_3-4	FosA8	3007371	3	0	0.0	0	0.0
E_3-4	FosG	3007368	1	0	0.0	0	0.0
E_3-4	FosXCC	3003208	1	0	0.0	0	0.0
E_3-4	GES-2	3002331	1	1	1.0	1	1.0
E_3-4	H-NS	3000676	1	0	0.0	0	0.0
E_3-4	Haemophilus influenzae PBP3 conferring resistance to beta-lactam antibiotics	3004446	1	0	0.0	0	0.0
E_3-4	IMP-34	3002225	1	1	1.0	1	1.0
E_3-4	Klebsiella pneumoniae KpnE	3004580	1	1	1.0	1	1.0
E_3-4	Klebsiella pneumoniae KpnF	3004583	1	1	1.0	1	1.0
E_3-4	LnuH	3004600	2	0	0.0	0	0.0
E_3-4	Mef(En2)	3004659	1	0	0.0	0	0.0
E_3-4	Mrx	3003839	1	1	1.0	1	1.0
E_3-4	Mycobacterium tuberculosis intrinsic murA conferring resistance to fosfomycin	3003784	1	0	0.0	0	0.0
E_3-4	Mycobacterium tuberculosis rpsL mutations conferring resistance to Streptomycin	3003395	2	0	0.0	0	0.0
E_3-4	NPS-1	3004239	1	0	0.0	0	0.0
E_3-4	OXA-1	3001396	1	0	0.0	0	0.0
E_3-4	OXA-10	3001405	1	0	0.0	0	0.0
E_3-4	OXA-119	3001775	1	0	0.0	0	0.0
E_3-4	OXA-129	3001811	1	0	0.0	0	0.0
E_3-4	OXA-2	3001397	1	0	0.0	0	0.0
E_3-4	OXA-347	3001777	1	0	0.0	0	0.0
E_3-4	OXA-464	3003620	1	0	0.0	0	0.0
E_3-4	OXA-5	3001400	1	1	1.0	1	1.0
E_3-4	OXA-504	3005734	1	0	0.0	0	0.0
E_3-4	OXA-732	3005937	1	0	0.0	0	0.0
E_3-4	OXA-9	3001404	1	0	0.0	0	0.0
E_3-4	OXA-932	3006115	1	0	0.0	0	0.0
E_3-4	PAU-1	3006964	1	1	1.0	1	1.0
E_3-4	PmrF	3003578	1	0	0.0	0	0.0
E_3-4	QnrS1	3002790	1	1	1.0	1	1.0
E_3-4	QnrS2	3002791	1	0	0.0	0	0.0
E_3-4	QnrVC1	3002799	1	0	0.0	0	0.0
E_3-4	QnrVC4	3002801	1	0	0.0	0	0.0
E_3-4	RSA-1	3004444	1	1	1.0	1	1.0
E_3-4	RSA-2	3004445	1	0	0.0	0	0.0
E_3-4	RbpA	3000245	2	0	0.0	0	0.0
E_3-4	SIM-2	3005494	1	0	0.0	0	0.0
E_3-4	Streptomyces rimosus otr(A)	3002891	1	0	0.0	0	0.0
E_3-4	VEB-1	3002370	1	0	0.0	0	0.0
E_3-4	VEB-19	3006214	2	0	0.0	0	0.0
E_3-4	YojI	3003952	1	0	0.0	0	0.0
E_3-4	aadA10	3004692	1	0	0.0	0	0.0
E_3-4	aadA3	3002603	1	0	0.0	0	0.0
E_3-4	aadA5	3002605	1	0	0.0	0	0.0
E_3-4	aadS	3004683	1	0	0.0	0	0.0
E_3-4	acrB	3000216	1	0	0.0	0	0.0
E_3-4	acrD	3000491	1	0	0.0	0	0.0
E_3-4	adeF	3000777	76	1	0.013157894736842105	1	0.013157894736842105
E_3-4	arr-2	3002847	2	0	0.0	0	0.0
E_3-4	arr-8	3002853	1	0	0.0	0	0.0
E_3-4	bacA	3002986	1	0	0.0	0	0.0
E_3-4	baeR	3000828	1	1	1.0	1	1.0
E_3-4	baeS	3000829	1	1	1.0	1	1.0
E_3-4	catB3	3002676	1	0	0.0	0	0.0
E_3-4	catB8	3002680	1	0	0.0	0	0.0
E_3-4	catQ	3002687	1	1	1.0	1	1.0
E_3-4	cmlA5	3002695	1	0	0.0	0	0.0
E_3-4	cmlA9	3005043	1	0	0.0	0	0.0
E_3-4	cpxA	3000830	1	0	0.0	0	0.0
E_3-4	dfrA1	3002854	1	1	1.0	1	1.0
E_3-4	dfrA14	3002859	1	1	1.0	1	1.0
E_3-4	emrA	3000027	1	1	1.0	1	1.0
E_3-4	emrB	3000074	1	1	1.0	1	1.0
E_3-4	emrR	3000516	1	1	1.0	1	1.0
E_3-4	emrY	3000254	1	0	0.0	0	0.0
E_3-4	eptA	3003576	1	1	1.0	1	1.0
E_3-4	evgA	3000832	1	0	0.0	0	0.0
E_3-4	evgS	3000833	1	0	0.0	0	0.0
E_3-4	gadX	3000508	1	0	0.0	0	0.0
E_3-4	leuO	3003843	1	0	0.0	0	0.0
E_3-4	lnuB	3002836	1	1	1.0	1	1.0
E_3-4	lsaE	3003206	1	1	1.0	1	1.0
E_3-4	marA	3000263	2	1	0.5	1	0.5
E_3-4	mdtB	3000793	1	1	1.0	1	1.0
E_3-4	mdtC	3000794	1	1	1.0	1	1.0
E_3-4	mdtE	3000795	1	0	0.0	0	0.0
E_3-4	mdtF	3000796	1	0	0.0	0	0.0
E_3-4	mdtG	3001329	1	0	0.0	0	0.0
E_3-4	mdtH	3001216	1	0	0.0	0	0.0
E_3-4	mdtM	3001214	1	0	0.0	0	0.0
E_3-4	mdtN	3003548	1	1	1.0	1	1.0
E_3-4	mdtO	3003549	1	1	1.0	1	1.0
E_3-4	mdtP	3003550	1	1	1.0	1	1.0
E_3-4	mphA	3000316	1	1	1.0	1	1.0
E_3-4	mphE	3003741	1	0	0.0	0	0.0
E_3-4	mphF	3003071	1	1	1.0	1	1.0
E_3-4	mphG	3003742	3	0	0.0	0	0.0
E_3-4	msbA	3003950	1	0	0.0	0	0.0
E_3-4	nimA	3007104	3	0	0.0	0	0.0
E_3-4	nimB	3004655	1	0	0.0	0	0.0
E_3-4	nimE	3007107	3	1	0.3333333333333333	1	0.3333333333333333
E_3-4	nimG	3007109	2	0	0.0	0	0.0
E_3-4	nimJ	3007112	1	1	1.0	1	1.0
E_3-4	qacG	3007015	15	3	0.2	3	0.2
E_3-4	qacJ	3007014	16	0	0.0	0	0.0
E_3-4	qacL	3005098	2	0	0.0	0	0.0
E_3-4	rsmA	3005069	3	0	0.0	0	0.0
E_3-4	sul1	3000410	1	0	0.0	0	0.0
E_3-4	sul2	3000412	1	0	0.0	0	0.0
E_3-4	sul4	3004361	1	0	0.0	0	0.0
E_3-4	tet(32)	3000196	1	0	0.0	0	0.0
E_3-4	tet(36)	3000197	1	1	1.0	1	1.0
E_3-4	tet(39)	3000566	1	1	1.0	1	1.0
E_3-4	tet(40)	3000567	1	0	0.0	0	0.0
E_3-4	tet(A)	3000165	1	0	0.0	0	0.0
E_3-4	tet(M)	3000186	1	0	0.0	0	0.0
E_3-4	tet(O)	3000190	2	0	0.0	0	0.0
E_3-4	tet(Q)	3000191	3	1	0.3333333333333333	1	0.3333333333333333
E_3-4	tet(W)	3000194	1	0	0.0	0	0.0
E_3-4	tet(X)	3000205	1	0	0.0	0	0.0
E_3-4	tetB(P)	3000195	2	0	0.0	0	0.0
E_3-4	vanG	3002909	2	0	0.0	0	0.0
E_3-4	vanH gene in vanA cluster	3002942	2	0	0.0	0	0.0
E_3-4	vanH gene in vanB cluster	3002943	3	0	0.0	0	0.0
E_3-4	vanH gene in vanF cluster	3002945	2	0	0.0	0	0.0
E_3-4	vanH gene in vanO cluster	3002948	4	0	0.0	0	0.0
E_3-4	vanT gene in vanG cluster	3002972	112	0	0.0	0	0.0
E_3-4	vanW gene in vanB cluster	3002964	4	0	0.0	0	0.0
E_3-4	vanW gene in vanG cluster	3002965	18	0	0.0	0	0.0
E_3-4	vanW gene in vanI cluster	3003724	145	0	0.0	0	0.0
E_3-4	vanY gene in vanA cluster	3002955	13	0	0.0	0	0.0
E_3-4	vanY gene in vanB cluster	3002956	43	0	0.0	0	0.0
E_3-4	vanY gene in vanF cluster	3002958	5	0	0.0	0	0.0
E_3-4	vanY gene in vanG cluster	3002959	14	0	0.0	0	0.0
E_3-4	vanY gene in vanM cluster	3002961	27	0	0.0	0	0.0
E_5-6	AAC(3)-IId	3004623	1	1	1.0	1	1.0
E_5-6	AAC(6')-IIa	3002594	1	0	0.0	0	0.0
E_5-6	AAC(6')-IIc	3002596	2	0	0.0	0	0.0
E_5-6	AAC(6')-Ib9	3002580	1	0	0.0	0	0.0
E_5-6	AAC(6')-Ie-APH(2'')-Ia bifunctional protein	3002597	1	0	0.0	0	0.0
E_5-6	AAC(6')-Iid	3002589	1	0	0.0	0	0.0
E_5-6	ACI-1	3004359	1	0	0.0	0	0.0
E_5-6	ACT-8	3001831	2	0	0.0	0	0.0
E_5-6	ANT(3'')-IIa	3004089	1	0	0.0	0	0.0
E_5-6	ANT(3'')-IIc	3004091	3	1	0.3333333333333333	1	0.3333333333333333
E_5-6	ANT(6)-Ia	3002626	1	0	0.0	0	0.0
E_5-6	APH(2'')-Ie	3002634	1	0	0.0	0	0.0
E_5-6	APH(3'')-Ib	3002639	1	1	1.0	1	1.0
E_5-6	APH(3')-IIIa	3002647	1	0	0.0	0	0.0
E_5-6	APH(3')-Ia	3002641	1	0	0.0	0	0.0
E_5-6	APH(3')-Ib	3002642	1	1	1.0	1	1.0
E_5-6	APH(3')-VIa	3002652	1	0	0.0	0	0.0
E_5-6	APH(6)-Id	3002660	1	1	1.0	1	1.0
E_5-6	AcrE	3000499	1	0	0.0	0	0.0
E_5-6	AcrF	3000502	1	0	0.0	0	0.0
E_5-6	AcrS	3000656	1	0	0.0	0	0.0
E_5-6	ArnT	3005053	10	0	0.0	0	0.0
E_5-6	Bifidobacterium adolescentis rpoB mutants conferring resistance to rifampicin	3004480	1	0	0.0	0	0.0
E_5-6	CARB-3	3002242	1	0	0.0	0	0.0
E_5-6	CARB-4	3002243	1	0	0.0	0	0.0
E_5-6	CARB-8	3002247	1	1	1.0	1	1.0
E_5-6	CMY-4	3002015	1	0	0.0	0	0.0
E_5-6	CMY-8	3002019	1	0	0.0	0	0.0
E_5-6	CRP	3000518	4	0	0.0	0	0.0
E_5-6	CTX-M-15	3001878	1	0	0.0	0	0.0
E_5-6	Campylobacter coli chloramphenicol acetyltransferase	3004454	1	0	0.0	0	0.0
E_5-6	CblA-1	3002999	1	0	0.0	0	0.0
E_5-6	CfxA3	3003003	1	1	1.0	1	1.0
E_5-6	CfxA6	3003097	1	0	0.0	0	0.0
E_5-6	Clostridioides difficile gyrB conferring resistance to fluoroquinolones	3004562	1	0	0.0	0	0.0
E_5-6	DHA-1	3002132	1	1	1.0	1	1.0
E_5-6	EC-14	3006875	1	0	0.0	0	0.0
E_5-6	EreA	3000361	1	0	0.0	0	0.0
E_5-6	EreA2	3002826	1	0	0.0	0	0.0
E_5-6	EreB	3000363	2	1	0.5	1	0.5
E_5-6	Erm(35)	3000604	2	0	0.0	0	0.0
E_5-6	Erm(47)	3003908	1	0	0.0	0	0.0
E_5-6	Erm(51)	3007033	1	1	1.0	1	1.0
E_5-6	ErmB	3000375	1	0	0.0	0	0.0
E_5-6	ErmC	3000250	1	1	1.0	1	1.0
E_5-6	ErmF	3000498	1	0	0.0	0	0.0
E_5-6	ErmG	3000522	2	0	0.0	0	0.0
E_5-6	ErmQ	3000593	1	0	0.0	0	0.0
E_5-6	ErmT	3000595	2	2	1.0	2	1.0
E_5-6	ErmX	3000596	1	1	1.0	1	1.0
E_5-6	Escherichia coli AcrAB-TolC with AcrR mutation conferring resistance to ciprofloxacin, tetracycline, and ceftazidime	3003807	1	0	0.0	0	0.0
E_5-6	Escherichia coli AcrAB-TolC with MarR mutations conferring resistance to ciprofloxacin and tetracycline	3003378	4	1	0.25	1	0.25
E_5-6	Escherichia coli EF-Tu mutants conferring resistance to Pulvomycin	3003369	4	0	0.0	0	0.0
E_5-6	Escherichia coli acrA	3004043	1	0	0.0	0	0.0
E_5-6	Escherichia coli emrE	3004039	1	0	0.0	0	0.0
E_5-6	Escherichia coli mdfA	3001328	1	0	0.0	0	0.0
E_5-6	Escherichia coli soxR with mutation conferring antibiotic resistance	3003381	1	1	1.0	1	1.0
E_5-6	Escherichia coli soxS with mutation conferring antibiotic resistance	3003511	2	1	0.5	1	0.5
E_5-6	FosA2	3002804	1	0	0.0	0	0.0
E_5-6	FosA6	3004111	1	0	0.0	0	0.0
E_5-6	FosA8	3007371	2	0	0.0	0	0.0
E_5-6	FosG	3007368	2	0	0.0	0	0.0
E_5-6	FosI	3007370	2	0	0.0	0	0.0
E_5-6	GES-1	3002330	1	0	0.0	0	0.0
E_5-6	H-NS	3000676	8	0	0.0	0	0.0
E_5-6	Haemophilus influenzae PBP3 conferring resistance to beta-lactam antibiotics	3004446	1	0	0.0	0	0.0
E_5-6	ICR-Mo	3004569	4	0	0.0	0	0.0
E_5-6	KPC-2	3002312	1	1	1.0	1	1.0
E_5-6	Klebsiella pneumoniae KpnE	3004580	4	0	0.0	0	0.0
E_5-6	Klebsiella pneumoniae KpnF	3004583	7	0	0.0	0	0.0
E_5-6	Klebsiella pneumoniae KpnG	3004588	2	1	0.5	1	0.5
E_5-6	Klebsiella pneumoniae KpnH	3004597	5	0	0.0	0	0.0
E_5-6	LHK-6	3006940	1	0	0.0	0	0.0
E_5-6	LnuH	3004600	1	0	0.0	0	0.0
E_5-6	MCR-5.1	3004332	1	1	1.0	1	1.0
E_5-6	MCR-9.1	3004684	1	0	0.0	0	0.0
E_5-6	MIR-20	3006860	1	0	0.0	0	0.0
E_5-6	MOX-9	3002191	1	0	0.0	0	0.0
E_5-6	Mef(En2)	3004659	1	0	0.0	0	0.0
E_5-6	Mrx	3003839	1	1	1.0	1	1.0
E_5-6	Mycobacterium tuberculosis rpsL mutations conferring resistance to Streptomycin	3003395	3	0	0.0	0	0.0
E_5-6	NPS-1	3004239	1	1	1.0	1	1.0
E_5-6	OXA-10	3001405	1	1	1.0	1	1.0
E_5-6	OXA-119	3001775	1	0	0.0	0	0.0
E_5-6	OXA-181	3001784	1	0	0.0	0	0.0
E_5-6	OXA-205	3001483	1	1	1.0	1	1.0
E_5-6	OXA-21	3001416	1	1	1.0	1	1.0
E_5-6	OXA-347	3001777	1	0	0.0	0	0.0
E_5-6	OXA-46	3001797	1	0	0.0	0	0.0
E_5-6	OXA-5	3001400	1	0	0.0	0	0.0
E_5-6	OXA-504	3005734	2	0	0.0	0	0.0
E_5-6	OXA-726	3005931	1	0	0.0	0	0.0
E_5-6	OXA-732	3005937	1	0	0.0	0	0.0
E_5-6	OXA-917	3006103	1	0	0.0	0	0.0
E_5-6	OmpA	3005044	1	0	0.0	0	0.0
E_5-6	PAC-1	3005150	1	0	0.0	0	0.0
E_5-6	PAU-1	3006964	1	0	0.0	0	0.0
E_5-6	PER-3	3002365	1	0	0.0	0	0.0
E_5-6	PmrF	3003578	2	1	0.5	0	0.0
E_5-6	QnrB6	3002720	1	0	0.0	0	0.0
E_5-6	QnrD1	3002788	1	0	0.0	0	0.0
E_5-6	QnrS1	3002790	1	1	1.0	1	1.0
E_5-6	QnrS2	3002791	1	0	0.0	0	0.0
E_5-6	QnrVC1	3002799	1	1	1.0	1	1.0
E_5-6	QnrVC4	3002801	1	0	0.0	0	0.0
E_5-6	RSA-1	3004444	1	0	0.0	0	0.0
E_5-6	RSD2-2	3006983	1	0	0.0	0	0.0
E_5-6	SAT-4	3002897	1	0	0.0	0	0.0
E_5-6	SHV-1	3001059	1	1	1.0	1	1.0
E_5-6	VEB-19	3006214	1	0	0.0	0	0.0
E_5-6	VEB-3	3002372	1	0	0.0	0	0.0
E_5-6	YajC	3005040	1	0	0.0	0	0.0
E_5-6	YojI	3003952	1	0	0.0	0	0.0
E_5-6	aad(6)	3002628	1	0	0.0	0	0.0
E_5-6	aadA10	3004692	1	0	0.0	0	0.0
E_5-6	aadA16	3002616	1	0	0.0	0	0.0
E_5-6	aadA27	3004682	2	1	0.5	1	0.5
E_5-6	aadA5	3002605	1	0	0.0	0	0.0
E_5-6	aadA6	3002606	1	0	0.0	0	0.0
E_5-6	aadS	3004683	1	0	0.0	0	0.0
E_5-6	acrB	3000216	1	0	0.0	0	0.0
E_5-6	adeF	3000777	55	3	0.05454545454545454	3	0.05454545454545454
E_5-6	aphA15	3004675	1	0	0.0	0	0.0
E_5-6	arr-8	3002853	1	0	0.0	0	0.0
E_5-6	bacA	3002986	1	0	0.0	0	0.0
E_5-6	baeR	3000828	4	1	0.25	1	0.25
E_5-6	baeS	3000829	2	1	0.5	1	0.5
E_5-6	catB10	3003110	1	0	0.0	0	0.0
E_5-6	catB3	3002676	1	1	1.0	1	1.0
E_5-6	catI	3002683	1	0	0.0	0	0.0
E_5-6	catQ	3002687	2	0	0.0	0	0.0
E_5-6	cmlA5	3002695	1	1	1.0	1	1.0
E_5-6	cmlA9	3005043	1	1	1.0	1	1.0
E_5-6	cmx	3002703	1	1	1.0	1	1.0
E_5-6	cpxA	3000830	1	0	0.0	0	0.0
E_5-6	dfrA1	3002854	1	1	1.0	1	1.0
E_5-6	dfrA12	3002858	1	0	0.0	0	0.0
E_5-6	dfrA14	3002859	1	1	1.0	1	1.0
E_5-6	dfrA15	3003013	1	1	1.0	1	1.0
E_5-6	dfrA17	3002860	1	0	0.0	0	0.0
E_5-6	dfrA19	3003015	1	0	0.0	0	0.0
E_5-6	dfrA23	3003019	1	0	0.0	0	0.0
E_5-6	dfrB2	3003021	1	1	1.0	1	1.0
E_5-6	dfrB5	3004549	1	0	0.0	0	0.0
E_5-6	dfrG	3002868	1	1	1.0	1	1.0
E_5-6	emrA	3000027	1	1	1.0	1	1.0
E_5-6	emrB	3000074	3	1	0.3333333333333333	1	0.3333333333333333
E_5-6	emrR	3000516	6	2	0.3333333333333333	2	0.3333333333333333
E_5-6	emrY	3000254	1	0	0.0	0	0.0
E_5-6	eptA	3003576	1	0	0.0	0	0.0
E_5-6	eptB	3005047	1	1	1.0	1	1.0
E_5-6	evgA	3000832	1	0	0.0	0	0.0
E_5-6	evgS	3000833	1	0	0.0	0	0.0
E_5-6	fexA	3002704	1	0	0.0	0	0.0
E_5-6	floR	3002705	1	1	1.0	1	1.0
E_5-6	fosA5	3003209	2	0	0.0	0	0.0
E_5-6	gadX	3000508	2	0	0.0	0	0.0
E_5-6	kdpE	3003841	1	1	1.0	1	1.0
E_5-6	leuO	3003843	4	0	0.0	0	0.0
E_5-6	lmrD	3002882	1	0	0.0	0	0.0
E_5-6	lnuA	3002835	1	1	1.0	1	1.0
E_5-6	lnuB	3002836	1	1	1.0	1	1.0
E_5-6	lnuC	3002837	1	0	0.0	0	0.0
E_5-6	lsaE	3003206	1	0	0.0	0	0.0
E_5-6	marA	3000263	5	1	0.2	1	0.2
E_5-6	mcr-10.1	3007137	1	1	1.0	1	1.0
E_5-6	mdeA	3007011	1	0	0.0	0	0.0
E_5-6	mdtA	3000792	1	1	1.0	1	1.0
E_5-6	mdtB	3000793	1	1	1.0	1	1.0
E_5-6	mdtC	3000794	1	1	1.0	1	1.0
E_5-6	mdtE	3000795	1	0	0.0	0	0.0
E_5-6	mdtF	3000796	1	0	0.0	0	0.0
E_5-6	mdtG	3001329	2	0	0.0	0	0.0
E_5-6	mdtH	3001216	1	0	0.0	0	0.0
E_5-6	mdtM	3001214	2	0	0.0	0	0.0
E_5-6	mdtN	3003548	1	0	0.0	0	0.0
E_5-6	mdtP	3003550	1	0	0.0	0	0.0
E_5-6	mefH	3007047	1	0	0.0	0	0.0
E_5-6	mefJ	3007049	1	1	1.0	1	1.0
E_5-6	mphA	3000316	1	1	1.0	1	1.0
E_5-6	mphE	3003741	1	0	0.0	0	0.0
E_5-6	mphF	3003071	1	1	1.0	1	1.0
E_5-6	mphG	3003742	2	0	0.0	0	0.0
E_5-6	msbA	3003950	3	0	0.0	0	0.0
E_5-6	msrE	3003109	1	0	0.0	0	0.0
E_5-6	nimA	3007104	4	0	0.0	0	0.0
E_5-6	nimB	3004655	2	0	0.0	0	0.0
E_5-6	nimE	3007107	3	1	0.3333333333333333	1	0.3333333333333333
E_5-6	nimG	3007109	5	1	0.2	1	0.2
E_5-6	nimI	3007111	1	0	0.0	0	0.0
E_5-6	nimJ	3007112	7	0	0.0	0	0.0
E_5-6	oqxA	3003922	1	0	0.0	0	0.0
E_5-6	patB	3000025	1	0	0.0	0	0.0
E_5-6	qacG	3007015	32	2	0.0625	2	0.0625
E_5-6	qacJ	3007014	20	0	0.0	0	0.0
E_5-6	qacL	3005098	1	1	1.0	1	1.0
E_5-6	ramA	3000823	1	0	0.0	0	0.0
E_5-6	rsmA	3005069	20	0	0.0	0	0.0
E_5-6	sul2	3000412	1	0	0.0	0	0.0
E_5-6	sul3	3000413	1	1	1.0	1	1.0
E_5-6	sul4	3004361	1	0	0.0	0	0.0
E_5-6	tet(32)	3000196	2	1	0.5	1	0.5
E_5-6	tet(33)	3000478	1	1	1.0	1	1.0
E_5-6	tet(36)	3000197	3	0	0.0	0	0.0
E_5-6	tet(40)	3000567	1	1	1.0	1	1.0
E_5-6	tet(44)	3000556	2	0	0.0	0	0.0
E_5-6	tet(45)	3003196	1	1	1.0	1	1.0
E_5-6	tet(A)	3000165	1	1	1.0	1	1.0
E_5-6	tet(B)	3000166	1	1	1.0	1	1.0
E_5-6	tet(C)	3000167	1	0	0.0	0	0.0
E_5-6	tet(M)	3000186	2	0	0.0	0	0.0
E_5-6	tet(O)	3000190	2	0	0.0	0	0.0
E_5-6	tet(Q)	3000191	6	1	0.16666666666666666	1	0.16666666666666666
E_5-6	tet(S)	3000192	1	0	0.0	0	0.0
E_5-6	tet(W)	3000194	1	1	1.0	1	1.0
E_5-6	tetB(P)	3000195	2	1	0.5	1	0.5
E_5-6	tetR	3003479	1	1	1.0	1	1.0
E_5-6	vanG	3002909	21	1	0.047619047619047616	1	0.047619047619047616
E_5-6	vanH gene in vanA cluster	3002942	2	0	0.0	0	0.0
E_5-6	vanH gene in vanB cluster	3002943	3	0	0.0	0	0.0
E_5-6	vanH gene in vanD cluster	3002944	1	0	0.0	0	0.0
E_5-6	vanH gene in vanF cluster	3002945	3	0	0.0	0	0.0
E_5-6	vanH gene in vanM cluster	3002947	1	0	0.0	0	0.0
E_5-6	vanH gene in vanO cluster	3002948	8	0	0.0	0	0.0
E_5-6	vanT gene in vanE cluster	3002971	2	0	0.0	0	0.0
E_5-6	vanT gene in vanG cluster	3002972	85	1	0.011764705882352941	1	0.011764705882352941
E_5-6	vanTr gene in vanL cluster	3002974	1	0	0.0	0	0.0
E_5-6	vanU gene in vanG cluster	3004253	1	0	0.0	0	0.0
E_5-6	vanW gene in vanG cluster	3002965	10	0	0.0	0	0.0
E_5-6	vanW gene in vanI cluster	3003724	49	1	0.02040816326530612	1	0.02040816326530612
E_5-6	vanXY gene in vanG cluster	3003069	1	1	1.0	1	1.0
E_5-6	vanY gene in vanA cluster	3002955	5	0	0.0	0	0.0
E_5-6	vanY gene in vanB cluster	3002956	43	2	0.046511627906976744	2	0.046511627906976744
E_5-6	vanY gene in vanF cluster	3002958	10	0	0.0	0	0.0
E_5-6	vanY gene in vanG cluster	3002959	12	1	0.08333333333333333	0	0.0
E_5-6	vanY gene in vanM cluster	3002961	12	0	0.0	0	0.0
E_7-8	AAC(3)-IId	3004623	1	0	0.0	0	0.0
E_7-8	AAC(6')-IIa	3002594	1	0	0.0	0	0.0
E_7-8	AAC(6')-IIc	3002596	1	0	0.0	0	0.0
E_7-8	ACT-18	3001839	1	0	0.0	0	0.0
E_7-8	ANT(2'')-Ia	3000230	1	1	1.0	1	1.0
E_7-8	ANT(6)-Ia	3002626	1	1	1.0	1	1.0
E_7-8	APH(2'')-Ie	3002634	1	0	0.0	0	0.0
E_7-8	APH(3'')-Ib	3002639	1	1	1.0	1	1.0
E_7-8	APH(3')-Ib	3002642	1	1	1.0	1	1.0
E_7-8	APH(6)-Id	3002660	1	1	1.0	1	1.0
E_7-8	AcrE	3000499	1	0	0.0	0	0.0
E_7-8	AcrF	3000502	1	0	0.0	0	0.0
E_7-8	AcrS	3000656	1	0	0.0	0	0.0
E_7-8	ArnT	3005053	2	0	0.0	0	0.0
E_7-8	CMY-4	3002015	1	1	1.0	1	1.0
E_7-8	CRP	3000518	2	0	0.0	0	0.0
E_7-8	CTX-M-15	3001878	1	0	0.0	0	0.0
E_7-8	CblA-1	3002999	1	0	0.0	0	0.0
E_7-8	CfxA2	3003002	1	1	1.0	1	1.0
E_7-8	CfxA6	3003097	1	0	0.0	0	0.0
E_7-8	EC-13	3006874	1	0	0.0	0	0.0
E_7-8	EreA	3000361	1	0	0.0	0	0.0
E_7-8	EreA2	3002826	1	0	0.0	0	0.0
E_7-8	EreB	3000363	1	0	0.0	0	0.0
E_7-8	EreD	3004608	1	0	0.0	0	0.0
E_7-8	ErmB	3000375	1	1	1.0	1	1.0
E_7-8	ErmF	3000498	1	0	0.0	0	0.0
E_7-8	ErmT	3000595	1	0	0.0	0	0.0
E_7-8	ErmX	3000596	1	1	1.0	1	1.0
E_7-8	Escherichia coli AcrAB-TolC with AcrR mutation conferring resistance to ciprofloxacin, tetracycline, and ceftazidime	3003807	1	0	0.0	0	0.0
E_7-8	Escherichia coli AcrAB-TolC with MarR mutations conferring resistance to ciprofloxacin and tetracycline	3003378	2	0	0.0	0	0.0
E_7-8	Escherichia coli EF-Tu mutants conferring resistance to Pulvomycin	3003369	2	0	0.0	0	0.0
E_7-8	Escherichia coli GlpT with mutation conferring resistance to fosfomycin	3003889	1	0	0.0	0	0.0
E_7-8	Escherichia coli UhpT with mutation conferring resistance to fosfomycin	3003890	1	0	0.0	0	0.0
E_7-8	Escherichia coli acrA	3004043	1	0	0.0	0	0.0
E_7-8	Escherichia coli emrE	3004039	1	0	0.0	0	0.0
E_7-8	Escherichia coli mdfA	3001328	1	0	0.0	0	0.0
E_7-8	Escherichia coli soxR with mutation conferring antibiotic resistance	3003381	1	1	1.0	1	1.0
E_7-8	Escherichia coli soxS with mutation conferring antibiotic resistance	3003511	1	1	1.0	1	1.0
E_7-8	FosA2	3002804	1	0	0.0	0	0.0
E_7-8	FosA6	3004111	1	1	1.0	1	1.0
E_7-8	FosA8	3007371	1	0	0.0	0	0.0
E_7-8	FosG	3007368	1	0	0.0	0	0.0
E_7-8	FosXCC	3003208	3	0	0.0	0	0.0
E_7-8	GES-1	3002330	1	1	1.0	1	1.0
E_7-8	H-NS	3000676	1	0	0.0	0	0.0
E_7-8	Haemophilus influenzae PBP3 conferring resistance to beta-lactam antibiotics	3004446	2	0	0.0	0	0.0
E_7-8	ICR-Mo	3004569	1	0	0.0	0	0.0
E_7-8	IMP-1	3002192	1	0	0.0	0	0.0
E_7-8	Klebsiella pneumoniae KpnE	3004580	2	0	0.0	0	0.0
E_7-8	Klebsiella pneumoniae KpnF	3004583	1	0	0.0	0	0.0
E_7-8	LHK-6	3006940	1	0	0.0	0	0.0
E_7-8	LnuH	3004600	2	0	0.0	0	0.0
E_7-8	Mef(En2)	3004659	1	1	1.0	1	1.0
E_7-8	Mrx	3003839	1	1	1.0	1	1.0
E_7-8	Mycobacterium tuberculosis intrinsic murA conferring resistance to fosfomycin	3003784	2	0	0.0	0	0.0
E_7-8	NPS-1	3004239	1	0	0.0	0	0.0
E_7-8	OXA-1	3001396	1	1	1.0	1	1.0
E_7-8	OXA-10	3001405	1	1	1.0	1	1.0
E_7-8	OXA-205	3001483	1	0	0.0	0	0.0
E_7-8	OXA-347	3001777	1	0	0.0	0	0.0
E_7-8	OXA-5	3001400	1	0	0.0	0	0.0
E_7-8	OXA-504	3005734	1	0	0.0	0	0.0
E_7-8	OXA-662	3005877	1	0	0.0	0	0.0
E_7-8	OXA-732	3005937	1	1	1.0	1	1.0
E_7-8	OXA-9	3001404	1	0	0.0	0	0.0
E_7-8	OmpA	3005044	1	0	0.0	0	0.0
E_7-8	PAU-1	3006964	1	0	0.0	0	0.0
E_7-8	PmrF	3003578	1	0	0.0	0	0.0
E_7-8	QnrS1	3002790	1	1	1.0	1	1.0
E_7-8	QnrS2	3002791	1	1	1.0	1	1.0
E_7-8	QnrVC1	3002799	1	1	1.0	1	1.0
E_7-8	QnrVC4	3002801	1	0	0.0	0	0.0
E_7-8	RSA-1	3004444	1	1	1.0	1	1.0
E_7-8	RSA-2	3004445	1	0	0.0	0	0.0
E_7-8	RbpA	3000245	2	0	0.0	0	0.0
E_7-8	VEB-19	3006214	1	0	0.0	0	0.0
E_7-8	VEB-9	3002378	1	1	1.0	1	1.0
E_7-8	YojI	3003952	1	0	0.0	0	0.0
E_7-8	aadA	3002601	1	1	1.0	1	1.0
E_7-8	aadA16	3002616	1	0	0.0	0	0.0
E_7-8	aadA6	3002606	1	0	0.0	0	0.0
E_7-8	acrB	3000216	1	0	0.0	0	0.0
E_7-8	acrD	3000491	1	0	0.0	0	0.0
E_7-8	adeF	3000777	69	0	0.0	0	0.0
E_7-8	aphA15	3004675	1	1	1.0	1	1.0
E_7-8	bacA	3002986	1	0	0.0	0	0.0
E_7-8	baeR	3000828	1	1	1.0	1	1.0
E_7-8	baeS	3000829	1	1	1.0	1	1.0
E_7-8	catB3	3002676	1	0	0.0	0	0.0
E_7-8	catQ	3002687	1	1	1.0	1	1.0
E_7-8	cmlA5	3002695	1	0	0.0	0	0.0
E_7-8	cmlA9	3005043	1	1	1.0	1	1.0
E_7-8	cpxA	3000830	1	0	0.0	0	0.0
E_7-8	dfrA1	3002854	1	1	1.0	1	1.0
E_7-8	dfrA14	3002859	1	1	1.0	1	1.0
E_7-8	dfrA15	3003013	1	1	1.0	1	1.0
E_7-8	dfrA23	3003019	1	0	0.0	0	0.0
E_7-8	dfrA27	3004550	1	0	0.0	0	0.0
E_7-8	dfrB4	3004498	1	0	0.0	0	0.0
E_7-8	dfrB5	3004549	1	0	0.0	0	0.0
E_7-8	emrA	3000027	1	0	0.0	0	0.0
E_7-8	emrB	3000074	1	0	0.0	0	0.0
E_7-8	emrR	3000516	2	0	0.0	0	0.0
E_7-8	emrY	3000254	1	1	1.0	1	1.0
E_7-8	eptA	3003576	1	0	0.0	0	0.0
E_7-8	evgA	3000832	1	1	1.0	1	1.0
E_7-8	evgS	3000833	1	1	1.0	1	1.0
E_7-8	gadX	3000508	1	0	0.0	0	0.0
E_7-8	leuO	3003843	1	0	0.0	0	0.0
E_7-8	lnuB	3002836	1	1	1.0	1	1.0
E_7-8	lnuC	3002837	1	0	0.0	0	0.0
E_7-8	lsaE	3003206	1	1	1.0	1	1.0
E_7-8	marA	3000263	2	0	0.0	0	0.0
E_7-8	mdtA	3000792	1	1	1.0	1	1.0
E_7-8	mdtB	3000793	1	1	1.0	1	1.0
E_7-8	mdtC	3000794	1	1	1.0	1	1.0
E_7-8	mdtE	3000795	1	0	0.0	0	0.0
E_7-8	mdtF	3000796	1	0	0.0	0	0.0
E_7-8	mdtG	3001329	1	0	0.0	0	0.0
E_7-8	mdtH	3001216	1	0	0.0	0	0.0
E_7-8	mdtN	3003548	1	1	1.0	1	1.0
E_7-8	mdtO	3003549	1	1	1.0	1	1.0
E_7-8	mdtP	3003550	1	1	1.0	1	1.0
E_7-8	mphA	3000316	1	1	1.0	1	1.0
E_7-8	mphE	3003741	1	1	1.0	1	1.0
E_7-8	mphG	3003742	2	0	0.0	0	0.0
E_7-8	msbA	3003950	1	0	0.0	0	0.0
E_7-8	msrE	3003109	1	1	1.0	1	1.0
E_7-8	nimA	3007104	1	0	0.0	0	0.0
E_7-8	nimB	3004655	1	0	0.0	0	0.0
E_7-8	nimE	3007107	2	1	0.5	1	0.5
E_7-8	nimG	3007109	2	0	0.0	0	0.0
E_7-8	nimJ	3007112	4	1	0.25	1	0.25
E_7-8	poxtA	3004470	1	0	0.0	0	0.0
E_7-8	qacG	3007015	22	5	0.22727272727272727	5	0.22727272727272727
E_7-8	qacJ	3007014	17	0	0.0	0	0.0
E_7-8	qacL	3005098	2	0	0.0	0	0.0
E_7-8	rsmA	3005069	11	1	0.09090909090909091	0	0.0
E_7-8	sdrM	3007013	2	0	0.0	0	0.0
E_7-8	sul4	3004361	1	0	0.0	0	0.0
E_7-8	tet(32)	3000196	1	1	1.0	1	1.0
E_7-8	tet(36)	3000197	1	0	0.0	0	0.0
E_7-8	tet(39)	3000566	1	1	1.0	1	1.0
E_7-8	tet(44)	3000556	1	0	0.0	0	0.0
E_7-8	tet(A)	3000165	1	1	1.0	1	1.0
E_7-8	tet(M)	3000186	1	0	0.0	0	0.0
E_7-8	tet(O)	3000190	2	1	0.5	1	0.5
E_7-8	tet(Q)	3000191	4	0	0.0	0	0.0
E_7-8	tet(W)	3000194	1	1	1.0	1	1.0
E_7-8	tetB(P)	3000195	2	0	0.0	0	0.0
E_7-8	ugd	3003577	1	0	0.0	0	0.0
E_7-8	vanG	3002909	3	0	0.0	0	0.0
E_7-8	vanH gene in vanB cluster	3002943	2	0	0.0	0	0.0
E_7-8	vanH gene in vanF cluster	3002945	1	0	0.0	0	0.0
E_7-8	vanH gene in vanO cluster	3002948	3	0	0.0	0	0.0
E_7-8	vanT gene in vanG cluster	3002972	99	0	0.0	0	0.0
E_7-8	vanW gene in vanB cluster	3002964	6	0	0.0	0	0.0
E_7-8	vanW gene in vanG cluster	3002965	11	0	0.0	0	0.0
E_7-8	vanW gene in vanI cluster	3003724	133	0	0.0	0	0.0
E_7-8	vanY gene in vanA cluster	3002955	17	1	0.058823529411764705	0	0.0
E_7-8	vanY gene in vanB cluster	3002956	55	1	0.01818181818181818	0	0.0
E_7-8	vanY gene in vanF cluster	3002958	6	0	0.0	0	0.0
E_7-8	vanY gene in vanG cluster	3002959	9	0	0.0	0	0.0
E_7-8	vanY gene in vanM cluster	3002961	28	0	0.0	0	0.0
E_9-10	AAC(6')-IIa	3002594	1	0	0.0	0	0.0
E_9-10	AAC(6')-IIc	3002596	1	0	0.0	0	0.0
E_9-10	AAC(6')-Ib9	3002580	1	0	0.0	0	0.0
E_9-10	AAC(6')-Ie-APH(2'')-Ia bifunctional protein	3002597	1	0	0.0	0	0.0
E_9-10	ACT-18	3001839	1	0	0.0	0	0.0
E_9-10	ANT(2'')-Ia	3000230	1	0	0.0	0	0.0
E_9-10	ANT(3'')-IIa	3004089	1	1	1.0	1	1.0
E_9-10	ANT(6)-Ia	3002626	1	1	1.0	1	1.0
E_9-10	APH(2'')-Ie	3002634	1	0	0.0	0	0.0
E_9-10	APH(3'')-Ib	3002639	1	1	1.0	1	1.0
E_9-10	APH(3')-Ib	3002642	1	0	0.0	0	0.0
E_9-10	APH(6)-Id	3002660	1	1	1.0	1	1.0
E_9-10	AcrE	3000499	1	0	0.0	0	0.0
E_9-10	AcrS	3000656	1	0	0.0	0	0.0
E_9-10	ArnT	3005053	2	0	0.0	0	0.0
E_9-10	CARB-3	3002242	1	0	0.0	0	0.0
E_9-10	CMY-4	3002015	1	0	0.0	0	0.0
E_9-10	CRP	3000518	1	0	0.0	0	0.0
E_9-10	CfxA2	3003002	1	0	0.0	0	0.0
E_9-10	EreA	3000361	1	0	0.0	0	0.0
E_9-10	EreA2	3002826	2	0	0.0	0	0.0
E_9-10	EreB	3000363	1	0	0.0	0	0.0
E_9-10	EreD	3004608	1	0	0.0	0	0.0
E_9-10	ErmB	3000375	1	1	1.0	1	1.0
E_9-10	ErmX	3000596	1	1	1.0	1	1.0
E_9-10	Escherichia coli AcrAB-TolC with AcrR mutation conferring resistance to ciprofloxacin, tetracycline, and ceftazidime	3003807	1	1	1.0	1	1.0
E_9-10	Escherichia coli AcrAB-TolC with MarR mutations conferring resistance to ciprofloxacin and tetracycline	3003378	1	0	0.0	0	0.0
E_9-10	Escherichia coli EF-Tu mutants conferring resistance to Pulvomycin	3003369	2	0	0.0	0	0.0
E_9-10	Escherichia coli GlpT with mutation conferring resistance to fosfomycin	3003889	1	0	0.0	0	0.0
E_9-10	Escherichia coli acrA	3004043	1	1	1.0	1	1.0
E_9-10	Escherichia coli mdfA	3001328	1	1	1.0	1	1.0
E_9-10	Escherichia coli soxR with mutation conferring antibiotic resistance	3003381	1	1	1.0	1	1.0
E_9-10	Escherichia coli soxS with mutation conferring antibiotic resistance	3003511	1	1	1.0	1	1.0
E_9-10	FosG	3007368	1	0	0.0	0	0.0
E_9-10	FosXCC	3003208	3	0	0.0	0	0.0
E_9-10	GES-2	3002331	1	0	0.0	0	0.0
E_9-10	H-NS	3000676	1	0	0.0	0	0.0
E_9-10	IMP-1	3002192	1	0	0.0	0	0.0
E_9-10	Klebsiella pneumoniae KpnE	3004580	1	0	0.0	0	0.0
E_9-10	Klebsiella pneumoniae KpnF	3004583	1	0	0.0	0	0.0
E_9-10	LHK-6	3006940	1	0	0.0	0	0.0
E_9-10	LnuH	3004600	2	0	0.0	0	0.0
E_9-10	MCR-3.32	3007254	1	0	0.0	0	0.0
E_9-10	MOX-12	3006477	1	0	0.0	0	0.0
E_9-10	Mef(En2)	3004659	1	1	1.0	1	1.0
E_9-10	Mrx	3003839	1	1	1.0	1	1.0
E_9-10	Mycobacterium tuberculosis intrinsic murA conferring resistance to fosfomycin	3003784	1	0	0.0	0	0.0
E_9-10	NPS-1	3004239	1	0	0.0	0	0.0
E_9-10	OXA-1	3001396	1	0	0.0	0	0.0
E_9-10	OXA-10	3001405	1	1	1.0	1	1.0
E_9-10	OXA-119	3001775	1	1	1.0	1	1.0
E_9-10	OXA-21	3001416	1	1	1.0	1	1.0
E_9-10	OXA-347	3001777	1	0	0.0	0	0.0
E_9-10	OXA-5	3001400	1	0	0.0	0	0.0
E_9-10	OXA-504	3005734	1	0	0.0	0	0.0
E_9-10	OXA-732	3005937	1	1	1.0	1	1.0
E_9-10	OXA-9	3001404	1	0	0.0	0	0.0
E_9-10	OmpA	3005044	1	0	0.0	0	0.0
E_9-10	PmrF	3003578	1	0	0.0	0	0.0
E_9-10	QnrS2	3002791	1	0	0.0	0	0.0
E_9-10	QnrVC1	3002799	1	0	0.0	0	0.0
E_9-10	QnrVC4	3002801	1	0	0.0	0	0.0
E_9-10	RSA-1	3004444	1	0	0.0	0	0.0
E_9-10	RSA-2	3004445	1	0	0.0	0	0.0
E_9-10	RbpA	3000245	1	0	0.0	0	0.0
E_9-10	SAT-4	3002897	1	0	0.0	0	0.0
E_9-10	VEB-19	3006214	1	0	0.0	0	0.0
E_9-10	VEB-9	3002378	1	0	0.0	0	0.0
E_9-10	aadA11	3002611	1	0	0.0	0	0.0
E_9-10	aadA2	3002602	1	0	0.0	0	0.0
E_9-10	adeF	3000777	43	2	0.046511627906976744	2	0.046511627906976744
E_9-10	aphA15	3004675	1	0	0.0	0	0.0
E_9-10	arr-2	3002847	1	1	1.0	1	1.0
E_9-10	bacA	3002986	1	0	0.0	0	0.0
E_9-10	baeR	3000828	1	0	0.0	0	0.0
E_9-10	catB3	3002676	1	0	0.0	0	0.0
E_9-10	catQ	3002687	1	1	1.0	1	1.0
E_9-10	cmlA5	3002695	1	1	1.0	1	1.0
E_9-10	cmlA9	3005043	1	0	0.0	0	0.0
E_9-10	dfrA1	3002854	1	0	0.0	0	0.0
E_9-10	dfrA15	3003013	1	0	0.0	0	0.0
E_9-10	dfrB5	3004549	1	0	0.0	0	0.0
E_9-10	emrA	3000027	1	0	0.0	0	0.0
E_9-10	emrR	3000516	1	0	0.0	0	0.0
E_9-10	eptA	3003576	1	1	1.0	1	1.0
E_9-10	evgA	3000832	1	0	0.0	0	0.0
E_9-10	evgS	3000833	1	0	0.0	0	0.0
E_9-10	kdpE	3003841	1	0	0.0	0	0.0
E_9-10	leuO	3003843	1	0	0.0	0	0.0
E_9-10	lnuB	3002836	1	1	1.0	1	1.0
E_9-10	lnuC	3002837	1	0	0.0	0	0.0
E_9-10	lsaE	3003206	1	1	1.0	1	1.0
E_9-10	marA	3000263	1	0	0.0	0	0.0
E_9-10	mdtB	3000793	1	1	1.0	1	1.0
E_9-10	mdtE	3000795	1	0	0.0	0	0.0
E_9-10	mdtP	3003550	1	0	0.0	0	0.0
E_9-10	mphA	3000316	1	1	1.0	1	1.0
E_9-10	mphE	3003741	1	0	0.0	0	0.0
E_9-10	mphG	3003742	3	0	0.0	0	0.0
E_9-10	msrE	3003109	1	0	0.0	0	0.0
E_9-10	nimA	3007104	1	0	0.0	0	0.0
E_9-10	nimB	3004655	1	0	0.0	0	0.0
E_9-10	nimE	3007107	1	0	0.0	0	0.0
E_9-10	nimG	3007109	4	0	0.0	0	0.0
E_9-10	nimI	3007111	1	0	0.0	0	0.0
E_9-10	nimJ	3007112	3	0	0.0	0	0.0
E_9-10	poxtA	3004470	2	0	0.0	0	0.0
E_9-10	qacG	3007015	19	3	0.15789473684210525	3	0.15789473684210525
E_9-10	qacJ	3007014	14	0	0.0	0	0.0
E_9-10	qacL	3005098	2	0	0.0	0	0.0
E_9-10	rsmA	3005069	3	0	0.0	0	0.0
E_9-10	sdrM	3007013	1	0	0.0	0	0.0
E_9-10	sul4	3004361	1	0	0.0	0	0.0
E_9-10	tet(32)	3000196	1	1	1.0	1	1.0
E_9-10	tet(36)	3000197	1	0	0.0	0	0.0
E_9-10	tet(39)	3000566	1	0	0.0	0	0.0
E_9-10	tet(44)	3000556	2	0	0.0	0	0.0
E_9-10	tet(A)	3000165	1	1	1.0	1	1.0
E_9-10	tet(C)	3000167	1	0	0.0	0	0.0
E_9-10	tet(M)	3000186	1	0	0.0	0	0.0
E_9-10	tet(O)	3000190	1	1	1.0	1	1.0
E_9-10	tet(Q)	3000191	4	1	0.25	1	0.25
E_9-10	tet(W)	3000194	1	0	0.0	0	0.0
E_9-10	tet(X)	3000205	1	0	0.0	0	0.0
E_9-10	vanG	3002909	6	0	0.0	0	0.0
E_9-10	vanH gene in vanB cluster	3002943	2	0	0.0	0	0.0
E_9-10	vanH gene in vanF cluster	3002945	2	0	0.0	0	0.0
E_9-10	vanH gene in vanO cluster	3002948	2	0	0.0	0	0.0
E_9-10	vanT gene in vanG cluster	3002972	98	0	0.0	0	0.0
E_9-10	vanW gene in vanG cluster	3002965	8	0	0.0	0	0.0
E_9-10	vanW gene in vanI cluster	3003724	122	0	0.0	0	0.0
E_9-10	vanXY gene in vanG cluster	3003069	1	0	0.0	0	0.0
E_9-10	vanY gene in vanA cluster	3002955	24	0	0.0	0	0.0
E_9-10	vanY gene in vanB cluster	3002956	58	0	0.0	0	0.0
E_9-10	vanY gene in vanF cluster	3002958	5	0	0.0	0	0.0
E_9-10	vanY gene in vanG cluster	3002959	12	1	0.08333333333333333	0	0.0
E_9-10	vanY gene in vanM cluster	3002961	30	0	0.0	0	0.0
I_1-2	AAC(3)-IId	3004623	1	1	1.0	1	1.0
I_1-2	AAC(6')-IIa	3002594	1	0	0.0	0	0.0
I_1-2	AAC(6')-IIc	3002596	2	0	0.0	0	0.0
I_1-2	AAC(6')-Ib9	3002580	1	0	0.0	0	0.0
I_1-2	AAC(6')-Ie-APH(2'')-Ia bifunctional protein	3002597	1	0	0.0	0	0.0
I_1-2	AAC(6')-Iid	3002589	1	0	0.0	0	0.0
I_1-2	ACI-1	3004359	1	0	0.0	0	0.0
I_1-2	ACT-29	3001849	1	0	0.0	0	0.0
I_1-2	ACT-4	3001829	1	0	0.0	0	0.0
I_1-2	ACT-8	3001831	2	0	0.0	0	0.0
I_1-2	ANT(3'')-IIa	3004089	1	0	0.0	0	0.0
I_1-2	ANT(3'')-IIc	3004091	3	1	0.3333333333333333	1	0.3333333333333333
I_1-2	ANT(6)-Ia	3002626	1	0	0.0	0	0.0
I_1-2	ANT(6)-Ib	3002629	1	0	0.0	0	0.0
I_1-2	APH(2'')-Ie	3002634	1	0	0.0	0	0.0
I_1-2	APH(3'')-Ib	3002639	1	1	1.0	1	1.0
I_1-2	APH(3')-IIIa	3002647	1	0	0.0	0	0.0
I_1-2	APH(3')-Ia	3002641	1	1	1.0	1	1.0
I_1-2	APH(3')-Ib	3002642	1	1	1.0	1	1.0
I_1-2	APH(3')-VIa	3002652	1	0	0.0	0	0.0
I_1-2	APH(6)-Id	3002660	1	1	1.0	1	1.0
I_1-2	AcrE	3000499	1	0	0.0	0	0.0
I_1-2	AcrF	3000502	1	0	0.0	0	0.0
I_1-2	AcrS	3000656	1	0	0.0	0	0.0
I_1-2	ArnT	3005053	11	0	0.0	0	0.0
I_1-2	BRP(MBL)	3001205	1	0	0.0	0	0.0
I_1-2	Bifidobacterium adolescentis rpoB mutants conferring resistance to rifampicin	3004480	1	0	0.0	0	0.0
I_1-2	Bifidobacterium bifidum ileS conferring resistance to mupirocin	3003730	1	0	0.0	0	0.0
I_1-2	CARB-16	3002255	1	0	0.0	0	0.0
I_1-2	CARB-3	3002242	1	0	0.0	0	0.0
I_1-2	CMY-2	3002013	1	1	1.0	1	1.0
I_1-2	CRP	3000518	5	0	0.0	0	0.0
I_1-2	CTX-M-15	3001878	1	0	0.0	0	0.0
I_1-2	CblA-1	3002999	1	0	0.0	0	0.0
I_1-2	CfxA3	3003003	1	1	1.0	1	1.0
I_1-2	CfxA6	3003097	1	0	0.0	0	0.0
I_1-2	Clostridioides difficile gyrB conferring resistance to fluoroquinolones	3004562	1	0	0.0	0	0.0
I_1-2	DHA-1	3002132	1	1	1.0	1	1.0
I_1-2	EC-14	3006875	1	0	0.0	0	0.0
I_1-2	EreA	3000361	1	0	0.0	0	0.0
I_1-2	EreA2	3002826	2	0	0.0	0	0.0
I_1-2	EreB	3000363	2	0	0.0	0	0.0
I_1-2	EreD	3004608	2	0	0.0	0	0.0
I_1-2	Erm(35)	3000604	2	0	0.0	0	0.0
I_1-2	Erm(47)	3003908	1	0	0.0	0	0.0
I_1-2	Erm(51)	3007033	1	1	1.0	1	1.0
I_1-2	ErmB	3000375	1	1	1.0	1	1.0
I_1-2	ErmF	3000498	1	0	0.0	0	0.0
I_1-2	ErmG	3000522	2	0	0.0	0	0.0
I_1-2	ErmQ	3000593	1	0	0.0	0	0.0
I_1-2	ErmT	3000595	2	0	0.0	0	0.0
I_1-2	ErmX	3000596	1	1	1.0	1	1.0
I_1-2	Escherichia coli AcrAB-TolC with AcrR mutation conferring resistance to ciprofloxacin, tetracycline, and ceftazidime	3003807	1	0	0.0	0	0.0
I_1-2	Escherichia coli AcrAB-TolC with MarR mutations conferring resistance to ciprofloxacin and tetracycline	3003378	5	1	0.2	1	0.2
I_1-2	Escherichia coli EF-Tu mutants conferring resistance to Pulvomycin	3003369	2	0	0.0	0	0.0
I_1-2	Escherichia coli GlpT with mutation conferring resistance to fosfomycin	3003889	1	0	0.0	0	0.0
I_1-2	Escherichia coli UhpT with mutation conferring resistance to fosfomycin	3003890	1	0	0.0	0	0.0
I_1-2	Escherichia coli acrA	3004043	2	1	0.5	1	0.5
I_1-2	Escherichia coli emrE	3004039	2	0	0.0	0	0.0
I_1-2	Escherichia coli mdfA	3001328	2	1	0.5	1	0.5
I_1-2	Escherichia coli soxR with mutation conferring antibiotic resistance	3003381	1	1	1.0	1	1.0
I_1-2	Escherichia coli soxS with mutation conferring antibiotic resistance	3003511	2	2	1.0	2	1.0
I_1-2	FosA2	3002804	1	0	0.0	0	0.0
I_1-2	FosA6	3004111	1	0	0.0	0	0.0
I_1-2	FosA8	3007371	2	0	0.0	0	0.0
I_1-2	FosG	3007368	1	0	0.0	0	0.0
I_1-2	FosI	3007370	2	0	0.0	0	0.0
I_1-2	FosXCC	3003208	1	0	0.0	0	0.0
I_1-2	GES-1	3002330	1	0	0.0	0	0.0
I_1-2	H-NS	3000676	3	0	0.0	0	0.0
I_1-2	Haemophilus influenzae PBP3 conferring resistance to beta-lactam antibiotics	3004446	2	0	0.0	0	0.0
I_1-2	ICR-Mo	3004569	4	0	0.0	0	0.0
I_1-2	IDC-1	3005012	1	0	0.0	0	0.0
I_1-2	KPC-2	3002312	1	1	1.0	1	1.0
I_1-2	Klebsiella pneumoniae KpnE	3004580	6	1	0.16666666666666666	1	0.16666666666666666
I_1-2	Klebsiella pneumoniae KpnF	3004583	7	1	0.14285714285714285	1	0.14285714285714285
I_1-2	Klebsiella pneumoniae KpnG	3004588	2	1	0.5	1	0.5
I_1-2	Klebsiella pneumoniae KpnH	3004597	7	1	0.14285714285714285	1	0.14285714285714285
I_1-2	LnuH	3004600	1	0	0.0	0	0.0
I_1-2	LnuP	3004601	1	0	0.0	0	0.0
I_1-2	LptD	3005059	1	0	0.0	0	0.0
I_1-2	MCR-3.17	3007278	1	0	0.0	0	0.0
I_1-2	MCR-5.1	3004332	1	1	1.0	1	1.0
I_1-2	Mef(En2)	3004659	1	1	1.0	1	1.0
I_1-2	Mrx	3003839	1	1	1.0	1	1.0
I_1-2	Mycobacterium tuberculosis rpsL mutations conferring resistance to Streptomycin	3003395	6	0	0.0	0	0.0
I_1-2	NPS-1	3004239	1	1	1.0	1	1.0
I_1-2	OXA-1	3001396	1	0	0.0	0	0.0
I_1-2	OXA-10	3001405	1	1	1.0	1	1.0
I_1-2	OXA-129	3001811	1	0	0.0	0	0.0
I_1-2	OXA-181	3001784	1	0	0.0	0	0.0
I_1-2	OXA-21	3001416	1	0	0.0	0	0.0
I_1-2	OXA-347	3001777	1	0	0.0	0	0.0
I_1-2	OXA-464	3003620	1	0	0.0	0	0.0
I_1-2	OXA-5	3001400	1	0	0.0	0	0.0
I_1-2	OXA-504	3005734	2	0	0.0	0	0.0
I_1-2	OXA-644	3005864	1	1	1.0	1	1.0
I_1-2	OXA-732	3005937	1	0	0.0	0	0.0
I_1-2	OXA-917	3006103	1	0	0.0	0	0.0
I_1-2	OmpA	3005044	1	0	0.0	0	0.0
I_1-2	PER-3	3002365	1	0	0.0	0	0.0
I_1-2	PmrF	3003578	2	0	0.0	0	0.0
I_1-2	QnrB10	3002724	1	0	0.0	0	0.0
I_1-2	QnrD1	3002788	1	0	0.0	0	0.0
I_1-2	QnrS1	3002790	1	1	1.0	1	1.0
I_1-2	QnrS2	3002791	1	1	1.0	1	1.0
I_1-2	QnrVC1	3002799	1	0	0.0	0	0.0
I_1-2	QnrVC4	3002801	1	0	0.0	0	0.0
I_1-2	RSA-1	3004444	1	0	0.0	0	0.0
I_1-2	RSD2-2	3006983	1	0	0.0	0	0.0
I_1-2	SAT-2	3002895	1	1	1.0	1	1.0
I_1-2	SAT-4	3002897	1	0	0.0	0	0.0
I_1-2	SFO-1	3006986	1	1	1.0	1	1.0
I_1-2	SHV-11	3001070	1	1	1.0	1	1.0
I_1-2	VEB-19	3006214	1	0	0.0	0	0.0
I_1-2	YajC	3005040	1	0	0.0	0	0.0
I_1-2	YojI	3003952	1	0	0.0	0	0.0
I_1-2	aad(6)	3002628	1	0	0.0	0	0.0
I_1-2	aadA	3002601	1	1	1.0	1	1.0
I_1-2	aadA10	3004692	1	0	0.0	0	0.0
I_1-2	aadA13	3002613	1	0	0.0	0	0.0
I_1-2	aadA16	3002616	1	0	0.0	0	0.0
I_1-2	aadA2	3002602	1	0	0.0	0	0.0
I_1-2	aadA27	3004682	2	0	0.0	0	0.0
I_1-2	aadA5	3002605	1	0	0.0	0	0.0
I_1-2	aadA6	3002606	1	0	0.0	0	0.0
I_1-2	aadS	3004683	1	0	0.0	0	0.0
I_1-2	acrD	3000491	1	0	0.0	0	0.0
I_1-2	adeF	3000777	47	1	0.02127659574468085	1	0.02127659574468085
I_1-2	baeR	3000828	4	0	0.0	0	0.0
I_1-2	baeS	3000829	1	0	0.0	0	0.0
I_1-2	catB11	3004660	1	0	0.0	0	0.0
I_1-2	catB3	3002676	1	1	1.0	1	1.0
I_1-2	catB8	3002680	1	0	0.0	0	0.0
I_1-2	catQ	3002687	2	0	0.0	0	0.0
I_1-2	cmlA5	3002695	1	1	1.0	1	1.0
I_1-2	cmlA9	3005043	1	1	1.0	1	1.0
I_1-2	cmx	3002703	1	0	0.0	0	0.0
I_1-2	cphA4	3003100	1	0	0.0	0	0.0
I_1-2	cpxA	3000830	1	0	0.0	0	0.0
I_1-2	dfrA1	3002854	1	0	0.0	0	0.0
I_1-2	dfrA12	3002858	1	0	0.0	0	0.0
I_1-2	dfrA14	3002859	1	1	1.0	1	1.0
I_1-2	dfrA15	3003013	1	1	1.0	1	1.0
I_1-2	dfrA17	3002860	1	0	0.0	0	0.0
I_1-2	dfrA23	3003019	1	0	0.0	0	0.0
I_1-2	dfrA3	3003105	2	0	0.0	0	0.0
I_1-2	dfrB5	3004549	1	1	1.0	1	1.0
I_1-2	dfrG	3002868	1	1	1.0	1	1.0
I_1-2	emrA	3000027	1	1	1.0	1	1.0
I_1-2	emrB	3000074	3	2	0.6666666666666666	2	0.6666666666666666
I_1-2	emrR	3000516	9	5	0.5555555555555556	5	0.5555555555555556
I_1-2	emrY	3000254	1	0	0.0	0	0.0
I_1-2	eptB	3005047	1	0	0.0	0	0.0
I_1-2	evgA	3000832	1	0	0.0	0	0.0
I_1-2	evgS	3000833	1	0	0.0	0	0.0
I_1-2	floR	3002705	1	1	1.0	1	1.0
I_1-2	fosA5	3003209	1	1	1.0	1	1.0
I_1-2	gadW	3003838	1	0	0.0	0	0.0
I_1-2	gadX	3000508	2	0	0.0	0	0.0
I_1-2	leuO	3003843	3	0	0.0	0	0.0
I_1-2	lmrD	3002882	1	0	0.0	0	0.0
I_1-2	lnuB	3002836	2	1	0.5	1	0.5
I_1-2	lnuC	3002837	1	0	0.0	0	0.0
I_1-2	lnuF	3002839	1	0	0.0	0	0.0
I_1-2	lsaE	3003206	1	1	1.0	1	1.0
I_1-2	marA	3000263	6	1	0.16666666666666666	1	0.16666666666666666
I_1-2	mcr-10.1	3007137	1	1	1.0	1	1.0
I_1-2	mdtA	3000792	1	1	1.0	1	1.0
I_1-2	mdtB	3000793	1	1	1.0	1	1.0
I_1-2	mdtE	3000795	1	0	0.0	0	0.0
I_1-2	mdtF	3000796	1	0	0.0	0	0.0
I_1-2	mdtG	3001329	2	0	0.0	0	0.0
I_1-2	mdtH	3001216	1	0	0.0	0	0.0
I_1-2	mdtM	3001214	1	1	1.0	1	1.0
I_1-2	mdtO	3003549	1	1	1.0	1	1.0
I_1-2	mdtP	3003550	1	1	1.0	1	1.0
I_1-2	mefF	3007044	1	0	0.0	0	0.0
I_1-2	mefH	3007047	1	0	0.0	0	0.0
I_1-2	mefJ	3007049	1	0	0.0	0	0.0
I_1-2	mphA	3000316	1	1	1.0	1	1.0
I_1-2	mphE	3003741	1	1	1.0	1	1.0
I_1-2	mphF	3003071	1	1	1.0	1	1.0
I_1-2	mphG	3003742	3	0	0.0	0	0.0
I_1-2	msbA	3003950	4	0	0.0	0	0.0
I_1-2	msrE	3003109	1	1	1.0	1	1.0
I_1-2	nimA	3007104	3	0	0.0	0	0.0
I_1-2	nimB	3004655	1	0	0.0	0	0.0
I_1-2	nimE	3007107	4	1	0.25	1	0.25
I_1-2	nimG	3007109	3	0	0.0	0	0.0
I_1-2	nimI	3007111	2	0	0.0	0	0.0
I_1-2	nimJ	3007112	7	0	0.0	0	0.0
I_1-2	patB	3000025	1	0	0.0	0	0.0
I_1-2	qacEdelta1	3005010	1	0	0.0	0	0.0
I_1-2	qacG	3007015	31	2	0.06451612903225806	2	0.06451612903225806
I_1-2	qacJ	3007014	22	2	0.09090909090909091	2	0.09090909090909091
I_1-2	ramA	3000823	2	0	0.0	0	0.0
I_1-2	rsmA	3005069	14	0	0.0	0	0.0
I_1-2	sul1	3000410	1	0	0.0	0	0.0
I_1-2	sul2	3000412	1	0	0.0	0	0.0
I_1-2	sul3	3000413	1	0	0.0	0	0.0
I_1-2	sul4	3004361	1	0	0.0	0	0.0
I_1-2	tet(32)	3000196	4	0	0.0	0	0.0
I_1-2	tet(33)	3000478	1	0	0.0	0	0.0
I_1-2	tet(36)	3000197	5	0	0.0	0	0.0
I_1-2	tet(40)	3000567	1	0	0.0	0	0.0
I_1-2	tet(44)	3000556	3	0	0.0	0	0.0
I_1-2	tet(A)	3000165	1	1	1.0	1	1.0
I_1-2	tet(C)	3000167	1	0	0.0	0	0.0
I_1-2	tet(M)	3000186	2	0	0.0	0	0.0
I_1-2	tet(O)	3000190	2	1	0.5	1	0.5
I_1-2	tet(Q)	3000191	8	1	0.125	1	0.125
I_1-2	tet(S)	3000192	1	0	0.0	0	0.0
I_1-2	tet(U)	3004650	1	1	1.0	1	1.0
I_1-2	tet(W)	3000194	1	0	0.0	0	0.0
I_1-2	tet(W/N/W)	3004442	2	1	0.5	1	0.5
I_1-2	tetB(P)	3000195	2	1	0.5	1	0.5
I_1-2	tetR	3003479	1	1	1.0	1	1.0
I_1-2	vanG	3002909	21	1	0.047619047619047616	1	0.047619047619047616
I_1-2	vanH gene in vanB cluster	3002943	3	0	0.0	0	0.0
I_1-2	vanH gene in vanD cluster	3002944	1	0	0.0	0	0.0
I_1-2	vanH gene in vanF cluster	3002945	3	0	0.0	0	0.0
I_1-2	vanH gene in vanM cluster	3002947	1	0	0.0	0	0.0
I_1-2	vanH gene in vanO cluster	3002948	11	0	0.0	0	0.0
I_1-2	vanR gene in vanG cluster	3002926	1	0	0.0	0	0.0
I_1-2	vanT gene in vanC cluster	3002970	1	0	0.0	0	0.0
I_1-2	vanT gene in vanE cluster	3002971	2	0	0.0	0	0.0
I_1-2	vanT gene in vanG cluster	3002972	98	0	0.0	0	0.0
I_1-2	vanTr gene in vanL cluster	3002974	1	0	0.0	0	0.0
I_1-2	vanU gene in vanG cluster	3004253	1	0	0.0	0	0.0
I_1-2	vanW gene in vanB cluster	3002964	3	0	0.0	0	0.0
I_1-2	vanW gene in vanG cluster	3002965	10	0	0.0	0	0.0
I_1-2	vanW gene in vanI cluster	3003724	70	1	0.014285714285714285	1	0.014285714285714285
I_1-2	vanXY gene in vanG cluster	3003069	1	0	0.0	0	0.0
I_1-2	vanY gene in vanA cluster	3002955	5	0	0.0	0	0.0
I_1-2	vanY gene in vanB cluster	3002956	57	1	0.017543859649122806	1	0.017543859649122806
I_1-2	vanY gene in vanF cluster	3002958	11	0	0.0	0	0.0
I_1-2	vanY gene in vanG cluster	3002959	15	0	0.0	0	0.0
I_1-2	vanY gene in vanM cluster	3002961	19	0	0.0	0	0.0
I_11-12	AAC(3)-IId	3004623	1	1	1.0	1	1.0
I_11-12	AAC(6')-IIa	3002594	1	0	0.0	0	0.0
I_11-12	AAC(6')-IIc	3002596	1	0	0.0	0	0.0
I_11-12	AAC(6')-Ib9	3002580	1	1	1.0	1	1.0
I_11-12	AAC(6')-Ie-APH(2'')-Ia bifunctional protein	3002597	1	0	0.0	0	0.0
I_11-12	ACI-1	3004359	1	0	0.0	0	0.0
I_11-12	ACT-8	3001831	1	0	0.0	0	0.0
I_11-12	ANT(2'')-Ia	3000230	1	0	0.0	0	0.0
I_11-12	ANT(3'')-IIa	3004089	2	1	0.5	1	0.5
I_11-12	ANT(3'')-IIc	3004091	3	1	0.3333333333333333	1	0.3333333333333333
I_11-12	ANT(6)-Ia	3002626	1	0	0.0	0	0.0
I_11-12	ANT(6)-Ib	3002629	1	0	0.0	0	0.0
I_11-12	APH(2'')-Ie	3002634	1	0	0.0	0	0.0
I_11-12	APH(3'')-Ib	3002639	1	1	1.0	1	1.0
I_11-12	APH(3')-IIIa	3002647	1	0	0.0	0	0.0
I_11-12	APH(3')-Ia	3002641	1	0	0.0	0	0.0
I_11-12	APH(3')-Ib	3002642	1	1	1.0	1	1.0
I_11-12	APH(3')-VIa	3002652	1	0	0.0	0	0.0
I_11-12	APH(6)-Id	3002660	1	1	1.0	1	1.0
I_11-12	Acinetobacter baumannii AbaF	3004573	1	0	0.0	0	0.0
I_11-12	AcrE	3000499	1	0	0.0	0	0.0
I_11-12	AcrF	3000502	1	0	0.0	0	0.0
I_11-12	AcrS	3000656	1	0	0.0	0	0.0
I_11-12	ArnT	3005053	12	0	0.0	0	0.0
I_11-12	Bifidobacterium adolescentis rpoB mutants conferring resistance to rifampicin	3004480	2	0	0.0	0	0.0
I_11-12	CARB-16	3002255	1	1	1.0	1	1.0
I_11-12	CARB-3	3002242	1	0	0.0	0	0.0
I_11-12	CMY-4	3002015	1	0	0.0	0	0.0
I_11-12	CMY-8	3002019	1	0	0.0	0	0.0
I_11-12	CRP	3000518	5	0	0.0	0	0.0
I_11-12	CTX-M-15	3001878	1	0	0.0	0	0.0
I_11-12	Campylobacter jejuni gyrA conferring resistance to fluoroquinolones	3003789	1	0	0.0	0	0.0
I_11-12	CfxA3	3003003	1	1	1.0	1	1.0
I_11-12	CfxA6	3003097	1	0	0.0	0	0.0
I_11-12	DHA-1	3002132	1	1	1.0	1	1.0
I_11-12	EreA2	3002826	1	0	0.0	0	0.0
I_11-12	EreB	3000363	2	0	0.0	0	0.0
I_11-12	EreD	3004608	2	0	0.0	0	0.0
I_11-12	Erm(35)	3000604	1	0	0.0	0	0.0
I_11-12	Erm(47)	3003908	1	0	0.0	0	0.0
I_11-12	Erm(51)	3007033	1	1	1.0	1	1.0
I_11-12	ErmB	3000375	1	1	1.0	1	1.0
I_11-12	ErmF	3000498	1	1	1.0	1	1.0
I_11-12	ErmG	3000522	2	0	0.0	0	0.0
I_11-12	ErmQ	3000593	1	0	0.0	0	0.0
I_11-12	ErmT	3000595	2	1	0.5	1	0.5
I_11-12	ErmX	3000596	1	1	1.0	1	1.0
I_11-12	Escherichia coli AcrAB-TolC with AcrR mutation conferring resistance to ciprofloxacin, tetracycline, and ceftazidime	3003807	1	0	0.0	0	0.0
I_11-12	Escherichia coli AcrAB-TolC with MarR mutations conferring resistance to ciprofloxacin and tetracycline	3003378	5	1	0.2	1	0.2
I_11-12	Escherichia coli EF-Tu mutants conferring resistance to Pulvomycin	3003369	3	0	0.0	0	0.0
I_11-12	Escherichia coli GlpT with mutation conferring resistance to fosfomycin	3003889	1	0	0.0	0	0.0
I_11-12	Escherichia coli UhpT with mutation conferring resistance to fosfomycin	3003890	1	0	0.0	0	0.0
I_11-12	Escherichia coli acrA	3004043	1	0	0.0	0	0.0
I_11-12	Escherichia coli ampC beta-lactamase	3004290	1	0	0.0	0	0.0
I_11-12	Escherichia coli emrE	3004039	1	0	0.0	0	0.0
I_11-12	Escherichia coli mdfA	3001328	1	0	0.0	0	0.0
I_11-12	Escherichia coli soxR with mutation conferring antibiotic resistance	3003381	1	1	1.0	1	1.0
I_11-12	Escherichia coli soxS with mutation conferring antibiotic resistance	3003511	2	1	0.5	1	0.5
I_11-12	FOX-14	3006472	1	0	0.0	0	0.0
I_11-12	FosA2	3002804	1	0	0.0	0	0.0
I_11-12	FosA6	3004111	1	1	1.0	1	1.0
I_11-12	FosG	3007368	2	0	0.0	0	0.0
I_11-12	FosI	3007370	3	0	0.0	0	0.0
I_11-12	GES-1	3002330	1	1	1.0	1	1.0
I_11-12	H-NS	3000676	5	0	0.0	0	0.0
I_11-12	Haemophilus influenzae PBP3 conferring resistance to beta-lactam antibiotics	3004446	1	0	0.0	0	0.0
I_11-12	ICR-Mo	3004569	4	0	0.0	0	0.0
I_11-12	IDC-1	3005012	1	1	1.0	1	1.0
I_11-12	KPC-2	3002312	1	1	1.0	1	1.0
I_11-12	Klebsiella pneumoniae KpnE	3004580	5	1	0.2	1	0.2
I_11-12	Klebsiella pneumoniae KpnF	3004583	4	1	0.25	1	0.25
I_11-12	Klebsiella pneumoniae KpnH	3004597	5	0	0.0	0	0.0
I_11-12	LHK-6	3006940	1	0	0.0	0	0.0
I_11-12	LnuH	3004600	2	1	0.5	1	0.5
I_11-12	MCR-3.17	3007278	1	1	1.0	1	1.0
I_11-12	MCR-5.1	3004332	1	1	1.0	1	1.0
I_11-12	MOX-9	3002191	1	0	0.0	0	0.0
I_11-12	Mef(En2)	3004659	1	0	0.0	0	0.0
I_11-12	Mrx	3003839	1	1	1.0	1	1.0
I_11-12	Mycobacterium tuberculosis rpsL mutations conferring resistance to Streptomycin	3003395	6	0	0.0	0	0.0
I_11-12	NPS-1	3004239	1	0	0.0	0	0.0
I_11-12	OXA-1	3001396	1	0	0.0	0	0.0
I_11-12	OXA-10	3001405	1	1	1.0	1	1.0
I_11-12	OXA-129	3001811	1	0	0.0	0	0.0
I_11-12	OXA-2	3001397	1	0	0.0	0	0.0
I_11-12	OXA-205	3001483	1	1	1.0	1	1.0
I_11-12	OXA-21	3001416	1	1	1.0	1	1.0
I_11-12	OXA-232	3001778	1	0	0.0	0	0.0
I_11-12	OXA-347	3001777	1	0	0.0	0	0.0
I_11-12	OXA-46	3001797	1	1	1.0	1	1.0
I_11-12	OXA-5	3001400	1	1	1.0	1	1.0
I_11-12	OXA-58	3001611	1	0	0.0	0	0.0
I_11-12	OXA-641	3005333	1	0	0.0	0	0.0
I_11-12	OXA-724	3004837	1	0	0.0	0	0.0
I_11-12	OXA-732	3005937	1	0	0.0	0	0.0
I_11-12	OXA-780	3005983	1	0	0.0	0	0.0
I_11-12	OmpA	3005044	1	0	0.0	0	0.0
I_11-12	PAC-1	3005150	1	0	0.0	0	0.0
I_11-12	PAU-1	3006964	1	0	0.0	0	0.0
I_11-12	PER-3	3002365	1	0	0.0	0	0.0
I_11-12	PmrF	3003578	2	0	0.0	0	0.0
I_11-12	QnrB10	3002724	1	0	0.0	0	0.0
I_11-12	QnrD1	3002788	1	0	0.0	0	0.0
I_11-12	QnrS1	3002790	1	0	0.0	0	0.0
I_11-12	QnrS2	3002791	1	0	0.0	0	0.0
I_11-12	QnrVC1	3002799	1	0	0.0	0	0.0
I_11-12	QnrVC4	3002801	1	0	0.0	0	0.0
I_11-12	RCP-1	3003563	1	0	0.0	0	0.0
I_11-12	RSA-1	3004444	1	1	1.0	1	1.0
I_11-12	RSA-2	3004445	1	0	0.0	0	0.0
I_11-12	SAT-4	3002897	1	0	0.0	0	0.0
I_11-12	SFO-1	3006986	1	1	1.0	1	1.0
I_11-12	SHV-1	3001059	1	0	0.0	0	0.0
I_11-12	VEB-19	3006214	1	0	0.0	0	0.0
I_11-12	VEB-3	3002372	1	0	0.0	0	0.0
I_11-12	YajC	3005040	1	0	0.0	0	0.0
I_11-12	YojI	3003952	1	0	0.0	0	0.0
I_11-12	aad(6)	3002628	1	0	0.0	0	0.0
I_11-12	aadA10	3004692	1	0	0.0	0	0.0
I_11-12	aadA16	3002616	1	0	0.0	0	0.0
I_11-12	aadA27	3004682	2	0	0.0	0	0.0
I_11-12	aadA3	3002603	1	0	0.0	0	0.0
I_11-12	aadA5	3002605	1	0	0.0	0	0.0
I_11-12	aadA6	3002606	1	0	0.0	0	0.0
I_11-12	aadS	3004683	1	1	1.0	1	1.0
I_11-12	acrB	3000216	1	0	0.0	0	0.0
I_11-12	acrD	3000491	1	0	0.0	0	0.0
I_11-12	adeF	3000777	41	1	0.024390243902439025	1	0.024390243902439025
I_11-12	aphA15	3004675	1	0	0.0	0	0.0
I_11-12	baeR	3000828	2	0	0.0	0	0.0
I_11-12	baeS	3000829	1	0	0.0	0	0.0
I_11-12	catI	3002683	1	0	0.0	0	0.0
I_11-12	catQ	3002687	3	0	0.0	0	0.0
I_11-12	cepA	3003559	1	0	0.0	0	0.0
I_11-12	cmlA5	3002695	1	1	1.0	1	1.0
I_11-12	cmlA9	3005043	1	1	1.0	1	1.0
I_11-12	cpxA	3000830	1	0	0.0	0	0.0
I_11-12	dfrA1	3002854	1	1	1.0	1	1.0
I_11-12	dfrA12	3002858	1	0	0.0	0	0.0
I_11-12	dfrA14	3002859	1	1	1.0	1	1.0
I_11-12	dfrA15	3003013	1	1	1.0	1	1.0
I_11-12	dfrA17	3002860	1	0	0.0	0	0.0
I_11-12	dfrA23	3003019	1	0	0.0	0	0.0
I_11-12	dfrB5	3004549	1	0	0.0	0	0.0
I_11-12	dfrF	3002867	1	0	0.0	0	0.0
I_11-12	dfrG	3002868	1	1	1.0	1	1.0
I_11-12	emrA	3000027	1	1	1.0	1	1.0
I_11-12	emrB	3000074	2	1	0.5	1	0.5
I_11-12	emrR	3000516	6	2	0.3333333333333333	2	0.3333333333333333
I_11-12	emrY	3000254	1	1	1.0	1	1.0
I_11-12	eptA	3003576	1	1	1.0	1	1.0
I_11-12	evgA	3000832	1	1	1.0	1	1.0
I_11-12	evgS	3000833	1	1	1.0	1	1.0
I_11-12	floR	3002705	1	1	1.0	1	1.0
I_11-12	gadX	3000508	1	0	0.0	0	0.0
I_11-12	kdpE	3003841	1	0	0.0	0	0.0
I_11-12	leuO	3003843	5	0	0.0	0	0.0
I_11-12	lmrD	3002882	1	0	0.0	0	0.0
I_11-12	lnuA	3002835	1	0	0.0	0	0.0
I_11-12	lnuB	3002836	1	1	1.0	1	1.0
I_11-12	lnuC	3002837	1	0	0.0	0	0.0
I_11-12	lsaE	3003206	1	1	1.0	1	1.0
I_11-12	marA	3000263	5	1	0.2	1	0.2
I_11-12	mcr-10.1	3007137	1	1	1.0	1	1.0
I_11-12	mdtA	3000792	1	1	1.0	1	1.0
I_11-12	mdtB	3000793	1	1	1.0	1	1.0
I_11-12	mdtE	3000795	1	0	0.0	0	0.0
I_11-12	mdtF	3000796	1	0	0.0	0	0.0
I_11-12	mdtG	3001329	1	0	0.0	0	0.0
I_11-12	mdtH	3001216	1	0	0.0	0	0.0
I_11-12	mdtM	3001214	1	0	0.0	0	0.0
I_11-12	mdtN	3003548	1	1	1.0	1	1.0
I_11-12	mdtO	3003549	1	1	1.0	1	1.0
I_11-12	mdtP	3003550	1	1	1.0	1	1.0
I_11-12	mefF	3007044	1	0	0.0	0	0.0
I_11-12	mefH	3007047	1	0	0.0	0	0.0
I_11-12	mefJ	3007049	1	0	0.0	0	0.0
I_11-12	mphA	3000316	1	1	1.0	1	1.0
I_11-12	mphE	3003741	1	1	1.0	1	1.0
I_11-12	mphF	3003071	1	1	1.0	1	1.0
I_11-12	mphG	3003742	4	0	0.0	0	0.0
I_11-12	msbA	3003950	2	0	0.0	0	0.0
I_11-12	msrE	3003109	1	1	1.0	1	1.0
I_11-12	nimA	3007104	4	0	0.0	0	0.0
I_11-12	nimB	3004655	1	0	0.0	0	0.0
I_11-12	nimE	3007107	3	0	0.0	0	0.0
I_11-12	nimG	3007109	7	0	0.0	0	0.0
I_11-12	nimJ	3007112	6	0	0.0	0	0.0
I_11-12	oqxA	3003922	1	0	0.0	0	0.0
I_11-12	patB	3000025	1	0	0.0	0	0.0
I_11-12	poxtA	3004470	1	0	0.0	0	0.0
I_11-12	qacEdelta1	3005010	1	0	0.0	0	0.0
I_11-12	qacG	3007015	33	1	0.030303030303030304	1	0.030303030303030304
I_11-12	qacJ	3007014	20	0	0.0	0	0.0
I_11-12	qacL	3005098	1	0	0.0	0	0.0
I_11-12	rsmA	3005069	12	0	0.0	0	0.0
I_11-12	sul1	3000410	1	0	0.0	0	0.0
I_11-12	sul2	3000412	1	0	0.0	0	0.0
I_11-12	sul3	3000413	1	0	0.0	0	0.0
I_11-12	sul4	3004361	1	0	0.0	0	0.0
I_11-12	tet(32)	3000196	2	0	0.0	0	0.0
I_11-12	tet(33)	3000478	1	1	1.0	1	1.0
I_11-12	tet(36)	3000197	4	0	0.0	0	0.0
I_11-12	tet(39)	3000566	1	0	0.0	0	0.0
I_11-12	tet(40)	3000567	1	0	0.0	0	0.0
I_11-12	tet(44)	3000556	2	0	0.0	0	0.0
I_11-12	tet(45)	3003196	1	0	0.0	0	0.0
I_11-12	tet(A)	3000165	1	1	1.0	1	1.0
I_11-12	tet(B)	3000166	1	0	0.0	0	0.0
I_11-12	tet(C)	3000167	1	0	0.0	0	0.0
I_11-12	tet(M)	3000186	3	1	0.3333333333333333	0	0.0
I_11-12	tet(O)	3000190	1	0	0.0	0	0.0
I_11-12	tet(Q)	3000191	7	2	0.2857142857142857	2	0.2857142857142857
I_11-12	tet(S)	3000192	1	0	0.0	0	0.0
I_11-12	tet(W)	3000194	1	0	0.0	0	0.0
I_11-12	tet(W/N/W)	3004442	3	1	0.3333333333333333	1	0.3333333333333333
I_11-12	tetB(P)	3000195	2	1	0.5	1	0.5
I_11-12	vanG	3002909	20	1	0.05	1	0.05
I_11-12	vanH gene in vanB cluster	3002943	3	1	0.3333333333333333	0	0.0
I_11-12	vanH gene in vanF cluster	3002945	2	0	0.0	0	0.0
I_11-12	vanH gene in vanO cluster	3002948	6	0	0.0	0	0.0
I_11-12	vanT gene in vanE cluster	3002971	2	0	0.0	0	0.0
I_11-12	vanT gene in vanG cluster	3002972	93	2	0.021505376344086023	2	0.021505376344086023
I_11-12	vanTr gene in vanL cluster	3002974	1	0	0.0	0	0.0
I_11-12	vanU gene in vanG cluster	3004253	1	0	0.0	0	0.0
I_11-12	vanW gene in vanB cluster	3002964	3	0	0.0	0	0.0
I_11-12	vanW gene in vanG cluster	3002965	11	0	0.0	0	0.0
I_11-12	vanW gene in vanI cluster	3003724	64	0	0.0	0	0.0
I_11-12	vanXY gene in vanG cluster	3003069	1	1	1.0	1	1.0
I_11-12	vanY gene in vanA cluster	3002955	4	0	0.0	0	0.0
I_11-12	vanY gene in vanB cluster	3002956	55	2	0.03636363636363636	2	0.03636363636363636
I_11-12	vanY gene in vanF cluster	3002958	11	0	0.0	0	0.0
I_11-12	vanY gene in vanG cluster	3002959	11	1	0.09090909090909091	0	0.0
I_11-12	vanY gene in vanM cluster	3002961	12	0	0.0	0	0.0
I_3-4	AAC(3)-IId	3004623	1	1	1.0	1	1.0
I_3-4	AAC(6')-IIa	3002594	1	0	0.0	0	0.0
I_3-4	AAC(6')-IIc	3002596	1	0	0.0	0	0.0
I_3-4	AAC(6')-Ib8	3002579	1	0	0.0	0	0.0
I_3-4	AAC(6')-Ie-APH(2'')-Ia bifunctional protein	3002597	1	0	0.0	0	0.0
I_3-4	AAC(6')-Iid	3002589	1	0	0.0	0	0.0
I_3-4	ACI-1	3004359	1	0	0.0	0	0.0
I_3-4	ACT-2	3001822	1	0	0.0	0	0.0
I_3-4	ACT-8	3001831	1	0	0.0	0	0.0
I_3-4	ANT(2'')-Ia	3000230	1	1	1.0	1	1.0
I_3-4	ANT(3'')-IIa	3004089	1	0	0.0	0	0.0
I_3-4	ANT(3'')-IIc	3004091	3	1	0.3333333333333333	1	0.3333333333333333
I_3-4	APH(2'')-Ie	3002634	1	0	0.0	0	0.0
I_3-4	APH(3'')-Ib	3002639	1	1	1.0	1	1.0
I_3-4	APH(3')-IIIa	3002647	1	0	0.0	0	0.0
I_3-4	APH(3')-Ia	3002641	1	0	0.0	0	0.0
I_3-4	APH(3')-Ib	3002642	1	1	1.0	1	1.0
I_3-4	APH(6)-Id	3002660	1	1	1.0	1	1.0
I_3-4	AcrE	3000499	1	0	0.0	0	0.0
I_3-4	AcrF	3000502	1	0	0.0	0	0.0
I_3-4	AcrS	3000656	1	0	0.0	0	0.0
I_3-4	ArnT	3005053	12	0	0.0	0	0.0
I_3-4	Bifidobacterium adolescentis rpoB mutants conferring resistance to rifampicin	3004480	2	0	0.0	0	0.0
I_3-4	CARB-3	3002242	1	0	0.0	0	0.0
I_3-4	CARB-4	3002243	1	0	0.0	0	0.0
I_3-4	CMY-4	3002015	1	0	0.0	0	0.0
I_3-4	CMY-48	3002059	1	0	0.0	0	0.0
I_3-4	CRP	3000518	4	0	0.0	0	0.0
I_3-4	CTX-M-15	3001878	1	1	1.0	1	1.0
I_3-4	Campylobacter coli chloramphenicol acetyltransferase	3004454	1	0	0.0	0	0.0
I_3-4	CblA-1	3002999	1	0	0.0	0	0.0
I_3-4	CfxA3	3003003	1	1	1.0	1	1.0
I_3-4	CfxA6	3003097	1	0	0.0	0	0.0
I_3-4	Clostridioides difficile gyrB conferring resistance to fluoroquinolones	3004562	1	0	0.0	0	0.0
I_3-4	DHA-1	3002132	1	1	1.0	1	1.0
I_3-4	EC-14	3006875	1	0	0.0	0	0.0
I_3-4	EreA	3000361	1	0	0.0	0	0.0
I_3-4	EreA2	3002826	1	0	0.0	0	0.0
I_3-4	EreB	3000363	1	0	0.0	0	0.0
I_3-4	EreD	3004608	2	0	0.0	0	0.0
I_3-4	Erm(35)	3000604	1	0	0.0	0	0.0
I_3-4	Erm(51)	3007033	1	1	1.0	1	1.0
I_3-4	ErmA	3000347	1	1	1.0	1	1.0
I_3-4	ErmB	3000375	2	2	1.0	2	1.0
I_3-4	ErmF	3000498	1	0	0.0	0	0.0
I_3-4	ErmG	3000522	2	0	0.0	0	0.0
I_3-4	ErmQ	3000593	1	0	0.0	0	0.0
I_3-4	ErmT	3000595	2	1	0.5	1	0.5
I_3-4	ErmX	3000596	1	1	1.0	1	1.0
I_3-4	Escherichia coli AcrAB-TolC with AcrR mutation conferring resistance to ciprofloxacin, tetracycline, and ceftazidime	3003807	1	1	1.0	1	1.0
I_3-4	Escherichia coli AcrAB-TolC with MarR mutations conferring resistance to ciprofloxacin and tetracycline	3003378	8	0	0.0	0	0.0
I_3-4	Escherichia coli EF-Tu mutants conferring resistance to Pulvomycin	3003369	3	0	0.0	0	0.0
I_3-4	Escherichia coli GlpT with mutation conferring resistance to fosfomycin	3003889	2	0	0.0	0	0.0
I_3-4	Escherichia coli UhpT with mutation conferring resistance to fosfomycin	3003890	1	0	0.0	0	0.0
I_3-4	Escherichia coli acrA	3004043	2	1	0.5	1	0.5
I_3-4	Escherichia coli emrE	3004039	1	0	0.0	0	0.0
I_3-4	Escherichia coli mdfA	3001328	2	1	0.5	1	0.5
I_3-4	Escherichia coli parC conferring resistance to fluoroquinolones	3003308	1	0	0.0	0	0.0
I_3-4	Escherichia coli soxR with mutation conferring antibiotic resistance	3003381	1	1	1.0	1	1.0
I_3-4	Escherichia coli soxS with mutation conferring antibiotic resistance	3003511	1	1	1.0	1	1.0
I_3-4	FosA2	3002804	2	0	0.0	0	0.0
I_3-4	FosA8	3007371	1	0	0.0	0	0.0
I_3-4	FosI	3007370	2	0	0.0	0	0.0
I_3-4	GES-1	3002330	1	0	0.0	0	0.0
I_3-4	H-NS	3000676	4	0	0.0	0	0.0
I_3-4	Haemophilus influenzae PBP3 conferring resistance to beta-lactam antibiotics	3004446	1	0	0.0	0	0.0
I_3-4	ICR-Mo	3004569	3	0	0.0	0	0.0
I_3-4	IDC-1	3005012	1	0	0.0	0	0.0
I_3-4	KPC-2	3002312	1	0	0.0	0	0.0
I_3-4	Klebsiella pneumoniae KpnE	3004580	8	0	0.0	0	0.0
I_3-4	Klebsiella pneumoniae KpnF	3004583	10	0	0.0	0	0.0
I_3-4	Klebsiella pneumoniae KpnH	3004597	10	0	0.0	0	0.0
I_3-4	Klebsiella pneumoniae OmpK37	3004122	1	0	0.0	0	0.0
I_3-4	LHK-6	3006940	1	0	0.0	0	0.0
I_3-4	LnuH	3004600	2	0	0.0	0	0.0
I_3-4	MCR-3.17	3007278	1	0	0.0	0	0.0
I_3-4	MCR-3.9	3004508	1	0	0.0	0	0.0
I_3-4	MCR-5.1	3004332	1	1	1.0	1	1.0
I_3-4	MOX-9	3002191	1	0	0.0	0	0.0
I_3-4	Mef(En2)	3004659	1	1	1.0	1	1.0
I_3-4	Mrx	3003839	1	1	1.0	1	1.0
I_3-4	Mycobacterium tuberculosis rpsL mutations conferring resistance to Streptomycin	3003395	2	0	0.0	0	0.0
I_3-4	NPS-1	3004239	1	0	0.0	0	0.0
I_3-4	OXA-1	3001396	1	0	0.0	0	0.0
I_3-4	OXA-10	3001405	1	1	1.0	1	1.0
I_3-4	OXA-101	3001439	1	0	0.0	0	0.0
I_3-4	OXA-119	3001775	1	0	0.0	0	0.0
I_3-4	OXA-129	3001811	1	0	0.0	0	0.0
I_3-4	OXA-181	3001784	1	1	1.0	1	1.0
I_3-4	OXA-21	3001416	1	0	0.0	0	0.0
I_3-4	OXA-333	3001521	1	0	0.0	0	0.0
I_3-4	OXA-347	3001777	1	0	0.0	0	0.0
I_3-4	OXA-46	3001797	1	0	0.0	0	0.0
I_3-4	OXA-5	3001400	1	0	0.0	0	0.0
I_3-4	OXA-504	3005734	1	0	0.0	0	0.0
I_3-4	OXA-780	3005983	1	0	0.0	0	0.0
I_3-4	OXA-917	3006103	1	0	0.0	0	0.0
I_3-4	OXY-1-3	3002391	1	0	0.0	0	0.0
I_3-4	OmpA	3005044	1	0	0.0	0	0.0
I_3-4	PAU-1	3006964	1	0	0.0	0	0.0
I_3-4	PER-3	3002365	1	0	0.0	0	0.0
I_3-4	PmrF	3003578	1	1	1.0	1	1.0
I_3-4	QnrD1	3002788	1	0	0.0	0	0.0
I_3-4	QnrS1	3002790	1	1	1.0	1	1.0
I_3-4	QnrS2	3002791	1	1	1.0	1	1.0
I_3-4	QnrVC1	3002799	1	0	0.0	0	0.0
I_3-4	QnrVC4	3002801	1	0	0.0	0	0.0
I_3-4	RSA-1	3004444	1	1	1.0	1	1.0
I_3-4	RSD2-2	3006983	1	0	0.0	0	0.0
I_3-4	SFO-1	3006986	1	0	0.0	0	0.0
I_3-4	SHV-1	3001059	1	1	1.0	1	1.0
I_3-4	TEM-1	3000873	1	1	1.0	1	1.0
I_3-4	VEB-19	3006214	1	0	0.0	0	0.0
I_3-4	VEB-3	3002372	1	0	0.0	0	0.0
I_3-4	YajC	3005040	1	0	0.0	0	0.0
I_3-4	YojI	3003952	1	0	0.0	0	0.0
I_3-4	aadA10	3004692	1	0	0.0	0	0.0
I_3-4	aadA15	3002615	1	0	0.0	0	0.0
I_3-4	aadA16	3002616	1	0	0.0	0	0.0
I_3-4	aadA27	3004682	2	0	0.0	0	0.0
I_3-4	aadA5	3002605	1	0	0.0	0	0.0
I_3-4	aadA6	3002606	1	0	0.0	0	0.0
I_3-4	aadS	3004683	1	1	1.0	1	1.0
I_3-4	acrB	3000216	1	1	1.0	1	1.0
I_3-4	adeF	3000777	38	1	0.02631578947368421	1	0.02631578947368421
I_3-4	aphA15	3004675	1	0	0.0	0	0.0
I_3-4	bacA	3002986	1	0	0.0	0	0.0
I_3-4	baeR	3000828	5	0	0.0	0	0.0
I_3-4	baeS	3000829	1	0	0.0	0	0.0
I_3-4	catB11	3004660	1	0	0.0	0	0.0
I_3-4	catB8	3002680	1	0	0.0	0	0.0
I_3-4	catQ	3002687	2	0	0.0	0	0.0
I_3-4	cmlA5	3002695	1	1	1.0	1	1.0
I_3-4	cmlA9	3005043	1	1	1.0	1	1.0
I_3-4	cmx	3002703	1	0	0.0	0	0.0
I_3-4	cpxA	3000830	1	0	0.0	0	0.0
I_3-4	dfrA1	3002854	1	0	0.0	0	0.0
I_3-4	dfrA12	3002858	1	0	0.0	0	0.0
I_3-4	dfrA14	3002859	1	1	1.0	1	1.0
I_3-4	dfrA15	3003013	1	1	1.0	1	1.0
I_3-4	dfrA17	3002860	1	0	0.0	0	0.0
I_3-4	dfrA19	3003015	1	0	0.0	0	0.0
I_3-4	dfrA23	3003019	1	0	0.0	0	0.0
I_3-4	dfrA3	3003105	1	0	0.0	0	0.0
I_3-4	dfrB5	3004549	1	0	0.0	0	0.0
I_3-4	dfrG	3002868	1	1	1.0	1	1.0
I_3-4	emrA	3000027	1	1	1.0	1	1.0
I_3-4	emrB	3000074	2	1	0.5	1	0.5
I_3-4	emrR	3000516	8	3	0.375	3	0.375
I_3-4	emrY	3000254	1	1	1.0	1	1.0
I_3-4	eptA	3003576	1	1	1.0	1	1.0
I_3-4	eptB	3005047	1	0	0.0	0	0.0
I_3-4	evgA	3000832	1	1	1.0	1	1.0
I_3-4	floR	3002705	1	1	1.0	1	1.0
I_3-4	fosA5	3003209	1	1	1.0	1	1.0
I_3-4	gadW	3003838	1	0	0.0	0	0.0
I_3-4	gadX	3000508	1	0	0.0	0	0.0
I_3-4	kdpE	3003841	2	1	0.5	1	0.5
I_3-4	leuO	3003843	7	0	0.0	0	0.0
I_3-4	lmrD	3002882	1	0	0.0	0	0.0
I_3-4	lnuA	3002835	1	0	0.0	0	0.0
I_3-4	lnuB	3002836	2	1	0.5	1	0.5
I_3-4	lnuC	3002837	1	0	0.0	0	0.0
I_3-4	marA	3000263	7	1	0.14285714285714285	1	0.14285714285714285
I_3-4	mcr-10.1	3007137	1	1	1.0	1	1.0
I_3-4	mdtA	3000792	1	0	0.0	0	0.0
I_3-4	mdtB	3000793	1	0	0.0	0	0.0
I_3-4	mdtC	3000794	1	0	0.0	0	0.0
I_3-4	mdtE	3000795	1	0	0.0	0	0.0
I_3-4	mdtF	3000796	1	0	0.0	0	0.0
I_3-4	mdtG	3001329	2	0	0.0	0	0.0
I_3-4	mdtH	3001216	1	0	0.0	0	0.0
I_3-4	mdtM	3001214	2	0	0.0	0	0.0
I_3-4	mdtN	3003548	1	1	1.0	1	1.0
I_3-4	mdtO	3003549	1	1	1.0	1	1.0
I_3-4	mdtP	3003550	1	1	1.0	1	1.0
I_3-4	mefJ	3007049	1	1	1.0	1	1.0
I_3-4	mphA	3000316	1	1	1.0	1	1.0
I_3-4	mphE	3003741	1	1	1.0	1	1.0
I_3-4	mphF	3003071	1	1	1.0	1	1.0
I_3-4	mphG	3003742	4	0	0.0	0	0.0
I_3-4	mreA	3007050	1	0	0.0	0	0.0
I_3-4	msbA	3003950	2	0	0.0	0	0.0
I_3-4	msrE	3003109	1	1	1.0	1	1.0
I_3-4	nimA	3007104	4	0	0.0	0	0.0
I_3-4	nimB	3004655	3	0	0.0	0	0.0
I_3-4	nimE	3007107	1	1	1.0	1	1.0
I_3-4	nimF	3007108	1	0	0.0	0	0.0
I_3-4	nimG	3007109	5	0	0.0	0	0.0
I_3-4	nimI	3007111	1	0	0.0	0	0.0
I_3-4	nimJ	3007112	8	1	0.125	1	0.125
I_3-4	patB	3000025	2	0	0.0	0	0.0
I_3-4	qacEdelta1	3005010	1	0	0.0	0	0.0
I_3-4	qacG	3007015	30	1	0.03333333333333333	1	0.03333333333333333
I_3-4	qacJ	3007014	17	3	0.17647058823529413	3	0.17647058823529413
I_3-4	qacL	3005098	3	0	0.0	0	0.0
I_3-4	ramA	3000823	3	1	0.3333333333333333	1	0.3333333333333333
I_3-4	rsmA	3005069	14	0	0.0	0	0.0
I_3-4	sul2	3000412	1	0	0.0	0	0.0
I_3-4	sul3	3000413	1	0	0.0	0	0.0
I_3-4	sul4	3004361	1	1	1.0	1	1.0
I_3-4	tet(32)	3000196	2	1	0.5	1	0.5
I_3-4	tet(33)	3000478	1	1	1.0	1	1.0
I_3-4	tet(36)	3000197	5	0	0.0	0	0.0
I_3-4	tet(40)	3000567	1	0	0.0	0	0.0
I_3-4	tet(44)	3000556	3	0	0.0	0	0.0
I_3-4	tet(45)	3003196	1	1	1.0	1	1.0
I_3-4	tet(A)	3000165	1	0	0.0	0	0.0
I_3-4	tet(B)	3000166	1	1	1.0	1	1.0
I_3-4	tet(C)	3000167	1	1	1.0	1	1.0
I_3-4	tet(M)	3000186	3	1	0.3333333333333333	0	0.0
I_3-4	tet(O)	3000190	1	0	0.0	0	0.0
I_3-4	tet(Q)	3000191	6	2	0.3333333333333333	2	0.3333333333333333
I_3-4	tet(S)	3000192	1	0	0.0	0	0.0
I_3-4	tet(U)	3004650	1	1	1.0	1	1.0
I_3-4	tet(W)	3000194	2	0	0.0	0	0.0
I_3-4	tet(W/N/W)	3004442	3	1	0.3333333333333333	1	0.3333333333333333
I_3-4	tetB(P)	3000195	2	0	0.0	0	0.0
I_3-4	tetR	3003479	1	1	1.0	1	1.0
I_3-4	ugd	3003577	1	0	0.0	0	0.0
I_3-4	vanG	3002909	16	1	0.0625	1	0.0625
I_3-4	vanH gene in vanB cluster	3002943	4	0	0.0	0	0.0
I_3-4	vanH gene in vanF cluster	3002945	1	0	0.0	0	0.0
I_3-4	vanH gene in vanM cluster	3002947	1	0	0.0	0	0.0
I_3-4	vanH gene in vanO cluster	3002948	6	0	0.0	0	0.0
I_3-4	vanT gene in vanE cluster	3002971	2	0	0.0	0	0.0
I_3-4	vanT gene in vanG cluster	3002972	119	1	0.008403361344537815	1	0.008403361344537815
I_3-4	vanU gene in vanG cluster	3004253	1	0	0.0	0	0.0
I_3-4	vanW gene in vanB cluster	3002964	1	0	0.0	0	0.0
I_3-4	vanW gene in vanG cluster	3002965	6	0	0.0	0	0.0
I_3-4	vanW gene in vanI cluster	3003724	53	0	0.0	0	0.0
I_3-4	vanX gene in vanA cluster	3002949	1	0	0.0	0	0.0
I_3-4	vanXY gene in vanG cluster	3003069	2	1	0.5	1	0.5
I_3-4	vanY gene in vanA cluster	3002955	6	0	0.0	0	0.0
I_3-4	vanY gene in vanB cluster	3002956	47	1	0.02127659574468085	1	0.02127659574468085
I_3-4	vanY gene in vanF cluster	3002958	12	0	0.0	0	0.0
I_3-4	vanY gene in vanG cluster	3002959	14	0	0.0	0	0.0
I_3-4	vanY gene in vanM cluster	3002961	16	1	0.0625	0	0.0
I_5-6	AAC(6')-Ib9	3002580	1	1	1.0	1	1.0
I_5-6	AAC(6')-Ie-APH(2'')-Ia bifunctional protein	3002597	1	0	0.0	0	0.0
I_5-6	ANT(2'')-Ia	3000230	1	1	1.0	1	1.0
I_5-6	ANT(3'')-IIa	3004089	1	0	0.0	0	0.0
I_5-6	ANT(6)-Ia	3002626	1	0	0.0	0	0.0
I_5-6	APH(3'')-Ib	3002639	1	1	1.0	1	1.0
I_5-6	APH(6)-Id	3002660	1	1	1.0	1	1.0
I_5-6	AcrE	3000499	1	0	0.0	0	0.0
I_5-6	AcrF	3000502	1	0	0.0	0	0.0
I_5-6	AcrS	3000656	1	0	0.0	0	0.0
I_5-6	ArnT	3005053	4	0	0.0	0	0.0
I_5-6	CMY-2	3002013	1	0	0.0	0	0.0
I_5-6	CRP	3000518	1	0	0.0	0	0.0
I_5-6	CfxA2	3003002	1	1	1.0	1	1.0
I_5-6	CfxA6	3003097	1	0	0.0	0	0.0
I_5-6	EreA	3000361	1	0	0.0	0	0.0
I_5-6	EreB	3000363	2	0	0.0	0	0.0
I_5-6	EreD	3004608	1	0	0.0	0	0.0
I_5-6	ErmB	3000375	1	0	0.0	0	0.0
I_5-6	ErmF	3000498	1	0	0.0	0	0.0
I_5-6	ErmX	3000596	1	1	1.0	1	1.0
I_5-6	Escherichia coli AcrAB-TolC with AcrR mutation conferring resistance to ciprofloxacin, tetracycline, and ceftazidime	3003807	1	0	0.0	0	0.0
I_5-6	Escherichia coli AcrAB-TolC with MarR mutations conferring resistance to ciprofloxacin and tetracycline	3003378	1	0	0.0	0	0.0
I_5-6	Escherichia coli EF-Tu mutants conferring resistance to Pulvomycin	3003369	1	0	0.0	0	0.0
I_5-6	Escherichia coli GlpT with mutation conferring resistance to fosfomycin	3003889	1	0	0.0	0	0.0
I_5-6	Escherichia coli acrA	3004043	1	0	0.0	0	0.0
I_5-6	Escherichia coli emrE	3004039	1	0	0.0	0	0.0
I_5-6	Escherichia coli mdfA	3001328	1	1	1.0	1	1.0
I_5-6	Escherichia coli soxR with mutation conferring antibiotic resistance	3003381	1	1	1.0	1	1.0
I_5-6	Escherichia coli soxS with mutation conferring antibiotic resistance	3003511	1	1	1.0	1	1.0
I_5-6	FosA8	3007371	2	0	0.0	0	0.0
I_5-6	FosG	3007368	1	0	0.0	0	0.0
I_5-6	FosI	3007370	1	0	0.0	0	0.0
I_5-6	FosXCC	3003208	1	0	0.0	0	0.0
I_5-6	GES-1	3002330	1	0	0.0	0	0.0
I_5-6	H-NS	3000676	1	0	0.0	0	0.0
I_5-6	Haemophilus influenzae PBP3 conferring resistance to beta-lactam antibiotics	3004446	1	0	0.0	0	0.0
I_5-6	ICR-Mo	3004569	1	0	0.0	0	0.0
I_5-6	Klebsiella pneumoniae KpnE	3004580	1	0	0.0	0	0.0
I_5-6	Klebsiella pneumoniae KpnF	3004583	1	0	0.0	0	0.0
I_5-6	Klebsiella pneumoniae KpnH	3004597	1	0	0.0	0	0.0
I_5-6	LnuH	3004600	1	0	0.0	0	0.0
I_5-6	MCR-3.9	3004508	1	0	0.0	0	0.0
I_5-6	MOX-12	3006477	1	0	0.0	0	0.0
I_5-6	Mrx	3003839	1	1	1.0	1	1.0
I_5-6	Mycobacterium tuberculosis folC with mutation conferring resistance to para-aminosalicylic acid	3004157	1	0	0.0	0	0.0
I_5-6	Mycobacterium tuberculosis intrinsic murA conferring resistance to fosfomycin	3003784	1	0	0.0	0	0.0
I_5-6	NPS-1	3004239	1	0	0.0	0	0.0
I_5-6	OXA-1	3001396	1	1	1.0	1	1.0
I_5-6	OXA-101	3001439	1	0	0.0	0	0.0
I_5-6	OXA-347	3001777	1	0	0.0	0	0.0
I_5-6	OXA-372	3001558	1	0	0.0	0	0.0
I_5-6	OXA-464	3003620	1	0	0.0	0	0.0
I_5-6	OXA-504	3005734	1	0	0.0	0	0.0
I_5-6	OXA-732	3005937	1	1	1.0	1	1.0
I_5-6	PmrF	3003578	1	1	1.0	1	1.0
I_5-6	QnrS1	3002790	1	0	0.0	0	0.0
I_5-6	QnrS2	3002791	1	0	0.0	0	0.0
I_5-6	QnrVC1	3002799	1	1	1.0	1	1.0
I_5-6	QnrVC4	3002801	1	1	1.0	1	1.0
I_5-6	RSA-1	3004444	1	1	1.0	1	1.0
I_5-6	RSD2-2	3006983	1	0	0.0	0	0.0
I_5-6	RbpA	3000245	2	0	0.0	0	0.0
I_5-6	VEB-19	3006214	1	0	0.0	0	0.0
I_5-6	VEB-3	3002372	1	0	0.0	0	0.0
I_5-6	aadA11	3002611	1	0	0.0	0	0.0
I_5-6	aadA13	3002613	1	0	0.0	0	0.0
I_5-6	aadA16	3002616	1	0	0.0	0	0.0
I_5-6	aadA2	3002602	1	1	1.0	1	1.0
I_5-6	aadA5	3002605	1	0	0.0	0	0.0
I_5-6	aadS	3004683	1	0	0.0	0	0.0
I_5-6	acrD	3000491	1	0	0.0	0	0.0
I_5-6	adeF	3000777	60	1	0.016666666666666666	1	0.016666666666666666
I_5-6	arr-2	3002847	1	1	1.0	1	1.0
I_5-6	baeR	3000828	1	0	0.0	0	0.0
I_5-6	catB3	3002676	1	0	0.0	0	0.0
I_5-6	catB8	3002680	1	0	0.0	0	0.0
I_5-6	catQ	3002687	1	0	0.0	0	0.0
I_5-6	cmlA5	3002695	1	1	1.0	1	1.0
I_5-6	dfrA1	3002854	1	1	1.0	1	1.0
I_5-6	dfrA14	3002859	1	1	1.0	1	1.0
I_5-6	dfrB5	3004549	1	0	0.0	0	0.0
I_5-6	dfrF	3002867	1	0	0.0	0	0.0
I_5-6	emrB	3000074	1	1	1.0	1	1.0
I_5-6	emrK	3000206	1	0	0.0	0	0.0
I_5-6	emrR	3000516	1	1	1.0	1	1.0
I_5-6	emrY	3000254	1	0	0.0	0	0.0
I_5-6	eptA	3003576	1	1	1.0	1	1.0
I_5-6	evgA	3000832	1	0	0.0	0	0.0
I_5-6	evgS	3000833	1	0	0.0	0	0.0
I_5-6	gadX	3000508	1	0	0.0	0	0.0
I_5-6	kdpE	3003841	1	1	1.0	1	1.0
I_5-6	leuO	3003843	1	0	0.0	0	0.0
I_5-6	lnuB	3002836	1	1	1.0	1	1.0
I_5-6	lsaE	3003206	1	1	1.0	1	1.0
I_5-6	marA	3000263	1	0	0.0	0	0.0
I_5-6	mdtE	3000795	1	0	0.0	0	0.0
I_5-6	mdtF	3000796	1	0	0.0	0	0.0
I_5-6	mdtG	3001329	1	1	1.0	1	1.0
I_5-6	mdtH	3001216	1	0	0.0	0	0.0
I_5-6	mdtM	3001214	1	1	1.0	1	1.0
I_5-6	mdtN	3003548	1	0	0.0	0	0.0
I_5-6	mdtO	3003549	1	0	0.0	0	0.0
I_5-6	mdtP	3003550	1	0	0.0	0	0.0
I_5-6	mefJ	3007049	1	0	0.0	0	0.0
I_5-6	mphA	3000316	1	1	1.0	1	1.0
I_5-6	mphE	3003741	1	0	0.0	0	0.0
I_5-6	mphG	3003742	2	0	0.0	0	0.0
I_5-6	msbA	3003950	1	0	0.0	0	0.0
I_5-6	msrE	3003109	1	0	0.0	0	0.0
I_5-6	nimA	3007104	4	1	0.25	1	0.25
I_5-6	nimB	3004655	1	0	0.0	0	0.0
I_5-6	nimE	3007107	2	1	0.5	1	0.5
I_5-6	nimG	3007109	1	0	0.0	0	0.0
I_5-6	nimJ	3007112	1	0	0.0	0	0.0
I_5-6	patB	3000025	1	0	0.0	0	0.0
I_5-6	qacG	3007015	17	2	0.11764705882352941	2	0.11764705882352941
I_5-6	qacJ	3007014	15	0	0.0	0	0.0
I_5-6	qacL	3005098	1	0	0.0	0	0.0
I_5-6	rsmA	3005069	7	0	0.0	0	0.0
I_5-6	sul1	3000410	1	0	0.0	0	0.0
I_5-6	sul2	3000412	1	0	0.0	0	0.0
I_5-6	sul4	3004361	1	0	0.0	0	0.0
I_5-6	tet(32)	3000196	1	1	1.0	1	1.0
I_5-6	tet(36)	3000197	1	0	0.0	0	0.0
I_5-6	tet(39)	3000566	1	0	0.0	0	0.0
I_5-6	tet(40)	3000567	1	0	0.0	0	0.0
I_5-6	tet(A)	3000165	1	1	1.0	1	1.0
I_5-6	tet(C)	3000167	1	0	0.0	0	0.0
I_5-6	tet(M)	3000186	2	0	0.0	0	0.0
I_5-6	tet(O)	3000190	2	0	0.0	0	0.0
I_5-6	tet(Q)	3000191	3	0	0.0	0	0.0
I_5-6	tet(S)	3000192	1	0	0.0	0	0.0
I_5-6	tet(W)	3000194	1	1	1.0	1	1.0
I_5-6	tetB(P)	3000195	2	0	0.0	0	0.0
I_5-6	vanG	3002909	4	0	0.0	0	0.0
I_5-6	vanH gene in vanB cluster	3002943	3	0	0.0	0	0.0
I_5-6	vanH gene in vanF cluster	3002945	2	0	0.0	0	0.0
I_5-6	vanH gene in vanO cluster	3002948	6	1	0.16666666666666666	1	0.16666666666666666
I_5-6	vanT gene in vanG cluster	3002972	94	0	0.0	0	0.0
I_5-6	vanW gene in vanB cluster	3002964	3	0	0.0	0	0.0
I_5-6	vanW gene in vanG cluster	3002965	8	0	0.0	0	0.0
I_5-6	vanW gene in vanI cluster	3003724	113	0	0.0	0	0.0
I_5-6	vanY gene in vanA cluster	3002955	10	0	0.0	0	0.0
I_5-6	vanY gene in vanB cluster	3002956	44	1	0.022727272727272728	0	0.0
I_5-6	vanY gene in vanF cluster	3002958	7	1	0.14285714285714285	0	0.0
I_5-6	vanY gene in vanG cluster	3002959	9	0	0.0	0	0.0
I_5-6	vanY gene in vanM cluster	3002961	26	0	0.0	0	0.0
I_7-8	AAC(3)-IId	3004623	1	1	1.0	1	1.0
I_7-8	AAC(6')-IIa	3002594	1	0	0.0	0	0.0
I_7-8	AAC(6')-IIc	3002596	1	0	0.0	0	0.0
I_7-8	AAC(6')-Ib9	3002580	1	1	1.0	1	1.0
I_7-8	AAC(6')-Ie-APH(2'')-Ia bifunctional protein	3002597	1	0	0.0	0	0.0
I_7-8	ACI-1	3004359	1	1	1.0	0	0.0
I_7-8	ACT-74	3006268	1	0	0.0	0	0.0
I_7-8	ACT-8	3001831	1	0	0.0	0	0.0
I_7-8	ANT(2'')-Ia	3000230	1	1	1.0	1	1.0
I_7-8	ANT(3'')-IIc	3004091	3	1	0.3333333333333333	1	0.3333333333333333
I_7-8	ANT(6)-Ia	3002626	1	0	0.0	0	0.0
I_7-8	APH(3'')-Ib	3002639	1	0	0.0	0	0.0
I_7-8	APH(3')-IIIa	3002647	1	0	0.0	0	0.0
I_7-8	APH(3')-Ia	3002641	1	0	0.0	0	0.0
I_7-8	APH(3')-Ib	3002642	1	1	1.0	1	1.0
I_7-8	APH(6)-Id	3002660	1	0	0.0	0	0.0
I_7-8	AcrE	3000499	1	0	0.0	0	0.0
I_7-8	AcrF	3000502	1	0	0.0	0	0.0
I_7-8	AcrS	3000656	1	0	0.0	0	0.0
I_7-8	ArnT	3005053	15	1	0.06666666666666667	1	0.06666666666666667
I_7-8	BRP(MBL)	3001205	1	1	1.0	1	1.0
I_7-8	Bifidobacterium adolescentis rpoB mutants conferring resistance to rifampicin	3004480	1	0	0.0	0	0.0
I_7-8	CARB-16	3002255	1	0	0.0	0	0.0
I_7-8	CARB-3	3002242	1	0	0.0	0	0.0
I_7-8	CMY-4	3002015	1	0	0.0	0	0.0
I_7-8	CMY-8b	3006464	1	0	0.0	0	0.0
I_7-8	CRP	3000518	4	0	0.0	0	0.0
I_7-8	CTX-M-15	3001878	1	0	0.0	0	0.0
I_7-8	CTX-M-95	3001955	1	1	1.0	1	1.0
I_7-8	Campylobacter coli chloramphenicol acetyltransferase	3004454	1	0	0.0	0	0.0
I_7-8	CblA-1	3002999	1	0	0.0	0	0.0
I_7-8	CepA-44	3006225	1	0	0.0	0	0.0
I_7-8	CfxA3	3003003	1	0	0.0	0	0.0
I_7-8	CfxA6	3003097	1	0	0.0	0	0.0
I_7-8	DHA-1	3002132	1	1	1.0	1	1.0
I_7-8	EC-14	3006875	1	0	0.0	0	0.0
I_7-8	EreA	3000361	1	0	0.0	0	0.0
I_7-8	EreA2	3002826	1	0	0.0	0	0.0
I_7-8	EreB	3000363	2	0	0.0	0	0.0
I_7-8	EreD	3004608	2	0	0.0	0	0.0
I_7-8	Erm(35)	3000604	1	0	0.0	0	0.0
I_7-8	Erm(51)	3007033	1	1	1.0	1	1.0
I_7-8	ErmA	3000347	1	1	1.0	1	1.0
I_7-8	ErmB	3000375	1	1	1.0	1	1.0
I_7-8	ErmF	3000498	1	0	0.0	0	0.0
I_7-8	ErmG	3000522	2	0	0.0	0	0.0
I_7-8	ErmQ	3000593	1	0	0.0	0	0.0
I_7-8	ErmT	3000595	2	1	0.5	1	0.5
I_7-8	ErmX	3000596	1	0	0.0	0	0.0
I_7-8	Escherichia coli AcrAB-TolC with AcrR mutation conferring resistance to ciprofloxacin, tetracycline, and ceftazidime	3003807	1	0	0.0	0	0.0
I_7-8	Escherichia coli AcrAB-TolC with MarR mutations conferring resistance to ciprofloxacin and tetracycline	3003378	6	0	0.0	0	0.0
I_7-8	Escherichia coli EF-Tu mutants conferring resistance to Pulvomycin	3003369	3	0	0.0	0	0.0
I_7-8	Escherichia coli GlpT with mutation conferring resistance to fosfomycin	3003889	1	0	0.0	0	0.0
I_7-8	Escherichia coli acrA	3004043	1	0	0.0	0	0.0
I_7-8	Escherichia coli emrE	3004039	2	0	0.0	0	0.0
I_7-8	Escherichia coli soxR with mutation conferring antibiotic resistance	3003381	1	1	1.0	1	1.0
I_7-8	Escherichia coli soxS with mutation conferring antibiotic resistance	3003511	2	2	1.0	2	1.0
I_7-8	FosA2	3002804	2	0	0.0	0	0.0
I_7-8	FosA8	3007371	3	0	0.0	0	0.0
I_7-8	FosG	3007368	2	0	0.0	0	0.0
I_7-8	FosI	3007370	1	0	0.0	0	0.0
I_7-8	FosXCC	3003208	1	0	0.0	0	0.0
I_7-8	GES-1	3002330	1	0	0.0	0	0.0
I_7-8	H-NS	3000676	5	0	0.0	0	0.0
I_7-8	Haemophilus influenzae PBP3 conferring resistance to beta-lactam antibiotics	3004446	4	0	0.0	0	0.0
I_7-8	ICR-Mo	3004569	3	0	0.0	0	0.0
I_7-8	IDC-1	3005012	1	0	0.0	0	0.0
I_7-8	KPC-2	3002312	1	1	1.0	1	1.0
I_7-8	Klebsiella pneumoniae KpnE	3004580	12	0	0.0	0	0.0
I_7-8	Klebsiella pneumoniae KpnF	3004583	10	0	0.0	0	0.0
I_7-8	Klebsiella pneumoniae KpnG	3004588	1	0	0.0	0	0.0
I_7-8	Klebsiella pneumoniae KpnH	3004597	9	0	0.0	0	0.0
I_7-8	Klebsiella pneumoniae OmpK37	3004122	1	0	0.0	0	0.0
I_7-8	LHK-6	3006940	1	0	0.0	0	0.0
I_7-8	LnuH	3004600	1	0	0.0	0	0.0
I_7-8	LptD	3005059	1	0	0.0	0	0.0
I_7-8	MCR-3.17	3007278	1	0	0.0	0	0.0
I_7-8	MCR-5.1	3004332	1	1	1.0	1	1.0
I_7-8	MIR-7	3002172	1	0	0.0	0	0.0
I_7-8	Mef(En2)	3004659	1	1	1.0	1	1.0
I_7-8	Mrx	3003839	1	1	1.0	1	1.0
I_7-8	Mycobacterium tuberculosis rpsL mutations conferring resistance to Streptomycin	3003395	5	0	0.0	0	0.0
I_7-8	NDM-5	3000467	1	1	1.0	1	1.0
I_7-8	NPS-1	3004239	1	0	0.0	0	0.0
I_7-8	OKP-B-4	3002437	1	1	1.0	1	1.0
I_7-8	OXA-10	3001405	1	1	1.0	1	1.0
I_7-8	OXA-129	3001811	1	0	0.0	0	0.0
I_7-8	OXA-181	3001784	1	0	0.0	0	0.0
I_7-8	OXA-2	3001397	1	1	1.0	1	1.0
I_7-8	OXA-205	3001483	1	1	1.0	1	1.0
I_7-8	OXA-21	3001416	1	0	0.0	0	0.0
I_7-8	OXA-347	3001777	1	0	0.0	0	0.0
I_7-8	OXA-5	3001400	1	0	0.0	0	0.0
I_7-8	OXA-504	3005734	2	0	0.0	0	0.0
I_7-8	OXA-664	3004479	1	0	0.0	0	0.0
I_7-8	OXA-732	3005937	1	0	0.0	0	0.0
I_7-8	OXA-912	3006099	1	0	0.0	0	0.0
I_7-8	PAC-1	3005150	1	0	0.0	0	0.0
I_7-8	PAU-1	3006964	1	0	0.0	0	0.0
I_7-8	PER-3	3002365	1	1	1.0	1	1.0
I_7-8	PmrF	3003578	2	1	0.5	1	0.5
I_7-8	QnrB10	3002724	1	0	0.0	0	0.0
I_7-8	QnrD1	3002788	1	0	0.0	0	0.0
I_7-8	QnrS1	3002790	1	1	1.0	1	1.0
I_7-8	QnrS2	3002791	1	0	0.0	0	0.0
I_7-8	QnrVC1	3002799	1	0	0.0	0	0.0
I_7-8	QnrVC4	3002801	1	0	0.0	0	0.0
I_7-8	RSA-1	3004444	1	1	1.0	1	1.0
I_7-8	SAT-2	3002895	1	0	0.0	0	0.0
I_7-8	SAT-4	3002897	1	0	0.0	0	0.0
I_7-8	SHV-1	3001059	1	1	1.0	1	1.0
I_7-8	TEM-1	3000873	1	0	0.0	0	0.0
I_7-8	VEB-15	3006212	1	1	1.0	1	1.0
I_7-8	VEB-3	3002372	1	1	1.0	1	1.0
I_7-8	Vibrio anguillarum chloramphenicol acetyltransferase	3004460	1	0	0.0	0	0.0
I_7-8	YajC	3005040	1	0	0.0	0	0.0
I_7-8	YojI	3003952	1	0	0.0	0	0.0
I_7-8	aadA	3002601	1	1	1.0	1	1.0
I_7-8	aadA10	3004692	1	0	0.0	0	0.0
I_7-8	aadA16	3002616	1	0	0.0	0	0.0
I_7-8	aadA2	3002602	1	0	0.0	0	0.0
I_7-8	aadA27	3004682	1	1	1.0	1	1.0
I_7-8	aadA5	3002605	1	0	0.0	0	0.0
I_7-8	aadS	3004683	1	0	0.0	0	0.0
I_7-8	acrB	3000216	1	0	0.0	0	0.0
I_7-8	adeF	3000777	50	1	0.02	1	0.02
I_7-8	arr-8	3002853	1	0	0.0	0	0.0
I_7-8	baeR	3000828	3	1	0.3333333333333333	1	0.3333333333333333
I_7-8	baeS	3000829	1	1	1.0	1	1.0
I_7-8	catB3	3002676	1	1	1.0	1	1.0
I_7-8	catI	3002683	1	0	0.0	0	0.0
I_7-8	catQ	3002687	2	0	0.0	0	0.0
I_7-8	cmlA5	3002695	1	1	1.0	1	1.0
I_7-8	cmlA9	3005043	1	1	1.0	1	1.0
I_7-8	cmx	3002703	1	1	1.0	1	1.0
I_7-8	dfrA12	3002858	1	0	0.0	0	0.0
I_7-8	dfrA14	3002859	1	1	1.0	1	1.0
I_7-8	dfrA15	3003013	1	1	1.0	1	1.0
I_7-8	dfrA17	3002860	1	0	0.0	0	0.0
I_7-8	dfrA23	3003019	1	0	0.0	0	0.0
I_7-8	dfrA3	3003105	1	0	0.0	0	0.0
I_7-8	dfrA32	3004555	1	0	0.0	0	0.0
I_7-8	dfrB5	3004549	1	0	0.0	0	0.0
I_7-8	dfrG	3002868	1	1	1.0	1	1.0
I_7-8	emrA	3000027	1	1	1.0	1	1.0
I_7-8	emrB	3000074	4	1	0.25	1	0.25
I_7-8	emrR	3000516	5	2	0.4	2	0.4
I_7-8	emrY	3000254	1	1	1.0	1	1.0
I_7-8	eptA	3003576	2	1	0.5	1	0.5
I_7-8	evgA	3000832	1	1	1.0	1	1.0
I_7-8	evgS	3000833	1	1	1.0	1	1.0
I_7-8	floR	3002705	1	1	1.0	1	1.0
I_7-8	fosA5	3003209	1	0	0.0	0	0.0
I_7-8	gadX	3000508	1	0	0.0	0	0.0
I_7-8	kdpE	3003841	1	0	0.0	0	0.0
I_7-8	leuO	3003843	8	0	0.0	0	0.0
I_7-8	lmrD	3002882	1	0	0.0	0	0.0
I_7-8	lnuA	3002835	1	0	0.0	0	0.0
I_7-8	lnuB	3002836	2	0	0.0	0	0.0
I_7-8	lnuC	3002837	1	0	0.0	0	0.0
I_7-8	lsaE	3003206	1	0	0.0	0	0.0
I_7-8	marA	3000263	8	1	0.125	1	0.125
I_7-8	mcr-10.1	3007137	1	1	1.0	1	1.0
I_7-8	mdtA	3000792	1	1	1.0	1	1.0
I_7-8	mdtC	3000794	1	1	1.0	1	1.0
I_7-8	mdtE	3000795	1	0	0.0	0	0.0
I_7-8	mdtF	3000796	1	0	0.0	0	0.0
I_7-8	mdtG	3001329	1	0	0.0	0	0.0
I_7-8	mdtH	3001216	1	0	0.0	0	0.0
I_7-8	mdtM	3001214	1	0	0.0	0	0.0
I_7-8	mdtP	3003550	1	0	0.0	0	0.0
I_7-8	mefH	3007047	1	0	0.0	0	0.0
I_7-8	mefJ	3007049	1	1	1.0	1	1.0
I_7-8	mphA	3000316	1	1	1.0	1	1.0
I_7-8	mphE	3003741	1	1	1.0	1	1.0
I_7-8	mphF	3003071	1	1	1.0	1	1.0
I_7-8	mphG	3003742	4	0	0.0	0	0.0
I_7-8	msbA	3003950	2	0	0.0	0	0.0
I_7-8	msrE	3003109	1	1	1.0	1	1.0
I_7-8	nimA	3007104	3	0	0.0	0	0.0
I_7-8	nimB	3004655	3	1	0.3333333333333333	1	0.3333333333333333
I_7-8	nimE	3007107	3	1	0.3333333333333333	1	0.3333333333333333
I_7-8	nimG	3007109	5	0	0.0	0	0.0
I_7-8	nimI	3007111	1	0	0.0	0	0.0
I_7-8	nimJ	3007112	9	1	0.1111111111111111	1	0.1111111111111111
I_7-8	oqxA	3003922	1	0	0.0	0	0.0
I_7-8	patB	3000025	2	0	0.0	0	0.0
I_7-8	qacEdelta1	3005010	1	1	1.0	1	1.0
I_7-8	qacG	3007015	33	1	0.030303030303030304	1	0.030303030303030304
I_7-8	qacJ	3007014	15	0	0.0	0	0.0
I_7-8	qacL	3005098	3	0	0.0	0	0.0
I_7-8	ramA	3000823	2	0	0.0	0	0.0
I_7-8	rsmA	3005069	17	1	0.058823529411764705	1	0.058823529411764705
I_7-8	sul1	3000410	1	1	1.0	1	1.0
I_7-8	sul2	3000412	1	1	1.0	1	1.0
I_7-8	sul3	3000413	1	0	0.0	0	0.0
I_7-8	sul4	3004361	1	0	0.0	0	0.0
I_7-8	tet(32)	3000196	2	1	0.5	1	0.5
I_7-8	tet(33)	3000478	1	1	1.0	1	1.0
I_7-8	tet(36)	3000197	2	1	0.5	1	0.5
I_7-8	tet(40)	3000567	1	1	1.0	1	1.0
I_7-8	tet(44)	3000556	3	0	0.0	0	0.0
I_7-8	tet(45)	3003196	1	1	1.0	1	1.0
I_7-8	tet(A)	3000165	1	1	1.0	1	1.0
I_7-8	tet(B)	3000166	1	1	1.0	1	1.0
I_7-8	tet(C)	3000167	1	0	0.0	0	0.0
I_7-8	tet(M)	3000186	4	0	0.0	0	0.0
I_7-8	tet(O)	3000190	1	0	0.0	0	0.0
I_7-8	tet(Q)	3000191	6	1	0.16666666666666666	1	0.16666666666666666
I_7-8	tet(S)	3000192	1	0	0.0	0	0.0
I_7-8	tet(W)	3000194	1	1	1.0	1	1.0
I_7-8	tet(W/N/W)	3004442	1	1	1.0	1	1.0
I_7-8	tetB(P)	3000195	2	2	1.0	2	1.0
I_7-8	tetR	3003479	1	1	1.0	1	1.0
I_7-8	vanG	3002909	14	0	0.0	0	0.0
I_7-8	vanH gene in vanA cluster	3002942	1	0	0.0	0	0.0
I_7-8	vanH gene in vanB cluster	3002943	3	1	0.3333333333333333	0	0.0
I_7-8	vanH gene in vanF cluster	3002945	1	0	0.0	0	0.0
I_7-8	vanH gene in vanO cluster	3002948	7	0	0.0	0	0.0
I_7-8	vanT gene in vanE cluster	3002971	1	0	0.0	0	0.0
I_7-8	vanT gene in vanG cluster	3002972	107	0	0.0	0	0.0
I_7-8	vanU gene in vanG cluster	3004253	1	0	0.0	0	0.0
I_7-8	vanW gene in vanG cluster	3002965	12	0	0.0	0	0.0
I_7-8	vanW gene in vanI cluster	3003724	57	0	0.0	0	0.0
I_7-8	vanX gene in vanA cluster	3002949	1	0	0.0	0	0.0
I_7-8	vanX gene in vanP cluster	3007190	1	0	0.0	0	0.0
I_7-8	vanXY gene in vanG cluster	3003069	1	0	0.0	0	0.0
I_7-8	vanY gene in vanA cluster	3002955	5	0	0.0	0	0.0
I_7-8	vanY gene in vanB cluster	3002956	45	4	0.08888888888888889	3	0.06666666666666667
I_7-8	vanY gene in vanF cluster	3002958	9	0	0.0	0	0.0
I_7-8	vanY gene in vanG cluster	3002959	9	0	0.0	0	0.0
I_7-8	vanY gene in vanM cluster	3002961	17	0	0.0	0	0.0
I_9-10	AAC(3)-IId	3004623	1	1	1.0	1	1.0
I_9-10	AAC(6')-IIa	3002594	1	0	0.0	0	0.0
I_9-10	AAC(6')-IIc	3002596	1	0	0.0	0	0.0
I_9-10	AAC(6')-Ib9	3002580	1	0	0.0	0	0.0
I_9-10	AAC(6')-Ie-APH(2'')-Ia bifunctional protein	3002597	1	0	0.0	0	0.0
I_9-10	AAC(6')-Ii	3002556	1	1	1.0	1	1.0
I_9-10	AAC(6')-Iid	3002589	1	0	0.0	0	0.0
I_9-10	ACT-17	3001838	1	0	0.0	0	0.0
I_9-10	ACT-51	3006246	1	0	0.0	0	0.0
I_9-10	ACT-8	3001831	1	0	0.0	0	0.0
I_9-10	ANT(2'')-Ia	3000230	1	1	1.0	1	1.0
I_9-10	ANT(3'')-IIc	3004091	3	1	0.3333333333333333	1	0.3333333333333333
I_9-10	ANT(6)-Ib	3002629	1	0	0.0	0	0.0
I_9-10	APH(3')-IIIa	3002647	1	0	0.0	0	0.0
I_9-10	APH(3')-Ia	3002641	1	0	0.0	0	0.0
I_9-10	APH(3')-Ib	3002642	1	0	0.0	0	0.0
I_9-10	APH(3')-VIa	3002652	1	0	0.0	0	0.0
I_9-10	APH(6)-Id	3002660	1	1	1.0	1	1.0
I_9-10	AcrE	3000499	1	0	0.0	0	0.0
I_9-10	AcrS	3000656	1	0	0.0	0	0.0
I_9-10	ArnT	3005053	16	0	0.0	0	0.0
I_9-10	Bifidobacterium adolescentis rpoB mutants conferring resistance to rifampicin	3004480	1	0	0.0	0	0.0
I_9-10	CARB-3	3002242	1	0	0.0	0	0.0
I_9-10	CMY-152	3005216	1	0	0.0	0	0.0
I_9-10	CMY-4	3002015	1	0	0.0	0	0.0
I_9-10	CRP	3000518	4	0	0.0	0	0.0
I_9-10	CTX-M-124	3001983	1	1	1.0	1	1.0
I_9-10	CTX-M-15	3001878	1	1	1.0	1	1.0
I_9-10	CTX-M-78	3001939	1	0	0.0	0	0.0
I_9-10	CTX-M-95	3001955	2	1	0.5	1	0.5
I_9-10	Campylobacter coli chloramphenicol acetyltransferase	3004454	1	0	0.0	0	0.0
I_9-10	CblA-1	3002999	1	0	0.0	0	0.0
I_9-10	CfxA3	3003003	1	1	1.0	1	1.0
I_9-10	CfxA6	3003097	1	0	0.0	0	0.0
I_9-10	Clostridioides difficile gyrB conferring resistance to fluoroquinolones	3004562	1	0	0.0	0	0.0
I_9-10	DHA-1	3002132	1	1	1.0	1	1.0
I_9-10	EBR-4	3005462	1	0	0.0	0	0.0
I_9-10	EC-15	3006876	1	0	0.0	0	0.0
I_9-10	EreA	3000361	1	0	0.0	0	0.0
I_9-10	EreA2	3002826	1	0	0.0	0	0.0
I_9-10	EreB	3000363	2	0	0.0	0	0.0
I_9-10	EreD	3004608	1	0	0.0	0	0.0
I_9-10	Erm(35)	3000604	1	1	1.0	1	1.0
I_9-10	Erm(47)	3003908	1	0	0.0	0	0.0
I_9-10	Erm(51)	3007033	1	1	1.0	1	1.0
I_9-10	ErmA	3000347	1	1	1.0	1	1.0
I_9-10	ErmB	3000375	1	1	1.0	1	1.0
I_9-10	ErmF	3000498	1	0	0.0	0	0.0
I_9-10	ErmG	3000522	2	0	0.0	0	0.0
I_9-10	ErmT	3000595	2	1	0.5	1	0.5
I_9-10	ErmX	3000596	1	0	0.0	0	0.0
I_9-10	Escherichia coli AcrAB-TolC with AcrR mutation conferring resistance to ciprofloxacin, tetracycline, and ceftazidime	3003807	1	1	1.0	1	1.0
I_9-10	Escherichia coli AcrAB-TolC with MarR mutations conferring resistance to ciprofloxacin and tetracycline	3003378	8	1	0.125	1	0.125
I_9-10	Escherichia coli EF-Tu mutants conferring resistance to Pulvomycin	3003369	6	0	0.0	0	0.0
I_9-10	Escherichia coli GlpT with mutation conferring resistance to fosfomycin	3003889	2	0	0.0	0	0.0
I_9-10	Escherichia coli acrA	3004043	1	1	1.0	1	1.0
I_9-10	Escherichia coli emrE	3004039	2	0	0.0	0	0.0
I_9-10	Escherichia coli mdfA	3001328	1	0	0.0	0	0.0
I_9-10	Escherichia coli soxR with mutation conferring antibiotic resistance	3003381	1	1	1.0	1	1.0
I_9-10	Escherichia coli soxS with mutation conferring antibiotic resistance	3003511	2	2	1.0	2	1.0
I_9-10	FOX-5	3002159	1	0	0.0	0	0.0
I_9-10	FosA2	3002804	1	0	0.0	0	0.0
I_9-10	FosA4	3003210	1	0	0.0	0	0.0
I_9-10	FosA8	3007371	4	0	0.0	0	0.0
I_9-10	FosG	3007368	2	0	0.0	0	0.0
I_9-10	FosH	3007369	2	0	0.0	0	0.0
I_9-10	FosI	3007370	1	0	0.0	0	0.0
I_9-10	GES-5	3002334	1	1	1.0	1	1.0
I_9-10	H-NS	3000676	6	0	0.0	0	0.0
I_9-10	Haemophilus influenzae PBP3 conferring resistance to beta-lactam antibiotics	3004446	3	0	0.0	0	0.0
I_9-10	ICR-Mo	3004569	2	0	0.0	0	0.0
I_9-10	KPC-2	3002312	1	1	1.0	1	1.0
I_9-10	Klebsiella pneumoniae KpnE	3004580	11	0	0.0	0	0.0
I_9-10	Klebsiella pneumoniae KpnF	3004583	12	0	0.0	0	0.0
I_9-10	Klebsiella pneumoniae KpnG	3004588	1	0	0.0	0	0.0
I_9-10	Klebsiella pneumoniae KpnH	3004597	6	0	0.0	0	0.0
I_9-10	Laribacter hongkongensis ampC beta-lactamase	3004292	1	0	0.0	0	0.0
I_9-10	LnuH	3004600	2	0	0.0	0	0.0
I_9-10	LptD	3005059	1	0	0.0	0	0.0
I_9-10	MCR-3.17	3007278	1	0	0.0	0	0.0
I_9-10	MCR-5.1	3004332	1	1	1.0	1	1.0
I_9-10	Mef(En2)	3004659	1	0	0.0	0	0.0
I_9-10	Mrx	3003839	1	1	1.0	1	1.0
I_9-10	Mycobacterium tuberculosis rpsL mutations conferring resistance to Streptomycin	3003395	3	0	0.0	0	0.0
I_9-10	NPS-1	3004239	1	1	1.0	1	1.0
I_9-10	OKP-B-4	3002437	1	0	0.0	0	0.0
I_9-10	OXA-1	3001396	1	0	0.0	0	0.0
I_9-10	OXA-10	3001405	1	1	1.0	1	1.0
I_9-10	OXA-101	3001439	1	0	0.0	0	0.0
I_9-10	OXA-119	3001775	1	0	0.0	0	0.0
I_9-10	OXA-129	3001811	1	0	0.0	0	0.0
I_9-10	OXA-181	3001784	1	0	0.0	0	0.0
I_9-10	OXA-2	3001397	1	0	0.0	0	0.0
I_9-10	OXA-205	3001483	1	0	0.0	0	0.0
I_9-10	OXA-347	3001777	1	0	0.0	0	0.0
I_9-10	OXA-504	3005734	2	0	0.0	0	0.0
I_9-10	OXA-726	3005931	1	0	0.0	0	0.0
I_9-10	OXA-732	3005937	1	0	0.0	0	0.0
I_9-10	OXA-779	3005315	1	0	0.0	0	0.0
I_9-10	OXA-912	3006099	1	0	0.0	0	0.0
I_9-10	OXA-917	3006103	1	0	0.0	0	0.0
I_9-10	OXY-1-4	3002392	1	0	0.0	0	0.0
I_9-10	OmpA	3005044	1	0	0.0	0	0.0
I_9-10	PAU-1	3006964	1	0	0.0	0	0.0
I_9-10	PER-3	3002365	1	0	0.0	0	0.0
I_9-10	PmrF	3003578	1	0	0.0	0	0.0
I_9-10	QnrB6	3002720	1	0	0.0	0	0.0
I_9-10	QnrD1	3002788	1	0	0.0	0	0.0
I_9-10	QnrS1	3002790	1	1	1.0	1	1.0
I_9-10	QnrS2	3002791	1	0	0.0	0	0.0
I_9-10	QnrVC1	3002799	1	1	1.0	1	1.0
I_9-10	QnrVC4	3002801	1	0	0.0	0	0.0
I_9-10	RSA-1	3004444	1	0	0.0	0	0.0
I_9-10	SAT-2	3002895	1	1	1.0	1	1.0
I_9-10	SAT-4	3002897	1	0	0.0	0	0.0
I_9-10	SHV-1	3001059	1	1	1.0	1	1.0
I_9-10	TEM-1	3000873	1	0	0.0	0	0.0
I_9-10	VEB-19	3006214	1	0	0.0	0	0.0
I_9-10	VEB-3	3002372	1	1	1.0	1	1.0
I_9-10	YajC	3005040	1	0	0.0	0	0.0
I_9-10	YojI	3003952	1	0	0.0	0	0.0
I_9-10	aadA	3002601	1	0	0.0	0	0.0
I_9-10	aadA10	3004692	1	0	0.0	0	0.0
I_9-10	aadA13	3002613	1	0	0.0	0	0.0
I_9-10	aadA16	3002616	1	0	0.0	0	0.0
I_9-10	aadA2	3002602	1	1	1.0	1	1.0
I_9-10	aadA27	3004682	1	1	1.0	1	1.0
I_9-10	aadA4	3002604	1	0	0.0	0	0.0
I_9-10	aadA5	3002605	1	1	1.0	1	1.0
I_9-10	aadA6	3002606	1	0	0.0	0	0.0
I_9-10	aadA7	3002607	1	0	0.0	0	0.0
I_9-10	aadS	3004683	1	0	0.0	0	0.0
I_9-10	acrB	3000216	2	1	0.5	1	0.5
I_9-10	acrD	3000491	1	0	0.0	0	0.0
I_9-10	adeF	3000777	50	2	0.04	2	0.04
I_9-10	arr-8	3002853	1	0	0.0	0	0.0
I_9-10	bacA	3002986	1	0	0.0	0	0.0
I_9-10	baeR	3000828	6	1	0.16666666666666666	1	0.16666666666666666
I_9-10	baeS	3000829	1	0	0.0	0	0.0
I_9-10	catB10	3003110	1	0	0.0	0	0.0
I_9-10	catB8	3002680	1	0	0.0	0	0.0
I_9-10	catI	3002683	1	0	0.0	0	0.0
I_9-10	catQ	3002687	3	0	0.0	0	0.0
I_9-10	cmlA5	3002695	1	1	1.0	1	1.0
I_9-10	cmlA9	3005043	1	1	1.0	1	1.0
I_9-10	cmx	3002703	1	1	1.0	1	1.0
I_9-10	cpxA	3000830	1	0	0.0	0	0.0
I_9-10	dfrA1	3002854	1	0	0.0	0	0.0
I_9-10	dfrA10	3003011	1	0	0.0	0	0.0
I_9-10	dfrA12	3002858	1	0	0.0	0	0.0
I_9-10	dfrA14	3002859	1	1	1.0	1	1.0
I_9-10	dfrA15	3003013	1	1	1.0	1	1.0
I_9-10	dfrA17	3002860	1	0	0.0	0	0.0
I_9-10	dfrA19	3003015	1	0	0.0	0	0.0
I_9-10	dfrA23	3003019	1	0	0.0	0	0.0
I_9-10	dfrA27	3004550	1	0	0.0	0	0.0
I_9-10	dfrA3	3003105	1	0	0.0	0	0.0
I_9-10	dfrF	3002867	1	0	0.0	0	0.0
I_9-10	dfrG	3002868	1	1	1.0	1	1.0
I_9-10	efmA	3003954	1	0	0.0	0	0.0
I_9-10	emrA	3000027	1	1	1.0	1	1.0
I_9-10	emrB	3000074	6	3	0.5	3	0.5
I_9-10	emrR	3000516	3	2	0.6666666666666666	2	0.6666666666666666
I_9-10	emrY	3000254	1	1	1.0	1	1.0
I_9-10	eptA	3003576	1	1	1.0	1	1.0
I_9-10	eptB	3005047	3	2	0.6666666666666666	2	0.6666666666666666
I_9-10	evgA	3000832	1	1	1.0	1	1.0
I_9-10	evgS	3000833	1	1	1.0	1	1.0
I_9-10	floR	3002705	1	1	1.0	1	1.0
I_9-10	fosA5	3003209	4	1	0.25	1	0.25
I_9-10	gadW	3003838	1	0	0.0	0	0.0
I_9-10	gadX	3000508	1	0	0.0	0	0.0
I_9-10	kdpE	3003841	1	1	1.0	1	1.0
I_9-10	leuO	3003843	12	0	0.0	0	0.0
I_9-10	lmrD	3002882	1	0	0.0	0	0.0
I_9-10	lnuA	3002835	1	0	0.0	0	0.0
I_9-10	lnuB	3002836	2	1	0.5	1	0.5
I_9-10	lnuC	3002837	1	0	0.0	0	0.0
I_9-10	marA	3000263	7	1	0.14285714285714285	1	0.14285714285714285
I_9-10	mcr-10.1	3007137	1	0	0.0	0	0.0
I_9-10	mdtA	3000792	1	1	1.0	1	1.0
I_9-10	mdtB	3000793	1	1	1.0	1	1.0
I_9-10	mdtC	3000794	1	0	0.0	0	0.0
I_9-10	mdtE	3000795	1	0	0.0	0	0.0
I_9-10	mdtF	3000796	1	0	0.0	0	0.0
I_9-10	mdtG	3001329	1	0	0.0	0	0.0
I_9-10	mdtH	3001216	1	0	0.0	0	0.0
I_9-10	mdtM	3001214	2	0	0.0	0	0.0
I_9-10	mdtP	3003550	1	1	1.0	1	1.0
I_9-10	mefF	3007044	1	1	1.0	1	1.0
I_9-10	mefH	3007047	1	0	0.0	0	0.0
I_9-10	mefJ	3007049	1	0	0.0	0	0.0
I_9-10	mphA	3000316	1	1	1.0	1	1.0
I_9-10	mphE	3003741	1	1	1.0	1	1.0
I_9-10	mphF	3003071	1	1	1.0	1	1.0
I_9-10	mphG	3003742	2	0	0.0	0	0.0
I_9-10	msbA	3003950	6	0	0.0	0	0.0
I_9-10	msr(G)	3007042	1	1	1.0	1	1.0
I_9-10	msrE	3003109	1	1	1.0	1	1.0
I_9-10	nimA	3007104	4	0	0.0	0	0.0
I_9-10	nimB	3004655	3	0	0.0	0	0.0
I_9-10	nimE	3007107	2	1	0.5	1	0.5
I_9-10	nimG	3007109	4	0	0.0	0	0.0
I_9-10	nimI	3007111	1	0	0.0	0	0.0
I_9-10	nimJ	3007112	9	1	0.1111111111111111	1	0.1111111111111111
I_9-10	oqxA	3003922	2	0	0.0	0	0.0
I_9-10	patB	3000025	1	0	0.0	0	0.0
I_9-10	qacEdelta1	3005010	1	1	1.0	1	1.0
I_9-10	qacG	3007015	44	0	0.0	0	0.0
I_9-10	qacJ	3007014	15	0	0.0	0	0.0
I_9-10	qacL	3005098	2	0	0.0	0	0.0
I_9-10	ramA	3000823	2	1	0.5	1	0.5
I_9-10	rsmA	3005069	19	0	0.0	0	0.0
I_9-10	sul3	3000413	1	0	0.0	0	0.0
I_9-10	sul4	3004361	1	0	0.0	0	0.0
I_9-10	tet(32)	3000196	2	1	0.5	1	0.5
I_9-10	tet(33)	3000478	1	1	1.0	1	1.0
I_9-10	tet(36)	3000197	7	0	0.0	0	0.0
I_9-10	tet(39)	3000566	1	1	1.0	1	1.0
I_9-10	tet(44)	3000556	4	0	0.0	0	0.0
I_9-10	tet(A)	3000165	1	1	1.0	1	1.0
I_9-10	tet(B)	3000166	1	1	1.0	1	1.0
I_9-10	tet(C)	3000167	1	0	0.0	0	0.0
I_9-10	tet(M)	3000186	2	0	0.0	0	0.0
I_9-10	tet(O)	3000190	1	0	0.0	0	0.0
I_9-10	tet(Q)	3000191	10	1	0.1	1	0.1
I_9-10	tet(S)	3000192	1	0	0.0	0	0.0
I_9-10	tet(U)	3004650	1	1	1.0	1	1.0
I_9-10	tet(W)	3000194	1	1	1.0	1	1.0
I_9-10	tet(W/N/W)	3004442	4	1	0.25	1	0.25
I_9-10	tetB(P)	3000195	2	2	1.0	2	1.0
I_9-10	tetR	3003479	1	1	1.0	1	1.0
I_9-10	ugd	3003577	1	0	0.0	0	0.0
I_9-10	vanG	3002909	23	1	0.043478260869565216	1	0.043478260869565216
I_9-10	vanH gene in vanA cluster	3002942	1	0	0.0	0	0.0
I_9-10	vanH gene in vanB cluster	3002943	3	0	0.0	0	0.0
I_9-10	vanH gene in vanF cluster	3002945	2	0	0.0	0	0.0
I_9-10	vanH gene in vanM cluster	3002947	1	0	0.0	0	0.0
I_9-10	vanH gene in vanO cluster	3002948	7	0	0.0	0	0.0
I_9-10	vanT gene in vanE cluster	3002971	3	0	0.0	0	0.0
I_9-10	vanT gene in vanG cluster	3002972	105	1	0.009523809523809525	1	0.009523809523809525
I_9-10	vanU gene in vanG cluster	3004253	1	0	0.0	0	0.0
I_9-10	vanW gene in vanG cluster	3002965	12	0	0.0	0	0.0
I_9-10	vanW gene in vanI cluster	3003724	64	1	0.015625	1	0.015625
I_9-10	vanXY gene in vanG cluster	3003069	2	1	0.5	1	0.5
I_9-10	vanY gene in vanA cluster	3002955	8	0	0.0	0	0.0
I_9-10	vanY gene in vanB cluster	3002956	49	2	0.04081632653061224	1	0.02040816326530612
I_9-10	vanY gene in vanF cluster	3002958	13	0	0.0	0	0.0
I_9-10	vanY gene in vanG cluster	3002959	17	0	0.0	0	0.0
I_9-10	vanY gene in vanM cluster	3002961	12	0	0.0	0	0.0
RW_1	AAC(3)-IId	3004623	1	1	1.0	1	1.0
RW_1	AAC(6')-I30	3002588	1	0	0.0	0	0.0
RW_1	AAC(6')-IIa	3002594	1	0	0.0	0	0.0
RW_1	AAC(6')-IIc	3002596	1	0	0.0	0	0.0
RW_1	AAC(6')-Ia	3002545	1	0	0.0	0	0.0
RW_1	AAC(6')-Ib9	3002580	1	1	1.0	1	1.0
RW_1	AAC(6')-Ie-APH(2'')-Ia bifunctional protein	3002597	1	0	0.0	0	0.0
RW_1	ACI-1	3004359	1	1	1.0	0	0.0
RW_1	ANT(2'')-Ia	3000230	1	1	1.0	1	1.0
RW_1	ANT(3'')-IIa	3004089	1	1	1.0	1	1.0
RW_1	ANT(3'')-IIc	3004091	1	1	1.0	1	1.0
RW_1	ANT(6)-Ia	3002626	1	0	0.0	0	0.0
RW_1	ANT(6)-Ib	3002629	1	0	0.0	0	0.0
RW_1	APH(2'')-Ie	3002634	1	0	0.0	0	0.0
RW_1	APH(3'')-Ib	3002639	1	1	1.0	1	1.0
RW_1	APH(3')-IIIa	3002647	1	0	0.0	0	0.0
RW_1	APH(3')-Ia	3002641	1	0	0.0	0	0.0
RW_1	APH(3')-Ib	3002642	1	1	1.0	1	1.0
RW_1	APH(3')-VIa	3002652	1	0	0.0	0	0.0
RW_1	APH(6)-Id	3002660	1	1	1.0	1	1.0
RW_1	AcrE	3000499	1	0	0.0	0	0.0
RW_1	AcrF	3000502	1	0	0.0	0	0.0
RW_1	AcrS	3000656	1	0	0.0	0	0.0
RW_1	ArnT	3005053	2	0	0.0	0	0.0
RW_1	BRP(MBL)	3001205	1	0	0.0	0	0.0
RW_1	CARB-16	3002255	1	0	0.0	0	0.0
RW_1	CARB-3	3002242	1	0	0.0	0	0.0
RW_1	CMY-4	3002015	1	0	0.0	0	0.0
RW_1	CRP	3000518	3	0	0.0	0	0.0
RW_1	CTX-M-3	3001866	1	0	0.0	0	0.0
RW_1	Campylobacter coli chloramphenicol acetyltransferase	3004454	1	0	0.0	0	0.0
RW_1	CblA-1	3002999	1	0	0.0	0	0.0
RW_1	CfxA3	3003003	1	1	1.0	1	1.0
RW_1	CfxA6	3003097	1	0	0.0	0	0.0
RW_1	DHA-1	3002132	1	1	1.0	1	1.0
RW_1	EC-15	3006876	1	0	0.0	0	0.0
RW_1	EreA	3000361	1	0	0.0	0	0.0
RW_1	EreA2	3002826	1	1	1.0	1	1.0
RW_1	EreB	3000363	2	0	0.0	0	0.0
RW_1	EreD	3004608	2	0	0.0	0	0.0
RW_1	Erm(35)	3000604	2	1	0.5	1	0.5
RW_1	Erm(51)	3007033	1	1	1.0	1	1.0
RW_1	ErmB	3000375	1	0	0.0	0	0.0
RW_1	ErmF	3000498	1	0	0.0	0	0.0
RW_1	ErmG	3000522	2	0	0.0	0	0.0
RW_1	ErmT	3000595	2	2	1.0	2	1.0
RW_1	ErmX	3000596	1	1	1.0	1	1.0
RW_1	Escherichia coli AcrAB-TolC with AcrR mutation conferring resistance to ciprofloxacin, tetracycline, and ceftazidime	3003807	1	0	0.0	0	0.0
RW_1	Escherichia coli AcrAB-TolC with MarR mutations conferring resistance to ciprofloxacin and tetracycline	3003378	1	1	1.0	1	1.0
RW_1	Escherichia coli EF-Tu mutants conferring resistance to Pulvomycin	3003369	2	0	0.0	0	0.0
RW_1	Escherichia coli GlpT with mutation conferring resistance to fosfomycin	3003889	1	0	0.0	0	0.0
RW_1	Escherichia coli acrA	3004043	1	0	0.0	0	0.0
RW_1	Escherichia coli emrE	3004039	1	0	0.0	0	0.0
RW_1	Escherichia coli mdfA	3001328	1	0	0.0	0	0.0
RW_1	Escherichia coli soxR with mutation conferring antibiotic resistance	3003381	1	1	1.0	1	1.0
RW_1	Escherichia coli soxS with mutation conferring antibiotic resistance	3003511	1	1	1.0	1	1.0
RW_1	FosA8	3007371	1	0	0.0	0	0.0
RW_1	FosG	3007368	1	0	0.0	0	0.0
RW_1	FosI	3007370	2	0	0.0	0	0.0
RW_1	GES-1	3002330	1	0	0.0	0	0.0
RW_1	H-NS	3000676	1	0	0.0	0	0.0
RW_1	Haemophilus influenzae PBP3 conferring resistance to beta-lactam antibiotics	3004446	2	0	0.0	0	0.0
RW_1	ICR-Mo	3004569	3	0	0.0	0	0.0
RW_1	Klebsiella pneumoniae KpnE	3004580	2	0	0.0	0	0.0
RW_1	Klebsiella pneumoniae KpnF	3004583	2	0	0.0	0	0.0
RW_1	Klebsiella pneumoniae KpnH	3004597	1	0	0.0	0	0.0
RW_1	Laribacter hongkongensis ampC beta-lactamase	3004292	1	0	0.0	0	0.0
RW_1	LnuH	3004600	2	0	0.0	0	0.0
RW_1	MCR-3.17	3007278	1	1	1.0	1	1.0
RW_1	MCR-5.1	3004332	1	1	1.0	1	1.0
RW_1	MOX-9	3002191	1	0	0.0	0	0.0
RW_1	Mef(En2)	3004659	1	1	1.0	1	1.0
RW_1	Mrx	3003839	1	1	1.0	1	1.0
RW_1	Mycobacterium tuberculosis rpsL mutations conferring resistance to Streptomycin	3003395	1	0	0.0	0	0.0
RW_1	NDM-4	3002355	1	0	0.0	0	0.0
RW_1	NPS-1	3004239	1	0	0.0	0	0.0
RW_1	OXA-1	3001396	1	0	0.0	0	0.0
RW_1	OXA-10	3001405	1	1	1.0	1	1.0
RW_1	OXA-2	3001397	1	0	0.0	0	0.0
RW_1	OXA-20	3001415	1	0	0.0	0	0.0
RW_1	OXA-21	3001416	1	0	0.0	0	0.0
RW_1	OXA-309	3001504	1	0	0.0	0	0.0
RW_1	OXA-347	3001777	1	0	0.0	0	0.0
RW_1	OXA-48	3001782	1	0	0.0	0	0.0
RW_1	OXA-726	3005931	1	0	0.0	0	0.0
RW_1	OXA-732	3005937	1	0	0.0	0	0.0
RW_1	OXA-917	3006103	1	0	0.0	0	0.0
RW_1	PER-1	3002363	1	1	1.0	1	1.0
RW_1	PmrF	3003578	1	0	0.0	0	0.0
RW_1	QnrD1	3002788	1	0	0.0	0	0.0
RW_1	QnrS1	3002790	1	1	1.0	1	1.0
RW_1	QnrS2	3002791	1	1	1.0	1	1.0
RW_1	QnrVC1	3002799	1	0	0.0	0	0.0
RW_1	QnrVC4	3002801	1	0	0.0	0	0.0
RW_1	RSA-1	3004444	1	1	1.0	1	1.0
RW_1	RSA-2	3004445	1	0	0.0	0	0.0
RW_1	SAT-4	3002897	1	0	0.0	0	0.0
RW_1	TRU-1	3004450	1	0	0.0	0	0.0
RW_1	VEB-19	3006214	1	0	0.0	0	0.0
RW_1	VEB-3	3002372	1	0	0.0	0	0.0
RW_1	YojI	3003952	1	0	0.0	0	0.0
RW_1	aad(6)	3002628	1	0	0.0	0	0.0
RW_1	aadA	3002601	1	0	0.0	0	0.0
RW_1	aadA13	3002613	1	0	0.0	0	0.0
RW_1	aadA16	3002616	1	0	0.0	0	0.0
RW_1	aadA2	3002602	1	0	0.0	0	0.0
RW_1	aadA27	3004682	1	0	0.0	0	0.0
RW_1	aadA4	3002604	1	0	0.0	0	0.0
RW_1	aadA5	3002605	1	0	0.0	0	0.0
RW_1	aadA6	3002606	1	0	0.0	0	0.0
RW_1	aadS	3004683	1	0	0.0	0	0.0
RW_1	acrB	3000216	1	0	0.0	0	0.0
RW_1	acrD	3000491	1	0	0.0	0	0.0
RW_1	adeF	3000777	37	2	0.05405405405405406	2	0.05405405405405406
RW_1	aphA15	3004675	1	0	0.0	0	0.0
RW_1	bacA	3002986	1	0	0.0	0	0.0
RW_1	baeR	3000828	1	1	1.0	1	1.0
RW_1	baeS	3000829	1	1	1.0	1	1.0
RW_1	catB3	3002676	1	0	0.0	0	0.0
RW_1	catB8	3002680	1	0	0.0	0	0.0
RW_1	catQ	3002687	3	0	0.0	0	0.0
RW_1	cmlA5	3002695	1	1	1.0	1	1.0
RW_1	cmlA9	3005043	1	1	1.0	1	1.0
RW_1	cpxA	3000830	1	1	1.0	1	1.0
RW_1	dfrA1	3002854	1	1	1.0	1	1.0
RW_1	dfrA12	3002858	1	0	0.0	0	0.0
RW_1	dfrA14	3002859	1	1	1.0	1	1.0
RW_1	dfrA15	3003013	1	0	0.0	0	0.0
RW_1	dfrB5	3004549	1	1	1.0	1	1.0
RW_1	dfrF	3002867	1	0	0.0	0	0.0
RW_1	dfrG	3002868	1	0	0.0	0	0.0
RW_1	emrA	3000027	1	1	1.0	1	1.0
RW_1	emrB	3000074	1	1	1.0	1	1.0
RW_1	emrR	3000516	2	2	1.0	2	1.0
RW_1	emrY	3000254	1	1	1.0	1	1.0
RW_1	evgA	3000832	1	1	1.0	1	1.0
RW_1	leuO	3003843	2	0	0.0	0	0.0
RW_1	lnuB	3002836	1	0	0.0	0	0.0
RW_1	lnuC	3002837	1	0	0.0	0	0.0
RW_1	lnuF	3002839	1	0	0.0	0	0.0
RW_1	marA	3000263	1	1	1.0	1	1.0
RW_1	mdtA	3000792	1	1	1.0	1	1.0
RW_1	mdtF	3000796	1	0	0.0	0	0.0
RW_1	mdtG	3001329	1	0	0.0	0	0.0
RW_1	mdtH	3001216	1	0	0.0	0	0.0
RW_1	mdtN	3003548	1	1	1.0	1	1.0
RW_1	mdtO	3003549	1	1	1.0	1	1.0
RW_1	mdtP	3003550	1	1	1.0	1	1.0
RW_1	mefJ	3007049	1	0	0.0	0	0.0
RW_1	mphA	3000316	1	1	1.0	1	1.0
RW_1	mphE	3003741	1	1	1.0	1	1.0
RW_1	mphF	3003071	1	1	1.0	1	1.0
RW_1	mphG	3003742	4	0	0.0	0	0.0
RW_1	msbA	3003950	1	0	0.0	0	0.0
RW_1	msrE	3003109	1	1	1.0	1	1.0
RW_1	nimA	3007104	2	0	0.0	0	0.0
RW_1	nimB	3004655	1	0	0.0	0	0.0
RW_1	nimE	3007107	2	1	0.5	1	0.5
RW_1	nimF	3007108	1	0	0.0	0	0.0
RW_1	nimG	3007109	7	0	0.0	0	0.0
RW_1	nimI	3007111	2	0	0.0	0	0.0
RW_1	nimJ	3007112	8	0	0.0	0	0.0
RW_1	patB	3000025	1	0	0.0	0	0.0
RW_1	poxtA	3004470	2	0	0.0	0	0.0
RW_1	qacEdelta1	3005010	1	0	0.0	0	0.0
RW_1	qacG	3007015	29	2	0.06896551724137931	2	0.06896551724137931
RW_1	qacJ	3007014	19	1	0.05263157894736842	1	0.05263157894736842
RW_1	qacL	3005098	2	1	0.5	1	0.5
RW_1	rsmA	3005069	10	0	0.0	0	0.0
RW_1	sul2	3000412	1	1	1.0	1	1.0
RW_1	sul3	3000413	1	0	0.0	0	0.0
RW_1	sul4	3004361	1	0	0.0	0	0.0
RW_1	tet(32)	3000196	1	1	1.0	1	1.0
RW_1	tet(36)	3000197	3	0	0.0	0	0.0
RW_1	tet(40)	3000567	1	1	1.0	1	1.0
RW_1	tet(44)	3000556	2	0	0.0	0	0.0
RW_1	tet(A)	3000165	1	1	1.0	1	1.0
RW_1	tet(H)	3000175	1	0	0.0	0	0.0
RW_1	tet(M)	3000186	6	0	0.0	0	0.0
RW_1	tet(O)	3000190	1	1	1.0	1	1.0
RW_1	tet(Q)	3000191	4	1	0.25	1	0.25
RW_1	tet(S)	3000192	1	0	0.0	0	0.0
RW_1	tet(W)	3000194	1	0	0.0	0	0.0
RW_1	tet(W/N/W)	3004442	1	1	1.0	1	1.0
RW_1	tetB(P)	3000195	3	1	0.3333333333333333	1	0.3333333333333333
RW_1	vanG	3002909	13	1	0.07692307692307693	1	0.07692307692307693
RW_1	vanH gene in vanB cluster	3002943	4	1	0.25	0	0.0
RW_1	vanH gene in vanF cluster	3002945	2	0	0.0	0	0.0
RW_1	vanH gene in vanM cluster	3002947	1	0	0.0	0	0.0
RW_1	vanH gene in vanO cluster	3002948	6	0	0.0	0	0.0
RW_1	vanT gene in vanC cluster	3002970	1	0	0.0	0	0.0
RW_1	vanT gene in vanE cluster	3002971	1	0	0.0	0	0.0
RW_1	vanT gene in vanG cluster	3002972	106	1	0.009433962264150943	1	0.009433962264150943
RW_1	vanTr gene in vanL cluster	3002974	1	0	0.0	0	0.0
RW_1	vanU gene in vanG cluster	3004253	1	0	0.0	0	0.0
RW_1	vanW gene in vanB cluster	3002964	2	0	0.0	0	0.0
RW_1	vanW gene in vanG cluster	3002965	7	0	0.0	0	0.0
RW_1	vanW gene in vanI cluster	3003724	63	1	0.015873015873015872	0	0.0
RW_1	vanXY gene in vanG cluster	3003069	1	1	1.0	1	1.0
RW_1	vanY gene in vanA cluster	3002955	4	0	0.0	0	0.0
RW_1	vanY gene in vanB cluster	3002956	54	4	0.07407407407407407	1	0.018518518518518517
RW_1	vanY gene in vanF cluster	3002958	10	0	0.0	0	0.0
RW_1	vanY gene in vanG cluster	3002959	11	0	0.0	0	0.0
RW_1	vanY gene in vanM cluster	3002961	11	0	0.0	0	0.0
RW_2	AAC(3)-IId	3004623	1	1	1.0	1	1.0
RW_2	AAC(6')-IIa	3002594	1	0	0.0	0	0.0
RW_2	AAC(6')-IIc	3002596	1	0	0.0	0	0.0
RW_2	AAC(6')-Ib9	3002580	1	0	0.0	0	0.0
RW_2	AAC(6')-Ie-APH(2'')-Ia bifunctional protein	3002597	1	0	0.0	0	0.0
RW_2	ACI-1	3004359	1	1	1.0	0	0.0
RW_2	ACT-33	3001853	1	0	0.0	0	0.0
RW_2	ANT(3'')-IIc	3004091	3	1	0.3333333333333333	1	0.3333333333333333
RW_2	ANT(6)-Ia	3002626	1	0	0.0	0	0.0
RW_2	APH(2'')-Ie	3002634	1	0	0.0	0	0.0
RW_2	APH(3'')-Ib	3002639	1	1	1.0	1	1.0
RW_2	APH(3')-IIIa	3002647	1	0	0.0	0	0.0
RW_2	APH(3')-Ib	3002642	1	1	1.0	1	1.0
RW_2	APH(3')-VIa	3002652	2	0	0.0	0	0.0
RW_2	APH(6)-Id	3002660	1	1	1.0	1	1.0
RW_2	Acinetobacter baumannii AbaF	3004573	1	0	0.0	0	0.0
RW_2	AcrE	3000499	1	0	0.0	0	0.0
RW_2	AcrF	3000502	1	0	0.0	0	0.0
RW_2	AcrS	3000656	1	0	0.0	0	0.0
RW_2	ArnT	3005053	6	0	0.0	0	0.0
RW_2	BRP(MBL)	3001205	1	1	1.0	1	1.0
RW_2	CARB-3	3002242	1	0	0.0	0	0.0
RW_2	CMY-59	3002069	1	0	0.0	0	0.0
RW_2	CRP	3000518	4	0	0.0	0	0.0
RW_2	CTX-M-15	3001878	1	0	0.0	0	0.0
RW_2	CTX-M-95	3001955	1	0	0.0	0	0.0
RW_2	Campylobacter coli chloramphenicol acetyltransferase	3004454	1	0	0.0	0	0.0
RW_2	CfxA3	3003003	1	1	1.0	1	1.0
RW_2	CfxA6	3003097	1	0	0.0	0	0.0
RW_2	DHA-1	3002132	1	1	1.0	1	1.0
RW_2	DfrA37	3005347	1	0	0.0	0	0.0
RW_2	EC-15	3006876	1	0	0.0	0	0.0
RW_2	EreA	3000361	1	0	0.0	0	0.0
RW_2	EreA2	3002826	1	0	0.0	0	0.0
RW_2	EreB	3000363	2	0	0.0	0	0.0
RW_2	EreD	3004608	2	0	0.0	0	0.0
RW_2	Erm(51)	3007033	1	0	0.0	0	0.0
RW_2	ErmF	3000498	1	0	0.0	0	0.0
RW_2	ErmG	3000522	1	0	0.0	0	0.0
RW_2	ErmT	3000595	2	2	1.0	2	1.0
RW_2	ErmX	3000596	1	1	1.0	1	1.0
RW_2	Escherichia coli AcrAB-TolC with AcrR mutation conferring resistance to ciprofloxacin, tetracycline, and ceftazidime	3003807	1	0	0.0	0	0.0
RW_2	Escherichia coli AcrAB-TolC with MarR mutations conferring resistance to ciprofloxacin and tetracycline	3003378	4	1	0.25	1	0.25
RW_2	Escherichia coli EF-Tu mutants conferring resistance to Pulvomycin	3003369	2	0	0.0	0	0.0
RW_2	Escherichia coli GlpT with mutation conferring resistance to fosfomycin	3003889	1	0	0.0	0	0.0
RW_2	Escherichia coli UhpT with mutation conferring resistance to fosfomycin	3003890	2	0	0.0	0	0.0
RW_2	Escherichia coli acrA	3004043	1	0	0.0	0	0.0
RW_2	Escherichia coli emrE	3004039	2	1	0.5	0	0.0
RW_2	Escherichia coli mdfA	3001328	1	0	0.0	0	0.0
RW_2	Escherichia coli soxR with mutation conferring antibiotic resistance	3003381	1	1	1.0	1	1.0
RW_2	Escherichia coli soxS with mutation conferring antibiotic resistance	3003511	1	1	1.0	1	1.0
RW_2	FosA6	3004111	1	1	1.0	1	1.0
RW_2	FosA8	3007371	2	0	0.0	0	0.0
RW_2	FosG	3007368	2	0	0.0	0	0.0
RW_2	FosH	3007369	1	0	0.0	0	0.0
RW_2	FosI	3007370	1	0	0.0	0	0.0
RW_2	H-NS	3000676	4	0	0.0	0	0.0
RW_2	Haemophilus influenzae PBP3 conferring resistance to beta-lactam antibiotics	3004446	1	0	0.0	0	0.0
RW_2	ICR-Mo	3004569	3	0	0.0	0	0.0
RW_2	KPC-2	3002312	1	0	0.0	0	0.0
RW_2	Klebsiella pneumoniae KpnE	3004580	2	0	0.0	0	0.0
RW_2	Klebsiella pneumoniae KpnF	3004583	2	0	0.0	0	0.0
RW_2	Klebsiella pneumoniae KpnG	3004588	1	0	0.0	0	0.0
RW_2	Klebsiella pneumoniae KpnH	3004597	2	0	0.0	0	0.0
RW_2	Klebsiella pneumoniae OmpK37	3004122	1	0	0.0	0	0.0
RW_2	LnuH	3004600	2	0	0.0	0	0.0
RW_2	LptD	3005059	1	0	0.0	0	0.0
RW_2	MCR-5.1	3004332	1	1	1.0	1	1.0
RW_2	MOX-9	3002191	1	0	0.0	0	0.0
RW_2	Mef(En2)	3004659	1	1	1.0	1	1.0
RW_2	Mrx	3003839	1	1	1.0	1	1.0
RW_2	Mycobacterium tuberculosis rpsL mutations conferring resistance to Streptomycin	3003395	3	0	0.0	0	0.0
RW_2	NDM-1	3000589	1	1	1.0	1	1.0
RW_2	NPS-1	3004239	1	0	0.0	0	0.0
RW_2	OXA-1	3001396	1	1	1.0	1	1.0
RW_2	OXA-10	3001405	1	0	0.0	0	0.0
RW_2	OXA-129	3001811	1	0	0.0	0	0.0
RW_2	OXA-181	3001784	1	0	0.0	0	0.0
RW_2	OXA-21	3001416	1	0	0.0	0	0.0
RW_2	OXA-347	3001777	1	0	0.0	0	0.0
RW_2	OXA-464	3003620	1	0	0.0	0	0.0
RW_2	OXA-58	3001611	1	0	0.0	0	0.0
RW_2	OXA-641	3005333	1	0	0.0	0	0.0
RW_2	OXA-780	3005983	1	0	0.0	0	0.0
RW_2	OXA-912	3006099	1	0	0.0	0	0.0
RW_2	OXA-917	3006103	1	0	0.0	0	0.0
RW_2	PAC-1	3005150	1	0	0.0	0	0.0
RW_2	PAU-1	3006964	1	0	0.0	0	0.0
RW_2	PER-3	3002365	1	1	1.0	1	1.0
RW_2	PmrF	3003578	1	0	0.0	0	0.0
RW_2	QnrB6	3002720	1	0	0.0	0	0.0
RW_2	QnrD1	3002788	1	0	0.0	0	0.0
RW_2	QnrS1	3002790	1	1	1.0	1	1.0
RW_2	QnrS2	3002791	1	0	0.0	0	0.0
RW_2	QnrVC1	3002799	1	0	0.0	0	0.0
RW_2	QnrVC4	3002801	1	0	0.0	0	0.0
RW_2	RCP-1	3003563	1	0	0.0	0	0.0
RW_2	RSA-1	3004444	1	1	1.0	1	1.0
RW_2	RSD2-2	3006983	1	0	0.0	0	0.0
RW_2	SAT-4	3002897	1	0	0.0	0	0.0
RW_2	SHV-11	3001070	1	1	1.0	1	1.0
RW_2	TEM-1	3000873	1	1	1.0	1	1.0
RW_2	VEB-19	3006214	1	0	0.0	0	0.0
RW_2	VEB-3	3002372	1	0	0.0	0	0.0
RW_2	YajC	3005040	2	0	0.0	0	0.0
RW_2	aad(6)	3002628	1	0	0.0	0	0.0
RW_2	aadA	3002601	1	1	1.0	1	1.0
RW_2	aadA16	3002616	1	0	0.0	0	0.0
RW_2	aadA27	3004682	1	1	1.0	1	1.0
RW_2	aadA5	3002605	1	0	0.0	0	0.0
RW_2	aadA6	3002606	1	0	0.0	0	0.0
RW_2	aadS	3004683	1	0	0.0	0	0.0
RW_2	acrB	3000216	1	0	0.0	0	0.0
RW_2	acrD	3000491	1	0	0.0	0	0.0
RW_2	adeF	3000777	38	2	0.05263157894736842	2	0.05263157894736842
RW_2	aphA15	3004675	1	0	0.0	0	0.0
RW_2	bacA	3002986	1	0	0.0	0	0.0
RW_2	baeR	3000828	1	1	1.0	1	1.0
RW_2	baeS	3000829	1	1	1.0	1	1.0
RW_2	catB3	3002676	1	0	0.0	0	0.0
RW_2	catB8	3002680	1	0	0.0	0	0.0
RW_2	catQ	3002687	2	1	0.5	1	0.5
RW_2	cmlA5	3002695	1	1	1.0	1	1.0
RW_2	cmlA9	3005043	1	0	0.0	0	0.0
RW_2	cmx	3002703	1	1	1.0	1	1.0
RW_2	cphA3	3003093	1	0	0.0	0	0.0
RW_2	cpxA	3000830	1	0	0.0	0	0.0
RW_2	dfrA1	3002854	1	1	1.0	1	1.0
RW_2	dfrA12	3002858	1	1	1.0	1	1.0
RW_2	dfrA14	3002859	1	1	1.0	1	1.0
RW_2	dfrA15	3003013	1	0	0.0	0	0.0
RW_2	dfrA27	3004550	1	0	0.0	0	0.0
RW_2	dfrA32	3004555	1	0	0.0	0	0.0
RW_2	dfrB5	3004549	1	1	1.0	1	1.0
RW_2	dfrF	3002867	1	0	0.0	0	0.0
RW_2	emrA	3000027	1	0	0.0	0	0.0
RW_2	emrB	3000074	1	0	0.0	0	0.0
RW_2	emrR	3000516	4	0	0.0	0	0.0
RW_2	emrY	3000254	1	0	0.0	0	0.0
RW_2	eptA	3003576	1	1	1.0	1	1.0
RW_2	evgA	3000832	1	0	0.0	0	0.0
RW_2	evgS	3000833	1	0	0.0	0	0.0
RW_2	floR	3002705	1	1	1.0	1	1.0
RW_2	gadX	3000508	1	0	0.0	0	0.0
RW_2	leuO	3003843	2	0	0.0	0	0.0
RW_2	lnuB	3002836	1	1	1.0	1	1.0
RW_2	lnuC	3002837	1	0	0.0	0	0.0
RW_2	lsaE	3003206	1	1	1.0	1	1.0
RW_2	marA	3000263	5	1	0.2	1	0.2
RW_2	mdtA	3000792	1	0	0.0	0	0.0
RW_2	mdtC	3000794	1	1	1.0	1	1.0
RW_2	mdtE	3000795	1	0	0.0	0	0.0
RW_2	mdtF	3000796	1	0	0.0	0	0.0
RW_2	mdtG	3001329	1	0	0.0	0	0.0
RW_2	mdtH	3001216	1	0	0.0	0	0.0
RW_2	mdtM	3001214	1	0	0.0	0	0.0
RW_2	mdtN	3003548	1	1	1.0	1	1.0
RW_2	mdtO	3003549	1	1	1.0	1	1.0
RW_2	mdtP	3003550	1	1	1.0	1	1.0
RW_2	mefJ	3007049	1	1	1.0	1	1.0
RW_2	mphA	3000316	1	1	1.0	1	1.0
RW_2	mphE	3003741	1	1	1.0	1	1.0
RW_2	mphF	3003071	1	1	1.0	1	1.0
RW_2	mphG	3003742	3	0	0.0	0	0.0
RW_2	msbA	3003950	1	0	0.0	0	0.0
RW_2	msrE	3003109	1	1	1.0	1	1.0
RW_2	nimA	3007104	1	0	0.0	0	0.0
RW_2	nimB	3004655	1	0	0.0	0	0.0
RW_2	nimE	3007107	2	1	0.5	1	0.5
RW_2	nimJ	3007112	6	0	0.0	0	0.0
RW_2	patB	3000025	1	0	0.0	0	0.0
RW_2	poxtA	3004470	1	0	0.0	0	0.0
RW_2	qacEdelta1	3005010	1	0	0.0	0	0.0
RW_2	qacG	3007015	43	3	0.06976744186046512	3	0.06976744186046512
RW_2	qacJ	3007014	23	2	0.08695652173913043	2	0.08695652173913043
RW_2	qacL	3005098	1	0	0.0	0	0.0
RW_2	ramA	3000823	1	1	1.0	1	1.0
RW_2	rsmA	3005069	15	0	0.0	0	0.0
RW_2	sul1	3000410	1	0	0.0	0	0.0
RW_2	sul2	3000412	1	1	1.0	1	1.0
RW_2	sul4	3004361	1	0	0.0	0	0.0
RW_2	tet(32)	3000196	1	1	1.0	1	1.0
RW_2	tet(36)	3000197	1	0	0.0	0	0.0
RW_2	tet(44)	3000556	3	0	0.0	0	0.0
RW_2	tet(A)	3000165	1	1	1.0	1	1.0
RW_2	tet(B)	3000166	1	1	1.0	1	1.0
RW_2	tet(C)	3000167	1	0	0.0	0	0.0
RW_2	tet(H)	3000175	1	0	0.0	0	0.0
RW_2	tet(M)	3000186	2	0	0.0	0	0.0
RW_2	tet(O)	3000190	1	0	0.0	0	0.0
RW_2	tet(Q)	3000191	5	2	0.4	2	0.4
RW_2	tet(S)	3000192	1	0	0.0	0	0.0
RW_2	tet(W)	3000194	2	1	0.5	1	0.5
RW_2	tet(W/N/W)	3004442	1	0	0.0	0	0.0
RW_2	tetB(P)	3000195	1	0	0.0	0	0.0
RW_2	ugd	3003577	1	0	0.0	0	0.0
RW_2	vanG	3002909	11	0	0.0	0	0.0
RW_2	vanH gene in vanA cluster	3002942	1	0	0.0	0	0.0
RW_2	vanH gene in vanB cluster	3002943	1	0	0.0	0	0.0
RW_2	vanH gene in vanF cluster	3002945	3	0	0.0	0	0.0
RW_2	vanH gene in vanM cluster	3002947	1	0	0.0	0	0.0
RW_2	vanH gene in vanO cluster	3002948	1	0	0.0	0	0.0
RW_2	vanT gene in vanE cluster	3002971	1	0	0.0	0	0.0
RW_2	vanT gene in vanG cluster	3002972	46	1	0.021739130434782608	0	0.0
RW_2	vanU gene in vanG cluster	3004253	1	1	1.0	1	1.0
RW_2	vanW gene in vanG cluster	3002965	9	0	0.0	0	0.0
RW_2	vanW gene in vanI cluster	3003724	16	0	0.0	0	0.0
RW_2	vanXY gene in vanG cluster	3003069	1	0	0.0	0	0.0
RW_2	vanY gene in vanB cluster	3002956	27	0	0.0	0	0.0
RW_2	vanY gene in vanF cluster	3002958	3	0	0.0	0	0.0
RW_2	vanY gene in vanG cluster	3002959	4	0	0.0	0	0.0
RW_2	vanY gene in vanM cluster	3002961	4	0	0.0	0	0.0
RW_3	AAC(3)-IId	3004623	1	0	0.0	0	0.0
RW_3	ACI-1	3004359	1	0	0.0	0	0.0
RW_3	ACT-8	3001831	1	0	0.0	0	0.0
RW_3	ANT(2'')-Ia	3000230	1	1	1.0	1	1.0
RW_3	ANT(3'')-IIc	3004091	2	1	0.5	1	0.5
RW_3	ANT(6)-Ia	3002626	1	0	0.0	0	0.0
RW_3	APH(2'')-Ie	3002634	1	0	0.0	0	0.0
RW_3	APH(3'')-Ib	3002639	1	1	1.0	1	1.0
RW_3	APH(3')-IIIa	3002647	1	0	0.0	0	0.0
RW_3	APH(3')-Ib	3002642	1	0	0.0	0	0.0
RW_3	APH(6)-Id	3002660	1	1	1.0	1	1.0
RW_3	AcrE	3000499	1	0	0.0	0	0.0
RW_3	AcrF	3000502	1	0	0.0	0	0.0
RW_3	AcrS	3000656	1	0	0.0	0	0.0
RW_3	ArnT	3005053	4	0	0.0	0	0.0
RW_3	BRP(MBL)	3001205	1	0	0.0	0	0.0
RW_3	Bifidobacterium adolescentis rpoB mutants conferring resistance to rifampicin	3004480	2	0	0.0	0	0.0
RW_3	CARB-16	3002255	1	0	0.0	0	0.0
RW_3	CARB-3	3002242	1	0	0.0	0	0.0
RW_3	CMY-42	3002053	1	0	0.0	0	0.0
RW_3	CRP	3000518	2	0	0.0	0	0.0
RW_3	CTX-M-15	3001878	1	0	0.0	0	0.0
RW_3	Campylobacter coli chloramphenicol acetyltransferase	3004454	1	0	0.0	0	0.0
RW_3	Campylobacter jejuni gyrA conferring resistance to fluoroquinolones	3003789	1	0	0.0	0	0.0
RW_3	CblA-1	3002999	1	0	0.0	0	0.0
RW_3	CfxA3	3003003	1	1	1.0	1	1.0
RW_3	CfxA6	3003097	1	0	0.0	0	0.0
RW_3	DHA-1	3002132	1	1	1.0	1	1.0
RW_3	EC-14	3006875	1	0	0.0	0	0.0
RW_3	EreA	3000361	1	0	0.0	0	0.0
RW_3	EreB	3000363	1	0	0.0	0	0.0
RW_3	EreD	3004608	2	0	0.0	0	0.0
RW_3	Erm(35)	3000604	1	0	0.0	0	0.0
RW_3	ErmB	3000375	1	0	0.0	0	0.0
RW_3	ErmF	3000498	1	0	0.0	0	0.0
RW_3	ErmT	3000595	1	0	0.0	0	0.0
RW_3	ErmX	3000596	1	1	1.0	1	1.0
RW_3	Escherichia coli AcrAB-TolC with AcrR mutation conferring resistance to ciprofloxacin, tetracycline, and ceftazidime	3003807	1	0	0.0	0	0.0
RW_3	Escherichia coli AcrAB-TolC with MarR mutations conferring resistance to ciprofloxacin and tetracycline	3003378	2	0	0.0	0	0.0
RW_3	Escherichia coli UhpT with mutation conferring resistance to fosfomycin	3003890	1	0	0.0	0	0.0
RW_3	Escherichia coli acrA	3004043	1	0	0.0	0	0.0
RW_3	Escherichia coli emrE	3004039	2	0	0.0	0	0.0
RW_3	Escherichia coli gyrA conferring resistance to fluoroquinolones	3003294	1	0	0.0	0	0.0
RW_3	Escherichia coli mdfA	3001328	1	0	0.0	0	0.0
RW_3	Escherichia coli soxR with mutation conferring antibiotic resistance	3003381	1	0	0.0	0	0.0
RW_3	Escherichia coli soxS with mutation conferring antibiotic resistance	3003511	1	0	0.0	0	0.0
RW_3	FosA2	3002804	1	0	0.0	0	0.0
RW_3	FosA8	3007371	1	0	0.0	0	0.0
RW_3	FosG	3007368	2	0	0.0	0	0.0
RW_3	FosI	3007370	4	0	0.0	0	0.0
RW_3	GES-2	3002331	1	0	0.0	0	0.0
RW_3	H-NS	3000676	3	0	0.0	0	0.0
RW_3	Haemophilus influenzae PBP3 conferring resistance to beta-lactam antibiotics	3004446	3	0	0.0	0	0.0
RW_3	ICR-Mo	3004569	1	0	0.0	0	0.0
RW_3	Klebsiella pneumoniae KpnE	3004580	3	0	0.0	0	0.0
RW_3	Klebsiella pneumoniae KpnF	3004583	3	0	0.0	0	0.0
RW_3	Klebsiella pneumoniae KpnG	3004588	1	0	0.0	0	0.0
RW_3	Klebsiella pneumoniae KpnH	3004597	4	0	0.0	0	0.0
RW_3	LnuH	3004600	4	0	0.0	0	0.0
RW_3	MCR-5.1	3004332	1	1	1.0	1	1.0
RW_3	Mef(En2)	3004659	1	1	1.0	1	1.0
RW_3	Mrx	3003839	1	1	1.0	1	1.0
RW_3	NPS-1	3004239	1	1	1.0	1	1.0
RW_3	OXA-10	3001405	1	0	0.0	0	0.0
RW_3	OXA-101	3001439	1	1	1.0	1	1.0
RW_3	OXA-119	3001775	1	0	0.0	0	0.0
RW_3	OXA-129	3001811	1	0	0.0	0	0.0
RW_3	OXA-21	3001416	1	1	1.0	1	1.0
RW_3	OXA-347	3001777	1	0	0.0	0	0.0
RW_3	OXA-46	3001797	1	0	0.0	0	0.0
RW_3	OXA-5	3001400	1	0	0.0	0	0.0
RW_3	OXA-726	3005931	1	0	0.0	0	0.0
RW_3	OXA-732	3005937	1	0	0.0	0	0.0
RW_3	OmpA	3005044	1	0	0.0	0	0.0
RW_3	PAU-1	3006964	1	0	0.0	0	0.0
RW_3	PER-1	3002363	1	0	0.0	0	0.0
RW_3	PmrF	3003578	1	0	0.0	0	0.0
RW_3	QnrD1	3002788	1	0	0.0	0	0.0
RW_3	QnrS1	3002790	1	0	0.0	0	0.0
RW_3	QnrS2	3002791	1	1	1.0	1	1.0
RW_3	QnrVC1	3002799	1	0	0.0	0	0.0
RW_3	QnrVC4	3002801	1	0	0.0	0	0.0
RW_3	RCP-1	3003563	1	0	0.0	0	0.0
RW_3	RSA-1	3004444	1	1	1.0	1	1.0
RW_3	SAT-4	3002897	1	0	0.0	0	0.0
RW_3	SHV-11	3001070	1	0	0.0	0	0.0
RW_3	VEB-19	3006214	1	0	0.0	0	0.0
RW_3	VEB-3	3002372	1	0	0.0	0	0.0
RW_3	YajC	3005040	1	0	0.0	0	0.0
RW_3	aadA16	3002616	2	0	0.0	0	0.0
RW_3	aadA2	3002602	1	0	0.0	0	0.0
RW_3	aadA27	3004682	2	1	0.5	1	0.5
RW_3	aadA4	3002604	1	0	0.0	0	0.0
RW_3	aadA5	3002605	1	0	0.0	0	0.0
RW_3	aadA6	3002606	1	0	0.0	0	0.0
RW_3	aadS	3004683	1	0	0.0	0	0.0
RW_3	acrB	3000216	1	0	0.0	0	0.0
RW_3	acrD	3000491	1	0	0.0	0	0.0
RW_3	adeF	3000777	58	3	0.05172413793103448	3	0.05172413793103448
RW_3	bacA	3002986	1	0	0.0	0	0.0
RW_3	baeR	3000828	2	1	0.5	1	0.5
RW_3	baeS	3000829	1	1	1.0	1	1.0
RW_3	catB3	3002676	1	0	0.0	0	0.0
RW_3	catB8	3002680	1	0	0.0	0	0.0
RW_3	catQ	3002687	1	0	0.0	0	0.0
RW_3	cepA	3003559	1	0	0.0	0	0.0
RW_3	cmlA5	3002695	1	0	0.0	0	0.0
RW_3	cmlA9	3005043	1	1	1.0	1	1.0
RW_3	cmx	3002703	1	0	0.0	0	0.0
RW_3	cphA3	3003093	1	0	0.0	0	0.0
RW_3	cpxA	3000830	1	0	0.0	0	0.0
RW_3	dfrA1	3002854	1	1	1.0	1	1.0
RW_3	dfrA14	3002859	1	1	1.0	1	1.0
RW_3	dfrA15	3003013	2	0	0.0	0	0.0
RW_3	emrA	3000027	1	0	0.0	0	0.0
RW_3	emrB	3000074	1	0	0.0	0	0.0
RW_3	emrR	3000516	3	0	0.0	0	0.0
RW_3	emrY	3000254	1	0	0.0	0	0.0
RW_3	eptA	3003576	1	1	1.0	1	1.0
RW_3	eptB	3005047	1	1	1.0	1	1.0
RW_3	evgA	3000832	1	0	0.0	0	0.0
RW_3	evgS	3000833	1	0	0.0	0	0.0
RW_3	fosA5	3003209	1	0	0.0	0	0.0
RW_3	gadX	3000508	2	0	0.0	0	0.0
RW_3	leuO	3003843	2	0	0.0	0	0.0
RW_3	lnuB	3002836	1	1	1.0	1	1.0
RW_3	lnuC	3002837	1	0	0.0	0	0.0
RW_3	lsaE	3003206	1	1	1.0	1	1.0
RW_3	marA	3000263	1	0	0.0	0	0.0
RW_3	mdeA	3007011	1	0	0.0	0	0.0
RW_3	mdtA	3000792	1	1	1.0	1	1.0
RW_3	mdtB	3000793	1	1	1.0	1	1.0
RW_3	mdtC	3000794	1	1	1.0	1	1.0
RW_3	mdtE	3000795	1	0	0.0	0	0.0
RW_3	mdtF	3000796	1	0	0.0	0	0.0
RW_3	mdtG	3001329	1	0	0.0	0	0.0
RW_3	mdtH	3001216	1	0	0.0	0	0.0
RW_3	mdtN	3003548	1	1	1.0	1	1.0
RW_3	mdtO	3003549	1	1	1.0	1	1.0
RW_3	mdtP	3003550	1	1	1.0	1	1.0
RW_3	mphA	3000316	1	1	1.0	1	1.0
RW_3	mphE	3003741	1	0	0.0	0	0.0
RW_3	mphF	3003071	1	1	1.0	1	1.0
RW_3	mphG	3003742	3	0	0.0	0	0.0
RW_3	msbA	3003950	1	0	0.0	0	0.0
RW_3	msrE	3003109	1	0	0.0	0	0.0
RW_3	nimB	3004655	1	0	0.0	0	0.0
RW_3	nimE	3007107	2	1	0.5	1	0.5
RW_3	nimG	3007109	1	0	0.0	0	0.0
RW_3	nimJ	3007112	4	0	0.0	0	0.0
RW_3	oqxA	3003922	2	0	0.0	0	0.0
RW_3	patB	3000025	1	0	0.0	0	0.0
RW_3	qacEdelta1	3005010	1	0	0.0	0	0.0
RW_3	qacG	3007015	39	4	0.10256410256410256	4	0.10256410256410256
RW_3	qacJ	3007014	16	1	0.0625	1	0.0625
RW_3	qacL	3005098	2	1	0.5	1	0.5
RW_3	rsmA	3005069	12	0	0.0	0	0.0
RW_3	sul1	3000410	1	0	0.0	0	0.0
RW_3	sul2	3000412	1	0	0.0	0	0.0
RW_3	sul4	3004361	1	0	0.0	0	0.0
RW_3	tet(32)	3000196	1	0	0.0	0	0.0
RW_3	tet(36)	3000197	1	0	0.0	0	0.0
RW_3	tet(39)	3000566	1	0	0.0	0	0.0
RW_3	tet(40)	3000567	1	0	0.0	0	0.0
RW_3	tet(44)	3000556	1	0	0.0	0	0.0
RW_3	tet(45)	3003196	1	1	1.0	1	1.0
RW_3	tet(A)	3000165	1	0	0.0	0	0.0
RW_3	tet(C)	3000167	1	0	0.0	0	0.0
RW_3	tet(E)	3000173	1	1	1.0	1	1.0
RW_3	tet(H)	3000175	1	0	0.0	0	0.0
RW_3	tet(M)	3000186	2	0	0.0	0	0.0
RW_3	tet(O)	3000190	2	1	0.5	1	0.5
RW_3	tet(Q)	3000191	5	0	0.0	0	0.0
RW_3	tet(W)	3000194	1	0	0.0	0	0.0
RW_3	tetB(P)	3000195	1	0	0.0	0	0.0
RW_3	ugd	3003577	1	0	0.0	0	0.0
RW_3	vanG	3002909	5	0	0.0	0	0.0
RW_3	vanH gene in vanB cluster	3002943	1	0	0.0	0	0.0
RW_3	vanH gene in vanF cluster	3002945	1	0	0.0	0	0.0
RW_3	vanH gene in vanO cluster	3002948	2	0	0.0	0	0.0
RW_3	vanT gene in vanC cluster	3002970	1	0	0.0	0	0.0
RW_3	vanT gene in vanE cluster	3002971	2	0	0.0	0	0.0
RW_3	vanT gene in vanG cluster	3002972	66	1	0.015151515151515152	0	0.0
RW_3	vanU gene in vanG cluster	3004253	1	0	0.0	0	0.0
RW_3	vanW gene in vanG cluster	3002965	11	0	0.0	0	0.0
RW_3	vanW gene in vanI cluster	3003724	12	0	0.0	0	0.0
RW_3	vanX gene in vanP cluster	3007190	1	0	0.0	0	0.0
RW_3	vanXY gene in vanG cluster	3003069	1	0	0.0	0	0.0
RW_3	vanY gene in vanA cluster	3002955	7	0	0.0	0	0.0
RW_3	vanY gene in vanB cluster	3002956	29	2	0.06896551724137931	1	0.034482758620689655
RW_3	vanY gene in vanF cluster	3002958	2	0	0.0	0	0.0
RW_3	vanY gene in vanG cluster	3002959	2	0	0.0	0	0.0
RW_3	vanY gene in vanM cluster	3002961	7	0	0.0	0	0.0
RW_4	AAC(6')-IIa	3002594	1	0	0.0	0	0.0
RW_4	AAC(6')-IIc	3002596	1	0	0.0	0	0.0
RW_4	AAC(6')-Ie-APH(2'')-Ia bifunctional protein	3002597	1	0	0.0	0	0.0
RW_4	ACI-1	3004359	1	0	0.0	0	0.0
RW_4	ANT(3'')-IIc	3004091	3	1	0.3333333333333333	1	0.3333333333333333
RW_4	ANT(6)-Ia	3002626	1	1	1.0	1	1.0
RW_4	APH(3'')-Ib	3002639	1	1	1.0	1	1.0
RW_4	APH(3')-Ia	3002641	1	0	0.0	0	0.0
RW_4	APH(3')-Ib	3002642	1	1	1.0	1	1.0
RW_4	APH(6)-Id	3002660	1	1	1.0	1	1.0
RW_4	Acinetobacter baumannii AmvA	3004577	1	0	0.0	0	0.0
RW_4	AcrE	3000499	1	0	0.0	0	0.0
RW_4	AcrF	3000502	1	0	0.0	0	0.0
RW_4	AcrS	3000656	1	0	0.0	0	0.0
RW_4	ArnT	3005053	11	0	0.0	0	0.0
RW_4	BRP(MBL)	3001205	1	0	0.0	0	0.0
RW_4	Bifidobacterium adolescentis rpoB mutants conferring resistance to rifampicin	3004480	2	0	0.0	0	0.0
RW_4	CARB-16	3002255	1	1	1.0	1	1.0
RW_4	CARB-3	3002242	1	0	0.0	0	0.0
RW_4	CMY-4	3002015	1	0	0.0	0	0.0
RW_4	CRP	3000518	4	0	0.0	0	0.0
RW_4	CTX-M-15	3001878	1	0	0.0	0	0.0
RW_4	CTX-M-95	3001955	1	0	0.0	0	0.0
RW_4	Campylobacter coli chloramphenicol acetyltransferase	3004454	1	0	0.0	0	0.0
RW_4	CblA-1	3002999	1	0	0.0	0	0.0
RW_4	CfxA3	3003003	1	1	1.0	1	1.0
RW_4	CfxA6	3003097	1	0	0.0	0	0.0
RW_4	DHA-1	3002132	1	1	1.0	1	1.0
RW_4	EC-14	3006875	1	0	0.0	0	0.0
RW_4	ESP-1	3003717	1	0	0.0	0	0.0
RW_4	EreA	3000361	1	0	0.0	0	0.0
RW_4	EreB	3000363	1	0	0.0	0	0.0
RW_4	EreD	3004608	2	0	0.0	0	0.0
RW_4	Erm(51)	3007033	1	1	1.0	1	1.0
RW_4	ErmB	3000375	1	0	0.0	0	0.0
RW_4	ErmF	3000498	1	0	0.0	0	0.0
RW_4	ErmG	3000522	2	0	0.0	0	0.0
RW_4	ErmQ	3000593	1	0	0.0	0	0.0
RW_4	ErmT	3000595	2	1	0.5	1	0.5
RW_4	ErmX	3000596	1	1	1.0	1	1.0
RW_4	Escherichia coli AcrAB-TolC with AcrR mutation conferring resistance to ciprofloxacin, tetracycline, and ceftazidime	3003807	1	0	0.0	0	0.0
RW_4	Escherichia coli AcrAB-TolC with MarR mutations conferring resistance to ciprofloxacin and tetracycline	3003378	2	0	0.0	0	0.0
RW_4	Escherichia coli EF-Tu mutants conferring resistance to Pulvomycin	3003369	3	0	0.0	0	0.0
RW_4	Escherichia coli GlpT with mutation conferring resistance to fosfomycin	3003889	1	0	0.0	0	0.0
RW_4	Escherichia coli acrA	3004043	1	0	0.0	0	0.0
RW_4	Escherichia coli emrE	3004039	1	0	0.0	0	0.0
RW_4	Escherichia coli mdfA	3001328	1	0	0.0	0	0.0
RW_4	Escherichia coli soxR with mutation conferring antibiotic resistance	3003381	1	0	0.0	0	0.0
RW_4	Escherichia coli soxS with mutation conferring antibiotic resistance	3003511	1	0	0.0	0	0.0
RW_4	EstT	3007459	1	0	0.0	0	0.0
RW_4	FosA2	3002804	1	0	0.0	0	0.0
RW_4	FosG	3007368	3	0	0.0	0	0.0
RW_4	FosH	3007369	1	0	0.0	0	0.0
RW_4	FosI	3007370	4	0	0.0	0	0.0
RW_4	GES-1	3002330	1	0	0.0	0	0.0
RW_4	H-NS	3000676	3	0	0.0	0	0.0
RW_4	Haemophilus influenzae PBP3 conferring resistance to beta-lactam antibiotics	3004446	2	0	0.0	0	0.0
RW_4	ICR-Mo	3004569	2	0	0.0	0	0.0
RW_4	KPC-2	3002312	1	1	1.0	1	1.0
RW_4	Klebsiella pneumoniae KpnE	3004580	7	0	0.0	0	0.0
RW_4	Klebsiella pneumoniae KpnF	3004583	7	0	0.0	0	0.0
RW_4	Klebsiella pneumoniae KpnH	3004597	3	0	0.0	0	0.0
RW_4	LEN-34	3004840	1	0	0.0	0	0.0
RW_4	LnuH	3004600	2	1	0.5	1	0.5
RW_4	LptD	3005059	1	0	0.0	0	0.0
RW_4	MCR-5.1	3004332	1	1	1.0	1	1.0
RW_4	MIR-7	3002172	1	0	0.0	0	0.0
RW_4	Mef(En2)	3004659	1	1	1.0	1	1.0
RW_4	Mrx	3003839	1	1	1.0	1	1.0
RW_4	Mycobacterium tuberculosis rpsL mutations conferring resistance to Streptomycin	3003395	2	0	0.0	0	0.0
RW_4	NDM-1	3000589	1	0	0.0	0	0.0
RW_4	NPS-1	3004239	1	0	0.0	0	0.0
RW_4	OXA-1	3001396	1	0	0.0	0	0.0
RW_4	OXA-10	3001405	1	1	1.0	1	1.0
RW_4	OXA-119	3001775	1	0	0.0	0	0.0
RW_4	OXA-129	3001811	1	0	0.0	0	0.0
RW_4	OXA-181	3001784	1	0	0.0	0	0.0
RW_4	OXA-205	3001483	1	0	0.0	0	0.0
RW_4	OXA-21	3001416	1	0	0.0	0	0.0
RW_4	OXA-235	3001676	1	0	0.0	0	0.0
RW_4	OXA-347	3001777	1	0	0.0	0	0.0
RW_4	OXA-46	3001797	1	0	0.0	0	0.0
RW_4	OXA-5	3001400	1	0	0.0	0	0.0
RW_4	OXA-504	3005734	2	0	0.0	0	0.0
RW_4	OXA-58	3001611	1	0	0.0	0	0.0
RW_4	OXA-664	3004479	1	1	1.0	1	1.0
RW_4	OXA-726	3005931	1	0	0.0	0	0.0
RW_4	OmpA	3005044	1	0	0.0	0	0.0
RW_4	PER-3	3002365	1	0	0.0	0	0.0
RW_4	PmrF	3003578	1	0	0.0	0	0.0
RW_4	Pseudomonas aeruginosa gyrA conferring resistance to fluoroquinolones	3003684	1	0	0.0	0	0.0
RW_4	QnrB6	3002720	1	0	0.0	0	0.0
RW_4	QnrD1	3002788	1	0	0.0	0	0.0
RW_4	QnrS1	3002790	1	1	1.0	1	1.0
RW_4	QnrS2	3002791	1	1	1.0	1	1.0
RW_4	QnrVC1	3002799	1	0	0.0	0	0.0
RW_4	QnrVC4	3002801	1	0	0.0	0	0.0
RW_4	RSA-1	3004444	1	1	1.0	1	1.0
RW_4	SAT-2	3002895	1	1	1.0	1	1.0
RW_4	SAT-4	3002897	1	0	0.0	0	0.0
RW_4	SHV-1	3001059	1	0	0.0	0	0.0
RW_4	TRU-1	3004450	1	0	0.0	0	0.0
RW_4	VEB-19	3006214	1	0	0.0	0	0.0
RW_4	YajC	3005040	2	0	0.0	0	0.0
RW_4	YojI	3003952	1	1	1.0	1	1.0
RW_4	aadA15	3002615	1	0	0.0	0	0.0
RW_4	aadA16	3002616	2	0	0.0	0	0.0
RW_4	aadA27	3004682	1	0	0.0	0	0.0
RW_4	aadA4	3002604	1	0	0.0	0	0.0
RW_4	aadA5	3002605	1	0	0.0	0	0.0
RW_4	aadA6	3002606	1	0	0.0	0	0.0
RW_4	aadA7	3002607	1	0	0.0	0	0.0
RW_4	aadA8	3002608	1	0	0.0	0	0.0
RW_4	aadS	3004683	1	0	0.0	0	0.0
RW_4	acrB	3000216	1	0	0.0	0	0.0
RW_4	acrD	3000491	1	0	0.0	0	0.0
RW_4	adeF	3000777	36	5	0.1388888888888889	5	0.1388888888888889
RW_4	adeK	3000782	1	0	0.0	0	0.0
RW_4	adeL	3000620	1	1	1.0	1	1.0
RW_4	aphA15	3004675	1	0	0.0	0	0.0
RW_4	bacA	3002986	1	0	0.0	0	0.0
RW_4	baeR	3000828	2	1	0.5	1	0.5
RW_4	baeS	3000829	1	1	1.0	1	1.0
RW_4	catB8	3002680	1	0	0.0	0	0.0
RW_4	catQ	3002687	2	0	0.0	0	0.0
RW_4	cepA	3003559	1	0	0.0	0	0.0
RW_4	cmlA5	3002695	1	1	1.0	1	1.0
RW_4	cmlA9	3005043	1	1	1.0	1	1.0
RW_4	cmx	3002703	1	1	1.0	1	1.0
RW_4	cpxA	3000830	1	0	0.0	0	0.0
RW_4	dfrA1	3002854	1	1	1.0	1	1.0
RW_4	dfrA12	3002858	1	0	0.0	0	0.0
RW_4	dfrA14	3002859	1	1	1.0	1	1.0
RW_4	dfrA15	3003013	1	1	1.0	1	1.0
RW_4	dfrA16	3003014	1	0	0.0	0	0.0
RW_4	dfrA19	3003015	1	0	0.0	0	0.0
RW_4	dfrA32	3004555	1	0	0.0	0	0.0
RW_4	dfrB5	3004549	1	0	0.0	0	0.0
RW_4	emrA	3000027	1	0	0.0	0	0.0
RW_4	emrB	3000074	1	0	0.0	0	0.0
RW_4	emrR	3000516	7	0	0.0	0	0.0
RW_4	emrY	3000254	1	1	1.0	1	1.0
RW_4	eptA	3003576	1	0	0.0	0	0.0
RW_4	eptB	3005047	1	1	1.0	1	1.0
RW_4	evgA	3000832	1	1	1.0	1	1.0
RW_4	evgS	3000833	1	1	1.0	1	1.0
RW_4	floR	3002705	1	1	1.0	1	1.0
RW_4	fosA5	3003209	1	0	0.0	0	0.0
RW_4	gadX	3000508	1	0	0.0	0	0.0
RW_4	kdpE	3003841	2	0	0.0	0	0.0
RW_4	leuO	3003843	6	0	0.0	0	0.0
RW_4	lmrD	3002882	1	0	0.0	0	0.0
RW_4	lnuB	3002836	1	1	1.0	1	1.0
RW_4	lnuC	3002837	1	0	0.0	0	0.0
RW_4	lsaE	3003206	1	1	1.0	1	1.0
RW_4	marA	3000263	3	1	0.3333333333333333	1	0.3333333333333333
RW_4	mcr-10.1	3007137	1	0	0.0	0	0.0
RW_4	mdtA	3000792	1	1	1.0	1	1.0
RW_4	mdtB	3000793	1	1	1.0	1	1.0
RW_4	mdtE	3000795	1	0	0.0	0	0.0
RW_4	mdtF	3000796	1	0	0.0	0	0.0
RW_4	mdtG	3001329	1	0	0.0	0	0.0
RW_4	mdtH	3001216	1	0	0.0	0	0.0
RW_4	mdtM	3001214	1	0	0.0	0	0.0
RW_4	mdtN	3003548	1	1	1.0	1	1.0
RW_4	mdtO	3003549	1	1	1.0	1	1.0
RW_4	mdtP	3003550	1	1	1.0	1	1.0
RW_4	mefJ	3007049	1	0	0.0	0	0.0
RW_4	mphA	3000316	1	1	1.0	1	1.0
RW_4	mphE	3003741	1	1	1.0	1	1.0
RW_4	mphF	3003071	1	1	1.0	1	1.0
RW_4	mphG	3003742	2	0	0.0	0	0.0
RW_4	msbA	3003950	4	0	0.0	0	0.0
RW_4	msrE	3003109	1	1	1.0	1	1.0
RW_4	nimA	3007104	1	0	0.0	0	0.0
RW_4	nimB	3004655	1	0	0.0	0	0.0
RW_4	nimE	3007107	2	1	0.5	1	0.5
RW_4	nimG	3007109	1	0	0.0	0	0.0
RW_4	nimI	3007111	1	0	0.0	0	0.0
RW_4	nimJ	3007112	3	0	0.0	0	0.0
RW_4	patB	3000025	1	0	0.0	0	0.0
RW_4	qacEdelta1	3005010	1	0	0.0	0	0.0
RW_4	qacG	3007015	45	2	0.044444444444444446	2	0.044444444444444446
RW_4	qacJ	3007014	23	2	0.08695652173913043	2	0.08695652173913043
RW_4	qacL	3005098	3	0	0.0	0	0.0
RW_4	ramA	3000823	2	0	0.0	0	0.0
RW_4	rsmA	3005069	12	0	0.0	0	0.0
RW_4	sul1	3000410	1	0	0.0	0	0.0
RW_4	sul2	3000412	1	0	0.0	0	0.0
RW_4	sul4	3004361	1	0	0.0	0	0.0
RW_4	tet(32)	3000196	2	1	0.5	1	0.5
RW_4	tet(33)	3000478	1	1	1.0	1	1.0
RW_4	tet(36)	3000197	1	1	1.0	1	1.0
RW_4	tet(39)	3000566	1	0	0.0	0	0.0
RW_4	tet(40)	3000567	1	1	1.0	1	1.0
RW_4	tet(44)	3000556	2	0	0.0	0	0.0
RW_4	tet(45)	3003196	1	0	0.0	0	0.0
RW_4	tet(A)	3000165	1	0	0.0	0	0.0
RW_4	tet(C)	3000167	1	0	0.0	0	0.0
RW_4	tet(M)	3000186	2	0	0.0	0	0.0
RW_4	tet(O)	3000190	1	0	0.0	0	0.0
RW_4	tet(Q)	3000191	4	1	0.25	1	0.25
RW_4	tet(S)	3000192	1	0	0.0	0	0.0
RW_4	tet(W)	3000194	1	1	1.0	1	1.0
RW_4	tet(W/N/W)	3004442	1	0	0.0	0	0.0
RW_4	tetB(P)	3000195	2	0	0.0	0	0.0
RW_4	tetR	3003479	1	1	1.0	1	1.0
RW_4	vanG	3002909	13	0	0.0	0	0.0
RW_4	vanH gene in vanB cluster	3002943	2	0	0.0	0	0.0
RW_4	vanH gene in vanF cluster	3002945	2	0	0.0	0	0.0
RW_4	vanH gene in vanO cluster	3002948	2	0	0.0	0	0.0
RW_4	vanT gene in vanE cluster	3002971	2	0	0.0	0	0.0
RW_4	vanT gene in vanG cluster	3002972	56	0	0.0	0	0.0
RW_4	vanU gene in vanG cluster	3004253	1	0	0.0	0	0.0
RW_4	vanW gene in vanG cluster	3002965	8	0	0.0	0	0.0
RW_4	vanW gene in vanI cluster	3003724	23	0	0.0	0	0.0
RW_4	vanXY gene in vanG cluster	3003069	2	0	0.0	0	0.0
RW_4	vanY gene in vanA cluster	3002955	2	0	0.0	0	0.0
RW_4	vanY gene in vanB cluster	3002956	35	0	0.0	0	0.0
RW_4	vanY gene in vanF cluster	3002958	7	0	0.0	0	0.0
RW_4	vanY gene in vanG cluster	3002959	7	0	0.0	0	0.0
RW_4	vanY gene in vanM cluster	3002961	8	0	0.0	0	0.0
RW_5	AAC(3)-IId	3004623	1	1	1.0	1	1.0
RW_5	AAC(6')-IIa	3002594	1	0	0.0	0	0.0
RW_5	AAC(6')-IIc	3002596	1	0	0.0	0	0.0
RW_5	AAC(6')-Ib9	3002580	1	0	0.0	0	0.0
RW_5	AAC(6')-Ie-APH(2'')-Ia bifunctional protein	3002597	1	0	0.0	0	0.0
RW_5	ACI-1	3004359	1	0	0.0	0	0.0
RW_5	ACT-2	3001822	1	0	0.0	0	0.0
RW_5	ADC-58	3004618	1	0	0.0	0	0.0
RW_5	ANT(2'')-Ia	3000230	1	1	1.0	1	1.0
RW_5	ANT(3'')-IIa	3004089	1	0	0.0	0	0.0
RW_5	ANT(3'')-IIc	3004091	3	1	0.3333333333333333	1	0.3333333333333333
RW_5	ANT(6)-Ia	3002626	1	0	0.0	0	0.0
RW_5	APH(3'')-Ib	3002639	1	1	1.0	1	1.0
RW_5	APH(3')-IIIa	3002647	1	0	0.0	0	0.0
RW_5	APH(3')-Ia	3002641	1	0	0.0	0	0.0
RW_5	APH(3')-Ib	3002642	1	0	0.0	0	0.0
RW_5	APH(6)-Id	3002660	1	1	1.0	1	1.0
RW_5	Acinetobacter baumannii AmvA	3004577	2	0	0.0	0	0.0
RW_5	AcrE	3000499	1	1	1.0	1	1.0
RW_5	AcrS	3000656	1	0	0.0	0	0.0
RW_5	ArnT	3005053	7	0	0.0	0	0.0
RW_5	BRP(MBL)	3001205	1	0	0.0	0	0.0
RW_5	Bifidobacterium adolescentis rpoB mutants conferring resistance to rifampicin	3004480	1	0	0.0	0	0.0
RW_5	CARB-16	3002255	1	0	0.0	0	0.0
RW_5	CARB-3	3002242	1	0	0.0	0	0.0
RW_5	CMY-4	3002015	1	0	0.0	0	0.0
RW_5	CRP	3000518	2	0	0.0	0	0.0
RW_5	CTX-M-15	3001878	1	0	0.0	0	0.0
RW_5	Campylobacter coli chloramphenicol acetyltransferase	3004454	1	0	0.0	0	0.0
RW_5	CblA-1	3002999	1	0	0.0	0	0.0
RW_5	CfxA3	3003003	1	1	1.0	1	1.0
RW_5	CfxA6	3003097	1	0	0.0	0	0.0
RW_5	DHA-1	3002132	1	1	1.0	1	1.0
RW_5	EC-13	3006874	1	0	0.0	0	0.0
RW_5	EreA	3000361	1	0	0.0	0	0.0
RW_5	EreB	3000363	1	0	0.0	0	0.0
RW_5	EreD	3004608	2	0	0.0	0	0.0
RW_5	ErmB	3000375	1	0	0.0	0	0.0
RW_5	ErmF	3000498	1	0	0.0	0	0.0
RW_5	ErmQ	3000593	1	0	0.0	0	0.0
RW_5	ErmT	3000595	2	2	1.0	2	1.0
RW_5	ErmX	3000596	1	1	1.0	1	1.0
RW_5	Escherichia coli AcrAB-TolC with AcrR mutation conferring resistance to ciprofloxacin, tetracycline, and ceftazidime	3003807	1	0	0.0	0	0.0
RW_5	Escherichia coli AcrAB-TolC with MarR mutations conferring resistance to ciprofloxacin and tetracycline	3003378	5	1	0.2	1	0.2
RW_5	Escherichia coli EF-Tu mutants conferring resistance to Pulvomycin	3003369	3	0	0.0	0	0.0
RW_5	Escherichia coli acrA	3004043	1	0	0.0	0	0.0
RW_5	Escherichia coli emrE	3004039	1	0	0.0	0	0.0
RW_5	Escherichia coli mdfA	3001328	1	0	0.0	0	0.0
RW_5	Escherichia coli soxR with mutation conferring antibiotic resistance	3003381	1	1	1.0	1	1.0
RW_5	Escherichia coli soxS with mutation conferring antibiotic resistance	3003511	2	1	0.5	1	0.5
RW_5	EstT	3007459	1	0	0.0	0	0.0
RW_5	FosA4	3003210	1	1	1.0	1	1.0
RW_5	FosA6	3004111	2	1	0.5	1	0.5
RW_5	FosA8	3007371	1	0	0.0	0	0.0
RW_5	FosG	3007368	1	0	0.0	0	0.0
RW_5	FosI	3007370	4	0	0.0	0	0.0
RW_5	GES-2	3002331	1	1	1.0	1	1.0
RW_5	H-NS	3000676	7	0	0.0	0	0.0
RW_5	Haemophilus influenzae PBP3 conferring resistance to beta-lactam antibiotics	3004446	2	0	0.0	0	0.0
RW_5	ICR-Mo	3004569	3	0	0.0	0	0.0
RW_5	Klebsiella pneumoniae KpnE	3004580	7	0	0.0	0	0.0
RW_5	Klebsiella pneumoniae KpnF	3004583	6	0	0.0	0	0.0
RW_5	Klebsiella pneumoniae KpnH	3004597	5	0	0.0	0	0.0
RW_5	LnuH	3004600	2	0	0.0	0	0.0
RW_5	MCR-5.1	3004332	1	1	1.0	1	1.0
RW_5	MIR-7	3002172	1	0	0.0	0	0.0
RW_5	Mef(En2)	3004659	1	1	1.0	1	1.0
RW_5	Mrx	3003839	1	1	1.0	1	1.0
RW_5	Mycobacterium tuberculosis rpsL mutations conferring resistance to Streptomycin	3003395	3	0	0.0	0	0.0
RW_5	NDM-1	3000589	1	0	0.0	0	0.0
RW_5	NPS-1	3004239	1	0	0.0	0	0.0
RW_5	OXA-10	3001405	1	1	1.0	1	1.0
RW_5	OXA-101	3001439	1	0	0.0	0	0.0
RW_5	OXA-119	3001775	1	0	0.0	0	0.0
RW_5	OXA-129	3001811	1	0	0.0	0	0.0
RW_5	OXA-205	3001483	1	0	0.0	0	0.0
RW_5	OXA-21	3001416	1	0	0.0	0	0.0
RW_5	OXA-347	3001777	1	0	0.0	0	0.0
RW_5	OXA-504	3005734	1	0	0.0	0	0.0
RW_5	OXA-912	3006099	1	0	0.0	0	0.0
RW_5	PAC-1	3005150	1	0	0.0	0	0.0
RW_5	PAU-1	3006964	1	0	0.0	0	0.0
RW_5	PER-3	3002365	1	1	1.0	1	1.0
RW_5	PmrF	3003578	1	0	0.0	0	0.0
RW_5	QnrB10	3002724	1	0	0.0	0	0.0
RW_5	QnrD1	3002788	1	0	0.0	0	0.0
RW_5	QnrS1	3002790	1	1	1.0	1	1.0
RW_5	QnrS2	3002791	1	1	1.0	1	1.0
RW_5	QnrVC1	3002799	1	0	0.0	0	0.0
RW_5	QnrVC4	3002801	1	1	1.0	1	1.0
RW_5	RSA-1	3004444	1	1	1.0	1	1.0
RW_5	SAT-2	3002895	1	0	0.0	0	0.0
RW_5	SAT-4	3002897	1	0	0.0	0	0.0
RW_5	SHV-1	3001059	1	1	1.0	1	1.0
RW_5	TEM-1	3000873	1	1	1.0	1	1.0
RW_5	VEB-19	3006214	1	0	0.0	0	0.0
RW_5	VEB-3	3002372	1	1	1.0	1	1.0
RW_5	YajC	3005040	1	0	0.0	0	0.0
RW_5	YojI	3003952	1	0	0.0	0	0.0
RW_5	aadA13	3002613	1	0	0.0	0	0.0
RW_5	aadA16	3002616	2	0	0.0	0	0.0
RW_5	aadA2	3002602	1	0	0.0	0	0.0
RW_5	aadA27	3004682	1	1	1.0	1	1.0
RW_5	aadS	3004683	1	0	0.0	0	0.0
RW_5	acrB	3000216	1	0	0.0	0	0.0
RW_5	acrD	3000491	1	0	0.0	0	0.0
RW_5	adeF	3000777	40	2	0.05	2	0.05
RW_5	baeR	3000828	3	0	0.0	0	0.0
RW_5	baeS	3000829	1	0	0.0	0	0.0
RW_5	catB3	3002676	1	0	0.0	0	0.0
RW_5	catQ	3002687	2	1	0.5	1	0.5
RW_5	cmlA5	3002695	1	1	1.0	1	1.0
RW_5	cmlA9	3005043	1	1	1.0	1	1.0
RW_5	cmx	3002703	1	1	1.0	1	1.0
RW_5	cphA3	3003093	1	0	0.0	0	0.0
RW_5	cpxA	3000830	1	0	0.0	0	0.0
RW_5	dfrA1	3002854	1	1	1.0	1	1.0
RW_5	dfrA12	3002858	1	0	0.0	0	0.0
RW_5	dfrA14	3002859	1	1	1.0	1	1.0
RW_5	dfrA15	3003013	1	0	0.0	0	0.0
RW_5	dfrA16	3003014	1	0	0.0	0	0.0
RW_5	dfrA17	3002860	1	0	0.0	0	0.0
RW_5	dfrA19	3003015	1	0	0.0	0	0.0
RW_5	dfrB5	3004549	1	0	0.0	0	0.0
RW_5	dfrG	3002868	1	1	1.0	1	1.0
RW_5	emrA	3000027	1	1	1.0	1	1.0
RW_5	emrB	3000074	2	1	0.5	1	0.5
RW_5	emrR	3000516	3	2	0.6666666666666666	2	0.6666666666666666
RW_5	emrY	3000254	1	1	1.0	1	1.0
RW_5	eptA	3003576	1	0	0.0	0	0.0
RW_5	eptB	3005047	2	2	1.0	2	1.0
RW_5	evgA	3000832	1	1	1.0	1	1.0
RW_5	fexA	3002704	1	0	0.0	0	0.0
RW_5	floR	3002705	1	1	1.0	1	1.0
RW_5	gadW	3003838	1	0	0.0	0	0.0
RW_5	gadX	3000508	1	0	0.0	0	0.0
RW_5	kdpE	3003841	1	0	0.0	0	0.0
RW_5	leuO	3003843	8	0	0.0	0	0.0
RW_5	lnuB	3002836	1	1	1.0	1	1.0
RW_5	lnuC	3002837	1	0	0.0	0	0.0
RW_5	lsaE	3003206	1	1	1.0	1	1.0
RW_5	marA	3000263	5	2	0.4	2	0.4
RW_5	mcr-10.1	3007137	1	1	1.0	1	1.0
RW_5	mdtB	3000793	1	1	1.0	1	1.0
RW_5	mdtE	3000795	1	0	0.0	0	0.0
RW_5	mdtF	3000796	1	0	0.0	0	0.0
RW_5	mdtG	3001329	1	0	0.0	0	0.0
RW_5	mdtH	3001216	1	0	0.0	0	0.0
RW_5	mdtM	3001214	1	0	0.0	0	0.0
RW_5	mdtN	3003548	1	0	0.0	0	0.0
RW_5	mdtO	3003549	1	0	0.0	0	0.0
RW_5	mdtP	3003550	1	0	0.0	0	0.0
RW_5	mefH	3007047	1	0	0.0	0	0.0
RW_5	mefJ	3007049	1	0	0.0	0	0.0
RW_5	mphA	3000316	1	1	1.0	1	1.0
RW_5	mphE	3003741	1	1	1.0	1	1.0
RW_5	mphF	3003071	1	1	1.0	1	1.0
RW_5	mphG	3003742	1	0	0.0	0	0.0
RW_5	msbA	3003950	2	0	0.0	0	0.0
RW_5	msrE	3003109	1	1	1.0	1	1.0
RW_5	nimA	3007104	3	0	0.0	0	0.0
RW_5	nimB	3004655	2	0	0.0	0	0.0
RW_5	nimE	3007107	2	1	0.5	1	0.5
RW_5	nimF	3007108	1	0	0.0	0	0.0
RW_5	nimI	3007111	1	0	0.0	0	0.0
RW_5	nimJ	3007112	4	0	0.0	0	0.0
RW_5	oqxA	3003922	1	0	0.0	0	0.0
RW_5	patB	3000025	1	0	0.0	0	0.0
RW_5	qacEdelta1	3005010	1	0	0.0	0	0.0
RW_5	qacG	3007015	38	0	0.0	0	0.0
RW_5	qacJ	3007014	17	1	0.058823529411764705	1	0.058823529411764705
RW_5	qacL	3005098	2	1	0.5	1	0.5
RW_5	ramA	3000823	2	0	0.0	0	0.0
RW_5	rsmA	3005069	13	0	0.0	0	0.0
RW_5	sul2	3000412	1	1	1.0	1	1.0
RW_5	sul3	3000413	1	0	0.0	0	0.0
RW_5	sul4	3004361	1	0	0.0	0	0.0
RW_5	tet(32)	3000196	2	0	0.0	0	0.0
RW_5	tet(33)	3000478	1	1	1.0	1	1.0
RW_5	tet(36)	3000197	3	0	0.0	0	0.0
RW_5	tet(40)	3000567	1	0	0.0	0	0.0
RW_5	tet(44)	3000556	1	0	0.0	0	0.0
RW_5	tet(45)	3003196	1	1	1.0	1	1.0
RW_5	tet(A)	3000165	1	1	1.0	1	1.0
RW_5	tet(C)	3000167	1	0	0.0	0	0.0
RW_5	tet(M)	3000186	2	0	0.0	0	0.0
RW_5	tet(O)	3000190	2	0	0.0	0	0.0
RW_5	tet(Q)	3000191	7	0	0.0	0	0.0
RW_5	tet(S)	3000192	1	0	0.0	0	0.0
RW_5	tet(W)	3000194	1	0	0.0	0	0.0
RW_5	tet(W/N/W)	3004442	3	1	0.3333333333333333	1	0.3333333333333333
RW_5	tetB(P)	3000195	2	0	0.0	0	0.0
RW_5	tetR	3003479	1	1	1.0	1	1.0
RW_5	vanG	3002909	17	0	0.0	0	0.0
RW_5	vanH gene in vanB cluster	3002943	2	0	0.0	0	0.0
RW_5	vanH gene in vanF cluster	3002945	3	0	0.0	0	0.0
RW_5	vanH gene in vanM cluster	3002947	1	0	0.0	0	0.0
RW_5	vanH gene in vanO cluster	3002948	2	0	0.0	0	0.0
RW_5	vanT gene in vanC cluster	3002970	1	0	0.0	0	0.0
RW_5	vanT gene in vanE cluster	3002971	1	0	0.0	0	0.0
RW_5	vanT gene in vanG cluster	3002972	61	0	0.0	0	0.0
RW_5	vanTr gene in vanL cluster	3002974	1	0	0.0	0	0.0
RW_5	vanU gene in vanG cluster	3004253	1	0	0.0	0	0.0
RW_5	vanW gene in vanG cluster	3002965	10	0	0.0	0	0.0
RW_5	vanW gene in vanI cluster	3003724	33	0	0.0	0	0.0
RW_5	vanXY gene in vanG cluster	3003069	2	0	0.0	0	0.0
RW_5	vanY gene in vanA cluster	3002955	4	0	0.0	0	0.0
RW_5	vanY gene in vanB cluster	3002956	42	5	0.11904761904761904	5	0.11904761904761904
RW_5	vanY gene in vanF cluster	3002958	5	0	0.0	0	0.0
RW_5	vanY gene in vanG cluster	3002959	10	0	0.0	0	0.0
RW_5	vanY gene in vanM cluster	3002961	11	0	0.0	0	0.0
RW_6	AAC(3)-IId	3004623	1	1	1.0	1	1.0
RW_6	AAC(6')-IIa	3002594	1	0	0.0	0	0.0
RW_6	AAC(6')-Ib9	3002580	1	0	0.0	0	0.0
RW_6	AAC(6')-Ie-APH(2'')-Ia bifunctional protein	3002597	1	0	0.0	0	0.0
RW_6	ACI-1	3004359	1	1	1.0	0	0.0
RW_6	ACT-4	3001829	1	0	0.0	0	0.0
RW_6	ANT(2'')-Ia	3000230	1	0	0.0	0	0.0
RW_6	ANT(3'')-IIc	3004091	2	1	0.5	1	0.5
RW_6	ANT(6)-Ia	3002626	1	1	1.0	1	1.0
RW_6	ANT(6)-Ib	3002629	1	0	0.0	0	0.0
RW_6	APH(3'')-Ib	3002639	1	1	1.0	1	1.0
RW_6	APH(3')-IIIa	3002647	1	0	0.0	0	0.0
RW_6	APH(3')-Ia	3002641	1	0	0.0	0	0.0
RW_6	APH(3')-Ib	3002642	1	0	0.0	0	0.0
RW_6	APH(6)-Id	3002660	1	1	1.0	1	1.0
RW_6	Acinetobacter baumannii AbaF	3004573	1	0	0.0	0	0.0
RW_6	AcrE	3000499	1	0	0.0	0	0.0
RW_6	AcrF	3000502	1	0	0.0	0	0.0
RW_6	AcrS	3000656	1	0	0.0	0	0.0
RW_6	ArnT	3005053	3	0	0.0	0	0.0
RW_6	BRP(MBL)	3001205	1	0	0.0	0	0.0
RW_6	Bifidobacterium adolescentis rpoB mutants conferring resistance to rifampicin	3004480	1	0	0.0	0	0.0
RW_6	CARB-3	3002242	1	0	0.0	0	0.0
RW_6	CMY-4	3002015	1	0	0.0	0	0.0
RW_6	CRP	3000518	2	0	0.0	0	0.0
RW_6	CTX-M-15	3001878	1	0	0.0	0	0.0
RW_6	Campylobacter coli chloramphenicol acetyltransferase	3004454	1	0	0.0	0	0.0
RW_6	CfxA3	3003003	1	1	1.0	1	1.0
RW_6	CfxA6	3003097	1	0	0.0	0	0.0
RW_6	DHA-1	3002132	1	1	1.0	1	1.0
RW_6	EreB	3000363	2	0	0.0	0	0.0
RW_6	EreD	3004608	2	0	0.0	0	0.0
RW_6	Erm(35)	3000604	1	0	0.0	0	0.0
RW_6	Erm(51)	3007033	1	0	0.0	0	0.0
RW_6	ErmA	3000347	1	0	0.0	0	0.0
RW_6	ErmB	3000375	1	1	1.0	1	1.0
RW_6	ErmF	3000498	1	0	0.0	0	0.0
RW_6	ErmG	3000522	2	0	0.0	0	0.0
RW_6	ErmQ	3000593	1	0	0.0	0	0.0
RW_6	ErmT	3000595	2	2	1.0	2	1.0
RW_6	ErmX	3000596	1	1	1.0	1	1.0
RW_6	Escherichia coli AcrAB-TolC with AcrR mutation conferring resistance to ciprofloxacin, tetracycline, and ceftazidime	3003807	1	0	0.0	0	0.0
RW_6	Escherichia coli AcrAB-TolC with MarR mutations conferring resistance to ciprofloxacin and tetracycline	3003378	2	0	0.0	0	0.0
RW_6	Escherichia coli EF-Tu mutants conferring resistance to Pulvomycin	3003369	3	0	0.0	0	0.0
RW_6	Escherichia coli GlpT with mutation conferring resistance to fosfomycin	3003889	1	0	0.0	0	0.0
RW_6	Escherichia coli acrA	3004043	2	0	0.0	0	0.0
RW_6	Escherichia coli ampC beta-lactamase	3004290	1	0	0.0	0	0.0
RW_6	Escherichia coli emrE	3004039	1	0	0.0	0	0.0
RW_6	Escherichia coli mdfA	3001328	1	1	1.0	1	1.0
RW_6	Escherichia coli soxR with mutation conferring antibiotic resistance	3003381	1	1	1.0	1	1.0
RW_6	Escherichia coli soxS with mutation conferring antibiotic resistance	3003511	1	1	1.0	1	1.0
RW_6	FosA8	3007371	3	0	0.0	0	0.0
RW_6	FosI	3007370	3	0	0.0	0	0.0
RW_6	GES-1	3002330	1	0	0.0	0	0.0
RW_6	H-NS	3000676	2	0	0.0	0	0.0
RW_6	Haemophilus influenzae PBP3 conferring resistance to beta-lactam antibiotics	3004446	1	0	0.0	0	0.0
RW_6	ICR-Mo	3004569	5	0	0.0	0	0.0
RW_6	IDC-1	3005012	1	1	1.0	1	1.0
RW_6	KPC-2	3002312	1	1	1.0	1	1.0
RW_6	Klebsiella pneumoniae KpnE	3004580	3	0	0.0	0	0.0
RW_6	Klebsiella pneumoniae KpnF	3004583	1	0	0.0	0	0.0
RW_6	Klebsiella pneumoniae KpnH	3004597	3	0	0.0	0	0.0
RW_6	Klebsiella pneumoniae OmpK37	3004122	1	0	0.0	0	0.0
RW_6	Laribacter hongkongensis ampC beta-lactamase	3004292	1	0	0.0	0	0.0
RW_6	LnuH	3004600	2	0	0.0	0	0.0
RW_6	MCR-3.17	3007278	1	1	1.0	1	1.0
RW_6	MCR-5.1	3004332	1	1	1.0	1	1.0
RW_6	MOX-9	3002191	1	0	0.0	0	0.0
RW_6	Mef(En2)	3004659	1	1	1.0	1	1.0
RW_6	Mrx	3003839	1	1	1.0	1	1.0
RW_6	Mycobacterium tuberculosis rpsL mutations conferring resistance to Streptomycin	3003395	2	0	0.0	0	0.0
RW_6	NDM-1	3000589	1	0	0.0	0	0.0
RW_6	NPS-1	3004239	1	0	0.0	0	0.0
RW_6	OXA-181	3001784	1	0	0.0	0	0.0
RW_6	OXA-2	3001397	1	0	0.0	0	0.0
RW_6	OXA-20	3001415	1	1	1.0	1	1.0
RW_6	OXA-205	3001483	1	1	1.0	1	1.0
RW_6	OXA-21	3001416	1	0	0.0	0	0.0
RW_6	OXA-235	3001676	1	0	0.0	0	0.0
RW_6	OXA-347	3001777	1	0	0.0	0	0.0
RW_6	OXA-5	3001400	1	0	0.0	0	0.0
RW_6	OXA-504	3005734	2	0	0.0	0	0.0
RW_6	OXA-58	3001611	1	1	1.0	1	1.0
RW_6	OXA-726	3005931	1	0	0.0	0	0.0
RW_6	OXA-732	3005937	1	1	1.0	1	1.0
RW_6	OXA-917	3006103	1	0	0.0	0	0.0
RW_6	PAC-1	3005150	1	0	0.0	0	0.0
RW_6	PAU-1	3006964	1	0	0.0	0	0.0
RW_6	PER-1	3002363	1	1	1.0	1	1.0
RW_6	PmrF	3003578	1	0	0.0	0	0.0
RW_6	QnrD1	3002788	1	0	0.0	0	0.0
RW_6	QnrS1	3002790	1	1	1.0	1	1.0
RW_6	QnrS2	3002791	1	0	0.0	0	0.0
RW_6	QnrVC1	3002799	1	0	0.0	0	0.0
RW_6	QnrVC4	3002801	1	0	0.0	0	0.0
RW_6	RSA-1	3004444	1	0	0.0	0	0.0
RW_6	RSA-2	3004445	1	0	0.0	0	0.0
RW_6	RSD2-2	3006983	1	0	0.0	0	0.0
RW_6	SAT-2	3002895	1	1	1.0	1	1.0
RW_6	SAT-4	3002897	1	0	0.0	0	0.0
RW_6	TEM-1	3000873	1	0	0.0	0	0.0
RW_6	VEB-19	3006214	1	0	0.0	0	0.0
RW_6	VEB-3	3002372	1	0	0.0	0	0.0
RW_6	YojI	3003952	1	0	0.0	0	0.0
RW_6	aad(6)	3002628	1	0	0.0	0	0.0
RW_6	aadA10	3004692	1	0	0.0	0	0.0
RW_6	aadA16	3002616	1	0	0.0	0	0.0
RW_6	aadA2	3002602	1	0	0.0	0	0.0
RW_6	aadA27	3004682	1	0	0.0	0	0.0
RW_6	aadA6	3002606	1	0	0.0	0	0.0
RW_6	aadS	3004683	1	0	0.0	0	0.0
RW_6	acrB	3000216	1	0	0.0	0	0.0
RW_6	acrD	3000491	1	0	0.0	0	0.0
RW_6	adeF	3000777	32	2	0.0625	2	0.0625
RW_6	aphA15	3004675	1	0	0.0	0	0.0
RW_6	bacA	3002986	1	0	0.0	0	0.0
RW_6	baeR	3000828	2	1	0.5	1	0.5
RW_6	baeS	3000829	1	1	1.0	1	1.0
RW_6	catB3	3002676	1	0	0.0	0	0.0
RW_6	catB8	3002680	1	0	0.0	0	0.0
RW_6	catQ	3002687	2	1	0.5	1	0.5
RW_6	cmlA5	3002695	1	0	0.0	0	0.0
RW_6	cmlA9	3005043	1	1	1.0	1	1.0
RW_6	cpxA	3000830	1	0	0.0	0	0.0
RW_6	dfrA1	3002854	1	0	0.0	0	0.0
RW_6	dfrA12	3002858	1	0	0.0	0	0.0
RW_6	dfrA32	3004555	1	0	0.0	0	0.0
RW_6	dfrG	3002868	1	0	0.0	0	0.0
RW_6	emrA	3000027	1	1	1.0	1	1.0
RW_6	emrB	3000074	1	1	1.0	1	1.0
RW_6	emrR	3000516	3	2	0.6666666666666666	2	0.6666666666666666
RW_6	emrY	3000254	1	0	0.0	0	0.0
RW_6	eptA	3003576	1	0	0.0	0	0.0
RW_6	evgA	3000832	1	0	0.0	0	0.0
RW_6	evgS	3000833	1	0	0.0	0	0.0
RW_6	floR	3002705	1	1	1.0	1	1.0
RW_6	fosA5	3003209	1	0	0.0	0	0.0
RW_6	gadX	3000508	1	0	0.0	0	0.0
RW_6	kdpE	3003841	1	1	1.0	1	1.0
RW_6	leuO	3003843	3	0	0.0	0	0.0
RW_6	lnuB	3002836	1	1	1.0	1	1.0
RW_6	lnuC	3002837	1	0	0.0	0	0.0
RW_6	lsaE	3003206	1	1	1.0	1	1.0
RW_6	marA	3000263	3	1	0.3333333333333333	1	0.3333333333333333
RW_6	mcr-10.1	3007137	1	0	0.0	0	0.0
RW_6	mdtE	3000795	1	0	0.0	0	0.0
RW_6	mdtF	3000796	1	0	0.0	0	0.0
RW_6	mdtG	3001329	1	0	0.0	0	0.0
RW_6	mdtH	3001216	1	0	0.0	0	0.0
RW_6	mdtN	3003548	1	1	1.0	1	1.0
RW_6	mdtO	3003549	1	1	1.0	1	1.0
RW_6	mdtP	3003550	1	1	1.0	1	1.0
RW_6	mefJ	3007049	1	0	0.0	0	0.0
RW_6	mphE	3003741	1	1	1.0	1	1.0
RW_6	mphF	3003071	1	1	1.0	1	1.0
RW_6	mphG	3003742	3	0	0.0	0	0.0
RW_6	msbA	3003950	1	0	0.0	0	0.0
RW_6	msrE	3003109	1	1	1.0	1	1.0
RW_6	nimA	3007104	2	0	0.0	0	0.0
RW_6	nimB	3004655	1	0	0.0	0	0.0
RW_6	nimE	3007107	2	1	0.5	1	0.5
RW_6	nimG	3007109	2	0	0.0	0	0.0
RW_6	nimI	3007111	1	0	0.0	0	0.0
RW_6	nimJ	3007112	6	0	0.0	0	0.0
RW_6	oqxA	3003922	1	0	0.0	0	0.0
RW_6	patB	3000025	1	0	0.0	0	0.0
RW_6	qacG	3007015	35	3	0.08571428571428572	3	0.08571428571428572
RW_6	qacJ	3007014	22	0	0.0	0	0.0
RW_6	qacL	3005098	2	0	0.0	0	0.0
RW_6	ramA	3000823	1	0	0.0	0	0.0
RW_6	rsmA	3005069	8	0	0.0	0	0.0
RW_6	sul2	3000412	1	0	0.0	0	0.0
RW_6	sul4	3004361	1	0	0.0	0	0.0
RW_6	tet(32)	3000196	3	1	0.3333333333333333	1	0.3333333333333333
RW_6	tet(36)	3000197	2	0	0.0	0	0.0
RW_6	tet(39)	3000566	1	0	0.0	0	0.0
RW_6	tet(44)	3000556	1	0	0.0	0	0.0
RW_6	tet(45)	3003196	1	0	0.0	0	0.0
RW_6	tet(A)	3000165	1	1	1.0	1	1.0
RW_6	tet(C)	3000167	1	0	0.0	0	0.0
RW_6	tet(H)	3000175	1	0	0.0	0	0.0
RW_6	tet(M)	3000186	2	0	0.0	0	0.0
RW_6	tet(O)	3000190	2	0	0.0	0	0.0
RW_6	tet(Q)	3000191	4	1	0.25	1	0.25
RW_6	tet(S)	3000192	1	0	0.0	0	0.0
RW_6	tet(W)	3000194	1	0	0.0	0	0.0
RW_6	tet(W/N/W)	3004442	2	0	0.0	0	0.0
RW_6	tetB(P)	3000195	2	0	0.0	0	0.0
RW_6	tetR	3003479	1	0	0.0	0	0.0
RW_6	vanG	3002909	9	0	0.0	0	0.0
RW_6	vanH gene in vanB cluster	3002943	3	0	0.0	0	0.0
RW_6	vanH gene in vanF cluster	3002945	1	0	0.0	0	0.0
RW_6	vanH gene in vanM cluster	3002947	1	0	0.0	0	0.0
RW_6	vanH gene in vanO cluster	3002948	5	0	0.0	0	0.0
RW_6	vanT gene in vanE cluster	3002971	2	0	0.0	0	0.0
RW_6	vanT gene in vanG cluster	3002972	67	0	0.0	0	0.0
RW_6	vanU gene in vanG cluster	3004253	1	0	0.0	0	0.0
RW_6	vanW gene in vanG cluster	3002965	9	0	0.0	0	0.0
RW_6	vanW gene in vanI cluster	3003724	36	0	0.0	0	0.0
RW_6	vanXY gene in vanG cluster	3003069	1	0	0.0	0	0.0
RW_6	vanY gene in vanA cluster	3002955	4	1	0.25	0	0.0
RW_6	vanY gene in vanB cluster	3002956	39	3	0.07692307692307693	2	0.05128205128205128
RW_6	vanY gene in vanF cluster	3002958	7	0	0.0	0	0.0
RW_6	vanY gene in vanG cluster	3002959	10	0	0.0	0	0.0
RW_6	vanY gene in vanM cluster	3002961	11	0	0.0	0	0.0
SRR5007116	EreA	3000361	1	0	0.0	0	0.0
SRR5007116	Erm(51)	3007033	1	0	0.0	0	0.0
SRR5007116	ErmF	3000498	1	0	0.0	0	0.0
SRR5007116	ErmG	3000522	1	0	0.0	0	0.0
SRR5007116	FosI	3007370	1	0	0.0	0	0.0
SRR5007116	OXA-17	3001412	1	0	0.0	0	0.0
SRR5007116	OXA-2	3001397	1	0	0.0	0	0.0
SRR5007116	adeF	3000777	19	0	0.0	0	0.0
SRR5007116	msrE	3003109	1	0	0.0	0	0.0
SRR5007116	nimA	3007104	1	0	0.0	0	0.0
SRR5007116	qacG	3007015	4	0	0.0	0	0.0
SRR5007116	qacJ	3007014	10	0	0.0	0	0.0
SRR5007116	rsmA	3005069	1	0	0.0	0	0.0
SRR5007116	tet(44)	3000556	2	0	0.0	0	0.0
SRR5007116	tet(O)	3000190	1	0	0.0	0	0.0
SRR5007116	tet(W)	3000194	1	0	0.0	0	0.0
SRR5007116	tetB(P)	3000195	1	0	0.0	0	0.0
SRR5007116	vanG	3002909	2	0	0.0	0	0.0
SRR5007116	vanH gene in vanB cluster	3002943	2	0	0.0	0	0.0
SRR5007116	vanH gene in vanO cluster	3002948	1	0	0.0	0	0.0
SRR5007116	vanT gene in vanG cluster	3002972	87	0	0.0	0	0.0
SRR5007116	vanW gene in vanB cluster	3002964	3	0	0.0	0	0.0
SRR5007116	vanW gene in vanG cluster	3002965	1	0	0.0	0	0.0
SRR5007116	vanW gene in vanI cluster	3003724	33	1	0.030303030303030304	0	0.0
SRR5007116	vanXY gene in vanG cluster	3003069	1	0	0.0	0	0.0
SRR5007116	vanY gene in vanA cluster	3002955	2	0	0.0	0	0.0
SRR5007116	vanY gene in vanB cluster	3002956	12	0	0.0	0	0.0
SRR5007116	vanY gene in vanF cluster	3002958	4	0	0.0	0	0.0
SRR5007116	vanY gene in vanG cluster	3002959	4	0	0.0	0	0.0
SRR5007116	vanY gene in vanM cluster	3002961	7	0	0.0	0	0.0
SRR5007352	ANT(6)-Ia	3002626	1	0	0.0	0	0.0
SRR5007352	ANT(6)-Ib	3002629	1	0	0.0	0	0.0
SRR5007352	EreA	3000361	1	0	0.0	0	0.0
SRR5007352	Erm(47)	3003908	1	0	0.0	0	0.0
SRR5007352	ErmF	3000498	1	0	0.0	0	0.0
SRR5007352	EstT	3007459	1	0	0.0	0	0.0
SRR5007352	FosI	3007370	1	0	0.0	0	0.0
SRR5007352	OXA-2	3001397	1	0	0.0	0	0.0
SRR5007352	OXA-347	3001777	1	0	0.0	0	0.0
SRR5007352	RbpA	3000245	2	0	0.0	0	0.0
SRR5007352	TEM-116	3000979	1	1	1.0	1	1.0
SRR5007352	aadS	3004683	2	0	0.0	0	0.0
SRR5007352	adeF	3000777	9	1	0.1111111111111111	1	0.1111111111111111
SRR5007352	lnuB	3002836	1	1	1.0	1	1.0
SRR5007352	lnuC	3002837	1	1	1.0	0	0.0
SRR5007352	lnuD	3002838	1	0	0.0	0	0.0
SRR5007352	lsaE	3003206	1	1	1.0	1	1.0
SRR5007352	mphE	3003741	1	0	0.0	0	0.0
SRR5007352	msrE	3003109	1	0	0.0	0	0.0
SRR5007352	nimA	3007104	2	1	0.5	1	0.5
SRR5007352	nimE	3007107	1	0	0.0	0	0.0
SRR5007352	nimG	3007109	3	0	0.0	0	0.0
SRR5007352	qacG	3007015	8	0	0.0	0	0.0
SRR5007352	qacJ	3007014	5	0	0.0	0	0.0
SRR5007352	tet(32)	3000196	1	1	1.0	1	1.0
SRR5007352	tet(44)	3000556	2	0	0.0	0	0.0
SRR5007352	tet(O)	3000190	2	1	0.5	0	0.0
SRR5007352	tet(Q)	3000191	1	0	0.0	0	0.0
SRR5007352	tet(W)	3000194	1	0	0.0	0	0.0
SRR5007352	vanG	3002909	7	0	0.0	0	0.0
SRR5007352	vanH gene in vanD cluster	3002944	1	0	0.0	0	0.0
SRR5007352	vanT gene in vanG cluster	3002972	93	0	0.0	0	0.0
SRR5007352	vanW gene in vanB cluster	3002964	2	0	0.0	0	0.0
SRR5007352	vanW gene in vanG cluster	3002965	4	0	0.0	0	0.0
SRR5007352	vanW gene in vanI cluster	3003724	39	0	0.0	0	0.0
SRR5007352	vanXY gene in vanG cluster	3003069	2	0	0.0	0	0.0
SRR5007352	vanY gene in vanA cluster	3002955	7	0	0.0	0	0.0
SRR5007352	vanY gene in vanB cluster	3002956	13	0	0.0	0	0.0
SRR5007352	vanY gene in vanF cluster	3002958	9	0	0.0	0	0.0
SRR5007352	vanY gene in vanG cluster	3002959	9	0	0.0	0	0.0
SRR5007352	vanY gene in vanM cluster	3002961	7	0	0.0	0	0.0
