ORF_ID	Contig	Start	Stop	Orientation	Cut_Off	Pass_Bitscore	Best_Hit_Bitscore	Best_Hit_ARO	Best_Identities	ARO	Model_type	SNPs_in_Best_Hit_ARO	Other_SNPs	Drug Class	Resistance Mechanism	AMR Gene Family	Percentage Length of Reference Sequence	ID	Model_ID	Nudged	Note	Hit_Start	Hit_End	Antibiotic	AST_Source
k141_118_8 # 7809 # 8786 # 1 # ID=213_8;partial=00;start_type=ATG;rbs_motif=AGGAG;rbs_spacer=5-10bp;gc_cont=0.413	k141_118	7809	8786	+	Strict	200	257.7	vanH gene in vanO cluster	44.12	3002948	protein homolog model	n/a	n/a	glycopeptide antibiotic	antibiotic target alteration	vanH; glycopeptide resistance gene cluster	92.86	gnl|BL_ORD_ID|762|hsp_num:0	786			126	1032	vancomycin	
k141_133386_1 # 39 # 1958 # -1 # ID=2269_1;partial=00;start_type=ATG;rbs_motif=AGGAGG;rbs_spacer=5-10bp;gc_cont=0.404	k141_133386	39	1958	-	Strict	300	1268.4	tet(O)	99.22	3000190	protein homolog model	n/a	n/a	tetracycline antibiotic	antibiotic target protection	tetracycline-resistant ribosomal protection protein	100.00	gnl|BL_ORD_ID|1954|hsp_num:0	2020			0	1917	tetracycline; doxycycline; minocycline; chlortetracycline; demeclocycline; oxytetracycline	
k141_1886_1 # 3 # 2603 # -1 # ID=2696_1;partial=10;start_type=ATG;rbs_motif=GGAG/GAGG;rbs_spacer=5-10bp;gc_cont=0.679	k141_1886	3	2603	-	Strict	750	1040.4	adeF	62.98	3000777	protein homolog model	n/a	n/a	fluoroquinolone antibiotic; tetracycline antibiotic	antibiotic efflux	resistance-nodulation-cell division (RND) antibiotic efflux pump	81.87	gnl|BL_ORD_ID|133|hsp_num:0	153			0	2583	tetracycline	
k141_2015_4 # 3826 # 4155 # 1 # ID=2843_4;partial=00;start_type=ATG;rbs_motif=GGAG/GAGG;rbs_spacer=5-10bp;gc_cont=0.385	k141_2015	3826	4155	+	Strict	75	93.2	qacJ	45.19	3007014	protein homolog model	n/a	n/a	disinfecting agents and antiseptics	antibiotic efflux	small multidrug resistance (SMR) antibiotic efflux pump	101.87	gnl|BL_ORD_ID|4661|hsp_num:0	5730			6	318	benzalkonium chloride	
k141_661005_3 # 1760 # 2539 # 1 # ID=3371_3;partial=00;start_type=GTG;rbs_motif=AGGA/GGAG/GAGG;rbs_spacer=11-12bp;gc_cont=0.624	k141_661005	1760	2539	+	Strict	50	105.1	vanY gene in vanG cluster	34.59	3002959	protein homolog model	n/a	n/a	glycopeptide antibiotic	antibiotic target alteration	vanY; glycopeptide resistance gene cluster	92.83	gnl|BL_ORD_ID|4731|hsp_num:0	298			291	816	vancomycin	
k141_134497_2 # 872 # 1216 # 1 # ID=4153_2;partial=00;start_type=ATG;rbs_motif=GGA/GAG/AGG;rbs_spacer=5-10bp;gc_cont=0.388	k141_134497	872	1216	+	Strict	75	95.9	qacJ	44.34	3007014	protein homolog model	n/a	n/a	disinfecting agents and antiseptics	antibiotic efflux	small multidrug resistance (SMR) antibiotic efflux pump	106.54	gnl|BL_ORD_ID|4661|hsp_num:0	5730			0	318	benzalkonium chloride	
k141_266638_2 # 314 # 1027 # -1 # ID=4417_2;partial=01;start_type=Edge;rbs_motif=None;rbs_spacer=None;gc_cont=0.385	k141_266638	314	1027	-	Strict	300	305.8	tet(O)	64.38	3000190	protein homolog model	n/a	n/a	tetracycline antibiotic	antibiotic target protection	tetracycline-resistant ribosomal protection protein	37.09	gnl|BL_ORD_ID|1954|hsp_num:0	2020			1254	1911	tetracycline; doxycycline; minocycline; chlortetracycline; demeclocycline; oxytetracycline	
k141_661936_1 # 147 # 1373 # 1 # ID=4901_1;partial=00;start_type=ATG;rbs_motif=AGGA;rbs_spacer=5-10bp;gc_cont=0.500	k141_661936	147	1373	+	Perfect	700	800.8	EreA2	100.0	3002826	protein homolog model	n/a	n/a	macrolide antibiotic	antibiotic inactivation	macrolide esterase	100.00	gnl|BL_ORD_ID|1398|hsp_num:0	1518			0	1224	erythromycin	
k141_135309_3 # 907 # 1659 # -1 # ID=5244_3;partial=00;start_type=ATG;rbs_motif=GGxGG;rbs_spacer=5-10bp;gc_cont=0.610	k141_135309	907	1659	-	Strict	50	129.0	vanY gene in vanB cluster	37.27	3002956	protein homolog model	n/a	n/a	glycopeptide antibiotic	antibiotic target alteration	vanY; glycopeptide resistance gene cluster	93.28	gnl|BL_ORD_ID|603|hsp_num:0	556			153	792	vancomycin	
k141_926608_3 # 1331 # 1663 # -1 # ID=5835_3;partial=00;start_type=ATG;rbs_motif=GGA/GAG/AGG;rbs_spacer=5-10bp;gc_cont=0.529	k141_926608	1331	1663	-	Strict	75	79.7	qacJ	35.58	3007014	protein homolog model	n/a	n/a	disinfecting agents and antiseptics	antibiotic efflux	small multidrug resistance (SMR) antibiotic efflux pump	102.80	gnl|BL_ORD_ID|4661|hsp_num:0	5730			6	318	benzalkonium chloride	
k141_531156_2 # 1480 # 1974 # 1 # ID=6432_2;partial=00;start_type=ATG;rbs_motif=GGAG/GAGG;rbs_spacer=5-10bp;gc_cont=0.335	k141_531156	1480	1974	+	Strict	300	343.6	lnuC	98.17	3002837	protein homolog model	n/a	n/a	lincosamide antibiotic	antibiotic inactivation	lincosamide nucleotidyltransferase (LNU)	100.00	gnl|BL_ORD_ID|344|hsp_num:0	376			0	492	lincomycin	
k141_4915_5 # 4470 # 5417 # 1 # ID=7049_5;partial=00;start_type=ATG;rbs_motif=GGAG/GAGG;rbs_spacer=5-10bp;gc_cont=0.249	k141_4915	4470	5417	+	Strict	50	114.8	vanY gene in vanA cluster	33.06	3002955	protein homolog model	n/a	n/a	glycopeptide antibiotic	antibiotic target alteration	vanY; glycopeptide resistance gene cluster	103.96	gnl|BL_ORD_ID|4668|hsp_num:0	89			54	723	vancomycin; teicoplanin	
k141_927688_1 # 3 # 1841 # 1 # ID=7214_1;partial=10;start_type=Edge;rbs_motif=None;rbs_spacer=None;gc_cont=0.359	k141_927688	3	1841	+	Strict	50	95.1	vanW gene in vanI cluster	27.88	3003724	protein homolog model	n/a	n/a	glycopeptide antibiotic	antibiotic target alteration	vanW; glycopeptide resistance gene cluster	164.08	gnl|BL_ORD_ID|4747|hsp_num:0	2242			396	1056	vancomycin; teicoplanin	
k141_268926_4 # 3656 # 3898 # -1 # ID=7643_4;partial=01;start_type=Edge;rbs_motif=None;rbs_spacer=None;gc_cont=0.547	k141_268926	3656	3898	-	Strict	50	82.4	vanY gene in vanB cluster	55.36	3002956	protein homolog model	n/a	n/a	glycopeptide antibiotic	antibiotic target alteration	vanY; glycopeptide resistance gene cluster	29.85	gnl|BL_ORD_ID|603|hsp_num:0	556			621	789	vancomycin	
k141_5666_10 # 8476 # 9426 # -1 # ID=8125_10;partial=00;start_type=ATG;rbs_motif=GGAG/GAGG;rbs_spacer=5-10bp;gc_cont=0.259	k141_5666	8476	9426	-	Strict	50	101.3	vanY gene in vanA cluster	30.58	3002955	protein homolog model	n/a	n/a	glycopeptide antibiotic	antibiotic target alteration	vanY; glycopeptide resistance gene cluster	104.29	gnl|BL_ORD_ID|4668|hsp_num:0	89			54	723	vancomycin; teicoplanin	
k141_401587_2 # 958 # 1293 # 1 # ID=8823_2;partial=00;start_type=ATG;rbs_motif=TAA;rbs_spacer=15bp;gc_cont=0.384	k141_401587	958	1293	+	Strict	75	99.8	qacG	48.51	3007015	protein homolog model	n/a	n/a	disinfecting agents and antiseptics	antibiotic efflux	small multidrug resistance (SMR) antibiotic efflux pump	103.74	gnl|BL_ORD_ID|4662|hsp_num:0	5731			0	303	benzalkonium chloride	
k141_401681_1 # 3 # 497 # -1 # ID=8998_1;partial=10;start_type=ATG;rbs_motif=None;rbs_spacer=None;gc_cont=0.618	k141_401681	3	497	-	Strict	125	170.2	vanXY gene in vanG cluster	51.2	3003069	protein homolog model	n/a	n/a	glycopeptide antibiotic	antibiotic target alteration	glycopeptide resistance gene cluster; vanXY	64.96	gnl|BL_ORD_ID|305|hsp_num:0	253			3	498	vancomycin	
k141_401681_2 # 494 # 1543 # -1 # ID=8998_2;partial=00;start_type=ATG;rbs_motif=AGGA;rbs_spacer=5-10bp;gc_cont=0.581	k141_401681	494	1543	-	Strict	250	418.7	vanG	58.45	3002909	protein homolog model	n/a	n/a	glycopeptide antibiotic	antibiotic target alteration	glycopeptide resistance gene cluster; Van ligase	100.00	gnl|BL_ORD_ID|1070|hsp_num:0	1157			0	1047	vancomycin	
k141_401681_3 # 1547 # 2443 # -1 # ID=8998_3;partial=01;start_type=Edge;rbs_motif=None;rbs_spacer=None;gc_cont=0.560	k141_401681	1547	2443	-	Strict	50	339.0	vanW gene in vanB cluster	57.35	3002964	protein homolog model	n/a	n/a	glycopeptide antibiotic	antibiotic target alteration	vanW; glycopeptide resistance gene cluster	108.36	gnl|BL_ORD_ID|4679|hsp_num:0	1036			0	816	vancomycin	
k141_532684_2 # 344 # 1102 # -1 # ID=9100_2;partial=00;start_type=ATG;rbs_motif=GGAG/GAGG;rbs_spacer=5-10bp;gc_cont=0.576	k141_532684	344	1102	-	Strict	50	128.3	vanY gene in vanG cluster	39.34	3002959	protein homolog model	n/a	n/a	glycopeptide antibiotic	antibiotic target alteration	vanY; glycopeptide resistance gene cluster	90.32	gnl|BL_ORD_ID|4731|hsp_num:0	298			294	813	vancomycin	
k141_7470_2 # 796 # 1851 # -1 # ID=10812_2;partial=00;start_type=ATG;rbs_motif=4Base/6BMM;rbs_spacer=13-15bp;gc_cont=0.337	k141_7470	796	1851	-	Strict	50	102.1	vanW gene in vanI cluster	31.1	3003724	protein homolog model	n/a	n/a	glycopeptide antibiotic	antibiotic target alteration	vanW; glycopeptide resistance gene cluster	94.10	gnl|BL_ORD_ID|4747|hsp_num:0	2242			483	1083	vancomycin; teicoplanin	
k141_141525_15 # 10850 # 11014 # -1 # ID=13858_15;partial=01;start_type=Edge;rbs_motif=None;rbs_spacer=None;gc_cont=0.600	k141_141525	10850	11014	-	Strict	50	62.4	vanY gene in vanB cluster	54.35	3002956	protein homolog model	n/a	n/a	glycopeptide antibiotic	antibiotic target alteration	vanY; glycopeptide resistance gene cluster	20.15	gnl|BL_ORD_ID|603|hsp_num:0	556			654	792	vancomycin	
k141_10457_4 # 7227 # 9152 # 1 # ID=15014_4;partial=00;start_type=ATG;rbs_motif=TAA;rbs_spacer=5bp;gc_cont=0.400	k141_10457	7227	9152	+	Strict	300	1242.6	tet(Q)	97.04	3000191	protein homolog model	n/a	n/a	tetracycline antibiotic	antibiotic target protection	tetracycline-resistant ribosomal protection protein	97.56	gnl|BL_ORD_ID|1220|hsp_num:0	1183			48	1971	tetracycline; doxycycline; minocycline; chlortetracycline; demeclocycline; oxytetracycline	
k141_11944_1 # 154 # 366 # 1 # ID=17159_1;partial=00;start_type=ATG;rbs_motif=GGAGG;rbs_spacer=5-10bp;gc_cont=0.408	k141_11944	154	366	+	Strict	100	114.0	vanU gene in vanG cluster	80.6	3004253	protein homolog model	n/a	n/a	glycopeptide antibiotic	antibiotic target alteration	glycopeptide resistance gene cluster; vanU	93.33	gnl|BL_ORD_ID|4737|hsp_num:0	943			0	201	vancomycin	
k141_11987_1 # 134 # 988 # 1 # ID=17209_1;partial=00;start_type=ATG;rbs_motif=AGGAGG;rbs_spacer=5-10bp;gc_cont=0.421	k141_11987	134	988	+	Perfect	400	572.0	ACI-1	100.0	3004359	protein homolog model	n/a	n/a	cephalosporin; penam; penem	antibiotic inactivation	ACI beta-lactamase	100.00	gnl|BL_ORD_ID|2483|hsp_num:0	2874			0	852	penicillin; ceftazidime; amoxicillin; cefotaxime; ticarcillin	
k141_935010_2 # 945 # 1277 # -1 # ID=17440_2;partial=00;start_type=ATG;rbs_motif=GGA/GAG/AGG;rbs_spacer=5-10bp;gc_cont=0.420	k141_935010	945	1277	-	Strict	75	82.0	qacG	42.86	3007015	protein homolog model	n/a	n/a	disinfecting agents and antiseptics	antibiotic efflux	small multidrug resistance (SMR) antibiotic efflux pump	102.80	gnl|BL_ORD_ID|4662|hsp_num:0	5731			3	318	benzalkonium chloride	
k141_935050_1 # 157 # 489 # -1 # ID=17566_1;partial=00;start_type=ATG;rbs_motif=AGGA;rbs_spacer=5-10bp;gc_cont=0.550	k141_935050	157	489	-	Strict	75	100.5	qacJ	41.9	3007014	protein homolog model	n/a	n/a	disinfecting agents and antiseptics	antibiotic efflux	small multidrug resistance (SMR) antibiotic efflux pump	102.80	gnl|BL_ORD_ID|4661|hsp_num:0	5730			3	318	benzalkonium chloride	
k141_538047_40 # 43487 # 44668 # -1 # ID=18928_40;partial=00;start_type=ATG;rbs_motif=AGxAG;rbs_spacer=3-4bp;gc_cont=0.351	k141_538047	43487	44668	-	Strict	175	244.6	vanT gene in vanG cluster	38.38	3002972	protein homolog model	n/a	n/a	glycopeptide antibiotic	antibiotic target alteration	glycopeptide resistance gene cluster; vanT	55.20	gnl|BL_ORD_ID|1523|hsp_num:0	1561			1026	2115	vancomycin	
k141_277090_2 # 1806 # 2498 # -1 # ID=19441_2;partial=00;start_type=ATG;rbs_motif=TAA;rbs_spacer=7bp;gc_cont=0.309	k141_277090	1806	2498	-	Strict	50	119.4	vanW gene in vanG cluster	37.02	3002965	protein homolog model	n/a	n/a	glycopeptide antibiotic	antibiotic target alteration	vanW; glycopeptide resistance gene cluster	81.85	gnl|BL_ORD_ID|4742|hsp_num:0	1622			126	669	vancomycin	
k141_278033_6 # 4212 # 5354 # -1 # ID=20729_6;partial=00;start_type=ATG;rbs_motif=AGGA;rbs_spacer=5-10bp;gc_cont=0.595	k141_278033	4212	5354	-	Strict	175	369.4	vanT gene in vanG cluster	49.47	3002972	protein homolog model	n/a	n/a	glycopeptide antibiotic	antibiotic target alteration	glycopeptide resistance gene cluster; vanT	53.37	gnl|BL_ORD_ID|1523|hsp_num:0	1561			996	2118	vancomycin	
k141_278033_8 # 5855 # 6502 # -1 # ID=20729_8;partial=01;start_type=Edge;rbs_motif=None;rbs_spacer=None;gc_cont=0.597	k141_278033	5855	6502	-	Strict	125	217.2	vanXY gene in vanG cluster	52.66	3003069	protein homolog model	n/a	n/a	glycopeptide antibiotic	antibiotic target alteration	glycopeptide resistance gene cluster; vanXY	84.65	gnl|BL_ORD_ID|305|hsp_num:0	253			129	747	vancomycin	
k141_802174_4 # 1485 # 2711 # -1 # ID=21569_4;partial=00;start_type=ATG;rbs_motif=TAA;rbs_spacer=12bp;gc_cont=0.311	k141_802174	1485	2711	-	Strict	400	793.9	EreD	95.34	3004608	protein homolog model	n/a	n/a	macrolide antibiotic	antibiotic inactivation	macrolide esterase	100.00	gnl|BL_ORD_ID|1194|hsp_num:0	3305			0	1224	erythromycin	
k141_16395_2 # 621 # 1829 # 1 # ID=23179_2;partial=00;start_type=ATG;rbs_motif=GGxGG;rbs_spacer=5-10bp;gc_cont=0.599	k141_16395	621	1829	+	Strict	175	212.2	vanT gene in vanG cluster	34.57	3002972	protein homolog model	n/a	n/a	glycopeptide antibiotic	antibiotic target alteration	glycopeptide resistance gene cluster; vanT	56.46	gnl|BL_ORD_ID|1523|hsp_num:0	1561			1044	2118	vancomycin	
k141_412233_3 # 2155 # 5262 # 1 # ID=24268_3;partial=00;start_type=GTG;rbs_motif=3Base/5BMM;rbs_spacer=13-15bp;gc_cont=0.530	k141_412233	2155	5262	+	Strict	750	796.6	adeF	43.65	3000777	protein homolog model	n/a	n/a	fluoroquinolone antibiotic; tetracycline antibiotic	antibiotic efflux	resistance-nodulation-cell division (RND) antibiotic efflux pump	97.73	gnl|BL_ORD_ID|133|hsp_num:0	153			45	3159	tetracycline	
k141_542182_1 # 3 # 962 # 1 # ID=26182_1;partial=10;start_type=Edge;rbs_motif=None;rbs_spacer=None;gc_cont=0.695	k141_542182	3	962	+	Strict	50	72.0	vanW gene in vanI cluster	30.27	3003724	protein homolog model	n/a	n/a	glycopeptide antibiotic	antibiotic target alteration	vanW; glycopeptide resistance gene cluster	85.52	gnl|BL_ORD_ID|4747|hsp_num:0	2242			534	1044	vancomycin; teicoplanin	
k141_941939_1 # 236 # 1120 # -1 # ID=27135_1;partial=00;start_type=ATG;rbs_motif=AAAAA;rbs_spacer=11bp;gc_cont=0.367	k141_941939	236	1120	-	Strict	500	590.9	mphG	99.32	3003742	protein homolog model	n/a	n/a	macrolide antibiotic	antibiotic inactivation	macrolide phosphotransferase (MPH)	100.00	gnl|BL_ORD_ID|2042|hsp_num:0	2259			0	882	erythromycin; clarithromycin; azithromycin	
k141_150924_13 # 14436 # 15545 # -1 # ID=27537_13;partial=00;start_type=ATG;rbs_motif=AGxAGG/AGGxGG;rbs_spacer=5-10bp;gc_cont=0.542	k141_150924	14436	15545	-	Strict	175	215.7	vanT gene in vanG cluster	37.06	3002972	protein homolog model	n/a	n/a	glycopeptide antibiotic	antibiotic target alteration	glycopeptide resistance gene cluster; vanT	51.83	gnl|BL_ORD_ID|1523|hsp_num:0	1561			1032	2118	vancomycin	
k141_543263_2 # 469 # 3555 # 1 # ID=28045_2;partial=01;start_type=ATG;rbs_motif=GGAG/GAGG;rbs_spacer=5-10bp;gc_cont=0.609	k141_543263	469	3555	+	Strict	750	781.9	adeF	43.57	3000777	protein homolog model	n/a	n/a	fluoroquinolone antibiotic; tetracycline antibiotic	antibiotic efflux	resistance-nodulation-cell division (RND) antibiotic efflux pump	97.17	gnl|BL_ORD_ID|133|hsp_num:0	153			6	3111	tetracycline	
k141_805723_1 # 24 # 968 # -1 # ID=28384_1;partial=00;start_type=ATG;rbs_motif=AGGA;rbs_spacer=5-10bp;gc_cont=0.261	k141_805723	24	968	-	Strict	50	100.9	vanY gene in vanA cluster	34.78	3002955	protein homolog model	n/a	n/a	glycopeptide antibiotic	antibiotic target alteration	vanY; glycopeptide resistance gene cluster	103.63	gnl|BL_ORD_ID|4668|hsp_num:0	89			135	663	vancomycin; teicoplanin	
k141_153564_3 # 1452 # 1952 # -1 # ID=30955_3;partial=00;start_type=ATG;rbs_motif=AGGAG;rbs_spacer=5-10bp;gc_cont=0.327	k141_153564	1452	1952	-	Strict	150	201.8	nimJ	60.13	3007112	protein homolog model	n/a	n/a	nitroimidazole antibiotic	antibiotic inactivation	nitroimidazole reductase	100.61	gnl|BL_ORD_ID|4790|hsp_num:0	5785			9	483	metronidazole	
k141_944539_8 # 5219 # 6346 # 1 # ID=31404_8;partial=00;start_type=ATG;rbs_motif=None;rbs_spacer=None;gc_cont=0.694	k141_944539	5219	6346	+	Strict	175	202.6	vanT gene in vanG cluster	34.52	3002972	protein homolog model	n/a	n/a	glycopeptide antibiotic	antibiotic target alteration	glycopeptide resistance gene cluster; vanT	52.67	gnl|BL_ORD_ID|1523|hsp_num:0	1561			1038	2118	vancomycin	
k141_545186_3 # 3737 # 4720 # 1 # ID=31505_3;partial=00;start_type=ATG;rbs_motif=AGxAGG/AGGxGG;rbs_spacer=5-10bp;gc_cont=0.439	k141_545186	3737	4720	+	Strict	200	252.7	vanH gene in vanO cluster	41.48	3002948	protein homolog model	n/a	n/a	glycopeptide antibiotic	antibiotic target alteration	vanH; glycopeptide resistance gene cluster	93.43	gnl|BL_ORD_ID|762|hsp_num:0	786			108	1029	vancomycin	
k141_22165_4 # 2678 # 5845 # 1 # ID=31672_4;partial=00;start_type=ATG;rbs_motif=None;rbs_spacer=None;gc_cont=0.671	k141_22165	2678	5845	+	Strict	750	1035.0	adeF	53.04	3000777	protein homolog model	n/a	n/a	fluoroquinolone antibiotic; tetracycline antibiotic	antibiotic efflux	resistance-nodulation-cell division (RND) antibiotic efflux pump	99.62	gnl|BL_ORD_ID|133|hsp_num:0	153			0	3105	tetracycline	
k141_23249_14 # 14252 # 16174 # -1 # ID=33348_14;partial=00;start_type=ATG;rbs_motif=GGAG/GAGG;rbs_spacer=5-10bp;gc_cont=0.307	k141_23249	14252	16174	-	Strict	300	1238.4	tet(44)	96.56	3000556	protein homolog model	n/a	n/a	tetracycline antibiotic	antibiotic target protection	tetracycline-resistant ribosomal protection protein	100.00	gnl|BL_ORD_ID|1198|hsp_num:0	1171			0	1920	tetracycline; doxycycline; minocycline; chlortetracycline; demeclocycline; oxytetracycline	
k141_419423_2 # 258 # 992 # 1 # ID=34403_2;partial=00;start_type=ATG;rbs_motif=AGGAG;rbs_spacer=5-10bp;gc_cont=0.265	k141_419423	258	992	+	Strict	400	482.3	ErmG	99.59	3000522	protein homolog model	n/a	n/a	macrolide antibiotic; lincosamide antibiotic; streptogramin antibiotic; streptogramin A antibiotic; streptogramin B antibiotic	antibiotic target alteration	Erm 23S ribosomal RNA methyltransferase	100.00	gnl|BL_ORD_ID|916|hsp_num:0	989			0	732	erythromycin; roxithromycin; lincomycin; telithromycin; clarithromycin; clindamycin; tylosin; spiramycin; azithromycin; dirithromycin; pristinamycin IA; quinupristin; virginiamycin M1; madumycin II; griseoviridin; dalfopristin; pristinamycin IB; virginiamycin S2; pristinamycin IC; vernamycin C; patricin A; patricin B; ostreogrycin B3; oleandomycin	
k141_24218_9 # 7672 # 9153 # 1 # ID=34688_9;partial=01;start_type=ATG;rbs_motif=None;rbs_spacer=None;gc_cont=0.440	k141_24218	7672	9153	+	Strict	50	122.5	vanW gene in vanI cluster	31.12	3003724	protein homolog model	n/a	n/a	glycopeptide antibiotic	antibiotic target alteration	vanW; glycopeptide resistance gene cluster	132.44	gnl|BL_ORD_ID|4747|hsp_num:0	2242			114	1050	vancomycin; teicoplanin	
k141_946847_3 # 1940 # 2980 # 1 # ID=34746_3;partial=01;start_type=ATG;rbs_motif=GGAG/GAGG;rbs_spacer=5-10bp;gc_cont=0.316	k141_946847	1940	2980	+	Strict	400	521.9	tetB(P)	76.88	3000195	protein homolog model	n/a	n/a	tetracycline antibiotic	antibiotic target protection	tetracycline-resistant ribosomal protection protein	53.22	gnl|BL_ORD_ID|738|hsp_num:0	804			6	1044	tetracycline; doxycycline; minocycline; chlortetracycline; demeclocycline; oxytetracycline	
k141_947517_3 # 1294 # 2526 # -1 # ID=35708_3;partial=00;start_type=ATG;rbs_motif=GGAG/GAGG;rbs_spacer=5-10bp;gc_cont=0.473	k141_947517	1294	2526	-	Strict	50	72.8	vanY gene in vanM cluster	31.49	3002961	protein homolog model	n/a	n/a	glycopeptide antibiotic	antibiotic target alteration	vanY; glycopeptide resistance gene cluster	175.97	gnl|BL_ORD_ID|1674|hsp_num:0	1713			21	531	vancomycin; teicoplanin	
k141_26606_1 # 303 # 1091 # 1 # ID=38185_1;partial=00;start_type=ATG;rbs_motif=GGAG/GAGG;rbs_spacer=5-10bp;gc_cont=0.442	k141_26606	303	1091	+	Strict	400	517.7	aadA27	99.62	3004682	protein homolog model	n/a	n/a	aminoglycoside antibiotic	antibiotic inactivation	ANT(3'')	100.00	gnl|BL_ORD_ID|2242|hsp_num:0	3381			0	786	spectinomycin; streptomycin	
k141_291629_1 # 2 # 1327 # 1 # ID=39027_1;partial=10;start_type=Edge;rbs_motif=None;rbs_spacer=None;gc_cont=0.281	k141_291629	2	1327	+	Strict	50	122.5	vanW gene in vanI cluster	32.07	3003724	protein homolog model	n/a	n/a	glycopeptide antibiotic	antibiotic target alteration	vanW; glycopeptide resistance gene cluster	118.23	gnl|BL_ORD_ID|4747|hsp_num:0	2242			339	1050	vancomycin; teicoplanin	
k141_423428_6 # 2452 # 4143 # 1 # ID=39908_6;partial=00;start_type=ATG;rbs_motif=GGA/GAG/AGG;rbs_spacer=5-10bp;gc_cont=0.463	k141_423428	2452	4143	+	Strict	600	1069.3	ICR-Mo	96.09	3004569	protein homolog model	n/a	n/a	peptide antibiotic	antibiotic target alteration	intrinsic colistin resistant phosphoethanolamine transferase	100.90	gnl|BL_ORD_ID|2715|hsp_num:0	3271			30	1674	colistin A; colistin B	
k141_27705_33 # 39991 # 41109 # 1 # ID=40022_33;partial=00;start_type=ATG;rbs_motif=None;rbs_spacer=None;gc_cont=0.464	k141_27705	39991	41109	+	Strict	175	211.5	vanT gene in vanG cluster	34.95	3002972	protein homolog model	n/a	n/a	glycopeptide antibiotic	antibiotic target alteration	glycopeptide resistance gene cluster; vanT	52.25	gnl|BL_ORD_ID|1523|hsp_num:0	1561			1035	2127	vancomycin	
k141_550190_1 # 144 # 473 # -1 # ID=40079_1;partial=00;start_type=GTG;rbs_motif=GGAG/GAGG;rbs_spacer=5-10bp;gc_cont=0.639	k141_550190	144	473	-	Strict	75	95.5	qacG	46.23	3007015	protein homolog model	n/a	n/a	disinfecting agents and antiseptics	antibiotic efflux	small multidrug resistance (SMR) antibiotic efflux pump	101.87	gnl|BL_ORD_ID|4662|hsp_num:0	5731			0	318	benzalkonium chloride	
k141_160271_3 # 1030 # 1359 # 1 # ID=40364_3;partial=00;start_type=ATG;rbs_motif=3Base/5BMM;rbs_spacer=13-15bp;gc_cont=0.400	k141_160271	1030	1359	+	Strict	75	83.6	qacJ	37.74	3007014	protein homolog model	n/a	n/a	disinfecting agents and antiseptics	antibiotic efflux	small multidrug resistance (SMR) antibiotic efflux pump	101.87	gnl|BL_ORD_ID|4661|hsp_num:0	5730			0	318	benzalkonium chloride	
k141_812973_1 # 334 # 1446 # 1 # ID=41264_1;partial=00;start_type=GTG;rbs_motif=AGxAGG/AGGxGG;rbs_spacer=5-10bp;gc_cont=0.429	k141_812973	334	1446	+	Strict	175	235.3	vanT gene in vanG cluster	38.42	3002972	protein homolog model	n/a	n/a	glycopeptide antibiotic	antibiotic target alteration	glycopeptide resistance gene cluster; vanT	51.97	gnl|BL_ORD_ID|1523|hsp_num:0	1561			1032	2118	vancomycin	
k141_28578_80 # 73763 # 76891 # -1 # ID=41405_80;partial=00;start_type=ATG;rbs_motif=None;rbs_spacer=None;gc_cont=0.535	k141_28578	73763	76891	-	Strict	750	811.2	adeF	44.66	3000777	protein homolog model	n/a	n/a	fluoroquinolone antibiotic; tetracycline antibiotic	antibiotic efflux	resistance-nodulation-cell division (RND) antibiotic efflux pump	98.39	gnl|BL_ORD_ID|133|hsp_num:0	153			12	3093	tetracycline	
k141_28778_1 # 96 # 1043 # 1 # ID=41644_1;partial=00;start_type=ATG;rbs_motif=ATA;rbs_spacer=3bp;gc_cont=0.416	k141_28778	96	1043	+	Strict	50	138.3	vanY gene in vanB cluster	40.86	3002956	protein homolog model	n/a	n/a	glycopeptide antibiotic	antibiotic target alteration	vanY; glycopeptide resistance gene cluster	117.54	gnl|BL_ORD_ID|603|hsp_num:0	556			255	798	vancomycin	
k141_293671_4 # 1345 # 2877 # 1 # ID=41745_4;partial=01;start_type=ATG;rbs_motif=None;rbs_spacer=None;gc_cont=0.500	k141_293671	1345	2877	+	Strict	50	114.0	vanW gene in vanI cluster	28.27	3003724	protein homolog model	n/a	n/a	glycopeptide antibiotic	antibiotic target alteration	vanW; glycopeptide resistance gene cluster	137.00	gnl|BL_ORD_ID|4747|hsp_num:0	2242			24	1050	vancomycin; teicoplanin	
k141_424819_3 # 3256 # 4986 # -1 # ID=41876_3;partial=00;start_type=GTG;rbs_motif=None;rbs_spacer=None;gc_cont=0.292	k141_424819	3256	4986	-	Strict	50	131.3	vanW gene in vanI cluster	34.51	3003724	protein homolog model	n/a	n/a	glycopeptide antibiotic	antibiotic target alteration	vanW; glycopeptide resistance gene cluster	154.42	gnl|BL_ORD_ID|4747|hsp_num:0	2242			402	1059	vancomycin; teicoplanin	
k141_161522_2 # 264 # 1088 # 1 # ID=42061_2;partial=00;start_type=ATG;rbs_motif=None;rbs_spacer=None;gc_cont=0.458	k141_161522	264	1088	+	Strict	500	528.5	OXA-644	96.72	3005864	protein homolog model	n/a	n/a	carbapenem; cephalosporin; penam	antibiotic inactivation	OXA beta-lactamase	100.00	gnl|BL_ORD_ID|3900|hsp_num:0	4969			0	822	cloxacillin; oxacillin; cefalotin	
k141_813635_2 # 235 # 1059 # 1 # ID=42481_2;partial=00;start_type=ATG;rbs_motif=None;rbs_spacer=None;gc_cont=0.459	k141_813635	235	1059	+	Strict	500	526.9	OXA-651	96.72	3005867	protein homolog model	n/a	n/a	carbapenem; cephalosporin; penam	antibiotic inactivation	OXA beta-lactamase	100.00	gnl|BL_ORD_ID|3903|hsp_num:0	4972			0	822	cloxacillin; oxacillin; cefalotin	
k141_29408_3 # 861 # 1184 # 1 # ID=42527_3;partial=00;start_type=ATG;rbs_motif=GGA/GAG/AGG;rbs_spacer=5-10bp;gc_cont=0.373	k141_29408	861	1184	+	Strict	75	119.0	qacJ	52.34	3007014	protein homolog model	n/a	n/a	disinfecting agents and antiseptics	antibiotic efflux	small multidrug resistance (SMR) antibiotic efflux pump	100.00	gnl|BL_ORD_ID|4661|hsp_num:0	5730			0	321	benzalkonium chloride	
k141_30431_2 # 423 # 767 # -1 # ID=44027_2;partial=00;start_type=ATG;rbs_motif=GGA/GAG/AGG;rbs_spacer=5-10bp;gc_cont=0.455	k141_30431	423	767	-	Strict	75	87.4	qacJ	42.31	3007014	protein homolog model	n/a	n/a	disinfecting agents and antiseptics	antibiotic efflux	small multidrug resistance (SMR) antibiotic efflux pump	106.54	gnl|BL_ORD_ID|4661|hsp_num:0	5730			6	318	benzalkonium chloride	
k141_953232_2 # 1079 # 1399 # -1 # ID=44081_2;partial=00;start_type=ATG;rbs_motif=GGAGG;rbs_spacer=5-10bp;gc_cont=0.386	k141_953232	1079	1399	-	Strict	75	81.3	qacJ	38.1	3007014	protein homolog model	n/a	n/a	disinfecting agents and antiseptics	antibiotic efflux	small multidrug resistance (SMR) antibiotic efflux pump	99.07	gnl|BL_ORD_ID|4661|hsp_num:0	5730			0	315	benzalkonium chloride	
k141_426678_38 # 30091 # 31698 # -1 # ID=44537_38;partial=00;start_type=ATG;rbs_motif=GGA/GAG/AGG;rbs_spacer=5-10bp;gc_cont=0.253	k141_426678	30091	31698	-	Strict	300	528.1	poxtA	50.74	3004470	protein homolog model	n/a	n/a	tetracycline antibiotic; oxazolidinone antibiotic; phenicol antibiotic	antibiotic target protection	Miscellaneous ABC-F subfamily ATP-binding cassette ribosomal protection proteins	98.71	gnl|BL_ORD_ID|2511|hsp_num:0	2904			0	1608	tetracycline; doxycycline; linezolid; chloramphenicol; florfenicol	
k141_163585_6 # 4692 # 5510 # 1 # ID=45092_6;partial=00;start_type=ATG;rbs_motif=TAA;rbs_spacer=3bp;gc_cont=0.297	k141_163585	4692	5510	+	Strict	50	147.9	vanW gene in vanG cluster	36.18	3002965	protein homolog model	n/a	n/a	glycopeptide antibiotic	antibiotic target alteration	vanW; glycopeptide resistance gene cluster	96.80	gnl|BL_ORD_ID|4742|hsp_num:0	1622			84	666	vancomycin	
k141_553024_2 # 323 # 1030 # 1 # ID=45220_2;partial=01;start_type=GTG;rbs_motif=TAA;rbs_spacer=11bp;gc_cont=0.386	k141_553024	323	1030	+	Strict	50	139.4	vanW gene in vanG cluster	32.43	3002965	protein homolog model	n/a	n/a	glycopeptide antibiotic	antibiotic target alteration	vanW; glycopeptide resistance gene cluster	83.99	gnl|BL_ORD_ID|4742|hsp_num:0	1622			27	693	vancomycin	
k141_296925_3 # 1711 # 2043 # -1 # ID=46121_3;partial=00;start_type=GTG;rbs_motif=AGGAG;rbs_spacer=5-10bp;gc_cont=0.523	k141_296925	1711	2043	-	Strict	180	203.4	qacL	93.64	3005098	protein homolog model	n/a	n/a	disinfecting agents and antiseptics	antibiotic efflux	small multidrug resistance (SMR) antibiotic efflux pump	100.00	gnl|BL_ORD_ID|2815|hsp_num:0	3830			0	330		
k141_686048_2 # 871 # 1305 # -1 # ID=46316_2;partial=01;start_type=Edge;rbs_motif=None;rbs_spacer=None;gc_cont=0.446	k141_686048	871	1305	-	Strict	75	87.8	qacG	40.0	3007015	protein homolog model	n/a	n/a	disinfecting agents and antiseptics	antibiotic efflux	small multidrug resistance (SMR) antibiotic efflux pump	134.58	gnl|BL_ORD_ID|4662|hsp_num:0	5731			3	318	benzalkonium chloride	
k141_428912_6 # 4007 # 4759 # 1 # ID=47616_6;partial=00;start_type=ATG;rbs_motif=GGA/GAG/AGG;rbs_spacer=5-10bp;gc_cont=0.619	k141_428912	4007	4759	+	Strict	50	125.2	vanY gene in vanG cluster	38.38	3002959	protein homolog model	n/a	n/a	glycopeptide antibiotic	antibiotic target alteration	vanY; glycopeptide resistance gene cluster	89.61	gnl|BL_ORD_ID|4731|hsp_num:0	298			294	819	vancomycin	
k141_554793_6 # 6637 # 6972 # -1 # ID=48375_6;partial=00;start_type=ATG;rbs_motif=None;rbs_spacer=None;gc_cont=0.637	k141_554793	6637	6972	-	Strict	75	75.5	qacG	40.95	3007015	protein homolog model	n/a	n/a	disinfecting agents and antiseptics	antibiotic efflux	small multidrug resistance (SMR) antibiotic efflux pump	103.74	gnl|BL_ORD_ID|4662|hsp_num:0	5731			0	306	benzalkonium chloride	
k141_299194_17 # 18068 # 18562 # -1 # ID=49346_17;partial=00;start_type=ATG;rbs_motif=AGGAG;rbs_spacer=5-10bp;gc_cont=0.497	k141_299194	18068	18562	-	Strict	150	188.3	nimA	59.12	3007104	protein homolog model	n/a	n/a	nitroimidazole antibiotic	antibiotic inactivation	nitroimidazole reductase	93.18	gnl|BL_ORD_ID|4783|hsp_num:0	5777			0	474	metronidazole	
k141_555415_2 # 520 # 852 # 1 # ID=49363_2;partial=00;start_type=ATG;rbs_motif=None;rbs_spacer=None;gc_cont=0.577	k141_555415	520	852	+	Strict	75	79.3	qacJ	38.46	3007014	protein homolog model	n/a	n/a	disinfecting agents and antiseptics	antibiotic efflux	small multidrug resistance (SMR) antibiotic efflux pump	102.80	gnl|BL_ORD_ID|4661|hsp_num:0	5730			6	318	benzalkonium chloride	
k141_555459_3 # 643 # 975 # -1 # ID=49420_3;partial=00;start_type=GTG;rbs_motif=AGGAG;rbs_spacer=5-10bp;gc_cont=0.511	k141_555459	643	975	-	Strict	180	208.4	qacL	98.18	3005098	protein homolog model	n/a	n/a	disinfecting agents and antiseptics	antibiotic efflux	small multidrug resistance (SMR) antibiotic efflux pump	100.00	gnl|BL_ORD_ID|2815|hsp_num:0	3830			0	330		
k141_555690_1 # 117 # 3308 # 1 # ID=49833_1;partial=00;start_type=ATG;rbs_motif=None;rbs_spacer=None;gc_cont=0.627	k141_555690	117	3308	+	Strict	750	782.7	adeF	42.84	3000777	protein homolog model	n/a	n/a	fluoroquinolone antibiotic; tetracycline antibiotic	antibiotic efflux	resistance-nodulation-cell division (RND) antibiotic efflux pump	100.38	gnl|BL_ORD_ID|133|hsp_num:0	153			9	3120	tetracycline	
k141_688424_2 # 473 # 1666 # 1 # ID=50316_2;partial=00;start_type=ATG;rbs_motif=AGGA/GGAG/GAGG;rbs_spacer=11-12bp;gc_cont=0.350	k141_688424	473	1666	+	Strict	500	724.2	mefJ	99.75	3007049	protein homolog model	n/a	n/a	macrolide antibiotic	antibiotic efflux	major facilitator superfamily (MFS) antibiotic efflux pump	100.00	gnl|BL_ORD_ID|4755|hsp_num:0	5748			0	1191		
k141_556026_2 # 291 # 755 # 1 # ID=50432_2;partial=00;start_type=ATG;rbs_motif=AGxAGG/AGGxGG;rbs_spacer=5-10bp;gc_cont=0.649	k141_556026	291	755	+	Strict	100	211.5	FosI	73.28	3007370	protein homolog model	n/a	n/a	phosphonic acid antibiotic	antibiotic inactivation	fosfomycin thiol transferase	114.93	gnl|BL_ORD_ID|4906|hsp_num:0	5898			6	399	fosfomycin	
k141_818056_2 # 599 # 928 # -1 # ID=50528_2;partial=00;start_type=ATG;rbs_motif=AGGAG;rbs_spacer=5-10bp;gc_cont=0.355	k141_818056	599	928	-	Strict	75	105.1	qacG	43.4	3007015	protein homolog model	n/a	n/a	disinfecting agents and antiseptics	antibiotic efflux	small multidrug resistance (SMR) antibiotic efflux pump	101.87	gnl|BL_ORD_ID|4662|hsp_num:0	5731			0	318	benzalkonium chloride	
k141_432904_1 # 1 # 942 # -1 # ID=52950_1;partial=10;start_type=ATG;rbs_motif=AGxAGG/AGGxGG;rbs_spacer=5-10bp;gc_cont=0.416	k141_432904	1	942	-	Strict	50	79.7	vanY gene in vanB cluster	33.57	3002956	protein homolog model	n/a	n/a	glycopeptide antibiotic	antibiotic target alteration	vanY; glycopeptide resistance gene cluster	117.16	gnl|BL_ORD_ID|603|hsp_num:0	556			255	660	vancomycin	
k141_432984_38 # 40842 # 41642 # 1 # ID=53168_38;partial=00;start_type=ATG;rbs_motif=None;rbs_spacer=None;gc_cont=0.727	k141_432984	40842	41642	+	Strict	50	121.7	vanW gene in vanI cluster	44.3	3003724	protein homolog model	n/a	n/a	glycopeptide antibiotic	antibiotic target alteration	vanW; glycopeptide resistance gene cluster	71.31	gnl|BL_ORD_ID|4747|hsp_num:0	2242			615	1062	vancomycin; teicoplanin	
k141_37026_2 # 87 # 581 # 1 # ID=53188_2;partial=00;start_type=ATG;rbs_motif=GGAGG;rbs_spacer=5-10bp;gc_cont=0.349	k141_37026	87	581	+	Strict	300	300.1	lnuD	84.15	3002838	protein homolog model	n/a	n/a	lincosamide antibiotic	antibiotic inactivation	lincosamide nucleotidyltransferase (LNU)	100.00	gnl|BL_ORD_ID|1784|hsp_num:0	1934			0	492	lincomycin; clindamycin	
k141_558244_12 # 13115 # 14287 # 1 # ID=54533_12;partial=00;start_type=ATG;rbs_motif=GGAG/GAGG;rbs_spacer=5-10bp;gc_cont=0.439	k141_558244	13115	14287	+	Strict	175	212.2	vanT gene in vanG cluster	31.22	3002972	protein homolog model	n/a	n/a	glycopeptide antibiotic	antibiotic target alteration	glycopeptide resistance gene cluster; vanT	54.78	gnl|BL_ORD_ID|1523|hsp_num:0	1561			1020	2118	vancomycin	
k141_434033_2 # 606 # 968 # 1 # ID=54585_2;partial=00;start_type=ATG;rbs_motif=AGGAG;rbs_spacer=5-10bp;gc_cont=0.438	k141_434033	606	968	+	Strict	150	185.3	Klebsiella pneumoniae KpnE	84.17	3004580	protein homolog model	n/a	n/a	macrolide antibiotic; aminoglycoside antibiotic; cephalosporin; tetracycline antibiotic; peptide antibiotic; rifamycin antibiotic; disinfecting agents and antiseptics	antibiotic efflux	small multidrug resistance (SMR) antibiotic efflux pump	100.00	gnl|BL_ORD_ID|2720|hsp_num:0	3283			0	360	erythromycin; streptomycin; tetracycline; cefepime; ceftriaxone; rifampin; colistin A; colistin B; triclosan; benzalkonium chloride; chlorhexidine	
k141_961067_8 # 6078 # 6890 # -1 # ID=55217_8;partial=00;start_type=ATG;rbs_motif=GGA/GAG/AGG;rbs_spacer=5-10bp;gc_cont=0.662	k141_961067	6078	6890	-	Strict	50	80.9	vanY gene in vanB cluster	30.81	3002956	protein homolog model	n/a	n/a	glycopeptide antibiotic	antibiotic target alteration	vanY; glycopeptide resistance gene cluster	100.75	gnl|BL_ORD_ID|603|hsp_num:0	556			270	804	vancomycin	
k141_821224_1 # 300 # 1520 # -1 # ID=55898_1;partial=00;start_type=ATG;rbs_motif=AGGAG/GGAGG;rbs_spacer=11-12bp;gc_cont=0.566	k141_821224	300	1520	-	Strict	750	768.5	tet(40)	98.77	3000567	protein homolog model	n/a	n/a	tetracycline antibiotic	antibiotic efflux	major facilitator superfamily (MFS) antibiotic efflux pump	100.00	gnl|BL_ORD_ID|892|hsp_num:0	945			0	1218	tetracycline	
k141_560041_1 # 400 # 1245 # -1 # ID=57567_1;partial=00;start_type=ATG;rbs_motif=None;rbs_spacer=None;gc_cont=0.538	k141_560041	400	1245	-	Strict	535	537.3	aadA10	100.0	3004692	protein homolog model	n/a	n/a	aminoglycoside antibiotic	antibiotic inactivation	ANT(3'')	101.44	gnl|BL_ORD_ID|2154|hsp_num:0	3398			0	804	spectinomycin; streptomycin	
k141_305315_11 # 12959 # 14764 # -1 # ID=57689_11;partial=00;start_type=GTG;rbs_motif=None;rbs_spacer=None;gc_cont=0.647	k141_305315	12959	14764	-	Strict	50	112.8	vanW gene in vanI cluster	34.82	3003724	protein homolog model	n/a	n/a	glycopeptide antibiotic	antibiotic target alteration	vanW; glycopeptide resistance gene cluster	161.13	gnl|BL_ORD_ID|4747|hsp_num:0	2242			438	1101	vancomycin; teicoplanin	
k141_692699_1 # 3 # 608 # 1 # ID=57847_1;partial=10;start_type=Edge;rbs_motif=None;rbs_spacer=None;gc_cont=0.619	k141_692699	3	608	+	Strict	50	53.5	vanY gene in vanM cluster	36.78	3002961	protein homolog model	n/a	n/a	glycopeptide antibiotic	antibiotic target alteration	vanY; glycopeptide resistance gene cluster	86.27	gnl|BL_ORD_ID|1674|hsp_num:0	1713			213	474	vancomycin; teicoplanin	
k141_436472_8 # 3301 # 6483 # -1 # ID=58155_8;partial=00;start_type=ATG;rbs_motif=GGA/GAG/AGG;rbs_spacer=5-10bp;gc_cont=0.663	k141_436472	3301	6483	-	Strict	750	1166.8	adeF	59.91	3000777	protein homolog model	n/a	n/a	fluoroquinolone antibiotic; tetracycline antibiotic	antibiotic efflux	resistance-nodulation-cell division (RND) antibiotic efflux pump	100.09	gnl|BL_ORD_ID|133|hsp_num:0	153			0	3156	tetracycline	
k141_174153_3 # 1303 # 2175 # 1 # ID=59639_3;partial=01;start_type=ATG;rbs_motif=AGxAGG/AGGxGG;rbs_spacer=5-10bp;gc_cont=0.450	k141_174153	1303	2175	+	Strict	200	231.5	vanH gene in vanO cluster	41.46	3002948	protein homolog model	n/a	n/a	glycopeptide antibiotic	antibiotic target alteration	vanH; glycopeptide resistance gene cluster	83.14	gnl|BL_ORD_ID|762|hsp_num:0	786			108	957	vancomycin	
k141_42859_2 # 1525 # 1782 # -1 # ID=61210_2;partial=01;start_type=Edge;rbs_motif=None;rbs_spacer=None;gc_cont=0.698	k141_42859	1525	1782	-	Strict	50	62.4	vanY gene in vanA cluster	39.66	3002955	protein homolog model	n/a	n/a	glycopeptide antibiotic	antibiotic target alteration	vanY; glycopeptide resistance gene cluster	28.05	gnl|BL_ORD_ID|4668|hsp_num:0	89			543	714	vancomycin; teicoplanin	
k141_965554_8 # 8287 # 9087 # 1 # ID=61252_8;partial=00;start_type=ATG;rbs_motif=None;rbs_spacer=None;gc_cont=0.411	k141_965554	8287	9087	+	Strict	50	79.3	vanY gene in vanM cluster	28.28	3002961	protein homolog model	n/a	n/a	glycopeptide antibiotic	antibiotic target alteration	vanY; glycopeptide resistance gene cluster	114.16	gnl|BL_ORD_ID|1674|hsp_num:0	1713			15	552	vancomycin; teicoplanin	
k141_308576_3 # 1899 # 2165 # 1 # ID=62107_3;partial=00;start_type=GTG;rbs_motif=None;rbs_spacer=None;gc_cont=0.670	k141_308576	1899	2165	+	Strict	100	136.0	FosI	68.97	3007370	protein homolog model	n/a	n/a	phosphonic acid antibiotic	antibiotic inactivation	fosfomycin thiol transferase	65.67	gnl|BL_ORD_ID|4906|hsp_num:0	5898			138	399	fosfomycin	
k141_43946_3 # 992 # 1474 # -1 # ID=62803_3;partial=00;start_type=ATG;rbs_motif=AGGAG;rbs_spacer=5-10bp;gc_cont=0.418	k141_43946	992	1474	-	Strict	150	157.1	nimJ	48.08	3007112	protein homolog model	n/a	n/a	nitroimidazole antibiotic	antibiotic inactivation	nitroimidazole reductase	96.97	gnl|BL_ORD_ID|4790|hsp_num:0	5785			9	477	metronidazole	
k141_696869_6 # 3026 # 3865 # 1 # ID=64995_6;partial=00;start_type=GTG;rbs_motif=GGA/GAG/AGG;rbs_spacer=5-10bp;gc_cont=0.336	k141_696869	3026	3865	+	Strict	50	125.2	vanW gene in vanG cluster	28.63	3002965	protein homolog model	n/a	n/a	glycopeptide antibiotic	antibiotic target alteration	vanW; glycopeptide resistance gene cluster	99.29	gnl|BL_ORD_ID|4742|hsp_num:0	1622			126	804	vancomycin	
k141_968396_1 # 205 # 1005 # -1 # ID=65171_1;partial=00;start_type=ATG;rbs_motif=AGxAG;rbs_spacer=5-10bp;gc_cont=0.343	k141_968396	205	1005	-	Strict	500	526.9	ErmF	99.25	3000498	protein homolog model	n/a	n/a	macrolide antibiotic; lincosamide antibiotic; streptogramin antibiotic; streptogramin A antibiotic; streptogramin B antibiotic	antibiotic target alteration	Erm 23S ribosomal RNA methyltransferase	100.00	gnl|BL_ORD_ID|569|hsp_num:0	621			0	798	erythromycin; roxithromycin; lincomycin; telithromycin; clarithromycin; clindamycin; tylosin; spiramycin; azithromycin; dirithromycin; pristinamycin IA; quinupristin; virginiamycin M1; madumycin II; griseoviridin; dalfopristin; pristinamycin IB; virginiamycin S2; pristinamycin IC; vernamycin C; patricin A; patricin B; ostreogrycin B3; oleandomycin	
k141_968592_1 # 41 # 922 # 1 # ID=65443_1;partial=00;start_type=ATG;rbs_motif=GGA/GAG/AGG;rbs_spacer=5-10bp;gc_cont=0.433	k141_968592	41	922	+	Strict	50	145.2	vanW gene in vanG cluster	31.97	3002965	protein homolog model	n/a	n/a	glycopeptide antibiotic	antibiotic target alteration	vanW; glycopeptide resistance gene cluster	104.27	gnl|BL_ORD_ID|4742|hsp_num:0	1622			15	747	vancomycin	
k141_441979_2 # 586 # 1329 # -1 # ID=65757_2;partial=00;start_type=ATG;rbs_motif=AGGA/GGAG/GAGG;rbs_spacer=11-12bp;gc_cont=0.601	k141_441979	586	1329	-	Strict	50	90.1	vanW gene in vanB cluster	33.33	3002964	protein homolog model	n/a	n/a	glycopeptide antibiotic	antibiotic target alteration	vanW; glycopeptide resistance gene cluster	89.82	gnl|BL_ORD_ID|4679|hsp_num:0	1036			204	609	vancomycin	
k141_969012_2 # 1414 # 3333 # 1 # ID=66021_2;partial=00;start_type=ATG;rbs_motif=AAAA;rbs_spacer=4bp;gc_cont=0.384	k141_969012	1414	3333	+	Strict	300	911.0	tet(36)	71.23	3000197	protein homolog model	n/a	n/a	tetracycline antibiotic	antibiotic target protection	tetracycline-resistant ribosomal protection protein	99.84	gnl|BL_ORD_ID|1676|hsp_num:0	1708			0	1908	tetracycline; doxycycline; minocycline; chlortetracycline; demeclocycline; oxytetracycline	
k141_969584_1 # 59 # 862 # -1 # ID=66736_1;partial=00;start_type=ATG;rbs_motif=GGA/GAG/AGG;rbs_spacer=5-10bp;gc_cont=0.308	k141_969584	59	862	-	Strict	500	522.7	lnuB	98.88	3002836	protein homolog model	n/a	n/a	lincosamide antibiotic	antibiotic inactivation	lincosamide nucleotidyltransferase (LNU)	100.00	gnl|BL_ORD_ID|742|hsp_num:0	809			0	801	lincomycin; clindamycin	
k141_566235_3 # 3259 # 4995 # 1 # ID=67932_3;partial=00;start_type=GTG;rbs_motif=GGA/GAG/AGG;rbs_spacer=5-10bp;gc_cont=0.595	k141_566235	3259	4995	+	Strict	50	120.9	vanW gene in vanI cluster	39.25	3003724	protein homolog model	n/a	n/a	glycopeptide antibiotic	antibiotic target alteration	vanW; glycopeptide resistance gene cluster	154.96	gnl|BL_ORD_ID|4747|hsp_num:0	2242			426	978	vancomycin; teicoplanin	
k141_47930_2 # 1032 # 1838 # 1 # ID=68303_2;partial=00;start_type=ATG;rbs_motif=GGA/GAG/AGG;rbs_spacer=5-10bp;gc_cont=0.491	k141_47930	1032	1838	+	Strict	50	86.7	vanY gene in vanB cluster	33.68	3002956	protein homolog model	n/a	n/a	glycopeptide antibiotic	antibiotic target alteration	vanY; glycopeptide resistance gene cluster	100.00	gnl|BL_ORD_ID|603|hsp_num:0	556			270	795	vancomycin	
k141_828592_2 # 629 # 946 # -1 # ID=69224_2;partial=00;start_type=ATG;rbs_motif=AGGA;rbs_spacer=5-10bp;gc_cont=0.289	k141_828592	629	946	-	Strict	75	75.9	qacJ	43.88	3007014	protein homolog model	n/a	n/a	disinfecting agents and antiseptics	antibiotic efflux	small multidrug resistance (SMR) antibiotic efflux pump	98.13	gnl|BL_ORD_ID|4661|hsp_num:0	5730			0	294	benzalkonium chloride	
k141_181841_1 # 173 # 955 # -1 # ID=70384_1;partial=00;start_type=ATG;rbs_motif=GGA/GAG/AGG;rbs_spacer=11-12bp;gc_cont=0.520	k141_181841	173	955	-	Strict	450	521.5	NPS-1	99.62	3004239	protein homolog model	n/a	n/a	cephalosporin; penam	antibiotic inactivation	NPS beta-lactamase	100.00	gnl|BL_ORD_ID|2428|hsp_num:0	2840			0	780		
k141_50169_1 # 411 # 1067 # -1 # ID=71350_1;partial=00;start_type=ATG;rbs_motif=AGGAG;rbs_spacer=5-10bp;gc_cont=0.438	k141_50169	411	1067	-	Perfect	400	459.1	QnrS2	100.0	3002791	protein homolog model	n/a	n/a	fluoroquinolone antibiotic	antibiotic target protection	quinolone resistance protein (qnr)	100.00	gnl|BL_ORD_ID|1693|hsp_num:0	1832			0	654	ciprofloxacin; levofloxacin; moxifloxacin; gatifloxacin; nalidixic acid; norfloxacin; sparfloxacin	
k141_829875_1 # 147 # 1313 # -1 # ID=71524_1;partial=00;start_type=ATG;rbs_motif=None;rbs_spacer=None;gc_cont=0.375	k141_829875	147	1313	-	Strict	750	785.0	tet(X)	99.48	3000205	protein homolog model	n/a	n/a	glycylcycline; tetracycline antibiotic	antibiotic inactivation	tetracycline inactivation enzyme	100.00	gnl|BL_ORD_ID|764|hsp_num:0	776			0	1164	tigecycline; tetracycline; doxycycline; minocycline; chlortetracycline; demeclocycline; oxytetracycline	
k141_829875_2 # 1464 # 2327 # -1 # ID=71524_2;partial=00;start_type=ATG;rbs_motif=TAAA;rbs_spacer=15bp;gc_cont=0.318	k141_829875	1464	2327	-	Strict	500	512.3	aadS	84.67	3004683	protein homolog model	n/a	n/a	aminoglycoside antibiotic	antibiotic inactivation	ANT(6)	100.00	gnl|BL_ORD_ID|2238|hsp_num:0	3382			0	861	streptomycin	
k141_829956_7 # 7636 # 8775 # 1 # ID=71726_7;partial=00;start_type=TTG;rbs_motif=GGAG/GAGG;rbs_spacer=5-10bp;gc_cont=0.666	k141_829956	7636	8775	+	Strict	175	217.2	vanT gene in vanG cluster	35.58	3002972	protein homolog model	n/a	n/a	glycopeptide antibiotic	antibiotic target alteration	glycopeptide resistance gene cluster; vanT	53.23	gnl|BL_ORD_ID|1523|hsp_num:0	1561			1029	2118	vancomycin	
k141_568709_1 # 2 # 574 # -1 # ID=71950_1;partial=10;start_type=GTG;rbs_motif=AGGA;rbs_spacer=5-10bp;gc_cont=0.728	k141_568709	2	574	-	Strict	50	81.6	vanW gene in vanG cluster	35.51	3002965	protein homolog model	n/a	n/a	glycopeptide antibiotic	antibiotic target alteration	vanW; glycopeptide resistance gene cluster	67.97	gnl|BL_ORD_ID|4742|hsp_num:0	1622			162	576	vancomycin	
k141_569149_1 # 601 # 1827 # 1 # ID=72718_1;partial=00;start_type=ATG;rbs_motif=GGA/GAG/AGG;rbs_spacer=5-10bp;gc_cont=0.335	k141_569149	601	1827	+	Strict	400	631.3	EreD	75.0	3004608	protein homolog model	n/a	n/a	macrolide antibiotic	antibiotic inactivation	macrolide esterase	100.00	gnl|BL_ORD_ID|1194|hsp_num:0	3305			0	1224	erythromycin	
k141_831077_1 # 1 # 291 # -1 # ID=73722_1;partial=10;start_type=ATG;rbs_motif=TAA;rbs_spacer=4bp;gc_cont=0.426	k141_831077	1	291	-	Strict	75	78.6	qacG	45.16	3007015	protein homolog model	n/a	n/a	disinfecting agents and antiseptics	antibiotic efflux	small multidrug resistance (SMR) antibiotic efflux pump	90.65	gnl|BL_ORD_ID|4662|hsp_num:0	5731			0	279	benzalkonium chloride	
k141_831141_1 # 1 # 315 # -1 # ID=73803_1;partial=10;start_type=ATG;rbs_motif=None;rbs_spacer=None;gc_cont=0.381	k141_831141	1	315	-	Strict	75	81.6	qacJ	44.09	3007014	protein homolog model	n/a	n/a	disinfecting agents and antiseptics	antibiotic efflux	small multidrug resistance (SMR) antibiotic efflux pump	98.13	gnl|BL_ORD_ID|4661|hsp_num:0	5730			0	279	benzalkonium chloride	
k141_449141_3 # 1297 # 3216 # -1 # ID=75407_3;partial=00;start_type=ATG;rbs_motif=GGAGG;rbs_spacer=5-10bp;gc_cont=0.413	k141_449141	1297	3216	-	Perfect	300	1281.5	tet(32)	100.0	3000196	protein homolog model	n/a	n/a	tetracycline antibiotic	antibiotic target protection	tetracycline-resistant ribosomal protection protein	100.00	gnl|BL_ORD_ID|1221|hsp_num:0	1233			0	1917	tetracycline; doxycycline; minocycline; chlortetracycline; demeclocycline; oxytetracycline	
k141_53173_1 # 3 # 794 # 1 # ID=75526_1;partial=10;start_type=Edge;rbs_motif=None;rbs_spacer=None;gc_cont=0.612	k141_53173	3	794	+	Strict	50	118.2	vanW gene in vanI cluster	43.92	3003724	protein homolog model	n/a	n/a	glycopeptide antibiotic	antibiotic target alteration	vanW; glycopeptide resistance gene cluster	70.51	gnl|BL_ORD_ID|4747|hsp_num:0	2242			609	1047	vancomycin; teicoplanin	
k141_185955_2 # 275 # 613 # -1 # ID=75954_2;partial=00;start_type=ATG;rbs_motif=AGGAG;rbs_spacer=5-10bp;gc_cont=0.670	k141_185955	275	613	-	Strict	200	221.9	RbpA	91.96	3000245	protein homolog model	n/a	n/a	rifamycin antibiotic	antibiotic target protection	RbpA bacterial RNA polymerase-binding protein	98.25	gnl|BL_ORD_ID|1308|hsp_num:0	1425			0	336	rifampin; rifaximin; rifabutin; rifapentine	
k141_318405_5 # 3349 # 4161 # -1 # ID=76142_5;partial=00;start_type=ATG;rbs_motif=None;rbs_spacer=None;gc_cont=0.445	k141_318405	3349	4161	-	Strict	50	158.3	vanW gene in vanG cluster	38.65	3002965	protein homolog model	n/a	n/a	glycopeptide antibiotic	antibiotic target alteration	vanW; glycopeptide resistance gene cluster	96.09	gnl|BL_ORD_ID|4742|hsp_num:0	1622			66	675	vancomycin	
k141_976122_2 # 273 # 1268 # 1 # ID=76287_2;partial=00;start_type=ATG;rbs_motif=TATAA;rbs_spacer=3bp;gc_cont=0.358	k141_976122	273	1268	+	Strict	600	640.6	CfxA6	99.4	3003097	protein homolog model	n/a	n/a	cephamycin	antibiotic inactivation	CfxA beta-lactamase	100.00	gnl|BL_ORD_ID|241|hsp_num:0	268			0	993		
k141_704075_2 # 802 # 1539 # 1 # ID=77022_2;partial=00;start_type=ATG;rbs_motif=None;rbs_spacer=None;gc_cont=0.470	k141_704075	802	1539	+	Strict	50	87.4	vanY gene in vanB cluster	28.8	3002956	protein homolog model	n/a	n/a	glycopeptide antibiotic	antibiotic target alteration	vanY; glycopeptide resistance gene cluster	91.42	gnl|BL_ORD_ID|603|hsp_num:0	556			210	780	vancomycin	
k141_704075_3 # 1569 # 2429 # -1 # ID=77022_3;partial=00;start_type=ATG;rbs_motif=None;rbs_spacer=None;gc_cont=0.477	k141_704075	1569	2429	-	Strict	50	65.9	vanY gene in vanB cluster	28.99	3002956	protein homolog model	n/a	n/a	glycopeptide antibiotic	antibiotic target alteration	vanY; glycopeptide resistance gene cluster	106.72	gnl|BL_ORD_ID|603|hsp_num:0	556			333	735	vancomycin	
k141_451320_1 # 3 # 1025 # -1 # ID=78235_1;partial=11;start_type=Edge;rbs_motif=None;rbs_spacer=None;gc_cont=0.391	k141_451320	3	1025	-	Strict	200	256.1	mdeA	44.74	3007011	protein homolog model	n/a	n/a	fluoroquinolone antibiotic; aminoglycoside antibiotic; penam; tetracycline antibiotic; disinfecting agents and antiseptics	antibiotic efflux	major facilitator superfamily (MFS) antibiotic efflux pump	75.28	gnl|BL_ORD_ID|4658|hsp_num:0	5727			99	1122	ciprofloxacin; acriflavine; kanamycin A; tetracycline; oxacillin; ampicillin; nalidixic acid	
k141_187667_2 # 1318 # 1803 # 1 # ID=78245_2;partial=00;start_type=ATG;rbs_motif=AGGAG;rbs_spacer=5-10bp;gc_cont=0.442	k141_187667	1318	1803	+	Strict	150	179.5	nimJ	55.41	3007112	protein homolog model	n/a	n/a	nitroimidazole antibiotic	antibiotic inactivation	nitroimidazole reductase	97.58	gnl|BL_ORD_ID|4790|hsp_num:0	5785			9	480	metronidazole	
k141_705116_1 # 41 # 922 # 1 # ID=78700_1;partial=00;start_type=ATG;rbs_motif=GGA/GAG/AGG;rbs_spacer=5-10bp;gc_cont=0.429	k141_705116	41	922	+	Strict	50	143.3	vanW gene in vanG cluster	31.56	3002965	protein homolog model	n/a	n/a	glycopeptide antibiotic	antibiotic target alteration	vanW; glycopeptide resistance gene cluster	104.27	gnl|BL_ORD_ID|4742|hsp_num:0	1622			15	747	vancomycin	
k141_320472_1 # 1 # 282 # 1 # ID=79010_1;partial=10;start_type=Edge;rbs_motif=None;rbs_spacer=None;gc_cont=0.387	k141_320472	1	282	+	Strict	50	91.3	vanY gene in vanB cluster	52.81	3002956	protein homolog model	n/a	n/a	glycopeptide antibiotic	antibiotic target alteration	vanY; glycopeptide resistance gene cluster	34.70	gnl|BL_ORD_ID|603|hsp_num:0	556			546	798	vancomycin	
k141_572970_1 # 690 # 875 # -1 # ID=79350_1;partial=00;start_type=ATG;rbs_motif=AGGAG;rbs_spacer=5-10bp;gc_cont=0.495	k141_572970	690	875	-	Strict	100	102.4	rsmA	85.25	3005069	protein homolog model	n/a	n/a	fluoroquinolone antibiotic; diaminopyrimidine antibiotic; phenicol antibiotic	antibiotic efflux	resistance-nodulation-cell division (RND) antibiotic efflux pump	100.00	gnl|BL_ORD_ID|2793|hsp_num:0	3807			0	183	trimethoprim; chloramphenicol	
k141_978581_3 # 1251 # 2453 # 1 # ID=79739_3;partial=00;start_type=ATG;rbs_motif=AGGA;rbs_spacer=5-10bp;gc_cont=0.413	k141_978581	1251	2453	+	Perfect	780	763.5	tet(H)	100.0	3000175	protein homolog model	n/a	n/a	tetracycline antibiotic	antibiotic efflux	major facilitator superfamily (MFS) antibiotic efflux pump	100.00	gnl|BL_ORD_ID|1037|hsp_num:0	1027			0	1200	tetracycline	
k141_188918_2 # 814 # 1350 # -1 # ID=79865_2;partial=01;start_type=Edge;rbs_motif=None;rbs_spacer=None;gc_cont=0.523	k141_188918	814	1350	-	Strict	300	355.5	tet(W/N/W)	95.48	3004442	protein homolog model	n/a	n/a	tetracycline antibiotic	antibiotic target protection	tetracycline-resistant ribosomal protection protein	27.86	gnl|BL_ORD_ID|2493|hsp_num:0	2882			1383	1914	tetracycline; minocycline; chlortetracycline	
k141_57577_1 # 2 # 1375 # 1 # ID=81298_1;partial=11;start_type=Edge;rbs_motif=None;rbs_spacer=None;gc_cont=0.507	k141_57577	2	1375	+	Strict	50	108.6	vanW gene in vanI cluster	37.98	3003724	protein homolog model	n/a	n/a	glycopeptide antibiotic	antibiotic target alteration	vanW; glycopeptide resistance gene cluster	122.79	gnl|BL_ORD_ID|4747|hsp_num:0	2242			450	1050	vancomycin; teicoplanin	
k141_454421_2 # 676 # 1716 # 1 # ID=82303_2;partial=00;start_type=ATG;rbs_motif=AGGAG;rbs_spacer=5-10bp;gc_cont=0.634	k141_454421	676	1716	+	Strict	250	397.1	vanG	57.68	3002909	protein homolog model	n/a	n/a	glycopeptide antibiotic	antibiotic target alteration	glycopeptide resistance gene cluster; Van ligase	99.14	gnl|BL_ORD_ID|1070|hsp_num:0	1157			9	1044	vancomycin	
k141_707408_14 # 12130 # 13149 # 1 # ID=82410_14;partial=00;start_type=ATG;rbs_motif=GGA/GAG/AGG;rbs_spacer=5-10bp;gc_cont=0.360	k141_707408	12130	13149	+	Strict	200	205.3	vanH gene in vanB cluster	39.46	3002943	protein homolog model	n/a	n/a	glycopeptide antibiotic	antibiotic target alteration	vanH; glycopeptide resistance gene cluster	104.95	gnl|BL_ORD_ID|4674|hsp_num:0	626			57	948	vancomycin	
k141_323737_1 # 192 # 1037 # 1 # ID=83618_1;partial=00;start_type=ATG;rbs_motif=None;rbs_spacer=None;gc_cont=0.538	k141_323737	192	1037	+	Strict	450	555.8	aadA6	99.29	3002606	protein homolog model	n/a	n/a	aminoglycoside antibiotic	antibiotic inactivation	ANT(3'')	100.00	gnl|BL_ORD_ID|1852|hsp_num:0	2009			0	843	spectinomycin; streptomycin	
k141_456588_2 # 287 # 1414 # 1 # ID=85088_2;partial=00;start_type=ATG;rbs_motif=AGxAG;rbs_spacer=5-10bp;gc_cont=0.648	k141_456588	287	1414	+	Strict	175	205.7	vanT gene in vanG cluster	33.78	3002972	protein homolog model	n/a	n/a	glycopeptide antibiotic	antibiotic target alteration	glycopeptide resistance gene cluster; vanT	52.67	gnl|BL_ORD_ID|1523|hsp_num:0	1561			1029	2118	vancomycin	
k141_325754_2 # 496 # 1425 # 1 # ID=86191_2;partial=01;start_type=ATG;rbs_motif=None;rbs_spacer=None;gc_cont=0.634	k141_325754	496	1425	+	Strict	175	209.1	vanT gene in vanG cluster	39.26	3002972	protein homolog model	n/a	n/a	glycopeptide antibiotic	antibiotic target alteration	glycopeptide resistance gene cluster; vanT	43.54	gnl|BL_ORD_ID|1523|hsp_num:0	1561			1029	1893	vancomycin	
k141_458292_2 # 313 # 648 # 1 # ID=87419_2;partial=00;start_type=ATG;rbs_motif=None;rbs_spacer=None;gc_cont=0.676	k141_458292	313	648	+	Strict	75	87.8	qacJ	40.0	3007014	protein homolog model	n/a	n/a	disinfecting agents and antiseptics	antibiotic efflux	small multidrug resistance (SMR) antibiotic efflux pump	103.74	gnl|BL_ORD_ID|4661|hsp_num:0	5730			3	318	benzalkonium chloride	
k141_458311_2 # 316 # 648 # 1 # ID=87436_2;partial=00;start_type=ATG;rbs_motif=AGGA;rbs_spacer=5-10bp;gc_cont=0.610	k141_458311	316	648	+	Strict	75	83.2	qacG	38.1	3007015	protein homolog model	n/a	n/a	disinfecting agents and antiseptics	antibiotic efflux	small multidrug resistance (SMR) antibiotic efflux pump	102.80	gnl|BL_ORD_ID|4662|hsp_num:0	5731			3	318	benzalkonium chloride	
k141_327265_2 # 1020 # 2960 # 1 # ID=88290_2;partial=00;start_type=ATG;rbs_motif=None;rbs_spacer=None;gc_cont=0.333	k141_327265	1020	2960	+	Strict	300	1273.8	tet(S)	99.84	3000192	protein homolog model	n/a	n/a	tetracycline antibiotic	antibiotic target protection	tetracycline-resistant ribosomal protection protein	100.78	gnl|BL_ORD_ID|1525|hsp_num:0	1553			0	1923	tetracycline; doxycycline; minocycline; chlortetracycline; demeclocycline; oxytetracycline	
k141_459092_4 # 3222 # 3569 # 1 # ID=88503_4;partial=00;start_type=ATG;rbs_motif=AGGA;rbs_spacer=5-10bp;gc_cont=0.618	k141_459092	3222	3569	+	Strict	75	87.8	qacG	41.35	3007015	protein homolog model	n/a	n/a	disinfecting agents and antiseptics	antibiotic efflux	small multidrug resistance (SMR) antibiotic efflux pump	107.48	gnl|BL_ORD_ID|4662|hsp_num:0	5731			6	318	benzalkonium chloride	
k141_327549_2 # 1574 # 2458 # 1 # ID=88682_2;partial=00;start_type=ATG;rbs_motif=AAAA;rbs_spacer=11bp;gc_cont=0.368	k141_327549	1574	2458	+	Strict	500	540.8	mphG	89.12	3003742	protein homolog model	n/a	n/a	macrolide antibiotic	antibiotic inactivation	macrolide phosphotransferase (MPH)	100.00	gnl|BL_ORD_ID|2042|hsp_num:0	2259			0	882	erythromycin; clarithromycin; azithromycin	
k141_986787_2 # 767 # 1114 # 1 # ID=90603_2;partial=01;start_type=ATG;rbs_motif=GGAG/GAGG;rbs_spacer=5-10bp;gc_cont=0.468	k141_986787	767	1114	+	Strict	150	154.1	nimG	61.06	3007109	protein homolog model	n/a	n/a	nitroimidazole antibiotic	antibiotic inactivation	nitroimidazole reductase	70.73	gnl|BL_ORD_ID|4787|hsp_num:0	5782			0	339	metronidazole	
k141_712259_7 # 5179 # 6741 # 1 # ID=90627_7;partial=00;start_type=TTG;rbs_motif=GGAG/GAGG;rbs_spacer=5-10bp;gc_cont=0.461	k141_712259	5179	6741	+	Strict	50	106.7	vanW gene in vanI cluster	28.93	3003724	protein homolog model	n/a	n/a	glycopeptide antibiotic	antibiotic target alteration	vanW; glycopeptide resistance gene cluster	139.41	gnl|BL_ORD_ID|4747|hsp_num:0	2242			57	1050	vancomycin; teicoplanin	
k141_987129_19 # 19721 # 22888 # -1 # ID=91179_19;partial=00;start_type=ATG;rbs_motif=GGAG/GAGG;rbs_spacer=5-10bp;gc_cont=0.489	k141_987129	19721	22888	-	Strict	750	757.3	adeF	41.39	3000777	protein homolog model	n/a	n/a	fluoroquinolone antibiotic; tetracycline antibiotic	antibiotic efflux	resistance-nodulation-cell division (RND) antibiotic efflux pump	99.62	gnl|BL_ORD_ID|133|hsp_num:0	153			6	3165	tetracycline	
k141_461239_5 # 2316 # 3092 # -1 # ID=91302_5;partial=00;start_type=ATG;rbs_motif=GGA/GAG/AGG;rbs_spacer=5-10bp;gc_cont=0.583	k141_461239	2316	3092	-	Strict	50	92.8	vanY gene in vanB cluster	31.63	3002956	protein homolog model	n/a	n/a	glycopeptide antibiotic	antibiotic target alteration	vanY; glycopeptide resistance gene cluster	96.27	gnl|BL_ORD_ID|603|hsp_num:0	556			162	789	vancomycin	
k141_579584_1 # 2 # 892 # -1 # ID=91553_1;partial=10;start_type=TTG;rbs_motif=AGGA/GGAG/GAGG;rbs_spacer=11-12bp;gc_cont=0.499	k141_579584	2	892	-	Strict	50	144.1	vanY gene in vanG cluster	42.19	3002959	protein homolog model	n/a	n/a	glycopeptide antibiotic	antibiotic target alteration	vanY; glycopeptide resistance gene cluster	106.45	gnl|BL_ORD_ID|4731|hsp_num:0	298			291	834	vancomycin	
k141_65459_2 # 728 # 1627 # -1 # ID=92112_2;partial=00;start_type=ATG;rbs_motif=AGGAG;rbs_spacer=5-10bp;gc_cont=0.314	k141_65459	728	1627	-	Perfect	550	587.4	VEB-9	100.0	3002378	protein homolog model	n/a	n/a	monobactam; cephalosporin	antibiotic inactivation	VEB beta-lactamase	100.00	gnl|BL_ORD_ID|828|hsp_num:0	898			0	897		
k141_199351_2 # 697 # 1053 # -1 # ID=93955_2;partial=00;start_type=TTG;rbs_motif=TAAA;rbs_spacer=9bp;gc_cont=0.395	k141_199351	697	1053	-	Strict	75	77.0	qacJ	38.46	3007014	protein homolog model	n/a	n/a	disinfecting agents and antiseptics	antibiotic efflux	small multidrug resistance (SMR) antibiotic efflux pump	110.28	gnl|BL_ORD_ID|4661|hsp_num:0	5730			6	318	benzalkonium chloride	
k141_989881_1 # 491 # 820 # -1 # ID=94834_1;partial=00;start_type=ATG;rbs_motif=TAA;rbs_spacer=11bp;gc_cont=0.318	k141_989881	491	820	-	Strict	75	104.0	qacJ	47.52	3007014	protein homolog model	n/a	n/a	disinfecting agents and antiseptics	antibiotic efflux	small multidrug resistance (SMR) antibiotic efflux pump	101.87	gnl|BL_ORD_ID|4661|hsp_num:0	5730			0	303	benzalkonium chloride	
k141_714754_10 # 11642 # 12736 # -1 # ID=94909_10;partial=00;start_type=ATG;rbs_motif=3Base/5BMM;rbs_spacer=13-15bp;gc_cont=0.421	k141_714754	11642	12736	-	Strict	50	147.5	vanY gene in vanB cluster	39.49	3002956	protein homolog model	n/a	n/a	glycopeptide antibiotic	antibiotic target alteration	vanY; glycopeptide resistance gene cluster	135.82	gnl|BL_ORD_ID|603|hsp_num:0	556			225	789	vancomycin	
k141_843914_3 # 1606 # 2373 # -1 # ID=95926_3;partial=01;start_type=Edge;rbs_motif=None;rbs_spacer=None;gc_cont=0.475	k141_843914	1606	2373	-	Strict	50	82.8	vanW gene in vanI cluster	34.81	3003724	protein homolog model	n/a	n/a	glycopeptide antibiotic	antibiotic target alteration	vanW; glycopeptide resistance gene cluster	68.36	gnl|BL_ORD_ID|4747|hsp_num:0	2242			630	1002	vancomycin; teicoplanin	
k141_715522_2 # 304 # 648 # -1 # ID=96364_2;partial=00;start_type=ATG;rbs_motif=AGGA/GGAG/GAGG;rbs_spacer=11-12bp;gc_cont=0.409	k141_715522	304	648	-	Strict	75	96.3	qacG	48.08	3007015	protein homolog model	n/a	n/a	disinfecting agents and antiseptics	antibiotic efflux	small multidrug resistance (SMR) antibiotic efflux pump	106.54	gnl|BL_ORD_ID|4662|hsp_num:0	5731			6	318	benzalkonium chloride	
k141_992963_1 # 1 # 1485 # -1 # ID=99025_1;partial=00;start_type=ATG;rbs_motif=GGAG/GAGG;rbs_spacer=5-10bp;gc_cont=0.323	k141_992963	1	1485	-	Strict	800	968.0	lsaE	98.18	3003206	protein homolog model	n/a	n/a	lincosamide antibiotic; streptogramin antibiotic; pleuromutilin antibiotic	antibiotic target protection	lsa-type ABC-F protein	100.00	gnl|BL_ORD_ID|237|hsp_num:0	264			0	1482	lincomycin; pleuromutilin	
k141_204032_4 # 2721 # 3605 # -1 # ID=100171_4;partial=00;start_type=ATG;rbs_motif=TAA;rbs_spacer=12bp;gc_cont=0.365	k141_204032	2721	3605	-	Perfect	500	587.8	mphE	100.0	3003741	protein homolog model	n/a	n/a	macrolide antibiotic	antibiotic inactivation	macrolide phosphotransferase (MPH)	100.00	gnl|BL_ORD_ID|2688|hsp_num:0	2614			0	882	erythromycin	
k141_204032_5 # 3661 # 5136 # -1 # ID=100171_5;partial=00;start_type=ATG;rbs_motif=TAAA;rbs_spacer=5bp;gc_cont=0.399	k141_204032	3661	5136	-	Perfect	950	941.4	msrE	100.0	3003109	protein homolog model	n/a	n/a	macrolide antibiotic; streptogramin antibiotic	antibiotic target protection	msr-type ABC-F protein	100.00	gnl|BL_ORD_ID|28|hsp_num:0	33			0	1473	erythromycin	
k141_468138_3 # 1025 # 1360 # -1 # ID=100564_3;partial=00;start_type=ATG;rbs_motif=GGAG/GAGG;rbs_spacer=5-10bp;gc_cont=0.565	k141_468138	1025	1360	-	Strict	75	89.7	qacG	42.31	3007015	protein homolog model	n/a	n/a	disinfecting agents and antiseptics	antibiotic efflux	small multidrug resistance (SMR) antibiotic efflux pump	103.74	gnl|BL_ORD_ID|4662|hsp_num:0	5731			6	318	benzalkonium chloride	
k141_847155_3 # 892 # 1053 # -1 # ID=101373_3;partial=01;start_type=Edge;rbs_motif=None;rbs_spacer=None;gc_cont=0.235	k141_847155	892	1053	-	Strict	50	65.5	vanY gene in vanB cluster	60.87	3002956	protein homolog model	n/a	n/a	glycopeptide antibiotic	antibiotic target alteration	vanY; glycopeptide resistance gene cluster	19.78	gnl|BL_ORD_ID|603|hsp_num:0	556			651	789	vancomycin	
k141_847884_4 # 1383 # 2381 # -1 # ID=102661_4;partial=00;start_type=ATG;rbs_motif=GGAG/GAGG;rbs_spacer=5-10bp;gc_cont=0.227	k141_847884	1383	2381	-	Strict	50	111.3	vanY gene in vanB cluster	36.02	3002956	protein homolog model	n/a	n/a	glycopeptide antibiotic	antibiotic target alteration	vanY; glycopeptide resistance gene cluster	123.88	gnl|BL_ORD_ID|603|hsp_num:0	556			252	789	vancomycin	
k141_469765_2 # 1999 # 3186 # -1 # ID=102760_2;partial=00;start_type=GTG;rbs_motif=AGxAGG/AGGxGG;rbs_spacer=5-10bp;gc_cont=0.405	k141_469765	1999	3186	-	Perfect	750	746.5	tet(39)	100.0	3000566	protein homolog model	n/a	n/a	tetracycline antibiotic	antibiotic efflux	major facilitator superfamily (MFS) antibiotic efflux pump	100.00	gnl|BL_ORD_ID|1038|hsp_num:0	1092			0	1185	tetracycline	
k141_470471_4 # 2499 # 3251 # 1 # ID=103687_4;partial=00;start_type=ATG;rbs_motif=AGGAGG;rbs_spacer=5-10bp;gc_cont=0.571	k141_470471	2499	3251	+	Strict	50	132.1	vanY gene in vanB cluster	38.66	3002956	protein homolog model	n/a	n/a	glycopeptide antibiotic	antibiotic target alteration	vanY; glycopeptide resistance gene cluster	93.28	gnl|BL_ORD_ID|603|hsp_num:0	556			240	804	vancomycin	
k141_996599_1 # 3 # 1967 # 1 # ID=103905_1;partial=10;start_type=Edge;rbs_motif=None;rbs_spacer=None;gc_cont=0.489	k141_996599	3	1967	+	Strict	175	202.6	vanT gene in vanG cluster	35.47	3002972	protein homolog model	n/a	n/a	glycopeptide antibiotic	antibiotic target alteration	glycopeptide resistance gene cluster; vanT	91.85	gnl|BL_ORD_ID|1523|hsp_num:0	1561			1038	2118	vancomycin	
k141_74768_2 # 901 # 1461 # 1 # ID=104764_2;partial=01;start_type=ATG;rbs_motif=AGGAG;rbs_spacer=5-10bp;gc_cont=0.624	k141_74768	901	1461	+	Strict	50	56.6	vanY gene in vanM cluster	34.82	3002961	protein homolog model	n/a	n/a	glycopeptide antibiotic	antibiotic target alteration	vanY; glycopeptide resistance gene cluster	80.26	gnl|BL_ORD_ID|1674|hsp_num:0	1713			147	474	vancomycin; teicoplanin	
k141_721033_2 # 566 # 1567 # 1 # ID=105731_2;partial=00;start_type=ATG;rbs_motif=GGAG/GAGG;rbs_spacer=5-10bp;gc_cont=0.446	k141_721033	566	1567	+	Strict	50	68.2	vanY gene in vanG cluster	30.61	3002959	protein homolog model	n/a	n/a	glycopeptide antibiotic	antibiotic target alteration	vanY; glycopeptide resistance gene cluster	119.35	gnl|BL_ORD_ID|4731|hsp_num:0	298			399	810	vancomycin	
k141_850056_13 # 13029 # 13847 # -1 # ID=106456_13;partial=00;start_type=ATG;rbs_motif=None;rbs_spacer=None;gc_cont=0.695	k141_850056	13029	13847	-	Strict	50	74.7	vanY gene in vanM cluster	35.71	3002961	protein homolog model	n/a	n/a	glycopeptide antibiotic	antibiotic target alteration	vanY; glycopeptide resistance gene cluster	116.74	gnl|BL_ORD_ID|1674|hsp_num:0	1713			108	480	vancomycin; teicoplanin	
k141_722393_12 # 5840 # 7045 # 1 # ID=107846_12;partial=00;start_type=ATG;rbs_motif=AGGAG;rbs_spacer=5-10bp;gc_cont=0.663	k141_722393	5840	7045	+	Strict	175	195.7	vanT gene in vanG cluster	33.86	3002972	protein homolog model	n/a	n/a	glycopeptide antibiotic	antibiotic target alteration	glycopeptide resistance gene cluster; vanT	56.32	gnl|BL_ORD_ID|1523|hsp_num:0	1561			1035	2118	vancomycin	
k141_590426_1 # 152 # 640 # -1 # ID=109886_1;partial=00;start_type=ATG;rbs_motif=GGAG/GAGG;rbs_spacer=5-10bp;gc_cont=0.458	k141_590426	152	640	-	Strict	150	158.3	nimJ	50.31	3007112	protein homolog model	n/a	n/a	nitroimidazole antibiotic	antibiotic inactivation	nitroimidazole reductase	98.18	gnl|BL_ORD_ID|4790|hsp_num:0	5785			9	495	metronidazole	
k141_475412_2 # 2154 # 3626 # -1 # ID=110227_2;partial=00;start_type=ATG;rbs_motif=GGAG/GAGG;rbs_spacer=5-10bp;gc_cont=0.485	k141_475412	2154	3626	-	Strict	50	130.2	vanW gene in vanI cluster	34.51	3003724	protein homolog model	n/a	n/a	glycopeptide antibiotic	antibiotic target alteration	vanW; glycopeptide resistance gene cluster	131.37	gnl|BL_ORD_ID|4747|hsp_num:0	2242			228	978	vancomycin; teicoplanin	
k141_476157_3 # 888 # 1373 # 1 # ID=111137_3;partial=00;start_type=ATG;rbs_motif=TAA;rbs_spacer=11bp;gc_cont=0.412	k141_476157	888	1373	+	Strict	150	198.0	nimG	57.86	3007109	protein homolog model	n/a	n/a	nitroimidazole antibiotic	antibiotic inactivation	nitroimidazole reductase	98.17	gnl|BL_ORD_ID|4787|hsp_num:0	5782			0	471	metronidazole	
k141_1002252_1 # 1 # 1656 # -1 # ID=111241_1;partial=10;start_type=TTG;rbs_motif=GGxGG;rbs_spacer=5-10bp;gc_cont=0.642	k141_1002252	1	1656	-	Strict	750	775.0	adeF	74.86	3000777	protein homolog model	n/a	n/a	fluoroquinolone antibiotic; tetracycline antibiotic	antibiotic efflux	resistance-nodulation-cell division (RND) antibiotic efflux pump	52.12	gnl|BL_ORD_ID|133|hsp_num:0	153			93	1734	tetracycline	
k141_79752_2 # 673 # 999 # 1 # ID=111681_2;partial=00;start_type=ATG;rbs_motif=AGGAG;rbs_spacer=5-10bp;gc_cont=0.645	k141_79752	673	999	+	Strict	75	85.9	qacG	37.86	3007015	protein homolog model	n/a	n/a	disinfecting agents and antiseptics	antibiotic efflux	small multidrug resistance (SMR) antibiotic efflux pump	100.93	gnl|BL_ORD_ID|4662|hsp_num:0	5731			3	312	benzalkonium chloride	
k141_853522_2 # 316 # 1449 # -1 # ID=112558_2;partial=01;start_type=Edge;rbs_motif=None;rbs_spacer=None;gc_cont=0.451	k141_853522	316	1449	-	Strict	175	216.9	vanT gene in vanG cluster	34.6	3002972	protein homolog model	n/a	n/a	glycopeptide antibiotic	antibiotic target alteration	glycopeptide resistance gene cluster; vanT	52.95	gnl|BL_ORD_ID|1523|hsp_num:0	1561			1044	2046	vancomycin	
k141_213897_3 # 2179 # 2511 # 1 # ID=113497_3;partial=00;start_type=ATG;rbs_motif=GGxGG;rbs_spacer=5-10bp;gc_cont=0.652	k141_213897	2179	2511	+	Strict	75	82.4	qacG	36.54	3007015	protein homolog model	n/a	n/a	disinfecting agents and antiseptics	antibiotic efflux	small multidrug resistance (SMR) antibiotic efflux pump	102.80	gnl|BL_ORD_ID|4662|hsp_num:0	5731			6	318	benzalkonium chloride	
k141_214217_2 # 2149 # 2508 # 1 # ID=113909_2;partial=00;start_type=ATG;rbs_motif=None;rbs_spacer=None;gc_cont=0.628	k141_214217	2149	2508	+	Strict	75	90.5	qacG	43.4	3007015	protein homolog model	n/a	n/a	disinfecting agents and antiseptics	antibiotic efflux	small multidrug resistance (SMR) antibiotic efflux pump	111.21	gnl|BL_ORD_ID|4662|hsp_num:0	5731			0	318	benzalkonium chloride	
k141_81440_1 # 1 # 798 # 1 # ID=113984_1;partial=10;start_type=Edge;rbs_motif=None;rbs_spacer=None;gc_cont=0.291	k141_81440	1	798	+	Strict	50	91.3	vanY gene in vanA cluster	31.8	3002955	protein homolog model	n/a	n/a	glycopeptide antibiotic	antibiotic target alteration	vanY; glycopeptide resistance gene cluster	87.46	gnl|BL_ORD_ID|4668|hsp_num:0	89			96	663	vancomycin; teicoplanin	
k141_346993_2 # 445 # 1299 # -1 # ID=115051_2;partial=00;start_type=GTG;rbs_motif=GGA/GAG/AGG;rbs_spacer=5-10bp;gc_cont=0.621	k141_346993	445	1299	-	Strict	50	144.1	vanW gene in vanG cluster	35.9	3002965	protein homolog model	n/a	n/a	glycopeptide antibiotic	antibiotic target alteration	vanW; glycopeptide resistance gene cluster	101.07	gnl|BL_ORD_ID|4742|hsp_num:0	1622			81	666	vancomycin	
k141_82655_2 # 509 # 1333 # 1 # ID=115737_2;partial=00;start_type=ATG;rbs_motif=TAA;rbs_spacer=11bp;gc_cont=0.259	k141_82655	509	1333	+	Perfect	500	551.6	OXA-347	100.0	3001777	protein homolog model	n/a	n/a	carbapenem; cephalosporin; penam	antibiotic inactivation	OXA beta-lactamase	100.00	gnl|BL_ORD_ID|638|hsp_num:0	690			0	822	cloxacillin; oxacillin; cefalotin	
k141_348547_4 # 2284 # 2610 # -1 # ID=117088_4;partial=00;start_type=ATG;rbs_motif=AGGAGG;rbs_spacer=5-10bp;gc_cont=0.379	k141_348547	2284	2610	-	Strict	75	89.0	qacG	42.86	3007015	protein homolog model	n/a	n/a	disinfecting agents and antiseptics	antibiotic efflux	small multidrug resistance (SMR) antibiotic efflux pump	100.93	gnl|BL_ORD_ID|4662|hsp_num:0	5731			6	321	benzalkonium chloride	
k141_481713_2 # 1048 # 1818 # 1 # ID=118732_2;partial=00;start_type=ATG;rbs_motif=TAA;rbs_spacer=11bp;gc_cont=0.345	k141_481713	1048	1818	+	Strict	400	429.1	LnuH	82.81	3004600	protein homolog model	n/a	n/a	lincosamide antibiotic	antibiotic inactivation	lincosamide nucleotidyltransferase (LNU)	98.46	gnl|BL_ORD_ID|4923|hsp_num:0	5916			0	768		
k141_350029_2 # 338 # 1222 # -1 # ID=119052_2;partial=00;start_type=ATG;rbs_motif=AAAA;rbs_spacer=11bp;gc_cont=0.377	k141_350029	338	1222	-	Strict	500	540.0	mphG	89.8	3003742	protein homolog model	n/a	n/a	macrolide antibiotic	antibiotic inactivation	macrolide phosphotransferase (MPH)	100.00	gnl|BL_ORD_ID|2042|hsp_num:0	2259			0	882	erythromycin; clarithromycin; azithromycin	
k141_218953_18 # 11784 # 12881 # 1 # ID=120309_18;partial=00;start_type=ATG;rbs_motif=GGAGG;rbs_spacer=5-10bp;gc_cont=0.282	k141_218953	11784	12881	+	Strict	175	194.9	vanT gene in vanG cluster	32.34	3002972	protein homolog model	n/a	n/a	glycopeptide antibiotic	antibiotic target alteration	glycopeptide resistance gene cluster; vanT	51.26	gnl|BL_ORD_ID|1523|hsp_num:0	1561			1032	2118	vancomycin	
k141_730424_1 # 2 # 1138 # -1 # ID=121150_1;partial=11;start_type=Edge;rbs_motif=None;rbs_spacer=None;gc_cont=0.349	k141_730424	2	1138	-	Strict	300	469.9	tet(Q)	61.21	3000191	protein homolog model	n/a	n/a	tetracycline antibiotic	antibiotic target protection	tetracycline-resistant ribosomal protection protein	57.69	gnl|BL_ORD_ID|1220|hsp_num:0	1183			261	1398	tetracycline; doxycycline; minocycline; chlortetracycline; demeclocycline; oxytetracycline	
k141_731268_1 # 3 # 1169 # 1 # ID=122555_1;partial=10;start_type=Edge;rbs_motif=None;rbs_spacer=None;gc_cont=0.428	k141_731268	3	1169	+	Strict	175	191.0	vanT gene in vanG cluster	31.44	3002972	protein homolog model	n/a	n/a	glycopeptide antibiotic	antibiotic target alteration	glycopeptide resistance gene cluster; vanT	54.49	gnl|BL_ORD_ID|1523|hsp_num:0	1561			1035	2118	vancomycin	
k141_731809_5 # 2795 # 3922 # -1 # ID=123507_5;partial=00;start_type=ATG;rbs_motif=None;rbs_spacer=None;gc_cont=0.652	k141_731809	2795	3922	-	Strict	200	203.0	vanT gene in vanC cluster	34.32	3002970	protein homolog model	n/a	n/a	glycopeptide antibiotic	antibiotic target alteration	glycopeptide resistance gene cluster; vanT	53.72	gnl|BL_ORD_ID|4676|hsp_num:0	734			1011	2079	vancomycin	
k141_353553_16 # 15710 # 16189 # 1 # ID=123716_16;partial=00;start_type=ATG;rbs_motif=AGxAGG/AGGxGG;rbs_spacer=5-10bp;gc_cont=0.635	k141_353553	15710	16189	+	Strict	150	178.3	nimJ	54.43	3007112	protein homolog model	n/a	n/a	nitroimidazole antibiotic	antibiotic inactivation	nitroimidazole reductase	96.36	gnl|BL_ORD_ID|4790|hsp_num:0	5785			9	483	metronidazole	
k141_485590_1 # 1 # 1080 # -1 # ID=124077_1;partial=11;start_type=Edge;rbs_motif=None;rbs_spacer=None;gc_cont=0.664	k141_485590	1	1080	-	Strict	175	206.8	vanT gene in vanG cluster	34.89	3002972	protein homolog model	n/a	n/a	glycopeptide antibiotic	antibiotic target alteration	glycopeptide resistance gene cluster; vanT	50.56	gnl|BL_ORD_ID|1523|hsp_num:0	1561			1047	2004	vancomycin	
k141_860590_4 # 3771 # 5363 # -1 # ID=124680_4;partial=00;start_type=ATG;rbs_motif=AGGA;rbs_spacer=5-10bp;gc_cont=0.250	k141_860590	3771	5363	-	Strict	300	522.3	poxtA	51.22	3004470	protein homolog model	n/a	n/a	tetracycline antibiotic; oxazolidinone antibiotic; phenicol antibiotic	antibiotic target protection	Miscellaneous ABC-F subfamily ATP-binding cassette ribosomal protection proteins	97.79	gnl|BL_ORD_ID|2511|hsp_num:0	2904			15	1608	tetracycline; doxycycline; linezolid; chloramphenicol; florfenicol	
k141_355319_28 # 31532 # 31873 # 1 # ID=126006_28;partial=00;start_type=ATG;rbs_motif=None;rbs_spacer=None;gc_cont=0.491	k141_355319	31532	31873	+	Strict	75	98.6	qacJ	50.96	3007014	protein homolog model	n/a	n/a	disinfecting agents and antiseptics	antibiotic efflux	small multidrug resistance (SMR) antibiotic efflux pump	105.61	gnl|BL_ORD_ID|4661|hsp_num:0	5730			6	318	benzalkonium chloride	
k141_1014780_2 # 267 # 1397 # -1 # ID=128540_2;partial=00;start_type=ATG;rbs_motif=AGxAGG/AGGxGG;rbs_spacer=5-10bp;gc_cont=0.457	k141_1014780	267	1397	-	Strict	175	232.6	vanT gene in vanG cluster	37.18	3002972	protein homolog model	n/a	n/a	glycopeptide antibiotic	antibiotic target alteration	glycopeptide resistance gene cluster; vanT	52.81	gnl|BL_ORD_ID|1523|hsp_num:0	1561			1026	2067	vancomycin	
k141_864452_2 # 1640 # 2722 # 1 # ID=131627_2;partial=00;start_type=TTG;rbs_motif=GGA/GAG/AGG;rbs_spacer=5-10bp;gc_cont=0.394	k141_864452	1640	2722	+	Strict	50	160.2	vanY gene in vanB cluster	42.16	3002956	protein homolog model	n/a	n/a	glycopeptide antibiotic	antibiotic target alteration	vanY; glycopeptide resistance gene cluster	134.33	gnl|BL_ORD_ID|603|hsp_num:0	556			252	789	vancomycin	
k141_864486_1 # 3 # 1220 # 1 # ID=131683_1;partial=10;start_type=Edge;rbs_motif=None;rbs_spacer=None;gc_cont=0.328	k141_864486	3	1220	+	Strict	175	201.1	vanT gene in vanG cluster	33.33	3002972	protein homolog model	n/a	n/a	glycopeptide antibiotic	antibiotic target alteration	glycopeptide resistance gene cluster; vanT	56.88	gnl|BL_ORD_ID|1523|hsp_num:0	1561			1038	2127	vancomycin	
k141_1017628_2 # 155 # 2596 # -1 # ID=132178_2;partial=00;start_type=ATG;rbs_motif=None;rbs_spacer=None;gc_cont=0.373	k141_1017628	155	2596	-	Strict	175	192.6	vanT gene in vanG cluster	35.15	3002972	protein homolog model	n/a	n/a	glycopeptide antibiotic	antibiotic target alteration	glycopeptide resistance gene cluster; vanT	114.19	gnl|BL_ORD_ID|1523|hsp_num:0	1561			1038	2118	vancomycin	
k141_95916_5 # 3874 # 4938 # 1 # ID=133278_5;partial=00;start_type=GTG;rbs_motif=GGAG/GAGG;rbs_spacer=5-10bp;gc_cont=0.645	k141_95916	3874	4938	+	Strict	250	269.2	vanG	40.72	3002909	protein homolog model	n/a	n/a	glycopeptide antibiotic	antibiotic target alteration	glycopeptide resistance gene cluster; Van ligase	101.43	gnl|BL_ORD_ID|1070|hsp_num:0	1157			0	1047	vancomycin	
k141_95999_2 # 736 # 1473 # -1 # ID=133406_2;partial=00;start_type=ATG;rbs_motif=None;rbs_spacer=None;gc_cont=0.409	k141_95999	736	1473	-	Strict	50	86.7	vanY gene in vanB cluster	42.06	3002956	protein homolog model	n/a	n/a	glycopeptide antibiotic	antibiotic target alteration	vanY; glycopeptide resistance gene cluster	91.42	gnl|BL_ORD_ID|603|hsp_num:0	556			426	789	vancomycin	
k141_361918_1 # 37 # 807 # 1 # ID=134409_1;partial=00;start_type=ATG;rbs_motif=None;rbs_spacer=None;gc_cont=0.324	k141_361918	37	807	+	Strict	400	464.5	LnuH	89.45	3004600	protein homolog model	n/a	n/a	lincosamide antibiotic	antibiotic inactivation	lincosamide nucleotidyltransferase (LNU)	98.46	gnl|BL_ORD_ID|4923|hsp_num:0	5916			0	768		
k141_97592_8 # 5027 # 5536 # 1 # ID=135534_8;partial=00;start_type=ATG;rbs_motif=GGAGG;rbs_spacer=5-10bp;gc_cont=0.625	k141_97592	5027	5536	+	Strict	150	185.3	nimE	53.37	3007107	protein homolog model	n/a	n/a	nitroimidazole antibiotic	antibiotic inactivation	nitroimidazole reductase	99.41	gnl|BL_ORD_ID|4785|hsp_num:0	5780			0	486	metronidazole	
k141_231415_31 # 33989 # 34987 # 1 # ID=136954_31;partial=00;start_type=ATG;rbs_motif=GGAG/GAGG;rbs_spacer=5-10bp;gc_cont=0.264	k141_231415	33989	34987	+	Strict	50	113.2	vanY gene in vanB cluster	36.67	3002956	protein homolog model	n/a	n/a	glycopeptide antibiotic	antibiotic target alteration	vanY; glycopeptide resistance gene cluster	123.88	gnl|BL_ORD_ID|603|hsp_num:0	556			270	789	vancomycin	
k141_100019_1 # 1 # 1155 # -1 # ID=138620_1;partial=11;start_type=Edge;rbs_motif=None;rbs_spacer=None;gc_cont=0.477	k141_100019	1	1155	-	Strict	600	655.2	ICR-Mo	81.79	3004569	protein homolog model	n/a	n/a	peptide antibiotic	antibiotic target alteration	intrinsic colistin resistant phosphoethanolamine transferase	69.00	gnl|BL_ORD_ID|2715|hsp_num:0	3271			255	1425	colistin A; colistin B	
k141_365904_1 # 187 # 1050 # -1 # ID=139537_1;partial=00;start_type=ATG;rbs_motif=TAAA;rbs_spacer=15bp;gc_cont=0.316	k141_365904	187	1050	-	Perfect	500	587.0	aadS	100.0	3004683	protein homolog model	n/a	n/a	aminoglycoside antibiotic	antibiotic inactivation	ANT(6)	100.00	gnl|BL_ORD_ID|2238|hsp_num:0	3382			0	861	streptomycin	
k141_366235_2 # 180 # 644 # -1 # ID=139942_2;partial=00;start_type=ATG;rbs_motif=GGAG/GAGG;rbs_spacer=5-10bp;gc_cont=0.692	k141_366235	180	644	-	Strict	200	207.2	Pseudomonas aeruginosa soxR	70.42	3004107	protein homolog model	n/a	n/a	fluoroquinolone antibiotic; cephalosporin; glycylcycline; penam; tetracycline antibiotic; rifamycin antibiotic; phenicol antibiotic; disinfecting agents and antiseptics	antibiotic target alteration; antibiotic efflux	ATP-binding cassette (ABC) antibiotic efflux pump; major facilitator superfamily (MFS) antibiotic efflux pump; resistance-nodulation-cell division (RND) antibiotic efflux pump	98.72	gnl|BL_ORD_ID|2396|hsp_num:0	2775			24	450	tigecycline; ciprofloxacin; acriflavine; tetracycline; rifampin; chloramphenicol; ampicillin; norfloxacin; cefalotin; triclosan	
k141_741953_1 # 170 # 502 # -1 # ID=141288_1;partial=00;start_type=ATG;rbs_motif=GGAG/GAGG;rbs_spacer=5-10bp;gc_cont=0.462	k141_741953	170	502	-	Strict	75	101.7	qacG	48.11	3007015	protein homolog model	n/a	n/a	disinfecting agents and antiseptics	antibiotic efflux	small multidrug resistance (SMR) antibiotic efflux pump	102.80	gnl|BL_ORD_ID|4662|hsp_num:0	5731			0	315	benzalkonium chloride	
k141_610847_4 # 764 # 1534 # -1 # ID=143246_4;partial=00;start_type=ATG;rbs_motif=None;rbs_spacer=None;gc_cont=0.424	k141_610847	764	1534	-	Strict	50	58.2	vanY gene in vanM cluster	26.85	3002961	protein homolog model	n/a	n/a	glycopeptide antibiotic	antibiotic target alteration	vanY; glycopeptide resistance gene cluster	109.87	gnl|BL_ORD_ID|1674|hsp_num:0	1713			135	492	vancomycin; teicoplanin	
k141_236483_1 # 1 # 1350 # -1 # ID=143943_1;partial=10;start_type=ATG;rbs_motif=GGAG/GAGG;rbs_spacer=5-10bp;gc_cont=0.336	k141_236483	1	1350	-	Strict	300	423.7	tet(44)	48.79	3000556	protein homolog model	n/a	n/a	tetracycline antibiotic	antibiotic target protection	tetracycline-resistant ribosomal protection protein	70.31	gnl|BL_ORD_ID|1198|hsp_num:0	1171			0	1344	tetracycline; doxycycline; minocycline; chlortetracycline; demeclocycline; oxytetracycline	
k141_104473_2 # 768 # 1109 # -1 # ID=144538_2;partial=01;start_type=Edge;rbs_motif=None;rbs_spacer=None;gc_cont=0.515	k141_104473	768	1109	-	Strict	50	51.6	vanW gene in vanG cluster	33.33	3002965	protein homolog model	n/a	n/a	glycopeptide antibiotic	antibiotic target alteration	vanW; glycopeptide resistance gene cluster	40.21	gnl|BL_ORD_ID|4742|hsp_num:0	1622			486	675	vancomycin	
k141_236972_2 # 855 # 1361 # 1 # ID=144610_2;partial=01;start_type=ATG;rbs_motif=None;rbs_spacer=None;gc_cont=0.736	k141_236972	855	1361	+	Strict	50	71.6	vanW gene in vanB cluster	34.29	3002964	protein homolog model	n/a	n/a	glycopeptide antibiotic	antibiotic target alteration	vanW; glycopeptide resistance gene cluster	61.45	gnl|BL_ORD_ID|4679|hsp_num:0	1036			138	453	vancomycin	
k141_369951_2 # 877 # 2604 # 1 # ID=144612_2;partial=01;start_type=ATG;rbs_motif=GGAG/GAGG;rbs_spacer=5-10bp;gc_cont=0.398	k141_369951	877	2604	+	Strict	300	606.3	tet(44)	52.77	3000556	protein homolog model	n/a	n/a	tetracycline antibiotic	antibiotic target protection	tetracycline-resistant ribosomal protection protein	90.00	gnl|BL_ORD_ID|1198|hsp_num:0	1171			0	1722	tetracycline; doxycycline; minocycline; chlortetracycline; demeclocycline; oxytetracycline	
k141_104740_2 # 989 # 2911 # 1 # ID=144889_2;partial=00;start_type=ATG;rbs_motif=AGxAGG/AGGxGG;rbs_spacer=11-12bp;gc_cont=0.436	k141_104740	989	2911	+	Strict	300	873.6	tet(M)	66.67	3000186	protein homolog model	n/a	n/a	tetracycline antibiotic	antibiotic target protection	tetracycline-resistant ribosomal protection protein	100.16	gnl|BL_ORD_ID|1675|hsp_num:0	1692			0	1914	tetracycline; doxycycline; minocycline; chlortetracycline; demeclocycline; oxytetracycline	
k141_105407_3 # 1662 # 2786 # -1 # ID=145745_3;partial=00;start_type=ATG;rbs_motif=None;rbs_spacer=None;gc_cont=0.606	k141_105407	1662	2786	-	Strict	175	193.7	vanT gene in vanG cluster	35.34	3002972	protein homolog model	n/a	n/a	glycopeptide antibiotic	antibiotic target alteration	glycopeptide resistance gene cluster; vanT	52.53	gnl|BL_ORD_ID|1523|hsp_num:0	1561			1029	2133	vancomycin	
k141_503582_4 # 2965 # 4137 # 1 # ID=147810_4;partial=00;start_type=ATG;rbs_motif=GGAG/GAGG;rbs_spacer=5-10bp;gc_cont=0.440	k141_503582	2965	4137	+	Strict	175	211.1	vanT gene in vanG cluster	31.75	3002972	protein homolog model	n/a	n/a	glycopeptide antibiotic	antibiotic target alteration	glycopeptide resistance gene cluster; vanT	54.78	gnl|BL_ORD_ID|1523|hsp_num:0	1561			1020	2118	vancomycin	
k141_240039_3 # 2355 # 3482 # -1 # ID=148485_3;partial=00;start_type=ATG;rbs_motif=GGA/GAG/AGG;rbs_spacer=5-10bp;gc_cont=0.491	k141_240039	2355	3482	-	Strict	175	220.7	vanT gene in vanG cluster	36.22	3002972	protein homolog model	n/a	n/a	glycopeptide antibiotic	antibiotic target alteration	glycopeptide resistance gene cluster; vanT	52.67	gnl|BL_ORD_ID|1523|hsp_num:0	1561			1029	2118	vancomycin	
k141_240039_4 # 3485 # 4537 # -1 # ID=148485_4;partial=00;start_type=ATG;rbs_motif=GGAGG;rbs_spacer=5-10bp;gc_cont=0.462	k141_240039	3485	4537	-	Strict	250	269.6	vanG	39.83	3002909	protein homolog model	n/a	n/a	glycopeptide antibiotic	antibiotic target alteration	glycopeptide resistance gene cluster; Van ligase	100.29	gnl|BL_ORD_ID|1070|hsp_num:0	1157			0	1047	vancomycin	
k141_109938_2 # 275 # 1024 # -1 # ID=151431_2;partial=01;start_type=Edge;rbs_motif=None;rbs_spacer=None;gc_cont=0.411	k141_109938	275	1024	-	Strict	50	81.6	vanY gene in vanM cluster	30.41	3002961	protein homolog model	n/a	n/a	glycopeptide antibiotic	antibiotic target alteration	vanY; glycopeptide resistance gene cluster	106.87	gnl|BL_ORD_ID|1674|hsp_num:0	1713			18	543	vancomycin; teicoplanin	
k141_507362_3 # 1385 # 2170 # -1 # ID=152831_3;partial=00;start_type=GTG;rbs_motif=GGAG/GAGG;rbs_spacer=5-10bp;gc_cont=0.583	k141_507362	1385	2170	-	Strict	50	106.7	vanY gene in vanB cluster	36.76	3002956	protein homolog model	n/a	n/a	glycopeptide antibiotic	antibiotic target alteration	vanY; glycopeptide resistance gene cluster	97.39	gnl|BL_ORD_ID|603|hsp_num:0	556			252	792	vancomycin	
k141_507791_2 # 1450 # 3384 # 1 # ID=153550_2;partial=00;start_type=TTG;rbs_motif=AGGAGG;rbs_spacer=5-10bp;gc_cont=0.396	k141_507791	1450	3384	+	Strict	300	608.6	tet(Q)	47.43	3000191	protein homolog model	n/a	n/a	tetracycline antibiotic	antibiotic target protection	tetracycline-resistant ribosomal protection protein	98.02	gnl|BL_ORD_ID|1220|hsp_num:0	1183			48	1956	tetracycline; doxycycline; minocycline; chlortetracycline; demeclocycline; oxytetracycline	
k141_749838_4 # 1684 # 2187 # 1 # ID=154488_4;partial=00;start_type=ATG;rbs_motif=AGGAG;rbs_spacer=5-10bp;gc_cont=0.353	k141_749838	1684	2187	+	Strict	150	187.2	nimE	57.06	3007107	protein homolog model	n/a	n/a	nitroimidazole antibiotic	antibiotic inactivation	nitroimidazole reductase	98.24	gnl|BL_ORD_ID|4785|hsp_num:0	5780			0	483	metronidazole	
k141_1035881_13 # 15129 # 16388 # 1 # ID=155706_13;partial=00;start_type=ATG;rbs_motif=None;rbs_spacer=None;gc_cont=0.717	k141_1035881	15129	16388	+	Strict	175	196.4	vanT gene in vanG cluster	30.05	3002972	protein homolog model	n/a	n/a	glycopeptide antibiotic	antibiotic target alteration	glycopeptide resistance gene cluster; vanT	58.85	gnl|BL_ORD_ID|1523|hsp_num:0	1561			1035	2118	vancomycin	
k141_245627_29 # 30146 # 33283 # 1 # ID=155807_29;partial=00;start_type=TTG;rbs_motif=GGA/GAG/AGG;rbs_spacer=5-10bp;gc_cont=0.672	k141_245627	30146	33283	+	Strict	750	896.7	adeF	48.36	3000777	protein homolog model	n/a	n/a	fluoroquinolone antibiotic; tetracycline antibiotic	antibiotic efflux	resistance-nodulation-cell division (RND) antibiotic efflux pump	98.68	gnl|BL_ORD_ID|133|hsp_num:0	153			15	3102	tetracycline	
k141_1036064_2 # 457 # 945 # -1 # ID=155911_2;partial=00;start_type=ATG;rbs_motif=AAAA;rbs_spacer=4bp;gc_cont=0.323	k141_1036064	457	945	-	Strict	150	159.5	nimG	48.43	3007109	protein homolog model	n/a	n/a	nitroimidazole antibiotic	antibiotic inactivation	nitroimidazole reductase	98.78	gnl|BL_ORD_ID|4787|hsp_num:0	5782			3	480	metronidazole	
k141_113607_1 # 3 # 1205 # -1 # ID=156130_1;partial=11;start_type=Edge;rbs_motif=None;rbs_spacer=None;gc_cont=0.455	k141_113607	3	1205	-	Strict	175	192.2	vanT gene in vanG cluster	34.9	3002972	protein homolog model	n/a	n/a	glycopeptide antibiotic	antibiotic target alteration	glycopeptide resistance gene cluster; vanT	56.32	gnl|BL_ORD_ID|1523|hsp_num:0	1561			1023	2019	vancomycin	
k141_751589_6 # 4327 # 5430 # -1 # ID=157631_6;partial=00;start_type=ATG;rbs_motif=GGAG/GAGG;rbs_spacer=5-10bp;gc_cont=0.334	k141_751589	4327	5430	-	Strict	175	180.6	vanT gene in vanG cluster	29.35	3002972	protein homolog model	n/a	n/a	glycopeptide antibiotic	antibiotic target alteration	glycopeptide resistance gene cluster; vanT	51.54	gnl|BL_ORD_ID|1523|hsp_num:0	1561			1038	2127	vancomycin	
k141_752069_1 # 3 # 1481 # 1 # ID=158497_1;partial=10;start_type=Edge;rbs_motif=None;rbs_spacer=None;gc_cont=0.297	k141_752069	3	1481	+	Strict	175	203.4	vanT gene in vanG cluster	33.33	3002972	protein homolog model	n/a	n/a	glycopeptide antibiotic	antibiotic target alteration	glycopeptide resistance gene cluster; vanT	69.10	gnl|BL_ORD_ID|1523|hsp_num:0	1561			1038	2127	vancomycin	
k141_752672_2 # 1076 # 1573 # -1 # ID=159528_2;partial=00;start_type=ATG;rbs_motif=AGGAG;rbs_spacer=5-10bp;gc_cont=0.382	k141_752672	1076	1573	-	Strict	150	196.1	nimJ	58.02	3007112	protein homolog model	n/a	n/a	nitroimidazole antibiotic	antibiotic inactivation	nitroimidazole reductase	100.00	gnl|BL_ORD_ID|4790|hsp_num:0	5785			9	492	metronidazole	
k141_512273_3 # 1517 # 1864 # -1 # ID=159615_3;partial=00;start_type=ATG;rbs_motif=None;rbs_spacer=None;gc_cont=0.667	k141_512273	1517	1864	-	Strict	75	93.2	qacJ	41.9	3007014	protein homolog model	n/a	n/a	disinfecting agents and antiseptics	antibiotic efflux	small multidrug resistance (SMR) antibiotic efflux pump	107.48	gnl|BL_ORD_ID|4661|hsp_num:0	5730			3	318	benzalkonium chloride	
k141_621230_2 # 705 # 1688 # 1 # ID=159723_2;partial=00;start_type=ATG;rbs_motif=GGAG/GAGG;rbs_spacer=5-10bp;gc_cont=0.458	k141_621230	705	1688	+	Strict	200	225.7	vanH gene in vanO cluster	36.91	3002948	protein homolog model	n/a	n/a	glycopeptide antibiotic	antibiotic target alteration	vanH; glycopeptide resistance gene cluster	93.43	gnl|BL_ORD_ID|762|hsp_num:0	786			102	1041	vancomycin	
k141_249146_2 # 1086 # 2168 # 1 # ID=160506_2;partial=00;start_type=ATG;rbs_motif=GGA/GAG/AGG;rbs_spacer=11-12bp;gc_cont=0.386	k141_249146	1086	2168	+	Strict	175	184.5	vanT gene in vanG cluster	31.34	3002972	protein homolog model	n/a	n/a	glycopeptide antibiotic	antibiotic target alteration	glycopeptide resistance gene cluster; vanT	50.56	gnl|BL_ORD_ID|1523|hsp_num:0	1561			1038	2118	vancomycin	
k141_882121_3 # 1797 # 3122 # -1 # ID=161018_3;partial=01;start_type=Edge;rbs_motif=None;rbs_spacer=None;gc_cont=0.269	k141_882121	1797	3122	-	Strict	50	130.6	vanW gene in vanI cluster	32.37	3003724	protein homolog model	n/a	n/a	glycopeptide antibiotic	antibiotic target alteration	vanW; glycopeptide resistance gene cluster	118.23	gnl|BL_ORD_ID|4747|hsp_num:0	2242			345	1062	vancomycin; teicoplanin	
k141_117579_5 # 1393 # 3312 # -1 # ID=161255_5;partial=00;start_type=ATG;rbs_motif=AAAA;rbs_spacer=4bp;gc_cont=0.368	k141_117579	1393	3312	-	Strict	300	1155.2	tet(36)	92.94	3000197	protein homolog model	n/a	n/a	tetracycline antibiotic	antibiotic target protection	tetracycline-resistant ribosomal protection protein	99.84	gnl|BL_ORD_ID|1676|hsp_num:0	1708			0	1911	tetracycline; doxycycline; minocycline; chlortetracycline; demeclocycline; oxytetracycline	
k141_1040059_1 # 205 # 993 # 1 # ID=161642_1;partial=00;start_type=ATG;rbs_motif=GGA/GAG/AGG;rbs_spacer=11-12bp;gc_cont=0.583	k141_1040059	205	993	+	Perfect	450	527.7	aadA5	100.0	3002605	protein homolog model	n/a	n/a	aminoglycoside antibiotic	antibiotic inactivation	ANT(3'')	100.00	gnl|BL_ORD_ID|1303|hsp_num:0	1420			0	786	spectinomycin; streptomycin	
k141_383462_4 # 3955 # 5325 # -1 # ID=161995_4;partial=01;start_type=Edge;rbs_motif=None;rbs_spacer=None;gc_cont=0.627	k141_383462	3955	5325	-	Strict	50	129.8	vanW gene in vanI cluster	39.0	3003724	protein homolog model	n/a	n/a	glycopeptide antibiotic	antibiotic target alteration	vanW; glycopeptide resistance gene cluster	122.25	gnl|BL_ORD_ID|4747|hsp_num:0	2242			384	978	vancomycin; teicoplanin	
k141_883744_1 # 2 # 187 # 1 # ID=163612_1;partial=10;start_type=Edge;rbs_motif=None;rbs_spacer=None;gc_cont=0.366	k141_883744	2	187	+	Strict	50	70.9	vanY gene in vanA cluster	50.0	3002955	protein homolog model	n/a	n/a	glycopeptide antibiotic	antibiotic target alteration	vanY; glycopeptide resistance gene cluster	20.13	gnl|BL_ORD_ID|4668|hsp_num:0	89			552	732	vancomycin; teicoplanin	
k141_755592_8 # 11181 # 12251 # 1 # ID=164316_8;partial=00;start_type=ATG;rbs_motif=AGGAG;rbs_spacer=5-10bp;gc_cont=0.289	k141_755592	11181	12251	+	Strict	175	176.8	vanT gene in vanG cluster	34.07	3002972	protein homolog model	n/a	n/a	glycopeptide antibiotic	antibiotic target alteration	glycopeptide resistance gene cluster; vanT	50.00	gnl|BL_ORD_ID|1523|hsp_num:0	1561			1029	2118	vancomycin	
k141_624203_2 # 536 # 1408 # 1 # ID=164602_2;partial=01;start_type=ATG;rbs_motif=GGA/GAG/AGG;rbs_spacer=5-10bp;gc_cont=0.695	k141_624203	536	1408	+	Strict	500	565.1	AIM-1	95.88	3000853	protein homolog model	n/a	n/a	cephalosporin; cephamycin; penam	antibiotic inactivation	AIM beta-lactamase	96.04	gnl|BL_ORD_ID|653|hsp_num:0	707			0	873		
k141_884391_5 # 1546 # 2640 # 1 # ID=164687_5;partial=00;start_type=ATG;rbs_motif=AGGAG;rbs_spacer=5-10bp;gc_cont=0.639	k141_884391	1546	2640	+	Strict	250	251.5	vanG	39.14	3002909	protein homolog model	n/a	n/a	glycopeptide antibiotic	antibiotic target alteration	glycopeptide resistance gene cluster; Van ligase	104.30	gnl|BL_ORD_ID|1070|hsp_num:0	1157			15	1047	vancomycin	
k141_756148_3 # 1890 # 3542 # 1 # ID=165215_3;partial=00;start_type=ATG;rbs_motif=3Base/5BMM;rbs_spacer=13-15bp;gc_cont=0.447	k141_756148	1890	3542	+	Strict	50	102.4	vanW gene in vanI cluster	34.12	3003724	protein homolog model	n/a	n/a	glycopeptide antibiotic	antibiotic target alteration	vanW; glycopeptide resistance gene cluster	147.45	gnl|BL_ORD_ID|4747|hsp_num:0	2242			447	1047	vancomycin; teicoplanin	
k141_624746_1 # 1 # 1101 # -1 # ID=165372_1;partial=10;start_type=ATG;rbs_motif=AGGAGG;rbs_spacer=11-12bp;gc_cont=0.358	k141_624746	1	1101	-	Strict	50	138.3	vanW gene in vanI cluster	33.19	3003724	protein homolog model	n/a	n/a	glycopeptide antibiotic	antibiotic target alteration	vanW; glycopeptide resistance gene cluster	98.39	gnl|BL_ORD_ID|4747|hsp_num:0	2242			342	1047	vancomycin; teicoplanin	
k141_253472_1 # 2 # 1297 # -1 # ID=165948_1;partial=11;start_type=Edge;rbs_motif=None;rbs_spacer=None;gc_cont=0.441	k141_253472	2	1297	-	Strict	50	116.7	vanW gene in vanI cluster	29.1	3003724	protein homolog model	n/a	n/a	glycopeptide antibiotic	antibiotic target alteration	vanW; glycopeptide resistance gene cluster	115.82	gnl|BL_ORD_ID|4747|hsp_num:0	2242			147	1011	vancomycin; teicoplanin	
k141_389538_1 # 3 # 1103 # -1 # ID=170288_1;partial=10;start_type=ATG;rbs_motif=AGGAG;rbs_spacer=5-10bp;gc_cont=0.542	k141_389538	3	1103	-	Strict	50	57.4	vanW gene in vanI cluster	27.88	3003724	protein homolog model	n/a	n/a	glycopeptide antibiotic	antibiotic target alteration	vanW; glycopeptide resistance gene cluster	98.39	gnl|BL_ORD_ID|4747|hsp_num:0	2242			258	846	vancomycin; teicoplanin	
k141_1049849_1 # 2 # 577 # 1 # ID=174540_1;partial=10;start_type=Edge;rbs_motif=None;rbs_spacer=None;gc_cont=0.385	k141_1049849	2	577	+	Strict	300	334.0	tet(44)	87.43	3000556	protein homolog model	n/a	n/a	tetracycline antibiotic	antibiotic target protection	tetracycline-resistant ribosomal protection protein	29.84	gnl|BL_ORD_ID|1198|hsp_num:0	1171			1365	1914	tetracycline; doxycycline; minocycline; chlortetracycline; demeclocycline; oxytetracycline	
k141_1050864_2 # 248 # 880 # -1 # ID=175832_2;partial=00;start_type=ATG;rbs_motif=GGA/GAG/AGG;rbs_spacer=5-10bp;gc_cont=0.493	k141_1050864	248	880	-	Perfect	350	442.6	catB3	100.0	3002676	protein homolog model	n/a	n/a	phenicol antibiotic	antibiotic inactivation	chloramphenicol acetyltransferase (CAT)	100.00	gnl|BL_ORD_ID|130|hsp_num:0	150			0	630	azidamfenicol; chloramphenicol; thiamphenicol	
k141_1050864_3 # 963 # 1601 # -1 # ID=175832_3;partial=01;start_type=Edge;rbs_motif=None;rbs_spacer=None;gc_cont=0.559	k141_1050864	963	1601	-	Strict	300	364.8	ANT(2'')-Ia	97.74	3000230	protein homolog model	n/a	n/a	aminoglycoside antibiotic	antibiotic inactivation	ANT(2'')	119.77	gnl|BL_ORD_ID|1259|hsp_num:0	1372			0	531	dibekacin; sisomicin; kanamycin A; tobramycin; gentamicin	
k141_891108_3 # 1017 # 1511 # -1 # ID=175972_3;partial=00;start_type=ATG;rbs_motif=GGAG/GAGG;rbs_spacer=5-10bp;gc_cont=0.325	k141_891108	1017	1511	-	Perfect	300	332.4	dfrF	100.0	3002867	protein homolog model	n/a	n/a	diaminopyrimidine antibiotic	antibiotic target replacement	trimethoprim resistant dihydrofolate reductase dfr	100.00	gnl|BL_ORD_ID|3|hsp_num:0	5			0	492	trimethoprim	
k141_891762_1 # 2 # 1000 # 1 # ID=177013_1;partial=10;start_type=Edge;rbs_motif=None;rbs_spacer=None;gc_cont=0.554	k141_891762	2	1000	+	Strict	50	73.2	vanW gene in vanI cluster	26.32	3003724	protein homolog model	n/a	n/a	glycopeptide antibiotic	antibiotic target alteration	vanW; glycopeptide resistance gene cluster	89.01	gnl|BL_ORD_ID|4747|hsp_num:0	2242			447	1044	vancomycin; teicoplanin	
k141_631553_1 # 400 # 894 # 1 # ID=177096_1;partial=00;start_type=ATG;rbs_motif=GGAGG;rbs_spacer=5-10bp;gc_cont=0.343	k141_631553	400	894	+	Strict	300	312.4	lnuD	88.41	3002838	protein homolog model	n/a	n/a	lincosamide antibiotic	antibiotic inactivation	lincosamide nucleotidyltransferase (LNU)	100.00	gnl|BL_ORD_ID|1784|hsp_num:0	1934			0	492	lincomycin; clindamycin	
k141_891933_5 # 4090 # 6525 # 1 # ID=177398_5;partial=00;start_type=ATG;rbs_motif=TAAA;rbs_spacer=12bp;gc_cont=0.460	k141_891933	4090	6525	+	Strict	175	195.3	vanT gene in vanG cluster	33.88	3002972	protein homolog model	n/a	n/a	glycopeptide antibiotic	antibiotic target alteration	glycopeptide resistance gene cluster; vanT	113.90	gnl|BL_ORD_ID|1523|hsp_num:0	1561			1038	2118	vancomycin	
k141_765127_1 # 14 # 820 # 1 # ID=179320_1;partial=00;start_type=ATG;rbs_motif=AGGAG;rbs_spacer=5-10bp;gc_cont=0.388	k141_765127	14	820	+	Strict	50	90.5	vanY gene in vanM cluster	33.5	3002961	protein homolog model	n/a	n/a	glycopeptide antibiotic	antibiotic target alteration	vanY; glycopeptide resistance gene cluster	115.02	gnl|BL_ORD_ID|1674|hsp_num:0	1713			15	546	vancomycin; teicoplanin	
k141_893648_9 # 7380 # 10565 # -1 # ID=179384_9;partial=00;start_type=ATG;rbs_motif=GGA/GAG/AGG;rbs_spacer=5-10bp;gc_cont=0.676	k141_893648	7380	10565	-	Strict	750	761.1	adeF	41.63	3000777	protein homolog model	n/a	n/a	fluoroquinolone antibiotic; tetracycline antibiotic	antibiotic efflux	resistance-nodulation-cell division (RND) antibiotic efflux pump	100.19	gnl|BL_ORD_ID|133|hsp_num:0	153			9	3168	tetracycline	
k141_766761_2 # 90 # 845 # 1 # ID=180199_2;partial=00;start_type=ATG;rbs_motif=None;rbs_spacer=None;gc_cont=0.386	k141_766761	90	845	+	Strict	50	92.0	vanY gene in vanG cluster	35.64	3002959	protein homolog model	n/a	n/a	glycopeptide antibiotic	antibiotic target alteration	vanY; glycopeptide resistance gene cluster	89.96	gnl|BL_ORD_ID|4731|hsp_num:0	298			297	837	vancomycin	
k141_767553_8 # 5414 # 6343 # 1 # ID=180573_8;partial=00;start_type=ATG;rbs_motif=GGAGG;rbs_spacer=5-10bp;gc_cont=0.361	k141_767553	5414	6343	+	Strict	50	82.8	vanW gene in vanI cluster	36.17	3003724	protein homolog model	n/a	n/a	glycopeptide antibiotic	antibiotic target alteration	vanW; glycopeptide resistance gene cluster	82.84	gnl|BL_ORD_ID|4747|hsp_num:0	2242			645	1059	vancomycin; teicoplanin	
k141_897363_1 # 20 # 1939 # 1 # ID=181394_1;partial=00;start_type=ATG;rbs_motif=GGAGG;rbs_spacer=5-10bp;gc_cont=0.531	k141_897363	20	1939	+	Perfect	300	1255.4	tet(W)	100.0	3000194	protein homolog model	n/a	n/a	tetracycline antibiotic	antibiotic target protection	tetracycline-resistant ribosomal protection protein	100.00	gnl|BL_ORD_ID|457|hsp_num:0	389			0	1917	tetracycline; doxycycline; minocycline; chlortetracycline; demeclocycline; oxytetracycline	
k141_638474_2 # 1314 # 3215 # 1 # ID=182059_2;partial=00;start_type=TTG;rbs_motif=None;rbs_spacer=None;gc_cont=0.634	k141_638474	1314	3215	+	Strict	50	125.6	vanW gene in vanI cluster	36.04	3003724	protein homolog model	n/a	n/a	glycopeptide antibiotic	antibiotic target alteration	vanW; glycopeptide resistance gene cluster	169.71	gnl|BL_ORD_ID|4747|hsp_num:0	2242			435	1077	vancomycin; teicoplanin	
k141_898751_26 # 29015 # 30127 # 1 # ID=182158_26;partial=00;start_type=GTG;rbs_motif=AGxAGG/AGGxGG;rbs_spacer=5-10bp;gc_cont=0.430	k141_898751	29015	30127	+	Strict	175	244.2	vanT gene in vanG cluster	39.78	3002972	protein homolog model	n/a	n/a	glycopeptide antibiotic	antibiotic target alteration	glycopeptide resistance gene cluster; vanT	51.97	gnl|BL_ORD_ID|1523|hsp_num:0	1561			1032	2118	vancomycin	
k141_899098_2 # 745 # 1653 # -1 # ID=182367_2;partial=01;start_type=Edge;rbs_motif=None;rbs_spacer=None;gc_cont=0.560	k141_899098	745	1653	-	Strict	50	122.9	vanW gene in vanI cluster	41.92	3003724	protein homolog model	n/a	n/a	glycopeptide antibiotic	antibiotic target alteration	vanW; glycopeptide resistance gene cluster	80.97	gnl|BL_ORD_ID|4747|hsp_num:0	2242			483	978	vancomycin; teicoplanin	
k141_643268_1 # 3 # 1139 # -1 # ID=184464_1;partial=10;start_type=GTG;rbs_motif=AGGAG;rbs_spacer=5-10bp;gc_cont=0.534	k141_643268	3	1139	-	Strict	50	127.1	vanW gene in vanI cluster	37.25	3003724	protein homolog model	n/a	n/a	glycopeptide antibiotic	antibiotic target alteration	vanW; glycopeptide resistance gene cluster	101.61	gnl|BL_ORD_ID|4747|hsp_num:0	2242			447	1047	vancomycin; teicoplanin	
k141_775126_7 # 6241 # 7110 # 1 # ID=184521_7;partial=00;start_type=TTG;rbs_motif=GGAG/GAGG;rbs_spacer=5-10bp;gc_cont=0.514	k141_775126	6241	7110	+	Strict	50	98.6	vanY gene in vanB cluster	33.33	3002956	protein homolog model	n/a	n/a	glycopeptide antibiotic	antibiotic target alteration	vanY; glycopeptide resistance gene cluster	107.84	gnl|BL_ORD_ID|603|hsp_num:0	556			165	789	vancomycin	
k141_778240_1 # 1 # 597 # 1 # ID=185901_1;partial=10;start_type=Edge;rbs_motif=None;rbs_spacer=None;gc_cont=0.424	k141_778240	1	597	+	Strict	50	153.7	vanY gene in vanB cluster	41.45	3002956	protein homolog model	n/a	n/a	glycopeptide antibiotic	antibiotic target alteration	vanY; glycopeptide resistance gene cluster	73.88	gnl|BL_ORD_ID|603|hsp_num:0	556			231	789	vancomycin	
k141_778335_1 # 127 # 507 # 1 # ID=185938_1;partial=00;start_type=ATG;rbs_motif=GGAG/GAGG;rbs_spacer=5-10bp;gc_cont=0.478	k141_778335	127	507	+	Strict	230	241.9	marA	93.55	3000263	protein homolog model	n/a	n/a	fluoroquinolone antibiotic; monobactam; carbapenem; cephalosporin; glycylcycline; cephamycin; penam; tetracycline antibiotic; rifamycin antibiotic; phenicol antibiotic; penem; disinfecting agents and antiseptics	antibiotic efflux; reduced permeability to antibiotic	resistance-nodulation-cell division (RND) antibiotic efflux pump; General Bacterial Porin with reduced permeability to beta-lactams	99.21	gnl|BL_ORD_ID|1773|hsp_num:0	1922			0	372	tigecycline; tetracycline; rifampin; chloramphenicol; ampicillin; cefalotin; triclosan	
k141_647670_1 # 34 # 864 # -1 # ID=186826_1;partial=00;start_type=ATG;rbs_motif=AGxAGG/AGGxGG;rbs_spacer=5-10bp;gc_cont=0.628	k141_647670	34	864	-	Strict	50	122.5	vanY gene in vanB cluster	31.56	3002956	protein homolog model	n/a	n/a	glycopeptide antibiotic	antibiotic target alteration	vanY; glycopeptide resistance gene cluster	102.99	gnl|BL_ORD_ID|603|hsp_num:0	556			33	786	vancomycin	
k141_907476_3 # 1360 # 1689 # 1 # ID=187211_3;partial=00;start_type=ATG;rbs_motif=TAA;rbs_spacer=12bp;gc_cont=0.330	k141_907476	1360	1689	+	Strict	75	110.9	qacJ	49.06	3007014	protein homolog model	n/a	n/a	disinfecting agents and antiseptics	antibiotic efflux	small multidrug resistance (SMR) antibiotic efflux pump	101.87	gnl|BL_ORD_ID|4661|hsp_num:0	5730			0	318	benzalkonium chloride	
k141_781076_1 # 96 # 875 # 1 # ID=187362_1;partial=00;start_type=GTG;rbs_motif=GGAG/GAGG;rbs_spacer=5-10bp;gc_cont=0.518	k141_781076	96	875	+	Strict	450	515.0	aadA2	99.61	3002602	protein homolog model	n/a	n/a	aminoglycoside antibiotic	antibiotic inactivation	ANT(3'')	100.00	gnl|BL_ORD_ID|1127|hsp_num:0	1227			0	777	spectinomycin; streptomycin	
k141_781076_2 # 1039 # 1386 # 1 # ID=187362_2;partial=00;start_type=ATG;rbs_motif=GGAG/GAGG;rbs_spacer=5-10bp;gc_cont=0.500	k141_781076	1039	1386	+	Perfect	190	224.9	qacEdelta1	100.0	3005010	protein homolog model	n/a	n/a	disinfecting agents and antiseptics	antibiotic efflux	major facilitator superfamily (MFS) antibiotic efflux pump	100.00	gnl|BL_ORD_ID|2745|hsp_num:0	3755			0	345		
k141_781540_7 # 4605 # 5753 # -1 # ID=187540_7;partial=01;start_type=Edge;rbs_motif=None;rbs_spacer=None;gc_cont=0.450	k141_781540	4605	5753	-	Strict	50	86.3	vanY gene in vanM cluster	31.11	3002961	protein homolog model	n/a	n/a	glycopeptide antibiotic	antibiotic target alteration	vanY; glycopeptide resistance gene cluster	163.95	gnl|BL_ORD_ID|1674|hsp_num:0	1713			24	531	vancomycin; teicoplanin	
k141_782359_3 # 1962 # 2891 # -1 # ID=187904_3;partial=01;start_type=Edge;rbs_motif=None;rbs_spacer=None;gc_cont=0.329	k141_782359	1962	2891	-	Strict	400	522.7	tetB(P)	81.88	3000195	protein homolog model	n/a	n/a	tetracycline antibiotic	antibiotic target protection	tetracycline-resistant ribosomal protection protein	47.39	gnl|BL_ORD_ID|738|hsp_num:0	804			1029	1956	tetracycline; doxycycline; minocycline; chlortetracycline; demeclocycline; oxytetracycline	
k141_784127_2 # 466 # 1095 # -1 # ID=188702_2;partial=01;start_type=Edge;rbs_motif=None;rbs_spacer=None;gc_cont=0.579	k141_784127	466	1095	-	Strict	50	95.9	vanY gene in vanB cluster	38.3	3002956	protein homolog model	n/a	n/a	glycopeptide antibiotic	antibiotic target alteration	vanY; glycopeptide resistance gene cluster	77.99	gnl|BL_ORD_ID|603|hsp_num:0	556			381	786	vancomycin	
k141_911305_2 # 462 # 1727 # -1 # ID=189529_2;partial=01;start_type=Edge;rbs_motif=None;rbs_spacer=None;gc_cont=0.351	k141_911305	462	1727	-	Strict	50	120.2	vanW gene in vanI cluster	32.05	3003724	protein homolog model	n/a	n/a	glycopeptide antibiotic	antibiotic target alteration	vanW; glycopeptide resistance gene cluster	112.87	gnl|BL_ORD_ID|4747|hsp_num:0	2242			363	1047	vancomycin; teicoplanin	
k141_653067_1 # 2 # 916 # 1 # ID=189796_1;partial=10;start_type=Edge;rbs_motif=None;rbs_spacer=None;gc_cont=0.449	k141_653067	2	916	+	Strict	50	105.9	vanW gene in vanI cluster	31.19	3003724	protein homolog model	n/a	n/a	glycopeptide antibiotic	antibiotic target alteration	vanW; glycopeptide resistance gene cluster	81.50	gnl|BL_ORD_ID|4747|hsp_num:0	2242			435	1056	vancomycin; teicoplanin	
k141_787034_3 # 2479 # 3339 # 1 # ID=190086_3;partial=01;start_type=ATG;rbs_motif=GGAG/GAGG;rbs_spacer=5-10bp;gc_cont=0.531	k141_787034	2479	3339	+	Strict	50	69.3	vanW gene in vanI cluster	40.82	3003724	protein homolog model	n/a	n/a	glycopeptide antibiotic	antibiotic target alteration	vanW; glycopeptide resistance gene cluster	76.94	gnl|BL_ORD_ID|4747|hsp_num:0	2242			618	912	vancomycin; teicoplanin	
k141_657260_11 # 13547 # 14755 # -1 # ID=192016_11;partial=00;start_type=ATG;rbs_motif=GGAG/GAGG;rbs_spacer=5-10bp;gc_cont=0.427	k141_657260	13547	14755	-	Strict	175	232.3	vanT gene in vanG cluster	36.19	3002972	protein homolog model	n/a	n/a	glycopeptide antibiotic	antibiotic target alteration	glycopeptide resistance gene cluster; vanT	56.46	gnl|BL_ORD_ID|1523|hsp_num:0	1561			1029	2118	vancomycin	
k141_658395_2 # 662 # 1006 # -1 # ID=192422_2;partial=00;start_type=ATG;rbs_motif=GGA/GAG/AGG;rbs_spacer=11-12bp;gc_cont=0.333	k141_658395	662	1006	-	Strict	75	97.4	qacG	47.12	3007015	protein homolog model	n/a	n/a	disinfecting agents and antiseptics	antibiotic efflux	small multidrug resistance (SMR) antibiotic efflux pump	106.54	gnl|BL_ORD_ID|4662|hsp_num:0	5731			6	318	benzalkonium chloride	
