set	sample_id	contig_id	ORF_ID	Best_Hit_ARO	ARO	Cut_Off	Best_Identities	Percentage_Length_of_Reference_Sequence	Drug_Class	Resistance_Mechanism	AMR_Gene_Family	Antibiotic	matched_to_genomad	genomad_context	chromosome_score	plasmid_score	virus_score
RM2016_batch03_global10	ERR1713346	k141_256040	k141_256040_3 # 1501 # 1833 # 1 # ID=988_3;partial=00;start_type=GTG;rbs_motif=AGGAG;rbs_spacer=5-10bp;gc_cont=0.517	qacL	3005098	Strict	93.64	100.0	disinfecting agents and antiseptics	antibiotic efflux	small multidrug resistance (SMR) antibiotic efflux pump		False	chromosome_like	1		
RM2016_batch03_global10	ERR1713346	k141_65120	k141_65120_1 # 234 # 1370 # -1 # ID=2049_1;partial=00;start_type=ATG;rbs_motif=None;rbs_spacer=None;gc_cont=0.516	vanT gene in vanG cluster	3002972	Strict	30.35	53.09	glycopeptide antibiotic	antibiotic target alteration	glycopeptide resistance gene cluster; vanT	vancomycin	False	chromosome_like	1		
RM2016_batch03_global10	ERR1713346	k141_320796	k141_320796_2 # 3699 # 5171 # -1 # ID=2502_2;partial=00;start_type=ATG;rbs_motif=GGAG/GAGG;rbs_spacer=5-10bp;gc_cont=0.479	vanW gene in vanI cluster	3003724	Strict	32.12	131.37	glycopeptide antibiotic	antibiotic target alteration	vanW; glycopeptide resistance gene cluster	vancomycin; teicoplanin	False	chromosome_like	1		
RM2016_batch03_global10	ERR1713346	k141_1357	k141_1357_2 # 424 # 1224 # 1 # ID=2636_2;partial=00;start_type=ATG;rbs_motif=None;rbs_spacer=None;gc_cont=0.343	ErmF	3000498	Strict	99.62	100.0	macrolide antibiotic; lincosamide antibiotic; streptogramin antibiotic; streptogramin A antibiotic; streptogramin B antibiotic	antibiotic target alteration	Erm 23S ribosomal RNA methyltransferase	erythromycin; roxithromycin; lincomycin; telithromycin; clarithromycin; clindamycin; tylosin; spiramycin; azithromycin; dirithromycin; pristinamycin IA; quinupristin; virginiamycin M1; madumycin II; griseoviridin; dalfopristin; pristinamycin IB; virginiamycin S2; pristinamycin IC; vernamycin C; patricin A; patricin B; ostreogrycin B3; oleandomycin	False	chromosome_like	1		
RM2016_batch03_global10	ERR1713346	k141_1357	k141_1357_4 # 2467 # 3330 # -1 # ID=2636_4;partial=00;start_type=ATG;rbs_motif=TAAAA;rbs_spacer=14bp;gc_cont=0.316	aadS	3004683	Perfect	100.0	100.0	aminoglycoside antibiotic	antibiotic inactivation	ANT(6)	streptomycin	False	chromosome_like	1		
RM2016_batch03_global10	ERR1713346	k141_448975	k141_448975_2 # 219 # 1016 # -1 # ID=3280_2;partial=00;start_type=ATG;rbs_motif=None;rbs_spacer=None;gc_cont=0.549	aadA7	3002607	Strict	98.49	100.0	aminoglycoside antibiotic	antibiotic inactivation	ANT(3'')	spectinomycin; streptomycin	True	plasmid_like		0.8347	
RM2016_batch03_global10	ERR1713346	k141_448975	k141_448975_3 # 1053 # 1880 # -1 # ID=3280_3;partial=00;start_type=ATG;rbs_motif=AGGA;rbs_spacer=5-10bp;gc_cont=0.499	OXA-2	3001397	Perfect	100.0	100.0	carbapenem; cephalosporin; penam	antibiotic inactivation	OXA beta-lactamase	cloxacillin; oxacillin; ceftazidime; amoxicillin; meropenem; ampicillin; cefalotin	True	plasmid_like		0.8347	
RM2016_batch03_global10	ERR1713346	k141_385442	k141_385442_9 # 8443 # 9909 # -1 # ID=3793_9;partial=00;start_type=ATG;rbs_motif=AGGAG;rbs_spacer=5-10bp;gc_cont=0.557	mdtP	3003550	Strict	99.18	100.0	nucleoside antibiotic; disinfecting agents and antiseptics	antibiotic efflux	major facilitator superfamily (MFS) antibiotic efflux pump	acriflavine; puromycin	False	chromosome_like	1		
RM2016_batch03_global10	ERR1713346	k141_385442	k141_385442_10 # 9906 # 11957 # -1 # ID=3793_10;partial=00;start_type=ATG;rbs_motif=GGA/GAG/AGG;rbs_spacer=5-10bp;gc_cont=0.547	mdtO	3003549	Strict	99.41	100.0	nucleoside antibiotic; disinfecting agents and antiseptics	antibiotic efflux	major facilitator superfamily (MFS) antibiotic efflux pump	acriflavine; puromycin	False	chromosome_like	1		
RM2016_batch03_global10	ERR1713346	k141_385442	k141_385442_11 # 11957 # 12988 # -1 # ID=3793_11;partial=00;start_type=ATG;rbs_motif=GGA/GAG/AGG;rbs_spacer=5-10bp;gc_cont=0.561	mdtN	3003548	Strict	99.71	100.0	nucleoside antibiotic; disinfecting agents and antiseptics	antibiotic efflux	major facilitator superfamily (MFS) antibiotic efflux pump	acriflavine; puromycin	False	chromosome_like	1		
RM2016_batch03_global10	ERR1713346	k141_321734	k141_321734_1 # 39 # 1148 # -1 # ID=3891_1;partial=01;start_type=Edge;rbs_motif=None;rbs_spacer=None;gc_cont=0.586	vanT gene in vanG cluster	3002972	Strict	34.32	51.83	glycopeptide antibiotic	antibiotic target alteration	glycopeptide resistance gene cluster; vanT	vancomycin	False	chromosome_like	1		
RM2016_batch03_global10	ERR1713346	k141_130030	k141_130030_7 # 5229 # 5642 # -1 # ID=4270_7;partial=00;start_type=ATG;rbs_motif=GGA/GAG/AGG;rbs_spacer=5-10bp;gc_cont=0.471	H-NS	3000676	Perfect	100.0	100.0	macrolide antibiotic; fluoroquinolone antibiotic; cephalosporin; cephamycin; penam; tetracycline antibiotic	antibiotic efflux	major facilitator superfamily (MFS) antibiotic efflux pump; resistance-nodulation-cell division (RND) antibiotic efflux pump	erythromycin; cloxacillin; ciprofloxacin; tetracycline; oxacillin; norfloxacin	False	chromosome_like	1		
RM2016_batch03_global10	ERR1713346	k141_449679	k141_449679_1 # 233 # 967 # 1 # ID=4456_1;partial=00;start_type=ATG;rbs_motif=AGGAG;rbs_spacer=5-10bp;gc_cont=0.265	ErmG	3000522	Strict	96.31	100.0	macrolide antibiotic; lincosamide antibiotic; streptogramin antibiotic; streptogramin A antibiotic; streptogramin B antibiotic	antibiotic target alteration	Erm 23S ribosomal RNA methyltransferase	erythromycin; roxithromycin; lincomycin; telithromycin; clarithromycin; clindamycin; tylosin; spiramycin; azithromycin; dirithromycin; pristinamycin IA; quinupristin; virginiamycin M1; madumycin II; griseoviridin; dalfopristin; pristinamycin IB; virginiamycin S2; pristinamycin IC; vernamycin C; patricin A; patricin B; ostreogrycin B3; oleandomycin	False	chromosome_like	1		
RM2016_batch03_global10	ERR1713346	k141_386000	k141_386000_7 # 7796 # 8905 # -1 # ID=4846_7;partial=00;start_type=ATG;rbs_motif=4Base/6BMM;rbs_spacer=13-15bp;gc_cont=0.596	vanG	3002909	Strict	40.0	105.73	glycopeptide antibiotic	antibiotic target alteration	glycopeptide resistance gene cluster; Van ligase	vancomycin	False	chromosome_like	1		
RM2016_batch03_global10	ERR1713346	k141_67243	k141_67243_1 # 46 # 369 # -1 # ID=5628_1;partial=00;start_type=ATG;rbs_motif=AGGAGG;rbs_spacer=5-10bp;gc_cont=0.469	qacG	3007015	Strict	49.53	100.0	disinfecting agents and antiseptics	antibiotic efflux	small multidrug resistance (SMR) antibiotic efflux pump	benzalkonium chloride	False	chromosome_like	1		
RM2016_batch03_global10	ERR1713346	k141_323316	k141_323316_2 # 226 # 1164 # 1 # ID=6496_2;partial=01;start_type=ATG;rbs_motif=3Base/5BMM;rbs_spacer=13-15bp;gc_cont=0.415	vanY gene in vanB cluster	3002956	Strict	35.1	116.79	glycopeptide antibiotic	antibiotic target alteration	vanY; glycopeptide resistance gene cluster	vancomycin	False	chromosome_like	1		
RM2016_batch03_global10	ERR1713346	k141_195075	k141_195075_20 # 20172 # 20804 # -1 # ID=6539_20;partial=00;start_type=ATG;rbs_motif=GGAG/GAGG;rbs_spacer=5-10bp;gc_cont=0.499	CRP	3000518	Strict	99.52	100.0	macrolide antibiotic; fluoroquinolone antibiotic; penam	antibiotic efflux	resistance-nodulation-cell division (RND) antibiotic efflux pump	erythromycin; cloxacillin; oxacillin; norfloxacin	False	chromosome_like	1		
RM2016_batch03_global10	ERR1713346	k141_323875	k141_323875_1 # 2 # 892 # 1 # ID=7345_1;partial=10;start_type=Edge;rbs_motif=None;rbs_spacer=None;gc_cont=0.565	aadA5	3002605	Strict	99.62	112.98	aminoglycoside antibiotic	antibiotic inactivation	ANT(3'')	spectinomycin; streptomycin	False	chromosome_like	1		
RM2016_batch03_global10	ERR1713346	k141_260318	k141_260318_2 # 1162 # 1821 # -1 # ID=7891_2;partial=00;start_type=ATG;rbs_motif=AGGAGG;rbs_spacer=5-10bp;gc_cont=0.355	catQ	3002687	Strict	99.54	100.0	phenicol antibiotic	antibiotic inactivation	chloramphenicol acetyltransferase (CAT)	azidamfenicol; chloramphenicol; thiamphenicol	False	chromosome_like	1		
RM2016_batch03_global10	ERR1713346	k141_324115	k141_324115_6 # 4047 # 5966 # -1 # ID=7893_6;partial=00;start_type=ATG;rbs_motif=GGAGG;rbs_spacer=5-10bp;gc_cont=0.531	tet(W)	3000194	Perfect	100.0	100.0	tetracycline antibiotic	antibiotic target protection	tetracycline-resistant ribosomal protection protein	tetracycline; doxycycline; minocycline; chlortetracycline; demeclocycline; oxytetracycline	True	plasmid_like		0.9932	
RM2016_batch03_global10	ERR1713346	k141_132199	k141_132199_5 # 4657 # 5904 # 1 # ID=8046_5;partial=00;start_type=TTG;rbs_motif=GGA/GAG/AGG;rbs_spacer=5-10bp;gc_cont=0.553	vanW gene in vanI cluster	3003724	Strict	33.8	111.26	glycopeptide antibiotic	antibiotic target alteration	vanW; glycopeptide resistance gene cluster	vancomycin; teicoplanin	False	chromosome_like	1		
RM2016_batch03_global10	ERR1713346	k141_452498	k141_452498_3 # 676 # 1161 # -1 # ID=8581_3;partial=00;start_type=ATG;rbs_motif=GGAG/GAGG;rbs_spacer=5-10bp;gc_cont=0.358	nimG	3007109	Strict	53.37	98.17	nitroimidazole antibiotic	antibiotic inactivation	nitroimidazole reductase	metronidazole	False	chromosome_like	1		
RM2016_batch03_global10	ERR1713346	k141_388395	k141_388395_3 # 1869 # 2981 # -1 # ID=8668_3;partial=00;start_type=GTG;rbs_motif=AGxAGG/AGGxGG;rbs_spacer=5-10bp;gc_cont=0.423	vanT gene in vanG cluster	3002972	Strict	38.42	51.97	glycopeptide antibiotic	antibiotic target alteration	glycopeptide resistance gene cluster; vanT	vancomycin	False	chromosome_like	1		
RM2016_batch03_global10	ERR1713346	k141_4910	k141_4910_18 # 18189 # 21302 # 1 # ID=8734_18;partial=00;start_type=ATG;rbs_motif=GGAG/GAGG;rbs_spacer=5-10bp;gc_cont=0.544	acrD	3000491	Perfect	100.0	100.0	aminoglycoside antibiotic	antibiotic efflux	resistance-nodulation-cell division (RND) antibiotic efflux pump		False	chromosome_like	1		
RM2016_batch03_global10	ERR1713346	k141_260756	k141_260756_30 # 37258 # 38340 # -1 # ID=8736_30;partial=00;start_type=TTG;rbs_motif=GGA/GAG/AGG;rbs_spacer=5-10bp;gc_cont=0.394	vanY gene in vanB cluster	3002956	Strict	42.39	134.33	glycopeptide antibiotic	antibiotic target alteration	vanY; glycopeptide resistance gene cluster	vancomycin	False	chromosome_like	1		
RM2016_batch03_global10	ERR1713346	k141_132667	k141_132667_1 # 178 # 678 # 1 # ID=8926_1;partial=00;start_type=ATG;rbs_motif=AGGAG;rbs_spacer=5-10bp;gc_cont=0.325	nimJ	3007112	Strict	60.76	100.61	nitroimidazole antibiotic	antibiotic inactivation	nitroimidazole reductase	metronidazole	True	plasmid_like		0.9943	
RM2016_batch03_global10	ERR1713346	k141_69803	k141_69803_2 # 264 # 1379 # -1 # ID=9449_2;partial=01;start_type=Edge;rbs_motif=None;rbs_spacer=None;gc_cont=0.460	vanW gene in vanI cluster	3003724	Strict	34.62	99.46	glycopeptide antibiotic	antibiotic target alteration	vanW; glycopeptide resistance gene cluster	vancomycin; teicoplanin	False	chromosome_like	1		
RM2016_batch03_global10	ERR1713346	k141_196731	k141_196731_9 # 5343 # 6500 # 1 # ID=9583_9;partial=00;start_type=ATG;rbs_motif=GGA/GAG/AGG;rbs_spacer=5-10bp;gc_cont=0.545	mdtE	3000795	Perfect	100.0	100.0	macrolide antibiotic; fluoroquinolone antibiotic; penam	antibiotic efflux	resistance-nodulation-cell division (RND) antibiotic efflux pump	erythromycin; cloxacillin; oxacillin; norfloxacin	False	chromosome_like	1		
RM2016_batch03_global10	ERR1713346	k141_196731	k141_196731_10 # 6525 # 9638 # 1 # ID=9583_10;partial=00;start_type=ATG;rbs_motif=GGA/GAG/AGG;rbs_spacer=5-10bp;gc_cont=0.531	mdtF	3000796	Strict	99.81	100.0	macrolide antibiotic; fluoroquinolone antibiotic; penam	antibiotic efflux	resistance-nodulation-cell division (RND) antibiotic efflux pump	erythromycin; cloxacillin; oxacillin; norfloxacin	False	chromosome_like	1		
RM2016_batch03_global10	ERR1713346	k141_133235	k141_133235_2 # 259 # 1254 # 1 # ID=9835_2;partial=00;start_type=ATG;rbs_motif=TATAA;rbs_spacer=3bp;gc_cont=0.358	CfxA6	3003097	Strict	99.4	100.0	cephamycin	antibiotic inactivation	CfxA beta-lactamase		False	chromosome_like	1		
RM2016_batch03_global10	ERR1713346	k141_261540	k141_261540_2 # 535 # 1149 # 1 # ID=9973_2;partial=01;start_type=ATG;rbs_motif=TAA;rbs_spacer=7bp;gc_cont=0.374	vanY gene in vanB cluster	3002956	Strict	37.97	76.49	glycopeptide antibiotic	antibiotic target alteration	vanY; glycopeptide resistance gene cluster	vancomycin	False	chromosome_like	1		
RM2016_batch03_global10	ERR1713346	k141_325435	k141_325435_10 # 6339 # 7364 # 1 # ID=10119_10;partial=00;start_type=ATG;rbs_motif=None;rbs_spacer=None;gc_cont=0.601	vanT gene in vanG cluster	3002972	Strict	35.48	47.89	glycopeptide antibiotic	antibiotic target alteration	glycopeptide resistance gene cluster; vanT	vancomycin	False	chromosome_like	1		
RM2016_batch03_global10	ERR1713346	k141_390151	k141_390151_1 # 251 # 1135 # -1 # ID=11178_1;partial=00;start_type=ATG;rbs_motif=AAAAA;rbs_spacer=11bp;gc_cont=0.367	mphG	3003742	Strict	99.32	100.0	macrolide antibiotic	antibiotic inactivation	macrolide phosphotransferase (MPH)	erythromycin; clarithromycin; azithromycin	False	chromosome_like	1		
RM2016_batch03_global10	ERR1713346	k141_454155	k141_454155_14 # 13494 # 15149 # 1 # ID=11191_14;partial=00;start_type=ATG;rbs_motif=AGGA;rbs_spacer=5-10bp;gc_cont=0.536	vanW gene in vanI cluster	3003724	Strict	31.11	147.72	glycopeptide antibiotic	antibiotic target alteration	vanW; glycopeptide resistance gene cluster	vancomycin; teicoplanin	False	chromosome_like	1		
RM2016_batch03_global10	ERR1713346	k141_134233	k141_134233_2 # 173 # 1690 # 1 # ID=11381_2;partial=00;start_type=ATG;rbs_motif=GGAG/GAGG;rbs_spacer=5-10bp;gc_cont=0.486	vanW gene in vanI cluster	3003724	Strict	31.29	135.39	glycopeptide antibiotic	antibiotic target alteration	vanW; glycopeptide resistance gene cluster	vancomycin; teicoplanin	False	chromosome_like	1		
RM2016_batch03_global10	ERR1713346	k141_71644	k141_71644_5 # 4053 # 5450 # 1 # ID=12313_5;partial=00;start_type=ATG;rbs_motif=GGA/GAG/AGG;rbs_spacer=5-10bp;gc_cont=0.450	vanW gene in vanI cluster	3003724	Strict	27.41	124.66	glycopeptide antibiotic	antibiotic target alteration	vanW; glycopeptide resistance gene cluster	vancomycin; teicoplanin	False	chromosome_like	1		
RM2016_batch03_global10	ERR1713346	k141_455595	k141_455595_3 # 842 # 1894 # -1 # ID=13525_3;partial=00;start_type=ATG;rbs_motif=GGA/GAG/AGG;rbs_spacer=5-10bp;gc_cont=0.572	vanG	3002909	Strict	54.07	100.29	glycopeptide antibiotic	antibiotic target alteration	glycopeptide resistance gene cluster; Van ligase	vancomycin	False	chromosome_like	1		
RM2016_batch03_global10	ERR1713346	k141_72790	k141_72790_5 # 3603 # 4097 # -1 # ID=14230_5;partial=00;start_type=ATG;rbs_motif=GGAGG;rbs_spacer=5-10bp;gc_cont=0.325	dfrF	3002867	Perfect	100.0	100.0	diaminopyrimidine antibiotic	antibiotic target replacement	trimethoprim resistant dihydrofolate reductase dfr	trimethoprim	False	chromosome_like	1		
RM2016_batch03_global10	ERR1713346	k141_8360	k141_8360_5 # 3767 # 4906 # 1 # ID=14533_5;partial=00;start_type=TTG;rbs_motif=GGAG/GAGG;rbs_spacer=5-10bp;gc_cont=0.666	vanT gene in vanG cluster	3002972	Strict	35.58	53.23	glycopeptide antibiotic	antibiotic target alteration	glycopeptide resistance gene cluster; vanT	vancomycin	False	chromosome_like	1		
RM2016_batch03_global10	ERR1713346	k141_73401	k141_73401_2 # 311 # 1324 # 1 # ID=15190_2;partial=00;start_type=ATG;rbs_motif=TAA;rbs_spacer=11bp;gc_cont=0.438	vanY gene in vanA cluster	3002955	Strict	44.44	111.22	glycopeptide antibiotic	antibiotic target alteration	vanY; glycopeptide resistance gene cluster	vancomycin; teicoplanin	False	chromosome_like	1		
RM2016_batch03_global10	ERR1713346	k141_136587	k141_136587_2 # 1515 # 2762 # -1 # ID=15473_2;partial=00;start_type=ATG;rbs_motif=GGA/GAG/AGG;rbs_spacer=11-12bp;gc_cont=0.550	mdtA	3000792	Strict	99.52	100.0	aminocoumarin antibiotic	antibiotic efflux	resistance-nodulation-cell division (RND) antibiotic efflux pump	novobiocin	True	plasmid_like		0.7569	
RM2016_batch03_global10	ERR1713346	k141_136898	k141_136898_9 # 6753 # 7532 # 1 # ID=15920_9;partial=01;start_type=ATG;rbs_motif=GGA/GAG/AGG;rbs_spacer=5-10bp;gc_cont=0.528	bacA	3002986	Strict	99.62	95.24	peptide antibiotic	antibiotic target alteration	undecaprenyl pyrophosphate related proteins	bacitracin; bacitracin A; bacitracin B; bacitracin F	False	chromosome_like	1		
RM2016_batch03_global10	ERR1713346	k141_458330	k141_458330_10 # 7961 # 8623 # -1 # ID=17817_10;partial=00;start_type=ATG;rbs_motif=None;rbs_spacer=None;gc_cont=0.442	AcrS	3000656	Perfect	100.0	100.0	fluoroquinolone antibiotic; cephalosporin; glycylcycline; cephamycin; penam; tetracycline antibiotic; rifamycin antibiotic; phenicol antibiotic; disinfecting agents and antiseptics	antibiotic efflux	resistance-nodulation-cell division (RND) antibiotic efflux pump	tigecycline; ciprofloxacin; tetracycline; rifampin; chloramphenicol; ampicillin; cefalotin; triclosan	False	chromosome_like	1		
RM2016_batch03_global10	ERR1713346	k141_458330	k141_458330_11 # 9022 # 10179 # 1 # ID=17817_11;partial=00;start_type=ATG;rbs_motif=GGAG/GAGG;rbs_spacer=5-10bp;gc_cont=0.525	AcrE	3000499	Perfect	100.0	100.0	fluoroquinolone antibiotic; cephalosporin; cephamycin; penam	antibiotic efflux	resistance-nodulation-cell division (RND) antibiotic efflux pump	ciprofloxacin	False	chromosome_like	1		
RM2016_batch03_global10	ERR1713346	k141_458330	k141_458330_12 # 10191 # 13295 # 1 # ID=17817_12;partial=00;start_type=ATG;rbs_motif=GGA/GAG/AGG;rbs_spacer=5-10bp;gc_cont=0.513	AcrF	3000502	Strict	99.81	100.0	fluoroquinolone antibiotic; cephalosporin; cephamycin; penam	antibiotic efflux	resistance-nodulation-cell division (RND) antibiotic efflux pump	ciprofloxacin	False	chromosome_like	1		
RM2016_batch03_global10	ERR1713346	k141_331308	k141_331308_1 # 1 # 468 # 1 # ID=19691_1;partial=10;start_type=Edge;rbs_motif=None;rbs_spacer=None;gc_cont=0.528	tet(W/N/W)	3004442	Strict	94.81	24.26	tetracycline antibiotic	antibiotic target protection	tetracycline-resistant ribosomal protection protein	tetracycline; minocycline; chlortetracycline	False	chromosome_like	1		
RM2016_batch03_global10	ERR1713346	k141_459479	k141_459479_1 # 22 # 396 # 1 # ID=19894_1;partial=00;start_type=ATG;rbs_motif=GGAG/GAGG;rbs_spacer=5-10bp;gc_cont=0.515	marA	3000263	Strict	92.74	97.64	fluoroquinolone antibiotic; monobactam; carbapenem; cephalosporin; glycylcycline; cephamycin; penam; tetracycline antibiotic; rifamycin antibiotic; phenicol antibiotic; penem; disinfecting agents and antiseptics	antibiotic efflux; reduced permeability to antibiotic	resistance-nodulation-cell division (RND) antibiotic efflux pump; General Bacterial Porin with reduced permeability to beta-lactams	tigecycline; tetracycline; rifampin; chloramphenicol; ampicillin; cefalotin; triclosan	False	chromosome_like	1		
RM2016_batch03_global10	ERR1713346	k141_460013	k141_460013_2 # 557 # 1378 # -1 # ID=20672_2;partial=00;start_type=ATG;rbs_motif=AGGA;rbs_spacer=5-10bp;gc_cont=0.502	linG	3002879	Strict	90.11	100.0	lincosamide antibiotic	antibiotic inactivation	lincosamide nucleotidyltransferase (LNU)	lincomycin	False	chromosome_like	1		
RM2016_batch03_global10	ERR1713346	k141_460299	k141_460299_2 # 201 # 971 # 1 # ID=21061_2;partial=00;start_type=ATG;rbs_motif=TAAA;rbs_spacer=9bp;gc_cont=0.336	LnuH	3004600	Strict	83.2	98.46	lincosamide antibiotic	antibiotic inactivation	lincosamide nucleotidyltransferase (LNU)		False	chromosome_like	1		
RM2016_batch03_global10	ERR1713346	k141_140380	k141_140380_2 # 1384 # 2016 # -1 # ID=22116_2;partial=00;start_type=ATG;rbs_motif=GGAG/GAGG;rbs_spacer=5-10bp;gc_cont=0.521	CRP	3000518	Strict	99.05	100.0	macrolide antibiotic; fluoroquinolone antibiotic; penam	antibiotic efflux	resistance-nodulation-cell division (RND) antibiotic efflux pump	erythromycin; cloxacillin; oxacillin; norfloxacin	False	chromosome_like	1		
RM2016_batch03_global10	ERR1713346	k141_460894	k141_460894_6 # 6666 # 8375 # 1 # ID=22193_6;partial=00;start_type=GTG;rbs_motif=None;rbs_spacer=None;gc_cont=0.576	vanW gene in vanI cluster	3003724	Strict	36.49	152.55	glycopeptide antibiotic	antibiotic target alteration	vanW; glycopeptide resistance gene cluster	vancomycin; teicoplanin	False	chromosome_like	1		
RM2016_batch03_global10	ERR1713346	k141_397412	k141_397412_1 # 2 # 589 # 1 # ID=22269_1;partial=10;start_type=Edge;rbs_motif=None;rbs_spacer=None;gc_cont=0.367	vanY gene in vanB cluster	3002956	Strict	34.41	72.76	glycopeptide antibiotic	antibiotic target alteration	vanY; glycopeptide resistance gene cluster	vancomycin	False	chromosome_like	1		
RM2016_batch03_global10	ERR1713346	k141_397969	k141_397969_1 # 2 # 832 # -1 # ID=23109_1;partial=10;start_type=ATG;rbs_motif=AGGAG;rbs_spacer=5-10bp;gc_cont=0.549	vanW gene in vanI cluster	3003724	Strict	25.74	74.26	glycopeptide antibiotic	antibiotic target alteration	vanW; glycopeptide resistance gene cluster	vancomycin; teicoplanin	False	chromosome_like	1		
RM2016_batch03_global10	ERR1713346	k141_398150	k141_398150_1 # 3 # 1178 # 1 # ID=23345_1;partial=11;start_type=Edge;rbs_motif=None;rbs_spacer=None;gc_cont=0.357	tet(S)	3000192	Strict	49.2	61.15	tetracycline antibiotic	antibiotic target protection	tetracycline-resistant ribosomal protection protein	tetracycline; doxycycline; minocycline; chlortetracycline; demeclocycline; oxytetracycline	False	chromosome_like	1		
RM2016_batch03_global10	ERR1713346	k141_270249	k141_270249_2 # 648 # 992 # 1 # ID=23730_2;partial=00;start_type=ATG;rbs_motif=GGAG/GAGG;rbs_spacer=5-10bp;gc_cont=0.562	qacG	3007015	Strict	39.62	106.54	disinfecting agents and antiseptics	antibiotic efflux	small multidrug resistance (SMR) antibiotic efflux pump	benzalkonium chloride	False	chromosome_like	1		
RM2016_batch03_global10	ERR1713346	k141_205085	k141_205085_1 # 2 # 1870 # 1 # ID=23829_1;partial=10;start_type=Edge;rbs_motif=None;rbs_spacer=None;gc_cont=0.403	tet(Q)	3000191	Strict	97.91	94.67	tetracycline antibiotic	antibiotic target protection	tetracycline-resistant ribosomal protection protein	tetracycline; doxycycline; minocycline; chlortetracycline; demeclocycline; oxytetracycline	False	chromosome_like	1		
RM2016_batch03_global10	ERR1713346	k141_205177	k141_205177_3 # 1351 # 2334 # 1 # ID=23967_3;partial=00;start_type=ATG;rbs_motif=AGxAGG/AGGxGG;rbs_spacer=5-10bp;gc_cont=0.439	vanH gene in vanO cluster	3002948	Strict	41.48	93.43	glycopeptide antibiotic	antibiotic target alteration	vanH; glycopeptide resistance gene cluster	vancomycin	False	chromosome_like	1		
RM2016_batch03_global10	ERR1713346	k141_334173	k141_334173_2 # 132 # 1247 # 1 # ID=24294_2;partial=00;start_type=ATG;rbs_motif=AGGAGG;rbs_spacer=5-10bp;gc_cont=0.528	vanT gene in vanG cluster	3002972	Strict	35.89	52.11	glycopeptide antibiotic	antibiotic target alteration	glycopeptide resistance gene cluster; vanT	vancomycin	False	chromosome_like	1		
RM2016_batch03_global10	ERR1713346	k141_80196	k141_80196_2 # 199 # 1374 # -1 # ID=25809_2;partial=00;start_type=ATG;rbs_motif=GGA/GAG/AGG;rbs_spacer=5-10bp;gc_cont=0.597	oqxA	3003922	Strict	99.23	100.0	fluoroquinolone antibiotic; glycylcycline; tetracycline antibiotic; diaminopyrimidine antibiotic; nitrofuran antibiotic	antibiotic efflux	resistance-nodulation-cell division (RND) antibiotic efflux pump	tigecycline; ciprofloxacin; nitrofurantoin; trimethoprim	False	chromosome_like	1		
RM2016_batch03_global10	ERR1713346	k141_206674	k141_206674_2 # 274 # 678 # -1 # ID=26249_2;partial=00;start_type=ATG;rbs_motif=GGxGG;rbs_spacer=3-4bp;gc_cont=0.528	qacG	3007015	Strict	38.46	125.23	disinfecting agents and antiseptics	antibiotic efflux	small multidrug resistance (SMR) antibiotic efflux pump	benzalkonium chloride	False	chromosome_like	1		
RM2016_batch03_global10	ERR1713346	k141_206682	k141_206682_2 # 274 # 618 # -1 # ID=26261_2;partial=00;start_type=ATG;rbs_motif=GGAG/GAGG;rbs_spacer=5-10bp;gc_cont=0.533	qacG	3007015	Strict	37.5	106.54	disinfecting agents and antiseptics	antibiotic efflux	small multidrug resistance (SMR) antibiotic efflux pump	benzalkonium chloride	False	chromosome_like	1		
RM2016_batch03_global10	ERR1713346	k141_15088	k141_15088_3 # 1697 # 2380 # -1 # ID=26477_3;partial=00;start_type=TTG;rbs_motif=GGxGG;rbs_spacer=5-10bp;gc_cont=0.487	vanX gene in vanA cluster	3002949	Strict	49.5	112.38	glycopeptide antibiotic	antibiotic target alteration	vanX; glycopeptide resistance gene cluster	vancomycin; teicoplanin	False	chromosome_like	1		
RM2016_batch03_global10	ERR1713346	k141_15128	k141_15128_8 # 6442 # 7488 # -1 # ID=26575_8;partial=00;start_type=ATG;rbs_motif=AAAA;rbs_spacer=13bp;gc_cont=0.457	vanH gene in vanO cluster	3002948	Strict	44.9	99.43	glycopeptide antibiotic	antibiotic target alteration	vanH; glycopeptide resistance gene cluster	vancomycin	False	chromosome_like	1		
RM2016_batch03_global10	ERR1713346	k141_143598	k141_143598_4 # 1329 # 2150 # 1 # ID=27805_4;partial=00;start_type=ATG;rbs_motif=AGGA;rbs_spacer=5-10bp;gc_cont=0.507	lnuF	3002839	Strict	99.63	100.0	lincosamide antibiotic	antibiotic inactivation	lincosamide nucleotidyltransferase (LNU)	lincomycin; clindamycin	False	chromosome_like	1		
RM2016_batch03_global10	ERR1713346	k141_464544	k141_464544_3 # 1198 # 2292 # 1 # ID=27984_3;partial=00;start_type=ATG;rbs_motif=GGA/GAG/AGG;rbs_spacer=5-10bp;gc_cont=0.511	vanG	3002909	Strict	38.23	104.3	glycopeptide antibiotic	antibiotic target alteration	glycopeptide resistance gene cluster; Van ligase	vancomycin	False	chromosome_like	1		
RM2016_batch03_global10	ERR1713346	k141_207901	k141_207901_2 # 537 # 1043 # -1 # ID=28266_2;partial=01;start_type=Edge;rbs_motif=None;rbs_spacer=None;gc_cont=0.379	vanW gene in vanI cluster	3003724	Strict	51.43	45.04	glycopeptide antibiotic	antibiotic target alteration	vanW; glycopeptide resistance gene cluster	vancomycin; teicoplanin	False	chromosome_like	1		
RM2016_batch03_global10	ERR1713346	k141_336952	k141_336952_5 # 3275 # 4057 # 1 # ID=28681_5;partial=00;start_type=ATG;rbs_motif=AGxAGG/AGGxGG;rbs_spacer=5-10bp;gc_cont=0.548	vanY gene in vanG cluster	3002959	Strict	36.29	93.19	glycopeptide antibiotic	antibiotic target alteration	vanY; glycopeptide resistance gene cluster	vancomycin	False	chromosome_like	1		
RM2016_batch03_global10	ERR1713346	k141_338177	k141_338177_1 # 3 # 1472 # 1 # ID=30464_1;partial=10;start_type=Edge;rbs_motif=None;rbs_spacer=None;gc_cont=0.467	vanT gene in vanG cluster	3002972	Strict	34.69	68.68	glycopeptide antibiotic	antibiotic target alteration	glycopeptide resistance gene cluster; vanT	vancomycin	False	chromosome_like	1		
RM2016_batch03_global10	ERR1713346	k141_275038	k141_275038_1 # 2 # 817 # 1 # ID=30959_1;partial=10;start_type=Edge;rbs_motif=None;rbs_spacer=None;gc_cont=0.424	vanY gene in vanB cluster	3002956	Strict	39.5	101.12	glycopeptide antibiotic	antibiotic target alteration	vanY; glycopeptide resistance gene cluster	vancomycin	False	chromosome_like	1		
RM2016_batch03_global10	ERR1713346	k141_83646	k141_83646_10 # 7717 # 8829 # -1 # ID=31056_10;partial=00;start_type=TTG;rbs_motif=GGAG/GAGG;rbs_spacer=5-10bp;gc_cont=0.610	vanT gene in vanG cluster	3002972	Strict	34.07	51.97	glycopeptide antibiotic	antibiotic target alteration	glycopeptide resistance gene cluster; vanT	vancomycin	False	chromosome_like	1		
RM2016_batch03_global10	ERR1713346	k141_275242	k141_275242_2 # 1643 # 3577 # -1 # ID=31260_2;partial=00;start_type=TTG;rbs_motif=AGGAGG;rbs_spacer=5-10bp;gc_cont=0.396	tet(Q)	3000191	Strict	47.43	98.02	tetracycline antibiotic	antibiotic target protection	tetracycline-resistant ribosomal protection protein	tetracycline; doxycycline; minocycline; chlortetracycline; demeclocycline; oxytetracycline	False	chromosome_like	1		
RM2016_batch03_global10	ERR1713346	k141_145757	k141_145757_22 # 19725 # 21380 # 1 # ID=31854_22;partial=00;start_type=ATG;rbs_motif=AGGA;rbs_spacer=5-10bp;gc_cont=0.531	vanW gene in vanI cluster	3003724	Strict	32.73	147.72	glycopeptide antibiotic	antibiotic target alteration	vanW; glycopeptide resistance gene cluster	vancomycin; teicoplanin	False	chromosome_like	1		
RM2016_batch03_global10	ERR1713346	k141_210218	k141_210218_1 # 182 # 1402 # 1 # ID=31997_1;partial=00;start_type=ATG;rbs_motif=AGGAGG;rbs_spacer=5-10bp;gc_cont=0.563	tet(40)	3000567	Strict	98.77	100.0	tetracycline antibiotic	antibiotic efflux	major facilitator superfamily (MFS) antibiotic efflux pump	tetracycline	False	chromosome_like	1		
RM2016_batch03_global10	ERR1713346	k141_339325	k141_339325_22 # 24073 # 25266 # 1 # ID=32257_22;partial=00;start_type=ATG;rbs_motif=GGAG/GAGG;rbs_spacer=5-10bp;gc_cont=0.539	Escherichia coli acrA	3004043	Perfect	100.0	100.0	fluoroquinolone antibiotic; cephalosporin; glycylcycline; penam; tetracycline antibiotic; rifamycin antibiotic; phenicol antibiotic; disinfecting agents and antiseptics	antibiotic efflux	resistance-nodulation-cell division (RND) antibiotic efflux pump	tigecycline; tetracycline; rifampin; chloramphenicol; ampicillin; cefalotin; triclosan	False	chromosome_like	1		
RM2016_batch03_global10	ERR1713346	k141_339325	k141_339325_23 # 25289 # 28438 # 1 # ID=32257_23;partial=00;start_type=ATG;rbs_motif=AGGAG;rbs_spacer=5-10bp;gc_cont=0.537	acrB	3000216	Perfect	100.0	100.0	fluoroquinolone antibiotic; cephalosporin; glycylcycline; penam; tetracycline antibiotic; rifamycin antibiotic; phenicol antibiotic; disinfecting agents and antiseptics	antibiotic efflux	resistance-nodulation-cell division (RND) antibiotic efflux pump	tigecycline; tetracycline; rifampin; chloramphenicol; ampicillin; cefalotin; triclosan	False	chromosome_like	1		
RM2016_batch03_global10	ERR1713346	k141_210765	k141_210765_2 # 193 # 522 # 1 # ID=32797_2;partial=00;start_type=ATG;rbs_motif=AGGA/GGAG/GAGG;rbs_spacer=11-12bp;gc_cont=0.394	qacJ	3007014	Strict	36.79	101.87	disinfecting agents and antiseptics	antibiotic efflux	small multidrug resistance (SMR) antibiotic efflux pump	benzalkonium chloride	False	chromosome_like	1		
RM2016_batch03_global10	ERR1713346	k141_404516	k141_404516_24 # 20056 # 21288 # -1 # ID=32903_24;partial=00;start_type=ATG;rbs_motif=None;rbs_spacer=None;gc_cont=0.524	Escherichia coli mdfA	3001328	Strict	96.59	100.0	tetracycline antibiotic; disinfecting agents and antiseptics	antibiotic efflux	major facilitator superfamily (MFS) antibiotic efflux pump	tetracycline; benzalkonium chloride	False	chromosome_like	1		
RM2016_batch03_global10	ERR1713346	k141_339774	k141_339774_20 # 16620 # 17828 # 1 # ID=32965_20;partial=00;start_type=ATG;rbs_motif=GGAGG;rbs_spacer=3-4bp;gc_cont=0.554	mdtH	3001216	Perfect	100.0	100.0	fluoroquinolone antibiotic	antibiotic efflux	major facilitator superfamily (MFS) antibiotic efflux pump	enoxacin; norfloxacin	False	chromosome_like	1		
RM2016_batch03_global10	ERR1713346	k141_339774	k141_339774_32 # 26459 # 27685 # 1 # ID=32965_32;partial=00;start_type=ATG;rbs_motif=GGA/GAG/AGG;rbs_spacer=5-10bp;gc_cont=0.525	mdtG	3001329	Perfect	100.0	100.0	phosphonic acid antibiotic	antibiotic efflux	major facilitator superfamily (MFS) antibiotic efflux pump	fosfomycin	False	chromosome_like	1		
RM2016_batch03_global10	ERR1713346	k141_146644	k141_146644_6 # 4147 # 4902 # 1 # ID=33351_6;partial=00;start_type=ATG;rbs_motif=GGAG/GAGG;rbs_spacer=5-10bp;gc_cont=0.569	vanY gene in vanB cluster	3002956	Strict	37.97	93.66	glycopeptide antibiotic	antibiotic target alteration	vanY; glycopeptide resistance gene cluster	vancomycin	False	chromosome_like	1		
RM2016_batch03_global10	ERR1713346	k141_468161	k141_468161_11 # 11926 # 13047 # 1 # ID=34098_11;partial=00;start_type=ATG;rbs_motif=None;rbs_spacer=None;gc_cont=0.452	vanW gene in vanI cluster	3003724	Strict	31.19	100.0	glycopeptide antibiotic	antibiotic target alteration	vanW; glycopeptide resistance gene cluster	vancomycin; teicoplanin	False	chromosome_like	1		
RM2016_batch03_global10	ERR1713346	k141_406549	k141_406549_2 # 260 # 1120 # -1 # ID=35748_2;partial=01;start_type=Edge;rbs_motif=None;rbs_spacer=None;gc_cont=0.420	vanY gene in vanB cluster	3002956	Strict	34.62	106.72	glycopeptide antibiotic	antibiotic target alteration	vanY; glycopeptide resistance gene cluster	vancomycin	False	chromosome_like	1		
RM2016_batch03_global10	ERR1713346	k141_278779	k141_278779_6 # 3485 # 4207 # -1 # ID=36817_6;partial=00;start_type=ATG;rbs_motif=GGA/GAG/AGG;rbs_spacer=5-10bp;gc_cont=0.541	baeR	3000828	Strict	99.17	100.0	aminoglycoside antibiotic; aminocoumarin antibiotic	antibiotic efflux	resistance-nodulation-cell division (RND) antibiotic efflux pump	novobiocin	True	plasmid_like		0.9779	
RM2016_batch03_global10	ERR1713346	k141_278779	k141_278779_7 # 4204 # 5607 # -1 # ID=36817_7;partial=00;start_type=ATG;rbs_motif=AGGAG;rbs_spacer=5-10bp;gc_cont=0.538	baeS	3000829	Perfect	100.0	100.0	aminoglycoside antibiotic; aminocoumarin antibiotic	antibiotic efflux	resistance-nodulation-cell division (RND) antibiotic efflux pump	novobiocin	True	plasmid_like		0.9779	
RM2016_batch03_global10	ERR1713346	k141_470274	k141_470274_4 # 1799 # 2719 # -1 # ID=37187_4;partial=01;start_type=Edge;rbs_motif=None;rbs_spacer=None;gc_cont=0.566	vanW gene in vanI cluster	3003724	Strict	45.83	82.04	glycopeptide antibiotic	antibiotic target alteration	vanW; glycopeptide resistance gene cluster	vancomycin; teicoplanin	False	chromosome_like	1		
RM2016_batch03_global10	ERR1713346	k141_279034	k141_279034_2 # 482 # 667 # 1 # ID=37199_2;partial=00;start_type=ATG;rbs_motif=AGGAG;rbs_spacer=5-10bp;gc_cont=0.478	rsmA	3005069	Strict	85.25	100.0	fluoroquinolone antibiotic; diaminopyrimidine antibiotic; phenicol antibiotic	antibiotic efflux	resistance-nodulation-cell division (RND) antibiotic efflux pump	trimethoprim; chloramphenicol	False	chromosome_like	1		
RM2016_batch03_global10	ERR1713346	k141_21146	k141_21146_24 # 28535 # 30178 # 1 # ID=37434_24;partial=00;start_type=ATG;rbs_motif=GGA/GAG/AGG;rbs_spacer=5-10bp;gc_cont=0.494	eptA	3003576	Strict	99.63	100.0	peptide antibiotic	antibiotic target alteration	pmr phosphoethanolamine transferase	polymyxin B	True	plasmid_like		0.9848	
RM2016_batch03_global10	ERR1713346	k141_408743	k141_408743_1 # 2 # 325 # 1 # ID=38809_1;partial=10;start_type=Edge;rbs_motif=None;rbs_spacer=None;gc_cont=0.485	qacG	3007015	Strict	45.19	100.0	disinfecting agents and antiseptics	antibiotic efflux	small multidrug resistance (SMR) antibiotic efflux pump	benzalkonium chloride	False	chromosome_like	1		
RM2016_batch03_global10	ERR1713346	k141_280877	k141_280877_3 # 984 # 2102 # 1 # ID=40012_3;partial=00;start_type=GTG;rbs_motif=GGAGG;rbs_spacer=5-10bp;gc_cont=0.597	vanT gene in vanG cluster	3002972	Strict	33.61	52.25	glycopeptide antibiotic	antibiotic target alteration	glycopeptide resistance gene cluster; vanT	vancomycin	False	chromosome_like	1		
RM2016_batch03_global10	ERR1713346	k141_23272	k141_23272_22 # 23081 # 24637 # 1 # ID=41230_22;partial=00;start_type=ATG;rbs_motif=None;rbs_spacer=None;gc_cont=0.450	vanW gene in vanI cluster	3003724	Strict	31.12	138.87	glycopeptide antibiotic	antibiotic target alteration	vanW; glycopeptide resistance gene cluster	vancomycin; teicoplanin	False	chromosome_like	1		
RM2016_batch03_global10	ERR1713346	k141_410644	k141_410644_5 # 2228 # 2737 # 1 # ID=41400_5;partial=00;start_type=ATG;rbs_motif=GGAG/GAGG;rbs_spacer=5-10bp;gc_cont=0.459	nimG	3007109	Strict	56.71	103.05	nitroimidazole antibiotic	antibiotic inactivation	nitroimidazole reductase	metronidazole	False	chromosome_like	1		
RM2016_batch03_global10	ERR1713346	k141_473256	k141_473256_1 # 3 # 641 # 1 # ID=41598_1;partial=10;start_type=Edge;rbs_motif=None;rbs_spacer=None;gc_cont=0.574	vanT gene in vanG cluster	3002972	Strict	49.03	29.78	glycopeptide antibiotic	antibiotic target alteration	glycopeptide resistance gene cluster; vanT	vancomycin	False	chromosome_like	1		
RM2016_batch03_global10	ERR1713346	k141_410798	k141_410798_2 # 1169 # 1663 # -1 # ID=41665_2;partial=00;start_type=ATG;rbs_motif=GGAG/GAGG;rbs_spacer=5-10bp;gc_cont=0.339	nimJ	3007112	Strict	52.15	99.39	nitroimidazole antibiotic	antibiotic inactivation	nitroimidazole reductase	metronidazole	False	chromosome_like	1		
RM2016_batch03_global10	ERR1713346	k141_282505	k141_282505_2 # 1214 # 2446 # -1 # ID=42812_2;partial=00;start_type=ATG;rbs_motif=AGGAG;rbs_spacer=5-10bp;gc_cont=0.550	mdtM	3001214	Strict	97.8	100.0	fluoroquinolone antibiotic; lincosamide antibiotic; nucleoside antibiotic; phenicol antibiotic; disinfecting agents and antiseptics	antibiotic efflux	major facilitator superfamily (MFS) antibiotic efflux pump	acriflavine; lincomycin; puromycin; chloramphenicol; norfloxacin	False	chromosome_like	1		
RM2016_batch03_global10	ERR1713346	k141_153172	k141_153172_5 # 7316 # 8479 # 1 # ID=44249_5;partial=00;start_type=ATG;rbs_motif=GGAG/GAGG;rbs_spacer=5-10bp;gc_cont=0.533	vanW gene in vanI cluster	3003724	Strict	39.01	103.75	glycopeptide antibiotic	antibiotic target alteration	vanW; glycopeptide resistance gene cluster	vancomycin; teicoplanin	False	chromosome_like	1		
RM2016_batch03_global10	ERR1713346	k141_25411	k141_25411_2 # 1253 # 2551 # -1 # ID=44942_2;partial=00;start_type=TTG;rbs_motif=GGAG/GAGG;rbs_spacer=5-10bp;gc_cont=0.528	vanW gene in vanI cluster	3003724	Strict	29.41	115.82	glycopeptide antibiotic	antibiotic target alteration	vanW; glycopeptide resistance gene cluster	vancomycin; teicoplanin	False	chromosome_like	1		
RM2016_batch03_global10	ERR1713346	k141_284435	k141_284435_4 # 1143 # 2795 # -1 # ID=45507_4;partial=00;start_type=ATG;rbs_motif=None;rbs_spacer=None;gc_cont=0.511	ArnT	3005053	Strict	63.88	99.82	peptide antibiotic	antibiotic target alteration	pmr phosphoethanolamine transferase	colistin A; colistin B	False	chromosome_like	1		
RM2016_batch03_global10	ERR1713346	k141_284435	k141_284435_7 # 5664 # 6632 # -1 # ID=45507_7;partial=00;start_type=ATG;rbs_motif=AGGA;rbs_spacer=5-10bp;gc_cont=0.502	PmrF	3003578	Perfect	100.0	100.0	peptide antibiotic	antibiotic target alteration	pmr phosphoethanolamine transferase	polymyxin B	False	chromosome_like	1		
RM2016_batch03_global10	ERR1713346	k141_154501	k141_154501_8 # 7323 # 8681 # 1 # ID=46508_8;partial=00;start_type=ATG;rbs_motif=GGAG/GAGG;rbs_spacer=5-10bp;gc_cont=0.500	vanW gene in vanI cluster	3003724	Strict	31.25	121.18	glycopeptide antibiotic	antibiotic target alteration	vanW; glycopeptide resistance gene cluster	vancomycin; teicoplanin	False	chromosome_like	1		
RM2016_batch03_global10	ERR1713346	k141_285677	k141_285677_4 # 3503 # 5206 # -1 # ID=47252_4;partial=00;start_type=ATG;rbs_motif=AGGAGG;rbs_spacer=5-10bp;gc_cont=0.560	vanW gene in vanI cluster	3003724	Strict	29.73	152.01	glycopeptide antibiotic	antibiotic target alteration	vanW; glycopeptide resistance gene cluster	vancomycin; teicoplanin	False	chromosome_like	1		
RM2016_batch03_global10	ERR1713346	k141_477214	k141_477214_3 # 1370 # 2854 # -1 # ID=47493_3;partial=00;start_type=ATG;rbs_motif=GGAGG;rbs_spacer=5-10bp;gc_cont=0.319	lsaE	3003206	Strict	98.99	100.0	lincosamide antibiotic; streptogramin antibiotic; pleuromutilin antibiotic	antibiotic target protection	lsa-type ABC-F protein	lincomycin; pleuromutilin	False	chromosome_like	1		
RM2016_batch03_global10	ERR1713346	k141_156256	k141_156256_4 # 2723 # 3838 # -1 # ID=49565_4;partial=00;start_type=ATG;rbs_motif=AGGAGG;rbs_spacer=5-10bp;gc_cont=0.587	vanT gene in vanG cluster	3002972	Strict	34.33	52.11	glycopeptide antibiotic	antibiotic target alteration	glycopeptide resistance gene cluster; vanT	vancomycin	False	chromosome_like	1		
RM2016_batch03_global10	ERR1713346	k141_221191	k141_221191_2 # 525 # 1745 # -1 # ID=49725_2;partial=00;start_type=ATG;rbs_motif=GGA/GAG/AGG;rbs_spacer=5-10bp;gc_cont=0.498	EreA	3000361	Strict	98.77	100.0	macrolide antibiotic	antibiotic inactivation	macrolide esterase	erythromycin; roxithromycin; clarithromycin	False	chromosome_like	1		
RM2016_batch03_global10	ERR1713346	k141_416964	k141_416964_4 # 1988 # 3487 # 1 # ID=50711_4;partial=01;start_type=ATG;rbs_motif=None;rbs_spacer=None;gc_cont=0.556	vanW gene in vanI cluster	3003724	Strict	33.88	134.05	glycopeptide antibiotic	antibiotic target alteration	vanW; glycopeptide resistance gene cluster	vancomycin; teicoplanin	False	chromosome_like	1		
RM2016_batch03_global10	ERR1713346	k141_417160	k141_417160_1 # 1 # 873 # 1 # ID=51008_1;partial=10;start_type=Edge;rbs_motif=None;rbs_spacer=None;gc_cont=0.595	vanW gene in vanI cluster	3003724	Strict	35.0	77.75	glycopeptide antibiotic	antibiotic target alteration	vanW; glycopeptide resistance gene cluster	vancomycin; teicoplanin	False	chromosome_like	1		
RM2016_batch03_global10	ERR1713346	k141_222353	k141_222353_19 # 16599 # 17732 # -1 # ID=51744_19;partial=00;start_type=ATG;rbs_motif=GGA/GAG/AGG;rbs_spacer=11-12bp;gc_cont=0.504	EC-13	3006874	Strict	98.94	100.0	cephalosporin	antibiotic inactivation	EC beta-lactamase		False	chromosome_like	1		
RM2016_batch03_global10	ERR1713346	k141_222765	k141_222765_4 # 2309 # 4861 # -1 # ID=52360_4;partial=00;start_type=ATG;rbs_motif=None;rbs_spacer=None;gc_cont=0.336	vanT gene in vanG cluster	3002972	Strict	33.94	119.38	glycopeptide antibiotic	antibiotic target alteration	glycopeptide resistance gene cluster; vanT	vancomycin	False	chromosome_like	1		
RM2016_batch03_global10	ERR1713346	k141_352533	k141_352533_3 # 2469 # 5435 # 1 # ID=52506_3;partial=01;start_type=ATG;rbs_motif=GGA/GAG/AGG;rbs_spacer=5-10bp;gc_cont=0.659	adeF	3000777	Strict	46.44	93.39	fluoroquinolone antibiotic; tetracycline antibiotic	antibiotic efflux	resistance-nodulation-cell division (RND) antibiotic efflux pump	tetracycline	False	chromosome_like	1		
RM2016_batch03_global10	ERR1713346	k141_30755	k141_30755_1 # 182 # 982 # -1 # ID=53885_1;partial=00;start_type=ATG;rbs_motif=AGxAGG/AGGxGG;rbs_spacer=3-4bp;gc_cont=0.419	OXA-10	3001405	Perfect	100.0	100.0	carbapenem; cephalosporin; penam	antibiotic inactivation	OXA beta-lactamase	cloxacillin; oxacillin; cefalotin	False	chromosome_like	1		
RM2016_batch03_global10	ERR1713346	k141_419644	k141_419644_11 # 12170 # 13918 # -1 # ID=54728_11;partial=00;start_type=ATG;rbs_motif=None;rbs_spacer=None;gc_cont=0.511	msbA	3003950	Perfect	100.0	100.0	nitroimidazole antibiotic	antibiotic efflux	ATP-binding cassette (ABC) antibiotic efflux pump	metronidazole	False	chromosome_like	1		
RM2016_batch03_global10	ERR1713346	k141_224364	k141_224364_7 # 3643 # 4779 # 1 # ID=55173_7;partial=00;start_type=ATG;rbs_motif=AGGA;rbs_spacer=5-10bp;gc_cont=0.454	vanT gene in vanG cluster	3002972	Strict	36.32	53.09	glycopeptide antibiotic	antibiotic target alteration	glycopeptide resistance gene cluster; vanT	vancomycin	False	chromosome_like	1		
RM2016_batch03_global10	ERR1713346	k141_420087	k141_420087_2 # 578 # 1219 # -1 # ID=55368_2;partial=01;start_type=Edge;rbs_motif=None;rbs_spacer=None;gc_cont=0.555	vanW gene in vanI cluster	3003724	Strict	41.38	57.1	glycopeptide antibiotic	antibiotic target alteration	vanW; glycopeptide resistance gene cluster	vancomycin; teicoplanin	False	chromosome_like	1		
RM2016_batch03_global10	ERR1713346	k141_100645	k141_100645_1 # 83 # 1183 # -1 # ID=55649_1;partial=00;start_type=ATG;rbs_motif=GGAGG;rbs_spacer=5-10bp;gc_cont=0.555	vanT gene in vanG cluster	3002972	Strict	33.61	51.4	glycopeptide antibiotic	antibiotic target alteration	glycopeptide resistance gene cluster; vanT	vancomycin	False	chromosome_like	1		
RM2016_batch03_global10	ERR1713346	k141_32161	k141_32161_3 # 912 # 1400 # 1 # ID=56045_3;partial=00;start_type=ATG;rbs_motif=GGAG/GAGG;rbs_spacer=5-10bp;gc_cont=0.378	nimJ	3007112	Strict	53.99	98.18	nitroimidazole antibiotic	antibiotic inactivation	nitroimidazole reductase	metronidazole	False	chromosome_like	1		
RM2016_batch03_global10	ERR1713346	k141_422060	k141_422060_2 # 1896 # 2399 # 1 # ID=58276_2;partial=00;start_type=ATG;rbs_motif=AGxAGG/AGGxGG;rbs_spacer=5-10bp;gc_cont=0.611	nimG	3007109	Strict	57.06	101.83	nitroimidazole antibiotic	antibiotic inactivation	nitroimidazole reductase	metronidazole	False	chromosome_like	1		
RM2016_batch03_global10	ERR1713346	k141_293104	k141_293104_3 # 1003 # 2067 # 1 # ID=58474_3;partial=01;start_type=ATG;rbs_motif=AGGA/GGAG/GAGG;rbs_spacer=11-12bp;gc_cont=0.565	vanW gene in vanI cluster	3003724	Strict	27.92	95.17	glycopeptide antibiotic	antibiotic target alteration	vanW; glycopeptide resistance gene cluster	vancomycin; teicoplanin	False	chromosome_like	1		
RM2016_batch03_global10	ERR1713346	k141_102564	k141_102564_5 # 6922 # 8166 # -1 # ID=58481_5;partial=01;start_type=Edge;rbs_motif=None;rbs_spacer=None;gc_cont=0.597	vanT gene in vanG cluster	3002972	Strict	35.11	58.15	glycopeptide antibiotic	antibiotic target alteration	glycopeptide resistance gene cluster; vanT	vancomycin	False	chromosome_like	1		
RM2016_batch03_global10	ERR1713346	k141_103650	k141_103650_1 # 451 # 2064 # -1 # ID=60154_1;partial=01;start_type=Edge;rbs_motif=None;rbs_spacer=None;gc_cont=0.555	vanW gene in vanI cluster	3003724	Strict	35.47	143.97	glycopeptide antibiotic	antibiotic target alteration	vanW; glycopeptide resistance gene cluster	vancomycin; teicoplanin	False	chromosome_like	1		
RM2016_batch03_global10	ERR1713346	k141_162539	k141_162539_1 # 2 # 466 # 1 # ID=60239_1;partial=10;start_type=Edge;rbs_motif=None;rbs_spacer=None;gc_cont=0.518	vanW gene in vanI cluster	3003724	Strict	40.26	41.29	glycopeptide antibiotic	antibiotic target alteration	vanW; glycopeptide resistance gene cluster	vancomycin; teicoplanin	False	chromosome_like	1		
RM2016_batch03_global10	ERR1713346	k141_423705	k141_423705_2 # 881 # 1147 # -1 # ID=60702_2;partial=01;start_type=Edge;rbs_motif=None;rbs_spacer=None;gc_cont=0.476	vanW gene in vanI cluster	3003724	Strict	53.97	23.59	glycopeptide antibiotic	antibiotic target alteration	vanW; glycopeptide resistance gene cluster	vancomycin; teicoplanin	False	chromosome_like	1		
RM2016_batch03_global10	ERR1713346	k141_162855	k141_162855_23 # 19626 # 20999 # 1 # ID=60799_23;partial=00;start_type=ATG;rbs_motif=None;rbs_spacer=None;gc_cont=0.547	cpxA	3000830	Perfect	100.0	100.0	aminoglycoside antibiotic; aminocoumarin antibiotic	antibiotic efflux	resistance-nodulation-cell division (RND) antibiotic efflux pump	novobiocin	False	chromosome_like	1		
RM2016_batch03_global10	ERR1713346	k141_423802	k141_423802_2 # 592 # 1194 # -1 # ID=60842_2;partial=01;start_type=Edge;rbs_motif=None;rbs_spacer=None;gc_cont=0.461	vanW gene in vanI cluster	3003724	Strict	48.15	53.62	glycopeptide antibiotic	antibiotic target alteration	vanW; glycopeptide resistance gene cluster	vancomycin; teicoplanin	False	chromosome_like	1		
RM2016_batch03_global10	ERR1713346	k141_424146	k141_424146_2 # 204 # 1097 # -1 # ID=61284_2;partial=00;start_type=TTG;rbs_motif=AGGA/GGAG/GAGG;rbs_spacer=11-12bp;gc_cont=0.500	vanY gene in vanG cluster	3002959	Strict	42.19	106.45	glycopeptide antibiotic	antibiotic target alteration	vanY; glycopeptide resistance gene cluster	vancomycin	False	chromosome_like	1		
RM2016_batch03_global10	ERR1713346	k141_486802	k141_486802_2 # 521 # 1339 # -1 # ID=61969_2;partial=01;start_type=Edge;rbs_motif=None;rbs_spacer=None;gc_cont=0.499	vanW gene in vanI cluster	3003724	Strict	38.3	72.92	glycopeptide antibiotic	antibiotic target alteration	vanW; glycopeptide resistance gene cluster	vancomycin; teicoplanin	False	chromosome_like	1		
RM2016_batch03_global10	ERR1713346	k141_359401	k141_359401_1 # 144 # 908 # -1 # ID=62531_1;partial=00;start_type=ATG;rbs_motif=TAAA;rbs_spacer=12bp;gc_cont=0.417	gadX	3000508	Strict	99.21	92.7	macrolide antibiotic; fluoroquinolone antibiotic; penam	antibiotic efflux	resistance-nodulation-cell division (RND) antibiotic efflux pump	erythromycin; cloxacillin; oxacillin; norfloxacin	False	chromosome_like	1		
RM2016_batch03_global10	ERR1713346	k141_229213	k141_229213_3 # 1585 # 3138 # -1 # ID=63079_3;partial=00;start_type=ATG;rbs_motif=AGGA;rbs_spacer=5-10bp;gc_cont=0.516	vanW gene in vanI cluster	3003724	Strict	29.19	138.61	glycopeptide antibiotic	antibiotic target alteration	vanW; glycopeptide resistance gene cluster	vancomycin; teicoplanin	False	chromosome_like	1		
RM2016_batch03_global10	ERR1713346	k141_425529	k141_425529_3 # 753 # 1523 # -1 # ID=63292_3;partial=00;start_type=ATG;rbs_motif=TAA;rbs_spacer=11bp;gc_cont=0.318	LnuH	3004600	Strict	81.96	98.46	lincosamide antibiotic	antibiotic inactivation	lincosamide nucleotidyltransferase (LNU)		True	plasmid_like		0.8629	
RM2016_batch03_global10	ERR1713346	k141_360952	k141_360952_3 # 1672 # 3210 # -1 # ID=64754_3;partial=00;start_type=ATG;rbs_motif=GGA/GAG/AGG;rbs_spacer=5-10bp;gc_cont=0.418	emrY	3000254	Strict	99.8	100.0	tetracycline antibiotic	antibiotic efflux	major facilitator superfamily (MFS) antibiotic efflux pump	tetracycline	False	chromosome_like	1		
RM2016_batch03_global10	ERR1713346	k141_360952	k141_360952_4 # 3210 # 4373 # -1 # ID=64754_4;partial=00;start_type=GTG;rbs_motif=GGA/GAG/AGG;rbs_spacer=5-10bp;gc_cont=0.418	emrK	3000206	Strict	99.72	110.26	tetracycline antibiotic	antibiotic efflux	major facilitator superfamily (MFS) antibiotic efflux pump	tetracycline	False	chromosome_like	1		
RM2016_batch03_global10	ERR1713346	k141_360952	k141_360952_5 # 4789 # 5403 # 1 # ID=64754_5;partial=00;start_type=ATG;rbs_motif=GGA/GAG/AGG;rbs_spacer=5-10bp;gc_cont=0.400	evgA	3000832	Perfect	100.0	100.0	macrolide antibiotic; fluoroquinolone antibiotic; penam; tetracycline antibiotic	antibiotic efflux	major facilitator superfamily (MFS) antibiotic efflux pump; resistance-nodulation-cell division (RND) antibiotic efflux pump	erythromycin; cloxacillin; tetracycline; oxacillin; norfloxacin	False	chromosome_like	1		
RM2016_batch03_global10	ERR1713346	k141_360952	k141_360952_6 # 5408 # 9001 # 1 # ID=64754_6;partial=00;start_type=ATG;rbs_motif=None;rbs_spacer=None;gc_cont=0.409	evgS	3000833	Perfect	100.0	100.0	macrolide antibiotic; fluoroquinolone antibiotic; penam; tetracycline antibiotic	antibiotic efflux	major facilitator superfamily (MFS) antibiotic efflux pump; resistance-nodulation-cell division (RND) antibiotic efflux pump	erythromycin; cloxacillin; tetracycline; oxacillin; norfloxacin	False	chromosome_like	1		
RM2016_batch03_global10	ERR1713346	k141_165461	k141_165461_2 # 1165 # 3084 # 1 # ID=65308_2;partial=00;start_type=ATG;rbs_motif=GGAGG;rbs_spacer=5-10bp;gc_cont=0.412	tet(32)	3000196	Perfect	100.0	100.0	tetracycline antibiotic	antibiotic target protection	tetracycline-resistant ribosomal protection protein	tetracycline; doxycycline; minocycline; chlortetracycline; demeclocycline; oxytetracycline	True	plasmid_like		0.9896	
RM2016_batch03_global10	ERR1713346	k141_107415	k141_107415_1 # 2 # 1507 # 1 # ID=65450_1;partial=11;start_type=Edge;rbs_motif=None;rbs_spacer=None;gc_cont=0.725	vanT gene in vanG cluster	3002972	Strict	35.9	70.51	glycopeptide antibiotic	antibiotic target alteration	glycopeptide resistance gene cluster; vanT	vancomycin	False	chromosome_like	1		
RM2016_batch03_global10	ERR1713346	k141_230707	k141_230707_1 # 3 # 860 # -1 # ID=65599_1;partial=10;start_type=ATG;rbs_motif=None;rbs_spacer=None;gc_cont=0.528	vanW gene in vanI cluster	3003724	Strict	24.69	76.68	glycopeptide antibiotic	antibiotic target alteration	vanW; glycopeptide resistance gene cluster	vancomycin; teicoplanin	False	chromosome_like	1		
RM2016_batch03_global10	ERR1713346	k141_230795	k141_230795_3 # 1727 # 2839 # 1 # ID=65831_3;partial=00;start_type=GTG;rbs_motif=AGGAG;rbs_spacer=5-10bp;gc_cont=0.394	vanT gene in vanG cluster	3002972	Strict	38.52	51.97	glycopeptide antibiotic	antibiotic target alteration	glycopeptide resistance gene cluster; vanT	vancomycin	False	chromosome_like	1		
RM2016_batch03_global10	ERR1713346	k141_230795	k141_230795_30 # 31940 # 35071 # 1 # ID=65831_30;partial=00;start_type=GTG;rbs_motif=AGxAGG/AGGxGG;rbs_spacer=5-10bp;gc_cont=0.384	adeF	3000777	Strict	43.04	98.49	fluoroquinolone antibiotic; tetracycline antibiotic	antibiotic efflux	resistance-nodulation-cell division (RND) antibiotic efflux pump	tetracycline	False	chromosome_like	1		
RM2016_batch03_global10	ERR1713346	k141_165877	k141_165877_2 # 438 # 782 # -1 # ID=65933_2;partial=00;start_type=ATG;rbs_motif=GGAG/GAGG;rbs_spacer=5-10bp;gc_cont=0.533	qacG	3007015	Strict	38.46	106.54	disinfecting agents and antiseptics	antibiotic efflux	small multidrug resistance (SMR) antibiotic efflux pump	benzalkonium chloride	False	chromosome_like	1		
RM2016_batch03_global10	ERR1713346	k141_166425	k141_166425_2 # 1008 # 1187 # -1 # ID=66774_2;partial=01;start_type=Edge;rbs_motif=None;rbs_spacer=None;gc_cont=0.472	vanY gene in vanG cluster	3002959	Strict	54.55	21.15	glycopeptide antibiotic	antibiotic target alteration	vanY; glycopeptide resistance gene cluster	vancomycin	False	chromosome_like	1		
RM2016_batch03_global10	ERR1713346	k141_231782	k141_231782_4 # 1358 # 1888 # 1 # ID=67377_4;partial=00;start_type=ATG;rbs_motif=GGAG/GAGG;rbs_spacer=5-10bp;gc_cont=0.492	emrR	3000516	Perfect	100.0	100.0	fluoroquinolone antibiotic	antibiotic efflux	major facilitator superfamily (MFS) antibiotic efflux pump	nalidixic acid	True	plasmid_like		0.8749	
RM2016_batch03_global10	ERR1713346	k141_231782	k141_231782_5 # 2015 # 3187 # 1 # ID=67377_5;partial=00;start_type=ATG;rbs_motif=GGAG/GAGG;rbs_spacer=5-10bp;gc_cont=0.529	emrA	3000027	Strict	99.74	100.0	fluoroquinolone antibiotic	antibiotic efflux	major facilitator superfamily (MFS) antibiotic efflux pump	nalidixic acid	True	plasmid_like		0.8749	
RM2016_batch03_global10	ERR1713346	k141_231782	k141_231782_6 # 3204 # 4742 # 1 # ID=67377_6;partial=00;start_type=ATG;rbs_motif=GGAG/GAGG;rbs_spacer=5-10bp;gc_cont=0.567	emrB	3000074	Strict	99.8	100.0	fluoroquinolone antibiotic	antibiotic efflux	major facilitator superfamily (MFS) antibiotic efflux pump	nalidixic acid	True	plasmid_like		0.8749	
RM2016_batch03_global10	ERR1713346	k141_231782	k141_231782_11 # 9134 # 9319 # -1 # ID=67377_11;partial=00;start_type=ATG;rbs_motif=AGGAG;rbs_spacer=5-10bp;gc_cont=0.495	rsmA	3005069	Strict	85.25	100.0	fluoroquinolone antibiotic; diaminopyrimidine antibiotic; phenicol antibiotic	antibiotic efflux	resistance-nodulation-cell division (RND) antibiotic efflux pump	trimethoprim; chloramphenicol	True	plasmid_like		0.8749	
RM2016_batch03_global10	ERR1713346	k141_166734	k141_166734_1 # 1 # 1260 # 1 # ID=67477_1;partial=10;start_type=Edge;rbs_motif=None;rbs_spacer=None;gc_cont=0.574	vanW gene in vanI cluster	3003724	Strict	38.0	112.33	glycopeptide antibiotic	antibiotic target alteration	vanW; glycopeptide resistance gene cluster	vancomycin; teicoplanin	False	chromosome_like	1		
RM2016_batch03_global10	ERR1713346	k141_428431	k141_428431_5 # 3695 # 4078 # 1 # ID=67507_5;partial=00;start_type=ATG;rbs_motif=GGAG/GAGG;rbs_spacer=5-10bp;gc_cont=0.458	marA	3000263	Perfect	100.0	100.0	fluoroquinolone antibiotic; monobactam; carbapenem; cephalosporin; glycylcycline; cephamycin; penam; tetracycline antibiotic; rifamycin antibiotic; phenicol antibiotic; penem; disinfecting agents and antiseptics	antibiotic efflux; reduced permeability to antibiotic	resistance-nodulation-cell division (RND) antibiotic efflux pump; General Bacterial Porin with reduced permeability to beta-lactams	tigecycline; tetracycline; rifampin; chloramphenicol; ampicillin; cefalotin; triclosan	True	plasmid_like		0.9777	
RM2016_batch03_global10	ERR1713346	k141_167701	k141_167701_7 # 5850 # 6704 # 1 # ID=68916_7;partial=00;start_type=ATG;rbs_motif=AGGAGG;rbs_spacer=5-10bp;gc_cont=0.421	ACI-1	3004359	Perfect	100.0	100.0	cephalosporin; penam; penem	antibiotic inactivation	ACI beta-lactamase	penicillin; ceftazidime; amoxicillin; cefotaxime; ticarcillin	True	virus_like			0.7581
RM2016_batch03_global10	ERR1713346	k141_110749	k141_110749_9 # 8883 # 10088 # 1 # ID=69997_9;partial=00;start_type=ATG;rbs_motif=AGGAG;rbs_spacer=5-10bp;gc_cont=0.525	vanT gene in vanG cluster	3002972	Strict	34.41	56.32	glycopeptide antibiotic	antibiotic target alteration	glycopeptide resistance gene cluster; vanT	vancomycin	False	chromosome_like	1		
RM2016_batch03_global10	ERR1713346	k141_300688	k141_300688_1 # 2 # 1492 # 1 # ID=70046_1;partial=10;start_type=Edge;rbs_motif=None;rbs_spacer=None;gc_cont=0.512	vanW gene in vanI cluster	3003724	Strict	28.2	132.98	glycopeptide antibiotic	antibiotic target alteration	vanW; glycopeptide resistance gene cluster	vancomycin; teicoplanin	False	chromosome_like	1		
RM2016_batch03_global10	ERR1713346	k141_430253	k141_430253_21 # 21312 # 22298 # 1 # ID=70416_21;partial=00;start_type=ATG;rbs_motif=AGGAG;rbs_spacer=5-10bp;gc_cont=0.569	vanH gene in vanO cluster	3002948	Strict	41.47	93.71	glycopeptide antibiotic	antibiotic target alteration	vanH; glycopeptide resistance gene cluster	vancomycin	False	chromosome_like	1		
RM2016_batch03_global10	ERR1713346	k141_169411	k141_169411_1 # 111 # 458 # 1 # ID=71529_1;partial=00;start_type=ATG;rbs_motif=GGAG/GAGG;rbs_spacer=5-10bp;gc_cont=0.500	qacEdelta1	3005010	Perfect	100.0	100.0	disinfecting agents and antiseptics	antibiotic efflux	major facilitator superfamily (MFS) antibiotic efflux pump		True	plasmid_like		0.9061	
RM2016_batch03_global10	ERR1713346	k141_169411	k141_169411_2 # 452 # 1291 # 1 # ID=71529_2;partial=00;start_type=ATG;rbs_motif=GGAGG;rbs_spacer=5-10bp;gc_cont=0.619	sul1	3000410	Strict	99.64	100.0	sulfonamide antibiotic	antibiotic target replacement	sulfonamide resistant sul	sulfadiazine; sulfadimidine; sulfadoxine; sulfamethoxazole; sulfisoxazole; sulfacetamide; mafenide; sulfasalazine; sulfamethizole	True	plasmid_like		0.9061	
RM2016_batch03_global10	ERR1713346	k141_493541	k141_493541_3 # 929 # 1606 # -1 # ID=71750_3;partial=00;start_type=GTG;rbs_motif=GGA/GAG/AGG;rbs_spacer=5-10bp;gc_cont=0.566	kdpE	3003841	Perfect	100.0	100.0	aminoglycoside antibiotic	antibiotic efflux	kdpDE	kanamycin A	False	chromosome_like	1		
RM2016_batch03_global10	ERR1713346	k141_366240	k141_366240_10 # 10086 # 11192 # -1 # ID=72161_10;partial=00;start_type=ATG;rbs_motif=AGGA;rbs_spacer=5-10bp;gc_cont=0.498	vanT gene in vanG cluster	3002972	Strict	37.8	51.69	glycopeptide antibiotic	antibiotic target alteration	glycopeptide resistance gene cluster; vanT	vancomycin	False	chromosome_like	1		
RM2016_batch03_global10	ERR1713346	k141_431546	k141_431546_2 # 292 # 1926 # 1 # ID=72316_2;partial=01;start_type=ATG;rbs_motif=GGAG/GAGG;rbs_spacer=5-10bp;gc_cont=0.312	tet(44)	3000556	Strict	97.61	85.16	tetracycline antibiotic	antibiotic target protection	tetracycline-resistant ribosomal protection protein	tetracycline; doxycycline; minocycline; chlortetracycline; demeclocycline; oxytetracycline	False	chromosome_like	1		
RM2016_batch03_global10	ERR1713346	k141_431744	k141_431744_2 # 434 # 1579 # 1 # ID=72596_2;partial=00;start_type=ATG;rbs_motif=GGAG/GAGG;rbs_spacer=5-10bp;gc_cont=0.449	vanT gene in vanG cluster	3002972	Strict	34.6	53.51	glycopeptide antibiotic	antibiotic target alteration	glycopeptide resistance gene cluster; vanT	vancomycin	False	chromosome_like	1		
RM2016_batch03_global10	ERR1713346	k141_366790	k141_366790_1 # 2 # 1261 # 1 # ID=73027_1;partial=11;start_type=Edge;rbs_motif=None;rbs_spacer=None;gc_cont=0.442	vanY gene in vanG cluster	3002959	Strict	39.52	150.54	glycopeptide antibiotic	antibiotic target alteration	vanY; glycopeptide resistance gene cluster	vancomycin	False	chromosome_like	1		
RM2016_batch03_global10	ERR1713346	k141_432336	k141_432336_1 # 78 # 572 # -1 # ID=73455_1;partial=00;start_type=ATG;rbs_motif=GGAG/GAGG;rbs_spacer=5-10bp;gc_cont=0.422	nimJ	3007112	Strict	51.9	99.39	nitroimidazole antibiotic	antibiotic inactivation	nitroimidazole reductase	metronidazole	False	chromosome_like	1		
RM2016_batch03_global10	ERR1713346	k141_43422	k141_43422_4 # 3443 # 4828 # 1 # ID=74238_4;partial=00;start_type=GTG;rbs_motif=None;rbs_spacer=None;gc_cont=0.498	vanW gene in vanI cluster	3003724	Strict	36.14	123.59	glycopeptide antibiotic	antibiotic target alteration	vanW; glycopeptide resistance gene cluster	vancomycin; teicoplanin	False	chromosome_like	1		
RM2016_batch03_global10	ERR1713346	k141_496413	k141_496413_13 # 13152 # 14096 # -1 # ID=75893_13;partial=00;start_type=ATG;rbs_motif=GGAG/GAGG;rbs_spacer=5-10bp;gc_cont=0.460	leuO	3003843	Strict	99.36	100.0	nucleoside antibiotic; disinfecting agents and antiseptics	antibiotic efflux	major facilitator superfamily (MFS) antibiotic efflux pump	acriflavine; puromycin	False	chromosome_like	1		
RM2016_batch03_global10	ERR1713346	k141_116374	k141_116374_2 # 506 # 1678 # -1 # ID=78030_2;partial=00;start_type=ATG;rbs_motif=GGAG/GAGG;rbs_spacer=5-10bp;gc_cont=0.436	vanT gene in vanG cluster	3002972	Strict	31.22	54.78	glycopeptide antibiotic	antibiotic target alteration	glycopeptide resistance gene cluster; vanT	vancomycin	False	chromosome_like	1		
RM2016_batch03_global10	ERR1713346	k141_238985	k141_238985_1 # 624 # 1487 # 1 # ID=78736_1;partial=00;start_type=ATG;rbs_motif=GGA/GAG/AGG;rbs_spacer=5-10bp;gc_cont=0.531	GES-2	3002331	Strict	99.65	100.0	carbapenem; cephalosporin; penam	antibiotic inactivation	GES beta-lactamase		False	chromosome_like	1		
RM2016_batch03_global10	ERR1713346	k141_46473	k141_46473_2 # 1807 # 3450 # -1 # ID=78922_2;partial=00;start_type=ATG;rbs_motif=None;rbs_spacer=None;gc_cont=0.536	YojI	3003952	Perfect	100.0	100.0	peptide antibiotic	antibiotic efflux	ATP-binding cassette (ABC) antibiotic efflux pump	microcin J25	False	chromosome_like	1		
RM2016_batch03_global10	ERR1713346	k141_173892	k141_173892_5 # 2281 # 3648 # -1 # ID=79059_5;partial=01;start_type=Edge;rbs_motif=None;rbs_spacer=None;gc_cont=0.624	ArnT	3005053	Strict	98.9	82.58	peptide antibiotic	antibiotic target alteration	pmr phosphoethanolamine transferase	colistin A; colistin B	False	chromosome_like	1		
RM2016_batch03_global10	ERR1713346	k141_117524	k141_117524_1 # 1 # 339 # -1 # ID=79835_1;partial=10;start_type=ATG;rbs_motif=GGAG/GAGG;rbs_spacer=5-10bp;gc_cont=0.327	vanY gene in vanG cluster	3002959	Strict	50.94	40.5	glycopeptide antibiotic	antibiotic target alteration	vanY; glycopeptide resistance gene cluster	vancomycin	True	plasmid_like		0.9907	
RM2016_batch03_global10	ERR1713346	k141_307741	k141_307741_3 # 1190 # 2665 # 1 # ID=79946_3;partial=00;start_type=ATG;rbs_motif=TAAA;rbs_spacer=5bp;gc_cont=0.400	msrE	3003109	Perfect	100.0	100.0	macrolide antibiotic; streptogramin antibiotic	antibiotic target protection	msr-type ABC-F protein	erythromycin	False	chromosome_like	1		
RM2016_batch03_global10	ERR1713346	k141_307741	k141_307741_4 # 2721 # 3605 # 1 # ID=79946_4;partial=00;start_type=ATG;rbs_motif=TAA;rbs_spacer=12bp;gc_cont=0.365	mphE	3003741	Perfect	100.0	100.0	macrolide antibiotic	antibiotic inactivation	macrolide phosphotransferase (MPH)	erythromycin	False	chromosome_like	1		
RM2016_batch03_global10	ERR1713346	k141_174541	k141_174541_17 # 18162 # 18527 # 1 # ID=80109_17;partial=00;start_type=ATG;rbs_motif=AGGAG;rbs_spacer=5-10bp;gc_cont=0.421	Klebsiella pneumoniae KpnE	3004580	Strict	82.2	100.83	macrolide antibiotic; aminoglycoside antibiotic; cephalosporin; tetracycline antibiotic; peptide antibiotic; rifamycin antibiotic; disinfecting agents and antiseptics	antibiotic efflux	small multidrug resistance (SMR) antibiotic efflux pump	erythromycin; streptomycin; tetracycline; cefepime; ceftriaxone; rifampin; colistin A; colistin B; triclosan; benzalkonium chloride; chlorhexidine	False	chromosome_like	1		
RM2016_batch03_global10	ERR1713346	k141_174541	k141_174541_18 # 18514 # 18843 # 1 # ID=80109_18;partial=00;start_type=ATG;rbs_motif=GGAGG;rbs_spacer=5-10bp;gc_cont=0.518	Klebsiella pneumoniae KpnF	3004583	Strict	84.4	100.0	macrolide antibiotic; aminoglycoside antibiotic; cephalosporin; tetracycline antibiotic; peptide antibiotic; rifamycin antibiotic; disinfecting agents and antiseptics	antibiotic efflux	small multidrug resistance (SMR) antibiotic efflux pump	erythromycin; streptomycin; tetracycline; cefepime; ceftriaxone; rifampin; colistin A; colistin B; triclosan; benzalkonium chloride; chlorhexidine	False	chromosome_like	1		
RM2016_batch03_global10	ERR1713346	k141_499943	k141_499943_1 # 2 # 820 # 1 # ID=80871_1;partial=10;start_type=Edge;rbs_motif=None;rbs_spacer=None;gc_cont=0.503	vanW gene in vanI cluster	3003724	Strict	38.3	72.92	glycopeptide antibiotic	antibiotic target alteration	vanW; glycopeptide resistance gene cluster	vancomycin; teicoplanin	False	chromosome_like	1		
RM2016_batch03_global10	ERR1713346	k141_500787	k141_500787_1 # 3 # 281 # -1 # ID=82030_1;partial=10;start_type=ATG;rbs_motif=None;rbs_spacer=None;gc_cont=0.545	qacG	3007015	Strict	43.01	86.92	disinfecting agents and antiseptics	antibiotic efflux	small multidrug resistance (SMR) antibiotic efflux pump	benzalkonium chloride	False	chromosome_like	1		
RM2016_batch03_global10	ERR1713346	k141_120157	k141_120157_2 # 1245 # 2552 # -1 # ID=83382_2;partial=00;start_type=ATG;rbs_motif=None;rbs_spacer=None;gc_cont=0.341	vanW gene in vanI cluster	3003724	Strict	28.83	116.62	glycopeptide antibiotic	antibiotic target alteration	vanW; glycopeptide resistance gene cluster	vancomycin; teicoplanin	False	chromosome_like	1		
RM2016_batch03_global10	ERR1713346	k141_311210	k141_311210_10 # 11411 # 14527 # 1 # ID=84837_10;partial=00;start_type=GTG;rbs_motif=AGxAGG/AGGxGG;rbs_spacer=5-10bp;gc_cont=0.529	adeF	3000777	Strict	43.86	98.02	fluoroquinolone antibiotic; tetracycline antibiotic	antibiotic efflux	resistance-nodulation-cell division (RND) antibiotic efflux pump	tetracycline	False	chromosome_like	1		
RM2016_batch03_global10	ERR1713346	k141_243624	k141_243624_4 # 2175 # 5351 # 1 # ID=85883_4;partial=00;start_type=ATG;rbs_motif=GGA/GAG/AGG;rbs_spacer=11-12bp;gc_cont=0.539	adeF	3000777	Strict	43.29	99.91	fluoroquinolone antibiotic; tetracycline antibiotic	antibiotic efflux	resistance-nodulation-cell division (RND) antibiotic efflux pump	tetracycline	False	chromosome_like	1		
RM2016_batch03_global10	ERR1713346	k141_503890	k141_503890_2 # 1299 # 2459 # 1 # ID=86290_2;partial=00;start_type=ATG;rbs_motif=None;rbs_spacer=None;gc_cont=0.375	tet(X)	3000205	Strict	99.48	99.48	glycylcycline; tetracycline antibiotic	antibiotic inactivation	tetracycline inactivation enzyme	tigecycline; tetracycline; doxycycline; minocycline; chlortetracycline; demeclocycline; oxytetracycline	True	plasmid_like		0.9547	
RM2016_batch03_global10	ERR1713346	k141_52024	k141_52024_4 # 3204 # 4412 # 1 # ID=87696_4;partial=00;start_type=ATG;rbs_motif=GGAG/GAGG;rbs_spacer=5-10bp;gc_cont=0.428	vanT gene in vanG cluster	3002972	Strict	36.19	56.46	glycopeptide antibiotic	antibiotic target alteration	glycopeptide resistance gene cluster; vanT	vancomycin	False	chromosome_like	1		
RM2016_batch03_global10	ERR1713346	k141_313402	k141_313402_6 # 3958 # 5844 # 1 # ID=87935_6;partial=00;start_type=GTG;rbs_motif=AGGAG;rbs_spacer=5-10bp;gc_cont=0.638	vanW gene in vanI cluster	3003724	Strict	30.09	168.36	glycopeptide antibiotic	antibiotic target alteration	vanW; glycopeptide resistance gene cluster	vancomycin; teicoplanin	False	chromosome_like	1		
RM2016_batch03_global10	ERR1713346	k141_179714	k141_179714_1 # 461 # 1141 # -1 # ID=88274_1;partial=00;start_type=ATG;rbs_motif=GGA/GAG/AGG;rbs_spacer=5-10bp;gc_cont=0.470	QnrB10	3002724	Strict	99.12	100.0	fluoroquinolone antibiotic	antibiotic target protection	quinolone resistance protein (qnr)	ciprofloxacin; levofloxacin; moxifloxacin; gatifloxacin; nalidixic acid; norfloxacin; sparfloxacin	False	chromosome_like	1		
RM2016_batch03_global10	ERR1713346	k141_313912	k141_313912_1 # 1 # 879 # 1 # ID=88694_1;partial=10;start_type=Edge;rbs_motif=None;rbs_spacer=None;gc_cont=0.445	vanY gene in vanG cluster	3002959	Strict	38.3	104.66	glycopeptide antibiotic	antibiotic target alteration	vanY; glycopeptide resistance gene cluster	vancomycin	False	chromosome_like	1		
RM2016_batch03_global10	ERR1713346	k141_377969	k141_377969_15 # 12800 # 14497 # -1 # ID=88856_15;partial=00;start_type=ATG;rbs_motif=AGGAG;rbs_spacer=5-10bp;gc_cont=0.542	vanW gene in vanI cluster	3003724	Strict	30.83	151.47	glycopeptide antibiotic	antibiotic target alteration	vanW; glycopeptide resistance gene cluster	vancomycin; teicoplanin	False	chromosome_like	1		
RM2016_batch03_global10	ERR1713346	k141_180423	k141_180423_9 # 5943 # 6320 # -1 # ID=89380_9;partial=01;start_type=Edge;rbs_motif=None;rbs_spacer=None;gc_cont=0.323	vanY gene in vanB cluster	3002956	Strict	61.6	46.64	glycopeptide antibiotic	antibiotic target alteration	vanY; glycopeptide resistance gene cluster	vancomycin	False	chromosome_like	1		
RM2016_batch03_global10	ERR1713346	k141_125249	k141_125249_1 # 77 # 1303 # -1 # ID=90580_1;partial=00;start_type=ATG;rbs_motif=AGGA;rbs_spacer=5-10bp;gc_cont=0.500	EreA2	3002826	Perfect	100.0	100.0	macrolide antibiotic	antibiotic inactivation	macrolide esterase	erythromycin	False	chromosome_like	1		
RM2016_batch03_global10	ERR1713346	k141_53873	k141_53873_2 # 602 # 934 # 1 # ID=90605_2;partial=00;start_type=ATG;rbs_motif=AGGA/GGAG/GAGG;rbs_spacer=11-12bp;gc_cont=0.435	Escherichia coli emrE	3004039	Strict	98.18	100.0	macrolide antibiotic	antibiotic efflux	small multidrug resistance (SMR) antibiotic efflux pump	erythromycin	False	chromosome_like	1		
RM2016_batch03_global10	ERR1713346	k141_445192	k141_445192_2 # 398 # 2317 # -1 # ID=91882_2;partial=00;start_type=ATG;rbs_motif=AGGAGG;rbs_spacer=5-10bp;gc_cont=0.404	tet(O)	3000190	Strict	99.22	100.0	tetracycline antibiotic	antibiotic target protection	tetracycline-resistant ribosomal protection protein	tetracycline; doxycycline; minocycline; chlortetracycline; demeclocycline; oxytetracycline	False	chromosome_like	1		
RM2016_batch03_global10	ERR1713346	k141_182411	k141_182411_2 # 421 # 1710 # 1 # ID=92355_2;partial=01;start_type=TTG;rbs_motif=GGAG/GAGG;rbs_spacer=5-10bp;gc_cont=0.525	vanW gene in vanI cluster	3003724	Strict	31.38	115.28	glycopeptide antibiotic	antibiotic target alteration	vanW; glycopeptide resistance gene cluster	vancomycin; teicoplanin	False	chromosome_like	1		
RM2016_batch03_global10	ERR1713346	k141_248125	k141_248125_2 # 222 # 1247 # -1 # ID=93045_2;partial=00;start_type=TTG;rbs_motif=AGxAGG/AGGxGG;rbs_spacer=5-10bp;gc_cont=0.651	vanH gene in vanO cluster	3002948	Strict	41.81	97.43	glycopeptide antibiotic	antibiotic target alteration	vanH; glycopeptide resistance gene cluster	vancomycin	False	chromosome_like	1		
RM2016_batch03_global10	ERR1713346	k141_55610	k141_55610_1 # 159 # 2636 # -1 # ID=93443_1;partial=00;start_type=ATG;rbs_motif=TAAA;rbs_spacer=11bp;gc_cont=0.505	vanT gene in vanG cluster	3002972	Strict	34.96	115.87	glycopeptide antibiotic	antibiotic target alteration	glycopeptide resistance gene cluster; vanT	vancomycin	False	chromosome_like	1		
RM2016_batch03_global10	ERR1713346	k141_56845	k141_56845_2 # 1255 # 1749 # 1 # ID=95076_2;partial=00;start_type=ATG;rbs_motif=GGAG/GAGG;rbs_spacer=5-10bp;gc_cont=0.335	lnuC	3002837	Strict	98.17	100.0	lincosamide antibiotic	antibiotic inactivation	lincosamide nucleotidyltransferase (LNU)	lincomycin	False	chromosome_like	1		
RM2016_batch03_global10	ERR1713346	k141_31409	k141_31409_5 # 2341 # 3699 # -1 # ID=54802_5;partial=00;start_type=ATG;rbs_motif=GGAGG;rbs_spacer=5-10bp;gc_cont=0.525	Escherichia coli GlpT with mutation conferring resistance to fosfomycin	3003889	Strict	99.78	100.0	phosphonic acid antibiotic	antibiotic target alteration	antibiotic-resistant GlpT	fosfomycin	False	chromosome_like	1		
RM2016_batch03_global10	ERR1713346	k141_496413	k141_496413_6 # 5285 # 7051 # -1 # ID=75893_6;partial=00;start_type=ATG;rbs_motif=AGGA/GGAG/GAGG;rbs_spacer=11-12bp;gc_cont=0.539	Haemophilus influenzae PBP3 conferring resistance to beta-lactam antibiotics	3004446	Strict	53.11	96.39	cephalosporin; cephamycin; penam	antibiotic target alteration	Penicillin-binding protein mutations conferring resistance to beta-lactam antibiotics	ceftriaxone; ampicillin; cefaclor; cefotaxime; cefditoren; cefdinir	False	chromosome_like	1		
RM2016_batch03_global10	ERR1713346	k141_339325	k141_339325_21 # 23284 # 23931 # -1 # ID=32257_21;partial=00;start_type=ATG;rbs_motif=None;rbs_spacer=None;gc_cont=0.454	Escherichia coli AcrAB-TolC with AcrR mutation conferring resistance to ciprofloxacin, tetracycline, and ceftazidime	3003807	Strict	100.0	100.0	fluoroquinolone antibiotic; cephalosporin; glycylcycline; penam; tetracycline antibiotic; rifamycin antibiotic; phenicol antibiotic; disinfecting agents and antiseptics	antibiotic target alteration; antibiotic efflux	resistance-nodulation-cell division (RND) antibiotic efflux pump	tigecycline; ciprofloxacin; tetracycline; ceftazidime; rifampin; chloramphenicol; ampicillin; cefalotin; triclosan	False	chromosome_like	1		
RM2016_batch03_global10	ERR1713346	k141_97499	k141_97499_11 # 12991 # 13455 # -1 # ID=51374_11;partial=00;start_type=ATG;rbs_motif=AGGA/GGAG/GAGG;rbs_spacer=11-12bp;gc_cont=0.516	Escherichia coli soxR with mutation conferring antibiotic resistance	3003381	Strict	100.0	100.0	fluoroquinolone antibiotic; cephalosporin; glycylcycline; penam; tetracycline antibiotic; rifamycin antibiotic; phenicol antibiotic; disinfecting agents and antiseptics	antibiotic target alteration; antibiotic efflux	ATP-binding cassette (ABC) antibiotic efflux pump; major facilitator superfamily (MFS) antibiotic efflux pump; resistance-nodulation-cell division (RND) antibiotic efflux pump	tigecycline; ciprofloxacin; tetracycline; rifampin; chloramphenicol; ampicillin; nalidixic acid; norfloxacin; cefalotin; triclosan	False	chromosome_like	1		
RM2016_batch03_global10	ERR1713346	k141_97499	k141_97499_12 # 13541 # 13864 # 1 # ID=51374_12;partial=00;start_type=ATG;rbs_motif=GGAG/GAGG;rbs_spacer=5-10bp;gc_cont=0.509	Escherichia coli soxS with mutation conferring antibiotic resistance	3003511	Strict	100.0	100.0	fluoroquinolone antibiotic; monobactam; carbapenem; cephalosporin; glycylcycline; cephamycin; penam; tetracycline antibiotic; rifamycin antibiotic; phenicol antibiotic; penem; disinfecting agents and antiseptics	antibiotic target alteration; antibiotic efflux; reduced permeability to antibiotic	ATP-binding cassette (ABC) antibiotic efflux pump; major facilitator superfamily (MFS) antibiotic efflux pump; resistance-nodulation-cell division (RND) antibiotic efflux pump; General Bacterial Porin with reduced permeability to beta-lactams	tigecycline; ciprofloxacin; tetracycline; rifampin; chloramphenicol; ampicillin; norfloxacin; cefalotin; triclosan; enrofloxacin	False	chromosome_like	1		
RM2016_batch03_global10	ERR1713346	k141_107008	k141_107008_2 # 281 # 904 # 1 # ID=64917_2;partial=00;start_type=ATG;rbs_motif=AGGA;rbs_spacer=5-10bp;gc_cont=0.404	tetR	3003479	Strict	99.52	99.52	tetracycline antibiotic	antibiotic target alteration; antibiotic efflux	major facilitator superfamily (MFS) antibiotic efflux pump	tetracycline	False	chromosome_like	1		
RM2016_batch03_global10	ERR1713346	k141_428431	k141_428431_4 # 3241 # 3675 # 1 # ID=67507_4;partial=00;start_type=GTG;rbs_motif=GGA/GAG/AGG;rbs_spacer=5-10bp;gc_cont=0.487	Escherichia coli AcrAB-TolC with MarR mutations conferring resistance to ciprofloxacin and tetracycline	3003378	Strict	98.61	100.0	fluoroquinolone antibiotic; cephalosporin; glycylcycline; penam; tetracycline antibiotic; rifamycin antibiotic; phenicol antibiotic; disinfecting agents and antiseptics	antibiotic target alteration; antibiotic efflux	resistance-nodulation-cell division (RND) antibiotic efflux pump	tigecycline; ciprofloxacin; tetracycline; rifampin; chloramphenicol; ampicillin; cefalotin; triclosan	True	plasmid_like		0.9777	
RM2016_batch03_global10	ERR1713370	k141_99744	k141_99744_1 # 192 # 1328 # -1 # ID=1546_1;partial=00;start_type=ATG;rbs_motif=None;rbs_spacer=None;gc_cont=0.516	vanT gene in vanG cluster	3002972	Strict	30.35	53.09	glycopeptide antibiotic	antibiotic target alteration	glycopeptide resistance gene cluster; vanT	vancomycin	False	chromosome_like	1		
RM2016_batch03_global10	ERR1713370	k141_1179	k141_1179_11 # 15514 # 18669 # -1 # ID=1980_11;partial=00;start_type=ATG;rbs_motif=GGA/GAG/AGG;rbs_spacer=5-10bp;gc_cont=0.674	adeF	3000777	Strict	43.58	99.24	fluoroquinolone antibiotic; tetracycline antibiotic	antibiotic efflux	resistance-nodulation-cell division (RND) antibiotic efflux pump	tetracycline	False	chromosome_like	1		
RM2016_batch03_global10	ERR1713370	k141_298639	k141_298639_3 # 1780 # 2661 # -1 # ID=2822_3;partial=01;start_type=Edge;rbs_motif=None;rbs_spacer=None;gc_cont=0.512	vanW gene in vanI cluster	3003724	Strict	35.67	78.55	glycopeptide antibiotic	antibiotic target alteration	vanW; glycopeptide resistance gene cluster	vancomycin; teicoplanin	False	chromosome_like	1		
RM2016_batch03_global10	ERR1713370	k141_1947	k141_1947_24 # 16977 # 20132 # 1 # ID=3596_24;partial=00;start_type=ATG;rbs_motif=GGAG/GAGG;rbs_spacer=5-10bp;gc_cont=0.462	adeF	3000777	Strict	44.35	99.24	fluoroquinolone antibiotic; tetracycline antibiotic	antibiotic efflux	resistance-nodulation-cell division (RND) antibiotic efflux pump	tetracycline	False	chromosome_like	1		
RM2016_batch03_global10	ERR1713370	k141_299638	k141_299638_7 # 4556 # 5815 # -1 # ID=4203_7;partial=00;start_type=ATG;rbs_motif=AGGAG;rbs_spacer=5-10bp;gc_cont=0.587	vanW gene in vanI cluster	3003724	Strict	30.3	112.33	glycopeptide antibiotic	antibiotic target alteration	vanW; glycopeptide resistance gene cluster	vancomycin; teicoplanin	False	chromosome_like	1		
RM2016_batch03_global10	ERR1713370	k141_694370	k141_694370_3 # 1889 # 3544 # -1 # ID=4738_3;partial=00;start_type=ATG;rbs_motif=AGGA;rbs_spacer=5-10bp;gc_cont=0.530	vanW gene in vanI cluster	3003724	Strict	32.73	147.72	glycopeptide antibiotic	antibiotic target alteration	vanW; glycopeptide resistance gene cluster	vancomycin; teicoplanin	False	chromosome_like	1		
RM2016_batch03_global10	ERR1713370	k141_200712	k141_200712_4 # 1486 # 2301 # -1 # ID=4903_4;partial=00;start_type=ATG;rbs_motif=GGA/GAG/AGG;rbs_spacer=5-10bp;gc_cont=0.444	APH(3')-Ia	3002641	Strict	98.89	100.0	aminoglycoside antibiotic	antibiotic inactivation	APH(3')	neomycin; ribostamycin; kanamycin A; gentamicin B; paromomycin; lividomycin; gentamicin	False	chromosome_like	1		
RM2016_batch03_global10	ERR1713370	k141_397995	k141_397995_55 # 64736 # 65887 # 1 # ID=5211_55;partial=00;start_type=ATG;rbs_motif=AGxAGG/AGGxGG;rbs_spacer=5-10bp;gc_cont=0.508	vanT gene in vanG cluster	3002972	Strict	34.32	53.79	glycopeptide antibiotic	antibiotic target alteration	glycopeptide resistance gene cluster; vanT	vancomycin	False	chromosome_like	1		
RM2016_batch03_global10	ERR1713370	k141_300459	k141_300459_5 # 3215 # 4912 # -1 # ID=5421_5;partial=00;start_type=ATG;rbs_motif=AGGAG;rbs_spacer=5-10bp;gc_cont=0.543	vanW gene in vanI cluster	3003724	Strict	30.56	151.47	glycopeptide antibiotic	antibiotic target alteration	vanW; glycopeptide resistance gene cluster	vancomycin; teicoplanin	False	chromosome_like	1		
RM2016_batch03_global10	ERR1713370	k141_300459	k141_300459_8 # 7176 # 8294 # -1 # ID=5421_8;partial=01;start_type=Edge;rbs_motif=None;rbs_spacer=None;gc_cont=0.585	vanT gene in vanG cluster	3002972	Strict	34.06	52.25	glycopeptide antibiotic	antibiotic target alteration	glycopeptide resistance gene cluster; vanT	vancomycin	False	chromosome_like	1		
RM2016_batch03_global10	ERR1713370	k141_300762	k141_300762_1 # 389 # 877 # 1 # ID=5910_1;partial=00;start_type=ATG;rbs_motif=GGAGG;rbs_spacer=5-10bp;gc_cont=0.542	nimE	3007107	Strict	55.28	95.29	nitroimidazole antibiotic	antibiotic inactivation	nitroimidazole reductase	metronidazole	False	chromosome_like	1		
RM2016_batch03_global10	ERR1713370	k141_300994	k141_300994_2 # 2987 # 3172 # 1 # ID=6206_2;partial=00;start_type=ATG;rbs_motif=AGGAG;rbs_spacer=5-10bp;gc_cont=0.495	rsmA	3005069	Strict	85.25	100.0	fluoroquinolone antibiotic; diaminopyrimidine antibiotic; phenicol antibiotic	antibiotic efflux	resistance-nodulation-cell division (RND) antibiotic efflux pump	trimethoprim; chloramphenicol	False	chromosome_like	1		
RM2016_batch03_global10	ERR1713370	k141_398382	k141_398382_17 # 15402 # 16289 # -1 # ID=6249_17;partial=00;start_type=ATG;rbs_motif=AAAA;rbs_spacer=14bp;gc_cont=0.564	vanW gene in vanI cluster	3003724	Strict	39.86	79.09	glycopeptide antibiotic	antibiotic target alteration	vanW; glycopeptide resistance gene cluster	vancomycin; teicoplanin	False	chromosome_like	1		
RM2016_batch03_global10	ERR1713370	k141_201992	k141_201992_2 # 443 # 1258 # 1 # ID=7030_2;partial=00;start_type=TTG;rbs_motif=AGGAG;rbs_spacer=5-10bp;gc_cont=0.558	APH(3')-Ib	3002642	Strict	94.1	100.0	aminoglycoside antibiotic	antibiotic inactivation	APH(3')	neomycin; ribostamycin; kanamycin A; gentamicin B; paromomycin; lividomycin; gentamicin	False	chromosome_like	1		
RM2016_batch03_global10	ERR1713370	k141_103348	k141_103348_2 # 1039 # 2397 # -1 # ID=7100_2;partial=00;start_type=GTG;rbs_motif=GGA/GAG/AGG;rbs_spacer=5-10bp;gc_cont=0.493	vanW gene in vanI cluster	3003724	Strict	32.03	121.18	glycopeptide antibiotic	antibiotic target alteration	vanW; glycopeptide resistance gene cluster	vancomycin; teicoplanin	False	chromosome_like	1		
RM2016_batch03_global10	ERR1713370	k141_103844	k141_103844_2 # 2171 # 3364 # -1 # ID=7776_2;partial=00;start_type=ATG;rbs_motif=GGAG/GAGG;rbs_spacer=5-10bp;gc_cont=0.538	Escherichia coli acrA	3004043	Perfect	100.0	100.0	fluoroquinolone antibiotic; cephalosporin; glycylcycline; penam; tetracycline antibiotic; rifamycin antibiotic; phenicol antibiotic; disinfecting agents and antiseptics	antibiotic efflux	resistance-nodulation-cell division (RND) antibiotic efflux pump	tigecycline; tetracycline; rifampin; chloramphenicol; ampicillin; cefalotin; triclosan	False	chromosome_like	1		
RM2016_batch03_global10	ERR1713370	k141_499442	k141_499442_1 # 2 # 1192 # 1 # ID=8172_1;partial=10;start_type=Edge;rbs_motif=None;rbs_spacer=None;gc_cont=0.372	tet(36)	3000197	Strict	93.15	61.88	tetracycline antibiotic	antibiotic target protection	tetracycline-resistant ribosomal protection protein	tetracycline; doxycycline; minocycline; chlortetracycline; demeclocycline; oxytetracycline	False	chromosome_like	1		
RM2016_batch03_global10	ERR1713370	k141_598708	k141_598708_2 # 724 # 2643 # -1 # ID=8725_2;partial=00;start_type=ATG;rbs_motif=AAAA;rbs_spacer=4bp;gc_cont=0.368	tet(M)	3000186	Strict	95.62	100.0	tetracycline antibiotic	antibiotic target protection	tetracycline-resistant ribosomal protection protein	tetracycline; doxycycline; minocycline; chlortetracycline; demeclocycline; oxytetracycline	False	chromosome_like	1		
RM2016_batch03_global10	ERR1713370	k141_5330	k141_5330_1 # 320 # 1495 # 1 # ID=9237_1;partial=00;start_type=ATG;rbs_motif=GGAG/GAGG;rbs_spacer=5-10bp;gc_cont=0.637	cmx	3002703	Perfect	100.0	100.0	phenicol antibiotic	antibiotic efflux	major facilitator superfamily (MFS) antibiotic efflux pump	chloramphenicol	False	chromosome_like	1		
RM2016_batch03_global10	ERR1713370	k141_599393	k141_599393_2 # 113 # 1108 # 1 # ID=9830_2;partial=01;start_type=ATG;rbs_motif=AGGAGG;rbs_spacer=5-10bp;gc_cont=0.608	vanT gene in vanG cluster	3002972	Strict	34.03	46.63	glycopeptide antibiotic	antibiotic target alteration	glycopeptide resistance gene cluster; vanT	vancomycin	False	chromosome_like	1		
RM2016_batch03_global10	ERR1713370	k141_303268	k141_303268_1 # 2 # 1534 # 1 # ID=10177_1;partial=10;start_type=Edge;rbs_motif=None;rbs_spacer=None;gc_cont=0.531	vanW gene in vanI cluster	3003724	Strict	30.29	136.73	glycopeptide antibiotic	antibiotic target alteration	vanW; glycopeptide resistance gene cluster	vancomycin; teicoplanin	False	chromosome_like	1		
RM2016_batch03_global10	ERR1713370	k141_6276	k141_6276_1 # 191 # 1333 # -1 # ID=10886_1;partial=00;start_type=ATG;rbs_motif=AATAA;rbs_spacer=8bp;gc_cont=0.533	vanT gene in vanG cluster	3002972	Strict	34.51	53.37	glycopeptide antibiotic	antibiotic target alteration	glycopeptide resistance gene cluster; vanT	vancomycin	False	chromosome_like	1		
RM2016_batch03_global10	ERR1713370	k141_204595	k141_204595_21 # 18911 # 20323 # -1 # ID=11017_21;partial=00;start_type=TTG;rbs_motif=GGxGG;rbs_spacer=5-10bp;gc_cont=0.378	vanW gene in vanI cluster	3003724	Strict	28.87	126.01	glycopeptide antibiotic	antibiotic target alteration	vanW; glycopeptide resistance gene cluster	vancomycin; teicoplanin	False	chromosome_like	1		
RM2016_batch03_global10	ERR1713370	k141_106145	k141_106145_3 # 468 # 1682 # -1 # ID=11615_3;partial=00;start_type=ATG;rbs_motif=AGGA/GGAG/GAGG;rbs_spacer=11-12bp;gc_cont=0.584	floR	3002705	Strict	99.75	100.0	phenicol antibiotic	antibiotic efflux	major facilitator superfamily (MFS) antibiotic efflux pump	chloramphenicol; florfenicol	True	plasmid_like		0.9391	
RM2016_batch03_global10	ERR1713370	k141_204953	k141_204953_9 # 11716 # 14847 # -1 # ID=11704_9;partial=00;start_type=GTG;rbs_motif=AGxAGG/AGGxGG;rbs_spacer=5-10bp;gc_cont=0.384	adeF	3000777	Strict	43.04	98.49	fluoroquinolone antibiotic; tetracycline antibiotic	antibiotic efflux	resistance-nodulation-cell division (RND) antibiotic efflux pump	tetracycline	False	chromosome_like	1		
RM2016_batch03_global10	ERR1713370	k141_697025	k141_697025_2 # 616 # 1725 # 1 # ID=11707_2;partial=00;start_type=ATG;rbs_motif=AGxAGG/AGGxGG;rbs_spacer=5-10bp;gc_cont=0.540	vanT gene in vanG cluster	3002972	Strict	37.06	51.83	glycopeptide antibiotic	antibiotic target alteration	glycopeptide resistance gene cluster; vanT	vancomycin	False	chromosome_like	1		
RM2016_batch03_global10	ERR1713370	k141_601009	k141_601009_1 # 3 # 887 # 1 # ID=12582_1;partial=10;start_type=Edge;rbs_motif=None;rbs_spacer=None;gc_cont=0.504	vanT gene in vanG cluster	3002972	Strict	34.46	41.29	glycopeptide antibiotic	antibiotic target alteration	glycopeptide resistance gene cluster; vanT	vancomycin	False	chromosome_like	1		
RM2016_batch03_global10	ERR1713370	k141_502365	k141_502365_14 # 12516 # 14471 # -1 # ID=12743_14;partial=00;start_type=ATG;rbs_motif=GGAG/GAGG;rbs_spacer=5-10bp;gc_cont=0.617	vanT gene in vanG cluster	3002972	Strict	34.6	91.43	glycopeptide antibiotic	antibiotic target alteration	glycopeptide resistance gene cluster; vanT	vancomycin	False	chromosome_like	1		
RM2016_batch03_global10	ERR1713370	k141_206403	k141_206403_1 # 110 # 604 # -1 # ID=13886_1;partial=00;start_type=ATG;rbs_motif=GGAG/GAGG;rbs_spacer=5-10bp;gc_cont=0.337	nimJ	3007112	Strict	51.53	99.39	nitroimidazole antibiotic	antibiotic inactivation	nitroimidazole reductase	metronidazole	False	chromosome_like	1		
RM2016_batch03_global10	ERR1713370	k141_305862	k141_305862_4 # 2347 # 3207 # -1 # ID=14273_4;partial=00;start_type=ATG;rbs_motif=AGGAG;rbs_spacer=5-10bp;gc_cont=0.599	AAC(3)-IId	3004623	Perfect	100.0	100.0	aminoglycoside antibiotic	antibiotic inactivation	AAC(3)	dibekacin; sisomicin; netilmicin; tobramycin; 6'-N-ethylnetilmicin; 2'-N-ethylnetilmicin; gentamicin	True	plasmid_like		0.8976	
RM2016_batch03_global10	ERR1713370	k141_401608	k141_401608_40 # 42531 # 43640 # -1 # ID=14279_40;partial=00;start_type=ATG;rbs_motif=AGGAG;rbs_spacer=5-10bp;gc_cont=0.583	vanT gene in vanG cluster	3002972	Strict	34.93	51.83	glycopeptide antibiotic	antibiotic target alteration	glycopeptide resistance gene cluster; vanT	vancomycin	False	chromosome_like	1		
RM2016_batch03_global10	ERR1713370	k141_107956	k141_107956_1 # 1 # 1428 # 1 # ID=14531_1;partial=10;start_type=Edge;rbs_motif=None;rbs_spacer=None;gc_cont=0.549	vanW gene in vanI cluster	3003724	Strict	35.05	127.35	glycopeptide antibiotic	antibiotic target alteration	vanW; glycopeptide resistance gene cluster	vancomycin; teicoplanin	False	chromosome_like	1		
RM2016_batch03_global10	ERR1713370	k141_207202	k141_207202_6 # 4284 # 4829 # -1 # ID=15152_6;partial=00;start_type=ATG;rbs_motif=None;rbs_spacer=None;gc_cont=0.575	ANT(2'')-Ia	3000230	Strict	97.74	102.26	aminoglycoside antibiotic	antibiotic inactivation	ANT(2'')	dibekacin; sisomicin; kanamycin A; tobramycin; gentamicin	True	plasmid_like		0.9929	
RM2016_batch03_global10	ERR1713370	k141_504097	k141_504097_8 # 3694 # 4881 # 1 # ID=15364_8;partial=00;start_type=GTG;rbs_motif=AGxAGG/AGGxGG;rbs_spacer=5-10bp;gc_cont=0.406	tet(39)	3000566	Perfect	100.0	100.0	tetracycline antibiotic	antibiotic efflux	major facilitator superfamily (MFS) antibiotic efflux pump	tetracycline	True	plasmid_like		0.9935	
RM2016_batch03_global10	ERR1713370	k141_207563	k141_207563_39 # 40435 # 41550 # 1 # ID=15794_39;partial=00;start_type=ATG;rbs_motif=AGGAGG;rbs_spacer=5-10bp;gc_cont=0.519	vanT gene in vanG cluster	3002972	Strict	34.79	52.11	glycopeptide antibiotic	antibiotic target alteration	glycopeptide resistance gene cluster; vanT	vancomycin	False	chromosome_like	1		
RM2016_batch03_global10	ERR1713370	k141_9271	k141_9271_5 # 4085 # 5383 # -1 # ID=15819_5;partial=00;start_type=TTG;rbs_motif=GGAG/GAGG;rbs_spacer=5-10bp;gc_cont=0.526	vanW gene in vanI cluster	3003724	Strict	30.96	115.82	glycopeptide antibiotic	antibiotic target alteration	vanW; glycopeptide resistance gene cluster	vancomycin; teicoplanin	False	chromosome_like	1		
RM2016_batch03_global10	ERR1713370	k141_307146	k141_307146_1 # 319 # 978 # -1 # ID=16281_1;partial=00;start_type=ATG;rbs_motif=AGGAGG;rbs_spacer=5-10bp;gc_cont=0.355	catQ	3002687	Strict	99.54	100.0	phenicol antibiotic	antibiotic inactivation	chloramphenicol acetyltransferase (CAT)	azidamfenicol; chloramphenicol; thiamphenicol	False	chromosome_like	1		
RM2016_batch03_global10	ERR1713370	k141_504973	k141_504973_1 # 222 # 992 # -1 # ID=16601_1;partial=00;start_type=ATG;rbs_motif=TAA;rbs_spacer=11bp;gc_cont=0.320	LnuH	3004600	Strict	93.36	98.46	lincosamide antibiotic	antibiotic inactivation	lincosamide nucleotidyltransferase (LNU)		False	chromosome_like	1		
RM2016_batch03_global10	ERR1713370	k141_208699	k141_208699_12 # 11972 # 13084 # 1 # ID=17518_12;partial=00;start_type=GTG;rbs_motif=AGGAG;rbs_spacer=5-10bp;gc_cont=0.395	vanT gene in vanG cluster	3002972	Strict	38.52	51.97	glycopeptide antibiotic	antibiotic target alteration	glycopeptide resistance gene cluster; vanT	vancomycin	False	chromosome_like	1		
RM2016_batch03_global10	ERR1713370	k141_505692	k141_505692_1 # 196 # 1017 # -1 # ID=17803_1;partial=00;start_type=ATG;rbs_motif=TAAA;rbs_spacer=11bp;gc_cont=0.504	linG	3002879	Strict	90.11	100.0	lincosamide antibiotic	antibiotic inactivation	lincosamide nucleotidyltransferase (LNU)	lincomycin	False	chromosome_like	1		
RM2016_batch03_global10	ERR1713370	k141_505707	k141_505707_2 # 716 # 3871 # -1 # ID=17833_2;partial=00;start_type=ATG;rbs_motif=AGGAG;rbs_spacer=5-10bp;gc_cont=0.665	adeF	3000777	Strict	46.58	99.24	fluoroquinolone antibiotic; tetracycline antibiotic	antibiotic efflux	resistance-nodulation-cell division (RND) antibiotic efflux pump	tetracycline	False	chromosome_like	1		
RM2016_batch03_global10	ERR1713370	k141_308418	k141_308418_2 # 591 # 1712 # 1 # ID=18329_2;partial=01;start_type=ATG;rbs_motif=None;rbs_spacer=None;gc_cont=0.718	vanT gene in vanG cluster	3002972	Strict	32.84	52.53	glycopeptide antibiotic	antibiotic target alteration	glycopeptide resistance gene cluster; vanT	vancomycin	False	chromosome_like	1		
RM2016_batch03_global10	ERR1713370	k141_11006	k141_11006_3 # 1162 # 2400 # -1 # ID=18883_3;partial=00;start_type=ATG;rbs_motif=None;rbs_spacer=None;gc_cont=0.651	Mrx	3003839	Perfect	100.0	100.0	macrolide antibiotic	antibiotic inactivation	macrolide phosphotransferase (MPH)		True	plasmid_like		0.984	
RM2016_batch03_global10	ERR1713370	k141_11006	k141_11006_4 # 2397 # 3302 # -1 # ID=18883_4;partial=00;start_type=ATG;rbs_motif=AGGAG;rbs_spacer=5-10bp;gc_cont=0.657	mphA	3000316	Perfect	100.0	100.0	macrolide antibiotic	antibiotic inactivation	macrolide phosphotransferase (MPH)	erythromycin; roxithromycin; telithromycin; clarithromycin; azithromycin; dirithromycin; oleandomycin	True	plasmid_like		0.984	
RM2016_batch03_global10	ERR1713370	k141_700126	k141_700126_1 # 317 # 1570 # -1 # ID=19151_1;partial=01;start_type=Edge;rbs_motif=None;rbs_spacer=None;gc_cont=0.614	vanT gene in vanG cluster	3002972	Strict	47.75	58.57	glycopeptide antibiotic	antibiotic target alteration	glycopeptide resistance gene cluster; vanT	vancomycin	False	chromosome_like	1		
RM2016_batch03_global10	ERR1713370	k141_309197	k141_309197_9 # 8665 # 9156 # 1 # ID=19618_9;partial=00;start_type=ATG;rbs_motif=None;rbs_spacer=None;gc_cont=0.630	nimJ	3007112	Strict	53.46	98.79	nitroimidazole antibiotic	antibiotic inactivation	nitroimidazole reductase	metronidazole	False	chromosome_like	1		
RM2016_batch03_global10	ERR1713370	k141_12164	k141_12164_1 # 166 # 1722 # 1 # ID=20968_1;partial=00;start_type=ATG;rbs_motif=GGA/GAG/AGG;rbs_spacer=5-10bp;gc_cont=0.553	vanW gene in vanI cluster	3003724	Strict	33.8	138.87	glycopeptide antibiotic	antibiotic target alteration	vanW; glycopeptide resistance gene cluster	vancomycin; teicoplanin	False	chromosome_like	1		
RM2016_batch03_global10	ERR1713370	k141_310278	k141_310278_22 # 20967 # 21656 # -1 # ID=21508_22;partial=00;start_type=ATG;rbs_motif=GGAG/GAGG;rbs_spacer=5-10bp;gc_cont=0.439	vanX gene in vanA cluster	3002949	Strict	47.74	113.37	glycopeptide antibiotic	antibiotic target alteration	vanX; glycopeptide resistance gene cluster	vancomycin; teicoplanin	False	chromosome_like	1		
RM2016_batch03_global10	ERR1713370	k141_211306	k141_211306_1 # 1 # 1167 # 1 # ID=21748_1;partial=10;start_type=Edge;rbs_motif=None;rbs_spacer=None;gc_cont=0.669	vanT gene in vanG cluster	3002972	Strict	35.39	54.49	glycopeptide antibiotic	antibiotic target alteration	glycopeptide resistance gene cluster; vanT	vancomycin	False	chromosome_like	1		
RM2016_batch03_global10	ERR1713370	k141_701599	k141_701599_3 # 1244 # 2476 # 1 # ID=22002_3;partial=00;start_type=ATG;rbs_motif=None;rbs_spacer=None;gc_cont=0.526	Escherichia coli mdfA	3001328	Strict	96.34	100.0	tetracycline antibiotic; disinfecting agents and antiseptics	antibiotic efflux	major facilitator superfamily (MFS) antibiotic efflux pump	tetracycline; benzalkonium chloride	False	chromosome_like	1		
RM2016_batch03_global10	ERR1713370	k141_112606	k141_112606_4 # 1744 # 2550 # 1 # ID=22739_4;partial=00;start_type=ATG;rbs_motif=None;rbs_spacer=None;gc_cont=0.574	vanX gene in vanP cluster	3007190	Strict	46.5	132.67	glycopeptide antibiotic	antibiotic target alteration	vanX; glycopeptide resistance gene cluster	vancomycin; teicoplanin	False	chromosome_like	1		
RM2016_batch03_global10	ERR1713370	k141_701989	k141_701989_5 # 1891 # 3306 # 1 # ID=23130_5;partial=01;start_type=ATG;rbs_motif=GGAG/GAGG;rbs_spacer=5-10bp;gc_cont=0.301	tet(44)	3000556	Strict	97.67	73.75	tetracycline antibiotic	antibiotic target protection	tetracycline-resistant ribosomal protection protein	tetracycline; doxycycline; minocycline; chlortetracycline; demeclocycline; oxytetracycline	False	chromosome_like	1		
RM2016_batch03_global10	ERR1713370	k141_311205	k141_311205_1 # 3 # 1016 # -1 # ID=23134_1;partial=10;start_type=ATG;rbs_motif=None;rbs_spacer=None;gc_cont=0.619	vanT gene in vanG cluster	3002972	Strict	34.23	47.47	glycopeptide antibiotic	antibiotic target alteration	glycopeptide resistance gene cluster; vanT	vancomycin	False	chromosome_like	1		
RM2016_batch03_global10	ERR1713370	k141_212159	k141_212159_1 # 90 # 1172 # -1 # ID=23192_1;partial=01;start_type=Edge;rbs_motif=None;rbs_spacer=None;gc_cont=0.604	vanW gene in vanI cluster	3003724	Strict	34.3	96.51	glycopeptide antibiotic	antibiotic target alteration	vanW; glycopeptide resistance gene cluster	vancomycin; teicoplanin	False	chromosome_like	1		
RM2016_batch03_global10	ERR1713370	k141_113325	k141_113325_1 # 1 # 978 # -1 # ID=24066_1;partial=10;start_type=ATG;rbs_motif=None;rbs_spacer=None;gc_cont=0.298	vanT gene in vanG cluster	3002972	Strict	37.46	45.79	glycopeptide antibiotic	antibiotic target alteration	glycopeptide resistance gene cluster; vanT	vancomycin	False	chromosome_like	1		
RM2016_batch03_global10	ERR1713370	k141_212806	k141_212806_1 # 434 # 1096 # 1 # ID=24254_1;partial=00;start_type=ATG;rbs_motif=AATAA;rbs_spacer=6bp;gc_cont=0.439	AcrS	3000656	Perfect	100.0	100.0	fluoroquinolone antibiotic; cephalosporin; glycylcycline; cephamycin; penam; tetracycline antibiotic; rifamycin antibiotic; phenicol antibiotic; disinfecting agents and antiseptics	antibiotic efflux	resistance-nodulation-cell division (RND) antibiotic efflux pump	tigecycline; ciprofloxacin; tetracycline; rifampin; chloramphenicol; ampicillin; cefalotin; triclosan	False	chromosome_like	1		
RM2016_batch03_global10	ERR1713370	k141_509682	k141_509682_1 # 211 # 1377 # 1 # ID=24440_1;partial=00;start_type=ATG;rbs_motif=None;rbs_spacer=None;gc_cont=0.374	tet(X)	3000205	Strict	99.48	100.0	glycylcycline; tetracycline antibiotic	antibiotic inactivation	tetracycline inactivation enzyme	tigecycline; tetracycline; doxycycline; minocycline; chlortetracycline; demeclocycline; oxytetracycline	False	chromosome_like	1		
RM2016_batch03_global10	ERR1713370	k141_702780	k141_702780_4 # 3224 # 5074 # 1 # ID=25329_4;partial=00;start_type=ATG;rbs_motif=None;rbs_spacer=None;gc_cont=0.582	vanW gene in vanI cluster	3003724	Strict	31.78	165.15	glycopeptide antibiotic	antibiotic target alteration	vanW; glycopeptide resistance gene cluster	vancomycin; teicoplanin	False	chromosome_like	1		
RM2016_batch03_global10	ERR1713370	k141_702879	k141_702879_2 # 357 # 1067 # 1 # ID=25526_2;partial=01;start_type=ATG;rbs_motif=GGAG/GAGG;rbs_spacer=5-10bp;gc_cont=0.370	vanY gene in vanA cluster	3002955	Strict	36.84	78.22	glycopeptide antibiotic	antibiotic target alteration	vanY; glycopeptide resistance gene cluster	vancomycin; teicoplanin	False	chromosome_like	1		
RM2016_batch03_global10	ERR1713370	k141_214132	k141_214132_4 # 2557 # 3015 # -1 # ID=26390_4;partial=00;start_type=TTG;rbs_motif=AGxAGG/AGGxGG;rbs_spacer=5-10bp;gc_cont=0.481	nimG	3007109	Strict	54.0	92.68	nitroimidazole antibiotic	antibiotic inactivation	nitroimidazole reductase	metronidazole	False	chromosome_like	1		
RM2016_batch03_global10	ERR1713370	k141_313761	k141_313761_3 # 1569 # 2867 # 1 # ID=26881_3;partial=00;start_type=TTG;rbs_motif=GGAG/GAGG;rbs_spacer=5-10bp;gc_cont=0.516	vanW gene in vanI cluster	3003724	Strict	30.42	115.82	glycopeptide antibiotic	antibiotic target alteration	vanW; glycopeptide resistance gene cluster	vancomycin; teicoplanin	False	chromosome_like	1		
RM2016_batch03_global10	ERR1713370	k141_610627	k141_610627_1 # 1026 # 2945 # 1 # ID=27421_1;partial=00;start_type=ATG;rbs_motif=AGGAGG;rbs_spacer=5-10bp;gc_cont=0.411	tet(32)	3000196	Strict	98.75	100.0	tetracycline antibiotic	antibiotic target protection	tetracycline-resistant ribosomal protection protein	tetracycline; doxycycline; minocycline; chlortetracycline; demeclocycline; oxytetracycline	True	plasmid_like		0.9935	
RM2016_batch03_global10	ERR1713370	k141_116056	k141_116056_2 # 1430 # 1774 # 1 # ID=28421_2;partial=00;start_type=ATG;rbs_motif=GGAG/GAGG;rbs_spacer=5-10bp;gc_cont=0.542	qacG	3007015	Strict	38.46	106.54	disinfecting agents and antiseptics	antibiotic efflux	small multidrug resistance (SMR) antibiotic efflux pump	benzalkonium chloride	False	chromosome_like	1		
RM2016_batch03_global10	ERR1713370	k141_17256	k141_17256_1 # 73 # 1125 # -1 # ID=29554_1;partial=01;start_type=Edge;rbs_motif=None;rbs_spacer=None;gc_cont=0.515	vanT gene in vanG cluster	3002972	Strict	36.14	49.16	glycopeptide antibiotic	antibiotic target alteration	glycopeptide resistance gene cluster; vanT	vancomycin	False	chromosome_like	1		
RM2016_batch03_global10	ERR1713370	k141_117027	k141_117027_3 # 1605 # 2468 # 1 # ID=29685_3;partial=00;start_type=ATG;rbs_motif=GGAG/GAGG;rbs_spacer=5-10bp;gc_cont=0.590	vanW gene in vanI cluster	3003724	Strict	26.4	76.94	glycopeptide antibiotic	antibiotic target alteration	vanW; glycopeptide resistance gene cluster	vancomycin; teicoplanin	False	chromosome_like	1		
RM2016_batch03_global10	ERR1713370	k141_408634	k141_408634_2 # 1396 # 4560 # -1 # ID=30691_2;partial=00;start_type=ATG;rbs_motif=GGAG/GAGG;rbs_spacer=5-10bp;gc_cont=0.648	adeF	3000777	Strict	43.77	99.53	fluoroquinolone antibiotic; tetracycline antibiotic	antibiotic efflux	resistance-nodulation-cell division (RND) antibiotic efflux pump	tetracycline	False	chromosome_like	1		
RM2016_batch03_global10	ERR1713370	k141_613916	k141_613916_1 # 131 # 2101 # 1 # ID=32782_1;partial=00;start_type=ATG;rbs_motif=GGAG/GAGG;rbs_spacer=5-10bp;gc_cont=0.401	tet(O)	3000190	Strict	52.02	102.66	tetracycline antibiotic	antibiotic target protection	tetracycline-resistant ribosomal protection protein	tetracycline; doxycycline; minocycline; chlortetracycline; demeclocycline; oxytetracycline	False	chromosome_like	1		
RM2016_batch03_global10	ERR1713370	k141_19712	k141_19712_8 # 4801 # 6147 # -1 # ID=33259_8;partial=00;start_type=TTG;rbs_motif=AGGA/GGAG/GAGG;rbs_spacer=11-12bp;gc_cont=0.523	vanW gene in vanI cluster	3003724	Strict	33.62	120.11	glycopeptide antibiotic	antibiotic target alteration	vanW; glycopeptide resistance gene cluster	vancomycin; teicoplanin	False	chromosome_like	1		
RM2016_batch03_global10	ERR1713370	k141_614769	k141_614769_2 # 356 # 859 # -1 # ID=34077_2;partial=00;start_type=ATG;rbs_motif=GGAG/GAGG;rbs_spacer=5-10bp;gc_cont=0.520	nimJ	3007112	Strict	55.56	101.21	nitroimidazole antibiotic	antibiotic inactivation	nitroimidazole reductase	metronidazole	False	chromosome_like	1		
RM2016_batch03_global10	ERR1713370	k141_218551	k141_218551_1 # 1 # 642 # -1 # ID=34218_1;partial=10;start_type=ATG;rbs_motif=GGA/GAG/AGG;rbs_spacer=5-10bp;gc_cont=0.430	vanW gene in vanG cluster	3002965	Strict	34.15	76.16	glycopeptide antibiotic	antibiotic target alteration	vanW; glycopeptide resistance gene cluster	vancomycin	False	chromosome_like	1		
RM2016_batch03_global10	ERR1713370	k141_318494	k141_318494_3 # 2079 # 3482 # -1 # ID=34487_3;partial=00;start_type=ATG;rbs_motif=AGGAG;rbs_spacer=5-10bp;gc_cont=0.385	vanW gene in vanI cluster	3003724	Strict	29.94	125.2	glycopeptide antibiotic	antibiotic target alteration	vanW; glycopeptide resistance gene cluster	vancomycin; teicoplanin	False	chromosome_like	1		
RM2016_batch03_global10	ERR1713370	k141_706551	k141_706551_2 # 226 # 1071 # -1 # ID=34512_2;partial=00;start_type=ATG;rbs_motif=None;rbs_spacer=None;gc_cont=0.537	aadA6	3002606	Perfect	100.0	100.0	aminoglycoside antibiotic	antibiotic inactivation	ANT(3'')	spectinomycin; streptomycin	False	chromosome_like	1		
RM2016_batch03_global10	ERR1713370	k141_219360	k141_219360_1 # 3 # 1979 # 1 # ID=35518_1;partial=10;start_type=Edge;rbs_motif=None;rbs_spacer=None;gc_cont=0.398	tet(W/N/W)	3004442	Strict	67.14	102.97	tetracycline antibiotic	antibiotic target protection	tetracycline-resistant ribosomal protection protein	tetracycline; minocycline; chlortetracycline	False	chromosome_like	1		
RM2016_batch03_global10	ERR1713370	k141_219451	k141_219451_2 # 1356 # 2177 # 1 # ID=35625_2;partial=00;start_type=ATG;rbs_motif=AGGA;rbs_spacer=5-10bp;gc_cont=0.507	lnuF	3002839	Strict	99.63	100.0	lincosamide antibiotic	antibiotic inactivation	lincosamide nucleotidyltransferase (LNU)	lincomycin; clindamycin	True	plasmid_like		0.9278	
RM2016_batch03_global10	ERR1713370	k141_21438	k141_21438_3 # 819 # 1169 # 1 # ID=35944_3;partial=00;start_type=ATG;rbs_motif=AGGAG;rbs_spacer=5-10bp;gc_cont=0.319	qacJ	3007014	Strict	42.0	108.41	disinfecting agents and antiseptics	antibiotic efflux	small multidrug resistance (SMR) antibiotic efflux pump	benzalkonium chloride	False	chromosome_like	1		
RM2016_batch03_global10	ERR1713370	k141_615993	k141_615993_1 # 3 # 1013 # 1 # ID=36123_1;partial=11;start_type=Edge;rbs_motif=None;rbs_spacer=None;gc_cont=0.526	vanW gene in vanI cluster	3003724	Strict	28.37	90.35	glycopeptide antibiotic	antibiotic target alteration	vanW; glycopeptide resistance gene cluster	vancomycin; teicoplanin	False	chromosome_like	1		
RM2016_batch03_global10	ERR1713370	k141_410842	k141_410842_2 # 605 # 1765 # 1 # ID=36181_2;partial=00;start_type=ATG;rbs_motif=AGGAGG;rbs_spacer=5-10bp;gc_cont=0.600	vanT gene in vanG cluster	3002972	Strict	35.04	54.21	glycopeptide antibiotic	antibiotic target alteration	glycopeptide resistance gene cluster; vanT	vancomycin	False	chromosome_like	1		
RM2016_batch03_global10	ERR1713370	k141_517055	k141_517055_7 # 6252 # 7373 # -1 # ID=36489_7;partial=00;start_type=ATG;rbs_motif=GGA/GAG/AGG;rbs_spacer=5-10bp;gc_cont=0.388	vanT gene in vanG cluster	3002972	Strict	35.99	52.39	glycopeptide antibiotic	antibiotic target alteration	glycopeptide resistance gene cluster; vanT	vancomycin	False	chromosome_like	1		
RM2016_batch03_global10	ERR1713370	k141_320025	k141_320025_1 # 163 # 1194 # 1 # ID=36927_1;partial=01;start_type=TTG;rbs_motif=GGAG/GAGG;rbs_spacer=5-10bp;gc_cont=0.572	vanT gene in vanG cluster	3002972	Strict	34.41	48.31	glycopeptide antibiotic	antibiotic target alteration	glycopeptide resistance gene cluster; vanT	vancomycin	False	chromosome_like	1		
RM2016_batch03_global10	ERR1713370	k141_122127	k141_122127_2 # 608 # 1423 # 1 # ID=37612_2;partial=00;start_type=ATG;rbs_motif=AGxAG;rbs_spacer=5-10bp;gc_cont=0.608	sul2	3000412	Perfect	100.0	100.0	sulfonamide antibiotic	antibiotic target replacement	sulfonamide resistant sul	sulfadiazine; sulfadimidine; sulfadoxine; sulfamethoxazole; sulfisoxazole; sulfacetamide; mafenide; sulfasalazine; sulfamethizole	True	plasmid_like		0.9893	
RM2016_batch03_global10	ERR1713370	k141_220967	k141_220967_6 # 6465 # 7373 # -1 # ID=37899_6;partial=01;start_type=Edge;rbs_motif=None;rbs_spacer=None;gc_cont=0.472	vanW gene in vanI cluster	3003724	Strict	28.95	80.97	glycopeptide antibiotic	antibiotic target alteration	vanW; glycopeptide resistance gene cluster	vancomycin; teicoplanin	False	chromosome_like	1		
RM2016_batch03_global10	ERR1713370	k141_320974	k141_320974_3 # 1718 # 3220 # 1 # ID=38506_3;partial=00;start_type=ATG;rbs_motif=AGGAG;rbs_spacer=5-10bp;gc_cont=0.552	vanW gene in vanI cluster	3003724	Strict	29.5	134.05	glycopeptide antibiotic	antibiotic target alteration	vanW; glycopeptide resistance gene cluster	vancomycin; teicoplanin	False	chromosome_like	1		
RM2016_batch03_global10	ERR1713370	k141_22918	k141_22918_5 # 4635 # 7772 # 1 # ID=38514_5;partial=00;start_type=ATG;rbs_motif=AGGAG;rbs_spacer=5-10bp;gc_cont=0.503	adeF	3000777	Strict	42.32	98.68	fluoroquinolone antibiotic; tetracycline antibiotic	antibiotic efflux	resistance-nodulation-cell division (RND) antibiotic efflux pump	tetracycline	False	chromosome_like	1		
RM2016_batch03_global10	ERR1713370	k141_411894	k141_411894_4 # 3457 # 5436 # -1 # ID=38979_4;partial=00;start_type=ATG;rbs_motif=None;rbs_spacer=None;gc_cont=0.601	vanT gene in vanG cluster	3002972	Strict	35.15	92.56	glycopeptide antibiotic	antibiotic target alteration	glycopeptide resistance gene cluster; vanT	vancomycin	False	chromosome_like	1		
RM2016_batch03_global10	ERR1713370	k141_618310	k141_618310_5 # 5747 # 8929 # 1 # ID=39643_5;partial=00;start_type=ATG;rbs_motif=GGAG/GAGG;rbs_spacer=5-10bp;gc_cont=0.524	adeF	3000777	Strict	44.19	100.09	fluoroquinolone antibiotic; tetracycline antibiotic	antibiotic efflux	resistance-nodulation-cell division (RND) antibiotic efflux pump	tetracycline	False	chromosome_like	1		
RM2016_batch03_global10	ERR1713370	k141_412175	k141_412175_4 # 2195 # 2695 # 1 # ID=39848_4;partial=00;start_type=ATG;rbs_motif=AGGAG;rbs_spacer=5-10bp;gc_cont=0.327	nimJ	3007112	Strict	60.13	100.61	nitroimidazole antibiotic	antibiotic inactivation	nitroimidazole reductase	metronidazole	True	plasmid_like		0.9942	
RM2016_batch03_global10	ERR1713370	k141_518916	k141_518916_51 # 49219 # 50379 # 1 # ID=39899_51;partial=00;start_type=ATG;rbs_motif=None;rbs_spacer=None;gc_cont=0.571	vanT gene in vanG cluster	3002972	Strict	32.32	54.21	glycopeptide antibiotic	antibiotic target alteration	glycopeptide resistance gene cluster; vanT	vancomycin	False	chromosome_like	1		
RM2016_batch03_global10	ERR1713370	k141_518964	k141_518964_14 # 15974 # 16468 # 1 # ID=40022_14;partial=00;start_type=ATG;rbs_motif=GGAG/GAGG;rbs_spacer=5-10bp;gc_cont=0.564	nimJ	3007112	Strict	57.59	99.39	nitroimidazole antibiotic	antibiotic inactivation	nitroimidazole reductase	metronidazole	False	chromosome_like	1		
RM2016_batch03_global10	ERR1713370	k141_24573	k141_24573_2 # 989 # 2524 # 1 # ID=41081_2;partial=01;start_type=ATG;rbs_motif=GGAGG;rbs_spacer=5-10bp;gc_cont=0.532	tet(W)	3000194	Strict	98.63	80.13	tetracycline antibiotic	antibiotic target protection	tetracycline-resistant ribosomal protection protein	tetracycline; doxycycline; minocycline; chlortetracycline; demeclocycline; oxytetracycline	True	plasmid_like		0.9606	
RM2016_batch03_global10	ERR1713370	k141_519675	k141_519675_3 # 739 # 1083 # -1 # ID=41083_3;partial=00;start_type=ATG;rbs_motif=GGA/GAG/AGG;rbs_spacer=11-12bp;gc_cont=0.333	qacG	3007015	Strict	47.12	106.54	disinfecting agents and antiseptics	antibiotic efflux	small multidrug resistance (SMR) antibiotic efflux pump	benzalkonium chloride	True	plasmid_like		0.9918	
RM2016_batch03_global10	ERR1713370	k141_520224	k141_520224_2 # 1191 # 1523 # -1 # ID=42109_2;partial=00;start_type=GTG;rbs_motif=AGGAG;rbs_spacer=5-10bp;gc_cont=0.520	qacL	3005098	Strict	93.64	100.0	disinfecting agents and antiseptics	antibiotic efflux	small multidrug resistance (SMR) antibiotic efflux pump		False	chromosome_like	1		
RM2016_batch03_global10	ERR1713370	k141_520358	k141_520358_3 # 517 # 1584 # -1 # ID=42311_3;partial=01;start_type=Edge;rbs_motif=None;rbs_spacer=None;gc_cont=0.528	vanW gene in vanI cluster	3003724	Strict	30.29	95.17	glycopeptide antibiotic	antibiotic target alteration	vanW; glycopeptide resistance gene cluster	vancomycin; teicoplanin	False	chromosome_like	1		
RM2016_batch03_global10	ERR1713370	k141_125120	k141_125120_1 # 2 # 1057 # -1 # ID=42341_1;partial=10;start_type=ATG;rbs_motif=AGGAG;rbs_spacer=5-10bp;gc_cont=0.353	vanW gene in vanI cluster	3003724	Strict	33.57	94.37	glycopeptide antibiotic	antibiotic target alteration	vanW; glycopeptide resistance gene cluster	vancomycin; teicoplanin	False	chromosome_like	1		
RM2016_batch03_global10	ERR1713370	k141_620050	k141_620050_10 # 10111 # 10455 # -1 # ID=42404_10;partial=00;start_type=ATG;rbs_motif=GGA/GAG/AGG;rbs_spacer=5-10bp;gc_cont=0.397	qacJ	3007014	Strict	42.45	106.54	disinfecting agents and antiseptics	antibiotic efflux	small multidrug resistance (SMR) antibiotic efflux pump	benzalkonium chloride	False	chromosome_like	1		
RM2016_batch03_global10	ERR1713370	k141_621106	k141_621106_1 # 354 # 1010 # 1 # ID=44029_1;partial=00;start_type=ATG;rbs_motif=GGAG/GAGG;rbs_spacer=5-10bp;gc_cont=0.382	QnrVC4	3002801	Perfect	100.0	100.0	fluoroquinolone antibiotic	antibiotic target protection	quinolone resistance protein (qnr)	ciprofloxacin; levofloxacin; moxifloxacin; gatifloxacin; nalidixic acid; norfloxacin; sparfloxacin	False	chromosome_like	1		
RM2016_batch03_global10	ERR1713370	k141_621916	k141_621916_2 # 215 # 1435 # 1 # ID=45252_2;partial=00;start_type=ATG;rbs_motif=GGA/GAG/AGG;rbs_spacer=5-10bp;gc_cont=0.498	EreA	3000361	Strict	93.84	100.0	macrolide antibiotic	antibiotic inactivation	macrolide esterase	erythromycin; roxithromycin; clarithromycin	True	plasmid_like		0.752	
RM2016_batch03_global10	ERR1713370	k141_621916	k141_621916_3 # 1545 # 2177 # 1 # ID=45252_3;partial=00;start_type=ATG;rbs_motif=GGA/GAG/AGG;rbs_spacer=5-10bp;gc_cont=0.494	catB3	3002676	Perfect	100.0	100.0	phenicol antibiotic	antibiotic inactivation	chloramphenicol acetyltransferase (CAT)	azidamfenicol; chloramphenicol; thiamphenicol	True	plasmid_like		0.752	
RM2016_batch03_global10	ERR1713370	k141_621916	k141_621916_4 # 2247 # 3047 # 1 # ID=45252_4;partial=00;start_type=ATG;rbs_motif=AGGA;rbs_spacer=5-10bp;gc_cont=0.472	OXA-732	3005937	Perfect	100.0	100.0	carbapenem; cephalosporin; penam	antibiotic inactivation	OXA beta-lactamase	cloxacillin; oxacillin; cefalotin	True	plasmid_like		0.752	
RM2016_batch03_global10	ERR1713370	k141_326845	k141_326845_12 # 9648 # 10331 # -1 # ID=47428_12;partial=00;start_type=TTG;rbs_motif=GGxGG;rbs_spacer=5-10bp;gc_cont=0.487	vanX gene in vanA cluster	3002949	Strict	49.5	112.38	glycopeptide antibiotic	antibiotic target alteration	vanX; glycopeptide resistance gene cluster	vancomycin; teicoplanin	False	chromosome_like	1		
RM2016_batch03_global10	ERR1713370	k141_523906	k141_523906_5 # 2188 # 2682 # -1 # ID=47881_5;partial=00;start_type=ATG;rbs_motif=GGAGG;rbs_spacer=5-10bp;gc_cont=0.354	lnuD	3002838	Strict	84.15	100.0	lincosamide antibiotic	antibiotic inactivation	lincosamide nucleotidyltransferase (LNU)	lincomycin; clindamycin	False	chromosome_like	1		
RM2016_batch03_global10	ERR1713370	k141_712251	k141_712251_4 # 1436 # 1768 # -1 # ID=48678_4;partial=00;start_type=ATG;rbs_motif=GGAGG;rbs_spacer=5-10bp;gc_cont=0.384	qacG	3007015	Strict	38.32	102.8	disinfecting agents and antiseptics	antibiotic efflux	small multidrug resistance (SMR) antibiotic efflux pump	benzalkonium chloride	False	chromosome_like	1		
RM2016_batch03_global10	ERR1713370	k141_129031	k141_129031_2 # 492 # 836 # 1 # ID=48954_2;partial=00;start_type=ATG;rbs_motif=GGAG/GAGG;rbs_spacer=5-10bp;gc_cont=0.501	qacG	3007015	Strict	39.42	106.54	disinfecting agents and antiseptics	antibiotic efflux	small multidrug resistance (SMR) antibiotic efflux pump	benzalkonium chloride	False	chromosome_like	1		
RM2016_batch03_global10	ERR1713370	k141_31163	k141_31163_2 # 566 # 1429 # -1 # ID=51655_2;partial=00;start_type=ATG;rbs_motif=GGA/GAG/AGG;rbs_spacer=5-10bp;gc_cont=0.532	GES-2	3002331	Perfect	100.0	100.0	carbapenem; cephalosporin; penam	antibiotic inactivation	GES beta-lactamase		True	plasmid_like		0.9897	
RM2016_batch03_global10	ERR1713370	k141_31393	k141_31393_1 # 1 # 1017 # -1 # ID=51965_1;partial=11;start_type=Edge;rbs_motif=None;rbs_spacer=None;gc_cont=0.572	vanW gene in vanI cluster	3003724	Strict	35.33	90.88	glycopeptide antibiotic	antibiotic target alteration	vanW; glycopeptide resistance gene cluster	vancomycin; teicoplanin	False	chromosome_like	1		
RM2016_batch03_global10	ERR1713370	k141_626723	k141_626723_4 # 1418 # 2260 # -1 # ID=52983_4;partial=00;start_type=ATG;rbs_motif=TAA;rbs_spacer=11bp;gc_cont=0.375	OXA-58	3001611	Perfect	100.0	100.0	carbapenem; cephalosporin; penam	antibiotic inactivation	OXA beta-lactamase	cloxacillin; oxacillin; cefalotin	False	chromosome_like	1		
RM2016_batch03_global10	ERR1713370	k141_527312	k141_527312_12 # 5255 # 5743 # -1 # ID=53063_12;partial=00;start_type=ATG;rbs_motif=AGGAGG;rbs_spacer=5-10bp;gc_cont=0.468	nimB	3004655	Strict	53.12	98.78	nitroimidazole antibiotic	antibiotic inactivation	nitroimidazole reductase	metronidazole	False	chromosome_like	1		
RM2016_batch03_global10	ERR1713370	k141_131971	k141_131971_1 # 3 # 956 # -1 # ID=53384_1;partial=10;start_type=TTG;rbs_motif=GGAG/GAGG;rbs_spacer=5-10bp;gc_cont=0.615	vanT gene in vanG cluster	3002972	Strict	34.38	44.66	glycopeptide antibiotic	antibiotic target alteration	glycopeptide resistance gene cluster; vanT	vancomycin	False	chromosome_like	1		
RM2016_batch03_global10	ERR1713370	k141_418253	k141_418253_2 # 565 # 1050 # 1 # ID=53869_2;partial=00;start_type=ATG;rbs_motif=GGAG/GAGG;rbs_spacer=5-10bp;gc_cont=0.459	nimG	3007109	Strict	49.38	98.17	nitroimidazole antibiotic	antibiotic inactivation	nitroimidazole reductase	metronidazole	False	chromosome_like	1		
RM2016_batch03_global10	ERR1713370	k141_627365	k141_627365_2 # 1658 # 2755 # -1 # ID=53930_2;partial=00;start_type=ATG;rbs_motif=None;rbs_spacer=None;gc_cont=0.659	vanT gene in vanG cluster	3002972	Strict	34.92	51.26	glycopeptide antibiotic	antibiotic target alteration	glycopeptide resistance gene cluster; vanT	vancomycin	False	chromosome_like	1		
RM2016_batch03_global10	ERR1713370	k141_715179	k141_715179_1 # 139 # 1038 # -1 # ID=55602_1;partial=00;start_type=ATG;rbs_motif=AGGAG;rbs_spacer=5-10bp;gc_cont=0.313	VEB-1	3002370	Perfect	100.0	100.0	monobactam; cephalosporin	antibiotic inactivation	VEB beta-lactamase		False	chromosome_like	1		
RM2016_batch03_global10	ERR1713370	k141_529070	k141_529070_1 # 2 # 706 # 1 # ID=55689_1;partial=10;start_type=Edge;rbs_motif=None;rbs_spacer=None;gc_cont=0.533	vanW gene in vanI cluster	3003724	Strict	38.73	62.73	glycopeptide antibiotic	antibiotic target alteration	vanW; glycopeptide resistance gene cluster	vancomycin; teicoplanin	False	chromosome_like	1		
RM2016_batch03_global10	ERR1713370	k141_628787	k141_628787_2 # 381 # 1601 # 1 # ID=55965_2;partial=00;start_type=ATG;rbs_motif=GGA/GAG/AGG;rbs_spacer=5-10bp;gc_cont=0.498	EreA	3000361	Strict	98.77	100.0	macrolide antibiotic	antibiotic inactivation	macrolide esterase	erythromycin; roxithromycin; clarithromycin	False	chromosome_like	1		
RM2016_batch03_global10	ERR1713370	k141_715672	k141_715672_1 # 233 # 883 # 1 # ID=56589_1;partial=00;start_type=ATG;rbs_motif=AGGAG;rbs_spacer=5-10bp;gc_cont=0.389	Vibrio anguillarum chloramphenicol acetyltransferase	3004460	Perfect	100.0	100.0	phenicol antibiotic	antibiotic inactivation	chloramphenicol acetyltransferase (CAT)	chloramphenicol	False	chromosome_like	1		
RM2016_batch03_global10	ERR1713370	k141_529895	k141_529895_1 # 3 # 1571 # 1 # ID=56975_1;partial=10;start_type=Edge;rbs_motif=None;rbs_spacer=None;gc_cont=0.564	vanW gene in vanI cluster	3003724	Strict	30.56	139.95	glycopeptide antibiotic	antibiotic target alteration	vanW; glycopeptide resistance gene cluster	vancomycin; teicoplanin	False	chromosome_like	1		
RM2016_batch03_global10	ERR1713370	k141_34897	k141_34897_1 # 259 # 1377 # -1 # ID=57575_1;partial=00;start_type=GTG;rbs_motif=GGAGG;rbs_spacer=5-10bp;gc_cont=0.606	vanT gene in vanG cluster	3002972	Strict	33.33	52.25	glycopeptide antibiotic	antibiotic target alteration	glycopeptide resistance gene cluster; vanT	vancomycin	False	chromosome_like	1		
RM2016_batch03_global10	ERR1713370	k141_333689	k141_333689_18 # 15320 # 16453 # -1 # ID=57831_18;partial=00;start_type=ATG;rbs_motif=GGA/GAG/AGG;rbs_spacer=11-12bp;gc_cont=0.506	EC-15	3006876	Strict	98.41	100.0	cephalosporin	antibiotic inactivation	EC beta-lactamase		False	chromosome_like	1		
RM2016_batch03_global10	ERR1713370	k141_134861	k141_134861_1 # 83 # 1339 # -1 # ID=57851_1;partial=00;start_type=ATG;rbs_motif=AGGAG/GGAGG;rbs_spacer=11-12bp;gc_cont=0.645	vanW gene in vanI cluster	3003724	Strict	35.47	112.06	glycopeptide antibiotic	antibiotic target alteration	vanW; glycopeptide resistance gene cluster	vancomycin; teicoplanin	False	chromosome_like	1		
RM2016_batch03_global10	ERR1713370	k141_233880	k141_233880_3 # 2247 # 3995 # -1 # ID=58333_3;partial=00;start_type=ATG;rbs_motif=None;rbs_spacer=None;gc_cont=0.507	msbA	3003950	Strict	99.66	100.0	nitroimidazole antibiotic	antibiotic efflux	ATP-binding cassette (ABC) antibiotic efflux pump	metronidazole	False	chromosome_like	1		
RM2016_batch03_global10	ERR1713370	k141_234121	k141_234121_7 # 6328 # 8046 # 1 # ID=58675_7;partial=00;start_type=ATG;rbs_motif=None;rbs_spacer=None;gc_cont=0.510	vanW gene in vanI cluster	3003724	Strict	27.99	153.35	glycopeptide antibiotic	antibiotic target alteration	vanW; glycopeptide resistance gene cluster	vancomycin; teicoplanin	False	chromosome_like	1		
RM2016_batch03_global10	ERR1713370	k141_531098	k141_531098_9 # 8403 # 9536 # -1 # ID=58826_9;partial=00;start_type=GTG;rbs_motif=GGA/GAG/AGG;rbs_spacer=11-12bp;gc_cont=0.744	vanT gene in vanG cluster	3002972	Strict	32.98	52.95	glycopeptide antibiotic	antibiotic target alteration	glycopeptide resistance gene cluster; vanT	vancomycin	False	chromosome_like	1		
RM2016_batch03_global10	ERR1713370	k141_35894	k141_35894_6 # 4043 # 4573 # 1 # ID=59241_6;partial=00;start_type=ATG;rbs_motif=GGAG/GAGG;rbs_spacer=5-10bp;gc_cont=0.492	emrR	3000516	Perfect	100.0	100.0	fluoroquinolone antibiotic	antibiotic efflux	major facilitator superfamily (MFS) antibiotic efflux pump	nalidixic acid	True	plasmid_like		0.8451	
RM2016_batch03_global10	ERR1713370	k141_35894	k141_35894_7 # 4700 # 5818 # 1 # ID=59241_7;partial=01;start_type=ATG;rbs_motif=GGAG/GAGG;rbs_spacer=5-10bp;gc_cont=0.538	emrA	3000027	Strict	99.2	95.64	fluoroquinolone antibiotic	antibiotic efflux	major facilitator superfamily (MFS) antibiotic efflux pump	nalidixic acid	True	plasmid_like		0.8451	
RM2016_batch03_global10	ERR1713370	k141_334957	k141_334957_1 # 3 # 1016 # -1 # ID=59933_1;partial=10;start_type=ATG;rbs_motif=GGA/GAG/AGG;rbs_spacer=5-10bp;gc_cont=0.624	vanT gene in vanG cluster	3002972	Strict	34.23	47.47	glycopeptide antibiotic	antibiotic target alteration	glycopeptide resistance gene cluster; vanT	vancomycin	False	chromosome_like	1		
RM2016_batch03_global10	ERR1713370	k141_335623	k141_335623_1 # 597 # 2081 # 1 # ID=60993_1;partial=00;start_type=ATG;rbs_motif=GGAGG;rbs_spacer=5-10bp;gc_cont=0.320	lsaE	3003206	Strict	99.39	100.0	lincosamide antibiotic; streptogramin antibiotic; pleuromutilin antibiotic	antibiotic target protection	lsa-type ABC-F protein	lincomycin; pleuromutilin	True	plasmid_like		0.7134	
RM2016_batch03_global10	ERR1713370	k141_335623	k141_335623_2 # 2135 # 2938 # 1 # ID=60993_2;partial=00;start_type=ATG;rbs_motif=GGA/GAG/AGG;rbs_spacer=5-10bp;gc_cont=0.310	lnuB	3002836	Strict	98.88	100.0	lincosamide antibiotic	antibiotic inactivation	lincosamide nucleotidyltransferase (LNU)	lincomycin; clindamycin	True	plasmid_like		0.7134	
RM2016_batch03_global10	ERR1713370	k141_421912	k141_421912_21 # 22082 # 24040 # 1 # ID=62302_21;partial=01;start_type=TTG;rbs_motif=AGGAG;rbs_spacer=5-10bp;gc_cont=0.720	tetB(P)	3000195	Strict	37.69	100.15	tetracycline antibiotic	antibiotic target protection	tetracycline-resistant ribosomal protection protein	tetracycline; doxycycline; minocycline; chlortetracycline; demeclocycline; oxytetracycline	False	chromosome_like	1		
RM2016_batch03_global10	ERR1713370	k141_633923	k141_633923_2 # 380 # 1180 # -1 # ID=64143_2;partial=00;start_type=ATG;rbs_motif=AGxAG;rbs_spacer=5-10bp;gc_cont=0.342	ErmF	3000498	Strict	98.5	100.0	macrolide antibiotic; lincosamide antibiotic; streptogramin antibiotic; streptogramin A antibiotic; streptogramin B antibiotic	antibiotic target alteration	Erm 23S ribosomal RNA methyltransferase	erythromycin; roxithromycin; lincomycin; telithromycin; clarithromycin; clindamycin; tylosin; spiramycin; azithromycin; dirithromycin; pristinamycin IA; quinupristin; virginiamycin M1; madumycin II; griseoviridin; dalfopristin; pristinamycin IB; virginiamycin S2; pristinamycin IC; vernamycin C; patricin A; patricin B; ostreogrycin B3; oleandomycin	False	chromosome_like	1		
RM2016_batch03_global10	ERR1713370	k141_534679	k141_534679_3 # 2703 # 3491 # -1 # ID=64495_3;partial=00;start_type=ATG;rbs_motif=GGAG/GAGG;rbs_spacer=5-10bp;gc_cont=0.445	aadA27	3004682	Strict	99.62	100.0	aminoglycoside antibiotic	antibiotic inactivation	ANT(3'')	spectinomycin; streptomycin	True	plasmid_like		0.9957	
RM2016_batch03_global10	ERR1713370	k141_39696	k141_39696_3 # 716 # 1906 # -1 # ID=65314_3;partial=00;start_type=ATG;rbs_motif=GGA/GAG/AGG;rbs_spacer=5-10bp;gc_cont=0.613	tet(C)	3000167	Strict	99.75	100.0	tetracycline antibiotic	antibiotic efflux	major facilitator superfamily (MFS) antibiotic efflux pump	tetracycline	True	plasmid_like		0.9587	
RM2016_batch03_global10	ERR1713370	k141_636134	k141_636134_1 # 139 # 861 # -1 # ID=67586_1;partial=00;start_type=ATG;rbs_motif=GGA/GAG/AGG;rbs_spacer=5-10bp;gc_cont=0.606	baeR	3000828	Strict	92.47	100.0	aminoglycoside antibiotic; aminocoumarin antibiotic	antibiotic efflux	resistance-nodulation-cell division (RND) antibiotic efflux pump	novobiocin	False	chromosome_like	1		
RM2016_batch03_global10	ERR1713370	k141_537252	k141_537252_5 # 2621 # 3775 # 1 # ID=68572_5;partial=00;start_type=ATG;rbs_motif=GGA/GAG/AGG;rbs_spacer=5-10bp;gc_cont=0.363	vanT gene in vanG cluster	3002972	Strict	33.51	53.93	glycopeptide antibiotic	antibiotic target alteration	glycopeptide resistance gene cluster; vanT	vancomycin	False	chromosome_like	1		
RM2016_batch03_global10	ERR1713370	k141_241615	k141_241615_2 # 425 # 1546 # -1 # ID=69949_2;partial=00;start_type=ATG;rbs_motif=GGA/GAG/AGG;rbs_spacer=5-10bp;gc_cont=0.518	vanT gene in vanG cluster	3002972	Strict	37.43	52.39	glycopeptide antibiotic	antibiotic target alteration	glycopeptide resistance gene cluster; vanT	vancomycin	False	chromosome_like	1		
RM2016_batch03_global10	ERR1713370	k141_43503	k141_43503_4 # 3483 # 6623 # -1 # ID=70931_4;partial=00;start_type=ATG;rbs_motif=None;rbs_spacer=None;gc_cont=0.534	adeF	3000777	Strict	41.81	98.77	fluoroquinolone antibiotic; tetracycline antibiotic	antibiotic efflux	resistance-nodulation-cell division (RND) antibiotic efflux pump	tetracycline	False	chromosome_like	1		
RM2016_batch03_global10	ERR1713370	k141_721631	k141_721631_2 # 266 # 1438 # -1 # ID=70967_2;partial=00;start_type=ATG;rbs_motif=GGAG/GAGG;rbs_spacer=5-10bp;gc_cont=0.595	Klebsiella pneumoniae KpnG	3004588	Strict	99.23	100.0	macrolide antibiotic; fluoroquinolone antibiotic; aminoglycoside antibiotic; carbapenem; cephalosporin; penam; peptide antibiotic; penem	antibiotic efflux	major facilitator superfamily (MFS) antibiotic efflux pump	erythromycin; gentamicin C; ciprofloxacin; spectinomycin; streptomycin; tobramycin; ceftazidime; ertapenem; piperacillin; azithromycin; imipenem; polymyxin B; polymyxin B1; polymyxin B2; polymyxin B3; polymyxin B4; norfloxacin; ticarcillin; gentamicin	False	chromosome_like	1		
RM2016_batch03_global10	ERR1713370	k141_539167	k141_539167_7 # 5714 # 8890 # 1 # ID=71787_7;partial=00;start_type=ATG;rbs_motif=GGAGG;rbs_spacer=5-10bp;gc_cont=0.468	adeF	3000777	Strict	41.78	99.91	fluoroquinolone antibiotic; tetracycline antibiotic	antibiotic efflux	resistance-nodulation-cell division (RND) antibiotic efflux pump	tetracycline	False	chromosome_like	1		
RM2016_batch03_global10	ERR1713370	k141_425877	k141_425877_3 # 1574 # 4687 # -1 # ID=71901_3;partial=00;start_type=ATG;rbs_motif=GGA/GAG/AGG;rbs_spacer=5-10bp;gc_cont=0.530	mdtF	3000796	Perfect	100.0	100.0	macrolide antibiotic; fluoroquinolone antibiotic; penam	antibiotic efflux	resistance-nodulation-cell division (RND) antibiotic efflux pump	erythromycin; cloxacillin; oxacillin; norfloxacin	False	chromosome_like	1		
RM2016_batch03_global10	ERR1713370	k141_425877	k141_425877_4 # 4712 # 5869 # -1 # ID=71901_4;partial=00;start_type=ATG;rbs_motif=GGA/GAG/AGG;rbs_spacer=5-10bp;gc_cont=0.547	mdtE	3000795	Perfect	100.0	100.0	macrolide antibiotic; fluoroquinolone antibiotic; penam	antibiotic efflux	resistance-nodulation-cell division (RND) antibiotic efflux pump	erythromycin; cloxacillin; oxacillin; norfloxacin	False	chromosome_like	1		
RM2016_batch03_global10	ERR1713370	k141_539296	k141_539296_1 # 1 # 1074 # 1 # ID=72032_1;partial=10;start_type=Edge;rbs_motif=None;rbs_spacer=None;gc_cont=0.415	CARB-3	3002242	Strict	99.67	117.43	penam	antibiotic inactivation	CARB beta-lactamase		False	chromosome_like	1		
RM2016_batch03_global10	ERR1713370	k141_539296	k141_539296_2 # 1224 # 1856 # 1 # ID=72032_2;partial=00;start_type=ATG;rbs_motif=GGA/GAG/AGG;rbs_spacer=5-10bp;gc_cont=0.442	catB11	3004660	Strict	99.52	100.0	phenicol antibiotic	antibiotic inactivation	chloramphenicol acetyltransferase (CAT)	chloramphenicol	False	chromosome_like	1		
RM2016_batch03_global10	ERR1713370	k141_44327	k141_44327_2 # 504 # 1502 # -1 # ID=72149_2;partial=01;start_type=Edge;rbs_motif=None;rbs_spacer=None;gc_cont=0.387	vanT gene in vanG cluster	3002972	Strict	37.58	46.63	glycopeptide antibiotic	antibiotic target alteration	glycopeptide resistance gene cluster; vanT	vancomycin	False	chromosome_like	1		
RM2016_batch03_global10	ERR1713370	k141_539544	k141_539544_4 # 2703 # 3863 # -1 # ID=72428_4;partial=00;start_type=ATG;rbs_motif=GGAG/GAGG;rbs_spacer=5-10bp;gc_cont=0.649	vanT gene in vanG cluster	3002972	Strict	35.56	54.21	glycopeptide antibiotic	antibiotic target alteration	glycopeptide resistance gene cluster; vanT	vancomycin	False	chromosome_like	1		
RM2016_batch03_global10	ERR1713370	k141_539592	k141_539592_5 # 4475 # 5587 # 1 # ID=72482_5;partial=00;start_type=ATG;rbs_motif=GGAG/GAGG;rbs_spacer=5-10bp;gc_cont=0.583	vanT gene in vanG cluster	3002972	Strict	33.33	51.97	glycopeptide antibiotic	antibiotic target alteration	glycopeptide resistance gene cluster; vanT	vancomycin	False	chromosome_like	1		
RM2016_batch03_global10	ERR1713370	k141_639395	k141_639395_1 # 3 # 857 # 1 # ID=72670_1;partial=10;start_type=Edge;rbs_motif=None;rbs_spacer=None;gc_cont=0.457	vanY gene in vanB cluster	3002956	Strict	39.27	105.97	glycopeptide antibiotic	antibiotic target alteration	vanY; glycopeptide resistance gene cluster	vancomycin	False	chromosome_like	1		
RM2016_batch03_global10	ERR1713370	k141_640174	k141_640174_1 # 2 # 1030 # 1 # ID=73773_1;partial=11;start_type=Edge;rbs_motif=None;rbs_spacer=None;gc_cont=0.332	tet(36)	3000197	Strict	66.57	53.59	tetracycline antibiotic	antibiotic target protection	tetracycline-resistant ribosomal protection protein	tetracycline; doxycycline; minocycline; chlortetracycline; demeclocycline; oxytetracycline	False	chromosome_like	1		
RM2016_batch03_global10	ERR1713370	k141_46022	k141_46022_1 # 340 # 1560 # 1 # ID=74521_1;partial=00;start_type=ATG;rbs_motif=AGGAGG;rbs_spacer=5-10bp;gc_cont=0.565	tet(40)	3000567	Strict	98.52	100.0	tetracycline antibiotic	antibiotic efflux	major facilitator superfamily (MFS) antibiotic efflux pump	tetracycline	False	chromosome_like	1		
RM2016_batch03_global10	ERR1713370	k141_427074	k141_427074_5 # 3459 # 4853 # -1 # ID=74848_5;partial=01;start_type=Edge;rbs_motif=None;rbs_spacer=None;gc_cont=0.508	vanW gene in vanI cluster	3003724	Strict	27.27	124.4	glycopeptide antibiotic	antibiotic target alteration	vanW; glycopeptide resistance gene cluster	vancomycin; teicoplanin	False	chromosome_like	1		
RM2016_batch03_global10	ERR1713370	k141_46284	k141_46284_2 # 662 # 2020 # -1 # ID=74926_2;partial=00;start_type=ATG;rbs_motif=GGAG/GAGG;rbs_spacer=5-10bp;gc_cont=0.570	vanW gene in vanI cluster	3003724	Strict	30.79	121.18	glycopeptide antibiotic	antibiotic target alteration	vanW; glycopeptide resistance gene cluster	vancomycin; teicoplanin	False	chromosome_like	1		
RM2016_batch03_global10	ERR1713370	k141_541134	k141_541134_3 # 1472 # 2251 # 1 # ID=75066_3;partial=00;start_type=ATG;rbs_motif=AGGA;rbs_spacer=5-10bp;gc_cont=0.331	APH(3')-VIa	3002652	Strict	98.84	100.0	aminoglycoside antibiotic	antibiotic inactivation	APH(3')	neomycin; amikacin; ribostamycin; butirosin; kanamycin A; isepamicin; gentamicin B; paromomycin; gentamicin	False	chromosome_like	1		
RM2016_batch03_global10	ERR1713370	k141_427253	k141_427253_1 # 2 # 1177 # 1 # ID=75297_1;partial=10;start_type=Edge;rbs_motif=None;rbs_spacer=None;gc_cont=0.379	vanW gene in vanI cluster	3003724	Strict	32.42	104.83	glycopeptide antibiotic	antibiotic target alteration	vanW; glycopeptide resistance gene cluster	vancomycin; teicoplanin	False	chromosome_like	1		
RM2016_batch03_global10	ERR1713370	k141_47214	k141_47214_2 # 671 # 1156 # 1 # ID=76501_2;partial=00;start_type=ATG;rbs_motif=GGAG/GAGG;rbs_spacer=5-10bp;gc_cont=0.387	nimG	3007109	Strict	55.21	98.17	nitroimidazole antibiotic	antibiotic inactivation	nitroimidazole reductase	metronidazole	False	chromosome_like	1		
RM2016_batch03_global10	ERR1713370	k141_642031	k141_642031_2 # 401 # 943 # -1 # ID=76620_2;partial=00;start_type=GTG;rbs_motif=AGxAGG/AGGxGG;rbs_spacer=5-10bp;gc_cont=0.379	SAT-4	3002897	Strict	99.44	100.0	nucleoside antibiotic	antibiotic inactivation	streptothricin acetyltransferase (SAT)	streptothricin	False	chromosome_like	1		
RM2016_batch03_global10	ERR1713370	k141_246305	k141_246305_10 # 9245 # 9997 # 1 # ID=76650_10;partial=00;start_type=ATG;rbs_motif=GGA/GAG/AGG;rbs_spacer=5-10bp;gc_cont=0.533	vanY gene in vanF cluster	3002958	Strict	34.39	85.32	glycopeptide antibiotic	antibiotic target alteration	vanY; glycopeptide resistance gene cluster	vancomycin	False	chromosome_like	1		
RM2016_batch03_global10	ERR1713370	k141_428041	k141_428041_3 # 868 # 1722 # -1 # ID=76783_3;partial=00;start_type=ATG;rbs_motif=AGGAG;rbs_spacer=5-10bp;gc_cont=0.561	ErmX	3000596	Strict	89.79	100.0	macrolide antibiotic; lincosamide antibiotic; streptogramin antibiotic; streptogramin A antibiotic; streptogramin B antibiotic	antibiotic target alteration	Erm 23S ribosomal RNA methyltransferase	erythromycin; roxithromycin; lincomycin; telithromycin; clarithromycin; clindamycin; tylosin; spiramycin; azithromycin; dirithromycin; pristinamycin IA; quinupristin; virginiamycin M1; madumycin II; griseoviridin; dalfopristin; pristinamycin IB; virginiamycin S2; pristinamycin IC; vernamycin C; patricin A; patricin B; ostreogrycin B3; oleandomycin	True	plasmid_like		0.9648	
RM2016_batch03_global10	ERR1713370	k141_246699	k141_246699_1 # 181 # 1146 # 1 # ID=77271_1;partial=00;start_type=ATG;rbs_motif=TATAA;rbs_spacer=11bp;gc_cont=0.357	CfxA3	3003003	Strict	99.69	100.0	cephamycin	antibiotic inactivation	CfxA beta-lactamase		False	chromosome_like	1		
RM2016_batch03_global10	ERR1713370	k141_147881	k141_147881_1 # 486 # 1313 # -1 # ID=77406_1;partial=00;start_type=ATG;rbs_motif=AGGA;rbs_spacer=5-10bp;gc_cont=0.499	OXA-2	3001397	Perfect	100.0	100.0	carbapenem; cephalosporin; penam	antibiotic inactivation	OXA beta-lactamase	cloxacillin; oxacillin; ceftazidime; amoxicillin; meropenem; ampicillin; cefalotin	False	chromosome_like	1		
RM2016_batch03_global10	ERR1713370	k141_642667	k141_642667_8 # 9226 # 12378 # -1 # ID=77501_8;partial=00;start_type=ATG;rbs_motif=GGA/GAG/AGG;rbs_spacer=5-10bp;gc_cont=0.655	adeF	3000777	Strict	43.04	99.15	fluoroquinolone antibiotic; tetracycline antibiotic	antibiotic efflux	resistance-nodulation-cell division (RND) antibiotic efflux pump	tetracycline	False	chromosome_like	1		
RM2016_batch03_global10	ERR1713370	k141_725435	k141_725435_3 # 1233 # 2096 # 1 # ID=79869_3;partial=00;start_type=ATG;rbs_motif=AGGA;rbs_spacer=5-10bp;gc_cont=0.557	sul4	3004361	Perfect	100.0	100.0	sulfonamide antibiotic	antibiotic target replacement	sulfonamide resistant sul	sulfamethoxazole	False	chromosome_like	1		
RM2016_batch03_global10	ERR1713370	k141_725625	k141_725625_4 # 3245 # 4123 # -1 # ID=80123_4;partial=00;start_type=ATG;rbs_motif=AGGA;rbs_spacer=5-10bp;gc_cont=0.565	sul4	3004361	Strict	89.0	101.74	sulfonamide antibiotic	antibiotic target replacement	sulfonamide resistant sul	sulfamethoxazole	False	chromosome_like	1		
RM2016_batch03_global10	ERR1713370	k141_429628	k141_429628_1 # 125 # 3238 # -1 # ID=80261_1;partial=01;start_type=Edge;rbs_motif=None;rbs_spacer=None;gc_cont=0.510	adeF	3000777	Strict	42.83	97.92	fluoroquinolone antibiotic; tetracycline antibiotic	antibiotic efflux	resistance-nodulation-cell division (RND) antibiotic efflux pump	tetracycline	False	chromosome_like	1		
RM2016_batch03_global10	ERR1713370	k141_249372	k141_249372_2 # 110 # 3316 # -1 # ID=81639_2;partial=00;start_type=ATG;rbs_motif=AGxAGG/AGGxGG;rbs_spacer=5-10bp;gc_cont=0.571	adeF	3000777	Strict	43.85	100.85	fluoroquinolone antibiotic; tetracycline antibiotic	antibiotic efflux	resistance-nodulation-cell division (RND) antibiotic efflux pump	tetracycline	False	chromosome_like	1		
RM2016_batch03_global10	ERR1713370	k141_645892	k141_645892_13 # 15530 # 16705 # 1 # ID=82163_13;partial=00;start_type=ATG;rbs_motif=AGGAGG;rbs_spacer=5-10bp;gc_cont=0.616	vanT gene in vanG cluster	3002972	Strict	33.8	54.92	glycopeptide antibiotic	antibiotic target alteration	glycopeptide resistance gene cluster; vanT	vancomycin	False	chromosome_like	1		
RM2016_batch03_global10	ERR1713370	k141_431060	k141_431060_1 # 124 # 969 # 1 # ID=83334_1;partial=00;start_type=ATG;rbs_motif=None;rbs_spacer=None;gc_cont=0.553	aadA16	3002616	Strict	97.86	100.0	aminoglycoside antibiotic	antibiotic inactivation	ANT(3'')	spectinomycin; streptomycin	False	chromosome_like	1		
RM2016_batch03_global10	ERR1713370	k141_728533	k141_728533_2 # 552 # 1043 # -1 # ID=84903_2;partial=00;start_type=ATG;rbs_motif=GGAGG;rbs_spacer=5-10bp;gc_cont=0.504	nimA	3007104	Strict	53.09	92.61	nitroimidazole antibiotic	antibiotic inactivation	nitroimidazole reductase	metronidazole	False	chromosome_like	1		
RM2016_batch03_global10	ERR1713370	k141_431624	k141_431624_2 # 604 # 1938 # -1 # ID=84915_2;partial=00;start_type=ATG;rbs_motif=AGxAG;rbs_spacer=11-12bp;gc_cont=0.482	vanW gene in vanI cluster	3003724	Strict	29.61	119.03	glycopeptide antibiotic	antibiotic target alteration	vanW; glycopeptide resistance gene cluster	vancomycin; teicoplanin	False	chromosome_like	1		
RM2016_batch03_global10	ERR1713370	k141_152829	k141_152829_1 # 100 # 1215 # -1 # ID=85063_1;partial=00;start_type=ATG;rbs_motif=AGGAG;rbs_spacer=5-10bp;gc_cont=0.530	vanT gene in vanG cluster	3002972	Strict	36.16	52.11	glycopeptide antibiotic	antibiotic target alteration	glycopeptide resistance gene cluster; vanT	vancomycin	False	chromosome_like	1		
RM2016_batch03_global10	ERR1713370	k141_548345	k141_548345_2 # 1144 # 2055 # -1 # ID=85826_2;partial=01;start_type=Edge;rbs_motif=None;rbs_spacer=None;gc_cont=0.469	vanT gene in vanG cluster	3002972	Strict	33.78	42.56	glycopeptide antibiotic	antibiotic target alteration	glycopeptide resistance gene cluster; vanT	vancomycin	False	chromosome_like	1		
RM2016_batch03_global10	ERR1713370	k141_153460	k141_153460_2 # 511 # 1341 # -1 # ID=85867_2;partial=00;start_type=ATG;rbs_motif=ATA;rbs_spacer=6bp;gc_cont=0.339	OXA-392	3001578	Perfect	100.0	100.0	carbapenem; cephalosporin; penam	antibiotic inactivation	OXA beta-lactamase	cloxacillin; oxacillin; cefalotin	False	chromosome_like	1		
RM2016_batch03_global10	ERR1713370	k141_648644	k141_648644_2 # 245 # 1036 # 1 # ID=86178_2;partial=00;start_type=ATG;rbs_motif=AAAA;rbs_spacer=4bp;gc_cont=0.378	sul3	3000413	Perfect	100.0	100.0	sulfonamide antibiotic	antibiotic target replacement	sulfonamide resistant sul	sulfadiazine; sulfadimidine; sulfadoxine; sulfamethoxazole; sulfisoxazole; sulfacetamide; mafenide; sulfasalazine; sulfamethizole	False	chromosome_like	1		
RM2016_batch03_global10	ERR1713370	k141_649546	k141_649546_2 # 297 # 629 # -1 # ID=87639_2;partial=00;start_type=ATG;rbs_motif=AGGA;rbs_spacer=5-10bp;gc_cont=0.598	qacJ	3007014	Strict	37.5	102.8	disinfecting agents and antiseptics	antibiotic efflux	small multidrug resistance (SMR) antibiotic efflux pump	benzalkonium chloride	False	chromosome_like	1		
RM2016_batch03_global10	ERR1713370	k141_154859	k141_154859_2 # 1660 # 2490 # 1 # ID=88099_2;partial=01;start_type=ATG;rbs_motif=AAAAA;rbs_spacer=11bp;gc_cont=0.375	mphG	3003742	Strict	98.19	94.22	macrolide antibiotic	antibiotic inactivation	macrolide phosphotransferase (MPH)	erythromycin; clarithromycin; azithromycin	False	chromosome_like	1		
RM2016_batch03_global10	ERR1713370	k141_550723	k141_550723_1 # 588 # 1322 # 1 # ID=89226_1;partial=00;start_type=ATG;rbs_motif=None;rbs_spacer=None;gc_cont=0.253	ErmT	3000595	Strict	99.59	100.0	macrolide antibiotic; lincosamide antibiotic; streptogramin antibiotic; streptogramin A antibiotic; streptogramin B antibiotic	antibiotic target alteration	Erm 23S ribosomal RNA methyltransferase	erythromycin; roxithromycin; lincomycin; telithromycin; clarithromycin; clindamycin; tylosin; spiramycin; azithromycin; dirithromycin; pristinamycin IA; quinupristin; virginiamycin M1; madumycin II; griseoviridin; dalfopristin; pristinamycin IB; virginiamycin S2; pristinamycin IC; vernamycin C; patricin A; patricin B; ostreogrycin B3; oleandomycin	False	chromosome_like	1		
RM2016_batch03_global10	ERR1713370	k141_255296	k141_255296_1 # 177 # 1661 # -1 # ID=90325_1;partial=00;start_type=ATG;rbs_motif=GGAG/GAGG;rbs_spacer=5-10bp;gc_cont=0.547	vanW gene in vanI cluster	3003724	Strict	32.4	132.44	glycopeptide antibiotic	antibiotic target alteration	vanW; glycopeptide resistance gene cluster	vancomycin; teicoplanin	False	chromosome_like	1		
RM2016_batch03_global10	ERR1713370	k141_156523	k141_156523_3 # 1161 # 2375 # -1 # ID=90595_3;partial=00;start_type=TTG;rbs_motif=TAAAAA;rbs_spacer=9bp;gc_cont=0.532	vanT gene in vanG cluster	3002972	Strict	36.51	56.74	glycopeptide antibiotic	antibiotic target alteration	glycopeptide resistance gene cluster; vanT	vancomycin	False	chromosome_like	1		
RM2016_batch03_global10	ERR1713370	k141_57130	k141_57130_1 # 1 # 864 # 1 # ID=91745_1;partial=10;start_type=Edge;rbs_motif=None;rbs_spacer=None;gc_cont=0.495	vanT gene in vanG cluster	3002972	Strict	39.84	40.31	glycopeptide antibiotic	antibiotic target alteration	glycopeptide resistance gene cluster; vanT	vancomycin	False	chromosome_like	1		
RM2016_batch03_global10	ERR1713370	k141_354010	k141_354010_7 # 5578 # 7497 # 1 # ID=92882_7;partial=00;start_type=ATG;rbs_motif=AGGAGG;rbs_spacer=5-10bp;gc_cont=0.404	tet(O)	3000190	Strict	99.37	100.0	tetracycline antibiotic	antibiotic target protection	tetracycline-resistant ribosomal protection protein	tetracycline; doxycycline; minocycline; chlortetracycline; demeclocycline; oxytetracycline	False	chromosome_like	1		
RM2016_batch03_global10	ERR1713370	k141_58942	k141_58942_17 # 15655 # 16914 # -1 # ID=94352_17;partial=00;start_type=ATG;rbs_motif=None;rbs_spacer=None;gc_cont=0.566	vanT gene in vanG cluster	3002972	Strict	37.94	58.85	glycopeptide antibiotic	antibiotic target alteration	glycopeptide resistance gene cluster; vanT	vancomycin	False	chromosome_like	1		
RM2016_batch03_global10	ERR1713370	k141_59507	k141_59507_2 # 87 # 434 # -1 # ID=95187_2;partial=00;start_type=ATG;rbs_motif=GGAG/GAGG;rbs_spacer=5-10bp;gc_cont=0.497	qacEdelta1	3005010	Perfect	100.0	100.0	disinfecting agents and antiseptics	antibiotic efflux	major facilitator superfamily (MFS) antibiotic efflux pump		True	plasmid_like		0.9607	
RM2016_batch03_global10	ERR1713370	k141_59507	k141_59507_5 # 2332 # 3267 # -1 # ID=95187_5;partial=01;start_type=Edge;rbs_motif=None;rbs_spacer=None;gc_cont=0.516	ANT(3'')-IIa	3004089	Strict	87.66	96.28	aminoglycoside antibiotic	antibiotic inactivation	ANT(3'')	spectinomycin; streptomycin	True	plasmid_like		0.9607	
RM2016_batch03_global10	ERR1713370	k141_554855	k141_554855_3 # 949 # 2076 # -1 # ID=95691_3;partial=00;start_type=GTG;rbs_motif=AGGAG;rbs_spacer=5-10bp;gc_cont=0.527	vanT gene in vanG cluster	3002972	Strict	33.42	52.67	glycopeptide antibiotic	antibiotic target alteration	glycopeptide resistance gene cluster; vanT	vancomycin	False	chromosome_like	1		
RM2016_batch03_global10	ERR1713370	k141_555172	k141_555172_3 # 2996 # 4471 # 1 # ID=96190_3;partial=00;start_type=ATG;rbs_motif=TAAA;rbs_spacer=5bp;gc_cont=0.400	msrE	3003109	Perfect	100.0	100.0	macrolide antibiotic; streptogramin antibiotic	antibiotic target protection	msr-type ABC-F protein	erythromycin	True	plasmid_like		0.9591	
RM2016_batch03_global10	ERR1713370	k141_555172	k141_555172_4 # 4527 # 5411 # 1 # ID=96190_4;partial=00;start_type=ATG;rbs_motif=TAA;rbs_spacer=12bp;gc_cont=0.365	mphE	3003741	Perfect	100.0	100.0	macrolide antibiotic	antibiotic inactivation	macrolide phosphotransferase (MPH)	erythromycin	True	plasmid_like		0.9591	
RM2016_batch03_global10	ERR1713370	k141_355865	k141_355865_8 # 6997 # 8469 # -1 # ID=96841_8;partial=00;start_type=GTG;rbs_motif=AGGA;rbs_spacer=5-10bp;gc_cont=0.526	vanW gene in vanI cluster	3003724	Strict	27.88	131.37	glycopeptide antibiotic	antibiotic target alteration	vanW; glycopeptide resistance gene cluster	vancomycin; teicoplanin	False	chromosome_like	1		
RM2016_batch03_global10	ERR1713370	k141_61081	k141_61081_3 # 1163 # 1486 # -1 # ID=97619_3;partial=00;start_type=ATG;rbs_motif=AGGAGG;rbs_spacer=5-10bp;gc_cont=0.466	qacG	3007015	Strict	49.53	100.0	disinfecting agents and antiseptics	antibiotic efflux	small multidrug resistance (SMR) antibiotic efflux pump	benzalkonium chloride	False	chromosome_like	1		
RM2016_batch03_global10	ERR1713370	k141_556283	k141_556283_1 # 1 # 1026 # -1 # ID=97801_1;partial=10;start_type=GTG;rbs_motif=None;rbs_spacer=None;gc_cont=0.457	poxtA	3004470	Strict	44.06	63.1	tetracycline antibiotic; oxazolidinone antibiotic; phenicol antibiotic	antibiotic target protection	Miscellaneous ABC-F subfamily ATP-binding cassette ribosomal protection proteins	tetracycline; doxycycline; linezolid; chloramphenicol; florfenicol	False	chromosome_like	1		
RM2016_batch03_global10	ERR1713370	k141_737512	k141_737512_74 # 68983 # 70389 # -1 # ID=98352_74;partial=00;start_type=ATG;rbs_motif=GGAG/GAGG;rbs_spacer=5-10bp;gc_cont=0.367	vanW gene in vanI cluster	3003724	Strict	29.32	125.47	glycopeptide antibiotic	antibiotic target alteration	vanW; glycopeptide resistance gene cluster	vancomycin; teicoplanin	False	chromosome_like	1		
RM2016_batch03_global10	ERR1713370	k141_163423	k141_163423_7 # 5207 # 5839 # 1 # ID=100319_7;partial=00;start_type=ATG;rbs_motif=GGAG/GAGG;rbs_spacer=5-10bp;gc_cont=0.494	CRP	3000518	Strict	99.52	100.0	macrolide antibiotic; fluoroquinolone antibiotic; penam	antibiotic efflux	resistance-nodulation-cell division (RND) antibiotic efflux pump	erythromycin; cloxacillin; oxacillin; norfloxacin	False	chromosome_like	1		
RM2016_batch03_global10	ERR1713370	k141_658143	k141_658143_2 # 444 # 1559 # 1 # ID=100498_2;partial=00;start_type=ATG;rbs_motif=AGGAGG;rbs_spacer=5-10bp;gc_cont=0.566	vanT gene in vanG cluster	3002972	Strict	34.33	52.11	glycopeptide antibiotic	antibiotic target alteration	glycopeptide resistance gene cluster; vanT	vancomycin	False	chromosome_like	1		
RM2016_batch03_global10	ERR1713370	k141_262653	k141_262653_2 # 254 # 2407 # -1 # ID=101100_2;partial=01;start_type=Edge;rbs_motif=None;rbs_spacer=None;gc_cont=0.484	vanT gene in vanG cluster	3002972	Strict	31.61	100.7	glycopeptide antibiotic	antibiotic target alteration	glycopeptide resistance gene cluster; vanT	vancomycin	False	chromosome_like	1		
RM2016_batch03_global10	ERR1713370	k141_63634	k141_63634_15 # 11328 # 12980 # -1 # ID=101493_15;partial=00;start_type=ATG;rbs_motif=None;rbs_spacer=None;gc_cont=0.512	ArnT	3005053	Strict	63.52	99.82	peptide antibiotic	antibiotic target alteration	pmr phosphoethanolamine transferase	colistin A; colistin B	False	chromosome_like	1		
RM2016_batch03_global10	ERR1713370	k141_165398	k141_165398_2 # 1415 # 2545 # 1 # ID=103065_2;partial=00;start_type=GTG;rbs_motif=GGAGG;rbs_spacer=5-10bp;gc_cont=0.576	vanT gene in vanG cluster	3002972	Strict	32.33	52.81	glycopeptide antibiotic	antibiotic target alteration	glycopeptide resistance gene cluster; vanT	vancomycin	False	chromosome_like	1		
RM2016_batch03_global10	ERR1713370	k141_560440	k141_560440_1 # 2 # 1234 # -1 # ID=104118_1;partial=10;start_type=ATG;rbs_motif=AGGA;rbs_spacer=5-10bp;gc_cont=0.565	vanW gene in vanI cluster	3003724	Strict	32.52	110.19	glycopeptide antibiotic	antibiotic target alteration	vanW; glycopeptide resistance gene cluster	vancomycin; teicoplanin	False	chromosome_like	1		
RM2016_batch03_global10	ERR1713370	k141_741509	k141_741509_1 # 476 # 1621 # 1 # ID=104602_1;partial=00;start_type=ATG;rbs_motif=None;rbs_spacer=None;gc_cont=0.356	vanT gene in vanG cluster	3002972	Strict	34.13	53.51	glycopeptide antibiotic	antibiotic target alteration	glycopeptide resistance gene cluster; vanT	vancomycin	False	chromosome_like	1		
RM2016_batch03_global10	ERR1713370	k141_166998	k141_166998_3 # 1925 # 2659 # 1 # ID=105400_3;partial=00;start_type=ATG;rbs_motif=AGGAG;rbs_spacer=5-10bp;gc_cont=0.265	ErmG	3000522	Strict	93.85	100.0	macrolide antibiotic; lincosamide antibiotic; streptogramin antibiotic; streptogramin A antibiotic; streptogramin B antibiotic	antibiotic target alteration	Erm 23S ribosomal RNA methyltransferase	erythromycin; roxithromycin; lincomycin; telithromycin; clarithromycin; clindamycin; tylosin; spiramycin; azithromycin; dirithromycin; pristinamycin IA; quinupristin; virginiamycin M1; madumycin II; griseoviridin; dalfopristin; pristinamycin IB; virginiamycin S2; pristinamycin IC; vernamycin C; patricin A; patricin B; ostreogrycin B3; oleandomycin	True	plasmid_like		0.726	
RM2016_batch03_global10	ERR1713370	k141_66265	k141_66265_2 # 590 # 2029 # 1 # ID=105530_2;partial=00;start_type=ATG;rbs_motif=GGA/GAG/AGG;rbs_spacer=5-10bp;gc_cont=0.247	AAC(6')-Ie-APH(2'')-Ia bifunctional protein	3002597	Perfect	100.0	100.0	aminoglycoside antibiotic	antibiotic inactivation	aminoglycoside bifunctional resistance protein	dibekacin; amikacin; sisomicin; netilmicin; kanamycin A; tobramycin; gentamicin A; 2'-N-ethylnetilmicin; 5-episisomicin; gentamicin	False	chromosome_like	1		
RM2016_batch03_global10	ERR1713370	k141_561747	k141_561747_1 # 546 # 2471 # 1 # ID=106030_1;partial=00;start_type=TTG;rbs_motif=None;rbs_spacer=None;gc_cont=0.334	tet(S)	3000192	Perfect	100.0	100.0	tetracycline antibiotic	antibiotic target protection	tetracycline-resistant ribosomal protection protein	tetracycline; doxycycline; minocycline; chlortetracycline; demeclocycline; oxytetracycline	False	chromosome_like	1		
RM2016_batch03_global10	ERR1713370	k141_168135	k141_168135_1 # 181 # 1455 # -1 # ID=107067_1;partial=00;start_type=GTG;rbs_motif=GGA/GAG/AGG;rbs_spacer=5-10bp;gc_cont=0.569	vanT gene in vanG cluster	3002972	Strict	29.59	59.55	glycopeptide antibiotic	antibiotic target alteration	glycopeptide resistance gene cluster; vanT	vancomycin	False	chromosome_like	1		
RM2016_batch03_global10	ERR1713370	k141_743388	k141_743388_31 # 31416 # 32549 # 1 # ID=107623_31;partial=00;start_type=GTG;rbs_motif=AGGAG;rbs_spacer=5-10bp;gc_cont=0.511	vanT gene in vanG cluster	3002972	Strict	33.42	52.95	glycopeptide antibiotic	antibiotic target alteration	glycopeptide resistance gene cluster; vanT	vancomycin	False	chromosome_like	1		
RM2016_batch03_global10	ERR1713370	k141_360718	k141_360718_1 # 1 # 1089 # 1 # ID=108246_1;partial=10;start_type=Edge;rbs_motif=None;rbs_spacer=None;gc_cont=0.430	vanT gene in vanG cluster	3002972	Strict	39.84	50.84	glycopeptide antibiotic	antibiotic target alteration	glycopeptide resistance gene cluster; vanT	vancomycin	False	chromosome_like	1		
RM2016_batch03_global10	ERR1713370	k141_663279	k141_663279_21 # 16986 # 20135 # 1 # ID=108428_21;partial=00;start_type=ATG;rbs_motif=GGA/GAG/AGG;rbs_spacer=5-10bp;gc_cont=0.687	adeF	3000777	Strict	43.81	99.06	fluoroquinolone antibiotic; tetracycline antibiotic	antibiotic efflux	resistance-nodulation-cell division (RND) antibiotic efflux pump	tetracycline	False	chromosome_like	1		
RM2016_batch03_global10	ERR1713370	k141_361349	k141_361349_2 # 3162 # 5117 # -1 # ID=109736_2;partial=00;start_type=ATG;rbs_motif=GGAG/GAGG;rbs_spacer=5-10bp;gc_cont=0.324	tet(36)	3000197	Strict	48.92	101.72	tetracycline antibiotic	antibiotic target protection	tetracycline-resistant ribosomal protection protein	tetracycline; doxycycline; minocycline; chlortetracycline; demeclocycline; oxytetracycline	False	chromosome_like	1		
RM2016_batch03_global10	ERR1713370	k141_70135	k141_70135_1 # 90 # 1250 # -1 # ID=111058_1;partial=00;start_type=ATG;rbs_motif=None;rbs_spacer=None;gc_cont=0.635	vanT gene in vanG cluster	3002972	Strict	33.6	54.21	glycopeptide antibiotic	antibiotic target alteration	glycopeptide resistance gene cluster; vanT	vancomycin	False	chromosome_like	1		
RM2016_batch03_global10	ERR1713370	k141_70139	k141_70139_6 # 6298 # 8271 # -1 # ID=111076_6;partial=00;start_type=GTG;rbs_motif=AGGAGG;rbs_spacer=5-10bp;gc_cont=0.394	tet(Q)	3000191	Perfect	100.0	100.0	tetracycline antibiotic	antibiotic target protection	tetracycline-resistant ribosomal protection protein	tetracycline; doxycycline; minocycline; chlortetracycline; demeclocycline; oxytetracycline	False	chromosome_like	1		
RM2016_batch03_global10	ERR1713370	k141_746724	k141_746724_2 # 1438 # 3372 # -1 # ID=112794_2;partial=00;start_type=TTG;rbs_motif=AGGAGG;rbs_spacer=5-10bp;gc_cont=0.398	tet(Q)	3000191	Strict	48.63	98.02	tetracycline antibiotic	antibiotic target protection	tetracycline-resistant ribosomal protection protein	tetracycline; doxycycline; minocycline; chlortetracycline; demeclocycline; oxytetracycline	False	chromosome_like	1		
RM2016_batch03_global10	ERR1713370	k141_172628	k141_172628_3 # 4287 # 5690 # 1 # ID=113260_3;partial=00;start_type=ATG;rbs_motif=AGGAG;rbs_spacer=5-10bp;gc_cont=0.538	baeS	3000829	Perfect	100.0	100.0	aminoglycoside antibiotic; aminocoumarin antibiotic	antibiotic efflux	resistance-nodulation-cell division (RND) antibiotic efflux pump	novobiocin	False	chromosome_like	1		
RM2016_batch03_global10	ERR1713370	k141_172628	k141_172628_4 # 5687 # 6409 # 1 # ID=113260_4;partial=00;start_type=ATG;rbs_motif=GGA/GAG/AGG;rbs_spacer=5-10bp;gc_cont=0.539	baeR	3000828	Perfect	100.0	100.0	aminoglycoside antibiotic; aminocoumarin antibiotic	antibiotic efflux	resistance-nodulation-cell division (RND) antibiotic efflux pump	novobiocin	False	chromosome_like	1		
RM2016_batch03_global10	ERR1713370	k141_72321	k141_72321_2 # 331 # 1227 # -1 # ID=113965_2;partial=00;start_type=ATG;rbs_motif=TAA;rbs_spacer=6bp;gc_cont=0.421	CARB-16	3002255	Perfect	100.0	100.0	penam	antibiotic inactivation	CARB beta-lactamase		False	chromosome_like	1		
RM2016_batch03_global10	ERR1713370	k141_72476	k141_72476_3 # 1908 # 3089 # 1 # ID=114246_3;partial=00;start_type=ATG;rbs_motif=AGGAG;rbs_spacer=5-10bp;gc_cont=0.456	vanT gene in vanG cluster	3002972	Strict	34.9	55.2	glycopeptide antibiotic	antibiotic target alteration	glycopeptide resistance gene cluster; vanT	vancomycin	False	chromosome_like	1		
RM2016_batch03_global10	ERR1713370	k141_566997	k141_566997_3 # 1986 # 3110 # -1 # ID=114249_3;partial=00;start_type=ATG;rbs_motif=AGGAGG;rbs_spacer=5-10bp;gc_cont=0.624	vanT gene in vanG cluster	3002972	Strict	35.85	52.53	glycopeptide antibiotic	antibiotic target alteration	glycopeptide resistance gene cluster; vanT	vancomycin	False	chromosome_like	1		
RM2016_batch03_global10	ERR1713370	k141_271933	k141_271933_3 # 682 # 1017 # 1 # ID=114290_3;partial=00;start_type=ATG;rbs_motif=None;rbs_spacer=None;gc_cont=0.682	qacJ	3007014	Strict	40.0	103.74	disinfecting agents and antiseptics	antibiotic efflux	small multidrug resistance (SMR) antibiotic efflux pump	benzalkonium chloride	False	chromosome_like	1		
RM2016_batch03_global10	ERR1713370	k141_444619	k141_444619_1 # 2 # 517 # 1 # ID=114925_1;partial=10;start_type=Edge;rbs_motif=None;rbs_spacer=None;gc_cont=0.591	vanY gene in vanM cluster	3002961	Strict	33.81	73.39	glycopeptide antibiotic	antibiotic target alteration	vanY; glycopeptide resistance gene cluster	vancomycin; teicoplanin	False	chromosome_like	1		
RM2016_batch03_global10	ERR1713370	k141_273142	k141_273142_3 # 1481 # 3067 # 1 # ID=116047_3;partial=01;start_type=ATG;rbs_motif=None;rbs_spacer=None;gc_cont=0.541	vanW gene in vanI cluster	3003724	Strict	30.47	141.82	glycopeptide antibiotic	antibiotic target alteration	vanW; glycopeptide resistance gene cluster	vancomycin; teicoplanin	False	chromosome_like	1		
RM2016_batch03_global10	ERR1713370	k141_569082	k141_569082_1 # 132 # 545 # 1 # ID=117260_1;partial=00;start_type=ATG;rbs_motif=GGA/GAG/AGG;rbs_spacer=5-10bp;gc_cont=0.469	H-NS	3000676	Perfect	100.0	100.0	macrolide antibiotic; fluoroquinolone antibiotic; cephalosporin; cephamycin; penam; tetracycline antibiotic	antibiotic efflux	major facilitator superfamily (MFS) antibiotic efflux pump; resistance-nodulation-cell division (RND) antibiotic efflux pump	erythromycin; cloxacillin; ciprofloxacin; tetracycline; oxacillin; norfloxacin	False	chromosome_like	1		
RM2016_batch03_global10	ERR1713370	k141_749688	k141_749688_6 # 3998 # 4852 # 1 # ID=117489_6;partial=00;start_type=ATG;rbs_motif=AGGAGG;rbs_spacer=5-10bp;gc_cont=0.421	ACI-1	3004359	Perfect	100.0	100.0	cephalosporin; penam; penem	antibiotic inactivation	ACI beta-lactamase	penicillin; ceftazidime; amoxicillin; cefotaxime; ticarcillin	True	virus_like			0.9041
RM2016_batch03_global10	ERR1713370	k141_570671	k141_570671_10 # 5278 # 5772 # 1 # ID=119493_10;partial=00;start_type=ATG;rbs_motif=GGAG/GAGG;rbs_spacer=5-10bp;gc_cont=0.335	lnuC	3002837	Strict	98.17	100.0	lincosamide antibiotic	antibiotic inactivation	lincosamide nucleotidyltransferase (LNU)	lincomycin	True	virus_like			0.8939
RM2016_batch03_global10	ERR1713370	k141_751492	k141_751492_3 # 1667 # 4801 # -1 # ID=120192_3;partial=00;start_type=ATG;rbs_motif=GGAGG;rbs_spacer=5-10bp;gc_cont=0.548	adeF	3000777	Strict	44.83	98.58	fluoroquinolone antibiotic; tetracycline antibiotic	antibiotic efflux	resistance-nodulation-cell division (RND) antibiotic efflux pump	tetracycline	False	chromosome_like	1		
RM2016_batch03_global10	ERR1713370	k141_177504	k141_177504_3 # 2551 # 3693 # -1 # ID=120581_3;partial=00;start_type=ATG;rbs_motif=None;rbs_spacer=None;gc_cont=0.527	vanT gene in vanG cluster	3002972	Strict	37.6	53.37	glycopeptide antibiotic	antibiotic target alteration	glycopeptide resistance gene cluster; vanT	vancomycin	False	chromosome_like	1		
RM2016_batch03_global10	ERR1713370	k141_751741	k141_751741_1 # 1718 # 3580 # 1 # ID=120675_1;partial=00;start_type=ATG;rbs_motif=None;rbs_spacer=None;gc_cont=0.515	vanW gene in vanI cluster	3003724	Strict	39.71	166.22	glycopeptide antibiotic	antibiotic target alteration	vanW; glycopeptide resistance gene cluster	vancomycin; teicoplanin	False	chromosome_like	1		
RM2016_batch03_global10	ERR1713370	k141_672031	k141_672031_2 # 350 # 1675 # -1 # ID=120876_2;partial=00;start_type=TTG;rbs_motif=GGA/GAG/AGG;rbs_spacer=11-12bp;gc_cont=0.400	vanW gene in vanI cluster	3003724	Strict	33.18	118.23	glycopeptide antibiotic	antibiotic target alteration	vanW; glycopeptide resistance gene cluster	vancomycin; teicoplanin	False	chromosome_like	1		
RM2016_batch03_global10	ERR1713370	k141_366792	k141_366792_2 # 432 # 908 # -1 # ID=121298_2;partial=00;start_type=ATG;rbs_motif=GGAG/GAGG;rbs_spacer=5-10bp;gc_cont=0.507	nimA	3007104	Strict	50.94	89.77	nitroimidazole antibiotic	antibiotic inactivation	nitroimidazole reductase	metronidazole	False	chromosome_like	1		
RM2016_batch03_global10	ERR1713370	k141_752653	k141_752653_2 # 884 # 1852 # 1 # ID=122245_2;partial=00;start_type=GTG;rbs_motif=GGA/GAG/AGG;rbs_spacer=5-10bp;gc_cont=0.511	leuO	3003843	Strict	83.44	102.55	nucleoside antibiotic; disinfecting agents and antiseptics	antibiotic efflux	major facilitator superfamily (MFS) antibiotic efflux pump	acriflavine; puromycin	False	chromosome_like	1		
RM2016_batch03_global10	ERR1713370	k141_78230	k141_78230_2 # 212 # 1000 # -1 # ID=123030_2;partial=00;start_type=ATG;rbs_motif=GGA/GAG/AGG;rbs_spacer=3-4bp;gc_cont=0.582	aadA5	3002605	Perfect	100.0	100.0	aminoglycoside antibiotic	antibiotic inactivation	ANT(3'')	spectinomycin; streptomycin	False	chromosome_like	1		
RM2016_batch03_global10	ERR1713370	k141_180156	k141_180156_1 # 17 # 781 # -1 # ID=124268_1;partial=00;start_type=ATG;rbs_motif=TAAA;rbs_spacer=12bp;gc_cont=0.422	gadX	3000508	Strict	98.43	92.7	macrolide antibiotic; fluoroquinolone antibiotic; penam	antibiotic efflux	resistance-nodulation-cell division (RND) antibiotic efflux pump	erythromycin; cloxacillin; oxacillin; norfloxacin	False	chromosome_like	1		
RM2016_batch03_global10	ERR1713370	k141_754074	k141_754074_3 # 1581 # 2369 # 1 # ID=124271_3;partial=00;start_type=ATG;rbs_motif=TAA;rbs_spacer=11bp;gc_cont=0.375	ANT(3'')-IIc	3004091	Strict	69.38	101.16	aminoglycoside antibiotic	antibiotic inactivation	ANT(3'')	spectinomycin; streptomycin	True	plasmid_like		0.9937	
RM2016_batch03_global10	ERR1713370	k141_180173	k141_180173_2 # 812 # 1315 # -1 # ID=124281_2;partial=00;start_type=ATG;rbs_motif=AGGAG;rbs_spacer=5-10bp;gc_cont=0.619	nimG	3007109	Strict	56.17	101.83	nitroimidazole antibiotic	antibiotic inactivation	nitroimidazole reductase	metronidazole	False	chromosome_like	1		
RM2016_batch03_global10	ERR1713370	k141_180659	k141_180659_5 # 3711 # 6827 # 1 # ID=124946_5;partial=00;start_type=GTG;rbs_motif=AGxAGG/AGGxGG;rbs_spacer=5-10bp;gc_cont=0.528	adeF	3000777	Strict	43.77	98.02	fluoroquinolone antibiotic; tetracycline antibiotic	antibiotic efflux	resistance-nodulation-cell division (RND) antibiotic efflux pump	tetracycline	False	chromosome_like	1		
RM2016_batch03_global10	ERR1713370	k141_79818	k141_79818_1 # 3 # 1118 # 1 # ID=125261_1;partial=10;start_type=Edge;rbs_motif=None;rbs_spacer=None;gc_cont=0.592	vanT gene in vanG cluster	3002972	Strict	33.79	52.11	glycopeptide antibiotic	antibiotic target alteration	glycopeptide resistance gene cluster; vanT	vancomycin	False	chromosome_like	1		
RM2016_batch03_global10	ERR1713370	k141_181020	k141_181020_2 # 1242 # 1772 # 1 # ID=125452_2;partial=00;start_type=ATG;rbs_motif=AGGAG;rbs_spacer=5-10bp;gc_cont=0.501	nimG	3007109	Strict	61.11	107.32	nitroimidazole antibiotic	antibiotic inactivation	nitroimidazole reductase	metronidazole	False	chromosome_like	1		
RM2016_batch03_global10	ERR1713370	k141_80770	k141_80770_1 # 121 # 1233 # 1 # ID=126571_1;partial=00;start_type=GTG;rbs_motif=AGxAGG/AGGxGG;rbs_spacer=5-10bp;gc_cont=0.420	vanT gene in vanG cluster	3002972	Strict	39.24	51.97	glycopeptide antibiotic	antibiotic target alteration	glycopeptide resistance gene cluster; vanT	vancomycin	False	chromosome_like	1		
RM2016_batch03_global10	ERR1713370	k141_81326	k141_81326_1 # 2 # 964 # 1 # ID=127383_1;partial=10;start_type=Edge;rbs_motif=None;rbs_spacer=None;gc_cont=0.476	vanW gene in vanI cluster	3003724	Strict	38.71	85.79	glycopeptide antibiotic	antibiotic target alteration	vanW; glycopeptide resistance gene cluster	vancomycin; teicoplanin	False	chromosome_like	1		
RM2016_batch03_global10	ERR1713370	k141_183204	k141_183204_1 # 176 # 679 # 1 # ID=128800_1;partial=00;start_type=ATG;rbs_motif=AGxAGG/AGGxGG;rbs_spacer=5-10bp;gc_cont=0.603	nimG	3007109	Strict	56.44	101.83	nitroimidazole antibiotic	antibiotic inactivation	nitroimidazole reductase	metronidazole	False	chromosome_like	1		
RM2016_batch03_global10	ERR1713370	k141_83642	k141_83642_15 # 16641 # 17777 # 1 # ID=130813_15;partial=00;start_type=ATG;rbs_motif=AGGA;rbs_spacer=5-10bp;gc_cont=0.454	vanT gene in vanG cluster	3002972	Strict	36.32	53.09	glycopeptide antibiotic	antibiotic target alteration	glycopeptide resistance gene cluster; vanT	vancomycin	False	chromosome_like	1		
RM2016_batch03_global10	ERR1713370	k141_83642	k141_83642_21 # 23916 # 25052 # 1 # ID=130813_21;partial=00;start_type=ATG;rbs_motif=GGAG/GAGG;rbs_spacer=5-10bp;gc_cont=0.436	vanT gene in vanG cluster	3002972	Strict	29.64	53.09	glycopeptide antibiotic	antibiotic target alteration	glycopeptide resistance gene cluster; vanT	vancomycin	False	chromosome_like	1		
RM2016_batch03_global10	ERR1713370	k141_679355	k141_679355_3 # 1042 # 2154 # 1 # ID=131829_3;partial=00;start_type=TTG;rbs_motif=GGAG/GAGG;rbs_spacer=5-10bp;gc_cont=0.602	vanT gene in vanG cluster	3002972	Strict	35.26	51.97	glycopeptide antibiotic	antibiotic target alteration	glycopeptide resistance gene cluster; vanT	vancomycin	False	chromosome_like	1		
RM2016_batch03_global10	ERR1713370	k141_679659	k141_679659_2 # 956 # 1300 # 1 # ID=132196_2;partial=00;start_type=ATG;rbs_motif=GGAG/GAGG;rbs_spacer=5-10bp;gc_cont=0.525	qacG	3007015	Strict	38.46	106.54	disinfecting agents and antiseptics	antibiotic efflux	small multidrug resistance (SMR) antibiotic efflux pump	benzalkonium chloride	False	chromosome_like	1		
RM2016_batch03_global10	ERR1713370	k141_580567	k141_580567_3 # 1148 # 2602 # -1 # ID=134421_3;partial=00;start_type=ATG;rbs_motif=3Base/5BMM;rbs_spacer=13-15bp;gc_cont=0.535	vanW gene in vanI cluster	3003724	Strict	31.11	129.76	glycopeptide antibiotic	antibiotic target alteration	vanW; glycopeptide resistance gene cluster	vancomycin; teicoplanin	False	chromosome_like	1		
RM2016_batch03_global10	ERR1713370	k141_187338	k141_187338_1 # 196 # 693 # 1 # ID=134699_1;partial=00;start_type=ATG;rbs_motif=GGA/GAG/AGG;rbs_spacer=5-10bp;gc_cont=0.317	nimB	3004655	Strict	55.15	100.61	nitroimidazole antibiotic	antibiotic inactivation	nitroimidazole reductase	metronidazole	False	chromosome_like	1		
RM2016_batch03_global10	ERR1713370	k141_759861	k141_759861_1 # 3 # 1100 # 1 # ID=135045_1;partial=11;start_type=Edge;rbs_motif=None;rbs_spacer=None;gc_cont=0.342	vanW gene in vanI cluster	3003724	Strict	34.83	98.12	glycopeptide antibiotic	antibiotic target alteration	vanW; glycopeptide resistance gene cluster	vancomycin; teicoplanin	False	chromosome_like	1		
RM2016_batch03_global10	ERR1713370	k141_455516	k141_455516_4 # 3580 # 4701 # -1 # ID=135337_4;partial=00;start_type=ATG;rbs_motif=GGA/GAG/AGG;rbs_spacer=5-10bp;gc_cont=0.381	vanT gene in vanG cluster	3002972	Strict	37.09	52.39	glycopeptide antibiotic	antibiotic target alteration	glycopeptide resistance gene cluster; vanT	vancomycin	False	chromosome_like	1		
RM2016_batch03_global10	ERR1713370	k141_581228	k141_581228_3 # 2068 # 3300 # -1 # ID=135381_3;partial=00;start_type=ATG;rbs_motif=AGGAG;rbs_spacer=5-10bp;gc_cont=0.547	mdtM	3001214	Strict	97.32	100.0	fluoroquinolone antibiotic; lincosamide antibiotic; nucleoside antibiotic; phenicol antibiotic; disinfecting agents and antiseptics	antibiotic efflux	major facilitator superfamily (MFS) antibiotic efflux pump	acriflavine; lincomycin; puromycin; chloramphenicol; norfloxacin	False	chromosome_like	1		
RM2016_batch03_global10	ERR1713370	k141_87132	k141_87132_2 # 375 # 1601 # 1 # ID=136014_2;partial=00;start_type=ATG;rbs_motif=AGGA;rbs_spacer=5-10bp;gc_cont=0.500	EreA2	3002826	Perfect	100.0	100.0	macrolide antibiotic	antibiotic inactivation	macrolide esterase	erythromycin	False	chromosome_like	1		
RM2016_batch03_global10	ERR1713370	k141_188710	k141_188710_3 # 1940 # 3646 # 1 # ID=136701_3;partial=00;start_type=ATG;rbs_motif=AGGAG;rbs_spacer=5-10bp;gc_cont=0.559	vanW gene in vanI cluster	3003724	Strict	29.73	152.28	glycopeptide antibiotic	antibiotic target alteration	vanW; glycopeptide resistance gene cluster	vancomycin; teicoplanin	False	chromosome_like	1		
RM2016_batch03_global10	ERR1713370	k141_374028	k141_374028_2 # 780 # 1271 # -1 # ID=137150_2;partial=00;start_type=ATG;rbs_motif=GGAGG;rbs_spacer=5-10bp;gc_cont=0.376	nimA	3007104	Strict	56.52	92.61	nitroimidazole antibiotic	antibiotic inactivation	nitroimidazole reductase	metronidazole	False	chromosome_like	1		
RM2016_batch03_global10	ERR1713370	k141_189045	k141_189045_3 # 1580 # 2887 # 1 # ID=137184_3;partial=00;start_type=ATG;rbs_motif=None;rbs_spacer=None;gc_cont=0.339	vanW gene in vanI cluster	3003724	Strict	28.53	116.62	glycopeptide antibiotic	antibiotic target alteration	vanW; glycopeptide resistance gene cluster	vancomycin; teicoplanin	False	chromosome_like	1		
RM2016_batch03_global10	ERR1713370	k141_456958	k141_456958_2 # 1146 # 1820 # 1 # ID=137640_2;partial=00;start_type=ATG;rbs_motif=GGxGG;rbs_spacer=5-10bp;gc_cont=0.359	SAT-4	3002897	Strict	81.11	124.44	nucleoside antibiotic	antibiotic inactivation	streptothricin acetyltransferase (SAT)	streptothricin	False	chromosome_like	1		
RM2016_batch03_global10	ERR1713370	k141_189538	k141_189538_2 # 541 # 924 # 1 # ID=137947_2;partial=00;start_type=ATG;rbs_motif=GGAG/GAGG;rbs_spacer=5-10bp;gc_cont=0.458	marA	3000263	Perfect	100.0	100.0	fluoroquinolone antibiotic; monobactam; carbapenem; cephalosporin; glycylcycline; cephamycin; penam; tetracycline antibiotic; rifamycin antibiotic; phenicol antibiotic; penem; disinfecting agents and antiseptics	antibiotic efflux; reduced permeability to antibiotic	resistance-nodulation-cell division (RND) antibiotic efflux pump; General Bacterial Porin with reduced permeability to beta-lactams	tigecycline; tetracycline; rifampin; chloramphenicol; ampicillin; cefalotin; triclosan	False	chromosome_like	1		
RM2016_batch03_global10	ERR1713370	k141_189634	k141_189634_1 # 1 # 1137 # 1 # ID=138079_1;partial=10;start_type=Edge;rbs_motif=None;rbs_spacer=None;gc_cont=0.529	AcrE	3000499	Strict	99.74	98.18	fluoroquinolone antibiotic; cephalosporin; cephamycin; penam	antibiotic efflux	resistance-nodulation-cell division (RND) antibiotic efflux pump	ciprofloxacin	True	plasmid_like		0.8536	
RM2016_batch03_global10	ERR1713370	k141_189634	k141_189634_2 # 1149 # 4253 # 1 # ID=138079_2;partial=00;start_type=ATG;rbs_motif=GGA/GAG/AGG;rbs_spacer=5-10bp;gc_cont=0.514	AcrF	3000502	Strict	99.81	100.0	fluoroquinolone antibiotic; cephalosporin; cephamycin; penam	antibiotic efflux	resistance-nodulation-cell division (RND) antibiotic efflux pump	ciprofloxacin	True	plasmid_like		0.8536	
RM2016_batch03_global10	ERR1713370	k141_684478	k141_684478_5 # 3551 # 6727 # -1 # ID=139086_5;partial=00;start_type=ATG;rbs_motif=GGA/GAG/AGG;rbs_spacer=11-12bp;gc_cont=0.539	adeF	3000777	Strict	43.19	99.91	fluoroquinolone antibiotic; tetracycline antibiotic	antibiotic efflux	resistance-nodulation-cell division (RND) antibiotic efflux pump	tetracycline	False	chromosome_like	1		
RM2016_batch03_global10	ERR1713370	k141_289256	k141_289256_5 # 3878 # 5041 # -1 # ID=139269_5;partial=00;start_type=ATG;rbs_motif=GGAG/GAGG;rbs_spacer=5-10bp;gc_cont=0.679	vanT gene in vanG cluster	3002972	Strict	34.45	54.35	glycopeptide antibiotic	antibiotic target alteration	glycopeptide resistance gene cluster; vanT	vancomycin	False	chromosome_like	1		
RM2016_batch03_global10	ERR1713370	k141_684689	k141_684689_13 # 11389 # 12498 # 1 # ID=139429_13;partial=00;start_type=ATG;rbs_motif=AGGA;rbs_spacer=5-10bp;gc_cont=0.614	vanT gene in vanG cluster	3002972	Strict	36.31	51.83	glycopeptide antibiotic	antibiotic target alteration	glycopeptide resistance gene cluster; vanT	vancomycin	False	chromosome_like	1		
RM2016_batch03_global10	ERR1713370	k141_90138	k141_90138_1 # 70 # 402 # 1 # ID=140437_1;partial=00;start_type=GTG;rbs_motif=AGGAG;rbs_spacer=5-10bp;gc_cont=0.508	qacL	3005098	Strict	99.09	100.0	disinfecting agents and antiseptics	antibiotic efflux	small multidrug resistance (SMR) antibiotic efflux pump		False	chromosome_like	1		
RM2016_batch03_global10	ERR1713370	k141_90138	k141_90138_2 # 488 # 1288 # 1 # ID=140437_2;partial=00;start_type=ATG;rbs_motif=AGGA;rbs_spacer=5-10bp;gc_cont=0.499	OXA-119	3001775	Strict	96.62	100.0	carbapenem; cephalosporin; penam	antibiotic inactivation	OXA beta-lactamase	cloxacillin; oxacillin; cefalotin	False	chromosome_like	1		
RM2016_batch03_global10	ERR1713370	k141_90138	k141_90138_3 # 1439 # 1720 # 1 # ID=140437_3;partial=01;start_type=ATG;rbs_motif=GGAGG;rbs_spacer=5-10bp;gc_cont=0.500	qacG	3007015	Strict	42.39	87.85	disinfecting agents and antiseptics	antibiotic efflux	small multidrug resistance (SMR) antibiotic efflux pump	benzalkonium chloride	False	chromosome_like	1		
RM2016_batch03_global10	ERR1713370	k141_192693	k141_192693_7 # 5694 # 6764 # 1 # ID=142306_7;partial=00;start_type=ATG;rbs_motif=GGA/GAG/AGG;rbs_spacer=5-10bp;gc_cont=0.559	vanT gene in vanG cluster	3002972	Strict	33.89	50.0	glycopeptide antibiotic	antibiotic target alteration	glycopeptide resistance gene cluster; vanT	vancomycin	False	chromosome_like	1		
RM2016_batch03_global10	ERR1713370	k141_92709	k141_92709_2 # 613 # 3786 # 1 # ID=144204_2;partial=00;start_type=ATG;rbs_motif=GGA/GAG/AGG;rbs_spacer=11-12bp;gc_cont=0.619	adeF	3000777	Strict	42.18	99.81	fluoroquinolone antibiotic; tetracycline antibiotic	antibiotic efflux	resistance-nodulation-cell division (RND) antibiotic efflux pump	tetracycline	False	chromosome_like	1		
RM2016_batch03_global10	ERR1713370	k141_461327	k141_461327_6 # 4612 # 5580 # 1 # ID=144216_6;partial=00;start_type=ATG;rbs_motif=AGGA;rbs_spacer=5-10bp;gc_cont=0.499	PmrF	3003578	Strict	99.69	100.0	peptide antibiotic	antibiotic target alteration	pmr phosphoethanolamine transferase	polymyxin B	True	plasmid_like		0.981	
RM2016_batch03_global10	ERR1713370	k141_92726	k141_92726_3 # 816 # 1439 # -1 # ID=144237_3;partial=00;start_type=ATG;rbs_motif=GGAGG;rbs_spacer=5-10bp;gc_cont=0.367	Campylobacter coli chloramphenicol acetyltransferase	3004454	Strict	93.24	100.0	phenicol antibiotic	antibiotic inactivation	chloramphenicol acetyltransferase (CAT)	chloramphenicol	False	chromosome_like	1		
RM2016_batch03_global10	ERR1713370	k141_92761	k141_92761_5 # 2991 # 4205 # -1 # ID=144268_5;partial=00;start_type=ATG;rbs_motif=3Base/5BMM;rbs_spacer=13-15bp;gc_cont=0.587	cmlA9	3005043	Perfect	100.0	100.0	phenicol antibiotic	antibiotic efflux	major facilitator superfamily (MFS) antibiotic efflux pump	chloramphenicol	True	plasmid_like		0.9795	
RM2016_batch03_global10	ERR1713370	k141_461339	k141_461339_1 # 1 # 1911 # -1 # ID=144297_1;partial=10;start_type=ATG;rbs_motif=None;rbs_spacer=None;gc_cont=0.492	tet(Q)	3000191	Strict	35.02	96.96	tetracycline antibiotic	antibiotic target protection	tetracycline-resistant ribosomal protection protein	tetracycline; doxycycline; minocycline; chlortetracycline; demeclocycline; oxytetracycline	False	chromosome_like	1		
RM2016_batch03_global10	ERR1713370	k141_587693	k141_587693_4 # 3708 # 4739 # 1 # ID=144639_4;partial=00;start_type=ATG;rbs_motif=GGA/GAG/AGG;rbs_spacer=5-10bp;gc_cont=0.561	mdtN	3003548	Perfect	100.0	100.0	nucleoside antibiotic; disinfecting agents and antiseptics	antibiotic efflux	major facilitator superfamily (MFS) antibiotic efflux pump	acriflavine; puromycin	True	plasmid_like		0.9292	
RM2016_batch03_global10	ERR1713370	k141_587693	k141_587693_5 # 4739 # 6790 # 1 # ID=144639_5;partial=00;start_type=ATG;rbs_motif=GGA/GAG/AGG;rbs_spacer=5-10bp;gc_cont=0.545	mdtO	3003549	Strict	99.41	100.0	nucleoside antibiotic; disinfecting agents and antiseptics	antibiotic efflux	major facilitator superfamily (MFS) antibiotic efflux pump	acriflavine; puromycin	True	plasmid_like		0.9292	
RM2016_batch03_global10	ERR1713370	k141_587693	k141_587693_6 # 6787 # 8253 # 1 # ID=144639_6;partial=00;start_type=ATG;rbs_motif=AGGAG;rbs_spacer=5-10bp;gc_cont=0.562	mdtP	3003550	Strict	98.77	100.0	nucleoside antibiotic; disinfecting agents and antiseptics	antibiotic efflux	major facilitator superfamily (MFS) antibiotic efflux pump	acriflavine; puromycin	True	plasmid_like		0.9292	
RM2016_batch03_global10	ERR1713370	k141_194955	k141_194955_3 # 1171 # 1671 # -1 # ID=145563_3;partial=00;start_type=ATG;rbs_motif=GGAG/GAGG;rbs_spacer=5-10bp;gc_cont=0.413	nimE	3007107	Strict	53.09	97.65	nitroimidazole antibiotic	antibiotic inactivation	nitroimidazole reductase	metronidazole	False	chromosome_like	1		
RM2016_batch03_global10	ERR1713370	k141_462530	k141_462530_2 # 587 # 1069 # -1 # ID=145965_2;partial=00;start_type=ATG;rbs_motif=GGA/GAG/AGG;rbs_spacer=11-12bp;gc_cont=0.462	dfrA14	3002859	Strict	99.36	101.91	diaminopyrimidine antibiotic	antibiotic target replacement	trimethoprim resistant dihydrofolate reductase dfr	trimethoprim	True	plasmid_like		0.9834	
RM2016_batch03_global10	ERR1713370	k141_195257	k141_195257_1 # 198 # 1319 # 1 # ID=145968_1;partial=00;start_type=ATG;rbs_motif=GGAG/GAGG;rbs_spacer=5-10bp;gc_cont=0.558	vanT gene in vanG cluster	3002972	Strict	34.43	52.39	glycopeptide antibiotic	antibiotic target alteration	glycopeptide resistance gene cluster; vanT	vancomycin	False	chromosome_like	1		
RM2016_batch03_global10	ERR1713370	k141_462659	k141_462659_1 # 89 # 1198 # 1 # ID=146183_1;partial=00;start_type=GTG;rbs_motif=AGGA/GGAG/GAGG;rbs_spacer=11-12bp;gc_cont=0.515	vanT gene in vanG cluster	3002972	Strict	34.52	51.83	glycopeptide antibiotic	antibiotic target alteration	glycopeptide resistance gene cluster; vanT	vancomycin	False	chromosome_like	1		
RM2016_batch03_global10	ERR1713370	k141_196346	k141_196346_1 # 2 # 661 # 1 # ID=147474_1;partial=10;start_type=Edge;rbs_motif=None;rbs_spacer=None;gc_cont=0.441	aadA27	3004682	Strict	97.72	83.59	aminoglycoside antibiotic	antibiotic inactivation	ANT(3'')	spectinomycin; streptomycin	False	chromosome_like	1		
RM2016_batch03_global10	ERR1713370	k141_378734	k141_378734_4 # 1205 # 1546 # 1 # ID=147605_4;partial=00;start_type=ATG;rbs_motif=TAA;rbs_spacer=13bp;gc_cont=0.439	qacG	3007015	Strict	49.04	105.61	disinfecting agents and antiseptics	antibiotic efflux	small multidrug resistance (SMR) antibiotic efflux pump	benzalkonium chloride	False	chromosome_like	1		
RM2016_batch03_global10	ERR1713370	k141_94971	k141_94971_4 # 1448 # 2104 # 1 # ID=147705_4;partial=00;start_type=ATG;rbs_motif=AGGAG;rbs_spacer=5-10bp;gc_cont=0.438	QnrS1	3002790	Perfect	100.0	100.0	fluoroquinolone antibiotic	antibiotic target protection	quinolone resistance protein (qnr)	ciprofloxacin; levofloxacin; moxifloxacin; gatifloxacin; nalidixic acid; norfloxacin; sparfloxacin	False	chromosome_like	1		
RM2016_batch03_global10	ERR1713370	k141_690793	k141_690793_5 # 3911 # 5284 # -1 # ID=148270_5;partial=00;start_type=ATG;rbs_motif=None;rbs_spacer=None;gc_cont=0.547	cpxA	3000830	Perfect	100.0	100.0	aminoglycoside antibiotic; aminocoumarin antibiotic	antibiotic efflux	resistance-nodulation-cell division (RND) antibiotic efflux pump	novobiocin	False	chromosome_like	1		
RM2016_batch03_global10	ERR1713370	k141_464716	k141_464716_2 # 871 # 1887 # 1 # ID=149174_2;partial=01;start_type=ATG;rbs_motif=AGGA;rbs_spacer=5-10bp;gc_cont=0.534	vanT gene in vanG cluster	3002972	Strict	33.63	47.61	glycopeptide antibiotic	antibiotic target alteration	glycopeptide resistance gene cluster; vanT	vancomycin	False	chromosome_like	1		
RM2016_batch03_global10	ERR1713370	k141_464731	k141_464731_1 # 1 # 327 # 1 # ID=149202_1;partial=10;start_type=Edge;rbs_motif=None;rbs_spacer=None;gc_cont=0.606	vanW gene in vanI cluster	3003724	Strict	40.0	28.95	glycopeptide antibiotic	antibiotic target alteration	vanW; glycopeptide resistance gene cluster	vancomycin; teicoplanin	False	chromosome_like	1		
RM2016_batch03_global10	ERR1713370	k141_379722	k141_379722_3 # 594 # 1481 # 1 # ID=149877_3;partial=00;start_type=ATG;rbs_motif=AGxAGG/AGGxGG;rbs_spacer=5-10bp;gc_cont=0.639	AAC(3)-IIc	3002535	Strict	68.54	103.15	aminoglycoside antibiotic	antibiotic inactivation	AAC(3)	dibekacin; sisomicin; netilmicin; tobramycin; 6'-N-ethylnetilmicin; 2'-N-ethylnetilmicin; gentamicin	True	plasmid_like		0.987	
RM2016_batch03_global10	ERR1713370	k141_379722	k141_379722_5 # 2033 # 2869 # 1 # ID=149877_5;partial=00;start_type=ATG;rbs_motif=None;rbs_spacer=None;gc_cont=0.559	APH(6)-Id	3002660	Strict	99.64	100.0	aminoglycoside antibiotic	antibiotic inactivation	APH(6)	streptomycin	True	plasmid_like		0.987	
RM2016_batch03_global10	ERR1713370	k141_380201	k141_380201_2 # 324 # 1076 # -1 # ID=150661_2;partial=00;start_type=ATG;rbs_motif=None;rbs_spacer=None;gc_cont=0.620	vanXY gene in vanG cluster	3003069	Strict	47.43	98.43	glycopeptide antibiotic	antibiotic target alteration	glycopeptide resistance gene cluster; vanXY	vancomycin	False	chromosome_like	1		
RM2016_batch03_global10	ERR1713370	k141_98011	k141_98011_1 # 200 # 676 # 1 # ID=151275_1;partial=00;start_type=ATG;rbs_motif=TAA;rbs_spacer=14bp;gc_cont=0.493	nimJ	3007112	Strict	49.06	95.76	nitroimidazole antibiotic	antibiotic inactivation	nitroimidazole reductase	metronidazole	False	chromosome_like	1		
RM2016_batch03_global10	ERR1713370	k141_768335	k141_768335_3 # 2341 # 5934 # -1 # ID=151658_3;partial=00;start_type=ATG;rbs_motif=None;rbs_spacer=None;gc_cont=0.409	evgS	3000833	Strict	99.33	100.0	macrolide antibiotic; fluoroquinolone antibiotic; penam; tetracycline antibiotic	antibiotic efflux	major facilitator superfamily (MFS) antibiotic efflux pump; resistance-nodulation-cell division (RND) antibiotic efflux pump	erythromycin; cloxacillin; tetracycline; oxacillin; norfloxacin	False	chromosome_like	1		
RM2016_batch03_global10	ERR1713370	k141_768335	k141_768335_4 # 5939 # 6553 # -1 # ID=151658_4;partial=00;start_type=ATG;rbs_motif=GGA/GAG/AGG;rbs_spacer=5-10bp;gc_cont=0.398	evgA	3000832	Perfect	100.0	100.0	macrolide antibiotic; fluoroquinolone antibiotic; penam; tetracycline antibiotic	antibiotic efflux	major facilitator superfamily (MFS) antibiotic efflux pump; resistance-nodulation-cell division (RND) antibiotic efflux pump	erythromycin; cloxacillin; tetracycline; oxacillin; norfloxacin	False	chromosome_like	1		
RM2016_batch03_global10	ERR1713370	k141_467398	k141_467398_1 # 130 # 618 # 1 # ID=151867_1;partial=00;start_type=ATG;rbs_motif=GGAG/GAGG;rbs_spacer=5-10bp;gc_cont=0.456	nimG	3007109	Strict	54.27	98.78	nitroimidazole antibiotic	antibiotic inactivation	nitroimidazole reductase	metronidazole	False	chromosome_like	1		
RM2016_batch03_global10	ERR1713370	k141_768835	k141_768835_1 # 2 # 823 # 1 # ID=152026_1;partial=10;start_type=Edge;rbs_motif=None;rbs_spacer=None;gc_cont=0.422	OXA-10	3001405	Strict	99.62	102.63	carbapenem; cephalosporin; penam	antibiotic inactivation	OXA beta-lactamase	cloxacillin; oxacillin; cefalotin	False	chromosome_like	1		
RM2016_batch03_global10	ERR1713370	k141_468279	k141_468279_2 # 329 # 1399 # -1 # ID=152346_2;partial=01;start_type=Edge;rbs_motif=None;rbs_spacer=None;gc_cont=0.340	vanW gene in vanI cluster	3003724	Strict	34.2	95.44	glycopeptide antibiotic	antibiotic target alteration	vanW; glycopeptide resistance gene cluster	vancomycin; teicoplanin	False	chromosome_like	1		
RM2016_batch03_global10	ERR1713370	k141_468451	k141_468451_1 # 3 # 587 # 1 # ID=152419_1;partial=10;start_type=Edge;rbs_motif=None;rbs_spacer=None;gc_cont=0.462	qacG	3007015	Strict	40.0	181.31	disinfecting agents and antiseptics	antibiotic efflux	small multidrug resistance (SMR) antibiotic efflux pump	benzalkonium chloride	False	chromosome_like	1		
RM2016_batch03_global10	ERR1713370	k141_468584	k141_468584_2 # 806 # 1987 # 1 # ID=152484_2;partial=00;start_type=ATG;rbs_motif=GGAG/GAGG;rbs_spacer=5-10bp;gc_cont=0.336	vanT gene in vanG cluster	3002972	Strict	37.87	55.2	glycopeptide antibiotic	antibiotic target alteration	glycopeptide resistance gene cluster; vanT	vancomycin	False	chromosome_like	1		
RM2016_batch03_global10	ERR1713370	k141_773493	k141_773493_2 # 609 # 1379 # 1 # ID=154523_2;partial=00;start_type=ATG;rbs_motif=TAA;rbs_spacer=11bp;gc_cont=0.316	LnuH	3004600	Strict	82.35	98.46	lincosamide antibiotic	antibiotic inactivation	lincosamide nucleotidyltransferase (LNU)		False	chromosome_like	1		
RM2016_batch03_global10	ERR1713370	k141_386964	k141_386964_28 # 29420 # 30532 # -1 # ID=156689_28;partial=00;start_type=ATG;rbs_motif=AGGA;rbs_spacer=5-10bp;gc_cont=0.677	vanT gene in vanG cluster	3002972	Strict	35.91	51.97	glycopeptide antibiotic	antibiotic target alteration	glycopeptide resistance gene cluster; vanT	vancomycin	False	chromosome_like	1		
RM2016_batch03_global10	ERR1713370	k141_777588	k141_777588_2 # 1149 # 2093 # -1 # ID=156746_2;partial=00;start_type=ATG;rbs_motif=GGAG/GAGG;rbs_spacer=5-10bp;gc_cont=0.459	leuO	3003843	Strict	99.04	100.0	nucleoside antibiotic; disinfecting agents and antiseptics	antibiotic efflux	major facilitator superfamily (MFS) antibiotic efflux pump	acriflavine; puromycin	False	chromosome_like	1		
RM2016_batch03_global10	ERR1713370	k141_388830	k141_388830_3 # 1647 # 3233 # 1 # ID=158167_3;partial=01;start_type=GTG;rbs_motif=GGA/GAG/AGG;rbs_spacer=5-10bp;gc_cont=0.631	ArnT	3005053	Strict	51.14	96.01	peptide antibiotic	antibiotic target alteration	pmr phosphoethanolamine transferase	colistin A; colistin B	False	chromosome_like	1		
RM2016_batch03_global10	ERR1713370	k141_479662	k141_479662_2 # 994 # 1338 # 1 # ID=158293_2;partial=00;start_type=ATG;rbs_motif=GGA/GAG/AGG;rbs_spacer=5-10bp;gc_cont=0.438	qacG	3007015	Strict	45.19	106.54	disinfecting agents and antiseptics	antibiotic efflux	small multidrug resistance (SMR) antibiotic efflux pump	benzalkonium chloride	False	chromosome_like	1		
RM2016_batch03_global10	ERR1713370	k141_389724	k141_389724_2 # 471 # 3509 # -1 # ID=158887_2;partial=01;start_type=Edge;rbs_motif=None;rbs_spacer=None;gc_cont=0.617	adeF	3000777	Strict	42.83	95.56	fluoroquinolone antibiotic; tetracycline antibiotic	antibiotic efflux	resistance-nodulation-cell division (RND) antibiotic efflux pump	tetracycline	False	chromosome_like	1		
RM2016_batch03_global10	ERR1713370	k141_483817	k141_483817_2 # 561 # 1361 # 1 # ID=160411_2;partial=00;start_type=ATG;rbs_motif=AGGA;rbs_spacer=5-10bp;gc_cont=0.471	OXA-46	3001797	Perfect	100.0	100.0	carbapenem; cephalosporin; penam	antibiotic inactivation	OXA beta-lactamase	cloxacillin; oxacillin; cefalotin	False	chromosome_like	1		
RM2016_batch03_global10	ERR1713370	k141_392223	k141_392223_3 # 2337 # 3299 # -1 # ID=160817_3;partial=00;start_type=ATG;rbs_motif=TAA;rbs_spacer=5bp;gc_cont=0.362	CfxA6	3003097	Strict	99.06	96.68	cephamycin	antibiotic inactivation	CfxA beta-lactamase		False	chromosome_like	1		
RM2016_batch03_global10	ERR1713370	k141_787979	k141_787979_2 # 751 # 1239 # -1 # ID=162333_2;partial=00;start_type=ATG;rbs_motif=GGAG/GAGG;rbs_spacer=5-10bp;gc_cont=0.378	nimJ	3007112	Strict	53.99	98.18	nitroimidazole antibiotic	antibiotic inactivation	nitroimidazole reductase	metronidazole	False	chromosome_like	1		
RM2016_batch03_global10	ERR1713370	k141_489148	k141_489148_3 # 1421 # 1750 # -1 # ID=163152_3;partial=00;start_type=ATG;rbs_motif=None;rbs_spacer=None;gc_cont=0.591	qacG	3007015	Strict	36.79	101.87	disinfecting agents and antiseptics	antibiotic efflux	small multidrug resistance (SMR) antibiotic efflux pump	benzalkonium chloride	False	chromosome_like	1		
RM2016_batch03_global10	ERR1713370	k141_493431	k141_493431_2 # 326 # 670 # 1 # ID=164192_2;partial=00;start_type=ATG;rbs_motif=GGAG/GAGG;rbs_spacer=5-10bp;gc_cont=0.551	qacG	3007015	Strict	39.62	106.54	disinfecting agents and antiseptics	antibiotic efflux	small multidrug resistance (SMR) antibiotic efflux pump	benzalkonium chloride	False	chromosome_like	1		
RM2016_batch03_global10	ERR1713370	k141_86318	k141_86318_4 # 1097 # 1819 # 1 # ID=134880_4;partial=00;start_type=ATG;rbs_motif=GGA/GAG/AGG;rbs_spacer=5-10bp;gc_cont=0.526	Escherichia coli nfsA mutations conferring resistance to nitrofurantoin	3003751	Strict	99.58	100.0	nitrofuran antibiotic	antibiotic target alteration	antibiotic resistant nfsA	nitrofurantoin	False	chromosome_like	1		
RM2016_batch03_global10	ERR1713370	k141_587934	k141_587934_2 # 1212 # 2978 # -1 # ID=144978_2;partial=00;start_type=ATG;rbs_motif=AGGA/GGAG/GAGG;rbs_spacer=11-12bp;gc_cont=0.539	Haemophilus influenzae PBP3 conferring resistance to beta-lactam antibiotics	3004446	Strict	53.11	96.39	cephalosporin; cephamycin; penam	antibiotic target alteration	Penicillin-binding protein mutations conferring resistance to beta-lactam antibiotics	ceftriaxone; ampicillin; cefaclor; cefotaxime; cefditoren; cefdinir	False	chromosome_like	1		
RM2016_batch03_global10	ERR1713370	k141_103844	k141_103844_3 # 3506 # 4153 # 1 # ID=7776_3;partial=00;start_type=ATG;rbs_motif=None;rbs_spacer=None;gc_cont=0.455	Escherichia coli AcrAB-TolC with AcrR mutation conferring resistance to ciprofloxacin, tetracycline, and ceftazidime	3003807	Strict	100.0	100.0	fluoroquinolone antibiotic; cephalosporin; glycylcycline; penam; tetracycline antibiotic; rifamycin antibiotic; phenicol antibiotic; disinfecting agents and antiseptics	antibiotic target alteration; antibiotic efflux	resistance-nodulation-cell division (RND) antibiotic efflux pump	tigecycline; ciprofloxacin; tetracycline; ceftazidime; rifampin; chloramphenicol; ampicillin; cefalotin; triclosan	False	chromosome_like	1		
RM2016_batch03_global10	ERR1713370	k141_22326	k141_22326_2 # 352 # 786 # -1 # ID=37505_2;partial=00;start_type=ATG;rbs_motif=None;rbs_spacer=None;gc_cont=0.556	Escherichia coli AcrAB-TolC with MarR mutations conferring resistance to ciprofloxacin and tetracycline	3003378	Strict	84.03	100.0	fluoroquinolone antibiotic; cephalosporin; glycylcycline; penam; tetracycline antibiotic; rifamycin antibiotic; phenicol antibiotic; disinfecting agents and antiseptics	antibiotic target alteration; antibiotic efflux	resistance-nodulation-cell division (RND) antibiotic efflux pump	tigecycline; ciprofloxacin; tetracycline; rifampin; chloramphenicol; ampicillin; cefalotin; triclosan	False	chromosome_like	1		
RM2016_batch03_global10	ERR1713370	k141_189538	k141_189538_1 # 87 # 521 # 1 # ID=137947_1;partial=00;start_type=GTG;rbs_motif=GGA/GAG/AGG;rbs_spacer=5-10bp;gc_cont=0.499	Escherichia coli AcrAB-TolC with MarR mutations conferring resistance to ciprofloxacin and tetracycline	3003378	Strict	98.61	100.0	fluoroquinolone antibiotic; cephalosporin; glycylcycline; penam; tetracycline antibiotic; rifamycin antibiotic; phenicol antibiotic; disinfecting agents and antiseptics	antibiotic target alteration; antibiotic efflux	resistance-nodulation-cell division (RND) antibiotic efflux pump	tigecycline; ciprofloxacin; tetracycline; rifampin; chloramphenicol; ampicillin; cefalotin; triclosan	False	chromosome_like	1		
RM2016_batch03_global10	ERR1713370	k141_95569	k141_95569_1 # 73 # 396 # 1 # ID=148557_1;partial=00;start_type=ATG;rbs_motif=GGAG/GAGG;rbs_spacer=5-10bp;gc_cont=0.509	Escherichia coli soxS with mutation conferring antibiotic resistance	3003511	Strict	100.0	100.0	fluoroquinolone antibiotic; monobactam; carbapenem; cephalosporin; glycylcycline; cephamycin; penam; tetracycline antibiotic; rifamycin antibiotic; phenicol antibiotic; penem; disinfecting agents and antiseptics	antibiotic target alteration; antibiotic efflux; reduced permeability to antibiotic	ATP-binding cassette (ABC) antibiotic efflux pump; major facilitator superfamily (MFS) antibiotic efflux pump; resistance-nodulation-cell division (RND) antibiotic efflux pump; General Bacterial Porin with reduced permeability to beta-lactams	tigecycline; ciprofloxacin; tetracycline; rifampin; chloramphenicol; ampicillin; norfloxacin; cefalotin; triclosan; enrofloxacin	False	chromosome_like	1		
RM2016_batch03_global10	ERR1713370	k141_393058	k141_393058_2 # 630 # 1094 # -1 # ID=161383_2;partial=00;start_type=ATG;rbs_motif=AGGA/GGAG/GAGG;rbs_spacer=11-12bp;gc_cont=0.518	Escherichia coli soxR with mutation conferring antibiotic resistance	3003381	Strict	100.0	100.0	fluoroquinolone antibiotic; cephalosporin; glycylcycline; penam; tetracycline antibiotic; rifamycin antibiotic; phenicol antibiotic; disinfecting agents and antiseptics	antibiotic target alteration; antibiotic efflux	ATP-binding cassette (ABC) antibiotic efflux pump; major facilitator superfamily (MFS) antibiotic efflux pump; resistance-nodulation-cell division (RND) antibiotic efflux pump	tigecycline; ciprofloxacin; tetracycline; rifampin; chloramphenicol; ampicillin; nalidixic acid; norfloxacin; cefalotin; triclosan	False	chromosome_like	1		
RM2016_batch03_global10	ERR1713382	k141_725	k141_725_2 # 1451 # 2416 # 1 # ID=1143_2;partial=00;start_type=ATG;rbs_motif=None;rbs_spacer=None;gc_cont=0.360	CfxA2	3003002	Strict	99.38	100.0	cephamycin	antibiotic inactivation	CfxA beta-lactamase		False	chromosome_like	1		
RM2016_batch03_global10	ERR1713382	k141_308145	k141_308145_6 # 6412 # 8862 # -1 # ID=1738_6;partial=00;start_type=ATG;rbs_motif=AATAA;rbs_spacer=6bp;gc_cont=0.309	vanT gene in vanG cluster	3002972	Strict	33.33	114.61	glycopeptide antibiotic	antibiotic target alteration	glycopeptide resistance gene cluster; vanT	vancomycin	False	chromosome_like	1		
RM2016_batch03_global10	ERR1713382	k141_769505	k141_769505_2 # 380 # 796 # -1 # ID=1851_2;partial=00;start_type=ATG;rbs_motif=GGA/GAG/AGG;rbs_spacer=5-10bp;gc_cont=0.612	FosA8	3007371	Strict	60.29	97.87	phosphonic acid antibiotic	antibiotic inactivation	fosfomycin thiol transferase	fosfomycin	False	chromosome_like	1		
RM2016_batch03_global10	ERR1713382	k141_923288	k141_923288_2 # 958 # 1890 # 1 # ID=2384_2;partial=00;start_type=ATG;rbs_motif=TAA;rbs_spacer=10bp;gc_cont=0.368	ESP-1	3003717	Strict	90.97	106.9	carbapenem	antibiotic inactivation	ESP beta-lactamase		False	chromosome_like	1		
RM2016_batch03_global10	ERR1713382	k141_308798	k141_308798_2 # 797 # 1681 # -1 # ID=3028_2;partial=00;start_type=ATG;rbs_motif=TAA;rbs_spacer=12bp;gc_cont=0.365	mphE	3003741	Perfect	100.0	100.0	macrolide antibiotic	antibiotic inactivation	macrolide phosphotransferase (MPH)	erythromycin	False	chromosome_like	1		
RM2016_batch03_global10	ERR1713382	k141_308798	k141_308798_3 # 1737 # 3212 # -1 # ID=3028_3;partial=00;start_type=ATG;rbs_motif=TAAA;rbs_spacer=5bp;gc_cont=0.399	msrE	3003109	Perfect	100.0	100.0	macrolide antibiotic; streptogramin antibiotic	antibiotic target protection	msr-type ABC-F protein	erythromycin	False	chromosome_like	1		
RM2016_batch03_global10	ERR1713382	k141_2060	k141_2060_3 # 2996 # 4696 # -1 # ID=3242_3;partial=00;start_type=ATG;rbs_motif=GGA/GAG/AGG;rbs_spacer=5-10bp;gc_cont=0.595	ArnT	3005053	Strict	43.0	102.72	peptide antibiotic	antibiotic target alteration	pmr phosphoethanolamine transferase	colistin A; colistin B	False	chromosome_like	1		
RM2016_batch03_global10	ERR1713382	k141_308908	k141_308908_2 # 126 # 1133 # -1 # ID=3246_2;partial=00;start_type=ATG;rbs_motif=TAAA;rbs_spacer=13bp;gc_cont=0.471	vanT gene in vanG cluster	3002972	Strict	34.78	47.05	glycopeptide antibiotic	antibiotic target alteration	glycopeptide resistance gene cluster; vanT	vancomycin	False	chromosome_like	1		
RM2016_batch03_global10	ERR1713382	k141_925251	k141_925251_3 # 1451 # 1795 # -1 # ID=5062_3;partial=00;start_type=ATG;rbs_motif=GGA/GAG/AGG;rbs_spacer=5-10bp;gc_cont=0.371	qacG	3007015	Strict	48.11	106.54	disinfecting agents and antiseptics	antibiotic efflux	small multidrug resistance (SMR) antibiotic efflux pump	benzalkonium chloride	True	plasmid_like		0.7492	
RM2016_batch03_global10	ERR1713382	k141_465266	k141_465266_1 # 325 # 657 # -1 # ID=5939_1;partial=00;start_type=ATG;rbs_motif=GGAG/GAGG;rbs_spacer=5-10bp;gc_cont=0.459	qacE	3005009	Strict	98.18	100.0	disinfecting agents and antiseptics	antibiotic efflux	major facilitator superfamily (MFS) antibiotic efflux pump		False	chromosome_like	1		
RM2016_batch03_global10	ERR1713382	k141_465266	k141_465266_2 # 865 # 1665 # -1 # ID=5939_2;partial=00;start_type=ATG;rbs_motif=AGxAGG/AGGxGG;rbs_spacer=3-4bp;gc_cont=0.419	OXA-10	3001405	Perfect	100.0	100.0	carbapenem; cephalosporin; penam	antibiotic inactivation	OXA beta-lactamase	cloxacillin; oxacillin; cefalotin	False	chromosome_like	1		
RM2016_batch03_global10	ERR1713382	k141_620217	k141_620217_3 # 1632 # 1961 # -1 # ID=8036_3;partial=00;start_type=ATG;rbs_motif=3Base/5BMM;rbs_spacer=13-15bp;gc_cont=0.406	qacJ	3007014	Strict	37.74	101.87	disinfecting agents and antiseptics	antibiotic efflux	small multidrug resistance (SMR) antibiotic efflux pump	benzalkonium chloride	False	chromosome_like	1		
RM2016_batch03_global10	ERR1713382	k141_467859	k141_467859_3 # 1473 # 3920 # 1 # ID=9845_3;partial=00;start_type=ATG;rbs_motif=AAAA;rbs_spacer=4bp;gc_cont=0.312	vanT gene in vanG cluster	3002972	Strict	32.25	114.47	glycopeptide antibiotic	antibiotic target alteration	glycopeptide resistance gene cluster; vanT	vancomycin	False	chromosome_like	1		
RM2016_batch03_global10	ERR1713382	k141_6956	k141_6956_30 # 31099 # 31470 # -1 # ID=10498_30;partial=00;start_type=ATG;rbs_motif=None;rbs_spacer=None;gc_cont=0.344	qacJ	3007014	Strict	42.31	114.95	disinfecting agents and antiseptics	antibiotic efflux	small multidrug resistance (SMR) antibiotic efflux pump	benzalkonium chloride	False	chromosome_like	1		
RM2016_batch03_global10	ERR1713382	k141_7167	k141_7167_3 # 2051 # 2395 # -1 # ID=10805_3;partial=00;start_type=ATG;rbs_motif=GGA/GAG/AGG;rbs_spacer=5-10bp;gc_cont=0.400	qacG	3007015	Strict	50.0	106.54	disinfecting agents and antiseptics	antibiotic efflux	small multidrug resistance (SMR) antibiotic efflux pump	benzalkonium chloride	False	chromosome_like	1		
RM2016_batch03_global10	ERR1713382	k141_162010	k141_162010_3 # 899 # 2647 # -1 # ID=11499_3;partial=01;start_type=Edge;rbs_motif=None;rbs_spacer=None;gc_cont=0.325	vanT gene in vanG cluster	3002972	Strict	34.77	81.74	glycopeptide antibiotic	antibiotic target alteration	glycopeptide resistance gene cluster; vanT	vancomycin	False	chromosome_like	1		
RM2016_batch03_global10	ERR1713382	k141_776316	k141_776316_5 # 1712 # 2056 # -1 # ID=12460_5;partial=00;start_type=ATG;rbs_motif=GGA/GAG/AGG;rbs_spacer=5-10bp;gc_cont=0.426	qacJ	3007014	Strict	44.23	106.54	disinfecting agents and antiseptics	antibiotic efflux	small multidrug resistance (SMR) antibiotic efflux pump	benzalkonium chloride	False	chromosome_like	1		
RM2016_batch03_global10	ERR1713382	k141_314385	k141_314385_1 # 58 # 402 # -1 # ID=13703_1;partial=00;start_type=ATG;rbs_motif=GGA/GAG/AGG;rbs_spacer=5-10bp;gc_cont=0.449	qacJ	3007014	Strict	46.15	106.54	disinfecting agents and antiseptics	antibiotic efflux	small multidrug resistance (SMR) antibiotic efflux pump	benzalkonium chloride	True	plasmid_like		0.7843	
RM2016_batch03_global10	ERR1713382	k141_931140	k141_931140_5 # 4517 # 4849 # 1 # ID=13890_5;partial=00;start_type=ATG;rbs_motif=TAA;rbs_spacer=11bp;gc_cont=0.327	qacG	3007015	Strict	46.6	102.8	disinfecting agents and antiseptics	antibiotic efflux	small multidrug resistance (SMR) antibiotic efflux pump	benzalkonium chloride	False	chromosome_like	1		
RM2016_batch03_global10	ERR1713382	k141_314548	k141_314548_1 # 136 # 999 # -1 # ID=13964_1;partial=00;start_type=ATG;rbs_motif=None;rbs_spacer=None;gc_cont=0.315	aadS	3004683	Perfect	100.0	100.0	aminoglycoside antibiotic	antibiotic inactivation	ANT(6)	streptomycin	False	chromosome_like	1		
RM2016_batch03_global10	ERR1713382	k141_1082473	k141_1082473_1 # 3 # 284 # -1 # ID=14997_1;partial=10;start_type=ATG;rbs_motif=GGA/GAG/AGG;rbs_spacer=5-10bp;gc_cont=0.429	qacJ	3007014	Strict	43.53	87.85	disinfecting agents and antiseptics	antibiotic efflux	small multidrug resistance (SMR) antibiotic efflux pump	benzalkonium chloride	False	chromosome_like	1		
RM2016_batch03_global10	ERR1713382	k141_471853	k141_471853_2 # 391 # 714 # -1 # ID=16855_2;partial=00;start_type=ATG;rbs_motif=TAA;rbs_spacer=4bp;gc_cont=0.367	qacJ	3007014	Strict	51.4	100.0	disinfecting agents and antiseptics	antibiotic efflux	small multidrug resistance (SMR) antibiotic efflux pump	benzalkonium chloride	False	chromosome_like	1		
RM2016_batch03_global10	ERR1713382	k141_472349	k141_472349_3 # 1026 # 1358 # -1 # ID=17485_3;partial=00;start_type=ATG;rbs_motif=GGA/GAG/AGG;rbs_spacer=5-10bp;gc_cont=0.538	qacJ	3007014	Strict	36.54	102.8	disinfecting agents and antiseptics	antibiotic efflux	small multidrug resistance (SMR) antibiotic efflux pump	benzalkonium chloride	False	chromosome_like	1		
RM2016_batch03_global10	ERR1713382	k141_1084906	k141_1084906_5 # 3255 # 4904 # -1 # ID=19198_5;partial=00;start_type=ATG;rbs_motif=GGAG/GAGG;rbs_spacer=5-10bp;gc_cont=0.571	ArnT	3005053	Strict	40.77	99.64	peptide antibiotic	antibiotic target alteration	pmr phosphoethanolamine transferase	colistin A; colistin B	False	chromosome_like	1		
RM2016_batch03_global10	ERR1713382	k141_780288	k141_780288_3 # 921 # 1370 # 1 # ID=19204_3;partial=00;start_type=ATG;rbs_motif=GGAG/GAGG;rbs_spacer=5-10bp;gc_cont=0.622	Pseudomonas aeruginosa soxR	3004107	Strict	71.13	95.51	fluoroquinolone antibiotic; cephalosporin; glycylcycline; penam; tetracycline antibiotic; rifamycin antibiotic; phenicol antibiotic; disinfecting agents and antiseptics	antibiotic target alteration; antibiotic efflux	ATP-binding cassette (ABC) antibiotic efflux pump; major facilitator superfamily (MFS) antibiotic efflux pump; resistance-nodulation-cell division (RND) antibiotic efflux pump	tigecycline; ciprofloxacin; acriflavine; tetracycline; rifampin; chloramphenicol; ampicillin; norfloxacin; cefalotin; triclosan	False	chromosome_like	1		
RM2016_batch03_global10	ERR1713382	k141_168261	k141_168261_9 # 8012 # 11185 # -1 # ID=20013_9;partial=00;start_type=ATG;rbs_motif=None;rbs_spacer=None;gc_cont=0.383	adeF	3000777	Strict	42.27	99.81	fluoroquinolone antibiotic; tetracycline antibiotic	antibiotic efflux	resistance-nodulation-cell division (RND) antibiotic efflux pump	tetracycline	False	chromosome_like	1		
RM2016_batch03_global10	ERR1713382	k141_168600	k141_168600_12 # 13125 # 16226 # 1 # ID=20427_12;partial=00;start_type=ATG;rbs_motif=GGA/GAG/AGG;rbs_spacer=5-10bp;gc_cont=0.602	adeF	3000777	Strict	43.94	97.54	fluoroquinolone antibiotic; tetracycline antibiotic	antibiotic efflux	resistance-nodulation-cell division (RND) antibiotic efflux pump	tetracycline	False	chromosome_like	1		
RM2016_batch03_global10	ERR1713382	k141_475414	k141_475414_5 # 2128 # 3354 # -1 # ID=21713_5;partial=00;start_type=ATG;rbs_motif=GGA/GAG/AGG;rbs_spacer=5-10bp;gc_cont=0.306	EreD	3004608	Strict	98.77	100.0	macrolide antibiotic	antibiotic inactivation	macrolide esterase	erythromycin	False	chromosome_like	1		
RM2016_batch03_global10	ERR1713382	k141_630959	k141_630959_2 # 361 # 813 # 1 # ID=23266_2;partial=00;start_type=ATG;rbs_motif=GGA/GAG/AGG;rbs_spacer=5-10bp;gc_cont=0.589	Pseudomonas aeruginosa soxR	3004107	Strict	67.63	96.15	fluoroquinolone antibiotic; cephalosporin; glycylcycline; penam; tetracycline antibiotic; rifamycin antibiotic; phenicol antibiotic; disinfecting agents and antiseptics	antibiotic target alteration; antibiotic efflux	ATP-binding cassette (ABC) antibiotic efflux pump; major facilitator superfamily (MFS) antibiotic efflux pump; resistance-nodulation-cell division (RND) antibiotic efflux pump	tigecycline; ciprofloxacin; acriflavine; tetracycline; rifampin; chloramphenicol; ampicillin; norfloxacin; cefalotin; triclosan	False	chromosome_like	1		
RM2016_batch03_global10	ERR1713382	k141_1087735	k141_1087735_5 # 3406 # 6561 # 1 # ID=23758_5;partial=00;start_type=ATG;rbs_motif=GGAG/GAGG;rbs_spacer=5-10bp;gc_cont=0.610	adeF	3000777	Strict	43.57	99.24	fluoroquinolone antibiotic; tetracycline antibiotic	antibiotic efflux	resistance-nodulation-cell division (RND) antibiotic efflux pump	tetracycline	True	plasmid_like		0.709	
RM2016_batch03_global10	ERR1713382	k141_939814	k141_939814_24 # 24268 # 25917 # -1 # ID=27219_24;partial=00;start_type=ATG;rbs_motif=GGAG/GAGG;rbs_spacer=5-10bp;gc_cont=0.588	ArnT	3005053	Strict	41.51	99.64	peptide antibiotic	antibiotic target alteration	pmr phosphoethanolamine transferase	colistin A; colistin B	False	chromosome_like	1		
RM2016_batch03_global10	ERR1713382	k141_1090220	k141_1090220_4 # 1511 # 3160 # -1 # ID=27395_4;partial=00;start_type=ATG;rbs_motif=GGAG/GAGG;rbs_spacer=5-10bp;gc_cont=0.612	ArnT	3005053	Strict	42.41	99.64	peptide antibiotic	antibiotic target alteration	pmr phosphoethanolamine transferase	colistin A; colistin B	False	chromosome_like	1		
RM2016_batch03_global10	ERR1713382	k141_940156	k141_940156_2 # 2169 # 4610 # -1 # ID=27605_2;partial=00;start_type=ATG;rbs_motif=TAA;rbs_spacer=12bp;gc_cont=0.323	vanT gene in vanG cluster	3002972	Strict	34.91	114.19	glycopeptide antibiotic	antibiotic target alteration	glycopeptide resistance gene cluster; vanT	vancomycin	False	chromosome_like	1		
RM2016_batch03_global10	ERR1713382	k141_786332	k141_786332_2 # 376 # 1260 # -1 # ID=27723_2;partial=00;start_type=ATG;rbs_motif=AAAA;rbs_spacer=11bp;gc_cont=0.375	mphG	3003742	Strict	89.46	100.0	macrolide antibiotic	antibiotic inactivation	macrolide phosphotransferase (MPH)	erythromycin; clarithromycin; azithromycin	False	chromosome_like	1		
RM2016_batch03_global10	ERR1713382	k141_19106	k141_19106_6 # 6825 # 9296 # 1 # ID=27842_6;partial=00;start_type=ATG;rbs_motif=None;rbs_spacer=None;gc_cont=0.326	vanT gene in vanG cluster	3002972	Strict	33.33	115.59	glycopeptide antibiotic	antibiotic target alteration	glycopeptide resistance gene cluster; vanT	vancomycin	False	chromosome_like	1		
RM2016_batch03_global10	ERR1713382	k141_786383	k141_786383_17 # 17803 # 18147 # -1 # ID=27870_17;partial=00;start_type=ATG;rbs_motif=GGA/GAG/AGG;rbs_spacer=5-10bp;gc_cont=0.394	qacJ	3007014	Strict	41.51	106.54	disinfecting agents and antiseptics	antibiotic efflux	small multidrug resistance (SMR) antibiotic efflux pump	benzalkonium chloride	False	chromosome_like	1		
RM2016_batch03_global10	ERR1713382	k141_479315	k141_479315_4 # 4151 # 6616 # 1 # ID=27972_4;partial=00;start_type=TTG;rbs_motif=AATAA;rbs_spacer=15bp;gc_cont=0.337	vanT gene in vanG cluster	3002972	Strict	34.76	115.31	glycopeptide antibiotic	antibiotic target alteration	glycopeptide resistance gene cluster; vanT	vancomycin	False	chromosome_like	1		
RM2016_batch03_global10	ERR1713382	k141_322712	k141_322712_1 # 28 # 858 # 1 # ID=28913_1;partial=00;start_type=GTG;rbs_motif=None;rbs_spacer=None;gc_cont=0.323	vanW gene in vanG cluster	3002965	Strict	31.93	98.22	glycopeptide antibiotic	antibiotic target alteration	vanW; glycopeptide resistance gene cluster	vancomycin	False	chromosome_like	1		
RM2016_batch03_global10	ERR1713382	k141_19958	k141_19958_1 # 2 # 1858 # 1 # ID=29134_1;partial=11;start_type=Edge;rbs_motif=None;rbs_spacer=None;gc_cont=0.621	adeF	3000777	Strict	68.52	58.45	fluoroquinolone antibiotic; tetracycline antibiotic	antibiotic efflux	resistance-nodulation-cell division (RND) antibiotic efflux pump	tetracycline	False	chromosome_like	1		
RM2016_batch03_global10	ERR1713382	k141_480864	k141_480864_9 # 7412 # 7855 # 1 # ID=30523_9;partial=00;start_type=ATG;rbs_motif=GGAG/GAGG;rbs_spacer=5-10bp;gc_cont=0.610	Pseudomonas aeruginosa soxR	3004107	Strict	70.42	94.23	fluoroquinolone antibiotic; cephalosporin; glycylcycline; penam; tetracycline antibiotic; rifamycin antibiotic; phenicol antibiotic; disinfecting agents and antiseptics	antibiotic target alteration; antibiotic efflux	ATP-binding cassette (ABC) antibiotic efflux pump; major facilitator superfamily (MFS) antibiotic efflux pump; resistance-nodulation-cell division (RND) antibiotic efflux pump	tigecycline; ciprofloxacin; acriflavine; tetracycline; rifampin; chloramphenicol; ampicillin; norfloxacin; cefalotin; triclosan	False	chromosome_like	1		
RM2016_batch03_global10	ERR1713382	k141_481401	k141_481401_3 # 1596 # 1940 # 1 # ID=31303_3;partial=00;start_type=ATG;rbs_motif=GGA/GAG/AGG;rbs_spacer=5-10bp;gc_cont=0.368	qacG	3007015	Strict	48.11	106.54	disinfecting agents and antiseptics	antibiotic efflux	small multidrug resistance (SMR) antibiotic efflux pump	benzalkonium chloride	False	chromosome_like	1		
RM2016_batch03_global10	ERR1713382	k141_790695	k141_790695_2 # 1160 # 1492 # 1 # ID=33874_2;partial=00;start_type=ATG;rbs_motif=GGA/GAG/AGG;rbs_spacer=5-10bp;gc_cont=0.411	qacG	3007015	Strict	43.81	102.8	disinfecting agents and antiseptics	antibiotic efflux	small multidrug resistance (SMR) antibiotic efflux pump	benzalkonium chloride	False	chromosome_like	1		
RM2016_batch03_global10	ERR1713382	k141_24600	k141_24600_2 # 514 # 2922 # 1 # ID=35503_2;partial=01;start_type=ATG;rbs_motif=AAAAAA;rbs_spacer=6bp;gc_cont=0.349	vanT gene in vanG cluster	3002972	Strict	36.67	112.78	glycopeptide antibiotic	antibiotic target alteration	glycopeptide resistance gene cluster; vanT	vancomycin	False	chromosome_like	1		
RM2016_batch03_global10	ERR1713382	k141_792261	k141_792261_3 # 1853 # 5032 # -1 # ID=35951_3;partial=00;start_type=ATG;rbs_motif=GGA/GAG/AGG;rbs_spacer=11-12bp;gc_cont=0.598	adeF	3000777	Strict	66.25	100.0	fluoroquinolone antibiotic; tetracycline antibiotic	antibiotic efflux	resistance-nodulation-cell division (RND) antibiotic efflux pump	tetracycline	False	chromosome_like	1		
RM2016_batch03_global10	ERR1713382	k141_327556	k141_327556_5 # 3205 # 4113 # -1 # ID=37678_5;partial=00;start_type=ATG;rbs_motif=AGGA;rbs_spacer=5-10bp;gc_cont=0.668	Rm3	3003894	Strict	99.01	100.0	carbapenem; cephalosporin; penam	antibiotic inactivation	Rm3 family beta-lactamase		False	chromosome_like	1		
RM2016_batch03_global10	ERR1713382	k141_794500	k141_794500_1 # 18 # 728 # -1 # ID=39475_1;partial=00;start_type=ATG;rbs_motif=TAA;rbs_spacer=11bp;gc_cont=0.381	vanW gene in vanG cluster	3002965	Strict	33.51	83.99	glycopeptide antibiotic	antibiotic target alteration	vanW; glycopeptide resistance gene cluster	vancomycin	False	chromosome_like	1		
RM2016_batch03_global10	ERR1713382	k141_182291	k141_182291_2 # 759 # 3938 # -1 # ID=40791_2;partial=00;start_type=ATG;rbs_motif=GGA/GAG/AGG;rbs_spacer=11-12bp;gc_cont=0.586	adeF	3000777	Strict	66.73	100.0	fluoroquinolone antibiotic; tetracycline antibiotic	antibiotic efflux	resistance-nodulation-cell division (RND) antibiotic efflux pump	tetracycline	True	plasmid_like		0.9293	
RM2016_batch03_global10	ERR1713382	k141_28479	k141_28479_3 # 1522 # 3966 # 1 # ID=40892_3;partial=00;start_type=ATG;rbs_motif=None;rbs_spacer=None;gc_cont=0.332	vanT gene in vanG cluster	3002972	Strict	34.5	114.33	glycopeptide antibiotic	antibiotic target alteration	glycopeptide resistance gene cluster; vanT	vancomycin	False	chromosome_like	1		
RM2016_batch03_global10	ERR1713382	k141_949022	k141_949022_7 # 5581 # 6048 # 1 # ID=41203_7;partial=00;start_type=ATG;rbs_motif=GGAG/GAGG;rbs_spacer=5-10bp;gc_cont=0.592	Pseudomonas aeruginosa soxR	3004107	Strict	67.61	99.36	fluoroquinolone antibiotic; cephalosporin; glycylcycline; penam; tetracycline antibiotic; rifamycin antibiotic; phenicol antibiotic; disinfecting agents and antiseptics	antibiotic target alteration; antibiotic efflux	ATP-binding cassette (ABC) antibiotic efflux pump; major facilitator superfamily (MFS) antibiotic efflux pump; resistance-nodulation-cell division (RND) antibiotic efflux pump	tigecycline; ciprofloxacin; acriflavine; tetracycline; rifampin; chloramphenicol; ampicillin; norfloxacin; cefalotin; triclosan	False	chromosome_like	1		
RM2016_batch03_global10	ERR1713382	k141_949401	k141_949401_1 # 106 # 558 # 1 # ID=41803_1;partial=00;start_type=ATG;rbs_motif=GGA/GAG/AGG;rbs_spacer=5-10bp;gc_cont=0.609	Pseudomonas aeruginosa soxR	3004107	Strict	68.79	96.15	fluoroquinolone antibiotic; cephalosporin; glycylcycline; penam; tetracycline antibiotic; rifamycin antibiotic; phenicol antibiotic; disinfecting agents and antiseptics	antibiotic target alteration; antibiotic efflux	ATP-binding cassette (ABC) antibiotic efflux pump; major facilitator superfamily (MFS) antibiotic efflux pump; resistance-nodulation-cell division (RND) antibiotic efflux pump	tigecycline; ciprofloxacin; acriflavine; tetracycline; rifampin; chloramphenicol; ampicillin; norfloxacin; cefalotin; triclosan	False	chromosome_like	1		
RM2016_batch03_global10	ERR1713382	k141_643983	k141_643983_14 # 9122 # 9586 # -1 # ID=42589_14;partial=00;start_type=ATG;rbs_motif=GGA/GAG/AGG;rbs_spacer=11-12bp;gc_cont=0.613	FosA8	3007371	Strict	57.45	109.22	phosphonic acid antibiotic	antibiotic inactivation	fosfomycin thiol transferase	fosfomycin	True	plasmid_like		0.9356	
RM2016_batch03_global10	ERR1713382	k141_1099903	k141_1099903_3 # 1370 # 2557 # 1 # ID=42970_3;partial=00;start_type=GTG;rbs_motif=AGxAGG/AGGxGG;rbs_spacer=5-10bp;gc_cont=0.406	tet(39)	3000566	Perfect	100.0	100.0	tetracycline antibiotic	antibiotic efflux	major facilitator superfamily (MFS) antibiotic efflux pump	tetracycline	True	plasmid_like		0.9827	
RM2016_batch03_global10	ERR1713382	k141_1100117	k141_1100117_5 # 2977 # 3345 # 1 # ID=43249_5;partial=00;start_type=ATG;rbs_motif=None;rbs_spacer=None;gc_cont=0.401	qacG	3007015	Strict	46.15	114.02	disinfecting agents and antiseptics	antibiotic efflux	small multidrug resistance (SMR) antibiotic efflux pump	benzalkonium chloride	False	chromosome_like	1		
RM2016_batch03_global10	ERR1713382	k141_32511	k141_32511_1 # 1 # 1863 # -1 # ID=46401_1;partial=11;start_type=Edge;rbs_motif=None;rbs_spacer=None;gc_cont=0.612	adeF	3000777	Strict	68.23	58.64	fluoroquinolone antibiotic; tetracycline antibiotic	antibiotic efflux	resistance-nodulation-cell division (RND) antibiotic efflux pump	tetracycline	False	chromosome_like	1		
RM2016_batch03_global10	ERR1713382	k141_952514	k141_952514_5 # 2990 # 5434 # -1 # ID=46648_5;partial=00;start_type=ATG;rbs_motif=TAA;rbs_spacer=11bp;gc_cont=0.340	vanT gene in vanG cluster	3002972	Strict	33.87	114.33	glycopeptide antibiotic	antibiotic target alteration	glycopeptide resistance gene cluster; vanT	vancomycin	False	chromosome_like	1		
RM2016_batch03_global10	ERR1713382	k141_799732	k141_799732_4 # 2683 # 3024 # -1 # ID=47769_4;partial=00;start_type=ATG;rbs_motif=AGGA;rbs_spacer=5-10bp;gc_cont=0.585	qacG	3007015	Strict	43.4	105.61	disinfecting agents and antiseptics	antibiotic efflux	small multidrug resistance (SMR) antibiotic efflux pump	benzalkonium chloride	False	chromosome_like	1		
RM2016_batch03_global10	ERR1713382	k141_954624	k141_954624_11 # 12692 # 15064 # -1 # ID=49955_11;partial=01;start_type=Edge;rbs_motif=None;rbs_spacer=None;gc_cont=0.622	adeF	3000777	Strict	67.48	74.6	fluoroquinolone antibiotic; tetracycline antibiotic	antibiotic efflux	resistance-nodulation-cell division (RND) antibiotic efflux pump	tetracycline	False	chromosome_like	1		
RM2016_batch03_global10	ERR1713382	k141_802241	k141_802241_1 # 564 # 893 # -1 # ID=51061_1;partial=00;start_type=ATG;rbs_motif=TAA;rbs_spacer=12bp;gc_cont=0.327	qacJ	3007014	Strict	48.11	101.87	disinfecting agents and antiseptics	antibiotic efflux	small multidrug resistance (SMR) antibiotic efflux pump	benzalkonium chloride	False	chromosome_like	1		
RM2016_batch03_global10	ERR1713382	k141_649876	k141_649876_1 # 2 # 1867 # 1 # ID=51517_1;partial=11;start_type=Edge;rbs_motif=None;rbs_spacer=None;gc_cont=0.584	adeF	3000777	Strict	68.33	58.73	fluoroquinolone antibiotic; tetracycline antibiotic	antibiotic efflux	resistance-nodulation-cell division (RND) antibiotic efflux pump	tetracycline	False	chromosome_like	1		
RM2016_batch03_global10	ERR1713382	k141_1106488	k141_1106488_1 # 2 # 2437 # 1 # ID=51997_1;partial=10;start_type=Edge;rbs_motif=None;rbs_spacer=None;gc_cont=0.365	vanT gene in vanG cluster	3002972	Strict	33.75	113.9	glycopeptide antibiotic	antibiotic target alteration	glycopeptide resistance gene cluster; vanT	vancomycin	False	chromosome_like	1		
RM2016_batch03_global10	ERR1713382	k141_1106527	k141_1106527_7 # 5043 # 5387 # -1 # ID=52036_7;partial=00;start_type=ATG;rbs_motif=AGGA/GGAG/GAGG;rbs_spacer=11-12bp;gc_cont=0.406	qacG	3007015	Strict	48.08	106.54	disinfecting agents and antiseptics	antibiotic efflux	small multidrug resistance (SMR) antibiotic efflux pump	benzalkonium chloride	False	chromosome_like	1		
RM2016_batch03_global10	ERR1713382	k141_803909	k141_803909_2 # 657 # 1397 # 1 # ID=53401_2;partial=00;start_type=ATG;rbs_motif=TAAAAA;rbs_spacer=14bp;gc_cont=0.312	JOHN-1	3000840	Strict	80.74	99.19	carbapenem; cephalosporin; penam	antibiotic inactivation	JOHN beta-lactamase		False	chromosome_like	1		
RM2016_batch03_global10	ERR1713382	k141_37580	k141_37580_2 # 494 # 958 # -1 # ID=53591_2;partial=00;start_type=ATG;rbs_motif=GGA/GAG/AGG;rbs_spacer=5-10bp;gc_cont=0.649	FosI	3007370	Strict	73.28	114.93	phosphonic acid antibiotic	antibiotic inactivation	fosfomycin thiol transferase	fosfomycin	False	chromosome_like	1		
RM2016_batch03_global10	ERR1713382	k141_651277	k141_651277_1 # 1 # 1200 # 1 # ID=53825_1;partial=10;start_type=Edge;rbs_motif=None;rbs_spacer=None;gc_cont=0.403	Acinetobacter baumannii AbaQ	3004574	Strict	75.96	91.94	fluoroquinolone antibiotic	antibiotic efflux	major facilitator superfamily (MFS) antibiotic efflux pump		False	chromosome_like	1		
RM2016_batch03_global10	ERR1713382	k141_191547	k141_191547_1 # 2 # 772 # 1 # ID=54569_1;partial=10;start_type=Edge;rbs_motif=None;rbs_spacer=None;gc_cont=0.466	OXA-652	3005868	Strict	97.27	93.43	carbapenem; cephalosporin; penam	antibiotic inactivation	OXA beta-lactamase	cloxacillin; oxacillin; cefalotin	True	plasmid_like		0.8362	
RM2016_batch03_global10	ERR1713382	k141_1108441	k141_1108441_1 # 249 # 578 # -1 # ID=54684_1;partial=00;start_type=ATG;rbs_motif=4Base/6BMM;rbs_spacer=13-15bp;gc_cont=0.364	qacJ	3007014	Strict	37.74	101.87	disinfecting agents and antiseptics	antibiotic efflux	small multidrug resistance (SMR) antibiotic efflux pump	benzalkonium chloride	False	chromosome_like	1		
RM2016_batch03_global10	ERR1713382	k141_191776	k141_191776_4 # 1620 # 2609 # -1 # ID=54921_4;partial=00;start_type=GTG;rbs_motif=GGA/GAG/AGG;rbs_spacer=11-12bp;gc_cont=0.325	aadS	3004683	Strict	92.31	114.63	aminoglycoside antibiotic	antibiotic inactivation	ANT(6)	streptomycin	True	plasmid_like		0.863	
RM2016_batch03_global10	ERR1713382	k141_958869	k141_958869_8 # 10476 # 13589 # 1 # ID=55611_8;partial=00;start_type=ATG;rbs_motif=None;rbs_spacer=None;gc_cont=0.386	adeF	3000777	Strict	41.72	97.92	fluoroquinolone antibiotic; tetracycline antibiotic	antibiotic efflux	resistance-nodulation-cell division (RND) antibiotic efflux pump	tetracycline	False	chromosome_like	1		
RM2016_batch03_global10	ERR1713382	k141_1109411	k141_1109411_2 # 1152 # 2123 # 1 # ID=56051_2;partial=00;start_type=ATG;rbs_motif=AGGAG;rbs_spacer=5-10bp;gc_cont=0.493	vanH gene in vanM cluster	3002947	Strict	37.74	99.08	glycopeptide antibiotic	antibiotic target alteration	vanH; glycopeptide resistance gene cluster	vancomycin; teicoplanin	False	chromosome_like	1		
RM2016_batch03_global10	ERR1713382	k141_39346	k141_39346_10 # 8503 # 8958 # 1 # ID=56154_10;partial=00;start_type=ATG;rbs_motif=GGAG/GAGG;rbs_spacer=5-10bp;gc_cont=0.632	Pseudomonas aeruginosa soxR	3004107	Strict	69.93	96.79	fluoroquinolone antibiotic; cephalosporin; glycylcycline; penam; tetracycline antibiotic; rifamycin antibiotic; phenicol antibiotic; disinfecting agents and antiseptics	antibiotic target alteration; antibiotic efflux	ATP-binding cassette (ABC) antibiotic efflux pump; major facilitator superfamily (MFS) antibiotic efflux pump; resistance-nodulation-cell division (RND) antibiotic efflux pump	tigecycline; ciprofloxacin; acriflavine; tetracycline; rifampin; chloramphenicol; ampicillin; norfloxacin; cefalotin; triclosan	False	chromosome_like	1		
RM2016_batch03_global10	ERR1713382	k141_39422	k141_39422_1 # 231 # 1115 # -1 # ID=56654_1;partial=00;start_type=ATG;rbs_motif=AAAA;rbs_spacer=11bp;gc_cont=0.367	mphG	3003742	Strict	89.12	100.0	macrolide antibiotic	antibiotic inactivation	macrolide phosphotransferase (MPH)	erythromycin; clarithromycin; azithromycin	False	chromosome_like	1		
RM2016_batch03_global10	ERR1713382	k141_960402	k141_960402_2 # 965 # 1330 # 1 # ID=57741_2;partial=00;start_type=ATG;rbs_motif=None;rbs_spacer=None;gc_cont=0.385	qacJ	3007014	Strict	44.34	113.08	disinfecting agents and antiseptics	antibiotic efflux	small multidrug resistance (SMR) antibiotic efflux pump	benzalkonium chloride	True	plasmid_like		0.7162	
RM2016_batch03_global10	ERR1713382	k141_499957	k141_499957_7 # 7004 # 7885 # 1 # ID=59644_7;partial=00;start_type=ATG;rbs_motif=GGA/GAG/AGG;rbs_spacer=5-10bp;gc_cont=0.433	vanW gene in vanG cluster	3002965	Strict	31.97	104.27	glycopeptide antibiotic	antibiotic target alteration	vanW; glycopeptide resistance gene cluster	vancomycin	False	chromosome_like	1		
RM2016_batch03_global10	ERR1713382	k141_195329	k141_195329_4 # 1473 # 3122 # -1 # ID=60001_4;partial=00;start_type=ATG;rbs_motif=GGAG/GAGG;rbs_spacer=5-10bp;gc_cont=0.608	ArnT	3005053	Strict	42.1	99.64	peptide antibiotic	antibiotic target alteration	pmr phosphoethanolamine transferase	colistin A; colistin B	False	chromosome_like	1		
RM2016_batch03_global10	ERR1713382	k141_195644	k141_195644_4 # 2978 # 3322 # -1 # ID=60353_4;partial=00;start_type=ATG;rbs_motif=GGA/GAG/AGG;rbs_spacer=5-10bp;gc_cont=0.443	qacJ	3007014	Strict	47.12	106.54	disinfecting agents and antiseptics	antibiotic efflux	small multidrug resistance (SMR) antibiotic efflux pump	benzalkonium chloride	True	plasmid_like		0.7042	
RM2016_batch03_global10	ERR1713382	k141_655953	k141_655953_1 # 375 # 719 # 1 # ID=60417_1;partial=00;start_type=ATG;rbs_motif=GGA/GAG/AGG;rbs_spacer=5-10bp;gc_cont=0.380	qacJ	3007014	Strict	43.4	106.54	disinfecting agents and antiseptics	antibiotic efflux	small multidrug resistance (SMR) antibiotic efflux pump	benzalkonium chloride	False	chromosome_like	1		
RM2016_batch03_global10	ERR1713382	k141_42768	k141_42768_4 # 2288 # 2623 # -1 # ID=61504_4;partial=00;start_type=ATG;rbs_motif=GGA/GAG/AGG;rbs_spacer=11-12bp;gc_cont=0.661	qacG	3007015	Strict	44.76	103.74	disinfecting agents and antiseptics	antibiotic efflux	small multidrug resistance (SMR) antibiotic efflux pump	benzalkonium chloride	False	chromosome_like	1		
RM2016_batch03_global10	ERR1713382	k141_810467	k141_810467_1 # 71 # 1171 # -1 # ID=62522_1;partial=00;start_type=ATG;rbs_motif=GGAG/GAGG;rbs_spacer=5-10bp;gc_cont=0.502	vanG	3002909	Strict	38.48	104.87	glycopeptide antibiotic	antibiotic target alteration	glycopeptide resistance gene cluster; Van ligase	vancomycin	False	chromosome_like	1		
RM2016_batch03_global10	ERR1713382	k141_342088	k141_342088_2 # 1213 # 1539 # 1 # ID=63149_2;partial=00;start_type=ATG;rbs_motif=GGA/GAG/AGG;rbs_spacer=5-10bp;gc_cont=0.520	qacJ	3007014	Strict	45.28	100.93	disinfecting agents and antiseptics	antibiotic efflux	small multidrug resistance (SMR) antibiotic efflux pump	benzalkonium chloride	False	chromosome_like	1		
RM2016_batch03_global10	ERR1713382	k141_342158	k141_342158_1 # 2 # 1939 # 1 # ID=63322_1;partial=11;start_type=Edge;rbs_motif=None;rbs_spacer=None;gc_cont=0.637	adeF	3000777	Strict	70.12	61.0	fluoroquinolone antibiotic; tetracycline antibiotic	antibiotic efflux	resistance-nodulation-cell division (RND) antibiotic efflux pump	tetracycline	False	chromosome_like	1		
RM2016_batch03_global10	ERR1713382	k141_967157	k141_967157_1 # 87 # 1316 # -1 # ID=67230_1;partial=00;start_type=ATG;rbs_motif=GGAG/GAGG;rbs_spacer=5-10bp;gc_cont=0.555	vanT gene in vanG cluster	3002972	Strict	32.82	57.44	glycopeptide antibiotic	antibiotic target alteration	glycopeptide resistance gene cluster; vanT	vancomycin	False	chromosome_like	1		
RM2016_batch03_global10	ERR1713382	k141_663113	k141_663113_8 # 8563 # 11736 # 1 # ID=69912_8;partial=00;start_type=ATG;rbs_motif=None;rbs_spacer=None;gc_cont=0.385	adeF	3000777	Strict	42.64	99.81	fluoroquinolone antibiotic; tetracycline antibiotic	antibiotic efflux	resistance-nodulation-cell division (RND) antibiotic efflux pump	tetracycline	False	chromosome_like	1		
RM2016_batch03_global10	ERR1713382	k141_50019	k141_50019_1 # 413 # 772 # 1 # ID=71343_1;partial=00;start_type=ATG;rbs_motif=TAAA;rbs_spacer=5bp;gc_cont=0.458	qacJ	3007014	Strict	47.12	111.21	disinfecting agents and antiseptics	antibiotic efflux	small multidrug resistance (SMR) antibiotic efflux pump	benzalkonium chloride	False	chromosome_like	1		
RM2016_batch03_global10	ERR1713382	k141_347713	k141_347713_6 # 5351 # 5683 # -1 # ID=73442_6;partial=00;start_type=ATG;rbs_motif=AGGAG;rbs_spacer=5-10bp;gc_cont=0.580	qacG	3007015	Strict	32.69	102.8	disinfecting agents and antiseptics	antibiotic efflux	small multidrug resistance (SMR) antibiotic efflux pump	benzalkonium chloride	False	chromosome_like	1		
RM2016_batch03_global10	ERR1713382	k141_348419	k141_348419_3 # 956 # 1291 # -1 # ID=74438_3;partial=01;start_type=Edge;rbs_motif=None;rbs_spacer=None;gc_cont=0.458	qacJ	3007014	Strict	46.15	103.74	disinfecting agents and antiseptics	antibiotic efflux	small multidrug resistance (SMR) antibiotic efflux pump	benzalkonium chloride	False	chromosome_like	1		
RM2016_batch03_global10	ERR1713382	k141_666114	k141_666114_5 # 2289 # 4718 # -1 # ID=74517_5;partial=00;start_type=ATG;rbs_motif=None;rbs_spacer=None;gc_cont=0.403	vanT gene in vanG cluster	3002972	Strict	34.49	113.62	glycopeptide antibiotic	antibiotic target alteration	glycopeptide resistance gene cluster; vanT	vancomycin	False	chromosome_like	1		
RM2016_batch03_global10	ERR1713382	k141_1123162	k141_1123162_2 # 1265 # 1594 # -1 # ID=74666_2;partial=00;start_type=ATG;rbs_motif=GGA/GAG/AGG;rbs_spacer=5-10bp;gc_cont=0.385	qacG	3007015	Strict	38.68	101.87	disinfecting agents and antiseptics	antibiotic efflux	small multidrug resistance (SMR) antibiotic efflux pump	benzalkonium chloride	False	chromosome_like	1		
RM2016_batch03_global10	ERR1713382	k141_666206	k141_666206_2 # 1036 # 4206 # -1 # ID=74710_2;partial=00;start_type=ATG;rbs_motif=None;rbs_spacer=None;gc_cont=0.378	adeF	3000777	Strict	41.55	99.72	fluoroquinolone antibiotic; tetracycline antibiotic	antibiotic efflux	resistance-nodulation-cell division (RND) antibiotic efflux pump	tetracycline	False	chromosome_like	1		
RM2016_batch03_global10	ERR1713382	k141_820404	k141_820404_3 # 1675 # 2091 # -1 # ID=76309_3;partial=00;start_type=ATG;rbs_motif=AGGA/GGAG/GAGG;rbs_spacer=11-12bp;gc_cont=0.612	FosA8	3007371	Strict	61.76	97.87	phosphonic acid antibiotic	antibiotic inactivation	fosfomycin thiol transferase	fosfomycin	True	plasmid_like		0.8857	
RM2016_batch03_global10	ERR1713382	k141_974618	k141_974618_3 # 2047 # 3117 # 1 # ID=76702_3;partial=00;start_type=ATG;rbs_motif=AGGAG;rbs_spacer=5-10bp;gc_cont=0.289	vanT gene in vanG cluster	3002972	Strict	34.07	50.0	glycopeptide antibiotic	antibiotic target alteration	glycopeptide resistance gene cluster; vanT	vancomycin	False	chromosome_like	1		
RM2016_batch03_global10	ERR1713382	k141_974681	k141_974681_2 # 484 # 1287 # -1 # ID=76768_2;partial=00;start_type=ATG;rbs_motif=AATAA;rbs_spacer=9bp;gc_cont=0.346	APH(3')-IXa	3004087	Strict	56.93	100.38	aminoglycoside antibiotic	antibiotic inactivation	APH(3')	amikacin; kanamycin A	False	chromosome_like	1		
RM2016_batch03_global10	ERR1713382	k141_54970	k141_54970_1 # 2 # 1300 # 1 # ID=77652_1;partial=11;start_type=Edge;rbs_motif=None;rbs_spacer=None;gc_cont=0.620	vanW gene in vanG cluster	3002965	Strict	26.7	154.09	glycopeptide antibiotic	antibiotic target alteration	vanW; glycopeptide resistance gene cluster	vancomycin	False	chromosome_like	1		
RM2016_batch03_global10	ERR1713382	k141_213130	k141_213130_60 # 64783 # 67968 # 1 # ID=85331_60;partial=00;start_type=ATG;rbs_motif=GGA/GAG/AGG;rbs_spacer=5-10bp;gc_cont=0.536	adeF	3000777	Strict	74.32	100.19	fluoroquinolone antibiotic; tetracycline antibiotic	antibiotic efflux	resistance-nodulation-cell division (RND) antibiotic efflux pump	tetracycline	True	plasmid_like		0.9468	
RM2016_batch03_global10	ERR1713382	k141_676289	k141_676289_2 # 524 # 1270 # -1 # ID=88180_2;partial=00;start_type=ATG;rbs_motif=None;rbs_spacer=None;gc_cont=0.325	JOHN-1	3000840	Strict	76.21	100.0	carbapenem; cephalosporin; penam	antibiotic inactivation	JOHN beta-lactamase		False	chromosome_like	1		
RM2016_batch03_global10	ERR1713382	k141_677688	k141_677688_1 # 1 # 1212 # 1 # ID=90000_1;partial=10;start_type=Edge;rbs_motif=None;rbs_spacer=None;gc_cont=0.313	vanT gene in vanG cluster	3002972	Strict	35.23	56.6	glycopeptide antibiotic	antibiotic target alteration	glycopeptide resistance gene cluster; vanT	vancomycin	False	chromosome_like	1		
RM2016_batch03_global10	ERR1713382	k141_984731	k141_984731_4 # 1368 # 3014 # -1 # ID=90365_4;partial=00;start_type=ATG;rbs_motif=GGxGG;rbs_spacer=5-10bp;gc_cont=0.625	ArnT	3005053	Strict	41.74	99.46	peptide antibiotic	antibiotic target alteration	pmr phosphoethanolamine transferase	colistin A; colistin B	True	plasmid_like		0.9036	
RM2016_batch03_global10	ERR1713382	k141_830967	k141_830967_1 # 207 # 1106 # -1 # ID=91139_1;partial=00;start_type=TTG;rbs_motif=None;rbs_spacer=None;gc_cont=0.317	EreD	3004608	Strict	93.31	73.28	macrolide antibiotic	antibiotic inactivation	macrolide esterase	erythromycin	False	chromosome_like	1		
RM2016_batch03_global10	ERR1713382	k141_522959	k141_522959_2 # 918 # 1769 # 1 # ID=94195_2;partial=00;start_type=ATG;rbs_motif=GGAG/GAGG;rbs_spacer=5-10bp;gc_cont=0.459	vanY gene in vanB cluster	3002956	Strict	40.67	105.6	glycopeptide antibiotic	antibiotic target alteration	vanY; glycopeptide resistance gene cluster	vancomycin	False	chromosome_like	1		
RM2016_batch03_global10	ERR1713382	k141_524217	k141_524217_15 # 12998 # 16180 # -1 # ID=95856_15;partial=00;start_type=ATG;rbs_motif=GGA/GAG/AGG;rbs_spacer=5-10bp;gc_cont=0.591	adeF	3000777	Strict	66.7	100.09	fluoroquinolone antibiotic; tetracycline antibiotic	antibiotic efflux	resistance-nodulation-cell division (RND) antibiotic efflux pump	tetracycline	False	chromosome_like	1		
RM2016_batch03_global10	ERR1713382	k141_361096	k141_361096_2 # 1510 # 3882 # 1 # ID=96329_2;partial=00;start_type=ATG;rbs_motif=AGGA;rbs_spacer=5-10bp;gc_cont=0.611	vanT gene in vanG cluster	3002972	Strict	38.07	110.96	glycopeptide antibiotic	antibiotic target alteration	glycopeptide resistance gene cluster; vanT	vancomycin	False	chromosome_like	1		
RM2016_batch03_global10	ERR1713382	k141_362102	k141_362102_7 # 7616 # 10714 # 1 # ID=98142_7;partial=00;start_type=ATG;rbs_motif=AGGA;rbs_spacer=5-10bp;gc_cont=0.637	adeF	3000777	Strict	43.61	97.45	fluoroquinolone antibiotic; tetracycline antibiotic	antibiotic efflux	resistance-nodulation-cell division (RND) antibiotic efflux pump	tetracycline	True	plasmid_like		0.7054	
RM2016_batch03_global10	ERR1713382	k141_836412	k141_836412_1 # 5 # 349 # -1 # ID=98238_1;partial=00;start_type=ATG;rbs_motif=GGAG/GAGG;rbs_spacer=5-10bp;gc_cont=0.365	qacJ	3007014	Strict	42.45	106.54	disinfecting agents and antiseptics	antibiotic efflux	small multidrug resistance (SMR) antibiotic efflux pump	benzalkonium chloride	False	chromosome_like	1		
RM2016_batch03_global10	ERR1713382	k141_71368	k141_71368_2 # 1541 # 1885 # 1 # ID=98349_2;partial=00;start_type=ATG;rbs_motif=None;rbs_spacer=None;gc_cont=0.443	qacJ	3007014	Strict	46.15	106.54	disinfecting agents and antiseptics	antibiotic efflux	small multidrug resistance (SMR) antibiotic efflux pump	benzalkonium chloride	True	plasmid_like		0.8496	
RM2016_batch03_global10	ERR1713382	k141_836764	k141_836764_6 # 5605 # 5949 # 1 # ID=98838_6;partial=00;start_type=ATG;rbs_motif=GGA/GAG/AGG;rbs_spacer=5-10bp;gc_cont=0.464	qacJ	3007014	Strict	41.35	106.54	disinfecting agents and antiseptics	antibiotic efflux	small multidrug resistance (SMR) antibiotic efflux pump	benzalkonium chloride	False	chromosome_like	1		
RM2016_batch03_global10	ERR1713382	k141_837251	k141_837251_1 # 3 # 1121 # 1 # ID=99358_1;partial=10;start_type=Edge;rbs_motif=None;rbs_spacer=None;gc_cont=0.358	vanT gene in vanG cluster	3002972	Strict	35.14	52.25	glycopeptide antibiotic	antibiotic target alteration	glycopeptide resistance gene cluster; vanT	vancomycin	False	chromosome_like	1		
RM2016_batch03_global10	ERR1713382	k141_363332	k141_363332_4 # 3606 # 4298 # -1 # ID=100299_4;partial=00;start_type=ATG;rbs_motif=TAA;rbs_spacer=7bp;gc_cont=0.309	vanW gene in vanG cluster	3002965	Strict	37.02	81.85	glycopeptide antibiotic	antibiotic target alteration	vanW; glycopeptide resistance gene cluster	vancomycin	False	chromosome_like	1		
RM2016_batch03_global10	ERR1713382	k141_1144093	k141_1144093_2 # 644 # 1966 # 1 # ID=103061_2;partial=00;start_type=ATG;rbs_motif=GGAG/GAGG;rbs_spacer=5-10bp;gc_cont=0.584	Acinetobacter baumannii AbaQ	3004574	Strict	72.58	101.38	fluoroquinolone antibiotic	antibiotic efflux	major facilitator superfamily (MFS) antibiotic efflux pump		False	chromosome_like	1		
RM2016_batch03_global10	ERR1713382	k141_993515	k141_993515_1 # 758 # 1048 # 1 # ID=103213_1;partial=01;start_type=ATG;rbs_motif=TAA;rbs_spacer=11bp;gc_cont=0.450	qacJ	3007014	Strict	42.22	90.65	disinfecting agents and antiseptics	antibiotic efflux	small multidrug resistance (SMR) antibiotic efflux pump	benzalkonium chloride	False	chromosome_like	1		
RM2016_batch03_global10	ERR1713382	k141_225621	k141_225621_2 # 570 # 1271 # 1 # ID=104482_2;partial=00;start_type=ATG;rbs_motif=GGA/GAG/AGG;rbs_spacer=5-10bp;gc_cont=0.278	vanW gene in vanG cluster	3002965	Strict	31.33	82.92	glycopeptide antibiotic	antibiotic target alteration	vanW; glycopeptide resistance gene cluster	vancomycin	False	chromosome_like	1		
RM2016_batch03_global10	ERR1713382	k141_77334	k141_77334_2 # 216 # 560 # -1 # ID=105472_2;partial=00;start_type=ATG;rbs_motif=GGA/GAG/AGG;rbs_spacer=5-10bp;gc_cont=0.432	qacJ	3007014	Strict	44.23	106.54	disinfecting agents and antiseptics	antibiotic efflux	small multidrug resistance (SMR) antibiotic efflux pump	benzalkonium chloride	False	chromosome_like	1		
RM2016_batch03_global10	ERR1713382	k141_995530	k141_995530_2 # 214 # 2688 # -1 # ID=105916_2;partial=00;start_type=TTG;rbs_motif=TATAA;rbs_spacer=12bp;gc_cont=0.343	vanT gene in vanG cluster	3002972	Strict	36.07	115.73	glycopeptide antibiotic	antibiotic target alteration	glycopeptide resistance gene cluster; vanT	vancomycin	False	chromosome_like	1		
RM2016_batch03_global10	ERR1713382	k141_368188	k141_368188_10 # 9289 # 10383 # 1 # ID=108326_10;partial=00;start_type=ATG;rbs_motif=GGAG/GAGG;rbs_spacer=5-10bp;gc_cont=0.629	vanG	3002909	Strict	36.91	104.3	glycopeptide antibiotic	antibiotic target alteration	glycopeptide resistance gene cluster; Van ligase	vancomycin	True	plasmid_like		0.942	
RM2016_batch03_global10	ERR1713382	k141_79889	k141_79889_2 # 294 # 1055 # -1 # ID=108481_2;partial=01;start_type=Edge;rbs_motif=None;rbs_spacer=None;gc_cont=0.589	vanT gene in vanG cluster	3002972	Strict	50.0	35.53	glycopeptide antibiotic	antibiotic target alteration	glycopeptide resistance gene cluster; vanT	vancomycin	False	chromosome_like	1		
RM2016_batch03_global10	ERR1713382	k141_1148696	k141_1148696_1 # 2 # 2470 # 1 # ID=109396_1;partial=10;start_type=Edge;rbs_motif=None;rbs_spacer=None;gc_cont=0.328	vanT gene in vanG cluster	3002972	Strict	32.88	115.45	glycopeptide antibiotic	antibiotic target alteration	glycopeptide resistance gene cluster; vanT	vancomycin	False	chromosome_like	1		
RM2016_batch03_global10	ERR1713382	k141_369331	k141_369331_2 # 1067 # 2161 # -1 # ID=110220_2;partial=00;start_type=ATG;rbs_motif=GGAG/GAGG;rbs_spacer=5-10bp;gc_cont=0.616	vanG	3002909	Strict	37.67	104.3	glycopeptide antibiotic	antibiotic target alteration	glycopeptide resistance gene cluster; Van ligase	vancomycin	False	chromosome_like	1		
RM2016_batch03_global10	ERR1713382	k141_229846	k141_229846_1 # 510 # 1313 # -1 # ID=110405_1;partial=00;start_type=ATG;rbs_motif=None;rbs_spacer=None;gc_cont=0.398	OXA-129	3001811	Strict	99.63	100.0	carbapenem; cephalosporin; penam	antibiotic inactivation	OXA beta-lactamase	cloxacillin; oxacillin; cefalotin	True	plasmid_like		0.8959	
RM2016_batch03_global10	ERR1713382	k141_229846	k141_229846_2 # 1395 # 1727 # -1 # ID=110405_2;partial=00;start_type=GTG;rbs_motif=AGGAG;rbs_spacer=5-10bp;gc_cont=0.511	qacL	3005098	Strict	98.18	100.0	disinfecting agents and antiseptics	antibiotic efflux	small multidrug resistance (SMR) antibiotic efflux pump		True	plasmid_like		0.8959	
RM2016_batch03_global10	ERR1713382	k141_229846	k141_229846_3 # 1850 # 2932 # -1 # ID=110405_3;partial=01;start_type=Edge;rbs_motif=None;rbs_spacer=None;gc_cont=0.544	aadA11	3002611	Strict	99.64	128.11	aminoglycoside antibiotic	antibiotic inactivation	ANT(3'')	spectinomycin; streptomycin	True	plasmid_like		0.8959	
RM2016_batch03_global10	ERR1713382	k141_1149945	k141_1149945_3 # 2721 # 2906 # 1 # ID=111004_3;partial=00;start_type=ATG;rbs_motif=AGGAG;rbs_spacer=5-10bp;gc_cont=0.511	rsmA	3005069	Strict	93.44	100.0	fluoroquinolone antibiotic; diaminopyrimidine antibiotic; phenicol antibiotic	antibiotic efflux	resistance-nodulation-cell division (RND) antibiotic efflux pump	trimethoprim; chloramphenicol	False	chromosome_like	1		
RM2016_batch03_global10	ERR1713382	k141_535098	k141_535098_2 # 722 # 1231 # -1 # ID=111852_2;partial=01;start_type=Edge;rbs_motif=None;rbs_spacer=None;gc_cont=0.447	ANT(3'')-IIc	3004091	Strict	83.54	65.25	aminoglycoside antibiotic	antibiotic inactivation	ANT(3'')	spectinomycin; streptomycin	False	chromosome_like	1		
RM2016_batch03_global10	ERR1713382	k141_1000189	k141_1000189_2 # 73 # 1722 # -1 # ID=112463_2;partial=00;start_type=ATG;rbs_motif=GGAG/GAGG;rbs_spacer=5-10bp;gc_cont=0.582	ArnT	3005053	Strict	41.73	99.64	peptide antibiotic	antibiotic target alteration	pmr phosphoethanolamine transferase	colistin A; colistin B	False	chromosome_like	1		
RM2016_batch03_global10	ERR1713382	k141_848161	k141_848161_2 # 1293 # 4457 # -1 # ID=113242_2;partial=00;start_type=ATG;rbs_motif=AGGAG;rbs_spacer=5-10bp;gc_cont=0.608	adeF	3000777	Strict	42.09	99.53	fluoroquinolone antibiotic; tetracycline antibiotic	antibiotic efflux	resistance-nodulation-cell division (RND) antibiotic efflux pump	tetracycline	False	chromosome_like	1		
RM2016_batch03_global10	ERR1713382	k141_1151945	k141_1151945_2 # 552 # 878 # 1 # ID=113407_2;partial=00;start_type=ATG;rbs_motif=None;rbs_spacer=None;gc_cont=0.514	qacJ	3007014	Strict	42.45	100.93	disinfecting agents and antiseptics	antibiotic efflux	small multidrug resistance (SMR) antibiotic efflux pump	benzalkonium chloride	False	chromosome_like	1		
RM2016_batch03_global10	ERR1713382	k141_1000990	k141_1000990_2 # 1035 # 4244 # -1 # ID=113613_2;partial=00;start_type=ATG;rbs_motif=GGA/GAG/AGG;rbs_spacer=5-10bp;gc_cont=0.609	adeF	3000777	Strict	43.33	100.94	fluoroquinolone antibiotic; tetracycline antibiotic	antibiotic efflux	resistance-nodulation-cell division (RND) antibiotic efflux pump	tetracycline	False	chromosome_like	1		
RM2016_batch03_global10	ERR1713382	k141_371504	k141_371504_2 # 750 # 2072 # -1 # ID=113738_2;partial=00;start_type=ATG;rbs_motif=GGAG/GAGG;rbs_spacer=5-10bp;gc_cont=0.621	Acinetobacter baumannii AbaQ	3004574	Strict	72.58	101.38	fluoroquinolone antibiotic	antibiotic efflux	major facilitator superfamily (MFS) antibiotic efflux pump		False	chromosome_like	1		
RM2016_batch03_global10	ERR1713382	k141_537732	k141_537732_2 # 1132 # 2430 # 1 # ID=115677_2;partial=00;start_type=ATG;rbs_motif=GGAG/GAGG;rbs_spacer=5-10bp;gc_cont=0.411	Acinetobacter baumannii AbaQ	3004574	Strict	85.88	99.54	fluoroquinolone antibiotic	antibiotic efflux	major facilitator superfamily (MFS) antibiotic efflux pump		False	chromosome_like	1		
RM2016_batch03_global10	ERR1713382	k141_235733	k141_235733_7 # 5462 # 6556 # 1 # ID=118207_7;partial=00;start_type=ATG;rbs_motif=GGAG/GAGG;rbs_spacer=5-10bp;gc_cont=0.616	vanG	3002909	Strict	37.47	104.3	glycopeptide antibiotic	antibiotic target alteration	glycopeptide resistance gene cluster; Van ligase	vancomycin	False	chromosome_like	1		
RM2016_batch03_global10	ERR1713382	k141_237613	k141_237613_7 # 5528 # 7228 # 1 # ID=120742_7;partial=00;start_type=ATG;rbs_motif=GGA/GAG/AGG;rbs_spacer=5-10bp;gc_cont=0.605	ArnT	3005053	Strict	41.15	102.72	peptide antibiotic	antibiotic target alteration	pmr phosphoethanolamine transferase	colistin A; colistin B	False	chromosome_like	1		
RM2016_batch03_global10	ERR1713382	k141_702300	k141_702300_1 # 2 # 1138 # -1 # ID=121288_1;partial=11;start_type=Edge;rbs_motif=None;rbs_spacer=None;gc_cont=0.391	vanT gene in vanG cluster	3002972	Strict	36.94	53.23	glycopeptide antibiotic	antibiotic target alteration	glycopeptide resistance gene cluster; vanT	vancomycin	False	chromosome_like	1		
RM2016_batch03_global10	ERR1713382	k141_238411	k141_238411_1 # 1 # 1911 # 1 # ID=121788_1;partial=11;start_type=Edge;rbs_motif=None;rbs_spacer=None;gc_cont=0.339	vanT gene in vanG cluster	3002972	Strict	36.1	89.47	glycopeptide antibiotic	antibiotic target alteration	glycopeptide resistance gene cluster; vanT	vancomycin	False	chromosome_like	1		
RM2016_batch03_global10	ERR1713382	k141_238721	k141_238721_1 # 3 # 1937 # -1 # ID=122204_1;partial=10;start_type=ATG;rbs_motif=None;rbs_spacer=None;gc_cont=0.624	vanW gene in vanG cluster	3002965	Strict	30.0	229.54	glycopeptide antibiotic	antibiotic target alteration	vanW; glycopeptide resistance gene cluster	vancomycin	False	chromosome_like	1		
RM2016_batch03_global10	ERR1713382	k141_96418	k141_96418_2 # 1028 # 1360 # 1 # ID=128711_2;partial=00;start_type=ATG;rbs_motif=GGA/GAG/AGG;rbs_spacer=5-10bp;gc_cont=0.643	qacG	3007015	Strict	44.34	102.8	disinfecting agents and antiseptics	antibiotic efflux	small multidrug resistance (SMR) antibiotic efflux pump	benzalkonium chloride	False	chromosome_like	1		
RM2016_batch03_global10	ERR1713382	k141_859817	k141_859817_2 # 238 # 1890 # 1 # ID=128974_2;partial=00;start_type=ATG;rbs_motif=GGAG/GAGG;rbs_spacer=5-10bp;gc_cont=0.612	ArnT	3005053	Strict	41.51	99.82	peptide antibiotic	antibiotic target alteration	pmr phosphoethanolamine transferase	colistin A; colistin B	False	chromosome_like	1		
RM2016_batch03_global10	ERR1713382	k141_246087	k141_246087_2 # 1147 # 3591 # -1 # ID=131808_2;partial=00;start_type=ATG;rbs_motif=TAA;rbs_spacer=3bp;gc_cont=0.337	vanT gene in vanG cluster	3002972	Strict	33.96	114.33	glycopeptide antibiotic	antibiotic target alteration	glycopeptide resistance gene cluster; vanT	vancomycin	False	chromosome_like	1		
RM2016_batch03_global10	ERR1713382	k141_99591	k141_99591_1 # 3 # 1190 # 1 # ID=132504_1;partial=10;start_type=Edge;rbs_motif=None;rbs_spacer=None;gc_cont=0.332	vanT gene in vanG cluster	3002972	Strict	35.48	55.48	glycopeptide antibiotic	antibiotic target alteration	glycopeptide resistance gene cluster; vanT	vancomycin	False	chromosome_like	1		
RM2016_batch03_global10	ERR1713382	k141_550740	k141_550740_2 # 660 # 1010 # -1 # ID=133573_2;partial=00;start_type=ATG;rbs_motif=GGAG/GAGG;rbs_spacer=5-10bp;gc_cont=0.684	qacG	3007015	Strict	41.35	108.41	disinfecting agents and antiseptics	antibiotic efflux	small multidrug resistance (SMR) antibiotic efflux pump	benzalkonium chloride	False	chromosome_like	1		
RM2016_batch03_global10	ERR1713382	k141_248327	k141_248327_1 # 448 # 783 # -1 # ID=134906_1;partial=00;start_type=ATG;rbs_motif=None;rbs_spacer=None;gc_cont=0.574	qacG	3007015	Strict	42.31	103.74	disinfecting agents and antiseptics	antibiotic efflux	small multidrug resistance (SMR) antibiotic efflux pump	benzalkonium chloride	False	chromosome_like	1		
RM2016_batch03_global10	ERR1713382	k141_1017634	k141_1017634_5 # 4457 # 6148 # -1 # ID=135417_5;partial=00;start_type=ATG;rbs_motif=GGA/GAG/AGG;rbs_spacer=5-10bp;gc_cont=0.467	ICR-Mo	3004569	Strict	95.91	100.9	peptide antibiotic	antibiotic target alteration	intrinsic colistin resistant phosphoethanolamine transferase	colistin A; colistin B	False	chromosome_like	1		
RM2016_batch03_global10	ERR1713382	k141_250491	k141_250491_3 # 1243 # 1692 # 1 # ID=137386_3;partial=00;start_type=ATG;rbs_motif=GGAG/GAGG;rbs_spacer=5-10bp;gc_cont=0.609	Pseudomonas aeruginosa soxR	3004107	Strict	69.01	95.51	fluoroquinolone antibiotic; cephalosporin; glycylcycline; penam; tetracycline antibiotic; rifamycin antibiotic; phenicol antibiotic; disinfecting agents and antiseptics	antibiotic target alteration; antibiotic efflux	ATP-binding cassette (ABC) antibiotic efflux pump; major facilitator superfamily (MFS) antibiotic efflux pump; resistance-nodulation-cell division (RND) antibiotic efflux pump	tigecycline; ciprofloxacin; acriflavine; tetracycline; rifampin; chloramphenicol; ampicillin; norfloxacin; cefalotin; triclosan	False	chromosome_like	1		
RM2016_batch03_global10	ERR1713382	k141_715777	k141_715777_2 # 100 # 510 # -1 # ID=138671_2;partial=00;start_type=ATG;rbs_motif=AGGA;rbs_spacer=5-10bp;gc_cont=0.647	FosA8	3007371	Strict	61.76	96.45	phosphonic acid antibiotic	antibiotic inactivation	fosfomycin thiol transferase	fosfomycin	True	plasmid_like		0.7167	
RM2016_batch03_global10	ERR1713382	k141_105385	k141_105385_7 # 7914 # 8246 # 1 # ID=139960_7;partial=00;start_type=ATG;rbs_motif=GGA/GAG/AGG;rbs_spacer=5-10bp;gc_cont=0.486	qacG	3007015	Strict	50.96	102.8	disinfecting agents and antiseptics	antibiotic efflux	small multidrug resistance (SMR) antibiotic efflux pump	benzalkonium chloride	True	plasmid_like		0.9451	
RM2016_batch03_global10	ERR1713382	k141_105430	k141_105430_15 # 16451 # 17269 # -1 # ID=140034_15;partial=00;start_type=ATG;rbs_motif=None;rbs_spacer=None;gc_cont=0.298	vanW gene in vanG cluster	3002965	Strict	36.68	96.8	glycopeptide antibiotic	antibiotic target alteration	vanW; glycopeptide resistance gene cluster	vancomycin	False	chromosome_like	1		
RM2016_batch03_global10	ERR1713382	k141_105701	k141_105701_5 # 4812 # 7256 # -1 # ID=140336_5;partial=00;start_type=ATG;rbs_motif=TAA;rbs_spacer=11bp;gc_cont=0.350	vanT gene in vanG cluster	3002972	Strict	32.61	114.33	glycopeptide antibiotic	antibiotic target alteration	glycopeptide resistance gene cluster; vanT	vancomycin	False	chromosome_like	1		
RM2016_batch03_global10	ERR1713382	k141_1023051	k141_1023051_2 # 922 # 1773 # -1 # ID=142762_2;partial=00;start_type=ATG;rbs_motif=GGAG/GAGG;rbs_spacer=5-10bp;gc_cont=0.478	vanY gene in vanG cluster	3002959	Strict	40.31	101.43	glycopeptide antibiotic	antibiotic target alteration	vanY; glycopeptide resistance gene cluster	vancomycin	False	chromosome_like	1		
RM2016_batch03_global10	ERR1713382	k141_1175722	k141_1175722_2 # 387 # 1553 # -1 # ID=144076_2;partial=00;start_type=ATG;rbs_motif=None;rbs_spacer=None;gc_cont=0.375	tet(X)	3000205	Strict	99.48	100.0	glycylcycline; tetracycline antibiotic	antibiotic inactivation	tetracycline inactivation enzyme	tigecycline; tetracycline; doxycycline; minocycline; chlortetracycline; demeclocycline; oxytetracycline	False	chromosome_like	1		
RM2016_batch03_global10	ERR1713382	k141_720415	k141_720415_19 # 15643 # 16083 # -1 # ID=145082_19;partial=00;start_type=ATG;rbs_motif=GGAG/GAGG;rbs_spacer=5-10bp;gc_cont=0.626	Pseudomonas aeruginosa soxR	3004107	Strict	70.42	93.59	fluoroquinolone antibiotic; cephalosporin; glycylcycline; penam; tetracycline antibiotic; rifamycin antibiotic; phenicol antibiotic; disinfecting agents and antiseptics	antibiotic target alteration; antibiotic efflux	ATP-binding cassette (ABC) antibiotic efflux pump; major facilitator superfamily (MFS) antibiotic efflux pump; resistance-nodulation-cell division (RND) antibiotic efflux pump	tigecycline; ciprofloxacin; acriflavine; tetracycline; rifampin; chloramphenicol; ampicillin; norfloxacin; cefalotin; triclosan	False	chromosome_like	1		
RM2016_batch03_global10	ERR1713382	k141_1025645	k141_1025645_2 # 220 # 882 # 1 # ID=146165_2;partial=00;start_type=ATG;rbs_motif=AATAA;rbs_spacer=6bp;gc_cont=0.440	AcrS	3000656	Strict	99.09	100.0	fluoroquinolone antibiotic; cephalosporin; glycylcycline; cephamycin; penam; tetracycline antibiotic; rifamycin antibiotic; phenicol antibiotic; disinfecting agents and antiseptics	antibiotic efflux	resistance-nodulation-cell division (RND) antibiotic efflux pump	tigecycline; ciprofloxacin; tetracycline; rifampin; chloramphenicol; ampicillin; cefalotin; triclosan	False	chromosome_like	1		
RM2016_batch03_global10	ERR1713382	k141_112946	k141_112946_1 # 2 # 295 # 1 # ID=148529_1;partial=10;start_type=Edge;rbs_motif=None;rbs_spacer=None;gc_cont=0.316	qacG	3007015	Strict	47.87	90.65	disinfecting agents and antiseptics	antibiotic efflux	small multidrug resistance (SMR) antibiotic efflux pump	benzalkonium chloride	False	chromosome_like	1		
RM2016_batch03_global10	ERR1713382	k141_1179135	k141_1179135_8 # 7755 # 8630 # -1 # ID=148944_8;partial=00;start_type=ATG;rbs_motif=None;rbs_spacer=None;gc_cont=0.326	CPS-1	3003716	Strict	90.03	100.34	carbapenem	antibiotic inactivation	CPS beta-lactamase		False	chromosome_like	1		
RM2016_batch03_global10	ERR1713382	k141_1179233	k141_1179233_1 # 572 # 916 # 1 # ID=149038_1;partial=00;start_type=ATG;rbs_motif=AGxAGG/AGGxGG;rbs_spacer=5-10bp;gc_cont=0.470	qacG	3007015	Strict	45.19	106.54	disinfecting agents and antiseptics	antibiotic efflux	small multidrug resistance (SMR) antibiotic efflux pump	benzalkonium chloride	True	plasmid_like		0.7797	
RM2016_batch03_global10	ERR1713382	k141_116615	k141_116615_1 # 2 # 1033 # -1 # ID=152679_1;partial=10;start_type=ATG;rbs_motif=GGAG/GAGG;rbs_spacer=5-10bp;gc_cont=0.622	vanG	3002909	Strict	37.29	98.57	glycopeptide antibiotic	antibiotic target alteration	glycopeptide resistance gene cluster; Van ligase	vancomycin	False	chromosome_like	1		
RM2016_batch03_global10	ERR1713382	k141_117049	k141_117049_3 # 3200 # 6331 # -1 # ID=153238_3;partial=00;start_type=ATG;rbs_motif=AGGAG;rbs_spacer=5-10bp;gc_cont=0.511	adeF	3000777	Strict	45.2	98.49	fluoroquinolone antibiotic; tetracycline antibiotic	antibiotic efflux	resistance-nodulation-cell division (RND) antibiotic efflux pump	tetracycline	False	chromosome_like	1		
RM2016_batch03_global10	ERR1713382	k141_118316	k141_118316_5 # 2540 # 3634 # 1 # ID=154866_5;partial=00;start_type=ATG;rbs_motif=GGAG/GAGG;rbs_spacer=5-10bp;gc_cont=0.629	vanG	3002909	Strict	38.7	104.3	glycopeptide antibiotic	antibiotic target alteration	glycopeptide resistance gene cluster; Van ligase	vancomycin	False	chromosome_like	1		
RM2016_batch03_global10	ERR1713382	k141_728795	k141_728795_2 # 521 # 865 # -1 # ID=155522_2;partial=00;start_type=ATG;rbs_motif=GGA/GAG/AGG;rbs_spacer=5-10bp;gc_cont=0.452	qacJ	3007014	Strict	46.15	106.54	disinfecting agents and antiseptics	antibiotic efflux	small multidrug resistance (SMR) antibiotic efflux pump	benzalkonium chloride	False	chromosome_like	1		
RM2016_batch03_global10	ERR1713382	k141_883064	k141_883064_21 # 19562 # 22021 # 1 # ID=158998_21;partial=00;start_type=ATG;rbs_motif=TAA;rbs_spacer=15bp;gc_cont=0.300	vanT gene in vanG cluster	3002972	Strict	35.95	115.03	glycopeptide antibiotic	antibiotic target alteration	glycopeptide resistance gene cluster; vanT	vancomycin	False	chromosome_like	1		
RM2016_batch03_global10	ERR1713382	k141_269872	k141_269872_1 # 877 # 1152 # 1 # ID=162213_1;partial=01;start_type=ATG;rbs_motif=GGA/GAG/AGG;rbs_spacer=5-10bp;gc_cont=0.460	qacJ	3007014	Strict	48.15	85.98	disinfecting agents and antiseptics	antibiotic efflux	small multidrug resistance (SMR) antibiotic efflux pump	benzalkonium chloride	False	chromosome_like	1		
RM2016_batch03_global10	ERR1713382	k141_887415	k141_887415_1 # 45 # 1139 # -1 # ID=164329_1;partial=00;start_type=ATG;rbs_motif=GGAG/GAGG;rbs_spacer=5-10bp;gc_cont=0.615	vanG	3002909	Strict	37.95	104.3	glycopeptide antibiotic	antibiotic target alteration	glycopeptide resistance gene cluster; Van ligase	vancomycin	False	chromosome_like	1		
RM2016_batch03_global10	ERR1713382	k141_737598	k141_737598_6 # 6145 # 6945 # 1 # ID=165800_6;partial=00;start_type=ATG;rbs_motif=GGAG/GAGG;rbs_spacer=5-10bp;gc_cont=0.411	vanY gene in vanM cluster	3002961	Strict	28.28	114.16	glycopeptide antibiotic	antibiotic target alteration	vanY; glycopeptide resistance gene cluster	vancomycin; teicoplanin	False	chromosome_like	1		
RM2016_batch03_global10	ERR1713382	k141_888934	k141_888934_2 # 124 # 2049 # -1 # ID=166266_2;partial=00;start_type=ATG;rbs_motif=None;rbs_spacer=None;gc_cont=0.398	tet(Q)	3000191	Strict	96.88	97.56	tetracycline antibiotic	antibiotic target protection	tetracycline-resistant ribosomal protection protein	tetracycline; doxycycline; minocycline; chlortetracycline; demeclocycline; oxytetracycline	False	chromosome_like	1		
RM2016_batch03_global10	ERR1713382	k141_1041316	k141_1041316_1 # 394 # 726 # 1 # ID=166574_1;partial=00;start_type=GTG;rbs_motif=AGGAG;rbs_spacer=5-10bp;gc_cont=0.514	qacL	3005098	Strict	92.73	100.0	disinfecting agents and antiseptics	antibiotic efflux	small multidrug resistance (SMR) antibiotic efflux pump		False	chromosome_like	1		
RM2016_batch03_global10	ERR1713382	k141_889479	k141_889479_2 # 524 # 1717 # -1 # ID=167157_2;partial=00;start_type=ATG;rbs_motif=AGGA/GGAG/GAGG;rbs_spacer=11-12bp;gc_cont=0.350	mefJ	3007049	Strict	99.75	100.0	macrolide antibiotic	antibiotic efflux	major facilitator superfamily (MFS) antibiotic efflux pump		False	chromosome_like	1		
RM2016_batch03_global10	ERR1713382	k141_404799	k141_404799_2 # 258 # 602 # -1 # ID=167420_2;partial=00;start_type=ATG;rbs_motif=GGAG/GAGG;rbs_spacer=5-10bp;gc_cont=0.432	qacJ	3007014	Strict	49.04	106.54	disinfecting agents and antiseptics	antibiotic efflux	small multidrug resistance (SMR) antibiotic efflux pump	benzalkonium chloride	False	chromosome_like	1		
RM2016_batch03_global10	ERR1713382	k141_1043086	k141_1043086_4 # 1330 # 1656 # 1 # ID=169188_4;partial=00;start_type=ATG;rbs_motif=TAA;rbs_spacer=10bp;gc_cont=0.376	qacJ	3007014	Strict	50.94	100.93	disinfecting agents and antiseptics	antibiotic efflux	small multidrug resistance (SMR) antibiotic efflux pump	benzalkonium chloride	False	chromosome_like	1		
RM2016_batch03_global10	ERR1713382	k141_1043086	k141_1043086_8 # 2985 # 3314 # 1 # ID=169188_8;partial=00;start_type=ATG;rbs_motif=AAA;rbs_spacer=11bp;gc_cont=0.406	qacG	3007015	Strict	48.11	101.87	disinfecting agents and antiseptics	antibiotic efflux	small multidrug resistance (SMR) antibiotic efflux pump	benzalkonium chloride	False	chromosome_like	1		
RM2016_batch03_global10	ERR1713382	k141_130789	k141_130789_4 # 1397 # 3046 # -1 # ID=169229_4;partial=00;start_type=ATG;rbs_motif=GGAG/GAGG;rbs_spacer=5-10bp;gc_cont=0.611	ArnT	3005053	Strict	43.67	99.64	peptide antibiotic	antibiotic target alteration	pmr phosphoethanolamine transferase	colistin A; colistin B	False	chromosome_like	1		
RM2016_batch03_global10	ERR1713382	k141_892833	k141_892833_2 # 981 # 3494 # 1 # ID=171110_2;partial=01;start_type=ATG;rbs_motif=GGA/GAG/AGG;rbs_spacer=11-12bp;gc_cont=0.590	adeF	3000777	Strict	65.59	79.13	fluoroquinolone antibiotic; tetracycline antibiotic	antibiotic efflux	resistance-nodulation-cell division (RND) antibiotic efflux pump	tetracycline	False	chromosome_like	1		
RM2016_batch03_global10	ERR1713382	k141_579693	k141_579693_1 # 2 # 316 # 1 # ID=171339_1;partial=10;start_type=Edge;rbs_motif=None;rbs_spacer=None;gc_cont=0.635	qacG	3007015	Strict	43.56	97.2	disinfecting agents and antiseptics	antibiotic efflux	small multidrug resistance (SMR) antibiotic efflux pump	benzalkonium chloride	False	chromosome_like	1		
RM2016_batch03_global10	ERR1713382	k141_893697	k141_893697_14 # 17257 # 19149 # 1 # ID=172321_14;partial=01;start_type=ATG;rbs_motif=GGA/GAG/AGG;rbs_spacer=11-12bp;gc_cont=0.604	adeF	3000777	Strict	69.05	59.58	fluoroquinolone antibiotic; tetracycline antibiotic	antibiotic efflux	resistance-nodulation-cell division (RND) antibiotic efflux pump	tetracycline	False	chromosome_like	1		
RM2016_batch03_global10	ERR1713382	k141_1197823	k141_1197823_21 # 23367 # 26531 # -1 # ID=172460_21;partial=00;start_type=ATG;rbs_motif=GGAG/GAGG;rbs_spacer=5-10bp;gc_cont=0.614	adeF	3000777	Strict	41.3	99.53	fluoroquinolone antibiotic; tetracycline antibiotic	antibiotic efflux	resistance-nodulation-cell division (RND) antibiotic efflux pump	tetracycline	False	chromosome_like	1		
RM2016_batch03_global10	ERR1713382	k141_581721	k141_581721_2 # 691 # 3840 # 1 # ID=173851_2;partial=00;start_type=GTG;rbs_motif=AGGAG;rbs_spacer=5-10bp;gc_cont=0.589	adeF	3000777	Strict	47.79	99.06	fluoroquinolone antibiotic; tetracycline antibiotic	antibiotic efflux	resistance-nodulation-cell division (RND) antibiotic efflux pump	tetracycline	False	chromosome_like	1		
RM2016_batch03_global10	ERR1713382	k141_895375	k141_895375_1 # 3 # 1820 # 1 # ID=174090_1;partial=11;start_type=Edge;rbs_motif=None;rbs_spacer=None;gc_cont=0.414	tet(32)	3000196	Strict	99.17	94.84	tetracycline antibiotic	antibiotic target protection	tetracycline-resistant ribosomal protection protein	tetracycline; doxycycline; minocycline; chlortetracycline; demeclocycline; oxytetracycline	False	chromosome_like	1		
RM2016_batch03_global10	ERR1713382	k141_1199260	k141_1199260_3 # 593 # 1435 # -1 # ID=174286_3;partial=00;start_type=ATG;rbs_motif=TAA;rbs_spacer=11bp;gc_cont=0.375	OXA-58	3001611	Perfect	100.0	100.0	carbapenem; cephalosporin; penam	antibiotic inactivation	OXA beta-lactamase	cloxacillin; oxacillin; cefalotin	False	chromosome_like	1		
RM2016_batch03_global10	ERR1713382	k141_279592	k141_279592_2 # 684 # 2006 # -1 # ID=175193_2;partial=00;start_type=ATG;rbs_motif=GGAG/GAGG;rbs_spacer=5-10bp;gc_cont=0.635	Acinetobacter baumannii AbaQ	3004574	Strict	72.81	101.38	fluoroquinolone antibiotic	antibiotic efflux	major facilitator superfamily (MFS) antibiotic efflux pump		False	chromosome_like	1		
RM2016_batch03_global10	ERR1713382	k141_1200265	k141_1200265_2 # 623 # 3091 # -1 # ID=175615_2;partial=00;start_type=ATG;rbs_motif=AAAAA;rbs_spacer=11bp;gc_cont=0.303	vanT gene in vanG cluster	3002972	Strict	34.05	115.45	glycopeptide antibiotic	antibiotic target alteration	glycopeptide resistance gene cluster; vanT	vancomycin	False	chromosome_like	1		
RM2016_batch03_global10	ERR1713382	k141_583202	k141_583202_2 # 1092 # 1442 # -1 # ID=175967_2;partial=01;start_type=Edge;rbs_motif=None;rbs_spacer=None;gc_cont=0.419	qacJ	3007014	Strict	41.35	108.41	disinfecting agents and antiseptics	antibiotic efflux	small multidrug resistance (SMR) antibiotic efflux pump	benzalkonium chloride	False	chromosome_like	1		
RM2016_batch03_global10	ERR1713382	k141_897840	k141_897840_2 # 830 # 1174 # 1 # ID=177061_2;partial=00;start_type=ATG;rbs_motif=GGA/GAG/AGG;rbs_spacer=5-10bp;gc_cont=0.377	qacJ	3007014	Strict	38.68	106.54	disinfecting agents and antiseptics	antibiotic efflux	small multidrug resistance (SMR) antibiotic efflux pump	benzalkonium chloride	False	chromosome_like	1		
RM2016_batch03_global10	ERR1713382	k141_1201462	k141_1201462_3 # 2188 # 3258 # 1 # ID=177209_3;partial=00;start_type=ATG;rbs_motif=AGGAG;rbs_spacer=5-10bp;gc_cont=0.285	vanT gene in vanG cluster	3002972	Strict	31.87	50.0	glycopeptide antibiotic	antibiotic target alteration	glycopeptide resistance gene cluster; vanT	vancomycin	False	chromosome_like	1		
RM2016_batch03_global10	ERR1713382	k141_281833	k141_281833_2 # 466 # 1560 # 1 # ID=177857_2;partial=00;start_type=ATG;rbs_motif=GGAG/GAGG;rbs_spacer=5-10bp;gc_cont=0.593	vanG	3002909	Strict	38.95	104.3	glycopeptide antibiotic	antibiotic target alteration	glycopeptide resistance gene cluster; Van ligase	vancomycin	False	chromosome_like	1		
RM2016_batch03_global10	ERR1713382	k141_584739	k141_584739_3 # 1081 # 1884 # -1 # ID=177869_3;partial=00;start_type=ATG;rbs_motif=GGA/GAG/AGG;rbs_spacer=5-10bp;gc_cont=0.317	lnuB	3002836	Strict	98.13	100.0	lincosamide antibiotic	antibiotic inactivation	lincosamide nucleotidyltransferase (LNU)	lincomycin; clindamycin	False	chromosome_like	1		
RM2016_batch03_global10	ERR1713382	k141_584739	k141_584739_4 # 1938 # 3422 # -1 # ID=177869_4;partial=00;start_type=ATG;rbs_motif=AGGAGG;rbs_spacer=5-10bp;gc_cont=0.323	lsaE	3003206	Strict	98.38	100.0	lincosamide antibiotic; streptogramin antibiotic; pleuromutilin antibiotic	antibiotic target protection	lsa-type ABC-F protein	lincomycin; pleuromutilin	False	chromosome_like	1		
RM2016_batch03_global10	ERR1713382	k141_898994	k141_898994_5 # 1891 # 3546 # -1 # ID=178463_5;partial=00;start_type=ATG;rbs_motif=GGAG/GAGG;rbs_spacer=5-10bp;gc_cont=0.624	ArnT	3005053	Strict	44.18	100.0	peptide antibiotic	antibiotic target alteration	pmr phosphoethanolamine transferase	colistin A; colistin B	False	chromosome_like	1		
RM2016_batch03_global10	ERR1713382	k141_1204369	k141_1204369_1 # 2 # 1483 # 1 # ID=180799_1;partial=11;start_type=Edge;rbs_motif=None;rbs_spacer=None;gc_cont=0.308	vanT gene in vanG cluster	3002972	Strict	36.84	69.38	glycopeptide antibiotic	antibiotic target alteration	glycopeptide resistance gene cluster; vanT	vancomycin	False	chromosome_like	1		
RM2016_batch03_global10	ERR1713382	k141_1205568	k141_1205568_6 # 3116 # 3916 # 1 # ID=182398_6;partial=00;start_type=ATG;rbs_motif=AGxAG;rbs_spacer=5-10bp;gc_cont=0.343	ErmF	3000498	Strict	98.5	100.0	macrolide antibiotic; lincosamide antibiotic; streptogramin antibiotic; streptogramin A antibiotic; streptogramin B antibiotic	antibiotic target alteration	Erm 23S ribosomal RNA methyltransferase	erythromycin; roxithromycin; lincomycin; telithromycin; clarithromycin; clindamycin; tylosin; spiramycin; azithromycin; dirithromycin; pristinamycin IA; quinupristin; virginiamycin M1; madumycin II; griseoviridin; dalfopristin; pristinamycin IB; virginiamycin S2; pristinamycin IC; vernamycin C; patricin A; patricin B; ostreogrycin B3; oleandomycin	False	chromosome_like	1		
RM2016_batch03_global10	ERR1713382	k141_904562	k141_904562_3 # 2224 # 5397 # 1 # ID=184901_3;partial=00;start_type=ATG;rbs_motif=AATAA;rbs_spacer=6bp;gc_cont=0.385	adeF	3000777	Strict	42.22	99.81	fluoroquinolone antibiotic; tetracycline antibiotic	antibiotic efflux	resistance-nodulation-cell division (RND) antibiotic efflux pump	tetracycline	False	chromosome_like	1		
RM2016_batch03_global10	ERR1713382	k141_1208391	k141_1208391_2 # 727 # 3168 # -1 # ID=185931_2;partial=00;start_type=ATG;rbs_motif=TAA;rbs_spacer=12bp;gc_cont=0.313	vanT gene in vanG cluster	3002972	Strict	36.24	114.19	glycopeptide antibiotic	antibiotic target alteration	glycopeptide resistance gene cluster; vanT	vancomycin	False	chromosome_like	1		
RM2016_batch03_global10	ERR1713382	k141_145448	k141_145448_2 # 839 # 1933 # 1 # ID=186539_2;partial=00;start_type=ATG;rbs_motif=GGAG/GAGG;rbs_spacer=5-10bp;gc_cont=0.607	vanG	3002909	Strict	38.23	104.3	glycopeptide antibiotic	antibiotic target alteration	glycopeptide resistance gene cluster; Van ligase	vancomycin	True	plasmid_like		0.9616	
RM2016_batch03_global10	ERR1713382	k141_592859	k141_592859_4 # 827 # 1693 # -1 # ID=188458_4;partial=00;start_type=ATG;rbs_motif=None;rbs_spacer=None;gc_cont=0.367	ESP-1	3003717	Strict	92.71	99.31	carbapenem	antibiotic inactivation	ESP beta-lactamase		False	chromosome_like	1		
RM2016_batch03_global10	ERR1713382	k141_593368	k141_593368_3 # 1927 # 4371 # 1 # ID=189180_3;partial=00;start_type=ATG;rbs_motif=None;rbs_spacer=None;gc_cont=0.322	vanT gene in vanG cluster	3002972	Strict	33.69	114.33	glycopeptide antibiotic	antibiotic target alteration	glycopeptide resistance gene cluster; vanT	vancomycin	False	chromosome_like	1		
RM2016_batch03_global10	ERR1713382	k141_909095	k141_909095_2 # 316 # 2760 # -1 # ID=190425_2;partial=00;start_type=ATG;rbs_motif=TAA;rbs_spacer=4bp;gc_cont=0.337	vanT gene in vanG cluster	3002972	Strict	34.77	114.33	glycopeptide antibiotic	antibiotic target alteration	glycopeptide resistance gene cluster; vanT	vancomycin	False	chromosome_like	1		
RM2016_batch03_global10	ERR1713382	k141_1212438	k141_1212438_3 # 1077 # 2636 # -1 # ID=191035_3;partial=01;start_type=Edge;rbs_motif=None;rbs_spacer=None;gc_cont=0.353	vanT gene in vanG cluster	3002972	Strict	34.69	72.89	glycopeptide antibiotic	antibiotic target alteration	glycopeptide resistance gene cluster; vanT	vancomycin	False	chromosome_like	1		
RM2016_batch03_global10	ERR1713382	k141_1213860	k141_1213860_2 # 236 # 766 # -1 # ID=192882_2;partial=00;start_type=ATG;rbs_motif=GGAG/GAGG;rbs_spacer=5-10bp;gc_cont=0.486	emrR	3000516	Perfect	100.0	100.0	fluoroquinolone antibiotic	antibiotic efflux	major facilitator superfamily (MFS) antibiotic efflux pump	nalidixic acid	False	chromosome_like	1		
RM2016_batch03_global10	ERR1713382	k141_760354	k141_760354_5 # 2678 # 3010 # 1 # ID=192897_5;partial=00;start_type=ATG;rbs_motif=TAA;rbs_spacer=3bp;gc_cont=0.309	qacG	3007015	Strict	50.48	102.8	disinfecting agents and antiseptics	antibiotic efflux	small multidrug resistance (SMR) antibiotic efflux pump	benzalkonium chloride	False	chromosome_like	1		
RM2016_batch03_global10	ERR1713382	k141_1214133	k141_1214133_2 # 1389 # 3308 # 1 # ID=193333_2;partial=00;start_type=ATG;rbs_motif=GGAGG;rbs_spacer=5-10bp;gc_cont=0.529	tet(W)	3000194	Strict	98.59	100.0	tetracycline antibiotic	antibiotic target protection	tetracycline-resistant ribosomal protection protein	tetracycline; doxycycline; minocycline; chlortetracycline; demeclocycline; oxytetracycline	False	chromosome_like	1		
RM2016_batch03_global10	ERR1713382	k141_420842	k141_420842_1 # 2 # 301 # -1 # ID=193398_1;partial=10;start_type=ATG;rbs_motif=AGGA;rbs_spacer=5-10bp;gc_cont=0.567	qacJ	3007014	Strict	41.84	93.46	disinfecting agents and antiseptics	antibiotic efflux	small multidrug resistance (SMR) antibiotic efflux pump	benzalkonium chloride	False	chromosome_like	1		
RM2016_batch03_global10	ERR1713382	k141_761348	k141_761348_8 # 11294 # 11779 # -1 # ID=194065_8;partial=01;start_type=Edge;rbs_motif=None;rbs_spacer=None;gc_cont=0.366	tet(Q)	3000191	Strict	91.3	24.51	tetracycline antibiotic	antibiotic target protection	tetracycline-resistant ribosomal protection protein	tetracycline; doxycycline; minocycline; chlortetracycline; demeclocycline; oxytetracycline	False	chromosome_like	1		
RM2016_batch03_global10	ERR1713382	k141_911899	k141_911899_3 # 1269 # 1598 # 1 # ID=194180_3;partial=00;start_type=ATG;rbs_motif=TAA;rbs_spacer=12bp;gc_cont=0.309	qacJ	3007014	Strict	50.94	101.87	disinfecting agents and antiseptics	antibiotic efflux	small multidrug resistance (SMR) antibiotic efflux pump	benzalkonium chloride	False	chromosome_like	1		
RM2016_batch03_global10	ERR1713382	k141_296756	k141_296756_4 # 2020 # 2352 # -1 # ID=196744_4;partial=00;start_type=ATG;rbs_motif=AAAAAA;rbs_spacer=6bp;gc_cont=0.303	qacG	3007015	Strict	47.62	102.8	disinfecting agents and antiseptics	antibiotic efflux	small multidrug resistance (SMR) antibiotic efflux pump	benzalkonium chloride	False	chromosome_like	1		
RM2016_batch03_global10	ERR1713382	k141_297432	k141_297432_2 # 401 # 1723 # -1 # ID=197402_2;partial=00;start_type=ATG;rbs_motif=GGAG/GAGG;rbs_spacer=5-10bp;gc_cont=0.613	Acinetobacter baumannii AbaQ	3004574	Strict	72.81	101.38	fluoroquinolone antibiotic	antibiotic efflux	major facilitator superfamily (MFS) antibiotic efflux pump		False	chromosome_like	1		
RM2016_batch03_global10	ERR1713382	k141_423875	k141_423875_4 # 1699 # 2142 # 1 # ID=198307_4;partial=00;start_type=ATG;rbs_motif=GGAG/GAGG;rbs_spacer=5-10bp;gc_cont=0.599	Pseudomonas aeruginosa soxR	3004107	Strict	73.24	94.23	fluoroquinolone antibiotic; cephalosporin; glycylcycline; penam; tetracycline antibiotic; rifamycin antibiotic; phenicol antibiotic; disinfecting agents and antiseptics	antibiotic target alteration; antibiotic efflux	ATP-binding cassette (ABC) antibiotic efflux pump; major facilitator superfamily (MFS) antibiotic efflux pump; resistance-nodulation-cell division (RND) antibiotic efflux pump	tigecycline; ciprofloxacin; acriflavine; tetracycline; rifampin; chloramphenicol; ampicillin; norfloxacin; cefalotin; triclosan	False	chromosome_like	1		
RM2016_batch03_global10	ERR1713382	k141_424897	k141_424897_2 # 635 # 979 # 1 # ID=199940_2;partial=00;start_type=ATG;rbs_motif=GGA/GAG/AGG;rbs_spacer=11-12bp;gc_cont=0.336	qacG	3007015	Strict	48.08	106.54	disinfecting agents and antiseptics	antibiotic efflux	small multidrug resistance (SMR) antibiotic efflux pump	benzalkonium chloride	True	plasmid_like		0.9933	
RM2016_batch03_global10	ERR1713382	k141_918075	k141_918075_2 # 273 # 1961 # -1 # ID=200707_2;partial=00;start_type=ATG;rbs_motif=GGA/GAG/AGG;rbs_spacer=3-4bp;gc_cont=0.601	ArnT	3005053	Strict	41.33	102.0	peptide antibiotic	antibiotic target alteration	pmr phosphoethanolamine transferase	colistin A; colistin B	False	chromosome_like	1		
RM2016_batch03_global10	ERR1713382	k141_300467	k141_300467_1 # 13 # 1266 # -1 # ID=200843_1;partial=00;start_type=ATG;rbs_motif=GGAG/GAGG;rbs_spacer=5-10bp;gc_cont=0.392	Acinetobacter baumannii AbaQ	3004574	Strict	89.83	96.08	fluoroquinolone antibiotic	antibiotic efflux	major facilitator superfamily (MFS) antibiotic efflux pump		False	chromosome_like	1		
RM2016_batch03_global10	ERR1713382	k141_1220788	k141_1220788_2 # 863 # 2782 # 1 # ID=201081_2;partial=00;start_type=ATG;rbs_motif=AGGAGG;rbs_spacer=5-10bp;gc_cont=0.406	tet(O)	3000190	Strict	98.44	100.0	tetracycline antibiotic	antibiotic target protection	tetracycline-resistant ribosomal protection protein	tetracycline; doxycycline; minocycline; chlortetracycline; demeclocycline; oxytetracycline	False	chromosome_like	1		
RM2016_batch03_global10	ERR1713382	k141_1222966	k141_1222966_4 # 1840 # 2172 # -1 # ID=203161_4;partial=00;start_type=ATG;rbs_motif=AAAAAA;rbs_spacer=6bp;gc_cont=0.327	qacG	3007015	Strict	47.62	102.8	disinfecting agents and antiseptics	antibiotic efflux	small multidrug resistance (SMR) antibiotic efflux pump	benzalkonium chloride	False	chromosome_like	1		
RM2016_batch03_global10	ERR1713382	k141_1225133	k141_1225133_6 # 4086 # 7175 # -1 # ID=205192_6;partial=00;start_type=ATG;rbs_motif=AGGA;rbs_spacer=5-10bp;gc_cont=0.641	adeF	3000777	Strict	44.04	97.17	fluoroquinolone antibiotic; tetracycline antibiotic	antibiotic efflux	resistance-nodulation-cell division (RND) antibiotic efflux pump	tetracycline	False	chromosome_like	1		
RM2016_batch03_global10	ERR1713382	k141_1074536	k141_1074536_2 # 252 # 1901 # -1 # ID=205680_2;partial=00;start_type=ATG;rbs_motif=GGAG/GAGG;rbs_spacer=5-10bp;gc_cont=0.604	ArnT	3005053	Strict	41.97	99.64	peptide antibiotic	antibiotic target alteration	pmr phosphoethanolamine transferase	colistin A; colistin B	False	chromosome_like	1		
RM2016_batch03_global10	ERR1713382	k141_429461	k141_429461_3 # 1194 # 1976 # 1 # ID=206097_3;partial=00;start_type=ATG;rbs_motif=AAAA;rbs_spacer=12bp;gc_cont=0.323	lnuG	3004085	Strict	97.69	97.38	lincosamide antibiotic	antibiotic inactivation	lincosamide nucleotidyltransferase (LNU)	lincomycin	False	chromosome_like	1		
RM2016_batch03_global10	ERR1713382	k141_431628	k141_431628_4 # 2035 # 4503 # 1 # ID=207390_4;partial=00;start_type=ATG;rbs_motif=AAAA;rbs_spacer=12bp;gc_cont=0.311	vanT gene in vanG cluster	3002972	Strict	33.33	115.45	glycopeptide antibiotic	antibiotic target alteration	glycopeptide resistance gene cluster; vanT	vancomycin	False	chromosome_like	1		
RM2016_batch03_global10	ERR1713382	k141_439651	k141_439651_1 # 1 # 2436 # 1 # ID=209237_1;partial=10;start_type=Edge;rbs_motif=None;rbs_spacer=None;gc_cont=0.318	vanT gene in vanG cluster	3002972	Strict	35.31	113.9	glycopeptide antibiotic	antibiotic target alteration	glycopeptide resistance gene cluster; vanT	vancomycin	False	chromosome_like	1		
RM2016_batch03_global10	ERR1713382	k141_443263	k141_443263_1 # 3 # 1718 # 1 # ID=209809_1;partial=10;start_type=Edge;rbs_motif=None;rbs_spacer=None;gc_cont=0.590	ArnT	3005053	Strict	40.3	103.63	peptide antibiotic	antibiotic target alteration	pmr phosphoethanolamine transferase	colistin A; colistin B	False	chromosome_like	1		
RM2016_batch03_global10	ERR1713382	k141_450463	k141_450463_2 # 202 # 1128 # -1 # ID=210869_2;partial=01;start_type=Edge;rbs_motif=None;rbs_spacer=None;gc_cont=0.540	aadA2	3002602	Strict	98.05	118.92	aminoglycoside antibiotic	antibiotic inactivation	ANT(3'')	spectinomycin; streptomycin	False	chromosome_like	1		
RM2016_batch03_global10	ERR1713382	k141_452685	k141_452685_2 # 549 # 1289 # -1 # ID=211220_2;partial=00;start_type=ATG;rbs_motif=None;rbs_spacer=None;gc_cont=0.336	JOHN-1	3000840	Strict	82.19	99.19	carbapenem; cephalosporin; penam	antibiotic inactivation	JOHN beta-lactamase		False	chromosome_like	1		
RM2016_batch03_global10	ERR1713382	k141_460526	k141_460526_1 # 203 # 985 # -1 # ID=212431_1;partial=00;start_type=ATG;rbs_motif=4Base/6BMM;rbs_spacer=13-15bp;gc_cont=0.414	ANT(3'')-IIc	3004091	Strict	48.24	100.39	aminoglycoside antibiotic	antibiotic inactivation	ANT(3'')	spectinomycin; streptomycin	False	chromosome_like	1		
RM2016_batch03_global10	ERR1713382	k141_460858	k141_460858_1 # 792 # 1136 # 1 # ID=212499_1;partial=00;start_type=ATG;rbs_motif=TAA;rbs_spacer=7bp;gc_cont=0.464	qacJ	3007014	Strict	46.15	106.54	disinfecting agents and antiseptics	antibiotic efflux	small multidrug resistance (SMR) antibiotic efflux pump	benzalkonium chloride	False	chromosome_like	1		
RM2016_batch03_global10	ERR1713382	k141_872604	k141_872604_1 # 850 # 1923 # 1 # ID=145666_1;partial=01;start_type=ATG;rbs_motif=GGAG/GAGG;rbs_spacer=5-10bp;gc_cont=0.534	Escherichia coli EF-Tu mutants conferring resistance to Pulvomycin	3003369	Strict	97.77	87.53	elfamycin antibiotic	antibiotic target alteration	elfamycin resistant EF-Tu	pulvomycin	False	chromosome_like	1		
RM2016_batch03_global10	ERR1713385	k141_258271	k141_258271_8 # 7694 # 9133 # -1 # ID=624_8;partial=00;start_type=ATG;rbs_motif=GGA/GAG/AGG;rbs_spacer=5-10bp;gc_cont=0.247	AAC(6')-Ie-APH(2'')-Ia bifunctional protein	3002597	Perfect	100.0	100.0	aminoglycoside antibiotic	antibiotic inactivation	aminoglycoside bifunctional resistance protein	dibekacin; amikacin; sisomicin; netilmicin; kanamycin A; tobramycin; gentamicin A; 2'-N-ethylnetilmicin; 5-episisomicin; gentamicin	False	chromosome_like	1		
RM2016_batch03_global10	ERR1713385	k141_430206	k141_430206_1 # 455 # 1372 # -1 # ID=718_1;partial=00;start_type=ATG;rbs_motif=AGGA;rbs_spacer=5-10bp;gc_cont=0.428	ROB-1	3002995	Perfect	100.0	100.0	cephalosporin; penam	antibiotic inactivation	ROB beta-lactamase		True	plasmid_like		0.9959	
RM2016_batch03_global10	ERR1713385	k141_668	k141_668_3 # 758 # 2017 # 1 # ID=1000_3;partial=00;start_type=ATG;rbs_motif=AGGAG;rbs_spacer=5-10bp;gc_cont=0.367	EreB	3000363	Strict	86.16	100.0	macrolide antibiotic	antibiotic inactivation	macrolide esterase	erythromycin; roxithromycin; clarithromycin; azithromycin	False	chromosome_like	1		
RM2016_batch03_global10	ERR1713385	k141_344488	k141_344488_2 # 320 # 1390 # -1 # ID=1158_2;partial=00;start_type=ATG;rbs_motif=AGGAG;rbs_spacer=5-10bp;gc_cont=0.287	vanT gene in vanG cluster	3002972	Strict	33.79	50.0	glycopeptide antibiotic	antibiotic target alteration	glycopeptide resistance gene cluster; vanT	vancomycin	False	chromosome_like	1		
RM2016_batch03_global10	ERR1713385	k141_344613	k141_344613_1 # 2 # 1126 # -1 # ID=1314_1;partial=11;start_type=Edge;rbs_motif=None;rbs_spacer=None;gc_cont=0.403	vanW gene in vanI cluster	3003724	Strict	36.26	100.54	glycopeptide antibiotic	antibiotic target alteration	vanW; glycopeptide resistance gene cluster	vancomycin; teicoplanin	False	chromosome_like	1		
RM2016_batch03_global10	ERR1713385	k141_258915	k141_258915_1 # 32 # 928 # -1 # ID=1579_1;partial=00;start_type=ATG;rbs_motif=None;rbs_spacer=None;gc_cont=0.419	CARB-16	3002255	Perfect	100.0	100.0	penam	antibiotic inactivation	CARB beta-lactamase		False	chromosome_like	1		
RM2016_batch03_global10	ERR1713385	k141_172928	k141_172928_2 # 1494 # 2117 # -1 # ID=1646_2;partial=00;start_type=ATG;rbs_motif=GGAGG;rbs_spacer=5-10bp;gc_cont=0.370	Campylobacter coli chloramphenicol acetyltransferase	3004454	Strict	96.14	100.0	phenicol antibiotic	antibiotic inactivation	chloramphenicol acetyltransferase (CAT)	chloramphenicol	False	chromosome_like	1		
RM2016_batch03_global10	ERR1713385	k141_344904	k141_344904_1 # 3 # 1133 # -1 # ID=1840_1;partial=11;start_type=Edge;rbs_motif=None;rbs_spacer=None;gc_cont=0.643	vanW gene in vanI cluster	3003724	Strict	34.87	101.07	glycopeptide antibiotic	antibiotic target alteration	vanW; glycopeptide resistance gene cluster	vancomycin; teicoplanin	False	chromosome_like	1		
RM2016_batch03_global10	ERR1713385	k141_603653	k141_603653_1 # 2 # 1141 # 1 # ID=2816_1;partial=11;start_type=Edge;rbs_motif=None;rbs_spacer=None;gc_cont=0.413	vanT gene in vanG cluster	3002972	Strict	34.05	53.37	glycopeptide antibiotic	antibiotic target alteration	glycopeptide resistance gene cluster; vanT	vancomycin	False	chromosome_like	1		
RM2016_batch03_global10	ERR1713385	k141_87023	k141_87023_4 # 2459 # 3313 # 1 # ID=2828_4;partial=00;start_type=ATG;rbs_motif=AGGAGG;rbs_spacer=5-10bp;gc_cont=0.421	ACI-1	3004359	Perfect	100.0	100.0	cephalosporin; penam; penem	antibiotic inactivation	ACI beta-lactamase	penicillin; ceftazidime; amoxicillin; cefotaxime; ticarcillin	True	virus_like			0.9518
RM2016_batch03_global10	ERR1713385	k141_87035	k141_87035_1 # 1 # 984 # -1 # ID=2859_1;partial=10;start_type=ATG;rbs_motif=None;rbs_spacer=None;gc_cont=0.601	vanW gene in vanI cluster	3003724	Strict	41.3	87.94	glycopeptide antibiotic	antibiotic target alteration	vanW; glycopeptide resistance gene cluster	vancomycin; teicoplanin	False	chromosome_like	1		
RM2016_batch03_global10	ERR1713385	k141_260560	k141_260560_2 # 183 # 1835 # -1 # ID=4094_2;partial=00;start_type=ATG;rbs_motif=None;rbs_spacer=None;gc_cont=0.510	ArnT	3005053	Strict	63.7	99.82	peptide antibiotic	antibiotic target alteration	pmr phosphoethanolamine transferase	colistin A; colistin B	False	chromosome_like	1		
RM2016_batch03_global10	ERR1713385	k141_432751	k141_432751_2 # 347 # 1069 # -1 # ID=4466_2;partial=01;start_type=Edge;rbs_motif=None;rbs_spacer=None;gc_cont=0.296	vanW gene in vanG cluster	3002965	Strict	36.46	85.41	glycopeptide antibiotic	antibiotic target alteration	vanW; glycopeptide resistance gene cluster	vancomycin	False	chromosome_like	1		
RM2016_batch03_global10	ERR1713385	k141_176232	k141_176232_1 # 3 # 1001 # -1 # ID=6272_1;partial=10;start_type=ATG;rbs_motif=AGGAG;rbs_spacer=5-10bp;gc_cont=0.527	vanT gene in vanG cluster	3002972	Strict	33.84	46.77	glycopeptide antibiotic	antibiotic target alteration	glycopeptide resistance gene cluster; vanT	vancomycin	False	chromosome_like	1		
RM2016_batch03_global10	ERR1713385	k141_262386	k141_262386_1 # 1 # 501 # 1 # ID=6659_1;partial=10;start_type=Edge;rbs_motif=None;rbs_spacer=None;gc_cont=0.483	vanY gene in vanB cluster	3002956	Strict	43.05	61.94	glycopeptide antibiotic	antibiotic target alteration	vanY; glycopeptide resistance gene cluster	vancomycin	False	chromosome_like	1		
RM2016_batch03_global10	ERR1713385	k141_176552	k141_176552_6 # 4597 # 5727 # -1 # ID=6788_6;partial=00;start_type=ATG;rbs_motif=GGxGG;rbs_spacer=5-10bp;gc_cont=0.460	vanT gene in vanG cluster	3002972	Strict	37.18	52.81	glycopeptide antibiotic	antibiotic target alteration	glycopeptide resistance gene cluster; vanT	vancomycin	False	chromosome_like	1		
RM2016_batch03_global10	ERR1713385	k141_89343	k141_89343_1 # 2 # 991 # -1 # ID=8128_1;partial=10;start_type=ATG;rbs_motif=AGxAGG/AGGxGG;rbs_spacer=5-10bp;gc_cont=0.349	vanG	3002909	Strict	42.56	94.56	glycopeptide antibiotic	antibiotic target alteration	glycopeptide resistance gene cluster; Van ligase	vancomycin	False	chromosome_like	1		
RM2016_batch03_global10	ERR1713385	k141_177591	k141_177591_2 # 296 # 1156 # -1 # ID=8287_2;partial=01;start_type=Edge;rbs_motif=None;rbs_spacer=None;gc_cont=0.318	vanW gene in vanI cluster	3003724	Strict	32.41	76.68	glycopeptide antibiotic	antibiotic target alteration	vanW; glycopeptide resistance gene cluster	vancomycin; teicoplanin	False	chromosome_like	1		
RM2016_batch03_global10	ERR1713385	k141_607541	k141_607541_3 # 459 # 1508 # 1 # ID=8537_3;partial=00;start_type=ATG;rbs_motif=AGGAG;rbs_spacer=5-10bp;gc_cont=0.333	vanH gene in vanB cluster	3002943	Strict	37.38	108.05	glycopeptide antibiotic	antibiotic target alteration	vanH; glycopeptide resistance gene cluster	vancomycin	False	chromosome_like	1		
RM2016_batch03_global10	ERR1713385	k141_178432	k141_178432_5 # 4319 # 4813 # -1 # ID=9635_5;partial=00;start_type=ATG;rbs_motif=GGAG/GAGG;rbs_spacer=5-10bp;gc_cont=0.347	lnuD	3002838	Strict	99.39	100.0	lincosamide antibiotic	antibiotic inactivation	lincosamide nucleotidyltransferase (LNU)	lincomycin; clindamycin	True	plasmid_like		0.9232	
RM2016_batch03_global10	ERR1713385	k141_178699	k141_178699_1 # 462 # 1619 # 1 # ID=9979_1;partial=00;start_type=ATG;rbs_motif=GGAG/GAGG;rbs_spacer=5-10bp;gc_cont=0.522	AcrE	3000499	Perfect	100.0	100.0	fluoroquinolone antibiotic; cephalosporin; cephamycin; penam	antibiotic efflux	resistance-nodulation-cell division (RND) antibiotic efflux pump	ciprofloxacin	True	plasmid_like		0.8068	
RM2016_batch03_global10	ERR1713385	k141_265199	k141_265199_3 # 2355 # 3149 # -1 # ID=10812_3;partial=00;start_type=ATG;rbs_motif=AGGAG;rbs_spacer=5-10bp;gc_cont=0.636	OXA-504	3005734	Strict	98.86	100.0	carbapenem; cephalosporin; penam	antibiotic inactivation	OXA beta-lactamase	cloxacillin; oxacillin; cefalotin	False	chromosome_like	1		
RM2016_batch03_global10	ERR1713385	k141_351443	k141_351443_6 # 3092 # 3493 # -1 # ID=11307_6;partial=00;start_type=ATG;rbs_motif=GGA/GAG/AGG;rbs_spacer=5-10bp;gc_cont=0.597	FosG	3007368	Strict	57.25	100.76	phosphonic acid antibiotic	antibiotic inactivation	fosfomycin thiol transferase	fosfomycin	False	chromosome_like	1		
RM2016_batch03_global10	ERR1713385	k141_7358	k141_7358_2 # 536 # 1420 # 1 # ID=11546_2;partial=00;start_type=ATG;rbs_motif=AAAAA;rbs_spacer=11bp;gc_cont=0.367	mphG	3003742	Strict	99.66	100.0	macrolide antibiotic	antibiotic inactivation	macrolide phosphotransferase (MPH)	erythromycin; clarithromycin; azithromycin	False	chromosome_like	1		
RM2016_batch03_global10	ERR1713385	k141_7787	k141_7787_1 # 104 # 829 # 1 # ID=12342_1;partial=00;start_type=ATG;rbs_motif=GGA/GAG/AGG;rbs_spacer=5-10bp;gc_cont=0.325	vanY gene in vanB cluster	3002956	Strict	46.77	89.93	glycopeptide antibiotic	antibiotic target alteration	vanY; glycopeptide resistance gene cluster	vancomycin	False	chromosome_like	1		
RM2016_batch03_global10	ERR1713385	k141_352876	k141_352876_1 # 1 # 1446 # 1 # ID=13518_1;partial=10;start_type=Edge;rbs_motif=None;rbs_spacer=None;gc_cont=0.447	vanW gene in vanI cluster	3003724	Strict	28.93	128.95	glycopeptide antibiotic	antibiotic target alteration	vanW; glycopeptide resistance gene cluster	vancomycin; teicoplanin	False	chromosome_like	1		
RM2016_batch03_global10	ERR1713385	k141_91646	k141_91646_1 # 72 # 902 # 1 # ID=13678_1;partial=00;start_type=ATG;rbs_motif=ATA;rbs_spacer=6bp;gc_cont=0.345	OXA-4	3001399	Perfect	100.0	100.0	carbapenem; cephalosporin; penam	antibiotic inactivation	OXA beta-lactamase	cloxacillin; oxacillin; cefalotin	True	plasmid_like		0.8638	
RM2016_batch03_global10	ERR1713385	k141_8853	k141_8853_2 # 611 # 1711 # 1 # ID=13809_2;partial=00;start_type=ATG;rbs_motif=GGAG/GAGG;rbs_spacer=5-10bp;gc_cont=0.503	vanG	3002909	Strict	38.2	104.87	glycopeptide antibiotic	antibiotic target alteration	glycopeptide resistance gene cluster; Van ligase	vancomycin	False	chromosome_like	1		
RM2016_batch03_global10	ERR1713385	k141_91978	k141_91978_1 # 337 # 993 # -1 # ID=14330_1;partial=00;start_type=ATG;rbs_motif=GGAG/GAGG;rbs_spacer=5-10bp;gc_cont=0.371	QnrVC1	3002799	Perfect	100.0	100.0	fluoroquinolone antibiotic	antibiotic target protection	quinolone resistance protein (qnr)	ciprofloxacin; levofloxacin; moxifloxacin; gatifloxacin; nalidixic acid; norfloxacin; sparfloxacin	False	chromosome_like	1		
RM2016_batch03_global10	ERR1713385	k141_91978	k141_91978_3 # 2712 # 3185 # -1 # ID=14330_3;partial=00;start_type=ATG;rbs_motif=AGGAGG;rbs_spacer=3-4bp;gc_cont=0.390	dfrA6	3004547	Strict	98.73	100.0	diaminopyrimidine antibiotic	antibiotic target replacement	trimethoprim resistant dihydrofolate reductase dfr	trimethoprim	False	chromosome_like	1		
RM2016_batch03_global10	ERR1713385	k141_9422	k141_9422_2 # 2034 # 3506 # -1 # ID=14663_2;partial=00;start_type=ATG;rbs_motif=GGAG/GAGG;rbs_spacer=5-10bp;gc_cont=0.485	vanW gene in vanI cluster	3003724	Strict	31.82	131.37	glycopeptide antibiotic	antibiotic target alteration	vanW; glycopeptide resistance gene cluster	vancomycin; teicoplanin	False	chromosome_like	1		
RM2016_batch03_global10	ERR1713385	k141_612519	k141_612519_1 # 2 # 1123 # -1 # ID=15730_1;partial=11;start_type=Edge;rbs_motif=None;rbs_spacer=None;gc_cont=0.676	vanT gene in vanG cluster	3002972	Strict	53.17	52.53	glycopeptide antibiotic	antibiotic target alteration	glycopeptide resistance gene cluster; vanT	vancomycin	False	chromosome_like	1		
RM2016_batch03_global10	ERR1713385	k141_269255	k141_269255_1 # 2 # 877 # 1 # ID=16475_1;partial=10;start_type=Edge;rbs_motif=None;rbs_spacer=None;gc_cont=0.596	vanY gene in vanB cluster	3002956	Strict	35.98	108.58	glycopeptide antibiotic	antibiotic target alteration	vanY; glycopeptide resistance gene cluster	vancomycin	False	chromosome_like	1		
RM2016_batch03_global10	ERR1713385	k141_614270	k141_614270_2 # 321 # 1085 # -1 # ID=18278_2;partial=01;start_type=Edge;rbs_motif=None;rbs_spacer=None;gc_cont=0.357	vanY gene in vanM cluster	3002961	Strict	26.06	109.01	glycopeptide antibiotic	antibiotic target alteration	vanY; glycopeptide resistance gene cluster	vancomycin; teicoplanin	False	chromosome_like	1		
RM2016_batch03_global10	ERR1713385	k141_184561	k141_184561_1 # 82 # 429 # 1 # ID=18350_1;partial=00;start_type=ATG;rbs_motif=GGAG/GAGG;rbs_spacer=5-10bp;gc_cont=0.500	qacEdelta1	3005010	Perfect	100.0	100.0	disinfecting agents and antiseptics	antibiotic efflux	major facilitator superfamily (MFS) antibiotic efflux pump		False	chromosome_like	1		
RM2016_batch03_global10	ERR1713385	k141_184561	k141_184561_2 # 423 # 1262 # 1 # ID=18350_2;partial=00;start_type=ATG;rbs_motif=GGAGG;rbs_spacer=5-10bp;gc_cont=0.617	sul1	3000410	Perfect	100.0	100.0	sulfonamide antibiotic	antibiotic target replacement	sulfonamide resistant sul	sulfadiazine; sulfadimidine; sulfadoxine; sulfamethoxazole; sulfisoxazole; sulfacetamide; mafenide; sulfasalazine; sulfamethizole	False	chromosome_like	1		
RM2016_batch03_global10	ERR1713385	k141_523731	k141_523731_2 # 766 # 1296 # -1 # ID=18631_2;partial=00;start_type=ATG;rbs_motif=GGAG/GAGG;rbs_spacer=5-10bp;gc_cont=0.524	emrR	3000516	Strict	92.57	100.0	fluoroquinolone antibiotic	antibiotic efflux	major facilitator superfamily (MFS) antibiotic efflux pump	nalidixic acid	False	chromosome_like	1		
RM2016_batch03_global10	ERR1713385	k141_93775	k141_93775_2 # 866 # 1648 # -1 # ID=18895_2;partial=00;start_type=ATG;rbs_motif=None;rbs_spacer=None;gc_cont=0.300	LnuH	3004600	Perfect	100.0	100.0	lincosamide antibiotic	antibiotic inactivation	lincosamide nucleotidyltransferase (LNU)		False	chromosome_like	1		
RM2016_batch03_global10	ERR1713385	k141_271373	k141_271373_10 # 7146 # 7358 # -1 # ID=19474_10;partial=00;start_type=ATG;rbs_motif=GGAGG;rbs_spacer=5-10bp;gc_cont=0.404	vanU gene in vanG cluster	3004253	Strict	80.6	93.33	glycopeptide antibiotic	antibiotic target alteration	glycopeptide resistance gene cluster; vanU	vancomycin	False	chromosome_like	1		
RM2016_batch03_global10	ERR1713385	k141_615100	k141_615100_1 # 2 # 805 # 1 # ID=19490_1;partial=10;start_type=Edge;rbs_motif=None;rbs_spacer=None;gc_cont=0.350	vanY gene in vanB cluster	3002956	Strict	36.07	99.63	glycopeptide antibiotic	antibiotic target alteration	vanY; glycopeptide resistance gene cluster	vancomycin	False	chromosome_like	1		
RM2016_batch03_global10	ERR1713385	k141_443131	k141_443131_2 # 523 # 2319 # 1 # ID=19675_2;partial=00;start_type=ATG;rbs_motif=TAAAA;rbs_spacer=4bp;gc_cont=0.489	patB	3000025	Strict	68.39	101.7	fluoroquinolone antibiotic	antibiotic efflux	ATP-binding cassette (ABC) antibiotic efflux pump	ciprofloxacin; norfloxacin	False	chromosome_like	1		
RM2016_batch03_global10	ERR1713385	k141_615273	k141_615273_4 # 2293 # 4218 # 1 # ID=19699_4;partial=00;start_type=ATG;rbs_motif=TAA;rbs_spacer=5bp;gc_cont=0.398	tet(Q)	3000191	Strict	96.41	97.56	tetracycline antibiotic	antibiotic target protection	tetracycline-resistant ribosomal protection protein	tetracycline; doxycycline; minocycline; chlortetracycline; demeclocycline; oxytetracycline	False	chromosome_like	1		
RM2016_batch03_global10	ERR1713385	k141_12937	k141_12937_3 # 800 # 2719 # 1 # ID=19717_3;partial=00;start_type=ATG;rbs_motif=AGGAGG;rbs_spacer=5-10bp;gc_cont=0.406	tet(O)	3000190	Strict	98.75	100.0	tetracycline antibiotic	antibiotic target protection	tetracycline-resistant ribosomal protection protein	tetracycline; doxycycline; minocycline; chlortetracycline; demeclocycline; oxytetracycline	False	chromosome_like	1		
RM2016_batch03_global10	ERR1713385	k141_94324	k141_94324_1 # 251 # 583 # 1 # ID=20292_1;partial=00;start_type=GTG;rbs_motif=AGGAG;rbs_spacer=5-10bp;gc_cont=0.502	qacL	3005098	Strict	99.09	100.0	disinfecting agents and antiseptics	antibiotic efflux	small multidrug resistance (SMR) antibiotic efflux pump		False	chromosome_like	1		
RM2016_batch03_global10	ERR1713385	k141_186305	k141_186305_21 # 20883 # 21215 # 1 # ID=20900_21;partial=00;start_type=ATG;rbs_motif=GGAG/GAGG;rbs_spacer=5-10bp;gc_cont=0.381	qacG	3007015	Strict	42.31	102.8	disinfecting agents and antiseptics	antibiotic efflux	small multidrug resistance (SMR) antibiotic efflux pump	benzalkonium chloride	False	chromosome_like	1		
RM2016_batch03_global10	ERR1713385	k141_444129	k141_444129_5 # 3914 # 4801 # -1 # ID=20968_5;partial=00;start_type=ATG;rbs_motif=None;rbs_spacer=None;gc_cont=0.447	vanY gene in vanM cluster	3002961	Strict	31.33	126.61	glycopeptide antibiotic	antibiotic target alteration	vanY; glycopeptide resistance gene cluster	vancomycin; teicoplanin	False	chromosome_like	1		
RM2016_batch03_global10	ERR1713385	k141_524865	k141_524865_2 # 556 # 2475 # 1 # ID=21541_2;partial=00;start_type=ATG;rbs_motif=GGAGG;rbs_spacer=5-10bp;gc_cont=0.412	tet(32)	3000196	Strict	99.84	100.0	tetracycline antibiotic	antibiotic target protection	tetracycline-resistant ribosomal protection protein	tetracycline; doxycycline; minocycline; chlortetracycline; demeclocycline; oxytetracycline	True	plasmid_like		0.9291	
RM2016_batch03_global10	ERR1713385	k141_94782	k141_94782_33 # 33803 # 34873 # -1 # ID=21699_33;partial=00;start_type=ATG;rbs_motif=AGGAG;rbs_spacer=5-10bp;gc_cont=0.345	vanT gene in vanG cluster	3002972	Strict	33.24	50.0	glycopeptide antibiotic	antibiotic target alteration	glycopeptide resistance gene cluster; vanT	vancomycin	False	chromosome_like	1		
RM2016_batch03_global10	ERR1713385	k141_445082	k141_445082_1 # 1 # 1362 # -1 # ID=22099_1;partial=11;start_type=Edge;rbs_motif=None;rbs_spacer=None;gc_cont=0.607	vanW gene in vanI cluster	3003724	Strict	35.12	121.72	glycopeptide antibiotic	antibiotic target alteration	vanW; glycopeptide resistance gene cluster	vancomycin; teicoplanin	False	chromosome_like	1		
RM2016_batch03_global10	ERR1713385	k141_445107	k141_445107_2 # 447 # 1673 # 1 # ID=22122_2;partial=00;start_type=ATG;rbs_motif=GGA/GAG/AGG;rbs_spacer=5-10bp;gc_cont=0.306	EreD	3004608	Strict	98.77	100.0	macrolide antibiotic	antibiotic inactivation	macrolide esterase	erythromycin	False	chromosome_like	1		
RM2016_batch03_global10	ERR1713385	k141_273343	k141_273343_2 # 285 # 3461 # 1 # ID=22186_2;partial=00;start_type=ATG;rbs_motif=GGAGG;rbs_spacer=5-10bp;gc_cont=0.659	adeF	3000777	Strict	61.11	99.91	fluoroquinolone antibiotic; tetracycline antibiotic	antibiotic efflux	resistance-nodulation-cell division (RND) antibiotic efflux pump	tetracycline	False	chromosome_like	1		
RM2016_batch03_global10	ERR1713385	k141_187089	k141_187089_17 # 14152 # 15255 # 1 # ID=22304_17;partial=00;start_type=ATG;rbs_motif=GGAG/GAGG;rbs_spacer=5-10bp;gc_cont=0.334	vanT gene in vanG cluster	3002972	Strict	29.35	51.54	glycopeptide antibiotic	antibiotic target alteration	glycopeptide resistance gene cluster; vanT	vancomycin	False	chromosome_like	1		
RM2016_batch03_global10	ERR1713385	k141_359535	k141_359535_2 # 426 # 1601 # 1 # ID=23066_2;partial=00;start_type=ATG;rbs_motif=GGAG/GAGG;rbs_spacer=5-10bp;gc_cont=0.636	cmx	3002703	Perfect	100.0	100.0	phenicol antibiotic	antibiotic efflux	major facilitator superfamily (MFS) antibiotic efflux pump	chloramphenicol	True	plasmid_like		0.9862	
RM2016_batch03_global10	ERR1713385	k141_16140	k141_16140_3 # 2046 # 2834 # 1 # ID=24341_3;partial=00;start_type=ATG;rbs_motif=GGAG/GAGG;rbs_spacer=5-10bp;gc_cont=0.440	aadA27	3004682	Strict	99.24	100.0	aminoglycoside antibiotic	antibiotic inactivation	ANT(3'')	spectinomycin; streptomycin	True	plasmid_like		0.9945	
RM2016_batch03_global10	ERR1713385	k141_618678	k141_618678_1 # 31 # 1164 # -1 # ID=24516_1;partial=00;start_type=ATG;rbs_motif=GGA/GAG/AGG;rbs_spacer=11-12bp;gc_cont=0.505	EC-15	3006876	Strict	98.67	100.0	cephalosporin	antibiotic inactivation	EC beta-lactamase		False	chromosome_like	1		
RM2016_batch03_global10	ERR1713385	k141_361439	k141_361439_1 # 82 # 2559 # 1 # ID=25825_1;partial=00;start_type=ATG;rbs_motif=TAA;rbs_spacer=11bp;gc_cont=0.520	vanT gene in vanG cluster	3002972	Strict	35.5	115.87	glycopeptide antibiotic	antibiotic target alteration	glycopeptide resistance gene cluster; vanT	vancomycin	False	chromosome_like	1		
RM2016_batch03_global10	ERR1713385	k141_17387	k141_17387_3 # 524 # 1357 # -1 # ID=26192_3;partial=01;start_type=Edge;rbs_motif=None;rbs_spacer=None;gc_cont=0.622	ArnT	3005053	Strict	98.92	50.27	peptide antibiotic	antibiotic target alteration	pmr phosphoethanolamine transferase	colistin A; colistin B	False	chromosome_like	1		
RM2016_batch03_global10	ERR1713385	k141_361827	k141_361827_2 # 426 # 770 # -1 # ID=26328_2;partial=00;start_type=ATG;rbs_motif=GGA/GAG/AGG;rbs_spacer=5-10bp;gc_cont=0.394	qacJ	3007014	Strict	44.34	106.54	disinfecting agents and antiseptics	antibiotic efflux	small multidrug resistance (SMR) antibiotic efflux pump	benzalkonium chloride	False	chromosome_like	1		
RM2016_batch03_global10	ERR1713385	k141_276218	k141_276218_2 # 192 # 926 # 1 # ID=26524_2;partial=00;start_type=ATG;rbs_motif=AGGAG;rbs_spacer=5-10bp;gc_cont=0.264	ErmG	3000522	Strict	98.77	100.0	macrolide antibiotic; lincosamide antibiotic; streptogramin antibiotic; streptogramin A antibiotic; streptogramin B antibiotic	antibiotic target alteration	Erm 23S ribosomal RNA methyltransferase	erythromycin; roxithromycin; lincomycin; telithromycin; clarithromycin; clindamycin; tylosin; spiramycin; azithromycin; dirithromycin; pristinamycin IA; quinupristin; virginiamycin M1; madumycin II; griseoviridin; dalfopristin; pristinamycin IB; virginiamycin S2; pristinamycin IC; vernamycin C; patricin A; patricin B; ostreogrycin B3; oleandomycin	False	chromosome_like	1		
RM2016_batch03_global10	ERR1713385	k141_449055	k141_449055_8 # 5444 # 6664 # -1 # ID=27639_8;partial=00;start_type=ATG;rbs_motif=AGGAGG;rbs_spacer=5-10bp;gc_cont=0.565	tet(40)	3000567	Strict	99.26	100.0	tetracycline antibiotic	antibiotic efflux	major facilitator superfamily (MFS) antibiotic efflux pump	tetracycline	True	plasmid_like		0.9618	
RM2016_batch03_global10	ERR1713385	k141_18917	k141_18917_4 # 2006 # 3166 # 1 # ID=28447_4;partial=00;start_type=ATG;rbs_motif=AGGAG;rbs_spacer=5-10bp;gc_cont=0.285	vanY gene in vanF cluster	3002958	Strict	34.69	131.74	glycopeptide antibiotic	antibiotic target alteration	vanY; glycopeptide resistance gene cluster	vancomycin	False	chromosome_like	1		
RM2016_batch03_global10	ERR1713385	k141_621826	k141_621826_2 # 223 # 606 # -1 # ID=28954_2;partial=00;start_type=ATG;rbs_motif=GGAG/GAGG;rbs_spacer=5-10bp;gc_cont=0.458	marA	3000263	Strict	99.21	100.0	fluoroquinolone antibiotic; monobactam; carbapenem; cephalosporin; glycylcycline; cephamycin; penam; tetracycline antibiotic; rifamycin antibiotic; phenicol antibiotic; penem; disinfecting agents and antiseptics	antibiotic efflux; reduced permeability to antibiotic	resistance-nodulation-cell division (RND) antibiotic efflux pump; General Bacterial Porin with reduced permeability to beta-lactams	tigecycline; tetracycline; rifampin; chloramphenicol; ampicillin; cefalotin; triclosan	False	chromosome_like	1		
RM2016_batch03_global10	ERR1713385	k141_278270	k141_278270_2 # 239 # 2158 # -1 # ID=29407_2;partial=00;start_type=ATG;rbs_motif=GGAGG;rbs_spacer=5-10bp;gc_cont=0.532	tet(W)	3000194	Strict	99.37	100.0	tetracycline antibiotic	antibiotic target protection	tetracycline-resistant ribosomal protection protein	tetracycline; doxycycline; minocycline; chlortetracycline; demeclocycline; oxytetracycline	False	chromosome_like	1		
RM2016_batch03_global10	ERR1713385	k141_20199	k141_20199_3 # 828 # 1691 # -1 # ID=30335_3;partial=00;start_type=ATG;rbs_motif=None;rbs_spacer=None;gc_cont=0.535	GES-1	3002330	Perfect	100.0	100.0	carbapenem; cephalosporin; penam	antibiotic inactivation	GES beta-lactamase		False	chromosome_like	1		
RM2016_batch03_global10	ERR1713385	k141_20199	k141_20199_4 # 1765 # 2223 # -1 # ID=30335_4;partial=00;start_type=ATG;rbs_motif=None;rbs_spacer=None;gc_cont=0.588	AAC(6')-Il	3004635	Perfect	100.0	100.0	aminoglycoside antibiotic	antibiotic inactivation	AAC(6')	dibekacin; amikacin; sisomicin; netilmicin; tobramycin; 2'-N-ethylnetilmicin; 5-episisomicin	False	chromosome_like	1		
RM2016_batch03_global10	ERR1713385	k141_451243	k141_451243_1 # 82 # 1299 # -1 # ID=30773_1;partial=01;start_type=Edge;rbs_motif=None;rbs_spacer=None;gc_cont=0.603	vanW gene in vanI cluster	3003724	Strict	29.71	108.58	glycopeptide antibiotic	antibiotic target alteration	vanW; glycopeptide resistance gene cluster	vancomycin; teicoplanin	False	chromosome_like	1		
RM2016_batch03_global10	ERR1713385	k141_279338	k141_279338_2 # 1302 # 2072 # -1 # ID=30883_2;partial=00;start_type=ATG;rbs_motif=TAA;rbs_spacer=11bp;gc_cont=0.318	LnuH	3004600	Strict	82.35	98.46	lincosamide antibiotic	antibiotic inactivation	lincosamide nucleotidyltransferase (LNU)		True	plasmid_like		0.8226	
RM2016_batch03_global10	ERR1713385	k141_365117	k141_365117_1 # 3 # 1031 # -1 # ID=30904_1;partial=11;start_type=Edge;rbs_motif=None;rbs_spacer=None;gc_cont=0.470	ICR-Mo	3004569	Strict	97.96	61.47	peptide antibiotic	antibiotic target alteration	intrinsic colistin resistant phosphoethanolamine transferase	colistin A; colistin B	False	chromosome_like	1		
RM2016_batch03_global10	ERR1713385	k141_452085	k141_452085_1 # 50 # 1138 # -1 # ID=32045_1;partial=01;start_type=Edge;rbs_motif=None;rbs_spacer=None;gc_cont=0.578	aadA5	3002605	Strict	99.62	138.17	aminoglycoside antibiotic	antibiotic inactivation	ANT(3'')	spectinomycin; streptomycin	False	chromosome_like	1		
RM2016_batch03_global10	ERR1713385	k141_452314	k141_452314_1 # 73 # 873 # -1 # ID=32396_1;partial=00;start_type=ATG;rbs_motif=TAA;rbs_spacer=10bp;gc_cont=0.340	ErmF	3000498	Strict	99.25	100.0	macrolide antibiotic; lincosamide antibiotic; streptogramin antibiotic; streptogramin A antibiotic; streptogramin B antibiotic	antibiotic target alteration	Erm 23S ribosomal RNA methyltransferase	erythromycin; roxithromycin; lincomycin; telithromycin; clarithromycin; clindamycin; tylosin; spiramycin; azithromycin; dirithromycin; pristinamycin IA; quinupristin; virginiamycin M1; madumycin II; griseoviridin; dalfopristin; pristinamycin IB; virginiamycin S2; pristinamycin IC; vernamycin C; patricin A; patricin B; ostreogrycin B3; oleandomycin	False	chromosome_like	1		
RM2016_batch03_global10	ERR1713385	k141_452314	k141_452314_6 # 5245 # 6108 # 1 # ID=32396_6;partial=00;start_type=ATG;rbs_motif=TAAAA;rbs_spacer=14bp;gc_cont=0.317	aadS	3004683	Perfect	100.0	100.0	aminoglycoside antibiotic	antibiotic inactivation	ANT(6)	streptomycin	False	chromosome_like	1		
RM2016_batch03_global10	ERR1713385	k141_280488	k141_280488_4 # 2985 # 4358 # -1 # ID=32621_4;partial=00;start_type=ATG;rbs_motif=None;rbs_spacer=None;gc_cont=0.543	cpxA	3000830	Perfect	100.0	100.0	aminoglycoside antibiotic; aminocoumarin antibiotic	antibiotic efflux	resistance-nodulation-cell division (RND) antibiotic efflux pump	novobiocin	False	chromosome_like	1		
RM2016_batch03_global10	ERR1713385	k141_452931	k141_452931_2 # 887 # 1705 # -1 # ID=33272_2;partial=00;start_type=ATG;rbs_motif=GGAG/GAGG;rbs_spacer=5-10bp;gc_cont=0.300	vanY gene in vanM cluster	3002961	Strict	31.15	116.74	glycopeptide antibiotic	antibiotic target alteration	vanY; glycopeptide resistance gene cluster	vancomycin; teicoplanin	False	chromosome_like	1		
RM2016_batch03_global10	ERR1713385	k141_99929	k141_99929_3 # 1475 # 2941 # -1 # ID=33968_3;partial=00;start_type=ATG;rbs_motif=AGGAG;rbs_spacer=5-10bp;gc_cont=0.558	mdtP	3003550	Strict	99.8	100.0	nucleoside antibiotic; disinfecting agents and antiseptics	antibiotic efflux	major facilitator superfamily (MFS) antibiotic efflux pump	acriflavine; puromycin	True	plasmid_like		0.849	
RM2016_batch03_global10	ERR1713385	k141_99929	k141_99929_4 # 2938 # 4989 # -1 # ID=33968_4;partial=00;start_type=ATG;rbs_motif=GGA/GAG/AGG;rbs_spacer=5-10bp;gc_cont=0.546	mdtO	3003549	Strict	99.27	100.0	nucleoside antibiotic; disinfecting agents and antiseptics	antibiotic efflux	major facilitator superfamily (MFS) antibiotic efflux pump	acriflavine; puromycin	True	plasmid_like		0.849	
RM2016_batch03_global10	ERR1713385	k141_99929	k141_99929_5 # 4989 # 6020 # -1 # ID=33968_5;partial=00;start_type=ATG;rbs_motif=GGA/GAG/AGG;rbs_spacer=5-10bp;gc_cont=0.559	mdtN	3003548	Strict	99.71	100.0	nucleoside antibiotic; disinfecting agents and antiseptics	antibiotic efflux	major facilitator superfamily (MFS) antibiotic efflux pump	acriflavine; puromycin	True	plasmid_like		0.849	
RM2016_batch03_global10	ERR1713385	k141_626151	k141_626151_1 # 302 # 1096 # 1 # ID=35276_1;partial=01;start_type=ATG;rbs_motif=AGGAG;rbs_spacer=5-10bp;gc_cont=0.445	vanW gene in vanI cluster	3003724	Strict	31.25	71.05	glycopeptide antibiotic	antibiotic target alteration	vanW; glycopeptide resistance gene cluster	vancomycin; teicoplanin	False	chromosome_like	1		
RM2016_batch03_global10	ERR1713385	k141_196354	k141_196354_1 # 2 # 670 # 1 # ID=35306_1;partial=10;start_type=Edge;rbs_motif=None;rbs_spacer=None;gc_cont=0.288	vanY gene in vanG cluster	3002959	Strict	37.91	79.57	glycopeptide antibiotic	antibiotic target alteration	vanY; glycopeptide resistance gene cluster	vancomycin	False	chromosome_like	1		
RM2016_batch03_global10	ERR1713385	k141_368437	k141_368437_1 # 197 # 1117 # 1 # ID=35610_1;partial=01;start_type=ATG;rbs_motif=GGAG/GAGG;rbs_spacer=5-10bp;gc_cont=0.428	vanT gene in vanG cluster	3002972	Strict	32.68	43.12	glycopeptide antibiotic	antibiotic target alteration	glycopeptide resistance gene cluster; vanT	vancomycin	False	chromosome_like	1		
RM2016_batch03_global10	ERR1713385	k141_196719	k141_196719_2 # 211 # 891 # 1 # ID=35797_2;partial=00;start_type=ATG;rbs_motif=GGA/GAG/AGG;rbs_spacer=5-10bp;gc_cont=0.468	QnrB10	3002724	Strict	99.12	100.0	fluoroquinolone antibiotic	antibiotic target protection	quinolone resistance protein (qnr)	ciprofloxacin; levofloxacin; moxifloxacin; gatifloxacin; nalidixic acid; norfloxacin; sparfloxacin	False	chromosome_like	1		
RM2016_batch03_global10	ERR1713385	k141_282980	k141_282980_1 # 35 # 1021 # -1 # ID=35862_1;partial=00;start_type=ATG;rbs_motif=AGGAG;rbs_spacer=5-10bp;gc_cont=0.570	vanH gene in vanO cluster	3002948	Strict	41.47	93.71	glycopeptide antibiotic	antibiotic target alteration	vanH; glycopeptide resistance gene cluster	vancomycin	False	chromosome_like	1		
RM2016_batch03_global10	ERR1713385	k141_197655	k141_197655_3 # 1701 # 2201 # 1 # ID=37161_3;partial=00;start_type=ATG;rbs_motif=AGGAG;rbs_spacer=5-10bp;gc_cont=0.325	nimJ	3007112	Strict	60.76	100.61	nitroimidazole antibiotic	antibiotic inactivation	nitroimidazole reductase	metronidazole	True	plasmid_like		0.9833	
RM2016_batch03_global10	ERR1713385	k141_369778	k141_369778_10 # 9340 # 9684 # -1 # ID=37537_10;partial=00;start_type=ATG;rbs_motif=GGA/GAG/AGG;rbs_spacer=5-10bp;gc_cont=0.391	qacJ	3007014	Strict	41.51	106.54	disinfecting agents and antiseptics	antibiotic efflux	small multidrug resistance (SMR) antibiotic efflux pump	benzalkonium chloride	False	chromosome_like	1		
RM2016_batch03_global10	ERR1713385	k141_25659	k141_25659_3 # 1445 # 2563 # -1 # ID=37957_3;partial=00;start_type=GTG;rbs_motif=AGGAG;rbs_spacer=5-10bp;gc_cont=0.527	vanT gene in vanG cluster	3002972	Strict	37.6	52.25	glycopeptide antibiotic	antibiotic target alteration	glycopeptide resistance gene cluster; vanT	vancomycin	False	chromosome_like	1		
RM2016_batch03_global10	ERR1713385	k141_102357	k141_102357_2 # 232 # 1401 # -1 # ID=39302_2;partial=00;start_type=ATG;rbs_motif=GGAG/GAGG;rbs_spacer=5-10bp;gc_cont=0.379	vanTr gene in vanL cluster	3002974	Strict	33.51	106.28	glycopeptide antibiotic	antibiotic target alteration	glycopeptide resistance gene cluster; vanT	vancomycin	False	chromosome_like	1		
RM2016_batch03_global10	ERR1713385	k141_199135	k141_199135_2 # 1197 # 2162 # 1 # ID=39383_2;partial=00;start_type=ATG;rbs_motif=TAA;rbs_spacer=11bp;gc_cont=0.357	CfxA3	3003003	Perfect	100.0	100.0	cephamycin	antibiotic inactivation	CfxA beta-lactamase		True	plasmid_like		0.9805	
RM2016_batch03_global10	ERR1713385	k141_199678	k141_199678_2 # 448 # 1290 # 1 # ID=40113_2;partial=00;start_type=ATG;rbs_motif=TAA;rbs_spacer=11bp;gc_cont=0.374	OXA-58	3001611	Perfect	100.0	100.0	carbapenem; cephalosporin; penam	antibiotic inactivation	OXA beta-lactamase	cloxacillin; oxacillin; cefalotin	False	chromosome_like	1		
RM2016_batch03_global10	ERR1713385	k141_199851	k141_199851_2 # 115 # 1242 # 1 # ID=40346_2;partial=00;start_type=ATG;rbs_motif=None;rbs_spacer=None;gc_cont=0.686	vanT gene in vanG cluster	3002972	Strict	33.33	52.67	glycopeptide antibiotic	antibiotic target alteration	glycopeptide resistance gene cluster; vanT	vancomycin	False	chromosome_like	1		
RM2016_batch03_global10	ERR1713385	k141_200384	k141_200384_44 # 39440 # 40759 # -1 # ID=41106_44;partial=00;start_type=ATG;rbs_motif=AGGAG(G)/GGAGG;rbs_spacer=13-15bp;gc_cont=0.365	vanW gene in vanI cluster	3003724	Strict	33.19	117.69	glycopeptide antibiotic	antibiotic target alteration	vanW; glycopeptide resistance gene cluster	vancomycin; teicoplanin	False	chromosome_like	1		
RM2016_batch03_global10	ERR1713385	k141_458478	k141_458478_1 # 30 # 1832 # 1 # ID=41393_1;partial=00;start_type=ATG;rbs_motif=TAAA;rbs_spacer=13bp;gc_cont=0.313	tet(36)	3000197	Strict	47.7	93.75	tetracycline antibiotic	antibiotic target protection	tetracycline-resistant ribosomal protection protein	tetracycline; doxycycline; minocycline; chlortetracycline; demeclocycline; oxytetracycline	False	chromosome_like	1		
RM2016_batch03_global10	ERR1713385	k141_630799	k141_630799_1 # 183 # 1259 # 1 # ID=42082_1;partial=01;start_type=ATG;rbs_motif=GGAG/GAGG;rbs_spacer=5-10bp;gc_cont=0.537	vanW gene in vanI cluster	3003724	Strict	37.59	96.25	glycopeptide antibiotic	antibiotic target alteration	vanW; glycopeptide resistance gene cluster	vancomycin; teicoplanin	False	chromosome_like	1		
RM2016_batch03_global10	ERR1713385	k141_104516	k141_104516_2 # 161 # 982 # 1 # ID=43949_2;partial=00;start_type=ATG;rbs_motif=GGAGG;rbs_spacer=5-10bp;gc_cont=0.618	vanW gene in vanB cluster	3002964	Strict	34.43	99.27	glycopeptide antibiotic	antibiotic target alteration	vanW; glycopeptide resistance gene cluster	vancomycin	False	chromosome_like	1		
RM2016_batch03_global10	ERR1713385	k141_534716	k141_534716_5 # 2958 # 4880 # 1 # ID=44580_5;partial=00;start_type=ATG;rbs_motif=GGAG/GAGG;rbs_spacer=5-10bp;gc_cont=0.306	tet(44)	3000556	Strict	96.41	100.0	tetracycline antibiotic	antibiotic target protection	tetracycline-resistant ribosomal protection protein	tetracycline; doxycycline; minocycline; chlortetracycline; demeclocycline; oxytetracycline	True	plasmid_like		0.9453	
RM2016_batch03_global10	ERR1713385	k141_633175	k141_633175_2 # 1039 # 1530 # 1 # ID=45299_2;partial=00;start_type=ATG;rbs_motif=GGAG/GAGG;rbs_spacer=5-10bp;gc_cont=0.366	nimA	3007104	Strict	50.62	92.61	nitroimidazole antibiotic	antibiotic inactivation	nitroimidazole reductase	metronidazole	False	chromosome_like	1		
RM2016_batch03_global10	ERR1713385	k141_461653	k141_461653_1 # 239 # 1072 # -1 # ID=45427_1;partial=01;start_type=Edge;rbs_motif=None;rbs_spacer=None;gc_cont=0.415	CARB-12	3002250	Strict	99.28	96.18	penam	antibiotic inactivation	CARB beta-lactamase		False	chromosome_like	1		
RM2016_batch03_global10	ERR1713385	k141_461800	k141_461800_2 # 1122 # 2354 # -1 # ID=45637_2;partial=00;start_type=ATG;rbs_motif=AGGAG;rbs_spacer=5-10bp;gc_cont=0.548	mdtM	3001214	Strict	97.32	100.0	fluoroquinolone antibiotic; lincosamide antibiotic; nucleoside antibiotic; phenicol antibiotic; disinfecting agents and antiseptics	antibiotic efflux	major facilitator superfamily (MFS) antibiotic efflux pump	acriflavine; lincomycin; puromycin; chloramphenicol; norfloxacin	False	chromosome_like	1		
RM2016_batch03_global10	ERR1713385	k141_203666	k141_203666_1 # 187 # 1299 # -1 # ID=45672_1;partial=00;start_type=ATG;rbs_motif=GGAGG;rbs_spacer=5-10bp;gc_cont=0.577	vanW gene in vanI cluster	3003724	Strict	30.81	99.2	glycopeptide antibiotic	antibiotic target alteration	vanW; glycopeptide resistance gene cluster	vancomycin; teicoplanin	False	chromosome_like	1		
RM2016_batch03_global10	ERR1713385	k141_633900	k141_633900_1 # 2 # 1228 # 1 # ID=46335_1;partial=10;start_type=Edge;rbs_motif=None;rbs_spacer=None;gc_cont=0.370	tet(Q)	3000191	Strict	88.97	62.1	tetracycline antibiotic	antibiotic target protection	tetracycline-resistant ribosomal protection protein	tetracycline; doxycycline; minocycline; chlortetracycline; demeclocycline; oxytetracycline	False	chromosome_like	1		
RM2016_batch03_global10	ERR1713385	k141_633900	k141_633900_2 # 1936 # 3102 # 1 # ID=46335_2;partial=00;start_type=ATG;rbs_motif=None;rbs_spacer=None;gc_cont=0.374	tet(X)	3000205	Strict	99.74	100.0	glycylcycline; tetracycline antibiotic	antibiotic inactivation	tetracycline inactivation enzyme	tigecycline; tetracycline; doxycycline; minocycline; chlortetracycline; demeclocycline; oxytetracycline	False	chromosome_like	1		
RM2016_batch03_global10	ERR1713385	k141_462644	k141_462644_4 # 3720 # 4706 # -1 # ID=46759_4;partial=00;start_type=ATG;rbs_motif=AGGAGG;rbs_spacer=11-12bp;gc_cont=0.410	vanH gene in vanB cluster	3002943	Strict	39.94	101.55	glycopeptide antibiotic	antibiotic target alteration	vanH; glycopeptide resistance gene cluster	vancomycin	False	chromosome_like	1		
RM2016_batch03_global10	ERR1713385	k141_536798	k141_536798_5 # 2366 # 3151 # -1 # ID=49236_5;partial=00;start_type=GTG;rbs_motif=GGAG/GAGG;rbs_spacer=5-10bp;gc_cont=0.515	aadA13	3002613	Strict	99.62	98.49	aminoglycoside antibiotic	antibiotic inactivation	ANT(3'')	spectinomycin; streptomycin	True	plasmid_like		0.9561	
RM2016_batch03_global10	ERR1713385	k141_33446	k141_33446_5 # 1894 # 2223 # -1 # ID=49278_5;partial=00;start_type=ATG;rbs_motif=AGGAG;rbs_spacer=5-10bp;gc_cont=0.445	qacG	3007015	Strict	44.34	101.87	disinfecting agents and antiseptics	antibiotic efflux	small multidrug resistance (SMR) antibiotic efflux pump	benzalkonium chloride	True	plasmid_like		0.7513	
RM2016_batch03_global10	ERR1713385	k141_464493	k141_464493_10 # 8645 # 9805 # 1 # ID=49307_10;partial=00;start_type=ATG;rbs_motif=AGxAGG/AGGxGG;rbs_spacer=5-10bp;gc_cont=0.444	vanT gene in vanG cluster	3002972	Strict	38.11	54.21	glycopeptide antibiotic	antibiotic target alteration	glycopeptide resistance gene cluster; vanT	vancomycin	False	chromosome_like	1		
RM2016_batch03_global10	ERR1713385	k141_537090	k141_537090_2 # 267 # 1964 # 1 # ID=50006_2;partial=01;start_type=ATG;rbs_motif=AGGAG;rbs_spacer=5-10bp;gc_cont=0.665	vanW gene in vanI cluster	3003724	Strict	34.29	151.74	glycopeptide antibiotic	antibiotic target alteration	vanW; glycopeptide resistance gene cluster	vancomycin; teicoplanin	False	chromosome_like	1		
RM2016_batch03_global10	ERR1713385	k141_293340	k141_293340_4 # 2287 # 2844 # 1 # ID=50022_4;partial=00;start_type=ATG;rbs_motif=AGGAG;rbs_spacer=5-10bp;gc_cont=0.272	vanY gene in vanB cluster	3002956	Strict	37.77	69.03	glycopeptide antibiotic	antibiotic target alteration	vanY; glycopeptide resistance gene cluster	vancomycin	False	chromosome_like	1		
RM2016_batch03_global10	ERR1713385	k141_34244	k141_34244_3 # 803 # 1639 # 1 # ID=50264_3;partial=00;start_type=ATG;rbs_motif=AGGAG;rbs_spacer=5-10bp;gc_cont=0.274	vanW gene in vanG cluster	3002965	Strict	32.03	98.93	glycopeptide antibiotic	antibiotic target alteration	vanW; glycopeptide resistance gene cluster	vancomycin	False	chromosome_like	1		
RM2016_batch03_global10	ERR1713385	k141_465362	k141_465362_2 # 465 # 1670 # 1 # ID=50460_2;partial=00;start_type=ATG;rbs_motif=AAA;rbs_spacer=10bp;gc_cont=0.413	Mef(En2)	3004659	Strict	99.5	100.0	macrolide antibiotic	antibiotic efflux	major facilitator superfamily (MFS) antibiotic efflux pump		False	chromosome_like	1		
RM2016_batch03_global10	ERR1713385	k141_637130	k141_637130_2 # 470 # 1129 # 1 # ID=50677_2;partial=00;start_type=ATG;rbs_motif=AGGAGG;rbs_spacer=5-10bp;gc_cont=0.355	catQ	3002687	Strict	99.54	100.0	phenicol antibiotic	antibiotic inactivation	chloramphenicol acetyltransferase (CAT)	azidamfenicol; chloramphenicol; thiamphenicol	False	chromosome_like	1		
RM2016_batch03_global10	ERR1713385	k141_108292	k141_108292_3 # 2026 # 3264 # -1 # ID=52352_3;partial=00;start_type=ATG;rbs_motif=None;rbs_spacer=None;gc_cont=0.651	Mrx	3003839	Perfect	100.0	100.0	macrolide antibiotic	antibiotic inactivation	macrolide phosphotransferase (MPH)		True	plasmid_like		0.991	
RM2016_batch03_global10	ERR1713385	k141_108292	k141_108292_4 # 3261 # 4166 # -1 # ID=52352_4;partial=00;start_type=ATG;rbs_motif=AGGAG;rbs_spacer=5-10bp;gc_cont=0.657	mphA	3000316	Perfect	100.0	100.0	macrolide antibiotic	antibiotic inactivation	macrolide phosphotransferase (MPH)	erythromycin; roxithromycin; telithromycin; clarithromycin; azithromycin; dirithromycin; oleandomycin	True	plasmid_like		0.991	
RM2016_batch03_global10	ERR1713385	k141_36383	k141_36383_3 # 1462 # 1782 # 1 # ID=53243_3;partial=01;start_type=ATG;rbs_motif=GGA/GAG/AGG;rbs_spacer=5-10bp;gc_cont=0.517	qacG	3007015	Strict	52.38	100.0	disinfecting agents and antiseptics	antibiotic efflux	small multidrug resistance (SMR) antibiotic efflux pump	benzalkonium chloride	False	chromosome_like	1		
RM2016_batch03_global10	ERR1713385	k141_538665	k141_538665_9 # 8091 # 8744 # 1 # ID=53716_9;partial=00;start_type=ATG;rbs_motif=GGAG/GAGG;rbs_spacer=5-10bp;gc_cont=0.332	vanY gene in vanB cluster	3002956	Strict	50.0	80.97	glycopeptide antibiotic	antibiotic target alteration	vanY; glycopeptide resistance gene cluster	vancomycin	False	chromosome_like	1		
RM2016_batch03_global10	ERR1713385	k141_296944	k141_296944_1 # 316 # 1500 # 1 # ID=54839_1;partial=00;start_type=ATG;rbs_motif=None;rbs_spacer=None;gc_cont=0.594	vanG	3002909	Strict	40.0	112.89	glycopeptide antibiotic	antibiotic target alteration	glycopeptide resistance gene cluster; Van ligase	vancomycin	False	chromosome_like	1		
RM2016_batch03_global10	ERR1713385	k141_210901	k141_210901_2 # 386 # 1645 # -1 # ID=55675_2;partial=00;start_type=GTG;rbs_motif=AGGAG;rbs_spacer=5-10bp;gc_cont=0.553	cmlA5	3002695	Perfect	100.0	100.0	phenicol antibiotic	antibiotic efflux	major facilitator superfamily (MFS) antibiotic efflux pump	chloramphenicol	False	chromosome_like	1		
RM2016_batch03_global10	ERR1713385	k141_211004	k141_211004_1 # 27 # 434 # -1 # ID=55813_1;partial=00;start_type=ATG;rbs_motif=GGA/GAG/AGG;rbs_spacer=5-10bp;gc_cont=0.478	H-NS	3000676	Strict	92.59	98.54	macrolide antibiotic; fluoroquinolone antibiotic; cephalosporin; cephamycin; penam; tetracycline antibiotic	antibiotic efflux	major facilitator superfamily (MFS) antibiotic efflux pump; resistance-nodulation-cell division (RND) antibiotic efflux pump	erythromycin; cloxacillin; ciprofloxacin; tetracycline; oxacillin; norfloxacin	False	chromosome_like	1		
RM2016_batch03_global10	ERR1713385	k141_382736	k141_382736_2 # 197 # 1426 # -1 # ID=55822_2;partial=00;start_type=ATG;rbs_motif=None;rbs_spacer=None;gc_cont=0.507	vanW gene in vanI cluster	3003724	Strict	32.63	109.65	glycopeptide antibiotic	antibiotic target alteration	vanW; glycopeptide resistance gene cluster	vancomycin; teicoplanin	False	chromosome_like	1		
RM2016_batch03_global10	ERR1713385	k141_298998	k141_298998_2 # 919 # 1881 # -1 # ID=57674_2;partial=00;start_type=ATG;rbs_motif=GGA/GAG/AGG;rbs_spacer=5-10bp;gc_cont=0.359	CfxA6	3003097	Strict	99.38	96.68	cephamycin	antibiotic inactivation	CfxA beta-lactamase		False	chromosome_like	1		
RM2016_batch03_global10	ERR1713385	k141_471901	k141_471901_2 # 645 # 1181 # -1 # ID=59731_2;partial=01;start_type=Edge;rbs_motif=None;rbs_spacer=None;gc_cont=0.670	vanY gene in vanB cluster	3002956	Strict	33.33	66.42	glycopeptide antibiotic	antibiotic target alteration	vanY; glycopeptide resistance gene cluster	vancomycin	False	chromosome_like	1		
RM2016_batch03_global10	ERR1713385	k141_471945	k141_471945_2 # 639 # 1190 # 1 # ID=59778_2;partial=01;start_type=GTG;rbs_motif=GGA/GAG/AGG;rbs_spacer=11-12bp;gc_cont=0.578	vanY gene in vanB cluster	3002956	Strict	35.85	68.66	glycopeptide antibiotic	antibiotic target alteration	vanY; glycopeptide resistance gene cluster	vancomycin	False	chromosome_like	1		
RM2016_batch03_global10	ERR1713385	k141_214344	k141_214344_22 # 20636 # 21499 # 1 # ID=60472_22;partial=00;start_type=ATG;rbs_motif=GGAG/GAGG;rbs_spacer=5-10bp;gc_cont=0.322	ANT(6)-Ia	3002626	Strict	86.06	100.0	aminoglycoside antibiotic	antibiotic inactivation	ANT(6)	streptomycin	False	chromosome_like	1		
RM2016_batch03_global10	ERR1713385	k141_541513	k141_541513_35 # 36161 # 37228 # -1 # ID=60601_35;partial=00;start_type=ATG;rbs_motif=None;rbs_spacer=None;gc_cont=0.507	vanG	3002909	Strict	42.17	101.72	glycopeptide antibiotic	antibiotic target alteration	glycopeptide resistance gene cluster; Van ligase	vancomycin	False	chromosome_like	1		
RM2016_batch03_global10	ERR1713385	k141_541694	k141_541694_1 # 1 # 1218 # -1 # ID=61080_1;partial=10;start_type=GTG;rbs_motif=GGA/GAG/AGG;rbs_spacer=5-10bp;gc_cont=0.340	vanY gene in vanB cluster	3002956	Strict	36.51	151.49	glycopeptide antibiotic	antibiotic target alteration	vanY; glycopeptide resistance gene cluster	vancomycin	False	chromosome_like	1		
RM2016_batch03_global10	ERR1713385	k141_214889	k141_214889_4 # 2774 # 3691 # -1 # ID=61254_4;partial=01;start_type=Edge;rbs_motif=None;rbs_spacer=None;gc_cont=0.644	vanW gene in vanI cluster	3003724	Strict	42.13	81.77	glycopeptide antibiotic	antibiotic target alteration	vanW; glycopeptide resistance gene cluster	vancomycin; teicoplanin	False	chromosome_like	1		
RM2016_batch03_global10	ERR1713385	k141_386830	k141_386830_1 # 52 # 2013 # -1 # ID=61325_1;partial=00;start_type=ATG;rbs_motif=AAA;rbs_spacer=3bp;gc_cont=0.401	tet(M)	3000186	Strict	52.26	102.19	tetracycline antibiotic	antibiotic target protection	tetracycline-resistant ribosomal protection protein	tetracycline; doxycycline; minocycline; chlortetracycline; demeclocycline; oxytetracycline	False	chromosome_like	1		
RM2016_batch03_global10	ERR1713385	k141_387018	k141_387018_2 # 92 # 409 # -1 # ID=61590_2;partial=00;start_type=ATG;rbs_motif=AGGA;rbs_spacer=5-10bp;gc_cont=0.289	qacJ	3007014	Strict	43.88	98.13	disinfecting agents and antiseptics	antibiotic efflux	small multidrug resistance (SMR) antibiotic efflux pump	benzalkonium chloride	False	chromosome_like	1		
RM2016_batch03_global10	ERR1713385	k141_645500	k141_645500_6 # 4953 # 5993 # 1 # ID=61615_6;partial=00;start_type=ATG;rbs_motif=AGGAGG;rbs_spacer=5-10bp;gc_cont=0.632	vanG	3002909	Strict	57.68	99.14	glycopeptide antibiotic	antibiotic target alteration	glycopeptide resistance gene cluster; Van ligase	vancomycin	False	chromosome_like	1		
RM2016_batch03_global10	ERR1713385	k141_645500	k141_645500_7 # 5990 # 6742 # 1 # ID=61615_7;partial=00;start_type=ATG;rbs_motif=GGxGG;rbs_spacer=5-10bp;gc_cont=0.625	vanXY gene in vanG cluster	3003069	Strict	47.83	98.43	glycopeptide antibiotic	antibiotic target alteration	glycopeptide resistance gene cluster; vanXY	vancomycin	False	chromosome_like	1		
RM2016_batch03_global10	ERR1713385	k141_645500	k141_645500_8 # 6729 # 8810 # 1 # ID=61615_8;partial=00;start_type=ATG;rbs_motif=GGxGG;rbs_spacer=5-10bp;gc_cont=0.607	vanT gene in vanG cluster	3002972	Strict	46.05	97.33	glycopeptide antibiotic	antibiotic target alteration	glycopeptide resistance gene cluster; vanT	vancomycin	False	chromosome_like	1		
RM2016_batch03_global10	ERR1713385	k141_303324	k141_303324_1 # 1 # 1278 # 1 # ID=63217_1;partial=10;start_type=Edge;rbs_motif=None;rbs_spacer=None;gc_cont=0.444	vanW gene in vanI cluster	3003724	Strict	35.91	113.94	glycopeptide antibiotic	antibiotic target alteration	vanW; glycopeptide resistance gene cluster	vancomycin; teicoplanin	False	chromosome_like	1		
RM2016_batch03_global10	ERR1713385	k141_113627	k141_113627_2 # 256 # 888 # -1 # ID=63575_2;partial=00;start_type=ATG;rbs_motif=GGAG/GAGG;rbs_spacer=5-10bp;gc_cont=0.509	CRP	3000518	Strict	97.62	100.0	macrolide antibiotic; fluoroquinolone antibiotic; penam	antibiotic efflux	resistance-nodulation-cell division (RND) antibiotic efflux pump	erythromycin; cloxacillin; oxacillin; norfloxacin	False	chromosome_like	1		
RM2016_batch03_global10	ERR1713385	k141_388641	k141_388641_1 # 3 # 749 # 1 # ID=63827_1;partial=10;start_type=Edge;rbs_motif=None;rbs_spacer=None;gc_cont=0.632	vanY gene in vanB cluster	3002956	Strict	44.55	92.54	glycopeptide antibiotic	antibiotic target alteration	vanY; glycopeptide resistance gene cluster	vancomycin	False	chromosome_like	1		
RM2016_batch03_global10	ERR1713385	k141_474784	k141_474784_2 # 569 # 913 # -1 # ID=64000_2;partial=00;start_type=ATG;rbs_motif=None;rbs_spacer=None;gc_cont=0.330	qacG	3007015	Strict	48.08	106.54	disinfecting agents and antiseptics	antibiotic efflux	small multidrug resistance (SMR) antibiotic efflux pump	benzalkonium chloride	False	chromosome_like	1		
RM2016_batch03_global10	ERR1713385	k141_647873	k141_647873_1 # 2 # 457 # -1 # ID=64832_1;partial=10;start_type=ATG;rbs_motif=None;rbs_spacer=None;gc_cont=0.654	FosI	3007370	Strict	73.44	113.43	phosphonic acid antibiotic	antibiotic inactivation	fosfomycin thiol transferase	fosfomycin	False	chromosome_like	1		
RM2016_batch03_global10	ERR1713385	k141_217846	k141_217846_1 # 1 # 855 # -1 # ID=65387_1;partial=10;start_type=ATG;rbs_motif=GGA/GAG/AGG;rbs_spacer=5-10bp;gc_cont=0.426	vanW gene in vanG cluster	3002965	Strict	31.56	101.42	glycopeptide antibiotic	antibiotic target alteration	vanW; glycopeptide resistance gene cluster	vancomycin	False	chromosome_like	1		
RM2016_batch03_global10	ERR1713385	k141_45533	k141_45533_6 # 5439 # 5771 # 1 # ID=66371_6;partial=00;start_type=ATG;rbs_motif=GGA/GAG/AGG;rbs_spacer=5-10bp;gc_cont=0.532	qacJ	3007014	Strict	36.54	102.8	disinfecting agents and antiseptics	antibiotic efflux	small multidrug resistance (SMR) antibiotic efflux pump	benzalkonium chloride	False	chromosome_like	1		
RM2016_batch03_global10	ERR1713385	k141_544244	k141_544244_2 # 800 # 1432 # 1 # ID=66911_2;partial=00;start_type=ATG;rbs_motif=AAA;rbs_spacer=4bp;gc_cont=0.501	catB2	3002675	Strict	99.52	100.0	phenicol antibiotic	antibiotic inactivation	chloramphenicol acetyltransferase (CAT)	azidamfenicol; chloramphenicol; thiamphenicol	True	plasmid_like		0.9085	
RM2016_batch03_global10	ERR1713385	k141_544244	k141_544244_3 # 1567 # 2388 # 1 # ID=66911_3;partial=00;start_type=ATG;rbs_motif=AACAA;rbs_spacer=12bp;gc_cont=0.507	lnuF	3002839	Strict	98.9	100.0	lincosamide antibiotic	antibiotic inactivation	lincosamide nucleotidyltransferase (LNU)	lincomycin; clindamycin	True	plasmid_like		0.9085	
RM2016_batch03_global10	ERR1713385	k141_544244	k141_544244_4 # 2504 # 3730 # 1 # ID=66911_4;partial=00;start_type=ATG;rbs_motif=AAA;rbs_spacer=12bp;gc_cont=0.502	EreA2	3002826	Strict	96.57	100.0	macrolide antibiotic	antibiotic inactivation	macrolide esterase	erythromycin	True	plasmid_like		0.9085	
RM2016_batch03_global10	ERR1713385	k141_391283	k141_391283_1 # 178 # 510 # -1 # ID=67269_1;partial=00;start_type=TTG;rbs_motif=GGAG/GAGG;rbs_spacer=5-10bp;gc_cont=0.465	qacG	3007015	Strict	40.0	102.8	disinfecting agents and antiseptics	antibiotic efflux	small multidrug resistance (SMR) antibiotic efflux pump	benzalkonium chloride	False	chromosome_like	1		
RM2016_batch03_global10	ERR1713385	k141_219544	k141_219544_2 # 145 # 1317 # -1 # ID=67539_2;partial=00;start_type=ATG;rbs_motif=GGAG/GAGG;rbs_spacer=5-10bp;gc_cont=0.532	emrA	3000027	Perfect	100.0	100.0	fluoroquinolone antibiotic	antibiotic efflux	major facilitator superfamily (MFS) antibiotic efflux pump	nalidixic acid	True	plasmid_like		0.7667	
RM2016_batch03_global10	ERR1713385	k141_219544	k141_219544_3 # 1444 # 1974 # -1 # ID=67539_3;partial=00;start_type=ATG;rbs_motif=GGAG/GAGG;rbs_spacer=5-10bp;gc_cont=0.488	emrR	3000516	Perfect	100.0	100.0	fluoroquinolone antibiotic	antibiotic efflux	major facilitator superfamily (MFS) antibiotic efflux pump	nalidixic acid	True	plasmid_like		0.7667	
RM2016_batch03_global10	ERR1713385	k141_308118	k141_308118_1 # 1 # 363 # -1 # ID=69609_1;partial=10;start_type=TTG;rbs_motif=None;rbs_spacer=None;gc_cont=0.377	vanY gene in vanB cluster	3002956	Strict	51.09	45.15	glycopeptide antibiotic	antibiotic target alteration	vanY; glycopeptide resistance gene cluster	vancomycin	False	chromosome_like	1		
RM2016_batch03_global10	ERR1713385	k141_546146	k141_546146_2 # 392 # 577 # 1 # ID=71322_2;partial=00;start_type=ATG;rbs_motif=AGGAG;rbs_spacer=5-10bp;gc_cont=0.484	rsmA	3005069	Strict	85.25	100.0	fluoroquinolone antibiotic; diaminopyrimidine antibiotic; phenicol antibiotic	antibiotic efflux	resistance-nodulation-cell division (RND) antibiotic efflux pump	trimethoprim; chloramphenicol	False	chromosome_like	1		
RM2016_batch03_global10	ERR1713385	k141_222583	k141_222583_6 # 5404 # 6597 # 1 # ID=71804_6;partial=00;start_type=ATG;rbs_motif=GGAG/GAGG;rbs_spacer=5-10bp;gc_cont=0.539	Escherichia coli acrA	3004043	Perfect	100.0	100.0	fluoroquinolone antibiotic; cephalosporin; glycylcycline; penam; tetracycline antibiotic; rifamycin antibiotic; phenicol antibiotic; disinfecting agents and antiseptics	antibiotic efflux	resistance-nodulation-cell division (RND) antibiotic efflux pump	tigecycline; tetracycline; rifampin; chloramphenicol; ampicillin; cefalotin; triclosan	False	chromosome_like	1		
RM2016_batch03_global10	ERR1713385	k141_309933	k141_309933_1 # 92 # 952 # 1 # ID=72046_1;partial=00;start_type=ATG;rbs_motif=AGGAG;rbs_spacer=5-10bp;gc_cont=0.599	AAC(3)-IId	3004623	Strict	98.6	100.0	aminoglycoside antibiotic	antibiotic inactivation	AAC(3)	dibekacin; sisomicin; netilmicin; tobramycin; 6'-N-ethylnetilmicin; 2'-N-ethylnetilmicin; gentamicin	False	chromosome_like	1		
RM2016_batch03_global10	ERR1713385	k141_222809	k141_222809_2 # 623 # 1393 # 1 # ID=72112_2;partial=00;start_type=ATG;rbs_motif=TAA;rbs_spacer=12bp;gc_cont=0.322	LnuH	3004600	Strict	94.14	98.46	lincosamide antibiotic	antibiotic inactivation	lincosamide nucleotidyltransferase (LNU)		True	plasmid_like		0.7917	
RM2016_batch03_global10	ERR1713385	k141_310468	k141_310468_1 # 247 # 1146 # -1 # ID=72709_1;partial=00;start_type=ATG;rbs_motif=AGGAG;rbs_spacer=5-10bp;gc_cont=0.312	VEB-3	3002372	Strict	99.67	100.0	monobactam; cephalosporin	antibiotic inactivation	VEB beta-lactamase		False	chromosome_like	1		
RM2016_batch03_global10	ERR1713385	k141_481056	k141_481056_3 # 1493 # 3970 # 1 # ID=72846_3;partial=00;start_type=ATG;rbs_motif=None;rbs_spacer=None;gc_cont=0.524	vanT gene in vanG cluster	3002972	Strict	34.96	115.87	glycopeptide antibiotic	antibiotic target alteration	glycopeptide resistance gene cluster; vanT	vancomycin	False	chromosome_like	1		
RM2016_batch03_global10	ERR1713385	k141_223797	k141_223797_1 # 286 # 1041 # -1 # ID=73478_1;partial=00;start_type=ATG;rbs_motif=AATAA;rbs_spacer=14bp;gc_cont=0.311	LnuH	3004600	Strict	81.2	96.54	lincosamide antibiotic	antibiotic inactivation	lincosamide nucleotidyltransferase (LNU)		False	chromosome_like	1		
RM2016_batch03_global10	ERR1713385	k141_654501	k141_654501_4 # 2047 # 3249 # 1 # ID=73511_4;partial=00;start_type=ATG;rbs_motif=AGGAG;rbs_spacer=5-10bp;gc_cont=0.661	vanT gene in vanG cluster	3002972	Strict	34.31	56.18	glycopeptide antibiotic	antibiotic target alteration	glycopeptide resistance gene cluster; vanT	vancomycin	False	chromosome_like	1		
RM2016_batch03_global10	ERR1713385	k141_396628	k141_396628_10 # 14379 # 16262 # -1 # ID=74338_10;partial=00;start_type=ATG;rbs_motif=AGGAG;rbs_spacer=5-10bp;gc_cont=0.462	vanY gene in vanB cluster	3002956	Strict	43.09	233.96	glycopeptide antibiotic	antibiotic target alteration	vanY; glycopeptide resistance gene cluster	vancomycin	False	chromosome_like	1		
RM2016_batch03_global10	ERR1713385	k141_224404	k141_224404_3 # 1371 # 2225 # -1 # ID=74351_3;partial=00;start_type=ATG;rbs_motif=AGGAG;rbs_spacer=5-10bp;gc_cont=0.561	ErmX	3000596	Strict	90.14	100.0	macrolide antibiotic; lincosamide antibiotic; streptogramin antibiotic; streptogramin A antibiotic; streptogramin B antibiotic	antibiotic target alteration	Erm 23S ribosomal RNA methyltransferase	erythromycin; roxithromycin; lincomycin; telithromycin; clarithromycin; clindamycin; tylosin; spiramycin; azithromycin; dirithromycin; pristinamycin IA; quinupristin; virginiamycin M1; madumycin II; griseoviridin; dalfopristin; pristinamycin IB; virginiamycin S2; pristinamycin IC; vernamycin C; patricin A; patricin B; ostreogrycin B3; oleandomycin	False	chromosome_like	1		
RM2016_batch03_global10	ERR1713385	k141_397170	k141_397170_1 # 3 # 719 # -1 # ID=75113_1;partial=10;start_type=ATG;rbs_motif=None;rbs_spacer=None;gc_cont=0.614	vanW gene in vanG cluster	3002965	Strict	55.93	85.05	glycopeptide antibiotic	antibiotic target alteration	vanW; glycopeptide resistance gene cluster	vancomycin	False	chromosome_like	1		
RM2016_batch03_global10	ERR1713385	k141_656811	k141_656811_2 # 118 # 954 # -1 # ID=76498_2;partial=00;start_type=ATG;rbs_motif=TAAA;rbs_spacer=11bp;gc_cont=0.545	aadA16	3002616	Strict	98.15	98.93	aminoglycoside antibiotic	antibiotic inactivation	ANT(3'')	spectinomycin; streptomycin	False	chromosome_like	1		
RM2016_batch03_global10	ERR1713385	k141_120025	k141_120025_2 # 505 # 3666 # -1 # ID=77045_2;partial=00;start_type=TTG;rbs_motif=AGxAGG/AGGxGG;rbs_spacer=5-10bp;gc_cont=0.372	adeF	3000777	Strict	42.76	99.43	fluoroquinolone antibiotic; tetracycline antibiotic	antibiotic efflux	resistance-nodulation-cell division (RND) antibiotic efflux pump	tetracycline	False	chromosome_like	1		
RM2016_batch03_global10	ERR1713385	k141_657332	k141_657332_2 # 353 # 1159 # -1 # ID=77226_2;partial=01;start_type=Edge;rbs_motif=None;rbs_spacer=None;gc_cont=0.544	aadA7	3002607	Strict	98.49	101.13	aminoglycoside antibiotic	antibiotic inactivation	ANT(3'')	spectinomycin; streptomycin	False	chromosome_like	1		
RM2016_batch03_global10	ERR1713385	k141_484576	k141_484576_2 # 317 # 1243 # -1 # ID=77654_2;partial=01;start_type=Edge;rbs_motif=None;rbs_spacer=None;gc_cont=0.341	vanY gene in vanM cluster	3002961	Strict	40.69	132.19	glycopeptide antibiotic	antibiotic target alteration	vanY; glycopeptide resistance gene cluster	vancomycin; teicoplanin	False	chromosome_like	1		
RM2016_batch03_global10	ERR1713385	k141_54010	k141_54010_1 # 116 # 940 # -1 # ID=77796_1;partial=00;start_type=ATG;rbs_motif=None;rbs_spacer=None;gc_cont=0.259	OXA-347	3001777	Strict	99.64	100.0	carbapenem; cephalosporin; penam	antibiotic inactivation	OXA beta-lactamase	cloxacillin; oxacillin; cefalotin	False	chromosome_like	1		
RM2016_batch03_global10	ERR1713385	k141_658007	k141_658007_1 # 38 # 670 # 1 # ID=78230_1;partial=00;start_type=ATG;rbs_motif=GGAG/GAGG;rbs_spacer=5-10bp;gc_cont=0.496	CRP	3000518	Strict	99.52	100.0	macrolide antibiotic; fluoroquinolone antibiotic; penam	antibiotic efflux	resistance-nodulation-cell division (RND) antibiotic efflux pump	erythromycin; cloxacillin; oxacillin; norfloxacin	False	chromosome_like	1		
RM2016_batch03_global10	ERR1713385	k141_486532	k141_486532_1 # 2 # 1054 # -1 # ID=80375_1;partial=11;start_type=Edge;rbs_motif=None;rbs_spacer=None;gc_cont=0.447	vanT gene in vanG cluster	3002972	Strict	39.7	49.3	glycopeptide antibiotic	antibiotic target alteration	glycopeptide resistance gene cluster; vanT	vancomycin	False	chromosome_like	1		
RM2016_batch03_global10	ERR1713385	k141_123232	k141_123232_2 # 278 # 1273 # 1 # ID=83859_2;partial=00;start_type=ATG;rbs_motif=GGAG/GAGG;rbs_spacer=5-10bp;gc_cont=0.234	vanT gene in vanG cluster	3002972	Strict	42.02	46.49	glycopeptide antibiotic	antibiotic target alteration	glycopeptide resistance gene cluster; vanT	vancomycin	False	chromosome_like	1		
RM2016_batch03_global10	ERR1713385	k141_123232	k141_123232_3 # 1260 # 2393 # 1 # ID=83859_3;partial=00;start_type=ATG;rbs_motif=AGGA/GGAG/GAGG;rbs_spacer=11-12bp;gc_cont=0.253	vanT gene in vanG cluster	3002972	Strict	46.72	52.95	glycopeptide antibiotic	antibiotic target alteration	glycopeptide resistance gene cluster; vanT	vancomycin	False	chromosome_like	1		
RM2016_batch03_global10	ERR1713385	k141_490111	k141_490111_1 # 3 # 374 # 1 # ID=85256_1;partial=10;start_type=Edge;rbs_motif=None;rbs_spacer=None;gc_cont=0.605	vanY gene in vanB cluster	3002956	Strict	43.1	45.9	glycopeptide antibiotic	antibiotic target alteration	vanY; glycopeptide resistance gene cluster	vancomycin	False	chromosome_like	1		
RM2016_batch03_global10	ERR1713385	k141_491040	k141_491040_2 # 1083 # 1580 # 1 # ID=86797_2;partial=00;start_type=ATG;rbs_motif=None;rbs_spacer=None;gc_cont=0.544	dfrA21	3003017	Perfect	100.0	100.0	diaminopyrimidine antibiotic	antibiotic target replacement	trimethoprim resistant dihydrofolate reductase dfr	trimethoprim	False	chromosome_like	1		
RM2016_batch03_global10	ERR1713385	k141_491041	k141_491041_2 # 842 # 1726 # -1 # ID=86803_2;partial=00;start_type=ATG;rbs_motif=AGGA;rbs_spacer=5-10bp;gc_cont=0.365	mphE	3003741	Perfect	100.0	100.0	macrolide antibiotic	antibiotic inactivation	macrolide phosphotransferase (MPH)	erythromycin	False	chromosome_like	1		
RM2016_batch03_global10	ERR1713385	k141_491041	k141_491041_3 # 1782 # 3257 # -1 # ID=86803_3;partial=00;start_type=ATG;rbs_motif=AGGAG;rbs_spacer=5-10bp;gc_cont=0.399	msrE	3003109	Perfect	100.0	100.0	macrolide antibiotic; streptogramin antibiotic	antibiotic target protection	msr-type ABC-F protein	erythromycin	False	chromosome_like	1		
RM2016_batch03_global10	ERR1713385	k141_233521	k141_233521_2 # 846 # 1175 # -1 # ID=86847_2;partial=00;start_type=ATG;rbs_motif=GGAGG;rbs_spacer=5-10bp;gc_cont=0.518	Klebsiella pneumoniae KpnF	3004583	Strict	84.4	100.0	macrolide antibiotic; aminoglycoside antibiotic; cephalosporin; tetracycline antibiotic; peptide antibiotic; rifamycin antibiotic; disinfecting agents and antiseptics	antibiotic efflux	small multidrug resistance (SMR) antibiotic efflux pump	erythromycin; streptomycin; tetracycline; cefepime; ceftriaxone; rifampin; colistin A; colistin B; triclosan; benzalkonium chloride; chlorhexidine	False	chromosome_like	1		
RM2016_batch03_global10	ERR1713385	k141_233521	k141_233521_3 # 1162 # 1527 # -1 # ID=86847_3;partial=00;start_type=ATG;rbs_motif=AGGAG;rbs_spacer=5-10bp;gc_cont=0.423	Klebsiella pneumoniae KpnE	3004580	Strict	82.2	100.83	macrolide antibiotic; aminoglycoside antibiotic; cephalosporin; tetracycline antibiotic; peptide antibiotic; rifamycin antibiotic; disinfecting agents and antiseptics	antibiotic efflux	small multidrug resistance (SMR) antibiotic efflux pump	erythromycin; streptomycin; tetracycline; cefepime; ceftriaxone; rifampin; colistin A; colistin B; triclosan; benzalkonium chloride; chlorhexidine	False	chromosome_like	1		
RM2016_batch03_global10	ERR1713385	k141_234954	k141_234954_2 # 1050 # 4160 # 1 # ID=88845_2;partial=01;start_type=ATG;rbs_motif=GGAG/GAGG;rbs_spacer=5-10bp;gc_cont=0.609	adeF	3000777	Strict	43.47	97.92	fluoroquinolone antibiotic; tetracycline antibiotic	antibiotic efflux	resistance-nodulation-cell division (RND) antibiotic efflux pump	tetracycline	False	chromosome_like	1		
RM2016_batch03_global10	ERR1713385	k141_235731	k141_235731_5 # 5796 # 7439 # 1 # ID=89831_5;partial=00;start_type=ATG;rbs_motif=GGA/GAG/AGG;rbs_spacer=5-10bp;gc_cont=0.495	eptA	3003576	Strict	99.82	100.0	peptide antibiotic	antibiotic target alteration	pmr phosphoethanolamine transferase	polymyxin B	True	plasmid_like		0.9148	
RM2016_batch03_global10	ERR1713385	k141_667544	k141_667544_2 # 464 # 1498 # 1 # ID=90238_2;partial=01;start_type=ATG;rbs_motif=None;rbs_spacer=None;gc_cont=0.630	vanT gene in vanG cluster	3002972	Strict	35.47	48.46	glycopeptide antibiotic	antibiotic target alteration	glycopeptide resistance gene cluster; vanT	vancomycin	False	chromosome_like	1		
RM2016_batch03_global10	ERR1713385	k141_236005	k141_236005_1 # 131 # 754 # -1 # ID=90263_1;partial=00;start_type=ATG;rbs_motif=GGAG/GAGG;rbs_spacer=5-10bp;gc_cont=0.359	catS	3002688	Strict	98.17	126.22	phenicol antibiotic	antibiotic inactivation	chloramphenicol acetyltransferase (CAT)	azidamfenicol; chloramphenicol; thiamphenicol	False	chromosome_like	1		
RM2016_batch03_global10	ERR1713385	k141_554809	k141_554809_4 # 3689 # 4624 # -1 # ID=90670_4;partial=01;start_type=Edge;rbs_motif=None;rbs_spacer=None;gc_cont=0.516	ANT(3'')-IIa	3004089	Strict	87.66	96.28	aminoglycoside antibiotic	antibiotic inactivation	ANT(3'')	spectinomycin; streptomycin	True	plasmid_like		0.953	
RM2016_batch03_global10	ERR1713385	k141_236599	k141_236599_2 # 367 # 1188 # 1 # ID=91100_2;partial=01;start_type=ATG;rbs_motif=AGxAGG/AGGxGG;rbs_spacer=5-10bp;gc_cont=0.446	vanW gene in vanI cluster	3003724	Strict	43.85	73.46	glycopeptide antibiotic	antibiotic target alteration	vanW; glycopeptide resistance gene cluster	vancomycin; teicoplanin	False	chromosome_like	1		
RM2016_batch03_global10	ERR1713385	k141_126872	k141_126872_3 # 950 # 2095 # 1 # ID=91282_3;partial=00;start_type=ATG;rbs_motif=GGAG/GAGG;rbs_spacer=5-10bp;gc_cont=0.373	vanT gene in vanG cluster	3002972	Strict	33.24	53.51	glycopeptide antibiotic	antibiotic target alteration	glycopeptide resistance gene cluster; vanT	vancomycin	False	chromosome_like	1		
RM2016_batch03_global10	ERR1713385	k141_324795	k141_324795_1 # 1 # 783 # -1 # ID=91570_1;partial=10;start_type=ATG;rbs_motif=TAAAA;rbs_spacer=14bp;gc_cont=0.479	vanY gene in vanG cluster	3002959	Strict	32.33	93.55	glycopeptide antibiotic	antibiotic target alteration	vanY; glycopeptide resistance gene cluster	vancomycin	False	chromosome_like	1		
RM2016_batch03_global10	ERR1713385	k141_325188	k141_325188_3 # 1052 # 2170 # 1 # ID=92079_3;partial=01;start_type=ATG;rbs_motif=AGGA;rbs_spacer=5-10bp;gc_cont=0.647	vanT gene in vanG cluster	3002972	Strict	34.42	52.39	glycopeptide antibiotic	antibiotic target alteration	glycopeptide resistance gene cluster; vanT	vancomycin	False	chromosome_like	1		
RM2016_batch03_global10	ERR1713385	k141_669217	k141_669217_2 # 472 # 1002 # -1 # ID=92404_2;partial=00;start_type=ATG;rbs_motif=AGGA/GGAG/GAGG;rbs_spacer=11-12bp;gc_cont=0.540	emrR	3000516	Strict	94.86	100.0	fluoroquinolone antibiotic	antibiotic efflux	major facilitator superfamily (MFS) antibiotic efflux pump	nalidixic acid	False	chromosome_like	1		
RM2016_batch03_global10	ERR1713385	k141_325753	k141_325753_1 # 313 # 1494 # -1 # ID=92785_1;partial=00;start_type=ATG;rbs_motif=None;rbs_spacer=None;gc_cont=0.266	poxtA	3004470	Strict	47.42	72.51	tetracycline antibiotic; oxazolidinone antibiotic; phenicol antibiotic	antibiotic target protection	Miscellaneous ABC-F subfamily ATP-binding cassette ribosomal protection proteins	tetracycline; doxycycline; linezolid; chloramphenicol; florfenicol	False	chromosome_like	1		
RM2016_batch03_global10	ERR1713385	k141_65607	k141_65607_2 # 905 # 1318 # 1 # ID=93537_2;partial=00;start_type=ATG;rbs_motif=GGA/GAG/AGG;rbs_spacer=5-10bp;gc_cont=0.655	FosI	3007370	Strict	71.76	102.24	phosphonic acid antibiotic	antibiotic inactivation	fosfomycin thiol transferase	fosfomycin	False	chromosome_like	1		
RM2016_batch03_global10	ERR1713385	k141_496786	k141_496786_5 # 1654 # 2901 # 1 # ID=94326_5;partial=00;start_type=ATG;rbs_motif=AGxAGG/AGGxGG;rbs_spacer=5-10bp;gc_cont=0.443	vanY gene in vanB cluster	3002956	Strict	48.48	154.85	glycopeptide antibiotic	antibiotic target alteration	vanY; glycopeptide resistance gene cluster	vancomycin	True	plasmid_like		0.8073	
RM2016_batch03_global10	ERR1713385	k141_670938	k141_670938_1 # 3 # 635 # 1 # ID=94956_1;partial=10;start_type=Edge;rbs_motif=None;rbs_spacer=None;gc_cont=0.643	vanY gene in vanB cluster	3002956	Strict	38.46	78.36	glycopeptide antibiotic	antibiotic target alteration	vanY; glycopeptide resistance gene cluster	vancomycin	False	chromosome_like	1		
RM2016_batch03_global10	ERR1713385	k141_240165	k141_240165_2 # 803 # 1129 # 1 # ID=95753_2;partial=00;start_type=ATG;rbs_motif=GGA/GAG/AGG;rbs_spacer=5-10bp;gc_cont=0.514	qacJ	3007014	Strict	45.28	100.93	disinfecting agents and antiseptics	antibiotic efflux	small multidrug resistance (SMR) antibiotic efflux pump	benzalkonium chloride	False	chromosome_like	1		
RM2016_batch03_global10	ERR1713385	k141_328302	k141_328302_5 # 4732 # 5064 # 1 # ID=96191_5;partial=00;start_type=ATG;rbs_motif=GGA/GAG/AGG;rbs_spacer=5-10bp;gc_cont=0.438	qacJ	3007014	Strict	43.27	102.8	disinfecting agents and antiseptics	antibiotic efflux	small multidrug resistance (SMR) antibiotic efflux pump	benzalkonium chloride	False	chromosome_like	1		
RM2016_batch03_global10	ERR1713385	k141_129558	k141_129558_3 # 2060 # 3259 # 1 # ID=96836_3;partial=00;start_type=ATG;rbs_motif=TAA;rbs_spacer=14bp;gc_cont=0.488	vanT gene in vanG cluster	3002972	Strict	35.66	56.04	glycopeptide antibiotic	antibiotic target alteration	glycopeptide resistance gene cluster; vanT	vancomycin	False	chromosome_like	1		
RM2016_batch03_global10	ERR1713385	k141_241108	k141_241108_1 # 257 # 1459 # -1 # ID=96956_1;partial=00;start_type=ATG;rbs_motif=AGGA;rbs_spacer=5-10bp;gc_cont=0.413	tet(H)	3000175	Perfect	100.0	100.0	tetracycline antibiotic	antibiotic efflux	major facilitator superfamily (MFS) antibiotic efflux pump	tetracycline	False	chromosome_like	1		
RM2016_batch03_global10	ERR1713385	k141_129683	k141_129683_1 # 1 # 2394 # -1 # ID=97079_1;partial=10;start_type=ATG;rbs_motif=None;rbs_spacer=None;gc_cont=0.510	vanT gene in vanG cluster	3002972	Strict	36.28	112.08	glycopeptide antibiotic	antibiotic target alteration	glycopeptide resistance gene cluster; vanT	vancomycin	False	chromosome_like	1		
RM2016_batch03_global10	ERR1713385	k141_414580	k141_414580_2 # 407 # 1234 # 1 # ID=98776_2;partial=00;start_type=ATG;rbs_motif=AGGA;rbs_spacer=5-10bp;gc_cont=0.500	OXA-2	3001397	Perfect	100.0	100.0	carbapenem; cephalosporin; penam	antibiotic inactivation	OXA beta-lactamase	cloxacillin; oxacillin; ceftazidime; amoxicillin; meropenem; ampicillin; cefalotin	False	chromosome_like	1		
RM2016_batch03_global10	ERR1713385	k141_242898	k141_242898_2 # 910 # 1230 # -1 # ID=99258_2;partial=00;start_type=ATG;rbs_motif=GGAGG;rbs_spacer=5-10bp;gc_cont=0.364	qacJ	3007014	Strict	38.1	99.07	disinfecting agents and antiseptics	antibiotic efflux	small multidrug resistance (SMR) antibiotic efflux pump	benzalkonium chloride	False	chromosome_like	1		
RM2016_batch03_global10	ERR1713385	k141_674673	k141_674673_2 # 456 # 785 # 1 # ID=99793_2;partial=00;start_type=ATG;rbs_motif=3Base/5BMM;rbs_spacer=13-15bp;gc_cont=0.397	qacJ	3007014	Strict	37.74	101.87	disinfecting agents and antiseptics	antibiotic efflux	small multidrug resistance (SMR) antibiotic efflux pump	benzalkonium chloride	False	chromosome_like	1		
RM2016_batch03_global10	ERR1713385	k141_70392	k141_70392_14 # 10377 # 10787 # -1 # ID=100007_14;partial=00;start_type=ATG;rbs_motif=GGAG/GAGG;rbs_spacer=5-10bp;gc_cont=0.550	FosI	3007370	Strict	65.15	101.49	phosphonic acid antibiotic	antibiotic inactivation	fosfomycin thiol transferase	fosfomycin	False	chromosome_like	1		
RM2016_batch03_global10	ERR1713385	k141_131514	k141_131514_2 # 90 # 1184 # -1 # ID=100781_2;partial=00;start_type=ATG;rbs_motif=AGGAG;rbs_spacer=5-10bp;gc_cont=0.638	vanG	3002909	Strict	39.71	104.3	glycopeptide antibiotic	antibiotic target alteration	glycopeptide resistance gene cluster; Van ligase	vancomycin	False	chromosome_like	1		
RM2016_batch03_global10	ERR1713385	k141_332004	k141_332004_5 # 3816 # 4616 # -1 # ID=100839_5;partial=00;start_type=ATG;rbs_motif=AGGA;rbs_spacer=5-10bp;gc_cont=0.469	OXA-46	3001797	Perfect	100.0	100.0	carbapenem; cephalosporin; penam	antibiotic inactivation	OXA beta-lactamase	cloxacillin; oxacillin; cefalotin	True	plasmid_like		0.9193	
RM2016_batch03_global10	ERR1713385	k141_416095	k141_416095_26 # 26562 # 26903 # -1 # ID=100859_26;partial=00;start_type=ATG;rbs_motif=GGA/GAG/AGG;rbs_spacer=11-12bp;gc_cont=0.444	qacG	3007015	Strict	46.15	105.61	disinfecting agents and antiseptics	antibiotic efflux	small multidrug resistance (SMR) antibiotic efflux pump	benzalkonium chloride	False	chromosome_like	1		
RM2016_batch03_global10	ERR1713385	k141_416885	k141_416885_2 # 654 # 1499 # -1 # ID=101863_2;partial=00;start_type=ATG;rbs_motif=None;rbs_spacer=None;gc_cont=0.537	aadA6	3002606	Strict	99.64	100.0	aminoglycoside antibiotic	antibiotic inactivation	ANT(3'')	spectinomycin; streptomycin	False	chromosome_like	1		
RM2016_batch03_global10	ERR1713385	k141_333393	k141_333393_2 # 462 # 1127 # -1 # ID=102783_2;partial=01;start_type=Edge;rbs_motif=None;rbs_spacer=None;gc_cont=0.619	vanY gene in vanG cluster	3002959	Strict	47.03	79.21	glycopeptide antibiotic	antibiotic target alteration	vanY; glycopeptide resistance gene cluster	vancomycin	False	chromosome_like	1		
RM2016_batch03_global10	ERR1713385	k141_560126	k141_560126_1 # 2 # 1072 # -1 # ID=103053_1;partial=10;start_type=ATG;rbs_motif=AGGA;rbs_spacer=5-10bp;gc_cont=0.495	EreA	3000361	Strict	96.08	87.93	macrolide antibiotic	antibiotic inactivation	macrolide esterase	erythromycin; roxithromycin; clarithromycin	False	chromosome_like	1		
RM2016_batch03_global10	ERR1713385	k141_417869	k141_417869_1 # 396 # 1196 # 1 # ID=103174_1;partial=00;start_type=ATG;rbs_motif=AGGA;rbs_spacer=5-10bp;gc_cont=0.493	OXA-205	3001483	Perfect	100.0	100.0	carbapenem; cephalosporin; penam	antibiotic inactivation	OXA beta-lactamase	cloxacillin; oxacillin; cefalotin	False	chromosome_like	1		
RM2016_batch03_global10	ERR1713385	k141_74813	k141_74813_1 # 350 # 1219 # 1 # ID=105771_1;partial=00;start_type=ATG;rbs_motif=AGGA;rbs_spacer=5-10bp;gc_cont=0.493	vanW gene in vanI cluster	3003724	Strict	43.66	77.48	glycopeptide antibiotic	antibiotic target alteration	vanW; glycopeptide resistance gene cluster	vancomycin; teicoplanin	False	chromosome_like	1		
RM2016_batch03_global10	ERR1713385	k141_505020	k141_505020_1 # 172 # 1296 # -1 # ID=106250_1;partial=00;start_type=ATG;rbs_motif=AGxAGG/AGGxGG;rbs_spacer=5-10bp;gc_cont=0.535	vanT gene in vanG cluster	3002972	Strict	36.51	52.53	glycopeptide antibiotic	antibiotic target alteration	glycopeptide resistance gene cluster; vanT	vancomycin	False	chromosome_like	1		
RM2016_batch03_global10	ERR1713385	k141_420258	k141_420258_2 # 721 # 1539 # -1 # ID=106275_2;partial=00;start_type=ATG;rbs_motif=GGAG/GAGG;rbs_spacer=5-10bp;gc_cont=0.260	vanW gene in vanG cluster	3002965	Strict	55.19	96.8	glycopeptide antibiotic	antibiotic target alteration	vanW; glycopeptide resistance gene cluster	vancomycin	False	chromosome_like	1		
RM2016_batch03_global10	ERR1713385	k141_75367	k141_75367_2 # 186 # 1373 # -1 # ID=106430_2;partial=00;start_type=ATG;rbs_motif=AGGAG/GGAGG;rbs_spacer=11-12bp;gc_cont=0.651	vanT gene in vanG cluster	3002972	Strict	37.53	55.48	glycopeptide antibiotic	antibiotic target alteration	glycopeptide resistance gene cluster; vanT	vancomycin	False	chromosome_like	1		
RM2016_batch03_global10	ERR1713385	k141_134431	k141_134431_4 # 2668 # 3894 # 1 # ID=106569_4;partial=00;start_type=ATG;rbs_motif=GGA/GAG/AGG;rbs_spacer=5-10bp;gc_cont=0.526	mdtG	3001329	Strict	99.51	100.0	phosphonic acid antibiotic	antibiotic efflux	major facilitator superfamily (MFS) antibiotic efflux pump	fosfomycin	False	chromosome_like	1		
RM2016_batch03_global10	ERR1713385	k141_561752	k141_561752_3 # 4165 # 5037 # 1 # ID=106837_3;partial=00;start_type=ATG;rbs_motif=None;rbs_spacer=None;gc_cont=0.491	vanY gene in vanB cluster	3002956	Strict	34.56	108.21	glycopeptide antibiotic	antibiotic target alteration	vanY; glycopeptide resistance gene cluster	vancomycin	False	chromosome_like	1		
RM2016_batch03_global10	ERR1713385	k141_75824	k141_75824_1 # 1 # 852 # 1 # ID=107038_1;partial=10;start_type=Edge;rbs_motif=None;rbs_spacer=None;gc_cont=0.616	vanY gene in vanB cluster	3002956	Strict	37.89	105.6	glycopeptide antibiotic	antibiotic target alteration	vanY; glycopeptide resistance gene cluster	vancomycin	False	chromosome_like	1		
RM2016_batch03_global10	ERR1713385	k141_561865	k141_561865_3 # 1702 # 2733 # 1 # ID=107066_3;partial=01;start_type=ATG;rbs_motif=AGGAG;rbs_spacer=5-10bp;gc_cont=0.588	vanW gene in vanI cluster	3003724	Strict	43.68	92.23	glycopeptide antibiotic	antibiotic target alteration	vanW; glycopeptide resistance gene cluster	vancomycin; teicoplanin	False	chromosome_like	1		
RM2016_batch03_global10	ERR1713385	k141_421173	k141_421173_1 # 703 # 1359 # 1 # ID=107506_1;partial=00;start_type=ATG;rbs_motif=AGGAG;rbs_spacer=5-10bp;gc_cont=0.438	QnrS2	3002791	Perfect	100.0	100.0	fluoroquinolone antibiotic	antibiotic target protection	quinolone resistance protein (qnr)	ciprofloxacin; levofloxacin; moxifloxacin; gatifloxacin; nalidixic acid; norfloxacin; sparfloxacin	False	chromosome_like	1		
RM2016_batch03_global10	ERR1713385	k141_249411	k141_249411_1 # 2 # 1735 # 1 # ID=107948_1;partial=11;start_type=Edge;rbs_motif=None;rbs_spacer=None;gc_cont=0.635	adeF	3000777	Strict	72.1	54.58	fluoroquinolone antibiotic; tetracycline antibiotic	antibiotic efflux	resistance-nodulation-cell division (RND) antibiotic efflux pump	tetracycline	False	chromosome_like	1		
RM2016_batch03_global10	ERR1713385	k141_337451	k141_337451_1 # 2 # 1141 # 1 # ID=107974_1;partial=10;start_type=Edge;rbs_motif=None;rbs_spacer=None;gc_cont=0.489	vanW gene in vanI cluster	3003724	Strict	38.16	101.61	glycopeptide antibiotic	antibiotic target alteration	vanW; glycopeptide resistance gene cluster	vancomycin; teicoplanin	False	chromosome_like	1		
RM2016_batch03_global10	ERR1713385	k141_76652	k141_76652_1 # 2 # 1129 # -1 # ID=107980_1;partial=11;start_type=Edge;rbs_motif=None;rbs_spacer=None;gc_cont=0.319	vanW gene in vanI cluster	3003724	Strict	29.86	100.8	glycopeptide antibiotic	antibiotic target alteration	vanW; glycopeptide resistance gene cluster	vancomycin; teicoplanin	False	chromosome_like	1		
RM2016_batch03_global10	ERR1713385	k141_250237	k141_250237_2 # 1232 # 4396 # 1 # ID=109100_2;partial=00;start_type=ATG;rbs_motif=GGA/GAG/AGG;rbs_spacer=5-10bp;gc_cont=0.442	adeF	3000777	Strict	59.05	99.53	fluoroquinolone antibiotic; tetracycline antibiotic	antibiotic efflux	resistance-nodulation-cell division (RND) antibiotic efflux pump	tetracycline	True	plasmid_like		0.9632	
RM2016_batch03_global10	ERR1713385	k141_683568	k141_683568_1 # 2 # 565 # 1 # ID=110949_1;partial=10;start_type=Edge;rbs_motif=None;rbs_spacer=None;gc_cont=0.362	vanW gene in vanI cluster	3003724	Strict	49.33	50.13	glycopeptide antibiotic	antibiotic target alteration	vanW; glycopeptide resistance gene cluster	vancomycin; teicoplanin	False	chromosome_like	1		
RM2016_batch03_global10	ERR1713385	k141_683924	k141_683924_1 # 2 # 2317 # -1 # ID=111444_1;partial=10;start_type=ATG;rbs_motif=TAAAAA;rbs_spacer=8bp;gc_cont=0.449	vanT gene in vanG cluster	3002972	Strict	36.42	108.43	glycopeptide antibiotic	antibiotic target alteration	glycopeptide resistance gene cluster; vanT	vancomycin	False	chromosome_like	1		
RM2016_batch03_global10	ERR1713385	k141_79911	k141_79911_5 # 3030 # 4187 # 1 # ID=112085_5;partial=00;start_type=ATG;rbs_motif=GGA/GAG/AGG;rbs_spacer=5-10bp;gc_cont=0.546	mdtE	3000795	Perfect	100.0	100.0	macrolide antibiotic; fluoroquinolone antibiotic; penam	antibiotic efflux	resistance-nodulation-cell division (RND) antibiotic efflux pump	erythromycin; cloxacillin; oxacillin; norfloxacin	False	chromosome_like	1		
RM2016_batch03_global10	ERR1713385	k141_341988	k141_341988_1 # 98 # 979 # -1 # ID=113606_1;partial=00;start_type=ATG;rbs_motif=AGGA;rbs_spacer=5-10bp;gc_cont=0.688	RCP-1	3003563	Perfect	100.0	100.0	penam	antibiotic inactivation	RCP beta-lactamase		False	chromosome_like	1		
RM2016_batch03_global10	ERR1713385	k141_254219	k141_254219_2 # 328 # 1008 # -1 # ID=114269_2;partial=00;start_type=ATG;rbs_motif=AGxAGG/AGGxGG;rbs_spacer=5-10bp;gc_cont=0.606	vanY gene in vanF cluster	3002958	Strict	33.85	77.13	glycopeptide antibiotic	antibiotic target alteration	vanY; glycopeptide resistance gene cluster	vancomycin	False	chromosome_like	1		
RM2016_batch03_global10	ERR1713385	k141_82092	k141_82092_61 # 43677 # 44621 # 1 # ID=114921_61;partial=00;start_type=ATG;rbs_motif=GGA/GAG/AGG;rbs_spacer=5-10bp;gc_cont=0.313	BRO-2	3004762	Perfect	100.0	100.0	penam	antibiotic inactivation	BRO Beta-lactamase		False	chromosome_like	1		
RM2016_batch03_global10	ERR1713385	k141_138994	k141_138994_2 # 320 # 1483 # -1 # ID=115524_2;partial=00;start_type=GTG;rbs_motif=GGA/GAG/AGG;rbs_spacer=5-10bp;gc_cont=0.418	emrK	3000206	Strict	99.43	110.26	tetracycline antibiotic	antibiotic efflux	major facilitator superfamily (MFS) antibiotic efflux pump	tetracycline	False	chromosome_like	1		
RM2016_batch03_global10	ERR1713385	k141_138994	k141_138994_3 # 1899 # 2513 # 1 # ID=115524_3;partial=00;start_type=ATG;rbs_motif=GGA/GAG/AGG;rbs_spacer=5-10bp;gc_cont=0.403	evgA	3000832	Perfect	100.0	100.0	macrolide antibiotic; fluoroquinolone antibiotic; penam; tetracycline antibiotic	antibiotic efflux	major facilitator superfamily (MFS) antibiotic efflux pump; resistance-nodulation-cell division (RND) antibiotic efflux pump	erythromycin; cloxacillin; tetracycline; oxacillin; norfloxacin	False	chromosome_like	1		
RM2016_batch03_global10	ERR1713385	k141_138994	k141_138994_4 # 2518 # 6111 # 1 # ID=115524_4;partial=00;start_type=ATG;rbs_motif=None;rbs_spacer=None;gc_cont=0.408	evgS	3000833	Strict	99.67	100.0	macrolide antibiotic; fluoroquinolone antibiotic; penam; tetracycline antibiotic	antibiotic efflux	major facilitator superfamily (MFS) antibiotic efflux pump; resistance-nodulation-cell division (RND) antibiotic efflux pump	erythromycin; cloxacillin; tetracycline; oxacillin; norfloxacin	False	chromosome_like	1		
RM2016_batch03_global10	ERR1713385	k141_511843	k141_511843_2 # 636 # 1604 # 1 # ID=115550_2;partial=00;start_type=ATG;rbs_motif=AGGA;rbs_spacer=5-10bp;gc_cont=0.498	PmrF	3003578	Perfect	100.0	100.0	peptide antibiotic	antibiotic target alteration	pmr phosphoethanolamine transferase	polymyxin B	False	chromosome_like	1		
RM2016_batch03_global10	ERR1713385	k141_565894	k141_565894_2 # 250 # 1218 # -1 # ID=115872_2;partial=00;start_type=ATG;rbs_motif=GGAGG;rbs_spacer=5-10bp;gc_cont=0.626	vanY gene in vanB cluster	3002956	Strict	38.17	120.15	glycopeptide antibiotic	antibiotic target alteration	vanY; glycopeptide resistance gene cluster	vancomycin	False	chromosome_like	1		
RM2016_batch03_global10	ERR1713385	k141_566332	k141_566332_2 # 1732 # 2871 # -1 # ID=116617_2;partial=01;start_type=Edge;rbs_motif=None;rbs_spacer=None;gc_cont=0.386	vanT gene in vanG cluster	3002972	Strict	38.19	53.23	glycopeptide antibiotic	antibiotic target alteration	glycopeptide resistance gene cluster; vanT	vancomycin	False	chromosome_like	1		
RM2016_batch03_global10	ERR1713385	k141_140116	k141_140116_2 # 994 # 3228 # 1 # ID=117360_2;partial=00;start_type=ATG;rbs_motif=None;rbs_spacer=None;gc_cont=0.376	vanY gene in vanB cluster	3002956	Strict	30.34	277.61	glycopeptide antibiotic	antibiotic target alteration	vanY; glycopeptide resistance gene cluster	vancomycin	True	virus_like			0.9679
RM2016_batch03_global10	ERR1713385	k141_257240	k141_257240_2 # 671 # 1480 # 1 # ID=117483_2;partial=00;start_type=ATG;rbs_motif=4Base/6BMM;rbs_spacer=13-15bp;gc_cont=0.420	vanY gene in vanB cluster	3002956	Strict	39.5	100.37	glycopeptide antibiotic	antibiotic target alteration	vanY; glycopeptide resistance gene cluster	vancomycin	False	chromosome_like	1		
RM2016_batch03_global10	ERR1713385	k141_513886	k141_513886_1 # 1 # 1470 # 1 # ID=117678_1;partial=10;start_type=Edge;rbs_motif=None;rbs_spacer=None;gc_cont=0.568	emrB	3000074	Strict	99.8	95.51	fluoroquinolone antibiotic	antibiotic efflux	major facilitator superfamily (MFS) antibiotic efflux pump	nalidixic acid	False	chromosome_like	1		
RM2016_batch03_global10	ERR1713385	k141_429688	k141_429688_2 # 754 # 1554 # 1 # ID=117756_2;partial=00;start_type=ATG;rbs_motif=AGxAGG/AGGxGG;rbs_spacer=3-4bp;gc_cont=0.407	OXA-101	3001439	Perfect	100.0	100.0	carbapenem; cephalosporin; penam	antibiotic inactivation	OXA beta-lactamase	cloxacillin; oxacillin; cefalotin	False	chromosome_like	1		
RM2016_batch03_global10	ERR1713385	k141_85155	k141_85155_10 # 11662 # 12741 # 1 # ID=117928_10;partial=00;start_type=ATG;rbs_motif=GGA/GAG/AGG;rbs_spacer=11-12bp;gc_cont=0.344	vanT gene in vanG cluster	3002972	Strict	29.78	50.42	glycopeptide antibiotic	antibiotic target alteration	glycopeptide resistance gene cluster; vanT	vancomycin	False	chromosome_like	1		
RM2016_batch03_global10	ERR1713385	k141_568700	k141_568700_2 # 321 # 863 # 1 # ID=118980_2;partial=00;start_type=ATG;rbs_motif=GGAG/GAGG;rbs_spacer=5-10bp;gc_cont=0.344	lnuC	3002837	Strict	91.46	109.76	lincosamide antibiotic	antibiotic inactivation	lincosamide nucleotidyltransferase (LNU)	lincomycin	False	chromosome_like	1		
RM2016_batch03_global10	ERR1713385	k141_143078	k141_143078_1 # 171 # 1064 # 1 # ID=119370_1;partial=00;start_type=TTG;rbs_motif=AGGA/GGAG/GAGG;rbs_spacer=11-12bp;gc_cont=0.494	vanY gene in vanG cluster	3002959	Strict	41.88	106.45	glycopeptide antibiotic	antibiotic target alteration	vanY; glycopeptide resistance gene cluster	vancomycin	False	chromosome_like	1		
RM2016_batch03_global10	ERR1713385	k141_571417	k141_571417_1 # 2 # 1060 # 1 # ID=119993_1;partial=11;start_type=Edge;rbs_motif=None;rbs_spacer=None;gc_cont=0.515	vanT gene in vanG cluster	3002972	Strict	35.18	49.58	glycopeptide antibiotic	antibiotic target alteration	glycopeptide resistance gene cluster; vanT	vancomycin	False	chromosome_like	1		
RM2016_batch03_global10	ERR1713385	k141_145949	k141_145949_2 # 494 # 1171 # -1 # ID=120386_2;partial=01;start_type=Edge;rbs_motif=None;rbs_spacer=None;gc_cont=0.550	vanW gene in vanI cluster	3003724	Strict	41.94	60.32	glycopeptide antibiotic	antibiotic target alteration	vanW; glycopeptide resistance gene cluster	vancomycin; teicoplanin	False	chromosome_like	1		
RM2016_batch03_global10	ERR1713385	k141_572994	k141_572994_1 # 245 # 697 # -1 # ID=120614_1;partial=00;start_type=ATG;rbs_motif=GGA/GAG/AGG;rbs_spacer=5-10bp;gc_cont=0.464	arr-3	3002848	Perfect	100.0	100.0	rifamycin antibiotic	antibiotic inactivation	rifampin ADP-ribosyltransferase (Arr)	rifampin; rifaximin; rifabutin; rifapentine	False	chromosome_like	1		
RM2016_batch03_global10	ERR1713385	k141_572994	k141_572994_2 # 782 # 1414 # -1 # ID=120614_2;partial=00;start_type=ATG;rbs_motif=GGA/GAG/AGG;rbs_spacer=5-10bp;gc_cont=0.493	catB3	3002676	Perfect	100.0	100.0	phenicol antibiotic	antibiotic inactivation	chloramphenicol acetyltransferase (CAT)	azidamfenicol; chloramphenicol; thiamphenicol	False	chromosome_like	1		
RM2016_batch03_global10	ERR1713385	k141_573068	k141_573068_2 # 1883 # 2989 # 1 # ID=120663_2;partial=00;start_type=ATG;rbs_motif=AGGAG;rbs_spacer=5-10bp;gc_cont=0.350	vanW gene in vanI cluster	3003724	Strict	33.22	98.66	glycopeptide antibiotic	antibiotic target alteration	vanW; glycopeptide resistance gene cluster	vancomycin; teicoplanin	False	chromosome_like	1		
RM2016_batch03_global10	ERR1713385	k141_150621	k141_150621_2 # 770 # 1264 # -1 # ID=122085_2;partial=00;start_type=ATG;rbs_motif=GGAG/GAGG;rbs_spacer=5-10bp;gc_cont=0.335	lnuC	3002837	Strict	98.17	100.0	lincosamide antibiotic	antibiotic inactivation	lincosamide nucleotidyltransferase (LNU)	lincomycin	False	chromosome_like	1		
RM2016_batch03_global10	ERR1713385	k141_579216	k141_579216_2 # 218 # 1162 # 1 # ID=123026_2;partial=00;start_type=ATG;rbs_motif=GGAG/GAGG;rbs_spacer=5-10bp;gc_cont=0.458	leuO	3003843	Strict	99.04	100.0	nucleoside antibiotic; disinfecting agents and antiseptics	antibiotic efflux	major facilitator superfamily (MFS) antibiotic efflux pump	acriflavine; puromycin	False	chromosome_like	1		
RM2016_batch03_global10	ERR1713385	k141_154020	k141_154020_5 # 3591 # 3938 # 1 # ID=123224_5;partial=00;start_type=ATG;rbs_motif=GGA/GAG/AGG;rbs_spacer=5-10bp;gc_cont=0.626	qacG	3007015	Strict	40.38	107.48	disinfecting agents and antiseptics	antibiotic efflux	small multidrug resistance (SMR) antibiotic efflux pump	benzalkonium chloride	False	chromosome_like	1		
RM2016_batch03_global10	ERR1713385	k141_155255	k141_155255_1 # 39 # 773 # -1 # ID=123665_1;partial=00;start_type=ATG;rbs_motif=None;rbs_spacer=None;gc_cont=0.249	vanXY gene in vanG cluster	3003069	Strict	52.23	96.06	glycopeptide antibiotic	antibiotic target alteration	glycopeptide resistance gene cluster; vanXY	vancomycin	False	chromosome_like	1		
RM2016_batch03_global10	ERR1713385	k141_155255	k141_155255_2 # 770 # 1429 # -1 # ID=123665_2;partial=01;start_type=Edge;rbs_motif=None;rbs_spacer=None;gc_cont=0.277	vanG	3002909	Strict	58.88	62.75	glycopeptide antibiotic	antibiotic target alteration	glycopeptide resistance gene cluster; Van ligase	vancomycin	False	chromosome_like	1		
RM2016_batch03_global10	ERR1713385	k141_583209	k141_583209_1 # 3 # 1016 # 1 # ID=124522_1;partial=11;start_type=Edge;rbs_motif=None;rbs_spacer=None;gc_cont=0.464	vanW gene in vanI cluster	3003724	Strict	33.33	90.62	glycopeptide antibiotic	antibiotic target alteration	vanW; glycopeptide resistance gene cluster	vancomycin; teicoplanin	False	chromosome_like	1		
RM2016_batch03_global10	ERR1713385	k141_583657	k141_583657_3 # 1544 # 2947 # 1 # ID=124720_3;partial=00;start_type=ATG;rbs_motif=AGGAG;rbs_spacer=5-10bp;gc_cont=0.536	baeS	3000829	Perfect	100.0	100.0	aminoglycoside antibiotic; aminocoumarin antibiotic	antibiotic efflux	resistance-nodulation-cell division (RND) antibiotic efflux pump	novobiocin	False	chromosome_like	1		
RM2016_batch03_global10	ERR1713385	k141_583930	k141_583930_1 # 208 # 1092 # -1 # ID=124805_1;partial=00;start_type=ATG;rbs_motif=TATAA;rbs_spacer=3bp;gc_cont=0.394	mphG	3003742	Strict	87.41	100.0	macrolide antibiotic	antibiotic inactivation	macrolide phosphotransferase (MPH)	erythromycin; clarithromycin; azithromycin	False	chromosome_like	1		
RM2016_batch03_global10	ERR1713385	k141_588480	k141_588480_3 # 2329 # 3150 # -1 # ID=126455_3;partial=00;start_type=ATG;rbs_motif=GGA/GAG/AGG;rbs_spacer=5-10bp;gc_cont=0.524	bacA	3002986	Strict	99.63	100.0	peptide antibiotic	antibiotic target alteration	undecaprenyl pyrophosphate related proteins	bacitracin; bacitracin A; bacitracin B; bacitracin F	False	chromosome_like	1		
RM2016_batch03_global10	ERR1713385	k141_589425	k141_589425_2 # 595 # 1398 # 1 # ID=126814_2;partial=00;start_type=ATG;rbs_motif=GGA/GAG/AGG;rbs_spacer=5-10bp;gc_cont=0.310	lnuB	3002836	Strict	98.88	100.0	lincosamide antibiotic	antibiotic inactivation	lincosamide nucleotidyltransferase (LNU)	lincomycin; clindamycin	False	chromosome_like	1		
RM2016_batch03_global10	ERR1713385	k141_592034	k141_592034_2 # 757 # 1410 # -1 # ID=127882_2;partial=01;start_type=Edge;rbs_motif=None;rbs_spacer=None;gc_cont=0.320	vanY gene in vanM cluster	3002961	Strict	30.28	93.13	glycopeptide antibiotic	antibiotic target alteration	vanY; glycopeptide resistance gene cluster	vancomycin; teicoplanin	False	chromosome_like	1		
RM2016_batch03_global10	ERR1713385	k141_599050	k141_599050_3 # 1884 # 3065 # -1 # ID=129994_3;partial=00;start_type=ATG;rbs_motif=GGAG/GAGG;rbs_spacer=5-10bp;gc_cont=0.338	vanT gene in vanG cluster	3002972	Strict	37.87	55.2	glycopeptide antibiotic	antibiotic target alteration	glycopeptide resistance gene cluster; vanT	vancomycin	False	chromosome_like	1		
RM2016_batch03_global10	ERR1713385	k141_599286	k141_599286_2 # 740 # 2044 # 1 # ID=130044_2;partial=01;start_type=ATG;rbs_motif=4Base/6BMM;rbs_spacer=13-15bp;gc_cont=0.556	vanW gene in vanI cluster	3003724	Strict	44.29	116.62	glycopeptide antibiotic	antibiotic target alteration	vanW; glycopeptide resistance gene cluster	vancomycin; teicoplanin	False	chromosome_like	1		
RM2016_batch03_global10	ERR1713385	k141_600001	k141_600001_2 # 340 # 1392 # -1 # ID=130172_2;partial=01;start_type=Edge;rbs_motif=None;rbs_spacer=None;gc_cont=0.598	vanW gene in vanI cluster	3003724	Strict	32.67	93.83	glycopeptide antibiotic	antibiotic target alteration	vanW; glycopeptide resistance gene cluster	vancomycin; teicoplanin	False	chromosome_like	1		
RM2016_batch03_global10	ERR1713385	k141_86871	k141_86871_11 # 11493 # 13310 # -1 # ID=2327_11;partial=00;start_type=ATG;rbs_motif=AGxAGG/AGGxGG;rbs_spacer=5-10bp;gc_cont=0.464	Haemophilus influenzae PBP3 conferring resistance to beta-lactam antibiotics	3004446	Strict	70.66	99.18	cephalosporin; cephamycin; penam	antibiotic target alteration	Penicillin-binding protein mutations conferring resistance to beta-lactam antibiotics	ceftriaxone; ampicillin; cefaclor; cefotaxime; cefditoren; cefdinir	False	chromosome_like	1		
RM2016_batch03_global10	ERR1713385	k141_621233	k141_621233_2 # 436 # 1620 # -1 # ID=28122_2;partial=00;start_type=GTG;rbs_motif=AGGA;rbs_spacer=5-10bp;gc_cont=0.444	Escherichia coli EF-Tu mutants conferring resistance to Pulvomycin	3003369	Strict	92.88	96.33	elfamycin antibiotic	antibiotic target alteration	elfamycin resistant EF-Tu	pulvomycin	False	chromosome_like	1		
RM2016_batch03_global10	ERR1713385	k141_621826	k141_621826_3 # 626 # 1060 # -1 # ID=28954_3;partial=00;start_type=GTG;rbs_motif=GGA/GAG/AGG;rbs_spacer=5-10bp;gc_cont=0.478	Escherichia coli AcrAB-TolC with MarR mutations conferring resistance to ciprofloxacin and tetracycline	3003378	Strict	98.61	100.0	fluoroquinolone antibiotic; cephalosporin; glycylcycline; penam; tetracycline antibiotic; rifamycin antibiotic; phenicol antibiotic; disinfecting agents and antiseptics	antibiotic target alteration; antibiotic efflux	resistance-nodulation-cell division (RND) antibiotic efflux pump	tigecycline; ciprofloxacin; tetracycline; rifampin; chloramphenicol; ampicillin; cefalotin; triclosan	False	chromosome_like	1		
RM2016_batch03_global10	ERR1713385	k141_471014	k141_471014_4 # 4741 # 5205 # -1 # ID=58526_4;partial=00;start_type=ATG;rbs_motif=AGGA/GGAG/GAGG;rbs_spacer=11-12bp;gc_cont=0.518	Escherichia coli soxR with mutation conferring antibiotic resistance	3003381	Strict	100.0	100.0	fluoroquinolone antibiotic; cephalosporin; glycylcycline; penam; tetracycline antibiotic; rifamycin antibiotic; phenicol antibiotic; disinfecting agents and antiseptics	antibiotic target alteration; antibiotic efflux	ATP-binding cassette (ABC) antibiotic efflux pump; major facilitator superfamily (MFS) antibiotic efflux pump; resistance-nodulation-cell division (RND) antibiotic efflux pump	tigecycline; ciprofloxacin; tetracycline; rifampin; chloramphenicol; ampicillin; nalidixic acid; norfloxacin; cefalotin; triclosan	True	plasmid_like		0.9368	
RM2016_batch03_global10	ERR1713385	k141_471014	k141_471014_5 # 5291 # 5614 # 1 # ID=58526_5;partial=00;start_type=ATG;rbs_motif=GGAG/GAGG;rbs_spacer=5-10bp;gc_cont=0.506	Escherichia coli soxS with mutation conferring antibiotic resistance	3003511	Strict	100.0	100.0	fluoroquinolone antibiotic; monobactam; carbapenem; cephalosporin; glycylcycline; cephamycin; penam; tetracycline antibiotic; rifamycin antibiotic; phenicol antibiotic; penem; disinfecting agents and antiseptics	antibiotic target alteration; antibiotic efflux; reduced permeability to antibiotic	ATP-binding cassette (ABC) antibiotic efflux pump; major facilitator superfamily (MFS) antibiotic efflux pump; resistance-nodulation-cell division (RND) antibiotic efflux pump; General Bacterial Porin with reduced permeability to beta-lactams	tigecycline; ciprofloxacin; tetracycline; rifampin; chloramphenicol; ampicillin; norfloxacin; cefalotin; triclosan; enrofloxacin	True	plasmid_like		0.9368	
RM2016_batch03_global10	ERR1713385	k141_222583	k141_222583_5 # 4615 # 5262 # -1 # ID=71804_5;partial=00;start_type=ATG;rbs_motif=None;rbs_spacer=None;gc_cont=0.454	Escherichia coli AcrAB-TolC with AcrR mutation conferring resistance to ciprofloxacin, tetracycline, and ceftazidime	3003807	Strict	100.0	100.0	fluoroquinolone antibiotic; cephalosporin; glycylcycline; penam; tetracycline antibiotic; rifamycin antibiotic; phenicol antibiotic; disinfecting agents and antiseptics	antibiotic target alteration; antibiotic efflux	resistance-nodulation-cell division (RND) antibiotic efflux pump	tigecycline; ciprofloxacin; tetracycline; ceftazidime; rifampin; chloramphenicol; ampicillin; cefalotin; triclosan	False	chromosome_like	1		
RM2016_batch03_global10	ERR1713386	k141_583990	k141_583990_2 # 480 # 1160 # -1 # ID=439_2;partial=01;start_type=Edge;rbs_motif=None;rbs_spacer=None;gc_cont=0.559	vanW gene in vanI cluster	3003724	Strict	41.94	60.59	glycopeptide antibiotic	antibiotic target alteration	vanW; glycopeptide resistance gene cluster	vancomycin; teicoplanin	False	chromosome_like	1		
RM2016_batch03_global10	ERR1713386	k141_351073	k141_351073_3 # 1322 # 2644 # -1 # ID=1143_3;partial=00;start_type=ATG;rbs_motif=GGAG/GAGG;rbs_spacer=5-10bp;gc_cont=0.576	Acinetobacter baumannii AbaQ	3004574	Strict	72.58	101.38	fluoroquinolone antibiotic	antibiotic efflux	major facilitator superfamily (MFS) antibiotic efflux pump		False	chromosome_like	1		
RM2016_batch03_global10	ERR1713386	k141_818653	k141_818653_1 # 2 # 1456 # 1 # ID=2082_1;partial=10;start_type=Edge;rbs_motif=None;rbs_spacer=None;gc_cont=0.400	tet(Q)	3000191	Strict	97.52	73.67	tetracycline antibiotic	antibiotic target protection	tetracycline-resistant ribosomal protection protein	tetracycline; doxycycline; minocycline; chlortetracycline; demeclocycline; oxytetracycline	False	chromosome_like	1		
RM2016_batch03_global10	ERR1713386	k141_1768	k141_1768_3 # 1048 # 2100 # 1 # ID=2538_3;partial=01;start_type=ATG;rbs_motif=None;rbs_spacer=None;gc_cont=0.429	vanW gene in vanI cluster	3003724	Strict	30.97	94.1	glycopeptide antibiotic	antibiotic target alteration	vanW; glycopeptide resistance gene cluster	vancomycin; teicoplanin	False	chromosome_like	1		
RM2016_batch03_global10	ERR1713386	k141_468934	k141_468934_1 # 2 # 1006 # 1 # ID=2761_1;partial=11;start_type=Edge;rbs_motif=None;rbs_spacer=None;gc_cont=0.377	tet(Q)	3000191	Strict	88.66	50.99	tetracycline antibiotic	antibiotic target protection	tetracycline-resistant ribosomal protection protein	tetracycline; doxycycline; minocycline; chlortetracycline; demeclocycline; oxytetracycline	False	chromosome_like	1		
RM2016_batch03_global10	ERR1713386	k141_235875	k141_235875_2 # 1458 # 2330 # -1 # ID=3616_2;partial=01;start_type=Edge;rbs_motif=None;rbs_spacer=None;gc_cont=0.495	leuO	3003843	Strict	83.79	92.36	nucleoside antibiotic; disinfecting agents and antiseptics	antibiotic efflux	major facilitator superfamily (MFS) antibiotic efflux pump	acriflavine; puromycin	False	chromosome_like	1		
RM2016_batch03_global10	ERR1713386	k141_352819	k141_352819_3 # 1690 # 3609 # -1 # ID=3692_3;partial=00;start_type=ATG;rbs_motif=GGAGG;rbs_spacer=5-10bp;gc_cont=0.413	tet(32)	3000196	Strict	99.37	100.0	tetracycline antibiotic	antibiotic target protection	tetracycline-resistant ribosomal protection protein	tetracycline; doxycycline; minocycline; chlortetracycline; demeclocycline; oxytetracycline	True	plasmid_like		0.9316	
RM2016_batch03_global10	ERR1713386	k141_236460	k141_236460_6 # 3596 # 4810 # -1 # ID=4511_6;partial=00;start_type=ATG;rbs_motif=3Base/5BMM;rbs_spacer=13-15bp;gc_cont=0.587	cmlA9	3005043	Perfect	100.0	100.0	phenicol antibiotic	antibiotic efflux	major facilitator superfamily (MFS) antibiotic efflux pump	chloramphenicol	True	plasmid_like		0.9838	
RM2016_batch03_global10	ERR1713386	k141_704040	k141_704040_2 # 1791 # 2978 # -1 # ID=4687_2;partial=00;start_type=GTG;rbs_motif=AGxAGG/AGGxGG;rbs_spacer=5-10bp;gc_cont=0.405	tet(39)	3000566	Perfect	100.0	100.0	tetracycline antibiotic	antibiotic efflux	major facilitator superfamily (MFS) antibiotic efflux pump	tetracycline	True	plasmid_like		0.951	
RM2016_batch03_global10	ERR1713386	k141_470224	k141_470224_2 # 2848 # 4095 # -1 # ID=4720_2;partial=00;start_type=ATG;rbs_motif=GGA/GAG/AGG;rbs_spacer=11-12bp;gc_cont=0.556	mdtA	3000792	Strict	99.76	100.0	aminocoumarin antibiotic	antibiotic efflux	resistance-nodulation-cell division (RND) antibiotic efflux pump	novobiocin	True	plasmid_like		0.8066	
RM2016_batch03_global10	ERR1713386	k141_237648	k141_237648_1 # 272 # 823 # 1 # ID=6378_1;partial=00;start_type=ATG;rbs_motif=3Base/5BMM;rbs_spacer=13-15bp;gc_cont=0.563	dfrA26	3002857	Perfect	100.0	100.0	diaminopyrimidine antibiotic	antibiotic target replacement	trimethoprim resistant dihydrofolate reductase dfr	trimethoprim	False	chromosome_like	1		
RM2016_batch03_global10	ERR1713386	k141_237804	k141_237804_2 # 446 # 970 # -1 # ID=6613_2;partial=00;start_type=ATG;rbs_motif=GGA/GAG/AGG;rbs_spacer=5-10bp;gc_cont=0.480	SAT-2	3002895	Perfect	100.0	100.0	nucleoside antibiotic	antibiotic inactivation	streptothricin acetyltransferase (SAT)	streptothricin	False	chromosome_like	1		
RM2016_batch03_global10	ERR1713386	k141_237832	k141_237832_2 # 179 # 979 # -1 # ID=6662_2;partial=00;start_type=ATG;rbs_motif=AGGA;rbs_spacer=5-10bp;gc_cont=0.492	OXA-205	3001483	Perfect	100.0	100.0	carbapenem; cephalosporin; penam	antibiotic inactivation	OXA beta-lactamase	cloxacillin; oxacillin; cefalotin	False	chromosome_like	1		
RM2016_batch03_global10	ERR1713386	k141_705652	k141_705652_3 # 2084 # 2416 # -1 # ID=6905_3;partial=00;start_type=ATG;rbs_motif=GGA/GAG/AGG;rbs_spacer=5-10bp;gc_cont=0.375	qacG	3007015	Strict	45.71	102.8	disinfecting agents and antiseptics	antibiotic efflux	small multidrug resistance (SMR) antibiotic efflux pump	benzalkonium chloride	False	chromosome_like	1		
RM2016_batch03_global10	ERR1713386	k141_471669	k141_471669_1 # 1 # 684 # -1 # ID=7127_1;partial=10;start_type=ATG;rbs_motif=None;rbs_spacer=None;gc_cont=0.557	vanY gene in vanF cluster	3002958	Strict	34.12	77.82	glycopeptide antibiotic	antibiotic target alteration	vanY; glycopeptide resistance gene cluster	vancomycin	False	chromosome_like	1		
RM2016_batch03_global10	ERR1713386	k141_238102	k141_238102_9 # 7840 # 10953 # -1 # ID=7236_9;partial=00;start_type=ATG;rbs_motif=GGAG/GAGG;rbs_spacer=5-10bp;gc_cont=0.582	adeF	3000777	Strict	40.83	97.92	fluoroquinolone antibiotic; tetracycline antibiotic	antibiotic efflux	resistance-nodulation-cell division (RND) antibiotic efflux pump	tetracycline	False	chromosome_like	1		
RM2016_batch03_global10	ERR1713386	k141_822803	k141_822803_3 # 1757 # 4915 # 1 # ID=9264_3;partial=00;start_type=ATG;rbs_motif=GGAG/GAGG;rbs_spacer=5-10bp;gc_cont=0.565	adeF	3000777	Strict	42.16	99.34	fluoroquinolone antibiotic; tetracycline antibiotic	antibiotic efflux	resistance-nodulation-cell division (RND) antibiotic efflux pump	tetracycline	False	chromosome_like	1		
RM2016_batch03_global10	ERR1713386	k141_707413	k141_707413_2 # 466 # 798 # -1 # ID=9541_2;partial=00;start_type=ATG;rbs_motif=GGAGG;rbs_spacer=5-10bp;gc_cont=0.384	qacG	3007015	Strict	38.32	102.8	disinfecting agents and antiseptics	antibiotic efflux	small multidrug resistance (SMR) antibiotic efflux pump	benzalkonium chloride	False	chromosome_like	1		
RM2016_batch03_global10	ERR1713386	k141_240006	k141_240006_5 # 2099 # 2758 # -1 # ID=10373_5;partial=00;start_type=ATG;rbs_motif=AGGAG;rbs_spacer=5-10bp;gc_cont=0.352	catQ	3002687	Strict	99.54	100.0	phenicol antibiotic	antibiotic inactivation	chloramphenicol acetyltransferase (CAT)	azidamfenicol; chloramphenicol; thiamphenicol	False	chromosome_like	1		
RM2016_batch03_global10	ERR1713386	k141_123360	k141_123360_1 # 340 # 1236 # -1 # ID=10842_1;partial=00;start_type=ATG;rbs_motif=None;rbs_spacer=None;gc_cont=0.420	CARB-16	3002255	Perfect	100.0	100.0	penam	antibiotic inactivation	CARB beta-lactamase		False	chromosome_like	1		
RM2016_batch03_global10	ERR1713386	k141_7523	k141_7523_18 # 14010 # 15659 # -1 # ID=11385_18;partial=00;start_type=ATG;rbs_motif=GGAG/GAGG;rbs_spacer=5-10bp;gc_cont=0.584	ArnT	3005053	Strict	41.73	99.64	peptide antibiotic	antibiotic target alteration	pmr phosphoethanolamine transferase	colistin A; colistin B	False	chromosome_like	1		
RM2016_batch03_global10	ERR1713386	k141_241281	k141_241281_5 # 3563 # 3943 # 1 # ID=12420_5;partial=00;start_type=ATG;rbs_motif=GGAG/GAGG;rbs_spacer=5-10bp;gc_cont=0.465	marA	3000263	Strict	94.35	99.21	fluoroquinolone antibiotic; monobactam; carbapenem; cephalosporin; glycylcycline; cephamycin; penam; tetracycline antibiotic; rifamycin antibiotic; phenicol antibiotic; penem; disinfecting agents and antiseptics	antibiotic efflux; reduced permeability to antibiotic	resistance-nodulation-cell division (RND) antibiotic efflux pump; General Bacterial Porin with reduced permeability to beta-lactams	tigecycline; tetracycline; rifampin; chloramphenicol; ampicillin; cefalotin; triclosan	False	chromosome_like	1		
RM2016_batch03_global10	ERR1713386	k141_241446	k141_241446_2 # 313 # 1149 # -1 # ID=12672_2;partial=00;start_type=ATG;rbs_motif=AGGAG;rbs_spacer=5-10bp;gc_cont=0.558	APH(3')-Ib	3002642	Strict	94.46	102.58	aminoglycoside antibiotic	antibiotic inactivation	APH(3')	neomycin; ribostamycin; kanamycin A; gentamicin B; paromomycin; lividomycin; gentamicin	False	chromosome_like	1		
RM2016_batch03_global10	ERR1713386	k141_709846	k141_709846_8 # 6039 # 7412 # 1 # ID=13154_8;partial=00;start_type=ATG;rbs_motif=None;rbs_spacer=None;gc_cont=0.549	cpxA	3000830	Perfect	100.0	100.0	aminoglycoside antibiotic; aminocoumarin antibiotic	antibiotic efflux	resistance-nodulation-cell division (RND) antibiotic efflux pump	novobiocin	True	plasmid_like		0.7614	
RM2016_batch03_global10	ERR1713386	k141_124988	k141_124988_1 # 1 # 978 # -1 # ID=13287_1;partial=10;start_type=ATG;rbs_motif=GGAG/GAGG;rbs_spacer=5-10bp;gc_cont=0.391	tet(44)	3000556	Strict	49.23	50.94	tetracycline antibiotic	antibiotic target protection	tetracycline-resistant ribosomal protection protein	tetracycline; doxycycline; minocycline; chlortetracycline; demeclocycline; oxytetracycline	False	chromosome_like	1		
RM2016_batch03_global10	ERR1713386	k141_9046	k141_9046_17 # 19510 # 21258 # -1 # ID=13819_17;partial=00;start_type=ATG;rbs_motif=None;rbs_spacer=None;gc_cont=0.511	msbA	3003950	Perfect	100.0	100.0	nitroimidazole antibiotic	antibiotic efflux	ATP-binding cassette (ABC) antibiotic efflux pump	metronidazole	False	chromosome_like	1		
RM2016_batch03_global10	ERR1713386	k141_593488	k141_593488_3 # 1661 # 3199 # -1 # ID=14358_3;partial=00;start_type=ATG;rbs_motif=GGA/GAG/AGG;rbs_spacer=5-10bp;gc_cont=0.418	emrY	3000254	Perfect	100.0	100.0	tetracycline antibiotic	antibiotic efflux	major facilitator superfamily (MFS) antibiotic efflux pump	tetracycline	False	chromosome_like	1		
RM2016_batch03_global10	ERR1713386	k141_593488	k141_593488_5 # 4778 # 5392 # 1 # ID=14358_5;partial=00;start_type=ATG;rbs_motif=GGA/GAG/AGG;rbs_spacer=5-10bp;gc_cont=0.402	evgA	3000832	Perfect	100.0	100.0	macrolide antibiotic; fluoroquinolone antibiotic; penam; tetracycline antibiotic	antibiotic efflux	major facilitator superfamily (MFS) antibiotic efflux pump; resistance-nodulation-cell division (RND) antibiotic efflux pump	erythromycin; cloxacillin; tetracycline; oxacillin; norfloxacin	False	chromosome_like	1		
RM2016_batch03_global10	ERR1713386	k141_593488	k141_593488_6 # 5397 # 8990 # 1 # ID=14358_6;partial=00;start_type=ATG;rbs_motif=None;rbs_spacer=None;gc_cont=0.409	evgS	3000833	Strict	99.67	100.0	macrolide antibiotic; fluoroquinolone antibiotic; penam; tetracycline antibiotic	antibiotic efflux	major facilitator superfamily (MFS) antibiotic efflux pump; resistance-nodulation-cell division (RND) antibiotic efflux pump	erythromycin; cloxacillin; tetracycline; oxacillin; norfloxacin	False	chromosome_like	1		
RM2016_batch03_global10	ERR1713386	k141_711050	k141_711050_2 # 715 # 1128 # 1 # ID=14911_2;partial=00;start_type=ATG;rbs_motif=GGA/GAG/AGG;rbs_spacer=5-10bp;gc_cont=0.469	H-NS	3000676	Strict	94.12	100.0	macrolide antibiotic; fluoroquinolone antibiotic; cephalosporin; cephamycin; penam; tetracycline antibiotic	antibiotic efflux	major facilitator superfamily (MFS) antibiotic efflux pump; resistance-nodulation-cell division (RND) antibiotic efflux pump	erythromycin; cloxacillin; ciprofloxacin; tetracycline; oxacillin; norfloxacin	False	chromosome_like	1		
RM2016_batch03_global10	ERR1713386	k141_125982	k141_125982_8 # 6841 # 7182 # -1 # ID=15018_8;partial=00;start_type=ATG;rbs_motif=GGA/GAG/AGG;rbs_spacer=5-10bp;gc_cont=0.427	qacG	3007015	Strict	50.0	105.61	disinfecting agents and antiseptics	antibiotic efflux	small multidrug resistance (SMR) antibiotic efflux pump	benzalkonium chloride	False	chromosome_like	1		
RM2016_batch03_global10	ERR1713386	k141_126686	k141_126686_1 # 1 # 2166 # 1 # ID=16059_1;partial=11;start_type=Edge;rbs_motif=None;rbs_spacer=None;gc_cont=0.572	adeF	3000777	Strict	65.6	68.18	fluoroquinolone antibiotic; tetracycline antibiotic	antibiotic efflux	resistance-nodulation-cell division (RND) antibiotic efflux pump	tetracycline	False	chromosome_like	1		
RM2016_batch03_global10	ERR1713386	k141_126812	k141_126812_12 # 7703 # 8911 # 1 # ID=16267_12;partial=00;start_type=ATG;rbs_motif=GGAGG;rbs_spacer=3-4bp;gc_cont=0.554	mdtH	3001216	Perfect	100.0	100.0	fluoroquinolone antibiotic	antibiotic efflux	major facilitator superfamily (MFS) antibiotic efflux pump	enoxacin; norfloxacin	False	chromosome_like	1		
RM2016_batch03_global10	ERR1713386	k141_477367	k141_477367_2 # 1007 # 1336 # -1 # ID=16372_2;partial=00;start_type=ATG;rbs_motif=AGGA/GGAG/GAGG;rbs_spacer=11-12bp;gc_cont=0.394	qacJ	3007014	Strict	36.79	101.87	disinfecting agents and antiseptics	antibiotic efflux	small multidrug resistance (SMR) antibiotic efflux pump	benzalkonium chloride	False	chromosome_like	1		
RM2016_batch03_global10	ERR1713386	k141_10854	k141_10854_2 # 617 # 1339 # 1 # ID=16851_2;partial=00;start_type=ATG;rbs_motif=None;rbs_spacer=None;gc_cont=0.609	baeR	3000828	Strict	95.4	100.0	aminoglycoside antibiotic; aminocoumarin antibiotic	antibiotic efflux	resistance-nodulation-cell division (RND) antibiotic efflux pump	novobiocin	False	chromosome_like	1		
RM2016_batch03_global10	ERR1713386	k141_10926	k141_10926_4 # 2297 # 2626 # 1 # ID=16945_4;partial=00;start_type=ATG;rbs_motif=AGGA/GGAG/GAGG;rbs_spacer=11-12bp;gc_cont=0.394	qacG	3007015	Strict	34.91	101.87	disinfecting agents and antiseptics	antibiotic efflux	small multidrug resistance (SMR) antibiotic efflux pump	benzalkonium chloride	False	chromosome_like	1		
RM2016_batch03_global10	ERR1713386	k141_243981	k141_243981_7 # 5443 # 8697 # 1 # ID=16982_7;partial=00;start_type=ATG;rbs_motif=AGGAG;rbs_spacer=5-10bp;gc_cont=0.630	adeF	3000777	Strict	41.63	102.36	fluoroquinolone antibiotic; tetracycline antibiotic	antibiotic efflux	resistance-nodulation-cell division (RND) antibiotic efflux pump	tetracycline	False	chromosome_like	1		
RM2016_batch03_global10	ERR1713386	k141_827587	k141_827587_16 # 16094 # 16456 # 1 # ID=17250_16;partial=00;start_type=ATG;rbs_motif=AGGAG;rbs_spacer=5-10bp;gc_cont=0.471	Klebsiella pneumoniae KpnE	3004580	Strict	83.33	100.0	macrolide antibiotic; aminoglycoside antibiotic; cephalosporin; tetracycline antibiotic; peptide antibiotic; rifamycin antibiotic; disinfecting agents and antiseptics	antibiotic efflux	small multidrug resistance (SMR) antibiotic efflux pump	erythromycin; streptomycin; tetracycline; cefepime; ceftriaxone; rifampin; colistin A; colistin B; triclosan; benzalkonium chloride; chlorhexidine	False	chromosome_like	1		
RM2016_batch03_global10	ERR1713386	k141_827587	k141_827587_17 # 16443 # 16772 # 1 # ID=17250_17;partial=00;start_type=ATG;rbs_motif=AGGAG;rbs_spacer=5-10bp;gc_cont=0.558	Klebsiella pneumoniae KpnF	3004583	Strict	88.07	100.0	macrolide antibiotic; aminoglycoside antibiotic; cephalosporin; tetracycline antibiotic; peptide antibiotic; rifamycin antibiotic; disinfecting agents and antiseptics	antibiotic efflux	small multidrug resistance (SMR) antibiotic efflux pump	erythromycin; streptomycin; tetracycline; cefepime; ceftriaxone; rifampin; colistin A; colistin B; triclosan; benzalkonium chloride; chlorhexidine	False	chromosome_like	1		
RM2016_batch03_global10	ERR1713386	k141_244283	k141_244283_4 # 4120 # 4449 # 1 # ID=17682_4;partial=00;start_type=ATG;rbs_motif=GGA/GAG/AGG;rbs_spacer=5-10bp;gc_cont=0.424	qacG	3007015	Strict	41.51	101.87	disinfecting agents and antiseptics	antibiotic efflux	small multidrug resistance (SMR) antibiotic efflux pump	benzalkonium chloride	True	plasmid_like		0.7251	
RM2016_batch03_global10	ERR1713386	k141_827992	k141_827992_3 # 712 # 1056 # 1 # ID=17832_3;partial=00;start_type=ATG;rbs_motif=GGA/GAG/AGG;rbs_spacer=5-10bp;gc_cont=0.339	qacJ	3007014	Strict	46.23	106.54	disinfecting agents and antiseptics	antibiotic efflux	small multidrug resistance (SMR) antibiotic efflux pump	benzalkonium chloride	False	chromosome_like	1		
RM2016_batch03_global10	ERR1713386	k141_11859	k141_11859_2 # 286 # 1170 # -1 # ID=18164_2;partial=00;start_type=ATG;rbs_motif=TAA;rbs_spacer=12bp;gc_cont=0.365	mphE	3003741	Perfect	100.0	100.0	macrolide antibiotic	antibiotic inactivation	macrolide phosphotransferase (MPH)	erythromycin	False	chromosome_like	1		
RM2016_batch03_global10	ERR1713386	k141_11859	k141_11859_3 # 1226 # 2701 # -1 # ID=18164_3;partial=00;start_type=ATG;rbs_motif=TAAA;rbs_spacer=5bp;gc_cont=0.399	msrE	3003109	Perfect	100.0	100.0	macrolide antibiotic; streptogramin antibiotic	antibiotic target protection	msr-type ABC-F protein	erythromycin	False	chromosome_like	1		
RM2016_batch03_global10	ERR1713386	k141_244623	k141_244623_1 # 239 # 601 # 1 # ID=18230_1;partial=00;start_type=ATG;rbs_motif=AGGAG;rbs_spacer=5-10bp;gc_cont=0.474	Klebsiella pneumoniae KpnE	3004580	Strict	99.17	100.0	macrolide antibiotic; aminoglycoside antibiotic; cephalosporin; tetracycline antibiotic; peptide antibiotic; rifamycin antibiotic; disinfecting agents and antiseptics	antibiotic efflux	small multidrug resistance (SMR) antibiotic efflux pump	erythromycin; streptomycin; tetracycline; cefepime; ceftriaxone; rifampin; colistin A; colistin B; triclosan; benzalkonium chloride; chlorhexidine	False	chromosome_like	1		
RM2016_batch03_global10	ERR1713386	k141_828628	k141_828628_3 # 1870 # 2772 # -1 # ID=18933_3;partial=01;start_type=Edge;rbs_motif=None;rbs_spacer=None;gc_cont=0.643	vanT gene in vanG cluster	3002972	Strict	33.66	42.13	glycopeptide antibiotic	antibiotic target alteration	glycopeptide resistance gene cluster; vanT	vancomycin	False	chromosome_like	1		
RM2016_batch03_global10	ERR1713386	k141_596756	k141_596756_3 # 2899 # 3396 # -1 # ID=19216_3;partial=00;start_type=ATG;rbs_motif=TAAAAA;rbs_spacer=13bp;gc_cont=0.319	dfrG	3002868	Perfect	100.0	100.0	diaminopyrimidine antibiotic	antibiotic target replacement	trimethoprim resistant dihydrofolate reductase dfr	trimethoprim	True	plasmid_like		0.9871	
RM2016_batch03_global10	ERR1713386	k141_596756	k141_596756_4 # 4118 # 4855 # 1 # ID=19216_4;partial=00;start_type=ATG;rbs_motif=None;rbs_spacer=None;gc_cont=0.291	ErmB	3000375	Strict	91.84	98.79	macrolide antibiotic; lincosamide antibiotic; streptogramin antibiotic; streptogramin A antibiotic; streptogramin B antibiotic	antibiotic target alteration	Erm 23S ribosomal RNA methyltransferase	erythromycin; roxithromycin; lincomycin; telithromycin; clarithromycin; clindamycin; tylosin; spiramycin; azithromycin; dirithromycin; pristinamycin IA; quinupristin; virginiamycin M1; madumycin II; griseoviridin; dalfopristin; pristinamycin IB; virginiamycin S2; pristinamycin IC; vernamycin C; patricin A; patricin B; ostreogrycin B3; oleandomycin	True	plasmid_like		0.9871	
RM2016_batch03_global10	ERR1713386	k141_12831	k141_12831_7 # 4079 # 4564 # -1 # ID=19798_7;partial=00;start_type=ATG;rbs_motif=AGGAG;rbs_spacer=5-10bp;gc_cont=0.354	nimE	3007107	Strict	53.7	94.71	nitroimidazole antibiotic	antibiotic inactivation	nitroimidazole reductase	metronidazole	False	chromosome_like	1		
RM2016_batch03_global10	ERR1713386	k141_597099	k141_597099_4 # 2808 # 3149 # -1 # ID=19803_4;partial=00;start_type=ATG;rbs_motif=None;rbs_spacer=None;gc_cont=0.433	qacG	3007015	Strict	48.08	105.61	disinfecting agents and antiseptics	antibiotic efflux	small multidrug resistance (SMR) antibiotic efflux pump	benzalkonium chloride	False	chromosome_like	1		
RM2016_batch03_global10	ERR1713386	k141_362817	k141_362817_4 # 1160 # 1924 # -1 # ID=20129_4;partial=01;start_type=Edge;rbs_motif=None;rbs_spacer=None;gc_cont=0.341	ErmF	3000498	Strict	99.21	95.49	macrolide antibiotic; lincosamide antibiotic; streptogramin antibiotic; streptogramin A antibiotic; streptogramin B antibiotic	antibiotic target alteration	Erm 23S ribosomal RNA methyltransferase	erythromycin; roxithromycin; lincomycin; telithromycin; clarithromycin; clindamycin; tylosin; spiramycin; azithromycin; dirithromycin; pristinamycin IA; quinupristin; virginiamycin M1; madumycin II; griseoviridin; dalfopristin; pristinamycin IB; virginiamycin S2; pristinamycin IC; vernamycin C; patricin A; patricin B; ostreogrycin B3; oleandomycin	False	chromosome_like	1		
RM2016_batch03_global10	ERR1713386	k141_362819	k141_362819_8 # 19588 # 22767 # 1 # ID=20180_8;partial=00;start_type=ATG;rbs_motif=GGA/GAG/AGG;rbs_spacer=11-12bp;gc_cont=0.583	adeF	3000777	Strict	66.73	100.0	fluoroquinolone antibiotic; tetracycline antibiotic	antibiotic efflux	resistance-nodulation-cell division (RND) antibiotic efflux pump	tetracycline	True	plasmid_like		0.9469	
RM2016_batch03_global10	ERR1713386	k141_363219	k141_363219_2 # 490 # 1020 # 1 # ID=20737_2;partial=00;start_type=ATG;rbs_motif=GGAG/GAGG;rbs_spacer=5-10bp;gc_cont=0.514	emrR	3000516	Strict	93.14	100.0	fluoroquinolone antibiotic	antibiotic efflux	major facilitator superfamily (MFS) antibiotic efflux pump	nalidixic acid	False	chromosome_like	1		
RM2016_batch03_global10	ERR1713386	k141_129688	k141_129688_6 # 3791 # 4615 # -1 # ID=20784_6;partial=00;start_type=ATG;rbs_motif=None;rbs_spacer=None;gc_cont=0.448	OXA-212	3001711	Strict	95.62	100.0	carbapenem; cephalosporin; penam	antibiotic inactivation	OXA beta-lactamase	cloxacillin; oxacillin; cefalotin	True	plasmid_like		0.7391	
RM2016_batch03_global10	ERR1713386	k141_13892	k141_13892_1 # 2 # 1030 # -1 # ID=21350_1;partial=11;start_type=Edge;rbs_motif=None;rbs_spacer=None;gc_cont=0.487	vanW gene in vanI cluster	3003724	Strict	31.94	91.96	glycopeptide antibiotic	antibiotic target alteration	vanW; glycopeptide resistance gene cluster	vancomycin; teicoplanin	False	chromosome_like	1		
RM2016_batch03_global10	ERR1713386	k141_13943	k141_13943_3 # 2291 # 3946 # 1 # ID=21460_3;partial=00;start_type=ATG;rbs_motif=None;rbs_spacer=None;gc_cont=0.610	ArnT	3005053	Strict	90.02	100.0	peptide antibiotic	antibiotic target alteration	pmr phosphoethanolamine transferase	colistin A; colistin B	False	chromosome_like	1		
RM2016_batch03_global10	ERR1713386	k141_830246	k141_830246_2 # 985 # 1347 # 1 # ID=21575_2;partial=01;start_type=ATG;rbs_motif=None;rbs_spacer=None;gc_cont=0.388	vanW gene in vanG cluster	3002965	Strict	31.96	43.06	glycopeptide antibiotic	antibiotic target alteration	vanW; glycopeptide resistance gene cluster	vancomycin	False	chromosome_like	1		
RM2016_batch03_global10	ERR1713386	k141_130409	k141_130409_6 # 3964 # 5616 # -1 # ID=22180_6;partial=00;start_type=ATG;rbs_motif=GGAG/GAGG;rbs_spacer=5-10bp;gc_cont=0.598	ArnT	3005053	Strict	41.67	99.82	peptide antibiotic	antibiotic target alteration	pmr phosphoethanolamine transferase	colistin A; colistin B	False	chromosome_like	1		
RM2016_batch03_global10	ERR1713386	k141_248093	k141_248093_2 # 602 # 1699 # 1 # ID=23885_2;partial=00;start_type=ATG;rbs_motif=GGAG/GAGG;rbs_spacer=5-10bp;gc_cont=0.616	vanG	3002909	Strict	37.95	104.58	glycopeptide antibiotic	antibiotic target alteration	glycopeptide resistance gene cluster; Van ligase	vancomycin	False	chromosome_like	1		
RM2016_batch03_global10	ERR1713386	k141_132014	k141_132014_16 # 12022 # 12339 # -1 # ID=24427_16;partial=00;start_type=ATG;rbs_motif=AGGA;rbs_spacer=5-10bp;gc_cont=0.289	qacJ	3007014	Strict	43.88	98.13	disinfecting agents and antiseptics	antibiotic efflux	small multidrug resistance (SMR) antibiotic efflux pump	benzalkonium chloride	False	chromosome_like	1		
RM2016_batch03_global10	ERR1713386	k141_132079	k141_132079_2 # 462 # 806 # -1 # ID=24490_2;partial=00;start_type=ATG;rbs_motif=GGA/GAG/AGG;rbs_spacer=5-10bp;gc_cont=0.394	qacJ	3007014	Strict	45.28	106.54	disinfecting agents and antiseptics	antibiotic efflux	small multidrug resistance (SMR) antibiotic efflux pump	benzalkonium chloride	False	chromosome_like	1		
RM2016_batch03_global10	ERR1713386	k141_483862	k141_483862_9 # 8620 # 11721 # 1 # ID=26149_9;partial=00;start_type=ATG;rbs_motif=GGA/GAG/AGG;rbs_spacer=5-10bp;gc_cont=0.588	adeF	3000777	Strict	43.85	97.54	fluoroquinolone antibiotic; tetracycline antibiotic	antibiotic efflux	resistance-nodulation-cell division (RND) antibiotic efflux pump	tetracycline	False	chromosome_like	1		
RM2016_batch03_global10	ERR1713386	k141_367102	k141_367102_1 # 161 # 664 # 1 # ID=26477_1;partial=00;start_type=ATG;rbs_motif=AGGAG;rbs_spacer=5-10bp;gc_cont=0.373	nimJ	3007112	Strict	58.28	101.21	nitroimidazole antibiotic	antibiotic inactivation	nitroimidazole reductase	metronidazole	False	chromosome_like	1		
RM2016_batch03_global10	ERR1713386	k141_17602	k141_17602_2 # 890 # 1297 # -1 # ID=26979_2;partial=00;start_type=ATG;rbs_motif=GGA/GAG/AGG;rbs_spacer=5-10bp;gc_cont=0.483	H-NS	3000676	Strict	94.07	98.54	macrolide antibiotic; fluoroquinolone antibiotic; cephalosporin; cephamycin; penam; tetracycline antibiotic	antibiotic efflux	major facilitator superfamily (MFS) antibiotic efflux pump; resistance-nodulation-cell division (RND) antibiotic efflux pump	erythromycin; cloxacillin; ciprofloxacin; tetracycline; oxacillin; norfloxacin	False	chromosome_like	1		
RM2016_batch03_global10	ERR1713386	k141_484516	k141_484516_12 # 7874 # 8506 # 1 # ID=27212_12;partial=00;start_type=ATG;rbs_motif=GGAG/GAGG;rbs_spacer=5-10bp;gc_cont=0.518	CRP	3000518	Strict	99.05	100.0	macrolide antibiotic; fluoroquinolone antibiotic; penam	antibiotic efflux	resistance-nodulation-cell division (RND) antibiotic efflux pump	erythromycin; cloxacillin; oxacillin; norfloxacin	False	chromosome_like	1		
RM2016_batch03_global10	ERR1713386	k141_367763	k141_367763_1 # 12 # 197 # -1 # ID=27385_1;partial=00;start_type=ATG;rbs_motif=AGGAG;rbs_spacer=5-10bp;gc_cont=0.457	rsmA	3005069	Strict	85.25	100.0	fluoroquinolone antibiotic; diaminopyrimidine antibiotic; phenicol antibiotic	antibiotic efflux	resistance-nodulation-cell division (RND) antibiotic efflux pump	trimethoprim; chloramphenicol	False	chromosome_like	1		
RM2016_batch03_global10	ERR1713386	k141_834317	k141_834317_2 # 1282 # 1785 # -1 # ID=27717_2;partial=00;start_type=ATG;rbs_motif=AGGAGG;rbs_spacer=5-10bp;gc_cont=0.621	nimG	3007109	Strict	56.17	101.83	nitroimidazole antibiotic	antibiotic inactivation	nitroimidazole reductase	metronidazole	False	chromosome_like	1		
RM2016_batch03_global10	ERR1713386	k141_484926	k141_484926_4 # 1767 # 2111 # 1 # ID=27772_4;partial=00;start_type=ATG;rbs_motif=GGA/GAG/AGG;rbs_spacer=5-10bp;gc_cont=0.391	qacJ	3007014	Strict	44.23	106.54	disinfecting agents and antiseptics	antibiotic efflux	small multidrug resistance (SMR) antibiotic efflux pump	benzalkonium chloride	False	chromosome_like	1		
RM2016_batch03_global10	ERR1713386	k141_134747	k141_134747_2 # 183 # 1043 # -1 # ID=28637_2;partial=00;start_type=ATG;rbs_motif=AGGAG;rbs_spacer=5-10bp;gc_cont=0.596	AAC(3)-IIe	3004621	Strict	98.95	100.0	aminoglycoside antibiotic	antibiotic inactivation	AAC(3)	dibekacin; sisomicin; netilmicin; tobramycin; 6'-N-ethylnetilmicin; 2'-N-ethylnetilmicin; gentamicin	False	chromosome_like	1		
RM2016_batch03_global10	ERR1713386	k141_134934	k141_134934_8 # 7778 # 9100 # 1 # ID=29002_8;partial=00;start_type=ATG;rbs_motif=GGAG/GAGG;rbs_spacer=5-10bp;gc_cont=0.600	Acinetobacter baumannii AbaQ	3004574	Strict	72.34	101.38	fluoroquinolone antibiotic	antibiotic efflux	major facilitator superfamily (MFS) antibiotic efflux pump		False	chromosome_like	1		
RM2016_batch03_global10	ERR1713386	k141_134985	k141_134985_1 # 2 # 628 # 1 # ID=29072_1;partial=10;start_type=Edge;rbs_motif=None;rbs_spacer=None;gc_cont=0.507	CRP	3000518	Strict	99.04	99.05	macrolide antibiotic; fluoroquinolone antibiotic; penam	antibiotic efflux	resistance-nodulation-cell division (RND) antibiotic efflux pump	erythromycin; cloxacillin; oxacillin; norfloxacin	False	chromosome_like	1		
RM2016_batch03_global10	ERR1713386	k141_368935	k141_368935_2 # 347 # 1162 # 1 # ID=29278_2;partial=00;start_type=ATG;rbs_motif=AGxAG;rbs_spacer=5-10bp;gc_cont=0.608	sul2	3000412	Perfect	100.0	100.0	sulfonamide antibiotic	antibiotic target replacement	sulfonamide resistant sul	sulfadiazine; sulfadimidine; sulfadoxine; sulfamethoxazole; sulfisoxazole; sulfacetamide; mafenide; sulfasalazine; sulfamethizole	False	chromosome_like	1		
RM2016_batch03_global10	ERR1713386	k141_835271	k141_835271_2 # 1068 # 1694 # -1 # ID=29295_2;partial=01;start_type=Edge;rbs_motif=None;rbs_spacer=None;gc_cont=0.514	CRP	3000518	Strict	99.04	99.05	macrolide antibiotic; fluoroquinolone antibiotic; penam	antibiotic efflux	resistance-nodulation-cell division (RND) antibiotic efflux pump	erythromycin; cloxacillin; oxacillin; norfloxacin	False	chromosome_like	1		
RM2016_batch03_global10	ERR1713386	k141_19694	k141_19694_3 # 2092 # 5253 # 1 # ID=30182_3;partial=00;start_type=ATG;rbs_motif=GGA/GAG/AGG;rbs_spacer=5-10bp;gc_cont=0.576	adeF	3000777	Strict	41.9	99.43	fluoroquinolone antibiotic; tetracycline antibiotic	antibiotic efflux	resistance-nodulation-cell division (RND) antibiotic efflux pump	tetracycline	True	plasmid_like		0.9367	
RM2016_batch03_global10	ERR1713386	k141_135745	k141_135745_12 # 10054 # 11697 # -1 # ID=30314_12;partial=00;start_type=ATG;rbs_motif=GGA/GAG/AGG;rbs_spacer=5-10bp;gc_cont=0.497	eptA	3003576	Strict	99.82	100.0	peptide antibiotic	antibiotic target alteration	pmr phosphoethanolamine transferase	polymyxin B	False	chromosome_like	1		
RM2016_batch03_global10	ERR1713386	k141_835910	k141_835910_1 # 126 # 989 # -1 # ID=30365_1;partial=00;start_type=ATG;rbs_motif=AGGA;rbs_spacer=5-10bp;gc_cont=0.558	sul4	3004361	Strict	99.3	100.0	sulfonamide antibiotic	antibiotic target replacement	sulfonamide resistant sul	sulfamethoxazole	False	chromosome_like	1		
RM2016_batch03_global10	ERR1713386	k141_19898	k141_19898_1 # 63 # 1982 # -1 # ID=30434_1;partial=00;start_type=ATG;rbs_motif=AAAA;rbs_spacer=4bp;gc_cont=0.404	tet(O)	3000190	Strict	99.22	100.0	tetracycline antibiotic	antibiotic target protection	tetracycline-resistant ribosomal protection protein	tetracycline; doxycycline; minocycline; chlortetracycline; demeclocycline; oxytetracycline	False	chromosome_like	1		
RM2016_batch03_global10	ERR1713386	k141_721744	k141_721744_2 # 429 # 1412 # -1 # ID=30753_2;partial=00;start_type=ATG;rbs_motif=AGGA;rbs_spacer=5-10bp;gc_cont=0.533	PmrF	3003578	Strict	87.85	101.55	peptide antibiotic	antibiotic target alteration	pmr phosphoethanolamine transferase	polymyxin B	False	chromosome_like	1		
RM2016_batch03_global10	ERR1713386	k141_252562	k141_252562_2 # 576 # 1214 # -1 # ID=30845_2;partial=00;start_type=GTG;rbs_motif=GGA/GAG/AGG;rbs_spacer=5-10bp;gc_cont=0.543	AAC(6')-Ib9	3002580	Strict	100.0	104.43	aminoglycoside antibiotic	antibiotic inactivation	AAC(6')	amikacin; kanamycin A; tobramycin	False	chromosome_like	1		
RM2016_batch03_global10	ERR1713386	k141_721974	k141_721974_1 # 3 # 1004 # -1 # ID=31059_1;partial=10;start_type=ATG;rbs_motif=None;rbs_spacer=None;gc_cont=0.450	vanW gene in vanI cluster	3003724	Strict	28.57	89.54	glycopeptide antibiotic	antibiotic target alteration	vanW; glycopeptide resistance gene cluster	vancomycin; teicoplanin	False	chromosome_like	1		
RM2016_batch03_global10	ERR1713386	k141_370139	k141_370139_2 # 1436 # 4615 # 1 # ID=31208_2;partial=00;start_type=ATG;rbs_motif=GGA/GAG/AGG;rbs_spacer=11-12bp;gc_cont=0.572	adeF	3000777	Strict	66.73	100.0	fluoroquinolone antibiotic; tetracycline antibiotic	antibiotic efflux	resistance-nodulation-cell division (RND) antibiotic efflux pump	tetracycline	False	chromosome_like	1		
RM2016_batch03_global10	ERR1713386	k141_370139	k141_370139_11 # 14290 # 17388 # 1 # ID=31208_11;partial=00;start_type=ATG;rbs_motif=GGA/GAG/AGG;rbs_spacer=5-10bp;gc_cont=0.576	adeF	3000777	Strict	43.32	97.45	fluoroquinolone antibiotic; tetracycline antibiotic	antibiotic efflux	resistance-nodulation-cell division (RND) antibiotic efflux pump	tetracycline	False	chromosome_like	1		
RM2016_batch03_global10	ERR1713386	k141_136529	k141_136529_6 # 4404 # 4817 # -1 # ID=31457_6;partial=00;start_type=ATG;rbs_motif=GGA/GAG/AGG;rbs_spacer=5-10bp;gc_cont=0.466	H-NS	3000676	Strict	93.38	100.0	macrolide antibiotic; fluoroquinolone antibiotic; cephalosporin; cephamycin; penam; tetracycline antibiotic	antibiotic efflux	major facilitator superfamily (MFS) antibiotic efflux pump; resistance-nodulation-cell division (RND) antibiotic efflux pump	erythromycin; cloxacillin; ciprofloxacin; tetracycline; oxacillin; norfloxacin	False	chromosome_like	1		
RM2016_batch03_global10	ERR1713386	k141_20701	k141_20701_4 # 3529 # 4398 # -1 # ID=31657_4;partial=01;start_type=Edge;rbs_motif=None;rbs_spacer=None;gc_cont=0.476	leuO	3003843	Strict	84.78	92.04	nucleoside antibiotic; disinfecting agents and antiseptics	antibiotic efflux	major facilitator superfamily (MFS) antibiotic efflux pump	acriflavine; puromycin	False	chromosome_like	1		
RM2016_batch03_global10	ERR1713386	k141_20788	k141_20788_6 # 3409 # 3753 # 1 # ID=31783_6;partial=00;start_type=ATG;rbs_motif=GGA/GAG/AGG;rbs_spacer=5-10bp;gc_cont=0.371	qacJ	3007014	Strict	46.23	106.54	disinfecting agents and antiseptics	antibiotic efflux	small multidrug resistance (SMR) antibiotic efflux pump	benzalkonium chloride	False	chromosome_like	1		
RM2016_batch03_global10	ERR1713386	k141_370549	k141_370549_3 # 1484 # 2272 # 1 # ID=31888_3;partial=00;start_type=ATG;rbs_motif=GGA/GAG/AGG;rbs_spacer=5-10bp;gc_cont=0.582	aadA4	3002604	Strict	98.85	100.0	aminoglycoside antibiotic	antibiotic inactivation	ANT(3'')	spectinomycin; streptomycin	False	chromosome_like	1		
RM2016_batch03_global10	ERR1713386	k141_370549	k141_370549_4 # 2390 # 3190 # 1 # ID=31888_4;partial=00;start_type=ATG;rbs_motif=AGGA;rbs_spacer=5-10bp;gc_cont=0.472	OXA-732	3005937	Perfect	100.0	100.0	carbapenem; cephalosporin; penam	antibiotic inactivation	OXA beta-lactamase	cloxacillin; oxacillin; cefalotin	False	chromosome_like	1		
RM2016_batch03_global10	ERR1713386	k141_722731	k141_722731_1 # 1 # 1233 # -1 # ID=32262_1;partial=10;start_type=ATG;rbs_motif=AGGAGG;rbs_spacer=11-12bp;gc_cont=0.364	vanW gene in vanI cluster	3003724	Strict	32.77	110.19	glycopeptide antibiotic	antibiotic target alteration	vanW; glycopeptide resistance gene cluster	vancomycin; teicoplanin	False	chromosome_like	1		
RM2016_batch03_global10	ERR1713386	k141_371644	k141_371644_2 # 537 # 3614 # 1 # ID=33685_2;partial=00;start_type=GTG;rbs_motif=AGGAG;rbs_spacer=5-10bp;gc_cont=0.563	mdtC	3000794	Strict	99.71	100.0	aminocoumarin antibiotic	antibiotic efflux	resistance-nodulation-cell division (RND) antibiotic efflux pump	novobiocin	False	chromosome_like	1		
RM2016_batch03_global10	ERR1713386	k141_371811	k141_371811_2 # 1295 # 1480 # 1 # ID=33943_2;partial=00;start_type=ATG;rbs_motif=AGGAG;rbs_spacer=5-10bp;gc_cont=0.495	rsmA	3005069	Strict	85.25	100.0	fluoroquinolone antibiotic; diaminopyrimidine antibiotic; phenicol antibiotic	antibiotic efflux	resistance-nodulation-cell division (RND) antibiotic efflux pump	trimethoprim; chloramphenicol	False	chromosome_like	1		
RM2016_batch03_global10	ERR1713386	k141_254757	k141_254757_3 # 2076 # 2405 # -1 # ID=34205_3;partial=00;start_type=ATG;rbs_motif=GGA/GAG/AGG;rbs_spacer=5-10bp;gc_cont=0.409	qacJ	3007014	Strict	42.45	101.87	disinfecting agents and antiseptics	antibiotic efflux	small multidrug resistance (SMR) antibiotic efflux pump	benzalkonium chloride	False	chromosome_like	1		
RM2016_batch03_global10	ERR1713386	k141_489647	k141_489647_4 # 2608 # 3033 # 1 # ID=34949_4;partial=00;start_type=ATG;rbs_motif=AGGAG;rbs_spacer=5-10bp;gc_cont=0.575	FosA8	3007371	Strict	92.86	100.0	phosphonic acid antibiotic	antibiotic inactivation	fosfomycin thiol transferase	fosfomycin	True	plasmid_like		0.8917	
RM2016_batch03_global10	ERR1713386	k141_607447	k141_607447_13 # 9328 # 10977 # -1 # ID=36015_13;partial=00;start_type=ATG;rbs_motif=GGAG/GAGG;rbs_spacer=5-10bp;gc_cont=0.575	ArnT	3005053	Strict	40.96	99.64	peptide antibiotic	antibiotic target alteration	pmr phosphoethanolamine transferase	colistin A; colistin B	False	chromosome_like	1		
RM2016_batch03_global10	ERR1713386	k141_490870	k141_490870_13 # 9897 # 11129 # -1 # ID=36608_13;partial=00;start_type=ATG;rbs_motif=None;rbs_spacer=None;gc_cont=0.523	Escherichia coli mdfA	3001328	Strict	96.83	100.0	tetracycline antibiotic; disinfecting agents and antiseptics	antibiotic efflux	major facilitator superfamily (MFS) antibiotic efflux pump	tetracycline; benzalkonium chloride	False	chromosome_like	1		
RM2016_batch03_global10	ERR1713386	k141_256375	k141_256375_2 # 264 # 1484 # 1 # ID=36626_2;partial=00;start_type=ATG;rbs_motif=GGA/GAG/AGG;rbs_spacer=5-10bp;gc_cont=0.499	EreA	3000361	Strict	99.01	100.0	macrolide antibiotic	antibiotic inactivation	macrolide esterase	erythromycin; roxithromycin; clarithromycin	False	chromosome_like	1		
RM2016_batch03_global10	ERR1713386	k141_373904	k141_373904_1 # 122 # 1105 # -1 # ID=36988_1;partial=01;start_type=Edge;rbs_motif=None;rbs_spacer=None;gc_cont=0.562	vanW gene in vanI cluster	3003724	Strict	38.5	87.67	glycopeptide antibiotic	antibiotic target alteration	vanW; glycopeptide resistance gene cluster	vancomycin; teicoplanin	False	chromosome_like	1		
RM2016_batch03_global10	ERR1713386	k141_725960	k141_725960_2 # 231 # 1010 # 1 # ID=37165_2;partial=00;start_type=ATG;rbs_motif=TAA;rbs_spacer=3bp;gc_cont=0.444	ANT(3'')-IIc	3004091	Perfect	100.0	100.0	aminoglycoside antibiotic	antibiotic inactivation	ANT(3'')	spectinomycin; streptomycin	False	chromosome_like	1		
RM2016_batch03_global10	ERR1713386	k141_840891	k141_840891_5 # 6020 # 7342 # 1 # ID=37878_5;partial=00;start_type=ATG;rbs_motif=GGAG/GAGG;rbs_spacer=5-10bp;gc_cont=0.614	Acinetobacter baumannii AbaQ	3004574	Strict	72.81	101.38	fluoroquinolone antibiotic	antibiotic efflux	major facilitator superfamily (MFS) antibiotic efflux pump		False	chromosome_like	1		
RM2016_batch03_global10	ERR1713386	k141_609014	k141_609014_2 # 550 # 1374 # 1 # ID=38230_2;partial=00;start_type=ATG;rbs_motif=None;rbs_spacer=None;gc_cont=0.457	OXA-644	3005864	Strict	97.08	100.0	carbapenem; cephalosporin; penam	antibiotic inactivation	OXA beta-lactamase	cloxacillin; oxacillin; cefalotin	False	chromosome_like	1		
RM2016_batch03_global10	ERR1713386	k141_25233	k141_25233_5 # 6180 # 7502 # 1 # ID=38408_5;partial=00;start_type=ATG;rbs_motif=GGAG/GAGG;rbs_spacer=5-10bp;gc_cont=0.596	Acinetobacter baumannii AbaQ	3004574	Strict	72.81	101.38	fluoroquinolone antibiotic	antibiotic efflux	major facilitator superfamily (MFS) antibiotic efflux pump		False	chromosome_like	1		
RM2016_batch03_global10	ERR1713386	k141_492610	k141_492610_2 # 348 # 1148 # 1 # ID=39174_2;partial=00;start_type=ATG;rbs_motif=AGGAGG;rbs_spacer=3-4bp;gc_cont=0.407	OXA-101	3001439	Perfect	100.0	100.0	carbapenem; cephalosporin; penam	antibiotic inactivation	OXA beta-lactamase	cloxacillin; oxacillin; cefalotin	False	chromosome_like	1		
RM2016_batch03_global10	ERR1713386	k141_492610	k141_492610_3 # 1301 # 1633 # 1 # ID=39174_3;partial=00;start_type=ATG;rbs_motif=GGAG/GAGG;rbs_spacer=5-10bp;gc_cont=0.471	qacG	3007015	Strict	41.9	102.8	disinfecting agents and antiseptics	antibiotic efflux	small multidrug resistance (SMR) antibiotic efflux pump	benzalkonium chloride	False	chromosome_like	1		
RM2016_batch03_global10	ERR1713386	k141_728763	k141_728763_3 # 1941 # 3641 # -1 # ID=41346_3;partial=00;start_type=ATG;rbs_motif=GGA/GAG/AGG;rbs_spacer=5-10bp;gc_cont=0.606	ArnT	3005053	Strict	40.97	102.72	peptide antibiotic	antibiotic target alteration	pmr phosphoethanolamine transferase	colistin A; colistin B	False	chromosome_like	1		
RM2016_batch03_global10	ERR1713386	k141_376938	k141_376938_3 # 2144 # 3190 # 1 # ID=41359_3;partial=00;start_type=TTG;rbs_motif=GGA/GAG/AGG;rbs_spacer=5-10bp;gc_cont=0.592	OXA-50	3001796	Strict	58.62	132.82	carbapenem; cephalosporin; penam	antibiotic inactivation	OXA beta-lactamase	cloxacillin; oxacillin; ampicillin; cefalotin	False	chromosome_like	1		
RM2016_batch03_global10	ERR1713386	k141_27643	k141_27643_2 # 2143 # 3087 # 1 # ID=41998_2;partial=00;start_type=ATG;rbs_motif=GGAG/GAGG;rbs_spacer=5-10bp;gc_cont=0.460	leuO	3003843	Strict	99.04	100.0	nucleoside antibiotic; disinfecting agents and antiseptics	antibiotic efflux	major facilitator superfamily (MFS) antibiotic efflux pump	acriflavine; puromycin	False	chromosome_like	1		
RM2016_batch03_global10	ERR1713386	k141_611649	k141_611649_3 # 1380 # 2255 # 1 # ID=42237_3;partial=00;start_type=ATG;rbs_motif=AGGAG;rbs_spacer=5-10bp;gc_cont=0.578	OXY-1-1	3002389	Perfect	100.0	100.0	monobactam; cephalosporin; penam	antibiotic inactivation	OXY beta-lactamase		False	chromosome_like	1		
RM2016_batch03_global10	ERR1713386	k141_494744	k141_494744_1 # 3 # 890 # -1 # ID=42258_1;partial=10;start_type=ATG;rbs_motif=GGA/GAG/AGG;rbs_spacer=5-10bp;gc_cont=0.541	ArnT	3005053	Strict	70.31	53.72	peptide antibiotic	antibiotic target alteration	pmr phosphoethanolamine transferase	colistin A; colistin B	False	chromosome_like	1		
RM2016_batch03_global10	ERR1713386	k141_28408	k141_28408_6 # 6198 # 9377 # -1 # ID=43029_6;partial=00;start_type=ATG;rbs_motif=GGA/GAG/AGG;rbs_spacer=11-12bp;gc_cont=0.592	adeF	3000777	Strict	66.76	100.0	fluoroquinolone antibiotic; tetracycline antibiotic	antibiotic efflux	resistance-nodulation-cell division (RND) antibiotic efflux pump	tetracycline	False	chromosome_like	1		
RM2016_batch03_global10	ERR1713386	k141_28418	k141_28418_2 # 403 # 1191 # -1 # ID=43044_2;partial=00;start_type=ATG;rbs_motif=TAA;rbs_spacer=11bp;gc_cont=0.375	ANT(3'')-IIc	3004091	Strict	69.38	101.16	aminoglycoside antibiotic	antibiotic inactivation	ANT(3'')	spectinomycin; streptomycin	True	plasmid_like		0.968	
RM2016_batch03_global10	ERR1713386	k141_495772	k141_495772_1 # 1 # 1875 # 1 # ID=43729_1;partial=10;start_type=Edge;rbs_motif=None;rbs_spacer=None;gc_cont=0.401	tet(O)	3000190	Strict	50.41	97.65	tetracycline antibiotic	antibiotic target protection	tetracycline-resistant ribosomal protection protein	tetracycline; doxycycline; minocycline; chlortetracycline; demeclocycline; oxytetracycline	True	virus_like			0.7599
RM2016_batch03_global10	ERR1713386	k141_730915	k141_730915_2 # 430 # 1062 # 1 # ID=44372_2;partial=00;start_type=ATG;rbs_motif=GGAG/GAGG;rbs_spacer=5-10bp;gc_cont=0.518	CRP	3000518	Strict	99.05	100.0	macrolide antibiotic; fluoroquinolone antibiotic; penam	antibiotic efflux	resistance-nodulation-cell division (RND) antibiotic efflux pump	erythromycin; cloxacillin; oxacillin; norfloxacin	False	chromosome_like	1		
RM2016_batch03_global10	ERR1713386	k141_145576	k141_145576_5 # 3681 # 4406 # -1 # ID=45000_5;partial=00;start_type=ATG;rbs_motif=GGAG/GAGG;rbs_spacer=5-10bp;gc_cont=0.326	vanY gene in vanB cluster	3002956	Strict	47.37	89.93	glycopeptide antibiotic	antibiotic target alteration	vanY; glycopeptide resistance gene cluster	vancomycin	False	chromosome_like	1		
RM2016_batch03_global10	ERR1713386	k141_731856	k141_731856_2 # 718 # 2964 # 1 # ID=45621_2;partial=01;start_type=ATG;rbs_motif=GGA/GAG/AGG;rbs_spacer=11-12bp;gc_cont=0.602	adeF	3000777	Strict	66.36	70.73	fluoroquinolone antibiotic; tetracycline antibiotic	antibiotic efflux	resistance-nodulation-cell division (RND) antibiotic efflux pump	tetracycline	False	chromosome_like	1		
RM2016_batch03_global10	ERR1713386	k141_146134	k141_146134_20 # 22809 # 24461 # 1 # ID=45918_20;partial=00;start_type=ATG;rbs_motif=GGAG/GAGG;rbs_spacer=5-10bp;gc_cont=0.609	ArnT	3005053	Strict	41.51	99.82	peptide antibiotic	antibiotic target alteration	pmr phosphoethanolamine transferase	colistin A; colistin B	True	plasmid_like		0.8754	
RM2016_batch03_global10	ERR1713386	k141_146394	k141_146394_2 # 262 # 861 # 1 # ID=46332_2;partial=00;start_type=ATG;rbs_motif=None;rbs_spacer=None;gc_cont=0.387	dfrA17	3002860	Strict	99.36	126.75	diaminopyrimidine antibiotic	antibiotic target replacement	trimethoprim resistant dihydrofolate reductase dfr	trimethoprim	False	chromosome_like	1		
RM2016_batch03_global10	ERR1713386	k141_146394	k141_146394_3 # 992 # 1780 # 1 # ID=46332_3;partial=00;start_type=ATG;rbs_motif=None;rbs_spacer=None;gc_cont=0.583	aadA5	3002605	Perfect	100.0	100.0	aminoglycoside antibiotic	antibiotic inactivation	ANT(3'')	spectinomycin; streptomycin	False	chromosome_like	1		
RM2016_batch03_global10	ERR1713386	k141_614501	k141_614501_1 # 3 # 686 # 1 # ID=46450_1;partial=10;start_type=Edge;rbs_motif=None;rbs_spacer=None;gc_cont=0.482	vanW gene in vanI cluster	3003724	Strict	49.12	60.86	glycopeptide antibiotic	antibiotic target alteration	vanW; glycopeptide resistance gene cluster	vancomycin; teicoplanin	False	chromosome_like	1		
RM2016_batch03_global10	ERR1713386	k141_380441	k141_380441_9 # 8887 # 12066 # -1 # ID=46496_9;partial=00;start_type=ATG;rbs_motif=GGA/GAG/AGG;rbs_spacer=11-12bp;gc_cont=0.598	adeF	3000777	Strict	67.02	100.0	fluoroquinolone antibiotic; tetracycline antibiotic	antibiotic efflux	resistance-nodulation-cell division (RND) antibiotic efflux pump	tetracycline	False	chromosome_like	1		
RM2016_batch03_global10	ERR1713386	k141_30741	k141_30741_2 # 854 # 2161 # -1 # ID=46604_2;partial=00;start_type=ATG;rbs_motif=None;rbs_spacer=None;gc_cont=0.341	vanW gene in vanI cluster	3003724	Strict	28.83	116.62	glycopeptide antibiotic	antibiotic target alteration	vanW; glycopeptide resistance gene cluster	vancomycin; teicoplanin	False	chromosome_like	1		
RM2016_batch03_global10	ERR1713386	k141_146428	k141_146428_120 # 151127 # 151987 # 1 # ID=46667_120;partial=00;start_type=ATG;rbs_motif=None;rbs_spacer=None;gc_cont=0.621	vanW gene in vanG cluster	3002965	Strict	31.51	101.78	glycopeptide antibiotic	antibiotic target alteration	vanW; glycopeptide resistance gene cluster	vancomycin	False	chromosome_like	1		
RM2016_batch03_global10	ERR1713386	k141_381162	k141_381162_7 # 6055 # 7188 # 1 # ID=47424_7;partial=00;start_type=ATG;rbs_motif=GGA/GAG/AGG;rbs_spacer=11-12bp;gc_cont=0.504	EC-15	3006876	Strict	98.41	100.0	cephalosporin	antibiotic inactivation	EC beta-lactamase		False	chromosome_like	1		
RM2016_batch03_global10	ERR1713386	k141_147852	k141_147852_4 # 3048 # 3392 # -1 # ID=48629_4;partial=00;start_type=ATG;rbs_motif=GGAG/GAGG;rbs_spacer=5-10bp;gc_cont=0.455	qacJ	3007014	Strict	49.04	106.54	disinfecting agents and antiseptics	antibiotic efflux	small multidrug resistance (SMR) antibiotic efflux pump	benzalkonium chloride	False	chromosome_like	1		
RM2016_batch03_global10	ERR1713386	k141_734377	k141_734377_2 # 217 # 561 # 1 # ID=49186_2;partial=00;start_type=ATG;rbs_motif=None;rbs_spacer=None;gc_cont=0.333	qacG	3007015	Strict	47.12	106.54	disinfecting agents and antiseptics	antibiotic efflux	small multidrug resistance (SMR) antibiotic efflux pump	benzalkonium chloride	False	chromosome_like	1		
RM2016_batch03_global10	ERR1713386	k141_499983	k141_499983_2 # 514 # 1344 # 1 # ID=49963_2;partial=00;start_type=ATG;rbs_motif=TAAAA;rbs_spacer=12bp;gc_cont=0.467	OXA-363	3001550	Strict	92.75	100.0	carbapenem; cephalosporin; penam	antibiotic inactivation	OXA beta-lactamase	cloxacillin; oxacillin; cefalotin	False	chromosome_like	1		
RM2016_batch03_global10	ERR1713386	k141_501470	k141_501470_3 # 921 # 1250 # 1 # ID=52064_3;partial=00;start_type=ATG;rbs_motif=AGGA;rbs_spacer=5-10bp;gc_cont=0.564	qacJ	3007014	Strict	36.89	101.87	disinfecting agents and antiseptics	antibiotic efflux	small multidrug resistance (SMR) antibiotic efflux pump	benzalkonium chloride	False	chromosome_like	1		
RM2016_batch03_global10	ERR1713386	k141_150523	k141_150523_1 # 348 # 1457 # 1 # ID=52828_1;partial=00;start_type=ATG;rbs_motif=GGAG/GAGG;rbs_spacer=5-10bp;gc_cont=0.664	vanG	3002909	Strict	38.38	105.73	glycopeptide antibiotic	antibiotic target alteration	glycopeptide resistance gene cluster; Van ligase	vancomycin	False	chromosome_like	1		
RM2016_batch03_global10	ERR1713386	k141_502142	k141_502142_2 # 420 # 2471 # 1 # ID=53091_2;partial=00;start_type=ATG;rbs_motif=GGA/GAG/AGG;rbs_spacer=5-10bp;gc_cont=0.543	mdtO	3003549	Strict	99.41	100.0	nucleoside antibiotic; disinfecting agents and antiseptics	antibiotic efflux	major facilitator superfamily (MFS) antibiotic efflux pump	acriflavine; puromycin	True	plasmid_like		0.7763	
RM2016_batch03_global10	ERR1713386	k141_502142	k141_502142_3 # 2468 # 3934 # 1 # ID=53091_3;partial=00;start_type=ATG;rbs_motif=AGGAG;rbs_spacer=5-10bp;gc_cont=0.557	mdtP	3003550	Strict	99.39	100.0	nucleoside antibiotic; disinfecting agents and antiseptics	antibiotic efflux	major facilitator superfamily (MFS) antibiotic efflux pump	acriflavine; puromycin	True	plasmid_like		0.7763	
RM2016_batch03_global10	ERR1713386	k141_268782	k141_268782_3 # 1918 # 2265 # -1 # ID=55086_3;partial=00;start_type=ATG;rbs_motif=GGA/GAG/AGG;rbs_spacer=5-10bp;gc_cont=0.626	qacG	3007015	Strict	40.38	107.48	disinfecting agents and antiseptics	antibiotic efflux	small multidrug resistance (SMR) antibiotic efflux pump	benzalkonium chloride	False	chromosome_like	1		
RM2016_batch03_global10	ERR1713386	k141_738798	k141_738798_2 # 936 # 1562 # -1 # ID=55407_2;partial=01;start_type=Edge;rbs_motif=None;rbs_spacer=None;gc_cont=0.411	tet(Q)	3000191	Strict	94.71	31.66	tetracycline antibiotic	antibiotic target protection	tetracycline-resistant ribosomal protection protein	tetracycline; doxycycline; minocycline; chlortetracycline; demeclocycline; oxytetracycline	False	chromosome_like	1		
RM2016_batch03_global10	ERR1713386	k141_152614	k141_152614_3 # 1448 # 2587 # 1 # ID=56130_3;partial=00;start_type=ATG;rbs_motif=GGA/GAG/AGG;rbs_spacer=5-10bp;gc_cont=0.528	DHA-1	3002132	Perfect	100.0	100.0	cephalosporin; cephamycin	antibiotic inactivation	DHA beta-lactamase		True	plasmid_like		0.9877	
RM2016_batch03_global10	ERR1713386	k141_621054	k141_621054_5 # 6697 # 7485 # -1 # ID=56341_5;partial=00;start_type=ATG;rbs_motif=GGAG/GAGG;rbs_spacer=5-10bp;gc_cont=0.442	aadA27	3004682	Strict	98.09	100.0	aminoglycoside antibiotic	antibiotic inactivation	ANT(3'')	spectinomycin; streptomycin	True	plasmid_like		0.9949	
RM2016_batch03_global10	ERR1713386	k141_853072	k141_853072_5 # 4166 # 7345 # -1 # ID=56392_5;partial=00;start_type=ATG;rbs_motif=GGA/GAG/AGG;rbs_spacer=5-10bp;gc_cont=0.595	adeF	3000777	Strict	57.72	100.0	fluoroquinolone antibiotic; tetracycline antibiotic	antibiotic efflux	resistance-nodulation-cell division (RND) antibiotic efflux pump	tetracycline	False	chromosome_like	1		
RM2016_batch03_global10	ERR1713386	k141_387196	k141_387196_1 # 415 # 1071 # 1 # ID=56541_1;partial=00;start_type=ATG;rbs_motif=AGGAG;rbs_spacer=5-10bp;gc_cont=0.438	QnrS2	3002791	Perfect	100.0	100.0	fluoroquinolone antibiotic	antibiotic target protection	quinolone resistance protein (qnr)	ciprofloxacin; levofloxacin; moxifloxacin; gatifloxacin; nalidixic acid; norfloxacin; sparfloxacin	False	chromosome_like	1		
RM2016_batch03_global10	ERR1713386	k141_739635	k141_739635_7 # 6611 # 6943 # 1 # ID=56546_7;partial=00;start_type=ATG;rbs_motif=AGxAGG/AGGxGG;rbs_spacer=5-10bp;gc_cont=0.366	qacG	3007015	Strict	43.27	102.8	disinfecting agents and antiseptics	antibiotic efflux	small multidrug resistance (SMR) antibiotic efflux pump	benzalkonium chloride	False	chromosome_like	1		
RM2016_batch03_global10	ERR1713386	k141_853118	k141_853118_2 # 600 # 3731 # 1 # ID=56672_2;partial=00;start_type=GTG;rbs_motif=AGxAGG/AGGxGG;rbs_spacer=5-10bp;gc_cont=0.386	adeF	3000777	Strict	43.04	98.49	fluoroquinolone antibiotic; tetracycline antibiotic	antibiotic efflux	resistance-nodulation-cell division (RND) antibiotic efflux pump	tetracycline	False	chromosome_like	1		
RM2016_batch03_global10	ERR1713386	k141_387699	k141_387699_2 # 780 # 2318 # 1 # ID=57378_2;partial=00;start_type=ATG;rbs_motif=None;rbs_spacer=None;gc_cont=0.604	Klebsiella pneumoniae KpnH	3004597	Strict	93.75	100.0	macrolide antibiotic; fluoroquinolone antibiotic; aminoglycoside antibiotic; carbapenem; cephalosporin; penam; peptide antibiotic; penem	antibiotic efflux	major facilitator superfamily (MFS) antibiotic efflux pump	erythromycin; gentamicin C; ciprofloxacin; spectinomycin; streptomycin; tobramycin; ceftazidime; ertapenem; piperacillin; azithromycin; imipenem; polymyxin B; polymyxin B1; polymyxin B2; polymyxin B3; polymyxin B4; norfloxacin; ticarcillin; gentamicin	False	chromosome_like	1		
RM2016_batch03_global10	ERR1713386	k141_387749	k141_387749_3 # 1930 # 4296 # -1 # ID=57470_3;partial=00;start_type=ATG;rbs_motif=None;rbs_spacer=None;gc_cont=0.548	LptD	3005059	Strict	92.2	100.77	peptide antibiotic; aminocoumarin antibiotic; rifamycin antibiotic	antibiotic efflux	ATP-binding cassette (ABC) antibiotic efflux pump		False	chromosome_like	1		
RM2016_batch03_global10	ERR1713386	k141_387770	k141_387770_2 # 498 # 1349 # 1 # ID=57507_2;partial=01;start_type=TTG;rbs_motif=AAA;rbs_spacer=14bp;gc_cont=0.558	vanW gene in vanI cluster	3003724	Strict	27.27	76.14	glycopeptide antibiotic	antibiotic target alteration	vanW; glycopeptide resistance gene cluster	vancomycin; teicoplanin	False	chromosome_like	1		
RM2016_batch03_global10	ERR1713386	k141_853835	k141_853835_1 # 186 # 818 # -1 # ID=57629_1;partial=00;start_type=ATG;rbs_motif=GGA/GAG/AGG;rbs_spacer=5-10bp;gc_cont=0.493	catB3	3002676	Perfect	100.0	100.0	phenicol antibiotic	antibiotic inactivation	chloramphenicol acetyltransferase (CAT)	azidamfenicol; chloramphenicol; thiamphenicol	False	chromosome_like	1		
RM2016_batch03_global10	ERR1713386	k141_853835	k141_853835_2 # 956 # 1786 # -1 # ID=57629_2;partial=00;start_type=ATG;rbs_motif=None;rbs_spacer=None;gc_cont=0.344	OXA-1	3001396	Strict	98.91	100.0	carbapenem; cephalosporin; penam	antibiotic inactivation	OXA beta-lactamase	cloxacillin; oxacillin; amoxicillin; piperacillin; ampicillin; cefalotin	False	chromosome_like	1		
RM2016_batch03_global10	ERR1713386	k141_387913	k141_387913_2 # 168 # 623 # -1 # ID=57775_2;partial=00;start_type=ATG;rbs_motif=GGAG/GAGG;rbs_spacer=5-10bp;gc_cont=0.618	Pseudomonas aeruginosa soxR	3004107	Strict	70.42	96.79	fluoroquinolone antibiotic; cephalosporin; glycylcycline; penam; tetracycline antibiotic; rifamycin antibiotic; phenicol antibiotic; disinfecting agents and antiseptics	antibiotic target alteration; antibiotic efflux	ATP-binding cassette (ABC) antibiotic efflux pump; major facilitator superfamily (MFS) antibiotic efflux pump; resistance-nodulation-cell division (RND) antibiotic efflux pump	tigecycline; ciprofloxacin; acriflavine; tetracycline; rifampin; chloramphenicol; ampicillin; norfloxacin; cefalotin; triclosan	False	chromosome_like	1		
RM2016_batch03_global10	ERR1713386	k141_740606	k141_740606_1 # 3 # 212 # -1 # ID=58033_1;partial=10;start_type=ATG;rbs_motif=GGAG/GAGG;rbs_spacer=5-10bp;gc_cont=0.462	qacJ	3007014	Strict	55.22	65.42	disinfecting agents and antiseptics	antibiotic efflux	small multidrug resistance (SMR) antibiotic efflux pump	benzalkonium chloride	False	chromosome_like	1		
RM2016_batch03_global10	ERR1713386	k141_388108	k141_388108_1 # 3 # 2975 # 1 # ID=58078_1;partial=10;start_type=Edge;rbs_motif=None;rbs_spacer=None;gc_cont=0.689	adeF	3000777	Strict	43.65	93.48	fluoroquinolone antibiotic; tetracycline antibiotic	antibiotic efflux	resistance-nodulation-cell division (RND) antibiotic efflux pump	tetracycline	False	chromosome_like	1		
RM2016_batch03_global10	ERR1713386	k141_389075	k141_389075_3 # 904 # 1269 # -1 # ID=59409_3;partial=00;start_type=ATG;rbs_motif=None;rbs_spacer=None;gc_cont=0.388	qacJ	3007014	Strict	44.34	113.08	disinfecting agents and antiseptics	antibiotic efflux	small multidrug resistance (SMR) antibiotic efflux pump	benzalkonium chloride	True	plasmid_like		0.8021	
RM2016_batch03_global10	ERR1713386	k141_389390	k141_389390_3 # 1163 # 2401 # -1 # ID=59875_3;partial=00;start_type=ATG;rbs_motif=None;rbs_spacer=None;gc_cont=0.651	Mrx	3003839	Perfect	100.0	100.0	macrolide antibiotic	antibiotic inactivation	macrolide phosphotransferase (MPH)		True	plasmid_like		0.9844	
RM2016_batch03_global10	ERR1713386	k141_389390	k141_389390_4 # 2398 # 3303 # -1 # ID=59875_4;partial=00;start_type=ATG;rbs_motif=AGGAG;rbs_spacer=5-10bp;gc_cont=0.657	mphA	3000316	Perfect	100.0	100.0	macrolide antibiotic	antibiotic inactivation	macrolide phosphotransferase (MPH)	erythromycin; roxithromycin; telithromycin; clarithromycin; azithromycin; dirithromycin; oleandomycin	True	plasmid_like		0.9844	
RM2016_batch03_global10	ERR1713386	k141_507853	k141_507853_3 # 3670 # 4863 # 1 # ID=61219_3;partial=00;start_type=ATG;rbs_motif=GGAG/GAGG;rbs_spacer=5-10bp;gc_cont=0.539	Escherichia coli acrA	3004043	Perfect	100.0	100.0	fluoroquinolone antibiotic; cephalosporin; glycylcycline; penam; tetracycline antibiotic; rifamycin antibiotic; phenicol antibiotic; disinfecting agents and antiseptics	antibiotic efflux	resistance-nodulation-cell division (RND) antibiotic efflux pump	tigecycline; tetracycline; rifampin; chloramphenicol; ampicillin; cefalotin; triclosan	True	plasmid_like		0.8327	
RM2016_batch03_global10	ERR1713386	k141_507853	k141_507853_4 # 4886 # 8035 # 1 # ID=61219_4;partial=00;start_type=ATG;rbs_motif=AGGAG;rbs_spacer=5-10bp;gc_cont=0.537	acrB	3000216	Perfect	100.0	100.0	fluoroquinolone antibiotic; cephalosporin; glycylcycline; penam; tetracycline antibiotic; rifamycin antibiotic; phenicol antibiotic; disinfecting agents and antiseptics	antibiotic efflux	resistance-nodulation-cell division (RND) antibiotic efflux pump	tigecycline; tetracycline; rifampin; chloramphenicol; ampicillin; cefalotin; triclosan	True	plasmid_like		0.8327	
RM2016_batch03_global10	ERR1713386	k141_156630	k141_156630_11 # 16372 # 16701 # -1 # ID=61980_11;partial=00;start_type=ATG;rbs_motif=None;rbs_spacer=None;gc_cont=0.439	qacG	3007015	Strict	41.51	101.87	disinfecting agents and antiseptics	antibiotic efflux	small multidrug resistance (SMR) antibiotic efflux pump	benzalkonium chloride	False	chromosome_like	1		
RM2016_batch03_global10	ERR1713386	k141_42006	k141_42006_2 # 229 # 726 # 1 # ID=62648_2;partial=00;start_type=ATG;rbs_motif=AAAA;rbs_spacer=13bp;gc_cont=0.512	dfrA12	3002858	Perfect	100.0	100.0	diaminopyrimidine antibiotic	antibiotic target replacement	trimethoprim resistant dihydrofolate reductase dfr	trimethoprim	False	chromosome_like	1		
RM2016_batch03_global10	ERR1713386	k141_857631	k141_857631_15 # 10463 # 11575 # 1 # ID=62768_15;partial=00;start_type=ATG;rbs_motif=GGA/GAG/AGG;rbs_spacer=5-10bp;gc_cont=0.575	vanG	3002909	Strict	38.66	106.02	glycopeptide antibiotic	antibiotic target alteration	glycopeptide resistance gene cluster; Van ligase	vancomycin	False	chromosome_like	1		
RM2016_batch03_global10	ERR1713386	k141_392395	k141_392395_3 # 1806 # 2219 # 1 # ID=64064_3;partial=00;start_type=ATG;rbs_motif=GGA/GAG/AGG;rbs_spacer=5-10bp;gc_cont=0.469	H-NS	3000676	Perfect	100.0	100.0	macrolide antibiotic; fluoroquinolone antibiotic; cephalosporin; cephamycin; penam; tetracycline antibiotic	antibiotic efflux	major facilitator superfamily (MFS) antibiotic efflux pump; resistance-nodulation-cell division (RND) antibiotic efflux pump	erythromycin; cloxacillin; ciprofloxacin; tetracycline; oxacillin; norfloxacin	False	chromosome_like	1		
RM2016_batch03_global10	ERR1713386	k141_43015	k141_43015_2 # 1835 # 2167 # 1 # ID=64225_2;partial=00;start_type=GTG;rbs_motif=AGGAG;rbs_spacer=5-10bp;gc_cont=0.511	qacL	3005098	Strict	92.73	100.0	disinfecting agents and antiseptics	antibiotic efflux	small multidrug resistance (SMR) antibiotic efflux pump		True	plasmid_like		0.8744	
RM2016_batch03_global10	ERR1713386	k141_392647	k141_392647_2 # 425 # 1525 # 1 # ID=64436_2;partial=00;start_type=ATG;rbs_motif=GGA/GAG/AGG;rbs_spacer=5-10bp;gc_cont=0.581	vanG	3002909	Strict	38.53	104.87	glycopeptide antibiotic	antibiotic target alteration	glycopeptide resistance gene cluster; Van ligase	vancomycin	False	chromosome_like	1		
RM2016_batch03_global10	ERR1713386	k141_745320	k141_745320_3 # 536 # 1288 # 1 # ID=64559_3;partial=00;start_type=ATG;rbs_motif=GGA/GAG/AGG;rbs_spacer=5-10bp;gc_cont=0.530	vanY gene in vanF cluster	3002958	Strict	34.39	85.32	glycopeptide antibiotic	antibiotic target alteration	vanY; glycopeptide resistance gene cluster	vancomycin	False	chromosome_like	1		
RM2016_batch03_global10	ERR1713386	k141_858892	k141_858892_1 # 51 # 1154 # -1 # ID=64668_1;partial=01;start_type=Edge;rbs_motif=None;rbs_spacer=None;gc_cont=0.374	tet(36)	3000197	Strict	92.6	57.34	tetracycline antibiotic	antibiotic target protection	tetracycline-resistant ribosomal protection protein	tetracycline; doxycycline; minocycline; chlortetracycline; demeclocycline; oxytetracycline	False	chromosome_like	1		
RM2016_batch03_global10	ERR1713386	k141_158978	k141_158978_2 # 144 # 1250 # -1 # ID=65425_2;partial=00;start_type=ATG;rbs_motif=AGGAG;rbs_spacer=5-10bp;gc_cont=0.444	vanT gene in vanG cluster	3002972	Strict	36.61	51.69	glycopeptide antibiotic	antibiotic target alteration	glycopeptide resistance gene cluster; vanT	vancomycin	False	chromosome_like	1		
RM2016_batch03_global10	ERR1713386	k141_510788	k141_510788_2 # 720 # 1352 # -1 # ID=65581_2;partial=00;start_type=ATG;rbs_motif=GGAG/GAGG;rbs_spacer=5-10bp;gc_cont=0.491	CRP	3000518	Strict	98.1	100.0	macrolide antibiotic; fluoroquinolone antibiotic; penam	antibiotic efflux	resistance-nodulation-cell division (RND) antibiotic efflux pump	erythromycin; cloxacillin; oxacillin; norfloxacin	False	chromosome_like	1		
RM2016_batch03_global10	ERR1713386	k141_746616	k141_746616_2 # 722 # 3199 # -1 # ID=66506_2;partial=00;start_type=ATG;rbs_motif=TAAA;rbs_spacer=11bp;gc_cont=0.507	vanT gene in vanG cluster	3002972	Strict	34.96	115.87	glycopeptide antibiotic	antibiotic target alteration	glycopeptide resistance gene cluster; vanT	vancomycin	False	chromosome_like	1		
RM2016_batch03_global10	ERR1713386	k141_746828	k141_746828_10 # 9122 # 10765 # 1 # ID=66793_10;partial=00;start_type=ATG;rbs_motif=GGA/GAG/AGG;rbs_spacer=5-10bp;gc_cont=0.594	ArnT	3005053	Strict	72.05	99.27	peptide antibiotic	antibiotic target alteration	pmr phosphoethanolamine transferase	colistin A; colistin B	False	chromosome_like	1		
RM2016_batch03_global10	ERR1713386	k141_747298	k141_747298_8 # 6016 # 9156 # -1 # ID=67410_8;partial=00;start_type=ATG;rbs_motif=GGAG/GAGG;rbs_spacer=5-10bp;gc_cont=0.658	adeF	3000777	Strict	42.99	98.77	fluoroquinolone antibiotic; tetracycline antibiotic	antibiotic efflux	resistance-nodulation-cell division (RND) antibiotic efflux pump	tetracycline	False	chromosome_like	1		
RM2016_batch03_global10	ERR1713386	k141_395128	k141_395128_2 # 438 # 968 # -1 # ID=68165_2;partial=00;start_type=ATG;rbs_motif=GGAG/GAGG;rbs_spacer=5-10bp;gc_cont=0.490	emrR	3000516	Strict	94.29	100.0	fluoroquinolone antibiotic	antibiotic efflux	major facilitator superfamily (MFS) antibiotic efflux pump	nalidixic acid	False	chromosome_like	1		
RM2016_batch03_global10	ERR1713386	k141_861447	k141_861447_1 # 1 # 552 # 1 # ID=68378_1;partial=10;start_type=Edge;rbs_motif=None;rbs_spacer=None;gc_cont=0.701	vanY gene in vanM cluster	3002961	Strict	31.65	78.54	glycopeptide antibiotic	antibiotic target alteration	vanY; glycopeptide resistance gene cluster	vancomycin; teicoplanin	False	chromosome_like	1		
RM2016_batch03_global10	ERR1713386	k141_512818	k141_512818_2 # 175 # 591 # -1 # ID=69015_2;partial=00;start_type=ATG;rbs_motif=GGA/GAG/AGG;rbs_spacer=5-10bp;gc_cont=0.614	FosA8	3007371	Strict	59.56	97.87	phosphonic acid antibiotic	antibiotic inactivation	fosfomycin thiol transferase	fosfomycin	False	chromosome_like	1		
RM2016_batch03_global10	ERR1713386	k141_395812	k141_395812_11 # 10120 # 10452 # -1 # ID=69144_11;partial=00;start_type=ATG;rbs_motif=None;rbs_spacer=None;gc_cont=0.691	qacG	3007015	Strict	43.0	102.8	disinfecting agents and antiseptics	antibiotic efflux	small multidrug resistance (SMR) antibiotic efflux pump	benzalkonium chloride	False	chromosome_like	1		
RM2016_batch03_global10	ERR1713386	k141_47329	k141_47329_1 # 2 # 1219 # 1 # ID=70160_1;partial=11;start_type=Edge;rbs_motif=None;rbs_spacer=None;gc_cont=0.295	tet(44)	3000556	Strict	96.06	63.44	tetracycline antibiotic	antibiotic target protection	tetracycline-resistant ribosomal protection protein	tetracycline; doxycycline; minocycline; chlortetracycline; demeclocycline; oxytetracycline	False	chromosome_like	1		
RM2016_batch03_global10	ERR1713386	k141_48128	k141_48128_1 # 347 # 2206 # 1 # ID=71278_1;partial=00;start_type=ATG;rbs_motif=AGxAG;rbs_spacer=5-10bp;gc_cont=0.312	tet(36)	3000197	Strict	35.51	96.72	tetracycline antibiotic	antibiotic target protection	tetracycline-resistant ribosomal protection protein	tetracycline; doxycycline; minocycline; chlortetracycline; demeclocycline; oxytetracycline	False	chromosome_like	1		
RM2016_batch03_global10	ERR1713386	k141_631832	k141_631832_1 # 190 # 1065 # 1 # ID=71724_1;partial=00;start_type=ATG;rbs_motif=AGGA;rbs_spacer=5-10bp;gc_cont=0.549	CTX-M-15	3001878	Strict	99.66	100.0	cephalosporin; penam	antibiotic inactivation	CTX-M beta-lactamase	cefazolin; ceftazidime; ceftriaxone; ampicillin; cefalotin	False	chromosome_like	1		
RM2016_batch03_global10	ERR1713386	k141_514904	k141_514904_3 # 1830 # 4982 # 1 # ID=71989_3;partial=00;start_type=ATG;rbs_motif=GGA/GAG/AGG;rbs_spacer=5-10bp;gc_cont=0.322	adeF	3000777	Strict	41.91	99.15	fluoroquinolone antibiotic; tetracycline antibiotic	antibiotic efflux	resistance-nodulation-cell division (RND) antibiotic efflux pump	tetracycline	False	chromosome_like	1		
RM2016_batch03_global10	ERR1713386	k141_750851	k141_750851_2 # 1357 # 2301 # -1 # ID=72049_2;partial=00;start_type=ATG;rbs_motif=GGAG/GAGG;rbs_spacer=5-10bp;gc_cont=0.502	leuO	3003843	Strict	78.66	100.0	nucleoside antibiotic; disinfecting agents and antiseptics	antibiotic efflux	major facilitator superfamily (MFS) antibiotic efflux pump	acriflavine; puromycin	False	chromosome_like	1		
RM2016_batch03_global10	ERR1713386	k141_863994	k141_863994_2 # 529 # 2625 # 1 # ID=72093_2;partial=01;start_type=ATG;rbs_motif=GGA/GAG/AGG;rbs_spacer=5-10bp;gc_cont=0.442	adeF	3000777	Strict	59.31	66.01	fluoroquinolone antibiotic; tetracycline antibiotic	antibiotic efflux	resistance-nodulation-cell division (RND) antibiotic efflux pump	tetracycline	False	chromosome_like	1		
RM2016_batch03_global10	ERR1713386	k141_751244	k141_751244_5 # 1882 # 2544 # -1 # ID=72726_5;partial=00;start_type=ATG;rbs_motif=None;rbs_spacer=None;gc_cont=0.440	AcrS	3000656	Strict	99.55	100.0	fluoroquinolone antibiotic; cephalosporin; glycylcycline; cephamycin; penam; tetracycline antibiotic; rifamycin antibiotic; phenicol antibiotic; disinfecting agents and antiseptics	antibiotic efflux	resistance-nodulation-cell division (RND) antibiotic efflux pump	tigecycline; ciprofloxacin; tetracycline; rifampin; chloramphenicol; ampicillin; cefalotin; triclosan	False	chromosome_like	1		
RM2016_batch03_global10	ERR1713386	k141_751244	k141_751244_6 # 2943 # 4100 # 1 # ID=72726_6;partial=00;start_type=ATG;rbs_motif=GGAG/GAGG;rbs_spacer=5-10bp;gc_cont=0.525	AcrE	3000499	Perfect	100.0	100.0	fluoroquinolone antibiotic; cephalosporin; cephamycin; penam	antibiotic efflux	resistance-nodulation-cell division (RND) antibiotic efflux pump	ciprofloxacin	False	chromosome_like	1		
RM2016_batch03_global10	ERR1713386	k141_751244	k141_751244_7 # 4112 # 7216 # 1 # ID=72726_7;partial=00;start_type=ATG;rbs_motif=GGA/GAG/AGG;rbs_spacer=5-10bp;gc_cont=0.513	AcrF	3000502	Strict	99.81	100.0	fluoroquinolone antibiotic; cephalosporin; cephamycin; penam	antibiotic efflux	resistance-nodulation-cell division (RND) antibiotic efflux pump	ciprofloxacin	False	chromosome_like	1		
RM2016_batch03_global10	ERR1713386	k141_751421	k141_751421_2 # 382 # 726 # 1 # ID=72975_2;partial=00;start_type=ATG;rbs_motif=AGGA/GGAG/GAGG;rbs_spacer=11-12bp;gc_cont=0.371	qacG	3007015	Strict	46.15	106.54	disinfecting agents and antiseptics	antibiotic efflux	small multidrug resistance (SMR) antibiotic efflux pump	benzalkonium chloride	False	chromosome_like	1		
RM2016_batch03_global10	ERR1713386	k141_752167	k141_752167_2 # 1169 # 2056 # 1 # ID=74002_2;partial=00;start_type=ATG;rbs_motif=None;rbs_spacer=None;gc_cont=0.455	vanW gene in vanG cluster	3002965	Strict	32.22	104.98	glycopeptide antibiotic	antibiotic target alteration	vanW; glycopeptide resistance gene cluster	vancomycin	False	chromosome_like	1		
RM2016_batch03_global10	ERR1713386	k141_165389	k141_165389_6 # 5478 # 8591 # -1 # ID=74326_6;partial=00;start_type=ATG;rbs_motif=AGGA;rbs_spacer=5-10bp;gc_cont=0.567	adeF	3000777	Strict	41.18	97.92	fluoroquinolone antibiotic; tetracycline antibiotic	antibiotic efflux	resistance-nodulation-cell division (RND) antibiotic efflux pump	tetracycline	True	plasmid_like		0.9551	
RM2016_batch03_global10	ERR1713386	k141_865670	k141_865670_2 # 1343 # 2608 # -1 # ID=74558_2;partial=00;start_type=GTG;rbs_motif=AGGAG;rbs_spacer=5-10bp;gc_cont=0.546	cmlB1	3002699	Perfect	100.0	100.0	phenicol antibiotic	antibiotic efflux	major facilitator superfamily (MFS) antibiotic efflux pump	chloramphenicol	False	chromosome_like	1		
RM2016_batch03_global10	ERR1713386	k141_282228	k141_282228_6 # 3885 # 4880 # 1 # ID=74651_6;partial=00;start_type=ATG;rbs_motif=TATAA;rbs_spacer=3bp;gc_cont=0.358	CfxA6	3003097	Strict	99.4	100.0	cephamycin	antibiotic inactivation	CfxA beta-lactamase		False	chromosome_like	1		
RM2016_batch03_global10	ERR1713386	k141_865812	k141_865812_3 # 1172 # 4285 # -1 # ID=74763_3;partial=00;start_type=ATG;rbs_motif=GGAG/GAGG;rbs_spacer=5-10bp;gc_cont=0.541	acrD	3000491	Strict	99.9	100.0	aminoglycoside antibiotic	antibiotic efflux	resistance-nodulation-cell division (RND) antibiotic efflux pump		False	chromosome_like	1		
RM2016_batch03_global10	ERR1713386	k141_165938	k141_165938_4 # 1589 # 2734 # -1 # ID=75096_4;partial=00;start_type=ATG;rbs_motif=GGA/GAG/AGG;rbs_spacer=5-10bp;gc_cont=0.539	CMY-4	3002015	Strict	99.48	100.0	cephamycin	antibiotic inactivation	CMY beta-lactamase		False	chromosome_like	1		
RM2016_batch03_global10	ERR1713386	k141_51269	k141_51269_1 # 162 # 1484 # 1 # ID=75911_1;partial=00;start_type=ATG;rbs_motif=GGAG/GAGG;rbs_spacer=5-10bp;gc_cont=0.580	Acinetobacter baumannii AbaQ	3004574	Strict	72.58	101.38	fluoroquinolone antibiotic	antibiotic efflux	major facilitator superfamily (MFS) antibiotic efflux pump		False	chromosome_like	1		
RM2016_batch03_global10	ERR1713386	k141_400221	k141_400221_44 # 43196 # 44455 # 1 # ID=76144_44;partial=00;start_type=ATG;rbs_motif=None;rbs_spacer=None;gc_cont=0.567	vanT gene in vanG cluster	3002972	Strict	37.94	58.85	glycopeptide antibiotic	antibiotic target alteration	glycopeptide resistance gene cluster; vanT	vancomycin	False	chromosome_like	1		
RM2016_batch03_global10	ERR1713386	k141_635208	k141_635208_6 # 3767 # 4267 # 1 # ID=76579_6;partial=00;start_type=ATG;rbs_motif=AGGAG;rbs_spacer=5-10bp;gc_cont=0.325	nimJ	3007112	Strict	60.13	100.61	nitroimidazole antibiotic	antibiotic inactivation	nitroimidazole reductase	metronidazole	True	plasmid_like		0.9938	
RM2016_batch03_global10	ERR1713386	k141_167129	k141_167129_2 # 697 # 1026 # 1 # ID=76737_2;partial=00;start_type=ATG;rbs_motif=AGGA/GGAG/GAGG;rbs_spacer=11-12bp;gc_cont=0.406	qacJ	3007014	Strict	37.74	101.87	disinfecting agents and antiseptics	antibiotic efflux	small multidrug resistance (SMR) antibiotic efflux pump	benzalkonium chloride	False	chromosome_like	1		
RM2016_batch03_global10	ERR1713386	k141_400747	k141_400747_1 # 2 # 1120 # 1 # ID=76874_1;partial=10;start_type=Edge;rbs_motif=None;rbs_spacer=None;gc_cont=0.481	vanT gene in vanC cluster	3002970	Strict	32.96	53.3	glycopeptide antibiotic	antibiotic target alteration	glycopeptide resistance gene cluster; vanT	vancomycin	False	chromosome_like	1		
RM2016_batch03_global10	ERR1713386	k141_636916	k141_636916_2 # 600 # 1130 # -1 # ID=78836_2;partial=00;start_type=ATG;rbs_motif=AGGA/GGAG/GAGG;rbs_spacer=11-12bp;gc_cont=0.529	emrR	3000516	Strict	93.14	100.0	fluoroquinolone antibiotic	antibiotic efflux	major facilitator superfamily (MFS) antibiotic efflux pump	nalidixic acid	False	chromosome_like	1		
RM2016_batch03_global10	ERR1713386	k141_168650	k141_168650_47 # 52602 # 53309 # -1 # ID=79284_47;partial=00;start_type=ATG;rbs_motif=None;rbs_spacer=None;gc_cont=0.583	vanX gene in vanP cluster	3007190	Strict	47.47	116.34	glycopeptide antibiotic	antibiotic target alteration	vanX; glycopeptide resistance gene cluster	vancomycin; teicoplanin	False	chromosome_like	1		
RM2016_batch03_global10	ERR1713386	k141_402529	k141_402529_2 # 272 # 1099 # -1 # ID=79434_2;partial=00;start_type=ATG;rbs_motif=AGGA;rbs_spacer=5-10bp;gc_cont=0.499	OXA-2	3001397	Perfect	100.0	100.0	carbapenem; cephalosporin; penam	antibiotic inactivation	OXA beta-lactamase	cloxacillin; oxacillin; ceftazidime; amoxicillin; meropenem; ampicillin; cefalotin	False	chromosome_like	1		
RM2016_batch03_global10	ERR1713386	k141_869657	k141_869657_1 # 242 # 736 # -1 # ID=79841_1;partial=00;start_type=ATG;rbs_motif=GGAGG;rbs_spacer=5-10bp;gc_cont=0.325	dfrF	3002867	Perfect	100.0	100.0	diaminopyrimidine antibiotic	antibiotic target replacement	trimethoprim resistant dihydrofolate reductase dfr	trimethoprim	False	chromosome_like	1		
RM2016_batch03_global10	ERR1713386	k141_756790	k141_756790_2 # 1572 # 2786 # 1 # ID=80055_2;partial=00;start_type=ATG;rbs_motif=AGGA/GGAG/GAGG;rbs_spacer=11-12bp;gc_cont=0.584	floR	3002705	Strict	99.75	100.0	phenicol antibiotic	antibiotic efflux	major facilitator superfamily (MFS) antibiotic efflux pump	chloramphenicol; florfenicol	True	plasmid_like		0.9435	
RM2016_batch03_global10	ERR1713386	k141_55385	k141_55385_11 # 11658 # 11987 # 1 # ID=81389_11;partial=00;start_type=ATG;rbs_motif=AGGAG;rbs_spacer=5-10bp;gc_cont=0.439	qacG	3007015	Strict	44.34	101.87	disinfecting agents and antiseptics	antibiotic efflux	small multidrug resistance (SMR) antibiotic efflux pump	benzalkonium chloride	False	chromosome_like	1		
RM2016_batch03_global10	ERR1713386	k141_56410	k141_56410_6 # 5419 # 5748 # -1 # ID=82772_6;partial=00;start_type=ATG;rbs_motif=GGAGG;rbs_spacer=5-10bp;gc_cont=0.567	Klebsiella pneumoniae KpnF	3004583	Strict	84.4	100.0	macrolide antibiotic; aminoglycoside antibiotic; cephalosporin; tetracycline antibiotic; peptide antibiotic; rifamycin antibiotic; disinfecting agents and antiseptics	antibiotic efflux	small multidrug resistance (SMR) antibiotic efflux pump	erythromycin; streptomycin; tetracycline; cefepime; ceftriaxone; rifampin; colistin A; colistin B; triclosan; benzalkonium chloride; chlorhexidine	False	chromosome_like	1		
RM2016_batch03_global10	ERR1713386	k141_56594	k141_56594_2 # 783 # 3896 # -1 # ID=83029_2;partial=00;start_type=ATG;rbs_motif=GGAG/GAGG;rbs_spacer=5-10bp;gc_cont=0.593	adeF	3000777	Strict	41.22	97.92	fluoroquinolone antibiotic; tetracycline antibiotic	antibiotic efflux	resistance-nodulation-cell division (RND) antibiotic efflux pump	tetracycline	False	chromosome_like	1		
RM2016_batch03_global10	ERR1713386	k141_522789	k141_522789_2 # 344 # 853 # 1 # ID=83213_2;partial=00;start_type=ATG;rbs_motif=TAA;rbs_spacer=10bp;gc_cont=0.345	dfrA20	3003016	Strict	99.41	100.0	diaminopyrimidine antibiotic	antibiotic target replacement	trimethoprim resistant dihydrofolate reductase dfr	trimethoprim	False	chromosome_like	1		
RM2016_batch03_global10	ERR1713386	k141_288962	k141_288962_3 # 2271 # 2603 # 1 # ID=83815_3;partial=00;start_type=ATG;rbs_motif=GGA/GAG/AGG;rbs_spacer=5-10bp;gc_cont=0.432	qacJ	3007014	Strict	43.27	102.8	disinfecting agents and antiseptics	antibiotic efflux	small multidrug resistance (SMR) antibiotic efflux pump	benzalkonium chloride	False	chromosome_like	1		
RM2016_batch03_global10	ERR1713386	k141_289112	k141_289112_2 # 783 # 1865 # -1 # ID=84034_2;partial=00;start_type=TTG;rbs_motif=GGA/GAG/AGG;rbs_spacer=5-10bp;gc_cont=0.394	vanY gene in vanB cluster	3002956	Strict	42.16	134.33	glycopeptide antibiotic	antibiotic target alteration	vanY; glycopeptide resistance gene cluster	vancomycin	False	chromosome_like	1		
RM2016_batch03_global10	ERR1713386	k141_872888	k141_872888_3 # 2732 # 3454 # 1 # ID=84189_3;partial=00;start_type=ATG;rbs_motif=GGAG/GAGG;rbs_spacer=5-10bp;gc_cont=0.593	baeR	3000828	Strict	95.4	100.0	aminoglycoside antibiotic; aminocoumarin antibiotic	antibiotic efflux	resistance-nodulation-cell division (RND) antibiotic efflux pump	novobiocin	False	chromosome_like	1		
RM2016_batch03_global10	ERR1713386	k141_523810	k141_523810_1 # 63 # 887 # 1 # ID=84736_1;partial=00;start_type=ATG;rbs_motif=None;rbs_spacer=None;gc_cont=0.259	OXA-347	3001777	Perfect	100.0	100.0	carbapenem; cephalosporin; penam	antibiotic inactivation	OXA beta-lactamase	cloxacillin; oxacillin; cefalotin	False	chromosome_like	1		
RM2016_batch03_global10	ERR1713386	k141_58439	k141_58439_2 # 486 # 1016 # -1 # ID=85693_2;partial=01;start_type=Edge;rbs_motif=None;rbs_spacer=None;gc_cont=0.614	vanY gene in vanB cluster	3002956	Strict	41.38	65.67	glycopeptide antibiotic	antibiotic target alteration	vanY; glycopeptide resistance gene cluster	vancomycin	False	chromosome_like	1		
RM2016_batch03_global10	ERR1713386	k141_874112	k141_874112_2 # 1028 # 1648 # -1 # ID=85904_2;partial=01;start_type=Edge;rbs_motif=None;rbs_spacer=None;gc_cont=0.496	CRP	3000518	Strict	99.03	98.1	macrolide antibiotic; fluoroquinolone antibiotic; penam	antibiotic efflux	resistance-nodulation-cell division (RND) antibiotic efflux pump	erythromycin; cloxacillin; oxacillin; norfloxacin	False	chromosome_like	1		
RM2016_batch03_global10	ERR1713386	k141_874395	k141_874395_1 # 2 # 1195 # -1 # ID=86392_1;partial=10;start_type=ATG;rbs_motif=GGAG/GAGG;rbs_spacer=5-10bp;gc_cont=0.631	ArnT	3005053	Strict	53.79	72.23	peptide antibiotic	antibiotic target alteration	pmr phosphoethanolamine transferase	colistin A; colistin B	False	chromosome_like	1		
RM2016_batch03_global10	ERR1713386	k141_174683	k141_174683_2 # 871 # 1734 # -1 # ID=87492_2;partial=00;start_type=ATG;rbs_motif=GGA/GAG/AGG;rbs_spacer=5-10bp;gc_cont=0.534	GES-5	3002334	Perfect	100.0	100.0	carbapenem; cephalosporin; penam	antibiotic inactivation	GES beta-lactamase		False	chromosome_like	1		
RM2016_batch03_global10	ERR1713386	k141_59879	k141_59879_1 # 18 # 347 # -1 # ID=87611_1;partial=00;start_type=ATG;rbs_motif=3Base/5BMM;rbs_spacer=13-15bp;gc_cont=0.418	qacJ	3007014	Strict	37.74	101.87	disinfecting agents and antiseptics	antibiotic efflux	small multidrug resistance (SMR) antibiotic efflux pump	benzalkonium chloride	False	chromosome_like	1		
RM2016_batch03_global10	ERR1713386	k141_408399	k141_408399_2 # 183 # 2102 # -1 # ID=87614_2;partial=00;start_type=ATG;rbs_motif=GGAGG;rbs_spacer=5-10bp;gc_cont=0.531	tet(W)	3000194	Perfect	100.0	100.0	tetracycline antibiotic	antibiotic target protection	tetracycline-resistant ribosomal protection protein	tetracycline; doxycycline; minocycline; chlortetracycline; demeclocycline; oxytetracycline	False	chromosome_like	1		
RM2016_batch03_global10	ERR1713386	k141_875503	k141_875503_1 # 2 # 802 # -1 # ID=87901_1;partial=10;start_type=ATG;rbs_motif=AGGAG/GGAGG;rbs_spacer=11-12bp;gc_cont=0.634	vanW gene in vanI cluster	3003724	Strict	30.16	71.58	glycopeptide antibiotic	antibiotic target alteration	vanW; glycopeptide resistance gene cluster	vancomycin; teicoplanin	False	chromosome_like	1		
RM2016_batch03_global10	ERR1713386	k141_293441	k141_293441_2 # 159 # 632 # 1 # ID=89745_2;partial=00;start_type=GTG;rbs_motif=GGAG/GAGG;rbs_spacer=5-10bp;gc_cont=0.397	dfrA1	3002854	Strict	99.36	100.0	diaminopyrimidine antibiotic	antibiotic target replacement	trimethoprim resistant dihydrofolate reductase dfr	trimethoprim	False	chromosome_like	1		
RM2016_batch03_global10	ERR1713386	k141_765046	k141_765046_3 # 916 # 2013 # -1 # ID=90866_3;partial=00;start_type=ATG;rbs_motif=GGA/GAG/AGG;rbs_spacer=5-10bp;gc_cont=0.583	vanG	3002909	Strict	38.48	104.58	glycopeptide antibiotic	antibiotic target alteration	glycopeptide resistance gene cluster; Van ligase	vancomycin	False	chromosome_like	1		
RM2016_batch03_global10	ERR1713386	k141_528512	k141_528512_3 # 1031 # 1363 # -1 # ID=91495_3;partial=00;start_type=ATG;rbs_motif=AGGA/GGAG/GAGG;rbs_spacer=11-12bp;gc_cont=0.438	Escherichia coli emrE	3004039	Strict	98.18	100.0	macrolide antibiotic	antibiotic efflux	small multidrug resistance (SMR) antibiotic efflux pump	erythromycin	False	chromosome_like	1		
RM2016_batch03_global10	ERR1713386	k141_411472	k141_411472_1 # 1 # 843 # 1 # ID=91800_1;partial=10;start_type=Edge;rbs_motif=None;rbs_spacer=None;gc_cont=0.585	vanH gene in vanO cluster	3002948	Strict	44.58	80.0	glycopeptide antibiotic	antibiotic target alteration	vanH; glycopeptide resistance gene cluster	vancomycin	False	chromosome_like	1		
RM2016_batch03_global10	ERR1713386	k141_295265	k141_295265_2 # 206 # 838 # -1 # ID=92135_2;partial=00;start_type=ATG;rbs_motif=GGAG/GAGG;rbs_spacer=5-10bp;gc_cont=0.513	CRP	3000518	Strict	99.05	100.0	macrolide antibiotic; fluoroquinolone antibiotic; penam	antibiotic efflux	resistance-nodulation-cell division (RND) antibiotic efflux pump	erythromycin; cloxacillin; oxacillin; norfloxacin	False	chromosome_like	1		
RM2016_batch03_global10	ERR1713386	k141_178828	k141_178828_2 # 568 # 1086 # -1 # ID=93106_2;partial=01;start_type=Edge;rbs_motif=None;rbs_spacer=None;gc_cont=0.432	vanW gene in vanG cluster	3002965	Strict	32.54	61.21	glycopeptide antibiotic	antibiotic target alteration	vanW; glycopeptide resistance gene cluster	vancomycin	False	chromosome_like	1		
RM2016_batch03_global10	ERR1713386	k141_767427	k141_767427_4 # 2545 # 2928 # -1 # ID=93890_4;partial=00;start_type=ATG;rbs_motif=GGAG/GAGG;rbs_spacer=5-10bp;gc_cont=0.490	marA	3000263	Strict	93.65	100.0	fluoroquinolone antibiotic; monobactam; carbapenem; cephalosporin; glycylcycline; cephamycin; penam; tetracycline antibiotic; rifamycin antibiotic; phenicol antibiotic; penem; disinfecting agents and antiseptics	antibiotic efflux; reduced permeability to antibiotic	resistance-nodulation-cell division (RND) antibiotic efflux pump; General Bacterial Porin with reduced permeability to beta-lactams	tigecycline; tetracycline; rifampin; chloramphenicol; ampicillin; cefalotin; triclosan	True	plasmid_like		0.886	
RM2016_batch03_global10	ERR1713386	k141_297037	k141_297037_4 # 4495 # 6186 # -1 # ID=94249_4;partial=00;start_type=ATG;rbs_motif=GGA/GAG/AGG;rbs_spacer=5-10bp;gc_cont=0.593	ArnT	3005053	Strict	40.67	102.18	peptide antibiotic	antibiotic target alteration	pmr phosphoethanolamine transferase	colistin A; colistin B	False	chromosome_like	1		
RM2016_batch03_global10	ERR1713386	k141_880350	k141_880350_8 # 6709 # 7530 # 1 # ID=94683_8;partial=00;start_type=ATG;rbs_motif=GGA/GAG/AGG;rbs_spacer=5-10bp;gc_cont=0.524	bacA	3002986	Strict	99.63	100.0	peptide antibiotic	antibiotic target alteration	undecaprenyl pyrophosphate related proteins	bacitracin; bacitracin A; bacitracin B; bacitracin F	False	chromosome_like	1		
RM2016_batch03_global10	ERR1713386	k141_531689	k141_531689_2 # 285 # 1451 # 1 # ID=95612_2;partial=00;start_type=ATG;rbs_motif=None;rbs_spacer=None;gc_cont=0.374	tet(X)	3000205	Strict	99.23	100.0	glycylcycline; tetracycline antibiotic	antibiotic inactivation	tetracycline inactivation enzyme	tigecycline; tetracycline; doxycycline; minocycline; chlortetracycline; demeclocycline; oxytetracycline	False	chromosome_like	1		
RM2016_batch03_global10	ERR1713386	k141_531689	k141_531689_3 # 1692 # 2576 # -1 # ID=95612_3;partial=00;start_type=ATG;rbs_motif=AAAAA;rbs_spacer=11bp;gc_cont=0.367	mphG	3003742	Strict	99.32	100.0	macrolide antibiotic	antibiotic inactivation	macrolide phosphotransferase (MPH)	erythromycin; clarithromycin; azithromycin	False	chromosome_like	1		
RM2016_batch03_global10	ERR1713386	k141_531781	k141_531781_7 # 8589 # 11741 # -1 # ID=95770_7;partial=00;start_type=ATG;rbs_motif=GGA/GAG/AGG;rbs_spacer=5-10bp;gc_cont=0.655	adeF	3000777	Strict	43.13	99.15	fluoroquinolone antibiotic; tetracycline antibiotic	antibiotic efflux	resistance-nodulation-cell division (RND) antibiotic efflux pump	tetracycline	False	chromosome_like	1		
RM2016_batch03_global10	ERR1713386	k141_533198	k141_533198_4 # 3234 # 4781 # -1 # ID=97675_4;partial=00;start_type=ATG;rbs_motif=GGA/GAG/AGG;rbs_spacer=5-10bp;gc_cont=0.594	emrB	3000074	Strict	93.59	100.59	fluoroquinolone antibiotic	antibiotic efflux	major facilitator superfamily (MFS) antibiotic efflux pump	nalidixic acid	True	plasmid_like		0.8214	
RM2016_batch03_global10	ERR1713386	k141_533198	k141_533198_6 # 6101 # 6631 # -1 # ID=97675_6;partial=00;start_type=ATG;rbs_motif=AGGA/GGAG/GAGG;rbs_spacer=11-12bp;gc_cont=0.539	emrR	3000516	Strict	94.86	100.0	fluoroquinolone antibiotic	antibiotic efflux	major facilitator superfamily (MFS) antibiotic efflux pump	nalidixic acid	True	plasmid_like		0.8214	
RM2016_batch03_global10	ERR1713386	k141_67575	k141_67575_4 # 2326 # 2655 # -1 # ID=97695_4;partial=00;start_type=ATG;rbs_motif=GGAGG;rbs_spacer=5-10bp;gc_cont=0.515	Klebsiella pneumoniae KpnF	3004583	Strict	84.4	100.0	macrolide antibiotic; aminoglycoside antibiotic; cephalosporin; tetracycline antibiotic; peptide antibiotic; rifamycin antibiotic; disinfecting agents and antiseptics	antibiotic efflux	small multidrug resistance (SMR) antibiotic efflux pump	erythromycin; streptomycin; tetracycline; cefepime; ceftriaxone; rifampin; colistin A; colistin B; triclosan; benzalkonium chloride; chlorhexidine	True	plasmid_like		0.8384	
RM2016_batch03_global10	ERR1713386	k141_67575	k141_67575_5 # 2642 # 3007 # -1 # ID=97695_5;partial=00;start_type=ATG;rbs_motif=AGGAG;rbs_spacer=5-10bp;gc_cont=0.426	Klebsiella pneumoniae KpnE	3004580	Strict	82.2	100.83	macrolide antibiotic; aminoglycoside antibiotic; cephalosporin; tetracycline antibiotic; peptide antibiotic; rifamycin antibiotic; disinfecting agents and antiseptics	antibiotic efflux	small multidrug resistance (SMR) antibiotic efflux pump	erythromycin; streptomycin; tetracycline; cefepime; ceftriaxone; rifampin; colistin A; colistin B; triclosan; benzalkonium chloride; chlorhexidine	True	plasmid_like		0.8384	
RM2016_batch03_global10	ERR1713386	k141_770626	k141_770626_2 # 548 # 2296 # 1 # ID=97928_2;partial=00;start_type=ATG;rbs_motif=None;rbs_spacer=None;gc_cont=0.562	msbA	3003950	Strict	92.96	100.0	nitroimidazole antibiotic	antibiotic efflux	ATP-binding cassette (ABC) antibiotic efflux pump	metronidazole	False	chromosome_like	1		
RM2016_batch03_global10	ERR1713386	k141_300267	k141_300267_1 # 281 # 1246 # 1 # ID=98353_1;partial=00;start_type=ATG;rbs_motif=TATAA;rbs_spacer=11bp;gc_cont=0.357	CfxA5	3003096	Perfect	100.0	100.0	cephamycin	antibiotic inactivation	CfxA beta-lactamase		True	plasmid_like		0.986	
RM2016_batch03_global10	ERR1713386	k141_534662	k141_534662_1 # 3 # 782 # 1 # ID=99538_1;partial=10;start_type=Edge;rbs_motif=None;rbs_spacer=None;gc_cont=0.523	aadA	3002601	Strict	92.66	98.48	aminoglycoside antibiotic	antibiotic inactivation	ANT(3'')	spectinomycin; streptomycin	False	chromosome_like	1		
RM2016_batch03_global10	ERR1713386	k141_884072	k141_884072_2 # 412 # 1671 # 1 # ID=99544_2;partial=00;start_type=GTG;rbs_motif=AGGAG;rbs_spacer=5-10bp;gc_cont=0.556	cmlA5	3002695	Strict	99.52	100.0	phenicol antibiotic	antibiotic efflux	major facilitator superfamily (MFS) antibiotic efflux pump	chloramphenicol	False	chromosome_like	1		
RM2016_batch03_global10	ERR1713386	k141_418057	k141_418057_1 # 149 # 541 # 1 # ID=100416_1;partial=00;start_type=TTG;rbs_motif=AAAA;rbs_spacer=4bp;gc_cont=0.354	qacJ	3007014	Strict	44.34	121.5	disinfecting agents and antiseptics	antibiotic efflux	small multidrug resistance (SMR) antibiotic efflux pump	benzalkonium chloride	False	chromosome_like	1		
RM2016_batch03_global10	ERR1713386	k141_773186	k141_773186_2 # 372 # 1169 # -1 # ID=101321_2;partial=00;start_type=ATG;rbs_motif=GGA/GAG/AGG;rbs_spacer=11-12bp;gc_cont=0.549	aadA7	3002607	Strict	99.62	100.0	aminoglycoside antibiotic	antibiotic inactivation	ANT(3'')	spectinomycin; streptomycin	False	chromosome_like	1		
RM2016_batch03_global10	ERR1713386	k141_885578	k141_885578_1 # 1 # 1065 # 1 # ID=101498_1;partial=11;start_type=Edge;rbs_motif=None;rbs_spacer=None;gc_cont=0.622	vanT gene in vanG cluster	3002972	Strict	34.03	49.86	glycopeptide antibiotic	antibiotic target alteration	glycopeptide resistance gene cluster; vanT	vancomycin	False	chromosome_like	1		
RM2016_batch03_global10	ERR1713386	k141_535999	k141_535999_72 # 62582 # 63694 # -1 # ID=101522_72;partial=00;start_type=GTG;rbs_motif=AGGAG;rbs_spacer=5-10bp;gc_cont=0.394	vanT gene in vanG cluster	3002972	Strict	38.52	51.97	glycopeptide antibiotic	antibiotic target alteration	glycopeptide resistance gene cluster; vanT	vancomycin	False	chromosome_like	1		
RM2016_batch03_global10	ERR1713386	k141_773620	k141_773620_1 # 2 # 667 # 1 # ID=101880_1;partial=10;start_type=Edge;rbs_motif=None;rbs_spacer=None;gc_cont=0.309	vanE	3002907	Strict	60.0	62.78	glycopeptide antibiotic	antibiotic target alteration	glycopeptide resistance gene cluster; Van ligase	vancomycin	False	chromosome_like	1		
RM2016_batch03_global10	ERR1713386	k141_773620	k141_773620_2 # 630 # 1211 # 1 # ID=101880_2;partial=00;start_type=ATG;rbs_motif=AGGAG;rbs_spacer=5-10bp;gc_cont=0.345	vanXY gene in vanE cluster	3002967	Strict	60.33	100.0	glycopeptide antibiotic	antibiotic target alteration	glycopeptide resistance gene cluster; vanXY	vancomycin	False	chromosome_like	1		
RM2016_batch03_global10	ERR1713386	k141_773620	k141_773620_3 # 1201 # 2310 # 1 # ID=101880_3;partial=01;start_type=ATG;rbs_motif=GGA/GAG/AGG;rbs_spacer=5-10bp;gc_cont=0.282	vanT gene in vanE cluster	3002971	Strict	55.5	52.71	glycopeptide antibiotic	antibiotic target alteration	glycopeptide resistance gene cluster; vanT	vancomycin	False	chromosome_like	1		
RM2016_batch03_global10	ERR1713386	k141_303890	k141_303890_1 # 1 # 1917 # -1 # ID=103268_1;partial=10;start_type=ATG;rbs_motif=GGAG/GAGG;rbs_spacer=5-10bp;gc_cont=0.388	tet(M)	3000186	Strict	93.78	100.0	tetracycline antibiotic	antibiotic target protection	tetracycline-resistant ribosomal protection protein	tetracycline; doxycycline; minocycline; chlortetracycline; demeclocycline; oxytetracycline	False	chromosome_like	1		
RM2016_batch03_global10	ERR1713386	k141_655741	k141_655741_11 # 10738 # 11070 # -1 # ID=103612_11;partial=00;start_type=ATG;rbs_motif=GGA/GAG/AGG;rbs_spacer=5-10bp;gc_cont=0.538	qacJ	3007014	Strict	36.54	102.8	disinfecting agents and antiseptics	antibiotic efflux	small multidrug resistance (SMR) antibiotic efflux pump	benzalkonium chloride	False	chromosome_like	1		
RM2016_batch03_global10	ERR1713386	k141_71986	k141_71986_3 # 715 # 1839 # 1 # ID=103730_3;partial=00;start_type=GTG;rbs_motif=GGA/GAG/AGG;rbs_spacer=5-10bp;gc_cont=0.466	vanT gene in vanG cluster	3002972	Strict	33.15	52.53	glycopeptide antibiotic	antibiotic target alteration	glycopeptide resistance gene cluster; vanT	vancomycin	False	chromosome_like	1		
RM2016_batch03_global10	ERR1713386	k141_420791	k141_420791_3 # 1224 # 1673 # -1 # ID=104136_3;partial=00;start_type=ATG;rbs_motif=GGAG/GAGG;rbs_spacer=5-10bp;gc_cont=0.622	Pseudomonas aeruginosa soxR	3004107	Strict	69.01	95.51	fluoroquinolone antibiotic; cephalosporin; glycylcycline; penam; tetracycline antibiotic; rifamycin antibiotic; phenicol antibiotic; disinfecting agents and antiseptics	antibiotic target alteration; antibiotic efflux	ATP-binding cassette (ABC) antibiotic efflux pump; major facilitator superfamily (MFS) antibiotic efflux pump; resistance-nodulation-cell division (RND) antibiotic efflux pump	tigecycline; ciprofloxacin; acriflavine; tetracycline; rifampin; chloramphenicol; ampicillin; norfloxacin; cefalotin; triclosan	False	chromosome_like	1		
RM2016_batch03_global10	ERR1713386	k141_186801	k141_186801_2 # 426 # 890 # 1 # ID=105195_2;partial=00;start_type=ATG;rbs_motif=GGAG/GAGG;rbs_spacer=5-10bp;gc_cont=0.684	Pseudomonas aeruginosa soxR	3004107	Strict	71.43	98.72	fluoroquinolone antibiotic; cephalosporin; glycylcycline; penam; tetracycline antibiotic; rifamycin antibiotic; phenicol antibiotic; disinfecting agents and antiseptics	antibiotic target alteration; antibiotic efflux	ATP-binding cassette (ABC) antibiotic efflux pump; major facilitator superfamily (MFS) antibiotic efflux pump; resistance-nodulation-cell division (RND) antibiotic efflux pump	tigecycline; ciprofloxacin; acriflavine; tetracycline; rifampin; chloramphenicol; ampicillin; norfloxacin; cefalotin; triclosan	False	chromosome_like	1		
RM2016_batch03_global10	ERR1713386	k141_73732	k141_73732_4 # 1824 # 2234 # -1 # ID=105922_4;partial=00;start_type=ATG;rbs_motif=GGAG/GAGG;rbs_spacer=5-10bp;gc_cont=0.550	FosI	3007370	Strict	65.15	101.49	phosphonic acid antibiotic	antibiotic inactivation	fosfomycin thiol transferase	fosfomycin	False	chromosome_like	1		
RM2016_batch03_global10	ERR1713386	k141_73842	k141_73842_2 # 466 # 1593 # -1 # ID=106072_2;partial=01;start_type=Edge;rbs_motif=None;rbs_spacer=None;gc_cont=0.465	ICR-Mo	3004569	Strict	98.67	67.2	peptide antibiotic	antibiotic target alteration	intrinsic colistin resistant phosphoethanolamine transferase	colistin A; colistin B	False	chromosome_like	1		
RM2016_batch03_global10	ERR1713386	k141_540068	k141_540068_1 # 1 # 252 # 1 # ID=106822_1;partial=10;start_type=Edge;rbs_motif=None;rbs_spacer=None;gc_cont=0.623	FosA8	3007371	Strict	69.74	58.87	phosphonic acid antibiotic	antibiotic inactivation	fosfomycin thiol transferase	fosfomycin	False	chromosome_like	1		
RM2016_batch03_global10	ERR1713386	k141_423471	k141_423471_14 # 13060 # 13485 # 1 # ID=107816_14;partial=00;start_type=ATG;rbs_motif=AGGA;rbs_spacer=5-10bp;gc_cont=0.559	FosA8	3007371	Strict	96.45	100.0	phosphonic acid antibiotic	antibiotic inactivation	fosfomycin thiol transferase	fosfomycin	True	plasmid_like		0.9895	
RM2016_batch03_global10	ERR1713386	k141_190429	k141_190429_1 # 612 # 1556 # 1 # ID=110164_1;partial=00;start_type=ATG;rbs_motif=GGAG/GAGG;rbs_spacer=5-10bp;gc_cont=0.522	leuO	3003843	Strict	81.46	100.0	nucleoside antibiotic; disinfecting agents and antiseptics	antibiotic efflux	major facilitator superfamily (MFS) antibiotic efflux pump	acriflavine; puromycin	False	chromosome_like	1		
RM2016_batch03_global10	ERR1713386	k141_780134	k141_780134_3 # 1206 # 1736 # 1 # ID=110411_3;partial=00;start_type=ATG;rbs_motif=GGAG/GAGG;rbs_spacer=5-10bp;gc_cont=0.520	emrR	3000516	Strict	93.14	100.0	fluoroquinolone antibiotic	antibiotic efflux	major facilitator superfamily (MFS) antibiotic efflux pump	nalidixic acid	True	plasmid_like		0.8861	
RM2016_batch03_global10	ERR1713386	k141_780134	k141_780134_5 # 3054 # 4601 # 1 # ID=110411_5;partial=00;start_type=ATG;rbs_motif=GGA/GAG/AGG;rbs_spacer=5-10bp;gc_cont=0.601	emrB	3000074	Strict	92.62	100.59	fluoroquinolone antibiotic	antibiotic efflux	major facilitator superfamily (MFS) antibiotic efflux pump	nalidixic acid	True	plasmid_like		0.8861	
RM2016_batch03_global10	ERR1713386	k141_661156	k141_661156_2 # 397 # 1278 # -1 # ID=110554_2;partial=00;start_type=ATG;rbs_motif=GGA/GAG/AGG;rbs_spacer=5-10bp;gc_cont=0.435	vanW gene in vanG cluster	3002965	Strict	31.97	104.27	glycopeptide antibiotic	antibiotic target alteration	vanW; glycopeptide resistance gene cluster	vancomycin	False	chromosome_like	1		
RM2016_batch03_global10	ERR1713386	k141_781266	k141_781266_1 # 157 # 651 # -1 # ID=111932_1;partial=00;start_type=ATG;rbs_motif=GGAG/GAGG;rbs_spacer=5-10bp;gc_cont=0.335	lnuC	3002837	Strict	98.17	100.0	lincosamide antibiotic	antibiotic inactivation	lincosamide nucleotidyltransferase (LNU)	lincomycin	False	chromosome_like	1		
RM2016_batch03_global10	ERR1713386	k141_191922	k141_191922_9 # 6823 # 7917 # 1 # ID=111993_9;partial=00;start_type=ATG;rbs_motif=GGAG/GAGG;rbs_spacer=5-10bp;gc_cont=0.608	vanG	3002909	Strict	37.95	104.3	glycopeptide antibiotic	antibiotic target alteration	glycopeptide resistance gene cluster; Van ligase	vancomycin	True	plasmid_like		0.9679	
RM2016_batch03_global10	ERR1713386	k141_192247	k141_192247_6 # 5475 # 8636 # -1 # ID=112481_6;partial=00;start_type=ATG;rbs_motif=GGAG/GAGG;rbs_spacer=5-10bp;gc_cont=0.568	adeF	3000777	Strict	41.99	99.43	fluoroquinolone antibiotic; tetracycline antibiotic	antibiotic efflux	resistance-nodulation-cell division (RND) antibiotic efflux pump	tetracycline	True	plasmid_like		0.9274	
RM2016_batch03_global10	ERR1713386	k141_783262	k141_783262_5 # 3814 # 4146 # -1 # ID=114643_5;partial=00;start_type=GTG;rbs_motif=AGGAG;rbs_spacer=5-10bp;gc_cont=0.514	qacL	3005098	Strict	99.09	100.0	disinfecting agents and antiseptics	antibiotic efflux	small multidrug resistance (SMR) antibiotic efflux pump		False	chromosome_like	1		
RM2016_batch03_global10	ERR1713386	k141_895557	k141_895557_2 # 221 # 550 # 1 # ID=114644_2;partial=00;start_type=ATG;rbs_motif=AGGAG;rbs_spacer=5-10bp;gc_cont=0.379	qacG	3007015	Strict	41.51	101.87	disinfecting agents and antiseptics	antibiotic efflux	small multidrug resistance (SMR) antibiotic efflux pump	benzalkonium chloride	False	chromosome_like	1		
RM2016_batch03_global10	ERR1713386	k141_428889	k141_428889_4 # 2084 # 2740 # 1 # ID=114883_4;partial=00;start_type=ATG;rbs_motif=AGGAG;rbs_spacer=5-10bp;gc_cont=0.438	QnrS1	3002790	Perfect	100.0	100.0	fluoroquinolone antibiotic	antibiotic target protection	quinolone resistance protein (qnr)	ciprofloxacin; levofloxacin; moxifloxacin; gatifloxacin; nalidixic acid; norfloxacin; sparfloxacin	False	chromosome_like	1		
RM2016_batch03_global10	ERR1713386	k141_312580	k141_312580_5 # 3320 # 3703 # 1 # ID=114920_5;partial=00;start_type=ATG;rbs_motif=GGAG/GAGG;rbs_spacer=5-10bp;gc_cont=0.458	marA	3000263	Perfect	100.0	100.0	fluoroquinolone antibiotic; monobactam; carbapenem; cephalosporin; glycylcycline; cephamycin; penam; tetracycline antibiotic; rifamycin antibiotic; phenicol antibiotic; penem; disinfecting agents and antiseptics	antibiotic efflux; reduced permeability to antibiotic	resistance-nodulation-cell division (RND) antibiotic efflux pump; General Bacterial Porin with reduced permeability to beta-lactams	tigecycline; tetracycline; rifampin; chloramphenicol; ampicillin; cefalotin; triclosan	False	chromosome_like	1		
RM2016_batch03_global10	ERR1713386	k141_194362	k141_194362_4 # 2557 # 3051 # -1 # ID=115452_4;partial=00;start_type=ATG;rbs_motif=GGAG/GAGG;rbs_spacer=5-10bp;gc_cont=0.558	nimJ	3007112	Strict	57.59	99.39	nitroimidazole antibiotic	antibiotic inactivation	nitroimidazole reductase	metronidazole	False	chromosome_like	1		
RM2016_batch03_global10	ERR1713386	k141_547056	k141_547056_8 # 6910 # 10008 # -1 # ID=116367_8;partial=00;start_type=ATG;rbs_motif=GGA/GAG/AGG;rbs_spacer=5-10bp;gc_cont=0.590	adeF	3000777	Strict	43.05	97.45	fluoroquinolone antibiotic; tetracycline antibiotic	antibiotic efflux	resistance-nodulation-cell division (RND) antibiotic efflux pump	tetracycline	True	plasmid_like		0.8632	
RM2016_batch03_global10	ERR1713386	k141_547056	k141_547056_17 # 19619 # 22798 # -1 # ID=116367_17;partial=00;start_type=ATG;rbs_motif=GGA/GAG/AGG;rbs_spacer=11-12bp;gc_cont=0.581	adeF	3000777	Strict	66.76	100.0	fluoroquinolone antibiotic; tetracycline antibiotic	antibiotic efflux	resistance-nodulation-cell division (RND) antibiotic efflux pump	tetracycline	True	plasmid_like		0.8632	
RM2016_batch03_global10	ERR1713386	k141_313785	k141_313785_4 # 1902 # 2231 # 1 # ID=116489_4;partial=00;start_type=ATG;rbs_motif=None;rbs_spacer=None;gc_cont=0.348	mefH	3007047	Perfect	100.0	100.0	macrolide antibiotic	antibiotic efflux	major facilitator superfamily (MFS) antibiotic efflux pump		False	chromosome_like	1		
RM2016_batch03_global10	ERR1713386	k141_195096	k141_195096_1 # 366 # 1475 # 1 # ID=116550_1;partial=00;start_type=ATG;rbs_motif=4Base/6BMM;rbs_spacer=13-15bp;gc_cont=0.595	vanG	3002909	Strict	40.0	105.73	glycopeptide antibiotic	antibiotic target alteration	glycopeptide resistance gene cluster; Van ligase	vancomycin	False	chromosome_like	1		
RM2016_batch03_global10	ERR1713386	k141_314241	k141_314241_7 # 4354 # 5175 # -1 # ID=117028_7;partial=00;start_type=ATG;rbs_motif=AGGA;rbs_spacer=5-10bp;gc_cont=0.502	linG	3002879	Strict	90.11	100.0	lincosamide antibiotic	antibiotic inactivation	lincosamide nucleotidyltransferase (LNU)	lincomycin	True	plasmid_like		0.8857	
RM2016_batch03_global10	ERR1713386	k141_785637	k141_785637_2 # 413 # 1276 # -1 # ID=117675_2;partial=00;start_type=ATG;rbs_motif=TAAA;rbs_spacer=15bp;gc_cont=0.315	aadS	3004683	Perfect	100.0	100.0	aminoglycoside antibiotic	antibiotic inactivation	ANT(6)	streptomycin	False	chromosome_like	1		
RM2016_batch03_global10	ERR1713386	k141_548755	k141_548755_2 # 564 # 1619 # -1 # ID=118450_2;partial=01;start_type=Edge;rbs_motif=None;rbs_spacer=None;gc_cont=0.430	vanT gene in vanG cluster	3002972	Strict	37.22	49.3	glycopeptide antibiotic	antibiotic target alteration	glycopeptide resistance gene cluster; vanT	vancomycin	False	chromosome_like	1		
RM2016_batch03_global10	ERR1713386	k141_433589	k141_433589_2 # 234 # 1379 # -1 # ID=120937_2;partial=00;start_type=ATG;rbs_motif=GGA/GAG/AGG;rbs_spacer=5-10bp;gc_cont=0.579	MIR-10	3002175	Strict	99.74	100.0	monobactam; cephalosporin	antibiotic inactivation	MIR beta-lactamase		False	chromosome_like	1		
RM2016_batch03_global10	ERR1713386	k141_433931	k141_433931_2 # 373 # 825 # -1 # ID=121364_2;partial=00;start_type=ATG;rbs_motif=GGA/GAG/AGG;rbs_spacer=5-10bp;gc_cont=0.464	arr-3	3002848	Perfect	100.0	100.0	rifamycin antibiotic	antibiotic inactivation	rifampin ADP-ribosyltransferase (Arr)	rifampin; rifaximin; rifabutin; rifapentine	False	chromosome_like	1		
RM2016_batch03_global10	ERR1713386	k141_199830	k141_199830_9 # 6758 # 7852 # -1 # ID=122780_9;partial=00;start_type=ATG;rbs_motif=GGA/GAG/AGG;rbs_spacer=5-10bp;gc_cont=0.513	vanG	3002909	Strict	38.23	104.3	glycopeptide antibiotic	antibiotic target alteration	glycopeptide resistance gene cluster; Van ligase	vancomycin	False	chromosome_like	1		
RM2016_batch03_global10	ERR1713386	k141_319077	k141_319077_9 # 8172 # 11423 # 1 # ID=123117_9;partial=00;start_type=ATG;rbs_motif=GGA/GAG/AGG;rbs_spacer=5-10bp;gc_cont=0.649	adeF	3000777	Strict	42.87	102.27	fluoroquinolone antibiotic; tetracycline antibiotic	antibiotic efflux	resistance-nodulation-cell division (RND) antibiotic efflux pump	tetracycline	False	chromosome_like	1		
RM2016_batch03_global10	ERR1713386	k141_789933	k141_789933_2 # 414 # 1640 # -1 # ID=123118_2;partial=00;start_type=ATG;rbs_motif=AGGA;rbs_spacer=5-10bp;gc_cont=0.500	EreA2	3002826	Perfect	100.0	100.0	macrolide antibiotic	antibiotic inactivation	macrolide esterase	erythromycin	False	chromosome_like	1		
RM2016_batch03_global10	ERR1713386	k141_671504	k141_671504_1 # 2 # 2485 # 1 # ID=123644_1;partial=10;start_type=Edge;rbs_motif=None;rbs_spacer=None;gc_cont=0.561	adeF	3000777	Strict	66.42	78.09	fluoroquinolone antibiotic; tetracycline antibiotic	antibiotic efflux	resistance-nodulation-cell division (RND) antibiotic efflux pump	tetracycline	False	chromosome_like	1		
RM2016_batch03_global10	ERR1713386	k141_790820	k141_790820_1 # 82 # 1320 # -1 # ID=124172_1;partial=00;start_type=ATG;rbs_motif=GGA/GAG/AGG;rbs_spacer=5-10bp;gc_cont=0.561	tet(40)	3000567	Strict	99.51	101.48	tetracycline antibiotic	antibiotic efflux	major facilitator superfamily (MFS) antibiotic efflux pump	tetracycline	False	chromosome_like	1		
RM2016_batch03_global10	ERR1713386	k141_672117	k141_672117_2 # 430 # 1497 # -1 # ID=124391_2;partial=01;start_type=Edge;rbs_motif=None;rbs_spacer=None;gc_cont=0.413	CARB-3	3002242	Strict	99.67	116.78	penam	antibiotic inactivation	CARB beta-lactamase		False	chromosome_like	1		
RM2016_batch03_global10	ERR1713386	k141_903203	k141_903203_3 # 2130 # 3773 # -1 # ID=124462_3;partial=00;start_type=ATG;rbs_motif=None;rbs_spacer=None;gc_cont=0.533	YojI	3003952	Perfect	100.0	100.0	peptide antibiotic	antibiotic efflux	ATP-binding cassette (ABC) antibiotic efflux pump	microcin J25	True	plasmid_like		0.7817	
RM2016_batch03_global10	ERR1713386	k141_904761	k141_904761_1 # 321 # 1103 # 1 # ID=126438_1;partial=00;start_type=ATG;rbs_motif=GGA/GAG/AGG;rbs_spacer=11-12bp;gc_cont=0.522	NPS-1	3004239	Perfect	100.0	100.0	cephalosporin; penam	antibiotic inactivation	NPS beta-lactamase		False	chromosome_like	1		
RM2016_batch03_global10	ERR1713386	k141_904942	k141_904942_3 # 909 # 1241 # -1 # ID=126707_3;partial=00;start_type=ATG;rbs_motif=AGGA;rbs_spacer=5-10bp;gc_cont=0.550	qacJ	3007014	Strict	41.9	102.8	disinfecting agents and antiseptics	antibiotic efflux	small multidrug resistance (SMR) antibiotic efflux pump	benzalkonium chloride	True	plasmid_like		0.9867	
RM2016_batch03_global10	ERR1713386	k141_674704	k141_674704_1 # 271 # 1041 # -1 # ID=127708_1;partial=00;start_type=ATG;rbs_motif=TAA;rbs_spacer=12bp;gc_cont=0.324	LnuH	3004600	Strict	93.75	98.46	lincosamide antibiotic	antibiotic inactivation	lincosamide nucleotidyltransferase (LNU)		False	chromosome_like	1		
RM2016_batch03_global10	ERR1713386	k141_556984	k141_556984_2 # 396 # 1013 # -1 # ID=129341_2;partial=01;start_type=Edge;rbs_motif=None;rbs_spacer=None;gc_cont=0.451	vanY gene in vanB cluster	3002956	Strict	39.89	76.49	glycopeptide antibiotic	antibiotic target alteration	vanY; glycopeptide resistance gene cluster	vancomycin	False	chromosome_like	1		
RM2016_batch03_global10	ERR1713386	k141_440632	k141_440632_2 # 959 # 3430 # -1 # ID=129803_2;partial=00;start_type=ATG;rbs_motif=None;rbs_spacer=None;gc_cont=0.518	vanT gene in vanG cluster	3002972	Strict	35.31	115.59	glycopeptide antibiotic	antibiotic target alteration	glycopeptide resistance gene cluster; vanT	vancomycin	False	chromosome_like	1		
RM2016_batch03_global10	ERR1713386	k141_205737	k141_205737_2 # 416 # 1621 # -1 # ID=130306_2;partial=00;start_type=ATG;rbs_motif=GGA/GAG/AGG;rbs_spacer=5-10bp;gc_cont=0.433	tet(B)	3000166	Strict	99.25	100.0	tetracycline antibiotic	antibiotic efflux	major facilitator superfamily (MFS) antibiotic efflux pump	tetracycline	True	plasmid_like		0.8089	
RM2016_batch03_global10	ERR1713386	k141_205813	k141_205813_1 # 2 # 1183 # 1 # ID=130405_1;partial=11;start_type=Edge;rbs_motif=None;rbs_spacer=None;gc_cont=0.391	tet(Q)	3000191	Strict	98.22	59.97	tetracycline antibiotic	antibiotic target protection	tetracycline-resistant ribosomal protection protein	tetracycline; doxycycline; minocycline; chlortetracycline; demeclocycline; oxytetracycline	False	chromosome_like	1		
RM2016_batch03_global10	ERR1713386	k141_677329	k141_677329_1 # 39 # 494 # -1 # ID=131102_1;partial=00;start_type=ATG;rbs_motif=GGAG/GAGG;rbs_spacer=5-10bp;gc_cont=0.618	Pseudomonas aeruginosa soxR	3004107	Strict	70.42	96.79	fluoroquinolone antibiotic; cephalosporin; glycylcycline; penam; tetracycline antibiotic; rifamycin antibiotic; phenicol antibiotic; disinfecting agents and antiseptics	antibiotic target alteration; antibiotic efflux	ATP-binding cassette (ABC) antibiotic efflux pump; major facilitator superfamily (MFS) antibiotic efflux pump; resistance-nodulation-cell division (RND) antibiotic efflux pump	tigecycline; ciprofloxacin; acriflavine; tetracycline; rifampin; chloramphenicol; ampicillin; norfloxacin; cefalotin; triclosan	False	chromosome_like	1		
RM2016_batch03_global10	ERR1713386	k141_95352	k141_95352_1 # 2 # 1492 # 1 # ID=132990_1;partial=10;start_type=Edge;rbs_motif=None;rbs_spacer=None;gc_cont=0.602	emrB	3000074	Strict	93.55	96.88	fluoroquinolone antibiotic	antibiotic efflux	major facilitator superfamily (MFS) antibiotic efflux pump	nalidixic acid	False	chromosome_like	1		
RM2016_batch03_global10	ERR1713386	k141_95810	k141_95810_3 # 1327 # 2397 # 1 # ID=133560_3;partial=00;start_type=ATG;rbs_motif=AGGAG;rbs_spacer=5-10bp;gc_cont=0.285	vanT gene in vanG cluster	3002972	Strict	33.52	50.0	glycopeptide antibiotic	antibiotic target alteration	glycopeptide resistance gene cluster; vanT	vancomycin	False	chromosome_like	1		
RM2016_batch03_global10	ERR1713386	k141_560349	k141_560349_1 # 109 # 438 # -1 # ID=133623_1;partial=00;start_type=ATG;rbs_motif=AGGAG;rbs_spacer=5-10bp;gc_cont=0.573	Klebsiella pneumoniae KpnF	3004583	Strict	84.4	100.0	macrolide antibiotic; aminoglycoside antibiotic; cephalosporin; tetracycline antibiotic; peptide antibiotic; rifamycin antibiotic; disinfecting agents and antiseptics	antibiotic efflux	small multidrug resistance (SMR) antibiotic efflux pump	erythromycin; streptomycin; tetracycline; cefepime; ceftriaxone; rifampin; colistin A; colistin B; triclosan; benzalkonium chloride; chlorhexidine	False	chromosome_like	1		
RM2016_batch03_global10	ERR1713386	k141_560349	k141_560349_2 # 425 # 787 # -1 # ID=133623_2;partial=00;start_type=ATG;rbs_motif=AGGAG;rbs_spacer=5-10bp;gc_cont=0.466	Klebsiella pneumoniae KpnE	3004580	Strict	80.83	100.0	macrolide antibiotic; aminoglycoside antibiotic; cephalosporin; tetracycline antibiotic; peptide antibiotic; rifamycin antibiotic; disinfecting agents and antiseptics	antibiotic efflux	small multidrug resistance (SMR) antibiotic efflux pump	erythromycin; streptomycin; tetracycline; cefepime; ceftriaxone; rifampin; colistin A; colistin B; triclosan; benzalkonium chloride; chlorhexidine	False	chromosome_like	1		
RM2016_batch03_global10	ERR1713386	k141_801300	k141_801300_3 # 1325 # 1708 # -1 # ID=136830_3;partial=00;start_type=ATG;rbs_motif=GGAG/GAGG;rbs_spacer=5-10bp;gc_cont=0.484	marA	3000263	Strict	94.44	100.0	fluoroquinolone antibiotic; monobactam; carbapenem; cephalosporin; glycylcycline; cephamycin; penam; tetracycline antibiotic; rifamycin antibiotic; phenicol antibiotic; penem; disinfecting agents and antiseptics	antibiotic efflux; reduced permeability to antibiotic	resistance-nodulation-cell division (RND) antibiotic efflux pump; General Bacterial Porin with reduced permeability to beta-lactams	tigecycline; tetracycline; rifampin; chloramphenicol; ampicillin; cefalotin; triclosan	False	chromosome_like	1		
RM2016_batch03_global10	ERR1713386	k141_332726	k141_332726_2 # 314 # 1135 # 1 # ID=140872_2;partial=00;start_type=ATG;rbs_motif=AGGA;rbs_spacer=5-10bp;gc_cont=0.513	linG	3002879	Strict	98.17	100.0	lincosamide antibiotic	antibiotic inactivation	lincosamide nucleotidyltransferase (LNU)	lincomycin	False	chromosome_like	1		
RM2016_batch03_global10	ERR1713386	k141_805383	k141_805383_2 # 1099 # 1926 # 1 # ID=141907_2;partial=00;start_type=ATG;rbs_motif=AGGA;rbs_spacer=5-10bp;gc_cont=0.502	OXA-21	3001416	Perfect	100.0	100.0	carbapenem; cephalosporin; penam	antibiotic inactivation	OXA beta-lactamase	cloxacillin; oxacillin; cefalotin	False	chromosome_like	1		
RM2016_batch03_global10	ERR1713386	k141_215424	k141_215424_2 # 868 # 1590 # 1 # ID=142669_2;partial=00;start_type=ATG;rbs_motif=GGA/GAG/AGG;rbs_spacer=5-10bp;gc_cont=0.539	baeR	3000828	Perfect	100.0	100.0	aminoglycoside antibiotic; aminocoumarin antibiotic	antibiotic efflux	resistance-nodulation-cell division (RND) antibiotic efflux pump	novobiocin	True	plasmid_like		0.9902	
RM2016_batch03_global10	ERR1713386	k141_806812	k141_806812_2 # 871 # 1203 # -1 # ID=143597_2;partial=00;start_type=TTG;rbs_motif=GGA/GAG/AGG;rbs_spacer=5-10bp;gc_cont=0.417	qacG	3007015	Strict	38.46	102.8	disinfecting agents and antiseptics	antibiotic efflux	small multidrug resistance (SMR) antibiotic efflux pump	benzalkonium chloride	False	chromosome_like	1		
RM2016_batch03_global10	ERR1713386	k141_335284	k141_335284_14 # 13964 # 14293 # -1 # ID=144103_14;partial=00;start_type=ATG;rbs_motif=AGGA;rbs_spacer=5-10bp;gc_cont=0.427	qacG	3007015	Strict	42.45	101.87	disinfecting agents and antiseptics	antibiotic efflux	small multidrug resistance (SMR) antibiotic efflux pump	benzalkonium chloride	True	plasmid_like		0.9118	
RM2016_batch03_global10	ERR1713386	k141_451959	k141_451959_17 # 11662 # 12294 # 1 # ID=144195_17;partial=00;start_type=ATG;rbs_motif=GGAG/GAGG;rbs_spacer=5-10bp;gc_cont=0.498	CRP	3000518	Strict	99.52	100.0	macrolide antibiotic; fluoroquinolone antibiotic; penam	antibiotic efflux	resistance-nodulation-cell division (RND) antibiotic efflux pump	erythromycin; cloxacillin; oxacillin; norfloxacin	False	chromosome_like	1		
RM2016_batch03_global10	ERR1713386	k141_104513	k141_104513_4 # 2960 # 3445 # -1 # ID=144427_4;partial=01;start_type=Edge;rbs_motif=None;rbs_spacer=None;gc_cont=0.442	H-NS	3000676	Strict	91.97	117.52	macrolide antibiotic; fluoroquinolone antibiotic; cephalosporin; cephamycin; penam; tetracycline antibiotic	antibiotic efflux	major facilitator superfamily (MFS) antibiotic efflux pump; resistance-nodulation-cell division (RND) antibiotic efflux pump	erythromycin; cloxacillin; ciprofloxacin; tetracycline; oxacillin; norfloxacin	False	chromosome_like	1		
RM2016_batch03_global10	ERR1713386	k141_807851	k141_807851_1 # 2 # 721 # 1 # ID=144790_1;partial=10;start_type=Edge;rbs_motif=None;rbs_spacer=None;gc_cont=0.547	aadA16	3002616	Strict	98.74	85.05	aminoglycoside antibiotic	antibiotic inactivation	ANT(3'')	spectinomycin; streptomycin	False	chromosome_like	1		
RM2016_batch03_global10	ERR1713386	k141_105568	k141_105568_2 # 611 # 1282 # -1 # ID=145777_2;partial=01;start_type=Edge;rbs_motif=None;rbs_spacer=None;gc_cont=0.438	ACI-1	3004359	Strict	99.1	78.52	cephalosporin; penam; penem	antibiotic inactivation	ACI beta-lactamase	penicillin; ceftazidime; amoxicillin; cefotaxime; ticarcillin	False	chromosome_like	1		
RM2016_batch03_global10	ERR1713386	k141_336743	k141_336743_1 # 1 # 1182 # -1 # ID=145931_1;partial=11;start_type=Edge;rbs_motif=None;rbs_spacer=None;gc_cont=0.580	Acinetobacter baumannii AbaQ	3004574	Strict	74.43	90.78	fluoroquinolone antibiotic	antibiotic efflux	major facilitator superfamily (MFS) antibiotic efflux pump		False	chromosome_like	1		
RM2016_batch03_global10	ERR1713386	k141_218093	k141_218093_3 # 1228 # 1602 # 1 # ID=146152_3;partial=00;start_type=ATG;rbs_motif=GGAG/GAGG;rbs_spacer=5-10bp;gc_cont=0.509	marA	3000263	Strict	92.74	97.64	fluoroquinolone antibiotic; monobactam; carbapenem; cephalosporin; glycylcycline; cephamycin; penam; tetracycline antibiotic; rifamycin antibiotic; phenicol antibiotic; penem; disinfecting agents and antiseptics	antibiotic efflux; reduced permeability to antibiotic	resistance-nodulation-cell division (RND) antibiotic efflux pump; General Bacterial Porin with reduced permeability to beta-lactams	tigecycline; tetracycline; rifampin; chloramphenicol; ampicillin; cefalotin; triclosan	False	chromosome_like	1		
RM2016_batch03_global10	ERR1713386	k141_218577	k141_218577_6 # 3605 # 4813 # 1 # ID=146727_6;partial=00;start_type=ATG;rbs_motif=GGxGG;rbs_spacer=5-10bp;gc_cont=0.600	vanT gene in vanG cluster	3002972	Strict	34.84	56.46	glycopeptide antibiotic	antibiotic target alteration	glycopeptide resistance gene cluster; vanT	vancomycin	False	chromosome_like	1		
RM2016_batch03_global10	ERR1713386	k141_571391	k141_571391_2 # 491 # 820 # -1 # ID=147471_2;partial=00;start_type=ATG;rbs_motif=AATAA;rbs_spacer=6bp;gc_cont=0.297	qacJ	3007014	Strict	50.94	101.87	disinfecting agents and antiseptics	antibiotic efflux	small multidrug resistance (SMR) antibiotic efflux pump	benzalkonium chloride	False	chromosome_like	1		
RM2016_batch03_global10	ERR1713386	k141_455506	k141_455506_2 # 699 # 1865 # 1 # ID=148626_2;partial=00;start_type=ATG;rbs_motif=GGA/GAG/AGG;rbs_spacer=5-10bp;gc_cont=0.432	ugd	3003577	Strict	99.48	100.0	peptide antibiotic	antibiotic target alteration	pmr phosphoethanolamine transferase	polymyxin B	False	chromosome_like	1		
RM2016_batch03_global10	ERR1713386	k141_108450	k141_108450_1 # 330 # 1556 # -1 # ID=149080_1;partial=00;start_type=ATG;rbs_motif=GGA/GAG/AGG;rbs_spacer=5-10bp;gc_cont=0.309	EreD	3004608	Strict	99.51	100.0	macrolide antibiotic	antibiotic inactivation	macrolide esterase	erythromycin	False	chromosome_like	1		
RM2016_batch03_global10	ERR1713386	k141_220463	k141_220463_1 # 194 # 1741 # -1 # ID=149315_1;partial=00;start_type=ATG;rbs_motif=GGA/GAG/AGG;rbs_spacer=5-10bp;gc_cont=0.605	emrB	3000074	Strict	93.01	100.59	fluoroquinolone antibiotic	antibiotic efflux	major facilitator superfamily (MFS) antibiotic efflux pump	nalidixic acid	False	chromosome_like	1		
RM2016_batch03_global10	ERR1713386	k141_220463	k141_220463_3 # 3057 # 3587 # -1 # ID=149315_3;partial=00;start_type=ATG;rbs_motif=GGAG/GAGG;rbs_spacer=5-10bp;gc_cont=0.550	emrR	3000516	Strict	93.14	100.0	fluoroquinolone antibiotic	antibiotic efflux	major facilitator superfamily (MFS) antibiotic efflux pump	nalidixic acid	False	chromosome_like	1		
RM2016_batch03_global10	ERR1713386	k141_812166	k141_812166_1 # 1 # 1134 # -1 # ID=150081_1;partial=11;start_type=Edge;rbs_motif=None;rbs_spacer=None;gc_cont=0.510	vanW gene in vanI cluster	3003724	Strict	36.2	101.34	glycopeptide antibiotic	antibiotic target alteration	vanW; glycopeptide resistance gene cluster	vancomycin; teicoplanin	False	chromosome_like	1		
RM2016_batch03_global10	ERR1713386	k141_923970	k141_923970_2 # 452 # 781 # -1 # ID=150139_2;partial=00;start_type=ATG;rbs_motif=AGGA;rbs_spacer=5-10bp;gc_cont=0.403	qacJ	3007014	Strict	38.68	101.87	disinfecting agents and antiseptics	antibiotic efflux	small multidrug resistance (SMR) antibiotic efflux pump	benzalkonium chloride	False	chromosome_like	1		
RM2016_batch03_global10	ERR1713386	k141_924106	k141_924106_1 # 219 # 851 # -1 # ID=150288_1;partial=00;start_type=ATG;rbs_motif=GGA/GAG/AGG;rbs_spacer=5-10bp;gc_cont=0.441	catB11	3004660	Perfect	100.0	100.0	phenicol antibiotic	antibiotic inactivation	chloramphenicol acetyltransferase (CAT)	chloramphenicol	False	chromosome_like	1		
RM2016_batch03_global10	ERR1713386	k141_222329	k141_222329_3 # 1014 # 1925 # -1 # ID=151885_3;partial=00;start_type=ATG;rbs_motif=GGA/GAG/AGG;rbs_spacer=5-10bp;gc_cont=0.702	AIM-1	3000853	Strict	96.7	100.0	cephalosporin; cephamycin; penam	antibiotic inactivation	AIM beta-lactamase		False	chromosome_like	1		
RM2016_batch03_global10	ERR1713386	k141_694244	k141_694244_9 # 6402 # 7661 # -1 # ID=152361_9;partial=00;start_type=ATG;rbs_motif=AGGAG;rbs_spacer=5-10bp;gc_cont=0.587	vanW gene in vanI cluster	3003724	Strict	30.3	112.33	glycopeptide antibiotic	antibiotic target alteration	vanW; glycopeptide resistance gene cluster	vancomycin; teicoplanin	False	chromosome_like	1		
RM2016_batch03_global10	ERR1713386	k141_458379	k141_458379_1 # 458 # 643 # -1 # ID=152371_1;partial=00;start_type=ATG;rbs_motif=AGGAG;rbs_spacer=5-10bp;gc_cont=0.478	rsmA	3005069	Strict	85.25	100.0	fluoroquinolone antibiotic; diaminopyrimidine antibiotic; phenicol antibiotic	antibiotic efflux	resistance-nodulation-cell division (RND) antibiotic efflux pump	trimethoprim; chloramphenicol	False	chromosome_like	1		
RM2016_batch03_global10	ERR1713386	k141_814251	k141_814251_16 # 13617 # 15269 # -1 # ID=152691_16;partial=00;start_type=ATG;rbs_motif=None;rbs_spacer=None;gc_cont=0.511	ArnT	3005053	Strict	63.7	99.82	peptide antibiotic	antibiotic target alteration	pmr phosphoethanolamine transferase	colistin A; colistin B	False	chromosome_like	1		
RM2016_batch03_global10	ERR1713386	k141_814251	k141_814251_19 # 18138 # 19106 # -1 # ID=152691_19;partial=00;start_type=ATG;rbs_motif=AGGA;rbs_spacer=5-10bp;gc_cont=0.501	PmrF	3003578	Perfect	100.0	100.0	peptide antibiotic	antibiotic target alteration	pmr phosphoethanolamine transferase	polymyxin B	False	chromosome_like	1		
RM2016_batch03_global10	ERR1713386	k141_223086	k141_223086_1 # 3 # 569 # 1 # ID=152707_1;partial=10;start_type=Edge;rbs_motif=None;rbs_spacer=None;gc_cont=0.446	vanY gene in vanB cluster	3002956	Strict	43.09	70.15	glycopeptide antibiotic	antibiotic target alteration	vanY; glycopeptide resistance gene cluster	vancomycin	False	chromosome_like	1		
RM2016_batch03_global10	ERR1713386	k141_694849	k141_694849_2 # 155 # 994 # -1 # ID=153113_2;partial=00;start_type=ATG;rbs_motif=TAAAA;rbs_spacer=12bp;gc_cont=0.467	OXA-646	3005339	Perfect	100.0	100.0	carbapenem; cephalosporin; penam	antibiotic inactivation	OXA beta-lactamase	cloxacillin; oxacillin; cefalotin	False	chromosome_like	1		
RM2016_batch03_global10	ERR1713386	k141_694941	k141_694941_3 # 2310 # 4058 # -1 # ID=153243_3;partial=00;start_type=ATG;rbs_motif=None;rbs_spacer=None;gc_cont=0.543	msbA	3003950	Strict	94.85	100.0	nitroimidazole antibiotic	antibiotic efflux	ATP-binding cassette (ABC) antibiotic efflux pump	metronidazole	False	chromosome_like	1		
RM2016_batch03_global10	ERR1713386	k141_575977	k141_575977_2 # 1522 # 2202 # -1 # ID=153362_2;partial=00;start_type=ATG;rbs_motif=GGA/GAG/AGG;rbs_spacer=5-10bp;gc_cont=0.470	QnrB10	3002724	Strict	99.12	100.0	fluoroquinolone antibiotic	antibiotic target protection	quinolone resistance protein (qnr)	ciprofloxacin; levofloxacin; moxifloxacin; gatifloxacin; nalidixic acid; norfloxacin; sparfloxacin	True	plasmid_like		0.9933	
RM2016_batch03_global10	ERR1713386	k141_695210	k141_695210_3 # 737 # 1837 # -1 # ID=153591_3;partial=00;start_type=ATG;rbs_motif=GGA/GAG/AGG;rbs_spacer=5-10bp;gc_cont=0.583	vanG	3002909	Strict	39.38	104.87	glycopeptide antibiotic	antibiotic target alteration	glycopeptide resistance gene cluster; Van ligase	vancomycin	False	chromosome_like	1		
RM2016_batch03_global10	ERR1713386	k141_342646	k141_342646_2 # 518 # 1342 # 1 # ID=153594_2;partial=00;start_type=ATG;rbs_motif=None;rbs_spacer=None;gc_cont=0.412	gadX	3000508	Strict	99.27	100.0	macrolide antibiotic; fluoroquinolone antibiotic; penam	antibiotic efflux	resistance-nodulation-cell division (RND) antibiotic efflux pump	erythromycin; cloxacillin; oxacillin; norfloxacin	False	chromosome_like	1		
RM2016_batch03_global10	ERR1713386	k141_342646	k141_342646_5 # 2801 # 5914 # -1 # ID=153594_5;partial=00;start_type=ATG;rbs_motif=GGA/GAG/AGG;rbs_spacer=5-10bp;gc_cont=0.529	mdtF	3000796	Strict	99.81	100.0	macrolide antibiotic; fluoroquinolone antibiotic; penam	antibiotic efflux	resistance-nodulation-cell division (RND) antibiotic efflux pump	erythromycin; cloxacillin; oxacillin; norfloxacin	False	chromosome_like	1		
RM2016_batch03_global10	ERR1713386	k141_342646	k141_342646_6 # 5939 # 7096 # -1 # ID=153594_6;partial=00;start_type=ATG;rbs_motif=GGA/GAG/AGG;rbs_spacer=5-10bp;gc_cont=0.544	mdtE	3000795	Perfect	100.0	100.0	macrolide antibiotic; fluoroquinolone antibiotic; penam	antibiotic efflux	resistance-nodulation-cell division (RND) antibiotic efflux pump	erythromycin; cloxacillin; oxacillin; norfloxacin	False	chromosome_like	1		
RM2016_batch03_global10	ERR1713386	k141_927805	k141_927805_5 # 3387 # 3917 # 1 # ID=154951_5;partial=00;start_type=ATG;rbs_motif=GGAG/GAGG;rbs_spacer=5-10bp;gc_cont=0.492	emrR	3000516	Perfect	100.0	100.0	fluoroquinolone antibiotic	antibiotic efflux	major facilitator superfamily (MFS) antibiotic efflux pump	nalidixic acid	True	plasmid_like		0.8163	
RM2016_batch03_global10	ERR1713386	k141_927805	k141_927805_6 # 4044 # 5216 # 1 # ID=154951_6;partial=00;start_type=ATG;rbs_motif=GGAG/GAGG;rbs_spacer=5-10bp;gc_cont=0.534	emrA	3000027	Strict	99.49	100.0	fluoroquinolone antibiotic	antibiotic efflux	major facilitator superfamily (MFS) antibiotic efflux pump	nalidixic acid	True	plasmid_like		0.8163	
RM2016_batch03_global10	ERR1713386	k141_114158	k141_114158_1 # 54 # 1652 # 1 # ID=156179_1;partial=01;start_type=ATG;rbs_motif=None;rbs_spacer=None;gc_cont=0.612	ArnT	3005053	Strict	99.44	96.73	peptide antibiotic	antibiotic target alteration	pmr phosphoethanolamine transferase	colistin A; colistin B	False	chromosome_like	1		
RM2016_batch03_global10	ERR1713386	k141_462005	k141_462005_1 # 1 # 1560 # 1 # ID=156753_1;partial=10;start_type=Edge;rbs_motif=None;rbs_spacer=None;gc_cont=0.587	ArnT	3005053	Strict	40.5	94.19	peptide antibiotic	antibiotic target alteration	pmr phosphoethanolamine transferase	colistin A; colistin B	False	chromosome_like	1		
RM2016_batch03_global10	ERR1713386	k141_578775	k141_578775_1 # 98 # 1846 # 1 # ID=156878_1;partial=00;start_type=ATG;rbs_motif=None;rbs_spacer=None;gc_cont=0.549	msbA	3003950	Strict	94.49	100.0	nitroimidazole antibiotic	antibiotic efflux	ATP-binding cassette (ABC) antibiotic efflux pump	metronidazole	False	chromosome_like	1		
RM2016_batch03_global10	ERR1713386	k141_463421	k141_463421_2 # 738 # 1724 # 1 # ID=158180_2;partial=00;start_type=ATG;rbs_motif=AGGAG;rbs_spacer=5-10bp;gc_cont=0.609	vanH gene in vanO cluster	3002948	Strict	43.6	93.71	glycopeptide antibiotic	antibiotic target alteration	vanH; glycopeptide resistance gene cluster	vancomycin	False	chromosome_like	1		
RM2016_batch03_global10	ERR1713386	k141_580781	k141_580781_9 # 7589 # 8380 # 1 # ID=159117_9;partial=00;start_type=ATG;rbs_motif=GGAG/GAGG;rbs_spacer=5-10bp;gc_cont=0.652	Erm(51)	3007033	Strict	99.62	100.0	macrolide antibiotic; lincosamide antibiotic; streptogramin antibiotic; streptogramin B antibiotic	antibiotic target alteration	Erm 23S ribosomal RNA methyltransferase	erythromycin; clarithromycin; clindamycin; azithromycin; pristinamycin IB	True	plasmid_like		0.9284	
RM2016_batch03_global10	ERR1713386	k141_228876	k141_228876_1 # 250 # 1734 # 1 # ID=159527_1;partial=00;start_type=ATG;rbs_motif=AGGAG;rbs_spacer=5-10bp;gc_cont=0.325	lsaE	3003206	Strict	98.79	100.0	lincosamide antibiotic; streptogramin antibiotic; pleuromutilin antibiotic	antibiotic target protection	lsa-type ABC-F protein	lincomycin; pleuromutilin	True	plasmid_like		0.9612	
RM2016_batch03_global10	ERR1713386	k141_228876	k141_228876_2 # 1788 # 2591 # 1 # ID=159527_2;partial=00;start_type=ATG;rbs_motif=GGA/GAG/AGG;rbs_spacer=5-10bp;gc_cont=0.311	lnuB	3002836	Strict	99.25	100.0	lincosamide antibiotic	antibiotic inactivation	lincosamide nucleotidyltransferase (LNU)	lincomycin; clindamycin	True	plasmid_like		0.9612	
RM2016_batch03_global10	ERR1713386	k141_229377	k141_229377_7 # 7764 # 8990 # -1 # ID=159911_7;partial=00;start_type=ATG;rbs_motif=GGA/GAG/AGG;rbs_spacer=5-10bp;gc_cont=0.525	mdtG	3001329	Perfect	100.0	100.0	phosphonic acid antibiotic	antibiotic efflux	major facilitator superfamily (MFS) antibiotic efflux pump	fosfomycin	False	chromosome_like	1		
RM2016_batch03_global10	ERR1713386	k141_932957	k141_932957_5 # 3159 # 6338 # 1 # ID=160261_5;partial=00;start_type=ATG;rbs_motif=GGA/GAG/AGG;rbs_spacer=5-10bp;gc_cont=0.599	adeF	3000777	Strict	57.92	100.0	fluoroquinolone antibiotic; tetracycline antibiotic	antibiotic efflux	resistance-nodulation-cell division (RND) antibiotic efflux pump	tetracycline	True	plasmid_like		0.8202	
RM2016_batch03_global10	ERR1713386	k141_230189	k141_230189_2 # 552 # 884 # 1 # ID=160570_2;partial=00;start_type=TTG;rbs_motif=GGAG/GAGG;rbs_spacer=5-10bp;gc_cont=0.465	qacG	3007015	Strict	40.0	102.8	disinfecting agents and antiseptics	antibiotic efflux	small multidrug resistance (SMR) antibiotic efflux pump	benzalkonium chloride	False	chromosome_like	1		
RM2016_batch03_global10	ERR1713386	k141_231582	k141_231582_2 # 432 # 1544 # 1 # ID=161194_2;partial=00;start_type=GTG;rbs_motif=AGxAGG/AGGxGG;rbs_spacer=5-10bp;gc_cont=0.417	vanT gene in vanG cluster	3002972	Strict	39.51	51.97	glycopeptide antibiotic	antibiotic target alteration	glycopeptide resistance gene cluster; vanT	vancomycin	False	chromosome_like	1		
RM2016_batch03_global10	ERR1713386	k141_231605	k141_231605_3 # 1407 # 3062 # 1 # ID=161196_3;partial=00;start_type=ATG;rbs_motif=GGA/GAG/AGG;rbs_spacer=5-10bp;gc_cont=0.607	ArnT	3005053	Strict	70.42	100.0	peptide antibiotic	antibiotic target alteration	pmr phosphoethanolamine transferase	colistin A; colistin B	False	chromosome_like	1		
RM2016_batch03_global10	ERR1713386	k141_354052	k141_354052_7 # 4734 # 6500 # 1 # ID=5703_7;partial=00;start_type=ATG;rbs_motif=GGA/GAG/AGG;rbs_spacer=11-12bp;gc_cont=0.552	Haemophilus influenzae PBP3 conferring resistance to beta-lactam antibiotics	3004446	Strict	52.57	96.39	cephalosporin; cephamycin; penam	antibiotic target alteration	Penicillin-binding protein mutations conferring resistance to beta-lactam antibiotics	ceftriaxone; ampicillin; cefaclor; cefotaxime; cefditoren; cefdinir	False	chromosome_like	1		
RM2016_batch03_global10	ERR1713386	k141_27643	k141_27643_9 # 9188 # 10954 # 1 # ID=41998_9;partial=00;start_type=ATG;rbs_motif=AGGA/GGAG/GAGG;rbs_spacer=11-12bp;gc_cont=0.540	Haemophilus influenzae PBP3 conferring resistance to beta-lactam antibiotics	3004446	Strict	53.11	96.39	cephalosporin; cephamycin; penam	antibiotic target alteration	Penicillin-binding protein mutations conferring resistance to beta-lactam antibiotics	ceftriaxone; ampicillin; cefaclor; cefotaxime; cefditoren; cefdinir	False	chromosome_like	1		
RM2016_batch03_global10	ERR1713386	k141_161477	k141_161477_8 # 5954 # 8212 # 1 # ID=68804_8;partial=00;start_type=ATG;rbs_motif=AGGA;rbs_spacer=5-10bp;gc_cont=0.548	Escherichia coli parC conferring resistance to fluoroquinolones	3003308	Strict	99.87	100.0	fluoroquinolone antibiotic	antibiotic target alteration	fluoroquinolone resistant parC	enoxacin; ciprofloxacin; levofloxacin; moxifloxacin; gatifloxacin; lomefloxacin; nalidixic acid; norfloxacin; ofloxacin; trovafloxacin; grepafloxacin; sparfloxacin; pefloxacin	False	chromosome_like	1		
RM2016_batch03_global10	ERR1713386	k141_551779	k141_551779_1 # 1 # 1107 # -1 # ID=122453_1;partial=10;start_type=ATG;rbs_motif=GGAG/GAGG;rbs_spacer=5-10bp;gc_cont=0.507	Escherichia coli EF-Tu mutants conferring resistance to Pulvomycin	3003369	Strict	94.58	90.22	elfamycin antibiotic	antibiotic target alteration	elfamycin resistant EF-Tu	pulvomycin	False	chromosome_like	1		
RM2016_batch03_global10	ERR1713386	k141_798956	k141_798956_1 # 650 # 1837 # 1 # ID=133801_1;partial=00;start_type=ATG;rbs_motif=AGGA;rbs_spacer=5-10bp;gc_cont=0.474	Escherichia coli EF-Tu mutants conferring resistance to Pulvomycin	3003369	Strict	90.86	96.58	elfamycin antibiotic	antibiotic target alteration	elfamycin resistant EF-Tu	pulvomycin	False	chromosome_like	1		
RM2016_batch03_global10	ERR1713386	k141_208693	k141_208693_3 # 1684 # 3042 # -1 # ID=133935_3;partial=00;start_type=ATG;rbs_motif=GGAGG;rbs_spacer=5-10bp;gc_cont=0.525	Escherichia coli GlpT with mutation conferring resistance to fosfomycin	3003889	Strict	99.78	100.0	phosphonic acid antibiotic	antibiotic target alteration	antibiotic-resistant GlpT	fosfomycin	False	chromosome_like	1		
RM2016_batch03_global10	ERR1713386	k141_108585	k141_108585_2 # 360 # 1940 # 1 # ID=149274_2;partial=01;start_type=ATG;rbs_motif=AGGA/GGAG/GAGG;rbs_spacer=11-12bp;gc_cont=0.565	Haemophilus influenzae PBP3 conferring resistance to beta-lactam antibiotics	3004446	Strict	51.42	86.39	cephalosporin; cephamycin; penam	antibiotic target alteration	Penicillin-binding protein mutations conferring resistance to beta-lactam antibiotics	ceftriaxone; ampicillin; cefaclor; cefotaxime; cefditoren; cefdinir	False	chromosome_like	1		
RM2016_batch03_global10	ERR1713386	k141_223630	k141_223630_7 # 9922 # 12549 # -1 # ID=153457_7;partial=00;start_type=ATG;rbs_motif=GGA/GAG/AGG;rbs_spacer=5-10bp;gc_cont=0.539	Escherichia coli gyrA conferring resistance to fluoroquinolones	3003294	Strict	99.89	100.0	fluoroquinolone antibiotic	antibiotic target alteration	fluoroquinolone resistant gyrA	enoxacin; ciprofloxacin; levofloxacin; moxifloxacin; gatifloxacin; lomefloxacin; nalidixic acid; norfloxacin; ofloxacin; trovafloxacin; grepafloxacin; sparfloxacin; pefloxacin	False	chromosome_like	1		
RM2016_batch03_global10	ERR1713386	k141_241281	k141_241281_4 # 3108 # 3542 # 1 # ID=12420_4;partial=00;start_type=GTG;rbs_motif=GGA/GAG/AGG;rbs_spacer=5-10bp;gc_cont=0.478	Escherichia coli AcrAB-TolC with MarR mutations conferring resistance to ciprofloxacin and tetracycline	3003378	Strict	91.67	100.0	fluoroquinolone antibiotic; cephalosporin; glycylcycline; penam; tetracycline antibiotic; rifamycin antibiotic; phenicol antibiotic; disinfecting agents and antiseptics	antibiotic target alteration; antibiotic efflux	resistance-nodulation-cell division (RND) antibiotic efflux pump	tigecycline; ciprofloxacin; tetracycline; rifampin; chloramphenicol; ampicillin; cefalotin; triclosan	False	chromosome_like	1		
RM2016_batch03_global10	ERR1713386	k141_507853	k141_507853_2 # 2881 # 3528 # -1 # ID=61219_2;partial=00;start_type=ATG;rbs_motif=None;rbs_spacer=None;gc_cont=0.455	Escherichia coli AcrAB-TolC with AcrR mutation conferring resistance to ciprofloxacin, tetracycline, and ceftazidime	3003807	Strict	100.0	100.0	fluoroquinolone antibiotic; cephalosporin; glycylcycline; penam; tetracycline antibiotic; rifamycin antibiotic; phenicol antibiotic; disinfecting agents and antiseptics	antibiotic target alteration; antibiotic efflux	resistance-nodulation-cell division (RND) antibiotic efflux pump	tigecycline; ciprofloxacin; tetracycline; ceftazidime; rifampin; chloramphenicol; ampicillin; cefalotin; triclosan	True	plasmid_like		0.8327	
RM2016_batch03_global10	ERR1713386	k141_767427	k141_767427_5 # 2947 # 3381 # -1 # ID=93890_5;partial=00;start_type=GTG;rbs_motif=GGA/GAG/AGG;rbs_spacer=5-10bp;gc_cont=0.490	Escherichia coli AcrAB-TolC with MarR mutations conferring resistance to ciprofloxacin and tetracycline	3003378	Strict	87.5	100.0	fluoroquinolone antibiotic; cephalosporin; glycylcycline; penam; tetracycline antibiotic; rifamycin antibiotic; phenicol antibiotic; disinfecting agents and antiseptics	antibiotic target alteration; antibiotic efflux	resistance-nodulation-cell division (RND) antibiotic efflux pump	tigecycline; ciprofloxacin; tetracycline; rifampin; chloramphenicol; ampicillin; cefalotin; triclosan	True	plasmid_like		0.886	
RM2016_batch03_global10	ERR1713386	k141_770965	k141_770965_16 # 16283 # 16606 # -1 # ID=98423_16;partial=00;start_type=ATG;rbs_motif=GGAG/GAGG;rbs_spacer=5-10bp;gc_cont=0.503	Escherichia coli soxS with mutation conferring antibiotic resistance	3003511	Strict	100.0	100.0	fluoroquinolone antibiotic; monobactam; carbapenem; cephalosporin; glycylcycline; cephamycin; penam; tetracycline antibiotic; rifamycin antibiotic; phenicol antibiotic; penem; disinfecting agents and antiseptics	antibiotic target alteration; antibiotic efflux; reduced permeability to antibiotic	ATP-binding cassette (ABC) antibiotic efflux pump; major facilitator superfamily (MFS) antibiotic efflux pump; resistance-nodulation-cell division (RND) antibiotic efflux pump; General Bacterial Porin with reduced permeability to beta-lactams	tigecycline; ciprofloxacin; tetracycline; rifampin; chloramphenicol; ampicillin; norfloxacin; cefalotin; triclosan; enrofloxacin	False	chromosome_like	1		
RM2016_batch03_global10	ERR1713386	k141_770965	k141_770965_17 # 16692 # 17156 # 1 # ID=98423_17;partial=00;start_type=ATG;rbs_motif=AGGA/GGAG/GAGG;rbs_spacer=11-12bp;gc_cont=0.520	Escherichia coli soxR with mutation conferring antibiotic resistance	3003381	Strict	100.0	100.0	fluoroquinolone antibiotic; cephalosporin; glycylcycline; penam; tetracycline antibiotic; rifamycin antibiotic; phenicol antibiotic; disinfecting agents and antiseptics	antibiotic target alteration; antibiotic efflux	ATP-binding cassette (ABC) antibiotic efflux pump; major facilitator superfamily (MFS) antibiotic efflux pump; resistance-nodulation-cell division (RND) antibiotic efflux pump	tigecycline; ciprofloxacin; tetracycline; rifampin; chloramphenicol; ampicillin; nalidixic acid; norfloxacin; cefalotin; triclosan	False	chromosome_like	1		
RM2016_batch03_global10	ERR1713386	k141_312580	k141_312580_4 # 2866 # 3300 # 1 # ID=114920_4;partial=00;start_type=GTG;rbs_motif=GGA/GAG/AGG;rbs_spacer=5-10bp;gc_cont=0.480	Escherichia coli AcrAB-TolC with MarR mutations conferring resistance to ciprofloxacin and tetracycline	3003378	Strict	99.31	100.0	fluoroquinolone antibiotic; cephalosporin; glycylcycline; penam; tetracycline antibiotic; rifamycin antibiotic; phenicol antibiotic; disinfecting agents and antiseptics	antibiotic target alteration; antibiotic efflux	resistance-nodulation-cell division (RND) antibiotic efflux pump	tigecycline; ciprofloxacin; tetracycline; rifampin; chloramphenicol; ampicillin; cefalotin; triclosan	False	chromosome_like	1		
RM2016_batch03_global10	ERR1713386	k141_205737	k141_205737_3 # 1703 # 2326 # 1 # ID=130306_3;partial=00;start_type=ATG;rbs_motif=AGGA;rbs_spacer=5-10bp;gc_cont=0.402	tetR	3003479	Strict	100.0	99.52	tetracycline antibiotic	antibiotic target alteration; antibiotic efflux	major facilitator superfamily (MFS) antibiotic efflux pump	tetracycline	True	plasmid_like		0.8089	
RM2016_batch03_global10	ERR1713386	k141_801300	k141_801300_4 # 1727 # 2149 # -1 # ID=136830_4;partial=01;start_type=Edge;rbs_motif=None;rbs_spacer=None;gc_cont=0.496	Escherichia coli AcrAB-TolC with MarR mutations conferring resistance to ciprofloxacin and tetracycline	3003378	Strict	85.71	97.22	fluoroquinolone antibiotic; cephalosporin; glycylcycline; penam; tetracycline antibiotic; rifamycin antibiotic; phenicol antibiotic; disinfecting agents and antiseptics	antibiotic target alteration; antibiotic efflux	resistance-nodulation-cell division (RND) antibiotic efflux pump	tigecycline; ciprofloxacin; tetracycline; rifampin; chloramphenicol; ampicillin; cefalotin; triclosan	False	chromosome_like	1		
RM2016_batch03_global10	ERR1713386	k141_218093	k141_218093_2 # 773 # 1207 # 1 # ID=146152_2;partial=00;start_type=GTG;rbs_motif=None;rbs_spacer=None;gc_cont=0.552	Escherichia coli AcrAB-TolC with MarR mutations conferring resistance to ciprofloxacin and tetracycline	3003378	Strict	83.33	100.0	fluoroquinolone antibiotic; cephalosporin; glycylcycline; penam; tetracycline antibiotic; rifamycin antibiotic; phenicol antibiotic; disinfecting agents and antiseptics	antibiotic target alteration; antibiotic efflux	resistance-nodulation-cell division (RND) antibiotic efflux pump	tigecycline; ciprofloxacin; tetracycline; rifampin; chloramphenicol; ampicillin; cefalotin; triclosan	False	chromosome_like	1		
RM2016_batch03_global10	ERR1713386	k141_459312	k141_459312_2 # 724 # 1047 # 1 # ID=153546_2;partial=00;start_type=ATG;rbs_motif=GGAG/GAGG;rbs_spacer=5-10bp;gc_cont=0.497	Escherichia coli soxS with mutation conferring antibiotic resistance	3003511	Strict	93.46	100.0	fluoroquinolone antibiotic; monobactam; carbapenem; cephalosporin; glycylcycline; cephamycin; penam; tetracycline antibiotic; rifamycin antibiotic; phenicol antibiotic; penem; disinfecting agents and antiseptics	antibiotic target alteration; antibiotic efflux; reduced permeability to antibiotic	ATP-binding cassette (ABC) antibiotic efflux pump; major facilitator superfamily (MFS) antibiotic efflux pump; resistance-nodulation-cell division (RND) antibiotic efflux pump; General Bacterial Porin with reduced permeability to beta-lactams	tigecycline; ciprofloxacin; tetracycline; rifampin; chloramphenicol; ampicillin; norfloxacin; cefalotin; triclosan; enrofloxacin	False	chromosome_like	1		
RM2016_batch03_global10	ERR1725938	k141_278444	k141_278444_2 # 41 # 883 # 1 # ID=1107_2;partial=00;start_type=ATG;rbs_motif=TAA;rbs_spacer=11bp;gc_cont=0.374	OXA-58	3001611	Perfect	100.0	100.0	carbapenem; cephalosporin; penam	antibiotic inactivation	OXA beta-lactamase	cloxacillin; oxacillin; cefalotin	False	chromosome_like	1		
RM2016_batch03_global10	ERR1725938	k141_280296	k141_280296_11 # 13153 # 13950 # -1 # ID=3621_11;partial=01;start_type=Edge;rbs_motif=None;rbs_spacer=None;gc_cont=0.477	vanY gene in vanB cluster	3002956	Strict	37.44	98.88	glycopeptide antibiotic	antibiotic target alteration	vanY; glycopeptide resistance gene cluster	vancomycin	False	chromosome_like	1		
RM2016_batch03_global10	ERR1725938	k141_3033	k141_3033_5 # 4044 # 4781 # -1 # ID=4110_5;partial=00;start_type=ATG;rbs_motif=None;rbs_spacer=None;gc_cont=0.332	ErmB	3000375	Strict	97.96	98.79	macrolide antibiotic; lincosamide antibiotic; streptogramin antibiotic; streptogramin A antibiotic; streptogramin B antibiotic	antibiotic target alteration	Erm 23S ribosomal RNA methyltransferase	erythromycin; roxithromycin; lincomycin; telithromycin; clarithromycin; clindamycin; tylosin; spiramycin; azithromycin; dirithromycin; pristinamycin IA; quinupristin; virginiamycin M1; madumycin II; griseoviridin; dalfopristin; pristinamycin IB; virginiamycin S2; pristinamycin IC; vernamycin C; patricin A; patricin B; ostreogrycin B3; oleandomycin	True	plasmid_like		0.9777	
RM2016_batch03_global10	ERR1725938	k141_49651	k141_49651_1 # 1 # 2184 # 1 # ID=4594_1;partial=10;start_type=Edge;rbs_motif=None;rbs_spacer=None;gc_cont=0.337	vanT gene in vanG cluster	3002972	Strict	34.89	102.11	glycopeptide antibiotic	antibiotic target alteration	glycopeptide resistance gene cluster; vanT	vancomycin	False	chromosome_like	1		
RM2016_batch03_global10	ERR1725938	k141_50646	k141_50646_1 # 1 # 405 # -1 # ID=5869_1;partial=10;start_type=GTG;rbs_motif=GGA/GAG/AGG;rbs_spacer=5-10bp;gc_cont=0.323	vanW gene in vanB cluster	3002964	Strict	37.5	49.09	glycopeptide antibiotic	antibiotic target alteration	vanW; glycopeptide resistance gene cluster	vancomycin	False	chromosome_like	1		
RM2016_batch03_global10	ERR1725938	k141_4743	k141_4743_5 # 3072 # 3437 # 1 # ID=6610_5;partial=00;start_type=ATG;rbs_motif=None;rbs_spacer=None;gc_cont=0.383	qacJ	3007014	Strict	44.34	113.08	disinfecting agents and antiseptics	antibiotic efflux	small multidrug resistance (SMR) antibiotic efflux pump	benzalkonium chloride	True	plasmid_like		0.8251	
RM2016_batch03_global10	ERR1725938	k141_97461	k141_97461_3 # 3094 # 3882 # 1 # ID=6616_3;partial=00;start_type=ATG;rbs_motif=GGAG/GAGG;rbs_spacer=5-10bp;gc_cont=0.444	aadA27	3004682	Perfect	100.0	100.0	aminoglycoside antibiotic	antibiotic inactivation	ANT(3'')	spectinomycin; streptomycin	True	plasmid_like		0.9948	
RM2016_batch03_global10	ERR1725938	k141_4981	k141_4981_5 # 2522 # 4441 # -1 # ID=6849_5;partial=00;start_type=ATG;rbs_motif=GGAGG;rbs_spacer=5-10bp;gc_cont=0.531	tet(W)	3000194	Perfect	100.0	100.0	tetracycline antibiotic	antibiotic target protection	tetracycline-resistant ribosomal protection protein	tetracycline; doxycycline; minocycline; chlortetracycline; demeclocycline; oxytetracycline	True	plasmid_like		0.9928	
RM2016_batch03_global10	ERR1725938	k141_99265	k141_99265_1 # 1 # 1308 # 1 # ID=8959_1;partial=10;start_type=Edge;rbs_motif=None;rbs_spacer=None;gc_cont=0.409	tet(O)	3000190	Strict	49.88	68.08	tetracycline antibiotic	antibiotic target protection	tetracycline-resistant ribosomal protection protein	tetracycline; doxycycline; minocycline; chlortetracycline; demeclocycline; oxytetracycline	False	chromosome_like	1		
RM2016_batch03_global10	ERR1725938	k141_193198	k141_193198_1 # 1 # 297 # 1 # ID=10436_1;partial=10;start_type=Edge;rbs_motif=None;rbs_spacer=None;gc_cont=0.559	qacJ	3007014	Strict	44.57	91.59	disinfecting agents and antiseptics	antibiotic efflux	small multidrug resistance (SMR) antibiotic efflux pump	benzalkonium chloride	False	chromosome_like	1		
RM2016_batch03_global10	ERR1725938	k141_8448	k141_8448_2 # 1094 # 1516 # 1 # ID=11286_2;partial=01;start_type=ATG;rbs_motif=GGA/GAG/AGG;rbs_spacer=5-10bp;gc_cont=0.426	vanW gene in vanG cluster	3002965	Strict	33.09	50.18	glycopeptide antibiotic	antibiotic target alteration	vanW; glycopeptide resistance gene cluster	vancomycin	False	chromosome_like	1		
RM2016_batch03_global10	ERR1725938	k141_240375	k141_240375_2 # 3102 # 3446 # 1 # ID=11746_2;partial=00;start_type=ATG;rbs_motif=GGA/GAG/AGG;rbs_spacer=5-10bp;gc_cont=0.394	qacG	3007015	Strict	50.0	106.54	disinfecting agents and antiseptics	antibiotic efflux	small multidrug resistance (SMR) antibiotic efflux pump	benzalkonium chloride	False	chromosome_like	1		
RM2016_batch03_global10	ERR1725938	k141_286793	k141_286793_3 # 3800 # 5212 # -1 # ID=11838_3;partial=01;start_type=Edge;rbs_motif=None;rbs_spacer=None;gc_cont=0.398	tet(Q)	3000191	Strict	97.02	71.54	tetracycline antibiotic	antibiotic target protection	tetracycline-resistant ribosomal protection protein	tetracycline; doxycycline; minocycline; chlortetracycline; demeclocycline; oxytetracycline	False	chromosome_like	1		
RM2016_batch03_global10	ERR1725938	k141_195175	k141_195175_2 # 578 # 1033 # -1 # ID=12988_2;partial=01;start_type=Edge;rbs_motif=None;rbs_spacer=None;gc_cont=0.504	emrR	3000516	Strict	99.34	85.8	fluoroquinolone antibiotic	antibiotic efflux	major facilitator superfamily (MFS) antibiotic efflux pump	nalidixic acid	False	chromosome_like	1		
RM2016_batch03_global10	ERR1725938	k141_56130	k141_56130_26 # 24070 # 24813 # 1 # ID=13474_26;partial=00;start_type=ATG;rbs_motif=GGAG/GAGG;rbs_spacer=5-10bp;gc_cont=0.524	vanW gene in vanG cluster	3002965	Strict	33.58	87.9	glycopeptide antibiotic	antibiotic target alteration	vanW; glycopeptide resistance gene cluster	vancomycin	False	chromosome_like	1		
RM2016_batch03_global10	ERR1725938	k141_288830	k141_288830_2 # 155 # 484 # 1 # ID=14288_2;partial=00;start_type=ATG;rbs_motif=3Base/5BMM;rbs_spacer=13-15bp;gc_cont=0.394	qacJ	3007014	Strict	36.79	101.87	disinfecting agents and antiseptics	antibiotic efflux	small multidrug resistance (SMR) antibiotic efflux pump	benzalkonium chloride	False	chromosome_like	1		
RM2016_batch03_global10	ERR1725938	k141_289420	k141_289420_4 # 2738 # 3073 # 1 # ID=14988_4;partial=00;start_type=ATG;rbs_motif=None;rbs_spacer=None;gc_cont=0.577	qacG	3007015	Strict	42.31	103.74	disinfecting agents and antiseptics	antibiotic efflux	small multidrug resistance (SMR) antibiotic efflux pump	benzalkonium chloride	False	chromosome_like	1		
RM2016_batch03_global10	ERR1725938	k141_12356	k141_12356_1 # 89 # 1255 # 1 # ID=16353_1;partial=00;start_type=ATG;rbs_motif=None;rbs_spacer=None;gc_cont=0.373	tet(X)	3000205	Strict	99.48	100.0	glycylcycline; tetracycline antibiotic	antibiotic inactivation	tetracycline inactivation enzyme	tigecycline; tetracycline; doxycycline; minocycline; chlortetracycline; demeclocycline; oxytetracycline	False	chromosome_like	1		
RM2016_batch03_global10	ERR1725938	k141_336619	k141_336619_5 # 4466 # 4798 # 1 # ID=16643_5;partial=00;start_type=ATG;rbs_motif=GGA/GAG/AGG;rbs_spacer=5-10bp;gc_cont=0.438	qacJ	3007014	Strict	43.27	102.8	disinfecting agents and antiseptics	antibiotic efflux	small multidrug resistance (SMR) antibiotic efflux pump	benzalkonium chloride	False	chromosome_like	1		
RM2016_batch03_global10	ERR1725938	k141_58953	k141_58953_3 # 1925 # 2896 # 1 # ID=16988_3;partial=00;start_type=ATG;rbs_motif=AGGAG;rbs_spacer=5-10bp;gc_cont=0.495	vanH gene in vanM cluster	3002947	Strict	37.42	99.08	glycopeptide antibiotic	antibiotic target alteration	vanH; glycopeptide resistance gene cluster	vancomycin; teicoplanin	False	chromosome_like	1		
RM2016_batch03_global10	ERR1725938	k141_291420	k141_291420_2 # 581 # 997 # 1 # ID=17295_2;partial=00;start_type=ATG;rbs_motif=GGA/GAG/AGG;rbs_spacer=5-10bp;gc_cont=0.612	FosA8	3007371	Strict	60.29	97.87	phosphonic acid antibiotic	antibiotic inactivation	fosfomycin thiol transferase	fosfomycin	False	chromosome_like	1		
RM2016_batch03_global10	ERR1725938	k141_14222	k141_14222_3 # 2054 # 3376 # -1 # ID=18562_3;partial=00;start_type=ATG;rbs_motif=GGAG/GAGG;rbs_spacer=5-10bp;gc_cont=0.621	Acinetobacter baumannii AbaQ	3004574	Strict	72.03	101.38	fluoroquinolone antibiotic	antibiotic efflux	major facilitator superfamily (MFS) antibiotic efflux pump		False	chromosome_like	1		
RM2016_batch03_global10	ERR1725938	k141_246438	k141_246438_1 # 24 # 884 # -1 # ID=18906_1;partial=00;start_type=ATG;rbs_motif=AGGAG;rbs_spacer=5-10bp;gc_cont=0.599	AAC(3)-IIe	3004621	Strict	98.95	100.0	aminoglycoside antibiotic	antibiotic inactivation	AAC(3)	dibekacin; sisomicin; netilmicin; tobramycin; 6'-N-ethylnetilmicin; 2'-N-ethylnetilmicin; gentamicin	False	chromosome_like	1		
RM2016_batch03_global10	ERR1725938	k141_107354	k141_107354_2 # 341 # 1120 # 1 # ID=20196_2;partial=01;start_type=ATG;rbs_motif=GGAG/GAGG;rbs_spacer=5-10bp;gc_cont=0.464	vanY gene in vanB cluster	3002956	Strict	41.03	97.01	glycopeptide antibiotic	antibiotic target alteration	vanY; glycopeptide resistance gene cluster	vancomycin	False	chromosome_like	1		
RM2016_batch03_global10	ERR1725938	k141_201225	k141_201225_2 # 156 # 485 # 1 # ID=20544_2;partial=00;start_type=ATG;rbs_motif=4Base/6BMM;rbs_spacer=13-15bp;gc_cont=0.397	qacJ	3007014	Strict	36.79	101.87	disinfecting agents and antiseptics	antibiotic efflux	small multidrug resistance (SMR) antibiotic efflux pump	benzalkonium chloride	False	chromosome_like	1		
RM2016_batch03_global10	ERR1725938	k141_15836	k141_15836_1 # 336 # 1526 # 1 # ID=20567_1;partial=00;start_type=ATG;rbs_motif=AGGAG/GGAGG;rbs_spacer=11-12bp;gc_cont=0.410	mefF	3007044	Strict	70.28	99.75	macrolide antibiotic	antibiotic efflux	major facilitator superfamily (MFS) antibiotic efflux pump		False	chromosome_like	1		
RM2016_batch03_global10	ERR1725938	k141_155827	k141_155827_2 # 787 # 3951 # 1 # ID=21216_2;partial=00;start_type=ATG;rbs_motif=GGA/GAG/AGG;rbs_spacer=5-10bp;gc_cont=0.442	adeF	3000777	Strict	59.05	99.53	fluoroquinolone antibiotic; tetracycline antibiotic	antibiotic efflux	resistance-nodulation-cell division (RND) antibiotic efflux pump	tetracycline	True	plasmid_like		0.9518	
RM2016_batch03_global10	ERR1725938	k141_155961	k141_155961_2 # 574 # 921 # 1 # ID=21343_2;partial=00;start_type=ATG;rbs_motif=GGAG/GAGG;rbs_spacer=5-10bp;gc_cont=0.500	qacEdelta1	3005010	Perfect	100.0	100.0	disinfecting agents and antiseptics	antibiotic efflux	major facilitator superfamily (MFS) antibiotic efflux pump		True	plasmid_like		0.9243	
RM2016_batch03_global10	ERR1725938	k141_155961	k141_155961_3 # 915 # 1754 # 1 # ID=21343_3;partial=00;start_type=ATG;rbs_motif=GGAGG;rbs_spacer=5-10bp;gc_cont=0.618	sul1	3000410	Strict	99.64	100.0	sulfonamide antibiotic	antibiotic target replacement	sulfonamide resistant sul	sulfadiazine; sulfadimidine; sulfadoxine; sulfamethoxazole; sulfisoxazole; sulfacetamide; mafenide; sulfasalazine; sulfamethizole	True	plasmid_like		0.9243	
RM2016_batch03_global10	ERR1725938	k141_16572	k141_16572_4 # 2422 # 3285 # 1 # ID=21388_4;partial=00;start_type=ATG;rbs_motif=TAAAA;rbs_spacer=14bp;gc_cont=0.317	aadS	3004683	Perfect	100.0	100.0	aminoglycoside antibiotic	antibiotic inactivation	ANT(6)	streptomycin	False	chromosome_like	1		
RM2016_batch03_global10	ERR1725938	k141_16572	k141_16572_6 # 4528 # 5328 # -1 # ID=21388_6;partial=00;start_type=ATG;rbs_motif=TAA;rbs_spacer=10bp;gc_cont=0.341	ErmF	3000498	Strict	99.62	100.0	macrolide antibiotic; lincosamide antibiotic; streptogramin antibiotic; streptogramin A antibiotic; streptogramin B antibiotic	antibiotic target alteration	Erm 23S ribosomal RNA methyltransferase	erythromycin; roxithromycin; lincomycin; telithromycin; clarithromycin; clindamycin; tylosin; spiramycin; azithromycin; dirithromycin; pristinamycin IA; quinupristin; virginiamycin M1; madumycin II; griseoviridin; dalfopristin; pristinamycin IB; virginiamycin S2; pristinamycin IC; vernamycin C; patricin A; patricin B; ostreogrycin B3; oleandomycin	False	chromosome_like	1		
RM2016_batch03_global10	ERR1725938	k141_295926	k141_295926_1 # 1 # 1365 # -1 # ID=22555_1;partial=10;start_type=TTG;rbs_motif=AAA;rbs_spacer=14bp;gc_cont=0.553	vanW gene in vanI cluster	3003724	Strict	33.33	121.98	glycopeptide antibiotic	antibiotic target alteration	vanW; glycopeptide resistance gene cluster	vancomycin; teicoplanin	False	chromosome_like	1		
RM2016_batch03_global10	ERR1725938	k141_296195	k141_296195_2 # 472 # 1542 # 1 # ID=22871_2;partial=00;start_type=ATG;rbs_motif=AGGAG;rbs_spacer=5-10bp;gc_cont=0.289	vanT gene in vanG cluster	3002972	Strict	34.07	50.0	glycopeptide antibiotic	antibiotic target alteration	glycopeptide resistance gene cluster; vanT	vancomycin	False	chromosome_like	1		
RM2016_batch03_global10	ERR1725938	k141_203593	k141_203593_5 # 2782 # 3879 # -1 # ID=23257_5;partial=00;start_type=ATG;rbs_motif=GGAG/GAGG;rbs_spacer=5-10bp;gc_cont=0.611	vanG	3002909	Strict	37.95	104.58	glycopeptide antibiotic	antibiotic target alteration	glycopeptide resistance gene cluster; Van ligase	vancomycin	True	plasmid_like		0.8292	
RM2016_batch03_global10	ERR1725938	k141_18729	k141_18729_2 # 1416 # 1913 # -1 # ID=23927_2;partial=00;start_type=ATG;rbs_motif=None;rbs_spacer=None;gc_cont=0.651	FosI	3007370	Strict	71.97	123.13	phosphonic acid antibiotic	antibiotic inactivation	fosfomycin thiol transferase	fosfomycin	False	chromosome_like	1		
RM2016_batch03_global10	ERR1725938	k141_18931	k141_18931_4 # 2070 # 2402 # -1 # ID=24146_4;partial=00;start_type=ATG;rbs_motif=GGA/GAG/AGG;rbs_spacer=5-10bp;gc_cont=0.538	qacJ	3007014	Strict	36.54	102.8	disinfecting agents and antiseptics	antibiotic efflux	small multidrug resistance (SMR) antibiotic efflux pump	benzalkonium chloride	False	chromosome_like	1		
RM2016_batch03_global10	ERR1725938	k141_65546	k141_65546_1 # 181 # 1176 # -1 # ID=25216_1;partial=00;start_type=ATG;rbs_motif=TATAA;rbs_spacer=3bp;gc_cont=0.356	CfxA6	3003097	Strict	99.4	100.0	cephamycin	antibiotic inactivation	CfxA beta-lactamase		False	chromosome_like	1		
RM2016_batch03_global10	ERR1725938	k141_252237	k141_252237_1 # 199 # 1029 # 1 # ID=25686_1;partial=00;start_type=ATG;rbs_motif=None;rbs_spacer=None;gc_cont=0.347	OXA-1	3001396	Strict	99.64	100.0	carbapenem; cephalosporin; penam	antibiotic inactivation	OXA beta-lactamase	cloxacillin; oxacillin; amoxicillin; piperacillin; ampicillin; cefalotin	False	chromosome_like	1		
RM2016_batch03_global10	ERR1725938	k141_344111	k141_344111_1 # 3 # 1958 # -1 # ID=25894_1;partial=11;start_type=Edge;rbs_motif=None;rbs_spacer=None;gc_cont=0.595	adeF	3000777	Strict	65.28	61.57	fluoroquinolone antibiotic; tetracycline antibiotic	antibiotic efflux	resistance-nodulation-cell division (RND) antibiotic efflux pump	tetracycline	False	chromosome_like	1		
RM2016_batch03_global10	ERR1725938	k141_111994	k141_111994_1 # 1 # 642 # 1 # ID=26038_1;partial=10;start_type=Edge;rbs_motif=None;rbs_spacer=None;gc_cont=0.651	vanW gene in vanI cluster	3003724	Strict	29.01	57.1	glycopeptide antibiotic	antibiotic target alteration	vanW; glycopeptide resistance gene cluster	vancomycin; teicoplanin	False	chromosome_like	1		
RM2016_batch03_global10	ERR1725938	k141_344390	k141_344390_2 # 452 # 985 # 1 # ID=26195_2;partial=00;start_type=ATG;rbs_motif=None;rbs_spacer=None;gc_cont=0.575	ANT(2'')-Ia	3000230	Strict	99.44	100.0	aminoglycoside antibiotic	antibiotic inactivation	ANT(2'')	dibekacin; sisomicin; kanamycin A; tobramycin; gentamicin	False	chromosome_like	1		
RM2016_batch03_global10	ERR1725938	k141_253449	k141_253449_2 # 765 # 1859 # -1 # ID=27140_2;partial=00;start_type=ATG;rbs_motif=GGAG/GAGG;rbs_spacer=5-10bp;gc_cont=0.614	vanG	3002909	Strict	37.67	104.3	glycopeptide antibiotic	antibiotic target alteration	glycopeptide resistance gene cluster; Van ligase	vancomycin	False	chromosome_like	1		
RM2016_batch03_global10	ERR1725938	k141_345336	k141_345336_7 # 4934 # 6406 # 1 # ID=27405_7;partial=00;start_type=ATG;rbs_motif=GGAG/GAGG;rbs_spacer=5-10bp;gc_cont=0.483	vanW gene in vanI cluster	3003724	Strict	34.51	131.37	glycopeptide antibiotic	antibiotic target alteration	vanW; glycopeptide resistance gene cluster	vancomycin; teicoplanin	False	chromosome_like	1		
RM2016_batch03_global10	ERR1725938	k141_207480	k141_207480_1 # 3 # 701 # -1 # ID=27755_1;partial=10;start_type=GTG;rbs_motif=AGGAGG;rbs_spacer=5-10bp;gc_cont=0.403	tet(Q)	3000191	Strict	95.28	35.46	tetracycline antibiotic	antibiotic target protection	tetracycline-resistant ribosomal protection protein	tetracycline; doxycycline; minocycline; chlortetracycline; demeclocycline; oxytetracycline	False	chromosome_like	1		
RM2016_batch03_global10	ERR1725938	k141_115447	k141_115447_1 # 3 # 1472 # 1 # ID=30251_1;partial=10;start_type=Edge;rbs_motif=None;rbs_spacer=None;gc_cont=0.410	tet(32)	3000196	Strict	98.98	76.53	tetracycline antibiotic	antibiotic target protection	tetracycline-resistant ribosomal protection protein	tetracycline; doxycycline; minocycline; chlortetracycline; demeclocycline; oxytetracycline	False	chromosome_like	1		
RM2016_batch03_global10	ERR1725938	k141_73383	k141_73383_2 # 511 # 1266 # -1 # ID=34550_2;partial=01;start_type=Edge;rbs_motif=None;rbs_spacer=None;gc_cont=0.433	vanW gene in vanG cluster	3002965	Strict	33.33	89.32	glycopeptide antibiotic	antibiotic target alteration	vanW; glycopeptide resistance gene cluster	vancomycin	False	chromosome_like	1		
RM2016_batch03_global10	ERR1725938	k141_74266	k141_74266_3 # 927 # 1376 # 1 # ID=35633_3;partial=00;start_type=ATG;rbs_motif=GGAG/GAGG;rbs_spacer=5-10bp;gc_cont=0.602	Pseudomonas aeruginosa soxR	3004107	Strict	69.01	95.51	fluoroquinolone antibiotic; cephalosporin; glycylcycline; penam; tetracycline antibiotic; rifamycin antibiotic; phenicol antibiotic; disinfecting agents and antiseptics	antibiotic target alteration; antibiotic efflux	ATP-binding cassette (ABC) antibiotic efflux pump; major facilitator superfamily (MFS) antibiotic efflux pump; resistance-nodulation-cell division (RND) antibiotic efflux pump	tigecycline; ciprofloxacin; acriflavine; tetracycline; rifampin; chloramphenicol; ampicillin; norfloxacin; cefalotin; triclosan	False	chromosome_like	1		
RM2016_batch03_global10	ERR1725938	k141_30960	k141_30960_1 # 259 # 591 # 1 # ID=37979_1;partial=00;start_type=ATG;rbs_motif=GGA/GAG/AGG;rbs_spacer=5-10bp;gc_cont=0.411	qacG	3007015	Strict	44.76	102.8	disinfecting agents and antiseptics	antibiotic efflux	small multidrug resistance (SMR) antibiotic efflux pump	benzalkonium chloride	False	chromosome_like	1		
RM2016_batch03_global10	ERR1725938	k141_263563	k141_263563_1 # 2 # 478 # 1 # ID=38209_1;partial=10;start_type=Edge;rbs_motif=None;rbs_spacer=None;gc_cont=0.442	ANT(3'')-IIc	3004091	Strict	82.35	61.0	aminoglycoside antibiotic	antibiotic inactivation	ANT(3'')	spectinomycin; streptomycin	False	chromosome_like	1		
RM2016_batch03_global10	ERR1725938	k141_172519	k141_172519_2 # 436 # 1275 # -1 # ID=39868_2;partial=01;start_type=Edge;rbs_motif=None;rbs_spacer=None;gc_cont=0.513	vanW gene in vanI cluster	3003724	Strict	42.64	74.8	glycopeptide antibiotic	antibiotic target alteration	vanW; glycopeptide resistance gene cluster	vancomycin; teicoplanin	False	chromosome_like	1		
RM2016_batch03_global10	ERR1725938	k141_124689	k141_124689_1 # 1 # 1254 # -1 # ID=40314_1;partial=11;start_type=Edge;rbs_motif=None;rbs_spacer=None;gc_cont=0.503	vanW gene in vanI cluster	3003724	Strict	33.84	112.06	glycopeptide antibiotic	antibiotic target alteration	vanW; glycopeptide resistance gene cluster	vancomycin; teicoplanin	False	chromosome_like	1		
RM2016_batch03_global10	ERR1725938	k141_173002	k141_173002_2 # 298 # 1086 # -1 # ID=40451_2;partial=00;start_type=ATG;rbs_motif=TAA;rbs_spacer=11bp;gc_cont=0.378	ANT(3'')-IIc	3004091	Strict	69.38	101.16	aminoglycoside antibiotic	antibiotic inactivation	ANT(3'')	spectinomycin; streptomycin	True	plasmid_like		0.9405	
RM2016_batch03_global10	ERR1725938	k141_33890	k141_33890_2 # 576 # 2147 # -1 # ID=41268_2;partial=01;start_type=Edge;rbs_motif=None;rbs_spacer=None;gc_cont=0.377	vanT gene in vanG cluster	3002972	Strict	34.95	73.46	glycopeptide antibiotic	antibiotic target alteration	glycopeptide resistance gene cluster; vanT	vancomycin	False	chromosome_like	1		
RM2016_batch03_global10	ERR1725938	k141_34100	k141_34100_1 # 26 # 817 # -1 # ID=41509_1;partial=00;start_type=ATG;rbs_motif=TAA;rbs_spacer=11bp;gc_cont=0.410	OXA-296	3001751	Strict	96.96	92.61	carbapenem; cephalosporin; penam	antibiotic inactivation	OXA beta-lactamase	cloxacillin; oxacillin; cefalotin	False	chromosome_like	1		
RM2016_batch03_global10	ERR1725938	k141_313768	k141_313768_2 # 498 # 1394 # -1 # ID=41882_2;partial=00;start_type=ATG;rbs_motif=TAA;rbs_spacer=6bp;gc_cont=0.420	CARB-16	3002255	Strict	99.66	100.0	penam	antibiotic inactivation	CARB beta-lactamase		False	chromosome_like	1		
RM2016_batch03_global10	ERR1725938	k141_359515	k141_359515_1 # 3 # 1193 # 1 # ID=42825_1;partial=10;start_type=Edge;rbs_motif=None;rbs_spacer=None;gc_cont=0.350	mefJ	3007049	Strict	99.75	99.75	macrolide antibiotic	antibiotic efflux	major facilitator superfamily (MFS) antibiotic efflux pump		False	chromosome_like	1		
RM2016_batch03_global10	ERR1725938	k141_35803	k141_35803_1 # 150 # 1250 # 1 # ID=43343_1;partial=00;start_type=ATG;rbs_motif=GGAGG;rbs_spacer=5-10bp;gc_cont=0.554	vanT gene in vanG cluster	3002972	Strict	33.33	51.4	glycopeptide antibiotic	antibiotic target alteration	glycopeptide resistance gene cluster; vanT	vancomycin	False	chromosome_like	1		
RM2016_batch03_global10	ERR1725938	k141_36245	k141_36245_2 # 345 # 2945 # 1 # ID=43786_2;partial=01;start_type=ATG;rbs_motif=None;rbs_spacer=None;gc_cont=0.625	adeF	3000777	Strict	68.16	81.87	fluoroquinolone antibiotic; tetracycline antibiotic	antibiotic efflux	resistance-nodulation-cell division (RND) antibiotic efflux pump	tetracycline	False	chromosome_like	1		
RM2016_batch03_global10	ERR1725938	k141_36511	k141_36511_2 # 308 # 652 # -1 # ID=44144_2;partial=00;start_type=ATG;rbs_motif=GGA/GAG/AGG;rbs_spacer=5-10bp;gc_cont=0.403	qacG	3007015	Strict	46.15	106.54	disinfecting agents and antiseptics	antibiotic efflux	small multidrug resistance (SMR) antibiotic efflux pump	benzalkonium chloride	False	chromosome_like	1		
RM2016_batch03_global10	ERR1725938	k141_82074	k141_82074_1 # 2 # 922 # 1 # ID=44322_1;partial=10;start_type=Edge;rbs_motif=None;rbs_spacer=None;gc_cont=0.506	OXA-205	3001483	Strict	98.87	115.04	carbapenem; cephalosporin; penam	antibiotic inactivation	OXA beta-lactamase	cloxacillin; oxacillin; cefalotin	False	chromosome_like	1		
RM2016_batch03_global10	ERR1725938	k141_37377	k141_37377_1 # 1 # 1131 # 1 # ID=45117_1;partial=10;start_type=Edge;rbs_motif=None;rbs_spacer=None;gc_cont=0.316	EreD	3004608	Strict	99.2	92.16	macrolide antibiotic	antibiotic inactivation	macrolide esterase	erythromycin	False	chromosome_like	1		
RM2016_batch03_global10	ERR1725938	k141_223646	k141_223646_2 # 469 # 3624 # -1 # ID=45418_2;partial=00;start_type=ATG;rbs_motif=GGAG/GAGG;rbs_spacer=5-10bp;gc_cont=0.608	adeF	3000777	Strict	43.57	99.24	fluoroquinolone antibiotic; tetracycline antibiotic	antibiotic efflux	resistance-nodulation-cell division (RND) antibiotic efflux pump	tetracycline	True	plasmid_like		0.7103	
RM2016_batch03_global10	ERR1725938	k141_316926	k141_316926_1 # 238 # 1458 # -1 # ID=45427_1;partial=00;start_type=ATG;rbs_motif=AGGAG/GGAGG;rbs_spacer=11-12bp;gc_cont=0.567	tet(40)	3000567	Strict	99.01	100.0	tetracycline antibiotic	antibiotic efflux	major facilitator superfamily (MFS) antibiotic efflux pump	tetracycline	False	chromosome_like	1		
RM2016_batch03_global10	ERR1725938	k141_316926	k141_316926_2 # 1509 # 3428 # -1 # ID=45427_2;partial=00;start_type=ATG;rbs_motif=AGGAGG;rbs_spacer=5-10bp;gc_cont=0.405	tet(O)	3000190	Strict	99.06	100.0	tetracycline antibiotic	antibiotic target protection	tetracycline-resistant ribosomal protection protein	tetracycline; doxycycline; minocycline; chlortetracycline; demeclocycline; oxytetracycline	False	chromosome_like	1		
RM2016_batch03_global10	ERR1725938	k141_83726	k141_83726_2 # 379 # 711 # 1 # ID=46001_2;partial=00;start_type=ATG;rbs_motif=None;rbs_spacer=None;gc_cont=0.625	qacG	3007015	Strict	44.34	102.8	disinfecting agents and antiseptics	antibiotic efflux	small multidrug resistance (SMR) antibiotic efflux pump	benzalkonium chloride	False	chromosome_like	1		
RM2016_batch03_global10	ERR1725938	k141_38902	k141_38902_1 # 2 # 784 # -1 # ID=46595_1;partial=10;start_type=ATG;rbs_motif=GGAG/GAGG;rbs_spacer=5-10bp;gc_cont=0.453	leuO	3003843	Strict	98.47	83.12	nucleoside antibiotic; disinfecting agents and antiseptics	antibiotic efflux	major facilitator superfamily (MFS) antibiotic efflux pump	acriflavine; puromycin	False	chromosome_like	1		
RM2016_batch03_global10	ERR1725938	k141_38998	k141_38998_2 # 659 # 1297 # 1 # ID=46682_2;partial=00;start_type=GTG;rbs_motif=GGA/GAG/AGG;rbs_spacer=5-10bp;gc_cont=0.545	AAC(6')-Ib9	3002580	Strict	100.0	104.43	aminoglycoside antibiotic	antibiotic inactivation	AAC(6')	amikacin; kanamycin A; tobramycin	True	plasmid_like		0.9209	
RM2016_batch03_global10	ERR1725938	k141_38998	k141_38998_3 # 1539 # 2339 # 1 # ID=46682_3;partial=00;start_type=ATG;rbs_motif=AGxAG;rbs_spacer=5-10bp;gc_cont=0.419	OXA-10	3001405	Perfect	100.0	100.0	carbapenem; cephalosporin; penam	antibiotic inactivation	OXA beta-lactamase	cloxacillin; oxacillin; cefalotin	True	plasmid_like		0.9209	
RM2016_batch03_global10	ERR1725938	k141_226656	k141_226656_4 # 2952 # 3836 # -1 # ID=48363_4;partial=00;start_type=ATG;rbs_motif=TAA;rbs_spacer=12bp;gc_cont=0.365	mphE	3003741	Perfect	100.0	100.0	macrolide antibiotic	antibiotic inactivation	macrolide phosphotransferase (MPH)	erythromycin	True	plasmid_like		0.9867	
RM2016_batch03_global10	ERR1725938	k141_226656	k141_226656_5 # 3892 # 5367 # -1 # ID=48363_5;partial=00;start_type=ATG;rbs_motif=TAAA;rbs_spacer=5bp;gc_cont=0.399	msrE	3003109	Perfect	100.0	100.0	macrolide antibiotic; streptogramin antibiotic	antibiotic target protection	msr-type ABC-F protein	erythromycin	True	plasmid_like		0.9867	
RM2016_batch03_global10	ERR1725938	k141_273642	k141_273642_1 # 2 # 1540 # 1 # ID=48762_1;partial=10;start_type=Edge;rbs_motif=None;rbs_spacer=None;gc_cont=0.386	msr(G)	3007042	Strict	75.71	105.57	macrolide antibiotic; streptogramin antibiotic	antibiotic target protection	msr-type ABC-F protein	erythromycin; azithromycin	False	chromosome_like	1		
RM2016_batch03_global10	ERR1725938	k141_182815	k141_182815_3 # 876 # 1712 # -1 # ID=50437_3;partial=00;start_type=ATG;rbs_motif=None;rbs_spacer=None;gc_cont=0.559	APH(6)-Id	3002660	Strict	99.64	100.0	aminoglycoside antibiotic	antibiotic inactivation	APH(6)	streptomycin	True	plasmid_like		0.9924	
RM2016_batch03_global10	ERR1725938	k141_182815	k141_182815_4 # 1712 # 2515 # -1 # ID=50437_4;partial=00;start_type=TTG;rbs_motif=AGGA;rbs_spacer=5-10bp;gc_cont=0.562	APH(3'')-Ib	3002639	Strict	99.63	100.0	aminoglycoside antibiotic	antibiotic inactivation	APH(3'')	streptomycin	True	plasmid_like		0.9924	
RM2016_batch03_global10	ERR1725938	k141_45279	k141_45279_3 # 726 # 1070 # -1 # ID=53013_3;partial=00;start_type=ATG;rbs_motif=GGA/GAG/AGG;rbs_spacer=11-12bp;gc_cont=0.333	qacG	3007015	Strict	49.04	106.54	disinfecting agents and antiseptics	antibiotic efflux	small multidrug resistance (SMR) antibiotic efflux pump	benzalkonium chloride	True	plasmid_like		0.9803	
RM2016_batch03_global10	ERR1725938	k141_91391	k141_91391_1 # 199 # 1044 # -1 # ID=53418_1;partial=00;start_type=ATG;rbs_motif=None;rbs_spacer=None;gc_cont=0.535	aadA6	3002606	Strict	99.29	100.0	aminoglycoside antibiotic	antibiotic inactivation	ANT(3'')	spectinomycin; streptomycin	False	chromosome_like	1		
RM2016_batch03_global10	ERR1725952	k141_10465	k141_10465_2 # 263 # 1087 # 1 # ID=243_2;partial=00;start_type=ATG;rbs_motif=None;rbs_spacer=None;gc_cont=0.457	OXA-644	3005864	Strict	97.08	100.0	carbapenem; cephalosporin; penam	antibiotic inactivation	OXA beta-lactamase	cloxacillin; oxacillin; cefalotin	False	chromosome_like	1		
RM2016_batch03_global10	ERR1725952	k141_18127	k141_18127_2 # 1035 # 1919 # -1 # ID=314_2;partial=00;start_type=ATG;rbs_motif=TAA;rbs_spacer=12bp;gc_cont=0.365	mphE	3003741	Perfect	100.0	100.0	macrolide antibiotic	antibiotic inactivation	macrolide phosphotransferase (MPH)	erythromycin	False	chromosome_like	1		
RM2016_batch03_global10	ERR1725952	k141_18127	k141_18127_3 # 1975 # 3450 # -1 # ID=314_3;partial=00;start_type=ATG;rbs_motif=TAAA;rbs_spacer=5bp;gc_cont=0.399	msrE	3003109	Perfect	100.0	100.0	macrolide antibiotic; streptogramin antibiotic	antibiotic target protection	msr-type ABC-F protein	erythromycin	False	chromosome_like	1		
RM2016_batch03_global10	ERR1725952	k141_18422	k141_18422_1 # 2 # 1231 # -1 # ID=655_1;partial=11;start_type=Edge;rbs_motif=None;rbs_spacer=None;gc_cont=0.406	tet(O)	3000190	Strict	98.29	64.16	tetracycline antibiotic	antibiotic target protection	tetracycline-resistant ribosomal protection protein	tetracycline; doxycycline; minocycline; chlortetracycline; demeclocycline; oxytetracycline	False	chromosome_like	1		
RM2016_batch03_global10	ERR1725952	k141_737	k141_737_1 # 2 # 403 # -1 # ID=700_1;partial=10;start_type=ATG;rbs_motif=GGA/GAG/AGG;rbs_spacer=5-10bp;gc_cont=0.438	vanW gene in vanG cluster	3002965	Strict	33.85	47.69	glycopeptide antibiotic	antibiotic target alteration	vanW; glycopeptide resistance gene cluster	vancomycin	False	chromosome_like	1		
RM2016_batch03_global10	ERR1725952	k141_10974	k141_10974_1 # 780 # 2699 # 1 # ID=766_1;partial=00;start_type=ATG;rbs_motif=GGAGG;rbs_spacer=5-10bp;gc_cont=0.532	tet(W)	3000194	Strict	99.69	100.0	tetracycline antibiotic	antibiotic target protection	tetracycline-resistant ribosomal protection protein	tetracycline; doxycycline; minocycline; chlortetracycline; demeclocycline; oxytetracycline	False	chromosome_like	1		
RM2016_batch03_global10	ERR1725952	k141_16239	k141_16239_1 # 21 # 1169 # -1 # ID=938_1;partial=01;start_type=Edge;rbs_motif=None;rbs_spacer=None;gc_cont=0.663	vanT gene in vanG cluster	3002972	Strict	34.05	53.65	glycopeptide antibiotic	antibiotic target alteration	glycopeptide resistance gene cluster; vanT	vancomycin	False	chromosome_like	1		
RM2016_batch03_global10	ERR1725965	k141_63056	k141_63056_4 # 2095 # 2934 # -1 # ID=545_4;partial=00;start_type=ATG;rbs_motif=GGAGG;rbs_spacer=5-10bp;gc_cont=0.617	sul1	3000410	Perfect	100.0	100.0	sulfonamide antibiotic	antibiotic target replacement	sulfonamide resistant sul	sulfadiazine; sulfadimidine; sulfadoxine; sulfamethoxazole; sulfisoxazole; sulfacetamide; mafenide; sulfasalazine; sulfamethizole	True	plasmid_like		0.9522	
RM2016_batch03_global10	ERR1725965	k141_63056	k141_63056_5 # 2928 # 3275 # -1 # ID=545_5;partial=00;start_type=ATG;rbs_motif=GGAG/GAGG;rbs_spacer=5-10bp;gc_cont=0.497	qacEdelta1	3005010	Perfect	100.0	100.0	disinfecting agents and antiseptics	antibiotic efflux	major facilitator superfamily (MFS) antibiotic efflux pump		True	plasmid_like		0.9522	
RM2016_batch03_global10	ERR1725965	k141_63056	k141_63056_6 # 3439 # 4218 # -1 # ID=545_6;partial=00;start_type=GTG;rbs_motif=GGAG/GAGG;rbs_spacer=5-10bp;gc_cont=0.528	ANT(3'')-IIa	3004089	Strict	93.05	80.19	aminoglycoside antibiotic	antibiotic inactivation	ANT(3'')	spectinomycin; streptomycin	True	plasmid_like		0.9522	
RM2016_batch03_global10	ERR1725965	k141_73670	k141_73670_1 # 2 # 901 # 1 # ID=877_1;partial=10;start_type=Edge;rbs_motif=None;rbs_spacer=None;gc_cont=0.349	vanW gene in vanI cluster	3003724	Strict	34.31	80.16	glycopeptide antibiotic	antibiotic target alteration	vanW; glycopeptide resistance gene cluster	vancomycin; teicoplanin	False	chromosome_like	1		
RM2016_batch03_global10	ERR1725965	k141_11014	k141_11014_3 # 1162 # 1497 # -1 # ID=1196_3;partial=00;start_type=ATG;rbs_motif=GGAG/GAGG;rbs_spacer=5-10bp;gc_cont=0.560	qacG	3007015	Strict	42.31	103.74	disinfecting agents and antiseptics	antibiotic efflux	small multidrug resistance (SMR) antibiotic efflux pump	benzalkonium chloride	False	chromosome_like	1		
RM2016_batch03_global10	ERR1725965	k141_52937	k141_52937_2 # 446 # 1246 # -1 # ID=1295_2;partial=00;start_type=ATG;rbs_motif=AGxAGG/AGGxGG;rbs_spacer=3-4bp;gc_cont=0.419	OXA-10	3001405	Perfect	100.0	100.0	carbapenem; cephalosporin; penam	antibiotic inactivation	OXA beta-lactamase	cloxacillin; oxacillin; cefalotin	False	chromosome_like	1		
RM2016_batch03_global10	ERR1725965	k141_21647	k141_21647_4 # 1676 # 3151 # 1 # ID=1463_4;partial=00;start_type=ATG;rbs_motif=TAAA;rbs_spacer=5bp;gc_cont=0.400	msrE	3003109	Perfect	100.0	100.0	macrolide antibiotic; streptogramin antibiotic	antibiotic target protection	msr-type ABC-F protein	erythromycin	True	plasmid_like		0.9708	
RM2016_batch03_global10	ERR1725965	k141_21647	k141_21647_5 # 3207 # 4091 # 1 # ID=1463_5;partial=00;start_type=ATG;rbs_motif=TAA;rbs_spacer=12bp;gc_cont=0.365	mphE	3003741	Perfect	100.0	100.0	macrolide antibiotic	antibiotic inactivation	macrolide phosphotransferase (MPH)	erythromycin	True	plasmid_like		0.9708	
RM2016_batch03_global10	ERR1725965	k141_74294	k141_74294_1 # 3 # 788 # 1 # ID=2132_1;partial=10;start_type=Edge;rbs_motif=None;rbs_spacer=None;gc_cont=0.517	aadA13	3002613	Strict	96.55	98.49	aminoglycoside antibiotic	antibiotic inactivation	ANT(3'')	spectinomycin; streptomycin	False	chromosome_like	1		
RM2016_batch03_global10	ERR1725965	k141_53559	k141_53559_3 # 1072 # 1413 # 1 # ID=2505_3;partial=00;start_type=ATG;rbs_motif=GGA/GAG/AGG;rbs_spacer=11-12bp;gc_cont=0.444	qacG	3007015	Strict	46.15	105.61	disinfecting agents and antiseptics	antibiotic efflux	small multidrug resistance (SMR) antibiotic efflux pump	benzalkonium chloride	False	chromosome_like	1		
RM2016_batch03_global10	ERR1725965	k141_64127	k141_64127_4 # 2434 # 3546 # -1 # ID=2529_4;partial=00;start_type=GTG;rbs_motif=AGGAG;rbs_spacer=5-10bp;gc_cont=0.393	vanT gene in vanG cluster	3002972	Strict	38.52	51.97	glycopeptide antibiotic	antibiotic target alteration	glycopeptide resistance gene cluster; vanT	vancomycin	False	chromosome_like	1		
RM2016_batch03_global10	ERR1725965	k141_43390	k141_43390_4 # 2397 # 3725 # 1 # ID=2990_4;partial=00;start_type=ATG;rbs_motif=None;rbs_spacer=None;gc_cont=0.354	vanW gene in vanI cluster	3003724	Strict	31.56	118.5	glycopeptide antibiotic	antibiotic target alteration	vanW; glycopeptide resistance gene cluster	vancomycin; teicoplanin	False	chromosome_like	1		
RM2016_batch03_global10	ERR1725965	k141_33296	k141_33296_3 # 1214 # 1873 # 1 # ID=3371_3;partial=00;start_type=ATG;rbs_motif=AGGAGG;rbs_spacer=5-10bp;gc_cont=0.358	catQ	3002687	Strict	98.63	100.0	phenicol antibiotic	antibiotic inactivation	chloramphenicol acetyltransferase (CAT)	azidamfenicol; chloramphenicol; thiamphenicol	False	chromosome_like	1		
RM2016_batch03_global10	ERR1725965	k141_22645	k141_22645_1 # 3 # 1595 # 1 # ID=3409_1;partial=10;start_type=Edge;rbs_motif=None;rbs_spacer=None;gc_cont=0.405	tet(32)	3000196	Strict	99.43	82.94	tetracycline antibiotic	antibiotic target protection	tetracycline-resistant ribosomal protection protein	tetracycline; doxycycline; minocycline; chlortetracycline; demeclocycline; oxytetracycline	True	plasmid_like		0.9934	
RM2016_batch03_global10	ERR1725965	k141_22676	k141_22676_2 # 304 # 1167 # 1 # ID=3454_2;partial=00;start_type=ATG;rbs_motif=None;rbs_spacer=None;gc_cont=0.317	aadS	3004683	Perfect	100.0	100.0	aminoglycoside antibiotic	antibiotic inactivation	ANT(6)	streptomycin	False	chromosome_like	1		
RM2016_batch03_global10	ERR1725965	k141_33511	k141_33511_2 # 135 # 1637 # 1 # ID=3747_2;partial=00;start_type=ATG;rbs_motif=GGAG/GAGG;rbs_spacer=5-10bp;gc_cont=0.395	tet(Q)	3000191	Strict	98.0	76.1	tetracycline antibiotic	antibiotic target protection	tetracycline-resistant ribosomal protection protein	tetracycline; doxycycline; minocycline; chlortetracycline; demeclocycline; oxytetracycline	False	chromosome_like	1		
RM2016_batch03_global10	ERR1725965	k141_75266	k141_75266_3 # 2587 # 3798 # 1 # ID=3922_3;partial=01;start_type=ATG;rbs_motif=GGA/GAG/AGG;rbs_spacer=5-10bp;gc_cont=0.501	EreA	3000361	Strict	98.76	99.51	macrolide antibiotic	antibiotic inactivation	macrolide esterase	erythromycin; roxithromycin; clarithromycin	False	chromosome_like	1		
RM2016_batch03_global10	ERR1725965	k141_12562	k141_12562_2 # 771 # 1403 # -1 # ID=4222_2;partial=00;start_type=ATG;rbs_motif=GGA/GAG/AGG;rbs_spacer=5-10bp;gc_cont=0.493	catB3	3002676	Perfect	100.0	100.0	phenicol antibiotic	antibiotic inactivation	chloramphenicol acetyltransferase (CAT)	azidamfenicol; chloramphenicol; thiamphenicol	False	chromosome_like	1		
RM2016_batch03_global10	ERR1725965	k141_44468	k141_44468_2 # 361 # 2145 # 1 # ID=4987_2;partial=00;start_type=ATG;rbs_motif=AGGAG;rbs_spacer=5-10bp;gc_cont=0.468	patB	3000025	Strict	67.11	101.02	fluoroquinolone antibiotic	antibiotic efflux	ATP-binding cassette (ABC) antibiotic efflux pump	ciprofloxacin; norfloxacin	False	chromosome_like	1		
RM2016_batch03_global10	ERR1725965	k141_76122	k141_76122_2 # 199 # 1044 # -1 # ID=5432_2;partial=00;start_type=ATG;rbs_motif=None;rbs_spacer=None;gc_cont=0.537	aadA11	3002611	Strict	99.29	100.0	aminoglycoside antibiotic	antibiotic inactivation	ANT(3'')	spectinomycin; streptomycin	False	chromosome_like	1		
RM2016_batch03_global10	ERR1725965	k141_65889	k141_65889_2 # 1031 # 1945 # 1 # ID=5666_2;partial=00;start_type=ATG;rbs_motif=GGA/GAG/AGG;rbs_spacer=5-10bp;gc_cont=0.402	CARB-3	3002242	Strict	99.67	100.0	penam	antibiotic inactivation	CARB beta-lactamase		False	chromosome_like	1		
RM2016_batch03_global10	ERR1725965	k141_34964	k141_34964_2 # 551 # 1075 # 1 # ID=6288_2;partial=00;start_type=ATG;rbs_motif=AATAA;rbs_spacer=15bp;gc_cont=0.484	SAT-2	3002895	Perfect	100.0	100.0	nucleoside antibiotic	antibiotic inactivation	streptothricin acetyltransferase (SAT)	streptothricin	False	chromosome_like	1		
RM2016_batch03_global10	ERR1725965	k141_34969	k141_34969_2 # 90 # 1349 # -1 # ID=6296_2;partial=00;start_type=GTG;rbs_motif=AGGAG;rbs_spacer=5-10bp;gc_cont=0.554	cmlA5	3002695	Perfect	100.0	100.0	phenicol antibiotic	antibiotic efflux	major facilitator superfamily (MFS) antibiotic efflux pump	chloramphenicol	False	chromosome_like	1		
RM2016_batch03_global10	ERR1725965	k141_24166	k141_24166_1 # 345 # 2264 # 1 # ID=6307_1;partial=00;start_type=ATG;rbs_motif=GGAGG;rbs_spacer=5-10bp;gc_cont=0.531	tet(W)	3000194	Perfect	100.0	100.0	tetracycline antibiotic	antibiotic target protection	tetracycline-resistant ribosomal protection protein	tetracycline; doxycycline; minocycline; chlortetracycline; demeclocycline; oxytetracycline	True	plasmid_like		0.9928	
RM2016_batch03_global10	ERR1725965	k141_76954	k141_76954_4 # 2334 # 3278 # 1 # ID=6868_4;partial=00;start_type=ATG;rbs_motif=GGA/GAG/AGG;rbs_spacer=5-10bp;gc_cont=0.313	BRO-2	3004762	Perfect	100.0	100.0	penam	antibiotic inactivation	BRO Beta-lactamase		False	chromosome_like	1		
RM2016_batch03_global10	ERR1725965	k141_14665	k141_14665_2 # 1023 # 1367 # 1 # ID=7810_2;partial=00;start_type=ATG;rbs_motif=AGGA/GGAG/GAGG;rbs_spacer=11-12bp;gc_cont=0.386	qacG	3007015	Strict	46.15	106.54	disinfecting agents and antiseptics	antibiotic efflux	small multidrug resistance (SMR) antibiotic efflux pump	benzalkonium chloride	False	chromosome_like	1		
RM2016_batch03_global10	ERR1725965	k141_46370	k141_46370_1 # 1 # 1146 # 1 # ID=8495_1;partial=10;start_type=Edge;rbs_motif=None;rbs_spacer=None;gc_cont=0.470	ICR-Mo	3004569	Strict	99.48	68.28	peptide antibiotic	antibiotic target alteration	intrinsic colistin resistant phosphoethanolamine transferase	colistin A; colistin B	False	chromosome_like	1		
RM2016_batch03_global10	ERR1725965	k141_46609	k141_46609_1 # 135 # 917 # 1 # ID=8842_1;partial=00;start_type=ATG;rbs_motif=GGA/GAG/AGG;rbs_spacer=11-12bp;gc_cont=0.522	NPS-1	3004239	Strict	99.62	100.0	cephalosporin; penam	antibiotic inactivation	NPS beta-lactamase		False	chromosome_like	1		
RM2016_batch03_global10	ERR1725965	k141_5410	k141_5410_4 # 2265 # 3020 # -1 # ID=9773_4;partial=01;start_type=Edge;rbs_motif=None;rbs_spacer=None;gc_cont=0.450	vanY gene in vanM cluster	3002961	Strict	31.33	107.73	glycopeptide antibiotic	antibiotic target alteration	vanY; glycopeptide resistance gene cluster	vancomycin; teicoplanin	False	chromosome_like	1		
RM2016_batch03_global10	ERR1725965	k141_26236	k141_26236_4 # 2783 # 3949 # -1 # ID=9969_4;partial=00;start_type=ATG;rbs_motif=None;rbs_spacer=None;gc_cont=0.374	tet(X)	3000205	Strict	99.74	100.0	glycylcycline; tetracycline antibiotic	antibiotic inactivation	tetracycline inactivation enzyme	tigecycline; tetracycline; doxycycline; minocycline; chlortetracycline; demeclocycline; oxytetracycline	False	chromosome_like	1		
RM2016_batch03_global10	ERR1725965	k141_26247	k141_26247_2 # 519 # 1733 # 1 # ID=9987_2;partial=00;start_type=ATG;rbs_motif=GGAG/GAGG;rbs_spacer=5-10bp;gc_cont=0.587	cmlA9	3005043	Perfect	100.0	100.0	phenicol antibiotic	antibiotic efflux	major facilitator superfamily (MFS) antibiotic efflux pump	chloramphenicol	True	plasmid_like		0.9826	
RM2016_batch03_global10	ERR1725965	k141_58177	k141_58177_18 # 16878 # 18761 # 1 # ID=10677_18;partial=00;start_type=ATG;rbs_motif=AGGAG;rbs_spacer=5-10bp;gc_cont=0.459	vanY gene in vanB cluster	3002956	Strict	43.09	233.96	glycopeptide antibiotic	antibiotic target alteration	vanY; glycopeptide resistance gene cluster	vancomycin	False	chromosome_like	1		
RM2016_batch03_global10	ERR1725965	k141_47713	k141_47713_35 # 24472 # 26256 # -1 # ID=10869_35;partial=00;start_type=ATG;rbs_motif=GGAG/GAGG;rbs_spacer=5-10bp;gc_cont=0.385	patB	3000025	Strict	67.68	101.02	fluoroquinolone antibiotic	antibiotic efflux	ATP-binding cassette (ABC) antibiotic efflux pump	ciprofloxacin; norfloxacin	False	chromosome_like	1		
RM2016_batch03_global10	ERR1725965	k141_58361	k141_58361_4 # 1742 # 2275 # 1 # ID=11044_4;partial=00;start_type=ATG;rbs_motif=None;rbs_spacer=None;gc_cont=0.579	ANT(2'')-Ia	3000230	Strict	98.31	100.0	aminoglycoside antibiotic	antibiotic inactivation	ANT(2'')	dibekacin; sisomicin; kanamycin A; tobramycin; gentamicin	True	plasmid_like		0.9657	
RM2016_batch03_global10	ERR1725965	k141_58414	k141_58414_5 # 3631 # 3963 # -1 # ID=11151_5;partial=00;start_type=ATG;rbs_motif=GGA/GAG/AGG;rbs_spacer=5-10bp;gc_cont=0.538	qacJ	3007014	Strict	36.54	102.8	disinfecting agents and antiseptics	antibiotic efflux	small multidrug resistance (SMR) antibiotic efflux pump	benzalkonium chloride	False	chromosome_like	1		
RM2016_batch03_global10	ERR1725965	k141_79984	k141_79984_8 # 4108 # 4950 # -1 # ID=11977_8;partial=00;start_type=ATG;rbs_motif=TAA;rbs_spacer=11bp;gc_cont=0.375	OXA-58	3001611	Perfect	100.0	100.0	carbapenem; cephalosporin; penam	antibiotic inactivation	OXA beta-lactamase	cloxacillin; oxacillin; cefalotin	True	plasmid_like		0.9801	
RM2016_batch03_global10	ERR1725965	k141_59117	k141_59117_1 # 3 # 1367 # 1 # ID=12250_1;partial=10;start_type=Edge;rbs_motif=None;rbs_spacer=None;gc_cont=0.317	vanT gene in vanG cluster	3002972	Strict	33.06	63.76	glycopeptide antibiotic	antibiotic target alteration	glycopeptide resistance gene cluster; vanT	vancomycin	False	chromosome_like	1		
RM2016_batch03_global10	ERR1725965	k141_80571	k141_80571_1 # 2 # 355 # 1 # ID=12910_1;partial=10;start_type=Edge;rbs_motif=None;rbs_spacer=None;gc_cont=0.675	FosI	3007370	Strict	70.1	87.31	phosphonic acid antibiotic	antibiotic inactivation	fosfomycin thiol transferase	fosfomycin	False	chromosome_like	1		
RM2016_batch03_global10	ERR1725965	k141_80909	k141_80909_2 # 295 # 1053 # 1 # ID=13459_2;partial=00;start_type=ATG;rbs_motif=None;rbs_spacer=None;gc_cont=0.404	vanY gene in vanB cluster	3002956	Strict	42.06	94.03	glycopeptide antibiotic	antibiotic target alteration	vanY; glycopeptide resistance gene cluster	vancomycin	False	chromosome_like	1		
RM2016_batch03_global10	ERR1725965	k141_39514	k141_39514_2 # 1017 # 1481 # 1 # ID=13998_2;partial=01;start_type=ATG;rbs_motif=GGAGG;rbs_spacer=5-10bp;gc_cont=0.404	tet(32)	3000196	Strict	99.35	24.26	tetracycline antibiotic	antibiotic target protection	tetracycline-resistant ribosomal protection protein	tetracycline; doxycycline; minocycline; chlortetracycline; demeclocycline; oxytetracycline	False	chromosome_like	1		
RM2016_batch03_global10	ERR1725965	k141_49880	k141_49880_1 # 3 # 740 # -1 # ID=14534_1;partial=00;start_type=ATG;rbs_motif=None;rbs_spacer=None;gc_cont=0.465	vanY gene in vanB cluster	3002956	Strict	28.27	91.42	glycopeptide antibiotic	antibiotic target alteration	vanY; glycopeptide resistance gene cluster	vancomycin	False	chromosome_like	1		
RM2016_batch03_global10	ERR1725965	k141_18534	k141_18534_1 # 233 # 1033 # -1 # ID=14713_1;partial=00;start_type=ATG;rbs_motif=None;rbs_spacer=None;gc_cont=0.471	OXA-46	3001797	Strict	99.62	100.0	carbapenem; cephalosporin; penam	antibiotic inactivation	OXA beta-lactamase	cloxacillin; oxacillin; cefalotin	False	chromosome_like	1		
RM2016_batch03_global10	ERR1725965	k141_81710	k141_81710_4 # 2147 # 4117 # -1 # ID=14923_4;partial=00;start_type=ATG;rbs_motif=GGAG/GAGG;rbs_spacer=5-10bp;gc_cont=0.402	tet(O)	3000190	Strict	52.18	102.66	tetracycline antibiotic	antibiotic target protection	tetracycline-resistant ribosomal protection protein	tetracycline; doxycycline; minocycline; chlortetracycline; demeclocycline; oxytetracycline	False	chromosome_like	1		
RM2016_batch03_global10	ERR1725965	k141_50095	k141_50095_1 # 77 # 922 # 1 # ID=14978_1;partial=00;start_type=ATG;rbs_motif=GGA/GAG/AGG;rbs_spacer=11-12bp;gc_cont=0.556	aadA16	3002616	Strict	98.22	100.0	aminoglycoside antibiotic	antibiotic inactivation	ANT(3'')	spectinomycin; streptomycin	False	chromosome_like	1		
RM2016_batch03_global10	ERR1725965	k141_18828	k141_18828_3 # 1477 # 2373 # -1 # ID=15181_3;partial=00;start_type=ATG;rbs_motif=TAA;rbs_spacer=6bp;gc_cont=0.420	CARB-16	3002255	Perfect	100.0	100.0	penam	antibiotic inactivation	CARB beta-lactamase		True	plasmid_like		0.7477	
RM2016_batch03_global10	ERR1725965	k141_71823	k141_71823_3 # 1930 # 2277 # 1 # ID=16058_3;partial=00;start_type=ATG;rbs_motif=GGA/GAG/AGG;rbs_spacer=5-10bp;gc_cont=0.621	qacG	3007015	Strict	40.38	107.48	disinfecting agents and antiseptics	antibiotic efflux	small multidrug resistance (SMR) antibiotic efflux pump	benzalkonium chloride	False	chromosome_like	1		
RM2016_batch03_global10	ERR1725965	k141_50903	k141_50903_11 # 6920 # 8839 # -1 # ID=16299_11;partial=00;start_type=ATG;rbs_motif=AGGAGG;rbs_spacer=5-10bp;gc_cont=0.404	tet(O)	3000190	Strict	99.37	100.0	tetracycline antibiotic	antibiotic target protection	tetracycline-resistant ribosomal protection protein	tetracycline; doxycycline; minocycline; chlortetracycline; demeclocycline; oxytetracycline	True	plasmid_like		0.9732	
RM2016_batch03_global10	ERR1725965	k141_30672	k141_30672_1 # 81 # 944 # 1 # ID=17324_1;partial=00;start_type=ATG;rbs_motif=None;rbs_spacer=None;gc_cont=0.534	GES-5	3002334	Strict	99.65	100.0	carbapenem; cephalosporin; penam	antibiotic inactivation	GES beta-lactamase		False	chromosome_like	1		
RM2016_batch03_global10	ERR1725965	k141_36948	k141_36948_2 # 726 # 1913 # -1 # ID=9678_2;partial=00;start_type=ATG;rbs_motif=AGGA;rbs_spacer=5-10bp;gc_cont=0.460	Escherichia coli EF-Tu mutants conferring resistance to Pulvomycin	3003369	Strict	90.86	96.58	elfamycin antibiotic	antibiotic target alteration	elfamycin resistant EF-Tu	pulvomycin	False	chromosome_like	1		
RM2016_batch03_global10	ERR1725980	k141_144296	k141_144296_3 # 1275 # 2057 # -1 # ID=92_3;partial=00;start_type=ATG;rbs_motif=TAA;rbs_spacer=14bp;gc_cont=0.336	APH(3')-IXa	3004087	Strict	56.15	97.74	aminoglycoside antibiotic	antibiotic inactivation	APH(3')	amikacin; kanamycin A	False	chromosome_like	1		
RM2016_batch03_global10	ERR1725980	k141_24160	k141_24160_3 # 1254 # 1598 # -1 # ID=213_3;partial=00;start_type=ATG;rbs_motif=GGA/GAG/AGG;rbs_spacer=5-10bp;gc_cont=0.403	qacG	3007015	Strict	46.15	106.54	disinfecting agents and antiseptics	antibiotic efflux	small multidrug resistance (SMR) antibiotic efflux pump	benzalkonium chloride	False	chromosome_like	1		
RM2016_batch03_global10	ERR1725980	k141_96476	k141_96476_2 # 432 # 977 # 1 # ID=480_2;partial=00;start_type=ATG;rbs_motif=None;rbs_spacer=None;gc_cont=0.579	ANT(2'')-Ia	3000230	Strict	98.31	102.26	aminoglycoside antibiotic	antibiotic inactivation	ANT(2'')	dibekacin; sisomicin; kanamycin A; tobramycin; gentamicin	True	plasmid_like		0.9873	
RM2016_batch03_global10	ERR1725980	k141_48605	k141_48605_1 # 3 # 278 # -1 # ID=956_1;partial=10;start_type=ATG;rbs_motif=GGA/GAG/AGG;rbs_spacer=5-10bp;gc_cont=0.514	qacJ	3007014	Strict	44.44	85.98	disinfecting agents and antiseptics	antibiotic efflux	small multidrug resistance (SMR) antibiotic efflux pump	benzalkonium chloride	False	chromosome_like	1		
RM2016_batch03_global10	ERR1725980	k141_820	k141_820_1 # 1 # 1284 # 1 # ID=1207_1;partial=11;start_type=Edge;rbs_motif=None;rbs_spacer=None;gc_cont=0.322	vanT gene in vanG cluster	3002972	Strict	36.02	60.11	glycopeptide antibiotic	antibiotic target alteration	glycopeptide resistance gene cluster; vanT	vancomycin	False	chromosome_like	1		
RM2016_batch03_global10	ERR1725980	k141_48934	k141_48934_1 # 1 # 909 # 1 # ID=1531_1;partial=10;start_type=Edge;rbs_motif=None;rbs_spacer=None;gc_cont=0.391	tet(Q)	3000191	Strict	93.05	45.97	tetracycline antibiotic	antibiotic target protection	tetracycline-resistant ribosomal protection protein	tetracycline; doxycycline; minocycline; chlortetracycline; demeclocycline; oxytetracycline	False	chromosome_like	1		
RM2016_batch03_global10	ERR1725980	k141_97244	k141_97244_2 # 239 # 1063 # -1 # ID=1676_2;partial=00;start_type=ATG;rbs_motif=None;rbs_spacer=None;gc_cont=0.458	OXA-333	3001521	Strict	99.64	100.0	carbapenem; cephalosporin; penam	antibiotic inactivation	OXA beta-lactamase	cloxacillin; oxacillin; cefalotin	False	chromosome_like	1		
RM2016_batch03_global10	ERR1725980	k141_50019	k141_50019_2 # 3070 # 3951 # 1 # ID=3457_2;partial=00;start_type=ATG;rbs_motif=GGA/GAG/AGG;rbs_spacer=5-10bp;gc_cont=0.426	vanW gene in vanG cluster	3002965	Strict	31.97	104.27	glycopeptide antibiotic	antibiotic target alteration	vanW; glycopeptide resistance gene cluster	vancomycin	False	chromosome_like	1		
RM2016_batch03_global10	ERR1725980	k141_26328	k141_26328_10 # 7846 # 8937 # 1 # ID=3702_10;partial=00;start_type=GTG;rbs_motif=GGA/GAG/AGG;rbs_spacer=5-10bp;gc_cont=0.451	vanG	3002909	Strict	38.76	104.01	glycopeptide antibiotic	antibiotic target alteration	glycopeptide resistance gene cluster; Van ligase	vancomycin	False	chromosome_like	1		
RM2016_batch03_global10	ERR1725980	k141_74644	k141_74644_3 # 1275 # 2159 # -1 # ID=4167_3;partial=00;start_type=ATG;rbs_motif=TAA;rbs_spacer=12bp;gc_cont=0.365	mphE	3003741	Perfect	100.0	100.0	macrolide antibiotic	antibiotic inactivation	macrolide phosphotransferase (MPH)	erythromycin	False	chromosome_like	1		
RM2016_batch03_global10	ERR1725980	k141_74644	k141_74644_4 # 2215 # 3690 # -1 # ID=4167_4;partial=00;start_type=ATG;rbs_motif=TAAA;rbs_spacer=5bp;gc_cont=0.399	msrE	3003109	Perfect	100.0	100.0	macrolide antibiotic; streptogramin antibiotic	antibiotic target protection	msr-type ABC-F protein	erythromycin	False	chromosome_like	1		
RM2016_batch03_global10	ERR1725980	k141_122839	k141_122839_1 # 1 # 756 # -1 # ID=4213_1;partial=10;start_type=ATG;rbs_motif=TAA;rbs_spacer=11bp;gc_cont=0.407	OXA-296	3001751	Strict	93.25	88.73	carbapenem; cephalosporin; penam	antibiotic inactivation	OXA beta-lactamase	cloxacillin; oxacillin; cefalotin	False	chromosome_like	1		
RM2016_batch03_global10	ERR1725980	k141_50843	k141_50843_2 # 695 # 1498 # 1 # ID=4786_2;partial=00;start_type=ATG;rbs_motif=AATAA;rbs_spacer=9bp;gc_cont=0.345	APH(3')-IXa	3004087	Strict	56.93	100.38	aminoglycoside antibiotic	antibiotic inactivation	APH(3')	amikacin; kanamycin A	False	chromosome_like	1		
RM2016_batch03_global10	ERR1725980	k141_100506	k141_100506_4 # 1551 # 1883 # -1 # ID=6732_4;partial=00;start_type=ATG;rbs_motif=GGA/GAG/AGG;rbs_spacer=5-10bp;gc_cont=0.541	qacJ	3007014	Strict	36.54	102.8	disinfecting agents and antiseptics	antibiotic efflux	small multidrug resistance (SMR) antibiotic efflux pump	benzalkonium chloride	False	chromosome_like	1		
RM2016_batch03_global10	ERR1725980	k141_101035	k141_101035_1 # 2 # 1126 # -1 # ID=7561_1;partial=10;start_type=ATG;rbs_motif=AGGA/GGAG/GAGG;rbs_spacer=11-12bp;gc_cont=0.356	mefJ	3007049	Strict	99.47	94.46	macrolide antibiotic	antibiotic efflux	major facilitator superfamily (MFS) antibiotic efflux pump		False	chromosome_like	1		
RM2016_batch03_global10	ERR1725980	k141_77843	k141_77843_2 # 738 # 1085 # -1 # ID=8912_2;partial=00;start_type=ATG;rbs_motif=GGAG/GAGG;rbs_spacer=5-10bp;gc_cont=0.491	qacEdelta1	3005010	Strict	97.39	100.0	disinfecting agents and antiseptics	antibiotic efflux	major facilitator superfamily (MFS) antibiotic efflux pump		True	plasmid_like		0.915	
RM2016_batch03_global10	ERR1725980	k141_77843	k141_77843_3 # 1293 # 2093 # -1 # ID=8912_3;partial=00;start_type=ATG;rbs_motif=AGxAGG/AGGxGG;rbs_spacer=3-4bp;gc_cont=0.419	OXA-10	3001405	Perfect	100.0	100.0	carbapenem; cephalosporin; penam	antibiotic inactivation	OXA beta-lactamase	cloxacillin; oxacillin; cefalotin	True	plasmid_like		0.915	
RM2016_batch03_global10	ERR1725980	k141_30532	k141_30532_2 # 529 # 1824 # 1 # ID=10003_2;partial=01;start_type=ATG;rbs_motif=AGGAGG;rbs_spacer=5-10bp;gc_cont=0.389	tet(O)	3000190	Strict	98.38	67.61	tetracycline antibiotic	antibiotic target protection	tetracycline-resistant ribosomal protection protein	tetracycline; doxycycline; minocycline; chlortetracycline; demeclocycline; oxytetracycline	False	chromosome_like	1		
RM2016_batch03_global10	ERR1725980	k141_126960	k141_126960_4 # 1996 # 2340 # 1 # ID=10688_4;partial=00;start_type=ATG;rbs_motif=None;rbs_spacer=None;gc_cont=0.403	qacG	3007015	Strict	50.0	106.54	disinfecting agents and antiseptics	antibiotic efflux	small multidrug resistance (SMR) antibiotic efflux pump	benzalkonium chloride	False	chromosome_like	1		
RM2016_batch03_global10	ERR1725980	k141_55674	k141_55674_1 # 202 # 546 # 1 # ID=12298_1;partial=00;start_type=ATG;rbs_motif=None;rbs_spacer=None;gc_cont=0.328	qacG	3007015	Strict	49.04	106.54	disinfecting agents and antiseptics	antibiotic efflux	small multidrug resistance (SMR) antibiotic efflux pump	benzalkonium chloride	False	chromosome_like	1		
RM2016_batch03_global10	ERR1725980	k141_8096	k141_8096_1 # 126 # 926 # -1 # ID=12866_1;partial=00;start_type=ATG;rbs_motif=AGxAG;rbs_spacer=5-10bp;gc_cont=0.342	ErmF	3000498	Strict	99.62	100.0	macrolide antibiotic; lincosamide antibiotic; streptogramin antibiotic; streptogramin A antibiotic; streptogramin B antibiotic	antibiotic target alteration	Erm 23S ribosomal RNA methyltransferase	erythromycin; roxithromycin; lincomycin; telithromycin; clarithromycin; clindamycin; tylosin; spiramycin; azithromycin; dirithromycin; pristinamycin IA; quinupristin; virginiamycin M1; madumycin II; griseoviridin; dalfopristin; pristinamycin IB; virginiamycin S2; pristinamycin IC; vernamycin C; patricin A; patricin B; ostreogrycin B3; oleandomycin	False	chromosome_like	1		
RM2016_batch03_global10	ERR1725980	k141_128405	k141_128405_4 # 2131 # 3015 # -1 # ID=12885_4;partial=00;start_type=ATG;rbs_motif=AAAA;rbs_spacer=11bp;gc_cont=0.375	mphG	3003742	Strict	89.46	100.0	macrolide antibiotic	antibiotic inactivation	macrolide phosphotransferase (MPH)	erythromycin; clarithromycin; azithromycin	False	chromosome_like	1		
RM2016_batch03_global10	ERR1725980	k141_152575	k141_152575_2 # 1470 # 2300 # 1 # ID=13138_2;partial=00;start_type=ATG;rbs_motif=None;rbs_spacer=None;gc_cont=0.345	OXA-392	3001578	Strict	99.64	100.0	carbapenem; cephalosporin; penam	antibiotic inactivation	OXA beta-lactamase	cloxacillin; oxacillin; cefalotin	False	chromosome_like	1		
RM2016_batch03_global10	ERR1725980	k141_129038	k141_129038_2 # 568 # 900 # 1 # ID=13773_2;partial=00;start_type=ATG;rbs_motif=AGGA;rbs_spacer=5-10bp;gc_cont=0.547	qacJ	3007014	Strict	40.95	102.8	disinfecting agents and antiseptics	antibiotic efflux	small multidrug resistance (SMR) antibiotic efflux pump	benzalkonium chloride	False	chromosome_like	1		
RM2016_batch03_global10	ERR1725980	k141_81527	k141_81527_1 # 97 # 942 # -1 # ID=14394_1;partial=00;start_type=ATG;rbs_motif=None;rbs_spacer=None;gc_cont=0.538	aadA6	3002606	Strict	99.29	100.0	aminoglycoside antibiotic	antibiotic inactivation	ANT(3'')	spectinomycin; streptomycin	False	chromosome_like	1		
RM2016_batch03_global10	ERR1725980	k141_177879	k141_177879_1 # 2 # 769 # 1 # ID=14560_1;partial=10;start_type=Edge;rbs_motif=None;rbs_spacer=None;gc_cont=0.367	ESP-1	3003717	Strict	95.69	87.93	carbapenem	antibiotic inactivation	ESP beta-lactamase		False	chromosome_like	1		
RM2016_batch03_global10	ERR1725980	k141_9819	k141_9819_1 # 217 # 546 # -1 # ID=15563_1;partial=00;start_type=ATG;rbs_motif=TAA;rbs_spacer=12bp;gc_cont=0.330	qacJ	3007014	Strict	50.0	101.87	disinfecting agents and antiseptics	antibiotic efflux	small multidrug resistance (SMR) antibiotic efflux pump	benzalkonium chloride	False	chromosome_like	1		
RM2016_batch03_global10	ERR1725980	k141_57983	k141_57983_6 # 4160 # 6601 # 1 # ID=15832_6;partial=00;start_type=ATG;rbs_motif=None;rbs_spacer=None;gc_cont=0.371	vanT gene in vanG cluster	3002972	Strict	35.15	114.19	glycopeptide antibiotic	antibiotic target alteration	glycopeptide resistance gene cluster; vanT	vancomycin	False	chromosome_like	1		
RM2016_batch03_global10	ERR1725980	k141_83178	k141_83178_2 # 664 # 996 # -1 # ID=16708_2;partial=00;start_type=ATG;rbs_motif=GGA/GAG/AGG;rbs_spacer=5-10bp;gc_cont=0.435	qacJ	3007014	Strict	42.31	102.8	disinfecting agents and antiseptics	antibiotic efflux	small multidrug resistance (SMR) antibiotic efflux pump	benzalkonium chloride	False	chromosome_like	1		
RM2016_batch03_global10	ERR1725980	k141_107363	k141_107363_7 # 4806 # 5516 # -1 # ID=17833_7;partial=00;start_type=ATG;rbs_motif=GGA/GAG/AGG;rbs_spacer=5-10bp;gc_cont=0.392	vanW gene in vanG cluster	3002965	Strict	30.16	83.99	glycopeptide antibiotic	antibiotic target alteration	vanW; glycopeptide resistance gene cluster	vancomycin	False	chromosome_like	1		
RM2016_batch03_global10	ERR1725980	k141_35872	k141_35872_2 # 1058 # 2245 # 1 # ID=18158_2;partial=00;start_type=GTG;rbs_motif=AGxAGG/AGGxGG;rbs_spacer=5-10bp;gc_cont=0.406	tet(39)	3000566	Perfect	100.0	100.0	tetracycline antibiotic	antibiotic efflux	major facilitator superfamily (MFS) antibiotic efflux pump	tetracycline	False	chromosome_like	1		
RM2016_batch03_global10	ERR1725980	k141_36050	k141_36050_1 # 452 # 2371 # 1 # ID=18421_1;partial=00;start_type=ATG;rbs_motif=GGAGG;rbs_spacer=5-10bp;gc_cont=0.531	tet(W)	3000194	Perfect	100.0	100.0	tetracycline antibiotic	antibiotic target protection	tetracycline-resistant ribosomal protection protein	tetracycline; doxycycline; minocycline; chlortetracycline; demeclocycline; oxytetracycline	False	chromosome_like	1		
RM2016_batch03_global10	ERR1725980	k141_181906	k141_181906_1 # 335 # 679 # 1 # ID=20584_1;partial=00;start_type=ATG;rbs_motif=GGA/GAG/AGG;rbs_spacer=5-10bp;gc_cont=0.377	qacJ	3007014	Strict	42.45	106.54	disinfecting agents and antiseptics	antibiotic efflux	small multidrug resistance (SMR) antibiotic efflux pump	benzalkonium chloride	False	chromosome_like	1		
RM2016_batch03_global10	ERR1725980	k141_37766	k141_37766_3 # 723 # 3284 # -1 # ID=20804_3;partial=00;start_type=GTG;rbs_motif=AAAA;rbs_spacer=3bp;gc_cont=0.365	vanT gene in vanG cluster	3002972	Strict	35.31	119.8	glycopeptide antibiotic	antibiotic target alteration	glycopeptide resistance gene cluster; vanT	vancomycin	False	chromosome_like	1		
RM2016_batch03_global10	ERR1725980	k141_158412	k141_158412_4 # 2303 # 2632 # 1 # ID=21892_4;partial=00;start_type=ATG;rbs_motif=3Base/5BMM;rbs_spacer=13-15bp;gc_cont=0.397	qacJ	3007014	Strict	37.74	101.87	disinfecting agents and antiseptics	antibiotic efflux	small multidrug resistance (SMR) antibiotic efflux pump	benzalkonium chloride	False	chromosome_like	1		
RM2016_batch03_global10	ERR1725980	k141_87417	k141_87417_2 # 321 # 1190 # 1 # ID=22674_2;partial=00;start_type=ATG;rbs_motif=None;rbs_spacer=None;gc_cont=0.420	vanW gene in vanG cluster	3002965	Strict	31.85	102.85	glycopeptide antibiotic	antibiotic target alteration	vanW; glycopeptide resistance gene cluster	vancomycin	False	chromosome_like	1		
RM2016_batch03_global10	ERR1725980	k141_110747	k141_110747_1 # 2 # 1075 # -1 # ID=22827_1;partial=11;start_type=Edge;rbs_motif=None;rbs_spacer=None;gc_cont=0.608	vanW gene in vanI cluster	3003724	Strict	34.57	95.98	glycopeptide antibiotic	antibiotic target alteration	vanW; glycopeptide resistance gene cluster	vancomycin; teicoplanin	False	chromosome_like	1		
RM2016_batch03_global10	ERR1725980	k141_17104	k141_17104_7 # 5812 # 7284 # 1 # ID=26618_7;partial=00;start_type=ATG;rbs_motif=GGAG/GAGG;rbs_spacer=5-10bp;gc_cont=0.485	vanW gene in vanI cluster	3003724	Strict	31.82	131.37	glycopeptide antibiotic	antibiotic target alteration	vanW; glycopeptide resistance gene cluster	vancomycin; teicoplanin	False	chromosome_like	1		
RM2016_batch03_global10	ERR1725980	k141_187728	k141_187728_1 # 3 # 554 # 1 # ID=28760_1;partial=10;start_type=Edge;rbs_motif=None;rbs_spacer=None;gc_cont=0.476	vanY gene in vanB cluster	3002956	Strict	42.94	68.28	glycopeptide antibiotic	antibiotic target alteration	vanY; glycopeptide resistance gene cluster	vancomycin	False	chromosome_like	1		
RM2016_batch03_global10	ERR1725980	k141_67318	k141_67318_1 # 777 # 1109 # 1 # ID=28885_1;partial=00;start_type=ATG;rbs_motif=GGA/GAG/AGG;rbs_spacer=5-10bp;gc_cont=0.432	qacJ	3007014	Strict	43.27	102.8	disinfecting agents and antiseptics	antibiotic efflux	small multidrug resistance (SMR) antibiotic efflux pump	benzalkonium chloride	False	chromosome_like	1		
RM2016_batch03_global10	ERR1725980	k141_115948	k141_115948_2 # 500 # 2944 # -1 # ID=30293_2;partial=00;start_type=ATG;rbs_motif=TAA;rbs_spacer=3bp;gc_cont=0.336	vanT gene in vanG cluster	3002972	Strict	33.96	114.33	glycopeptide antibiotic	antibiotic target alteration	glycopeptide resistance gene cluster; vanT	vancomycin	False	chromosome_like	1		
RM2016_batch03_global10	ERR1725980	k141_164614	k141_164614_7 # 4757 # 5653 # -1 # ID=30566_7;partial=00;start_type=ATG;rbs_motif=TAA;rbs_spacer=6bp;gc_cont=0.423	CARB-50	3005584	Perfect	100.0	100.0	penam	antibiotic inactivation	CARB beta-lactamase		True	plasmid_like		0.9935	
RM2016_batch03_global10	ERR1725980	k141_189278	k141_189278_8 # 4814 # 5143 # 1 # ID=30951_8;partial=00;start_type=ATG;rbs_motif=TAAA;rbs_spacer=5bp;gc_cont=0.406	qacG	3007015	Strict	49.06	101.87	disinfecting agents and antiseptics	antibiotic efflux	small multidrug resistance (SMR) antibiotic efflux pump	benzalkonium chloride	False	chromosome_like	1		
RM2016_batch03_global10	ERR1725980	k141_69040	k141_69040_2 # 1006 # 1794 # -1 # ID=31153_2;partial=00;start_type=ATG;rbs_motif=GGAG/GAGG;rbs_spacer=5-10bp;gc_cont=0.445	aadA27	3004682	Perfect	100.0	100.0	aminoglycoside antibiotic	antibiotic inactivation	ANT(3'')	spectinomycin; streptomycin	True	plasmid_like		0.9948	
RM2016_batch03_global10	ERR1725980	k141_189888	k141_189888_2 # 365 # 688 # -1 # ID=31819_2;partial=00;start_type=ATG;rbs_motif=GGA/GAG/AGG;rbs_spacer=5-10bp;gc_cont=0.370	qacJ	3007014	Strict	53.27	100.0	disinfecting agents and antiseptics	antibiotic efflux	small multidrug resistance (SMR) antibiotic efflux pump	benzalkonium chloride	True	plasmid_like		0.9856	
RM2016_batch03_global10	ERR1725980	k141_95880	k141_95880_1 # 3 # 1040 # 1 # ID=34661_1;partial=11;start_type=Edge;rbs_motif=None;rbs_spacer=None;gc_cont=0.412	Acinetobacter baumannii AbaQ	3004574	Strict	89.88	79.72	fluoroquinolone antibiotic	antibiotic efflux	major facilitator superfamily (MFS) antibiotic efflux pump		False	chromosome_like	1		
RM2016_batch03_global10	ERR1725980	k141_182317	k141_182317_1 # 3 # 1079 # 1 # ID=21235_1;partial=10;start_type=Edge;rbs_motif=None;rbs_spacer=None;gc_cont=0.539	Escherichia coli EF-Tu mutants conferring resistance to Pulvomycin	3003369	Strict	98.88	87.53	elfamycin antibiotic	antibiotic target alteration	elfamycin resistant EF-Tu	pulvomycin	False	chromosome_like	1		
RM2016_batch03_global10	ERR1725981	k141_82477	k141_82477_1 # 248 # 1048 # -1 # ID=485_1;partial=00;start_type=ATG;rbs_motif=None;rbs_spacer=None;gc_cont=0.343	ErmF	3000498	Strict	99.25	100.0	macrolide antibiotic; lincosamide antibiotic; streptogramin antibiotic; streptogramin A antibiotic; streptogramin B antibiotic	antibiotic target alteration	Erm 23S ribosomal RNA methyltransferase	erythromycin; roxithromycin; lincomycin; telithromycin; clarithromycin; clindamycin; tylosin; spiramycin; azithromycin; dirithromycin; pristinamycin IA; quinupristin; virginiamycin M1; madumycin II; griseoviridin; dalfopristin; pristinamycin IB; virginiamycin S2; pristinamycin IC; vernamycin C; patricin A; patricin B; ostreogrycin B3; oleandomycin	False	chromosome_like	1		
RM2016_batch03_global10	ERR1725981	k141_41771	k141_41771_7 # 3200 # 4675 # 1 # ID=846_7;partial=00;start_type=ATG;rbs_motif=TAAA;rbs_spacer=5bp;gc_cont=0.400	msrE	3003109	Perfect	100.0	100.0	macrolide antibiotic; streptogramin antibiotic	antibiotic target protection	msr-type ABC-F protein	erythromycin	True	plasmid_like		0.9913	
RM2016_batch03_global10	ERR1725981	k141_41771	k141_41771_8 # 4731 # 5615 # 1 # ID=846_8;partial=00;start_type=ATG;rbs_motif=TAA;rbs_spacer=12bp;gc_cont=0.365	mphE	3003741	Perfect	100.0	100.0	macrolide antibiotic	antibiotic inactivation	macrolide phosphotransferase (MPH)	erythromycin	True	plasmid_like		0.9913	
RM2016_batch03_global10	ERR1725981	k141_206348	k141_206348_1 # 1 # 1143 # 1 # ID=1128_1;partial=10;start_type=Edge;rbs_motif=None;rbs_spacer=None;gc_cont=0.380	vanT gene in vanG cluster	3002972	Strict	37.23	53.37	glycopeptide antibiotic	antibiotic target alteration	glycopeptide resistance gene cluster; vanT	vancomycin	False	chromosome_like	1		
RM2016_batch03_global10	ERR1725981	k141_166099	k141_166099_2 # 261 # 671 # 1 # ID=2219_2;partial=00;start_type=GTG;rbs_motif=AGGA/GGAG/GAGG;rbs_spacer=11-12bp;gc_cont=0.599	vanY gene in vanM cluster	3002961	Strict	33.08	58.37	glycopeptide antibiotic	antibiotic target alteration	vanY; glycopeptide resistance gene cluster	vancomycin; teicoplanin	False	chromosome_like	1		
RM2016_batch03_global10	ERR1725981	k141_43807	k141_43807_5 # 4146 # 4883 # -1 # ID=3373_5;partial=00;start_type=ATG;rbs_motif=None;rbs_spacer=None;gc_cont=0.332	ErmB	3000375	Strict	98.37	98.79	macrolide antibiotic; lincosamide antibiotic; streptogramin antibiotic; streptogramin A antibiotic; streptogramin B antibiotic	antibiotic target alteration	Erm 23S ribosomal RNA methyltransferase	erythromycin; roxithromycin; lincomycin; telithromycin; clarithromycin; clindamycin; tylosin; spiramycin; azithromycin; dirithromycin; pristinamycin IA; quinupristin; virginiamycin M1; madumycin II; griseoviridin; dalfopristin; pristinamycin IB; virginiamycin S2; pristinamycin IC; vernamycin C; patricin A; patricin B; ostreogrycin B3; oleandomycin	True	plasmid_like		0.9746	
RM2016_batch03_global10	ERR1725981	k141_208229	k141_208229_8 # 7466 # 8353 # -1 # ID=3442_8;partial=00;start_type=ATG;rbs_motif=None;rbs_spacer=None;gc_cont=0.444	vanY gene in vanM cluster	3002961	Strict	31.33	126.61	glycopeptide antibiotic	antibiotic target alteration	vanY; glycopeptide resistance gene cluster	vancomycin; teicoplanin	False	chromosome_like	1		
RM2016_batch03_global10	ERR1725981	k141_85586	k141_85586_2 # 1635 # 2390 # 1 # ID=4158_2;partial=00;start_type=ATG;rbs_motif=GGAG/GAGG;rbs_spacer=5-10bp;gc_cont=0.460	vanY gene in vanM cluster	3002961	Strict	37.12	107.73	glycopeptide antibiotic	antibiotic target alteration	vanY; glycopeptide resistance gene cluster	vancomycin; teicoplanin	False	chromosome_like	1		
RM2016_batch03_global10	ERR1725981	k141_250010	k141_250010_3 # 2541 # 5696 # 1 # ID=4308_3;partial=00;start_type=ATG;rbs_motif=GGAG/GAGG;rbs_spacer=5-10bp;gc_cont=0.609	adeF	3000777	Strict	43.47	99.24	fluoroquinolone antibiotic; tetracycline antibiotic	antibiotic efflux	resistance-nodulation-cell division (RND) antibiotic efflux pump	tetracycline	False	chromosome_like	1		
RM2016_batch03_global10	ERR1725981	k141_250041	k141_250041_1 # 14 # 343 # -1 # ID=4349_1;partial=00;start_type=ATG;rbs_motif=AGGA/GGAG/GAGG;rbs_spacer=11-12bp;gc_cont=0.391	qacJ	3007014	Strict	35.85	101.87	disinfecting agents and antiseptics	antibiotic efflux	small multidrug resistance (SMR) antibiotic efflux pump	benzalkonium chloride	False	chromosome_like	1		
RM2016_batch03_global10	ERR1725981	k141_291408	k141_291408_1 # 41 # 883 # 1 # ID=4744_1;partial=00;start_type=ATG;rbs_motif=TAA;rbs_spacer=11bp;gc_cont=0.374	OXA-58	3001611	Perfect	100.0	100.0	carbapenem; cephalosporin; penam	antibiotic inactivation	OXA beta-lactamase	cloxacillin; oxacillin; cefalotin	True	plasmid_like		0.9865	
RM2016_batch03_global10	ERR1725981	k141_4572	k141_4572_2 # 1513 # 2505 # 1 # ID=5346_2;partial=00;start_type=ATG;rbs_motif=AATAA;rbs_spacer=4bp;gc_cont=0.332	vanH gene in vanA cluster	3002942	Strict	35.62	102.48	glycopeptide antibiotic	antibiotic target alteration	vanH; glycopeptide resistance gene cluster	vancomycin; teicoplanin	False	chromosome_like	1		
RM2016_batch03_global10	ERR1725981	k141_4750	k141_4750_2 # 624 # 1412 # 1 # ID=5537_2;partial=00;start_type=ATG;rbs_motif=None;rbs_spacer=None;gc_cont=0.530	aadA	3002601	Strict	94.3	99.62	aminoglycoside antibiotic	antibiotic inactivation	ANT(3'')	spectinomycin; streptomycin	False	chromosome_like	1		
RM2016_batch03_global10	ERR1725981	k141_5064	k141_5064_1 # 227 # 928 # 1 # ID=5834_1;partial=00;start_type=ATG;rbs_motif=None;rbs_spacer=None;gc_cont=0.406	dfrA7	3002862	Strict	99.36	148.41	diaminopyrimidine antibiotic	antibiotic target replacement	trimethoprim resistant dihydrofolate reductase dfr	trimethoprim	True	plasmid_like		0.9788	
RM2016_batch03_global10	ERR1725981	k141_5064	k141_5064_7 # 3497 # 4288 # 1 # ID=5834_7;partial=00;start_type=ATG;rbs_motif=GGA/GAG/AGG;rbs_spacer=11-12bp;gc_cont=0.520	aadA3	3002603	Strict	98.48	100.0	aminoglycoside antibiotic	antibiotic inactivation	ANT(3'')	spectinomycin; streptomycin	True	plasmid_like		0.9788	
RM2016_batch03_global10	ERR1725981	k141_87385	k141_87385_1 # 176 # 1960 # -1 # ID=6155_1;partial=00;start_type=ATG;rbs_motif=GGAG/GAGG;rbs_spacer=5-10bp;gc_cont=0.476	patB	3000025	Strict	67.11	101.02	fluoroquinolone antibiotic	antibiotic efflux	ATP-binding cassette (ABC) antibiotic efflux pump	ciprofloxacin; norfloxacin	False	chromosome_like	1		
RM2016_batch03_global10	ERR1725981	k141_169809	k141_169809_2 # 833 # 1162 # 1 # ID=6378_2;partial=00;start_type=ATG;rbs_motif=None;rbs_spacer=None;gc_cont=0.539	qacG	3007015	Strict	41.12	101.87	disinfecting agents and antiseptics	antibiotic efflux	small multidrug resistance (SMR) antibiotic efflux pump	benzalkonium chloride	False	chromosome_like	1		
RM2016_batch03_global10	ERR1725981	k141_169914	k141_169914_11 # 7820 # 8209 # -1 # ID=6507_11;partial=01;start_type=Edge;rbs_motif=None;rbs_spacer=None;gc_cont=0.556	FosI	3007370	Strict	65.35	96.27	phosphonic acid antibiotic	antibiotic inactivation	fosfomycin thiol transferase	fosfomycin	False	chromosome_like	1		
RM2016_batch03_global10	ERR1725981	k141_170349	k141_170349_2 # 561 # 2234 # -1 # ID=6958_2;partial=01;start_type=Edge;rbs_motif=None;rbs_spacer=None;gc_cont=0.394	tet(Q)	3000191	Strict	95.87	84.78	tetracycline antibiotic	antibiotic target protection	tetracycline-resistant ribosomal protection protein	tetracycline; doxycycline; minocycline; chlortetracycline; demeclocycline; oxytetracycline	False	chromosome_like	1		
RM2016_batch03_global10	ERR1725981	k141_211281	k141_211281_18 # 14920 # 15735 # -1 # ID=7052_18;partial=00;start_type=ATG;rbs_motif=None;rbs_spacer=None;gc_cont=0.608	sul2	3000412	Strict	98.52	100.0	sulfonamide antibiotic	antibiotic target replacement	sulfonamide resistant sul	sulfadiazine; sulfadimidine; sulfadoxine; sulfamethoxazole; sulfisoxazole; sulfacetamide; mafenide; sulfasalazine; sulfamethizole	False	chromosome_like	1		
RM2016_batch03_global10	ERR1725981	k141_47533	k141_47533_1 # 2 # 652 # -1 # ID=7401_1;partial=10;start_type=ATG;rbs_motif=None;rbs_spacer=None;gc_cont=0.344	vanW gene in vanG cluster	3002965	Strict	35.81	77.22	glycopeptide antibiotic	antibiotic target alteration	vanW; glycopeptide resistance gene cluster	vancomycin	False	chromosome_like	1		
RM2016_batch03_global10	ERR1725981	k141_6890	k141_6890_2 # 317 # 2236 # -1 # ID=7832_2;partial=00;start_type=ATG;rbs_motif=AGGAGG;rbs_spacer=5-10bp;gc_cont=0.405	tet(O)	3000190	Strict	98.44	100.0	tetracycline antibiotic	antibiotic target protection	tetracycline-resistant ribosomal protection protein	tetracycline; doxycycline; minocycline; chlortetracycline; demeclocycline; oxytetracycline	False	chromosome_like	1		
RM2016_batch03_global10	ERR1725981	k141_47978	k141_47978_2 # 335 # 1066 # 1 # ID=7870_2;partial=01;start_type=ATG;rbs_motif=AGGAG;rbs_spacer=5-10bp;gc_cont=0.657	vanY gene in vanF cluster	3002958	Strict	33.58	83.28	glycopeptide antibiotic	antibiotic target alteration	vanY; glycopeptide resistance gene cluster	vancomycin	False	chromosome_like	1		
RM2016_batch03_global10	ERR1725981	k141_254103	k141_254103_1 # 147 # 479 # 1 # ID=9011_1;partial=00;start_type=ATG;rbs_motif=AGGAG;rbs_spacer=5-10bp;gc_cont=0.492	qacL	3005098	Strict	90.0	100.0	disinfecting agents and antiseptics	antibiotic efflux	small multidrug resistance (SMR) antibiotic efflux pump		False	chromosome_like	1		
RM2016_batch03_global10	ERR1725981	k141_254103	k141_254103_2 # 565 # 1365 # 1 # ID=9011_2;partial=00;start_type=ATG;rbs_motif=AGGA;rbs_spacer=5-10bp;gc_cont=0.493	OXA-205	3001483	Perfect	100.0	100.0	carbapenem; cephalosporin; penam	antibiotic inactivation	OXA beta-lactamase	cloxacillin; oxacillin; cefalotin	False	chromosome_like	1		
RM2016_batch03_global10	ERR1725981	k141_213666	k141_213666_1 # 1 # 279 # -1 # ID=9627_1;partial=10;start_type=ATG;rbs_motif=None;rbs_spacer=None;gc_cont=0.394	qacJ	3007014	Strict	46.91	86.92	disinfecting agents and antiseptics	antibiotic efflux	small multidrug resistance (SMR) antibiotic efflux pump	benzalkonium chloride	False	chromosome_like	1		
RM2016_batch03_global10	ERR1725981	k141_172879	k141_172879_5 # 2124 # 3110 # -1 # ID=9637_5;partial=01;start_type=Edge;rbs_motif=None;rbs_spacer=None;gc_cont=0.316	EreD	3004608	Strict	94.21	80.39	macrolide antibiotic	antibiotic inactivation	macrolide esterase	erythromycin	True	virus_like			0.7779
RM2016_batch03_global10	ERR1725981	k141_214353	k141_214353_1 # 231 # 986 # -1 # ID=10454_1;partial=00;start_type=ATG;rbs_motif=GGAG/GAGG;rbs_spacer=5-10bp;gc_cont=0.455	vanY gene in vanM cluster	3002961	Strict	35.61	107.73	glycopeptide antibiotic	antibiotic target alteration	vanY; glycopeptide resistance gene cluster	vancomycin; teicoplanin	False	chromosome_like	1		
RM2016_batch03_global10	ERR1725981	k141_92041	k141_92041_1 # 129 # 461 # 1 # ID=11132_1;partial=00;start_type=GTG;rbs_motif=AGGAG;rbs_spacer=5-10bp;gc_cont=0.505	qacL	3005098	Strict	98.18	100.0	disinfecting agents and antiseptics	antibiotic efflux	small multidrug resistance (SMR) antibiotic efflux pump		False	chromosome_like	1		
RM2016_batch03_global10	ERR1725981	k141_174450	k141_174450_1 # 2 # 574 # 1 # ID=11371_1;partial=10;start_type=Edge;rbs_motif=None;rbs_spacer=None;gc_cont=0.550	vanW gene in vanI cluster	3003724	Strict	42.22	50.94	glycopeptide antibiotic	antibiotic target alteration	vanW; glycopeptide resistance gene cluster	vancomycin; teicoplanin	False	chromosome_like	1		
RM2016_batch03_global10	ERR1725981	k141_256634	k141_256634_6 # 3359 # 3688 # 1 # ID=11720_6;partial=00;start_type=ATG;rbs_motif=AATAA;rbs_spacer=6bp;gc_cont=0.297	qacJ	3007014	Strict	50.94	101.87	disinfecting agents and antiseptics	antibiotic efflux	small multidrug resistance (SMR) antibiotic efflux pump	benzalkonium chloride	False	chromosome_like	1		
RM2016_batch03_global10	ERR1725981	k141_92600	k141_92600_2 # 591 # 1586 # -1 # ID=11735_2;partial=00;start_type=ATG;rbs_motif=TATAA;rbs_spacer=3bp;gc_cont=0.356	CfxA6	3003097	Strict	99.4	100.0	cephamycin	antibiotic inactivation	CfxA beta-lactamase		False	chromosome_like	1		
RM2016_batch03_global10	ERR1725981	k141_297661	k141_297661_2 # 1155 # 2255 # 1 # ID=11827_2;partial=00;start_type=ATG;rbs_motif=GGAG/GAGG;rbs_spacer=5-10bp;gc_cont=0.496	vanG	3002909	Strict	38.2	104.87	glycopeptide antibiotic	antibiotic target alteration	glycopeptide resistance gene cluster; Van ligase	vancomycin	False	chromosome_like	1		
RM2016_batch03_global10	ERR1725981	k141_134582	k141_134582_2 # 124 # 717 # 1 # ID=12038_2;partial=00;start_type=GTG;rbs_motif=GGAG/GAGG;rbs_spacer=5-10bp;gc_cont=0.537	AAC(6')-Ib9	3002580	Strict	100.0	97.04	aminoglycoside antibiotic	antibiotic inactivation	AAC(6')	amikacin; kanamycin A; tobramycin	False	chromosome_like	1		
RM2016_batch03_global10	ERR1725981	k141_297978	k141_297978_3 # 749 # 1081 # -1 # ID=12169_3;partial=00;start_type=ATG;rbs_motif=GGA/GAG/AGG;rbs_spacer=5-10bp;gc_cont=0.538	qacJ	3007014	Strict	36.54	102.8	disinfecting agents and antiseptics	antibiotic efflux	small multidrug resistance (SMR) antibiotic efflux pump	benzalkonium chloride	False	chromosome_like	1		
RM2016_batch03_global10	ERR1725981	k141_175543	k141_175543_2 # 739 # 1071 # 1 # ID=12490_2;partial=00;start_type=ATG;rbs_motif=GGA/GAG/AGG;rbs_spacer=5-10bp;gc_cont=0.387	qacG	3007015	Strict	45.71	102.8	disinfecting agents and antiseptics	antibiotic efflux	small multidrug resistance (SMR) antibiotic efflux pump	benzalkonium chloride	False	chromosome_like	1		
RM2016_batch03_global10	ERR1725981	k141_216217	k141_216217_1 # 2 # 3085 # -1 # ID=12553_1;partial=10;start_type=ATG;rbs_motif=GGAG/GAGG;rbs_spacer=5-10bp;gc_cont=0.622	adeF	3000777	Strict	42.51	97.07	fluoroquinolone antibiotic; tetracycline antibiotic	antibiotic efflux	resistance-nodulation-cell division (RND) antibiotic efflux pump	tetracycline	False	chromosome_like	1		
RM2016_batch03_global10	ERR1725981	k141_216331	k141_216331_3 # 1718 # 1975 # 1 # ID=12723_3;partial=01;start_type=ATG;rbs_motif=GGA/GAG/AGG;rbs_spacer=5-10bp;gc_cont=0.391	qacJ	3007014	Strict	46.91	80.37	disinfecting agents and antiseptics	antibiotic efflux	small multidrug resistance (SMR) antibiotic efflux pump	benzalkonium chloride	False	chromosome_like	1		
RM2016_batch03_global10	ERR1725981	k141_218070	k141_218070_1 # 2 # 1849 # 1 # ID=14627_1;partial=10;start_type=Edge;rbs_motif=None;rbs_spacer=None;gc_cont=0.409	tet(32)	3000196	Strict	98.66	96.24	tetracycline antibiotic	antibiotic target protection	tetracycline-resistant ribosomal protection protein	tetracycline; doxycycline; minocycline; chlortetracycline; demeclocycline; oxytetracycline	False	chromosome_like	1		
RM2016_batch03_global10	ERR1725981	k141_55958	k141_55958_3 # 1254 # 2018 # -1 # ID=15919_3;partial=00;start_type=TTG;rbs_motif=GGA/GAG/AGG;rbs_spacer=5-10bp;gc_cont=0.540	aadA6	3002606	Strict	99.61	90.39	aminoglycoside antibiotic	antibiotic inactivation	ANT(3'')	spectinomycin; streptomycin	False	chromosome_like	1		
RM2016_batch03_global10	ERR1725981	k141_260541	k141_260541_3 # 2052 # 2936 # 1 # ID=15969_3;partial=00;start_type=ATG;rbs_motif=AAAAA;rbs_spacer=11bp;gc_cont=0.368	mphG	3003742	Strict	99.32	100.0	macrolide antibiotic	antibiotic inactivation	macrolide phosphotransferase (MPH)	erythromycin; clarithromycin; azithromycin	False	chromosome_like	1		
RM2016_batch03_global10	ERR1725981	k141_260732	k141_260732_1 # 2 # 991 # -1 # ID=16149_1;partial=10;start_type=ATG;rbs_motif=GGTG;rbs_spacer=7bp;gc_cont=0.512	vanG	3002909	Strict	42.6	94.56	glycopeptide antibiotic	antibiotic target alteration	glycopeptide resistance gene cluster; Van ligase	vancomycin	False	chromosome_like	1		
RM2016_batch03_global10	ERR1725981	k141_179656	k141_179656_2 # 893 # 1654 # 1 # ID=16674_2;partial=00;start_type=GTG;rbs_motif=GGAG/GAGG;rbs_spacer=5-10bp;gc_cont=0.375	vanW gene in vanG cluster	3002965	Strict	32.51	90.04	glycopeptide antibiotic	antibiotic target alteration	vanW; glycopeptide resistance gene cluster	vancomycin	False	chromosome_like	1		
RM2016_batch03_global10	ERR1725981	k141_180008	k141_180008_2 # 503 # 2422 # -1 # ID=16997_2;partial=00;start_type=ATG;rbs_motif=GGAGG;rbs_spacer=5-10bp;gc_cont=0.531	tet(W)	3000194	Perfect	100.0	100.0	tetracycline antibiotic	antibiotic target protection	tetracycline-resistant ribosomal protection protein	tetracycline; doxycycline; minocycline; chlortetracycline; demeclocycline; oxytetracycline	True	plasmid_like		0.8707	
RM2016_batch03_global10	ERR1725981	k141_57038	k141_57038_1 # 154 # 1035 # -1 # ID=17080_1;partial=00;start_type=ATG;rbs_motif=AGGA;rbs_spacer=5-10bp;gc_cont=0.689	RCP-1	3003563	Strict	98.98	100.0	penam	antibiotic inactivation	RCP beta-lactamase		False	chromosome_like	1		
RM2016_batch03_global10	ERR1725981	k141_140951	k141_140951_2 # 187 # 1038 # -1 # ID=18296_2;partial=00;start_type=ATG;rbs_motif=GGA/GAG/AGG;rbs_spacer=5-10bp;gc_cont=0.484	BEL-1	3002385	Perfect	100.0	100.0	monobactam; cephalosporin; penam	antibiotic inactivation	BEL beta-lactamase		False	chromosome_like	1		
RM2016_batch03_global10	ERR1725981	k141_140961	k141_140961_2 # 375 # 1271 # -1 # ID=18310_2;partial=00;start_type=ATG;rbs_motif=TAA;rbs_spacer=6bp;gc_cont=0.421	CARB-16	3002255	Strict	99.66	100.0	penam	antibiotic inactivation	CARB beta-lactamase		False	chromosome_like	1		
RM2016_batch03_global10	ERR1725981	k141_181982	k141_181982_2 # 216 # 1004 # -1 # ID=18882_2;partial=00;start_type=ATG;rbs_motif=GGAG/GAGG;rbs_spacer=5-10bp;gc_cont=0.444	aadA27	3004682	Perfect	100.0	100.0	aminoglycoside antibiotic	antibiotic inactivation	ANT(3'')	spectinomycin; streptomycin	True	plasmid_like		0.9948	
RM2016_batch03_global10	ERR1725981	k141_17704	k141_17704_1 # 226 # 720 # -1 # ID=19101_1;partial=00;start_type=ATG;rbs_motif=GGAG/GAGG;rbs_spacer=5-10bp;gc_cont=0.335	lnuC	3002837	Strict	98.17	100.0	lincosamide antibiotic	antibiotic inactivation	lincosamide nucleotidyltransferase (LNU)	lincomycin	False	chromosome_like	1		
RM2016_batch03_global10	ERR1725981	k141_223005	k141_223005_2 # 343 # 1329 # -1 # ID=19763_2;partial=01;start_type=Edge;rbs_motif=None;rbs_spacer=None;gc_cont=0.315	EreD	3004608	Strict	99.39	80.39	macrolide antibiotic	antibiotic inactivation	macrolide esterase	erythromycin	False	chromosome_like	1		
RM2016_batch03_global10	ERR1725981	k141_60101	k141_60101_1 # 17 # 352 # -1 # ID=20055_1;partial=00;start_type=ATG;rbs_motif=GGAG/GAGG;rbs_spacer=5-10bp;gc_cont=0.568	qacG	3007015	Strict	42.31	103.74	disinfecting agents and antiseptics	antibiotic efflux	small multidrug resistance (SMR) antibiotic efflux pump	benzalkonium chloride	False	chromosome_like	1		
RM2016_batch03_global10	ERR1725981	k141_184156	k141_184156_2 # 890 # 1795 # 1 # ID=20888_2;partial=00;start_type=ATG;rbs_motif=AGGAG;rbs_spacer=5-10bp;gc_cont=0.656	mphA	3000316	Perfect	100.0	100.0	macrolide antibiotic	antibiotic inactivation	macrolide phosphotransferase (MPH)	erythromycin; roxithromycin; telithromycin; clarithromycin; azithromycin; dirithromycin; oleandomycin	True	plasmid_like		0.9906	
RM2016_batch03_global10	ERR1725981	k141_184156	k141_184156_3 # 1792 # 3030 # 1 # ID=20888_3;partial=00;start_type=ATG;rbs_motif=None;rbs_spacer=None;gc_cont=0.651	Mrx	3003839	Perfect	100.0	100.0	macrolide antibiotic	antibiotic inactivation	macrolide phosphotransferase (MPH)		True	plasmid_like		0.9906	
RM2016_batch03_global10	ERR1725981	k141_184156	k141_184156_7 # 6006 # 6845 # -1 # ID=20888_7;partial=00;start_type=ATG;rbs_motif=GGAGG;rbs_spacer=5-10bp;gc_cont=0.617	sul1	3000410	Perfect	100.0	100.0	sulfonamide antibiotic	antibiotic target replacement	sulfonamide resistant sul	sulfadiazine; sulfadimidine; sulfadoxine; sulfamethoxazole; sulfisoxazole; sulfacetamide; mafenide; sulfasalazine; sulfamethizole	True	plasmid_like		0.9906	
RM2016_batch03_global10	ERR1725981	k141_184156	k141_184156_8 # 6839 # 7186 # -1 # ID=20888_8;partial=00;start_type=ATG;rbs_motif=GGAG/GAGG;rbs_spacer=5-10bp;gc_cont=0.497	qacEdelta1	3005010	Perfect	100.0	100.0	disinfecting agents and antiseptics	antibiotic efflux	major facilitator superfamily (MFS) antibiotic efflux pump		True	plasmid_like		0.9906	
RM2016_batch03_global10	ERR1725981	k141_144378	k141_144378_2 # 920 # 1231 # -1 # ID=21595_2;partial=01;start_type=Edge;rbs_motif=None;rbs_spacer=None;gc_cont=0.574	qacG	3007015	Strict	41.41	96.26	disinfecting agents and antiseptics	antibiotic efflux	small multidrug resistance (SMR) antibiotic efflux pump	benzalkonium chloride	False	chromosome_like	1		
RM2016_batch03_global10	ERR1725981	k141_266860	k141_266860_1 # 2 # 847 # 1 # ID=22230_1;partial=10;start_type=Edge;rbs_motif=None;rbs_spacer=None;gc_cont=0.388	mphG	3003742	Strict	89.68	95.58	macrolide antibiotic	antibiotic inactivation	macrolide phosphotransferase (MPH)	erythromycin; clarithromycin; azithromycin	False	chromosome_like	1		
RM2016_batch03_global10	ERR1725981	k141_62615	k141_62615_5 # 1985 # 3868 # 1 # ID=22417_5;partial=00;start_type=ATG;rbs_motif=AGGAG;rbs_spacer=5-10bp;gc_cont=0.462	vanY gene in vanB cluster	3002956	Strict	43.09	233.96	glycopeptide antibiotic	antibiotic target alteration	vanY; glycopeptide resistance gene cluster	vancomycin	False	chromosome_like	1		
RM2016_batch03_global10	ERR1725981	k141_21020	k141_21020_5 # 6968 # 7312 # 1 # ID=22430_5;partial=00;start_type=ATG;rbs_motif=AGGA/GGAG/GAGG;rbs_spacer=11-12bp;gc_cont=0.391	qacJ	3007014	Strict	45.19	106.54	disinfecting agents and antiseptics	antibiotic efflux	small multidrug resistance (SMR) antibiotic efflux pump	benzalkonium chloride	False	chromosome_like	1		
RM2016_batch03_global10	ERR1725981	k141_63101	k141_63101_2 # 1037 # 2224 # 1 # ID=22870_2;partial=00;start_type=GTG;rbs_motif=AGxAGG/AGGxGG;rbs_spacer=5-10bp;gc_cont=0.406	tet(39)	3000566	Perfect	100.0	100.0	tetracycline antibiotic	antibiotic efflux	major facilitator superfamily (MFS) antibiotic efflux pump	tetracycline	False	chromosome_like	1		
RM2016_batch03_global10	ERR1725981	k141_105158	k141_105158_1 # 155 # 769 # 1 # ID=23771_1;partial=00;start_type=ATG;rbs_motif=AATAA;rbs_spacer=3bp;gc_cont=0.398	evgA	3000832	Perfect	100.0	100.0	macrolide antibiotic; fluoroquinolone antibiotic; penam; tetracycline antibiotic	antibiotic efflux	major facilitator superfamily (MFS) antibiotic efflux pump; resistance-nodulation-cell division (RND) antibiotic efflux pump	erythromycin; cloxacillin; tetracycline; oxacillin; norfloxacin	False	chromosome_like	1		
RM2016_batch03_global10	ERR1725981	k141_64038	k141_64038_1 # 1 # 1083 # 1 # ID=23775_1;partial=11;start_type=Edge;rbs_motif=None;rbs_spacer=None;gc_cont=0.326	vanT gene in vanG cluster	3002972	Strict	35.19	50.7	glycopeptide antibiotic	antibiotic target alteration	glycopeptide resistance gene cluster; vanT	vancomycin	False	chromosome_like	1		
RM2016_batch03_global10	ERR1725981	k141_187524	k141_187524_2 # 489 # 1145 # 1 # ID=24031_2;partial=00;start_type=ATG;rbs_motif=AGGAG;rbs_spacer=5-10bp;gc_cont=0.438	QnrS2	3002791	Perfect	100.0	100.0	fluoroquinolone antibiotic	antibiotic target protection	quinolone resistance protein (qnr)	ciprofloxacin; levofloxacin; moxifloxacin; gatifloxacin; nalidixic acid; norfloxacin; sparfloxacin	False	chromosome_like	1		
RM2016_batch03_global10	ERR1725981	k141_147065	k141_147065_1 # 1 # 801 # -1 # ID=24100_1;partial=00;start_type=ATG;rbs_motif=AGxAGG/AGGxGG;rbs_spacer=3-4bp;gc_cont=0.419	OXA-10	3001405	Perfect	100.0	100.0	carbapenem; cephalosporin; penam	antibiotic inactivation	OXA beta-lactamase	cloxacillin; oxacillin; cefalotin	False	chromosome_like	1		
RM2016_batch03_global10	ERR1725981	k141_105855	k141_105855_1 # 220 # 1020 # -1 # ID=24497_1;partial=00;start_type=TTG;rbs_motif=AGGAGG;rbs_spacer=3-4bp;gc_cont=0.452	OXA-20	3001415	Perfect	100.0	100.0	carbapenem; cephalosporin; penam	antibiotic inactivation	OXA beta-lactamase	cloxacillin; oxacillin; cefalotin	False	chromosome_like	1		
RM2016_batch03_global10	ERR1725981	k141_106277	k141_106277_3 # 686 # 2656 # -1 # ID=24919_3;partial=00;start_type=ATG;rbs_motif=GGAG/GAGG;rbs_spacer=5-10bp;gc_cont=0.402	tet(O)	3000190	Strict	52.18	102.66	tetracycline antibiotic	antibiotic target protection	tetracycline-resistant ribosomal protection protein	tetracycline; doxycycline; minocycline; chlortetracycline; demeclocycline; oxytetracycline	False	chromosome_like	1		
RM2016_batch03_global10	ERR1725981	k141_148296	k141_148296_1 # 3 # 836 # -1 # ID=25241_1;partial=10;start_type=ATG;rbs_motif=TAAA;rbs_spacer=12bp;gc_cont=0.493	vanY gene in vanB cluster	3002956	Strict	33.0	103.73	glycopeptide antibiotic	antibiotic target alteration	vanY; glycopeptide resistance gene cluster	vancomycin	False	chromosome_like	1		
RM2016_batch03_global10	ERR1725981	k141_228389	k141_228389_2 # 647 # 1099 # -1 # ID=25308_2;partial=01;start_type=Edge;rbs_motif=None;rbs_spacer=None;gc_cont=0.490	vanY gene in vanB cluster	3002956	Strict	39.68	55.97	glycopeptide antibiotic	antibiotic target alteration	vanY; glycopeptide resistance gene cluster	vancomycin	False	chromosome_like	1		
RM2016_batch03_global10	ERR1725981	k141_24283	k141_24283_1 # 169 # 516 # -1 # ID=25539_1;partial=00;start_type=ATG;rbs_motif=GGA/GAG/AGG;rbs_spacer=5-10bp;gc_cont=0.626	qacG	3007015	Strict	40.38	107.48	disinfecting agents and antiseptics	antibiotic efflux	small multidrug resistance (SMR) antibiotic efflux pump	benzalkonium chloride	False	chromosome_like	1		
RM2016_batch03_global10	ERR1725981	k141_270653	k141_270653_2 # 391 # 1155 # -1 # ID=25874_2;partial=00;start_type=ATG;rbs_motif=None;rbs_spacer=None;gc_cont=0.328	vanY gene in vanM cluster	3002961	Strict	26.01	109.01	glycopeptide antibiotic	antibiotic target alteration	vanY; glycopeptide resistance gene cluster	vancomycin; teicoplanin	False	chromosome_like	1		
RM2016_batch03_global10	ERR1725981	k141_271287	k141_271287_3 # 1192 # 2883 # 1 # ID=26548_3;partial=00;start_type=ATG;rbs_motif=GGA/GAG/AGG;rbs_spacer=5-10bp;gc_cont=0.464	ICR-Mo	3004569	Strict	95.56	100.9	peptide antibiotic	antibiotic target alteration	intrinsic colistin resistant phosphoethanolamine transferase	colistin A; colistin B	False	chromosome_like	1		
RM2016_batch03_global10	ERR1725981	k141_230004	k141_230004_1 # 350 # 1495 # 1 # ID=27026_1;partial=00;start_type=ATG;rbs_motif=GGA/GAG/AGG;rbs_spacer=5-10bp;gc_cont=0.538	CMY-4	3002015	Perfect	100.0	100.0	cephamycin	antibiotic inactivation	CMY beta-lactamase		False	chromosome_like	1		
RM2016_batch03_global10	ERR1725981	k141_272013	k141_272013_1 # 19 # 1491 # 1 # ID=27293_1;partial=00;start_type=ATG;rbs_motif=GGAG/GAGG;rbs_spacer=5-10bp;gc_cont=0.481	vanW gene in vanI cluster	3003724	Strict	32.12	131.37	glycopeptide antibiotic	antibiotic target alteration	vanW; glycopeptide resistance gene cluster	vancomycin; teicoplanin	False	chromosome_like	1		
RM2016_batch03_global10	ERR1725981	k141_314058	k141_314058_1 # 272 # 1102 # 1 # ID=28248_1;partial=00;start_type=ATG;rbs_motif=None;rbs_spacer=None;gc_cont=0.342	OXA-1	3001396	Strict	98.91	100.0	carbapenem; cephalosporin; penam	antibiotic inactivation	OXA beta-lactamase	cloxacillin; oxacillin; amoxicillin; piperacillin; ampicillin; cefalotin	False	chromosome_like	1		
RM2016_batch03_global10	ERR1725981	k141_314058	k141_314058_2 # 1240 # 1872 # 1 # ID=28248_2;partial=00;start_type=ATG;rbs_motif=GGA/GAG/AGG;rbs_spacer=5-10bp;gc_cont=0.494	catB3	3002676	Perfect	100.0	100.0	phenicol antibiotic	antibiotic inactivation	chloramphenicol acetyltransferase (CAT)	azidamfenicol; chloramphenicol; thiamphenicol	False	chromosome_like	1		
RM2016_batch03_global10	ERR1725981	k141_151889	k141_151889_1 # 104 # 886 # 1 # ID=28521_1;partial=00;start_type=ATG;rbs_motif=GGA/GAG/AGG;rbs_spacer=11-12bp;gc_cont=0.520	LCR-1	3002997	Strict	98.85	100.0	cephalosporin; penam	antibiotic inactivation	LCR beta-lactamase		False	chromosome_like	1		
RM2016_batch03_global10	ERR1725981	k141_274198	k141_274198_2 # 364 # 1245 # -1 # ID=29389_2;partial=00;start_type=ATG;rbs_motif=GGA/GAG/AGG;rbs_spacer=5-10bp;gc_cont=0.425	vanW gene in vanG cluster	3002965	Strict	31.56	104.27	glycopeptide antibiotic	antibiotic target alteration	vanW; glycopeptide resistance gene cluster	vancomycin	False	chromosome_like	1		
RM2016_batch03_global10	ERR1725981	k141_315901	k141_315901_1 # 124 # 2589 # -1 # ID=30039_1;partial=00;start_type=TTG;rbs_motif=TAA;rbs_spacer=11bp;gc_cont=0.342	vanT gene in vanG cluster	3002972	Strict	35.28	115.31	glycopeptide antibiotic	antibiotic target alteration	glycopeptide resistance gene cluster; vanT	vancomycin	False	chromosome_like	1		
RM2016_batch03_global10	ERR1725981	k141_194007	k141_194007_1 # 10 # 423 # -1 # ID=30238_1;partial=00;start_type=ATG;rbs_motif=None;rbs_spacer=None;gc_cont=0.664	FosI	3007370	Strict	71.43	102.24	phosphonic acid antibiotic	antibiotic inactivation	fosfomycin thiol transferase	fosfomycin	False	chromosome_like	1		
RM2016_batch03_global10	ERR1725981	k141_233326	k141_233326_4 # 4034 # 4978 # -1 # ID=30358_4;partial=00;start_type=ATG;rbs_motif=GGA/GAG/AGG;rbs_spacer=5-10bp;gc_cont=0.313	BRO-2	3004762	Perfect	100.0	100.0	penam	antibiotic inactivation	BRO Beta-lactamase		False	chromosome_like	1		
RM2016_batch03_global10	ERR1725981	k141_155140	k141_155140_3 # 2376 # 2909 # 1 # ID=31579_3;partial=00;start_type=ATG;rbs_motif=GGA/GAG/AGG;rbs_spacer=11-12bp;gc_cont=0.577	ANT(2'')-Ia	3000230	Perfect	100.0	100.0	aminoglycoside antibiotic	antibiotic inactivation	ANT(2'')	dibekacin; sisomicin; kanamycin A; tobramycin; gentamicin	True	plasmid_like		0.9113	
RM2016_batch03_global10	ERR1725981	k141_276790	k141_276790_3 # 1087 # 1587 # -1 # ID=31783_3;partial=00;start_type=ATG;rbs_motif=AGGAG;rbs_spacer=5-10bp;gc_cont=0.329	nimJ	3007112	Strict	60.13	100.61	nitroimidazole antibiotic	antibiotic inactivation	nitroimidazole reductase	metronidazole	False	chromosome_like	1		
RM2016_batch03_global10	ERR1725981	k141_113422	k141_113422_3 # 4250 # 4648 # -1 # ID=31820_3;partial=00;start_type=ATG;rbs_motif=None;rbs_spacer=None;gc_cont=0.481	vanY gene in vanB cluster	3002956	Strict	48.48	49.25	glycopeptide antibiotic	antibiotic target alteration	vanY; glycopeptide resistance gene cluster	vancomycin	False	chromosome_like	1		
RM2016_batch03_global10	ERR1725981	k141_155512	k141_155512_2 # 412 # 1194 # 1 # ID=31840_2;partial=00;start_type=ATG;rbs_motif=TAA;rbs_spacer=12bp;gc_cont=0.307	LnuH	3004600	Strict	93.85	100.0	lincosamide antibiotic	antibiotic inactivation	lincosamide nucleotidyltransferase (LNU)		False	chromosome_like	1		
RM2016_batch03_global10	ERR1725981	k141_155528	k141_155528_2 # 406 # 1176 # 1 # ID=31849_2;partial=00;start_type=ATG;rbs_motif=TAA;rbs_spacer=11bp;gc_cont=0.318	LnuH	3004600	Strict	82.35	98.46	lincosamide antibiotic	antibiotic inactivation	lincosamide nucleotidyltransferase (LNU)		False	chromosome_like	1		
RM2016_batch03_global10	ERR1725981	k141_277732	k141_277732_4 # 1333 # 2196 # -1 # ID=32682_4;partial=00;start_type=ATG;rbs_motif=None;rbs_spacer=None;gc_cont=0.534	GES-5	3002334	Perfect	100.0	100.0	carbapenem; cephalosporin; penam	antibiotic inactivation	GES beta-lactamase		True	plasmid_like		0.7338	
RM2016_batch03_global10	ERR1725981	k141_320166	k141_320166_1 # 317 # 1099 # 1 # ID=33927_1;partial=00;start_type=ATG;rbs_motif=TAA;rbs_spacer=12bp;gc_cont=0.300	LnuH	3004600	Strict	99.62	100.0	lincosamide antibiotic	antibiotic inactivation	lincosamide nucleotidyltransferase (LNU)		False	chromosome_like	1		
RM2016_batch03_global10	ERR1725981	k141_33306	k141_33306_1 # 181 # 951 # -1 # ID=34199_1;partial=00;start_type=ATG;rbs_motif=TAA;rbs_spacer=12bp;gc_cont=0.323	LnuH	3004600	Strict	93.75	98.46	lincosamide antibiotic	antibiotic inactivation	lincosamide nucleotidyltransferase (LNU)		True	plasmid_like		0.9058	
RM2016_batch03_global10	ERR1725981	k141_198477	k141_198477_2 # 294 # 1118 # -1 # ID=34465_2;partial=01;start_type=Edge;rbs_motif=None;rbs_spacer=None;gc_cont=0.638	vanG	3002909	Strict	65.49	78.51	glycopeptide antibiotic	antibiotic target alteration	glycopeptide resistance gene cluster; Van ligase	vancomycin	False	chromosome_like	1		
RM2016_batch03_global10	ERR1725981	k141_34289	k141_34289_2 # 947 # 1810 # 1 # ID=35076_2;partial=00;start_type=ATG;rbs_motif=TAAA;rbs_spacer=15bp;gc_cont=0.316	aadS	3004683	Perfect	100.0	100.0	aminoglycoside antibiotic	antibiotic inactivation	ANT(6)	streptomycin	True	plasmid_like		0.8093	
RM2016_batch03_global10	ERR1725981	k141_238259	k141_238259_1 # 357 # 1145 # -1 # ID=35096_1;partial=00;start_type=ATG;rbs_motif=None;rbs_spacer=None;gc_cont=0.582	aadA5	3002605	Strict	99.62	100.0	aminoglycoside antibiotic	antibiotic inactivation	ANT(3'')	spectinomycin; streptomycin	False	chromosome_like	1		
RM2016_batch03_global10	ERR1725981	k141_238259	k141_238259_2 # 1195 # 1995 # -1 # ID=35096_2;partial=00;start_type=ATG;rbs_motif=AGGA;rbs_spacer=5-10bp;gc_cont=0.469	OXA-46	3001797	Perfect	100.0	100.0	carbapenem; cephalosporin; penam	antibiotic inactivation	OXA beta-lactamase	cloxacillin; oxacillin; cefalotin	False	chromosome_like	1		
RM2016_batch03_global10	ERR1725981	k141_239138	k141_239138_1 # 226 # 1386 # -1 # ID=35928_1;partial=00;start_type=ATG;rbs_motif=None;rbs_spacer=None;gc_cont=0.376	tet(X)	3000205	Strict	99.48	99.48	glycylcycline; tetracycline antibiotic	antibiotic inactivation	tetracycline inactivation enzyme	tigecycline; tetracycline; doxycycline; minocycline; chlortetracycline; demeclocycline; oxytetracycline	False	chromosome_like	1		
RM2016_batch03_global10	ERR1725981	k141_118382	k141_118382_2 # 524 # 865 # -1 # ID=36351_2;partial=00;start_type=ATG;rbs_motif=GGA/GAG/AGG;rbs_spacer=11-12bp;gc_cont=0.450	qacG	3007015	Strict	45.19	105.61	disinfecting agents and antiseptics	antibiotic efflux	small multidrug resistance (SMR) antibiotic efflux pump	benzalkonium chloride	False	chromosome_like	1		
RM2016_batch03_global10	ERR1725981	k141_119021	k141_119021_2 # 448 # 1674 # 1 # ID=36935_2;partial=00;start_type=ATG;rbs_motif=AGGA;rbs_spacer=5-10bp;gc_cont=0.502	EreA2	3002826	Strict	99.75	100.0	macrolide antibiotic	antibiotic inactivation	macrolide esterase	erythromycin	True	plasmid_like		0.8073	
RM2016_batch03_global10	ERR1725981	k141_119021	k141_119021_3 # 1770 # 2597 # 1 # ID=36935_3;partial=00;start_type=ATG;rbs_motif=AGGA;rbs_spacer=5-10bp;gc_cont=0.500	OXA-2	3001397	Perfect	100.0	100.0	carbapenem; cephalosporin; penam	antibiotic inactivation	OXA beta-lactamase	cloxacillin; oxacillin; ceftazidime; amoxicillin; meropenem; ampicillin; cefalotin	True	plasmid_like		0.8073	
RM2016_batch03_global10	ERR1725981	k141_285754	k141_285754_1 # 1 # 693 # 1 # ID=39756_1;partial=10;start_type=Edge;rbs_motif=None;rbs_spacer=None;gc_cont=0.649	vanY gene in vanB cluster	3002956	Strict	38.24	85.82	glycopeptide antibiotic	antibiotic target alteration	vanY; glycopeptide resistance gene cluster	vancomycin	False	chromosome_like	1		
RM2016_batch03_global10	ERR1725981	k141_40691	k141_40691_2 # 258 # 1013 # 1 # ID=40602_2;partial=01;start_type=ATG;rbs_motif=None;rbs_spacer=None;gc_cont=0.454	OXA-333	3001521	Strict	99.6	91.97	carbapenem; cephalosporin; penam	antibiotic inactivation	OXA beta-lactamase	cloxacillin; oxacillin; cefalotin	False	chromosome_like	1		
RM2016_batch03_global10	ERR1725981	k141_310686	k141_310686_2 # 255 # 1439 # -1 # ID=24800_2;partial=00;start_type=ATG;rbs_motif=GGAG/GAGG;rbs_spacer=5-10bp;gc_cont=0.529	Escherichia coli EF-Tu mutants conferring resistance to Pulvomycin	3003369	Strict	99.49	96.33	elfamycin antibiotic	antibiotic target alteration	elfamycin resistant EF-Tu	pulvomycin	False	chromosome_like	1		
