ORF_ID	Contig	Start	Stop	Orientation	Cut_Off	Pass_Bitscore	Best_Hit_Bitscore	Best_Hit_ARO	Best_Identities	ARO	Model_type	SNPs_in_Best_Hit_ARO	Other_SNPs	Drug Class	Resistance Mechanism	AMR Gene Family	Percentage Length of Reference Sequence	ID	Model_ID	Nudged	Note	Hit_Start	Hit_End	Antibiotic	AST_Source
k141_55346_1 # 2 # 520 # -1 # ID=7_1;partial=10;start_type=ATG;rbs_motif=GGA/GAG/AGG;rbs_spacer=5-10bp;gc_cont=0.707	k141_55346	2	520	-	Loose	1650	47.8	Brucella suis mprF	27.95	3003772	protein homolog model	n/a	n/a	peptide antibiotic	antibiotic target alteration	defensin resistant mprF	19.66	gnl|BL_ORD_ID|2058|hsp_num:0	2281			48	510	defensin	
k141_39537_2 # 770 # 1681 # 1 # ID=11_2;partial=00;start_type=GTG;rbs_motif=None;rbs_spacer=None;gc_cont=0.623	k141_39537	770	1681	+	Loose	550	50.1	NmcR	34.06	3003665	protein homolog model	n/a	n/a	carbapenem; cephalosporin; cephamycin; penam	antibiotic inactivation	NmcA beta-lactamase	102.71	gnl|BL_ORD_ID|1906|hsp_num:0	2072			18	411	cefoxitin; cefazolin; ampicillin	
k141_31634_1 # 2 # 877 # 1 # ID=12_1;partial=10;start_type=Edge;rbs_motif=None;rbs_spacer=None;gc_cont=0.689	k141_31634	2	877	+	Loose	500	102.4	RanA	30.39	3005091	protein homolog model	n/a	n/a	aminoglycoside antibiotic	antibiotic efflux	ATP-binding cassette (ABC) antibiotic efflux pump	112.79	gnl|BL_ORD_ID|2809|hsp_num:0	3825			39	642		
k141_7912_2 # 423 # 821 # -1 # ID=14_2;partial=00;start_type=ATG;rbs_motif=AGGA;rbs_spacer=5-10bp;gc_cont=0.614	k141_7912	423	821	-	Loose	2300	63.2	evgS	30.0	3000833	protein homolog model	n/a	n/a	macrolide antibiotic; fluoroquinolone antibiotic; penam; tetracycline antibiotic	antibiotic efflux	major facilitator superfamily (MFS) antibiotic efflux pump; resistance-nodulation-cell division (RND) antibiotic efflux pump	11.03	gnl|BL_ORD_ID|1215|hsp_num:0	1318			2874	3225	erythromycin; cloxacillin; tetracycline; oxacillin; norfloxacin	
k141_31638_1 # 651 # 1580 # 1 # ID=18_1;partial=01;start_type=ATG;rbs_motif=GGAG/GAGG;rbs_spacer=5-10bp;gc_cont=0.323	k141_31638	651	1580	+	Loose	900	147.1	hmrM	32.89	3003953	protein homolog model	n/a	n/a	fluoroquinolone antibiotic; disinfecting agents and antiseptics	antibiotic efflux	multidrug and toxic compound extrusion (MATE) transporter	66.81	gnl|BL_ORD_ID|2187|hsp_num:0	2425			36	930	acriflavine; norfloxacin	
k141_17_1 # 425 # 1399 # 1 # ID=22_1;partial=01;start_type=ATG;rbs_motif=None;rbs_spacer=None;gc_cont=0.487	k141_17	425	1399	+	Loose	400	119.4	tetB(P)	28.48	3000195	protein homolog model	n/a	n/a	tetracycline antibiotic	antibiotic target protection	tetracycline-resistant ribosomal protection protein	49.85	gnl|BL_ORD_ID|738|hsp_num:0	804			24	846	tetracycline; doxycycline; minocycline; chlortetracycline; demeclocycline; oxytetracycline	
k141_23737_2 # 209 # 1168 # -1 # ID=26_2;partial=01;start_type=Edge;rbs_motif=None;rbs_spacer=None;gc_cont=0.704	k141_23737	209	1168	-	Loose	420	117.5	smeR	40.0	3003066	protein homolog model	n/a	n/a	aminoglycoside antibiotic; cephalosporin; cephamycin; penam	antibiotic efflux	resistance-nodulation-cell division (RND) antibiotic efflux pump	139.30	gnl|BL_ORD_ID|1426|hsp_num:0	1550			168	675		
k141_55358_3 # 950 # 2404 # -1 # ID=30_3;partial=00;start_type=ATG;rbs_motif=None;rbs_spacer=None;gc_cont=0.546	k141_55358	950	2404	-	Loose	900	141.7	basS	31.56	3003583	protein homolog model	n/a	n/a	peptide antibiotic	antibiotic target alteration; antibiotic efflux	pmr phosphoethanolamine transferase	101.47	gnl|BL_ORD_ID|2351|hsp_num:0	249			441	1335	polymyxin B	
k141_55358_4 # 2447 # 3076 # -1 # ID=30_4;partial=01;start_type=Edge;rbs_motif=None;rbs_spacer=None;gc_cont=0.562	k141_55358	2447	3076	-	Loose	410	136.3	arlR	40.1	3000838	protein homolog model	n/a	n/a	fluoroquinolone antibiotic; disinfecting agents and antiseptics	antibiotic efflux	major facilitator superfamily (MFS) antibiotic efflux pump	95.43	gnl|BL_ORD_ID|1275|hsp_num:0	1390			75	654	ciprofloxacin; acriflavine; norfloxacin	
k141_39551_2 # 862 # 1587 # -1 # ID=33_2;partial=00;start_type=ATG;rbs_motif=GGAG/GAGG;rbs_spacer=5-10bp;gc_cont=0.612	k141_39551	862	1587	-	Loose	650	87.0	tetA(58)	31.12	3003980	protein homolog model	n/a	n/a	tetracycline antibiotic	antibiotic efflux	major facilitator superfamily (MFS) antibiotic efflux pump	70.26	gnl|BL_ORD_ID|2244|hsp_num:0	2517			24	732	tetracycline	
k141_23747_1 # 2 # 1075 # 1 # ID=43_1;partial=10;start_type=Edge;rbs_motif=None;rbs_spacer=None;gc_cont=0.655	k141_23747	2	1075	+	Loose	850	152.9	OpmH	32.45	3003682	protein homolog model	n/a	n/a	disinfecting agents and antiseptics	antibiotic efflux	resistance-nodulation-cell division (RND) antibiotic efflux pump	74.07	gnl|BL_ORD_ID|2006|hsp_num:0	2195			300	1311	triclosan	
k141_47459_1 # 1 # 270 # 1 # ID=47_1;partial=10;start_type=Edge;rbs_motif=None;rbs_spacer=None;gc_cont=0.652	k141_47459	1	270	+	Loose	1200	38.9	TaeA	29.73	3003986	protein homolog model	n/a	n/a	pleuromutilin antibiotic	antibiotic efflux	ATP-binding cassette (ABC) antibiotic efflux pump	13.73	gnl|BL_ORD_ID|2231|hsp_num:0	2522			474	687	pleuromutilin	
k141_47459_3 # 1193 # 2020 # 1 # ID=47_3;partial=01;start_type=ATG;rbs_motif=None;rbs_spacer=None;gc_cont=0.704	k141_47459	1193	2020	+	Loose	800	182.2	MuxA	46.12	3004073	protein homolog model	n/a	n/a	macrolide antibiotic; monobactam; tetracycline antibiotic; aminocoumarin antibiotic	antibiotic efflux	resistance-nodulation-cell division (RND) antibiotic efflux pump	64.79	gnl|BL_ORD_ID|2243|hsp_num:0	2717			24	762	erythromycin; tetracycline; novobiocin; aztreonam; kitasamycin; rokitamycin	
k141_55363_3 # 1209 # 1553 # 1 # ID=69_3;partial=01;start_type=ATG;rbs_motif=AGGAG;rbs_spacer=5-10bp;gc_cont=0.496	k141_55363	1209	1553	+	Loose	1280	59.3	macB	33.64	3000535	protein homolog model	n/a	n/a	macrolide antibiotic	antibiotic efflux	ATP-binding cassette (ABC) antibiotic efflux pump	17.86	gnl|BL_ORD_ID|447|hsp_num:0	487			3	324	erythromycin	
k141_23766_2 # 467 # 1636 # 1 # ID=86_2;partial=01;start_type=ATG;rbs_motif=None;rbs_spacer=None;gc_cont=0.381	k141_23766	467	1636	+	Loose	1350	201.1	Staphylococcus aureus fusA with mutation conferring resistance to fusidic acid	30.87	3003735	protein variant model	A376V	n/a	fusidane antibiotic	antibiotic target alteration	antibiotic resistant fusA	56.28	gnl|BL_ORD_ID|4696|hsp_num:0	2254			30	1167	fusidic acid	
k141_31700_2 # 300 # 1220 # 1 # ID=103_2;partial=00;start_type=ATG;rbs_motif=GGA/GAG/AGG;rbs_spacer=5-10bp;gc_cont=0.555	k141_31700	300	1220	+	Loose	550	89.0	NmcR	33.33	3003665	protein homolog model	n/a	n/a	carbapenem; cephalosporin; cephamycin; penam	antibiotic inactivation	NmcA beta-lactamase	103.73	gnl|BL_ORD_ID|1906|hsp_num:0	2072			0	477	cefoxitin; cefazolin; ampicillin	
k141_15889_1 # 682 # 1338 # -1 # ID=119_1;partial=00;start_type=ATG;rbs_motif=GGA/GAG/AGG;rbs_spacer=5-10bp;gc_cont=0.604	k141_15889	682	1338	-	Loose	375	112.5	nalD	37.5	3000819	protein overexpression model	n/a	n/a	macrolide antibiotic; fluoroquinolone antibiotic; monobactam; carbapenem; cephalosporin; cephamycin; penam; tetracycline antibiotic; peptide antibiotic; aminocoumarin antibiotic; diaminopyrimidine antibiotic; sulfonamide antibiotic; phenicol antibiotic; penem	antibiotic efflux	resistance-nodulation-cell division (RND) antibiotic efflux pump	102.83	gnl|BL_ORD_ID|2336|hsp_num:0	1213			3	555	erythromycin; ciprofloxacin; tetracycline; ceftazidime; ceftriaxone; meropenem; novobiocin; azithromycin; trimethoprim; sulfamethoxazole; chloramphenicol; aztreonam; colistin A; colistin B; ampicillin; nalidixic acid; panipenem; ticarcillin; trimethoprim-sulfamethoxazole	
k141_15889_2 # 1529 # 2377 # 1 # ID=119_2;partial=01;start_type=ATG;rbs_motif=AGGA;rbs_spacer=5-10bp;gc_cont=0.683	k141_15889	1529	2377	+	Loose	790	206.5	mtrC	49.25	3000810	protein homolog model	n/a	n/a	macrolide antibiotic; penam	antibiotic efflux	resistance-nodulation-cell division (RND) antibiotic efflux pump	68.69	gnl|BL_ORD_ID|1233|hsp_num:0	1340			18	813	erythromycin; penicillin; azithromycin	
k141_15893_1 # 2 # 1318 # 1 # ID=123_1;partial=10;start_type=Edge;rbs_motif=None;rbs_spacer=None;gc_cont=0.368	k141_15893	2	1318	+	Loose	1250	95.5	mecA	26.02	3000617	protein homolog model	n/a	n/a	penam	antibiotic target replacement	methicillin resistant PBP2	65.57	gnl|BL_ORD_ID|1217|hsp_num:0	1321			960	1809	methicillin	
k141_47529_2 # 891 # 1820 # 1 # ID=134_2;partial=00;start_type=ATG;rbs_motif=TAAA;rbs_spacer=5bp;gc_cont=0.354	k141_47529	891	1820	+	Loose	570	117.1	bcrA	30.45	3002987	protein homolog model	n/a	n/a	peptide antibiotic	antibiotic efflux	ATP-binding cassette (ABC) antibiotic efflux pump	100.98	gnl|BL_ORD_ID|316|hsp_num:0	345			9	777	bacitracin; bacitracin A; bacitracin B; bacitracin F	
k141_39608_4 # 2145 # 2555 # -1 # ID=139_4;partial=01;start_type=Edge;rbs_motif=None;rbs_spacer=None;gc_cont=0.611	k141_39608	2145	2555	-	Loose	500	263.8	sul1	100.0	3000410	protein homolog model	n/a	n/a	sulfonamide antibiotic	antibiotic target replacement	sulfonamide resistant sul	48.75	gnl|BL_ORD_ID|980|hsp_num:0	1070			429	837	sulfadiazine; sulfadimidine; sulfadoxine; sulfamethoxazole; sulfisoxazole; sulfacetamide; mafenide; sulfasalazine; sulfamethizole	
k141_31738_1 # 2 # 2140 # -1 # ID=144_1;partial=10;start_type=ATG;rbs_motif=TAA;rbs_spacer=15bp;gc_cont=0.378	k141_31738	2	2140	-	Loose	1900	186.4	MuxB	23.5	3004074	protein homolog model	n/a	n/a	macrolide antibiotic; monobactam; tetracycline antibiotic; aminocoumarin antibiotic	antibiotic efflux	resistance-nodulation-cell division (RND) antibiotic efflux pump	68.36	gnl|BL_ORD_ID|2365|hsp_num:0	2718			18	1926	erythromycin; tetracycline; novobiocin; aztreonam; kitasamycin; rokitamycin	
k141_23809_2 # 543 # 1034 # 1 # ID=146_2;partial=01;start_type=ATG;rbs_motif=None;rbs_spacer=None;gc_cont=0.724	k141_23809	543	1034	+	Loose	400	119.4	vanR gene in vanO cluster	41.72	3002930	protein homolog model	n/a	n/a	glycopeptide antibiotic	antibiotic target alteration	glycopeptide resistance gene cluster; vanR	70.39	gnl|BL_ORD_ID|4743|hsp_num:0	1689			9	498	vancomycin	
k141_96_2 # 808 # 1461 # -1 # ID=149_2;partial=00;start_type=ATG;rbs_motif=GGAG/GAGG;rbs_spacer=5-10bp;gc_cont=0.523	k141_96	808	1461	-	Loose	410	146.4	arlR	35.16	3000838	protein homolog model	n/a	n/a	fluoroquinolone antibiotic; disinfecting agents and antiseptics	antibiotic efflux	major facilitator superfamily (MFS) antibiotic efflux pump	99.09	gnl|BL_ORD_ID|1275|hsp_num:0	1390			6	654	ciprofloxacin; acriflavine; norfloxacin	
k141_23817_2 # 547 # 1485 # 1 # ID=157_2;partial=01;start_type=ATG;rbs_motif=GGA/GAG/AGG;rbs_spacer=5-10bp;gc_cont=0.665	k141_23817	547	1485	+	Loose	1280	126.3	macB	32.17	3000535	protein homolog model	n/a	n/a	macrolide antibiotic	antibiotic efflux	ATP-binding cassette (ABC) antibiotic efflux pump	48.60	gnl|BL_ORD_ID|447|hsp_num:0	487			3	690	erythromycin	
k141_47551_1 # 2 # 1042 # -1 # ID=170_1;partial=10;start_type=GTG;rbs_motif=None;rbs_spacer=None;gc_cont=0.682	k141_47551	2	1042	-	Loose	1500	128.6	LptD	26.58	3005059	protein homolog model	n/a	n/a	peptide antibiotic; aminocoumarin antibiotic; rifamycin antibiotic	antibiotic efflux	ATP-binding cassette (ABC) antibiotic efflux pump	44.37	gnl|BL_ORD_ID|2785|hsp_num:0	3799			81	966		
k141_8034_4 # 2479 # 2676 # 1 # ID=171_4;partial=01;start_type=ATG;rbs_motif=GGAG/GAGG;rbs_spacer=5-10bp;gc_cont=0.581	k141_8034	2479	2676	+	Loose	400	59.3	vanR gene in vanM cluster	49.21	3002928	protein homolog model	n/a	n/a	glycopeptide antibiotic	antibiotic target alteration	glycopeptide resistance gene cluster; vanR	28.45	gnl|BL_ORD_ID|4736|hsp_num:0	752			15	204	vancomycin; teicoplanin	
k141_8035_4 # 2197 # 2673 # -1 # ID=180_4;partial=01;start_type=Edge;rbs_motif=None;rbs_spacer=None;gc_cont=0.289	k141_8035	2197	2673	-	Loose	650	66.6	tetA(58)	28.1	3003980	protein homolog model	n/a	n/a	tetracycline antibiotic	antibiotic efflux	major facilitator superfamily (MFS) antibiotic efflux pump	46.06	gnl|BL_ORD_ID|2244|hsp_num:0	2517			345	708	tetracycline	
k141_47565_1 # 3 # 1550 # 1 # ID=184_1;partial=11;start_type=Edge;rbs_motif=None;rbs_spacer=None;gc_cont=0.677	k141_47565	3	1550	+	Loose	1900	187.2	MuxC	29.84	3004075	protein homolog model	n/a	n/a	macrolide antibiotic; monobactam; tetracycline antibiotic; aminocoumarin antibiotic	antibiotic efflux	resistance-nodulation-cell division (RND) antibiotic efflux pump	49.81	gnl|BL_ORD_ID|2368|hsp_num:0	2720			753	2196	erythromycin; tetracycline; novobiocin; aztreonam; kitasamycin; rokitamycin	
k141_39643_1 # 2 # 277 # -1 # ID=186_1;partial=10;start_type=ATG;rbs_motif=None;rbs_spacer=None;gc_cont=0.645	k141_39643	2	277	-	Loose	500	57.8	leuO	44.93	3003843	protein homolog model	n/a	n/a	nucleoside antibiotic; disinfecting agents and antiseptics	antibiotic efflux	major facilitator superfamily (MFS) antibiotic efflux pump	29.30	gnl|BL_ORD_ID|4927|hsp_num:0	5921			63	270	acriflavine; puromycin	
k141_31768_4 # 3290 # 4087 # 1 # ID=198_4;partial=00;start_type=ATG;rbs_motif=None;rbs_spacer=None;gc_cont=0.558	k141_31768	3290	4087	+	Loose	400	83.6	erm(45)	27.07	3004595	protein homolog model	n/a	n/a	macrolide antibiotic; lincosamide antibiotic; streptogramin antibiotic; streptogramin B antibiotic	antibiotic target alteration	Erm 23S ribosomal RNA methyltransferase	108.16	gnl|BL_ORD_ID|4722|hsp_num:0	3296			15	525	erythromycin; clindamycin; pristinamycin IA	
k141_47580_3 # 1124 # 1489 # -1 # ID=204_3;partial=00;start_type=ATG;rbs_motif=AGGAG;rbs_spacer=5-10bp;gc_cont=0.563	k141_47580	1124	1489	-	Loose	400	87.0	ParR	32.2	3005068	protein homolog model	n/a	n/a	macrolide antibiotic; fluoroquinolone antibiotic; monobactam; aminoglycoside antibiotic; carbapenem; cephalosporin; cephamycin; penam; tetracycline antibiotic; phenicol antibiotic; penem; disinfecting agents and antiseptics	antibiotic efflux; reduced permeability to antibiotic	resistance-nodulation-cell division (RND) antibiotic efflux pump; Outer Membrane Porin (Opr)	51.49	gnl|BL_ORD_ID|2792|hsp_num:0	3806			15	360	erythromycin; amikacin; gentamicin C; ciprofloxacin; acriflavine; tetracycline; tobramycin; meropenem; imipenem; chloramphenicol; norfloxacin; ofloxacin; gentamicin	
k141_39660_1 # 89 # 1042 # 1 # ID=211_1;partial=01;start_type=ATG;rbs_motif=None;rbs_spacer=None;gc_cont=0.695	k141_39660	89	1042	+	Loose	700	216.1	cmlv	42.99	3002700	protein homolog model	n/a	n/a	phenicol antibiotic	antibiotic inactivation	chloramphenicol phosphotransferase	72.94	gnl|BL_ORD_ID|650|hsp_num:0	703			72	1032	chloramphenicol	
k141_154_2 # 610 # 1242 # -1 # ID=224_2;partial=00;start_type=ATG;rbs_motif=None;rbs_spacer=None;gc_cont=0.638	k141_154	610	1242	-	Loose	400	47.8	MexL	25.53	3003710	protein homolog model	n/a	n/a	macrolide antibiotic; tetracycline antibiotic; disinfecting agents and antiseptics	antibiotic efflux	resistance-nodulation-cell division (RND) antibiotic efflux pump	99.06	gnl|BL_ORD_ID|4691|hsp_num:0	2219			48	471	erythromycin; tetracycline; triclosan	
k141_15970_1 # 3 # 806 # 1 # ID=227_1;partial=10;start_type=Edge;rbs_motif=None;rbs_spacer=None;gc_cont=0.359	k141_15970	3	806	+	Loose	1900	106.3	TriC	33.72	3003681	protein homolog model	n/a	n/a	disinfecting agents and antiseptics	antibiotic efflux	resistance-nodulation-cell division (RND) antibiotic efflux pump	26.31	gnl|BL_ORD_ID|2005|hsp_num:0	2194			2301	3045	triclosan	
k141_55498_4 # 3306 # 3473 # -1 # ID=233_4;partial=01;start_type=Edge;rbs_motif=None;rbs_spacer=None;gc_cont=0.446	k141_55498	3306	3473	-	Loose	400	114.0	QnrD1	100.0	3002788	protein homolog model	n/a	n/a	fluoroquinolone antibiotic	antibiotic target protection	quinolone resistance protein (qnr)	25.70	gnl|BL_ORD_ID|759|hsp_num:0	822			477	642	ciprofloxacin; levofloxacin; moxifloxacin; gatifloxacin; nalidixic acid; norfloxacin; sparfloxacin	
k141_8080_1 # 1 # 705 # -1 # ID=247_1;partial=10;start_type=ATG;rbs_motif=GGA/GAG/AGG;rbs_spacer=11-12bp;gc_cont=0.678	k141_8080	1	705	-	Loose	400	73.9	TxR	42.53	3005008	protein homolog model	n/a	n/a	tetracycline antibiotic	antibiotic efflux	ATP-binding cassette (ABC) antibiotic efflux pump	73.90	gnl|BL_ORD_ID|4725|hsp_num:0	3753			66	327	tetracycline	
k141_8080_2 # 810 # 1760 # -1 # ID=247_2;partial=01;start_type=Edge;rbs_motif=None;rbs_spacer=None;gc_cont=0.664	k141_8080	810	1760	-	Loose	890	64.7	cpxA	26.58	3000830	protein homolog model	n/a	n/a	aminoglycoside antibiotic; aminocoumarin antibiotic	antibiotic efflux	resistance-nodulation-cell division (RND) antibiotic efflux pump	69.15	gnl|BL_ORD_ID|132|hsp_num:0	152			711	1356	novobiocin	
k141_8100_1 # 2 # 1654 # 1 # ID=276_1;partial=11;start_type=Edge;rbs_motif=None;rbs_spacer=None;gc_cont=0.368	k141_8100	2	1654	+	Loose	1700	120.9	AxyY	28.81	3004144	protein homolog model	n/a	n/a	macrolide antibiotic; fluoroquinolone antibiotic; aminoglycoside antibiotic; cephalosporin	antibiotic efflux	resistance-nodulation-cell division (RND) antibiotic efflux pump	52.73	gnl|BL_ORD_ID|2412|hsp_num:0	2799			2376	3096	erythromycin; cefepime	
k141_55528_4 # 2018 # 2701 # 1 # ID=281_4;partial=00;start_type=GTG;rbs_motif=None;rbs_spacer=None;gc_cont=0.709	k141_55528	2018	2701	+	Loose	450	51.6	gadX	32.71	3000508	protein homolog model	n/a	n/a	macrolide antibiotic; fluoroquinolone antibiotic; penam	antibiotic efflux	resistance-nodulation-cell division (RND) antibiotic efflux pump	82.85	gnl|BL_ORD_ID|79|hsp_num:0	91			435	750	erythromycin; cloxacillin; oxacillin; norfloxacin	
k141_8101_2 # 972 # 2435 # -1 # ID=285_2;partial=00;start_type=ATG;rbs_motif=None;rbs_spacer=None;gc_cont=0.340	k141_8101	972	2435	-	Loose	700	55.1	OmpA	34.15	3005044	protein homolog model	n/a	n/a	peptide antibiotic	reduced permeability to antibiotic	General Bacterial Porin with reduced permeability to peptide antibiotics	130.21	gnl|BL_ORD_ID|2775|hsp_num:0	3787			744	990	polymyxin B; defensin	
k141_47643_1 # 59 # 1519 # 1 # ID=289_1;partial=00;start_type=ATG;rbs_motif=GGA/GAG/AGG;rbs_spacer=5-10bp;gc_cont=0.537	k141_47643	59	1519	+	Loose	400	42.4	ArnT	26.16	3005053	protein homolog model	n/a	n/a	peptide antibiotic	antibiotic target alteration	pmr phosphoethanolamine transferase	88.20	gnl|BL_ORD_ID|2784|hsp_num:0	3795			165	675	colistin A; colistin B	
k141_39712_2 # 713 # 1588 # 1 # ID=290_2;partial=00;start_type=ATG;rbs_motif=None;rbs_spacer=None;gc_cont=0.587	k141_39712	713	1588	+	Loose	600	321.6	AER-1	59.79	3002481	protein homolog model	n/a	n/a	penam	antibiotic inactivation	AER beta-lactamase	95.72	gnl|BL_ORD_ID|1062|hsp_num:0	1149			63	906		
k141_47649_2 # 730 # 1425 # 1 # ID=305_2;partial=00;start_type=ATG;rbs_motif=None;rbs_spacer=None;gc_cont=0.371	k141_47649	730	1425	+	Loose	700	65.1	OmpA	32.26	3005044	protein homolog model	n/a	n/a	peptide antibiotic	reduced permeability to antibiotic	General Bacterial Porin with reduced permeability to peptide antibiotics	61.76	gnl|BL_ORD_ID|2775|hsp_num:0	3787			735	1107	polymyxin B; defensin	
k141_47652_2 # 887 # 2032 # -1 # ID=310_2;partial=01;start_type=Edge;rbs_motif=None;rbs_spacer=None;gc_cont=0.372	k141_47652	887	2032	-	Loose	700	228.8	tet(A)	38.99	3000165	protein homolog model	n/a	n/a	tetracycline antibiotic	antibiotic efflux	major facilitator superfamily (MFS) antibiotic efflux pump	89.86	gnl|BL_ORD_ID|1793|hsp_num:0	1808			159	1155	tetracycline	
k141_204_1 # 93 # 971 # 1 # ID=315_1;partial=00;start_type=ATG;rbs_motif=AGGA;rbs_spacer=5-10bp;gc_cont=0.653	k141_204	93	971	+	Loose	500	156.8	sul4	39.41	3004361	protein homolog model	n/a	n/a	sulfonamide antibiotic	antibiotic target replacement	sulfonamide resistant sul	101.74	gnl|BL_ORD_ID|2484|hsp_num:0	2875			33	813	sulfamethoxazole	
k141_47656_1 # 290 # 1078 # 1 # ID=320_1;partial=01;start_type=GTG;rbs_motif=AGGAGG;rbs_spacer=5-10bp;gc_cont=0.612	k141_47656	290	1078	+	Loose	2000	252.3	Bifidobacterium adolescentis rpoB mutants conferring resistance to rifampicin	46.38	3004480	protein homolog model	n/a	n/a	rifamycin antibiotic	antibiotic target alteration; antibiotic target replacement	rifamycin-resistant beta-subunit of RNA polymerase (rpoB)	22.18	gnl|BL_ORD_ID|4720|hsp_num:0	2914			81	903	rifampin	
k141_31853_1 # 30 # 1358 # -1 # ID=323_1;partial=01;start_type=Edge;rbs_motif=None;rbs_spacer=None;gc_cont=0.666	k141_31853	30	1358	-	Loose	1190	221.9	novA	38.1	3002522	protein homolog model	n/a	n/a	aminocoumarin antibiotic	antibiotic efflux	ATP-binding cassette (ABC) antibiotic efflux pump	71.87	gnl|BL_ORD_ID|1113|hsp_num:0	1210			795	1779	novobiocin	
k141_208_1 # 3 # 398 # -1 # ID=325_1;partial=10;start_type=ATG;rbs_motif=GGAG/GAGG;rbs_spacer=5-10bp;gc_cont=0.338	k141_208	3	398	-	Loose	650	56.6	adeL	26.5	3000620	protein homolog model	n/a	n/a	fluoroquinolone antibiotic; tetracycline antibiotic	antibiotic efflux	resistance-nodulation-cell division (RND) antibiotic efflux pump	39.17	gnl|BL_ORD_ID|2316|hsp_num:0	2654			6	357	tetracycline	
k141_39734_1 # 223 # 1104 # 1 # ID=331_1;partial=00;start_type=ATG;rbs_motif=GGxGG;rbs_spacer=5-10bp;gc_cont=0.447	k141_39734	223	1104	+	Loose	500	48.1	leuO	22.47	3003843	protein homolog model	n/a	n/a	nucleoside antibiotic; disinfecting agents and antiseptics	antibiotic efflux	major facilitator superfamily (MFS) antibiotic efflux pump	93.31	gnl|BL_ORD_ID|4927|hsp_num:0	5921			63	585	acriflavine; puromycin	
k141_8135_2 # 153 # 1073 # 1 # ID=334_2;partial=00;start_type=ATG;rbs_motif=None;rbs_spacer=None;gc_cont=0.710	k141_8135	153	1073	+	Loose	650	58.5	ALG6-1	36.36	3006893	protein homolog model	n/a	n/a	carbapenem	antibiotic inactivation	ALG6 beta-lactamases	96.23	gnl|BL_ORD_ID|3291|hsp_num:0	4359			276	603		
k141_23957_1 # 177 # 860 # 1 # ID=344_1;partial=00;start_type=ATG;rbs_motif=None;rbs_spacer=None;gc_cont=0.667	k141_23957	177	860	+	Loose	375	44.7	Escherichia coli AcrAB-TolC with AcrR mutation conferring resistance to ciprofloxacin, tetracycline, and ceftazidime	38.46	3003807	protein overexpression model	n/a	n/a	fluoroquinolone antibiotic; cephalosporin; glycylcycline; penam; tetracycline antibiotic; rifamycin antibiotic; phenicol antibiotic; disinfecting agents and antiseptics	antibiotic target alteration; antibiotic efflux	resistance-nodulation-cell division (RND) antibiotic efflux pump	105.58	gnl|BL_ORD_ID|2091|hsp_num:0	2306			21	177	tigecycline; ciprofloxacin; tetracycline; ceftazidime; rifampin; chloramphenicol; ampicillin; cefalotin; triclosan	
k141_23957_3 # 1219 # 2040 # 1 # ID=344_3;partial=01;start_type=GTG;rbs_motif=None;rbs_spacer=None;gc_cont=0.737	k141_23957	1219	2040	+	Loose	850	92.0	OpmB	32.03	3004072	protein homolog model	n/a	n/a	macrolide antibiotic; monobactam; tetracycline antibiotic; aminocoumarin antibiotic	antibiotic efflux	resistance-nodulation-cell division (RND) antibiotic efflux pump	55.02	gnl|BL_ORD_ID|2313|hsp_num:0	2716			411	1224	erythromycin; tetracycline; novobiocin; aztreonam; kitasamycin; rokitamycin	
k141_55580_1 # 2 # 427 # 1 # ID=345_1;partial=10;start_type=Edge;rbs_motif=None;rbs_spacer=None;gc_cont=0.603	k141_55580	2	427	+	Loose	300	57.4	Escherichia coli uhpA with mutation conferring resistance to fosfomycin	30.66	3003893	protein variant model	G97D	n/a	phosphonic acid antibiotic	antibiotic target alteration	antibiotic-resistant UhpT	71.94	gnl|BL_ORD_ID|2140|hsp_num:0	2374			186	570	fosfomycin	
k141_16061_1 # 3 # 788 # 1 # ID=347_1;partial=10;start_type=Edge;rbs_motif=None;rbs_spacer=None;gc_cont=0.489	k141_16061	3	788	+	Loose	1280	137.9	macB	39.62	3000535	protein homolog model	n/a	n/a	macrolide antibiotic	antibiotic efflux	ATP-binding cassette (ABC) antibiotic efflux pump	40.53	gnl|BL_ORD_ID|447|hsp_num:0	487			1185	1923	erythromycin	
k141_31867_2 # 231 # 1340 # 1 # ID=351_2;partial=00;start_type=ATG;rbs_motif=None;rbs_spacer=None;gc_cont=0.647	k141_31867	231	1340	+	Loose	175	152.1	vanT gene in vanG cluster	31.89	3002972	protein homolog model	n/a	n/a	glycopeptide antibiotic	antibiotic target alteration	glycopeptide resistance gene cluster; vanT	51.83	gnl|BL_ORD_ID|1523|hsp_num:0	1561			1059	2124	vancomycin	
k141_228_1 # 59 # 622 # -1 # ID=366_1;partial=00;start_type=ATG;rbs_motif=GGAG/GAGG;rbs_spacer=5-10bp;gc_cont=0.598	k141_228	59	622	-	Loose	225	43.1	Erm(41)	38.57	3000603	protein homolog model	n/a	n/a	macrolide antibiotic; lincosamide antibiotic; streptogramin antibiotic; streptogramin A antibiotic; streptogramin B antibiotic	antibiotic target alteration	Erm 23S ribosomal RNA methyltransferase	135.51	gnl|BL_ORD_ID|1856|hsp_num:0	2013			0	204	erythromycin; roxithromycin; lincomycin; telithromycin; clarithromycin; clindamycin; tylosin; spiramycin; azithromycin; dirithromycin; pristinamycin IA; quinupristin; virginiamycin M1; madumycin II; griseoviridin; dalfopristin; pristinamycin IB; virginiamycin S2; pristinamycin IC; vernamycin C; patricin A; patricin B; ostreogrycin B3; oleandomycin	
k141_47689_1 # 1 # 981 # -1 # ID=383_1;partial=10;start_type=ATG;rbs_motif=None;rbs_spacer=None;gc_cont=0.350	k141_47689	1	981	-	Loose	900	114.4	hmrM	27.74	3003953	protein homolog model	n/a	n/a	fluoroquinolone antibiotic; disinfecting agents and antiseptics	antibiotic efflux	multidrug and toxic compound extrusion (MATE) transporter	70.47	gnl|BL_ORD_ID|2187|hsp_num:0	2425			39	963	acriflavine; norfloxacin	
k141_258_2 # 156 # 881 # 1 # ID=412_2;partial=00;start_type=ATG;rbs_motif=None;rbs_spacer=None;gc_cont=0.483	k141_258	156	881	+	Loose	650	119.8	tetA(58)	33.63	3003980	protein homolog model	n/a	n/a	tetracycline antibiotic	antibiotic efflux	major facilitator superfamily (MFS) antibiotic efflux pump	70.26	gnl|BL_ORD_ID|2244|hsp_num:0	2517			57	705	tetracycline	
k141_55591_11 # 9704 # 11098 # -1 # ID=414_11;partial=00;start_type=ATG;rbs_motif=GGAG/GAGG;rbs_spacer=5-10bp;gc_cont=0.573	k141_55591	9704	11098	-	Loose	850	96.3	OpmH	28.08	3003682	protein homolog model	n/a	n/a	disinfecting agents and antiseptics	antibiotic efflux	resistance-nodulation-cell division (RND) antibiotic efflux pump	96.27	gnl|BL_ORD_ID|2006|hsp_num:0	2195			123	1296	triclosan	
k141_55591_13 # 11362 # 14700 # -1 # ID=414_13;partial=00;start_type=ATG;rbs_motif=AGGA;rbs_spacer=5-10bp;gc_cont=0.567	k141_55591	11362	14700	-	Loose	1900	222.2	mexN	25.07	3003705	protein homolog model	n/a	n/a	phenicol antibiotic	antibiotic efflux	resistance-nodulation-cell division (RND) antibiotic efflux pump	107.34	gnl|BL_ORD_ID|2022|hsp_num:0	2217			6	3057	chloramphenicol; thiamphenicol	
k141_55591_14 # 14728 # 15786 # -1 # ID=414_14;partial=00;start_type=ATG;rbs_motif=GGAG/GAGG;rbs_spacer=5-10bp;gc_cont=0.605	k141_55591	14728	15786	-	Loose	650	66.6	TriA	26.96	3003679	protein homolog model	n/a	n/a	disinfecting agents and antiseptics	antibiotic efflux	resistance-nodulation-cell division (RND) antibiotic efflux pump	91.91	gnl|BL_ORD_ID|2003|hsp_num:0	2192			99	1020	triclosan	
k141_31905_4 # 2307 # 3092 # 1 # ID=423_4;partial=00;start_type=ATG;rbs_motif=AGGA;rbs_spacer=5-10bp;gc_cont=0.476	k141_31905	2307	3092	+	Loose	500	116.3	RanA	30.49	3005091	protein homolog model	n/a	n/a	aminoglycoside antibiotic	antibiotic efflux	ATP-binding cassette (ABC) antibiotic efflux pump	101.16	gnl|BL_ORD_ID|2809|hsp_num:0	3825			3	711		
k141_24001_1 # 3 # 827 # -1 # ID=427_1;partial=10;start_type=ATG;rbs_motif=TAAAA;rbs_spacer=12bp;gc_cont=0.468	k141_24001	3	827	-	Loose	2130	67.0	mtrD	21.69	3000811	protein homolog model	n/a	n/a	macrolide antibiotic; penam	antibiotic efflux	resistance-nodulation-cell division (RND) antibiotic efflux pump	25.77	gnl|BL_ORD_ID|1787|hsp_num:0	1938			0	807	erythromycin; penicillin; azithromycin	
k141_31909_2 # 444 # 1097 # -1 # ID=431_2;partial=00;start_type=ATG;rbs_motif=GGA/GAG/AGG;rbs_spacer=5-10bp;gc_cont=0.520	k141_31909	444	1097	-	Loose	410	139.0	arlR	34.25	3000838	protein homolog model	n/a	n/a	fluoroquinolone antibiotic; disinfecting agents and antiseptics	antibiotic efflux	major facilitator superfamily (MFS) antibiotic efflux pump	99.09	gnl|BL_ORD_ID|1275|hsp_num:0	1390			6	654	ciprofloxacin; acriflavine; norfloxacin	
k141_47720_1 # 82 # 357 # 1 # ID=432_1;partial=00;start_type=GTG;rbs_motif=AGGA;rbs_spacer=5-10bp;gc_cont=0.514	k141_47720	82	357	+	Loose	700	188.0	OmpA	98.9	3005044	protein homolog model	n/a	n/a	peptide antibiotic	reduced permeability to antibiotic	General Bacterial Porin with reduced permeability to peptide antibiotics	24.33	gnl|BL_ORD_ID|2775|hsp_num:0	3787			0	273	polymyxin B; defensin	
k141_47720_2 # 370 # 1209 # 1 # ID=432_2;partial=00;start_type=ATG;rbs_motif=None;rbs_spacer=None;gc_cont=0.536	k141_47720	370	1209	+	Loose	700	533.5	OmpA	93.55	3005044	protein homolog model	n/a	n/a	peptide antibiotic	reduced permeability to antibiotic	General Bacterial Porin with reduced permeability to peptide antibiotics	74.60	gnl|BL_ORD_ID|2775|hsp_num:0	3787			288	1122	polymyxin B; defensin	
k141_39792_2 # 442 # 1608 # 1 # ID=437_2;partial=00;start_type=ATG;rbs_motif=None;rbs_spacer=None;gc_cont=0.374	k141_39792	442	1608	+	Strict	750	785.0	tet(X)	99.48	3000205	protein homolog model	n/a	n/a	glycylcycline; tetracycline antibiotic	antibiotic inactivation	tetracycline inactivation enzyme	100.00	gnl|BL_ORD_ID|764|hsp_num:0	776			0	1164	tigecycline; tetracycline; doxycycline; minocycline; chlortetracycline; demeclocycline; oxytetracycline	
k141_280_1 # 1 # 219 # 1 # ID=438_1;partial=10;start_type=Edge;rbs_motif=None;rbs_spacer=None;gc_cont=0.466	k141_280	1	219	+	Loose	2300	58.5	evgS	34.29	3000833	protein homolog model	n/a	n/a	macrolide antibiotic; fluoroquinolone antibiotic; penam; tetracycline antibiotic	antibiotic efflux	major facilitator superfamily (MFS) antibiotic efflux pump; resistance-nodulation-cell division (RND) antibiotic efflux pump	6.02	gnl|BL_ORD_ID|1215|hsp_num:0	1318			2595	2805	erythromycin; cloxacillin; tetracycline; oxacillin; norfloxacin	
k141_280_2 # 355 # 1026 # 1 # ID=438_2;partial=00;start_type=ATG;rbs_motif=GGAGG;rbs_spacer=5-10bp;gc_cont=0.507	k141_280	355	1026	+	Loose	1280	183.7	macB	42.22	3000535	protein homolog model	n/a	n/a	macrolide antibiotic	antibiotic efflux	ATP-binding cassette (ABC) antibiotic efflux pump	34.63	gnl|BL_ORD_ID|447|hsp_num:0	487			0	672	erythromycin	
k141_39797_2 # 442 # 1401 # -1 # ID=448_2;partial=00;start_type=ATG;rbs_motif=AGGA;rbs_spacer=5-10bp;gc_cont=0.619	k141_39797	442	1401	-	Loose	400	43.5	vanR gene in vanF cluster	25.93	3002925	protein homolog model	n/a	n/a	glycopeptide antibiotic	antibiotic target alteration	glycopeptide resistance gene cluster; vanR	138.10	gnl|BL_ORD_ID|299|hsp_num:0	240			0	354	vancomycin	
k141_55617_1 # 3 # 1211 # 1 # ID=466_1;partial=10;start_type=Edge;rbs_motif=None;rbs_spacer=None;gc_cont=0.697	k141_55617	3	1211	+	Loose	1000	146.0	efpA	35.06	3003955	protein homolog model	n/a	n/a	rifamycin antibiotic; isoniazid-like antibiotic	antibiotic efflux	major facilitator superfamily (MFS) antibiotic efflux pump	75.85	gnl|BL_ORD_ID|2189|hsp_num:0	2427			360	1386	rifampin; isoniazid	
k141_47739_8 # 4743 # 5705 # 1 # ID=478_8;partial=00;start_type=ATG;rbs_motif=GGA/GAG/AGG;rbs_spacer=5-10bp;gc_cont=0.606	k141_47739	4743	5705	+	Loose	1200	104.4	arnA	27.67	3002985	protein homolog model	n/a	n/a	peptide antibiotic	antibiotic target alteration	pmr phosphoethanolamine transferase	48.34	gnl|BL_ORD_ID|1514|hsp_num:0	1643			15	861	polymyxin B	
k141_39816_2 # 688 # 1407 # 1 # ID=482_2;partial=00;start_type=ATG;rbs_motif=GGAG/GAGG;rbs_spacer=5-10bp;gc_cont=0.697	k141_39816	688	1407	+	Loose	1280	98.2	macB	31.84	3000535	protein homolog model	n/a	n/a	macrolide antibiotic	antibiotic efflux	ATP-binding cassette (ABC) antibiotic efflux pump	37.11	gnl|BL_ORD_ID|447|hsp_num:0	487			6	606	erythromycin	
k141_16144_2 # 449 # 1264 # 1 # ID=488_2;partial=01;start_type=ATG;rbs_motif=None;rbs_spacer=None;gc_cont=0.496	k141_16144	449	1264	+	Loose	200	73.2	vanH gene in vanB cluster	29.07	3002943	protein homolog model	n/a	n/a	glycopeptide antibiotic	antibiotic target alteration	vanH; glycopeptide resistance gene cluster	84.21	gnl|BL_ORD_ID|4674|hsp_num:0	626			141	744	vancomycin	
k141_16145_2 # 746 # 1132 # 1 # ID=490_2;partial=01;start_type=ATG;rbs_motif=None;rbs_spacer=None;gc_cont=0.636	k141_16145	746	1132	+	Loose	650	73.9	adeL	34.51	3000620	protein homolog model	n/a	n/a	fluoroquinolone antibiotic; tetracycline antibiotic	antibiotic efflux	resistance-nodulation-cell division (RND) antibiotic efflux pump	38.28	gnl|BL_ORD_ID|2316|hsp_num:0	2654			0	339	tetracycline	
k141_55635_2 # 1214 # 1402 # -1 # ID=507_2;partial=01;start_type=Edge;rbs_motif=None;rbs_spacer=None;gc_cont=0.794	k141_55635	1214	1402	-	Loose	850	44.3	baeS	42.86	3000829	protein homolog model	n/a	n/a	aminoglycoside antibiotic; aminocoumarin antibiotic	antibiotic efflux	resistance-nodulation-cell division (RND) antibiotic efflux pump	13.28	gnl|BL_ORD_ID|914|hsp_num:0	986			1209	1377	novobiocin	
k141_326_1 # 1 # 4524 # 1 # ID=524_1;partial=11;start_type=Edge;rbs_motif=None;rbs_spacer=None;gc_cont=0.644	k141_326	1	4524	+	Loose	1020	47.8	tlrC	39.39	3002827	protein homolog model	n/a	n/a	macrolide antibiotic; lincosamide antibiotic	antibiotic target protection	Miscellaneous ABC-F subfamily ATP-binding cassette ribosomal protection proteins	275.18	gnl|BL_ORD_ID|1842|hsp_num:0	1997			447	729	lincomycin; tylosin; mycinamicin	
k141_16164_5 # 1899 # 2465 # -1 # ID=529_5;partial=00;start_type=ATG;rbs_motif=GGAG/GAGG;rbs_spacer=5-10bp;gc_cont=0.444	k141_16164	1899	2465	-	Loose	700	47.8	OmpA	31.36	3005044	protein homolog model	n/a	n/a	peptide antibiotic	reduced permeability to antibiotic	General Bacterial Porin with reduced permeability to peptide antibiotics	50.27	gnl|BL_ORD_ID|2775|hsp_num:0	3787			663	1002	polymyxin B; defensin	
k141_16166_2 # 283 # 2085 # 1 # ID=536_2;partial=00;start_type=ATG;rbs_motif=None;rbs_spacer=None;gc_cont=0.533	k141_16166	283	2085	+	Loose	275	103.6	Streptomyces rimosus otr(A)	40.0	3002891	protein homolog model	n/a	n/a	tetracycline antibiotic	antibiotic target protection	tetracycline-resistant ribosomal protection protein	90.50	gnl|BL_ORD_ID|4808|hsp_num:0	1273			3	438	oxytetracycline	
k141_334_1 # 2 # 1939 # -1 # ID=541_1;partial=10;start_type=ATG;rbs_motif=GGAG/GAGG;rbs_spacer=5-10bp;gc_cont=0.639	k141_334	2	1939	-	Loose	1500	189.1	rphA	36.94	3000444	protein homolog model	n/a	n/a	rifamycin antibiotic	antibiotic inactivation	rifampin phosphotransferase	74.68	gnl|BL_ORD_ID|891|hsp_num:0	910			12	942	rifampin; rifaximin; rifabutin; rifapentine	
k141_8244_1 # 3 # 614 # -1 # ID=545_1;partial=10;start_type=ATG;rbs_motif=None;rbs_spacer=None;gc_cont=0.498	k141_8244	3	614	-	Loose	800	50.8	ParS	26.09	3005067	protein homolog model	n/a	n/a	macrolide antibiotic; fluoroquinolone antibiotic; monobactam; aminoglycoside antibiotic; carbapenem; cephalosporin; cephamycin; penam; tetracycline antibiotic; phenicol antibiotic; penem; disinfecting agents and antiseptics	antibiotic efflux; reduced permeability to antibiotic	resistance-nodulation-cell division (RND) antibiotic efflux pump; Outer Membrane Porin (Opr)	47.66	gnl|BL_ORD_ID|2791|hsp_num:0	3805			0	603	erythromycin; amikacin; gentamicin C; ciprofloxacin; acriflavine; tetracycline; tobramycin; meropenem; imipenem; chloramphenicol; norfloxacin; ofloxacin; gentamicin	
k141_8244_2 # 678 # 1409 # -1 # ID=545_2;partial=00;start_type=ATG;rbs_motif=GGA/GAG/AGG;rbs_spacer=5-10bp;gc_cont=0.530	k141_8244	678	1409	-	Loose	400	195.7	ParR	44.17	3005068	protein homolog model	n/a	n/a	macrolide antibiotic; fluoroquinolone antibiotic; monobactam; aminoglycoside antibiotic; carbapenem; cephalosporin; cephamycin; penam; tetracycline antibiotic; phenicol antibiotic; penem; disinfecting agents and antiseptics	antibiotic efflux; reduced permeability to antibiotic	resistance-nodulation-cell division (RND) antibiotic efflux pump; Outer Membrane Porin (Opr)	103.40	gnl|BL_ORD_ID|2792|hsp_num:0	3806			12	702	erythromycin; amikacin; gentamicin C; ciprofloxacin; acriflavine; tetracycline; tobramycin; meropenem; imipenem; chloramphenicol; norfloxacin; ofloxacin; gentamicin	
k141_8249_1 # 75 # 1064 # -1 # ID=556_1;partial=01;start_type=Edge;rbs_motif=None;rbs_spacer=None;gc_cont=0.691	k141_8249	75	1064	-	Loose	800	126.7	ParS	32.14	3005067	protein homolog model	n/a	n/a	macrolide antibiotic; fluoroquinolone antibiotic; monobactam; aminoglycoside antibiotic; carbapenem; cephalosporin; cephamycin; penam; tetracycline antibiotic; phenicol antibiotic; penem; disinfecting agents and antiseptics	antibiotic efflux; reduced permeability to antibiotic	resistance-nodulation-cell division (RND) antibiotic efflux pump; Outer Membrane Porin (Opr)	76.87	gnl|BL_ORD_ID|2791|hsp_num:0	3805			408	1218	erythromycin; amikacin; gentamicin C; ciprofloxacin; acriflavine; tetracycline; tobramycin; meropenem; imipenem; chloramphenicol; norfloxacin; ofloxacin; gentamicin	
k141_16183_1 # 37 # 1857 # -1 # ID=565_1;partial=00;start_type=ATG;rbs_motif=None;rbs_spacer=None;gc_cont=0.677	k141_16183	37	1857	-	Loose	1000	271.9	msbA	34.24	3003950	protein homolog model	n/a	n/a	nitroimidazole antibiotic	antibiotic efflux	ATP-binding cassette (ABC) antibiotic efflux pump	104.12	gnl|BL_ORD_ID|2186|hsp_num:0	2423			45	1740	metronidazole	
k141_47802_2 # 160 # 543 # 1 # ID=570_2;partial=00;start_type=ATG;rbs_motif=None;rbs_spacer=None;gc_cont=0.492	k141_47802	160	543	+	Loose	250	41.2	FosB3	32.2	3002873	protein homolog model	n/a	n/a	phosphonic acid antibiotic	antibiotic inactivation	fosfomycin thiol transferase	91.37	gnl|BL_ORD_ID|1337|hsp_num:0	1460			3	180	fosfomycin	
k141_55678_4 # 1166 # 1603 # 1 # ID=574_4;partial=00;start_type=ATG;rbs_motif=AGGAG;rbs_spacer=5-10bp;gc_cont=0.427	k141_55678	1166	1603	+	Loose	270	57.4	mgrA	27.18	3000815	protein homolog model	n/a	n/a	fluoroquinolone antibiotic; cephalosporin; penam; tetracycline antibiotic; peptide antibiotic; disinfecting agents and antiseptics	antibiotic efflux	ATP-binding cassette (ABC) antibiotic efflux pump; major facilitator superfamily (MFS) antibiotic efflux pump	98.64	gnl|BL_ORD_ID|134|hsp_num:0	154			126	429	methicillin; ciprofloxacin; acriflavine; tetracycline; daptomycin; moxifloxacin; cefotaxime; norfloxacin; sparfloxacin; moenomycin A1	
k141_16194_1 # 3 # 836 # -1 # ID=580_1;partial=10;start_type=ATG;rbs_motif=GGA/GAG/AGG;rbs_spacer=5-10bp;gc_cont=0.508	k141_16194	3	836	-	Loose	850	150.6	OprM	35.51	3000379	protein homolog model	n/a	n/a	macrolide antibiotic; fluoroquinolone antibiotic; monobactam; aminoglycoside antibiotic; carbapenem; cephalosporin; cephamycin; penam; tetracycline antibiotic; peptide antibiotic; aminocoumarin antibiotic; diaminopyrimidine antibiotic; sulfonamide antibiotic; phenicol antibiotic; penem; disinfecting agents and antiseptics	antibiotic efflux	resistance-nodulation-cell division (RND) antibiotic efflux pump	57.32	gnl|BL_ORD_ID|2356|hsp_num:0	1305			39	858	erythromycin; amikacin; gentamicin C; ciprofloxacin; acriflavine; tetracycline; tobramycin; ceftazidime; ceftriaxone; meropenem; novobiocin; azithromycin; trimethoprim; sulfamethoxazole; chloramphenicol; thiamphenicol; aztreonam; colistin A; colistin B; ampicillin; nalidixic acid; norfloxacin; ofloxacin; panipenem; ticarcillin; trimethoprim-sulfamethoxazole; gentamicin	
k141_16194_2 # 1026 # 1706 # 1 # ID=580_2;partial=00;start_type=ATG;rbs_motif=GGA/GAG/AGG;rbs_spacer=5-10bp;gc_cont=0.518	k141_16194	1026	1706	+	Loose	400	161.0	cprR	39.09	3005063	protein homolog model	n/a	n/a	peptide antibiotic	antibiotic target alteration; antibiotic efflux	pmr phosphoethanolamine transferase	101.35	gnl|BL_ORD_ID|2789|hsp_num:0	3803			12	663	polymyxin B; colistin A; colistin B	
k141_8270_1 # 61 # 1179 # -1 # ID=582_1;partial=01;start_type=Edge;rbs_motif=None;rbs_spacer=None;gc_cont=0.667	k141_8270	61	1179	-	Loose	850	71.6	baeS	34.26	3000829	protein homolog model	n/a	n/a	aminoglycoside antibiotic; aminocoumarin antibiotic	antibiotic efflux	resistance-nodulation-cell division (RND) antibiotic efflux pump	79.66	gnl|BL_ORD_ID|914|hsp_num:0	986			1059	1383	novobiocin	
k141_47815_2 # 638 # 1069 # 1 # ID=583_2;partial=01;start_type=ATG;rbs_motif=GGA/GAG/AGG;rbs_spacer=5-10bp;gc_cont=0.618	k141_47815	638	1069	+	Loose	650	38.5	adeL	24.17	3000620	protein homolog model	n/a	n/a	fluoroquinolone antibiotic; tetracycline antibiotic	antibiotic efflux	resistance-nodulation-cell division (RND) antibiotic efflux pump	42.73	gnl|BL_ORD_ID|2316|hsp_num:0	2654			9	366	tetracycline	
k141_16205_2 # 942 # 1346 # -1 # ID=596_2;partial=01;start_type=Edge;rbs_motif=None;rbs_spacer=None;gc_cont=0.647	k141_16205	942	1346	-	Loose	1900	174.9	MexK	75.0	3003693	protein homolog model	n/a	n/a	macrolide antibiotic; tetracycline antibiotic; disinfecting agents and antiseptics	antibiotic efflux	resistance-nodulation-cell division (RND) antibiotic efflux pump	13.07	gnl|BL_ORD_ID|2017|hsp_num:0	2206			2676	3060	erythromycin; tetracycline; triclosan	
k141_47828_1 # 1 # 1512 # -1 # ID=608_1;partial=11;start_type=Edge;rbs_motif=None;rbs_spacer=None;gc_cont=0.550	k141_47828	1	1512	-	Loose	2000	216.9	Staphylococcus aureus mupA conferring resistance to mupirocin	29.18	3000521	protein homolog model	n/a	n/a	mupirocin-like antibiotic	antibiotic target alteration	antibiotic-resistant isoleucyl-tRNA synthetase (ileS)	49.22	gnl|BL_ORD_ID|4700|hsp_num:0	2270			687	2079	mupirocin	
k141_379_1 # 3 # 764 # -1 # ID=614_1;partial=10;start_type=ATG;rbs_motif=AGGA;rbs_spacer=5-10bp;gc_cont=0.488	k141_379	3	764	-	Loose	1350	283.1	Staphylococcus aureus fusA with mutation conferring resistance to fusidic acid	57.71	3003735	protein variant model	V90I	n/a	fusidane antibiotic	antibiotic target alteration	antibiotic resistant fusA	36.65	gnl|BL_ORD_ID|4696|hsp_num:0	2254			0	735	fusidic acid	
k141_16218_2 # 1565 # 2086 # 1 # ID=617_2;partial=01;start_type=GTG;rbs_motif=GGA/GAG/AGG;rbs_spacer=5-10bp;gc_cont=0.454	k141_16218	1565	2086	+	Loose	1200	76.3	arnA	29.27	3002985	protein homolog model	n/a	n/a	peptide antibiotic	antibiotic target alteration	pmr phosphoethanolamine transferase	26.28	gnl|BL_ORD_ID|1514|hsp_num:0	1643			33	501	polymyxin B	
k141_24135_2 # 245 # 1186 # 1 # ID=621_2;partial=01;start_type=ATG;rbs_motif=GGAG/GAGG;rbs_spacer=5-10bp;gc_cont=0.567	k141_24135	245	1186	+	Loose	600	85.1	mdtN	27.78	3003548	protein homolog model	n/a	n/a	nucleoside antibiotic; disinfecting agents and antiseptics	antibiotic efflux	major facilitator superfamily (MFS) antibiotic efflux pump	91.55	gnl|BL_ORD_ID|1322|hsp_num:0	1442			108	852	acriflavine; puromycin	
k141_55710_2 # 139 # 816 # -1 # ID=622_2;partial=00;start_type=ATG;rbs_motif=GGA/GAG/AGG;rbs_spacer=5-10bp;gc_cont=0.338	k141_55710	139	816	-	Loose	500	40.0	L1 beta-lactamase	35.19	3000582	protein homolog model	n/a	n/a	cephalosporin	antibiotic inactivation	L1 family beta-lactamase	76.27	gnl|BL_ORD_ID|1481|hsp_num:0	1619			315	471		
k141_39938_3 # 756 # 1421 # -1 # ID=636_3;partial=01;start_type=Edge;rbs_motif=None;rbs_spacer=None;gc_cont=0.419	k141_39938	756	1421	-	Loose	400	123.2	TxR	33.79	3005008	protein homolog model	n/a	n/a	tetracycline antibiotic	antibiotic efflux	ATP-binding cassette (ABC) antibiotic efflux pump	69.50	gnl|BL_ORD_ID|4725|hsp_num:0	3753			351	942	tetracycline	
k141_16231_2 # 802 # 1143 # -1 # ID=640_2;partial=00;start_type=ATG;rbs_motif=None;rbs_spacer=None;gc_cont=0.585	k141_16231	802	1143	-	Loose	2300	60.5	evgS	34.0	3000833	protein homolog model	n/a	n/a	macrolide antibiotic; fluoroquinolone antibiotic; penam; tetracycline antibiotic	antibiotic efflux	major facilitator superfamily (MFS) antibiotic efflux pump; resistance-nodulation-cell division (RND) antibiotic efflux pump	9.44	gnl|BL_ORD_ID|1215|hsp_num:0	1318			2910	3201	erythromycin; cloxacillin; tetracycline; oxacillin; norfloxacin	
k141_24156_1 # 3 # 512 # -1 # ID=645_1;partial=10;start_type=ATG;rbs_motif=GGAG/GAGG;rbs_spacer=5-10bp;gc_cont=0.475	k141_24156	3	512	-	Loose	1280	111.7	macB	38.01	3000535	protein homolog model	n/a	n/a	macrolide antibiotic	antibiotic efflux	ATP-binding cassette (ABC) antibiotic efflux pump	26.40	gnl|BL_ORD_ID|447|hsp_num:0	487			9	519	erythromycin	
k141_16236_1 # 239 # 1441 # 1 # ID=646_1;partial=01;start_type=ATG;rbs_motif=None;rbs_spacer=None;gc_cont=0.628	k141_16236	239	1441	+	Loose	400	114.4	tetB(P)	42.86	3000195	protein homolog model	n/a	n/a	tetracycline antibiotic	antibiotic target protection	tetracycline-resistant ribosomal protection protein	61.50	gnl|BL_ORD_ID|738|hsp_num:0	804			3	423	tetracycline; doxycycline; minocycline; chlortetracycline; demeclocycline; oxytetracycline	
k141_24158_1 # 3 # 1034 # 1 # ID=647_1;partial=10;start_type=Edge;rbs_motif=None;rbs_spacer=None;gc_cont=0.631	k141_24158	3	1034	+	Loose	1900	190.7	MexK	35.91	3003693	protein homolog model	n/a	n/a	macrolide antibiotic; tetracycline antibiotic; disinfecting agents and antiseptics	antibiotic efflux	resistance-nodulation-cell division (RND) antibiotic efflux pump	33.46	gnl|BL_ORD_ID|2017|hsp_num:0	2206			2058	3057	erythromycin; tetracycline; triclosan	
k141_55722_2 # 2389 # 3747 # 1 # ID=648_2;partial=00;start_type=ATG;rbs_motif=AGGAG;rbs_spacer=5-10bp;gc_cont=0.598	k141_55722	2389	3747	+	Loose	500	42.0	GOB-44	35.37	3005693	protein homolog model	n/a	n/a	carbapenem; cephalosporin; penam	antibiotic inactivation	GOB beta-lactamase	155.86	gnl|BL_ORD_ID|3589|hsp_num:0	4657			141	381		
k141_55722_4 # 5449 # 6339 # 1 # ID=648_4;partial=00;start_type=ATG;rbs_motif=AGGA;rbs_spacer=5-10bp;gc_cont=0.631	k141_55722	5449	6339	+	Loose	550	54.3	NmcR	34.38	3003665	protein homolog model	n/a	n/a	carbapenem; cephalosporin; cephamycin; penam	antibiotic inactivation	NmcA beta-lactamase	100.34	gnl|BL_ORD_ID|1906|hsp_num:0	2072			12	378	cefoxitin; cefazolin; ampicillin	
k141_39941_3 # 3465 # 5591 # 1 # ID=661_3;partial=00;start_type=ATG;rbs_motif=None;rbs_spacer=None;gc_cont=0.378	k141_39941	3465	5591	+	Loose	1350	429.5	Staphylococcus aureus fusA with mutation conferring resistance to fusidic acid	34.14	3003735	protein variant model	A376V	n/a	fusidane antibiotic	antibiotic target alteration	antibiotic resistant fusA	102.16	gnl|BL_ORD_ID|4696|hsp_num:0	2254			30	2079	fusidic acid	
k141_16247_2 # 1697 # 2050 # -1 # ID=662_2;partial=01;start_type=Edge;rbs_motif=None;rbs_spacer=None;gc_cont=0.548	k141_16247	1697	2050	-	Loose	2000	174.5	Bifidobacterium adolescentis rpoB mutants conferring resistance to rifampicin	69.3	3004480	protein homolog model	n/a	n/a	rifamycin antibiotic	antibiotic target alteration; antibiotic target replacement	rifamycin-resistant beta-subunit of RNA polymerase (rpoB)	9.87	gnl|BL_ORD_ID|4720|hsp_num:0	2914			3072	3414	rifampin	
k141_39943_1 # 1 # 1017 # -1 # ID=665_1;partial=10;start_type=ATG;rbs_motif=AGGAG;rbs_spacer=5-10bp;gc_cont=0.603	k141_39943	1	1017	-	Loose	700	186.8	Acinetobacter baumannii AbaF	34.98	3004573	protein homolog model	n/a	n/a	phosphonic acid antibiotic	antibiotic efflux	major facilitator superfamily (MFS) antibiotic efflux pump	79.02	gnl|BL_ORD_ID|2717|hsp_num:0	3277			0	963	fosfomycin	
k141_39944_2 # 492 # 1073 # 1 # ID=669_2;partial=00;start_type=ATG;rbs_motif=None;rbs_spacer=None;gc_cont=0.639	k141_39944	492	1073	+	Loose	500	40.4	apmA	63.33	3003918	protein homolog model	n/a	n/a	aminoglycoside antibiotic	antibiotic inactivation	AAC(2')	70.44	gnl|BL_ORD_ID|2164|hsp_num:0	2395			591	681	apramycin	
k141_47887_1 # 3 # 1172 # -1 # ID=670_1;partial=11;start_type=Edge;rbs_motif=None;rbs_spacer=None;gc_cont=0.376	k141_47887	3	1172	-	Loose	1280	49.7	macB	33.33	3000535	protein homolog model	n/a	n/a	macrolide antibiotic	antibiotic efflux	ATP-binding cassette (ABC) antibiotic efflux pump	60.56	gnl|BL_ORD_ID|447|hsp_num:0	487			351	615	erythromycin	
k141_55736_1 # 1 # 1221 # 1 # ID=671_1;partial=10;start_type=Edge;rbs_motif=None;rbs_spacer=None;gc_cont=0.335	k141_55736	1	1221	+	Loose	2000	201.1	Staphylococcus aureus mupB conferring resistance to mupirocin	30.49	3000510	protein homolog model	n/a	n/a	mupirocin-like antibiotic	antibiotic target alteration	antibiotic-resistant isoleucyl-tRNA synthetase (ileS)	39.30	gnl|BL_ORD_ID|4699|hsp_num:0	2271			1890	3021	mupirocin	
k141_47889_1 # 1 # 921 # -1 # ID=673_1;partial=10;start_type=GTG;rbs_motif=None;rbs_spacer=None;gc_cont=0.687	k141_47889	1	921	-	Loose	650	142.5	adeL	32.89	3000620	protein homolog model	n/a	n/a	fluoroquinolone antibiotic; tetracycline antibiotic	antibiotic efflux	resistance-nodulation-cell division (RND) antibiotic efflux pump	91.10	gnl|BL_ORD_ID|2316|hsp_num:0	2654			0	894	tetracycline	
k141_16254_4 # 2310 # 3497 # -1 # ID=684_4;partial=00;start_type=ATG;rbs_motif=GGAG/GAGG;rbs_spacer=5-10bp;gc_cont=0.464	k141_16254	2310	3497	-	Loose	600	58.5	Burkholderia pseudomallei Omp38	28.17	3004123	protein homolog model	n/a	n/a	monobactam; carbapenem; cephalosporin; cephamycin; penam; penem	reduced permeability to antibiotic	General Bacterial Porin with reduced permeability to beta-lactams	105.61	gnl|BL_ORD_ID|2403|hsp_num:0	2786			0	762	cefoxitin; ceftazidime; imipenem; benzylpenicillin	
k141_16256_1 # 3 # 1355 # -1 # ID=686_1;partial=11;start_type=Edge;rbs_motif=None;rbs_spacer=None;gc_cont=0.348	k141_16256	3	1355	-	Loose	300	48.9	tet(W)	20.66	3000194	protein homolog model	n/a	n/a	tetracycline antibiotic	antibiotic target protection	tetracycline-resistant ribosomal protection protein	70.58	gnl|BL_ORD_ID|457|hsp_num:0	389			579	1260	tetracycline; doxycycline; minocycline; chlortetracycline; demeclocycline; oxytetracycline	
k141_39976_3 # 538 # 1143 # 1 # ID=700_3;partial=01;start_type=ATG;rbs_motif=None;rbs_spacer=None;gc_cont=0.320	k141_39976	538	1143	+	Loose	500	133.7	bacA	39.35	3002986	protein homolog model	n/a	n/a	peptide antibiotic	antibiotic target alteration	undecaprenyl pyrophosphate related proteins	73.99	gnl|BL_ORD_ID|1682|hsp_num:0	1820			18	657	bacitracin; bacitracin A; bacitracin B; bacitracin F	
k141_55761_1 # 2 # 415 # -1 # ID=701_1;partial=10;start_type=ATG;rbs_motif=AAAA;rbs_spacer=11bp;gc_cont=0.399	k141_55761	2	415	-	Loose	2000	130.6	adeJ	48.91	3000781	protein homolog model	n/a	n/a	macrolide antibiotic; fluoroquinolone antibiotic; lincosamide antibiotic; carbapenem; cephalosporin; tetracycline antibiotic; rifamycin antibiotic; diaminopyrimidine antibiotic; phenicol antibiotic; penem	antibiotic efflux	resistance-nodulation-cell division (RND) antibiotic efflux pump	13.04	gnl|BL_ORD_ID|575|hsp_num:0	630			0	411	tetracycline; rifampin; imipenem; trimethoprim; chloramphenicol; ticarcillin	
k141_55761_2 # 415 # 1248 # -1 # ID=701_2;partial=01;start_type=Edge;rbs_motif=None;rbs_spacer=None;gc_cont=0.349	k141_55761	415	1248	-	Loose	675	95.1	mdtE	26.85	3000795	protein homolog model	n/a	n/a	macrolide antibiotic; fluoroquinolone antibiotic; penam	antibiotic efflux	resistance-nodulation-cell division (RND) antibiotic efflux pump	71.95	gnl|BL_ORD_ID|1757|hsp_num:0	1903			351	1098	erythromycin; cloxacillin; oxacillin; norfloxacin	
k141_55769_1 # 1 # 774 # -1 # ID=719_1;partial=10;start_type=ATG;rbs_motif=AGGAG;rbs_spacer=5-10bp;gc_cont=0.426	k141_55769	1	774	-	Loose	960	89.4	efrA	31.61	3003948	protein homolog model	n/a	n/a	macrolide antibiotic; fluoroquinolone antibiotic; rifamycin antibiotic	antibiotic efflux	ATP-binding cassette (ABC) antibiotic efflux pump	44.87	gnl|BL_ORD_ID|2183|hsp_num:0	2421			1026	1572	erythromycin; ciprofloxacin; rifampin	
k141_8355_4 # 2378 # 3580 # -1 # ID=729_4;partial=01;start_type=Edge;rbs_motif=None;rbs_spacer=None;gc_cont=0.704	k141_8355	2378	3580	-	Loose	900	163.7	basS	32.45	3003583	protein homolog model	n/a	n/a	peptide antibiotic	antibiotic target alteration; antibiotic efflux	pmr phosphoethanolamine transferase	83.86	gnl|BL_ORD_ID|2351|hsp_num:0	249			351	1368	polymyxin B	
k141_47924_1 # 2 # 208 # 1 # ID=734_1;partial=10;start_type=Edge;rbs_motif=None;rbs_spacer=None;gc_cont=0.522	k141_47924	2	208	+	Loose	400	43.5	ParR	35.19	3005068	protein homolog model	n/a	n/a	macrolide antibiotic; fluoroquinolone antibiotic; monobactam; aminoglycoside antibiotic; carbapenem; cephalosporin; cephamycin; penam; tetracycline antibiotic; phenicol antibiotic; penem; disinfecting agents and antiseptics	antibiotic efflux; reduced permeability to antibiotic	resistance-nodulation-cell division (RND) antibiotic efflux pump; Outer Membrane Porin (Opr)	28.94	gnl|BL_ORD_ID|2792|hsp_num:0	3806			189	342	erythromycin; amikacin; gentamicin C; ciprofloxacin; acriflavine; tetracycline; tobramycin; meropenem; imipenem; chloramphenicol; norfloxacin; ofloxacin; gentamicin	
k141_47945_1 # 37 # 429 # 1 # ID=758_1;partial=00;start_type=ATG;rbs_motif=AGGA;rbs_spacer=5-10bp;gc_cont=0.455	k141_47945	37	429	+	Loose	600	119.4	OprZ	46.4	3004142	protein homolog model	n/a	n/a	macrolide antibiotic; fluoroquinolone antibiotic; aminoglycoside antibiotic; cephalosporin	antibiotic efflux	resistance-nodulation-cell division (RND) antibiotic efflux pump	28.08	gnl|BL_ORD_ID|2409|hsp_num:0	2796			987	1362	erythromycin; cefepime	
k141_40016_2 # 1612 # 1950 # -1 # ID=759_2;partial=00;start_type=ATG;rbs_motif=AGGAG;rbs_spacer=5-10bp;gc_cont=0.451	k141_40016	1612	1950	-	Loose	200	88.6	YajC	46.43	3005040	protein homolog model	n/a	n/a	fluoroquinolone antibiotic; cephalosporin; glycylcycline; penam; tetracycline antibiotic; oxazolidinone antibiotic; glycopeptide antibiotic; rifamycin antibiotic; phenicol antibiotic; disinfecting agents and antiseptics	antibiotic efflux	resistance-nodulation-cell division (RND) antibiotic efflux pump	100.00	gnl|BL_ORD_ID|2772|hsp_num:0	3783			6	330	vancomycin; tigecycline; tetracycline; linezolid; rifampin; chloramphenicol; ampicillin; cefalotin; triclosan	
k141_483_1 # 2 # 1102 # 1 # ID=764_1;partial=11;start_type=Edge;rbs_motif=None;rbs_spacer=None;gc_cont=0.563	k141_483	2	1102	+	Loose	2000	111.7	Staphylococcus aureus mupB conferring resistance to mupirocin	23.24	3000510	protein homolog model	n/a	n/a	mupirocin-like antibiotic	antibiotic target alteration	antibiotic-resistant isoleucyl-tRNA synthetase (ileS)	35.53	gnl|BL_ORD_ID|4699|hsp_num:0	2271			816	1836	mupirocin	
k141_32132_2 # 1456 # 1839 # 1 # ID=765_2;partial=01;start_type=GTG;rbs_motif=None;rbs_spacer=None;gc_cont=0.672	k141_32132	1456	1839	+	Loose	1280	67.0	macB	34.35	3000535	protein homolog model	n/a	n/a	macrolide antibiotic	antibiotic efflux	ATP-binding cassette (ABC) antibiotic efflux pump	19.88	gnl|BL_ORD_ID|447|hsp_num:0	487			75	468	erythromycin	
k141_8373_3 # 1326 # 2084 # -1 # ID=772_3;partial=00;start_type=ATG;rbs_motif=None;rbs_spacer=None;gc_cont=0.534	k141_8373	1326	2084	-	Loose	400	68.9	kdpE	28.57	3003841	protein homolog model	n/a	n/a	aminoglycoside antibiotic	antibiotic efflux	kdpDE	112.00	gnl|BL_ORD_ID|2104|hsp_num:0	2331			0	456	kanamycin A	
k141_8373_4 # 2149 # 4446 # -1 # ID=772_4;partial=00;start_type=ATG;rbs_motif=GGA/GAG/AGG;rbs_spacer=5-10bp;gc_cont=0.547	k141_8373	2149	4446	-	Loose	900	61.2	basS	26.49	3003583	protein homolog model	n/a	n/a	peptide antibiotic	antibiotic target alteration; antibiotic efflux	pmr phosphoethanolamine transferase	160.38	gnl|BL_ORD_ID|2351|hsp_num:0	249			669	1386	polymyxin B	
k141_32142_1 # 539 # 1723 # 1 # ID=784_1;partial=00;start_type=ATG;rbs_motif=GGAG/GAGG;rbs_spacer=5-10bp;gc_cont=0.538	k141_32142	539	1723	+	Strict	700	783.9	Escherichia coli EF-Tu mutants conferring resistance to Pulvomycin	98.73	3003369	protein variant model	R234F	n/a	elfamycin antibiotic	antibiotic target alteration	elfamycin resistant EF-Tu	96.33	gnl|BL_ORD_ID|1971|hsp_num:0	2158			45	1227	pulvomycin	
k141_8392_1 # 215 # 865 # 1 # ID=790_1;partial=00;start_type=ATG;rbs_motif=TAAA;rbs_spacer=6bp;gc_cont=0.490	k141_8392	215	865	+	Loose	390	77.0	evgA	28.06	3000832	protein homolog model	n/a	n/a	macrolide antibiotic; fluoroquinolone antibiotic; penam; tetracycline antibiotic	antibiotic efflux	major facilitator superfamily (MFS) antibiotic efflux pump; resistance-nodulation-cell division (RND) antibiotic efflux pump	105.88	gnl|BL_ORD_ID|937|hsp_num:0	1015			0	558	erythromycin; cloxacillin; tetracycline; oxacillin; norfloxacin	
k141_40047_1 # 312 # 1247 # 1 # ID=797_1;partial=00;start_type=ATG;rbs_motif=None;rbs_spacer=None;gc_cont=0.442	k141_40047	312	1247	+	Loose	400	121.7	mtrA	25.32	3000816	protein homolog model	n/a	n/a	macrolide antibiotic; penam	antibiotic efflux	resistance-nodulation-cell division (RND) antibiotic efflux pump	103.32	gnl|BL_ORD_ID|1432|hsp_num:0	1559			0	903	erythromycin; penicillin; azithromycin	
k141_24252_2 # 517 # 1854 # 1 # ID=803_2;partial=00;start_type=GTG;rbs_motif=None;rbs_spacer=None;gc_cont=0.701	k141_24252	517	1854	+	Loose	650	70.5	MexH	28.22	3000807	protein homolog model	n/a	n/a	fluoroquinolone antibiotic; tetracycline antibiotic; disinfecting agents and antiseptics	antibiotic efflux	resistance-nodulation-cell division (RND) antibiotic efflux pump	120.27	gnl|BL_ORD_ID|1351|hsp_num:0	1344			201	1107	acriflavine; tetracycline; norfloxacin	
k141_8399_2 # 913 # 1860 # -1 # ID=804_2;partial=00;start_type=ATG;rbs_motif=GGA/GAG/AGG;rbs_spacer=5-10bp;gc_cont=0.700	k141_8399	913	1860	-	Loose	650	125.9	adeL	29.93	3000620	protein homolog model	n/a	n/a	fluoroquinolone antibiotic; tetracycline antibiotic	antibiotic efflux	resistance-nodulation-cell division (RND) antibiotic efflux pump	93.47	gnl|BL_ORD_ID|2316|hsp_num:0	2654			0	873	tetracycline	
k141_55836_2 # 614 # 1684 # -1 # ID=807_2;partial=00;start_type=GTG;rbs_motif=AGGAG;rbs_spacer=5-10bp;gc_cont=0.414	k141_55836	614	1684	-	Loose	175	156.0	vanT gene in vanG cluster	30.16	3002972	protein homolog model	n/a	n/a	glycopeptide antibiotic	antibiotic target alteration	glycopeptide resistance gene cluster; vanT	50.00	gnl|BL_ORD_ID|1523|hsp_num:0	1561			1029	2115	vancomycin	
k141_519_3 # 2009 # 2236 # 1 # ID=810_3;partial=01;start_type=ATG;rbs_motif=AGGA;rbs_spacer=5-10bp;gc_cont=0.566	k141_519	2009	2236	+	Loose	250	39.7	FosM3	35.14	3007099	protein homolog model	n/a	n/a	phosphonic acid antibiotic	antibiotic inactivation	fosfomycin thiol transferase	53.52	gnl|BL_ORD_ID|4780|hsp_num:0	5774			18	210	fosfomycin	
k141_40058_1 # 2 # 718 # -1 # ID=813_1;partial=10;start_type=ATG;rbs_motif=AGGAG;rbs_spacer=5-10bp;gc_cont=0.301	k141_40058	2	718	-	Loose	400	84.3	ArnT	28.37	3005053	protein homolog model	n/a	n/a	peptide antibiotic	antibiotic target alteration	pmr phosphoethanolamine transferase	43.38	gnl|BL_ORD_ID|2784|hsp_num:0	3795			24	666	colistin A; colistin B	
k141_40058_2 # 804 # 1112 # -1 # ID=813_2;partial=01;start_type=Edge;rbs_motif=None;rbs_spacer=None;gc_cont=0.288	k141_40058	804	1112	-	Loose	880	68.2	arlS	43.56	3000839	protein homolog model	n/a	n/a	fluoroquinolone antibiotic; disinfecting agents and antiseptics	antibiotic efflux	major facilitator superfamily (MFS) antibiotic efflux pump	22.62	gnl|BL_ORD_ID|166|hsp_num:0	182			1050	1350	ciprofloxacin; acriflavine; norfloxacin	
k141_525_3 # 894 # 1292 # 1 # ID=830_3;partial=01;start_type=ATG;rbs_motif=None;rbs_spacer=None;gc_cont=0.637	k141_525	894	1292	+	Loose	300	93.2	tet(32)	42.74	3000196	protein homolog model	n/a	n/a	tetracycline antibiotic	antibiotic target protection	tetracycline-resistant ribosomal protection protein	20.81	gnl|BL_ORD_ID|1221|hsp_num:0	1233			21	360	tetracycline; doxycycline; minocycline; chlortetracycline; demeclocycline; oxytetracycline	
k141_8418_1 # 251 # 1153 # -1 # ID=836_1;partial=01;start_type=Edge;rbs_motif=None;rbs_spacer=None;gc_cont=0.350	k141_8418	251	1153	-	Loose	700	81.3	vanS gene in vanL cluster	26.32	3002938	protein homolog model	n/a	n/a	glycopeptide antibiotic	antibiotic target alteration	vanS; glycopeptide resistance gene cluster	82.42	gnl|BL_ORD_ID|4735|hsp_num:0	744			345	1089	vancomycin	
k141_32185_1 # 46 # 444 # -1 # ID=853_1;partial=00;start_type=TTG;rbs_motif=GGAG/GAGG;rbs_spacer=5-10bp;gc_cont=0.554	k141_32185	46	444	-	Loose	400	79.3	vanR gene in vanM cluster	33.93	3002928	protein homolog model	n/a	n/a	glycopeptide antibiotic	antibiotic target alteration	glycopeptide resistance gene cluster; vanR	56.90	gnl|BL_ORD_ID|4736|hsp_num:0	752			15	342	vancomycin; teicoplanin	
k141_543_2 # 711 # 1460 # 1 # ID=855_2;partial=01;start_type=ATG;rbs_motif=TAAAA;rbs_spacer=3bp;gc_cont=0.343	k141_543	711	1460	+	Loose	250	149.4	vanG	34.8	3002909	protein homolog model	n/a	n/a	glycopeptide antibiotic	antibiotic target alteration	glycopeptide resistance gene cluster; Van ligase	71.63	gnl|BL_ORD_ID|1070|hsp_num:0	1157			0	816	vancomycin	
k141_40077_2 # 462 # 1244 # 1 # ID=856_2;partial=00;start_type=ATG;rbs_motif=GGA/GAG/AGG;rbs_spacer=5-10bp;gc_cont=0.641	k141_40077	462	1244	+	Loose	450	78.6	RanB	26.16	3005090	protein homolog model	n/a	n/a	aminoglycoside antibiotic	antibiotic efflux	ATP-binding cassette (ABC) antibiotic efflux pump	102.77	gnl|BL_ORD_ID|2808|hsp_num:0	3824			51	759		
k141_55864_1 # 278 # 1267 # 1 # ID=857_1;partial=00;start_type=ATG;rbs_motif=AGGA;rbs_spacer=5-10bp;gc_cont=0.360	k141_55864	278	1267	+	Loose	600	164.5	clbA	32.0	3002814	protein homolog model	n/a	n/a	lincosamide antibiotic; streptogramin antibiotic; streptogramin A antibiotic; oxazolidinone antibiotic; phenicol antibiotic; pleuromutilin antibiotic	antibiotic target alteration	Cfr 23S ribosomal RNA methyltransferase	94.27	gnl|BL_ORD_ID|520|hsp_num:0	571			150	1047	lincomycin; clindamycin; azidamfenicol; chloramphenicol; thiamphenicol; virginiamycin M1; tiamulin; madumycin II; griseoviridin; dalfopristin	
k141_554_2 # 1356 # 1976 # -1 # ID=874_2;partial=01;start_type=Edge;rbs_motif=None;rbs_spacer=None;gc_cont=0.308	k141_554	1356	1976	-	Loose	1150	163.7	tetB(46)	40.72	3004033	protein homolog model	n/a	n/a	tetracycline antibiotic	antibiotic efflux	ATP-binding cassette (ABC) antibiotic efflux pump	35.64	gnl|BL_ORD_ID|2310|hsp_num:0	2644			1119	1701	tetracycline	
k141_40097_2 # 771 # 1139 # 1 # ID=885_2;partial=00;start_type=ATG;rbs_motif=None;rbs_spacer=None;gc_cont=0.618	k141_40097	771	1139	+	Loose	2300	44.7	evgS	27.97	3000833	protein homolog model	n/a	n/a	macrolide antibiotic; fluoroquinolone antibiotic; penam; tetracycline antibiotic	antibiotic efflux	major facilitator superfamily (MFS) antibiotic efflux pump; resistance-nodulation-cell division (RND) antibiotic efflux pump	10.19	gnl|BL_ORD_ID|1215|hsp_num:0	1318			2874	3222	erythromycin; cloxacillin; tetracycline; oxacillin; norfloxacin	
k141_564_6 # 1459 # 2871 # -1 # ID=888_6;partial=00;start_type=ATG;rbs_motif=TAAA;rbs_spacer=9bp;gc_cont=0.350	k141_564	1459	2871	-	Loose	600	46.6	LMB-1	25.76	3005018	protein homolog model	n/a	n/a	carbapenem; cephalosporin; penam	antibiotic inactivation	LMB beta-lactamase	154.61	gnl|BL_ORD_ID|2751|hsp_num:0	3761			195	591		
k141_24276_3 # 3230 # 4081 # 1 # ID=889_3;partial=00;start_type=TTG;rbs_motif=GGA/GAG/AGG;rbs_spacer=5-10bp;gc_cont=0.636	k141_24276	3230	4081	+	Loose	400	78.6	mtrA	26.34	3000816	protein homolog model	n/a	n/a	macrolide antibiotic; penam	antibiotic efflux	resistance-nodulation-cell division (RND) antibiotic efflux pump	94.02	gnl|BL_ORD_ID|1432|hsp_num:0	1559			108	891	erythromycin; penicillin; azithromycin	
k141_48044_2 # 405 # 1070 # -1 # ID=891_2;partial=01;start_type=Edge;rbs_motif=None;rbs_spacer=None;gc_cont=0.508	k141_48044	405	1070	-	Loose	890	55.8	cpxA	24.26	3000830	protein homolog model	n/a	n/a	aminoglycoside antibiotic; aminocoumarin antibiotic	antibiotic efflux	resistance-nodulation-cell division (RND) antibiotic efflux pump	48.36	gnl|BL_ORD_ID|132|hsp_num:0	152			705	1290	novobiocin	
k141_8452_1 # 141 # 2705 # 1 # ID=894_1;partial=00;start_type=ATG;rbs_motif=GGA/GAG/AGG;rbs_spacer=11-12bp;gc_cont=0.651	k141_8452	141	2705	+	Loose	2130	939.9	mtrD	57.41	3000811	protein homolog model	n/a	n/a	macrolide antibiotic; penam	antibiotic efflux	resistance-nodulation-cell division (RND) antibiotic efflux pump	80.04	gnl|BL_ORD_ID|1787|hsp_num:0	1938			0	2565	erythromycin; penicillin; azithromycin	
k141_48045_1 # 2 # 1540 # 1 # ID=896_1;partial=11;start_type=Edge;rbs_motif=None;rbs_spacer=None;gc_cont=0.643	k141_48045	2	1540	+	Loose	570	163.7	bcrA	36.24	3002987	protein homolog model	n/a	n/a	peptide antibiotic	antibiotic efflux	ATP-binding cassette (ABC) antibiotic efflux pump	167.65	gnl|BL_ORD_ID|316|hsp_num:0	345			12	687	bacitracin; bacitracin A; bacitracin B; bacitracin F	
k141_55895_1 # 1 # 738 # -1 # ID=901_1;partial=10;start_type=ATG;rbs_motif=GGA/GAG/AGG;rbs_spacer=11-12bp;gc_cont=0.442	k141_55895	1	738	-	Loose	400	117.1	TxR	53.77	3005008	protein homolog model	n/a	n/a	tetracycline antibiotic	antibiotic efflux	ATP-binding cassette (ABC) antibiotic efflux pump	77.36	gnl|BL_ORD_ID|4725|hsp_num:0	3753			66	384	tetracycline	
k141_55895_2 # 761 # 1141 # -1 # ID=901_2;partial=01;start_type=Edge;rbs_motif=None;rbs_spacer=None;gc_cont=0.412	k141_55895	761	1141	-	Loose	700	55.8	adeS	30.0	3000549	protein homolog model	n/a	n/a	glycylcycline; tetracycline antibiotic	antibiotic efflux	resistance-nodulation-cell division (RND) antibiotic efflux pump	34.90	gnl|BL_ORD_ID|167|hsp_num:0	183			717	1071	tigecycline; tetracycline	
k141_8466_4 # 754 # 1323 # 1 # ID=915_4;partial=01;start_type=ATG;rbs_motif=AGGAG;rbs_spacer=5-10bp;gc_cont=0.518	k141_8466	754	1323	+	Loose	400	53.9	QnrS6	25.55	3002795	protein homolog model	n/a	n/a	fluoroquinolone antibiotic	antibiotic target protection	quinolone resistance protein (qnr)	87.16	gnl|BL_ORD_ID|51|hsp_num:0	60			33	423	ciprofloxacin; levofloxacin; moxifloxacin; gatifloxacin; nalidixic acid; norfloxacin; sparfloxacin	
k141_16414_3 # 1203 # 1838 # 1 # ID=918_3;partial=00;start_type=ATG;rbs_motif=None;rbs_spacer=None;gc_cont=0.681	k141_16414	1203	1838	+	Loose	400	81.6	Enterococcus faecium liaR mutant conferring daptomycin resistance	28.5	3003078	protein variant model	W73C	n/a	peptide antibiotic	antibiotic target alteration; antibiotic efflux	daptomycin resistant liaR	100.48	gnl|BL_ORD_ID|1944|hsp_num:0	756			6	624	daptomycin	
k141_55902_1 # 1 # 279 # 1 # ID=919_1;partial=10;start_type=Edge;rbs_motif=None;rbs_spacer=None;gc_cont=0.237	k141_55902	1	279	+	Loose	1000	82.4	msbA	48.28	3003950	protein homolog model	n/a	n/a	nitroimidazole antibiotic	antibiotic efflux	ATP-binding cassette (ABC) antibiotic efflux pump	15.81	gnl|BL_ORD_ID|2186|hsp_num:0	2423			1476	1737	metronidazole	
k141_55910_1 # 3 # 533 # 1 # ID=934_1;partial=10;start_type=Edge;rbs_motif=None;rbs_spacer=None;gc_cont=0.333	k141_55910	3	533	+	Loose	1280	72.8	macB	30.68	3000535	protein homolog model	n/a	n/a	macrolide antibiotic	antibiotic efflux	ATP-binding cassette (ABC) antibiotic efflux pump	27.33	gnl|BL_ORD_ID|447|hsp_num:0	487			1437	1932	erythromycin	
k141_55910_2 # 592 # 1785 # 1 # ID=934_2;partial=00;start_type=ATG;rbs_motif=TAAA;rbs_spacer=13bp;gc_cont=0.339	k141_55910	592	1785	+	Loose	760	78.2	macA	21.53	3000533	protein homolog model	n/a	n/a	macrolide antibiotic	antibiotic efflux	ATP-binding cassette (ABC) antibiotic efflux pump	101.28	gnl|BL_ORD_ID|1547|hsp_num:0	1680			138	1152	erythromycin	
k141_32221_3 # 984 # 1667 # 1 # ID=937_3;partial=00;start_type=GTG;rbs_motif=GGA/GAG/AGG;rbs_spacer=5-10bp;gc_cont=0.599	k141_32221	984	1667	+	Loose	410	170.6	arlR	41.82	3000838	protein homolog model	n/a	n/a	fluoroquinolone antibiotic; disinfecting agents and antiseptics	antibiotic efflux	major facilitator superfamily (MFS) antibiotic efflux pump	103.65	gnl|BL_ORD_ID|1275|hsp_num:0	1390			6	654	ciprofloxacin; acriflavine; norfloxacin	
k141_32221_4 # 1668 # 3077 # 1 # ID=937_4;partial=00;start_type=GTG;rbs_motif=GGAG/GAGG;rbs_spacer=5-10bp;gc_cont=0.605	k141_32221	1668	3077	+	Loose	900	129.4	basS	33.45	3003583	protein homolog model	n/a	n/a	peptide antibiotic	antibiotic target alteration; antibiotic efflux	pmr phosphoethanolamine transferase	98.32	gnl|BL_ORD_ID|2351|hsp_num:0	249			501	1329	polymyxin B	
k141_40135_4 # 2874 # 3512 # -1 # ID=942_4;partial=01;start_type=Edge;rbs_motif=None;rbs_spacer=None;gc_cont=0.502	k141_40135	2874	3512	-	Loose	700	51.2	OmpA	28.26	3005044	protein homolog model	n/a	n/a	peptide antibiotic	reduced permeability to antibiotic	General Bacterial Porin with reduced permeability to peptide antibiotics	56.68	gnl|BL_ORD_ID|2775|hsp_num:0	3787			702	1050	polymyxin B; defensin	
k141_55917_2 # 750 # 1328 # 1 # ID=943_2;partial=01;start_type=ATG;rbs_motif=GGA/GAG/AGG;rbs_spacer=5-10bp;gc_cont=0.679	k141_55917	750	1328	+	Loose	400	109.8	vanR gene in vanF cluster	33.16	3002925	protein homolog model	n/a	n/a	glycopeptide antibiotic	antibiotic target alteration	glycopeptide resistance gene cluster; vanR	83.55	gnl|BL_ORD_ID|299|hsp_num:0	240			15	570	vancomycin	
k141_48080_2 # 325 # 1467 # 1 # ID=945_2;partial=01;start_type=ATG;rbs_motif=AGGA/GGAG/GAGG;rbs_spacer=11-12bp;gc_cont=0.303	k141_48080	325	1467	+	Loose	850	50.8	adeC	22.85	3003811	protein homolog model	n/a	n/a	glycylcycline; tetracycline antibiotic	antibiotic efflux	resistance-nodulation-cell division (RND) antibiotic efflux pump	81.94	gnl|BL_ORD_ID|308|hsp_num:0	337			177	1257	tigecycline; tetracycline	
k141_48081_1 # 2 # 640 # 1 # ID=949_1;partial=10;start_type=Edge;rbs_motif=None;rbs_spacer=None;gc_cont=0.366	k141_48081	2	640	+	Loose	450	346.7	RanB	83.49	3005090	protein homolog model	n/a	n/a	aminoglycoside antibiotic	antibiotic efflux	ATP-binding cassette (ABC) antibiotic efflux pump	83.79	gnl|BL_ORD_ID|2808|hsp_num:0	3824			123	759		
k141_48081_2 # 640 # 1452 # 1 # ID=949_2;partial=00;start_type=ATG;rbs_motif=TAA;rbs_spacer=4bp;gc_cont=0.322	k141_48081	640	1452	+	Loose	500	414.8	RanA	78.29	3005091	protein homolog model	n/a	n/a	aminoglycoside antibiotic	antibiotic efflux	ATP-binding cassette (ABC) antibiotic efflux pump	104.65	gnl|BL_ORD_ID|2809|hsp_num:0	3825			0	774		
k141_32236_1 # 1 # 1242 # -1 # ID=952_1;partial=10;start_type=ATG;rbs_motif=None;rbs_spacer=None;gc_cont=0.711	k141_32236	1	1242	-	Loose	1200	187.6	TaeA	33.08	3003986	protein homolog model	n/a	n/a	pleuromutilin antibiotic	antibiotic efflux	ATP-binding cassette (ABC) antibiotic efflux pump	63.89	gnl|BL_ORD_ID|2231|hsp_num:0	2522			6	1182	pleuromutilin	
k141_48087_2 # 178 # 1215 # -1 # ID=959_2;partial=01;start_type=Edge;rbs_motif=None;rbs_spacer=None;gc_cont=0.493	k141_48087	178	1215	-	Loose	1350	322.8	Staphylococcus aureus fusA with mutation conferring resistance to fusidic acid	46.55	3003735	protein variant model	L461K	n/a	fusidane antibiotic	antibiotic target alteration	antibiotic resistant fusA	49.78	gnl|BL_ORD_ID|4696|hsp_num:0	2254			1068	2067	fusidic acid	
k141_55924_3 # 773 # 1681 # -1 # ID=962_3;partial=01;start_type=Edge;rbs_motif=None;rbs_spacer=None;gc_cont=0.438	k141_55924	773	1681	-	Loose	1900	139.4	MuxC	31.43	3004075	protein homolog model	n/a	n/a	macrolide antibiotic; monobactam; tetracycline antibiotic; aminocoumarin antibiotic	antibiotic efflux	resistance-nodulation-cell division (RND) antibiotic efflux pump	29.15	gnl|BL_ORD_ID|2368|hsp_num:0	2720			2247	3084	erythromycin; tetracycline; novobiocin; aztreonam; kitasamycin; rokitamycin	
k141_40151_1 # 1 # 246 # 1 # ID=964_1;partial=10;start_type=Edge;rbs_motif=None;rbs_spacer=None;gc_cont=0.598	k141_40151	1	246	+	Loose	850	48.9	baeS	40.35	3000829	protein homolog model	n/a	n/a	aminoglycoside antibiotic; aminocoumarin antibiotic	antibiotic efflux	resistance-nodulation-cell division (RND) antibiotic efflux pump	17.34	gnl|BL_ORD_ID|914|hsp_num:0	986			1158	1329	novobiocin	
k141_40151_2 # 289 # 915 # 1 # ID=964_2;partial=00;start_type=ATG;rbs_motif=None;rbs_spacer=None;gc_cont=0.537	k141_40151	289	915	+	Loose	300	76.6	Escherichia coli uhpA with mutation conferring resistance to fosfomycin	30.77	3003893	protein variant model	G97D	n/a	phosphonic acid antibiotic	antibiotic target alteration	antibiotic-resistant UhpT	106.12	gnl|BL_ORD_ID|2140|hsp_num:0	2374			3	570	fosfomycin	
k141_55932_1 # 1 # 399 # 1 # ID=974_1;partial=10;start_type=Edge;rbs_motif=None;rbs_spacer=None;gc_cont=0.358	k141_55932	1	399	+	Loose	850	40.8	baeS	27.88	3000829	protein homolog model	n/a	n/a	aminoglycoside antibiotic; aminocoumarin antibiotic	antibiotic efflux	resistance-nodulation-cell division (RND) antibiotic efflux pump	28.27	gnl|BL_ORD_ID|914|hsp_num:0	986			1047	1359	novobiocin	
k141_623_2 # 485 # 1405 # -1 # ID=984_2;partial=00;start_type=ATG;rbs_motif=AGGAGG;rbs_spacer=3-4bp;gc_cont=0.632	k141_623	485	1405	-	Loose	650	290.8	adeL	48.48	3000620	protein homolog model	n/a	n/a	fluoroquinolone antibiotic; tetracycline antibiotic	antibiotic efflux	resistance-nodulation-cell division (RND) antibiotic efflux pump	90.80	gnl|BL_ORD_ID|2316|hsp_num:0	2654			0	885	tetracycline	
k141_24344_1 # 1 # 1320 # 1 # ID=986_1;partial=11;start_type=Edge;rbs_motif=None;rbs_spacer=None;gc_cont=0.494	k141_24344	1	1320	+	Loose	1250	149.1	mecC	29.4	3001209	protein homolog model	n/a	n/a	penam	antibiotic target replacement	methicillin resistant PBP2	66.17	gnl|BL_ORD_ID|743|hsp_num:0	810			411	1644	methicillin	
k141_32264_2 # 379 # 1596 # 1 # ID=998_2;partial=01;start_type=ATG;rbs_motif=None;rbs_spacer=None;gc_cont=0.666	k141_32264	379	1596	+	Loose	2200	41.2	rpoB2	32.35	3000501	protein homolog model	n/a	n/a	rifamycin antibiotic	antibiotic target alteration; antibiotic target replacement	rifamycin-resistant beta-subunit of RNA polymerase (rpoB)	34.94	gnl|BL_ORD_ID|2432|hsp_num:0	2831			1488	1692	rifampin; rifaximin; rifabutin; rifapentine	
k141_629_2 # 141 # 782 # 1 # ID=1000_2;partial=00;start_type=TTG;rbs_motif=None;rbs_spacer=None;gc_cont=0.676	k141_629	141	782	+	Loose	730	44.3	farA	31.9	3003961	protein homolog model	n/a	n/a	antibacterial free fatty acids	antibiotic efflux	major facilitator superfamily (MFS) antibiotic efflux pump	55.47	gnl|BL_ORD_ID|2190|hsp_num:0	2428			480	825	palmitic acid; oleic acid; linoleic acid	
k141_629_3 # 779 # 1222 # 1 # ID=1000_3;partial=01;start_type=GTG;rbs_motif=GGA/GAG/AGG;rbs_spacer=5-10bp;gc_cont=0.694	k141_629	779	1222	+	Loose	600	75.5	oleC	33.57	3003748	protein homolog model	n/a	n/a	macrolide antibiotic	antibiotic efflux	ATP-binding cassette (ABC) antibiotic efflux pump	45.54	gnl|BL_ORD_ID|2051|hsp_num:0	2264			0	417	oleandomycin	
k141_55957_1 # 1 # 1281 # 1 # ID=1020_1;partial=11;start_type=Edge;rbs_motif=None;rbs_spacer=None;gc_cont=0.670	k141_55957	1	1281	+	Loose	2300	197.2	evgS	33.77	3000833	protein homolog model	n/a	n/a	macrolide antibiotic; fluoroquinolone antibiotic; penam; tetracycline antibiotic	antibiotic efflux	major facilitator superfamily (MFS) antibiotic efflux pump; resistance-nodulation-cell division (RND) antibiotic efflux pump	35.67	gnl|BL_ORD_ID|1215|hsp_num:0	1318			2058	3183	erythromycin; cloxacillin; tetracycline; oxacillin; norfloxacin	
k141_32286_1 # 3 # 356 # 1 # ID=1023_1;partial=10;start_type=Edge;rbs_motif=None;rbs_spacer=None;gc_cont=0.627	k141_32286	3	356	+	Loose	300	53.1	Escherichia coli uhpA with mutation conferring resistance to fosfomycin	33.94	3003893	protein variant model	G97D	n/a	phosphonic acid antibiotic	antibiotic target alteration	antibiotic-resistant UhpT	59.69	gnl|BL_ORD_ID|2140|hsp_num:0	2374			270	570	fosfomycin	
k141_32291_2 # 481 # 1230 # -1 # ID=1029_2;partial=00;start_type=ATG;rbs_motif=GGAGG;rbs_spacer=3-4bp;gc_cont=0.659	k141_32291	481	1230	-	Loose	650	101.3	tetA(58)	30.12	3003980	protein homolog model	n/a	n/a	tetracycline antibiotic	antibiotic efflux	major facilitator superfamily (MFS) antibiotic efflux pump	72.59	gnl|BL_ORD_ID|2244|hsp_num:0	2517			36	744	tetracycline	
k141_24386_3 # 1049 # 2098 # 1 # ID=1051_3;partial=01;start_type=ATG;rbs_motif=None;rbs_spacer=None;gc_cont=0.355	k141_24386	1049	2098	+	Loose	700	214.2	Acinetobacter baumannii AbaF	37.94	3004573	protein homolog model	n/a	n/a	phosphonic acid antibiotic	antibiotic efflux	major facilitator superfamily (MFS) antibiotic efflux pump	81.59	gnl|BL_ORD_ID|2717|hsp_num:0	3277			6	936	fosfomycin	
k141_8549_4 # 2651 # 3901 # -1 # ID=1052_4;partial=00;start_type=TTG;rbs_motif=GGA/GAG/AGG;rbs_spacer=5-10bp;gc_cont=0.527	k141_8549	2651	3901	-	Loose	500	127.5	bcr-1	28.24	3003801	protein homolog model	n/a	n/a	bicyclomycin-like antibiotic	antibiotic efflux	major facilitator superfamily (MFS) antibiotic efflux pump	103.48	gnl|BL_ORD_ID|2333|hsp_num:0	2303			36	1161	bicyclomycin	
k141_8549_9 # 7877 # 8788 # -1 # ID=1052_9;partial=00;start_type=ATG;rbs_motif=None;rbs_spacer=None;gc_cont=0.544	k141_8549	7877	8788	-	Loose	500	125.9	MexT	29.5	3000814	protein overexpression model	n/a	n/a	fluoroquinolone antibiotic; diaminopyrimidine antibiotic; phenicol antibiotic	antibiotic efflux	resistance-nodulation-cell division (RND) antibiotic efflux pump	87.32	gnl|BL_ORD_ID|1485|hsp_num:0	1608			237	1011	ciprofloxacin; trimethoprim; chloramphenicol	
k141_8557_1 # 3 # 581 # -1 # ID=1066_1;partial=10;start_type=ATG;rbs_motif=AAA;rbs_spacer=7bp;gc_cont=0.518	k141_8557	3	581	-	Loose	900	38.5	tet(O/32/O)	22.73	3007119	protein homolog model	n/a	n/a	tetracycline antibiotic	antibiotic target protection	tetracycline-resistant ribosomal protection protein	30.20	gnl|BL_ORD_ID|4794|hsp_num:0	5789			1026	1545	tetracycline	
k141_48149_3 # 1077 # 1592 # -1 # ID=1069_3;partial=01;start_type=Edge;rbs_motif=None;rbs_spacer=None;gc_cont=0.453	k141_48149	1077	1592	-	Loose	1190	161.8	novA	50.97	3002522	protein homolog model	n/a	n/a	aminocoumarin antibiotic	antibiotic efflux	ATP-binding cassette (ABC) antibiotic efflux pump	27.80	gnl|BL_ORD_ID|1113|hsp_num:0	1210			1338	1788	novobiocin	
k141_24395_1 # 40 # 1515 # -1 # ID=1070_1;partial=01;start_type=Edge;rbs_motif=None;rbs_spacer=None;gc_cont=0.644	k141_24395	40	1515	-	Loose	570	58.5	bcrA	37.84	3002987	protein homolog model	n/a	n/a	peptide antibiotic	antibiotic efflux	ATP-binding cassette (ABC) antibiotic efflux pump	160.46	gnl|BL_ORD_ID|316|hsp_num:0	345			468	687	bacitracin; bacitracin A; bacitracin B; bacitracin F	
k141_55994_1 # 1 # 1122 # 1 # ID=1086_1;partial=11;start_type=Edge;rbs_motif=None;rbs_spacer=None;gc_cont=0.646	k141_55994	1	1122	+	Loose	1190	187.2	novA	34.37	3002522	protein homolog model	n/a	n/a	aminocoumarin antibiotic	antibiotic efflux	ATP-binding cassette (ABC) antibiotic efflux pump	60.81	gnl|BL_ORD_ID|1113|hsp_num:0	1210			585	1728	novobiocin	
k141_24404_1 # 3 # 521 # 1 # ID=1092_1;partial=10;start_type=Edge;rbs_motif=None;rbs_spacer=None;gc_cont=0.453	k141_24404	3	521	+	Loose	500	49.3	RanA	42.59	3005091	protein homolog model	n/a	n/a	aminoglycoside antibiotic	antibiotic efflux	ATP-binding cassette (ABC) antibiotic efflux pump	66.67	gnl|BL_ORD_ID|2809|hsp_num:0	3825			480	642		
k141_24404_2 # 531 # 1343 # 1 # ID=1092_2;partial=01;start_type=ATG;rbs_motif=AGGAG;rbs_spacer=5-10bp;gc_cont=0.428	k141_24404	531	1343	+	Loose	500	106.7	RanA	31.25	3005091	protein homolog model	n/a	n/a	aminoglycoside antibiotic	antibiotic efflux	ATP-binding cassette (ABC) antibiotic efflux pump	105.04	gnl|BL_ORD_ID|2809|hsp_num:0	3825			0	645		
k141_16512_2 # 489 # 1235 # -1 # ID=1096_2;partial=01;start_type=Edge;rbs_motif=None;rbs_spacer=None;gc_cont=0.716	k141_16512	489	1235	-	Loose	1900	268.9	MexK	59.35	3003693	protein homolog model	n/a	n/a	macrolide antibiotic; tetracycline antibiotic; disinfecting agents and antiseptics	antibiotic efflux	resistance-nodulation-cell division (RND) antibiotic efflux pump	24.20	gnl|BL_ORD_ID|2017|hsp_num:0	2206			2334	3072	erythromycin; tetracycline; triclosan	
k141_8569_1 # 2 # 1084 # -1 # ID=1098_1;partial=11;start_type=Edge;rbs_motif=None;rbs_spacer=None;gc_cont=0.732	k141_8569	2	1084	-	Loose	770	62.8	tet(V)	26.69	3000181	protein homolog model	n/a	n/a	tetracycline antibiotic	antibiotic efflux	major facilitator superfamily (MFS) antibiotic efflux pump	86.16	gnl|BL_ORD_ID|1042|hsp_num:0	1006			87	1083	tetracycline	
k141_40226_1 # 3 # 1346 # -1 # ID=1103_1;partial=10;start_type=ATG;rbs_motif=None;rbs_spacer=None;gc_cont=0.683	k141_40226	3	1346	-	Loose	400	184.9	TxR	40.17	3005008	protein homolog model	n/a	n/a	tetracycline antibiotic	antibiotic efflux	ATP-binding cassette (ABC) antibiotic efflux pump	140.88	gnl|BL_ORD_ID|4725|hsp_num:0	3753			66	774	tetracycline	
k141_24432_1 # 1 # 960 # -1 # ID=1127_1;partial=10;start_type=ATG;rbs_motif=None;rbs_spacer=None;gc_cont=0.699	k141_24432	1	960	-	Loose	900	77.0	basS	25.49	3003583	protein homolog model	n/a	n/a	peptide antibiotic	antibiotic target alteration; antibiotic efflux	pmr phosphoethanolamine transferase	67.09	gnl|BL_ORD_ID|2351|hsp_num:0	249			48	906	polymyxin B	
k141_24432_2 # 1163 # 1756 # -1 # ID=1127_2;partial=01;start_type=Edge;rbs_motif=None;rbs_spacer=None;gc_cont=0.667	k141_24432	1163	1756	-	Loose	400	125.9	vanR gene in vanO cluster	37.17	3002930	protein homolog model	n/a	n/a	glycopeptide antibiotic	antibiotic target alteration	glycopeptide resistance gene cluster; vanR	84.55	gnl|BL_ORD_ID|4743|hsp_num:0	1689			102	672	vancomycin	
k141_32346_3 # 2664 # 3950 # -1 # ID=1135_3;partial=00;start_type=ATG;rbs_motif=GGAG/GAGG;rbs_spacer=5-10bp;gc_cont=0.640	k141_32346	2664	3950	-	Loose	770	54.7	rosA	21.67	3003048	protein homolog model	n/a	n/a	peptide antibiotic	antibiotic efflux	major facilitator superfamily (MFS) antibiotic efflux pump	104.39	gnl|BL_ORD_ID|1158|hsp_num:0	1261			72	1212	polymyxin B; polymyxin B1; polymyxin B2; polymyxin B3; polymyxin B4	
k141_24439_2 # 131 # 1717 # -1 # ID=1139_2;partial=01;start_type=Edge;rbs_motif=None;rbs_spacer=None;gc_cont=0.514	k141_24439	131	1717	-	Loose	1300	249.2	optrA	30.64	3003746	protein homolog model	n/a	n/a	oxazolidinone antibiotic; phenicol antibiotic	antibiotic target protection	Miscellaneous ABC-F subfamily ATP-binding cassette ribosomal protection proteins	80.61	gnl|BL_ORD_ID|2070|hsp_num:0	2263			102	1641	linezolid; chloramphenicol; florfenicol; tedizolid	
k141_713_1 # 2 # 1123 # -1 # ID=1141_1;partial=10;start_type=ATG;rbs_motif=AGGAGG;rbs_spacer=5-10bp;gc_cont=0.468	k141_713	2	1123	-	Loose	2000	106.3	Staphylococcus aureus mupB conferring resistance to mupirocin	26.5	3000510	protein homolog model	n/a	n/a	mupirocin-like antibiotic	antibiotic target alteration	antibiotic-resistant isoleucyl-tRNA synthetase (ileS)	36.21	gnl|BL_ORD_ID|4699|hsp_num:0	2271			24	840	mupirocin	
k141_48180_1 # 2 # 1228 # -1 # ID=1142_1;partial=11;start_type=Edge;rbs_motif=None;rbs_spacer=None;gc_cont=0.661	k141_48180	2	1228	-	Loose	275	121.3	Streptomyces rimosus otr(A)	44.76	3002891	protein homolog model	n/a	n/a	tetracycline antibiotic	antibiotic target protection	tetracycline-resistant ribosomal protection protein	61.69	gnl|BL_ORD_ID|4808|hsp_num:0	1273			12	438	oxytetracycline	
k141_8600_1 # 2 # 1399 # 1 # ID=1148_1;partial=11;start_type=Edge;rbs_motif=None;rbs_spacer=None;gc_cont=0.660	k141_8600	2	1399	+	Loose	1900	541.2	MuxB	66.81	3004074	protein homolog model	n/a	n/a	macrolide antibiotic; monobactam; tetracycline antibiotic; aminocoumarin antibiotic	antibiotic efflux	resistance-nodulation-cell division (RND) antibiotic efflux pump	44.68	gnl|BL_ORD_ID|2365|hsp_num:0	2718			696	1992	erythromycin; tetracycline; novobiocin; aztreonam; kitasamycin; rokitamycin	
k141_32350_2 # 806 # 2173 # 1 # ID=1149_2;partial=00;start_type=ATG;rbs_motif=GGAG/GAGG;rbs_spacer=5-10bp;gc_cont=0.541	k141_32350	806	2173	+	Loose	400	40.0	catB8	48.72	3002680	protein homolog model	n/a	n/a	phenicol antibiotic	antibiotic inactivation	chloramphenicol acetyltransferase (CAT)	216.67	gnl|BL_ORD_ID|403|hsp_num:0	446			330	447	azidamfenicol; chloramphenicol; thiamphenicol	
k141_32350_3 # 2240 # 2932 # 1 # ID=1149_3;partial=00;start_type=ATG;rbs_motif=GGAG/GAGG;rbs_spacer=5-10bp;gc_cont=0.495	k141_32350	2240	2932	+	Loose	390	47.8	evgA	21.32	3000832	protein homolog model	n/a	n/a	macrolide antibiotic; fluoroquinolone antibiotic; penam; tetracycline antibiotic	antibiotic efflux	major facilitator superfamily (MFS) antibiotic efflux pump; resistance-nodulation-cell division (RND) antibiotic efflux pump	112.75	gnl|BL_ORD_ID|937|hsp_num:0	1015			9	558	erythromycin; cloxacillin; tetracycline; oxacillin; norfloxacin	
k141_16547_2 # 410 # 1105 # 1 # ID=1152_2;partial=01;start_type=ATG;rbs_motif=GGA/GAG/AGG;rbs_spacer=5-10bp;gc_cont=0.703	k141_16547	410	1105	+	Loose	450	80.5	baeR	31.4	3000828	protein homolog model	n/a	n/a	aminoglycoside antibiotic; aminocoumarin antibiotic	antibiotic efflux	resistance-nodulation-cell division (RND) antibiotic efflux pump	96.67	gnl|BL_ORD_ID|1232|hsp_num:0	1337			36	531	novobiocin	
k141_16549_4 # 1040 # 1777 # -1 # ID=1156_4;partial=01;start_type=Edge;rbs_motif=None;rbs_spacer=None;gc_cont=0.482	k141_16549	1040	1777	-	Loose	500	131.3	RanA	32.08	3005091	protein homolog model	n/a	n/a	aminoglycoside antibiotic	antibiotic efflux	ATP-binding cassette (ABC) antibiotic efflux pump	94.96	gnl|BL_ORD_ID|2809|hsp_num:0	3825			24	711		
k141_56046_2 # 265 # 1098 # 1 # ID=1177_2;partial=01;start_type=GTG;rbs_motif=AGGAG;rbs_spacer=5-10bp;gc_cont=0.375	k141_56046	265	1098	+	Loose	900	170.6	tet(O/W)	36.09	3007121	protein homolog model	n/a	n/a	tetracycline antibiotic	antibiotic target protection	tetracycline-resistant ribosomal protection protein	43.51	gnl|BL_ORD_ID|4796|hsp_num:0	5791			3	702	tetracycline	
k141_729_1 # 1 # 243 # 1 # ID=1180_1;partial=10;start_type=Edge;rbs_motif=None;rbs_spacer=None;gc_cont=0.465	k141_729	1	243	+	Loose	450	38.9	tsnR	39.22	3003060	protein homolog model	n/a	n/a	peptide antibiotic	antibiotic target alteration	non-erm 23S ribosomal RNA methyltransferase (A1067)	29.63	gnl|BL_ORD_ID|149|hsp_num:0	49			636	789	thiostrepton	
k141_734_1 # 1 # 555 # 1 # ID=1185_1;partial=10;start_type=Edge;rbs_motif=None;rbs_spacer=None;gc_cont=0.690	k141_734	1	555	+	Loose	1280	48.1	macB	29.13	3000535	protein homolog model	n/a	n/a	macrolide antibiotic	antibiotic efflux	ATP-binding cassette (ABC) antibiotic efflux pump	28.57	gnl|BL_ORD_ID|447|hsp_num:0	487			375	645	erythromycin	
k141_24465_3 # 960 # 1667 # -1 # ID=1187_3;partial=00;start_type=ATG;rbs_motif=AGGAG;rbs_spacer=5-10bp;gc_cont=0.537	k141_24465	960	1667	-	Loose	420	221.1	smeR	49.36	3003066	protein homolog model	n/a	n/a	aminoglycoside antibiotic; cephalosporin; cephamycin; penam	antibiotic efflux	resistance-nodulation-cell division (RND) antibiotic efflux pump	102.62	gnl|BL_ORD_ID|1426|hsp_num:0	1550			0	687		
k141_24465_4 # 1719 # 3323 # -1 # ID=1187_4;partial=00;start_type=ATG;rbs_motif=None;rbs_spacer=None;gc_cont=0.573	k141_24465	1719	3323	-	Loose	850	209.9	baeS	40.07	3000829	protein homolog model	n/a	n/a	aminoglycoside antibiotic; aminocoumarin antibiotic	antibiotic efflux	resistance-nodulation-cell division (RND) antibiotic efflux pump	114.35	gnl|BL_ORD_ID|914|hsp_num:0	986			474	1377	novobiocin	
k141_56056_1 # 34 # 1143 # 1 # ID=1188_1;partial=01;start_type=ATG;rbs_motif=AAAAA;rbs_spacer=10bp;gc_cont=0.437	k141_56056	34	1143	+	Loose	810	89.7	cdeA	24.45	3003835	protein homolog model	n/a	n/a	fluoroquinolone antibiotic; disinfecting agents and antiseptics	antibiotic efflux	multidrug and toxic compound extrusion (MATE) transporter	83.90	gnl|BL_ORD_ID|2084|hsp_num:0	2321			3	1083	acriflavine	
k141_739_1 # 1 # 300 # 1 # ID=1193_1;partial=10;start_type=Edge;rbs_motif=None;rbs_spacer=None;gc_cont=0.457	k141_739	1	300	+	Loose	300	38.5	AAC(3)-Ic	28.05	3002531	protein homolog model	n/a	n/a	aminoglycoside antibiotic	antibiotic inactivation	AAC(3)	63.46	gnl|BL_ORD_ID|1036|hsp_num:0	1131			183	429	astromicin; sisomicin; gentamicin	
k141_8629_1 # 1 # 519 # 1 # ID=1194_1;partial=10;start_type=Edge;rbs_motif=None;rbs_spacer=None;gc_cont=0.459	k141_8629	1	519	+	Loose	570	171.4	bcrA	51.79	3002987	protein homolog model	n/a	n/a	peptide antibiotic	antibiotic efflux	ATP-binding cassette (ABC) antibiotic efflux pump	56.21	gnl|BL_ORD_ID|316|hsp_num:0	345			402	906	bacitracin; bacitracin A; bacitracin B; bacitracin F	
k141_40267_1 # 116 # 1276 # -1 # ID=1202_1;partial=01;start_type=Edge;rbs_motif=None;rbs_spacer=None;gc_cont=0.742	k141_40267	116	1276	-	Loose	890	115.9	cpxA	30.54	3000830	protein homolog model	n/a	n/a	aminoglycoside antibiotic; aminocoumarin antibiotic	antibiotic efflux	resistance-nodulation-cell division (RND) antibiotic efflux pump	84.46	gnl|BL_ORD_ID|132|hsp_num:0	152			492	1368	novobiocin	
k141_48212_1 # 1 # 384 # 1 # ID=1206_1;partial=10;start_type=Edge;rbs_motif=None;rbs_spacer=None;gc_cont=0.333	k141_48212	1	384	+	Loose	400	44.7	CRP	27.62	3000518	protein homolog model	n/a	n/a	macrolide antibiotic; fluoroquinolone antibiotic; penam	antibiotic efflux	resistance-nodulation-cell division (RND) antibiotic efflux pump	60.48	gnl|BL_ORD_ID|804|hsp_num:0	869			306	618	erythromycin; cloxacillin; oxacillin; norfloxacin	
k141_48223_1 # 83 # 1252 # 1 # ID=1231_1;partial=01;start_type=ATG;rbs_motif=TAA;rbs_spacer=14bp;gc_cont=0.312	k141_48223	83	1252	+	Loose	850	50.4	OpmB	23.55	3004072	protein homolog model	n/a	n/a	macrolide antibiotic; monobactam; tetracycline antibiotic; aminocoumarin antibiotic	antibiotic efflux	resistance-nodulation-cell division (RND) antibiotic efflux pump	78.31	gnl|BL_ORD_ID|2313|hsp_num:0	2716			285	987	erythromycin; tetracycline; novobiocin; aztreonam; kitasamycin; rokitamycin	
k141_32399_2 # 103 # 876 # -1 # ID=1239_2;partial=00;start_type=ATG;rbs_motif=GGAGG;rbs_spacer=5-10bp;gc_cont=0.660	k141_32399	103	876	-	Loose	650	89.4	tetA(58)	26.59	3003980	protein homolog model	n/a	n/a	tetracycline antibiotic	antibiotic efflux	major facilitator superfamily (MFS) antibiotic efflux pump	74.93	gnl|BL_ORD_ID|2244|hsp_num:0	2517			42	738	tetracycline	
k141_24498_2 # 744 # 1598 # -1 # ID=1240_2;partial=01;start_type=Edge;rbs_motif=None;rbs_spacer=None;gc_cont=0.289	k141_24498	744	1598	-	Loose	1000	133.3	msbA	29.39	3003950	protein homolog model	n/a	n/a	nitroimidazole antibiotic	antibiotic efflux	ATP-binding cassette (ABC) antibiotic efflux pump	48.80	gnl|BL_ORD_ID|2186|hsp_num:0	2423			828	1659	metronidazole	
k141_56082_1 # 429 # 1148 # 1 # ID=1241_1;partial=00;start_type=ATG;rbs_motif=GGAG/GAGG;rbs_spacer=5-10bp;gc_cont=0.335	k141_56082	429	1148	+	Loose	1280	78.6	macB	25.32	3000535	protein homolog model	n/a	n/a	macrolide antibiotic	antibiotic efflux	ATP-binding cassette (ABC) antibiotic efflux pump	37.11	gnl|BL_ORD_ID|447|hsp_num:0	487			6	693	erythromycin	
k141_32410_1 # 1 # 390 # -1 # ID=1255_1;partial=10;start_type=ATG;rbs_motif=AGGA/GGAG/GAGG;rbs_spacer=11-12bp;gc_cont=0.367	k141_32410	1	390	-	Loose	1200	75.9	arnA	33.86	3002985	protein homolog model	n/a	n/a	peptide antibiotic	antibiotic target alteration	pmr phosphoethanolamine transferase	19.64	gnl|BL_ORD_ID|1514|hsp_num:0	1643			9	381	polymyxin B	
k141_32413_2 # 335 # 1471 # 1 # ID=1261_2;partial=01;start_type=ATG;rbs_motif=None;rbs_spacer=None;gc_cont=0.549	k141_32413	335	1471	+	Loose	2200	59.3	Bifidobacterium bifidum ileS conferring resistance to mupirocin	23.86	3003730	protein homolog model	n/a	n/a	mupirocin-like antibiotic	antibiotic target alteration	antibiotic-resistant isoleucyl-tRNA synthetase (ileS)	34.24	gnl|BL_ORD_ID|4695|hsp_num:0	2278			69	645	mupirocin	
k141_16618_1 # 2 # 823 # 1 # ID=1274_1;partial=10;start_type=Edge;rbs_motif=None;rbs_spacer=None;gc_cont=0.642	k141_16618	2	823	+	Loose	500	89.0	RanA	24.46	3005091	protein homolog model	n/a	n/a	aminoglycoside antibiotic	antibiotic efflux	ATP-binding cassette (ABC) antibiotic efflux pump	105.81	gnl|BL_ORD_ID|2809|hsp_num:0	3825			0	675		
k141_16618_2 # 900 # 1592 # 1 # ID=1274_2;partial=00;start_type=ATG;rbs_motif=None;rbs_spacer=None;gc_cont=0.651	k141_16618	900	1592	+	Loose	1280	97.8	macB	32.16	3000535	protein homolog model	n/a	n/a	macrolide antibiotic	antibiotic efflux	ATP-binding cassette (ABC) antibiotic efflux pump	35.71	gnl|BL_ORD_ID|447|hsp_num:0	487			6	597	erythromycin	
k141_32418_3 # 1851 # 2012 # 1 # ID=1278_3;partial=01;start_type=ATG;rbs_motif=GGAG/GAGG;rbs_spacer=5-10bp;gc_cont=0.494	k141_32418	1851	2012	+	Loose	550	36.6	NmcR	40.82	3003665	protein homolog model	n/a	n/a	carbapenem; cephalosporin; cephamycin; penam	antibiotic inactivation	NmcA beta-lactamase	18.31	gnl|BL_ORD_ID|1906|hsp_num:0	2072			18	165	cefoxitin; cefazolin; ampicillin	
k141_48251_3 # 3060 # 3833 # 1 # ID=1283_3;partial=01;start_type=ATG;rbs_motif=GGAG/GAGG;rbs_spacer=5-10bp;gc_cont=0.540	k141_48251	3060	3833	+	Loose	175	67.4	vanT gene in vanG cluster	25.87	3002972	protein homolog model	n/a	n/a	glycopeptide antibiotic	antibiotic target alteration	glycopeptide resistance gene cluster; vanT	36.24	gnl|BL_ORD_ID|1523|hsp_num:0	1561			921	1662	vancomycin	
k141_24529_2 # 449 # 1129 # -1 # ID=1292_2;partial=01;start_type=Edge;rbs_motif=None;rbs_spacer=None;gc_cont=0.689	k141_24529	449	1129	-	Loose	1280	142.5	macB	38.36	3000535	protein homolog model	n/a	n/a	macrolide antibiotic	antibiotic efflux	ATP-binding cassette (ABC) antibiotic efflux pump	35.09	gnl|BL_ORD_ID|447|hsp_num:0	487			24	669	erythromycin	
k141_32432_1 # 2 # 589 # -1 # ID=1295_1;partial=10;start_type=ATG;rbs_motif=None;rbs_spacer=None;gc_cont=0.668	k141_32432	2	589	-	Loose	400	58.9	Pseudomonas aeruginosa CpxR	32.31	3004054	protein homolog model	n/a	n/a	macrolide antibiotic; fluoroquinolone antibiotic; monobactam; aminoglycoside antibiotic; carbapenem; cephalosporin; cephamycin; penam; tetracycline antibiotic; peptide antibiotic; aminocoumarin antibiotic; diaminopyrimidine antibiotic; sulfonamide antibiotic; phenicol antibiotic; penem	antibiotic efflux	resistance-nodulation-cell division (RND) antibiotic efflux pump	87.11	gnl|BL_ORD_ID|2301|hsp_num:0	2685			0	381	erythromycin; ciprofloxacin; tetracycline; ceftazidime; ceftriaxone; meropenem; novobiocin; azithromycin; trimethoprim; sulfamethoxazole; chloramphenicol; aztreonam; colistin A; colistin B; ampicillin; panipenem; trimethoprim-sulfamethoxazole	
k141_32432_2 # 632 # 2857 # -1 # ID=1295_2;partial=00;start_type=GTG;rbs_motif=None;rbs_spacer=None;gc_cont=0.672	k141_32432	632	2857	-	Loose	900	54.3	basS	27.39	3003583	protein homolog model	n/a	n/a	peptide antibiotic	antibiotic target alteration; antibiotic efflux	pmr phosphoethanolamine transferase	155.35	gnl|BL_ORD_ID|2351|hsp_num:0	249			711	1371	polymyxin B	
k141_56107_5 # 3027 # 3686 # 1 # ID=1298_5;partial=00;start_type=ATG;rbs_motif=GGA/GAG/AGG;rbs_spacer=5-10bp;gc_cont=0.511	k141_56107	3027	3686	+	Loose	390	90.9	evgA	28.22	3000832	protein homolog model	n/a	n/a	macrolide antibiotic; fluoroquinolone antibiotic; penam; tetracycline antibiotic	antibiotic efflux	major facilitator superfamily (MFS) antibiotic efflux pump; resistance-nodulation-cell division (RND) antibiotic efflux pump	107.35	gnl|BL_ORD_ID|937|hsp_num:0	1015			9	603	erythromycin; cloxacillin; tetracycline; oxacillin; norfloxacin	
k141_8695_4 # 2614 # 3348 # -1 # ID=1301_4;partial=00;start_type=ATG;rbs_motif=AGGA;rbs_spacer=5-10bp;gc_cont=0.506	k141_8695	2614	3348	-	Loose	1280	136.0	macB	36.73	3000535	protein homolog model	n/a	n/a	macrolide antibiotic	antibiotic efflux	ATP-binding cassette (ABC) antibiotic efflux pump	37.89	gnl|BL_ORD_ID|447|hsp_num:0	487			6	678	erythromycin	
k141_32437_1 # 1 # 585 # 1 # ID=1306_1;partial=10;start_type=Edge;rbs_motif=None;rbs_spacer=None;gc_cont=0.549	k141_32437	1	585	+	Loose	500	62.8	RanA	38.27	3005091	protein homolog model	n/a	n/a	aminoglycoside antibiotic	antibiotic efflux	ATP-binding cassette (ABC) antibiotic efflux pump	75.19	gnl|BL_ORD_ID|2809|hsp_num:0	3825			399	642		
k141_32437_2 # 582 # 1586 # 1 # ID=1306_2;partial=00;start_type=ATG;rbs_motif=AGGAG;rbs_spacer=5-10bp;gc_cont=0.537	k141_32437	582	1586	+	Loose	500	97.8	RanA	28.29	3005091	protein homolog model	n/a	n/a	aminoglycoside antibiotic	antibiotic efflux	ATP-binding cassette (ABC) antibiotic efflux pump	129.46	gnl|BL_ORD_ID|2809|hsp_num:0	3825			39	642		
k141_8698_1 # 1 # 324 # 1 # ID=1307_1;partial=10;start_type=Edge;rbs_motif=None;rbs_spacer=None;gc_cont=0.318	k141_8698	1	324	+	Loose	300	45.1	SAT-2	41.82	3002895	protein homolog model	n/a	n/a	nucleoside antibiotic	antibiotic inactivation	streptothricin acetyltransferase (SAT)	61.49	gnl|BL_ORD_ID|1204|hsp_num:0	1285			255	420	streptothricin	
k141_48275_2 # 805 # 1257 # -1 # ID=1310_2;partial=01;start_type=Edge;rbs_motif=None;rbs_spacer=None;gc_cont=0.499	k141_48275	805	1257	-	Loose	650	78.6	tetA(58)	31.15	3003980	protein homolog model	n/a	n/a	tetracycline antibiotic	antibiotic efflux	major facilitator superfamily (MFS) antibiotic efflux pump	43.73	gnl|BL_ORD_ID|2244|hsp_num:0	2517			342	708	tetracycline	
k141_16657_1 # 1 # 186 # 1 # ID=1330_1;partial=10;start_type=Edge;rbs_motif=None;rbs_spacer=None;gc_cont=0.699	k141_16657	1	186	+	Loose	890	55.5	cpxA	51.72	3000830	protein homolog model	n/a	n/a	aminoglycoside antibiotic; aminocoumarin antibiotic	antibiotic efflux	resistance-nodulation-cell division (RND) antibiotic efflux pump	13.35	gnl|BL_ORD_ID|132|hsp_num:0	152			1185	1359	novobiocin	
k141_24563_1 # 2 # 931 # -1 # ID=1336_1;partial=10;start_type=ATG;rbs_motif=GGA/GAG/AGG;rbs_spacer=5-10bp;gc_cont=0.646	k141_24563	2	931	-	Loose	300	61.2	tet(S)	23.95	3000192	protein homolog model	n/a	n/a	tetracycline antibiotic	antibiotic target protection	tetracycline-resistant ribosomal protection protein	48.36	gnl|BL_ORD_ID|1525|hsp_num:0	1553			288	942	tetracycline; doxycycline; minocycline; chlortetracycline; demeclocycline; oxytetracycline	
k141_24563_2 # 974 # 1513 # -1 # ID=1336_2;partial=01;start_type=Edge;rbs_motif=None;rbs_spacer=None;gc_cont=0.639	k141_24563	974	1513	-	Loose	300	74.7	tet(36)	45.88	3000197	protein homolog model	n/a	n/a	tetracycline antibiotic	antibiotic target protection	tetracycline-resistant ribosomal protection protein	27.97	gnl|BL_ORD_ID|1676|hsp_num:0	1708			3	243	tetracycline; doxycycline; minocycline; chlortetracycline; demeclocycline; oxytetracycline	
k141_841_3 # 2210 # 2608 # 1 # ID=1362_3;partial=00;start_type=TTG;rbs_motif=GGAG/GAGG;rbs_spacer=5-10bp;gc_cont=0.551	k141_841	2210	2608	+	Loose	400	80.1	vanR gene in vanM cluster	34.17	3002928	protein homolog model	n/a	n/a	glycopeptide antibiotic	antibiotic target alteration	glycopeptide resistance gene cluster; vanR	56.90	gnl|BL_ORD_ID|4736|hsp_num:0	752			15	354	vancomycin; teicoplanin	
k141_841_4 # 2608 # 2973 # 1 # ID=1362_4;partial=00;start_type=ATG;rbs_motif=AGGAG;rbs_spacer=5-10bp;gc_cont=0.527	k141_841	2608	2973	+	Loose	400	86.7	ParR	32.2	3005068	protein homolog model	n/a	n/a	macrolide antibiotic; fluoroquinolone antibiotic; monobactam; aminoglycoside antibiotic; carbapenem; cephalosporin; cephamycin; penam; tetracycline antibiotic; phenicol antibiotic; penem; disinfecting agents and antiseptics	antibiotic efflux; reduced permeability to antibiotic	resistance-nodulation-cell division (RND) antibiotic efflux pump; Outer Membrane Porin (Opr)	51.49	gnl|BL_ORD_ID|2792|hsp_num:0	3806			15	360	erythromycin; amikacin; gentamicin C; ciprofloxacin; acriflavine; tetracycline; tobramycin; meropenem; imipenem; chloramphenicol; norfloxacin; ofloxacin; gentamicin	
k141_48311_1 # 3 # 818 # 1 # ID=1372_1;partial=10;start_type=Edge;rbs_motif=None;rbs_spacer=None;gc_cont=0.580	k141_48311	3	818	+	Strict	450	527.3	aadA5	99.62	3002605	protein homolog model	n/a	n/a	aminoglycoside antibiotic	antibiotic inactivation	ANT(3'')	103.44	gnl|BL_ORD_ID|1303|hsp_num:0	1420			0	786	spectinomycin; streptomycin	
k141_24581_2 # 352 # 1116 # 1 # ID=1375_2;partial=01;start_type=ATG;rbs_motif=None;rbs_spacer=None;gc_cont=0.617	k141_24581	352	1116	+	Loose	500	111.3	bcr-1	34.39	3003801	protein homolog model	n/a	n/a	bicyclomycin-like antibiotic	antibiotic efflux	major facilitator superfamily (MFS) antibiotic efflux pump	63.43	gnl|BL_ORD_ID|2333|hsp_num:0	2303			48	702	bicyclomycin	
k141_56143_1 # 3 # 1595 # 1 # ID=1378_1;partial=10;start_type=Edge;rbs_motif=None;rbs_spacer=None;gc_cont=0.599	k141_56143	3	1595	+	Loose	1750	152.5	amrB	24.9	3002983	protein homolog model	n/a	n/a	aminoglycoside antibiotic	antibiotic efflux	resistance-nodulation-cell division (RND) antibiotic efflux pump	50.81	gnl|BL_ORD_ID|429|hsp_num:0	476			1632	3057		
k141_48314_3 # 1533 # 3158 # 1 # ID=1383_3;partial=00;start_type=ATG;rbs_motif=AAAA;rbs_spacer=4bp;gc_cont=0.343	k141_48314	1533	3158	+	Loose	1300	220.7	optrA	27.15	3003746	protein homolog model	n/a	n/a	oxazolidinone antibiotic; phenicol antibiotic	antibiotic target protection	Miscellaneous ABC-F subfamily ATP-binding cassette ribosomal protection proteins	82.60	gnl|BL_ORD_ID|2070|hsp_num:0	2263			66	1641	linezolid; chloramphenicol; florfenicol; tedizolid	
k141_24586_2 # 1102 # 1587 # -1 # ID=1386_2;partial=01;start_type=Edge;rbs_motif=None;rbs_spacer=None;gc_cont=0.500	k141_24586	1102	1587	-	Loose	1280	112.1	macB	43.18	3000535	protein homolog model	n/a	n/a	macrolide antibiotic	antibiotic efflux	ATP-binding cassette (ABC) antibiotic efflux pump	25.00	gnl|BL_ORD_ID|447|hsp_num:0	487			264	660	erythromycin	
k141_56148_1 # 2 # 901 # -1 # ID=1399_1;partial=10;start_type=ATG;rbs_motif=AGGAG;rbs_spacer=5-10bp;gc_cont=0.434	k141_56148	2	901	-	Loose	550	43.9	NmcR	26.19	3003665	protein homolog model	n/a	n/a	carbapenem; cephalosporin; cephamycin; penam	antibiotic inactivation	NmcA beta-lactamase	101.69	gnl|BL_ORD_ID|1906|hsp_num:0	2072			39	621	cefoxitin; cefazolin; ampicillin	
k141_859_2 # 1014 # 1595 # -1 # ID=1401_2;partial=01;start_type=Edge;rbs_motif=None;rbs_spacer=None;gc_cont=0.686	k141_859	1014	1595	-	Loose	1280	48.9	macB	28.16	3000535	protein homolog model	n/a	n/a	macrolide antibiotic	antibiotic efflux	ATP-binding cassette (ABC) antibiotic efflux pump	29.97	gnl|BL_ORD_ID|447|hsp_num:0	487			375	645	erythromycin	
k141_32497_1 # 3 # 422 # -1 # ID=1418_1;partial=10;start_type=ATG;rbs_motif=AGGAG;rbs_spacer=5-10bp;gc_cont=0.610	k141_32497	3	422	-	Loose	1700	62.4	LpeB	31.19	3004100	protein homolog model	n/a	n/a	macrolide antibiotic	antibiotic efflux	resistance-nodulation-cell division (RND) antibiotic efflux pump	13.81	gnl|BL_ORD_ID|2388|hsp_num:0	2759			33	360	erythromycin; spiramycin; azithromycin	
k141_32497_7 # 3661 # 4083 # 1 # ID=1418_7;partial=00;start_type=ATG;rbs_motif=GGA/GAG/AGG;rbs_spacer=5-10bp;gc_cont=0.556	k141_32497	3661	4083	+	Loose	290	95.1	golS	44.09	3000504	protein homolog model	n/a	n/a	monobactam; carbapenem; cephalosporin; cephamycin; penam; phenicol antibiotic; penem	antibiotic efflux	resistance-nodulation-cell division (RND) antibiotic efflux pump	90.91	gnl|BL_ORD_ID|36|hsp_num:0	44			0	378	chloramphenicol	
k141_32499_3 # 2040 # 2717 # -1 # ID=1422_3;partial=01;start_type=Edge;rbs_motif=None;rbs_spacer=None;gc_cont=0.729	k141_32499	2040	2717	-	Loose	650	52.4	tetA(58)	25.43	3003980	protein homolog model	n/a	n/a	tetracycline antibiotic	antibiotic efflux	major facilitator superfamily (MFS) antibiotic efflux pump	65.60	gnl|BL_ORD_ID|2244|hsp_num:0	2517			201	678	tetracycline	
k141_32507_1 # 2 # 607 # -1 # ID=1438_1;partial=10;start_type=ATG;rbs_motif=GGAG/GAGG;rbs_spacer=5-10bp;gc_cont=0.323	k141_32507	2	607	-	Loose	400	147.1	vanR gene in vanE cluster	38.81	3002924	protein homolog model	n/a	n/a	glycopeptide antibiotic	antibiotic target alteration	glycopeptide resistance gene cluster; vanR	88.21	gnl|BL_ORD_ID|4675|hsp_num:0	691			0	588	vancomycin	
k141_24628_1 # 10 # 963 # -1 # ID=1439_1;partial=00;start_type=ATG;rbs_motif=GGAG/GAGG;rbs_spacer=5-10bp;gc_cont=0.715	k141_24628	10	963	-	Loose	650	112.8	adeL	31.01	3000620	protein homolog model	n/a	n/a	fluoroquinolone antibiotic; tetracycline antibiotic	antibiotic efflux	resistance-nodulation-cell division (RND) antibiotic efflux pump	94.07	gnl|BL_ORD_ID|2316|hsp_num:0	2654			0	903	tetracycline	
k141_16733_2 # 678 # 1136 # 1 # ID=1440_2;partial=01;start_type=ATG;rbs_motif=AGGA;rbs_spacer=5-10bp;gc_cont=0.508	k141_16733	678	1136	+	Loose	1200	90.5	tet(T)	39.26	3000193	protein homolog model	n/a	n/a	tetracycline antibiotic	antibiotic target protection	tetracycline-resistant ribosomal protection protein	23.50	gnl|BL_ORD_ID|1955|hsp_num:0	2037			3	393	tetracycline; doxycycline; minocycline; chlortetracycline; demeclocycline; oxytetracycline	
k141_40414_1 # 3 # 1235 # -1 # ID=1442_1;partial=10;start_type=ATG;rbs_motif=AAAA;rbs_spacer=11bp;gc_cont=0.386	k141_40414	3	1235	-	Loose	2000	339.0	oqxB	45.37	3003923	protein homolog model	n/a	n/a	fluoroquinolone antibiotic; glycylcycline; tetracycline antibiotic; diaminopyrimidine antibiotic; nitrofuran antibiotic	antibiotic efflux	resistance-nodulation-cell division (RND) antibiotic efflux pump	39.14	gnl|BL_ORD_ID|2153|hsp_num:0	2400			18	1248	tigecycline; ciprofloxacin; nitrofurantoin; trimethoprim	
k141_40414_2 # 1235 # 1993 # -1 # ID=1442_2;partial=01;start_type=Edge;rbs_motif=None;rbs_spacer=None;gc_cont=0.381	k141_40414	1235	1993	-	Loose	675	95.1	mdtE	27.88	3000795	protein homolog model	n/a	n/a	macrolide antibiotic; fluoroquinolone antibiotic; penam	antibiotic efflux	resistance-nodulation-cell division (RND) antibiotic efflux pump	65.45	gnl|BL_ORD_ID|1757|hsp_num:0	1903			423	1098	erythromycin; cloxacillin; oxacillin; norfloxacin	
k141_16736_1 # 5 # 694 # -1 # ID=1447_1;partial=00;start_type=ATG;rbs_motif=GGAG/GAGG;rbs_spacer=5-10bp;gc_cont=0.612	k141_16736	5	694	-	Loose	570	113.2	bcrA	29.91	3002987	protein homolog model	n/a	n/a	peptide antibiotic	antibiotic efflux	ATP-binding cassette (ABC) antibiotic efflux pump	74.84	gnl|BL_ORD_ID|316|hsp_num:0	345			9	642	bacitracin; bacitracin A; bacitracin B; bacitracin F	
k141_16736_2 # 714 # 1457 # -1 # ID=1447_2;partial=00;start_type=ATG;rbs_motif=AGGAG;rbs_spacer=5-10bp;gc_cont=0.621	k141_16736	714	1457	-	Loose	650	95.5	tetA(58)	27.16	3003980	protein homolog model	n/a	n/a	tetracycline antibiotic	antibiotic efflux	major facilitator superfamily (MFS) antibiotic efflux pump	72.01	gnl|BL_ORD_ID|2244|hsp_num:0	2517			42	708	tetracycline	
k141_32512_2 # 352 # 894 # 1 # ID=1449_2;partial=00;start_type=ATG;rbs_motif=AGGAG;rbs_spacer=5-10bp;gc_cont=0.621	k141_32512	352	894	+	Loose	700	45.4	OmpA	26.8	3005044	protein homolog model	n/a	n/a	peptide antibiotic	reduced permeability to antibiotic	General Bacterial Porin with reduced permeability to peptide antibiotics	48.13	gnl|BL_ORD_ID|2775|hsp_num:0	3787			744	1035	polymyxin B; defensin	
k141_8794_1 # 3 # 263 # 1 # ID=1453_1;partial=10;start_type=Edge;rbs_motif=None;rbs_spacer=None;gc_cont=0.460	k141_8794	3	263	+	Loose	400	64.7	mtrA	36.9	3000816	protein homolog model	n/a	n/a	macrolide antibiotic; penam	antibiotic efflux	resistance-nodulation-cell division (RND) antibiotic efflux pump	28.57	gnl|BL_ORD_ID|1432|hsp_num:0	1559			639	891	erythromycin; penicillin; azithromycin	
k141_8794_3 # 1092 # 1568 # -1 # ID=1453_3;partial=01;start_type=Edge;rbs_motif=None;rbs_spacer=None;gc_cont=0.480	k141_8794	1092	1568	-	Loose	570	72.0	bcrA	36.51	3002987	protein homolog model	n/a	n/a	peptide antibiotic	antibiotic efflux	ATP-binding cassette (ABC) antibiotic efflux pump	51.63	gnl|BL_ORD_ID|316|hsp_num:0	345			363	741	bacitracin; bacitracin A; bacitracin B; bacitracin F	
k141_16740_2 # 361 # 750 # 1 # ID=1462_2;partial=00;start_type=ATG;rbs_motif=GGAG/GAGG;rbs_spacer=5-10bp;gc_cont=0.382	k141_16740	361	750	+	Loose	400	93.2	kdpE	33.33	3003841	protein homolog model	n/a	n/a	aminoglycoside antibiotic	antibiotic efflux	kdpDE	57.33	gnl|BL_ORD_ID|2104|hsp_num:0	2331			0	387	kanamycin A	
k141_16740_3 # 832 # 1050 # 1 # ID=1462_3;partial=00;start_type=ATG;rbs_motif=GGAG/GAGG;rbs_spacer=5-10bp;gc_cont=0.384	k141_16740	832	1050	+	Loose	400	45.4	vanR gene in vanL cluster	33.85	3002927	protein homolog model	n/a	n/a	glycopeptide antibiotic	antibiotic target alteration	glycopeptide resistance gene cluster; vanR	31.17	gnl|BL_ORD_ID|456|hsp_num:0	409			492	684	vancomycin	
k141_48361_1 # 2 # 280 # 1 # ID=1463_1;partial=10;start_type=Edge;rbs_motif=None;rbs_spacer=None;gc_cont=0.699	k141_48361	2	280	+	Loose	200	53.1	vanH gene in vanP cluster	41.86	3007188	protein homolog model	n/a	n/a	glycopeptide antibiotic	antibiotic target alteration	vanH; glycopeptide resistance gene cluster	29.30	gnl|BL_ORD_ID|4819|hsp_num:0	5804			651	909	vancomycin; teicoplanin	
k141_32518_1 # 1 # 1122 # 1 # ID=1467_1;partial=10;start_type=Edge;rbs_motif=None;rbs_spacer=None;gc_cont=0.588	k141_32518	1	1122	+	Loose	200	77.4	tet(37)	44.44	3002871	protein homolog model	n/a	n/a	tetracycline antibiotic	antibiotic inactivation	tetracycline inactivation enzyme	345.37	gnl|BL_ORD_ID|763|hsp_num:0	774			6	240	tetracycline	
k141_32542_1 # 1 # 654 # -1 # ID=1497_1;partial=10;start_type=ATG;rbs_motif=None;rbs_spacer=None;gc_cont=0.664	k141_32542	1	654	-	Loose	400	126.7	Pseudomonas aeruginosa CpxR	39.13	3004054	protein homolog model	n/a	n/a	macrolide antibiotic; fluoroquinolone antibiotic; monobactam; aminoglycoside antibiotic; carbapenem; cephalosporin; cephamycin; penam; tetracycline antibiotic; peptide antibiotic; aminocoumarin antibiotic; diaminopyrimidine antibiotic; sulfonamide antibiotic; phenicol antibiotic; penem	antibiotic efflux	resistance-nodulation-cell division (RND) antibiotic efflux pump	96.89	gnl|BL_ORD_ID|2301|hsp_num:0	2685			6	609	erythromycin; ciprofloxacin; tetracycline; ceftazidime; ceftriaxone; meropenem; novobiocin; azithromycin; trimethoprim; sulfamethoxazole; chloramphenicol; aztreonam; colistin A; colistin B; ampicillin; panipenem; trimethoprim-sulfamethoxazole	
k141_8836_1 # 3 # 773 # -1 # ID=1506_1;partial=10;start_type=ATG;rbs_motif=GGA/GAG/AGG;rbs_spacer=5-10bp;gc_cont=0.327	k141_8836	3	773	-	Loose	400	75.5	TxR	38.74	3005008	protein homolog model	n/a	n/a	tetracycline antibiotic	antibiotic efflux	ATP-binding cassette (ABC) antibiotic efflux pump	80.82	gnl|BL_ORD_ID|4725|hsp_num:0	3753			141	453	tetracycline	
k141_40453_1 # 55 # 759 # 1 # ID=1507_1;partial=00;start_type=ATG;rbs_motif=AGGAG;rbs_spacer=5-10bp;gc_cont=0.604	k141_40453	55	759	+	Loose	400	180.3	vanR gene in vanI cluster	39.04	3003728	protein homolog model	n/a	n/a	glycopeptide antibiotic	antibiotic target alteration	glycopeptide resistance gene cluster; vanR	100.86	gnl|BL_ORD_ID|2066|hsp_num:0	2246			12	693	vancomycin; teicoplanin	
k141_929_2 # 1770 # 2429 # 1 # ID=1509_2;partial=00;start_type=ATG;rbs_motif=GGAG/GAGG;rbs_spacer=5-10bp;gc_cont=0.564	k141_929	1770	2429	+	Loose	390	96.7	evgA	28.57	3000832	protein homolog model	n/a	n/a	macrolide antibiotic; fluoroquinolone antibiotic; penam; tetracycline antibiotic	antibiotic efflux	major facilitator superfamily (MFS) antibiotic efflux pump; resistance-nodulation-cell division (RND) antibiotic efflux pump	107.35	gnl|BL_ORD_ID|937|hsp_num:0	1015			12	609	erythromycin; cloxacillin; tetracycline; oxacillin; norfloxacin	
k141_40455_2 # 392 # 1165 # 1 # ID=1514_2;partial=00;start_type=ATG;rbs_motif=None;rbs_spacer=None;gc_cont=0.673	k141_40455	392	1165	+	Loose	450	40.8	tsnR	26.43	3003060	protein homolog model	n/a	n/a	peptide antibiotic	antibiotic target alteration	non-erm 23S ribosomal RNA methyltransferase (A1067)	95.19	gnl|BL_ORD_ID|149|hsp_num:0	49			354	774	thiostrepton	
k141_24685_2 # 380 # 1315 # -1 # ID=1548_2;partial=01;start_type=Edge;rbs_motif=None;rbs_spacer=None;gc_cont=0.375	k141_24685	380	1315	-	Loose	700	76.3	OmpA	39.62	3005044	protein homolog model	n/a	n/a	peptide antibiotic	reduced permeability to antibiotic	General Bacterial Porin with reduced permeability to peptide antibiotics	83.16	gnl|BL_ORD_ID|2775|hsp_num:0	3787			741	1050	polymyxin B; defensin	
k141_32588_1 # 2 # 727 # 1 # ID=1557_1;partial=10;start_type=Edge;rbs_motif=None;rbs_spacer=None;gc_cont=0.665	k141_32588	2	727	+	Loose	500	62.0	LlmA 23S ribosomal RNA methyltransferase	33.06	3003982	protein homolog model	n/a	n/a	lincosamide antibiotic	antibiotic target alteration	Llm 23S ribosomal RNA methyltransferase	83.97	gnl|BL_ORD_ID|2228|hsp_num:0	2519			240	600	clindamycin	
k141_960_3 # 1000 # 1917 # 1 # ID=1564_3;partial=00;start_type=ATG;rbs_motif=GGA/GAG/AGG;rbs_spacer=5-10bp;gc_cont=0.554	k141_960	1000	1917	+	Loose	600	40.0	CAR-1	25.0	3006903	protein homolog model	n/a	n/a	carbapenem	antibiotic inactivation	CAR beta-lactamase	89.18	gnl|BL_ORD_ID|3340|hsp_num:0	4408			306	690		
k141_968_1 # 2 # 184 # -1 # ID=1570_1;partial=10;start_type=ATG;rbs_motif=GGAG/GAGG;rbs_spacer=5-10bp;gc_cont=0.645	k141_968	2	184	-	Loose	1080	62.0	rosB	60.66	3003049	protein homolog model	n/a	n/a	peptide antibiotic	antibiotic efflux	major facilitator superfamily (MFS) antibiotic efflux pump	10.83	gnl|BL_ORD_ID|467|hsp_num:0	507			0	183	polymyxin B; polymyxin B1; polymyxin B2; polymyxin B3; polymyxin B4	
k141_56294_2 # 559 # 1191 # -1 # ID=1582_2;partial=01;start_type=Edge;rbs_motif=None;rbs_spacer=None;gc_cont=0.485	k141_56294	559	1191	-	Loose	470	38.9	sdiA	22.83	3000826	protein homolog model	n/a	n/a	fluoroquinolone antibiotic; cephalosporin; glycylcycline; penam; tetracycline antibiotic; rifamycin antibiotic; phenicol antibiotic; disinfecting agents and antiseptics	antibiotic efflux	resistance-nodulation-cell division (RND) antibiotic efflux pump	87.50	gnl|BL_ORD_ID|208|hsp_num:0	228			444	720	tigecycline; tetracycline; rifampin; chloramphenicol; ampicillin; cefalotin; triclosan	
k141_40527_1 # 1 # 393 # -1 # ID=1610_1;partial=10;start_type=ATG;rbs_motif=None;rbs_spacer=None;gc_cont=0.532	k141_40527	1	393	-	Loose	900	90.9	emrB	42.61	3000074	protein homolog model	n/a	n/a	fluoroquinolone antibiotic	antibiotic efflux	major facilitator superfamily (MFS) antibiotic efflux pump	25.59	gnl|BL_ORD_ID|1707|hsp_num:0	1847			39	384	nalidixic acid	
k141_16864_1 # 2 # 739 # 1 # ID=1639_1;partial=10;start_type=Edge;rbs_motif=None;rbs_spacer=None;gc_cont=0.607	k141_16864	2	739	+	Loose	450	89.0	RanB	26.16	3005090	protein homolog model	n/a	n/a	aminoglycoside antibiotic	antibiotic efflux	ATP-binding cassette (ABC) antibiotic efflux pump	96.84	gnl|BL_ORD_ID|2808|hsp_num:0	3824			54	756		
k141_16864_2 # 752 # 1552 # 1 # ID=1639_2;partial=00;start_type=ATG;rbs_motif=None;rbs_spacer=None;gc_cont=0.653	k141_16864	752	1552	+	Loose	500	118.6	RanA	32.55	3005091	protein homolog model	n/a	n/a	aminoglycoside antibiotic	antibiotic efflux	ATP-binding cassette (ABC) antibiotic efflux pump	103.10	gnl|BL_ORD_ID|2809|hsp_num:0	3825			0	633		
k141_16871_2 # 357 # 1769 # -1 # ID=1647_2;partial=00;start_type=ATG;rbs_motif=TAA;rbs_spacer=12bp;gc_cont=0.353	k141_16871	357	1769	-	Loose	600	161.4	OprZ	28.42	3004142	protein homolog model	n/a	n/a	macrolide antibiotic; fluoroquinolone antibiotic; aminoglycoside antibiotic; cephalosporin	antibiotic efflux	resistance-nodulation-cell division (RND) antibiotic efflux pump	101.51	gnl|BL_ORD_ID|2409|hsp_num:0	2796			9	1362	erythromycin; cefepime	
k141_16871_3 # 1789 # 2442 # -1 # ID=1647_3;partial=01;start_type=Edge;rbs_motif=None;rbs_spacer=None;gc_cont=0.355	k141_16871	1789	2442	-	Loose	2000	160.2	adeJ	46.3	3000781	protein homolog model	n/a	n/a	macrolide antibiotic; fluoroquinolone antibiotic; lincosamide antibiotic; carbapenem; cephalosporin; tetracycline antibiotic; rifamycin antibiotic; diaminopyrimidine antibiotic; phenicol antibiotic; penem	antibiotic efflux	resistance-nodulation-cell division (RND) antibiotic efflux pump	20.51	gnl|BL_ORD_ID|575|hsp_num:0	630			2496	3135	tetracycline; rifampin; imipenem; trimethoprim; chloramphenicol; ticarcillin	
k141_40544_4 # 1760 # 2650 # -1 # ID=1649_4;partial=00;start_type=GTG;rbs_motif=GGAG/GAGG;rbs_spacer=5-10bp;gc_cont=0.681	k141_40544	1760	2650	-	Loose	570	146.7	bcrA	40.3	3002987	protein homolog model	n/a	n/a	peptide antibiotic	antibiotic efflux	ATP-binding cassette (ABC) antibiotic efflux pump	96.73	gnl|BL_ORD_ID|316|hsp_num:0	345			33	633	bacitracin; bacitracin A; bacitracin B; bacitracin F	
k141_24768_1 # 1 # 1029 # -1 # ID=1662_1;partial=10;start_type=ATG;rbs_motif=None;rbs_spacer=None;gc_cont=0.674	k141_24768	1	1029	-	Loose	400	177.2	TxR	45.83	3005008	protein homolog model	n/a	n/a	tetracycline antibiotic	antibiotic efflux	ATP-binding cassette (ABC) antibiotic efflux pump	107.86	gnl|BL_ORD_ID|4725|hsp_num:0	3753			66	642	tetracycline	
k141_24768_3 # 1725 # 3173 # -1 # ID=1662_3;partial=00;start_type=ATG;rbs_motif=None;rbs_spacer=None;gc_cont=0.681	k141_24768	1725	3173	-	Loose	850	97.1	baeS	27.3	3000829	protein homolog model	n/a	n/a	aminoglycoside antibiotic; aminocoumarin antibiotic	antibiotic efflux	resistance-nodulation-cell division (RND) antibiotic efflux pump	103.21	gnl|BL_ORD_ID|914|hsp_num:0	986			519	1374	novobiocin	
k141_56348_1 # 3 # 461 # -1 # ID=1672_1;partial=10;start_type=TTG;rbs_motif=AAA;rbs_spacer=4bp;gc_cont=0.473	k141_56348	3	461	-	Loose	600	87.8	ICR-Mo	41.73	3004569	protein homolog model	n/a	n/a	peptide antibiotic	antibiotic target alteration	intrinsic colistin resistant phosphoethanolamine transferase	27.42	gnl|BL_ORD_ID|2715|hsp_num:0	3271			90	471	colistin A; colistin B	
k141_40564_2 # 527 # 1423 # -1 # ID=1680_2;partial=00;start_type=ATG;rbs_motif=GGA/GAG/AGG;rbs_spacer=5-10bp;gc_cont=0.677	k141_40564	527	1423	-	Loose	500	102.4	RanA	33.51	3005091	protein homolog model	n/a	n/a	aminoglycoside antibiotic	antibiotic efflux	ATP-binding cassette (ABC) antibiotic efflux pump	115.50	gnl|BL_ORD_ID|2809|hsp_num:0	3825			72	633		
k141_8957_1 # 3 # 302 # -1 # ID=1681_1;partial=10;start_type=ATG;rbs_motif=AGGAGG;rbs_spacer=5-10bp;gc_cont=0.510	k141_8957	3	302	-	Loose	400	44.7	vanR gene in vanF cluster	32.32	3002925	protein homolog model	n/a	n/a	glycopeptide antibiotic	antibiotic target alteration	glycopeptide resistance gene cluster; vanR	43.29	gnl|BL_ORD_ID|299|hsp_num:0	240			15	309	vancomycin	
k141_1044_1 # 3 # 299 # 1 # ID=1702_1;partial=10;start_type=Edge;rbs_motif=None;rbs_spacer=None;gc_cont=0.670	k141_1044	3	299	+	Loose	650	54.7	otr(C)	35.44	3002894	protein homolog model	n/a	n/a	tetracycline antibiotic	antibiotic efflux	ATP-binding cassette (ABC) antibiotic efflux pump	27.92	gnl|BL_ORD_ID|1953|hsp_num:0	1991			453	690	tetracycline	
k141_56362_1 # 1 # 588 # 1 # ID=1706_1;partial=10;start_type=Edge;rbs_motif=None;rbs_spacer=None;gc_cont=0.682	k141_56362	1	588	+	Loose	650	75.5	tetA(58)	34.1	3003980	protein homolog model	n/a	n/a	tetracycline antibiotic	antibiotic efflux	major facilitator superfamily (MFS) antibiotic efflux pump	56.85	gnl|BL_ORD_ID|2244|hsp_num:0	2517			213	693	tetracycline	
k141_16928_1 # 3 # 1154 # 1 # ID=1723_1;partial=11;start_type=Edge;rbs_motif=None;rbs_spacer=None;gc_cont=0.545	k141_16928	3	1154	+	Loose	1900	78.6	MexK	22.26	3003693	protein homolog model	n/a	n/a	macrolide antibiotic; tetracycline antibiotic; disinfecting agents and antiseptics	antibiotic efflux	resistance-nodulation-cell division (RND) antibiotic efflux pump	37.46	gnl|BL_ORD_ID|2017|hsp_num:0	2206			1584	2538	erythromycin; tetracycline; triclosan	
k141_40591_2 # 264 # 917 # 1 # ID=1725_2;partial=00;start_type=ATG;rbs_motif=None;rbs_spacer=None;gc_cont=0.596	k141_40591	264	917	+	Loose	400	38.9	MexL	34.15	3003710	protein homolog model	n/a	n/a	macrolide antibiotic; tetracycline antibiotic; disinfecting agents and antiseptics	antibiotic efflux	resistance-nodulation-cell division (RND) antibiotic efflux pump	102.36	gnl|BL_ORD_ID|4691|hsp_num:0	2219			12	258	erythromycin; tetracycline; triclosan	
k141_48541_1 # 1 # 2835 # -1 # ID=1732_1;partial=10;start_type=ATG;rbs_motif=GGAG/GAGG;rbs_spacer=5-10bp;gc_cont=0.599	k141_48541	1	2835	-	Loose	2200	665.6	rpoB2	55.96	3000501	protein homolog model	n/a	n/a	rifamycin antibiotic	antibiotic target alteration; antibiotic target replacement	rifamycin-resistant beta-subunit of RNA polymerase (rpoB)	81.33	gnl|BL_ORD_ID|2432|hsp_num:0	2831			738	2529	rifampin; rifaximin; rifabutin; rifapentine	
k141_1061_2 # 1021 # 2193 # 1 # ID=1735_2;partial=00;start_type=ATG;rbs_motif=None;rbs_spacer=None;gc_cont=0.547	k141_1061	1021	2193	+	Loose	500	183.3	cfrC	33.24	3004146	protein homolog model	n/a	n/a	lincosamide antibiotic; streptogramin antibiotic; oxazolidinone antibiotic; phenicol antibiotic	antibiotic target alteration	Cfr 23S ribosomal RNA methyltransferase	113.37	gnl|BL_ORD_ID|2413|hsp_num:0	2800			30	1014	chloramphenicol; florfenicol	
k141_1081_1 # 18 # 1367 # 1 # ID=1764_1;partial=00;start_type=ATG;rbs_motif=GGAG/GAGG;rbs_spacer=5-10bp;gc_cont=0.626	k141_1081	18	1367	+	Loose	700	235.3	Acinetobacter baumannii AbaF	32.71	3004573	protein homolog model	n/a	n/a	phosphonic acid antibiotic	antibiotic efflux	major facilitator superfamily (MFS) antibiotic efflux pump	104.66	gnl|BL_ORD_ID|2717|hsp_num:0	3277			9	1263	fosfomycin	
k141_24838_2 # 401 # 1360 # -1 # ID=1766_2;partial=00;start_type=ATG;rbs_motif=AAAA;rbs_spacer=12bp;gc_cont=0.351	k141_24838	401	1360	-	Loose	600	50.4	mdtN	22.14	3003548	protein homolog model	n/a	n/a	nucleoside antibiotic; disinfecting agents and antiseptics	antibiotic efflux	major facilitator superfamily (MFS) antibiotic efflux pump	93.00	gnl|BL_ORD_ID|1322|hsp_num:0	1442			72	852	acriflavine; puromycin	
k141_32726_1 # 3 # 149 # -1 # ID=1768_1;partial=10;start_type=ATG;rbs_motif=None;rbs_spacer=None;gc_cont=0.633	k141_32726	3	149	-	Loose	550	42.7	NmcR	60.0	3003665	protein homolog model	n/a	n/a	carbapenem; cephalosporin; cephamycin; penam	antibiotic inactivation	NmcA beta-lactamase	16.61	gnl|BL_ORD_ID|1906|hsp_num:0	2072			27	132	cefoxitin; cefazolin; ampicillin	
k141_16967_2 # 134 # 979 # -1 # ID=1779_2;partial=00;start_type=GTG;rbs_motif=GGA/GAG/AGG;rbs_spacer=5-10bp;gc_cont=0.664	k141_16967	134	979	-	Loose	400	60.8	Erm(36)	30.41	3000605	protein homolog model	n/a	n/a	macrolide antibiotic; lincosamide antibiotic; streptogramin antibiotic; streptogramin A antibiotic; streptogramin B antibiotic	antibiotic target alteration	Erm 23S ribosomal RNA methyltransferase	100.00	gnl|BL_ORD_ID|819|hsp_num:0	888			21	558	erythromycin; roxithromycin; lincomycin; telithromycin; clarithromycin; clindamycin; tylosin; spiramycin; azithromycin; dirithromycin; pristinamycin IA; quinupristin; virginiamycin M1; madumycin II; griseoviridin; dalfopristin; pristinamycin IB; virginiamycin S2; pristinamycin IC; vernamycin C; patricin A; patricin B; ostreogrycin B3; oleandomycin	
k141_16968_1 # 100 # 1536 # 1 # ID=1780_1;partial=01;start_type=ATG;rbs_motif=None;rbs_spacer=None;gc_cont=0.637	k141_16968	100	1536	+	Loose	1800	286.6	mdtC	35.21	3000794	protein homolog model	n/a	n/a	aminocoumarin antibiotic	antibiotic efflux	resistance-nodulation-cell division (RND) antibiotic efflux pump	46.73	gnl|BL_ORD_ID|1213|hsp_num:0	1315			0	1431	novobiocin	
k141_9025_1 # 1 # 744 # -1 # ID=1790_1;partial=10;start_type=ATG;rbs_motif=AGxAGG/AGGxGG;rbs_spacer=3-4bp;gc_cont=0.653	k141_9025	1	744	-	Loose	570	100.1	bcrA	33.18	3002987	protein homolog model	n/a	n/a	peptide antibiotic	antibiotic efflux	ATP-binding cassette (ABC) antibiotic efflux pump	81.05	gnl|BL_ORD_ID|316|hsp_num:0	345			54	633	bacitracin; bacitracin A; bacitracin B; bacitracin F	
k141_9025_2 # 741 # 1721 # -1 # ID=1790_2;partial=00;start_type=ATG;rbs_motif=None;rbs_spacer=None;gc_cont=0.660	k141_9025	741	1721	-	Loose	1280	101.7	macB	33.33	3000535	protein homolog model	n/a	n/a	macrolide antibiotic	antibiotic efflux	ATP-binding cassette (ABC) antibiotic efflux pump	50.62	gnl|BL_ORD_ID|447|hsp_num:0	487			0	660	erythromycin	
k141_1108_1 # 2 # 523 # 1 # ID=1797_1;partial=10;start_type=Edge;rbs_motif=None;rbs_spacer=None;gc_cont=0.383	k141_1108	2	523	+	Loose	850	68.2	baeS	33.62	3000829	protein homolog model	n/a	n/a	aminoglycoside antibiotic; aminocoumarin antibiotic	antibiotic efflux	resistance-nodulation-cell division (RND) antibiotic efflux pump	37.04	gnl|BL_ORD_ID|914|hsp_num:0	986			1047	1386	novobiocin	
k141_1108_2 # 545 # 1375 # 1 # ID=1797_2;partial=01;start_type=ATG;rbs_motif=AGGAG;rbs_spacer=5-10bp;gc_cont=0.451	k141_1108	545	1375	+	Loose	400	85.9	TxR	37.14	3005008	protein homolog model	n/a	n/a	tetracycline antibiotic	antibiotic efflux	ATP-binding cassette (ABC) antibiotic efflux pump	87.11	gnl|BL_ORD_ID|4725|hsp_num:0	3753			69	489	tetracycline	
k141_40646_2 # 847 # 1611 # -1 # ID=1801_2;partial=01;start_type=Edge;rbs_motif=None;rbs_spacer=None;gc_cont=0.655	k141_40646	847	1611	-	Loose	650	88.2	tetA(58)	31.78	3003980	protein homolog model	n/a	n/a	tetracycline antibiotic	antibiotic efflux	major facilitator superfamily (MFS) antibiotic efflux pump	74.05	gnl|BL_ORD_ID|2244|hsp_num:0	2517			90	705	tetracycline	
k141_9027_2 # 249 # 1166 # 1 # ID=1802_2;partial=00;start_type=GTG;rbs_motif=GGAG/GAGG;rbs_spacer=5-10bp;gc_cont=0.704	k141_9027	249	1166	+	Loose	500	120.6	MexT	32.7	3000814	protein overexpression model	n/a	n/a	fluoroquinolone antibiotic; diaminopyrimidine antibiotic; phenicol antibiotic	antibiotic efflux	resistance-nodulation-cell division (RND) antibiotic efflux pump	87.90	gnl|BL_ORD_ID|1485|hsp_num:0	1608			234	1002	ciprofloxacin; trimethoprim; chloramphenicol	
k141_9027_4 # 1664 # 2854 # -1 # ID=1802_4;partial=00;start_type=ATG;rbs_motif=AGGAG;rbs_spacer=5-10bp;gc_cont=0.647	k141_9027	1664	2854	-	Loose	700	656.0	Escherichia coli EF-Tu mutants conferring resistance to Pulvomycin	80.76	3003369	protein variant model	R234F	n/a	elfamycin antibiotic	antibiotic target alteration	elfamycin resistant EF-Tu	96.82	gnl|BL_ORD_ID|1971|hsp_num:0	2158			45	1224	pulvomycin	
k141_1109_1 # 3 # 1103 # 1 # ID=1804_1;partial=10;start_type=Edge;rbs_motif=None;rbs_spacer=None;gc_cont=0.463	k141_1109	3	1103	+	Loose	570	88.2	bcrA	29.95	3002987	protein homolog model	n/a	n/a	peptide antibiotic	antibiotic efflux	ATP-binding cassette (ABC) antibiotic efflux pump	119.61	gnl|BL_ORD_ID|316|hsp_num:0	345			48	633	bacitracin; bacitracin A; bacitracin B; bacitracin F	
k141_9030_3 # 1222 # 2124 # -1 # ID=1812_3;partial=00;start_type=ATG;rbs_motif=None;rbs_spacer=None;gc_cont=0.708	k141_9030	1222	2124	-	Loose	650	96.7	adeL	29.03	3000620	protein homolog model	n/a	n/a	fluoroquinolone antibiotic; tetracycline antibiotic	antibiotic efflux	resistance-nodulation-cell division (RND) antibiotic efflux pump	89.02	gnl|BL_ORD_ID|2316|hsp_num:0	2654			0	837	tetracycline	
k141_40650_5 # 2923 # 4260 # 1 # ID=1816_5;partial=00;start_type=ATG;rbs_motif=AGGA;rbs_spacer=5-10bp;gc_cont=0.536	k141_40650	2923	4260	+	Loose	800	42.4	tetA(P)	31.97	3000180	protein homolog model	n/a	n/a	tetracycline antibiotic	antibiotic efflux	major facilitator superfamily (MFS) antibiotic efflux pump	105.95	gnl|BL_ORD_ID|468|hsp_num:0	508			168	525	tetracycline	
k141_24877_1 # 1 # 426 # 1 # ID=1817_1;partial=10;start_type=Edge;rbs_motif=None;rbs_spacer=None;gc_cont=0.505	k141_24877	1	426	+	Loose	290	69.3	golS	32.8	3000504	protein homolog model	n/a	n/a	monobactam; carbapenem; cephalosporin; cephamycin; penam; phenicol antibiotic; penem	antibiotic efflux	resistance-nodulation-cell division (RND) antibiotic efflux pump	91.56	gnl|BL_ORD_ID|36|hsp_num:0	44			6	378	chloramphenicol	
k141_16997_1 # 3 # 1337 # 1 # ID=1820_1;partial=10;start_type=Edge;rbs_motif=None;rbs_spacer=None;gc_cont=0.454	k141_16997	3	1337	+	Loose	960	312.4	efrA	42.23	3003948	protein homolog model	n/a	n/a	macrolide antibiotic; fluoroquinolone antibiotic; rifamycin antibiotic	antibiotic efflux	ATP-binding cassette (ABC) antibiotic efflux pump	77.22	gnl|BL_ORD_ID|2183|hsp_num:0	2421			429	1716	erythromycin; ciprofloxacin; rifampin	
k141_48607_2 # 69 # 800 # 1 # ID=1826_2;partial=00;start_type=ATG;rbs_motif=AGGAGG;rbs_spacer=3-4bp;gc_cont=0.642	k141_48607	69	800	+	Loose	650	95.1	tetA(58)	30.45	3003980	protein homolog model	n/a	n/a	tetracycline antibiotic	antibiotic efflux	major facilitator superfamily (MFS) antibiotic efflux pump	70.85	gnl|BL_ORD_ID|2244|hsp_num:0	2517			51	693	tetracycline	
k141_56442_2 # 465 # 1262 # 1 # ID=1827_2;partial=01;start_type=ATG;rbs_motif=GGA/GAG/AGG;rbs_spacer=11-12bp;gc_cont=0.578	k141_56442	465	1262	+	Loose	200	80.5	vanH gene in vanM cluster	27.59	3002947	protein homolog model	n/a	n/a	glycopeptide antibiotic	antibiotic target alteration	vanH; glycopeptide resistance gene cluster	81.60	gnl|BL_ORD_ID|4744|hsp_num:0	1724			120	762	vancomycin; teicoplanin	
k141_1134_1 # 484 # 1653 # -1 # ID=1847_1;partial=01;start_type=Edge;rbs_motif=None;rbs_spacer=None;gc_cont=0.475	k141_1134	484	1653	-	Loose	850	75.9	baeS	24.88	3000829	protein homolog model	n/a	n/a	aminoglycoside antibiotic; aminocoumarin antibiotic	antibiotic efflux	resistance-nodulation-cell division (RND) antibiotic efflux pump	83.30	gnl|BL_ORD_ID|914|hsp_num:0	986			705	1323	novobiocin	
k141_48620_2 # 108 # 848 # -1 # ID=1849_2;partial=00;start_type=ATG;rbs_motif=GGxGG;rbs_spacer=5-10bp;gc_cont=0.656	k141_48620	108	848	-	Loose	1280	84.7	macB	32.61	3000535	protein homolog model	n/a	n/a	macrolide antibiotic	antibiotic efflux	ATP-binding cassette (ABC) antibiotic efflux pump	38.20	gnl|BL_ORD_ID|447|hsp_num:0	487			6	669	erythromycin	
k141_17007_4 # 2668 # 4611 # 1 # ID=1852_4;partial=00;start_type=ATG;rbs_motif=None;rbs_spacer=None;gc_cont=0.541	k141_17007	2668	4611	+	Loose	1300	145.6	mecB	26.06	3003440	protein homolog model	n/a	n/a	penam	antibiotic target replacement	methicillin resistant PBP2	95.99	gnl|BL_ORD_ID|1460|hsp_num:0	1595			402	1857	methicillin	
k141_17011_2 # 568 # 1446 # 1 # ID=1860_2;partial=00;start_type=ATG;rbs_motif=GGA/GAG/AGG;rbs_spacer=3-4bp;gc_cont=0.425	k141_17011	568	1446	+	Loose	650	54.3	adeL	29.86	3000620	protein homolog model	n/a	n/a	fluoroquinolone antibiotic; tetracycline antibiotic	antibiotic efflux	resistance-nodulation-cell division (RND) antibiotic efflux pump	86.65	gnl|BL_ORD_ID|2316|hsp_num:0	2654			0	429	tetracycline	
k141_9071_1 # 1 # 1740 # 1 # ID=1870_1;partial=10;start_type=Edge;rbs_motif=None;rbs_spacer=None;gc_cont=0.717	k141_9071	1	1740	+	Loose	650	54.7	Enterococcus faecium liaS mutant conferring daptomycin resistance	23.83	3003079	protein variant model	H264Q	n/a	peptide antibiotic	antibiotic target alteration; antibiotic efflux	daptomycin resistant liaS	163.10	gnl|BL_ORD_ID|1949|hsp_num:0	1108			444	1053	daptomycin	
k141_32786_1 # 2 # 400 # 1 # ID=1878_1;partial=10;start_type=Edge;rbs_motif=None;rbs_spacer=None;gc_cont=0.581	k141_32786	2	400	+	Loose	700	49.3	OmpA	41.18	3005044	protein homolog model	n/a	n/a	peptide antibiotic	reduced permeability to antibiotic	General Bacterial Porin with reduced permeability to peptide antibiotics	35.29	gnl|BL_ORD_ID|2775|hsp_num:0	3787			834	1035	polymyxin B; defensin	
k141_24931_1 # 1 # 324 # -1 # ID=1900_1;partial=10;start_type=ATG;rbs_motif=AAAAA;rbs_spacer=11bp;gc_cont=0.380	k141_24931	1	324	-	Loose	500	221.1	mphG	100.0	3003742	protein homolog model	n/a	n/a	macrolide antibiotic	antibiotic inactivation	macrolide phosphotransferase (MPH)	36.73	gnl|BL_ORD_ID|2042|hsp_num:0	2259			0	324	erythromycin; clarithromycin; azithromycin	
k141_24931_2 # 329 # 1552 # -1 # ID=1900_2;partial=00;start_type=ATG;rbs_motif=TAA;rbs_spacer=10bp;gc_cont=0.383	k141_24931	329	1552	-	Loose	750	746.5	mefC	99.75	3003745	protein homolog model	n/a	n/a	macrolide antibiotic	antibiotic efflux	major facilitator superfamily (MFS) antibiotic efflux pump	100.00	gnl|BL_ORD_ID|2050|hsp_num:0	2262			0	1221		
k141_9085_1 # 217 # 1572 # 1 # ID=1910_1;partial=00;start_type=ATG;rbs_motif=GGAG/GAGG;rbs_spacer=5-10bp;gc_cont=0.615	k141_9085	217	1572	+	Loose	850	58.9	OprM	24.12	3000379	protein homolog model	n/a	n/a	macrolide antibiotic; fluoroquinolone antibiotic; monobactam; aminoglycoside antibiotic; carbapenem; cephalosporin; cephamycin; penam; tetracycline antibiotic; peptide antibiotic; aminocoumarin antibiotic; diaminopyrimidine antibiotic; sulfonamide antibiotic; phenicol antibiotic; penem; disinfecting agents and antiseptics	antibiotic efflux	resistance-nodulation-cell division (RND) antibiotic efflux pump	92.99	gnl|BL_ORD_ID|2356|hsp_num:0	1305			105	1338	erythromycin; amikacin; gentamicin C; ciprofloxacin; acriflavine; tetracycline; tobramycin; ceftazidime; ceftriaxone; meropenem; novobiocin; azithromycin; trimethoprim; sulfamethoxazole; chloramphenicol; thiamphenicol; aztreonam; colistin A; colistin B; ampicillin; nalidixic acid; norfloxacin; ofloxacin; panipenem; ticarcillin; trimethoprim-sulfamethoxazole; gentamicin	
k141_9085_2 # 1581 # 3185 # 1 # ID=1910_2;partial=00;start_type=ATG;rbs_motif=GGA/GAG/AGG;rbs_spacer=5-10bp;gc_cont=0.579	k141_9085	1581	3185	+	Loose	650	80.5	MexV	26.16	3003030	protein homolog model	n/a	n/a	macrolide antibiotic; fluoroquinolone antibiotic; tetracycline antibiotic; phenicol antibiotic; disinfecting agents and antiseptics	antibiotic efflux	resistance-nodulation-cell division (RND) antibiotic efflux pump	142.02	gnl|BL_ORD_ID|2018|hsp_num:0	2207			90	1062	erythromycin; acriflavine; tetracycline; chloramphenicol	
k141_9085_3 # 3201 # 4622 # 1 # ID=1910_3;partial=01;start_type=ATG;rbs_motif=GGAG/GAGG;rbs_spacer=5-10bp;gc_cont=0.583	k141_9085	3201	4622	+	Loose	2000	174.1	oqxB	28.31	3003923	protein homolog model	n/a	n/a	fluoroquinolone antibiotic; glycylcycline; tetracycline antibiotic; diaminopyrimidine antibiotic; nitrofuran antibiotic	antibiotic efflux	resistance-nodulation-cell division (RND) antibiotic efflux pump	45.14	gnl|BL_ORD_ID|2153|hsp_num:0	2400			12	1398	tigecycline; ciprofloxacin; nitrofurantoin; trimethoprim	
k141_40713_1 # 2 # 685 # -1 # ID=1911_1;partial=10;start_type=ATG;rbs_motif=AGGAG;rbs_spacer=5-10bp;gc_cont=0.496	k141_40713	2	685	-	Loose	600	80.1	oleC	31.94	3003748	protein homolog model	n/a	n/a	macrolide antibiotic	antibiotic efflux	ATP-binding cassette (ABC) antibiotic efflux pump	70.15	gnl|BL_ORD_ID|2051|hsp_num:0	2264			39	471	oleandomycin	
k141_17058_2 # 392 # 1753 # 1 # ID=1925_2;partial=00;start_type=ATG;rbs_motif=None;rbs_spacer=None;gc_cont=0.477	k141_17058	392	1753	+	Loose	850	171.0	hp1181	32.67	3003964	protein homolog model	n/a	n/a	fluoroquinolone antibiotic; tetracycline antibiotic; nitroimidazole antibiotic	antibiotic efflux	major facilitator superfamily (MFS) antibiotic efflux pump	102.26	gnl|BL_ORD_ID|2192|hsp_num:0	2430			6	1179	ciprofloxacin; tetracycline; metronidazole	
k141_32828_1 # 2 # 127 # 1 # ID=1931_1;partial=10;start_type=Edge;rbs_motif=None;rbs_spacer=None;gc_cont=0.333	k141_32828	2	127	+	Loose	1900	44.7	MexK	63.64	3003693	protein homolog model	n/a	n/a	macrolide antibiotic; tetracycline antibiotic; disinfecting agents and antiseptics	antibiotic efflux	resistance-nodulation-cell division (RND) antibiotic efflux pump	4.00	gnl|BL_ORD_ID|2017|hsp_num:0	2206			2964	3063	erythromycin; tetracycline; triclosan	
k141_32828_2 # 192 # 1403 # -1 # ID=1931_2;partial=00;start_type=TTG;rbs_motif=AGGA;rbs_spacer=5-10bp;gc_cont=0.374	k141_32828	192	1403	-	Loose	700	213.0	mdtG	34.9	3001329	protein homolog model	n/a	n/a	phosphonic acid antibiotic	antibiotic efflux	major facilitator superfamily (MFS) antibiotic efflux pump	98.77	gnl|BL_ORD_ID|551|hsp_num:0	603			27	1167	fosfomycin	
k141_32828_4 # 2302 # 2817 # -1 # ID=1931_4;partial=01;start_type=Edge;rbs_motif=None;rbs_spacer=None;gc_cont=0.405	k141_32828	2302	2817	-	Loose	600	86.3	Acinetobacter baumannii AbaQ	33.56	3004574	protein homolog model	n/a	n/a	fluoroquinolone antibiotic	antibiotic efflux	major facilitator superfamily (MFS) antibiotic efflux pump	39.40	gnl|BL_ORD_ID|2718|hsp_num:0	3278			810	1248		
k141_48680_1 # 50 # 976 # 1 # ID=1935_1;partial=00;start_type=ATG;rbs_motif=GGAG/GAGG;rbs_spacer=5-10bp;gc_cont=0.426	k141_48680	50	976	+	Loose	700	99.0	OmpA	39.55	3005044	protein homolog model	n/a	n/a	peptide antibiotic	reduced permeability to antibiotic	General Bacterial Porin with reduced permeability to peptide antibiotics	82.35	gnl|BL_ORD_ID|2775|hsp_num:0	3787			705	1107	polymyxin B; defensin	
k141_56527_1 # 2 # 565 # 1 # ID=1937_1;partial=10;start_type=Edge;rbs_motif=None;rbs_spacer=None;gc_cont=0.656	k141_56527	2	565	+	Loose	275	109.8	vanE	35.06	3002907	protein homolog model	n/a	n/a	glycopeptide antibiotic	antibiotic target alteration	glycopeptide resistance gene cluster; Van ligase	53.12	gnl|BL_ORD_ID|1479|hsp_num:0	1617			507	1020	vancomycin	
k141_56530_2 # 816 # 1112 # 1 # ID=1946_2;partial=01;start_type=ATG;rbs_motif=GGAGG;rbs_spacer=5-10bp;gc_cont=0.633	k141_56530	816	1112	+	Loose	1200	58.9	TaeA	44.07	3003986	protein homolog model	n/a	n/a	pleuromutilin antibiotic	antibiotic efflux	ATP-binding cassette (ABC) antibiotic efflux pump	15.28	gnl|BL_ORD_ID|2231|hsp_num:0	2522			954	1131	pleuromutilin	
k141_48687_2 # 754 # 1287 # 1 # ID=1948_2;partial=00;start_type=ATG;rbs_motif=GGA/GAG/AGG;rbs_spacer=5-10bp;gc_cont=0.652	k141_48687	754	1287	+	Loose	400	49.3	kdpE	30.28	3003841	protein homolog model	n/a	n/a	aminoglycoside antibiotic	antibiotic efflux	kdpDE	78.67	gnl|BL_ORD_ID|2104|hsp_num:0	2331			9	330	kanamycin A	
k141_24968_3 # 982 # 1980 # 1 # ID=1966_3;partial=01;start_type=TTG;rbs_motif=AAAA;rbs_spacer=3bp;gc_cont=0.352	k141_24968	982	1980	+	Loose	1300	89.0	mecB	28.57	3003440	protein homolog model	n/a	n/a	penam	antibiotic target replacement	methicillin resistant PBP2	49.41	gnl|BL_ORD_ID|1460|hsp_num:0	1595			402	1239	methicillin	
k141_48699_1 # 1 # 1137 # -1 # ID=1968_1;partial=10;start_type=ATG;rbs_motif=None;rbs_spacer=None;gc_cont=0.344	k141_48699	1	1137	-	Loose	2000	125.2	Bifidobacterium adolescentis rpoB mutants conferring resistance to rifampicin	35.59	3004480	protein homolog model	n/a	n/a	rifamycin antibiotic	antibiotic target alteration; antibiotic target replacement	rifamycin-resistant beta-subunit of RNA polymerase (rpoB)	31.96	gnl|BL_ORD_ID|4720|hsp_num:0	2914			75	726	rifampin	
k141_40754_3 # 561 # 1754 # 1 # ID=1974_3;partial=01;start_type=ATG;rbs_motif=AGGA;rbs_spacer=5-10bp;gc_cont=0.598	k141_40754	561	1754	+	Loose	1350	458.8	Staphylococcus aureus fusA with mutation conferring resistance to fusidic acid	57.54	3003735	protein variant model	V90I	n/a	fusidane antibiotic	antibiotic target alteration	antibiotic resistant fusA	57.43	gnl|BL_ORD_ID|4696|hsp_num:0	2254			0	1170	fusidic acid	
k141_48710_1 # 1 # 675 # 1 # ID=1977_1;partial=10;start_type=Edge;rbs_motif=None;rbs_spacer=None;gc_cont=0.690	k141_48710	1	675	+	Loose	900	55.1	basS	29.89	3003583	protein homolog model	n/a	n/a	peptide antibiotic	antibiotic target alteration; antibiotic efflux	pmr phosphoethanolamine transferase	46.96	gnl|BL_ORD_ID|2351|hsp_num:0	249			825	1323	polymyxin B	
k141_48710_2 # 682 # 1221 # 1 # ID=1977_2;partial=01;start_type=ATG;rbs_motif=None;rbs_spacer=None;gc_cont=0.670	k141_48710	682	1221	+	Loose	400	68.9	Pseudomonas aeruginosa CpxR	33.6	3004054	protein homolog model	n/a	n/a	macrolide antibiotic; fluoroquinolone antibiotic; monobactam; aminoglycoside antibiotic; carbapenem; cephalosporin; cephamycin; penam; tetracycline antibiotic; peptide antibiotic; aminocoumarin antibiotic; diaminopyrimidine antibiotic; sulfonamide antibiotic; phenicol antibiotic; penem	antibiotic efflux	resistance-nodulation-cell division (RND) antibiotic efflux pump	80.00	gnl|BL_ORD_ID|2301|hsp_num:0	2685			0	372	erythromycin; ciprofloxacin; tetracycline; ceftazidime; ceftriaxone; meropenem; novobiocin; azithromycin; trimethoprim; sulfamethoxazole; chloramphenicol; aztreonam; colistin A; colistin B; ampicillin; panipenem; trimethoprim-sulfamethoxazole	
k141_24985_2 # 316 # 1056 # -1 # ID=1984_2;partial=00;start_type=ATG;rbs_motif=AATAA;rbs_spacer=13bp;gc_cont=0.366	k141_24985	316	1056	-	Loose	1100	80.5	tetB(60)	28.51	3004036	protein homolog model	n/a	n/a	tetracycline antibiotic	antibiotic efflux	ATP-binding cassette (ABC) antibiotic efflux pump	42.49	gnl|BL_ORD_ID|2308|hsp_num:0	2646			1059	1701	tetracycline	
k141_1236_2 # 1453 # 2406 # -1 # ID=2006_2;partial=00;start_type=ATG;rbs_motif=TAAA;rbs_spacer=5bp;gc_cont=0.333	k141_1236	1453	2406	-	Loose	650	39.7	adeL	21.17	3000620	protein homolog model	n/a	n/a	fluoroquinolone antibiotic; tetracycline antibiotic	antibiotic efflux	resistance-nodulation-cell division (RND) antibiotic efflux pump	94.07	gnl|BL_ORD_ID|2316|hsp_num:0	2654			36	447	tetracycline	
k141_48730_1 # 1 # 366 # -1 # ID=2010_1;partial=10;start_type=ATG;rbs_motif=GGAG/GAGG;rbs_spacer=5-10bp;gc_cont=0.699	k141_48730	1	366	-	Loose	570	60.1	bcrA	32.35	3002987	protein homolog model	n/a	n/a	peptide antibiotic	antibiotic efflux	ATP-binding cassette (ABC) antibiotic efflux pump	39.87	gnl|BL_ORD_ID|316|hsp_num:0	345			9	306	bacitracin; bacitracin A; bacitracin B; bacitracin F	
k141_48730_2 # 363 # 1211 # -1 # ID=2010_2;partial=00;start_type=ATG;rbs_motif=GGA/GAG/AGG;rbs_spacer=5-10bp;gc_cont=0.648	k141_48730	363	1211	-	Loose	650	100.1	tetA(58)	27.44	3003980	protein homolog model	n/a	n/a	tetracycline antibiotic	antibiotic efflux	major facilitator superfamily (MFS) antibiotic efflux pump	82.22	gnl|BL_ORD_ID|2244|hsp_num:0	2517			42	768	tetracycline	
k141_25005_1 # 350 # 1024 # 1 # ID=2012_1;partial=01;start_type=ATG;rbs_motif=None;rbs_spacer=None;gc_cont=0.575	k141_25005	350	1024	+	Loose	450	111.3	mreA	36.36	3007050	protein homolog model	n/a	n/a	macrolide antibiotic	antibiotic efflux	major facilitator superfamily (MFS) antibiotic efflux pump	72.35	gnl|BL_ORD_ID|4756|hsp_num:0	5749			33	672		
k141_48732_1 # 3 # 1241 # 1 # ID=2018_1;partial=10;start_type=Edge;rbs_motif=None;rbs_spacer=None;gc_cont=0.618	k141_48732	3	1241	+	Loose	1200	217.2	TaeA	33.33	3003986	protein homolog model	n/a	n/a	pleuromutilin antibiotic	antibiotic efflux	ATP-binding cassette (ABC) antibiotic efflux pump	63.58	gnl|BL_ORD_ID|2231|hsp_num:0	2522			705	1911	pleuromutilin	
k141_48743_3 # 622 # 1146 # -1 # ID=2042_3;partial=01;start_type=Edge;rbs_motif=None;rbs_spacer=None;gc_cont=0.547	k141_48743	622	1146	-	Loose	500	44.3	almG	26.37	3004364	protein homolog model	n/a	n/a	peptide antibiotic	antibiotic target alteration	lipid A acyltransferase; polymyxin resistance operon	63.74	gnl|BL_ORD_ID|2488|hsp_num:0	2878			552	816	colistin A; colistin B	
k141_9164_2 # 820 # 1527 # 1 # ID=2044_2;partial=00;start_type=ATG;rbs_motif=None;rbs_spacer=None;gc_cont=0.607	k141_9164	820	1527	+	Loose	400	110.9	vanR gene in vanO cluster	33.33	3002930	protein homolog model	n/a	n/a	glycopeptide antibiotic	antibiotic target alteration	glycopeptide resistance gene cluster; vanR	100.86	gnl|BL_ORD_ID|4743|hsp_num:0	1689			15	660	vancomycin	
k141_48747_1 # 2 # 1459 # -1 # ID=2048_1;partial=01;start_type=Edge;rbs_motif=None;rbs_spacer=None;gc_cont=0.652	k141_48747	2	1459	-	Loose	1900	577.8	MuxB	68.97	3004074	protein homolog model	n/a	n/a	macrolide antibiotic; monobactam; tetracycline antibiotic; aminocoumarin antibiotic	antibiotic efflux	resistance-nodulation-cell division (RND) antibiotic efflux pump	46.50	gnl|BL_ORD_ID|2365|hsp_num:0	2718			1680	3060	erythromycin; tetracycline; novobiocin; aztreonam; kitasamycin; rokitamycin	
k141_48752_1 # 3 # 1214 # 1 # ID=2054_1;partial=10;start_type=Edge;rbs_motif=None;rbs_spacer=None;gc_cont=0.676	k141_48752	3	1214	+	Loose	650	172.9	MexV	34.76	3003030	protein homolog model	n/a	n/a	macrolide antibiotic; fluoroquinolone antibiotic; tetracycline antibiotic; phenicol antibiotic; disinfecting agents and antiseptics	antibiotic efflux	resistance-nodulation-cell division (RND) antibiotic efflux pump	107.18	gnl|BL_ORD_ID|2018|hsp_num:0	2207			120	1101	erythromycin; acriflavine; tetracycline; chloramphenicol	
k141_56629_1 # 3 # 836 # 1 # ID=2086_1;partial=10;start_type=Edge;rbs_motif=None;rbs_spacer=None;gc_cont=0.534	k141_56629	3	836	+	Loose	550	547.4	GES-2	99.64	3002331	protein homolog model	n/a	n/a	carbapenem; cephalosporin; penam	antibiotic inactivation	GES beta-lactamase	96.52	gnl|BL_ORD_ID|1415|hsp_num:0	1537			30	861		
k141_9192_2 # 315 # 1034 # 1 # ID=2096_2;partial=01;start_type=ATG;rbs_motif=None;rbs_spacer=None;gc_cont=0.535	k141_9192	315	1034	+	Loose	900	70.9	MdtK	25.98	3001327	protein homolog model	n/a	n/a	fluoroquinolone antibiotic	antibiotic efflux	multidrug and toxic compound extrusion (MATE) transporter	50.63	gnl|BL_ORD_ID|1651|hsp_num:0	1752			81	843	ciprofloxacin	
k141_1304_2 # 566 # 1909 # -1 # ID=2102_2;partial=01;start_type=Edge;rbs_motif=None;rbs_spacer=None;gc_cont=0.352	k141_1304	566	1909	-	Loose	1350	54.7	Staphylococcus aureus fusA with mutation conferring resistance to fusidic acid	20.8	3003735	protein variant model	D434N	n/a	fusidane antibiotic	antibiotic target alteration	antibiotic resistant fusA	64.50	gnl|BL_ORD_ID|4696|hsp_num:0	2254			807	1440	fusidic acid	
k141_1311_1 # 105 # 950 # 1 # ID=2111_1;partial=00;start_type=ATG;rbs_motif=None;rbs_spacer=None;gc_cont=0.538	k141_1311	105	950	+	Strict	450	545.4	aadA6	98.22	3002606	protein homolog model	n/a	n/a	aminoglycoside antibiotic	antibiotic inactivation	ANT(3'')	100.00	gnl|BL_ORD_ID|1852|hsp_num:0	2009			0	843	spectinomycin; streptomycin	
k141_17177_1 # 20 # 1111 # -1 # ID=2122_1;partial=01;start_type=Edge;rbs_motif=None;rbs_spacer=None;gc_cont=0.395	k141_17177	20	1111	-	Loose	1000	166.0	msbA	28.73	3003950	protein homolog model	n/a	n/a	nitroimidazole antibiotic	antibiotic efflux	ATP-binding cassette (ABC) antibiotic efflux pump	62.37	gnl|BL_ORD_ID|2186|hsp_num:0	2423			657	1716	metronidazole	
k141_32960_1 # 60 # 788 # 1 # ID=2132_1;partial=00;start_type=ATG;rbs_motif=GGA/GAG/AGG;rbs_spacer=5-10bp;gc_cont=0.652	k141_32960	60	788	+	Loose	400	119.4	Pseudomonas aeruginosa CpxR	36.55	3004054	protein homolog model	n/a	n/a	macrolide antibiotic; fluoroquinolone antibiotic; monobactam; aminoglycoside antibiotic; carbapenem; cephalosporin; cephamycin; penam; tetracycline antibiotic; peptide antibiotic; aminocoumarin antibiotic; diaminopyrimidine antibiotic; sulfonamide antibiotic; phenicol antibiotic; penem	antibiotic efflux	resistance-nodulation-cell division (RND) antibiotic efflux pump	107.56	gnl|BL_ORD_ID|2301|hsp_num:0	2685			0	663	erythromycin; ciprofloxacin; tetracycline; ceftazidime; ceftriaxone; meropenem; novobiocin; azithromycin; trimethoprim; sulfamethoxazole; chloramphenicol; aztreonam; colistin A; colistin B; ampicillin; panipenem; trimethoprim-sulfamethoxazole	
k141_32960_2 # 870 # 2264 # 1 # ID=2132_2;partial=00;start_type=ATG;rbs_motif=GGAG/GAGG;rbs_spacer=5-10bp;gc_cont=0.665	k141_32960	870	2264	+	Loose	900	157.9	basS	29.57	3003583	protein homolog model	n/a	n/a	peptide antibiotic	antibiotic target alteration; antibiotic efflux	pmr phosphoethanolamine transferase	97.27	gnl|BL_ORD_ID|2351|hsp_num:0	249			21	1368	polymyxin B	
k141_32961_1 # 2 # 1192 # 1 # ID=2135_1;partial=10;start_type=Edge;rbs_motif=None;rbs_spacer=None;gc_cont=0.529	k141_32961	2	1192	+	Loose	700	651.0	Escherichia coli EF-Tu mutants conferring resistance to Pulvomycin	80.96	3003369	protein variant model	R234F	n/a	elfamycin antibiotic	antibiotic target alteration	elfamycin resistant EF-Tu	96.82	gnl|BL_ORD_ID|1971|hsp_num:0	2158			45	1221	pulvomycin	
k141_17181_1 # 1 # 420 # 1 # ID=2137_1;partial=10;start_type=Edge;rbs_motif=None;rbs_spacer=None;gc_cont=0.688	k141_17181	1	420	+	Loose	900	67.8	basS	41.58	3003583	protein homolog model	n/a	n/a	peptide antibiotic	antibiotic target alteration; antibiotic efflux	pmr phosphoethanolamine transferase	29.14	gnl|BL_ORD_ID|2351|hsp_num:0	249			1029	1314	polymyxin B	
k141_48817_2 # 685 # 1050 # -1 # ID=2145_2;partial=01;start_type=Edge;rbs_motif=None;rbs_spacer=None;gc_cont=0.732	k141_48817	685	1050	-	Loose	650	60.1	tetA(58)	32.54	3003980	protein homolog model	n/a	n/a	tetracycline antibiotic	antibiotic efflux	major facilitator superfamily (MFS) antibiotic efflux pump	35.28	gnl|BL_ORD_ID|2244|hsp_num:0	2517			591	969	tetracycline	
k141_40868_1 # 2 # 1228 # 1 # ID=2148_1;partial=11;start_type=Edge;rbs_motif=None;rbs_spacer=None;gc_cont=0.639	k141_40868	2	1228	+	Loose	1190	260.8	novA	36.87	3002522	protein homolog model	n/a	n/a	aminocoumarin antibiotic	antibiotic efflux	ATP-binding cassette (ABC) antibiotic efflux pump	66.50	gnl|BL_ORD_ID|1113|hsp_num:0	1210			465	1707	novobiocin	
k141_9218_2 # 318 # 791 # 1 # ID=2150_2;partial=00;start_type=ATG;rbs_motif=AATAA;rbs_spacer=8bp;gc_cont=0.327	k141_9218	318	791	+	Loose	300	140.6	dfrA3	43.14	3003105	protein homolog model	n/a	n/a	diaminopyrimidine antibiotic	antibiotic target replacement	trimethoprim resistant dihydrofolate reductase dfr	96.91	gnl|BL_ORD_ID|471|hsp_num:0	511			24	480	trimethoprim	
k141_9218_6 # 2740 # 3723 # -1 # ID=2150_6;partial=00;start_type=ATG;rbs_motif=TAAAA;rbs_spacer=3bp;gc_cont=0.336	k141_9218	2740	3723	-	Loose	250	187.2	vanG	35.59	3002909	protein homolog model	n/a	n/a	glycopeptide antibiotic	antibiotic target alteration	glycopeptide resistance gene cluster; Van ligase	93.70	gnl|BL_ORD_ID|1070|hsp_num:0	1157			0	1017	vancomycin	
k141_40872_2 # 742 # 1479 # -1 # ID=2157_2;partial=01;start_type=Edge;rbs_motif=None;rbs_spacer=None;gc_cont=0.725	k141_40872	742	1479	-	Loose	1280	86.3	macB	29.61	3000535	protein homolog model	n/a	n/a	macrolide antibiotic	antibiotic efflux	ATP-binding cassette (ABC) antibiotic efflux pump	38.04	gnl|BL_ORD_ID|447|hsp_num:0	487			63	663	erythromycin	
k141_9227_3 # 917 # 1447 # 1 # ID=2162_3;partial=01;start_type=ATG;rbs_motif=None;rbs_spacer=None;gc_cont=0.608	k141_9227	917	1447	+	Loose	400	95.5	vanR gene in vanF cluster	36.99	3002925	protein homolog model	n/a	n/a	glycopeptide antibiotic	antibiotic target alteration	glycopeptide resistance gene cluster; vanR	76.62	gnl|BL_ORD_ID|299|hsp_num:0	240			3	516	vancomycin	
k141_56679_1 # 3 # 1484 # -1 # ID=2171_1;partial=11;start_type=Edge;rbs_motif=None;rbs_spacer=None;gc_cont=0.653	k141_56679	3	1484	-	Loose	1900	334.3	MexW	40.69	3003031	protein homolog model	n/a	n/a	macrolide antibiotic; fluoroquinolone antibiotic; tetracycline antibiotic; phenicol antibiotic; disinfecting agents and antiseptics	antibiotic efflux	resistance-nodulation-cell division (RND) antibiotic efflux pump	48.53	gnl|BL_ORD_ID|2019|hsp_num:0	2208			783	2208	erythromycin; acriflavine; tetracycline; chloramphenicol	
k141_40880_1 # 1 # 942 # 1 # ID=2176_1;partial=10;start_type=Edge;rbs_motif=None;rbs_spacer=None;gc_cont=0.458	k141_40880	1	942	+	Loose	700	518.1	Escherichia coli EF-Tu mutants conferring resistance to Pulvomycin	80.13	3003369	protein variant model	R234F	n/a	elfamycin antibiotic	antibiotic target alteration	elfamycin resistant EF-Tu	76.53	gnl|BL_ORD_ID|1971|hsp_num:0	2158			294	1224	pulvomycin	
k141_9239_1 # 2 # 247 # 1 # ID=2191_1;partial=10;start_type=Edge;rbs_motif=None;rbs_spacer=None;gc_cont=0.496	k141_9239	2	247	+	Loose	275	40.8	AAC(6')-Ip	42.86	3002559	protein homolog model	n/a	n/a	aminoglycoside antibiotic	antibiotic inactivation	AAC(6')	46.82	gnl|BL_ORD_ID|1526|hsp_num:0	1653			165	291	dibekacin; amikacin; sisomicin; netilmicin; tobramycin; 2'-N-ethylnetilmicin; 5-episisomicin	
k141_32990_1 # 2 # 1111 # 1 # ID=2199_1;partial=11;start_type=Edge;rbs_motif=None;rbs_spacer=None;gc_cont=0.395	k141_32990	2	1111	+	Strict	300	703.0	tet(Q)	95.68	3000191	protein homolog model	n/a	n/a	tetracycline antibiotic	antibiotic target protection	tetracycline-resistant ribosomal protection protein	56.32	gnl|BL_ORD_ID|1220|hsp_num:0	1183			282	1392	tetracycline; doxycycline; minocycline; chlortetracycline; demeclocycline; oxytetracycline	
k141_56701_1 # 1 # 2004 # -1 # ID=2201_1;partial=11;start_type=Edge;rbs_motif=None;rbs_spacer=None;gc_cont=0.600	k141_56701	1	2004	-	Loose	700	72.4	Escherichia coli EF-Tu mutants conferring resistance to Enacyloxin IIa	32.2	3003370	protein variant model	Q124K	V90A:2254	elfamycin antibiotic	antibiotic target alteration	elfamycin resistant EF-Tu	169.54	gnl|BL_ORD_ID|1986|hsp_num:0	2147			42	729	enacyloxin IIa	
k141_32995_2 # 853 # 1458 # 1 # ID=2207_2;partial=01;start_type=ATG;rbs_motif=None;rbs_spacer=None;gc_cont=0.682	k141_32995	853	1458	+	Loose	750	41.6	mdtH	26.06	3001216	protein homolog model	n/a	n/a	fluoroquinolone antibiotic	antibiotic efflux	major facilitator superfamily (MFS) antibiotic efflux pump	50.25	gnl|BL_ORD_ID|343|hsp_num:0	375			87	624	enoxacin; norfloxacin	
k141_48881_2 # 540 # 1043 # 1 # ID=2226_2;partial=01;start_type=ATG;rbs_motif=None;rbs_spacer=None;gc_cont=0.708	k141_48881	540	1043	+	Loose	400	43.1	Pseudomonas aeruginosa CpxR	25.64	3004054	protein homolog model	n/a	n/a	macrolide antibiotic; fluoroquinolone antibiotic; monobactam; aminoglycoside antibiotic; carbapenem; cephalosporin; cephamycin; penam; tetracycline antibiotic; peptide antibiotic; aminocoumarin antibiotic; diaminopyrimidine antibiotic; sulfonamide antibiotic; phenicol antibiotic; penem	antibiotic efflux	resistance-nodulation-cell division (RND) antibiotic efflux pump	74.67	gnl|BL_ORD_ID|2301|hsp_num:0	2685			12	351	erythromycin; ciprofloxacin; tetracycline; ceftazidime; ceftriaxone; meropenem; novobiocin; azithromycin; trimethoprim; sulfamethoxazole; chloramphenicol; aztreonam; colistin A; colistin B; ampicillin; panipenem; trimethoprim-sulfamethoxazole	
k141_17243_1 # 1 # 192 # -1 # ID=2229_1;partial=10;start_type=ATG;rbs_motif=GGAG/GAGG;rbs_spacer=5-10bp;gc_cont=0.438	k141_17243	1	192	-	Loose	600	54.7	oleC	40.68	3003748	protein homolog model	n/a	n/a	macrolide antibiotic	antibiotic efflux	ATP-binding cassette (ABC) antibiotic efflux pump	19.69	gnl|BL_ORD_ID|2051|hsp_num:0	2264			6	183	oleandomycin	
k141_56728_1 # 1 # 1848 # 1 # ID=2230_1;partial=10;start_type=Edge;rbs_motif=None;rbs_spacer=None;gc_cont=0.502	k141_56728	1	1848	+	Loose	1350	699.5	Staphylococcus aureus fusA with mutation conferring resistance to fusidic acid	57.03	3003735	protein variant model	V90I	n/a	fusidane antibiotic	antibiotic target alteration	antibiotic resistant fusA	88.74	gnl|BL_ORD_ID|4696|hsp_num:0	2254			234	2061	fusidic acid	
k141_48883_1 # 3 # 677 # -1 # ID=2232_1;partial=10;start_type=ATG;rbs_motif=GGAGG;rbs_spacer=5-10bp;gc_cont=0.489	k141_48883	3	677	-	Loose	200	112.8	vanT gene in vanE cluster	33.79	3002971	protein homolog model	n/a	n/a	glycopeptide antibiotic	antibiotic target alteration	glycopeptide resistance gene cluster; vanT	32.05	gnl|BL_ORD_ID|4681|hsp_num:0	1308			1038	1686	vancomycin	
k141_40930_3 # 1230 # 2015 # 1 # ID=2234_3;partial=00;start_type=ATG;rbs_motif=AGGA;rbs_spacer=5-10bp;gc_cont=0.590	k141_40930	1230	2015	+	Loose	500	116.3	RanA	30.92	3005091	protein homolog model	n/a	n/a	aminoglycoside antibiotic	antibiotic efflux	ATP-binding cassette (ABC) antibiotic efflux pump	101.16	gnl|BL_ORD_ID|2809|hsp_num:0	3825			3	711		
k141_40930_5 # 2745 # 3329 # 1 # ID=2234_5;partial=01;start_type=ATG;rbs_motif=GGA/GAG/AGG;rbs_spacer=5-10bp;gc_cont=0.612	k141_40930	2745	3329	+	Loose	450	142.9	baeR	38.54	3000828	protein homolog model	n/a	n/a	aminoglycoside antibiotic; aminocoumarin antibiotic	antibiotic efflux	resistance-nodulation-cell division (RND) antibiotic efflux pump	81.25	gnl|BL_ORD_ID|1232|hsp_num:0	1337			30	597	novobiocin	
k141_48884_1 # 1 # 573 # -1 # ID=2235_1;partial=10;start_type=ATG;rbs_motif=GGAGG;rbs_spacer=5-10bp;gc_cont=0.618	k141_48884	1	573	-	Loose	570	85.5	bcrA	31.35	3002987	protein homolog model	n/a	n/a	peptide antibiotic	antibiotic efflux	ATP-binding cassette (ABC) antibiotic efflux pump	62.42	gnl|BL_ORD_ID|316|hsp_num:0	345			9	534	bacitracin; bacitracin A; bacitracin B; bacitracin F	
k141_48884_2 # 576 # 1130 # -1 # ID=2235_2;partial=01;start_type=Edge;rbs_motif=None;rbs_spacer=None;gc_cont=0.616	k141_48884	576	1130	-	Loose	650	75.5	tetA(58)	35.45	3003980	protein homolog model	n/a	n/a	tetracycline antibiotic	antibiotic efflux	major facilitator superfamily (MFS) antibiotic efflux pump	53.64	gnl|BL_ORD_ID|2244|hsp_num:0	2517			378	708	tetracycline	
k141_1395_1 # 3 # 1499 # -1 # ID=2250_1;partial=11;start_type=Edge;rbs_motif=None;rbs_spacer=None;gc_cont=0.552	k141_1395	3	1499	-	Loose	700	77.0	Escherichia coli EF-Tu mutants conferring resistance to Enacyloxin IIa	28.94	3003370	protein variant model	Q124K	n/a	elfamycin antibiotic	antibiotic target alteration	elfamycin resistant EF-Tu	126.65	gnl|BL_ORD_ID|1986|hsp_num:0	2147			42	846	enacyloxin IIa	
k141_40939_2 # 408 # 680 # -1 # ID=2251_2;partial=00;start_type=ATG;rbs_motif=AGGA;rbs_spacer=5-10bp;gc_cont=0.432	k141_40939	408	680	-	Loose	100	65.1	vanU gene in vanG cluster	41.43	3004253	protein homolog model	n/a	n/a	glycopeptide antibiotic	antibiotic target alteration	glycopeptide resistance gene cluster; vanU	120.00	gnl|BL_ORD_ID|4737|hsp_num:0	943			0	207	vancomycin	
k141_48895_2 # 674 # 1033 # 1 # ID=2257_2;partial=00;start_type=ATG;rbs_motif=TAA;rbs_spacer=4bp;gc_cont=0.325	k141_48895	674	1033	+	Loose	410	56.6	arlR	29.91	3000838	protein homolog model	n/a	n/a	fluoroquinolone antibiotic; disinfecting agents and antiseptics	antibiotic efflux	major facilitator superfamily (MFS) antibiotic efflux pump	54.34	gnl|BL_ORD_ID|1275|hsp_num:0	1390			12	354	ciprofloxacin; acriflavine; norfloxacin	
k141_33020_1 # 3 # 1334 # -1 # ID=2260_1;partial=10;start_type=ATG;rbs_motif=None;rbs_spacer=None;gc_cont=0.691	k141_33020	3	1334	-	Loose	400	201.1	TxR	44.59	3005008	protein homolog model	n/a	n/a	tetracycline antibiotic	antibiotic efflux	ATP-binding cassette (ABC) antibiotic efflux pump	139.62	gnl|BL_ORD_ID|4725|hsp_num:0	3753			60	741	tetracycline	
k141_17266_2 # 1586 # 2293 # 1 # ID=2268_2;partial=01;start_type=ATG;rbs_motif=None;rbs_spacer=None;gc_cont=0.638	k141_17266	1586	2293	+	Loose	1020	158.7	tlrC	42.01	3002827	protein homolog model	n/a	n/a	macrolide antibiotic; lincosamide antibiotic	antibiotic target protection	Miscellaneous ABC-F subfamily ATP-binding cassette ribosomal protection proteins	43.07	gnl|BL_ORD_ID|1842|hsp_num:0	1997			60	717	lincomycin; tylosin; mycinamicin	
k141_56753_4 # 1628 # 3730 # 1 # ID=2273_4;partial=00;start_type=ATG;rbs_motif=AGGA;rbs_spacer=5-10bp;gc_cont=0.588	k141_56753	1628	3730	+	Loose	1350	811.2	Staphylococcus aureus fusA with mutation conferring resistance to fusidic acid	57.96	3003735	protein variant model	V90I	n/a	fusidane antibiotic	antibiotic target alteration	antibiotic resistant fusA	101.01	gnl|BL_ORD_ID|4696|hsp_num:0	2254			0	2061	fusidic acid	
k141_25178_3 # 733 # 1365 # -1 # ID=2276_3;partial=00;start_type=ATG;rbs_motif=None;rbs_spacer=None;gc_cont=0.712	k141_25178	733	1365	-	Loose	400	42.4	nalC	28.57	3000818	protein overexpression model	n/a	n/a	macrolide antibiotic; fluoroquinolone antibiotic; monobactam; carbapenem; cephalosporin; cephamycin; penam; tetracycline antibiotic; peptide antibiotic; aminocoumarin antibiotic; diaminopyrimidine antibiotic; sulfonamide antibiotic; phenicol antibiotic; penem	antibiotic efflux	resistance-nodulation-cell division (RND) antibiotic efflux pump	98.59	gnl|BL_ORD_ID|2128|hsp_num:0	1670			27	381	erythromycin; ciprofloxacin; tetracycline; ceftazidime; ceftriaxone; meropenem; novobiocin; azithromycin; trimethoprim; sulfamethoxazole; chloramphenicol; aztreonam; colistin A; colistin B; ampicillin; panipenem; trimethoprim-sulfamethoxazole	
k141_9318_1 # 3 # 1043 # -1 # ID=2288_1;partial=11;start_type=Edge;rbs_motif=None;rbs_spacer=None;gc_cont=0.713	k141_9318	3	1043	-	Loose	1280	43.5	macB	26.09	3000535	protein homolog model	n/a	n/a	macrolide antibiotic	antibiotic efflux	ATP-binding cassette (ABC) antibiotic efflux pump	53.88	gnl|BL_ORD_ID|447|hsp_num:0	487			366	711	erythromycin	
k141_17280_1 # 1 # 2472 # 1 # ID=2297_1;partial=11;start_type=Edge;rbs_motif=None;rbs_spacer=None;gc_cont=0.580	k141_17280	1	2472	+	Loose	1280	46.6	macB	31.63	3000535	protein homolog model	n/a	n/a	macrolide antibiotic	antibiotic efflux	ATP-binding cassette (ABC) antibiotic efflux pump	127.95	gnl|BL_ORD_ID|447|hsp_num:0	487			363	645	erythromycin	
k141_33051_1 # 2 # 1225 # 1 # ID=2314_1;partial=11;start_type=Edge;rbs_motif=None;rbs_spacer=None;gc_cont=0.359	k141_33051	2	1225	+	Loose	750	283.1	adeF	39.22	3000777	protein homolog model	n/a	n/a	fluoroquinolone antibiotic; tetracycline antibiotic	antibiotic efflux	resistance-nodulation-cell division (RND) antibiotic efflux pump	38.53	gnl|BL_ORD_ID|133|hsp_num:0	153			1827	3048	tetracycline	
k141_9333_2 # 1752 # 3401 # 1 # ID=2316_2;partial=00;start_type=ATG;rbs_motif=AGGAG;rbs_spacer=5-10bp;gc_cont=0.528	k141_9333	1752	3401	+	Loose	600	48.5	Streptomyces venezuelae rox	29.38	3007209	protein homolog model	n/a	n/a	rifamycin antibiotic	antibiotic inactivation	rifampin monooxygenase	115.34	gnl|BL_ORD_ID|4834|hsp_num:0	5820			3	483	rifampin; rifaximin; rifapentine	
k141_40982_2 # 875 # 1288 # -1 # ID=2318_2;partial=01;start_type=Edge;rbs_motif=None;rbs_spacer=None;gc_cont=0.539	k141_40982	875	1288	-	Loose	1050	52.8	carA	40.48	3002817	protein homolog model	n/a	n/a	macrolide antibiotic	antibiotic target protection	Miscellaneous ABC-F subfamily ATP-binding cassette ribosomal protection proteins	24.86	gnl|BL_ORD_ID|854|hsp_num:0	928			504	744	carbomycin	
k141_48936_1 # 3 # 2183 # -1 # ID=2319_1;partial=10;start_type=ATG;rbs_motif=None;rbs_spacer=None;gc_cont=0.555	k141_48936	3	2183	-	Loose	2000	57.8	Staphylococcus aureus mupA conferring resistance to mupirocin	25.51	3000521	protein homolog model	n/a	n/a	mupirocin-like antibiotic	antibiotic target alteration	antibiotic-resistant isoleucyl-tRNA synthetase (ileS)	71.00	gnl|BL_ORD_ID|4700|hsp_num:0	2270			1305	1881	mupirocin	
k141_1447_4 # 2167 # 2862 # -1 # ID=2326_4;partial=00;start_type=ATG;rbs_motif=AGGA;rbs_spacer=5-10bp;gc_cont=0.440	k141_1447	2167	2862	-	Loose	500	95.9	RanA	25.93	3005091	protein homolog model	n/a	n/a	aminoglycoside antibiotic	antibiotic efflux	ATP-binding cassette (ABC) antibiotic efflux pump	89.53	gnl|BL_ORD_ID|2809|hsp_num:0	3825			0	642		
k141_1447_5 # 2872 # 3720 # -1 # ID=2326_5;partial=00;start_type=GTG;rbs_motif=AGGAG;rbs_spacer=5-10bp;gc_cont=0.457	k141_1447	2872	3720	-	Loose	570	90.1	bcrA	25.73	3002987	protein homolog model	n/a	n/a	peptide antibiotic	antibiotic efflux	ATP-binding cassette (ABC) antibiotic efflux pump	92.16	gnl|BL_ORD_ID|316|hsp_num:0	345			24	696	bacitracin; bacitracin A; bacitracin B; bacitracin F	
k141_25212_2 # 1227 # 2102 # 1 # ID=2335_2;partial=01;start_type=ATG;rbs_motif=GGA/GAG/AGG;rbs_spacer=5-10bp;gc_cont=0.452	k141_25212	1227	2102	+	Loose	1350	300.1	Staphylococcus aureus fusA with mutation conferring resistance to fusidic acid	52.88	3003735	protein variant model	V90I	n/a	fusidane antibiotic	antibiotic target alteration	antibiotic resistant fusA	42.14	gnl|BL_ORD_ID|4696|hsp_num:0	2254			30	858	fusidic acid	
k141_25213_1 # 3 # 425 # -1 # ID=2339_1;partial=10;start_type=TTG;rbs_motif=GGA/GAG/AGG;rbs_spacer=5-10bp;gc_cont=0.591	k141_25213	3	425	-	Loose	1050	71.2	carA	31.85	3002817	protein homolog model	n/a	n/a	macrolide antibiotic	antibiotic target protection	Miscellaneous ABC-F subfamily ATP-binding cassette ribosomal protection proteins	25.59	gnl|BL_ORD_ID|854|hsp_num:0	928			36	441	carbomycin	
k141_40990_3 # 1202 # 2878 # 1 # ID=2341_3;partial=00;start_type=ATG;rbs_motif=AGGA;rbs_spacer=5-10bp;gc_cont=0.676	k141_40990	1202	2878	+	Loose	600	52.8	Streptomyces venezuelae rox	30.41	3007209	protein homolog model	n/a	n/a	rifamycin antibiotic	antibiotic inactivation	rifampin monooxygenase	117.23	gnl|BL_ORD_ID|4834|hsp_num:0	5820			3	483	rifampin; rifaximin; rifapentine	
k141_9360_1 # 3 # 1388 # -1 # ID=2361_1;partial=11;start_type=Edge;rbs_motif=None;rbs_spacer=None;gc_cont=0.367	k141_9360	3	1388	-	Loose	2000	361.3	Staphylococcus aureus mupA conferring resistance to mupirocin	40.35	3000521	protein homolog model	n/a	n/a	mupirocin-like antibiotic	antibiotic target alteration	antibiotic-resistant isoleucyl-tRNA synthetase (ileS)	45.12	gnl|BL_ORD_ID|4700|hsp_num:0	2270			1182	2451	mupirocin	
k141_17312_3 # 1779 # 2390 # 1 # ID=2368_3;partial=00;start_type=ATG;rbs_motif=None;rbs_spacer=None;gc_cont=0.644	k141_17312	1779	2390	+	Loose	700	73.6	vanS gene in vanN cluster	33.59	3002940	protein homolog model	n/a	n/a	glycopeptide antibiotic	antibiotic target alteration	vanS; glycopeptide resistance gene cluster	55.77	gnl|BL_ORD_ID|4738|hsp_num:0	1033			699	1083	vancomycin	
k141_48969_1 # 2 # 1837 # 1 # ID=2381_1;partial=10;start_type=Edge;rbs_motif=None;rbs_spacer=None;gc_cont=0.359	k141_48969	2	1837	+	Loose	1900	124.8	TriC	23.0	3003681	protein homolog model	n/a	n/a	disinfecting agents and antiseptics	antibiotic efflux	resistance-nodulation-cell division (RND) antibiotic efflux pump	60.20	gnl|BL_ORD_ID|2005|hsp_num:0	2194			1377	3012	triclosan	
k141_33096_3 # 1230 # 2420 # -1 # ID=2387_3;partial=00;start_type=TTG;rbs_motif=None;rbs_spacer=None;gc_cont=0.261	k141_33096	1230	2420	-	Loose	1320	184.1	lmrD	36.34	3002882	protein homolog model	n/a	n/a	lincosamide antibiotic	antibiotic efflux	ATP-binding cassette (ABC) antibiotic efflux pump	59.64	gnl|BL_ORD_ID|1489|hsp_num:0	1624			993	1980		
k141_25252_2 # 413 # 1345 # 1 # ID=2409_2;partial=00;start_type=ATG;rbs_motif=GGA/GAG/AGG;rbs_spacer=5-10bp;gc_cont=0.522	k141_25252	413	1345	+	Loose	650	82.8	adeL	25.25	3000620	protein homolog model	n/a	n/a	fluoroquinolone antibiotic; tetracycline antibiotic	antibiotic efflux	resistance-nodulation-cell division (RND) antibiotic efflux pump	91.99	gnl|BL_ORD_ID|2316|hsp_num:0	2654			6	864	tetracycline	
k141_48998_2 # 244 # 1206 # 1 # ID=2424_2;partial=01;start_type=ATG;rbs_motif=None;rbs_spacer=None;gc_cont=0.362	k141_48998	244	1206	+	Loose	750	85.9	PAC-1	26.77	3005150	protein homolog model	n/a	n/a	cephalosporin	antibiotic inactivation	PAC beta-lactamase	84.25	gnl|BL_ORD_ID|2858|hsp_num:0	3875			69	774		
k141_25260_1 # 2 # 730 # 1 # ID=2434_1;partial=10;start_type=Edge;rbs_motif=None;rbs_spacer=None;gc_cont=0.687	k141_25260	2	730	+	Loose	400	175.3	ParR	41.2	3005068	protein homolog model	n/a	n/a	macrolide antibiotic; fluoroquinolone antibiotic; monobactam; aminoglycoside antibiotic; carbapenem; cephalosporin; cephamycin; penam; tetracycline antibiotic; phenicol antibiotic; penem; disinfecting agents and antiseptics	antibiotic efflux; reduced permeability to antibiotic	resistance-nodulation-cell division (RND) antibiotic efflux pump; Outer Membrane Porin (Opr)	102.98	gnl|BL_ORD_ID|2792|hsp_num:0	3806			18	684	erythromycin; amikacin; gentamicin C; ciprofloxacin; acriflavine; tetracycline; tobramycin; meropenem; imipenem; chloramphenicol; norfloxacin; ofloxacin; gentamicin	
k141_25260_2 # 772 # 2028 # 1 # ID=2434_2;partial=00;start_type=ATG;rbs_motif=None;rbs_spacer=None;gc_cont=0.687	k141_25260	772	2028	+	Loose	800	154.8	ParS	35.99	3005067	protein homolog model	n/a	n/a	macrolide antibiotic; fluoroquinolone antibiotic; monobactam; aminoglycoside antibiotic; carbapenem; cephalosporin; cephamycin; penam; tetracycline antibiotic; phenicol antibiotic; penem; disinfecting agents and antiseptics	antibiotic efflux; reduced permeability to antibiotic	resistance-nodulation-cell division (RND) antibiotic efflux pump; Outer Membrane Porin (Opr)	97.66	gnl|BL_ORD_ID|2791|hsp_num:0	3805			420	1266	erythromycin; amikacin; gentamicin C; ciprofloxacin; acriflavine; tetracycline; tobramycin; meropenem; imipenem; chloramphenicol; norfloxacin; ofloxacin; gentamicin	
k141_17349_2 # 498 # 1373 # -1 # ID=2435_2;partial=00;start_type=ATG;rbs_motif=None;rbs_spacer=None;gc_cont=0.688	k141_17349	498	1373	-	Loose	500	107.1	RanA	32.99	3005091	protein homolog model	n/a	n/a	aminoglycoside antibiotic	antibiotic efflux	ATP-binding cassette (ABC) antibiotic efflux pump	112.79	gnl|BL_ORD_ID|2809|hsp_num:0	3825			45	633		
k141_1505_1 # 2 # 574 # -1 # ID=2438_1;partial=10;start_type=ATG;rbs_motif=4Base/6BMM;rbs_spacer=13-15bp;gc_cont=0.405	k141_1505	2	574	-	Loose	600	127.5	oleC	36.9	3003748	protein homolog model	n/a	n/a	macrolide antibiotic	antibiotic efflux	ATP-binding cassette (ABC) antibiotic efflux pump	58.77	gnl|BL_ORD_ID|2051|hsp_num:0	2264			6	564	oleandomycin	
k141_33131_1 # 1 # 1434 # -1 # ID=2446_1;partial=11;start_type=Edge;rbs_motif=None;rbs_spacer=None;gc_cont=0.553	k141_33131	1	1434	-	Loose	1080	134.8	rosB	30.02	3003049	protein homolog model	n/a	n/a	peptide antibiotic	antibiotic efflux	major facilitator superfamily (MFS) antibiotic efflux pump	84.90	gnl|BL_ORD_ID|467|hsp_num:0	507			18	1203	polymyxin B; polymyxin B1; polymyxin B2; polymyxin B3; polymyxin B4	
k141_41055_3 # 933 # 1184 # 1 # ID=2448_3;partial=01;start_type=ATG;rbs_motif=AGGA/GGAG/GAGG;rbs_spacer=11-12bp;gc_cont=0.647	k141_41055	933	1184	+	Loose	400	54.7	ParR	37.8	3005068	protein homolog model	n/a	n/a	macrolide antibiotic; fluoroquinolone antibiotic; monobactam; aminoglycoside antibiotic; carbapenem; cephalosporin; cephamycin; penam; tetracycline antibiotic; phenicol antibiotic; penem; disinfecting agents and antiseptics	antibiotic efflux; reduced permeability to antibiotic	resistance-nodulation-cell division (RND) antibiotic efflux pump; Outer Membrane Porin (Opr)	35.74	gnl|BL_ORD_ID|2792|hsp_num:0	3806			12	249	erythromycin; amikacin; gentamicin C; ciprofloxacin; acriflavine; tetracycline; tobramycin; meropenem; imipenem; chloramphenicol; norfloxacin; ofloxacin; gentamicin	
k141_49006_3 # 1241 # 1504 # -1 # ID=2451_3;partial=01;start_type=Edge;rbs_motif=None;rbs_spacer=None;gc_cont=0.383	k141_49006	1241	1504	-	Loose	400	62.4	vatF	49.02	3003744	protein homolog model	n/a	n/a	streptogramin antibiotic; streptogramin A antibiotic	antibiotic inactivation	streptogramin vat acetyltransferase	39.37	gnl|BL_ORD_ID|2048|hsp_num:0	2260			363	516	virginiamycin M1; madumycin II; griseoviridin; dalfopristin	
k141_33136_1 # 1 # 1080 # -1 # ID=2455_1;partial=11;start_type=Edge;rbs_motif=None;rbs_spacer=None;gc_cont=0.636	k141_33136	1	1080	-	Loose	1900	135.2	mexN	28.93	3003705	protein homolog model	n/a	n/a	phenicol antibiotic	antibiotic efflux	resistance-nodulation-cell division (RND) antibiotic efflux pump	34.75	gnl|BL_ORD_ID|2022|hsp_num:0	2217			1233	2247	chloramphenicol; thiamphenicol	
k141_56878_1 # 1 # 561 # -1 # ID=2464_1;partial=10;start_type=ATG;rbs_motif=None;rbs_spacer=None;gc_cont=0.640	k141_56878	1	561	-	Loose	1280	136.3	macB	39.67	3000535	protein homolog model	n/a	n/a	macrolide antibiotic	antibiotic efflux	ATP-binding cassette (ABC) antibiotic efflux pump	29.04	gnl|BL_ORD_ID|447|hsp_num:0	487			6	558	erythromycin	
k141_25278_2 # 1508 # 2173 # 1 # ID=2475_2;partial=00;start_type=ATG;rbs_motif=None;rbs_spacer=None;gc_cont=0.333	k141_25278	1508	2173	+	Loose	1280	152.1	macB	37.33	3000535	protein homolog model	n/a	n/a	macrolide antibiotic	antibiotic efflux	ATP-binding cassette (ABC) antibiotic efflux pump	34.32	gnl|BL_ORD_ID|447|hsp_num:0	487			6	663	erythromycin	
k141_33152_1 # 1 # 297 # 1 # ID=2480_1;partial=10;start_type=Edge;rbs_motif=None;rbs_spacer=None;gc_cont=0.657	k141_33152	1	297	+	Loose	650	58.9	tetA(58)	38.54	3003980	protein homolog model	n/a	n/a	tetracycline antibiotic	antibiotic efflux	major facilitator superfamily (MFS) antibiotic efflux pump	28.57	gnl|BL_ORD_ID|2244|hsp_num:0	2517			468	747	tetracycline	
k141_33152_2 # 294 # 1013 # 1 # ID=2480_2;partial=00;start_type=ATG;rbs_motif=GGAG/GAGG;rbs_spacer=5-10bp;gc_cont=0.679	k141_33152	294	1013	+	Loose	650	99.4	tetA(58)	30.0	3003980	protein homolog model	n/a	n/a	tetracycline antibiotic	antibiotic efflux	major facilitator superfamily (MFS) antibiotic efflux pump	69.68	gnl|BL_ORD_ID|2244|hsp_num:0	2517			63	705	tetracycline	
k141_56888_2 # 206 # 1849 # -1 # ID=2482_2;partial=01;start_type=Edge;rbs_motif=None;rbs_spacer=None;gc_cont=0.338	k141_56888	206	1849	-	Loose	1000	298.1	msbA	33.72	3003950	protein homolog model	n/a	n/a	nitroimidazole antibiotic	antibiotic efflux	ATP-binding cassette (ABC) antibiotic efflux pump	93.99	gnl|BL_ORD_ID|2186|hsp_num:0	2423			177	1737	metronidazole	
k141_25285_1 # 2 # 631 # 1 # ID=2487_1;partial=10;start_type=Edge;rbs_motif=None;rbs_spacer=None;gc_cont=0.529	k141_25285	2	631	+	Loose	900	68.6	TolC	26.07	3000237	protein homolog model	n/a	n/a	macrolide antibiotic; fluoroquinolone antibiotic; aminoglycoside antibiotic; carbapenem; cephalosporin; glycylcycline; cephamycin; penam; tetracycline antibiotic; peptide antibiotic; aminocoumarin antibiotic; rifamycin antibiotic; phenicol antibiotic; penem; disinfecting agents and antiseptics	antibiotic efflux	ATP-binding cassette (ABC) antibiotic efflux pump; major facilitator superfamily (MFS) antibiotic efflux pump; resistance-nodulation-cell division (RND) antibiotic efflux pump	42.22	gnl|BL_ORD_ID|4677|hsp_num:0	826			684	1317	erythromycin; cloxacillin; gentamicin C; tigecycline; ciprofloxacin; spectinomycin; streptomycin; tetracycline; tobramycin; oxacillin; ceftazidime; ertapenem; piperacillin; novobiocin; azithromycin; rifampin; imipenem; chloramphenicol; polymyxin B; polymyxin B1; polymyxin B2; polymyxin B3; polymyxin B4; ampicillin; nalidixic acid; norfloxacin; cefalotin; triclosan; ticarcillin; gentamicin	
k141_25294_2 # 608 # 1243 # -1 # ID=2498_2;partial=00;start_type=ATG;rbs_motif=TAA;rbs_spacer=11bp;gc_cont=0.336	k141_25294	608	1243	-	Loose	375	52.4	ALI-2	25.53	3006895	protein homolog model	n/a	n/a	carbapenem	antibiotic inactivation	ALI beta-lactamase	86.12	gnl|BL_ORD_ID|3293|hsp_num:0	4361			180	681		
k141_17403_1 # 1 # 1017 # 1 # ID=2506_1;partial=11;start_type=Edge;rbs_motif=None;rbs_spacer=None;gc_cont=0.321	k141_17403	1	1017	+	Loose	1280	46.2	macB	23.26	3000535	protein homolog model	n/a	n/a	macrolide antibiotic	antibiotic efflux	ATP-binding cassette (ABC) antibiotic efflux pump	52.64	gnl|BL_ORD_ID|447|hsp_num:0	487			1554	1923	erythromycin	
k141_33172_2 # 754 # 2244 # 1 # ID=2509_2;partial=01;start_type=ATG;rbs_motif=GGA/GAG/AGG;rbs_spacer=5-10bp;gc_cont=0.670	k141_33172	754	2244	+	Loose	1000	306.2	MCR-5.3	39.06	3007282	protein homolog model	n/a	n/a	peptide antibiotic	antibiotic target alteration	MCR phosphoethanolamine transferase	90.86	gnl|BL_ORD_ID|4895|hsp_num:0	5887			66	1431	colistin A; colistin B	
k141_41101_4 # 3860 # 4786 # 1 # ID=2514_4;partial=00;start_type=ATG;rbs_motif=GGAG/GAGG;rbs_spacer=5-10bp;gc_cont=0.510	k141_41101	3860	4786	+	Loose	700	92.4	OmpA	37.04	3005044	protein homolog model	n/a	n/a	peptide antibiotic	reduced permeability to antibiotic	General Bacterial Porin with reduced permeability to peptide antibiotics	82.35	gnl|BL_ORD_ID|2775|hsp_num:0	3787			702	1107	polymyxin B; defensin	
k141_1554_6 # 2472 # 3368 # 1 # ID=2515_6;partial=00;start_type=ATG;rbs_motif=GGAG/GAGG;rbs_spacer=5-10bp;gc_cont=0.630	k141_1554	2472	3368	+	Loose	550	40.0	NmcR	39.29	3003665	protein homolog model	n/a	n/a	carbapenem; cephalosporin; cephamycin; penam	antibiotic inactivation	NmcA beta-lactamase	101.02	gnl|BL_ORD_ID|1906|hsp_num:0	2072			27	195	cefoxitin; cefazolin; ampicillin	
k141_17411_2 # 324 # 1445 # 1 # ID=2516_2;partial=00;start_type=ATG;rbs_motif=None;rbs_spacer=None;gc_cont=0.580	k141_17411	324	1445	+	Loose	700	51.2	OmpA	33.33	3005044	protein homolog model	n/a	n/a	peptide antibiotic	reduced permeability to antibiotic	General Bacterial Porin with reduced permeability to peptide antibiotics	99.73	gnl|BL_ORD_ID|2775|hsp_num:0	3787			744	1080	polymyxin B; defensin	
k141_25315_5 # 3816 # 4775 # 1 # ID=2532_5;partial=01;start_type=ATG;rbs_motif=TATAA;rbs_spacer=12bp;gc_cont=0.366	k141_25315	3816	4775	+	Loose	2000	93.2	adeB	23.24	3000775	protein homolog model	n/a	n/a	glycylcycline; tetracycline antibiotic	antibiotic efflux	resistance-nodulation-cell division (RND) antibiotic efflux pump	30.92	gnl|BL_ORD_ID|801|hsp_num:0	866			6	954	tigecycline; tetracycline	
k141_25318_1 # 1 # 597 # 1 # ID=2536_1;partial=10;start_type=Edge;rbs_motif=None;rbs_spacer=None;gc_cont=0.504	k141_25318	1	597	+	Loose	1900	280.8	MexK	76.68	3003693	protein homolog model	n/a	n/a	macrolide antibiotic; tetracycline antibiotic; disinfecting agents and antiseptics	antibiotic efflux	resistance-nodulation-cell division (RND) antibiotic efflux pump	19.32	gnl|BL_ORD_ID|2017|hsp_num:0	2206			2481	3060	erythromycin; tetracycline; triclosan	
k141_1567_4 # 1420 # 2109 # -1 # ID=2545_4;partial=00;start_type=ATG;rbs_motif=AGGA/GGAG/GAGG;rbs_spacer=11-12bp;gc_cont=0.523	k141_1567	1420	2109	-	Loose	390	81.6	evgA	24.26	3000832	protein homolog model	n/a	n/a	macrolide antibiotic; fluoroquinolone antibiotic; penam; tetracycline antibiotic	antibiotic efflux	major facilitator superfamily (MFS) antibiotic efflux pump; resistance-nodulation-cell division (RND) antibiotic efflux pump	112.25	gnl|BL_ORD_ID|937|hsp_num:0	1015			9	594	erythromycin; cloxacillin; tetracycline; oxacillin; norfloxacin	
k141_41110_1 # 3 # 875 # 1 # ID=2548_1;partial=10;start_type=Edge;rbs_motif=None;rbs_spacer=None;gc_cont=0.556	k141_41110	3	875	+	Loose	600	72.4	oleC	23.71	3003748	protein homolog model	n/a	n/a	macrolide antibiotic	antibiotic efflux	ATP-binding cassette (ABC) antibiotic efflux pump	89.23	gnl|BL_ORD_ID|2051|hsp_num:0	2264			45	672	oleandomycin	
k141_25327_3 # 1074 # 1556 # 1 # ID=2549_3;partial=01;start_type=ATG;rbs_motif=None;rbs_spacer=None;gc_cont=0.735	k141_25327	1074	1556	+	Loose	400	107.8	Pseudomonas aeruginosa CpxR	46.15	3004054	protein homolog model	n/a	n/a	macrolide antibiotic; fluoroquinolone antibiotic; monobactam; aminoglycoside antibiotic; carbapenem; cephalosporin; cephamycin; penam; tetracycline antibiotic; peptide antibiotic; aminocoumarin antibiotic; diaminopyrimidine antibiotic; sulfonamide antibiotic; phenicol antibiotic; penem	antibiotic efflux	resistance-nodulation-cell division (RND) antibiotic efflux pump	71.56	gnl|BL_ORD_ID|2301|hsp_num:0	2685			3	381	erythromycin; ciprofloxacin; tetracycline; ceftazidime; ceftriaxone; meropenem; novobiocin; azithromycin; trimethoprim; sulfamethoxazole; chloramphenicol; aztreonam; colistin A; colistin B; ampicillin; panipenem; trimethoprim-sulfamethoxazole	
k141_56936_3 # 731 # 1675 # 1 # ID=2558_3;partial=00;start_type=ATG;rbs_motif=None;rbs_spacer=None;gc_cont=0.339	k141_56936	731	1675	+	Loose	200	134.8	vanH gene in vanA cluster	35.04	3002942	protein homolog model	n/a	n/a	glycopeptide antibiotic	antibiotic target alteration	vanH; glycopeptide resistance gene cluster	97.52	gnl|BL_ORD_ID|4670|hsp_num:0	178			213	900	vancomycin; teicoplanin	
k141_56936_4 # 1806 # 3062 # 1 # ID=2558_4;partial=00;start_type=ATG;rbs_motif=None;rbs_spacer=None;gc_cont=0.338	k141_56936	1806	3062	+	Loose	700	68.6	ACC-4	26.62	3001818	protein homolog model	n/a	n/a	monobactam; cephalosporin; penam	antibiotic inactivation	ACC beta-lactamase	108.29	gnl|BL_ORD_ID|368|hsp_num:0	406			75	813		
k141_41149_1 # 89 # 790 # 1 # ID=2598_1;partial=00;start_type=ATG;rbs_motif=None;rbs_spacer=None;gc_cont=0.476	k141_41149	89	790	+	Loose	400	194.5	vanR gene in vanF cluster	43.61	3002925	protein homolog model	n/a	n/a	glycopeptide antibiotic	antibiotic target alteration	glycopeptide resistance gene cluster; vanR	100.87	gnl|BL_ORD_ID|299|hsp_num:0	240			15	687	vancomycin	
k141_41149_2 # 793 # 2208 # 1 # ID=2598_2;partial=01;start_type=ATG;rbs_motif=AGGT;rbs_spacer=9bp;gc_cont=0.442	k141_41149	793	2208	+	Loose	880	146.7	arlS	30.27	3000839	protein homolog model	n/a	n/a	fluoroquinolone antibiotic; disinfecting agents and antiseptics	antibiotic efflux	major facilitator superfamily (MFS) antibiotic efflux pump	104.66	gnl|BL_ORD_ID|166|hsp_num:0	182			348	1353	ciprofloxacin; acriflavine; norfloxacin	
k141_56975_2 # 1722 # 2177 # -1 # ID=2601_2;partial=01;start_type=Edge;rbs_motif=None;rbs_spacer=None;gc_cont=0.682	k141_56975	1722	2177	-	Loose	390	46.2	evgA	25.62	3000832	protein homolog model	n/a	n/a	macrolide antibiotic; fluoroquinolone antibiotic; penam; tetracycline antibiotic	antibiotic efflux	major facilitator superfamily (MFS) antibiotic efflux pump; resistance-nodulation-cell division (RND) antibiotic efflux pump	74.02	gnl|BL_ORD_ID|937|hsp_num:0	1015			210	570	erythromycin; cloxacillin; tetracycline; oxacillin; norfloxacin	
k141_17473_1 # 182 # 1615 # -1 # ID=2611_1;partial=01;start_type=Edge;rbs_motif=None;rbs_spacer=None;gc_cont=0.651	k141_17473	182	1615	-	Loose	850	41.6	abeM	25.31	3000753	protein homolog model	n/a	n/a	fluoroquinolone antibiotic; disinfecting agents and antiseptics	antibiotic efflux	multidrug and toxic compound extrusion (MATE) transporter	106.47	gnl|BL_ORD_ID|1255|hsp_num:0	1368			39	987	ciprofloxacin; acriflavine; norfloxacin; ofloxacin; triclosan	
k141_33255_2 # 972 # 1490 # 1 # ID=2622_2;partial=01;start_type=TTG;rbs_motif=GGAG/GAGG;rbs_spacer=5-10bp;gc_cont=0.561	k141_33255	972	1490	+	Loose	1200	51.6	arnA	30.07	3002985	protein homolog model	n/a	n/a	peptide antibiotic	antibiotic target alteration	pmr phosphoethanolamine transferase	26.13	gnl|BL_ORD_ID|1514|hsp_num:0	1643			81	489	polymyxin B	
k141_49120_1 # 185 # 889 # -1 # ID=2623_1;partial=00;start_type=ATG;rbs_motif=None;rbs_spacer=None;gc_cont=0.403	k141_49120	185	889	-	Loose	400	171.0	tetR	41.58	3003479	protein overexpression model	n/a	n/a	tetracycline antibiotic	antibiotic target alteration; antibiotic efflux	major facilitator superfamily (MFS) antibiotic efflux pump	112.50	gnl|BL_ORD_ID|443|hsp_num:0	276			9	606	tetracycline	
k141_49120_2 # 892 # 2079 # 1 # ID=2623_2;partial=00;start_type=GTG;rbs_motif=AGxAGG/AGGxGG;rbs_spacer=5-10bp;gc_cont=0.406	k141_49120	892	2079	+	Perfect	750	746.5	tet(39)	100.0	3000566	protein homolog model	n/a	n/a	tetracycline antibiotic	antibiotic efflux	major facilitator superfamily (MFS) antibiotic efflux pump	100.00	gnl|BL_ORD_ID|1038|hsp_num:0	1092			0	1185	tetracycline	
k141_33261_1 # 2 # 733 # 1 # ID=2637_1;partial=10;start_type=Edge;rbs_motif=None;rbs_spacer=None;gc_cont=0.329	k141_33261	2	733	+	Loose	650	94.4	tetA(58)	31.88	3003980	protein homolog model	n/a	n/a	tetracycline antibiotic	antibiotic efflux	major facilitator superfamily (MFS) antibiotic efflux pump	70.85	gnl|BL_ORD_ID|2244|hsp_num:0	2517			225	705	tetracycline	
k141_33261_2 # 1100 # 1288 # 1 # ID=2637_2;partial=01;start_type=ATG;rbs_motif=TAA;rbs_spacer=11bp;gc_cont=0.392	k141_33261	1100	1288	+	Loose	570	65.1	bcrA	52.73	3002987	protein homolog model	n/a	n/a	peptide antibiotic	antibiotic efflux	ATP-binding cassette (ABC) antibiotic efflux pump	20.59	gnl|BL_ORD_ID|316|hsp_num:0	345			12	177	bacitracin; bacitracin A; bacitracin B; bacitracin F	
k141_41179_6 # 2522 # 3280 # -1 # ID=2640_6;partial=01;start_type=Edge;rbs_motif=None;rbs_spacer=None;gc_cont=0.514	k141_41179	2522	3280	-	Loose	800	130.2	ParS	34.44	3005067	protein homolog model	n/a	n/a	macrolide antibiotic; fluoroquinolone antibiotic; monobactam; aminoglycoside antibiotic; carbapenem; cephalosporin; cephamycin; penam; tetracycline antibiotic; phenicol antibiotic; penem; disinfecting agents and antiseptics	antibiotic efflux; reduced permeability to antibiotic	resistance-nodulation-cell division (RND) antibiotic efflux pump; Outer Membrane Porin (Opr)	58.88	gnl|BL_ORD_ID|2791|hsp_num:0	3805			567	1272	erythromycin; amikacin; gentamicin C; ciprofloxacin; acriflavine; tetracycline; tobramycin; meropenem; imipenem; chloramphenicol; norfloxacin; ofloxacin; gentamicin	
k141_9548_1 # 3 # 1607 # 1 # ID=2653_1;partial=11;start_type=Edge;rbs_motif=None;rbs_spacer=None;gc_cont=0.548	k141_9548	3	1607	+	Loose	2300	621.7	Staphylococcus aureus rpoB mutants conferring resistance to rifampicin	59.96	3003285	protein variant model	A473T	S531G:1237, H526S:1237, L511R:1237, S512R:1237	rifamycin antibiotic	antibiotic target alteration; antibiotic target replacement	rifamycin-resistant beta-subunit of RNA polymerase (rpoB)	45.22	gnl|BL_ORD_ID|1931|hsp_num:0	90			1134	2685	rifampin; rifaximin; rifabutin; rifapentine	
k141_49139_3 # 1592 # 2368 # 1 # ID=2656_3;partial=01;start_type=ATG;rbs_motif=GGAG/GAGG;rbs_spacer=5-10bp;gc_cont=0.660	k141_49139	1592	2368	+	Loose	900	48.9	iri	27.27	3002884	protein homolog model	n/a	n/a	rifamycin antibiotic	antibiotic inactivation	rifampin monooxygenase	54.07	gnl|BL_ORD_ID|730|hsp_num:0	796			3	474	rifampin; rifaximin; rifabutin; rifapentine	
k141_25409_1 # 1 # 261 # 1 # ID=2659_1;partial=10;start_type=Edge;rbs_motif=None;rbs_spacer=None;gc_cont=0.372	k141_25409	1	261	+	Loose	1280	38.1	macB	29.76	3000535	protein homolog model	n/a	n/a	macrolide antibiotic	antibiotic efflux	ATP-binding cassette (ABC) antibiotic efflux pump	13.35	gnl|BL_ORD_ID|447|hsp_num:0	487			1698	1932	erythromycin	
k141_25409_2 # 362 # 1336 # 1 # ID=2659_2;partial=01;start_type=ATG;rbs_motif=TAAA;rbs_spacer=13bp;gc_cont=0.373	k141_25409	362	1336	+	Loose	760	67.8	macA	23.27	3000533	protein homolog model	n/a	n/a	macrolide antibiotic	antibiotic efflux	ATP-binding cassette (ABC) antibiotic efflux pump	82.91	gnl|BL_ORD_ID|1547|hsp_num:0	1680			39	954	erythromycin	
k141_41198_1 # 1 # 1095 # -1 # ID=2672_1;partial=11;start_type=Edge;rbs_motif=None;rbs_spacer=None;gc_cont=0.647	k141_41198	1	1095	-	Loose	1200	253.8	TaeA	39.22	3003986	protein homolog model	n/a	n/a	pleuromutilin antibiotic	antibiotic efflux	ATP-binding cassette (ABC) antibiotic efflux pump	56.33	gnl|BL_ORD_ID|2231|hsp_num:0	2522			342	1407	pleuromutilin	
k141_1666_2 # 307 # 1548 # -1 # ID=2675_2;partial=00;start_type=ATG;rbs_motif=None;rbs_spacer=None;gc_cont=0.611	k141_1666	307	1548	-	Loose	500	198.4	bcr-1	34.63	3003801	protein homolog model	n/a	n/a	bicyclomycin-like antibiotic	antibiotic efflux	major facilitator superfamily (MFS) antibiotic efflux pump	102.74	gnl|BL_ORD_ID|2333|hsp_num:0	2303			48	1185	bicyclomycin	
k141_1670_3 # 909 # 1208 # -1 # ID=2682_3;partial=01;start_type=Edge;rbs_motif=None;rbs_spacer=None;gc_cont=0.663	k141_1670	909	1208	-	Loose	410	52.8	arlR	35.38	3000838	protein homolog model	n/a	n/a	fluoroquinolone antibiotic; disinfecting agents and antiseptics	antibiotic efflux	major facilitator superfamily (MFS) antibiotic efflux pump	45.21	gnl|BL_ORD_ID|1275|hsp_num:0	1390			141	327	ciprofloxacin; acriflavine; norfloxacin	
k141_49153_4 # 2445 # 2567 # 1 # ID=2684_4;partial=01;start_type=ATG;rbs_motif=None;rbs_spacer=None;gc_cont=0.472	k141_49153	2445	2567	+	Loose	450	69.7	ANT(3'')-IIa	85.37	3004089	protein homolog model	n/a	n/a	aminoglycoside antibiotic	antibiotic inactivation	ANT(3'')	12.69	gnl|BL_ORD_ID|2382|hsp_num:0	2752			117	240	spectinomycin; streptomycin	
k141_57042_2 # 530 # 1438 # -1 # ID=2686_2;partial=01;start_type=Edge;rbs_motif=None;rbs_spacer=None;gc_cont=0.451	k141_57042	530	1438	-	Loose	2000	53.5	Staphylococcus aureus mupA conferring resistance to mupirocin	22.15	3000521	protein homolog model	n/a	n/a	mupirocin-like antibiotic	antibiotic target alteration	antibiotic-resistant isoleucyl-tRNA synthetase (ileS)	29.49	gnl|BL_ORD_ID|4700|hsp_num:0	2270			1575	2475	mupirocin	
k141_17526_2 # 489 # 1409 # -1 # ID=2688_2;partial=00;start_type=ATG;rbs_motif=None;rbs_spacer=None;gc_cont=0.669	k141_17526	489	1409	-	Loose	200	78.6	vanH gene in vanP cluster	29.63	3007188	protein homolog model	n/a	n/a	glycopeptide antibiotic	antibiotic target alteration	vanH; glycopeptide resistance gene cluster	97.45	gnl|BL_ORD_ID|4819|hsp_num:0	5804			303	765	vancomycin; teicoplanin	
k141_49156_1 # 3 # 1193 # -1 # ID=2692_1;partial=11;start_type=Edge;rbs_motif=None;rbs_spacer=None;gc_cont=0.672	k141_49156	3	1193	-	Loose	700	82.0	Escherichia coli EF-Tu mutants conferring resistance to Pulvomycin	34.19	3003369	protein variant model	R234S	Q124K:2147, G275A:2108	elfamycin antibiotic	antibiotic target alteration	elfamycin resistant EF-Tu	97.07	gnl|BL_ORD_ID|1971|hsp_num:0	2158			87	774	pulvomycin	
k141_9574_2 # 413 # 1006 # -1 # ID=2696_2;partial=01;start_type=Edge;rbs_motif=None;rbs_spacer=None;gc_cont=0.337	k141_9574	413	1006	-	Loose	700	65.5	OmpA	39.36	3005044	protein homolog model	n/a	n/a	peptide antibiotic	reduced permeability to antibiotic	General Bacterial Porin with reduced permeability to peptide antibiotics	52.67	gnl|BL_ORD_ID|2775|hsp_num:0	3787			741	1023	polymyxin B; defensin	
k141_17529_1 # 218 # 694 # 1 # ID=2697_1;partial=00;start_type=ATG;rbs_motif=TAA;rbs_spacer=11bp;gc_cont=0.358	k141_17529	218	694	+	Loose	340	47.8	sta	40.74	3004699	protein homolog model	n/a	n/a	nucleoside antibiotic	antibiotic inactivation	streptothricin acetyltransferase (SAT)	83.60	gnl|BL_ORD_ID|2221|hsp_num:0	3397			318	480	streptothricin	
k141_57050_2 # 886 # 1446 # -1 # ID=2702_2;partial=01;start_type=Edge;rbs_motif=None;rbs_spacer=None;gc_cont=0.674	k141_57050	886	1446	-	Loose	650	107.8	otr(C)	33.84	3002894	protein homolog model	n/a	n/a	tetracycline antibiotic	antibiotic efflux	ATP-binding cassette (ABC) antibiotic efflux pump	52.99	gnl|BL_ORD_ID|1953|hsp_num:0	1991			384	975	tetracycline	
k141_25438_2 # 189 # 1274 # 1 # ID=2704_2;partial=00;start_type=GTG;rbs_motif=None;rbs_spacer=None;gc_cont=0.639	k141_25438	189	1274	+	Loose	890	69.3	cpxA	27.16	3000830	protein homolog model	n/a	n/a	aminoglycoside antibiotic; aminocoumarin antibiotic	antibiotic efflux	resistance-nodulation-cell division (RND) antibiotic efflux pump	78.99	gnl|BL_ORD_ID|132|hsp_num:0	152			693	1356	novobiocin	
k141_57058_4 # 1858 # 3777 # -1 # ID=2718_4;partial=00;start_type=ATG;rbs_motif=AGGAGG;rbs_spacer=5-10bp;gc_cont=0.405	k141_57058	1858	3777	-	Strict	300	1268.4	tet(O)	99.22	3000190	protein homolog model	n/a	n/a	tetracycline antibiotic	antibiotic target protection	tetracycline-resistant ribosomal protection protein	100.00	gnl|BL_ORD_ID|1954|hsp_num:0	2020			0	1917	tetracycline; doxycycline; minocycline; chlortetracycline; demeclocycline; oxytetracycline	
k141_25446_2 # 1681 # 2418 # -1 # ID=2720_2;partial=01;start_type=Edge;rbs_motif=None;rbs_spacer=None;gc_cont=0.481	k141_25446	1681	2418	-	Loose	2300	61.2	evgS	26.83	3000833	protein homolog model	n/a	n/a	macrolide antibiotic; fluoroquinolone antibiotic; penam; tetracycline antibiotic	antibiotic efflux	major facilitator superfamily (MFS) antibiotic efflux pump; resistance-nodulation-cell division (RND) antibiotic efflux pump	20.47	gnl|BL_ORD_ID|1215|hsp_num:0	1318			2508	3099	erythromycin; cloxacillin; tetracycline; oxacillin; norfloxacin	
k141_17548_1 # 3 # 1010 # 1 # ID=2725_1;partial=10;start_type=Edge;rbs_motif=None;rbs_spacer=None;gc_cont=0.389	k141_17548	3	1010	+	Loose	900	95.1	basS	24.8	3003583	protein homolog model	n/a	n/a	peptide antibiotic	antibiotic target alteration; antibiotic efflux	pmr phosphoethanolamine transferase	70.23	gnl|BL_ORD_ID|2351|hsp_num:0	249			651	1368	polymyxin B	
k141_17548_2 # 1124 # 1249 # 1 # ID=2725_2;partial=01;start_type=ATG;rbs_motif=AGGAGG;rbs_spacer=5-10bp;gc_cont=0.429	k141_17548	1124	1249	+	Loose	1280	42.7	macB	38.46	3000535	protein homolog model	n/a	n/a	macrolide antibiotic	antibiotic efflux	ATP-binding cassette (ABC) antibiotic efflux pump	6.52	gnl|BL_ORD_ID|447|hsp_num:0	487			6	123	erythromycin	
k141_25454_1 # 3 # 587 # -1 # ID=2733_1;partial=10;start_type=ATG;rbs_motif=AGGTG;rbs_spacer=5bp;gc_cont=0.460	k141_25454	3	587	-	Loose	1280	85.1	macB	28.28	3000535	protein homolog model	n/a	n/a	macrolide antibiotic	antibiotic efflux	ATP-binding cassette (ABC) antibiotic efflux pump	30.28	gnl|BL_ORD_ID|447|hsp_num:0	487			6	567	erythromycin	
k141_25456_1 # 1 # 1038 # -1 # ID=2738_1;partial=11;start_type=Edge;rbs_motif=None;rbs_spacer=None;gc_cont=0.389	k141_25456	1	1038	-	Loose	950	437.6	msrE	63.77	3003109	protein homolog model	n/a	n/a	macrolide antibiotic; streptogramin antibiotic	antibiotic target protection	msr-type ABC-F protein	70.47	gnl|BL_ORD_ID|28|hsp_num:0	33			252	1287	erythromycin	
k141_57083_1 # 2 # 673 # -1 # ID=2755_1;partial=10;start_type=ATG;rbs_motif=None;rbs_spacer=None;gc_cont=0.677	k141_57083	2	673	-	Loose	200	43.5	vanH gene in vanF cluster	30.06	3002945	protein homolog model	n/a	n/a	glycopeptide antibiotic	antibiotic target alteration	vanH; glycopeptide resistance gene cluster	69.57	gnl|BL_ORD_ID|1653|hsp_num:0	1790			213	657	vancomycin	
k141_49198_1 # 1 # 276 # 1 # ID=2768_1;partial=10;start_type=Edge;rbs_motif=None;rbs_spacer=None;gc_cont=0.598	k141_49198	1	276	+	Loose	175	58.9	vanT gene in vanG cluster	34.78	3002972	protein homolog model	n/a	n/a	glycopeptide antibiotic	antibiotic target alteration	glycopeptide resistance gene cluster; vanT	12.78	gnl|BL_ORD_ID|1523|hsp_num:0	1561			1848	2124	vancomycin	
k141_57096_1 # 1 # 1029 # -1 # ID=2769_1;partial=10;start_type=ATG;rbs_motif=GGAG/GAGG;rbs_spacer=5-10bp;gc_cont=0.512	k141_57096	1	1029	-	Loose	2000	173.3	Bifidobacterium adolescentis rpoB mutants conferring resistance to rifampicin	41.92	3004480	protein homolog model	n/a	n/a	rifamycin antibiotic	antibiotic target alteration; antibiotic target replacement	rifamycin-resistant beta-subunit of RNA polymerase (rpoB)	28.92	gnl|BL_ORD_ID|4720|hsp_num:0	2914			81	741	rifampin	
k141_1741_1 # 105 # 569 # -1 # ID=2779_1;partial=00;start_type=ATG;rbs_motif=None;rbs_spacer=None;gc_cont=0.684	k141_1741	105	569	-	Loose	270	78.6	mgrA	34.38	3000815	protein homolog model	n/a	n/a	fluoroquinolone antibiotic; cephalosporin; penam; tetracycline antibiotic; peptide antibiotic; disinfecting agents and antiseptics	antibiotic efflux	ATP-binding cassette (ABC) antibiotic efflux pump; major facilitator superfamily (MFS) antibiotic efflux pump	104.76	gnl|BL_ORD_ID|134|hsp_num:0	154			18	402	methicillin; ciprofloxacin; acriflavine; tetracycline; daptomycin; moxifloxacin; cefotaxime; norfloxacin; sparfloxacin; moenomycin A1	
k141_17586_1 # 1 # 252 # -1 # ID=2786_1;partial=10;start_type=ATG;rbs_motif=None;rbs_spacer=None;gc_cont=0.575	k141_17586	1	252	-	Loose	1050	51.6	YojI	33.33	3003952	protein homolog model	n/a	n/a	peptide antibiotic	antibiotic efflux	ATP-binding cassette (ABC) antibiotic efflux pump	15.36	gnl|BL_ORD_ID|4708|hsp_num:0	2424			966	1182	microcin J25	
k141_9657_2 # 295 # 1179 # -1 # ID=2794_2;partial=00;start_type=ATG;rbs_motif=TAA;rbs_spacer=12bp;gc_cont=0.365	k141_9657	295	1179	-	Perfect	500	587.8	mphE	100.0	3003741	protein homolog model	n/a	n/a	macrolide antibiotic	antibiotic inactivation	macrolide phosphotransferase (MPH)	100.00	gnl|BL_ORD_ID|2688|hsp_num:0	2614			0	882	erythromycin	
k141_9657_3 # 1235 # 2710 # -1 # ID=2794_3;partial=00;start_type=ATG;rbs_motif=TAAA;rbs_spacer=5bp;gc_cont=0.399	k141_9657	1235	2710	-	Perfect	950	941.4	msrE	100.0	3003109	protein homolog model	n/a	n/a	macrolide antibiotic; streptogramin antibiotic	antibiotic target protection	msr-type ABC-F protein	100.00	gnl|BL_ORD_ID|28|hsp_num:0	33			0	1473	erythromycin	
k141_41274_2 # 212 # 1231 # -1 # ID=2796_2;partial=00;start_type=GTG;rbs_motif=AGGAG;rbs_spacer=5-10bp;gc_cont=0.690	k141_41274	212	1231	-	Loose	200	77.0	vanH gene in vanB cluster	29.29	3002943	protein homolog model	n/a	n/a	glycopeptide antibiotic	antibiotic target alteration	vanH; glycopeptide resistance gene cluster	104.95	gnl|BL_ORD_ID|4674|hsp_num:0	626			57	879	vancomycin	
k141_41276_1 # 50 # 1051 # -1 # ID=2799_1;partial=01;start_type=Edge;rbs_motif=None;rbs_spacer=None;gc_cont=0.639	k141_41276	50	1051	-	Loose	600	51.6	EstT	30.16	3007459	protein homolog model	n/a	n/a	macrolide antibiotic; glycylcycline; tetracycline antibiotic	antibiotic inactivation	macrolide esterase	108.82	gnl|BL_ORD_ID|4957|hsp_num:0	5948			126	504	tigecycline	
k141_1756_1 # 54 # 1148 # -1 # ID=2800_1;partial=01;start_type=Edge;rbs_motif=None;rbs_spacer=None;gc_cont=0.637	k141_1756	54	1148	-	Loose	2300	107.5	evgS	30.31	3000833	protein homolog model	n/a	n/a	macrolide antibiotic; fluoroquinolone antibiotic; penam; tetracycline antibiotic	antibiotic efflux	major facilitator superfamily (MFS) antibiotic efflux pump; resistance-nodulation-cell division (RND) antibiotic efflux pump	30.41	gnl|BL_ORD_ID|1215|hsp_num:0	1318			2088	2832	erythromycin; cloxacillin; tetracycline; oxacillin; norfloxacin	
k141_25502_1 # 3 # 1220 # 1 # ID=2802_1;partial=10;start_type=Edge;rbs_motif=None;rbs_spacer=None;gc_cont=0.454	k141_25502	3	1220	+	Loose	2300	72.8	evgS	24.55	3000833	protein homolog model	n/a	n/a	macrolide antibiotic; fluoroquinolone antibiotic; penam; tetracycline antibiotic	antibiotic efflux	major facilitator superfamily (MFS) antibiotic efflux pump; resistance-nodulation-cell division (RND) antibiotic efflux pump	33.83	gnl|BL_ORD_ID|1215|hsp_num:0	1318			2625	3477	erythromycin; cloxacillin; tetracycline; oxacillin; norfloxacin	
k141_57122_2 # 1127 # 2944 # 1 # ID=2815_2;partial=00;start_type=ATG;rbs_motif=None;rbs_spacer=None;gc_cont=0.566	k141_57122	1127	2944	+	Loose	1000	282.3	msbA	32.25	3003950	protein homolog model	n/a	n/a	nitroimidazole antibiotic	antibiotic efflux	ATP-binding cassette (ABC) antibiotic efflux pump	103.95	gnl|BL_ORD_ID|2186|hsp_num:0	2423			6	1737	metronidazole	
k141_17604_2 # 652 # 1434 # -1 # ID=2817_2;partial=00;start_type=ATG;rbs_motif=GGAG/GAGG;rbs_spacer=5-10bp;gc_cont=0.580	k141_17604	652	1434	-	Loose	650	113.6	tetA(58)	33.48	3003980	protein homolog model	n/a	n/a	tetracycline antibiotic	antibiotic efflux	major facilitator superfamily (MFS) antibiotic efflux pump	75.80	gnl|BL_ORD_ID|2244|hsp_num:0	2517			57	705	tetracycline	
k141_17607_1 # 7 # 870 # 1 # ID=2824_1;partial=00;start_type=ATG;rbs_motif=None;rbs_spacer=None;gc_cont=0.369	k141_17607	7	870	+	Loose	400	97.1	Erm(K)	28.17	3004643	protein homolog model	n/a	n/a	macrolide antibiotic; lincosamide antibiotic; streptogramin antibiotic	antibiotic target alteration	Erm 23S ribosomal RNA methyltransferase	101.06	gnl|BL_ORD_ID|2123|hsp_num:0	3341			9	819	erythromycin	
k141_33384_1 # 3 # 1331 # -1 # ID=2835_1;partial=10;start_type=ATG;rbs_motif=None;rbs_spacer=None;gc_cont=0.713	k141_33384	3	1331	-	Loose	400	82.4	ParR	38.98	3005068	protein homolog model	n/a	n/a	macrolide antibiotic; fluoroquinolone antibiotic; monobactam; aminoglycoside antibiotic; carbapenem; cephalosporin; cephamycin; penam; tetracycline antibiotic; phenicol antibiotic; penem; disinfecting agents and antiseptics	antibiotic efflux; reduced permeability to antibiotic	resistance-nodulation-cell division (RND) antibiotic efflux pump; Outer Membrane Porin (Opr)	188.51	gnl|BL_ORD_ID|2792|hsp_num:0	3806			21	366	erythromycin; amikacin; gentamicin C; ciprofloxacin; acriflavine; tetracycline; tobramycin; meropenem; imipenem; chloramphenicol; norfloxacin; ofloxacin; gentamicin	
k141_41298_1 # 1 # 504 # -1 # ID=2838_1;partial=10;start_type=ATG;rbs_motif=AGGAG;rbs_spacer=5-10bp;gc_cont=0.379	k141_41298	1	504	-	Loose	950	216.9	msrE	63.1	3003109	protein homolog model	n/a	n/a	macrolide antibiotic; streptogramin antibiotic	antibiotic target protection	msr-type ABC-F protein	34.22	gnl|BL_ORD_ID|28|hsp_num:0	33			0	504	erythromycin	
k141_41298_2 # 626 # 1141 # -1 # ID=2838_2;partial=01;start_type=Edge;rbs_motif=None;rbs_spacer=None;gc_cont=0.362	k141_41298	626	1141	-	Loose	800	291.6	mel	85.38	3000616	protein homolog model	n/a	n/a	macrolide antibiotic; streptogramin antibiotic	antibiotic target protection	msr-type ABC-F protein	42.22	gnl|BL_ORD_ID|1131|hsp_num:0	1231			702	1215	erythromycin; telithromycin	
k141_1779_1 # 2 # 1024 # -1 # ID=2844_1;partial=10;start_type=ATG;rbs_motif=AATAA;rbs_spacer=15bp;gc_cont=0.370	k141_1779	2	1024	-	Loose	800	186.8	Staphylococcus aureus murA with mutation conferring resistance to fosfomycin	34.13	3003776	protein variant model	D278E	C117D:2290, C115D:2284	phosphonic acid antibiotic	antibiotic target alteration	antibiotic-resistant murA transferase	81.00	gnl|BL_ORD_ID|2072|hsp_num:0	2285			15	966	fosfomycin	
k141_57139_1 # 3 # 881 # 1 # ID=2846_1;partial=10;start_type=Edge;rbs_motif=None;rbs_spacer=None;gc_cont=0.660	k141_57139	3	881	+	Loose	800	269.6	Staphylococcus aureus murA with mutation conferring resistance to fosfomycin	50.34	3003776	protein variant model	Q362R	n/a	phosphonic acid antibiotic	antibiotic target alteration	antibiotic-resistant murA transferase	69.36	gnl|BL_ORD_ID|2072|hsp_num:0	2285			402	1257	fosfomycin	
k141_41308_2 # 852 # 1505 # -1 # ID=2849_2;partial=01;start_type=Edge;rbs_motif=None;rbs_spacer=None;gc_cont=0.685	k141_41308	852	1505	-	Loose	400	50.8	TxR	28.77	3005008	protein homolog model	n/a	n/a	tetracycline antibiotic	antibiotic efflux	ATP-binding cassette (ABC) antibiotic efflux pump	68.24	gnl|BL_ORD_ID|4725|hsp_num:0	3753			495	903	tetracycline	
k141_49245_1 # 2 # 244 # -1 # ID=2853_1;partial=10;start_type=ATG;rbs_motif=None;rbs_spacer=None;gc_cont=0.675	k141_49245	2	244	-	Loose	650	52.8	adeL	43.06	3000620	protein homolog model	n/a	n/a	fluoroquinolone antibiotic; tetracycline antibiotic	antibiotic efflux	resistance-nodulation-cell division (RND) antibiotic efflux pump	24.04	gnl|BL_ORD_ID|2316|hsp_num:0	2654			9	225	tetracycline	
k141_57148_2 # 188 # 817 # -1 # ID=2856_2;partial=00;start_type=ATG;rbs_motif=None;rbs_spacer=None;gc_cont=0.663	k141_57148	188	817	-	Loose	300	59.3	Escherichia coli uhpA with mutation conferring resistance to fosfomycin	28.71	3003893	protein variant model	G97D	n/a	phosphonic acid antibiotic	antibiotic target alteration	antibiotic-resistant UhpT	106.63	gnl|BL_ORD_ID|2140|hsp_num:0	2374			6	585	fosfomycin	
k141_57148_3 # 902 # 2164 # -1 # ID=2856_3;partial=01;start_type=Edge;rbs_motif=None;rbs_spacer=None;gc_cont=0.671	k141_57148	902	2164	-	Loose	2300	53.5	evgS	29.06	3000833	protein homolog model	n/a	n/a	macrolide antibiotic; fluoroquinolone antibiotic; penam; tetracycline antibiotic	antibiotic efflux	major facilitator superfamily (MFS) antibiotic efflux pump; resistance-nodulation-cell division (RND) antibiotic efflux pump	35.09	gnl|BL_ORD_ID|1215|hsp_num:0	1318			2472	2808	erythromycin; cloxacillin; tetracycline; oxacillin; norfloxacin	
k141_41315_3 # 874 # 1041 # 1 # ID=2860_3;partial=01;start_type=ATG;rbs_motif=None;rbs_spacer=None;gc_cont=0.339	k141_41315	874	1041	+	Loose	1000	62.4	vmlR	48.15	3004476	protein homolog model	n/a	n/a	lincosamide antibiotic; streptogramin antibiotic; streptogramin B antibiotic	antibiotic target protection	Miscellaneous ABC-F subfamily ATP-binding cassette ribosomal protection proteins	10.24	gnl|BL_ORD_ID|2588|hsp_num:0	2907			870	1032	lincomycin; virginiamycin S2	
k141_17624_1 # 3 # 695 # -1 # ID=2868_1;partial=10;start_type=ATG;rbs_motif=None;rbs_spacer=None;gc_cont=0.550	k141_17624	3	695	-	Loose	750	39.3	cmlA9	28.8	3005043	protein homolog model	n/a	n/a	phenicol antibiotic	antibiotic efflux	major facilitator superfamily (MFS) antibiotic efflux pump	57.18	gnl|BL_ORD_ID|2774|hsp_num:0	3786			12	552	chloramphenicol	
k141_17624_7 # 5441 # 6634 # -1 # ID=2868_7;partial=00;start_type=ATG;rbs_motif=AGGAG;rbs_spacer=5-10bp;gc_cont=0.511	k141_17624	5441	6634	-	Loose	500	110.9	RanA	32.24	3005091	protein homolog model	n/a	n/a	aminoglycoside antibiotic	antibiotic efflux	ATP-binding cassette (ABC) antibiotic efflux pump	153.88	gnl|BL_ORD_ID|2809|hsp_num:0	3825			3	642		
k141_41325_2 # 853 # 1332 # -1 # ID=2870_2;partial=01;start_type=Edge;rbs_motif=None;rbs_spacer=None;gc_cont=0.519	k141_41325	853	1332	-	Loose	1200	59.3	TaeA	29.11	3003986	protein homolog model	n/a	n/a	pleuromutilin antibiotic	antibiotic efflux	ATP-binding cassette (ABC) antibiotic efflux pump	24.54	gnl|BL_ORD_ID|2231|hsp_num:0	2522			1455	1905	pleuromutilin	
k141_1811_1 # 2 # 1057 # 1 # ID=2881_1;partial=10;start_type=Edge;rbs_motif=None;rbs_spacer=None;gc_cont=0.677	k141_1811	2	1057	+	Loose	700	91.3	vanS gene in vanC cluster	27.53	3002933	protein homolog model	n/a	n/a	glycopeptide antibiotic	antibiotic target alteration	vanS; glycopeptide resistance gene cluster	97.23	gnl|BL_ORD_ID|905|hsp_num:0	966			345	1077	vancomycin	
k141_33412_1 # 3 # 1283 # 1 # ID=2885_1;partial=10;start_type=Edge;rbs_motif=None;rbs_spacer=None;gc_cont=0.621	k141_33412	3	1283	+	Loose	2300	140.2	evgS	26.74	3000833	protein homolog model	n/a	n/a	macrolide antibiotic; fluoroquinolone antibiotic; penam; tetracycline antibiotic	antibiotic efflux	major facilitator superfamily (MFS) antibiotic efflux pump; resistance-nodulation-cell division (RND) antibiotic efflux pump	35.59	gnl|BL_ORD_ID|1215|hsp_num:0	1318			1680	2805	erythromycin; cloxacillin; tetracycline; oxacillin; norfloxacin	
k141_33412_3 # 1734 # 2702 # -1 # ID=2885_3;partial=00;start_type=ATG;rbs_motif=GGAG/GAGG;rbs_spacer=5-10bp;gc_cont=0.630	k141_33412	1734	2702	-	Loose	600	43.1	CAR-1	43.75	3006903	protein homolog model	n/a	n/a	carbapenem	antibiotic inactivation	CAR beta-lactamase	94.15	gnl|BL_ORD_ID|3340|hsp_num:0	4408			333	465		
k141_9722_1 # 2 # 715 # -1 # ID=2886_1;partial=10;start_type=ATG;rbs_motif=AGGAGG;rbs_spacer=5-10bp;gc_cont=0.433	k141_9722	2	715	-	Loose	400	84.7	TxR	49.44	3005008	protein homolog model	n/a	n/a	tetracycline antibiotic	antibiotic efflux	ATP-binding cassette (ABC) antibiotic efflux pump	74.84	gnl|BL_ORD_ID|4725|hsp_num:0	3753			117	384	tetracycline	
k141_41345_1 # 3 # 230 # -1 # ID=2894_1;partial=10;start_type=ATG;rbs_motif=GGAG/GAGG;rbs_spacer=5-10bp;gc_cont=0.728	k141_41345	3	230	-	Loose	390	50.4	evgA	31.51	3000832	protein homolog model	n/a	n/a	macrolide antibiotic; fluoroquinolone antibiotic; penam; tetracycline antibiotic	antibiotic efflux	major facilitator superfamily (MFS) antibiotic efflux pump; resistance-nodulation-cell division (RND) antibiotic efflux pump	37.25	gnl|BL_ORD_ID|937|hsp_num:0	1015			0	210	erythromycin; cloxacillin; tetracycline; oxacillin; norfloxacin	
k141_57179_2 # 770 # 1042 # 1 # ID=2901_2;partial=00;start_type=ATG;rbs_motif=GGxGG;rbs_spacer=5-10bp;gc_cont=0.608	k141_57179	770	1042	+	Loose	200	82.4	YajC	47.44	3005040	protein homolog model	n/a	n/a	fluoroquinolone antibiotic; cephalosporin; glycylcycline; penam; tetracycline antibiotic; oxazolidinone antibiotic; glycopeptide antibiotic; rifamycin antibiotic; phenicol antibiotic; disinfecting agents and antiseptics	antibiotic efflux	resistance-nodulation-cell division (RND) antibiotic efflux pump	80.36	gnl|BL_ORD_ID|2772|hsp_num:0	3783			96	330	vancomycin; tigecycline; tetracycline; linezolid; rifampin; chloramphenicol; ampicillin; cefalotin; triclosan	
k141_17655_1 # 3 # 620 # -1 # ID=2904_1;partial=10;start_type=ATG;rbs_motif=AGGAG;rbs_spacer=5-10bp;gc_cont=0.576	k141_17655	3	620	-	Loose	500	46.6	AIM-1	35.71	3000853	protein homolog model	n/a	n/a	cephalosporin; cephamycin; penam	antibiotic inactivation	AIM beta-lactamase	67.99	gnl|BL_ORD_ID|653|hsp_num:0	707			174	420		
k141_25567_3 # 896 # 1876 # -1 # ID=2923_3;partial=01;start_type=Edge;rbs_motif=None;rbs_spacer=None;gc_cont=0.568	k141_25567	896	1876	-	Loose	650	171.8	tetA(58)	33.77	3003980	protein homolog model	n/a	n/a	tetracycline antibiotic	antibiotic efflux	major facilitator superfamily (MFS) antibiotic efflux pump	95.04	gnl|BL_ORD_ID|2244|hsp_num:0	2517			93	996	tetracycline	
k141_9746_2 # 295 # 1044 # 1 # ID=2924_2;partial=00;start_type=ATG;rbs_motif=None;rbs_spacer=None;gc_cont=0.343	k141_9746	295	1044	+	Loose	500	158.3	RanA	39.73	3005091	protein homolog model	n/a	n/a	aminoglycoside antibiotic	antibiotic efflux	ATP-binding cassette (ABC) antibiotic efflux pump	96.51	gnl|BL_ORD_ID|2809|hsp_num:0	3825			0	660		
k141_49314_3 # 548 # 1042 # 1 # ID=2941_3;partial=01;start_type=ATG;rbs_motif=AGGA/GGAG/GAGG;rbs_spacer=11-12bp;gc_cont=0.341	k141_49314	548	1042	+	Loose	700	64.7	ugd	29.41	3003577	protein homolog model	n/a	n/a	peptide antibiotic	antibiotic target alteration	pmr phosphoethanolamine transferase	42.53	gnl|BL_ORD_ID|895|hsp_num:0	842			0	453	polymyxin B	
k141_9760_3 # 974 # 2530 # -1 # ID=2942_3;partial=01;start_type=Edge;rbs_motif=None;rbs_spacer=None;gc_cont=0.559	k141_9760	974	2530	-	Loose	500	39.7	leuO	29.25	3003843	protein homolog model	n/a	n/a	nucleoside antibiotic; disinfecting agents and antiseptics	antibiotic efflux	major facilitator superfamily (MFS) antibiotic efflux pump	164.97	gnl|BL_ORD_ID|4927|hsp_num:0	5921			9	309	acriflavine; puromycin	
k141_1860_1 # 2 # 1180 # 1 # ID=2943_1;partial=10;start_type=Edge;rbs_motif=None;rbs_spacer=None;gc_cont=0.382	k141_1860	2	1180	+	Loose	880	65.1	arlS	25.81	3000839	protein homolog model	n/a	n/a	fluoroquinolone antibiotic; disinfecting agents and antiseptics	antibiotic efflux	major facilitator superfamily (MFS) antibiotic efflux pump	86.92	gnl|BL_ORD_ID|166|hsp_num:0	182			720	1344	ciprofloxacin; acriflavine; norfloxacin	
k141_1860_2 # 1177 # 1605 # -1 # ID=2943_2;partial=01;start_type=Edge;rbs_motif=None;rbs_spacer=None;gc_cont=0.422	k141_1860	1177	1605	-	Loose	400	72.0	TxR	35.0	3005008	protein homolog model	n/a	n/a	tetracycline antibiotic	antibiotic efflux	ATP-binding cassette (ABC) antibiotic efflux pump	44.65	gnl|BL_ORD_ID|4725|hsp_num:0	3753			570	948	tetracycline	
k141_33455_1 # 1 # 1788 # -1 # ID=2945_1;partial=10;start_type=ATG;rbs_motif=GGA/GAG/AGG;rbs_spacer=11-12bp;gc_cont=0.656	k141_33455	1	1788	-	Loose	1200	356.7	TaeA	35.35	3003986	protein homolog model	n/a	n/a	pleuromutilin antibiotic	antibiotic efflux	ATP-binding cassette (ABC) antibiotic efflux pump	91.98	gnl|BL_ORD_ID|2231|hsp_num:0	2522			0	1803	pleuromutilin	
k141_25586_2 # 437 # 1156 # 1 # ID=2954_2;partial=00;start_type=ATG;rbs_motif=AGGA;rbs_spacer=5-10bp;gc_cont=0.637	k141_25586	437	1156	+	Loose	400	66.6	CRP	23.27	3000518	protein homolog model	n/a	n/a	macrolide antibiotic; fluoroquinolone antibiotic; penam	antibiotic efflux	resistance-nodulation-cell division (RND) antibiotic efflux pump	113.81	gnl|BL_ORD_ID|804|hsp_num:0	869			27	618	erythromycin; cloxacillin; oxacillin; norfloxacin	
k141_49321_1 # 114 # 542 # 1 # ID=2957_1;partial=00;start_type=ATG;rbs_motif=GGAG/GAGG;rbs_spacer=5-10bp;gc_cont=0.548	k141_49321	114	542	+	Loose	290	70.5	golS	33.86	3000504	protein homolog model	n/a	n/a	monobactam; carbapenem; cephalosporin; cephamycin; penam; phenicol antibiotic; penem	antibiotic efflux	resistance-nodulation-cell division (RND) antibiotic efflux pump	92.21	gnl|BL_ORD_ID|36|hsp_num:0	44			0	378	chloramphenicol	
k141_41393_3 # 1266 # 1541 # -1 # ID=2964_3;partial=01;start_type=Edge;rbs_motif=None;rbs_spacer=None;gc_cont=0.641	k141_41393	1266	1541	-	Loose	650	76.3	adeL	46.05	3000620	protein homolog model	n/a	n/a	fluoroquinolone antibiotic; tetracycline antibiotic	antibiotic efflux	resistance-nodulation-cell division (RND) antibiotic efflux pump	27.00	gnl|BL_ORD_ID|2316|hsp_num:0	2654			639	867	tetracycline	
k141_49335_2 # 899 # 1411 # 1 # ID=2976_2;partial=00;start_type=ATG;rbs_motif=None;rbs_spacer=None;gc_cont=0.651	k141_49335	899	1411	+	Loose	300	147.1	dfrA3	51.41	3003105	protein homolog model	n/a	n/a	diaminopyrimidine antibiotic	antibiotic target replacement	trimethoprim resistant dihydrofolate reductase dfr	104.94	gnl|BL_ORD_ID|471|hsp_num:0	511			6	423	trimethoprim	
k141_25608_1 # 234 # 1295 # 1 # ID=2979_1;partial=00;start_type=ATG;rbs_motif=GGAG/GAGG;rbs_spacer=5-10bp;gc_cont=0.478	k141_25608	234	1295	+	Loose	600	76.3	Burkholderia pseudomallei Omp38	28.61	3004123	protein homolog model	n/a	n/a	monobactam; carbapenem; cephalosporin; cephamycin; penam; penem	reduced permeability to antibiotic	General Bacterial Porin with reduced permeability to beta-lactams	94.39	gnl|BL_ORD_ID|2403|hsp_num:0	2786			0	1122	cefoxitin; ceftazidime; imipenem; benzylpenicillin	
k141_41415_1 # 1 # 1362 # 1 # ID=2993_1;partial=10;start_type=Edge;rbs_motif=None;rbs_spacer=None;gc_cont=0.628	k141_41415	1	1362	+	Loose	890	136.0	OprA	31.91	3003039	protein homolog model	n/a	n/a	macrolide antibiotic; fluoroquinolone antibiotic; aminoglycoside antibiotic; carbapenem; tetracycline antibiotic	antibiotic efflux	resistance-nodulation-cell division (RND) antibiotic efflux pump	97.00	gnl|BL_ORD_ID|1504|hsp_num:0	1570			165	1392	erythromycin; amikacin; gentamicin C; ciprofloxacin; tetracycline; tobramycin; meropenem; arbekacin; norfloxacin; ofloxacin; gentamicin	
k141_49360_1 # 3 # 200 # 1 # ID=3007_1;partial=10;start_type=Edge;rbs_motif=None;rbs_spacer=None;gc_cont=0.646	k141_49360	3	200	+	Loose	450	48.9	baeR	39.66	3000828	protein homolog model	n/a	n/a	aminoglycoside antibiotic; aminocoumarin antibiotic	antibiotic efflux	resistance-nodulation-cell division (RND) antibiotic efflux pump	27.08	gnl|BL_ORD_ID|1232|hsp_num:0	1337			528	702	novobiocin	
k141_1909_2 # 741 # 1031 # 1 # ID=3010_2;partial=01;start_type=ATG;rbs_motif=AGGAG;rbs_spacer=5-10bp;gc_cont=0.522	k141_1909	741	1031	+	Loose	1100	63.2	oleB	39.24	3003036	protein homolog model	n/a	n/a	macrolide antibiotic	antibiotic target protection	Miscellaneous ABC-F subfamily ATP-binding cassette ribosomal protection proteins	17.05	gnl|BL_ORD_ID|1273|hsp_num:0	1388			123	360	oleandomycin	
k141_33496_1 # 2 # 1354 # 1 # ID=3015_1;partial=10;start_type=Edge;rbs_motif=None;rbs_spacer=None;gc_cont=0.339	k141_33496	2	1354	+	Loose	1300	212.6	optrA	31.15	3003746	protein homolog model	n/a	n/a	oxazolidinone antibiotic; phenicol antibiotic	antibiotic target protection	Miscellaneous ABC-F subfamily ATP-binding cassette ribosomal protection proteins	68.70	gnl|BL_ORD_ID|2070|hsp_num:0	2263			642	1956	linezolid; chloramphenicol; florfenicol; tedizolid	
k141_57259_1 # 3 # 242 # 1 # ID=3016_1;partial=10;start_type=Edge;rbs_motif=None;rbs_spacer=None;gc_cont=0.450	k141_57259	3	242	+	Loose	850	138.7	abeM	90.41	3000753	protein homolog model	n/a	n/a	fluoroquinolone antibiotic; disinfecting agents and antiseptics	antibiotic efflux	multidrug and toxic compound extrusion (MATE) transporter	17.63	gnl|BL_ORD_ID|1255|hsp_num:0	1368			1122	1341	ciprofloxacin; acriflavine; norfloxacin; ofloxacin; triclosan	
k141_49367_1 # 2 # 106 # 1 # ID=3020_1;partial=10;start_type=Edge;rbs_motif=None;rbs_spacer=None;gc_cont=0.562	k141_49367	2	106	+	Loose	690	38.9	MexJ	51.52	3003692	protein homolog model	n/a	n/a	macrolide antibiotic; tetracycline antibiotic; disinfecting agents and antiseptics	antibiotic efflux	resistance-nodulation-cell division (RND) antibiotic efflux pump	9.26	gnl|BL_ORD_ID|2016|hsp_num:0	2205			957	1056	erythromycin; tetracycline; triclosan	
k141_49367_2 # 103 # 1767 # 1 # ID=3020_2;partial=01;start_type=ATG;rbs_motif=GGAG/GAGG;rbs_spacer=5-10bp;gc_cont=0.566	k141_49367	103	1767	+	Loose	1900	411.8	MexK	40.83	3003693	protein homolog model	n/a	n/a	macrolide antibiotic; tetracycline antibiotic; disinfecting agents and antiseptics	antibiotic efflux	resistance-nodulation-cell division (RND) antibiotic efflux pump	54.15	gnl|BL_ORD_ID|2017|hsp_num:0	2206			9	1656	erythromycin; tetracycline; triclosan	
k141_49372_1 # 1 # 1011 # -1 # ID=3028_1;partial=11;start_type=Edge;rbs_motif=None;rbs_spacer=None;gc_cont=0.456	k141_49372	1	1011	-	Loose	1900	132.5	mexN	29.61	3003705	protein homolog model	n/a	n/a	phenicol antibiotic	antibiotic efflux	resistance-nodulation-cell division (RND) antibiotic efflux pump	32.53	gnl|BL_ORD_ID|2022|hsp_num:0	2217			2040	3033	chloramphenicol; thiamphenicol	
k141_17764_1 # 3 # 1037 # -1 # ID=3050_1;partial=10;start_type=ATG;rbs_motif=AGGAG;rbs_spacer=5-10bp;gc_cont=0.581	k141_17764	3	1037	-	Loose	900	102.1	tet(O/32/O)	40.0	3007119	protein homolog model	n/a	n/a	tetracycline antibiotic	antibiotic target protection	tetracycline-resistant ribosomal protection protein	53.99	gnl|BL_ORD_ID|4794|hsp_num:0	5789			6	456	tetracycline	
k141_17766_2 # 801 # 1211 # 1 # ID=3057_2;partial=01;start_type=ATG;rbs_motif=AGGAG;rbs_spacer=5-10bp;gc_cont=0.448	k141_17766	801	1211	+	Loose	1200	61.2	TaeA	30.22	3003986	protein homolog model	n/a	n/a	pleuromutilin antibiotic	antibiotic efflux	ATP-binding cassette (ABC) antibiotic efflux pump	21.14	gnl|BL_ORD_ID|2231|hsp_num:0	2522			6	420	pleuromutilin	
k141_25655_2 # 757 # 1284 # 1 # ID=3059_2;partial=01;start_type=ATG;rbs_motif=None;rbs_spacer=None;gc_cont=0.691	k141_25655	757	1284	+	Loose	650	47.0	adeL	32.61	3000620	protein homolog model	n/a	n/a	fluoroquinolone antibiotic; tetracycline antibiotic	antibiotic efflux	resistance-nodulation-cell division (RND) antibiotic efflux pump	52.23	gnl|BL_ORD_ID|2316|hsp_num:0	2654			0	276	tetracycline	
k141_25670_1 # 1 # 423 # -1 # ID=3079_1;partial=10;start_type=ATG;rbs_motif=GGA/GAG/AGG;rbs_spacer=5-10bp;gc_cont=0.669	k141_25670	1	423	-	Loose	420	128.3	smeR	47.06	3003066	protein homolog model	n/a	n/a	aminoglycoside antibiotic; cephalosporin; cephamycin; penam	antibiotic efflux	resistance-nodulation-cell division (RND) antibiotic efflux pump	61.57	gnl|BL_ORD_ID|1426|hsp_num:0	1550			0	396		
k141_17787_1 # 3 # 272 # -1 # ID=3080_1;partial=10;start_type=ATG;rbs_motif=None;rbs_spacer=None;gc_cont=0.726	k141_17787	3	272	-	Loose	550	41.6	NmcR	32.56	3003665	protein homolog model	n/a	n/a	carbapenem; cephalosporin; cephamycin; penam	antibiotic inactivation	NmcA beta-lactamase	30.51	gnl|BL_ORD_ID|1906|hsp_num:0	2072			18	267	cefoxitin; cefazolin; ampicillin	
k141_33535_1 # 161 # 730 # 1 # ID=3081_1;partial=00;start_type=ATG;rbs_motif=AGGAG;rbs_spacer=5-10bp;gc_cont=0.440	k141_33535	161	730	+	Loose	400	38.9	cmeR	40.0	3000526	protein homolog model	n/a	n/a	macrolide antibiotic; fluoroquinolone antibiotic; cephalosporin; fusidane antibiotic	antibiotic efflux	resistance-nodulation-cell division (RND) antibiotic efflux pump	90.00	gnl|BL_ORD_ID|1132|hsp_num:0	1232			36	192	erythromycin; cefotaxime; fusidic acid	
k141_1960_2 # 564 # 1970 # 1 # ID=3083_2;partial=01;start_type=ATG;rbs_motif=None;rbs_spacer=None;gc_cont=0.522	k141_1960	564	1970	+	Loose	900	135.2	QepA4	27.68	3004379	protein homolog model	n/a	n/a	fluoroquinolone antibiotic	antibiotic efflux	major facilitator superfamily (MFS) antibiotic efflux pump	91.78	gnl|BL_ORD_ID|2491|hsp_num:0	2880			72	1251		
k141_33546_3 # 900 # 1310 # -1 # ID=3095_3;partial=01;start_type=Edge;rbs_motif=None;rbs_spacer=None;gc_cont=0.299	k141_33546	900	1310	-	Loose	500	82.4	sul4	34.33	3004361	protein homolog model	n/a	n/a	sulfonamide antibiotic	antibiotic target replacement	sulfonamide resistant sul	47.39	gnl|BL_ORD_ID|2484|hsp_num:0	2875			411	813	sulfamethoxazole	
k141_9873_2 # 483 # 1151 # -1 # ID=3105_2;partial=00;start_type=ATG;rbs_motif=None;rbs_spacer=None;gc_cont=0.700	k141_9873	483	1151	-	Loose	400	38.9	kdpE	27.81	3003841	protein homolog model	n/a	n/a	aminoglycoside antibiotic	antibiotic efflux	kdpDE	98.67	gnl|BL_ORD_ID|2104|hsp_num:0	2331			12	528	kanamycin A	
k141_17800_1 # 1 # 528 # 1 # ID=3107_1;partial=10;start_type=Edge;rbs_motif=None;rbs_spacer=None;gc_cont=0.438	k141_17800	1	528	+	Loose	700	92.4	OmpA	36.25	3005044	protein homolog model	n/a	n/a	peptide antibiotic	reduced permeability to antibiotic	General Bacterial Porin with reduced permeability to peptide antibiotics	46.79	gnl|BL_ORD_ID|2775|hsp_num:0	3787			630	1101	polymyxin B; defensin	
k141_25695_1 # 2 # 1462 # -1 # ID=3112_1;partial=10;start_type=ATG;rbs_motif=AGGAG;rbs_spacer=5-10bp;gc_cont=0.544	k141_25695	2	1462	-	Loose	400	66.6	vanR gene in vanE cluster	31.48	3002924	protein homolog model	n/a	n/a	glycopeptide antibiotic	antibiotic target alteration	glycopeptide resistance gene cluster; vanR	212.66	gnl|BL_ORD_ID|4675|hsp_num:0	691			6	459	vancomycin	
k141_25696_1 # 1 # 846 # 1 # ID=3115_1;partial=10;start_type=Edge;rbs_motif=None;rbs_spacer=None;gc_cont=0.615	k141_25696	1	846	+	Loose	300	99.0	tet(W)	26.2	3000194	protein homolog model	n/a	n/a	tetracycline antibiotic	antibiotic target protection	tetracycline-resistant ribosomal protection protein	43.97	gnl|BL_ORD_ID|457|hsp_num:0	389			1053	1839	tetracycline; doxycycline; minocycline; chlortetracycline; demeclocycline; oxytetracycline	
k141_25696_2 # 1064 # 1756 # 1 # ID=3115_2;partial=01;start_type=ATG;rbs_motif=None;rbs_spacer=None;gc_cont=0.626	k141_25696	1064	1756	+	Loose	700	374.8	Escherichia coli EF-Tu mutants conferring resistance to Pulvomycin	80.52	3003369	protein variant model	R234F	n/a	elfamycin antibiotic	antibiotic target alteration	elfamycin resistant EF-Tu	56.48	gnl|BL_ORD_ID|1971|hsp_num:0	2158			45	732	pulvomycin	
k141_57332_3 # 2962 # 3762 # -1 # ID=3116_3;partial=01;start_type=Edge;rbs_motif=None;rbs_spacer=None;gc_cont=0.690	k141_57332	2962	3762	-	Loose	400	112.8	TxR	30.28	3005008	protein homolog model	n/a	n/a	tetracycline antibiotic	antibiotic efflux	ATP-binding cassette (ABC) antibiotic efflux pump	83.65	gnl|BL_ORD_ID|4725|hsp_num:0	3753			231	948	tetracycline	
k141_25705_2 # 505 # 1116 # -1 # ID=3132_2;partial=00;start_type=ATG;rbs_motif=None;rbs_spacer=None;gc_cont=0.618	k141_25705	505	1116	-	Loose	1050	73.2	YojI	26.32	3003952	protein homolog model	n/a	n/a	peptide antibiotic	antibiotic efflux	ATP-binding cassette (ABC) antibiotic efflux pump	37.11	gnl|BL_ORD_ID|4708|hsp_num:0	2424			966	1581	microcin J25	
k141_57348_2 # 383 # 1027 # 1 # ID=3137_2;partial=01;start_type=ATG;rbs_motif=AGGAG;rbs_spacer=5-10bp;gc_cont=0.450	k141_57348	383	1027	+	Loose	410	51.6	arlR	25.0	3000838	protein homolog model	n/a	n/a	fluoroquinolone antibiotic; disinfecting agents and antiseptics	antibiotic efflux	major facilitator superfamily (MFS) antibiotic efflux pump	98.17	gnl|BL_ORD_ID|1275|hsp_num:0	1390			6	597	ciprofloxacin; acriflavine; norfloxacin	
k141_25708_1 # 1 # 1008 # -1 # ID=3139_1;partial=10;start_type=ATG;rbs_motif=AGxAGG/AGGxGG;rbs_spacer=5-10bp;gc_cont=0.379	k141_25708	1	1008	-	Loose	850	116.7	baeS	26.67	3000829	protein homolog model	n/a	n/a	aminoglycoside antibiotic; aminocoumarin antibiotic	antibiotic efflux	resistance-nodulation-cell division (RND) antibiotic efflux pump	71.95	gnl|BL_ORD_ID|914|hsp_num:0	986			501	1350	novobiocin	
k141_25708_2 # 1008 # 1388 # -1 # ID=3139_2;partial=01;start_type=Edge;rbs_motif=None;rbs_spacer=None;gc_cont=0.388	k141_25708	1008	1388	-	Loose	410	80.9	arlR	33.06	3000838	protein homolog model	n/a	n/a	fluoroquinolone antibiotic; disinfecting agents and antiseptics	antibiotic efflux	major facilitator superfamily (MFS) antibiotic efflux pump	57.53	gnl|BL_ORD_ID|1275|hsp_num:0	1390			288	654	ciprofloxacin; acriflavine; norfloxacin	
k141_41519_1 # 2 # 1087 # 1 # ID=3140_1;partial=10;start_type=Edge;rbs_motif=None;rbs_spacer=None;gc_cont=0.626	k141_41519	2	1087	+	Loose	1190	218.4	novA	43.87	3002522	protein homolog model	n/a	n/a	aminocoumarin antibiotic	antibiotic efflux	ATP-binding cassette (ABC) antibiotic efflux pump	58.70	gnl|BL_ORD_ID|1113|hsp_num:0	1210			1074	1788	novobiocin	
k141_41521_3 # 770 # 1936 # -1 # ID=3144_3;partial=01;start_type=Edge;rbs_motif=None;rbs_spacer=None;gc_cont=0.330	k141_41521	770	1936	-	Loose	810	70.9	cdeA	23.21	3003835	protein homolog model	n/a	n/a	fluoroquinolone antibiotic; disinfecting agents and antiseptics	antibiotic efflux	multidrug and toxic compound extrusion (MATE) transporter	87.98	gnl|BL_ORD_ID|2084|hsp_num:0	2321			42	1026	acriflavine	
k141_57352_1 # 218 # 1039 # -1 # ID=3147_1;partial=01;start_type=Edge;rbs_motif=None;rbs_spacer=None;gc_cont=0.590	k141_57352	218	1039	-	Loose	550	121.7	PmrF	30.08	3003578	protein homolog model	n/a	n/a	peptide antibiotic	antibiotic target alteration	pmr phosphoethanolamine transferase	84.78	gnl|BL_ORD_ID|1938|hsp_num:0	2014			171	930	polymyxin B	
k141_33584_2 # 336 # 1937 # 1 # ID=3153_2;partial=00;start_type=GTG;rbs_motif=GGAG/GAGG;rbs_spacer=5-10bp;gc_cont=0.518	k141_33584	336	1937	+	Loose	1300	260.0	optrA	30.57	3003746	protein homolog model	n/a	n/a	oxazolidinone antibiotic; phenicol antibiotic	antibiotic target protection	Miscellaneous ABC-F subfamily ATP-binding cassette ribosomal protection proteins	81.37	gnl|BL_ORD_ID|2070|hsp_num:0	2263			69	1647	linezolid; chloramphenicol; florfenicol; tedizolid	
k141_25717_2 # 334 # 1968 # 1 # ID=3154_2;partial=01;start_type=ATG;rbs_motif=AGGAG;rbs_spacer=5-10bp;gc_cont=0.629	k141_25717	334	1968	+	Loose	1000	54.3	almE	22.4	3007433	protein homolog model	n/a	n/a	peptide antibiotic	antibiotic target alteration	polymyxin resistance operon; alm glycyltransferase	98.02	gnl|BL_ORD_ID|4936|hsp_num:0	5928			525	1437	colistin A; colistin B	
k141_41525_3 # 1007 # 1918 # 1 # ID=3160_3;partial=00;start_type=ATG;rbs_motif=GGAG/GAGG;rbs_spacer=5-10bp;gc_cont=0.697	k141_41525	1007	1918	+	Loose	500	44.3	leuO	23.98	3003843	protein homolog model	n/a	n/a	nucleoside antibiotic; disinfecting agents and antiseptics	antibiotic efflux	major facilitator superfamily (MFS) antibiotic efflux pump	96.50	gnl|BL_ORD_ID|4927|hsp_num:0	5921			63	576	acriflavine; puromycin	
k141_49457_1 # 3 # 902 # 1 # ID=3161_1;partial=10;start_type=Edge;rbs_motif=None;rbs_spacer=None;gc_cont=0.541	k141_49457	3	902	+	Loose	900	137.5	basS	33.67	3003583	protein homolog model	n/a	n/a	peptide antibiotic	antibiotic target alteration; antibiotic efflux	pmr phosphoethanolamine transferase	62.68	gnl|BL_ORD_ID|2351|hsp_num:0	249			504	1365	polymyxin B	
k141_49457_6 # 4195 # 4917 # -1 # ID=3161_6;partial=00;start_type=ATG;rbs_motif=GGA/GAG/AGG;rbs_spacer=5-10bp;gc_cont=0.549	k141_49457	4195	4917	-	Loose	700	55.8	OmpA	31.9	3005044	protein homolog model	n/a	n/a	peptide antibiotic	reduced permeability to antibiotic	General Bacterial Porin with reduced permeability to peptide antibiotics	64.17	gnl|BL_ORD_ID|2775|hsp_num:0	3787			732	1080	polymyxin B; defensin	
k141_41533_1 # 1 # 801 # -1 # ID=3176_1;partial=10;start_type=GTG;rbs_motif=None;rbs_spacer=None;gc_cont=0.702	k141_41533	1	801	-	Loose	800	68.9	ParS	31.45	3005067	protein homolog model	n/a	n/a	macrolide antibiotic; fluoroquinolone antibiotic; monobactam; aminoglycoside antibiotic; carbapenem; cephalosporin; cephamycin; penam; tetracycline antibiotic; phenicol antibiotic; penem; disinfecting agents and antiseptics	antibiotic efflux; reduced permeability to antibiotic	resistance-nodulation-cell division (RND) antibiotic efflux pump; Outer Membrane Porin (Opr)	62.38	gnl|BL_ORD_ID|2791|hsp_num:0	3805			420	792	erythromycin; amikacin; gentamicin C; ciprofloxacin; acriflavine; tetracycline; tobramycin; meropenem; imipenem; chloramphenicol; norfloxacin; ofloxacin; gentamicin	
k141_41533_2 # 805 # 1272 # -1 # ID=3176_2;partial=01;start_type=Edge;rbs_motif=None;rbs_spacer=None;gc_cont=0.699	k141_41533	805	1272	-	Loose	400	131.0	ParR	45.33	3005068	protein homolog model	n/a	n/a	macrolide antibiotic; fluoroquinolone antibiotic; monobactam; aminoglycoside antibiotic; carbapenem; cephalosporin; cephamycin; penam; tetracycline antibiotic; phenicol antibiotic; penem; disinfecting agents and antiseptics	antibiotic efflux; reduced permeability to antibiotic	resistance-nodulation-cell division (RND) antibiotic efflux pump; Outer Membrane Porin (Opr)	65.96	gnl|BL_ORD_ID|2792|hsp_num:0	3806			240	684	erythromycin; amikacin; gentamicin C; ciprofloxacin; acriflavine; tetracycline; tobramycin; meropenem; imipenem; chloramphenicol; norfloxacin; ofloxacin; gentamicin	
k141_33608_1 # 1 # 756 # -1 # ID=3182_1;partial=10;start_type=ATG;rbs_motif=AGGAG;rbs_spacer=5-10bp;gc_cont=0.758	k141_33608	1	756	-	Loose	500	57.8	RanA	46.15	3005091	protein homolog model	n/a	n/a	aminoglycoside antibiotic	antibiotic efflux	ATP-binding cassette (ABC) antibiotic efflux pump	97.67	gnl|BL_ORD_ID|2809|hsp_num:0	3825			345	540		
k141_57383_3 # 958 # 1905 # 1 # ID=3189_3;partial=00;start_type=ATG;rbs_motif=None;rbs_spacer=None;gc_cont=0.664	k141_57383	958	1905	+	Loose	650	113.6	adeL	30.74	3000620	protein homolog model	n/a	n/a	fluoroquinolone antibiotic; tetracycline antibiotic	antibiotic efflux	resistance-nodulation-cell division (RND) antibiotic efflux pump	93.47	gnl|BL_ORD_ID|2316|hsp_num:0	2654			0	861	tetracycline	
k141_57383_5 # 2444 # 2548 # -1 # ID=3189_5;partial=01;start_type=Edge;rbs_motif=None;rbs_spacer=None;gc_cont=0.676	k141_57383	2444	2548	-	Loose	1000	38.1	msbA	56.25	3003950	protein homolog model	n/a	n/a	nitroimidazole antibiotic	antibiotic efflux	ATP-binding cassette (ABC) antibiotic efflux pump	5.84	gnl|BL_ORD_ID|2186|hsp_num:0	2423			1644	1740	metronidazole	
k141_9936_1 # 3 # 1166 # -1 # ID=3190_1;partial=10;start_type=ATG;rbs_motif=GGAG/GAGG;rbs_spacer=5-10bp;gc_cont=0.637	k141_9936	3	1166	-	Loose	650	149.1	tetA(58)	36.61	3003980	protein homolog model	n/a	n/a	tetracycline antibiotic	antibiotic efflux	major facilitator superfamily (MFS) antibiotic efflux pump	113.12	gnl|BL_ORD_ID|2244|hsp_num:0	2517			78	732	tetracycline	
k141_41553_1 # 1 # 564 # 1 # ID=3200_1;partial=10;start_type=Edge;rbs_motif=None;rbs_spacer=None;gc_cont=0.645	k141_41553	1	564	+	Loose	1280	118.2	macB	40.11	3000535	protein homolog model	n/a	n/a	macrolide antibiotic	antibiotic efflux	ATP-binding cassette (ABC) antibiotic efflux pump	29.04	gnl|BL_ORD_ID|447|hsp_num:0	487			1386	1932	erythromycin	
k141_2034_2 # 634 # 1209 # -1 # ID=3206_2;partial=01;start_type=Edge;rbs_motif=None;rbs_spacer=None;gc_cont=0.464	k141_2034	634	1209	-	Loose	390	77.4	evgA	25.0	3000832	protein homolog model	n/a	n/a	macrolide antibiotic; fluoroquinolone antibiotic; penam; tetracycline antibiotic	antibiotic efflux	major facilitator superfamily (MFS) antibiotic efflux pump; resistance-nodulation-cell division (RND) antibiotic efflux pump	93.63	gnl|BL_ORD_ID|937|hsp_num:0	1015			54	594	erythromycin; cloxacillin; tetracycline; oxacillin; norfloxacin	
k141_49500_1 # 1 # 495 # 1 # ID=3214_1;partial=10;start_type=Edge;rbs_motif=None;rbs_spacer=None;gc_cont=0.622	k141_49500	1	495	+	Loose	1280	88.2	macB	37.59	3000535	protein homolog model	n/a	n/a	macrolide antibiotic	antibiotic efflux	ATP-binding cassette (ABC) antibiotic efflux pump	25.47	gnl|BL_ORD_ID|447|hsp_num:0	487			267	681	erythromycin	
k141_2036_3 # 648 # 1076 # 1 # ID=3215_3;partial=00;start_type=ATG;rbs_motif=GGAG/GAGG;rbs_spacer=5-10bp;gc_cont=0.587	k141_2036	648	1076	+	Loose	290	66.6	golS	29.6	3000504	protein homolog model	n/a	n/a	monobactam; carbapenem; cephalosporin; cephamycin; penam; phenicol antibiotic; penem	antibiotic efflux	resistance-nodulation-cell division (RND) antibiotic efflux pump	92.21	gnl|BL_ORD_ID|36|hsp_num:0	44			6	378	chloramphenicol	
k141_9953_3 # 916 # 1533 # 1 # ID=3225_3;partial=01;start_type=ATG;rbs_motif=None;rbs_spacer=None;gc_cont=0.660	k141_9953	916	1533	+	Loose	800	140.6	Borreliella burgdorferi murA with mutation conferring resistance to fosfomycin	39.32	3003777	protein variant model	D116C	n/a	phosphonic acid antibiotic	antibiotic target alteration	antibiotic-resistant murA transferase	48.24	gnl|BL_ORD_ID|2080|hsp_num:0	2286			0	603	fosfomycin	
k141_17888_2 # 566 # 1249 # -1 # ID=3232_2;partial=01;start_type=Edge;rbs_motif=None;rbs_spacer=None;gc_cont=0.528	k141_17888	566	1249	-	Loose	2000	228.4	Bifidobacterium adolescentis rpoB mutants conferring resistance to rifampicin	59.39	3004480	protein homolog model	n/a	n/a	rifamycin antibiotic	antibiotic target alteration; antibiotic target replacement	rifamycin-resistant beta-subunit of RNA polymerase (rpoB)	19.14	gnl|BL_ORD_ID|4720|hsp_num:0	2914			2826	3414	rifampin	
k141_2050_2 # 285 # 743 # -1 # ID=3237_2;partial=00;start_type=GTG;rbs_motif=TAAAA;rbs_spacer=4bp;gc_cont=0.379	k141_2050	285	743	-	Loose	275	43.9	AAC(6')-Ib11	40.0	3002582	protein homolog model	n/a	n/a	aminoglycoside antibiotic	antibiotic inactivation	AAC(6')	80.42	gnl|BL_ORD_ID|1662|hsp_num:0	1801			315	534	amikacin; kanamycin A; tobramycin	
k141_49522_1 # 1 # 309 # -1 # ID=3245_1;partial=10;start_type=ATG;rbs_motif=GGAG/GAGG;rbs_spacer=5-10bp;gc_cont=0.631	k141_49522	1	309	-	Loose	650	64.7	tetA(58)	38.38	3003980	protein homolog model	n/a	n/a	tetracycline antibiotic	antibiotic efflux	major facilitator superfamily (MFS) antibiotic efflux pump	30.03	gnl|BL_ORD_ID|2244|hsp_num:0	2517			48	333	tetracycline	
k141_9972_2 # 721 # 1176 # -1 # ID=3250_2;partial=00;start_type=ATG;rbs_motif=None;rbs_spacer=None;gc_cont=0.572	k141_9972	721	1176	-	Loose	290	80.5	golS	36.11	3000504	protein homolog model	n/a	n/a	monobactam; carbapenem; cephalosporin; cephamycin; penam; phenicol antibiotic; penem	antibiotic efflux	resistance-nodulation-cell division (RND) antibiotic efflux pump	98.05	gnl|BL_ORD_ID|36|hsp_num:0	44			0	423	chloramphenicol	
k141_49526_1 # 2 # 571 # -1 # ID=3251_1;partial=10;start_type=TTG;rbs_motif=AGGAG;rbs_spacer=5-10bp;gc_cont=0.446	k141_49526	2	571	-	Loose	2000	180.3	Bifidobacterium adolescentis rpoB mutants conferring resistance to rifampicin	44.5	3004480	protein homolog model	n/a	n/a	rifamycin antibiotic	antibiotic target alteration; antibiotic target replacement	rifamycin-resistant beta-subunit of RNA polymerase (rpoB)	16.02	gnl|BL_ORD_ID|4720|hsp_num:0	2914			51	678	rifampin	
k141_2066_1 # 1 # 384 # -1 # ID=3260_1;partial=10;start_type=ATG;rbs_motif=None;rbs_spacer=None;gc_cont=0.458	k141_2066	1	384	-	Loose	550	48.5	NmcR	33.63	3003665	protein homolog model	n/a	n/a	carbapenem; cephalosporin; cephamycin; penam	antibiotic inactivation	NmcA beta-lactamase	43.39	gnl|BL_ORD_ID|1906|hsp_num:0	2072			12	342	cefoxitin; cefazolin; ampicillin	
k141_49540_1 # 1 # 594 # 1 # ID=3271_1;partial=10;start_type=Edge;rbs_motif=None;rbs_spacer=None;gc_cont=0.690	k141_49540	1	594	+	Loose	400	50.8	ErmE	38.71	3000326	protein homolog model	n/a	n/a	macrolide antibiotic; lincosamide antibiotic; streptogramin antibiotic; streptogramin A antibiotic; streptogramin B antibiotic	antibiotic target alteration	Erm 23S ribosomal RNA methyltransferase	51.71	gnl|BL_ORD_ID|95|hsp_num:0	109			72	345	erythromycin; roxithromycin; lincomycin; telithromycin; clarithromycin; clindamycin; tylosin; spiramycin; azithromycin; dirithromycin; pristinamycin IA; quinupristin; virginiamycin M1; madumycin II; griseoviridin; dalfopristin; pristinamycin IB; virginiamycin S2; pristinamycin IC; vernamycin C; patricin A; patricin B; ostreogrycin B3; oleandomycin	
k141_49540_3 # 1072 # 1746 # 1 # ID=3271_3;partial=01;start_type=ATG;rbs_motif=AGGA;rbs_spacer=5-10bp;gc_cont=0.671	k141_49540	1072	1746	+	Loose	900	82.4	TolC	31.75	3000237	protein homolog model	n/a	n/a	macrolide antibiotic; fluoroquinolone antibiotic; aminoglycoside antibiotic; carbapenem; cephalosporin; glycylcycline; cephamycin; penam; tetracycline antibiotic; peptide antibiotic; aminocoumarin antibiotic; rifamycin antibiotic; phenicol antibiotic; penem; disinfecting agents and antiseptics	antibiotic efflux	ATP-binding cassette (ABC) antibiotic efflux pump; major facilitator superfamily (MFS) antibiotic efflux pump; resistance-nodulation-cell division (RND) antibiotic efflux pump	45.45	gnl|BL_ORD_ID|4677|hsp_num:0	826			15	633	erythromycin; cloxacillin; gentamicin C; tigecycline; ciprofloxacin; spectinomycin; streptomycin; tetracycline; tobramycin; oxacillin; ceftazidime; ertapenem; piperacillin; novobiocin; azithromycin; rifampin; imipenem; chloramphenicol; polymyxin B; polymyxin B1; polymyxin B2; polymyxin B3; polymyxin B4; ampicillin; nalidixic acid; norfloxacin; cefalotin; triclosan; ticarcillin; gentamicin	
k141_33668_2 # 627 # 1058 # -1 # ID=3274_2;partial=00;start_type=ATG;rbs_motif=None;rbs_spacer=None;gc_cont=0.692	k141_33668	627	1058	-	Loose	200	50.8	fosA5	32.54	3003209	protein homolog model	n/a	n/a	fluoroquinolone antibiotic; aminoglycoside antibiotic; phosphonic acid antibiotic	antibiotic inactivation	fosfomycin thiol transferase	102.88	gnl|BL_ORD_ID|152|hsp_num:0	112			3	345	ciprofloxacin; gentamicin	
k141_9983_2 # 863 # 1648 # 1 # ID=3275_2;partial=00;start_type=ATG;rbs_motif=None;rbs_spacer=None;gc_cont=0.609	k141_9983	863	1648	+	Loose	500	104.4	RanA	28.28	3005091	protein homolog model	n/a	n/a	aminoglycoside antibiotic	antibiotic efflux	ATP-binding cassette (ABC) antibiotic efflux pump	101.16	gnl|BL_ORD_ID|2809|hsp_num:0	3825			0	690		
k141_9989_1 # 1 # 321 # -1 # ID=3281_1;partial=10;start_type=ATG;rbs_motif=GGAG/GAGG;rbs_spacer=5-10bp;gc_cont=0.477	k141_9989	1	321	-	Loose	800	176.4	adeI	86.92	3000780	protein homolog model	n/a	n/a	macrolide antibiotic; fluoroquinolone antibiotic; lincosamide antibiotic; carbapenem; cephalosporin; tetracycline antibiotic; rifamycin antibiotic; diaminopyrimidine antibiotic; phenicol antibiotic; penem	antibiotic efflux	resistance-nodulation-cell division (RND) antibiotic efflux pump	25.72	gnl|BL_ORD_ID|1348|hsp_num:0	1471			0	321	tetracycline; rifampin; imipenem; trimethoprim; chloramphenicol; ticarcillin	
k141_9989_2 # 308 # 958 # -1 # ID=3281_2;partial=00;start_type=ATG;rbs_motif=GGAG/GAGG;rbs_spacer=5-10bp;gc_cont=0.393	k141_9989	308	958	-	Loose	350	41.2	bcrC	39.47	3003250	protein homolog model	n/a	n/a	peptide antibiotic	antibiotic target alteration	undecaprenyl pyrophosphate related proteins	106.40	gnl|BL_ORD_ID|197|hsp_num:0	215			303	501	bacitracin; bacitracin A; bacitracin B; bacitracin F	
k141_17931_3 # 1389 # 1745 # -1 # ID=3288_3;partial=01;start_type=Edge;rbs_motif=None;rbs_spacer=None;gc_cont=0.490	k141_17931	1389	1745	-	Loose	600	52.0	OprZ	26.55	3004142	protein homolog model	n/a	n/a	macrolide antibiotic; fluoroquinolone antibiotic; aminoglycoside antibiotic; cephalosporin	antibiotic efflux	resistance-nodulation-cell division (RND) antibiotic efflux pump	25.49	gnl|BL_ORD_ID|2409|hsp_num:0	2796			1029	1368	erythromycin; cefepime	
k141_57448_2 # 438 # 1103 # 1 # ID=3291_2;partial=01;start_type=ATG;rbs_motif=AGxAGG/AGGxGG;rbs_spacer=5-10bp;gc_cont=0.486	k141_57448	438	1103	+	Loose	1100	85.1	tetB(60)	28.84	3004036	protein homolog model	n/a	n/a	tetracycline antibiotic	antibiotic efflux	ATP-binding cassette (ABC) antibiotic efflux pump	38.34	gnl|BL_ORD_ID|2308|hsp_num:0	2646			1023	1611	tetracycline	
k141_41634_1 # 347 # 1018 # 1 # ID=3301_1;partial=00;start_type=ATG;rbs_motif=None;rbs_spacer=None;gc_cont=0.676	k141_41634	347	1018	+	Loose	375	45.8	Escherichia coli AcrAB-TolC with AcrR mutation conferring resistance to ciprofloxacin, tetracycline, and ceftazidime	39.62	3003807	protein overexpression model	n/a	n/a	fluoroquinolone antibiotic; cephalosporin; glycylcycline; penam; tetracycline antibiotic; rifamycin antibiotic; phenicol antibiotic; disinfecting agents and antiseptics	antibiotic target alteration; antibiotic efflux	resistance-nodulation-cell division (RND) antibiotic efflux pump	103.72	gnl|BL_ORD_ID|2091|hsp_num:0	2306			21	180	tigecycline; ciprofloxacin; tetracycline; ceftazidime; rifampin; chloramphenicol; ampicillin; cefalotin; triclosan	
k141_41634_2 # 1015 # 1428 # 1 # ID=3301_2;partial=01;start_type=GTG;rbs_motif=GGAG/GAGG;rbs_spacer=5-10bp;gc_cont=0.754	k141_41634	1015	1428	+	Loose	600	39.7	OprZ	34.82	3004142	protein homolog model	n/a	n/a	macrolide antibiotic; fluoroquinolone antibiotic; aminoglycoside antibiotic; cephalosporin	antibiotic efflux	resistance-nodulation-cell division (RND) antibiotic efflux pump	29.81	gnl|BL_ORD_ID|2409|hsp_num:0	2796			24	345	erythromycin; cefepime	
k141_49568_1 # 3 # 1175 # -1 # ID=3315_1;partial=10;start_type=ATG;rbs_motif=None;rbs_spacer=None;gc_cont=0.507	k141_49568	3	1175	-	Loose	700	180.3	Acinetobacter baumannii AbaF	33.54	3004573	protein homolog model	n/a	n/a	phosphonic acid antibiotic	antibiotic efflux	major facilitator superfamily (MFS) antibiotic efflux pump	91.14	gnl|BL_ORD_ID|2717|hsp_num:0	3277			15	963	fosfomycin	
k141_49568_2 # 1327 # 2706 # -1 # ID=3315_2;partial=00;start_type=ATG;rbs_motif=GGA/GAG/AGG;rbs_spacer=11-12bp;gc_cont=0.475	k141_49568	1327	2706	-	Loose	850	102.4	baeS	30.77	3000829	protein homolog model	n/a	n/a	aminoglycoside antibiotic; aminocoumarin antibiotic	antibiotic efflux	resistance-nodulation-cell division (RND) antibiotic efflux pump	98.29	gnl|BL_ORD_ID|914|hsp_num:0	986			702	1380	novobiocin	
k141_49568_3 # 2829 # 3518 # -1 # ID=3315_3;partial=00;start_type=GTG;rbs_motif=None;rbs_spacer=None;gc_cont=0.484	k141_49568	2829	3518	-	Loose	450	146.7	baeR	35.68	3000828	protein homolog model	n/a	n/a	aminoglycoside antibiotic; aminocoumarin antibiotic	antibiotic efflux	resistance-nodulation-cell division (RND) antibiotic efflux pump	95.42	gnl|BL_ORD_ID|1232|hsp_num:0	1337			30	699	novobiocin	
k141_49569_1 # 3 # 983 # 1 # ID=3317_1;partial=10;start_type=Edge;rbs_motif=None;rbs_spacer=None;gc_cont=0.652	k141_49569	3	983	+	Loose	700	43.9	CMY-26	22.86	3002037	protein homolog model	n/a	n/a	cephamycin	antibiotic inactivation	CMY beta-lactamase	85.56	gnl|BL_ORD_ID|1260|hsp_num:0	1373			144	606		
k141_49572_2 # 729 # 1838 # 1 # ID=3326_2;partial=00;start_type=ATG;rbs_motif=GGAG/GAGG;rbs_spacer=5-10bp;gc_cont=0.551	k141_49572	729	1838	+	Loose	400	48.1	vanR gene in vanF cluster	28.04	3002925	protein homolog model	n/a	n/a	glycopeptide antibiotic	antibiotic target alteration	glycopeptide resistance gene cluster; vanR	159.74	gnl|BL_ORD_ID|299|hsp_num:0	240			3	312	vancomycin	
k141_25827_1 # 3 # 1235 # -1 # ID=3337_1;partial=10;start_type=GTG;rbs_motif=AGxAGG/AGGxGG;rbs_spacer=5-10bp;gc_cont=0.714	k141_25827	3	1235	-	Loose	900	75.5	basS	30.43	3003583	protein homolog model	n/a	n/a	peptide antibiotic	antibiotic target alteration; antibiotic efflux	pmr phosphoethanolamine transferase	86.16	gnl|BL_ORD_ID|2351|hsp_num:0	249			708	1188	polymyxin B	
k141_25827_2 # 1232 # 2002 # -1 # ID=3337_2;partial=00;start_type=GTG;rbs_motif=None;rbs_spacer=None;gc_cont=0.682	k141_25827	1232	2002	-	Loose	410	129.8	arlR	35.32	3000838	protein homolog model	n/a	n/a	fluoroquinolone antibiotic; disinfecting agents and antiseptics	antibiotic efflux	major facilitator superfamily (MFS) antibiotic efflux pump	116.89	gnl|BL_ORD_ID|1275|hsp_num:0	1390			6	654	ciprofloxacin; acriflavine; norfloxacin	
k141_33700_3 # 768 # 1448 # -1 # ID=3344_3;partial=00;start_type=GTG;rbs_motif=None;rbs_spacer=None;gc_cont=0.652	k141_33700	768	1448	-	Loose	960	62.8	efrA	28.69	3003948	protein homolog model	n/a	n/a	macrolide antibiotic; fluoroquinolone antibiotic; rifamycin antibiotic	antibiotic efflux	ATP-binding cassette (ABC) antibiotic efflux pump	39.30	gnl|BL_ORD_ID|2183|hsp_num:0	2421			1314	1671	erythromycin; ciprofloxacin; rifampin	
k141_33700_4 # 1458 # 1793 # -1 # ID=3344_4;partial=01;start_type=Edge;rbs_motif=None;rbs_spacer=None;gc_cont=0.613	k141_33700	1458	1793	-	Loose	1280	57.0	macB	28.04	3000535	protein homolog model	n/a	n/a	macrolide antibiotic	antibiotic efflux	ATP-binding cassette (ABC) antibiotic efflux pump	17.24	gnl|BL_ORD_ID|447|hsp_num:0	487			0	321	erythromycin	
k141_49575_2 # 868 # 1632 # 1 # ID=3347_2;partial=00;start_type=ATG;rbs_motif=GGA/GAG/AGG;rbs_spacer=5-10bp;gc_cont=0.332	k141_49575	868	1632	+	Loose	650	110.2	tetA(58)	30.9	3003980	protein homolog model	n/a	n/a	tetracycline antibiotic	antibiotic efflux	major facilitator superfamily (MFS) antibiotic efflux pump	74.05	gnl|BL_ORD_ID|2244|hsp_num:0	2517			63	708	tetracycline	
k141_49575_3 # 1638 # 2342 # 1 # ID=3347_3;partial=00;start_type=ATG;rbs_motif=GGAG/GAGG;rbs_spacer=5-10bp;gc_cont=0.362	k141_49575	1638	2342	+	Loose	600	103.2	oleC	33.03	3003748	protein homolog model	n/a	n/a	macrolide antibiotic	antibiotic efflux	ATP-binding cassette (ABC) antibiotic efflux pump	72.00	gnl|BL_ORD_ID|2051|hsp_num:0	2264			24	660	oleandomycin	
k141_25831_1 # 1 # 1575 # -1 # ID=3348_1;partial=11;start_type=Edge;rbs_motif=None;rbs_spacer=None;gc_cont=0.634	k141_25831	1	1575	-	Loose	2000	46.2	Staphylococcus aureus mupA conferring resistance to mupirocin	29.41	3000521	protein homolog model	n/a	n/a	mupirocin-like antibiotic	antibiotic target alteration	antibiotic-resistant isoleucyl-tRNA synthetase (ileS)	51.27	gnl|BL_ORD_ID|4700|hsp_num:0	2270			1305	1545	mupirocin	
k141_2126_2 # 825 # 2264 # 1 # ID=3358_2;partial=01;start_type=ATG;rbs_motif=None;rbs_spacer=None;gc_cont=0.422	k141_2126	825	2264	+	Loose	1000	379.8	eptA	42.98	3003576	protein homolog model	n/a	n/a	peptide antibiotic	antibiotic target alteration	pmr phosphoethanolamine transferase	87.75	gnl|BL_ORD_ID|596|hsp_num:0	516			15	1428	polymyxin B	
k141_17962_2 # 451 # 2466 # -1 # ID=3360_2;partial=00;start_type=ATG;rbs_motif=None;rbs_spacer=None;gc_cont=0.351	k141_17962	451	2466	-	Loose	500	145.6	Haemophilus influenzae PBP3 conferring resistance to beta-lactam antibiotics	23.99	3004446	protein variant model	D350N	V374I:5756, G595S:5758	cephalosporin; cephamycin; penam	antibiotic target alteration	Penicillin-binding protein mutations conferring resistance to beta-lactam antibiotics	110.00	gnl|BL_ORD_ID|2496|hsp_num:0	2886			129	1716	ceftriaxone; ampicillin; cefaclor; cefotaxime; cefditoren; cefdinir	
k141_49583_2 # 1101 # 2417 # -1 # ID=3365_2;partial=01;start_type=Edge;rbs_motif=None;rbs_spacer=None;gc_cont=0.322	k141_49583	1101	2417	-	Loose	400	196.8	TxR	37.26	3005008	protein homolog model	n/a	n/a	tetracycline antibiotic	antibiotic efflux	ATP-binding cassette (ABC) antibiotic efflux pump	137.74	gnl|BL_ORD_ID|4725|hsp_num:0	3753			66	948	tetracycline	
k141_33708_3 # 1063 # 1395 # 1 # ID=3367_3;partial=01;start_type=ATG;rbs_motif=None;rbs_spacer=None;gc_cont=0.697	k141_33708	1063	1395	+	Loose	290	62.8	golS	34.33	3000504	protein homolog model	n/a	n/a	monobactam; carbapenem; cephalosporin; cephamycin; penam; phenicol antibiotic; penem	antibiotic efflux	resistance-nodulation-cell division (RND) antibiotic efflux pump	72.08	gnl|BL_ORD_ID|36|hsp_num:0	44			0	201	chloramphenicol	
k141_33710_1 # 1 # 873 # 1 # ID=3369_1;partial=10;start_type=Edge;rbs_motif=None;rbs_spacer=None;gc_cont=0.345	k141_33710	1	873	+	Loose	810	73.6	cdeA	23.78	3003835	protein homolog model	n/a	n/a	fluoroquinolone antibiotic; disinfecting agents and antiseptics	antibiotic efflux	multidrug and toxic compound extrusion (MATE) transporter	65.76	gnl|BL_ORD_ID|2084|hsp_num:0	2321			465	1302	acriflavine	
k141_49586_2 # 1229 # 1915 # -1 # ID=3371_2;partial=01;start_type=Edge;rbs_motif=None;rbs_spacer=None;gc_cont=0.440	k141_49586	1229	1915	-	Loose	2000	230.7	Bifidobacterium adolescentis rpoB mutants conferring resistance to rifampicin	64.74	3004480	protein homolog model	n/a	n/a	rifamycin antibiotic	antibiotic target alteration; antibiotic target replacement	rifamycin-resistant beta-subunit of RNA polymerase (rpoB)	19.22	gnl|BL_ORD_ID|4720|hsp_num:0	2914			2907	3426	rifampin	
k141_57520_3 # 1900 # 2283 # -1 # ID=3404_3;partial=01;start_type=Edge;rbs_motif=None;rbs_spacer=None;gc_cont=0.706	k141_57520	1900	2283	-	Loose	400	47.4	TxR	27.73	3005008	protein homolog model	n/a	n/a	tetracycline antibiotic	antibiotic efflux	ATP-binding cassette (ABC) antibiotic efflux pump	39.94	gnl|BL_ORD_ID|4725|hsp_num:0	3753			657	936	tetracycline	
k141_2148_1 # 1 # 1344 # -1 # ID=3411_1;partial=10;start_type=ATG;rbs_motif=3Base/5BMM;rbs_spacer=13-15bp;gc_cont=0.548	k141_2148	1	1344	-	Loose	1800	291.6	mdtC	35.63	3000794	protein homolog model	n/a	n/a	aminocoumarin antibiotic	antibiotic efflux	resistance-nodulation-cell division (RND) antibiotic efflux pump	43.71	gnl|BL_ORD_ID|1213|hsp_num:0	1315			0	1344	novobiocin	
k141_2148_2 # 1360 # 2634 # -1 # ID=3411_2;partial=00;start_type=ATG;rbs_motif=None;rbs_spacer=None;gc_cont=0.551	k141_2148	1360	2634	-	Loose	800	86.7	MuxA	26.15	3004073	protein homolog model	n/a	n/a	macrolide antibiotic; monobactam; tetracycline antibiotic; aminocoumarin antibiotic	antibiotic efflux	resistance-nodulation-cell division (RND) antibiotic efflux pump	99.53	gnl|BL_ORD_ID|2243|hsp_num:0	2717			243	1194	erythromycin; tetracycline; novobiocin; aztreonam; kitasamycin; rokitamycin	
k141_2148_7 # 6137 # 6862 # 1 # ID=3411_7;partial=00;start_type=ATG;rbs_motif=GGA/GAG/AGG;rbs_spacer=5-10bp;gc_cont=0.545	k141_2148	6137	6862	+	Loose	400	181.8	ParR	42.67	3005068	protein homolog model	n/a	n/a	macrolide antibiotic; fluoroquinolone antibiotic; monobactam; aminoglycoside antibiotic; carbapenem; cephalosporin; cephamycin; penam; tetracycline antibiotic; phenicol antibiotic; penem; disinfecting agents and antiseptics	antibiotic efflux; reduced permeability to antibiotic	resistance-nodulation-cell division (RND) antibiotic efflux pump; Outer Membrane Porin (Opr)	102.55	gnl|BL_ORD_ID|2792|hsp_num:0	3806			24	684	erythromycin; amikacin; gentamicin C; ciprofloxacin; acriflavine; tetracycline; tobramycin; meropenem; imipenem; chloramphenicol; norfloxacin; ofloxacin; gentamicin	
k141_2148_8 # 6874 # 8178 # 1 # ID=3411_8;partial=00;start_type=ATG;rbs_motif=GGA/GAG/AGG;rbs_spacer=5-10bp;gc_cont=0.570	k141_2148	6874	8178	+	Loose	800	112.8	ParS	30.6	3005067	protein homolog model	n/a	n/a	macrolide antibiotic; fluoroquinolone antibiotic; monobactam; aminoglycoside antibiotic; carbapenem; cephalosporin; cephamycin; penam; tetracycline antibiotic; phenicol antibiotic; penem; disinfecting agents and antiseptics	antibiotic efflux; reduced permeability to antibiotic	resistance-nodulation-cell division (RND) antibiotic efflux pump; Outer Membrane Porin (Opr)	101.40	gnl|BL_ORD_ID|2791|hsp_num:0	3805			423	1227	erythromycin; amikacin; gentamicin C; ciprofloxacin; acriflavine; tetracycline; tobramycin; meropenem; imipenem; chloramphenicol; norfloxacin; ofloxacin; gentamicin	
k141_49620_1 # 3 # 389 # 1 # ID=3417_1;partial=10;start_type=Edge;rbs_motif=None;rbs_spacer=None;gc_cont=0.517	k141_49620	3	389	+	Loose	700	62.4	OmpA	35.34	3005044	protein homolog model	n/a	n/a	peptide antibiotic	reduced permeability to antibiotic	General Bacterial Porin with reduced permeability to peptide antibiotics	34.22	gnl|BL_ORD_ID|2775|hsp_num:0	3787			738	1086	polymyxin B; defensin	
k141_49629_2 # 291 # 2654 # 1 # ID=3433_2;partial=00;start_type=ATG;rbs_motif=TAA;rbs_spacer=7bp;gc_cont=0.360	k141_49629	291	2654	+	Loose	1300	143.7	Helicobacter pylori pbp1 mutants conferring resistance to amoxicillin	32.07	3007060	protein variant model	I450V	n/a	cephalosporin; cephamycin; penam	antibiotic target alteration	Penicillin-binding protein mutations conferring resistance to beta-lactam antibiotics	119.42	gnl|BL_ORD_ID|4763|hsp_num:0	5758			987	1827	amoxicillin	
k141_33737_2 # 303 # 1427 # 1 # ID=3434_2;partial=00;start_type=ATG;rbs_motif=AGGA;rbs_spacer=5-10bp;gc_cont=0.646	k141_33737	303	1427	+	Loose	1280	125.9	macB	36.4	3000535	protein homolog model	n/a	n/a	macrolide antibiotic	antibiotic efflux	ATP-binding cassette (ABC) antibiotic efflux pump	58.07	gnl|BL_ORD_ID|447|hsp_num:0	487			9	660	erythromycin	
k141_33738_1 # 2 # 2932 # 1 # ID=3443_1;partial=11;start_type=Edge;rbs_motif=None;rbs_spacer=None;gc_cont=0.580	k141_33738	2	2932	+	Loose	2200	662.9	rpoB2	56.13	3000501	protein homolog model	n/a	n/a	rifamycin antibiotic	antibiotic target alteration; antibiotic target replacement	rifamycin-resistant beta-subunit of RNA polymerase (rpoB)	84.08	gnl|BL_ORD_ID|2432|hsp_num:0	2831			738	2529	rifampin; rifaximin; rifabutin; rifapentine	
k141_49634_2 # 685 # 2052 # -1 # ID=3446_2;partial=00;start_type=GTG;rbs_motif=None;rbs_spacer=None;gc_cont=0.691	k141_49634	685	2052	-	Loose	690	42.0	MexJ	25.43	3003692	protein homolog model	n/a	n/a	macrolide antibiotic; tetracycline antibiotic; disinfecting agents and antiseptics	antibiotic efflux	resistance-nodulation-cell division (RND) antibiotic efflux pump	123.98	gnl|BL_ORD_ID|2016|hsp_num:0	2205			147	825	erythromycin; tetracycline; triclosan	
k141_49634_3 # 2049 # 2669 # -1 # ID=3446_3;partial=01;start_type=Edge;rbs_motif=None;rbs_spacer=None;gc_cont=0.647	k141_49634	2049	2669	-	Loose	650	61.2	MexH	27.05	3000807	protein homolog model	n/a	n/a	fluoroquinolone antibiotic; tetracycline antibiotic; disinfecting agents and antiseptics	antibiotic efflux	resistance-nodulation-cell division (RND) antibiotic efflux pump	55.68	gnl|BL_ORD_ID|1351|hsp_num:0	1344			201	810	acriflavine; tetracycline; norfloxacin	
k141_33744_1 # 1 # 741 # 1 # ID=3455_1;partial=10;start_type=Edge;rbs_motif=None;rbs_spacer=None;gc_cont=0.665	k141_33744	1	741	+	Loose	890	211.5	OprA	56.05	3003039	protein homolog model	n/a	n/a	macrolide antibiotic; fluoroquinolone antibiotic; aminoglycoside antibiotic; carbapenem; tetracycline antibiotic	antibiotic efflux	resistance-nodulation-cell division (RND) antibiotic efflux pump	52.68	gnl|BL_ORD_ID|1504|hsp_num:0	1570			720	1389	erythromycin; amikacin; gentamicin C; ciprofloxacin; tetracycline; tobramycin; meropenem; arbekacin; norfloxacin; ofloxacin; gentamicin	
k141_33744_2 # 756 # 1559 # 1 # ID=3455_2;partial=01;start_type=ATG;rbs_motif=None;rbs_spacer=None;gc_cont=0.672	k141_33744	756	1559	+	Loose	730	60.8	farA	28.11	3003961	protein homolog model	n/a	n/a	antibacterial free fatty acids	antibiotic efflux	major facilitator superfamily (MFS) antibiotic efflux pump	69.79	gnl|BL_ORD_ID|2190|hsp_num:0	2428			87	777	palmitic acid; oleic acid; linoleic acid	
k141_10110_1 # 2 # 442 # 1 # ID=3478_1;partial=10;start_type=Edge;rbs_motif=None;rbs_spacer=None;gc_cont=0.501	k141_10110	2	442	+	Loose	200	52.4	YajC	41.54	3005040	protein homolog model	n/a	n/a	fluoroquinolone antibiotic; cephalosporin; glycylcycline; penam; tetracycline antibiotic; oxazolidinone antibiotic; glycopeptide antibiotic; rifamycin antibiotic; phenicol antibiotic; disinfecting agents and antiseptics	antibiotic efflux	resistance-nodulation-cell division (RND) antibiotic efflux pump	130.36	gnl|BL_ORD_ID|2772|hsp_num:0	3783			105	300	vancomycin; tigecycline; tetracycline; linezolid; rifampin; chloramphenicol; ampicillin; cefalotin; triclosan	
k141_25942_3 # 1154 # 1882 # 1 # ID=3510_3;partial=00;start_type=ATG;rbs_motif=GGAG/GAGG;rbs_spacer=5-10bp;gc_cont=0.706	k141_25942	1154	1882	+	Loose	1000	87.0	msbA	31.42	3003950	protein homolog model	n/a	n/a	nitroimidazole antibiotic	antibiotic efflux	ATP-binding cassette (ABC) antibiotic efflux pump	41.58	gnl|BL_ORD_ID|2186|hsp_num:0	2423			1023	1671	metronidazole	
k141_10148_2 # 298 # 1026 # -1 # ID=3522_2;partial=00;start_type=ATG;rbs_motif=None;rbs_spacer=None;gc_cont=0.359	k141_10148	298	1026	-	Loose	650	129.0	tetA(58)	34.88	3003980	protein homolog model	n/a	n/a	tetracycline antibiotic	antibiotic efflux	major facilitator superfamily (MFS) antibiotic efflux pump	70.55	gnl|BL_ORD_ID|2244|hsp_num:0	2517			66	705	tetracycline	
k141_25949_1 # 3 # 200 # -1 # ID=3524_1;partial=10;start_type=GTG;rbs_motif=TAA;rbs_spacer=4bp;gc_cont=0.323	k141_25949	3	200	-	Loose	400	59.3	cprR	43.33	3005063	protein homolog model	n/a	n/a	peptide antibiotic	antibiotic target alteration; antibiotic efflux	pmr phosphoethanolamine transferase	29.60	gnl|BL_ORD_ID|2789|hsp_num:0	3803			99	279	polymyxin B; colistin A; colistin B	
k141_33802_1 # 3 # 821 # -1 # ID=3526_1;partial=10;start_type=ATG;rbs_motif=AGGA;rbs_spacer=5-10bp;gc_cont=0.513	k141_33802	3	821	-	Loose	400	138.3	tetB(P)	31.66	3000195	protein homolog model	n/a	n/a	tetracycline antibiotic	antibiotic target protection	tetracycline-resistant ribosomal protection protein	41.87	gnl|BL_ORD_ID|738|hsp_num:0	804			0	741	tetracycline; doxycycline; minocycline; chlortetracycline; demeclocycline; oxytetracycline	
k141_41787_2 # 547 # 1398 # 1 # ID=3538_2;partial=00;start_type=ATG;rbs_motif=None;rbs_spacer=None;gc_cont=0.319	k141_41787	547	1398	+	Loose	1280	109.4	macB	33.77	3000535	protein homolog model	n/a	n/a	macrolide antibiotic	antibiotic efflux	ATP-binding cassette (ABC) antibiotic efflux pump	43.94	gnl|BL_ORD_ID|447|hsp_num:0	487			0	669	erythromycin	
k141_18088_1 # 2 # 487 # -1 # ID=3549_1;partial=10;start_type=ATG;rbs_motif=GGAGG;rbs_spacer=5-10bp;gc_cont=0.463	k141_18088	2	487	-	Loose	650	96.7	tetA(58)	34.0	3003980	protein homolog model	n/a	n/a	tetracycline antibiotic	antibiotic efflux	major facilitator superfamily (MFS) antibiotic efflux pump	47.23	gnl|BL_ORD_ID|2244|hsp_num:0	2517			72	522	tetracycline	
k141_18088_2 # 503 # 1144 # -1 # ID=3549_2;partial=01;start_type=Edge;rbs_motif=None;rbs_spacer=None;gc_cont=0.458	k141_18088	503	1144	-	Loose	500	89.0	RanA	27.78	3005091	protein homolog model	n/a	n/a	aminoglycoside antibiotic	antibiotic efflux	ATP-binding cassette (ABC) antibiotic efflux pump	82.56	gnl|BL_ORD_ID|2809|hsp_num:0	3825			93	633		
k141_25967_7 # 4113 # 4433 # 1 # ID=3552_7;partial=01;start_type=ATG;rbs_motif=GGA/GAG/AGG;rbs_spacer=5-10bp;gc_cont=0.498	k141_25967	4113	4433	+	Loose	300	47.0	Escherichia coli soxR with mutation conferring antibiotic resistance	33.98	3003381	protein overexpression model	n/a	n/a	fluoroquinolone antibiotic; cephalosporin; glycylcycline; penam; tetracycline antibiotic; rifamycin antibiotic; phenicol antibiotic; disinfecting agents and antiseptics	antibiotic target alteration; antibiotic efflux	ATP-binding cassette (ABC) antibiotic efflux pump; major facilitator superfamily (MFS) antibiotic efflux pump; resistance-nodulation-cell division (RND) antibiotic efflux pump	69.48	gnl|BL_ORD_ID|1974|hsp_num:0	1005			42	348	tigecycline; ciprofloxacin; tetracycline; rifampin; chloramphenicol; ampicillin; nalidixic acid; norfloxacin; cefalotin; triclosan	
k141_49709_3 # 2052 # 2951 # -1 # ID=3558_3;partial=00;start_type=ATG;rbs_motif=None;rbs_spacer=None;gc_cont=0.567	k141_49709	2052	2951	-	Loose	500	168.7	sul3	36.68	3000413	protein homolog model	n/a	n/a	sulfonamide antibiotic	antibiotic target replacement	sulfonamide resistant sul	113.69	gnl|BL_ORD_ID|359|hsp_num:0	396			9	771	sulfadiazine; sulfadimidine; sulfadoxine; sulfamethoxazole; sulfisoxazole; sulfacetamide; mafenide; sulfasalazine; sulfamethizole	
k141_49715_2 # 716 # 1144 # -1 # ID=3570_2;partial=01;start_type=Edge;rbs_motif=None;rbs_spacer=None;gc_cont=0.385	k141_49715	716	1144	-	Loose	1280	113.2	macB	41.46	3000535	protein homolog model	n/a	n/a	macrolide antibiotic	antibiotic efflux	ATP-binding cassette (ABC) antibiotic efflux pump	22.05	gnl|BL_ORD_ID|447|hsp_num:0	487			300	669	erythromycin	
k141_18100_1 # 1 # 1734 # -1 # ID=3572_1;partial=10;start_type=ATG;rbs_motif=GGA/GAG/AGG;rbs_spacer=5-10bp;gc_cont=0.534	k141_18100	1	1734	-	Loose	275	124.8	Streptomyces rimosus otr(A)	44.37	3002891	protein homolog model	n/a	n/a	tetracycline antibiotic	antibiotic target protection	tetracycline-resistant ribosomal protection protein	87.18	gnl|BL_ORD_ID|4808|hsp_num:0	1273			12	438	oxytetracycline	
k141_41810_3 # 1884 # 2612 # -1 # ID=3575_3;partial=00;start_type=ATG;rbs_motif=GGA/GAG/AGG;rbs_spacer=5-10bp;gc_cont=0.584	k141_41810	1884	2612	-	Loose	1280	148.7	macB	38.66	3000535	protein homolog model	n/a	n/a	macrolide antibiotic	antibiotic efflux	ATP-binding cassette (ABC) antibiotic efflux pump	37.58	gnl|BL_ORD_ID|447|hsp_num:0	487			0	693	erythromycin	
k141_33844_1 # 2 # 1126 # 1 # ID=3576_1;partial=11;start_type=Edge;rbs_motif=None;rbs_spacer=None;gc_cont=0.602	k141_33844	2	1126	+	Loose	750	51.2	bmr	21.55	3003007	protein homolog model	n/a	n/a	fluoroquinolone antibiotic; nucleoside antibiotic; phenicol antibiotic; disinfecting agents and antiseptics	antibiotic efflux	major facilitator superfamily (MFS) antibiotic efflux pump	96.40	gnl|BL_ORD_ID|1153|hsp_num:0	1256			21	1011	acriflavine; puromycin; chloramphenicol	
k141_41811_1 # 1 # 423 # 1 # ID=3578_1;partial=10;start_type=Edge;rbs_motif=None;rbs_spacer=None;gc_cont=0.683	k141_41811	1	423	+	Loose	1100	48.9	oleB	40.0	3003036	protein homolog model	n/a	n/a	macrolide antibiotic	antibiotic target protection	Miscellaneous ABC-F subfamily ATP-binding cassette ribosomal protection proteins	24.60	gnl|BL_ORD_ID|1273|hsp_num:0	1388			501	741	oleandomycin	
k141_41811_2 # 564 # 1007 # 1 # ID=3578_2;partial=01;start_type=ATG;rbs_motif=GGA/GAG/AGG;rbs_spacer=5-10bp;gc_cont=0.680	k141_41811	564	1007	+	Loose	570	60.5	bcrA	30.39	3002987	protein homolog model	n/a	n/a	peptide antibiotic	antibiotic efflux	ATP-binding cassette (ABC) antibiotic efflux pump	48.37	gnl|BL_ORD_ID|316|hsp_num:0	345			9	309	bacitracin; bacitracin A; bacitracin B; bacitracin F	
k141_33857_2 # 509 # 871 # 1 # ID=3591_2;partial=00;start_type=ATG;rbs_motif=AGGAG;rbs_spacer=5-10bp;gc_cont=0.647	k141_33857	509	871	+	Loose	1280	56.6	macB	32.98	3000535	protein homolog model	n/a	n/a	macrolide antibiotic	antibiotic efflux	ATP-binding cassette (ABC) antibiotic efflux pump	18.63	gnl|BL_ORD_ID|447|hsp_num:0	487			336	615	erythromycin	
k141_49719_2 # 281 # 1192 # 1 # ID=3593_2;partial=00;start_type=ATG;rbs_motif=None;rbs_spacer=None;gc_cont=0.681	k141_49719	281	1192	+	Loose	550	47.4	NmcR	30.71	3003665	protein homolog model	n/a	n/a	carbapenem; cephalosporin; cephamycin; penam	antibiotic inactivation	NmcA beta-lactamase	102.71	gnl|BL_ORD_ID|1906|hsp_num:0	2072			9	378	cefoxitin; cefazolin; ampicillin	
k141_18123_1 # 1 # 1872 # 1 # ID=3601_1;partial=11;start_type=Edge;rbs_motif=None;rbs_spacer=None;gc_cont=0.355	k141_18123	1	1872	+	Loose	2300	623.6	Mycobacterium tuberculosis rpoB mutants conferring resistance to rifampicin	50.88	3003283	protein variant model	D516G, H526N, L511R	A473T:90	rifamycin antibiotic	antibiotic target alteration; antibiotic target replacement	rifamycin-resistant beta-subunit of RNA polymerase (rpoB)	53.24	gnl|BL_ORD_ID|1958|hsp_num:0	1237			729	2562	rifampin; rifaximin; rifabutin; rifapentine	
k141_33863_2 # 1094 # 2311 # -1 # ID=3602_2;partial=00;start_type=ATG;rbs_motif=None;rbs_spacer=None;gc_cont=0.622	k141_33863	1094	2311	-	Loose	500	188.7	bcr-1	33.95	3003801	protein homolog model	n/a	n/a	bicyclomycin-like antibiotic	antibiotic efflux	major facilitator superfamily (MFS) antibiotic efflux pump	100.75	gnl|BL_ORD_ID|2333|hsp_num:0	2303			48	1173	bicyclomycin	
k141_57681_4 # 1692 # 2087 # 1 # ID=3608_4;partial=01;start_type=GTG;rbs_motif=GGA/GAG/AGG;rbs_spacer=11-12bp;gc_cont=0.770	k141_57681	1692	2087	+	Loose	960	45.1	lsaC	32.26	3003112	protein homolog model	n/a	n/a	lincosamide antibiotic; streptogramin antibiotic; pleuromutilin antibiotic	antibiotic target protection	lsa-type ABC-F protein	26.83	gnl|BL_ORD_ID|1603|hsp_num:0	1748			957	1143	lincomycin; clindamycin; pleuromutilin	
k141_10200_2 # 1642 # 2253 # 1 # ID=3609_2;partial=01;start_type=TTG;rbs_motif=GGA/GAG/AGG;rbs_spacer=5-10bp;gc_cont=0.614	k141_10200	1642	2253	+	Loose	275	38.9	AAC(6')-Im	21.33	3004629	protein homolog model	n/a	n/a	aminoglycoside antibiotic	antibiotic inactivation	AAC(6')	114.61	gnl|BL_ORD_ID|2115|hsp_num:0	3328			45	456	dibekacin; amikacin; sisomicin; netilmicin; tobramycin; 2'-N-ethylnetilmicin; 5-episisomicin	
k141_41827_1 # 202 # 2568 # 1 # ID=3613_1;partial=00;start_type=ATG;rbs_motif=None;rbs_spacer=None;gc_cont=0.540	k141_41827	202	2568	+	Loose	1500	257.3	LptD	28.25	3005059	protein homolog model	n/a	n/a	peptide antibiotic; aminocoumarin antibiotic; rifamycin antibiotic	antibiotic efflux	ATP-binding cassette (ABC) antibiotic efflux pump	100.77	gnl|BL_ORD_ID|2785|hsp_num:0	3799			354	2340		
k141_41827_8 # 8052 # 8570 # 1 # ID=3613_8;partial=01;start_type=ATG;rbs_motif=AGGAG;rbs_spacer=5-10bp;gc_cont=0.513	k141_41827	8052	8570	+	Loose	500	95.5	RanA	32.74	3005091	protein homolog model	n/a	n/a	aminoglycoside antibiotic	antibiotic efflux	ATP-binding cassette (ABC) antibiotic efflux pump	67.05	gnl|BL_ORD_ID|2809|hsp_num:0	3825			3	477		
k141_25993_1 # 2 # 478 # -1 # ID=3623_1;partial=10;start_type=GTG;rbs_motif=AGGAG;rbs_spacer=5-10bp;gc_cont=0.335	k141_25993	2	478	-	Loose	2000	191.8	Staphylococcus aureus mupA conferring resistance to mupirocin	56.38	3000521	protein homolog model	n/a	n/a	mupirocin-like antibiotic	antibiotic target alteration	antibiotic-resistant isoleucyl-tRNA synthetase (ileS)	15.53	gnl|BL_ORD_ID|4700|hsp_num:0	2270			12	459	mupirocin	
k141_57708_1 # 1 # 1281 # 1 # ID=3653_1;partial=11;start_type=Edge;rbs_motif=None;rbs_spacer=None;gc_cont=0.649	k141_57708	1	1281	+	Loose	450	85.5	Streptomyces lividans otr(A)	23.72	3007127	protein homolog model	n/a	n/a	tetracycline antibiotic	antibiotic target protection	tetracycline-resistant ribosomal protection protein	66.82	gnl|BL_ORD_ID|4809|hsp_num:0	5797			624	1839	tetracycline	
k141_33896_1 # 71 # 1120 # -1 # ID=3657_1;partial=01;start_type=Edge;rbs_motif=None;rbs_spacer=None;gc_cont=0.689	k141_33896	71	1120	-	Loose	650	109.0	tetA(58)	34.8	3003980	protein homolog model	n/a	n/a	tetracycline antibiotic	antibiotic efflux	major facilitator superfamily (MFS) antibiotic efflux pump	101.75	gnl|BL_ORD_ID|2244|hsp_num:0	2517			96	705	tetracycline	
k141_26005_5 # 4370 # 5896 # -1 # ID=3661_5;partial=00;start_type=ATG;rbs_motif=GGAGG;rbs_spacer=3-4bp;gc_cont=0.492	k141_26005	4370	5896	-	Loose	570	92.4	bcrA	26.15	3002987	protein homolog model	n/a	n/a	peptide antibiotic	antibiotic efflux	ATP-binding cassette (ABC) antibiotic efflux pump	166.01	gnl|BL_ORD_ID|316|hsp_num:0	345			9	630	bacitracin; bacitracin A; bacitracin B; bacitracin F	
k141_57710_3 # 2249 # 2974 # 1 # ID=3662_3;partial=00;start_type=ATG;rbs_motif=GGA/GAG/AGG;rbs_spacer=11-12bp;gc_cont=0.685	k141_57710	2249	2974	+	Loose	400	42.0	CRP	25.32	3000518	protein homolog model	n/a	n/a	macrolide antibiotic; fluoroquinolone antibiotic; penam	antibiotic efflux	resistance-nodulation-cell division (RND) antibiotic efflux pump	114.76	gnl|BL_ORD_ID|804|hsp_num:0	869			126	591	erythromycin; cloxacillin; oxacillin; norfloxacin	
k141_57714_2 # 477 # 1661 # 1 # ID=3669_2;partial=00;start_type=ATG;rbs_motif=AGxAGG/AGGxGG;rbs_spacer=5-10bp;gc_cont=0.559	k141_57714	477	1661	+	Loose	790	170.2	mtrC	30.47	3000810	protein homolog model	n/a	n/a	macrolide antibiotic; penam	antibiotic efflux	resistance-nodulation-cell division (RND) antibiotic efflux pump	95.63	gnl|BL_ORD_ID|1233|hsp_num:0	1340			15	1236	erythromycin; penicillin; azithromycin	
k141_57714_3 # 1673 # 1936 # 1 # ID=3669_3;partial=01;start_type=ATG;rbs_motif=GGAGG;rbs_spacer=3-4bp;gc_cont=0.527	k141_57714	1673	1936	+	Loose	1900	94.4	AcrF	57.47	3000502	protein homolog model	n/a	n/a	fluoroquinolone antibiotic; cephalosporin; cephamycin; penam	antibiotic efflux	resistance-nodulation-cell division (RND) antibiotic efflux pump	8.51	gnl|BL_ORD_ID|1354|hsp_num:0	1437			0	261	ciprofloxacin	
k141_33912_2 # 866 # 1528 # -1 # ID=3677_2;partial=01;start_type=Edge;rbs_motif=None;rbs_spacer=None;gc_cont=0.701	k141_33912	866	1528	-	Loose	600	48.1	Streptomyces venezuelae rox	42.03	3007209	protein homolog model	n/a	n/a	rifamycin antibiotic	antibiotic inactivation	rifampin monooxygenase	46.22	gnl|BL_ORD_ID|4834|hsp_num:0	5820			789	972	rifampin; rifaximin; rifapentine	
k141_26012_3 # 1060 # 1326 # 1 # ID=3679_3;partial=01;start_type=ATG;rbs_motif=GGAG/GAGG;rbs_spacer=5-10bp;gc_cont=0.655	k141_26012	1060	1326	+	Loose	400	51.2	Pseudomonas aeruginosa CpxR	35.23	3004054	protein homolog model	n/a	n/a	macrolide antibiotic; fluoroquinolone antibiotic; monobactam; aminoglycoside antibiotic; carbapenem; cephalosporin; cephamycin; penam; tetracycline antibiotic; peptide antibiotic; aminocoumarin antibiotic; diaminopyrimidine antibiotic; sulfonamide antibiotic; phenicol antibiotic; penem	antibiotic efflux	resistance-nodulation-cell division (RND) antibiotic efflux pump	39.56	gnl|BL_ORD_ID|2301|hsp_num:0	2685			6	261	erythromycin; ciprofloxacin; tetracycline; ceftazidime; ceftriaxone; meropenem; novobiocin; azithromycin; trimethoprim; sulfamethoxazole; chloramphenicol; aztreonam; colistin A; colistin B; ampicillin; panipenem; trimethoprim-sulfamethoxazole	
k141_41861_1 # 3 # 272 # -1 # ID=3680_1;partial=10;start_type=ATG;rbs_motif=GGAG/GAGG;rbs_spacer=5-10bp;gc_cont=0.637	k141_41861	3	272	-	Loose	600	71.2	PME-1	55.13	3006973	protein homolog model	n/a	n/a	carbapenem	antibiotic inactivation	PME beta-lactamase	29.13	gnl|BL_ORD_ID|4561|hsp_num:0	5630			36	267		
k141_41861_2 # 377 # 1234 # 1 # ID=3680_2;partial=00;start_type=ATG;rbs_motif=GGA/GAG/AGG;rbs_spacer=5-10bp;gc_cont=0.664	k141_41861	377	1234	+	Loose	550	279.3	NmcR	48.42	3003665	protein homolog model	n/a	n/a	carbapenem; cephalosporin; cephamycin; penam	antibiotic inactivation	NmcA beta-lactamase	96.61	gnl|BL_ORD_ID|1906|hsp_num:0	2072			12	867	cefoxitin; cefazolin; ampicillin	
k141_10241_3 # 1528 # 2274 # -1 # ID=3682_3;partial=00;start_type=TTG;rbs_motif=AAAAAA;rbs_spacer=12bp;gc_cont=0.328	k141_10241	1528	2274	-	Loose	450	44.3	tsnR	24.14	3003060	protein homolog model	n/a	n/a	peptide antibiotic	antibiotic target alteration	non-erm 23S ribosomal RNA methyltransferase (A1067)	91.85	gnl|BL_ORD_ID|149|hsp_num:0	49			354	771	thiostrepton	
k141_18158_1 # 1 # 879 # -1 # ID=3683_1;partial=10;start_type=ATG;rbs_motif=GGAG/GAGG;rbs_spacer=5-10bp;gc_cont=0.521	k141_18158	1	879	-	Loose	1000	87.8	mecD	29.58	3004185	protein homolog model	n/a	n/a	penam	antibiotic target replacement	methicillin resistant PBP2	43.22	gnl|BL_ORD_ID|2419|hsp_num:0	2828			432	1113	methicillin	
k141_26015_1 # 1 # 453 # 1 # ID=3691_1;partial=10;start_type=Edge;rbs_motif=None;rbs_spacer=None;gc_cont=0.530	k141_26015	1	453	+	Loose	790	120.2	mtrC	48.15	3000810	protein homolog model	n/a	n/a	macrolide antibiotic; penam	antibiotic efflux	resistance-nodulation-cell division (RND) antibiotic efflux pump	36.41	gnl|BL_ORD_ID|1233|hsp_num:0	1340			834	1236	erythromycin; penicillin; azithromycin	
k141_26015_2 # 463 # 1530 # 1 # ID=3691_2;partial=01;start_type=ATG;rbs_motif=GGA/GAG/AGG;rbs_spacer=5-10bp;gc_cont=0.537	k141_26015	463	1530	+	Loose	2130	407.1	mtrD	58.15	3000811	protein homolog model	n/a	n/a	macrolide antibiotic; penam	antibiotic efflux	resistance-nodulation-cell division (RND) antibiotic efflux pump	33.36	gnl|BL_ORD_ID|1787|hsp_num:0	1938			0	1062	erythromycin; penicillin; azithromycin	
k141_2320_1 # 124 # 933 # -1 # ID=3699_1;partial=00;start_type=TTG;rbs_motif=GGAGG;rbs_spacer=5-10bp;gc_cont=0.706	k141_2320	124	933	-	Loose	1280	119.4	macB	36.49	3000535	protein homolog model	n/a	n/a	macrolide antibiotic	antibiotic efflux	ATP-binding cassette (ABC) antibiotic efflux pump	41.77	gnl|BL_ORD_ID|447|hsp_num:0	487			9	669	erythromycin	
k141_26024_1 # 1 # 1710 # 1 # ID=3702_1;partial=11;start_type=Edge;rbs_motif=None;rbs_spacer=None;gc_cont=0.304	k141_26024	1	1710	+	Loose	175	107.8	vanT gene in vanG cluster	34.67	3002972	protein homolog model	n/a	n/a	glycopeptide antibiotic	antibiotic target alteration	glycopeptide resistance gene cluster; vanT	80.06	gnl|BL_ORD_ID|1523|hsp_num:0	1561			1038	1617	vancomycin	
k141_18187_3 # 710 # 1108 # -1 # ID=3725_3;partial=00;start_type=GTG;rbs_motif=GGA/GAG/AGG;rbs_spacer=5-10bp;gc_cont=0.446	k141_18187	710	1108	-	Loose	2300	63.5	evgS	37.04	3000833	protein homolog model	n/a	n/a	macrolide antibiotic; fluoroquinolone antibiotic; penam; tetracycline antibiotic	antibiotic efflux	major facilitator superfamily (MFS) antibiotic efflux pump; resistance-nodulation-cell division (RND) antibiotic efflux pump	11.03	gnl|BL_ORD_ID|1215|hsp_num:0	1318			2880	3198	erythromycin; cloxacillin; tetracycline; oxacillin; norfloxacin	
k141_18187_4 # 1169 # 1390 # -1 # ID=3725_4;partial=01;start_type=Edge;rbs_motif=None;rbs_spacer=None;gc_cont=0.432	k141_18187	1169	1390	-	Loose	400	40.0	Pseudomonas aeruginosa CpxR	36.99	3004054	protein homolog model	n/a	n/a	macrolide antibiotic; fluoroquinolone antibiotic; monobactam; aminoglycoside antibiotic; carbapenem; cephalosporin; cephamycin; penam; tetracycline antibiotic; peptide antibiotic; aminocoumarin antibiotic; diaminopyrimidine antibiotic; sulfonamide antibiotic; phenicol antibiotic; penem	antibiotic efflux	resistance-nodulation-cell division (RND) antibiotic efflux pump	32.44	gnl|BL_ORD_ID|2301|hsp_num:0	2685			186	399	erythromycin; ciprofloxacin; tetracycline; ceftazidime; ceftriaxone; meropenem; novobiocin; azithromycin; trimethoprim; sulfamethoxazole; chloramphenicol; aztreonam; colistin A; colistin B; ampicillin; panipenem; trimethoprim-sulfamethoxazole	
k141_2335_1 # 1 # 1041 # -1 # ID=3727_1;partial=11;start_type=Edge;rbs_motif=None;rbs_spacer=None;gc_cont=0.500	k141_2335	1	1041	-	Loose	1000	94.4	msbA	24.86	3003950	protein homolog model	n/a	n/a	nitroimidazole antibiotic	antibiotic efflux	ATP-binding cassette (ABC) antibiotic efflux pump	59.62	gnl|BL_ORD_ID|2186|hsp_num:0	2423			360	1371	metronidazole	
k141_41895_1 # 162 # 1076 # 1 # ID=3735_1;partial=01;start_type=ATG;rbs_motif=TAA;rbs_spacer=11bp;gc_cont=0.427	k141_41895	162	1076	+	Loose	900	104.0	MdtK	29.48	3001327	protein homolog model	n/a	n/a	fluoroquinolone antibiotic	antibiotic efflux	multidrug and toxic compound extrusion (MATE) transporter	64.35	gnl|BL_ORD_ID|1651|hsp_num:0	1752			87	885	ciprofloxacin	
k141_26050_1 # 1 # 1533 # -1 # ID=3737_1;partial=11;start_type=Edge;rbs_motif=None;rbs_spacer=None;gc_cont=0.430	k141_26050	1	1533	-	Loose	2000	382.1	Bifidobacterium adolescentis rpoB mutants conferring resistance to rifampicin	55.65	3004480	protein homolog model	n/a	n/a	rifamycin antibiotic	antibiotic target alteration; antibiotic target replacement	rifamycin-resistant beta-subunit of RNA polymerase (rpoB)	43.09	gnl|BL_ORD_ID|4720|hsp_num:0	2914			1530	2571	rifampin	
k141_10291_3 # 1700 # 2539 # -1 # ID=3752_3;partial=01;start_type=Edge;rbs_motif=None;rbs_spacer=None;gc_cont=0.469	k141_10291	1700	2539	-	Loose	450	51.6	gadX	31.76	3000508	protein homolog model	n/a	n/a	macrolide antibiotic; fluoroquinolone antibiotic; penam	antibiotic efflux	resistance-nodulation-cell division (RND) antibiotic efflux pump	101.82	gnl|BL_ORD_ID|79|hsp_num:0	91			471	726	erythromycin; cloxacillin; oxacillin; norfloxacin	
k141_33955_2 # 1176 # 1808 # 1 # ID=3753_2;partial=01;start_type=ATG;rbs_motif=GGAG/GAGG;rbs_spacer=5-10bp;gc_cont=0.469	k141_33955	1176	1808	+	Loose	1280	149.8	macB	38.35	3000535	protein homolog model	n/a	n/a	macrolide antibiotic	antibiotic efflux	ATP-binding cassette (ABC) antibiotic efflux pump	32.76	gnl|BL_ORD_ID|447|hsp_num:0	487			6	621	erythromycin	
k141_10295_1 # 2 # 514 # 1 # ID=3758_1;partial=10;start_type=Edge;rbs_motif=None;rbs_spacer=None;gc_cont=0.460	k141_10295	2	514	+	Loose	750	276.2	patB	81.18	3000025	protein homolog model	n/a	n/a	fluoroquinolone antibiotic	antibiotic efflux	ATP-binding cassette (ABC) antibiotic efflux pump	28.91	gnl|BL_ORD_ID|1912|hsp_num:0	2112			1254	1764	ciprofloxacin; norfloxacin	
k141_33959_1 # 3 # 1202 # 1 # ID=3760_1;partial=10;start_type=Edge;rbs_motif=None;rbs_spacer=None;gc_cont=0.352	k141_33959	3	1202	+	Loose	2000	61.2	Staphylococcus aureus mupA conferring resistance to mupirocin	23.23	3000521	protein homolog model	n/a	n/a	mupirocin-like antibiotic	antibiotic target alteration	antibiotic-resistant isoleucyl-tRNA synthetase (ileS)	38.96	gnl|BL_ORD_ID|4700|hsp_num:0	2270			1743	2466	mupirocin	
k141_2363_2 # 240 # 1067 # 1 # ID=3764_2;partial=01;start_type=ATG;rbs_motif=GGAG/GAGG;rbs_spacer=5-10bp;gc_cont=0.527	k141_2363	240	1067	+	Loose	600	75.1	Acinetobacter baumannii AbaQ	25.54	3004574	protein homolog model	n/a	n/a	fluoroquinolone antibiotic	antibiotic efflux	major facilitator superfamily (MFS) antibiotic efflux pump	63.59	gnl|BL_ORD_ID|2718|hsp_num:0	3278			54	603		
k141_57774_1 # 2 # 514 # -1 # ID=3766_1;partial=10;start_type=ATG;rbs_motif=AGGA;rbs_spacer=5-10bp;gc_cont=0.561	k141_57774	2	514	-	Loose	600	47.4	mdtN	26.47	3003548	protein homolog model	n/a	n/a	nucleoside antibiotic; disinfecting agents and antiseptics	antibiotic efflux	major facilitator superfamily (MFS) antibiotic efflux pump	49.85	gnl|BL_ORD_ID|1322|hsp_num:0	1442			27	534	acriflavine; puromycin	
k141_18213_1 # 3 # 827 # 1 # ID=3767_1;partial=10;start_type=Edge;rbs_motif=None;rbs_spacer=None;gc_cont=0.458	k141_18213	3	827	+	Loose	700	141.4	Acinetobacter baumannii AbaF	32.22	3004573	protein homolog model	n/a	n/a	phosphonic acid antibiotic	antibiotic efflux	major facilitator superfamily (MFS) antibiotic efflux pump	63.87	gnl|BL_ORD_ID|2717|hsp_num:0	3277			453	1263	fosfomycin	
k141_2371_2 # 841 # 1314 # 1 # ID=3770_2;partial=01;start_type=ATG;rbs_motif=None;rbs_spacer=None;gc_cont=0.316	k141_2371	841	1314	+	Loose	400	42.4	MexL	37.29	3003710	protein homolog model	n/a	n/a	macrolide antibiotic; tetracycline antibiotic; disinfecting agents and antiseptics	antibiotic efflux	resistance-nodulation-cell division (RND) antibiotic efflux pump	74.53	gnl|BL_ORD_ID|4691|hsp_num:0	2219			39	216	erythromycin; tetracycline; triclosan	
k141_26051_16 # 14550 # 15020 # -1 # ID=3773_16;partial=00;start_type=ATG;rbs_motif=GGAGG;rbs_spacer=5-10bp;gc_cont=0.573	k141_26051	14550	15020	-	Loose	700	38.9	OmpA	23.81	3005044	protein homolog model	n/a	n/a	peptide antibiotic	reduced permeability to antibiotic	General Bacterial Porin with reduced permeability to peptide antibiotics	41.71	gnl|BL_ORD_ID|2775|hsp_num:0	3787			699	1077	polymyxin B; defensin	
k141_26065_1 # 1 # 1068 # 1 # ID=3798_1;partial=10;start_type=Edge;rbs_motif=None;rbs_spacer=None;gc_cont=0.734	k141_26065	1	1068	+	Loose	890	56.2	cpxA	28.18	3000830	protein homolog model	n/a	n/a	aminoglycoside antibiotic; aminocoumarin antibiotic	antibiotic efflux	resistance-nodulation-cell division (RND) antibiotic efflux pump	77.68	gnl|BL_ORD_ID|132|hsp_num:0	152			654	1287	novobiocin	
k141_41939_2 # 582 # 1043 # -1 # ID=3804_2;partial=00;start_type=ATG;rbs_motif=None;rbs_spacer=None;gc_cont=0.416	k141_41939	582	1043	-	Loose	250	39.3	mepR	25.23	3000746	protein homolog model	n/a	n/a	glycylcycline; tetracycline antibiotic	antibiotic efflux	multidrug and toxic compound extrusion (MATE) transporter	110.07	gnl|BL_ORD_ID|792|hsp_num:0	856			81	414	tigecycline	
k141_10337_1 # 2 # 1027 # 1 # ID=3806_1;partial=11;start_type=Edge;rbs_motif=None;rbs_spacer=None;gc_cont=0.649	k141_10337	2	1027	+	Loose	850	42.4	baeS	26.14	3000829	protein homolog model	n/a	n/a	aminoglycoside antibiotic; aminocoumarin antibiotic	antibiotic efflux	resistance-nodulation-cell division (RND) antibiotic efflux pump	73.23	gnl|BL_ORD_ID|914|hsp_num:0	986			507	948	novobiocin	
k141_57801_1 # 239 # 967 # -1 # ID=3809_1;partial=00;start_type=ATG;rbs_motif=GGAG/GAGG;rbs_spacer=5-10bp;gc_cont=0.643	k141_57801	239	967	-	Loose	1020	43.1	vgaE	29.71	3002833	protein homolog model	n/a	n/a	lincosamide antibiotic; streptogramin antibiotic; streptogramin A antibiotic; pleuromutilin antibiotic	antibiotic target protection	vga-type ABC-F protein	46.18	gnl|BL_ORD_ID|1491|hsp_num:0	1626			9	411	clindamycin; virginiamycin M1; tiamulin	
k141_57824_1 # 1 # 687 # 1 # ID=3854_1;partial=10;start_type=Edge;rbs_motif=None;rbs_spacer=None;gc_cont=0.432	k141_57824	1	687	+	Loose	2300	70.1	evgS	31.54	3000833	protein homolog model	n/a	n/a	macrolide antibiotic; fluoroquinolone antibiotic; penam; tetracycline antibiotic	antibiotic efflux	major facilitator superfamily (MFS) antibiotic efflux pump; resistance-nodulation-cell division (RND) antibiotic efflux pump	19.05	gnl|BL_ORD_ID|1215|hsp_num:0	1318			2874	3255	erythromycin; cloxacillin; tetracycline; oxacillin; norfloxacin	
k141_26097_2 # 1173 # 1652 # 1 # ID=3856_2;partial=01;start_type=ATG;rbs_motif=None;rbs_spacer=None;gc_cont=0.704	k141_26097	1173	1652	+	Loose	400	127.9	Pseudomonas aeruginosa CpxR	45.86	3004054	protein homolog model	n/a	n/a	macrolide antibiotic; fluoroquinolone antibiotic; monobactam; aminoglycoside antibiotic; carbapenem; cephalosporin; cephamycin; penam; tetracycline antibiotic; peptide antibiotic; aminocoumarin antibiotic; diaminopyrimidine antibiotic; sulfonamide antibiotic; phenicol antibiotic; penem	antibiotic efflux	resistance-nodulation-cell division (RND) antibiotic efflux pump	71.11	gnl|BL_ORD_ID|2301|hsp_num:0	2685			3	444	erythromycin; ciprofloxacin; tetracycline; ceftazidime; ceftriaxone; meropenem; novobiocin; azithromycin; trimethoprim; sulfamethoxazole; chloramphenicol; aztreonam; colistin A; colistin B; ampicillin; panipenem; trimethoprim-sulfamethoxazole	
k141_49892_3 # 876 # 1478 # -1 # ID=3867_3;partial=01;start_type=Edge;rbs_motif=None;rbs_spacer=None;gc_cont=0.325	k141_49892	876	1478	-	Loose	570	130.2	bcrA	37.63	3002987	protein homolog model	n/a	n/a	peptide antibiotic	antibiotic efflux	ATP-binding cassette (ABC) antibiotic efflux pump	65.36	gnl|BL_ORD_ID|316|hsp_num:0	345			105	663	bacitracin; bacitracin A; bacitracin B; bacitracin F	
k141_10372_1 # 142 # 1257 # -1 # ID=3869_1;partial=00;start_type=ATG;rbs_motif=GGA/GAG/AGG;rbs_spacer=5-10bp;gc_cont=0.703	k141_10372	142	1257	-	Loose	200	124.4	vanT gene in vanC cluster	27.73	3002970	protein homolog model	n/a	n/a	glycopeptide antibiotic	antibiotic target alteration	glycopeptide resistance gene cluster; vanT	53.15	gnl|BL_ORD_ID|4676|hsp_num:0	734			1038	2091	vancomycin	
k141_10372_2 # 1414 # 2076 # 1 # ID=3869_2;partial=01;start_type=ATG;rbs_motif=None;rbs_spacer=None;gc_cont=0.662	k141_10372	1414	2076	+	Loose	770	38.5	tet(V)	30.33	3000181	protein homolog model	n/a	n/a	tetracycline antibiotic	antibiotic efflux	major facilitator superfamily (MFS) antibiotic efflux pump	52.74	gnl|BL_ORD_ID|1042|hsp_num:0	1006			297	606	tetracycline	
k141_49900_1 # 100 # 1263 # 1 # ID=3879_1;partial=01;start_type=ATG;rbs_motif=GGA/GAG/AGG;rbs_spacer=11-12bp;gc_cont=0.625	k141_49900	100	1263	+	Loose	500	57.4	leuO	28.73	3003843	protein homolog model	n/a	n/a	nucleoside antibiotic; disinfecting agents and antiseptics	antibiotic efflux	major facilitator superfamily (MFS) antibiotic efflux pump	123.57	gnl|BL_ORD_ID|4927|hsp_num:0	5921			78	600	acriflavine; puromycin	
k141_18276_2 # 308 # 1057 # -1 # ID=3881_2;partial=00;start_type=ATG;rbs_motif=None;rbs_spacer=None;gc_cont=0.479	k141_18276	308	1057	-	Loose	750	98.6	patB	29.13	3000025	protein homolog model	n/a	n/a	fluoroquinolone antibiotic	antibiotic efflux	ATP-binding cassette (ABC) antibiotic efflux pump	42.35	gnl|BL_ORD_ID|1912|hsp_num:0	2112			1071	1719	ciprofloxacin; norfloxacin	
k141_57845_1 # 89 # 376 # -1 # ID=3889_1;partial=00;start_type=ATG;rbs_motif=GGAG/GAGG;rbs_spacer=5-10bp;gc_cont=0.670	k141_57845	89	376	-	Loose	450	58.5	baeR	35.11	3000828	protein homolog model	n/a	n/a	aminoglycoside antibiotic; aminocoumarin antibiotic	antibiotic efflux	resistance-nodulation-cell division (RND) antibiotic efflux pump	39.58	gnl|BL_ORD_ID|1232|hsp_num:0	1337			12	285	novobiocin	
k141_57845_2 # 373 # 1764 # -1 # ID=3889_2;partial=01;start_type=Edge;rbs_motif=None;rbs_spacer=None;gc_cont=0.728	k141_57845	373	1764	-	Loose	2300	112.8	evgS	30.83	3000833	protein homolog model	n/a	n/a	macrolide antibiotic; fluoroquinolone antibiotic; penam; tetracycline antibiotic	antibiotic efflux	major facilitator superfamily (MFS) antibiotic efflux pump; resistance-nodulation-cell division (RND) antibiotic efflux pump	38.68	gnl|BL_ORD_ID|1215|hsp_num:0	1318			2556	3243	erythromycin; cloxacillin; tetracycline; oxacillin; norfloxacin	
k141_34045_1 # 2 # 331 # -1 # ID=3896_1;partial=10;start_type=ATG;rbs_motif=GGA/GAG/AGG;rbs_spacer=5-10bp;gc_cont=0.506	k141_34045	2	331	-	Loose	400	97.1	vanR gene in vanA cluster	44.76	3002919	protein homolog model	n/a	n/a	glycopeptide antibiotic	antibiotic target alteration	glycopeptide resistance gene cluster; vanR	47.62	gnl|BL_ORD_ID|751|hsp_num:0	722			12	327	vancomycin; teicoplanin	
k141_18287_1 # 4 # 789 # -1 # ID=3898_1;partial=00;start_type=ATG;rbs_motif=AGGA;rbs_spacer=5-10bp;gc_cont=0.608	k141_18287	4	789	-	Loose	500	105.9	RanA	28.28	3005091	protein homolog model	n/a	n/a	aminoglycoside antibiotic	antibiotic efflux	ATP-binding cassette (ABC) antibiotic efflux pump	101.16	gnl|BL_ORD_ID|2809|hsp_num:0	3825			0	690		
k141_26120_4 # 2367 # 2732 # -1 # ID=3903_4;partial=01;start_type=Edge;rbs_motif=None;rbs_spacer=None;gc_cont=0.549	k141_26120	2367	2732	-	Loose	200	62.8	vanH gene in vanD cluster	37.5	3002944	protein homolog model	n/a	n/a	glycopeptide antibiotic	antibiotic target alteration	vanH; glycopeptide resistance gene cluster	37.46	gnl|BL_ORD_ID|1349|hsp_num:0	1333			600	888	vancomycin; teicoplanin	
k141_57857_1 # 1 # 1932 # 1 # ID=3913_1;partial=10;start_type=Edge;rbs_motif=None;rbs_spacer=None;gc_cont=0.578	k141_57857	1	1932	+	Loose	1800	173.7	mdtC	26.73	3000794	protein homolog model	n/a	n/a	aminocoumarin antibiotic	antibiotic efflux	resistance-nodulation-cell division (RND) antibiotic efflux pump	62.73	gnl|BL_ORD_ID|1213|hsp_num:0	1315			1164	3030	novobiocin	
k141_49934_1 # 3 # 830 # -1 # ID=3929_1;partial=10;start_type=ATG;rbs_motif=GGAG/GAGG;rbs_spacer=5-10bp;gc_cont=0.604	k141_49934	3	830	-	Loose	850	58.9	opmE	25.51	3003700	protein homolog model	n/a	n/a	macrolide antibiotic; carbapenem; tetracycline antibiotic; diaminopyrimidine antibiotic; phenicol antibiotic; disinfecting agents and antiseptics	antibiotic efflux	resistance-nodulation-cell division (RND) antibiotic efflux pump	56.21	gnl|BL_ORD_ID|2020|hsp_num:0	2213			42	729	erythromycin; acriflavine; tetracycline; imipenem; trimethoprim; chloramphenicol; thiamphenicol; kitasamycin; rokitamycin	
k141_42013_1 # 3 # 539 # 1 # ID=3933_1;partial=10;start_type=Edge;rbs_motif=None;rbs_spacer=None;gc_cont=0.549	k141_42013	3	539	+	Strict	275	365.5	AAC(6')-Ib8	99.44	3002579	protein homolog model	n/a	n/a	aminoglycoside antibiotic	antibiotic inactivation	AAC(6')	79.11	gnl|BL_ORD_ID|1905|hsp_num:0	2071			141	675	amikacin; kanamycin A; tobramycin	
k141_42013_2 # 714 # 1046 # 1 # ID=3933_2;partial=00;start_type=GTG;rbs_motif=AGGAG;rbs_spacer=5-10bp;gc_cont=0.505	k141_42013	714	1046	+	Strict	180	208.4	qacL	98.18	3005098	protein homolog model	n/a	n/a	disinfecting agents and antiseptics	antibiotic efflux	small multidrug resistance (SMR) antibiotic efflux pump	100.00	gnl|BL_ORD_ID|2815|hsp_num:0	3830			0	330		
k141_18316_2 # 247 # 1419 # 1 # ID=3939_2;partial=00;start_type=ATG;rbs_motif=None;rbs_spacer=None;gc_cont=0.698	k141_18316	247	1419	+	Loose	750	72.4	smeA	26.13	3003051	protein homolog model	n/a	n/a	aminoglycoside antibiotic; cephalosporin; cephamycin; penam	antibiotic efflux	resistance-nodulation-cell division (RND) antibiotic efflux pump	97.99	gnl|BL_ORD_ID|1389|hsp_num:0	1507			60	1167		
k141_10419_2 # 316 # 1023 # 1 # ID=3945_2;partial=00;start_type=ATG;rbs_motif=GGAG/GAGG;rbs_spacer=5-10bp;gc_cont=0.677	k141_10419	316	1023	+	Loose	390	73.6	evgA	25.0	3000832	protein homolog model	n/a	n/a	macrolide antibiotic; fluoroquinolone antibiotic; penam; tetracycline antibiotic	antibiotic efflux	major facilitator superfamily (MFS) antibiotic efflux pump; resistance-nodulation-cell division (RND) antibiotic efflux pump	115.20	gnl|BL_ORD_ID|937|hsp_num:0	1015			0	555	erythromycin; cloxacillin; tetracycline; oxacillin; norfloxacin	
k141_2472_1 # 148 # 2052 # -1 # ID=3948_1;partial=00;start_type=ATG;rbs_motif=None;rbs_spacer=None;gc_cont=0.352	k141_2472	148	2052	-	Loose	1200	439.1	TaeA	41.08	3003986	protein homolog model	n/a	n/a	pleuromutilin antibiotic	antibiotic efflux	ATP-binding cassette (ABC) antibiotic efflux pump	97.84	gnl|BL_ORD_ID|2231|hsp_num:0	2522			0	1914	pleuromutilin	
k141_42022_2 # 531 # 1658 # 1 # ID=3953_2;partial=00;start_type=ATG;rbs_motif=TAAAA;rbs_spacer=4bp;gc_cont=0.358	k141_42022	531	1658	+	Loose	650	43.1	mexM	24.89	3003704	protein homolog model	n/a	n/a	phenicol antibiotic	antibiotic efflux	resistance-nodulation-cell division (RND) antibiotic efflux pump	97.40	gnl|BL_ORD_ID|2021|hsp_num:0	2216			267	891	chloramphenicol; thiamphenicol	
k141_2486_1 # 2 # 547 # -1 # ID=3963_1;partial=10;start_type=ATG;rbs_motif=None;rbs_spacer=None;gc_cont=0.703	k141_2486	2	547	-	Loose	650	42.7	adeL	28.04	3000620	protein homolog model	n/a	n/a	fluoroquinolone antibiotic; tetracycline antibiotic	antibiotic efflux	resistance-nodulation-cell division (RND) antibiotic efflux pump	54.01	gnl|BL_ORD_ID|2316|hsp_num:0	2654			18	339	tetracycline	
k141_57883_5 # 2530 # 3243 # -1 # ID=3965_5;partial=00;start_type=ATG;rbs_motif=None;rbs_spacer=None;gc_cont=0.324	k141_57883	2530	3243	-	Loose	400	62.8	CRP	25.84	3000518	protein homolog model	n/a	n/a	macrolide antibiotic; fluoroquinolone antibiotic; penam	antibiotic efflux	resistance-nodulation-cell division (RND) antibiotic efflux pump	112.86	gnl|BL_ORD_ID|804|hsp_num:0	869			87	618	erythromycin; cloxacillin; oxacillin; norfloxacin	
k141_18328_3 # 1839 # 2954 # -1 # ID=3968_3;partial=00;start_type=ATG;rbs_motif=AGGAG;rbs_spacer=5-10bp;gc_cont=0.513	k141_18328	1839	2954	-	Loose	600	117.1	oleC	31.78	3003748	protein homolog model	n/a	n/a	macrolide antibiotic	antibiotic efflux	ATP-binding cassette (ABC) antibiotic efflux pump	114.15	gnl|BL_ORD_ID|2051|hsp_num:0	2264			0	639	oleandomycin	
k141_57886_1 # 1 # 1038 # -1 # ID=3975_1;partial=11;start_type=Edge;rbs_motif=None;rbs_spacer=None;gc_cont=0.671	k141_57886	1	1038	-	Loose	1800	362.8	mdtC	60.91	3000794	protein homolog model	n/a	n/a	aminocoumarin antibiotic	antibiotic efflux	resistance-nodulation-cell division (RND) antibiotic efflux pump	33.76	gnl|BL_ORD_ID|1213|hsp_num:0	1315			2079	3051	novobiocin	
k141_49968_2 # 540 # 1367 # 1 # ID=3979_2;partial=00;start_type=ATG;rbs_motif=AGGA;rbs_spacer=5-10bp;gc_cont=0.464	k141_49968	540	1367	+	Loose	700	113.6	OmpA	45.39	3005044	protein homolog model	n/a	n/a	peptide antibiotic	reduced permeability to antibiotic	General Bacterial Porin with reduced permeability to peptide antibiotics	73.53	gnl|BL_ORD_ID|2775|hsp_num:0	3787			678	1092	polymyxin B; defensin	
k141_2495_1 # 1 # 648 # -1 # ID=3983_1;partial=10;start_type=ATG;rbs_motif=AGGA/GGAG/GAGG;rbs_spacer=11-12bp;gc_cont=0.602	k141_2495	1	648	-	Loose	350	38.5	bcrC	34.75	3003250	protein homolog model	n/a	n/a	peptide antibiotic	antibiotic target alteration	undecaprenyl pyrophosphate related proteins	106.40	gnl|BL_ORD_ID|197|hsp_num:0	215			162	510	bacitracin; bacitracin A; bacitracin B; bacitracin F	
k141_2503_3 # 1952 # 3193 # -1 # ID=3996_3;partial=00;start_type=ATG;rbs_motif=AGxAG;rbs_spacer=5-10bp;gc_cont=0.705	k141_2503	1952	3193	-	Loose	750	82.4	mefC	25.32	3003745	protein homolog model	n/a	n/a	macrolide antibiotic	antibiotic efflux	major facilitator superfamily (MFS) antibiotic efflux pump	101.47	gnl|BL_ORD_ID|2050|hsp_num:0	2262			21	1173		
k141_26168_2 # 420 # 740 # 1 # ID=4000_2;partial=00;start_type=ATG;rbs_motif=TAA;rbs_spacer=12bp;gc_cont=0.340	k141_26168	420	740	+	Loose	200	53.5	YajC	39.71	3005040	protein homolog model	n/a	n/a	fluoroquinolone antibiotic; cephalosporin; glycylcycline; penam; tetracycline antibiotic; oxazolidinone antibiotic; glycopeptide antibiotic; rifamycin antibiotic; phenicol antibiotic; disinfecting agents and antiseptics	antibiotic efflux	resistance-nodulation-cell division (RND) antibiotic efflux pump	94.64	gnl|BL_ORD_ID|2772|hsp_num:0	3783			99	303	vancomycin; tigecycline; tetracycline; linezolid; rifampin; chloramphenicol; ampicillin; cefalotin; triclosan	
k141_34130_2 # 371 # 1141 # 1 # ID=4006_2;partial=00;start_type=TTG;rbs_motif=None;rbs_spacer=None;gc_cont=0.674	k141_34130	371	1141	+	Loose	600	52.4	MSI-1	26.0	3003718	protein homolog model	n/a	n/a	carbapenem	antibiotic inactivation	MSI beta-lactamase	75.07	gnl|BL_ORD_ID|2031|hsp_num:0	2233			414	1011		
k141_10464_2 # 254 # 2053 # -1 # ID=4012_2;partial=00;start_type=GTG;rbs_motif=None;rbs_spacer=None;gc_cont=0.572	k141_10464	254	2053	-	Loose	1500	43.1	rphA	32.95	3000444	protein homolog model	n/a	n/a	rifamycin antibiotic	antibiotic inactivation	rifampin phosphotransferase	69.25	gnl|BL_ORD_ID|891|hsp_num:0	910			2325	2583	rifampin; rifaximin; rifabutin; rifapentine	
k141_57917_3 # 1033 # 1395 # 1 # ID=4014_3;partial=00;start_type=ATG;rbs_motif=GGAG/GAGG;rbs_spacer=5-10bp;gc_cont=0.573	k141_57917	1033	1395	+	Loose	410	86.7	arlR	35.83	3000838	protein homolog model	n/a	n/a	fluoroquinolone antibiotic; disinfecting agents and antiseptics	antibiotic efflux	major facilitator superfamily (MFS) antibiotic efflux pump	54.79	gnl|BL_ORD_ID|1275|hsp_num:0	1390			0	351	ciprofloxacin; acriflavine; norfloxacin	
k141_18367_2 # 434 # 1465 # -1 # ID=4025_2;partial=00;start_type=ATG;rbs_motif=GGAGG;rbs_spacer=5-10bp;gc_cont=0.559	k141_18367	434	1465	-	Loose	900	96.3	basS	27.35	3003583	protein homolog model	n/a	n/a	peptide antibiotic	antibiotic target alteration; antibiotic efflux	pmr phosphoethanolamine transferase	71.91	gnl|BL_ORD_ID|2351|hsp_num:0	249			684	1368	polymyxin B	
k141_18367_3 # 1462 # 1806 # -1 # ID=4025_3;partial=01;start_type=Edge;rbs_motif=None;rbs_spacer=None;gc_cont=0.554	k141_18367	1462	1806	-	Loose	400	55.5	vanR gene in vanF cluster	31.58	3002925	protein homolog model	n/a	n/a	glycopeptide antibiotic	antibiotic target alteration	glycopeptide resistance gene cluster; vanR	49.35	gnl|BL_ORD_ID|299|hsp_num:0	240			411	693	vancomycin	
k141_57923_1 # 2 # 1195 # 1 # ID=4034_1;partial=11;start_type=Edge;rbs_motif=None;rbs_spacer=None;gc_cont=0.360	k141_57923	2	1195	+	Loose	2200	48.9	Bifidobacterium bifidum ileS conferring resistance to mupirocin	40.62	3003730	protein homolog model	n/a	n/a	mupirocin-like antibiotic	antibiotic target alteration	antibiotic-resistant isoleucyl-tRNA synthetase (ileS)	35.95	gnl|BL_ORD_ID|4695|hsp_num:0	2278			204	393	mupirocin	
k141_2527_2 # 864 # 1409 # 1 # ID=4037_2;partial=01;start_type=ATG;rbs_motif=AGGAG;rbs_spacer=5-10bp;gc_cont=0.522	k141_2527	864	1409	+	Loose	600	80.5	oleC	31.33	3003748	protein homolog model	n/a	n/a	macrolide antibiotic	antibiotic efflux	ATP-binding cassette (ABC) antibiotic efflux pump	56.00	gnl|BL_ORD_ID|2051|hsp_num:0	2264			21	471	oleandomycin	
k141_10475_1 # 1 # 213 # -1 # ID=4038_1;partial=10;start_type=ATG;rbs_motif=GGA/GAG/AGG;rbs_spacer=5-10bp;gc_cont=0.676	k141_10475	1	213	-	Loose	290	64.7	golS	52.46	3000504	protein homolog model	n/a	n/a	monobactam; carbapenem; cephalosporin; cephamycin; penam; phenicol antibiotic; penem	antibiotic efflux	resistance-nodulation-cell division (RND) antibiotic efflux pump	46.10	gnl|BL_ORD_ID|36|hsp_num:0	44			6	189	chloramphenicol	
k141_18378_1 # 233 # 1015 # -1 # ID=4041_1;partial=01;start_type=Edge;rbs_motif=None;rbs_spacer=None;gc_cont=0.349	k141_18378	233	1015	-	Loose	700	120.9	vanS gene in vanG cluster	33.95	3002937	protein homolog model	n/a	n/a	glycopeptide antibiotic	antibiotic target alteration	vanS; glycopeptide resistance gene cluster	70.65	gnl|BL_ORD_ID|4732|hsp_num:0	390			429	1065	vancomycin	
k141_34158_1 # 2 # 871 # -1 # ID=4053_1;partial=10;start_type=ATG;rbs_motif=GGAG/GAGG;rbs_spacer=5-10bp;gc_cont=0.667	k141_34158	2	871	-	Loose	1280	109.0	macB	26.5	3000535	protein homolog model	n/a	n/a	macrolide antibiotic	antibiotic efflux	ATP-binding cassette (ABC) antibiotic efflux pump	45.03	gnl|BL_ORD_ID|447|hsp_num:0	487			768	1593	erythromycin	
k141_34158_2 # 871 # 1104 # -1 # ID=4053_2;partial=01;start_type=Edge;rbs_motif=None;rbs_spacer=None;gc_cont=0.662	k141_34158	871	1104	-	Loose	1280	47.8	macB	46.15	3000535	protein homolog model	n/a	n/a	macrolide antibiotic	antibiotic efflux	ATP-binding cassette (ABC) antibiotic efflux pump	11.96	gnl|BL_ORD_ID|447|hsp_num:0	487			519	672	erythromycin	
k141_50012_5 # 2115 # 3098 # 1 # ID=4059_5;partial=00;start_type=ATG;rbs_motif=AGGA;rbs_spacer=5-10bp;gc_cont=0.373	k141_50012	2115	3098	+	Loose	600	171.0	clbA	30.18	3002814	protein homolog model	n/a	n/a	lincosamide antibiotic; streptogramin antibiotic; streptogramin A antibiotic; oxazolidinone antibiotic; phenicol antibiotic; pleuromutilin antibiotic	antibiotic target alteration	Cfr 23S ribosomal RNA methyltransferase	93.70	gnl|BL_ORD_ID|520|hsp_num:0	571			51	1047	lincomycin; clindamycin; azidamfenicol; chloramphenicol; thiamphenicol; virginiamycin M1; tiamulin; madumycin II; griseoviridin; dalfopristin	
k141_50015_1 # 2 # 1501 # 1 # ID=4073_1;partial=10;start_type=Edge;rbs_motif=None;rbs_spacer=None;gc_cont=0.568	k141_50015	2	1501	+	Loose	700	47.8	OmpA	39.34	3005044	protein homolog model	n/a	n/a	peptide antibiotic	reduced permeability to antibiotic	General Bacterial Porin with reduced permeability to peptide antibiotics	133.42	gnl|BL_ORD_ID|2775|hsp_num:0	3787			852	1035	polymyxin B; defensin	
k141_57960_2 # 647 # 1021 # -1 # ID=4083_2;partial=01;start_type=Edge;rbs_motif=None;rbs_spacer=None;gc_cont=0.520	k141_57960	647	1021	-	Loose	500	77.0	RanA	39.02	3005091	protein homolog model	n/a	n/a	aminoglycoside antibiotic	antibiotic efflux	ATP-binding cassette (ABC) antibiotic efflux pump	48.06	gnl|BL_ORD_ID|2809|hsp_num:0	3825			396	642		
k141_50030_4 # 1889 # 2530 # -1 # ID=4096_4;partial=01;start_type=Edge;rbs_motif=None;rbs_spacer=None;gc_cont=0.556	k141_50030	1889	2530	-	Loose	200	70.9	tet(37)	45.21	3002871	protein homolog model	n/a	n/a	tetracycline antibiotic	antibiotic inactivation	tetracycline inactivation enzyme	197.22	gnl|BL_ORD_ID|763|hsp_num:0	774			6	219	tetracycline	
k141_18403_2 # 455 # 1105 # 1 # ID=4097_2;partial=00;start_type=ATG;rbs_motif=AGGA;rbs_spacer=5-10bp;gc_cont=0.668	k141_18403	455	1105	+	Loose	400	51.2	MexL	28.29	3003710	protein homolog model	n/a	n/a	macrolide antibiotic; tetracycline antibiotic; disinfecting agents and antiseptics	antibiotic efflux	resistance-nodulation-cell division (RND) antibiotic efflux pump	101.89	gnl|BL_ORD_ID|4691|hsp_num:0	2219			51	495	erythromycin; tetracycline; triclosan	
k141_50031_5 # 2221 # 2781 # 1 # ID=4103_5;partial=01;start_type=ATG;rbs_motif=None;rbs_spacer=None;gc_cont=0.515	k141_50031	2221	2781	+	Loose	550	38.9	NmcR	25.19	3003665	protein homolog model	n/a	n/a	carbapenem; cephalosporin; cephamycin; penam	antibiotic inactivation	NmcA beta-lactamase	63.39	gnl|BL_ORD_ID|1906|hsp_num:0	2072			48	405	cefoxitin; cefazolin; ampicillin	
k141_2570_1 # 1 # 237 # 1 # ID=4106_1;partial=10;start_type=Edge;rbs_motif=None;rbs_spacer=None;gc_cont=0.709	k141_2570	1	237	+	Loose	470	38.5	sdiA	33.85	3000826	protein homolog model	n/a	n/a	fluoroquinolone antibiotic; cephalosporin; glycylcycline; penam; tetracycline antibiotic; rifamycin antibiotic; phenicol antibiotic; disinfecting agents and antiseptics	antibiotic efflux	resistance-nodulation-cell division (RND) antibiotic efflux pump	32.50	gnl|BL_ORD_ID|208|hsp_num:0	228			525	720	tigecycline; tetracycline; rifampin; chloramphenicol; ampicillin; cefalotin; triclosan	
k141_50038_1 # 2 # 1693 # -1 # ID=4114_1;partial=10;start_type=ATG;rbs_motif=GGAG/GAGG;rbs_spacer=5-10bp;gc_cont=0.622	k141_50038	2	1693	-	Loose	2000	181.4	oqxB	26.8	3003923	protein homolog model	n/a	n/a	fluoroquinolone antibiotic; glycylcycline; tetracycline antibiotic; diaminopyrimidine antibiotic; nitrofuran antibiotic	antibiotic efflux	resistance-nodulation-cell division (RND) antibiotic efflux pump	53.71	gnl|BL_ORD_ID|2153|hsp_num:0	2400			54	1719	tigecycline; ciprofloxacin; nitrofurantoin; trimethoprim	
k141_50038_2 # 1710 # 2333 # -1 # ID=4114_2;partial=01;start_type=Edge;rbs_motif=None;rbs_spacer=None;gc_cont=0.603	k141_50038	1710	2333	-	Loose	650	71.6	MexV	26.5	3003030	protein homolog model	n/a	n/a	macrolide antibiotic; fluoroquinolone antibiotic; tetracycline antibiotic; phenicol antibiotic; disinfecting agents and antiseptics	antibiotic efflux	resistance-nodulation-cell division (RND) antibiotic efflux pump	55.05	gnl|BL_ORD_ID|2018|hsp_num:0	2207			501	1095	erythromycin; acriflavine; tetracycline; chloramphenicol	
k141_42123_1 # 57 # 1196 # -1 # ID=4121_1;partial=00;start_type=ATG;rbs_motif=None;rbs_spacer=None;gc_cont=0.652	k141_42123	57	1196	-	Loose	550	41.2	Nocardia farcinica rox	28.65	3007210	protein homolog model	n/a	n/a	rifamycin antibiotic	antibiotic inactivation	rifampin monooxygenase	80.13	gnl|BL_ORD_ID|4835|hsp_num:0	5821			441	885	rifampin	
k141_57991_3 # 1549 # 2106 # -1 # ID=4138_3;partial=01;start_type=Edge;rbs_motif=None;rbs_spacer=None;gc_cont=0.638	k141_57991	1549	2106	-	Loose	1900	181.0	MexW	64.29	3003031	protein homolog model	n/a	n/a	macrolide antibiotic; fluoroquinolone antibiotic; tetracycline antibiotic; phenicol antibiotic; disinfecting agents and antiseptics	antibiotic efflux	resistance-nodulation-cell division (RND) antibiotic efflux pump	18.17	gnl|BL_ORD_ID|2019|hsp_num:0	2208			2541	3045	erythromycin; acriflavine; tetracycline; chloramphenicol	
k141_34195_3 # 1907 # 2881 # -1 # ID=4145_3;partial=00;start_type=ATG;rbs_motif=GGA/GAG/AGG;rbs_spacer=5-10bp;gc_cont=0.552	k141_34195	1907	2881	-	Loose	650	170.6	D-Ala-D-Ala ligase	37.4	3003970	protein variant model	P313L	n/a	glycopeptide antibiotic	antibiotic target alteration	Van ligase	92.31	gnl|BL_ORD_ID|2197|hsp_num:0	2436			258	1029	vancomycin	
k141_50075_2 # 871 # 1506 # 1 # ID=4168_2;partial=00;start_type=ATG;rbs_motif=AGGAG;rbs_spacer=5-10bp;gc_cont=0.693	k141_50075	871	1506	+	Loose	390	75.1	evgA	26.18	3000832	protein homolog model	n/a	n/a	macrolide antibiotic; fluoroquinolone antibiotic; penam; tetracycline antibiotic	antibiotic efflux	major facilitator superfamily (MFS) antibiotic efflux pump; resistance-nodulation-cell division (RND) antibiotic efflux pump	103.43	gnl|BL_ORD_ID|937|hsp_num:0	1015			9	570	erythromycin; cloxacillin; tetracycline; oxacillin; norfloxacin	
k141_58012_2 # 231 # 1196 # -1 # ID=4170_2;partial=01;start_type=Edge;rbs_motif=None;rbs_spacer=None;gc_cont=0.646	k141_58012	231	1196	-	Loose	730	40.4	farA	30.88	3003961	protein homolog model	n/a	n/a	antibacterial free fatty acids	antibiotic efflux	major facilitator superfamily (MFS) antibiotic efflux pump	83.59	gnl|BL_ORD_ID|2190|hsp_num:0	2428			507	876	palmitic acid; oleic acid; linoleic acid	
k141_42161_1 # 3 # 740 # -1 # ID=4175_1;partial=10;start_type=ATG;rbs_motif=AAA;rbs_spacer=4bp;gc_cont=0.373	k141_42161	3	740	-	Loose	1200	144.4	TaeA	34.71	3003986	protein homolog model	n/a	n/a	pleuromutilin antibiotic	antibiotic efflux	ATP-binding cassette (ABC) antibiotic efflux pump	37.96	gnl|BL_ORD_ID|2231|hsp_num:0	2522			6	723	pleuromutilin	
k141_10572_1 # 1 # 600 # 1 # ID=4177_1;partial=10;start_type=Edge;rbs_motif=None;rbs_spacer=None;gc_cont=0.668	k141_10572	1	600	+	Loose	650	63.2	tetA(58)	34.82	3003980	protein homolog model	n/a	n/a	tetracycline antibiotic	antibiotic efflux	major facilitator superfamily (MFS) antibiotic efflux pump	58.02	gnl|BL_ORD_ID|2244|hsp_num:0	2517			381	705	tetracycline	
k141_10572_2 # 597 # 1316 # 1 # ID=4177_2;partial=01;start_type=ATG;rbs_motif=GGA/GAG/AGG;rbs_spacer=5-10bp;gc_cont=0.658	k141_10572	597	1316	+	Loose	500	102.4	RanA	30.43	3005091	protein homolog model	n/a	n/a	aminoglycoside antibiotic	antibiotic efflux	ATP-binding cassette (ABC) antibiotic efflux pump	93.02	gnl|BL_ORD_ID|2809|hsp_num:0	3825			21	624		
k141_34209_2 # 868 # 2088 # 1 # ID=4183_2;partial=00;start_type=ATG;rbs_motif=GGA/GAG/AGG;rbs_spacer=5-10bp;gc_cont=0.667	k141_34209	868	2088	+	Loose	650	57.4	mexM	23.75	3003704	protein homolog model	n/a	n/a	phenicol antibiotic	antibiotic efflux	resistance-nodulation-cell division (RND) antibiotic efflux pump	105.45	gnl|BL_ORD_ID|2021|hsp_num:0	2216			0	1116	chloramphenicol; thiamphenicol	
k141_34209_5 # 4239 # 5003 # -1 # ID=4183_5;partial=00;start_type=ATG;rbs_motif=GGA/GAG/AGG;rbs_spacer=5-10bp;gc_cont=0.617	k141_34209	4239	5003	-	Loose	750	106.7	patA	32.05	3000024	protein homolog model	n/a	n/a	fluoroquinolone antibiotic	antibiotic efflux	ATP-binding cassette (ABC) antibiotic efflux pump	45.04	gnl|BL_ORD_ID|1908|hsp_num:0	2081			987	1680	ciprofloxacin; norfloxacin	
k141_42170_1 # 3 # 965 # -1 # ID=4186_1;partial=10;start_type=ATG;rbs_motif=None;rbs_spacer=None;gc_cont=0.673	k141_42170	3	965	-	Loose	760	85.1	macA	29.3	3000533	protein homolog model	n/a	n/a	macrolide antibiotic	antibiotic efflux	ATP-binding cassette (ABC) antibiotic efflux pump	81.89	gnl|BL_ORD_ID|1547|hsp_num:0	1680			18	792	erythromycin	
k141_42170_2 # 1046 # 2452 # -1 # ID=4186_2;partial=01;start_type=Edge;rbs_motif=None;rbs_spacer=None;gc_cont=0.688	k141_42170	1046	2452	-	Loose	800	189.1	OprN	35.92	3000805	protein homolog model	n/a	n/a	fluoroquinolone antibiotic; diaminopyrimidine antibiotic; phenicol antibiotic	antibiotic efflux	resistance-nodulation-cell division (RND) antibiotic efflux pump	99.15	gnl|BL_ORD_ID|294|hsp_num:0	172			174	1407	ciprofloxacin; trimethoprim; chloramphenicol; norfloxacin	
k141_26270_2 # 1616 # 3004 # 1 # ID=4195_2;partial=00;start_type=ATG;rbs_motif=None;rbs_spacer=None;gc_cont=0.643	k141_26270	1616	3004	+	Loose	900	183.3	PmpM	31.31	3004077	protein homolog model	n/a	n/a	fluoroquinolone antibiotic; aminoglycoside antibiotic; disinfecting agents and antiseptics	antibiotic efflux	multidrug and toxic compound extrusion (MATE) transporter	96.86	gnl|BL_ORD_ID|2379|hsp_num:0	2734			45	1368	neomycin; benzalkonium chloride; chlorhexidine	
k141_26270_3 # 2996 # 3697 # -1 # ID=4195_3;partial=01;start_type=Edge;rbs_motif=None;rbs_spacer=None;gc_cont=0.641	k141_26270	2996	3697	-	Loose	910	109.0	smeS	34.5	3003067	protein homolog model	n/a	n/a	aminoglycoside antibiotic; cephalosporin; cephamycin; penam	antibiotic efflux	resistance-nodulation-cell division (RND) antibiotic efflux pump	49.89	gnl|BL_ORD_ID|313|hsp_num:0	342			744	1392		
k141_34220_1 # 3 # 1424 # -1 # ID=4198_1;partial=10;start_type=ATG;rbs_motif=GGAG/GAGG;rbs_spacer=5-10bp;gc_cont=0.544	k141_34220	3	1424	-	Loose	650	119.4	tetA(58)	32.31	3003980	protein homolog model	n/a	n/a	tetracycline antibiotic	antibiotic efflux	major facilitator superfamily (MFS) antibiotic efflux pump	138.19	gnl|BL_ORD_ID|2244|hsp_num:0	2517			48	705	tetracycline	
k141_50096_2 # 828 # 1394 # 1 # ID=4199_2;partial=01;start_type=ATG;rbs_motif=None;rbs_spacer=None;gc_cont=0.561	k141_50096	828	1394	+	Loose	550	48.9	NmcR	36.45	3003665	protein homolog model	n/a	n/a	carbapenem; cephalosporin; cephamycin; penam	antibiotic inactivation	NmcA beta-lactamase	64.07	gnl|BL_ORD_ID|1906|hsp_num:0	2072			39	348	cefoxitin; cefazolin; ampicillin	
k141_58038_3 # 1175 # 1639 # -1 # ID=4208_3;partial=00;start_type=ATG;rbs_motif=GGA/GAG/AGG;rbs_spacer=5-10bp;gc_cont=0.695	k141_58038	1175	1639	-	Loose	290	75.5	golS	37.12	3000504	protein homolog model	n/a	n/a	monobactam; carbapenem; cephalosporin; cephamycin; penam; phenicol antibiotic; penem	antibiotic efflux	resistance-nodulation-cell division (RND) antibiotic efflux pump	100.00	gnl|BL_ORD_ID|36|hsp_num:0	44			6	402	chloramphenicol	
k141_42188_1 # 137 # 826 # -1 # ID=4209_1;partial=00;start_type=ATG;rbs_motif=AAAA;rbs_spacer=4bp;gc_cont=0.383	k141_42188	137	826	-	Loose	1280	203.8	macB	44.8	3000535	protein homolog model	n/a	n/a	macrolide antibiotic	antibiotic efflux	ATP-binding cassette (ABC) antibiotic efflux pump	35.56	gnl|BL_ORD_ID|447|hsp_num:0	487			6	669	erythromycin	
k141_26281_1 # 1 # 1350 # 1 # ID=4211_1;partial=11;start_type=Edge;rbs_motif=None;rbs_spacer=None;gc_cont=0.679	k141_26281	1	1350	+	Loose	2300	100.5	evgS	32.26	3000833	protein homolog model	n/a	n/a	macrolide antibiotic; fluoroquinolone antibiotic; penam; tetracycline antibiotic	antibiotic efflux	major facilitator superfamily (MFS) antibiotic efflux pump; resistance-nodulation-cell division (RND) antibiotic efflux pump	37.59	gnl|BL_ORD_ID|1215|hsp_num:0	1318			2223	2868	erythromycin; cloxacillin; tetracycline; oxacillin; norfloxacin	
k141_10598_1 # 3 # 914 # 1 # ID=4216_1;partial=10;start_type=Edge;rbs_motif=None;rbs_spacer=None;gc_cont=0.320	k141_10598	3	914	+	Loose	880	81.3	arlS	24.68	3000839	protein homolog model	n/a	n/a	fluoroquinolone antibiotic; disinfecting agents and antiseptics	antibiotic efflux	major facilitator superfamily (MFS) antibiotic efflux pump	67.18	gnl|BL_ORD_ID|166|hsp_num:0	182			651	1347	ciprofloxacin; acriflavine; norfloxacin	
k141_10598_2 # 965 # 1651 # 1 # ID=4216_2;partial=00;start_type=ATG;rbs_motif=AAAA;rbs_spacer=12bp;gc_cont=0.319	k141_10598	965	1651	+	Loose	410	124.0	arlR	34.09	3000838	protein homolog model	n/a	n/a	fluoroquinolone antibiotic; disinfecting agents and antiseptics	antibiotic efflux	major facilitator superfamily (MFS) antibiotic efflux pump	104.11	gnl|BL_ORD_ID|1275|hsp_num:0	1390			6	648	ciprofloxacin; acriflavine; norfloxacin	
k141_34229_2 # 943 # 1335 # -1 # ID=4217_2;partial=01;start_type=Edge;rbs_motif=None;rbs_spacer=None;gc_cont=0.634	k141_34229	943	1335	-	Loose	1280	62.0	macB	34.65	3000535	protein homolog model	n/a	n/a	macrolide antibiotic	antibiotic efflux	ATP-binding cassette (ABC) antibiotic efflux pump	20.19	gnl|BL_ORD_ID|447|hsp_num:0	487			366	663	erythromycin	
k141_50109_1 # 3 # 548 # 1 # ID=4220_1;partial=10;start_type=Edge;rbs_motif=None;rbs_spacer=None;gc_cont=0.357	k141_50109	3	548	+	Loose	600	350.9	CfxA6	98.9	3003097	protein homolog model	n/a	n/a	cephamycin	antibiotic inactivation	CfxA beta-lactamase	54.68	gnl|BL_ORD_ID|241|hsp_num:0	268			450	993		
k141_26285_1 # 1 # 1146 # 1 # ID=4222_1;partial=10;start_type=Edge;rbs_motif=None;rbs_spacer=None;gc_cont=0.582	k141_26285	1	1146	+	Loose	1280	53.5	macB	27.84	3000535	protein homolog model	n/a	n/a	macrolide antibiotic	antibiotic efflux	ATP-binding cassette (ABC) antibiotic efflux pump	59.16	gnl|BL_ORD_ID|447|hsp_num:0	487			1398	1923	erythromycin	
k141_26285_2 # 1139 # 1852 # 1 # ID=4222_2;partial=00;start_type=ATG;rbs_motif=AGxAG;rbs_spacer=5-10bp;gc_cont=0.595	k141_26285	1139	1852	+	Loose	1280	157.9	macB	40.1	3000535	protein homolog model	n/a	n/a	macrolide antibiotic	antibiotic efflux	ATP-binding cassette (ABC) antibiotic efflux pump	36.80	gnl|BL_ORD_ID|447|hsp_num:0	487			57	672	erythromycin	
k141_18500_2 # 553 # 1218 # -1 # ID=4224_2;partial=01;start_type=Edge;rbs_motif=None;rbs_spacer=None;gc_cont=0.467	k141_18500	553	1218	-	Loose	900	77.8	TolC	36.44	3000237	protein homolog model	n/a	n/a	macrolide antibiotic; fluoroquinolone antibiotic; aminoglycoside antibiotic; carbapenem; cephalosporin; glycylcycline; cephamycin; penam; tetracycline antibiotic; peptide antibiotic; aminocoumarin antibiotic; rifamycin antibiotic; phenicol antibiotic; penem; disinfecting agents and antiseptics	antibiotic efflux	ATP-binding cassette (ABC) antibiotic efflux pump; major facilitator superfamily (MFS) antibiotic efflux pump; resistance-nodulation-cell division (RND) antibiotic efflux pump	44.65	gnl|BL_ORD_ID|4677|hsp_num:0	826			1062	1392	erythromycin; cloxacillin; gentamicin C; tigecycline; ciprofloxacin; spectinomycin; streptomycin; tetracycline; tobramycin; oxacillin; ceftazidime; ertapenem; piperacillin; novobiocin; azithromycin; rifampin; imipenem; chloramphenicol; polymyxin B; polymyxin B1; polymyxin B2; polymyxin B3; polymyxin B4; ampicillin; nalidixic acid; norfloxacin; cefalotin; triclosan; ticarcillin; gentamicin	
k141_42191_3 # 1428 # 2159 # 1 # ID=4226_3;partial=00;start_type=ATG;rbs_motif=GGA/GAG/AGG;rbs_spacer=5-10bp;gc_cont=0.656	k141_42191	1428	2159	+	Loose	400	178.7	Pseudomonas aeruginosa CpxR	42.79	3004054	protein homolog model	n/a	n/a	macrolide antibiotic; fluoroquinolone antibiotic; monobactam; aminoglycoside antibiotic; carbapenem; cephalosporin; cephamycin; penam; tetracycline antibiotic; peptide antibiotic; aminocoumarin antibiotic; diaminopyrimidine antibiotic; sulfonamide antibiotic; phenicol antibiotic; penem	antibiotic efflux	resistance-nodulation-cell division (RND) antibiotic efflux pump	108.00	gnl|BL_ORD_ID|2301|hsp_num:0	2685			6	669	erythromycin; ciprofloxacin; tetracycline; ceftazidime; ceftriaxone; meropenem; novobiocin; azithromycin; trimethoprim; sulfamethoxazole; chloramphenicol; aztreonam; colistin A; colistin B; ampicillin; panipenem; trimethoprim-sulfamethoxazole	
k141_42191_4 # 2165 # 3697 # 1 # ID=4226_4;partial=00;start_type=ATG;rbs_motif=GGA/GAG/AGG;rbs_spacer=5-10bp;gc_cont=0.667	k141_42191	2165	3697	+	Loose	850	106.7	baeS	30.98	3000829	protein homolog model	n/a	n/a	aminoglycoside antibiotic; aminocoumarin antibiotic	antibiotic efflux	resistance-nodulation-cell division (RND) antibiotic efflux pump	109.21	gnl|BL_ORD_ID|914|hsp_num:0	986			501	1371	novobiocin	
k141_42213_1 # 14 # 712 # 1 # ID=4260_1;partial=00;start_type=ATG;rbs_motif=GGAG/GAGG;rbs_spacer=5-10bp;gc_cont=0.478	k141_42213	14	712	+	Loose	700	94.4	OmpA	40.0	3005044	protein homolog model	n/a	n/a	peptide antibiotic	reduced permeability to antibiotic	General Bacterial Porin with reduced permeability to peptide antibiotics	62.03	gnl|BL_ORD_ID|2775|hsp_num:0	3787			693	1092	polymyxin B; defensin	
k141_42213_3 # 2042 # 2782 # 1 # ID=4260_3;partial=01;start_type=ATG;rbs_motif=GGAG/GAGG;rbs_spacer=5-10bp;gc_cont=0.468	k141_42213	2042	2782	+	Loose	600	78.6	Burkholderia pseudomallei Omp38	33.2	3004123	protein homolog model	n/a	n/a	monobactam; carbapenem; cephalosporin; cephamycin; penam; penem	reduced permeability to antibiotic	General Bacterial Porin with reduced permeability to beta-lactams	66.04	gnl|BL_ORD_ID|2403|hsp_num:0	2786			0	723	cefoxitin; ceftazidime; imipenem; benzylpenicillin	
k141_2684_1 # 2 # 1792 # 1 # ID=4263_1;partial=11;start_type=Edge;rbs_motif=None;rbs_spacer=None;gc_cont=0.624	k141_2684	2	1792	+	Loose	890	89.7	cpxA	28.44	3000830	protein homolog model	n/a	n/a	aminoglycoside antibiotic; aminocoumarin antibiotic	antibiotic efflux	resistance-nodulation-cell division (RND) antibiotic efflux pump	130.63	gnl|BL_ORD_ID|132|hsp_num:0	152			684	1320	novobiocin	
k141_50133_1 # 1 # 801 # -1 # ID=4264_1;partial=10;start_type=ATG;rbs_motif=GGA/GAG/AGG;rbs_spacer=11-12bp;gc_cont=0.683	k141_50133	1	801	-	Loose	200	77.8	vanH gene in vanF cluster	31.18	3002945	protein homolog model	n/a	n/a	glycopeptide antibiotic	antibiotic target alteration	vanH; glycopeptide resistance gene cluster	82.92	gnl|BL_ORD_ID|1653|hsp_num:0	1790			240	780	vancomycin	
k141_50133_2 # 829 # 1158 # -1 # ID=4264_2;partial=01;start_type=Edge;rbs_motif=None;rbs_spacer=None;gc_cont=0.673	k141_50133	829	1158	-	Loose	1190	126.3	novA	59.26	3002522	protein homolog model	n/a	n/a	aminocoumarin antibiotic	antibiotic efflux	ATP-binding cassette (ABC) antibiotic efflux pump	17.72	gnl|BL_ORD_ID|1113|hsp_num:0	1210			1482	1797	novobiocin	
k141_26313_1 # 2 # 619 # -1 # ID=4268_1;partial=10;start_type=ATG;rbs_motif=None;rbs_spacer=None;gc_cont=0.663	k141_26313	2	619	-	Loose	1300	51.2	mecB	28.57	3003440	protein homolog model	n/a	n/a	penam	antibiotic target replacement	methicillin resistant PBP2	30.56	gnl|BL_ORD_ID|1460|hsp_num:0	1595			408	786	methicillin	
k141_58077_2 # 298 # 1467 # 1 # ID=4272_2;partial=01;start_type=ATG;rbs_motif=GGA/GAG/AGG;rbs_spacer=5-10bp;gc_cont=0.646	k141_58077	298	1467	+	Loose	1800	182.2	mdtC	29.41	3000794	protein homolog model	n/a	n/a	aminocoumarin antibiotic	antibiotic efflux	resistance-nodulation-cell division (RND) antibiotic efflux pump	38.05	gnl|BL_ORD_ID|1213|hsp_num:0	1315			0	1116	novobiocin	
k141_2690_3 # 1620 # 2642 # 1 # ID=4274_3;partial=00;start_type=ATG;rbs_motif=TAA;rbs_spacer=13bp;gc_cont=0.329	k141_2690	1620	2642	+	Loose	1080	39.3	rosB	24.72	3003049	protein homolog model	n/a	n/a	peptide antibiotic	antibiotic efflux	major facilitator superfamily (MFS) antibiotic efflux pump	60.39	gnl|BL_ORD_ID|467|hsp_num:0	507			1395	1662	polymyxin B; polymyxin B1; polymyxin B2; polymyxin B3; polymyxin B4	
k141_2700_1 # 1 # 438 # 1 # ID=4285_1;partial=10;start_type=Edge;rbs_motif=None;rbs_spacer=None;gc_cont=0.555	k141_2700	1	438	+	Loose	650	82.0	D-Ala-D-Ala ligase	33.57	3003970	protein variant model	P313L	n/a	glycopeptide antibiotic	antibiotic target alteration	Van ligase	41.31	gnl|BL_ORD_ID|2197|hsp_num:0	2436			615	1029	vancomycin	
k141_10645_3 # 692 # 2401 # 1 # ID=4298_3;partial=00;start_type=TTG;rbs_motif=None;rbs_spacer=None;gc_cont=0.641	k141_10645	692	2401	+	Loose	900	54.3	basS	28.76	3003583	protein homolog model	n/a	n/a	peptide antibiotic	antibiotic target alteration; antibiotic efflux	pmr phosphoethanolamine transferase	119.29	gnl|BL_ORD_ID|2351|hsp_num:0	249			666	1314	polymyxin B	
k141_10645_4 # 2407 # 3945 # 1 # ID=4298_4;partial=00;start_type=ATG;rbs_motif=GGA/GAG/AGG;rbs_spacer=3-4bp;gc_cont=0.641	k141_10645	2407	3945	+	Loose	400	185.3	TxR	39.75	3005008	protein homolog model	n/a	n/a	tetracycline antibiotic	antibiotic efflux	ATP-binding cassette (ABC) antibiotic efflux pump	161.01	gnl|BL_ORD_ID|4725|hsp_num:0	3753			66	774	tetracycline	
k141_18546_1 # 2 # 772 # 1 # ID=4301_1;partial=10;start_type=Edge;rbs_motif=None;rbs_spacer=None;gc_cont=0.318	k141_18546	2	772	+	Loose	880	73.9	arlS	26.85	3000839	protein homolog model	n/a	n/a	fluoroquinolone antibiotic; disinfecting agents and antiseptics	antibiotic efflux	major facilitator superfamily (MFS) antibiotic efflux pump	56.76	gnl|BL_ORD_ID|166|hsp_num:0	182			627	1350	ciprofloxacin; acriflavine; norfloxacin	
k141_2709_1 # 3 # 1208 # 1 # ID=4302_1;partial=10;start_type=Edge;rbs_motif=None;rbs_spacer=None;gc_cont=0.378	k141_2709	3	1208	+	Loose	1280	120.9	macB	27.0	3000535	protein homolog model	n/a	n/a	macrolide antibiotic	antibiotic efflux	ATP-binding cassette (ABC) antibiotic efflux pump	62.27	gnl|BL_ORD_ID|447|hsp_num:0	487			780	1923	erythromycin	
k141_18551_1 # 2 # 361 # 1 # ID=4311_1;partial=10;start_type=Edge;rbs_motif=None;rbs_spacer=None;gc_cont=0.689	k141_18551	2	361	+	Loose	650	56.6	tetA(58)	35.71	3003980	protein homolog model	n/a	n/a	tetracycline antibiotic	antibiotic efflux	major facilitator superfamily (MFS) antibiotic efflux pump	34.69	gnl|BL_ORD_ID|2244|hsp_num:0	2517			411	705	tetracycline	
k141_34291_2 # 783 # 1532 # 1 # ID=4314_2;partial=00;start_type=ATG;rbs_motif=GGAG/GAGG;rbs_spacer=5-10bp;gc_cont=0.501	k141_34291	783	1532	+	Loose	525	48.1	DHT2-1	24.07	3006872	protein homolog model	n/a	n/a	carbapenem	antibiotic inactivation	DHT2 beta-lactamase	82.45	gnl|BL_ORD_ID|3516|hsp_num:0	4584			150	783		
k141_42257_3 # 1540 # 2895 # -1 # ID=4336_3;partial=00;start_type=ATG;rbs_motif=None;rbs_spacer=None;gc_cont=0.564	k141_42257	1540	2895	-	Loose	850	151.4	OpmH	29.49	3003682	protein homolog model	n/a	n/a	disinfecting agents and antiseptics	antibiotic efflux	resistance-nodulation-cell division (RND) antibiotic efflux pump	93.57	gnl|BL_ORD_ID|2006|hsp_num:0	2195			57	1377	triclosan	
k141_42257_4 # 2926 # 3612 # -1 # ID=4336_4;partial=00;start_type=ATG;rbs_motif=GGAG/GAGG;rbs_spacer=5-10bp;gc_cont=0.550	k141_42257	2926	3612	-	Loose	400	40.4	ErmB	28.79	3000375	protein homolog model	n/a	n/a	macrolide antibiotic; lincosamide antibiotic; streptogramin antibiotic; streptogramin A antibiotic; streptogramin B antibiotic	antibiotic target alteration	Erm 23S ribosomal RNA methyltransferase	91.94	gnl|BL_ORD_ID|1425|hsp_num:0	1549			15	213	erythromycin; roxithromycin; lincomycin; telithromycin; clarithromycin; clindamycin; tylosin; spiramycin; azithromycin; dirithromycin; pristinamycin IA; quinupristin; virginiamycin M1; madumycin II; griseoviridin; dalfopristin; pristinamycin IB; virginiamycin S2; pristinamycin IC; vernamycin C; patricin A; patricin B; ostreogrycin B3; oleandomycin	
k141_42257_5 # 3667 # 5925 # -1 # ID=4336_5;partial=01;start_type=Edge;rbs_motif=None;rbs_spacer=None;gc_cont=0.541	k141_42257	3667	5925	-	Loose	1900	344.0	MuxC	32.57	3004075	protein homolog model	n/a	n/a	macrolide antibiotic; monobactam; tetracycline antibiotic; aminocoumarin antibiotic	antibiotic efflux	resistance-nodulation-cell division (RND) antibiotic efflux pump	72.59	gnl|BL_ORD_ID|2368|hsp_num:0	2720			873	3057	erythromycin; tetracycline; novobiocin; aztreonam; kitasamycin; rokitamycin	
k141_58129_3 # 746 # 1264 # -1 # ID=4344_3;partial=01;start_type=Edge;rbs_motif=None;rbs_spacer=None;gc_cont=0.642	k141_58129	746	1264	-	Loose	800	53.5	ParS	35.24	3005067	protein homolog model	n/a	n/a	macrolide antibiotic; fluoroquinolone antibiotic; monobactam; aminoglycoside antibiotic; carbapenem; cephalosporin; cephamycin; penam; tetracycline antibiotic; phenicol antibiotic; penem; disinfecting agents and antiseptics	antibiotic efflux; reduced permeability to antibiotic	resistance-nodulation-cell division (RND) antibiotic efflux pump; Outer Membrane Porin (Opr)	40.19	gnl|BL_ORD_ID|2791|hsp_num:0	3805			966	1281	erythromycin; amikacin; gentamicin C; ciprofloxacin; acriflavine; tetracycline; tobramycin; meropenem; imipenem; chloramphenicol; norfloxacin; ofloxacin; gentamicin	
k141_2736_1 # 3 # 290 # 1 # ID=4345_1;partial=10;start_type=Edge;rbs_motif=None;rbs_spacer=None;gc_cont=0.688	k141_2736	3	290	+	Loose	2300	50.8	evgS	33.33	3000833	protein homolog model	n/a	n/a	macrolide antibiotic; fluoroquinolone antibiotic; penam; tetracycline antibiotic	antibiotic efflux	major facilitator superfamily (MFS) antibiotic efflux pump; resistance-nodulation-cell division (RND) antibiotic efflux pump	7.94	gnl|BL_ORD_ID|1215|hsp_num:0	1318			2574	2808	erythromycin; cloxacillin; tetracycline; oxacillin; norfloxacin	
k141_2736_2 # 287 # 973 # 1 # ID=4345_2;partial=00;start_type=ATG;rbs_motif=None;rbs_spacer=None;gc_cont=0.681	k141_2736	287	973	+	Loose	400	48.5	vanR gene in vanL cluster	24.0	3002927	protein homolog model	n/a	n/a	glycopeptide antibiotic	antibiotic target alteration	glycopeptide resistance gene cluster; vanR	98.70	gnl|BL_ORD_ID|456|hsp_num:0	409			18	390	vancomycin	
k141_18577_1 # 2 # 439 # -1 # ID=4347_1;partial=10;start_type=ATG;rbs_motif=None;rbs_spacer=None;gc_cont=0.578	k141_18577	2	439	-	Loose	850	70.1	abeM	39.53	3000753	protein homolog model	n/a	n/a	fluoroquinolone antibiotic; disinfecting agents and antiseptics	antibiotic efflux	multidrug and toxic compound extrusion (MATE) transporter	32.59	gnl|BL_ORD_ID|1255|hsp_num:0	1368			51	309	ciprofloxacin; acriflavine; norfloxacin; ofloxacin; triclosan	
k141_26369_1 # 1 # 576 # -1 # ID=4352_1;partial=10;start_type=ATG;rbs_motif=None;rbs_spacer=None;gc_cont=0.620	k141_26369	1	576	-	Loose	650	101.7	tetA(58)	36.16	3003980	protein homolog model	n/a	n/a	tetracycline antibiotic	antibiotic efflux	major facilitator superfamily (MFS) antibiotic efflux pump	55.98	gnl|BL_ORD_ID|2244|hsp_num:0	2517			42	537	tetracycline	
k141_42270_1 # 1 # 1017 # -1 # ID=4357_1;partial=11;start_type=Edge;rbs_motif=None;rbs_spacer=None;gc_cont=0.504	k141_42270	1	1017	-	Loose	900	130.2	basS	28.62	3003583	protein homolog model	n/a	n/a	peptide antibiotic	antibiotic target alteration; antibiotic efflux	pmr phosphoethanolamine transferase	71.07	gnl|BL_ORD_ID|2351|hsp_num:0	249			330	1296	polymyxin B	
k141_58137_2 # 337 # 1086 # -1 # ID=4364_2;partial=01;start_type=Edge;rbs_motif=None;rbs_spacer=None;gc_cont=0.717	k141_58137	337	1086	-	Loose	400	159.8	Pseudomonas aeruginosa CpxR	38.98	3004054	protein homolog model	n/a	n/a	macrolide antibiotic; fluoroquinolone antibiotic; monobactam; aminoglycoside antibiotic; carbapenem; cephalosporin; cephamycin; penam; tetracycline antibiotic; peptide antibiotic; aminocoumarin antibiotic; diaminopyrimidine antibiotic; sulfonamide antibiotic; phenicol antibiotic; penem	antibiotic efflux	resistance-nodulation-cell division (RND) antibiotic efflux pump	110.67	gnl|BL_ORD_ID|2301|hsp_num:0	2685			3	669	erythromycin; ciprofloxacin; tetracycline; ceftazidime; ceftriaxone; meropenem; novobiocin; azithromycin; trimethoprim; sulfamethoxazole; chloramphenicol; aztreonam; colistin A; colistin B; ampicillin; panipenem; trimethoprim-sulfamethoxazole	
k141_10684_2 # 270 # 794 # -1 # ID=4366_2;partial=00;start_type=ATG;rbs_motif=AGGA;rbs_spacer=5-10bp;gc_cont=0.530	k141_10684	270	794	-	Loose	700	39.3	OmpA	33.72	3005044	protein homolog model	n/a	n/a	peptide antibiotic	reduced permeability to antibiotic	General Bacterial Porin with reduced permeability to peptide antibiotics	46.52	gnl|BL_ORD_ID|2775|hsp_num:0	3787			744	999	polymyxin B; defensin	
k141_26378_1 # 1 # 837 # -1 # ID=4371_1;partial=10;start_type=ATG;rbs_motif=GGxGG;rbs_spacer=5-10bp;gc_cont=0.674	k141_26378	1	837	-	Loose	700	139.4	Acinetobacter baumannii AbaF	33.72	3004573	protein homolog model	n/a	n/a	phosphonic acid antibiotic	antibiotic efflux	major facilitator superfamily (MFS) antibiotic efflux pump	65.03	gnl|BL_ORD_ID|2717|hsp_num:0	3277			18	792	fosfomycin	
k141_58143_2 # 181 # 1629 # 1 # ID=4377_2;partial=01;start_type=ATG;rbs_motif=None;rbs_spacer=None;gc_cont=0.618	k141_58143	181	1629	+	Loose	1300	247.7	optrA	32.64	3003746	protein homolog model	n/a	n/a	oxazolidinone antibiotic; phenicol antibiotic	antibiotic target protection	Miscellaneous ABC-F subfamily ATP-binding cassette ribosomal protection proteins	73.74	gnl|BL_ORD_ID|2070|hsp_num:0	2263			99	1503	linezolid; chloramphenicol; florfenicol; tedizolid	
k141_26383_1 # 2 # 724 # -1 # ID=4380_1;partial=10;start_type=ATG;rbs_motif=AATAA;rbs_spacer=15bp;gc_cont=0.344	k141_26383	2	724	-	Loose	670	91.7	oqxA	29.18	3003922	protein homolog model	n/a	n/a	fluoroquinolone antibiotic; glycylcycline; tetracycline antibiotic; diaminopyrimidine antibiotic; nitrofuran antibiotic	antibiotic efflux	resistance-nodulation-cell division (RND) antibiotic efflux pump	61.64	gnl|BL_ORD_ID|2152|hsp_num:0	2399			42	810	tigecycline; ciprofloxacin; nitrofurantoin; trimethoprim	
k141_2755_1 # 3 # 440 # 1 # ID=4381_1;partial=10;start_type=Edge;rbs_motif=None;rbs_spacer=None;gc_cont=0.705	k141_2755	3	440	+	Loose	700	63.5	OmpA	36.44	3005044	protein homolog model	n/a	n/a	peptide antibiotic	reduced permeability to antibiotic	General Bacterial Porin with reduced permeability to peptide antibiotics	38.77	gnl|BL_ORD_ID|2775|hsp_num:0	3787			732	1080	polymyxin B; defensin	
k141_50220_1 # 1 # 228 # -1 # ID=4384_1;partial=10;start_type=ATG;rbs_motif=AGGAG;rbs_spacer=5-10bp;gc_cont=0.531	k141_50220	1	228	-	Loose	900	55.8	tet(O/W/32/O)	38.24	3007122	protein homolog model	n/a	n/a	tetracycline antibiotic	antibiotic target protection	tetracycline-resistant ribosomal protection protein	11.89	gnl|BL_ORD_ID|4797|hsp_num:0	5792			6	210	tetracycline	
k141_58149_1 # 115 # 1938 # -1 # ID=4385_1;partial=00;start_type=GTG;rbs_motif=GGAG/GAGG;rbs_spacer=5-10bp;gc_cont=0.544	k141_58149	115	1938	-	Loose	275	124.8	Streptomyces rimosus otr(A)	41.38	3002891	protein homolog model	n/a	n/a	tetracycline antibiotic	antibiotic target protection	tetracycline-resistant ribosomal protection protein	91.55	gnl|BL_ORD_ID|4808|hsp_num:0	1273			3	438	oxytetracycline	
k141_10695_3 # 1201 # 2253 # 1 # ID=4390_3;partial=00;start_type=ATG;rbs_motif=None;rbs_spacer=None;gc_cont=0.764	k141_10695	1201	2253	+	Loose	230	41.2	ramA	28.33	3000823	protein homolog model	n/a	n/a	fluoroquinolone antibiotic; monobactam; carbapenem; cephalosporin; glycylcycline; cephamycin; penam; tetracycline antibiotic; rifamycin antibiotic; phenicol antibiotic; penem; disinfecting agents and antiseptics	antibiotic efflux; reduced permeability to antibiotic	resistance-nodulation-cell division (RND) antibiotic efflux pump; General Bacterial Porin with reduced permeability to beta-lactams	282.26	gnl|BL_ORD_ID|1538|hsp_num:0	1665			12	366	tigecycline; tetracycline; rifampin; chloramphenicol; ampicillin; cefalotin; triclosan	
k141_50232_2 # 543 # 1145 # 1 # ID=4399_2;partial=01;start_type=ATG;rbs_motif=None;rbs_spacer=None;gc_cont=0.501	k141_50232	543	1145	+	Loose	850	133.3	hp1181	45.83	3003964	protein homolog model	n/a	n/a	fluoroquinolone antibiotic; tetracycline antibiotic; nitroimidazole antibiotic	antibiotic efflux	major facilitator superfamily (MFS) antibiotic efflux pump	45.37	gnl|BL_ORD_ID|2192|hsp_num:0	2430			21	525	ciprofloxacin; tetracycline; metronidazole	
k141_58160_2 # 459 # 1628 # -1 # ID=4400_2;partial=00;start_type=ATG;rbs_motif=None;rbs_spacer=None;gc_cont=0.534	k141_58160	459	1628	-	Loose	800	155.6	cmlA6	33.42	3002696	protein homolog model	n/a	n/a	phenicol antibiotic	antibiotic efflux	major facilitator superfamily (MFS) antibiotic efflux pump	92.84	gnl|BL_ORD_ID|1317|hsp_num:0	1435			0	1197	chloramphenicol	
k141_10701_4 # 3192 # 3932 # 1 # ID=4409_4;partial=00;start_type=ATG;rbs_motif=None;rbs_spacer=None;gc_cont=0.583	k141_10701	3192	3932	+	Loose	450	42.0	tsnR	25.88	3003060	protein homolog model	n/a	n/a	peptide antibiotic	antibiotic target alteration	non-erm 23S ribosomal RNA methyltransferase (A1067)	91.11	gnl|BL_ORD_ID|149|hsp_num:0	49			294	789	thiostrepton	
k141_42302_1 # 1 # 1074 # 1 # ID=4411_1;partial=11;start_type=Edge;rbs_motif=None;rbs_spacer=None;gc_cont=0.399	k141_42302	1	1074	+	Loose	1900	116.3	MexI	31.08	3000808	protein homolog model	n/a	n/a	fluoroquinolone antibiotic; tetracycline antibiotic; disinfecting agents and antiseptics	antibiotic efflux	resistance-nodulation-cell division (RND) antibiotic efflux pump	34.79	gnl|BL_ORD_ID|4684|hsp_num:0	1647			507	1254	acriflavine; tetracycline; norfloxacin	
k141_2777_1 # 3 # 332 # -1 # ID=4417_1;partial=10;start_type=ATG;rbs_motif=GGA/GAG/AGG;rbs_spacer=11-12bp;gc_cont=0.606	k141_2777	3	332	-	Loose	1020	58.9	tlrC	37.11	3002827	protein homolog model	n/a	n/a	macrolide antibiotic; lincosamide antibiotic	antibiotic target protection	Miscellaneous ABC-F subfamily ATP-binding cassette ribosomal protection proteins	20.07	gnl|BL_ORD_ID|1842|hsp_num:0	1997			24	288	lincomycin; tylosin; mycinamicin	
k141_58169_1 # 2 # 460 # -1 # ID=4422_1;partial=10;start_type=ATG;rbs_motif=None;rbs_spacer=None;gc_cont=0.590	k141_58169	2	460	-	Loose	500	83.6	RanA	33.12	3005091	protein homolog model	n/a	n/a	aminoglycoside antibiotic	antibiotic efflux	ATP-binding cassette (ABC) antibiotic efflux pump	59.30	gnl|BL_ORD_ID|2809|hsp_num:0	3825			3	456		
k141_2779_4 # 2168 # 3487 # -1 # ID=4427_4;partial=00;start_type=ATG;rbs_motif=None;rbs_spacer=None;gc_cont=0.497	k141_2779	2168	3487	-	Loose	770	39.7	tet(V)	22.66	3000181	protein homolog model	n/a	n/a	tetracycline antibiotic	antibiotic efflux	major facilitator superfamily (MFS) antibiotic efflux pump	104.77	gnl|BL_ORD_ID|1042|hsp_num:0	1006			54	1044	tetracycline	
k141_42307_3 # 2180 # 3229 # -1 # ID=4428_3;partial=01;start_type=Edge;rbs_motif=None;rbs_spacer=None;gc_cont=0.296	k141_42307	2180	3229	-	Loose	1320	205.3	lmrD	37.72	3002882	protein homolog model	n/a	n/a	lincosamide antibiotic	antibiotic efflux	ATP-binding cassette (ABC) antibiotic efflux pump	52.56	gnl|BL_ORD_ID|1489|hsp_num:0	1624			1002	1980		
k141_58178_1 # 3 # 983 # 1 # ID=4437_1;partial=10;start_type=Edge;rbs_motif=None;rbs_spacer=None;gc_cont=0.723	k141_58178	3	983	+	Loose	900	220.7	adeH	43.22	3000779	protein homolog model	n/a	n/a	fluoroquinolone antibiotic; tetracycline antibiotic	antibiotic efflux	resistance-nodulation-cell division (RND) antibiotic efflux pump	67.49	gnl|BL_ORD_ID|494|hsp_num:0	542			492	1443	tetracycline	
k141_26436_2 # 886 # 1209 # -1 # ID=4448_2;partial=00;start_type=ATG;rbs_motif=None;rbs_spacer=None;gc_cont=0.630	k141_26436	886	1209	-	Loose	180	59.3	ykkC	37.62	3003063	protein homolog model	n/a	n/a	aminoglycoside antibiotic; tetracycline antibiotic; phenicol antibiotic	antibiotic efflux	small multidrug resistance (SMR) antibiotic efflux pump	95.54	gnl|BL_ORD_ID|1687|hsp_num:0	1826			6	297	streptomycin; tetracycline; chloramphenicol	
k141_34375_1 # 2 # 1912 # -1 # ID=4453_1;partial=11;start_type=Edge;rbs_motif=None;rbs_spacer=None;gc_cont=0.634	k141_34375	2	1912	-	Loose	2110	133.3	MexF	22.14	3000804	protein homolog model	n/a	n/a	fluoroquinolone antibiotic; diaminopyrimidine antibiotic; phenicol antibiotic	antibiotic efflux	resistance-nodulation-cell division (RND) antibiotic efflux pump	59.98	gnl|BL_ORD_ID|2354|hsp_num:0	1300			888	2763	ciprofloxacin; trimethoprim; chloramphenicol; norfloxacin	
k141_42325_1 # 1 # 426 # -1 # ID=4456_1;partial=10;start_type=ATG;rbs_motif=AGGAG;rbs_spacer=5-10bp;gc_cont=0.631	k141_42325	1	426	-	Loose	450	52.4	baeR	30.89	3000828	protein homolog model	n/a	n/a	aminoglycoside antibiotic; aminocoumarin antibiotic	antibiotic efflux	resistance-nodulation-cell division (RND) antibiotic efflux pump	59.17	gnl|BL_ORD_ID|1232|hsp_num:0	1337			33	390	novobiocin	
k141_26447_2 # 2136 # 3050 # 1 # ID=4463_2;partial=01;start_type=ATG;rbs_motif=GGxGG;rbs_spacer=5-10bp;gc_cont=0.707	k141_26447	2136	3050	+	Loose	450	69.7	RanB	28.74	3005090	protein homolog model	n/a	n/a	aminoglycoside antibiotic	antibiotic efflux	ATP-binding cassette (ABC) antibiotic efflux pump	120.55	gnl|BL_ORD_ID|2808|hsp_num:0	3824			12	504		
k141_2812_2 # 508 # 1419 # 1 # ID=4465_2;partial=01;start_type=TTG;rbs_motif=GGxGG;rbs_spacer=5-10bp;gc_cont=0.602	k141_2812	508	1419	+	Loose	760	204.9	macA	43.36	3000533	protein homolog model	n/a	n/a	macrolide antibiotic	antibiotic efflux	ATP-binding cassette (ABC) antibiotic efflux pump	77.55	gnl|BL_ORD_ID|1547|hsp_num:0	1680			84	942	erythromycin	
k141_42342_2 # 606 # 1943 # 1 # ID=4473_2;partial=00;start_type=ATG;rbs_motif=AGGAG;rbs_spacer=5-10bp;gc_cont=0.641	k141_42342	606	1943	+	Loose	700	159.5	Acinetobacter baumannii AbaF	28.4	3004573	protein homolog model	n/a	n/a	phosphonic acid antibiotic	antibiotic efflux	major facilitator superfamily (MFS) antibiotic efflux pump	103.73	gnl|BL_ORD_ID|2717|hsp_num:0	3277			18	1242	fosfomycin	
k141_10753_1 # 2 # 430 # 1 # ID=4479_1;partial=10;start_type=Edge;rbs_motif=None;rbs_spacer=None;gc_cont=0.678	k141_10753	2	430	+	Loose	200	82.0	vanH gene in vanD cluster	45.22	3002944	protein homolog model	n/a	n/a	glycopeptide antibiotic	antibiotic target alteration	vanH; glycopeptide resistance gene cluster	43.96	gnl|BL_ORD_ID|1349|hsp_num:0	1333			549	894	vancomycin; teicoplanin	
k141_34397_1 # 2 # 340 # 1 # ID=4483_1;partial=10;start_type=Edge;rbs_motif=None;rbs_spacer=None;gc_cont=0.764	k141_34397	2	340	+	Loose	1100	44.7	tetB(60)	34.94	3004036	protein homolog model	n/a	n/a	tetracycline antibiotic	antibiotic efflux	ATP-binding cassette (ABC) antibiotic efflux pump	19.34	gnl|BL_ORD_ID|2308|hsp_num:0	2646			1398	1647	tetracycline	
k141_58215_2 # 1057 # 1407 # -1 # ID=4498_2;partial=01;start_type=Edge;rbs_motif=None;rbs_spacer=None;gc_cont=0.675	k141_58215	1057	1407	-	Loose	910	69.3	smeS	40.0	3003067	protein homolog model	n/a	n/a	aminoglycoside antibiotic; cephalosporin; cephamycin; penam	antibiotic efflux	resistance-nodulation-cell division (RND) antibiotic efflux pump	24.84	gnl|BL_ORD_ID|313|hsp_num:0	342			1050	1392		
k141_26464_1 # 2 # 1045 # -1 # ID=4502_1;partial=10;start_type=ATG;rbs_motif=None;rbs_spacer=None;gc_cont=0.571	k141_26464	2	1045	-	Loose	650	113.6	tetA(58)	29.09	3003980	protein homolog model	n/a	n/a	tetracycline antibiotic	antibiotic efflux	major facilitator superfamily (MFS) antibiotic efflux pump	101.46	gnl|BL_ORD_ID|2244|hsp_num:0	2517			63	834	tetracycline	
k141_10772_1 # 241 # 1278 # -1 # ID=4512_1;partial=00;start_type=ATG;rbs_motif=AGGAG;rbs_spacer=5-10bp;gc_cont=0.619	k141_10772	241	1278	-	Loose	600	72.0	Burkholderia pseudomallei Omp38	28.78	3004123	protein homolog model	n/a	n/a	monobactam; carbapenem; cephalosporin; cephamycin; penam; penem	reduced permeability to antibiotic	General Bacterial Porin with reduced permeability to beta-lactams	92.25	gnl|BL_ORD_ID|2403|hsp_num:0	2786			51	765	cefoxitin; ceftazidime; imipenem; benzylpenicillin	
k141_26470_1 # 1 # 837 # 1 # ID=4515_1;partial=10;start_type=Edge;rbs_motif=None;rbs_spacer=None;gc_cont=0.583	k141_26470	1	837	+	Loose	480	74.3	adeR	31.25	3000553	protein homolog model	n/a	n/a	glycylcycline; tetracycline antibiotic	antibiotic efflux	resistance-nodulation-cell division (RND) antibiotic efflux pump	112.55	gnl|BL_ORD_ID|413|hsp_num:0	456			33	408	tigecycline; tetracycline	
k141_10797_1 # 1 # 726 # 1 # ID=4539_1;partial=10;start_type=Edge;rbs_motif=None;rbs_spacer=None;gc_cont=0.309	k141_10797	1	726	+	Loose	200	70.9	vanH gene in vanA cluster	32.26	3002942	protein homolog model	n/a	n/a	glycopeptide antibiotic	antibiotic target alteration	vanH; glycopeptide resistance gene cluster	74.84	gnl|BL_ORD_ID|4670|hsp_num:0	178			441	951	vancomycin; teicoplanin	
k141_58239_1 # 3 # 1142 # -1 # ID=4543_1;partial=10;start_type=ATG;rbs_motif=GGAG/GAGG;rbs_spacer=5-10bp;gc_cont=0.583	k141_58239	3	1142	-	Loose	2000	140.6	Bifidobacterium adolescentis rpoB mutants conferring resistance to rifampicin	36.05	3004480	protein homolog model	n/a	n/a	rifamycin antibiotic	antibiotic target alteration; antibiotic target replacement	rifamycin-resistant beta-subunit of RNA polymerase (rpoB)	32.04	gnl|BL_ORD_ID|4720|hsp_num:0	2914			81	741	rifampin	
k141_10799_2 # 218 # 1027 # -1 # ID=4546_2;partial=00;start_type=ATG;rbs_motif=TAAAAA;rbs_spacer=6bp;gc_cont=0.420	k141_10799	218	1027	-	Loose	525	43.9	EVM-1	28.12	3006886	protein homolog model	n/a	n/a	carbapenem	antibiotic inactivation	EVM beta-lactamase	88.20	gnl|BL_ORD_ID|3532|hsp_num:0	4600			174	486		
k141_50328_1 # 2 # 229 # 1 # ID=4549_1;partial=10;start_type=Edge;rbs_motif=None;rbs_spacer=None;gc_cont=0.268	k141_50328	2	229	+	Loose	400	56.2	vanR gene in vanM cluster	36.99	3002928	protein homolog model	n/a	n/a	glycopeptide antibiotic	antibiotic target alteration	glycopeptide resistance gene cluster; vanR	32.33	gnl|BL_ORD_ID|4736|hsp_num:0	752			144	354	vancomycin; teicoplanin	
k141_34453_1 # 2 # 589 # -1 # ID=4557_1;partial=10;start_type=ATG;rbs_motif=GGA/GAG/AGG;rbs_spacer=5-10bp;gc_cont=0.558	k141_34453	2	589	-	Loose	500	97.1	RanA	31.63	3005091	protein homolog model	n/a	n/a	aminoglycoside antibiotic	antibiotic efflux	ATP-binding cassette (ABC) antibiotic efflux pump	75.97	gnl|BL_ORD_ID|2809|hsp_num:0	3825			3	591		
k141_34475_1 # 1 # 414 # 1 # ID=4594_1;partial=10;start_type=Edge;rbs_motif=None;rbs_spacer=None;gc_cont=0.589	k141_34475	1	414	+	Loose	500	70.1	RanA	38.55	3005091	protein homolog model	n/a	n/a	aminoglycoside antibiotic	antibiotic efflux	ATP-binding cassette (ABC) antibiotic efflux pump	53.10	gnl|BL_ORD_ID|2809|hsp_num:0	3825			384	633		
k141_18753_2 # 431 # 802 # -1 # ID=4602_2;partial=00;start_type=ATG;rbs_motif=GGA/GAG/AGG;rbs_spacer=5-10bp;gc_cont=0.535	k141_18753	431	802	-	Loose	410	82.8	arlR	36.21	3000838	protein homolog model	n/a	n/a	fluoroquinolone antibiotic; disinfecting agents and antiseptics	antibiotic efflux	major facilitator superfamily (MFS) antibiotic efflux pump	56.16	gnl|BL_ORD_ID|1275|hsp_num:0	1390			0	336	ciprofloxacin; acriflavine; norfloxacin	
k141_18753_3 # 935 # 1624 # 1 # ID=4602_3;partial=00;start_type=ATG;rbs_motif=None;rbs_spacer=None;gc_cont=0.596	k141_18753	935	1624	+	Loose	450	40.8	baeR	26.4	3000828	protein homolog model	n/a	n/a	aminoglycoside antibiotic; aminocoumarin antibiotic	antibiotic efflux	resistance-nodulation-cell division (RND) antibiotic efflux pump	95.42	gnl|BL_ORD_ID|1232|hsp_num:0	1337			30	390	novobiocin	
k141_18753_4 # 1621 # 2052 # 1 # ID=4602_4;partial=01;start_type=ATG;rbs_motif=None;rbs_spacer=None;gc_cont=0.618	k141_18753	1621	2052	+	Loose	400	38.9	ParR	28.68	3005068	protein homolog model	n/a	n/a	macrolide antibiotic; fluoroquinolone antibiotic; monobactam; aminoglycoside antibiotic; carbapenem; cephalosporin; cephamycin; penam; tetracycline antibiotic; phenicol antibiotic; penem; disinfecting agents and antiseptics	antibiotic efflux; reduced permeability to antibiotic	resistance-nodulation-cell division (RND) antibiotic efflux pump; Outer Membrane Porin (Opr)	61.28	gnl|BL_ORD_ID|2792|hsp_num:0	3806			24	405	erythromycin; amikacin; gentamicin C; ciprofloxacin; acriflavine; tetracycline; tobramycin; meropenem; imipenem; chloramphenicol; norfloxacin; ofloxacin; gentamicin	
k141_58263_1 # 1 # 168 # 1 # ID=4607_1;partial=10;start_type=Edge;rbs_motif=None;rbs_spacer=None;gc_cont=0.536	k141_58263	1	168	+	Loose	760	47.0	macA	45.28	3000533	protein homolog model	n/a	n/a	macrolide antibiotic	antibiotic efflux	ATP-binding cassette (ABC) antibiotic efflux pump	14.03	gnl|BL_ORD_ID|1547|hsp_num:0	1680			1011	1170	erythromycin	
k141_58263_2 # 183 # 2246 # 1 # ID=4607_2;partial=00;start_type=ATG;rbs_motif=GGA/GAG/AGG;rbs_spacer=5-10bp;gc_cont=0.547	k141_58263	183	2246	+	Loose	1280	682.6	macB	52.89	3000535	protein homolog model	n/a	n/a	macrolide antibiotic	antibiotic efflux	ATP-binding cassette (ABC) antibiotic efflux pump	106.68	gnl|BL_ORD_ID|447|hsp_num:0	487			3	1932	erythromycin	
k141_58263_3 # 2251 # 3648 # 1 # ID=4607_3;partial=00;start_type=ATG;rbs_motif=GGA/GAG/AGG;rbs_spacer=5-10bp;gc_cont=0.523	k141_58263	2251	3648	+	Loose	850	167.5	OpmB	30.46	3004072	protein homolog model	n/a	n/a	macrolide antibiotic; monobactam; tetracycline antibiotic; aminocoumarin antibiotic	antibiotic efflux	resistance-nodulation-cell division (RND) antibiotic efflux pump	93.37	gnl|BL_ORD_ID|2313|hsp_num:0	2716			24	1419	erythromycin; tetracycline; novobiocin; aztreonam; kitasamycin; rokitamycin	
k141_2919_1 # 1 # 1092 # 1 # ID=4623_1;partial=10;start_type=Edge;rbs_motif=None;rbs_spacer=None;gc_cont=0.326	k141_2919	1	1092	+	Loose	700	119.0	vanS gene in vanG cluster	24.65	3002937	protein homolog model	n/a	n/a	glycopeptide antibiotic	antibiotic target alteration	vanS; glycopeptide resistance gene cluster	98.64	gnl|BL_ORD_ID|4732|hsp_num:0	390			252	1101	vancomycin	
k141_2919_2 # 1095 # 1298 # 1 # ID=4623_2;partial=01;start_type=ATG;rbs_motif=TAAA;rbs_spacer=14bp;gc_cont=0.358	k141_2919	1095	1298	+	Loose	400	63.5	vanR gene in vanE cluster	42.65	3002924	protein homolog model	n/a	n/a	glycopeptide antibiotic	antibiotic target alteration	glycopeptide resistance gene cluster; vanR	29.69	gnl|BL_ORD_ID|4675|hsp_num:0	691			0	204	vancomycin	
k141_42434_3 # 637 # 2391 # 1 # ID=4624_3;partial=00;start_type=ATG;rbs_motif=AGGAG;rbs_spacer=5-10bp;gc_cont=0.518	k141_42434	637	2391	+	Loose	1000	441.8	Neisseria meningititis PBP2 conferring resistance to beta-lactam	41.71	3003937	protein variant model	V316T	L389F:2886, R384G:320, M400T:320	cephalosporin; cephamycin; penam	antibiotic target alteration	Penicillin-binding protein mutations conferring resistance to beta-lactam antibiotics	100.52	gnl|BL_ORD_ID|2167|hsp_num:0	2409			78	1713	ceftriaxone; cefixime	
k141_50378_1 # 3 # 590 # -1 # ID=4632_1;partial=10;start_type=ATG;rbs_motif=GGAG/GAGG;rbs_spacer=5-10bp;gc_cont=0.548	k141_50378	3	590	-	Loose	1500	125.2	rphB	37.77	3003992	protein homolog model	n/a	n/a	rifamycin antibiotic	antibiotic inactivation	rifampin phosphotransferase	22.17	gnl|BL_ORD_ID|2236|hsp_num:0	2528			12	555	rifampin; rifaximin; rifabutin; rifapentine	
k141_18769_3 # 1059 # 2060 # -1 # ID=4638_3;partial=00;start_type=ATG;rbs_motif=AGGA;rbs_spacer=5-10bp;gc_cont=0.581	k141_18769	1059	2060	-	Loose	600	90.5	Burkholderia pseudomallei Omp38	29.48	3004123	protein homolog model	n/a	n/a	monobactam; carbapenem; cephalosporin; cephamycin; penam; penem	reduced permeability to antibiotic	General Bacterial Porin with reduced permeability to beta-lactams	89.04	gnl|BL_ORD_ID|2403|hsp_num:0	2786			18	951	cefoxitin; ceftazidime; imipenem; benzylpenicillin	
k141_26548_1 # 1 # 618 # -1 # ID=4639_1;partial=10;start_type=ATG;rbs_motif=AGGAG;rbs_spacer=5-10bp;gc_cont=0.667	k141_26548	1	618	-	Loose	400	133.7	cprR	37.38	3005063	protein homolog model	n/a	n/a	peptide antibiotic	antibiotic target alteration; antibiotic efflux	pmr phosphoethanolamine transferase	92.38	gnl|BL_ORD_ID|2789|hsp_num:0	3803			6	612	polymyxin B; colistin A; colistin B	
k141_34501_1 # 3 # 350 # -1 # ID=4640_1;partial=10;start_type=ATG;rbs_motif=None;rbs_spacer=None;gc_cont=0.736	k141_34501	3	350	-	Loose	400	44.7	vanR gene in vanA cluster	28.44	3002919	protein homolog model	n/a	n/a	glycopeptide antibiotic	antibiotic target alteration	glycopeptide resistance gene cluster; vanR	50.22	gnl|BL_ORD_ID|751|hsp_num:0	722			0	315	vancomycin; teicoplanin	
k141_2928_1 # 9 # 908 # -1 # ID=4646_1;partial=00;start_type=ATG;rbs_motif=GGxGG;rbs_spacer=5-10bp;gc_cont=0.399	k141_2928	9	908	-	Loose	650	43.9	adeL	23.21	3000620	protein homolog model	n/a	n/a	fluoroquinolone antibiotic; tetracycline antibiotic	antibiotic efflux	resistance-nodulation-cell division (RND) antibiotic efflux pump	88.72	gnl|BL_ORD_ID|2316|hsp_num:0	2654			0	498	tetracycline	
k141_2929_4 # 1607 # 2146 # -1 # ID=4651_4;partial=01;start_type=Edge;rbs_motif=None;rbs_spacer=None;gc_cont=0.530	k141_2929	1607	2146	-	Loose	1900	75.5	MexK	32.65	3003693	protein homolog model	n/a	n/a	macrolide antibiotic; tetracycline antibiotic; disinfecting agents and antiseptics	antibiotic efflux	resistance-nodulation-cell division (RND) antibiotic efflux pump	17.46	gnl|BL_ORD_ID|2017|hsp_num:0	2206			2616	3057	erythromycin; tetracycline; triclosan	
k141_34523_2 # 462 # 1145 # 1 # ID=4660_2;partial=00;start_type=ATG;rbs_motif=GGAG/GAGG;rbs_spacer=5-10bp;gc_cont=0.686	k141_34523	462	1145	+	Loose	1280	90.5	macB	30.35	3000535	protein homolog model	n/a	n/a	macrolide antibiotic	antibiotic efflux	ATP-binding cassette (ABC) antibiotic efflux pump	35.25	gnl|BL_ORD_ID|447|hsp_num:0	487			81	681	erythromycin	
k141_10874_2 # 498 # 1631 # 1 # ID=4665_2;partial=00;start_type=ATG;rbs_motif=AAAA;rbs_spacer=12bp;gc_cont=0.479	k141_10874	498	1631	+	Loose	1280	101.7	macB	28.09	3000535	protein homolog model	n/a	n/a	macrolide antibiotic	antibiotic efflux	ATP-binding cassette (ABC) antibiotic efflux pump	58.54	gnl|BL_ORD_ID|447|hsp_num:0	487			21	720	erythromycin	
k141_18793_2 # 196 # 1125 # -1 # ID=4666_2;partial=01;start_type=Edge;rbs_motif=None;rbs_spacer=None;gc_cont=0.656	k141_18793	196	1125	-	Loose	700	53.1	LpsB	27.52	3005051	protein homolog model	n/a	n/a	peptide antibiotic	reduced permeability to antibiotic	Intrinsic peptide antibiotic resistant Lps	84.43	gnl|BL_ORD_ID|2782|hsp_num:0	3793			582	1029	colistin A; colistin B; defensin	
k141_2947_1 # 20 # 1333 # -1 # ID=4669_1;partial=00;start_type=ATG;rbs_motif=AGGAG;rbs_spacer=5-10bp;gc_cont=0.376	k141_2947	20	1333	-	Loose	950	59.7	tcr3	26.14	3002893	protein homolog model	n/a	n/a	tetracycline antibiotic	antibiotic efflux	major facilitator superfamily (MFS) antibiotic efflux pump	85.35	gnl|BL_ORD_ID|593|hsp_num:0	652			60	585	tetracycline	
k141_34527_5 # 3040 # 3546 # -1 # ID=4672_5;partial=01;start_type=Edge;rbs_motif=None;rbs_spacer=None;gc_cont=0.696	k141_34527	3040	3546	-	Loose	700	45.4	tet(47)	34.29	3004613	protein homolog model	n/a	n/a	tetracycline antibiotic	antibiotic inactivation	tetracycline inactivation enzyme	40.48	gnl|BL_ORD_ID|4800|hsp_num:0	3308			831	1032	tetracycline; oxytetracycline	
k141_50417_1 # 2 # 1096 # 1 # ID=4684_1;partial=11;start_type=Edge;rbs_motif=None;rbs_spacer=None;gc_cont=0.380	k141_50417	2	1096	+	Loose	200	115.9	vanH gene in vanP cluster	33.48	3007188	protein homolog model	n/a	n/a	glycopeptide antibiotic	antibiotic target alteration	vanH; glycopeptide resistance gene cluster	116.24	gnl|BL_ORD_ID|4819|hsp_num:0	5804			198	876	vancomycin; teicoplanin	
k141_10897_3 # 897 # 1934 # 1 # ID=4698_3;partial=01;start_type=ATG;rbs_motif=None;rbs_spacer=None;gc_cont=0.708	k141_10897	897	1934	+	Loose	1280	82.8	macB	27.88	3000535	protein homolog model	n/a	n/a	macrolide antibiotic	antibiotic efflux	ATP-binding cassette (ABC) antibiotic efflux pump	53.73	gnl|BL_ORD_ID|447|hsp_num:0	487			54	660	erythromycin	
k141_18820_3 # 1963 # 2337 # -1 # ID=4713_3;partial=00;start_type=GTG;rbs_motif=None;rbs_spacer=None;gc_cont=0.568	k141_18820	1963	2337	-	Loose	200	61.6	vanH gene in vanD cluster	36.36	3002944	protein homolog model	n/a	n/a	glycopeptide antibiotic	antibiotic target alteration	vanH; glycopeptide resistance gene cluster	38.39	gnl|BL_ORD_ID|1349|hsp_num:0	1333			591	888	vancomycin; teicoplanin	
k141_58335_1 # 1 # 1101 # 1 # ID=4714_1;partial=10;start_type=Edge;rbs_motif=None;rbs_spacer=None;gc_cont=0.718	k141_58335	1	1101	+	Loose	200	56.6	mdeA	33.9	3007011	protein homolog model	n/a	n/a	fluoroquinolone antibiotic; aminoglycoside antibiotic; penam; tetracycline antibiotic; disinfecting agents and antiseptics	antibiotic efflux	major facilitator superfamily (MFS) antibiotic efflux pump	80.79	gnl|BL_ORD_ID|4658|hsp_num:0	5727			192	534	ciprofloxacin; acriflavine; kanamycin A; tetracycline; oxacillin; ampicillin; nalidixic acid	
k141_42467_5 # 3297 # 4013 # 1 # ID=4719_5;partial=00;start_type=ATG;rbs_motif=GGAG/GAGG;rbs_spacer=5-10bp;gc_cont=0.497	k141_42467	3297	4013	+	Loose	700	48.5	OmpA	31.03	3005044	protein homolog model	n/a	n/a	peptide antibiotic	reduced permeability to antibiotic	General Bacterial Porin with reduced permeability to peptide antibiotics	63.64	gnl|BL_ORD_ID|2775|hsp_num:0	3787			732	1080	polymyxin B; defensin	
k141_26609_2 # 194 # 1486 # -1 # ID=4720_2;partial=00;start_type=ATG;rbs_motif=None;rbs_spacer=None;gc_cont=0.353	k141_26609	194	1486	-	Loose	400	197.2	TxR	36.61	3005008	protein homolog model	n/a	n/a	tetracycline antibiotic	antibiotic efflux	ATP-binding cassette (ABC) antibiotic efflux pump	135.22	gnl|BL_ORD_ID|4725|hsp_num:0	3753			66	933	tetracycline	
k141_50441_2 # 345 # 1133 # -1 # ID=4724_2;partial=00;start_type=ATG;rbs_motif=None;rbs_spacer=None;gc_cont=0.665	k141_50441	345	1133	-	Loose	500	97.8	RanA	29.65	3005091	protein homolog model	n/a	n/a	aminoglycoside antibiotic	antibiotic efflux	ATP-binding cassette (ABC) antibiotic efflux pump	101.55	gnl|BL_ORD_ID|2809|hsp_num:0	3825			45	642		
k141_34554_1 # 2 # 670 # -1 # ID=4725_1;partial=10;start_type=ATG;rbs_motif=GGA/GAG/AGG;rbs_spacer=3-4bp;gc_cont=0.574	k141_34554	2	670	-	Loose	1050	62.0	lmrC	29.82	3002881	protein homolog model	n/a	n/a	lincosamide antibiotic	antibiotic target protection	Miscellaneous ABC-F subfamily ATP-binding cassette ribosomal protection proteins	40.55	gnl|BL_ORD_ID|901|hsp_num:0	974			1002	1611	lincomycin; clindamycin; celesticetin	
k141_18830_2 # 407 # 1438 # 1 # ID=4737_2;partial=01;start_type=ATG;rbs_motif=None;rbs_spacer=None;gc_cont=0.706	k141_18830	407	1438	+	Loose	850	137.9	hp1181	33.53	3003964	protein homolog model	n/a	n/a	fluoroquinolone antibiotic; tetracycline antibiotic; nitroimidazole antibiotic	antibiotic efflux	major facilitator superfamily (MFS) antibiotic efflux pump	77.65	gnl|BL_ORD_ID|2192|hsp_num:0	2430			21	1011	ciprofloxacin; tetracycline; metronidazole	
k141_42478_2 # 392 # 1396 # -1 # ID=4738_2;partial=01;start_type=Edge;rbs_motif=None;rbs_spacer=None;gc_cont=0.656	k141_42478	392	1396	-	Loose	1080	92.4	rosB	33.6	3003049	protein homolog model	n/a	n/a	peptide antibiotic	antibiotic efflux	major facilitator superfamily (MFS) antibiotic efflux pump	59.33	gnl|BL_ORD_ID|467|hsp_num:0	507			912	1629	polymyxin B; polymyxin B1; polymyxin B2; polymyxin B3; polymyxin B4	
k141_50447_1 # 1 # 207 # -1 # ID=4739_1;partial=10;start_type=GTG;rbs_motif=AGGAG;rbs_spacer=5-10bp;gc_cont=0.609	k141_50447	1	207	-	Loose	390	37.7	evgA	26.47	3000832	protein homolog model	n/a	n/a	macrolide antibiotic; fluoroquinolone antibiotic; penam; tetracycline antibiotic	antibiotic efflux	major facilitator superfamily (MFS) antibiotic efflux pump; resistance-nodulation-cell division (RND) antibiotic efflux pump	33.82	gnl|BL_ORD_ID|937|hsp_num:0	1015			0	201	erythromycin; cloxacillin; tetracycline; oxacillin; norfloxacin	
k141_10925_2 # 256 # 981 # 1 # ID=4744_2;partial=00;start_type=ATG;rbs_motif=GGAG/GAGG;rbs_spacer=5-10bp;gc_cont=0.421	k141_10925	256	981	+	Loose	650	95.5	tetA(58)	29.2	3003980	protein homolog model	n/a	n/a	tetracycline antibiotic	antibiotic efflux	major facilitator superfamily (MFS) antibiotic efflux pump	70.26	gnl|BL_ORD_ID|2244|hsp_num:0	2517			84	708	tetracycline	
k141_2987_1 # 3 # 650 # 1 # ID=4745_1;partial=10;start_type=Edge;rbs_motif=None;rbs_spacer=None;gc_cont=0.713	k141_2987	3	650	+	Loose	900	91.3	basS	34.31	3003583	protein homolog model	n/a	n/a	peptide antibiotic	antibiotic target alteration; antibiotic efflux	pmr phosphoethanolamine transferase	45.07	gnl|BL_ORD_ID|2351|hsp_num:0	249			825	1404	polymyxin B	
k141_42484_1 # 1 # 519 # -1 # ID=4747_1;partial=10;start_type=ATG;rbs_motif=GGA/GAG/AGG;rbs_spacer=11-12bp;gc_cont=0.655	k141_42484	1	519	-	Loose	500	76.6	RanA	29.19	3005091	protein homolog model	n/a	n/a	aminoglycoside antibiotic	antibiotic efflux	ATP-binding cassette (ABC) antibiotic efflux pump	67.05	gnl|BL_ORD_ID|2809|hsp_num:0	3825			3	486		
k141_42484_2 # 599 # 1531 # -1 # ID=4747_2;partial=00;start_type=ATG;rbs_motif=None;rbs_spacer=None;gc_cont=0.689	k141_42484	599	1531	-	Loose	500	96.7	leuO	25.43	3003843	protein homolog model	n/a	n/a	nucleoside antibiotic; disinfecting agents and antiseptics	antibiotic efflux	major facilitator superfamily (MFS) antibiotic efflux pump	98.73	gnl|BL_ORD_ID|4927|hsp_num:0	5921			63	918	acriflavine; puromycin	
k141_18850_2 # 714 # 1088 # 1 # ID=4760_2;partial=01;start_type=ATG;rbs_motif=GGAG/GAGG;rbs_spacer=5-10bp;gc_cont=0.624	k141_18850	714	1088	+	Loose	550	48.5	NmcR	31.4	3003665	protein homolog model	n/a	n/a	carbapenem; cephalosporin; cephamycin; penam	antibiotic inactivation	NmcA beta-lactamase	42.37	gnl|BL_ORD_ID|1906|hsp_num:0	2072			18	378	cefoxitin; cefazolin; ampicillin	
k141_58377_1 # 2 # 550 # -1 # ID=4773_1;partial=10;start_type=ATG;rbs_motif=None;rbs_spacer=None;gc_cont=0.707	k141_58377	2	550	-	Loose	500	121.3	bcr-1	43.83	3003801	protein homolog model	n/a	n/a	bicyclomycin-like antibiotic	antibiotic efflux	major facilitator superfamily (MFS) antibiotic efflux pump	45.52	gnl|BL_ORD_ID|2333|hsp_num:0	2303			51	534	bicyclomycin	
k141_26643_1 # 1 # 555 # -1 # ID=4791_1;partial=10;start_type=ATG;rbs_motif=None;rbs_spacer=None;gc_cont=0.676	k141_26643	1	555	-	Loose	650	43.9	adeL	25.52	3000620	protein homolog model	n/a	n/a	fluoroquinolone antibiotic; tetracycline antibiotic	antibiotic efflux	resistance-nodulation-cell division (RND) antibiotic efflux pump	54.90	gnl|BL_ORD_ID|2316|hsp_num:0	2654			18	441	tetracycline	
k141_34592_1 # 1 # 426 # 1 # ID=4792_1;partial=10;start_type=Edge;rbs_motif=None;rbs_spacer=None;gc_cont=0.603	k141_34592	1	426	+	Loose	400	44.3	CRP	28.16	3000518	protein homolog model	n/a	n/a	macrolide antibiotic; fluoroquinolone antibiotic; penam	antibiotic efflux	resistance-nodulation-cell division (RND) antibiotic efflux pump	67.14	gnl|BL_ORD_ID|804|hsp_num:0	869			72	381	erythromycin; cloxacillin; oxacillin; norfloxacin	
k141_50478_1 # 323 # 1132 # 1 # ID=4794_1;partial=01;start_type=ATG;rbs_motif=GGAG/GAGG;rbs_spacer=5-10bp;gc_cont=0.541	k141_50478	323	1132	+	Loose	175	84.7	vanT gene in vanG cluster	28.52	3002972	protein homolog model	n/a	n/a	glycopeptide antibiotic	antibiotic target alteration	glycopeptide resistance gene cluster; vanT	37.92	gnl|BL_ORD_ID|1523|hsp_num:0	1561			921	1692	vancomycin	
k141_3017_1 # 2 # 1402 # -1 # ID=4798_1;partial=10;start_type=ATG;rbs_motif=GGAG/GAGG;rbs_spacer=5-10bp;gc_cont=0.622	k141_3017	2	1402	-	Loose	2000	144.4	Bifidobacterium adolescentis rpoB mutants conferring resistance to rifampicin	36.64	3004480	protein homolog model	n/a	n/a	rifamycin antibiotic	antibiotic target alteration; antibiotic target replacement	rifamycin-resistant beta-subunit of RNA polymerase (rpoB)	39.38	gnl|BL_ORD_ID|4720|hsp_num:0	2914			81	741	rifampin	
k141_18875_1 # 3 # 1295 # 1 # ID=4811_1;partial=10;start_type=Edge;rbs_motif=None;rbs_spacer=None;gc_cont=0.455	k141_18875	3	1295	+	Loose	1200	213.4	TaeA	31.6	3003986	protein homolog model	n/a	n/a	pleuromutilin antibiotic	antibiotic efflux	ATP-binding cassette (ABC) antibiotic efflux pump	66.36	gnl|BL_ORD_ID|2231|hsp_num:0	2522			612	1914	pleuromutilin	
k141_50494_1 # 1 # 525 # 1 # ID=4814_1;partial=10;start_type=Edge;rbs_motif=None;rbs_spacer=None;gc_cont=0.670	k141_50494	1	525	+	Loose	650	62.0	TriA	38.28	3003679	protein homolog model	n/a	n/a	disinfecting agents and antiseptics	antibiotic efflux	resistance-nodulation-cell division (RND) antibiotic efflux pump	45.43	gnl|BL_ORD_ID|2003|hsp_num:0	2192			729	1095	triclosan	
k141_50494_2 # 534 # 1220 # 1 # ID=4814_2;partial=01;start_type=ATG;rbs_motif=GGAG/GAGG;rbs_spacer=5-10bp;gc_cont=0.624	k141_50494	534	1220	+	Loose	1900	235.7	MexK	51.38	3003693	protein homolog model	n/a	n/a	macrolide antibiotic; tetracycline antibiotic; disinfecting agents and antiseptics	antibiotic efflux	resistance-nodulation-cell division (RND) antibiotic efflux pump	22.34	gnl|BL_ORD_ID|2017|hsp_num:0	2206			6	660	erythromycin; tetracycline; triclosan	
k141_10978_2 # 572 # 790 # 1 # ID=4822_2;partial=00;start_type=ATG;rbs_motif=GGxGG;rbs_spacer=5-10bp;gc_cont=0.457	k141_10978	572	790	+	Loose	100	66.6	rsmA	48.15	3005069	protein homolog model	n/a	n/a	fluoroquinolone antibiotic; diaminopyrimidine antibiotic; phenicol antibiotic	antibiotic efflux	resistance-nodulation-cell division (RND) antibiotic efflux pump	118.03	gnl|BL_ORD_ID|2793|hsp_num:0	3807			0	162	trimethoprim; chloramphenicol	
k141_18896_2 # 344 # 1153 # 1 # ID=4837_2;partial=01;start_type=TTG;rbs_motif=AGGAG;rbs_spacer=5-10bp;gc_cont=0.336	k141_18896	344	1153	+	Loose	200	54.7	tet(37)	34.25	3002871	protein homolog model	n/a	n/a	tetracycline antibiotic	antibiotic inactivation	tetracycline inactivation enzyme	250.00	gnl|BL_ORD_ID|763|hsp_num:0	774			6	222	tetracycline	
k141_3036_1 # 43 # 795 # 1 # ID=4845_1;partial=00;start_type=ATG;rbs_motif=AGGA;rbs_spacer=5-10bp;gc_cont=0.534	k141_3036	43	795	+	Loose	1000	98.2	msbA	31.72	3003950	protein homolog model	n/a	n/a	nitroimidazole antibiotic	antibiotic efflux	ATP-binding cassette (ABC) antibiotic efflux pump	42.96	gnl|BL_ORD_ID|2186|hsp_num:0	2423			1062	1704	metronidazole	
k141_3036_2 # 1249 # 1533 # 1 # ID=4845_2;partial=01;start_type=ATG;rbs_motif=AGGAG;rbs_spacer=5-10bp;gc_cont=0.516	k141_3036	1249	1533	+	Loose	400	67.8	vanR gene in vanF cluster	38.04	3002925	protein homolog model	n/a	n/a	glycopeptide antibiotic	antibiotic target alteration	glycopeptide resistance gene cluster; vanR	41.13	gnl|BL_ORD_ID|299|hsp_num:0	240			15	276	vancomycin	
k141_18901_1 # 3 # 1391 # -1 # ID=4846_1;partial=10;start_type=ATG;rbs_motif=None;rbs_spacer=None;gc_cont=0.544	k141_18901	3	1391	-	Loose	1000	107.1	msbA	41.35	3003950	protein homolog model	n/a	n/a	nitroimidazole antibiotic	antibiotic efflux	ATP-binding cassette (ABC) antibiotic efflux pump	79.55	gnl|BL_ORD_ID|2186|hsp_num:0	2423			924	1323	metronidazole	
k141_42544_2 # 1931 # 2137 # -1 # ID=4848_2;partial=01;start_type=Edge;rbs_motif=None;rbs_spacer=None;gc_cont=0.705	k141_42544	1931	2137	-	Loose	1280	41.2	macB	36.36	3000535	protein homolog model	n/a	n/a	macrolide antibiotic	antibiotic efflux	ATP-binding cassette (ABC) antibiotic efflux pump	10.56	gnl|BL_ORD_ID|447|hsp_num:0	487			1734	1932	erythromycin	
k141_34619_3 # 2448 # 4208 # -1 # ID=4852_3;partial=00;start_type=ATG;rbs_motif=AGxAG;rbs_spacer=5-10bp;gc_cont=0.462	k141_34619	2448	4208	-	Loose	2300	89.0	evgS	24.3	3000833	protein homolog model	n/a	n/a	macrolide antibiotic; fluoroquinolone antibiotic; penam; tetracycline antibiotic	antibiotic efflux	major facilitator superfamily (MFS) antibiotic efflux pump; resistance-nodulation-cell division (RND) antibiotic efflux pump	48.96	gnl|BL_ORD_ID|1215|hsp_num:0	1318			2076	3219	erythromycin; cloxacillin; tetracycline; oxacillin; norfloxacin	
k141_34619_4 # 4243 # 4935 # -1 # ID=4852_4;partial=00;start_type=ATG;rbs_motif=AGGAG/GGAGG;rbs_spacer=11-12bp;gc_cont=0.488	k141_34619	4243	4935	-	Loose	390	47.0	evgA	21.13	3000832	protein homolog model	n/a	n/a	macrolide antibiotic; fluoroquinolone antibiotic; penam; tetracycline antibiotic	antibiotic efflux	major facilitator superfamily (MFS) antibiotic efflux pump; resistance-nodulation-cell division (RND) antibiotic efflux pump	112.75	gnl|BL_ORD_ID|937|hsp_num:0	1015			9	549	erythromycin; cloxacillin; tetracycline; oxacillin; norfloxacin	
k141_50520_2 # 628 # 1638 # -1 # ID=4857_2;partial=00;start_type=GTG;rbs_motif=None;rbs_spacer=None;gc_cont=0.653	k141_50520	628	1638	-	Loose	650	98.2	adeL	26.94	3000620	protein homolog model	n/a	n/a	fluoroquinolone antibiotic; tetracycline antibiotic	antibiotic efflux	resistance-nodulation-cell division (RND) antibiotic efflux pump	99.70	gnl|BL_ORD_ID|2316|hsp_num:0	2654			0	870	tetracycline	
k141_26687_1 # 154 # 798 # 1 # ID=4860_1;partial=00;start_type=ATG;rbs_motif=None;rbs_spacer=None;gc_cont=0.684	k141_26687	154	798	+	Loose	380	45.1	AcrS	22.68	3000656	protein homolog model	n/a	n/a	fluoroquinolone antibiotic; cephalosporin; glycylcycline; cephamycin; penam; tetracycline antibiotic; rifamycin antibiotic; phenicol antibiotic; disinfecting agents and antiseptics	antibiotic efflux	resistance-nodulation-cell division (RND) antibiotic efflux pump	97.27	gnl|BL_ORD_ID|602|hsp_num:0	520			9	585	tigecycline; ciprofloxacin; tetracycline; rifampin; chloramphenicol; ampicillin; cefalotin; triclosan	
k141_50524_2 # 601 # 1062 # 1 # ID=4864_2;partial=01;start_type=ATG;rbs_motif=None;rbs_spacer=None;gc_cont=0.710	k141_50524	601	1062	+	Loose	550	92.4	NmcR	34.72	3003665	protein homolog model	n/a	n/a	carbapenem; cephalosporin; cephamycin; penam	antibiotic inactivation	NmcA beta-lactamase	52.20	gnl|BL_ORD_ID|1906|hsp_num:0	2072			3	435	cefoxitin; cefazolin; ampicillin	
k141_42559_2 # 1435 # 1704 # 1 # ID=4867_2;partial=01;start_type=ATG;rbs_motif=None;rbs_spacer=None;gc_cont=0.741	k141_42559	1435	1704	+	Loose	650	38.1	adeL	33.33	3000620	protein homolog model	n/a	n/a	fluoroquinolone antibiotic; tetracycline antibiotic	antibiotic efflux	resistance-nodulation-cell division (RND) antibiotic efflux pump	26.71	gnl|BL_ORD_ID|2316|hsp_num:0	2654			0	216	tetracycline	
k141_18915_2 # 305 # 1309 # 1 # ID=4873_2;partial=00;start_type=ATG;rbs_motif=AGGAG;rbs_spacer=5-10bp;gc_cont=0.732	k141_18915	305	1309	+	Loose	650	142.5	D-Ala-D-Ala ligase	34.14	3003970	protein variant model	P313L	n/a	glycopeptide antibiotic	antibiotic target alteration	Van ligase	95.16	gnl|BL_ORD_ID|2197|hsp_num:0	2436			258	999	vancomycin	
k141_34630_3 # 912 # 2741 # -1 # ID=4877_3;partial=00;start_type=ATG;rbs_motif=GGA/GAG/AGG;rbs_spacer=5-10bp;gc_cont=0.548	k141_34630	912	2741	-	Loose	275	127.9	Streptomyces rimosus otr(A)	45.32	3002891	protein homolog model	n/a	n/a	tetracycline antibiotic	antibiotic target protection	tetracycline-resistant ribosomal protection protein	91.86	gnl|BL_ORD_ID|4808|hsp_num:0	1273			12	429	oxytetracycline	
k141_26701_1 # 2 # 757 # -1 # ID=4884_1;partial=10;start_type=ATG;rbs_motif=None;rbs_spacer=None;gc_cont=0.284	k141_26701	2	757	-	Loose	550	133.3	PmrF	33.2	3003578	protein homolog model	n/a	n/a	peptide antibiotic	antibiotic target alteration	pmr phosphoethanolamine transferase	78.26	gnl|BL_ORD_ID|1938|hsp_num:0	2014			30	762	polymyxin B	
k141_26712_1 # 3 # 209 # -1 # ID=4899_1;partial=10;start_type=ATG;rbs_motif=None;rbs_spacer=None;gc_cont=0.652	k141_26712	3	209	-	Loose	400	50.8	vanR gene in vanP cluster	45.0	3007191	protein homolog model	n/a	n/a	glycopeptide antibiotic	antibiotic target alteration	glycopeptide resistance gene cluster; vanR	28.87	gnl|BL_ORD_ID|4822|hsp_num:0	5807			24	201	vancomycin; teicoplanin	
k141_50542_1 # 2 # 250 # -1 # ID=4900_1;partial=10;start_type=ATG;rbs_motif=None;rbs_spacer=None;gc_cont=0.442	k141_50542	2	250	-	Loose	1050	62.0	YojI	38.67	3003952	protein homolog model	n/a	n/a	peptide antibiotic	antibiotic efflux	ATP-binding cassette (ABC) antibiotic efflux pump	15.17	gnl|BL_ORD_ID|4708|hsp_num:0	2424			966	1191	microcin J25	
k141_42579_2 # 750 # 1028 # 1 # ID=4904_2;partial=01;start_type=GTG;rbs_motif=GGAG/GAGG;rbs_spacer=5-10bp;gc_cont=0.688	k141_42579	750	1028	+	Loose	740	63.2	tet(30)	48.72	3000561	protein homolog model	n/a	n/a	tetracycline antibiotic	antibiotic efflux	major facilitator superfamily (MFS) antibiotic efflux pump	23.60	gnl|BL_ORD_ID|1791|hsp_num:0	1917			9	240	tetracycline	
k141_3082_1 # 1 # 831 # -1 # ID=4905_1;partial=10;start_type=ATG;rbs_motif=GGAGG;rbs_spacer=5-10bp;gc_cont=0.443	k141_3082	1	831	-	Loose	700	78.6	vanS gene in vanB cluster	25.96	3002932	protein homolog model	n/a	n/a	glycopeptide antibiotic	antibiotic target alteration	vanS; glycopeptide resistance gene cluster	61.97	gnl|BL_ORD_ID|4673|hsp_num:0	499			18	810	vancomycin	
k141_3082_2 # 833 # 1135 # -1 # ID=4905_2;partial=01;start_type=Edge;rbs_motif=None;rbs_spacer=None;gc_cont=0.439	k141_3082	833	1135	-	Loose	400	65.1	vanR gene in vanB cluster	33.33	3002921	protein homolog model	n/a	n/a	glycopeptide antibiotic	antibiotic target alteration	glycopeptide resistance gene cluster; vanR	45.45	gnl|BL_ORD_ID|154|hsp_num:0	141			354	651	vancomycin	
k141_18933_3 # 2575 # 3912 # -1 # ID=4906_3;partial=00;start_type=ATG;rbs_motif=None;rbs_spacer=None;gc_cont=0.570	k141_18933	2575	3912	-	Loose	500	49.3	bcr-1	24.06	3003801	protein homolog model	n/a	n/a	bicyclomycin-like antibiotic	antibiotic efflux	major facilitator superfamily (MFS) antibiotic efflux pump	110.70	gnl|BL_ORD_ID|2333|hsp_num:0	2303			66	1107	bicyclomycin	
k141_18938_1 # 2 # 547 # 1 # ID=4911_1;partial=10;start_type=Edge;rbs_motif=None;rbs_spacer=None;gc_cont=0.452	k141_18938	2	547	+	Loose	400	178.7	vanR gene in vanF cluster	47.19	3002925	protein homolog model	n/a	n/a	glycopeptide antibiotic	antibiotic target alteration	glycopeptide resistance gene cluster; vanR	78.35	gnl|BL_ORD_ID|299|hsp_num:0	240			153	687	vancomycin	
k141_50560_1 # 1 # 558 # -1 # ID=4918_1;partial=10;start_type=ATG;rbs_motif=None;rbs_spacer=None;gc_cont=0.652	k141_50560	1	558	-	Loose	500	43.5	apmA	45.76	3003918	protein homolog model	n/a	n/a	aminoglycoside antibiotic	antibiotic inactivation	AAC(2')	67.88	gnl|BL_ORD_ID|2164|hsp_num:0	2395			507	684	apramycin	
k141_3084_7 # 5579 # 6340 # 1 # ID=4921_7;partial=00;start_type=ATG;rbs_motif=AGxAGG/AGGxGG;rbs_spacer=5-10bp;gc_cont=0.621	k141_3084	5579	6340	+	Loose	900	59.7	msrF	27.14	3005087	protein homolog model	n/a	n/a	macrolide antibiotic; streptogramin antibiotic	antibiotic target protection	msr-type ABC-F protein	52.06	gnl|BL_ORD_ID|2805|hsp_num:0	3821			894	1410	erythromycin	
k141_34658_2 # 1032 # 1754 # -1 # ID=4929_2;partial=00;start_type=ATG;rbs_motif=None;rbs_spacer=None;gc_cont=0.715	k141_34658	1032	1754	-	Loose	390	55.1	evgA	21.3	3000832	protein homolog model	n/a	n/a	macrolide antibiotic; fluoroquinolone antibiotic; penam; tetracycline antibiotic	antibiotic efflux	major facilitator superfamily (MFS) antibiotic efflux pump; resistance-nodulation-cell division (RND) antibiotic efflux pump	117.65	gnl|BL_ORD_ID|937|hsp_num:0	1015			9	594	erythromycin; cloxacillin; tetracycline; oxacillin; norfloxacin	
k141_18962_1 # 2 # 1246 # -1 # ID=4942_1;partial=11;start_type=Edge;rbs_motif=None;rbs_spacer=None;gc_cont=0.628	k141_18962	2	1246	-	Loose	1200	130.6	tet(T)	24.76	3000193	protein homolog model	n/a	n/a	tetracycline antibiotic	antibiotic target protection	tetracycline-resistant ribosomal protection protein	63.75	gnl|BL_ORD_ID|1955|hsp_num:0	2037			645	1806	tetracycline; doxycycline; minocycline; chlortetracycline; demeclocycline; oxytetracycline	
k141_50581_3 # 543 # 1007 # -1 # ID=4953_3;partial=01;start_type=Edge;rbs_motif=None;rbs_spacer=None;gc_cont=0.348	k141_50581	543	1007	-	Loose	740	90.5	tet(30)	40.95	3000561	protein homolog model	n/a	n/a	tetracycline antibiotic	antibiotic efflux	major facilitator superfamily (MFS) antibiotic efflux pump	39.09	gnl|BL_ORD_ID|1791|hsp_num:0	1917			759	1074	tetracycline	
k141_58503_1 # 1 # 639 # -1 # ID=4954_1;partial=10;start_type=ATG;rbs_motif=None;rbs_spacer=None;gc_cont=0.692	k141_58503	1	639	-	Loose	900	50.4	basS	29.06	3003583	protein homolog model	n/a	n/a	peptide antibiotic	antibiotic target alteration; antibiotic efflux	pmr phosphoethanolamine transferase	44.65	gnl|BL_ORD_ID|2351|hsp_num:0	249			48	633	polymyxin B	
k141_58503_2 # 636 # 1307 # -1 # ID=4954_2;partial=00;start_type=ATG;rbs_motif=GGA/GAG/AGG;rbs_spacer=5-10bp;gc_cont=0.719	k141_58503	636	1307	-	Loose	400	141.0	Pseudomonas aeruginosa CpxR	41.74	3004054	protein homolog model	n/a	n/a	macrolide antibiotic; fluoroquinolone antibiotic; monobactam; aminoglycoside antibiotic; carbapenem; cephalosporin; cephamycin; penam; tetracycline antibiotic; peptide antibiotic; aminocoumarin antibiotic; diaminopyrimidine antibiotic; sulfonamide antibiotic; phenicol antibiotic; penem	antibiotic efflux	resistance-nodulation-cell division (RND) antibiotic efflux pump	99.11	gnl|BL_ORD_ID|2301|hsp_num:0	2685			9	663	erythromycin; ciprofloxacin; tetracycline; ceftazidime; ceftriaxone; meropenem; novobiocin; azithromycin; trimethoprim; sulfamethoxazole; chloramphenicol; aztreonam; colistin A; colistin B; ampicillin; panipenem; trimethoprim-sulfamethoxazole	
k141_18973_1 # 2 # 907 # -1 # ID=4955_1;partial=10;start_type=ATG;rbs_motif=AGGA;rbs_spacer=5-10bp;gc_cont=0.546	k141_18973	2	907	-	Loose	700	605.1	Klebsiella pneumoniae OmpK37	98.34	3004122	protein homolog model	n/a	n/a	monobactam; carbapenem; cephalosporin; cephamycin; penam; penem	reduced permeability to antibiotic	General Bacterial Porin with reduced permeability to beta-lactams	80.75	gnl|BL_ORD_ID|2626|hsp_num:0	2785			0	906	cefoxitin; cefotaxime	
k141_50591_2 # 262 # 1056 # 1 # ID=4973_2;partial=00;start_type=ATG;rbs_motif=4Base/6BMM;rbs_spacer=13-15bp;gc_cont=0.589	k141_50591	262	1056	+	Loose	150	45.8	nimD	26.19	3007106	protein homolog model	n/a	n/a	nitroimidazole antibiotic	antibiotic inactivation	nitroimidazole reductase	160.98	gnl|BL_ORD_ID|4760|hsp_num:0	5779			102	453	metronidazole	
k141_42638_2 # 272 # 1033 # 1 # ID=4976_2;partial=00;start_type=ATG;rbs_motif=None;rbs_spacer=None;gc_cont=0.361	k141_42638	272	1033	+	Loose	650	157.5	tetA(58)	37.05	3003980	protein homolog model	n/a	n/a	tetracycline antibiotic	antibiotic efflux	major facilitator superfamily (MFS) antibiotic efflux pump	73.76	gnl|BL_ORD_ID|2244|hsp_num:0	2517			42	714	tetracycline	
k141_42658_2 # 746 # 1639 # -1 # ID=5011_2;partial=00;start_type=ATG;rbs_motif=None;rbs_spacer=None;gc_cont=0.658	k141_42658	746	1639	-	Loose	400	74.3	ParR	29.17	3005068	protein homolog model	n/a	n/a	macrolide antibiotic; fluoroquinolone antibiotic; monobactam; aminoglycoside antibiotic; carbapenem; cephalosporin; cephamycin; penam; tetracycline antibiotic; phenicol antibiotic; penem; disinfecting agents and antiseptics	antibiotic efflux; reduced permeability to antibiotic	resistance-nodulation-cell division (RND) antibiotic efflux pump; Outer Membrane Porin (Opr)	126.38	gnl|BL_ORD_ID|2792|hsp_num:0	3806			9	498	erythromycin; amikacin; gentamicin C; ciprofloxacin; acriflavine; tetracycline; tobramycin; meropenem; imipenem; chloramphenicol; norfloxacin; ofloxacin; gentamicin	
k141_58539_2 # 974 # 1477 # -1 # ID=5015_2;partial=01;start_type=Edge;rbs_motif=None;rbs_spacer=None;gc_cont=0.373	k141_58539	974	1477	-	Loose	700	66.2	OmpA	31.34	3005044	protein homolog model	n/a	n/a	peptide antibiotic	reduced permeability to antibiotic	General Bacterial Porin with reduced permeability to peptide antibiotics	44.65	gnl|BL_ORD_ID|2775|hsp_num:0	3787			681	1083	polymyxin B; defensin	
k141_50620_1 # 1 # 633 # 1 # ID=5022_1;partial=10;start_type=Edge;rbs_motif=None;rbs_spacer=None;gc_cont=0.673	k141_50620	1	633	+	Loose	650	114.0	adeL	33.01	3000620	protein homolog model	n/a	n/a	fluoroquinolone antibiotic; tetracycline antibiotic	antibiotic efflux	resistance-nodulation-cell division (RND) antibiotic efflux pump	62.31	gnl|BL_ORD_ID|2316|hsp_num:0	2654			252	879	tetracycline	
k141_58546_1 # 3 # 632 # 1 # ID=5026_1;partial=10;start_type=Edge;rbs_motif=None;rbs_spacer=None;gc_cont=0.492	k141_58546	3	632	+	Loose	800	113.6	Chlamydia trachomatis intrinsic murA conferring resistance to fosfomycin	36.36	3003785	protein homolog model	n/a	n/a	phosphonic acid antibiotic	antibiotic target alteration	antibiotic-resistant murA transferase	47.07	gnl|BL_ORD_ID|2352|hsp_num:0	2291			648	1302	fosfomycin	
k141_34724_2 # 472 # 1125 # -1 # ID=5027_2;partial=01;start_type=Edge;rbs_motif=None;rbs_spacer=None;gc_cont=0.668	k141_34724	472	1125	-	Loose	1200	99.0	arnA	32.2	3002985	protein homolog model	n/a	n/a	peptide antibiotic	antibiotic target alteration	pmr phosphoethanolamine transferase	32.78	gnl|BL_ORD_ID|1514|hsp_num:0	1643			300	819	polymyxin B	
k141_11139_3 # 1108 # 2175 # -1 # ID=5039_3;partial=01;start_type=Edge;rbs_motif=None;rbs_spacer=None;gc_cont=0.457	k141_11139	1108	2175	-	Loose	900	147.9	basS	32.29	3003583	protein homolog model	n/a	n/a	peptide antibiotic	antibiotic target alteration; antibiotic efflux	pmr phosphoethanolamine transferase	74.42	gnl|BL_ORD_ID|2351|hsp_num:0	249			330	1371	polymyxin B	
k141_58559_2 # 1249 # 1983 # -1 # ID=5045_2;partial=01;start_type=Edge;rbs_motif=None;rbs_spacer=None;gc_cont=0.721	k141_58559	1249	1983	-	Loose	700	66.6	OmpA	37.93	3005044	protein homolog model	n/a	n/a	peptide antibiotic	reduced permeability to antibiotic	General Bacterial Porin with reduced permeability to peptide antibiotics	65.24	gnl|BL_ORD_ID|2775|hsp_num:0	3787			732	1080	polymyxin B; defensin	
k141_26810_4 # 1795 # 3240 # -1 # ID=5050_4;partial=01;start_type=Edge;rbs_motif=None;rbs_spacer=None;gc_cont=0.668	k141_26810	1795	3240	-	Loose	1190	228.4	novA	38.67	3002522	protein homolog model	n/a	n/a	aminocoumarin antibiotic	antibiotic efflux	ATP-binding cassette (ABC) antibiotic efflux pump	78.21	gnl|BL_ORD_ID|1113|hsp_num:0	1210			804	1779	novobiocin	
k141_26813_1 # 3 # 722 # -1 # ID=5053_1;partial=10;start_type=ATG;rbs_motif=AGGAG;rbs_spacer=5-10bp;gc_cont=0.439	k141_26813	3	722	-	Loose	700	76.6	LHK-1	27.08	3006935	protein homolog model	n/a	n/a	carbapenem; cephalosporin	antibiotic inactivation	LHK beta-lactamase	61.86	gnl|BL_ORD_ID|3677|hsp_num:0	4746			78	750		
k141_34742_1 # 2 # 208 # -1 # ID=5060_1;partial=10;start_type=GTG;rbs_motif=AGGA;rbs_spacer=5-10bp;gc_cont=0.527	k141_34742	2	208	-	Loose	1100	52.0	oleB	45.76	3003036	protein homolog model	n/a	n/a	macrolide antibiotic	antibiotic target protection	Miscellaneous ABC-F subfamily ATP-binding cassette ribosomal protection proteins	12.13	gnl|BL_ORD_ID|1273|hsp_num:0	1388			138	306	oleandomycin	
k141_3166_1 # 294 # 1451 # 1 # ID=5068_1;partial=01;start_type=ATG;rbs_motif=None;rbs_spacer=None;gc_cont=0.569	k141_3166	294	1451	+	Loose	850	137.1	hp1181	34.25	3003964	protein homolog model	n/a	n/a	fluoroquinolone antibiotic; tetracycline antibiotic; nitroimidazole antibiotic	antibiotic efflux	major facilitator superfamily (MFS) antibiotic efflux pump	87.13	gnl|BL_ORD_ID|2192|hsp_num:0	2430			21	1068	ciprofloxacin; tetracycline; metronidazole	
k141_34746_1 # 3 # 884 # -1 # ID=5070_1;partial=10;start_type=ATG;rbs_motif=None;rbs_spacer=None;gc_cont=0.732	k141_34746	3	884	-	Loose	850	40.4	QepA2	33.87	3004103	protein homolog model	n/a	n/a	fluoroquinolone antibiotic	antibiotic efflux	major facilitator superfamily (MFS) antibiotic efflux pump	57.53	gnl|BL_ORD_ID|2392|hsp_num:0	2771			228	585	ciprofloxacin; moxifloxacin; norfloxacin	
k141_58575_3 # 2033 # 2356 # 1 # ID=5076_3;partial=00;start_type=GTG;rbs_motif=AGGAG;rbs_spacer=5-10bp;gc_cont=0.651	k141_58575	2033	2356	+	Loose	200	85.9	YajC	45.28	3005040	protein homolog model	n/a	n/a	fluoroquinolone antibiotic; cephalosporin; glycylcycline; penam; tetracycline antibiotic; oxazolidinone antibiotic; glycopeptide antibiotic; rifamycin antibiotic; phenicol antibiotic; disinfecting agents and antiseptics	antibiotic efflux	resistance-nodulation-cell division (RND) antibiotic efflux pump	95.54	gnl|BL_ORD_ID|2772|hsp_num:0	3783			12	330	vancomycin; tigecycline; tetracycline; linezolid; rifampin; chloramphenicol; ampicillin; cefalotin; triclosan	
k141_50647_2 # 1230 # 2036 # -1 # ID=5077_2;partial=00;start_type=ATG;rbs_motif=None;rbs_spacer=None;gc_cont=0.542	k141_50647	1230	2036	-	Loose	600	40.0	LMB-1	24.81	3005018	protein homolog model	n/a	n/a	carbapenem; cephalosporin; penam	antibiotic inactivation	LMB beta-lactamase	88.16	gnl|BL_ORD_ID|2751|hsp_num:0	3761			306	684		
k141_3170_2 # 144 # 1487 # 1 # ID=5081_2;partial=00;start_type=ATG;rbs_motif=GGAG/GAGG;rbs_spacer=5-10bp;gc_cont=0.585	k141_3170	144	1487	+	Loose	500	102.4	RanA	30.28	3005091	protein homolog model	n/a	n/a	aminoglycoside antibiotic	antibiotic efflux	ATP-binding cassette (ABC) antibiotic efflux pump	173.26	gnl|BL_ORD_ID|2809|hsp_num:0	3825			0	633		
k141_58581_3 # 953 # 1795 # -1 # ID=5087_3;partial=01;start_type=Edge;rbs_motif=None;rbs_spacer=None;gc_cont=0.647	k141_58581	953	1795	-	Loose	1190	231.5	novA	48.8	3002522	protein homolog model	n/a	n/a	aminocoumarin antibiotic	antibiotic efflux	ATP-binding cassette (ABC) antibiotic efflux pump	45.53	gnl|BL_ORD_ID|1113|hsp_num:0	1210			1077	1779	novobiocin	
k141_58582_2 # 169 # 1242 # 1 # ID=5091_2;partial=00;start_type=ATG;rbs_motif=GGAGG;rbs_spacer=5-10bp;gc_cont=0.642	k141_58582	169	1242	+	Loose	500	91.7	RanA	28.29	3005091	protein homolog model	n/a	n/a	aminoglycoside antibiotic	antibiotic efflux	ATP-binding cassette (ABC) antibiotic efflux pump	138.37	gnl|BL_ORD_ID|2809|hsp_num:0	3825			69	681		
k141_42710_1 # 165 # 1430 # 1 # ID=5102_1;partial=01;start_type=ATG;rbs_motif=GGAGG;rbs_spacer=5-10bp;gc_cont=0.491	k141_42710	165	1430	+	Loose	850	40.0	OprJ	21.28	3000802	protein homolog model	n/a	n/a	macrolide antibiotic; fluoroquinolone antibiotic; aminoglycoside antibiotic; cephalosporin; penam; tetracycline antibiotic; aminocoumarin antibiotic; diaminopyrimidine antibiotic; phenicol antibiotic	antibiotic efflux	resistance-nodulation-cell division (RND) antibiotic efflux pump	88.10	gnl|BL_ORD_ID|746|hsp_num:0	704			195	1191	erythromycin; gentamicin C; tetracycline; novobiocin; trimethoprim; chloramphenicol; ofloxacin; gentamicin	
k141_34762_1 # 203 # 1027 # -1 # ID=5106_1;partial=01;start_type=Edge;rbs_motif=None;rbs_spacer=None;gc_cont=0.710	k141_34762	203	1027	-	Loose	1100	75.9	tetB(60)	25.09	3004036	protein homolog model	n/a	n/a	tetracycline antibiotic	antibiotic efflux	ATP-binding cassette (ABC) antibiotic efflux pump	47.32	gnl|BL_ORD_ID|2308|hsp_num:0	2646			846	1680	tetracycline	
k141_19057_2 # 1058 # 1975 # -1 # ID=5108_2;partial=00;start_type=ATG;rbs_motif=AGGA;rbs_spacer=5-10bp;gc_cont=0.551	k141_19057	1058	1975	-	Loose	650	64.3	adeL	25.48	3000620	protein homolog model	n/a	n/a	fluoroquinolone antibiotic; tetracycline antibiotic	antibiotic efflux	resistance-nodulation-cell division (RND) antibiotic efflux pump	90.50	gnl|BL_ORD_ID|2316|hsp_num:0	2654			0	753	tetracycline	
k141_19058_3 # 1677 # 2102 # -1 # ID=5113_3;partial=01;start_type=Edge;rbs_motif=None;rbs_spacer=None;gc_cont=0.653	k141_19058	1677	2102	-	Loose	1900	95.5	mexN	42.11	3003705	protein homolog model	n/a	n/a	phenicol antibiotic	antibiotic efflux	resistance-nodulation-cell division (RND) antibiotic efflux pump	13.61	gnl|BL_ORD_ID|2022|hsp_num:0	2217			2715	3105	chloramphenicol; thiamphenicol	
k141_26839_10 # 6175 # 7638 # -1 # ID=5119_10;partial=00;start_type=ATG;rbs_motif=AGGA;rbs_spacer=5-10bp;gc_cont=0.573	k141_26839	6175	7638	-	Loose	910	416.0	mtrE	50.21	3000812	protein homolog model	n/a	n/a	macrolide antibiotic; penam	antibiotic efflux	resistance-nodulation-cell division (RND) antibiotic efflux pump	104.28	gnl|BL_ORD_ID|410|hsp_num:0	453			0	1389	erythromycin; penicillin; azithromycin	
k141_26839_11 # 7647 # 8498 # -1 # ID=5119_11;partial=01;start_type=Edge;rbs_motif=None;rbs_spacer=None;gc_cont=0.548	k141_26839	7647	8498	-	Loose	2130	300.1	mtrD	62.11	3000811	protein homolog model	n/a	n/a	macrolide antibiotic; penam	antibiotic efflux	resistance-nodulation-cell division (RND) antibiotic efflux pump	26.52	gnl|BL_ORD_ID|1787|hsp_num:0	1938			2412	3180	erythromycin; penicillin; azithromycin	
k141_11174_1 # 218 # 1042 # 1 # ID=5121_1;partial=00;start_type=GTG;rbs_motif=AGGA;rbs_spacer=5-10bp;gc_cont=0.612	k141_11174	218	1042	+	Loose	500	207.6	bacA	43.45	3002986	protein homolog model	n/a	n/a	peptide antibiotic	antibiotic target alteration	undecaprenyl pyrophosphate related proteins	100.37	gnl|BL_ORD_ID|1682|hsp_num:0	1820			6	804	bacitracin; bacitracin A; bacitracin B; bacitracin F	
k141_58605_2 # 846 # 2153 # 1 # ID=5122_2;partial=00;start_type=TTG;rbs_motif=TAA;rbs_spacer=12bp;gc_cont=0.366	k141_58605	846	2153	+	Loose	700	168.7	ugd	27.07	3003577	protein homolog model	n/a	n/a	peptide antibiotic	antibiotic target alteration	pmr phosphoethanolamine transferase	112.11	gnl|BL_ORD_ID|895|hsp_num:0	842			0	1155	polymyxin B	
k141_19071_2 # 428 # 1144 # -1 # ID=5127_2;partial=01;start_type=Edge;rbs_motif=None;rbs_spacer=None;gc_cont=0.725	k141_19071	428	1144	-	Loose	200	117.1	vanH gene in vanF cluster	38.61	3002945	protein homolog model	n/a	n/a	glycopeptide antibiotic	antibiotic target alteration	vanH; glycopeptide resistance gene cluster	73.91	gnl|BL_ORD_ID|1653|hsp_num:0	1790			312	882	vancomycin	
k141_34784_1 # 3 # 1175 # 1 # ID=5130_1;partial=11;start_type=Edge;rbs_motif=None;rbs_spacer=None;gc_cont=0.610	k141_34784	3	1175	+	Loose	2200	85.1	Bifidobacterium bifidum ileS conferring resistance to mupirocin	24.07	3003730	protein homolog model	n/a	n/a	mupirocin-like antibiotic	antibiotic target alteration	antibiotic-resistant isoleucyl-tRNA synthetase (ileS)	35.32	gnl|BL_ORD_ID|4695|hsp_num:0	2278			1026	2007	mupirocin	
k141_50690_1 # 1 # 1380 # -1 # ID=5134_1;partial=11;start_type=Edge;rbs_motif=None;rbs_spacer=None;gc_cont=0.655	k141_50690	1	1380	-	Loose	2000	46.2	Staphylococcus aureus mupB conferring resistance to mupirocin	34.15	3000510	protein homolog model	n/a	n/a	mupirocin-like antibiotic	antibiotic target alteration	antibiotic-resistant isoleucyl-tRNA synthetase (ileS)	44.53	gnl|BL_ORD_ID|4699|hsp_num:0	2271			1317	1557	mupirocin	
k141_42734_2 # 1484 # 2761 # 1 # ID=5135_2;partial=00;start_type=ATG;rbs_motif=None;rbs_spacer=None;gc_cont=0.509	k141_42734	1484	2761	+	Loose	550	50.8	PmrF	28.49	3003578	protein homolog model	n/a	n/a	peptide antibiotic	antibiotic target alteration	pmr phosphoethanolamine transferase	131.99	gnl|BL_ORD_ID|1938|hsp_num:0	2014			27	513	polymyxin B	
k141_26849_3 # 1025 # 2140 # 1 # ID=5141_3;partial=01;start_type=GTG;rbs_motif=GGA/GAG/AGG;rbs_spacer=5-10bp;gc_cont=0.446	k141_26849	1025	2140	+	Loose	1000	157.9	Neisseria meningititis PBP2 conferring resistance to beta-lactam	41.01	3003937	protein variant model	V316T	n/a	cephalosporin; cephamycin; penam	antibiotic target alteration	Penicillin-binding protein mutations conferring resistance to beta-lactam antibiotics	64.03	gnl|BL_ORD_ID|2167|hsp_num:0	2409			330	969	ceftriaxone; cefixime	
k141_19079_1 # 3 # 1070 # -1 # ID=5148_1;partial=10;start_type=ATG;rbs_motif=AGGAG;rbs_spacer=5-10bp;gc_cont=0.667	k141_19079	3	1070	-	Loose	1500	42.7	rphA	40.82	3000444	protein homolog model	n/a	n/a	rifamycin antibiotic	antibiotic inactivation	rifampin phosphotransferase	41.16	gnl|BL_ORD_ID|891|hsp_num:0	910			2430	2577	rifampin; rifaximin; rifabutin; rifapentine	
k141_42743_2 # 426 # 1502 # -1 # ID=5149_2;partial=01;start_type=Edge;rbs_motif=None;rbs_spacer=None;gc_cont=0.590	k141_42743	426	1502	-	Loose	1100	53.9	tetA(60)	50.0	3004035	protein homolog model	n/a	n/a	tetracycline antibiotic	antibiotic efflux	ATP-binding cassette (ABC) antibiotic efflux pump	61.83	gnl|BL_ORD_ID|2311|hsp_num:0	2645			1560	1719	tetracycline	
k141_50700_1 # 2 # 1945 # -1 # ID=5151_1;partial=11;start_type=Edge;rbs_motif=None;rbs_spacer=None;gc_cont=0.360	k141_50700	2	1945	-	Loose	750	428.3	adeF	38.5	3000777	protein homolog model	n/a	n/a	fluoroquinolone antibiotic; tetracycline antibiotic	antibiotic efflux	resistance-nodulation-cell division (RND) antibiotic efflux pump	61.19	gnl|BL_ORD_ID|133|hsp_num:0	153			726	2673	tetracycline	
k141_58629_1 # 1 # 1254 # -1 # ID=5157_1;partial=10;start_type=ATG;rbs_motif=GGAG/GAGG;rbs_spacer=5-10bp;gc_cont=0.695	k141_58629	1	1254	-	Loose	400	181.8	TxR	40.43	3005008	protein homolog model	n/a	n/a	tetracycline antibiotic	antibiotic efflux	ATP-binding cassette (ABC) antibiotic efflux pump	131.45	gnl|BL_ORD_ID|4725|hsp_num:0	3753			66	768	tetracycline	
k141_58634_1 # 3 # 1757 # 1 # ID=5163_1;partial=10;start_type=Edge;rbs_motif=None;rbs_spacer=None;gc_cont=0.361	k141_58634	3	1757	+	Loose	1800	149.8	mdtC	22.03	3000794	protein homolog model	n/a	n/a	aminocoumarin antibiotic	antibiotic efflux	resistance-nodulation-cell division (RND) antibiotic efflux pump	56.98	gnl|BL_ORD_ID|1213|hsp_num:0	1315			1368	3027	novobiocin	
k141_11189_5 # 4095 # 4607 # 1 # ID=5164_5;partial=00;start_type=ATG;rbs_motif=GGAG/GAGG;rbs_spacer=5-10bp;gc_cont=0.519	k141_11189	4095	4607	+	Loose	300	43.1	SAT-3	36.67	3002898	protein homolog model	n/a	n/a	nucleoside antibiotic	antibiotic inactivation	streptothricin acetyltransferase (SAT)	94.44	gnl|BL_ORD_ID|594|hsp_num:0	531			222	477	streptothricin	
k141_42752_2 # 332 # 1804 # 1 # ID=5167_2;partial=00;start_type=ATG;rbs_motif=GGA/GAG/AGG;rbs_spacer=5-10bp;gc_cont=0.713	k141_42752	332	1804	+	Loose	850	351.7	OprM	46.97	3000379	protein homolog model	n/a	n/a	macrolide antibiotic; fluoroquinolone antibiotic; monobactam; aminoglycoside antibiotic; carbapenem; cephalosporin; cephamycin; penam; tetracycline antibiotic; peptide antibiotic; aminocoumarin antibiotic; diaminopyrimidine antibiotic; sulfonamide antibiotic; phenicol antibiotic; penem; disinfecting agents and antiseptics	antibiotic efflux	resistance-nodulation-cell division (RND) antibiotic efflux pump	101.03	gnl|BL_ORD_ID|2356|hsp_num:0	1305			15	1398	erythromycin; amikacin; gentamicin C; ciprofloxacin; acriflavine; tetracycline; tobramycin; ceftazidime; ceftriaxone; meropenem; novobiocin; azithromycin; trimethoprim; sulfamethoxazole; chloramphenicol; thiamphenicol; aztreonam; colistin A; colistin B; ampicillin; nalidixic acid; norfloxacin; ofloxacin; panipenem; ticarcillin; trimethoprim-sulfamethoxazole; gentamicin	
k141_42752_3 # 1801 # 2532 # 1 # ID=5167_3;partial=01;start_type=ATG;rbs_motif=GGA/GAG/AGG;rbs_spacer=5-10bp;gc_cont=0.721	k141_42752	1801	2532	+	Loose	600	41.2	mdtN	29.22	3003548	protein homolog model	n/a	n/a	nucleoside antibiotic; disinfecting agents and antiseptics	antibiotic efflux	major facilitator superfamily (MFS) antibiotic efflux pump	71.14	gnl|BL_ORD_ID|1322|hsp_num:0	1442			45	657	acriflavine; puromycin	
k141_34811_2 # 115 # 759 # 1 # ID=5168_2;partial=00;start_type=ATG;rbs_motif=GGA/GAG/AGG;rbs_spacer=5-10bp;gc_cont=0.457	k141_34811	115	759	+	Loose	650	133.3	cfrE	37.06	3005023	protein homolog model	n/a	n/a	lincosamide antibiotic; streptogramin antibiotic; oxazolidinone antibiotic; phenicol antibiotic	antibiotic target alteration	Cfr 23S ribosomal RNA methyltransferase	62.21	gnl|BL_ORD_ID|4937|hsp_num:0	5914			426	1014		
k141_11191_2 # 742 # 1446 # 1 # ID=5170_2;partial=00;start_type=ATG;rbs_motif=None;rbs_spacer=None;gc_cont=0.679	k141_11191	742	1446	+	Loose	375	41.6	nalD	28.0	3000819	protein overexpression model	n/a	n/a	macrolide antibiotic; fluoroquinolone antibiotic; monobactam; carbapenem; cephalosporin; cephamycin; penam; tetracycline antibiotic; peptide antibiotic; aminocoumarin antibiotic; diaminopyrimidine antibiotic; sulfonamide antibiotic; phenicol antibiotic; penem	antibiotic efflux	resistance-nodulation-cell division (RND) antibiotic efflux pump	110.38	gnl|BL_ORD_ID|2336|hsp_num:0	1213			12	306	erythromycin; ciprofloxacin; tetracycline; ceftazidime; ceftriaxone; meropenem; novobiocin; azithromycin; trimethoprim; sulfamethoxazole; chloramphenicol; aztreonam; colistin A; colistin B; ampicillin; nalidixic acid; panipenem; ticarcillin; trimethoprim-sulfamethoxazole	
k141_58637_2 # 650 # 1075 # 1 # ID=5175_2;partial=01;start_type=GTG;rbs_motif=None;rbs_spacer=None;gc_cont=0.749	k141_58637	650	1075	+	Loose	650	75.5	adeL	33.33	3000620	protein homolog model	n/a	n/a	fluoroquinolone antibiotic; tetracycline antibiotic	antibiotic efflux	resistance-nodulation-cell division (RND) antibiotic efflux pump	42.14	gnl|BL_ORD_ID|2316|hsp_num:0	2654			15	435	tetracycline	
k141_26875_1 # 1 # 903 # -1 # ID=5179_1;partial=10;start_type=ATG;rbs_motif=GGAG/GAGG;rbs_spacer=5-10bp;gc_cont=0.617	k141_26875	1	903	-	Loose	1500	164.5	rphA	39.04	3000444	protein homolog model	n/a	n/a	rifamycin antibiotic	antibiotic inactivation	rifampin phosphotransferase	34.80	gnl|BL_ORD_ID|891|hsp_num:0	910			12	744	rifampin; rifaximin; rifabutin; rifapentine	
k141_19102_3 # 1759 # 3045 # -1 # ID=5182_3;partial=00;start_type=ATG;rbs_motif=AATAA;rbs_spacer=6bp;gc_cont=0.384	k141_19102	1759	3045	-	Loose	760	50.4	macA	24.33	3000533	protein homolog model	n/a	n/a	macrolide antibiotic	antibiotic efflux	ATP-binding cassette (ABC) antibiotic efflux pump	109.18	gnl|BL_ORD_ID|1547|hsp_num:0	1680			108	1101	erythromycin	
k141_58644_1 # 94 # 987 # 1 # ID=5185_1;partial=00;start_type=ATG;rbs_motif=None;rbs_spacer=None;gc_cont=0.660	k141_58644	94	987	+	Loose	650	153.7	adeL	33.33	3000620	protein homolog model	n/a	n/a	fluoroquinolone antibiotic; tetracycline antibiotic	antibiotic efflux	resistance-nodulation-cell division (RND) antibiotic efflux pump	88.13	gnl|BL_ORD_ID|2316|hsp_num:0	2654			0	870	tetracycline	
k141_58647_2 # 542 # 1216 # -1 # ID=5197_2;partial=00;start_type=ATG;rbs_motif=AGGAGG;rbs_spacer=5-10bp;gc_cont=0.424	k141_58647	542	1216	-	Loose	1280	195.3	macB	43.44	3000535	protein homolog model	n/a	n/a	macrolide antibiotic	antibiotic efflux	ATP-binding cassette (ABC) antibiotic efflux pump	34.78	gnl|BL_ORD_ID|447|hsp_num:0	487			6	663	erythromycin	
k141_3244_1 # 2 # 379 # -1 # ID=5198_1;partial=10;start_type=ATG;rbs_motif=GGAG/GAGG;rbs_spacer=5-10bp;gc_cont=0.434	k141_3244	2	379	-	Loose	230	52.4	marA	25.53	3000263	protein homolog model	n/a	n/a	fluoroquinolone antibiotic; monobactam; carbapenem; cephalosporin; glycylcycline; cephamycin; penam; tetracycline antibiotic; rifamycin antibiotic; phenicol antibiotic; penem; disinfecting agents and antiseptics	antibiotic efflux; reduced permeability to antibiotic	resistance-nodulation-cell division (RND) antibiotic efflux pump; General Bacterial Porin with reduced permeability to beta-lactams	99.21	gnl|BL_ORD_ID|1773|hsp_num:0	1922			42	324	tigecycline; tetracycline; rifampin; chloramphenicol; ampicillin; cefalotin; triclosan	
k141_34845_1 # 1 # 327 # -1 # ID=5213_1;partial=10;start_type=ATG;rbs_motif=GGA/GAG/AGG;rbs_spacer=11-12bp;gc_cont=0.667	k141_34845	1	327	-	Loose	1020	62.8	tlrC	50.0	3002827	protein homolog model	n/a	n/a	macrolide antibiotic; lincosamide antibiotic	antibiotic target protection	Miscellaneous ABC-F subfamily ATP-binding cassette ribosomal protection proteins	19.89	gnl|BL_ORD_ID|1842|hsp_num:0	1997			21	195	lincomycin; tylosin; mycinamicin	
k141_11220_1 # 3 # 1424 # -1 # ID=5215_1;partial=11;start_type=Edge;rbs_motif=None;rbs_spacer=None;gc_cont=0.454	k141_11220	3	1424	-	Loose	2000	240.0	Bifidobacterium adolescentis rpoB mutants conferring resistance to rifampicin	52.24	3004480	protein homolog model	n/a	n/a	rifamycin antibiotic	antibiotic target alteration; antibiotic target replacement	rifamycin-resistant beta-subunit of RNA polymerase (rpoB)	39.97	gnl|BL_ORD_ID|4720|hsp_num:0	2914			2571	3219	rifampin	
k141_58665_1 # 290 # 1108 # 1 # ID=5225_1;partial=00;start_type=ATG;rbs_motif=None;rbs_spacer=None;gc_cont=0.663	k141_58665	290	1108	+	Loose	500	130.6	RanA	29.11	3005091	protein homolog model	n/a	n/a	aminoglycoside antibiotic	antibiotic efflux	ATP-binding cassette (ABC) antibiotic efflux pump	105.43	gnl|BL_ORD_ID|2809|hsp_num:0	3825			0	711		
k141_19120_1 # 396 # 2774 # 1 # ID=5230_1;partial=00;start_type=ATG;rbs_motif=None;rbs_spacer=None;gc_cont=0.504	k141_19120	396	2774	+	Loose	1500	257.7	LptD	27.22	3005059	protein homolog model	n/a	n/a	peptide antibiotic; aminocoumarin antibiotic; rifamycin antibiotic	antibiotic efflux	ATP-binding cassette (ABC) antibiotic efflux pump	101.28	gnl|BL_ORD_ID|2785|hsp_num:0	3799			192	2340		
k141_42782_2 # 723 # 1400 # 1 # ID=5231_2;partial=01;start_type=TTG;rbs_motif=None;rbs_spacer=None;gc_cont=0.317	k141_42782	723	1400	+	Loose	900	121.7	emrY	38.69	3000254	protein homolog model	n/a	n/a	tetracycline antibiotic	antibiotic efflux	major facilitator superfamily (MFS) antibiotic efflux pump	44.14	gnl|BL_ORD_ID|492|hsp_num:0	540			60	564	tetracycline	
k141_34858_1 # 2 # 1201 # 1 # ID=5232_1;partial=11;start_type=Edge;rbs_motif=None;rbs_spacer=None;gc_cont=0.733	k141_34858	2	1201	+	Loose	910	157.1	smeS	35.83	3003067	protein homolog model	n/a	n/a	aminoglycoside antibiotic; cephalosporin; cephamycin; penam	antibiotic efflux	resistance-nodulation-cell division (RND) antibiotic efflux pump	85.65	gnl|BL_ORD_ID|313|hsp_num:0	342			333	1212		
k141_42783_1 # 144 # 1283 # -1 # ID=5233_1;partial=01;start_type=Edge;rbs_motif=None;rbs_spacer=None;gc_cont=0.722	k141_42783	144	1283	-	Loose	850	85.5	baeS	26.44	3000829	protein homolog model	n/a	n/a	aminoglycoside antibiotic; aminocoumarin antibiotic	antibiotic efflux	resistance-nodulation-cell division (RND) antibiotic efflux pump	81.16	gnl|BL_ORD_ID|914|hsp_num:0	986			393	1347	novobiocin	
k141_50744_2 # 858 # 2438 # -1 # ID=5240_2;partial=00;start_type=ATG;rbs_motif=None;rbs_spacer=None;gc_cont=0.684	k141_50744	858	2438	-	Loose	700	63.5	Mycobacterium tuberculosis Rv1258c mutations confer resistance to pyrazinamide, isoniazid, and streptomycin	27.54	3007186	protein variant model	V219A	n/a	aminoglycoside antibiotic; polyamine antibiotic; isoniazid-like antibiotic; pyrazine antibiotic	antibiotic target alteration	multidrug resistant Rv1258c	125.54	gnl|BL_ORD_ID|4817|hsp_num:0	5802			63	1230	streptomycin; isoniazid; pyrazinamide	
k141_34862_1 # 1 # 1413 # 1 # ID=5241_1;partial=11;start_type=Edge;rbs_motif=None;rbs_spacer=None;gc_cont=0.628	k141_34862	1	1413	+	Loose	700	75.1	Escherichia coli EF-Tu mutants conferring resistance to Enacyloxin IIa	32.75	3003370	protein variant model	Q124K	G275A:2108	elfamycin antibiotic	antibiotic target alteration	elfamycin resistant EF-Tu	119.54	gnl|BL_ORD_ID|1986|hsp_num:0	2147			42	729	enacyloxin IIa	
k141_11232_1 # 3 # 1001 # -1 # ID=5244_1;partial=11;start_type=Edge;rbs_motif=None;rbs_spacer=None;gc_cont=0.658	k141_11232	3	1001	-	Loose	960	128.3	efrA	28.53	3003948	protein homolog model	n/a	n/a	macrolide antibiotic; fluoroquinolone antibiotic; rifamycin antibiotic	antibiotic efflux	ATP-binding cassette (ABC) antibiotic efflux pump	57.91	gnl|BL_ORD_ID|2183|hsp_num:0	2421			396	1353	erythromycin; ciprofloxacin; rifampin	
k141_3269_2 # 583 # 1083 # 1 # ID=5246_2;partial=00;start_type=ATG;rbs_motif=None;rbs_spacer=None;gc_cont=0.689	k141_3269	583	1083	+	Loose	300	49.3	SAT-3	32.35	3002898	protein homolog model	n/a	n/a	nucleoside antibiotic	antibiotic inactivation	streptothricin acetyltransferase (SAT)	92.22	gnl|BL_ORD_ID|594|hsp_num:0	531			231	537	streptothricin	
k141_58677_1 # 564 # 1520 # -1 # ID=5250_1;partial=00;start_type=ATG;rbs_motif=AGGAG;rbs_spacer=5-10bp;gc_cont=0.569	k141_58677	564	1520	-	Loose	600	56.6	MSI-1	25.0	3003718	protein homolog model	n/a	n/a	carbapenem	antibiotic inactivation	MSI beta-lactamase	93.26	gnl|BL_ORD_ID|2031|hsp_num:0	2233			270	732		
k141_3273_2 # 921 # 1484 # 1 # ID=5253_2;partial=01;start_type=ATG;rbs_motif=AGGAG;rbs_spacer=5-10bp;gc_cont=0.539	k141_3273	921	1484	+	Loose	650	100.1	cfrE	35.03	3005023	protein homolog model	n/a	n/a	lincosamide antibiotic; streptogramin antibiotic; oxazolidinone antibiotic; phenicol antibiotic	antibiotic target alteration	Cfr 23S ribosomal RNA methyltransferase	54.65	gnl|BL_ORD_ID|4937|hsp_num:0	5914			24	549		
k141_42789_2 # 476 # 2176 # -1 # ID=5255_2;partial=00;start_type=ATG;rbs_motif=AGGAG/GGAGG;rbs_spacer=11-12bp;gc_cont=0.622	k141_42789	476	2176	-	Loose	1000	83.2	almE	22.58	3007433	protein homolog model	n/a	n/a	peptide antibiotic	antibiotic target alteration	polymyxin resistance operon; alm glycyltransferase	101.80	gnl|BL_ORD_ID|4936|hsp_num:0	5928			114	1650	colistin A; colistin B	
k141_26935_1 # 102 # 833 # -1 # ID=5274_1;partial=00;start_type=ATG;rbs_motif=AGGAGG;rbs_spacer=3-4bp;gc_cont=0.645	k141_26935	102	833	-	Loose	650	99.4	tetA(58)	31.36	3003980	protein homolog model	n/a	n/a	tetracycline antibiotic	antibiotic efflux	major facilitator superfamily (MFS) antibiotic efflux pump	70.85	gnl|BL_ORD_ID|2244|hsp_num:0	2517			51	693	tetracycline	
k141_26935_2 # 830 # 1525 # -1 # ID=5274_2;partial=01;start_type=Edge;rbs_motif=None;rbs_spacer=None;gc_cont=0.662	k141_26935	830	1525	-	Loose	650	79.0	tetA(58)	25.78	3003980	protein homolog model	n/a	n/a	tetracycline antibiotic	antibiotic efflux	major facilitator superfamily (MFS) antibiotic efflux pump	67.35	gnl|BL_ORD_ID|2244|hsp_num:0	2517			141	765	tetracycline	
k141_50767_1 # 65 # 955 # -1 # ID=5277_1;partial=00;start_type=ATG;rbs_motif=TAAA;rbs_spacer=9bp;gc_cont=0.319	k141_50767	65	955	-	Loose	590	366.3	CGA-1	64.71	3004766	protein homolog model	n/a	n/a	penam	antibiotic inactivation	CGA beta-lactamase	101.37	gnl|BL_ORD_ID|2530|hsp_num:0	3568			0	864		
k141_19144_4 # 3097 # 4200 # 1 # ID=5282_4;partial=00;start_type=ATG;rbs_motif=AGGA;rbs_spacer=5-10bp;gc_cont=0.512	k141_19144	3097	4200	+	Loose	500	123.6	RanA	30.29	3005091	protein homolog model	n/a	n/a	aminoglycoside antibiotic	antibiotic efflux	ATP-binding cassette (ABC) antibiotic efflux pump	142.25	gnl|BL_ORD_ID|2809|hsp_num:0	3825			3	717		
k141_19144_5 # 4209 # 5135 # 1 # ID=5282_5;partial=00;start_type=ATG;rbs_motif=AGGAG;rbs_spacer=5-10bp;gc_cont=0.491	k141_19144	4209	5135	+	Loose	550	40.0	NmcR	31.53	3003665	protein homolog model	n/a	n/a	carbapenem; cephalosporin; cephamycin; penam	antibiotic inactivation	NmcA beta-lactamase	104.41	gnl|BL_ORD_ID|1906|hsp_num:0	2072			60	378	cefoxitin; cefazolin; ampicillin	
k141_58699_2 # 663 # 1568 # 1 # ID=5290_2;partial=01;start_type=ATG;rbs_motif=None;rbs_spacer=None;gc_cont=0.637	k141_58699	663	1568	+	Loose	1000	119.0	msbA	28.74	3003950	protein homolog model	n/a	n/a	nitroimidazole antibiotic	antibiotic efflux	ATP-binding cassette (ABC) antibiotic efflux pump	51.89	gnl|BL_ORD_ID|2186|hsp_num:0	2423			84	822	metronidazole	
k141_11268_1 # 1 # 1179 # -1 # ID=5298_1;partial=11;start_type=Edge;rbs_motif=None;rbs_spacer=None;gc_cont=0.696	k141_11268	1	1179	-	Loose	650	65.9	tetA(58)	30.87	3003980	protein homolog model	n/a	n/a	tetracycline antibiotic	antibiotic efflux	major facilitator superfamily (MFS) antibiotic efflux pump	114.58	gnl|BL_ORD_ID|2244|hsp_num:0	2517			18	420	tetracycline	
k141_26960_1 # 2 # 394 # -1 # ID=5304_1;partial=10;start_type=TTG;rbs_motif=AGGAG;rbs_spacer=5-10bp;gc_cont=0.448	k141_26960	2	394	-	Loose	960	57.8	lsaC	35.53	3003112	protein homolog model	n/a	n/a	lincosamide antibiotic; streptogramin antibiotic; pleuromutilin antibiotic	antibiotic target protection	lsa-type ABC-F protein	26.63	gnl|BL_ORD_ID|1603|hsp_num:0	1748			924	1152	lincomycin; clindamycin; pleuromutilin	
k141_50790_1 # 2 # 241 # 1 # ID=5305_1;partial=10;start_type=Edge;rbs_motif=None;rbs_spacer=None;gc_cont=0.562	k141_50790	2	241	+	Loose	700	62.4	OmpA	47.44	3005044	protein homolog model	n/a	n/a	peptide antibiotic	reduced permeability to antibiotic	General Bacterial Porin with reduced permeability to peptide antibiotics	21.12	gnl|BL_ORD_ID|2775|hsp_num:0	3787			858	1092	polymyxin B; defensin	
k141_50790_2 # 594 # 1613 # -1 # ID=5305_2;partial=00;start_type=ATG;rbs_motif=None;rbs_spacer=None;gc_cont=0.598	k141_50790	594	1613	-	Loose	200	89.4	vanH gene in vanF cluster	29.29	3002945	protein homolog model	n/a	n/a	glycopeptide antibiotic	antibiotic target alteration	vanH; glycopeptide resistance gene cluster	105.28	gnl|BL_ORD_ID|1653|hsp_num:0	1790			96	885	vancomycin	
k141_34911_1 # 2 # 115 # -1 # ID=5308_1;partial=10;start_type=ATG;rbs_motif=GGA/GAG/AGG;rbs_spacer=5-10bp;gc_cont=0.395	k141_34911	2	115	-	Loose	180	52.8	qacL	70.27	3005098	protein homolog model	n/a	n/a	disinfecting agents and antiseptics	antibiotic efflux	small multidrug resistance (SMR) antibiotic efflux pump	34.55	gnl|BL_ORD_ID|2815|hsp_num:0	3830			0	111		
k141_3301_1 # 3 # 1385 # -1 # ID=5309_1;partial=10;start_type=ATG;rbs_motif=TAA;rbs_spacer=12bp;gc_cont=0.350	k141_3301	3	1385	-	Loose	2000	82.0	Staphylococcus aureus mupB conferring resistance to mupirocin	22.78	3000510	protein homolog model	n/a	n/a	mupirocin-like antibiotic	antibiotic target alteration	antibiotic-resistant isoleucyl-tRNA synthetase (ileS)	44.63	gnl|BL_ORD_ID|4699|hsp_num:0	2271			714	1551	mupirocin	
k141_42824_1 # 3 # 848 # 1 # ID=5313_1;partial=10;start_type=Edge;rbs_motif=None;rbs_spacer=None;gc_cont=0.521	k141_42824	3	848	+	Loose	800	92.0	OprN	31.72	3000805	protein homolog model	n/a	n/a	fluoroquinolone antibiotic; diaminopyrimidine antibiotic; phenicol antibiotic	antibiotic efflux	resistance-nodulation-cell division (RND) antibiotic efflux pump	59.53	gnl|BL_ORD_ID|294|hsp_num:0	172			642	1416	ciprofloxacin; trimethoprim; chloramphenicol; norfloxacin	
k141_50802_1 # 3 # 731 # 1 # ID=5322_1;partial=10;start_type=Edge;rbs_motif=None;rbs_spacer=None;gc_cont=0.336	k141_50802	3	731	+	Loose	375	50.4	ALI-2	22.99	3006895	protein homolog model	n/a	n/a	carbapenem	antibiotic inactivation	ALI beta-lactamase	98.78	gnl|BL_ORD_ID|3293|hsp_num:0	4361			180	681		
k141_42829_1 # 3 # 1061 # -1 # ID=5323_1;partial=11;start_type=Edge;rbs_motif=None;rbs_spacer=None;gc_cont=0.461	k141_42829	3	1061	-	Loose	850	100.1	baeS	30.89	3000829	protein homolog model	n/a	n/a	aminoglycoside antibiotic; aminocoumarin antibiotic	antibiotic efflux	resistance-nodulation-cell division (RND) antibiotic efflux pump	75.59	gnl|BL_ORD_ID|914|hsp_num:0	986			711	1278	novobiocin	
k141_19168_2 # 1309 # 2667 # -1 # ID=5327_2;partial=00;start_type=ATG;rbs_motif=AGGAG/GGAGG;rbs_spacer=11-12bp;gc_cont=0.677	k141_19168	1309	2667	-	Loose	700	156.0	ugd	30.41	3003577	protein homolog model	n/a	n/a	peptide antibiotic	antibiotic target alteration	pmr phosphoethanolamine transferase	116.49	gnl|BL_ORD_ID|895|hsp_num:0	842			0	1029	polymyxin B	
k141_19168_5 # 5376 # 6389 # 1 # ID=5327_5;partial=00;start_type=ATG;rbs_motif=GGA/GAG/AGG;rbs_spacer=5-10bp;gc_cont=0.682	k141_19168	5376	6389	+	Loose	550	184.9	PmrF	37.18	3003578	protein homolog model	n/a	n/a	peptide antibiotic	antibiotic target alteration	pmr phosphoethanolamine transferase	104.66	gnl|BL_ORD_ID|1938|hsp_num:0	2014			24	936	polymyxin B	
k141_34923_2 # 1216 # 1713 # 1 # ID=5329_2;partial=01;start_type=GTG;rbs_motif=AGGAG;rbs_spacer=5-10bp;gc_cont=0.470	k141_34923	1216	1713	+	Loose	1200	74.3	TaeA	29.63	3003986	protein homolog model	n/a	n/a	pleuromutilin antibiotic	antibiotic efflux	ATP-binding cassette (ABC) antibiotic efflux pump	25.62	gnl|BL_ORD_ID|2231|hsp_num:0	2522			6	486	pleuromutilin	
k141_42836_3 # 828 # 1484 # -1 # ID=5336_3;partial=01;start_type=Edge;rbs_motif=None;rbs_spacer=None;gc_cont=0.676	k141_42836	828	1484	-	Loose	960	62.0	efrA	28.1	3003948	protein homolog model	n/a	n/a	macrolide antibiotic; fluoroquinolone antibiotic; rifamycin antibiotic	antibiotic efflux	ATP-binding cassette (ABC) antibiotic efflux pump	37.91	gnl|BL_ORD_ID|2183|hsp_num:0	2421			1317	1671	erythromycin; ciprofloxacin; rifampin	
k141_26984_1 # 2 # 1084 # 1 # ID=5337_1;partial=11;start_type=Edge;rbs_motif=None;rbs_spacer=None;gc_cont=0.731	k141_26984	2	1084	+	Loose	480	66.6	adeR	37.5	3000553	protein homolog model	n/a	n/a	glycylcycline; tetracycline antibiotic	antibiotic efflux	resistance-nodulation-cell division (RND) antibiotic efflux pump	146.15	gnl|BL_ORD_ID|413|hsp_num:0	456			105	384	tigecycline; tetracycline	
k141_34935_2 # 253 # 1179 # 1 # ID=5350_2;partial=00;start_type=ATG;rbs_motif=None;rbs_spacer=None;gc_cont=0.615	k141_34935	253	1179	+	Loose	500	167.5	sul4	39.15	3004361	protein homolog model	n/a	n/a	sulfonamide antibiotic	antibiotic target replacement	sulfonamide resistant sul	107.32	gnl|BL_ORD_ID|2484|hsp_num:0	2875			42	819	sulfamethoxazole	
k141_50825_1 # 2 # 709 # -1 # ID=5353_1;partial=10;start_type=ATG;rbs_motif=None;rbs_spacer=None;gc_cont=0.694	k141_50825	2	709	-	Loose	750	65.5	mefC	33.58	3003745	protein homolog model	n/a	n/a	macrolide antibiotic	antibiotic efflux	major facilitator superfamily (MFS) antibiotic efflux pump	57.99	gnl|BL_ORD_ID|2050|hsp_num:0	2262			78	486		
k141_27002_2 # 788 # 1120 # -1 # ID=5371_2;partial=00;start_type=ATG;rbs_motif=GGA/GAG/AGG;rbs_spacer=5-10bp;gc_cont=0.285	k141_27002	788	1120	-	Loose	180	79.0	ykkD	40.0	3003064	protein homolog model	n/a	n/a	aminoglycoside antibiotic; tetracycline antibiotic; phenicol antibiotic	antibiotic efflux	small multidrug resistance (SMR) antibiotic efflux pump	104.76	gnl|BL_ORD_ID|320|hsp_num:0	350			3	315	streptomycin; tetracycline; chloramphenicol	
k141_27002_3 # 1132 # 1458 # -1 # ID=5371_3;partial=00;start_type=ATG;rbs_motif=AGGAG;rbs_spacer=5-10bp;gc_cont=0.312	k141_27002	1132	1458	-	Loose	180	80.1	ykkC	45.0	3003063	protein homolog model	n/a	n/a	aminoglycoside antibiotic; tetracycline antibiotic; phenicol antibiotic	antibiotic efflux	small multidrug resistance (SMR) antibiotic efflux pump	96.43	gnl|BL_ORD_ID|1687|hsp_num:0	1826			6	306	streptomycin; tetracycline; chloramphenicol	
k141_3345_2 # 489 # 1013 # 1 # ID=5377_2;partial=01;start_type=ATG;rbs_motif=AGGA;rbs_spacer=5-10bp;gc_cont=0.718	k141_3345	489	1013	+	Loose	1280	127.1	macB	41.18	3000535	protein homolog model	n/a	n/a	macrolide antibiotic	antibiotic efflux	ATP-binding cassette (ABC) antibiotic efflux pump	27.17	gnl|BL_ORD_ID|447|hsp_num:0	487			3	513	erythromycin	
k141_34952_1 # 1 # 1017 # 1 # ID=5378_1;partial=11;start_type=Edge;rbs_motif=None;rbs_spacer=None;gc_cont=0.657	k141_34952	1	1017	+	Loose	770	57.8	tet(V)	25.17	3000181	protein homolog model	n/a	n/a	tetracycline antibiotic	antibiotic efflux	major facilitator superfamily (MFS) antibiotic efflux pump	80.91	gnl|BL_ORD_ID|1042|hsp_num:0	1006			45	906	tetracycline	
k141_50837_2 # 318 # 1721 # -1 # ID=5379_2;partial=00;start_type=ATG;rbs_motif=GGA/GAG/AGG;rbs_spacer=5-10bp;gc_cont=0.375	k141_50837	318	1721	-	Loose	800	62.0	Staphylococcus aureus LmrS	25.49	3004572	protein homolog model	n/a	n/a	macrolide antibiotic; aminoglycoside antibiotic; oxazolidinone antibiotic; diaminopyrimidine antibiotic; phenicol antibiotic	antibiotic efflux	major facilitator superfamily (MFS) antibiotic efflux pump	97.29	gnl|BL_ORD_ID|2870|hsp_num:0	3276			102	537	erythromycin; streptomycin; kanamycin A; linezolid; trimethoprim; chloramphenicol; florfenicol	
k141_11320_2 # 918 # 1631 # 1 # ID=5380_2;partial=01;start_type=ATG;rbs_motif=AGGAG;rbs_spacer=5-10bp;gc_cont=0.654	k141_11320	918	1631	+	Loose	700	172.6	Acinetobacter baumannii AbaF	40.85	3004573	protein homolog model	n/a	n/a	phosphonic acid antibiotic	antibiotic efflux	major facilitator superfamily (MFS) antibiotic efflux pump	55.48	gnl|BL_ORD_ID|2717|hsp_num:0	3277			0	639	fosfomycin	
k141_42871_1 # 147 # 1064 # 1 # ID=5407_1;partial=00;start_type=ATG;rbs_motif=4Base/6BMM;rbs_spacer=13-15bp;gc_cont=0.476	k141_42871	147	1064	+	Loose	450	357.5	mreA	56.72	3007050	protein homolog model	n/a	n/a	macrolide antibiotic	antibiotic efflux	major facilitator superfamily (MFS) antibiotic efflux pump	98.07	gnl|BL_ORD_ID|4756|hsp_num:0	5749			3	918		
k141_19223_1 # 1 # 816 # -1 # ID=5411_1;partial=10;start_type=ATG;rbs_motif=GGA/GAG/AGG;rbs_spacer=5-10bp;gc_cont=0.312	k141_19223	1	816	-	Loose	890	45.8	cpxA	31.75	3000830	protein homolog model	n/a	n/a	aminoglycoside antibiotic; aminocoumarin antibiotic	antibiotic efflux	resistance-nodulation-cell division (RND) antibiotic efflux pump	59.52	gnl|BL_ORD_ID|132|hsp_num:0	152			699	888	novobiocin	
k141_19223_2 # 839 # 1507 # -1 # ID=5411_2;partial=00;start_type=ATG;rbs_motif=AGGAG;rbs_spacer=5-10bp;gc_cont=0.332	k141_19223	839	1507	-	Loose	410	147.9	arlR	35.78	3000838	protein homolog model	n/a	n/a	fluoroquinolone antibiotic; disinfecting agents and antiseptics	antibiotic efflux	major facilitator superfamily (MFS) antibiotic efflux pump	101.37	gnl|BL_ORD_ID|1275|hsp_num:0	1390			6	654	ciprofloxacin; acriflavine; norfloxacin	
k141_42873_4 # 1505 # 3259 # 1 # ID=5414_4;partial=00;start_type=ATG;rbs_motif=None;rbs_spacer=None;gc_cont=0.330	k141_42873	1505	3259	+	Loose	1000	281.2	msbA	32.3	3003950	protein homolog model	n/a	n/a	nitroimidazole antibiotic	antibiotic efflux	ATP-binding cassette (ABC) antibiotic efflux pump	100.34	gnl|BL_ORD_ID|2186|hsp_num:0	2423			9	1737	metronidazole	
k141_50862_1 # 133 # 996 # 1 # ID=5417_1;partial=00;start_type=ATG;rbs_motif=None;rbs_spacer=None;gc_cont=0.316	k141_50862	133	996	+	Perfect	500	587.0	aadS	100.0	3004683	protein homolog model	n/a	n/a	aminoglycoside antibiotic	antibiotic inactivation	ANT(6)	100.00	gnl|BL_ORD_ID|2238|hsp_num:0	3382			0	861	streptomycin	
k141_11341_1 # 3 # 803 # -1 # ID=5426_1;partial=10;start_type=ATG;rbs_motif=AGGAG;rbs_spacer=5-10bp;gc_cont=0.640	k141_11341	3	803	-	Loose	700	120.6	Acinetobacter baumannii AbaF	31.8	3004573	protein homolog model	n/a	n/a	phosphonic acid antibiotic	antibiotic efflux	major facilitator superfamily (MFS) antibiotic efflux pump	62.24	gnl|BL_ORD_ID|2717|hsp_num:0	3277			9	726	fosfomycin	
k141_34967_4 # 1830 # 2789 # -1 # ID=5427_4;partial=01;start_type=Edge;rbs_motif=None;rbs_spacer=None;gc_cont=0.691	k141_34967	1830	2789	-	Loose	850	289.7	OprM	56.63	3000379	protein homolog model	n/a	n/a	macrolide antibiotic; fluoroquinolone antibiotic; monobactam; aminoglycoside antibiotic; carbapenem; cephalosporin; cephamycin; penam; tetracycline antibiotic; peptide antibiotic; aminocoumarin antibiotic; diaminopyrimidine antibiotic; sulfonamide antibiotic; phenicol antibiotic; penem; disinfecting agents and antiseptics	antibiotic efflux	resistance-nodulation-cell division (RND) antibiotic efflux pump	65.77	gnl|BL_ORD_ID|2356|hsp_num:0	1305			483	1398	erythromycin; amikacin; gentamicin C; ciprofloxacin; acriflavine; tetracycline; tobramycin; ceftazidime; ceftriaxone; meropenem; novobiocin; azithromycin; trimethoprim; sulfamethoxazole; chloramphenicol; thiamphenicol; aztreonam; colistin A; colistin B; ampicillin; nalidixic acid; norfloxacin; ofloxacin; panipenem; ticarcillin; trimethoprim-sulfamethoxazole; gentamicin	
k141_50870_1 # 2 # 868 # -1 # ID=5433_1;partial=10;start_type=ATG;rbs_motif=None;rbs_spacer=None;gc_cont=0.631	k141_50870	2	868	-	Loose	550	46.6	NmcR	26.28	3003665	protein homolog model	n/a	n/a	carbapenem; cephalosporin; cephamycin; penam	antibiotic inactivation	NmcA beta-lactamase	97.97	gnl|BL_ORD_ID|1906|hsp_num:0	2072			27	423	cefoxitin; cefazolin; ampicillin	
k141_27065_1 # 1 # 1026 # -1 # ID=5453_1;partial=11;start_type=Edge;rbs_motif=None;rbs_spacer=None;gc_cont=0.545	k141_27065	1	1026	-	Loose	910	42.4	smeS	32.41	3003067	protein homolog model	n/a	n/a	aminoglycoside antibiotic; cephalosporin; cephamycin; penam	antibiotic efflux	resistance-nodulation-cell division (RND) antibiotic efflux pump	73.23	gnl|BL_ORD_ID|313|hsp_num:0	342			519	840		
k141_27070_2 # 1065 # 1766 # -1 # ID=5464_2;partial=00;start_type=ATG;rbs_motif=GGA/GAG/AGG;rbs_spacer=5-10bp;gc_cont=0.597	k141_27070	1065	1766	-	Loose	400	72.4	Pseudomonas aeruginosa CpxR	35.16	3004054	protein homolog model	n/a	n/a	macrolide antibiotic; fluoroquinolone antibiotic; monobactam; aminoglycoside antibiotic; carbapenem; cephalosporin; cephamycin; penam; tetracycline antibiotic; peptide antibiotic; aminocoumarin antibiotic; diaminopyrimidine antibiotic; sulfonamide antibiotic; phenicol antibiotic; penem	antibiotic efflux	resistance-nodulation-cell division (RND) antibiotic efflux pump	103.56	gnl|BL_ORD_ID|2301|hsp_num:0	2685			0	381	erythromycin; ciprofloxacin; tetracycline; ceftazidime; ceftriaxone; meropenem; novobiocin; azithromycin; trimethoprim; sulfamethoxazole; chloramphenicol; aztreonam; colistin A; colistin B; ampicillin; panipenem; trimethoprim-sulfamethoxazole	
k141_27070_3 # 1951 # 2178 # -1 # ID=5464_3;partial=01;start_type=Edge;rbs_motif=None;rbs_spacer=None;gc_cont=0.632	k141_27070	1951	2178	-	Loose	900	39.3	basS	33.8	3003583	protein homolog model	n/a	n/a	peptide antibiotic	antibiotic target alteration; antibiotic efflux	pmr phosphoethanolamine transferase	15.72	gnl|BL_ORD_ID|2351|hsp_num:0	249			1209	1419	polymyxin B	
k141_19251_2 # 217 # 1119 # 1 # ID=5477_2;partial=01;start_type=ATG;rbs_motif=GGA/GAG/AGG;rbs_spacer=5-10bp;gc_cont=0.672	k141_19251	217	1119	+	Loose	1900	214.5	MexW	37.21	3003031	protein homolog model	n/a	n/a	macrolide antibiotic; fluoroquinolone antibiotic; tetracycline antibiotic; phenicol antibiotic; disinfecting agents and antiseptics	antibiotic efflux	resistance-nodulation-cell division (RND) antibiotic efflux pump	29.57	gnl|BL_ORD_ID|2019|hsp_num:0	2208			0	903	erythromycin; acriflavine; tetracycline; chloramphenicol	
k141_19266_2 # 315 # 941 # 1 # ID=5500_2;partial=00;start_type=ATG;rbs_motif=AGGAG;rbs_spacer=5-10bp;gc_cont=0.344	k141_19266	315	941	+	Loose	550	65.9	LRA-12	34.35	3002511	protein homolog model	n/a	n/a	cephalosporin; penam	antibiotic inactivation	subclass B3 LRA beta-lactamase	70.99	gnl|BL_ORD_ID|10|hsp_num:0	13			180	555		
k141_3414_1 # 1 # 867 # -1 # ID=5504_1;partial=10;start_type=ATG;rbs_motif=GGA/GAG/AGG;rbs_spacer=5-10bp;gc_cont=0.646	k141_3414	1	867	-	Loose	350	146.4	vanI	36.03	3003723	protein homolog model	n/a	n/a	glycopeptide antibiotic	antibiotic target alteration	glycopeptide resistance gene cluster; Van ligase	83.05	gnl|BL_ORD_ID|2044|hsp_num:0	2241			213	945	vancomycin; teicoplanin	
k141_58853_1 # 1 # 1251 # 1 # ID=5523_1;partial=10;start_type=Edge;rbs_motif=None;rbs_spacer=None;gc_cont=0.360	k141_58853	1	1251	+	Loose	300	88.6	tet(36)	23.23	3000197	protein homolog model	n/a	n/a	tetracycline antibiotic	antibiotic target protection	tetracycline-resistant ribosomal protection protein	65.00	gnl|BL_ORD_ID|1676|hsp_num:0	1708			312	1251	tetracycline; doxycycline; minocycline; chlortetracycline; demeclocycline; oxytetracycline	
k141_58854_2 # 410 # 1087 # -1 # ID=5525_2;partial=01;start_type=Edge;rbs_motif=None;rbs_spacer=None;gc_cont=0.432	k141_58854	410	1087	-	Loose	2300	81.6	evgS	28.07	3000833	protein homolog model	n/a	n/a	macrolide antibiotic; fluoroquinolone antibiotic; penam; tetracycline antibiotic	antibiotic efflux	major facilitator superfamily (MFS) antibiotic efflux pump; resistance-nodulation-cell division (RND) antibiotic efflux pump	18.80	gnl|BL_ORD_ID|1215|hsp_num:0	1318			2190	2862	erythromycin; cloxacillin; tetracycline; oxacillin; norfloxacin	
k141_3420_3 # 2409 # 4388 # 1 # ID=5531_3;partial=00;start_type=ATG;rbs_motif=GGAG/GAGG;rbs_spacer=5-10bp;gc_cont=0.355	k141_3420	2409	4388	+	Loose	400	48.1	TxR	28.48	3005008	protein homolog model	n/a	n/a	tetracycline antibiotic	antibiotic efflux	ATP-binding cassette (ABC) antibiotic efflux pump	207.23	gnl|BL_ORD_ID|4725|hsp_num:0	3753			42	435	tetracycline	
k141_27107_1 # 178 # 843 # -1 # ID=5534_1;partial=00;start_type=ATG;rbs_motif=None;rbs_spacer=None;gc_cont=0.351	k141_27107	178	843	-	Loose	450	43.1	tsnR	26.0	3003060	protein homolog model	n/a	n/a	peptide antibiotic	antibiotic target alteration	non-erm 23S ribosomal RNA methyltransferase (A1067)	81.85	gnl|BL_ORD_ID|149|hsp_num:0	49			330	774	thiostrepton	
k141_50938_2 # 582 # 1664 # -1 # ID=5535_2;partial=01;start_type=Edge;rbs_motif=None;rbs_spacer=None;gc_cont=0.699	k141_50938	582	1664	-	Loose	400	163.3	TxR	44.5	3005008	protein homolog model	n/a	n/a	tetracycline antibiotic	antibiotic efflux	ATP-binding cassette (ABC) antibiotic efflux pump	113.21	gnl|BL_ORD_ID|4725|hsp_num:0	3753			219	783	tetracycline	
k141_42956_2 # 491 # 955 # 1 # ID=5548_2;partial=00;start_type=ATG;rbs_motif=None;rbs_spacer=None;gc_cont=0.675	k141_42956	491	955	+	Loose	270	75.1	mgrA	33.09	3000815	protein homolog model	n/a	n/a	fluoroquinolone antibiotic; cephalosporin; penam; tetracycline antibiotic; peptide antibiotic; disinfecting agents and antiseptics	antibiotic efflux	ATP-binding cassette (ABC) antibiotic efflux pump; major facilitator superfamily (MFS) antibiotic efflux pump	104.76	gnl|BL_ORD_ID|134|hsp_num:0	154			18	435	methicillin; ciprofloxacin; acriflavine; tetracycline; daptomycin; moxifloxacin; cefotaxime; norfloxacin; sparfloxacin; moenomycin A1	
k141_19291_2 # 172 # 1074 # -1 # ID=5549_2;partial=00;start_type=ATG;rbs_motif=None;rbs_spacer=None;gc_cont=0.703	k141_19291	172	1074	-	Loose	550	41.6	NmcR	42.19	3003665	protein homolog model	n/a	n/a	carbapenem; cephalosporin; cephamycin; penam	antibiotic inactivation	NmcA beta-lactamase	101.69	gnl|BL_ORD_ID|1906|hsp_num:0	2072			12	204	cefoxitin; cefazolin; ampicillin	
k141_50960_1 # 1 # 459 # 1 # ID=5560_1;partial=10;start_type=Edge;rbs_motif=None;rbs_spacer=None;gc_cont=0.288	k141_50960	1	459	+	Loose	500	103.2	bacA	39.86	3002986	protein homolog model	n/a	n/a	peptide antibiotic	antibiotic target alteration	undecaprenyl pyrophosphate related proteins	55.68	gnl|BL_ORD_ID|1682|hsp_num:0	1820			375	819	bacitracin; bacitracin A; bacitracin B; bacitracin F	
k141_3443_1 # 178 # 1512 # 1 # ID=5566_1;partial=01;start_type=ATG;rbs_motif=AGGAG;rbs_spacer=5-10bp;gc_cont=0.526	k141_3443	178	1512	+	Loose	1500	221.5	rphB	34.27	3003992	protein homolog model	n/a	n/a	rifamycin antibiotic	antibiotic inactivation	rifampin phosphotransferase	50.34	gnl|BL_ORD_ID|2236|hsp_num:0	2528			12	1248	rifampin; rifaximin; rifabutin; rifapentine	
k141_42976_1 # 3 # 161 # -1 # ID=5578_1;partial=10;start_type=ATG;rbs_motif=None;rbs_spacer=None;gc_cont=0.509	k141_42976	3	161	-	Loose	900	45.4	lsaD	39.62	3005121	protein homolog model	n/a	n/a	lincosamide antibiotic; streptogramin antibiotic; streptogramin A antibiotic; pleuromutilin antibiotic	antibiotic target protection	lsa-type ABC-F protein	10.66	gnl|BL_ORD_ID|4774|hsp_num:0	3847			0	159	lincomycin; clindamycin; virginiamycin M1; tiamulin	
k141_11446_2 # 397 # 942 # -1 # ID=5582_2;partial=00;start_type=GTG;rbs_motif=None;rbs_spacer=None;gc_cont=0.709	k141_11446	397	942	-	Loose	500	46.2	LlmA 23S ribosomal RNA methyltransferase	32.93	3003982	protein homolog model	n/a	n/a	lincosamide antibiotic	antibiotic target alteration	Llm 23S ribosomal RNA methyltransferase	63.07	gnl|BL_ORD_ID|2228|hsp_num:0	2519			351	594	clindamycin	
k141_3458_3 # 2118 # 2792 # -1 # ID=5590_3;partial=01;start_type=Edge;rbs_motif=None;rbs_spacer=None;gc_cont=0.673	k141_3458	2118	2792	-	Loose	500	58.9	RanA	34.69	3005091	protein homolog model	n/a	n/a	aminoglycoside antibiotic	antibiotic efflux	ATP-binding cassette (ABC) antibiotic efflux pump	86.82	gnl|BL_ORD_ID|2809|hsp_num:0	3825			369	663		
k141_3467_1 # 812 # 2539 # 1 # ID=5607_1;partial=00;start_type=TTG;rbs_motif=GGAG/GAGG;rbs_spacer=5-10bp;gc_cont=0.507	k141_3467	812	2539	+	Loose	1100	633.3	tetA(46)	55.05	3004032	protein homolog model	n/a	n/a	tetracycline antibiotic	antibiotic efflux	ATP-binding cassette (ABC) antibiotic efflux pump	100.17	gnl|BL_ORD_ID|2309|hsp_num:0	2643			0	1722	tetracycline	
k141_42997_1 # 3 # 539 # 1 # ID=5611_1;partial=10;start_type=Edge;rbs_motif=None;rbs_spacer=None;gc_cont=0.676	k141_42997	3	539	+	Loose	400	41.2	CRP	27.18	3000518	protein homolog model	n/a	n/a	macrolide antibiotic; fluoroquinolone antibiotic; penam	antibiotic efflux	resistance-nodulation-cell division (RND) antibiotic efflux pump	84.76	gnl|BL_ORD_ID|804|hsp_num:0	869			72	381	erythromycin; cloxacillin; oxacillin; norfloxacin	
k141_50991_3 # 1297 # 1941 # 1 # ID=5614_3;partial=00;start_type=ATG;rbs_motif=AGGAG;rbs_spacer=5-10bp;gc_cont=0.664	k141_50991	1297	1941	+	Loose	700	63.9	OmpA	36.44	3005044	protein homolog model	n/a	n/a	peptide antibiotic	reduced permeability to antibiotic	General Bacterial Porin with reduced permeability to peptide antibiotics	57.22	gnl|BL_ORD_ID|2775|hsp_num:0	3787			732	1086	polymyxin B; defensin	
k141_50991_4 # 2001 # 2504 # -1 # ID=5614_4;partial=01;start_type=Edge;rbs_motif=None;rbs_spacer=None;gc_cont=0.657	k141_50991	2001	2504	-	Loose	300	57.0	Escherichia coli uhpA with mutation conferring resistance to fosfomycin	31.65	3003893	protein variant model	G97D	n/a	phosphonic acid antibiotic	antibiotic target alteration	antibiotic-resistant UhpT	85.20	gnl|BL_ORD_ID|2140|hsp_num:0	2374			129	585	fosfomycin	
k141_50992_1 # 50 # 1213 # -1 # ID=5616_1;partial=00;start_type=GTG;rbs_motif=GGAG/GAGG;rbs_spacer=5-10bp;gc_cont=0.324	k141_50992	50	1213	-	Loose	700	46.2	tet(Z)	21.38	3000183	protein homolog model	n/a	n/a	tetracycline antibiotic	antibiotic efflux	major facilitator superfamily (MFS) antibiotic efflux pump	100.78	gnl|BL_ORD_ID|1794|hsp_num:0	1885			48	936	tetracycline	
k141_3472_1 # 3 # 395 # 1 # ID=5618_1;partial=10;start_type=Edge;rbs_motif=None;rbs_spacer=None;gc_cont=0.351	k141_3472	3	395	+	Loose	890	55.8	OprA	28.81	3003039	protein homolog model	n/a	n/a	macrolide antibiotic; fluoroquinolone antibiotic; aminoglycoside antibiotic; carbapenem; tetracycline antibiotic	antibiotic efflux	resistance-nodulation-cell division (RND) antibiotic efflux pump	27.84	gnl|BL_ORD_ID|1504|hsp_num:0	1570			1038	1392	erythromycin; amikacin; gentamicin C; ciprofloxacin; tetracycline; tobramycin; meropenem; arbekacin; norfloxacin; ofloxacin; gentamicin	
k141_3472_2 # 545 # 1147 # 1 # ID=5618_2;partial=00;start_type=ATG;rbs_motif=TAA;rbs_spacer=12bp;gc_cont=0.335	k141_3472	545	1147	+	Loose	400	68.9	CRP	26.98	3000518	protein homolog model	n/a	n/a	macrolide antibiotic; fluoroquinolone antibiotic; penam	antibiotic efflux	resistance-nodulation-cell division (RND) antibiotic efflux pump	95.24	gnl|BL_ORD_ID|804|hsp_num:0	869			42	606	erythromycin; cloxacillin; oxacillin; norfloxacin	
k141_58909_1 # 1 # 1338 # 1 # ID=5627_1;partial=10;start_type=Edge;rbs_motif=None;rbs_spacer=None;gc_cont=0.661	k141_58909	1	1338	+	Loose	500	190.7	bcr-1	33.33	3003801	protein homolog model	n/a	n/a	bicyclomycin-like antibiotic	antibiotic efflux	major facilitator superfamily (MFS) antibiotic efflux pump	110.70	gnl|BL_ORD_ID|2333|hsp_num:0	2303			24	1185	bicyclomycin	
k141_35098_2 # 963 # 1679 # -1 # ID=5636_2;partial=00;start_type=GTG;rbs_motif=AGGAG;rbs_spacer=5-10bp;gc_cont=0.678	k141_35098	963	1679	-	Loose	390	55.8	evgA	23.29	3000832	protein homolog model	n/a	n/a	macrolide antibiotic; fluoroquinolone antibiotic; penam; tetracycline antibiotic	antibiotic efflux	major facilitator superfamily (MFS) antibiotic efflux pump; resistance-nodulation-cell division (RND) antibiotic efflux pump	116.67	gnl|BL_ORD_ID|937|hsp_num:0	1015			9	594	erythromycin; cloxacillin; tetracycline; oxacillin; norfloxacin	
k141_35100_2 # 906 # 1658 # -1 # ID=5653_2;partial=00;start_type=ATG;rbs_motif=GGAGG;rbs_spacer=5-10bp;gc_cont=0.649	k141_35100	906	1658	-	Loose	1280	133.7	macB	37.95	3000535	protein homolog model	n/a	n/a	macrolide antibiotic	antibiotic efflux	ATP-binding cassette (ABC) antibiotic efflux pump	38.82	gnl|BL_ORD_ID|447|hsp_num:0	487			9	669	erythromycin	
k141_35100_8 # 6998 # 8077 # 1 # ID=5653_8;partial=01;start_type=ATG;rbs_motif=None;rbs_spacer=None;gc_cont=0.685	k141_35100	6998	8077	+	Loose	450	61.2	RanB	25.6	3005090	protein homolog model	n/a	n/a	aminoglycoside antibiotic	antibiotic efflux	ATP-binding cassette (ABC) antibiotic efflux pump	142.29	gnl|BL_ORD_ID|2808|hsp_num:0	3824			12	624		
k141_11513_1 # 2 # 1375 # 1 # ID=5679_1;partial=10;start_type=Edge;rbs_motif=None;rbs_spacer=None;gc_cont=0.670	k141_11513	2	1375	+	Loose	1190	233.8	novA	35.61	3002522	protein homolog model	n/a	n/a	aminocoumarin antibiotic	antibiotic efflux	ATP-binding cassette (ABC) antibiotic efflux pump	74.31	gnl|BL_ORD_ID|1113|hsp_num:0	1210			555	1788	novobiocin	
k141_3516_1 # 1 # 618 # -1 # ID=5683_1;partial=10;start_type=ATG;rbs_motif=TAAA;rbs_spacer=5bp;gc_cont=0.359	k141_3516	1	618	-	Loose	570	119.4	bcrA	32.69	3002987	protein homolog model	n/a	n/a	peptide antibiotic	antibiotic efflux	ATP-binding cassette (ABC) antibiotic efflux pump	67.32	gnl|BL_ORD_ID|316|hsp_num:0	345			9	618	bacitracin; bacitracin A; bacitracin B; bacitracin F	
k141_19412_1 # 2 # 1075 # -1 # ID=5718_1;partial=11;start_type=Edge;rbs_motif=None;rbs_spacer=None;gc_cont=0.319	k141_19412	2	1075	-	Loose	850	130.6	abeM	30.03	3000753	protein homolog model	n/a	n/a	fluoroquinolone antibiotic; disinfecting agents and antiseptics	antibiotic efflux	multidrug and toxic compound extrusion (MATE) transporter	79.91	gnl|BL_ORD_ID|1255|hsp_num:0	1368			48	1119	ciprofloxacin; acriflavine; norfloxacin; ofloxacin; triclosan	
k141_3543_1 # 1 # 636 # 1 # ID=5729_1;partial=10;start_type=Edge;rbs_motif=None;rbs_spacer=None;gc_cont=0.624	k141_3543	1	636	+	Loose	900	49.7	basS	25.76	3003583	protein homolog model	n/a	n/a	peptide antibiotic	antibiotic target alteration; antibiotic efflux	pmr phosphoethanolamine transferase	44.23	gnl|BL_ORD_ID|2351|hsp_num:0	249			822	1374	polymyxin B	
k141_3543_2 # 841 # 1521 # 1 # ID=5729_2;partial=00;start_type=ATG;rbs_motif=3Base/5BMM;rbs_spacer=13-15bp;gc_cont=0.636	k141_3543	841	1521	+	Loose	400	61.2	Pseudomonas aeruginosa CpxR	32.03	3004054	protein homolog model	n/a	n/a	macrolide antibiotic; fluoroquinolone antibiotic; monobactam; aminoglycoside antibiotic; carbapenem; cephalosporin; cephamycin; penam; tetracycline antibiotic; peptide antibiotic; aminocoumarin antibiotic; diaminopyrimidine antibiotic; sulfonamide antibiotic; phenicol antibiotic; penem	antibiotic efflux	resistance-nodulation-cell division (RND) antibiotic efflux pump	100.44	gnl|BL_ORD_ID|2301|hsp_num:0	2685			0	381	erythromycin; ciprofloxacin; tetracycline; ceftazidime; ceftriaxone; meropenem; novobiocin; azithromycin; trimethoprim; sulfamethoxazole; chloramphenicol; aztreonam; colistin A; colistin B; ampicillin; panipenem; trimethoprim-sulfamethoxazole	
k141_58982_2 # 205 # 1152 # -1 # ID=5730_2;partial=00;start_type=ATG;rbs_motif=None;rbs_spacer=None;gc_cont=0.347	k141_58982	205	1152	-	Loose	1200	122.1	arnA	31.28	3002985	protein homolog model	n/a	n/a	peptide antibiotic	antibiotic target alteration	pmr phosphoethanolamine transferase	47.58	gnl|BL_ORD_ID|1514|hsp_num:0	1643			9	720	polymyxin B	
k141_43044_3 # 968 # 2362 # -1 # ID=5734_3;partial=00;start_type=ATG;rbs_motif=GGA/GAG/AGG;rbs_spacer=5-10bp;gc_cont=0.550	k141_43044	968	2362	-	Loose	900	163.7	adeH	28.9	3000779	protein homolog model	n/a	n/a	fluoroquinolone antibiotic; tetracycline antibiotic	antibiotic efflux	resistance-nodulation-cell division (RND) antibiotic efflux pump	96.07	gnl|BL_ORD_ID|494|hsp_num:0	542			39	1437	tetracycline	
k141_43044_4 # 2385 # 4439 # -1 # ID=5734_4;partial=00;start_type=ATG;rbs_motif=None;rbs_spacer=None;gc_cont=0.569	k141_43044	2385	4439	-	Loose	1280	690.6	macB	54.68	3000535	protein homolog model	n/a	n/a	macrolide antibiotic	antibiotic efflux	ATP-binding cassette (ABC) antibiotic efflux pump	106.21	gnl|BL_ORD_ID|447|hsp_num:0	487			3	1932	erythromycin	
k141_43044_5 # 4512 # 5672 # -1 # ID=5734_5;partial=00;start_type=ATG;rbs_motif=GGA/GAG/AGG;rbs_spacer=5-10bp;gc_cont=0.541	k141_43044	4512	5672	-	Loose	760	274.6	macA	44.44	3000533	protein homolog model	n/a	n/a	macrolide antibiotic	antibiotic efflux	ATP-binding cassette (ABC) antibiotic efflux pump	98.47	gnl|BL_ORD_ID|1547|hsp_num:0	1680			69	1170	erythromycin	
k141_19419_2 # 307 # 1074 # -1 # ID=5737_2;partial=01;start_type=Edge;rbs_motif=None;rbs_spacer=None;gc_cont=0.725	k141_19419	307	1074	-	Loose	400	101.3	TxR	39.44	3005008	protein homolog model	n/a	n/a	tetracycline antibiotic	antibiotic efflux	ATP-binding cassette (ABC) antibiotic efflux pump	80.19	gnl|BL_ORD_ID|4725|hsp_num:0	3753			390	804	tetracycline	
k141_11537_4 # 2882 # 4000 # -1 # ID=5738_4;partial=00;start_type=ATG;rbs_motif=None;rbs_spacer=None;gc_cont=0.567	k141_11537	2882	4000	-	Loose	175	151.8	vanT gene in vanG cluster	29.0	3002972	protein homolog model	n/a	n/a	glycopeptide antibiotic	antibiotic target alteration	glycopeptide resistance gene cluster; vanT	52.25	gnl|BL_ORD_ID|1523|hsp_num:0	1561			1044	2124	vancomycin	
k141_11537_5 # 4259 # 5524 # 1 # ID=5738_5;partial=00;start_type=ATG;rbs_motif=None;rbs_spacer=None;gc_cont=0.502	k141_11537	4259	5524	+	Loose	770	43.9	tet(V)	24.18	3000181	protein homolog model	n/a	n/a	tetracycline antibiotic	antibiotic efflux	major facilitator superfamily (MFS) antibiotic efflux pump	100.48	gnl|BL_ORD_ID|1042|hsp_num:0	1006			54	1044	tetracycline	
k141_58989_2 # 767 # 1432 # -1 # ID=5740_2;partial=00;start_type=ATG;rbs_motif=GGA/GAG/AGG;rbs_spacer=5-10bp;gc_cont=0.601	k141_58989	767	1432	-	Loose	390	55.1	evgA	21.35	3000832	protein homolog model	n/a	n/a	macrolide antibiotic; fluoroquinolone antibiotic; penam; tetracycline antibiotic	antibiotic efflux	major facilitator superfamily (MFS) antibiotic efflux pump; resistance-nodulation-cell division (RND) antibiotic efflux pump	108.33	gnl|BL_ORD_ID|937|hsp_num:0	1015			12	570	erythromycin; cloxacillin; tetracycline; oxacillin; norfloxacin	
k141_3554_1 # 1 # 834 # -1 # ID=5746_1;partial=10;start_type=ATG;rbs_motif=GGA/GAG/AGG;rbs_spacer=5-10bp;gc_cont=0.484	k141_3554	1	834	-	Loose	700	189.5	Acinetobacter baumannii AbaF	37.74	3004573	protein homolog model	n/a	n/a	phosphonic acid antibiotic	antibiotic efflux	major facilitator superfamily (MFS) antibiotic efflux pump	64.80	gnl|BL_ORD_ID|2717|hsp_num:0	3277			18	789	fosfomycin	
k141_35178_2 # 315 # 1964 # -1 # ID=5755_2;partial=00;start_type=TTG;rbs_motif=AGGAG;rbs_spacer=5-10bp;gc_cont=0.336	k141_35178	315	1964	-	Loose	400	172.6	ArnT	29.56	3005053	protein homolog model	n/a	n/a	peptide antibiotic	antibiotic target alteration	pmr phosphoethanolamine transferase	99.64	gnl|BL_ORD_ID|2784|hsp_num:0	3795			3	1485	colistin A; colistin B	
k141_3560_1 # 3 # 1481 # 1 # ID=5757_1;partial=11;start_type=Edge;rbs_motif=None;rbs_spacer=None;gc_cont=0.336	k141_3560	3	1481	+	Loose	600	46.2	oleC	32.03	3003748	protein homolog model	n/a	n/a	macrolide antibiotic	antibiotic efflux	ATP-binding cassette (ABC) antibiotic efflux pump	151.69	gnl|BL_ORD_ID|2051|hsp_num:0	2264			315	678	oleandomycin	
k141_59002_1 # 52 # 918 # 1 # ID=5762_1;partial=00;start_type=ATG;rbs_motif=GGA/GAG/AGG;rbs_spacer=5-10bp;gc_cont=0.652	k141_59002	52	918	+	Loose	570	93.6	bcrA	28.0	3002987	protein homolog model	n/a	n/a	peptide antibiotic	antibiotic efflux	ATP-binding cassette (ABC) antibiotic efflux pump	94.12	gnl|BL_ORD_ID|316|hsp_num:0	345			9	684	bacitracin; bacitracin A; bacitracin B; bacitracin F	
k141_43057_5 # 1335 # 2036 # -1 # ID=5764_5;partial=01;start_type=Edge;rbs_motif=None;rbs_spacer=None;gc_cont=0.635	k141_43057	1335	2036	-	Loose	525	51.6	DHT2-1	30.77	3006872	protein homolog model	n/a	n/a	carbapenem	antibiotic inactivation	DHT2 beta-lactamase	77.15	gnl|BL_ORD_ID|3516|hsp_num:0	4584			330	603		
k141_59006_1 # 2 # 574 # 1 # ID=5769_1;partial=10;start_type=Edge;rbs_motif=None;rbs_spacer=None;gc_cont=0.377	k141_59006	2	574	+	Loose	480	47.0	adeR	26.79	3000553	protein homolog model	n/a	n/a	glycylcycline; tetracycline antibiotic	antibiotic efflux	resistance-nodulation-cell division (RND) antibiotic efflux pump	76.92	gnl|BL_ORD_ID|413|hsp_num:0	456			150	483	tigecycline; tetracycline	
k141_11555_1 # 307 # 1269 # 1 # ID=5776_1;partial=00;start_type=ATG;rbs_motif=GGAG/GAGG;rbs_spacer=5-10bp;gc_cont=0.467	k141_11555	307	1269	+	Loose	600	82.0	Burkholderia pseudomallei Omp38	29.71	3004123	protein homolog model	n/a	n/a	monobactam; carbapenem; cephalosporin; cephamycin; penam; penem	reduced permeability to antibiotic	General Bacterial Porin with reduced permeability to beta-lactams	85.56	gnl|BL_ORD_ID|2403|hsp_num:0	2786			0	840	cefoxitin; ceftazidime; imipenem; benzylpenicillin	
k141_35201_1 # 1 # 1131 # -1 # ID=5784_1;partial=10;start_type=ATG;rbs_motif=None;rbs_spacer=None;gc_cont=0.448	k141_35201	1	1131	-	Loose	800	49.7	efmA	19.37	3003954	protein homolog model	n/a	n/a	macrolide antibiotic; fluoroquinolone antibiotic	antibiotic efflux	major facilitator superfamily (MFS) antibiotic efflux pump	88.08	gnl|BL_ORD_ID|2188|hsp_num:0	2426			0	921	erythromycin	
k141_27279_2 # 849 # 1982 # 1 # ID=5785_2;partial=01;start_type=TTG;rbs_motif=AGGA;rbs_spacer=5-10bp;gc_cont=0.646	k141_27279	849	1982	+	Loose	800	131.3	Staphylococcus aureus LmrS	26.09	3004572	protein homolog model	n/a	n/a	macrolide antibiotic; aminoglycoside antibiotic; oxazolidinone antibiotic; diaminopyrimidine antibiotic; phenicol antibiotic	antibiotic efflux	major facilitator superfamily (MFS) antibiotic efflux pump	78.75	gnl|BL_ORD_ID|2870|hsp_num:0	3276			24	1098	erythromycin; streptomycin; kanamycin A; linezolid; trimethoprim; chloramphenicol; florfenicol	
k141_43079_3 # 895 # 1197 # -1 # ID=5800_3;partial=01;start_type=Edge;rbs_motif=None;rbs_spacer=None;gc_cont=0.594	k141_43079	895	1197	-	Loose	900	58.9	basS	41.67	3003583	protein homolog model	n/a	n/a	peptide antibiotic	antibiotic target alteration; antibiotic efflux	pmr phosphoethanolamine transferase	20.96	gnl|BL_ORD_ID|2351|hsp_num:0	249			1155	1371	polymyxin B	
k141_3590_2 # 507 # 890 # -1 # ID=5801_2;partial=00;start_type=ATG;rbs_motif=None;rbs_spacer=None;gc_cont=0.654	k141_3590	507	890	-	Loose	250	38.5	CrcB	28.45	3005049	protein homolog model	n/a	n/a	aminoglycoside antibiotic	antibiotic efflux	multidrug and toxic compound extrusion (MATE) transporter	92.70	gnl|BL_ORD_ID|2781|hsp_num:0	3792			15	354		
k141_35217_1 # 3 # 974 # 1 # ID=5810_1;partial=10;start_type=Edge;rbs_motif=None;rbs_spacer=None;gc_cont=0.692	k141_35217	3	974	+	Loose	450	74.7	baeR	30.62	3000828	protein homolog model	n/a	n/a	aminoglycoside antibiotic; aminocoumarin antibiotic	antibiotic efflux	resistance-nodulation-cell division (RND) antibiotic efflux pump	134.58	gnl|BL_ORD_ID|1232|hsp_num:0	1337			72	531	novobiocin	
k141_59043_1 # 3 # 935 # 1 # ID=5824_1;partial=10;start_type=Edge;rbs_motif=None;rbs_spacer=None;gc_cont=0.651	k141_59043	3	935	+	Loose	1300	98.6	optrA	32.16	3003746	protein homolog model	n/a	n/a	oxazolidinone antibiotic; phenicol antibiotic	antibiotic target protection	Miscellaneous ABC-F subfamily ATP-binding cassette ribosomal protection proteins	47.33	gnl|BL_ORD_ID|2070|hsp_num:0	2263			1182	1668	linezolid; chloramphenicol; florfenicol; tedizolid	
k141_27317_2 # 296 # 1744 # -1 # ID=5839_2;partial=00;start_type=ATG;rbs_motif=3Base/5BMM;rbs_spacer=13-15bp;gc_cont=0.508	k141_27317	296	1744	-	Loose	1100	62.4	salA	23.53	3003749	protein homolog model	n/a	n/a	lincosamide antibiotic; streptogramin antibiotic; streptogramin A antibiotic; pleuromutilin antibiotic	antibiotic target protection	sal-type ABC-F protein	89.09	gnl|BL_ORD_ID|2052|hsp_num:0	2265			969	1452	lincomycin; clindamycin; virginiamycin M1; tiamulin; retapamulin	
k141_51131_2 # 747 # 2927 # 1 # ID=5844_2;partial=01;start_type=ATG;rbs_motif=None;rbs_spacer=None;gc_cont=0.584	k141_51131	747	2927	+	Loose	1050	43.5	lmrC	29.67	3002881	protein homolog model	n/a	n/a	lincosamide antibiotic	antibiotic target protection	Miscellaneous ABC-F subfamily ATP-binding cassette ribosomal protection proteins	132.18	gnl|BL_ORD_ID|901|hsp_num:0	974			372	630	lincomycin; clindamycin; celesticetin	
k141_27324_3 # 598 # 3564 # -1 # ID=5853_3;partial=00;start_type=ATG;rbs_motif=None;rbs_spacer=None;gc_cont=0.571	k141_27324	598	3564	-	Loose	2000	142.9	Staphylococcus aureus mupB conferring resistance to mupirocin	21.37	3000510	protein homolog model	n/a	n/a	mupirocin-like antibiotic	antibiotic target alteration	antibiotic-resistant isoleucyl-tRNA synthetase (ileS)	95.64	gnl|BL_ORD_ID|4699|hsp_num:0	2271			45	1806	mupirocin	
k141_43113_1 # 3 # 1922 # 1 # ID=5855_1;partial=10;start_type=Edge;rbs_motif=None;rbs_spacer=None;gc_cont=0.686	k141_43113	3	1922	+	Loose	570	152.1	bcrA	36.16	3002987	protein homolog model	n/a	n/a	peptide antibiotic	antibiotic efflux	ATP-binding cassette (ABC) antibiotic efflux pump	208.82	gnl|BL_ORD_ID|316|hsp_num:0	345			27	687	bacitracin; bacitracin A; bacitracin B; bacitracin F	
k141_59066_1 # 2 # 1405 # 1 # ID=5857_1;partial=10;start_type=Edge;rbs_motif=None;rbs_spacer=None;gc_cont=0.564	k141_59066	2	1405	+	Loose	2000	48.5	Staphylococcus aureus mupB conferring resistance to mupirocin	35.09	3000510	protein homolog model	n/a	n/a	mupirocin-like antibiotic	antibiotic target alteration	antibiotic-resistant isoleucyl-tRNA synthetase (ileS)	45.21	gnl|BL_ORD_ID|4699|hsp_num:0	2271			1659	1830	mupirocin	
k141_3637_2 # 929 # 1396 # -1 # ID=5859_2;partial=00;start_type=ATG;rbs_motif=AAAA;rbs_spacer=4bp;gc_cont=0.301	k141_3637	929	1396	-	Loose	590	187.2	CGA-1	65.25	3004766	protein homolog model	n/a	n/a	penam	antibiotic inactivation	CGA beta-lactamase	53.08	gnl|BL_ORD_ID|2530|hsp_num:0	3568			441	864		
k141_3641_2 # 757 # 1005 # -1 # ID=5865_2;partial=01;start_type=Edge;rbs_motif=None;rbs_spacer=None;gc_cont=0.341	k141_3641	757	1005	-	Loose	1000	90.1	msbA	59.21	3003950	protein homolog model	n/a	n/a	nitroimidazole antibiotic	antibiotic efflux	ATP-binding cassette (ABC) antibiotic efflux pump	14.09	gnl|BL_ORD_ID|2186|hsp_num:0	2423			1512	1740	metronidazole	
k141_27336_2 # 908 # 1390 # 1 # ID=5867_2;partial=01;start_type=ATG;rbs_motif=None;rbs_spacer=None;gc_cont=0.683	k141_27336	908	1390	+	Loose	500	84.7	RanA	34.04	3005091	protein homolog model	n/a	n/a	aminoglycoside antibiotic	antibiotic efflux	ATP-binding cassette (ABC) antibiotic efflux pump	62.40	gnl|BL_ORD_ID|2809|hsp_num:0	3825			48	471		
k141_59068_1 # 1 # 576 # -1 # ID=5871_1;partial=10;start_type=GTG;rbs_motif=GGA/GAG/AGG;rbs_spacer=11-12bp;gc_cont=0.618	k141_59068	1	576	-	Loose	1900	185.7	MexK	47.03	3003693	protein homolog model	n/a	n/a	macrolide antibiotic; tetracycline antibiotic; disinfecting agents and antiseptics	antibiotic efflux	resistance-nodulation-cell division (RND) antibiotic efflux pump	18.73	gnl|BL_ORD_ID|2017|hsp_num:0	2206			192	747	erythromycin; tetracycline; triclosan	
k141_59068_2 # 589 # 789 # -1 # ID=5871_2;partial=00;start_type=ATG;rbs_motif=GGA/GAG/AGG;rbs_spacer=5-10bp;gc_cont=0.642	k141_59068	589	789	-	Loose	1900	75.9	MexK	56.14	3003693	protein homolog model	n/a	n/a	macrolide antibiotic; tetracycline antibiotic; disinfecting agents and antiseptics	antibiotic efflux	resistance-nodulation-cell division (RND) antibiotic efflux pump	6.44	gnl|BL_ORD_ID|2017|hsp_num:0	2206			6	177	erythromycin; tetracycline; triclosan	
k141_59068_3 # 798 # 1979 # -1 # ID=5871_3;partial=00;start_type=ATG;rbs_motif=GGA/GAG/AGG;rbs_spacer=5-10bp;gc_cont=0.670	k141_59068	798	1979	-	Loose	690	177.2	MexJ	36.98	3003692	protein homolog model	n/a	n/a	macrolide antibiotic; tetracycline antibiotic; disinfecting agents and antiseptics	antibiotic efflux	resistance-nodulation-cell division (RND) antibiotic efflux pump	107.08	gnl|BL_ORD_ID|2016|hsp_num:0	2205			51	1053	erythromycin; tetracycline; triclosan	
k141_43123_2 # 332 # 2029 # 1 # ID=5873_2;partial=01;start_type=ATG;rbs_motif=None;rbs_spacer=None;gc_cont=0.682	k141_43123	332	2029	+	Loose	2000	210.7	Staphylococcus aureus mupA conferring resistance to mupirocin	28.43	3000521	protein homolog model	n/a	n/a	mupirocin-like antibiotic	antibiotic target alteration	antibiotic-resistant isoleucyl-tRNA synthetase (ileS)	55.27	gnl|BL_ORD_ID|4700|hsp_num:0	2270			45	1368	mupirocin	
k141_19498_2 # 158 # 1192 # -1 # ID=5876_2;partial=01;start_type=Edge;rbs_motif=None;rbs_spacer=None;gc_cont=0.562	k141_19498	158	1192	-	Loose	350	45.1	vanD	26.34	3000005	protein homolog model	n/a	n/a	glycopeptide antibiotic	antibiotic target alteration	glycopeptide resistance gene cluster; Van ligase	100.29	gnl|BL_ORD_ID|760|hsp_num:0	824			384	930	vancomycin; teicoplanin	
k141_59076_1 # 2 # 1171 # -1 # ID=5881_1;partial=11;start_type=Edge;rbs_motif=None;rbs_spacer=None;gc_cont=0.643	k141_59076	2	1171	-	Loose	2030	529.3	ceoB	66.32	3003010	protein homolog model	n/a	n/a	fluoroquinolone antibiotic; aminoglycoside antibiotic	antibiotic efflux	resistance-nodulation-cell division (RND) antibiotic efflux pump	37.97	gnl|BL_ORD_ID|1149|hsp_num:0	1252			1557	2724		
k141_35284_2 # 891 # 1103 # 1 # ID=5909_2;partial=01;start_type=ATG;rbs_motif=AAA;rbs_spacer=3bp;gc_cont=0.394	k141_35284	891	1103	+	Loose	400	48.5	TxR	40.68	3005008	protein homolog model	n/a	n/a	tetracycline antibiotic	antibiotic efflux	ATP-binding cassette (ABC) antibiotic efflux pump	22.33	gnl|BL_ORD_ID|4725|hsp_num:0	3753			66	243	tetracycline	
k141_27352_2 # 872 # 1084 # -1 # ID=5910_2;partial=01;start_type=Edge;rbs_motif=None;rbs_spacer=None;gc_cont=0.535	k141_27352	872	1084	-	Loose	400	47.4	vatF	46.67	3003744	protein homolog model	n/a	n/a	streptogramin antibiotic; streptogramin A antibiotic	antibiotic inactivation	streptogramin vat acetyltransferase	31.67	gnl|BL_ORD_ID|2048|hsp_num:0	2260			393	528	virginiamycin M1; madumycin II; griseoviridin; dalfopristin	
k141_43156_2 # 477 # 1256 # -1 # ID=5914_2;partial=00;start_type=GTG;rbs_motif=GGAG/GAGG;rbs_spacer=5-10bp;gc_cont=0.522	k141_43156	477	1256	-	Perfect	450	516.5	aadA2	100.0	3002602	protein homolog model	n/a	n/a	aminoglycoside antibiotic	antibiotic inactivation	ANT(3'')	100.00	gnl|BL_ORD_ID|1127|hsp_num:0	1227			0	777	spectinomycin; streptomycin	
k141_51182_1 # 2 # 196 # -1 # ID=5930_1;partial=10;start_type=TTG;rbs_motif=GGAGG;rbs_spacer=5-10bp;gc_cont=0.518	k141_51182	2	196	-	Loose	400	56.2	vanR gene in vanD cluster	38.71	3002923	protein homolog model	n/a	n/a	glycopeptide antibiotic	antibiotic target alteration	glycopeptide resistance gene cluster; vanR	28.02	gnl|BL_ORD_ID|1053|hsp_num:0	1004			9	195	vancomycin; teicoplanin	
k141_11674_1 # 140 # 1129 # -1 # ID=5934_1;partial=01;start_type=Edge;rbs_motif=None;rbs_spacer=None;gc_cont=0.612	k141_11674	140	1129	-	Loose	900	45.8	emrB	24.6	3000074	protein homolog model	n/a	n/a	fluoroquinolone antibiotic	antibiotic efflux	major facilitator superfamily (MFS) antibiotic efflux pump	64.26	gnl|BL_ORD_ID|1707|hsp_num:0	1847			570	1296	nalidixic acid	
k141_3687_2 # 1108 # 2400 # 1 # ID=5935_2;partial=00;start_type=ATG;rbs_motif=GGAGG;rbs_spacer=5-10bp;gc_cont=0.660	k141_3687	1108	2400	+	Loose	1280	122.9	macB	35.07	3000535	protein homolog model	n/a	n/a	macrolide antibiotic	antibiotic efflux	ATP-binding cassette (ABC) antibiotic efflux pump	66.77	gnl|BL_ORD_ID|447|hsp_num:0	487			72	684	erythromycin	
k141_35308_4 # 1078 # 1743 # 1 # ID=5945_4;partial=01;start_type=ATG;rbs_motif=AGGAG;rbs_spacer=5-10bp;gc_cont=0.473	k141_35308	1078	1743	+	Loose	1080	199.5	rosB	52.05	3003049	protein homolog model	n/a	n/a	peptide antibiotic	antibiotic efflux	major facilitator superfamily (MFS) antibiotic efflux pump	39.43	gnl|BL_ORD_ID|467|hsp_num:0	507			0	645	polymyxin B; polymyxin B1; polymyxin B2; polymyxin B3; polymyxin B4	
k141_43189_1 # 3 # 860 # -1 # ID=5949_1;partial=10;start_type=ATG;rbs_motif=None;rbs_spacer=None;gc_cont=0.681	k141_43189	3	860	-	Loose	650	47.0	adeL	32.61	3000620	protein homolog model	n/a	n/a	fluoroquinolone antibiotic; tetracycline antibiotic	antibiotic efflux	resistance-nodulation-cell division (RND) antibiotic efflux pump	84.87	gnl|BL_ORD_ID|2316|hsp_num:0	2654			0	276	tetracycline	
k141_3704_1 # 1 # 651 # 1 # ID=5950_1;partial=10;start_type=Edge;rbs_motif=None;rbs_spacer=None;gc_cont=0.542	k141_3704	1	651	+	Loose	800	47.0	ParS	39.34	3005067	protein homolog model	n/a	n/a	macrolide antibiotic; fluoroquinolone antibiotic; monobactam; aminoglycoside antibiotic; carbapenem; cephalosporin; cephamycin; penam; tetracycline antibiotic; phenicol antibiotic; penem; disinfecting agents and antiseptics	antibiotic efflux; reduced permeability to antibiotic	resistance-nodulation-cell division (RND) antibiotic efflux pump; Outer Membrane Porin (Opr)	50.47	gnl|BL_ORD_ID|2791|hsp_num:0	3805			1059	1242	erythromycin; amikacin; gentamicin C; ciprofloxacin; acriflavine; tetracycline; tobramycin; meropenem; imipenem; chloramphenicol; norfloxacin; ofloxacin; gentamicin	
k141_3704_2 # 899 # 2062 # 1 # ID=5950_2;partial=01;start_type=ATG;rbs_motif=AGGAGG;rbs_spacer=3-4bp;gc_cont=0.559	k141_3704	899	2062	+	Loose	400	175.6	TxR	43.11	3005008	protein homolog model	n/a	n/a	tetracycline antibiotic	antibiotic efflux	ATP-binding cassette (ABC) antibiotic efflux pump	122.01	gnl|BL_ORD_ID|4725|hsp_num:0	3753			66	729	tetracycline	
k141_11675_6 # 5802 # 7640 # 1 # ID=5951_6;partial=00;start_type=ATG;rbs_motif=None;rbs_spacer=None;gc_cont=0.554	k141_11675	5802	7640	+	Loose	1000	233.0	msbA	46.04	3003950	protein homolog model	n/a	n/a	nitroimidazole antibiotic	antibiotic efflux	ATP-binding cassette (ABC) antibiotic efflux pump	105.15	gnl|BL_ORD_ID|2186|hsp_num:0	2423			924	1743	metronidazole	
k141_51190_8 # 7778 # 8386 # -1 # ID=5962_8;partial=00;start_type=ATG;rbs_motif=GGAG/GAGG;rbs_spacer=5-10bp;gc_cont=0.570	k141_51190	7778	8386	-	Loose	700	38.9	OmpA	31.97	3005044	protein homolog model	n/a	n/a	peptide antibiotic	reduced permeability to antibiotic	General Bacterial Porin with reduced permeability to peptide antibiotics	54.01	gnl|BL_ORD_ID|2775|hsp_num:0	3787			669	1035	polymyxin B; defensin	
k141_11688_1 # 180 # 587 # 1 # ID=5973_1;partial=00;start_type=ATG;rbs_motif=GGA/GAG/AGG;rbs_spacer=5-10bp;gc_cont=0.502	k141_11688	180	587	+	Strict	240	244.2	H-NS	94.07	3000676	protein homolog model	n/a	n/a	macrolide antibiotic; fluoroquinolone antibiotic; cephalosporin; cephamycin; penam; tetracycline antibiotic	antibiotic efflux	major facilitator superfamily (MFS) antibiotic efflux pump; resistance-nodulation-cell division (RND) antibiotic efflux pump	98.54	gnl|BL_ORD_ID|1145|hsp_num:0	1248			0	405	erythromycin; cloxacillin; ciprofloxacin; tetracycline; oxacillin; norfloxacin	
k141_59138_3 # 1029 # 2000 # -1 # ID=5975_3;partial=01;start_type=Edge;rbs_motif=None;rbs_spacer=None;gc_cont=0.352	k141_59138	1029	2000	-	Loose	700	211.1	tet(A)	39.44	3000165	protein homolog model	n/a	n/a	tetracycline antibiotic	antibiotic efflux	major facilitator superfamily (MFS) antibiotic efflux pump	76.18	gnl|BL_ORD_ID|1793|hsp_num:0	1808			303	1152	tetracycline	
k141_59140_1 # 3 # 2546 # 1 # ID=5980_1;partial=11;start_type=Edge;rbs_motif=None;rbs_spacer=None;gc_cont=0.538	k141_59140	3	2546	+	Loose	2000	259.6	Staphylococcus aureus mupB conferring resistance to mupirocin	25.76	3000510	protein homolog model	n/a	n/a	mupirocin-like antibiotic	antibiotic target alteration	antibiotic-resistant isoleucyl-tRNA synthetase (ileS)	82.09	gnl|BL_ORD_ID|4699|hsp_num:0	2271			99	2409	mupirocin	
k141_11690_1 # 88 # 510 # 1 # ID=5981_1;partial=00;start_type=ATG;rbs_motif=GGA/GAG/AGG;rbs_spacer=5-10bp;gc_cont=0.525	k141_11690	88	510	+	Strict	100	173.7	FosI	61.36	3007370	protein homolog model	n/a	n/a	phosphonic acid antibiotic	antibiotic inactivation	fosfomycin thiol transferase	104.48	gnl|BL_ORD_ID|4906|hsp_num:0	5898			0	396	fosfomycin	
k141_11690_6 # 3483 # 3746 # 1 # ID=5981_6;partial=01;start_type=ATG;rbs_motif=AGGAG;rbs_spacer=5-10bp;gc_cont=0.557	k141_11690	3483	3746	+	Loose	1020	49.7	tlrC	41.89	3002827	protein homolog model	n/a	n/a	macrolide antibiotic; lincosamide antibiotic	antibiotic target protection	Miscellaneous ABC-F subfamily ATP-binding cassette ribosomal protection proteins	16.06	gnl|BL_ORD_ID|1842|hsp_num:0	1997			18	234	lincomycin; tylosin; mycinamicin	
k141_11692_2 # 362 # 1339 # -1 # ID=5987_2;partial=00;start_type=ATG;rbs_motif=None;rbs_spacer=None;gc_cont=0.701	k141_11692	362	1339	-	Loose	500	121.3	MexT	31.25	3000814	protein overexpression model	n/a	n/a	fluoroquinolone antibiotic; diaminopyrimidine antibiotic; phenicol antibiotic	antibiotic efflux	resistance-nodulation-cell division (RND) antibiotic efflux pump	93.66	gnl|BL_ORD_ID|1485|hsp_num:0	1608			237	999	ciprofloxacin; trimethoprim; chloramphenicol	
k141_43219_2 # 742 # 1260 # 1 # ID=5991_2;partial=01;start_type=ATG;rbs_motif=GGAGG;rbs_spacer=5-10bp;gc_cont=0.538	k141_43219	742	1260	+	Loose	1000	78.2	msbA	33.54	3003950	protein homolog model	n/a	n/a	nitroimidazole antibiotic	antibiotic efflux	ATP-binding cassette (ABC) antibiotic efflux pump	29.73	gnl|BL_ORD_ID|2186|hsp_num:0	2423			1074	1536	metronidazole	
k141_35350_1 # 1 # 666 # 1 # ID=5994_1;partial=10;start_type=Edge;rbs_motif=None;rbs_spacer=None;gc_cont=0.659	k141_35350	1	666	+	Loose	500	59.3	RanA	27.04	3005091	protein homolog model	n/a	n/a	aminoglycoside antibiotic	antibiotic efflux	ATP-binding cassette (ABC) antibiotic efflux pump	85.66	gnl|BL_ORD_ID|2809|hsp_num:0	3825			246	708		
k141_3741_1 # 3 # 254 # -1 # ID=5996_1;partial=10;start_type=GTG;rbs_motif=AGGAG;rbs_spacer=5-10bp;gc_cont=0.504	k141_3741	3	254	-	Loose	400	71.6	tetB(P)	47.22	3000195	protein homolog model	n/a	n/a	tetracycline antibiotic	antibiotic target protection	tetracycline-resistant ribosomal protection protein	12.88	gnl|BL_ORD_ID|738|hsp_num:0	804			0	216	tetracycline; doxycycline; minocycline; chlortetracycline; demeclocycline; oxytetracycline	
k141_59160_2 # 949 # 1140 # 1 # ID=6016_2;partial=01;start_type=GTG;rbs_motif=GGxGG;rbs_spacer=5-10bp;gc_cont=0.682	k141_59160	949	1140	+	Loose	1050	48.9	srmB	41.67	3002828	protein homolog model	n/a	n/a	macrolide antibiotic	antibiotic target protection	Miscellaneous ABC-F subfamily ATP-binding cassette ribosomal protection proteins	11.64	gnl|BL_ORD_ID|111|hsp_num:0	128			69	249	spiramycin	
k141_51227_2 # 1045 # 1506 # -1 # ID=6024_2;partial=01;start_type=Edge;rbs_motif=None;rbs_spacer=None;gc_cont=0.483	k141_51227	1045	1506	-	Loose	300	119.0	dfrE	45.38	3002875	protein homolog model	n/a	n/a	diaminopyrimidine antibiotic	antibiotic target replacement	trimethoprim resistant dihydrofolate reductase dfr	93.29	gnl|BL_ORD_ID|1422|hsp_num:0	1544			42	423	trimethoprim	
k141_11716_1 # 2 # 655 # -1 # ID=6037_1;partial=10;start_type=ATG;rbs_motif=GGAG/GAGG;rbs_spacer=5-10bp;gc_cont=0.529	k141_11716	2	655	-	Loose	500	130.6	RanA	34.42	3005091	protein homolog model	n/a	n/a	aminoglycoside antibiotic	antibiotic efflux	ATP-binding cassette (ABC) antibiotic efflux pump	84.50	gnl|BL_ORD_ID|2809|hsp_num:0	3825			0	645		
k141_3755_6 # 3037 # 4221 # -1 # ID=6044_6;partial=00;start_type=TTG;rbs_motif=None;rbs_spacer=None;gc_cont=0.660	k141_3755	3037	4221	-	Loose	700	70.9	cmx	22.59	3002703	protein homolog model	n/a	n/a	phenicol antibiotic	antibiotic efflux	major facilitator superfamily (MFS) antibiotic efflux pump	100.77	gnl|BL_ORD_ID|1253|hsp_num:0	1366			120	1152	chloramphenicol	
k141_3763_1 # 2 # 1273 # -1 # ID=6053_1;partial=10;start_type=GTG;rbs_motif=GGAG/GAGG;rbs_spacer=5-10bp;gc_cont=0.756	k141_3763	2	1273	-	Loose	800	94.0	ParS	30.52	3005067	protein homolog model	n/a	n/a	macrolide antibiotic; fluoroquinolone antibiotic; monobactam; aminoglycoside antibiotic; carbapenem; cephalosporin; cephamycin; penam; tetracycline antibiotic; phenicol antibiotic; penem; disinfecting agents and antiseptics	antibiotic efflux; reduced permeability to antibiotic	resistance-nodulation-cell division (RND) antibiotic efflux pump; Outer Membrane Porin (Opr)	99.07	gnl|BL_ORD_ID|2791|hsp_num:0	3805			408	1101	erythromycin; amikacin; gentamicin C; ciprofloxacin; acriflavine; tetracycline; tobramycin; meropenem; imipenem; chloramphenicol; norfloxacin; ofloxacin; gentamicin	
k141_3763_2 # 1270 # 1530 # -1 # ID=6053_2;partial=01;start_type=Edge;rbs_motif=None;rbs_spacer=None;gc_cont=0.709	k141_3763	1270	1530	-	Loose	410	59.3	arlR	37.33	3000838	protein homolog model	n/a	n/a	fluoroquinolone antibiotic; disinfecting agents and antiseptics	antibiotic efflux	major facilitator superfamily (MFS) antibiotic efflux pump	39.27	gnl|BL_ORD_ID|1275|hsp_num:0	1390			423	648	ciprofloxacin; acriflavine; norfloxacin	
k141_35392_2 # 394 # 804 # -1 # ID=6057_2;partial=00;start_type=ATG;rbs_motif=GGAG/GAGG;rbs_spacer=5-10bp;gc_cont=0.550	k141_35392	394	804	-	Strict	100	181.4	FosI	65.15	3007370	protein homolog model	n/a	n/a	phosphonic acid antibiotic	antibiotic inactivation	fosfomycin thiol transferase	101.49	gnl|BL_ORD_ID|4906|hsp_num:0	5898			0	396	fosfomycin	
k141_51245_3 # 1340 # 4096 # -1 # ID=6058_3;partial=00;start_type=ATG;rbs_motif=GGA/GAG/AGG;rbs_spacer=11-12bp;gc_cont=0.436	k141_51245	1340	4096	-	Loose	570	166.0	bcrA	37.93	3002987	protein homolog model	n/a	n/a	peptide antibiotic	antibiotic efflux	ATP-binding cassette (ABC) antibiotic efflux pump	300.00	gnl|BL_ORD_ID|316|hsp_num:0	345			3	687	bacitracin; bacitracin A; bacitracin B; bacitracin F	
k141_51245_4 # 4093 # 5151 # -1 # ID=6058_4;partial=00;start_type=ATG;rbs_motif=None;rbs_spacer=None;gc_cont=0.453	k141_51245	4093	5151	-	Loose	600	70.1	mdtN	30.22	3003548	protein homolog model	n/a	n/a	nucleoside antibiotic; disinfecting agents and antiseptics	antibiotic efflux	major facilitator superfamily (MFS) antibiotic efflux pump	102.62	gnl|BL_ORD_ID|1322|hsp_num:0	1442			51	825	acriflavine; puromycin	
k141_51245_5 # 5170 # 6381 # -1 # ID=6058_5;partial=01;start_type=Edge;rbs_motif=None;rbs_spacer=None;gc_cont=0.427	k141_51245	5170	6381	-	Loose	850	289.7	OprM	42.71	3000379	protein homolog model	n/a	n/a	macrolide antibiotic; fluoroquinolone antibiotic; monobactam; aminoglycoside antibiotic; carbapenem; cephalosporin; cephamycin; penam; tetracycline antibiotic; peptide antibiotic; aminocoumarin antibiotic; diaminopyrimidine antibiotic; sulfonamide antibiotic; phenicol antibiotic; penem; disinfecting agents and antiseptics	antibiotic efflux	resistance-nodulation-cell division (RND) antibiotic efflux pump	83.09	gnl|BL_ORD_ID|2356|hsp_num:0	1305			207	1395	erythromycin; amikacin; gentamicin C; ciprofloxacin; acriflavine; tetracycline; tobramycin; ceftazidime; ceftriaxone; meropenem; novobiocin; azithromycin; trimethoprim; sulfamethoxazole; chloramphenicol; thiamphenicol; aztreonam; colistin A; colistin B; ampicillin; nalidixic acid; norfloxacin; ofloxacin; panipenem; ticarcillin; trimethoprim-sulfamethoxazole; gentamicin	
k141_27452_11 # 6224 # 7597 # -1 # ID=6059_11;partial=00;start_type=ATG;rbs_motif=None;rbs_spacer=None;gc_cont=0.552	k141_27452	6224	7597	-	Loose	1300	91.3	optrA	24.45	3003746	protein homolog model	n/a	n/a	oxazolidinone antibiotic; phenicol antibiotic	antibiotic target protection	Miscellaneous ABC-F subfamily ATP-binding cassette ribosomal protection proteins	69.77	gnl|BL_ORD_ID|2070|hsp_num:0	2263			150	1584	linezolid; chloramphenicol; florfenicol; tedizolid	
k141_11745_3 # 778 # 1503 # -1 # ID=6078_3;partial=00;start_type=ATG;rbs_motif=GGA/GAG/AGG;rbs_spacer=5-10bp;gc_cont=0.598	k141_11745	778	1503	-	Loose	1280	162.5	macB	38.46	3000535	protein homolog model	n/a	n/a	macrolide antibiotic	antibiotic efflux	ATP-binding cassette (ABC) antibiotic efflux pump	37.42	gnl|BL_ORD_ID|447|hsp_num:0	487			0	660	erythromycin	
k141_11745_4 # 1516 # 2799 # -1 # ID=6078_4;partial=00;start_type=ATG;rbs_motif=AGGA;rbs_spacer=5-10bp;gc_cont=0.555	k141_11745	1516	2799	-	Loose	1280	72.0	macB	23.42	3000535	protein homolog model	n/a	n/a	macrolide antibiotic	antibiotic efflux	ATP-binding cassette (ABC) antibiotic efflux pump	66.30	gnl|BL_ORD_ID|447|hsp_num:0	487			726	1923	erythromycin	
k141_35407_1 # 2 # 700 # -1 # ID=6080_1;partial=10;start_type=ATG;rbs_motif=GGAG/GAGG;rbs_spacer=5-10bp;gc_cont=0.532	k141_35407	2	700	-	Loose	1280	92.8	macB	32.72	3000535	protein homolog model	n/a	n/a	macrolide antibiotic	antibiotic efflux	ATP-binding cassette (ABC) antibiotic efflux pump	36.18	gnl|BL_ORD_ID|447|hsp_num:0	487			0	621	erythromycin	
k141_11747_1 # 1 # 1284 # -1 # ID=6082_1;partial=11;start_type=Edge;rbs_motif=None;rbs_spacer=None;gc_cont=0.412	k141_11747	1	1284	-	Loose	710	40.4	tet(35)	30.48	3000481	protein homolog model	n/a	n/a	tetracycline antibiotic	antibiotic efflux	ATP-binding cassette (ABC) antibiotic efflux pump	115.99	gnl|BL_ORD_ID|1928|hsp_num:0	1969			699	1014	tetracycline	
k141_59213_1 # 3 # 1055 # 1 # ID=6095_1;partial=10;start_type=Edge;rbs_motif=None;rbs_spacer=None;gc_cont=0.688	k141_59213	3	1055	+	Loose	450	89.4	mreA	29.61	3007050	protein homolog model	n/a	n/a	macrolide antibiotic	antibiotic efflux	major facilitator superfamily (MFS) antibiotic efflux pump	112.54	gnl|BL_ORD_ID|4756|hsp_num:0	5749			54	684		
k141_43285_2 # 946 # 1239 # -1 # ID=6096_2;partial=01;start_type=Edge;rbs_motif=None;rbs_spacer=None;gc_cont=0.418	k141_43285	946	1239	-	Loose	2200	149.1	rpoB2	70.53	3000501	protein homolog model	n/a	n/a	rifamycin antibiotic	antibiotic target alteration; antibiotic target replacement	rifamycin-resistant beta-subunit of RNA polymerase (rpoB)	8.35	gnl|BL_ORD_ID|2432|hsp_num:0	2831			3078	3363	rifampin; rifaximin; rifabutin; rifapentine	
k141_51271_4 # 2408 # 4372 # -1 # ID=6102_4;partial=00;start_type=ATG;rbs_motif=GGA/GAG/AGG;rbs_spacer=5-10bp;gc_cont=0.569	k141_51271	2408	4372	-	Loose	1200	361.7	TaeA	34.6	3003986	protein homolog model	n/a	n/a	pleuromutilin antibiotic	antibiotic efflux	ATP-binding cassette (ABC) antibiotic efflux pump	100.93	gnl|BL_ORD_ID|2231|hsp_num:0	2522			0	1908	pleuromutilin	
k141_35422_2 # 402 # 1007 # 1 # ID=6104_2;partial=00;start_type=ATG;rbs_motif=GGA/GAG/AGG;rbs_spacer=5-10bp;gc_cont=0.408	k141_35422	402	1007	+	Loose	375	43.5	Escherichia coli AcrAB-TolC with AcrR mutation conferring resistance to ciprofloxacin, tetracycline, and ceftazidime	34.62	3003807	protein overexpression model	n/a	n/a	fluoroquinolone antibiotic; cephalosporin; glycylcycline; penam; tetracycline antibiotic; rifamycin antibiotic; phenicol antibiotic; disinfecting agents and antiseptics	antibiotic target alteration; antibiotic efflux	resistance-nodulation-cell division (RND) antibiotic efflux pump	93.49	gnl|BL_ORD_ID|2091|hsp_num:0	2306			36	192	tigecycline; ciprofloxacin; tetracycline; ceftazidime; rifampin; chloramphenicol; ampicillin; cefalotin; triclosan	
k141_35422_3 # 1029 # 1271 # 1 # ID=6104_3;partial=01;start_type=ATG;rbs_motif=GGAG/GAGG;rbs_spacer=5-10bp;gc_cont=0.469	k141_35422	1029	1271	+	Loose	800	45.8	efmA	31.51	3003954	protein homolog model	n/a	n/a	macrolide antibiotic; fluoroquinolone antibiotic	antibiotic efflux	major facilitator superfamily (MFS) antibiotic efflux pump	18.93	gnl|BL_ORD_ID|2188|hsp_num:0	2426			39	258	erythromycin	
k141_51281_1 # 1 # 921 # 1 # ID=6117_1;partial=10;start_type=Edge;rbs_motif=None;rbs_spacer=None;gc_cont=0.338	k141_51281	1	921	+	Loose	880	84.7	arlS	25.11	3000839	protein homolog model	n/a	n/a	fluoroquinolone antibiotic; disinfecting agents and antiseptics	antibiotic efflux	major facilitator superfamily (MFS) antibiotic efflux pump	67.85	gnl|BL_ORD_ID|166|hsp_num:0	182			651	1347	ciprofloxacin; acriflavine; norfloxacin	
k141_51281_2 # 947 # 1633 # 1 # ID=6117_2;partial=00;start_type=ATG;rbs_motif=AAAAAA;rbs_spacer=11bp;gc_cont=0.335	k141_51281	947	1633	+	Loose	410	124.0	arlR	33.64	3000838	protein homolog model	n/a	n/a	fluoroquinolone antibiotic; disinfecting agents and antiseptics	antibiotic efflux	major facilitator superfamily (MFS) antibiotic efflux pump	104.11	gnl|BL_ORD_ID|1275|hsp_num:0	1390			6	648	ciprofloxacin; acriflavine; norfloxacin	
k141_59224_1 # 2 # 349 # -1 # ID=6120_1;partial=10;start_type=ATG;rbs_motif=AGGA;rbs_spacer=5-10bp;gc_cont=0.733	k141_59224	2	349	-	Loose	410	85.9	arlR	43.86	3000838	protein homolog model	n/a	n/a	fluoroquinolone antibiotic; disinfecting agents and antiseptics	antibiotic efflux	major facilitator superfamily (MFS) antibiotic efflux pump	52.97	gnl|BL_ORD_ID|1275|hsp_num:0	1390			9	324	ciprofloxacin; acriflavine; norfloxacin	
k141_59224_2 # 346 # 1515 # -1 # ID=6120_2;partial=01;start_type=Edge;rbs_motif=None;rbs_spacer=None;gc_cont=0.733	k141_59224	346	1515	-	Loose	850	114.8	baeS	30.0	3000829	protein homolog model	n/a	n/a	aminoglycoside antibiotic; aminocoumarin antibiotic	antibiotic efflux	resistance-nodulation-cell division (RND) antibiotic efflux pump	83.30	gnl|BL_ORD_ID|914|hsp_num:0	986			501	1401	novobiocin	
k141_43306_2 # 927 # 1280 # 1 # ID=6125_2;partial=01;start_type=ATG;rbs_motif=None;rbs_spacer=None;gc_cont=0.653	k141_43306	927	1280	+	Loose	750	45.1	patB	31.58	3000025	protein homolog model	n/a	n/a	fluoroquinolone antibiotic	antibiotic efflux	ATP-binding cassette (ABC) antibiotic efflux pump	20.07	gnl|BL_ORD_ID|1912|hsp_num:0	2112			1083	1239	ciprofloxacin; norfloxacin	
k141_11774_3 # 1073 # 1642 # 1 # ID=6128_3;partial=01;start_type=ATG;rbs_motif=GGA/GAG/AGG;rbs_spacer=5-10bp;gc_cont=0.730	k141_11774	1073	1642	+	Loose	400	48.9	kdpE	31.9	3003841	protein homolog model	n/a	n/a	aminoglycoside antibiotic	antibiotic efflux	kdpDE	84.44	gnl|BL_ORD_ID|2104|hsp_num:0	2331			48	384	kanamycin A	
k141_43312_3 # 1130 # 1588 # -1 # ID=6139_3;partial=00;start_type=ATG;rbs_motif=GGA/GAG/AGG;rbs_spacer=5-10bp;gc_cont=0.405	k141_43312	1130	1588	-	Loose	400	64.7	vatF	46.27	3003744	protein homolog model	n/a	n/a	streptogramin antibiotic; streptogramin A antibiotic	antibiotic inactivation	streptogramin vat acetyltransferase	68.78	gnl|BL_ORD_ID|2048|hsp_num:0	2260			348	549	virginiamycin M1; madumycin II; griseoviridin; dalfopristin	
k141_19692_1 # 146 # 1045 # -1 # ID=6149_1;partial=00;start_type=ATG;rbs_motif=AGGA;rbs_spacer=5-10bp;gc_cont=0.686	k141_19692	146	1045	-	Loose	550	46.6	NmcR	28.99	3003665	protein homolog model	n/a	n/a	carbapenem; cephalosporin; cephamycin; penam	antibiotic inactivation	NmcA beta-lactamase	101.36	gnl|BL_ORD_ID|1906|hsp_num:0	2072			27	432	cefoxitin; cefazolin; ampicillin	
k141_3828_1 # 3 # 998 # 1 # ID=6166_1;partial=10;start_type=Edge;rbs_motif=None;rbs_spacer=None;gc_cont=0.514	k141_3828	3	998	+	Loose	900	141.4	basS	30.68	3003583	protein homolog model	n/a	n/a	peptide antibiotic	antibiotic target alteration; antibiotic efflux	pmr phosphoethanolamine transferase	69.39	gnl|BL_ORD_ID|2351|hsp_num:0	249			399	1380	polymyxin B	
k141_59255_2 # 765 # 1220 # 1 # ID=6167_2;partial=01;start_type=TTG;rbs_motif=AATAA;rbs_spacer=13bp;gc_cont=0.338	k141_59255	765	1220	+	Loose	600	62.8	clbC	31.4	3002816	protein homolog model	n/a	n/a	lincosamide antibiotic; streptogramin antibiotic; streptogramin A antibiotic; oxazolidinone antibiotic; phenicol antibiotic; pleuromutilin antibiotic	antibiotic target alteration	Cfr 23S ribosomal RNA methyltransferase	43.43	gnl|BL_ORD_ID|1513|hsp_num:0	1642			30	393	lincomycin; clindamycin; azidamfenicol; chloramphenicol; thiamphenicol; virginiamycin M1; tiamulin; madumycin II; griseoviridin; dalfopristin	
k141_43320_4 # 1896 # 3869 # 1 # ID=6168_4;partial=00;start_type=ATG;rbs_motif=GGAG/GAGG;rbs_spacer=5-10bp;gc_cont=0.528	k141_43320	1896	3869	+	Loose	1300	149.8	mecB	26.4	3003440	protein homolog model	n/a	n/a	penam	antibiotic target replacement	methicillin resistant PBP2	97.48	gnl|BL_ORD_ID|1460|hsp_num:0	1595			414	1824	methicillin	
k141_27504_1 # 74 # 1285 # -1 # ID=6173_1;partial=00;start_type=ATG;rbs_motif=None;rbs_spacer=None;gc_cont=0.605	k141_27504	74	1285	-	Loose	600	71.2	Streptomyces venezuelae rox	24.43	3007209	protein homolog model	n/a	n/a	rifamycin antibiotic	antibiotic inactivation	rifampin monooxygenase	84.66	gnl|BL_ORD_ID|4834|hsp_num:0	5820			3	1068	rifampin; rifaximin; rifapentine	
k141_51331_1 # 2 # 787 # -1 # ID=6179_1;partial=10;start_type=TTG;rbs_motif=TAA;rbs_spacer=11bp;gc_cont=0.379	k141_51331	2	787	-	Loose	600	80.5	oleC	25.62	3003748	protein homolog model	n/a	n/a	macrolide antibiotic	antibiotic efflux	ATP-binding cassette (ABC) antibiotic efflux pump	80.62	gnl|BL_ORD_ID|2051|hsp_num:0	2264			42	648	oleandomycin	
k141_43334_1 # 3 # 1496 # -1 # ID=6195_1;partial=11;start_type=Edge;rbs_motif=None;rbs_spacer=None;gc_cont=0.483	k141_43334	3	1496	-	Loose	2300	62.8	evgS	39.13	3000833	protein homolog model	n/a	n/a	macrolide antibiotic; fluoroquinolone antibiotic; penam; tetracycline antibiotic	antibiotic efflux	major facilitator superfamily (MFS) antibiotic efflux pump; resistance-nodulation-cell division (RND) antibiotic efflux pump	41.60	gnl|BL_ORD_ID|1215|hsp_num:0	1318			2106	2382	erythromycin; cloxacillin; tetracycline; oxacillin; norfloxacin	
k141_11812_3 # 1977 # 2816 # -1 # ID=6197_3;partial=01;start_type=Edge;rbs_motif=None;rbs_spacer=None;gc_cont=0.352	k141_11812	1977	2816	-	Loose	880	176.0	arlS	36.14	3000839	protein homolog model	n/a	n/a	fluoroquinolone antibiotic; disinfecting agents and antiseptics	antibiotic efflux	major facilitator superfamily (MFS) antibiotic efflux pump	61.86	gnl|BL_ORD_ID|166|hsp_num:0	182			528	1350	ciprofloxacin; acriflavine; norfloxacin	
k141_35475_2 # 925 # 1560 # -1 # ID=6201_2;partial=00;start_type=ATG;rbs_motif=AGGAG;rbs_spacer=5-10bp;gc_cont=0.524	k141_35475	925	1560	-	Loose	575	43.1	GOB-9	24.82	3004816	protein homolog model	n/a	n/a	carbapenem; cephalosporin; penam	antibiotic inactivation	GOB beta-lactamase	72.76	gnl|BL_ORD_ID|2645|hsp_num:0	3610			159	564		
k141_19734_1 # 58 # 594 # 1 # ID=6225_1;partial=00;start_type=ATG;rbs_motif=AGGAG;rbs_spacer=5-10bp;gc_cont=0.611	k141_19734	58	594	+	Loose	1280	61.6	macB	29.29	3000535	protein homolog model	n/a	n/a	macrolide antibiotic	antibiotic efflux	ATP-binding cassette (ABC) antibiotic efflux pump	27.64	gnl|BL_ORD_ID|447|hsp_num:0	487			243	660	erythromycin	
k141_43356_3 # 1008 # 1310 # -1 # ID=6231_3;partial=01;start_type=Edge;rbs_motif=None;rbs_spacer=None;gc_cont=0.713	k141_43356	1008	1310	-	Loose	900	58.9	basS	40.96	3003583	protein homolog model	n/a	n/a	peptide antibiotic	antibiotic target alteration; antibiotic efflux	pmr phosphoethanolamine transferase	20.96	gnl|BL_ORD_ID|2351|hsp_num:0	249			1101	1341	polymyxin B	
k141_35499_2 # 811 # 1290 # 1 # ID=6241_2;partial=01;start_type=ATG;rbs_motif=None;rbs_spacer=None;gc_cont=0.681	k141_35499	811	1290	+	Loose	400	123.2	Pseudomonas aeruginosa CpxR	52.0	3004054	protein homolog model	n/a	n/a	macrolide antibiotic; fluoroquinolone antibiotic; monobactam; aminoglycoside antibiotic; carbapenem; cephalosporin; cephamycin; penam; tetracycline antibiotic; peptide antibiotic; aminocoumarin antibiotic; diaminopyrimidine antibiotic; sulfonamide antibiotic; phenicol antibiotic; penem	antibiotic efflux	resistance-nodulation-cell division (RND) antibiotic efflux pump	71.11	gnl|BL_ORD_ID|2301|hsp_num:0	2685			3	357	erythromycin; ciprofloxacin; tetracycline; ceftazidime; ceftriaxone; meropenem; novobiocin; azithromycin; trimethoprim; sulfamethoxazole; chloramphenicol; aztreonam; colistin A; colistin B; ampicillin; panipenem; trimethoprim-sulfamethoxazole	
k141_19744_3 # 1002 # 2555 # -1 # ID=6245_3;partial=01;start_type=Edge;rbs_motif=None;rbs_spacer=None;gc_cont=0.677	k141_19744	1002	2555	-	Loose	1080	109.4	rosB	25.77	3003049	protein homolog model	n/a	n/a	peptide antibiotic	antibiotic efflux	major facilitator superfamily (MFS) antibiotic efflux pump	91.83	gnl|BL_ORD_ID|467|hsp_num:0	507			363	1632	polymyxin B; polymyxin B1; polymyxin B2; polymyxin B3; polymyxin B4	
k141_27547_3 # 1582 # 2550 # 1 # ID=6246_3;partial=00;start_type=ATG;rbs_motif=GGAG/GAGG;rbs_spacer=5-10bp;gc_cont=0.653	k141_27547	1582	2550	+	Loose	600	52.8	CAR-1	26.83	3006903	protein homolog model	n/a	n/a	carbapenem	antibiotic inactivation	CAR beta-lactamase	94.15	gnl|BL_ORD_ID|3340|hsp_num:0	4408			306	729		
k141_27550_1 # 2 # 1699 # -1 # ID=6253_1;partial=11;start_type=Edge;rbs_motif=None;rbs_spacer=None;gc_cont=0.544	k141_27550	2	1699	-	Loose	2000	321.2	Bifidobacterium adolescentis rpoB mutants conferring resistance to rifampicin	41.84	3004480	protein homolog model	n/a	n/a	rifamycin antibiotic	antibiotic target alteration; antibiotic target replacement	rifamycin-resistant beta-subunit of RNA polymerase (rpoB)	47.72	gnl|BL_ORD_ID|4720|hsp_num:0	2914			2022	3333	rifampin	
k141_27556_3 # 987 # 2051 # 1 # ID=6265_3;partial=00;start_type=ATG;rbs_motif=GGA/GAG/AGG;rbs_spacer=3-4bp;gc_cont=0.421	k141_27556	987	2051	+	Loose	700	68.9	vanS gene in vanM cluster	23.67	3002939	protein homolog model	n/a	n/a	glycopeptide antibiotic	antibiotic target alteration	vanS; glycopeptide resistance gene cluster	95.68	gnl|BL_ORD_ID|4740|hsp_num:0	1328			414	1092	vancomycin; teicoplanin	
k141_27556_4 # 2038 # 2334 # 1 # ID=6265_4;partial=01;start_type=ATG;rbs_motif=GGAG/GAGG;rbs_spacer=5-10bp;gc_cont=0.505	k141_27556	2038	2334	+	Loose	400	62.4	Pseudomonas aeruginosa CpxR	31.25	3004054	protein homolog model	n/a	n/a	macrolide antibiotic; fluoroquinolone antibiotic; monobactam; aminoglycoside antibiotic; carbapenem; cephalosporin; cephamycin; penam; tetracycline antibiotic; peptide antibiotic; aminocoumarin antibiotic; diaminopyrimidine antibiotic; sulfonamide antibiotic; phenicol antibiotic; penem	antibiotic efflux	resistance-nodulation-cell division (RND) antibiotic efflux pump	44.00	gnl|BL_ORD_ID|2301|hsp_num:0	2685			0	288	erythromycin; ciprofloxacin; tetracycline; ceftazidime; ceftriaxone; meropenem; novobiocin; azithromycin; trimethoprim; sulfamethoxazole; chloramphenicol; aztreonam; colistin A; colistin B; ampicillin; panipenem; trimethoprim-sulfamethoxazole	
k141_59336_2 # 523 # 1245 # 1 # ID=6294_2;partial=00;start_type=ATG;rbs_motif=AGGA;rbs_spacer=5-10bp;gc_cont=0.651	k141_59336	523	1245	+	Loose	375	44.3	Escherichia coli AcrAB-TolC with AcrR mutation conferring resistance to ciprofloxacin, tetracycline, and ceftazidime	32.65	3003807	protein overexpression model	n/a	n/a	fluoroquinolone antibiotic; cephalosporin; glycylcycline; penam; tetracycline antibiotic; rifamycin antibiotic; phenicol antibiotic; disinfecting agents and antiseptics	antibiotic target alteration; antibiotic efflux	resistance-nodulation-cell division (RND) antibiotic efflux pump	111.63	gnl|BL_ORD_ID|2091|hsp_num:0	2306			3	282	tigecycline; ciprofloxacin; tetracycline; ceftazidime; rifampin; chloramphenicol; ampicillin; cefalotin; triclosan	
k141_27572_1 # 1 # 1032 # 1 # ID=6300_1;partial=11;start_type=Edge;rbs_motif=None;rbs_spacer=None;gc_cont=0.488	k141_27572	1	1032	+	Loose	570	58.2	bcrA	26.52	3002987	protein homolog model	n/a	n/a	peptide antibiotic	antibiotic efflux	ATP-binding cassette (ABC) antibiotic efflux pump	112.42	gnl|BL_ORD_ID|316|hsp_num:0	345			6	507	bacitracin; bacitracin A; bacitracin B; bacitracin F	
k141_59346_1 # 2 # 1240 # 1 # ID=6319_1;partial=11;start_type=Edge;rbs_motif=None;rbs_spacer=None;gc_cont=0.387	k141_59346	2	1240	+	Loose	1900	106.3	MuxC	24.34	3004075	protein homolog model	n/a	n/a	macrolide antibiotic; monobactam; tetracycline antibiotic; aminocoumarin antibiotic	antibiotic efflux	resistance-nodulation-cell division (RND) antibiotic efflux pump	39.86	gnl|BL_ORD_ID|2368|hsp_num:0	2720			1338	2442	erythromycin; tetracycline; novobiocin; aztreonam; kitasamycin; rokitamycin	
k141_3912_1 # 1 # 1203 # -1 # ID=6329_1;partial=11;start_type=Edge;rbs_motif=None;rbs_spacer=None;gc_cont=0.664	k141_3912	1	1203	-	Loose	1050	49.7	srmB	29.45	3002828	protein homolog model	n/a	n/a	macrolide antibiotic	antibiotic target protection	Miscellaneous ABC-F subfamily ATP-binding cassette ribosomal protection proteins	72.91	gnl|BL_ORD_ID|111|hsp_num:0	128			198	672	spiramycin	
k141_11924_2 # 841 # 1623 # 1 # ID=6353_2;partial=00;start_type=GTG;rbs_motif=AGGAG;rbs_spacer=5-10bp;gc_cont=0.639	k141_11924	841	1623	+	Loose	470	47.0	sdiA	42.62	3000826	protein homolog model	n/a	n/a	fluoroquinolone antibiotic; cephalosporin; glycylcycline; penam; tetracycline antibiotic; rifamycin antibiotic; phenicol antibiotic; disinfecting agents and antiseptics	antibiotic efflux	resistance-nodulation-cell division (RND) antibiotic efflux pump	108.33	gnl|BL_ORD_ID|208|hsp_num:0	228			534	717	tigecycline; tetracycline; rifampin; chloramphenicol; ampicillin; cefalotin; triclosan	
k141_35571_2 # 757 # 1347 # -1 # ID=6359_2;partial=00;start_type=ATG;rbs_motif=GGA/GAG/AGG;rbs_spacer=5-10bp;gc_cont=0.629	k141_35571	757	1347	-	Loose	375	42.0	Escherichia coli AcrAB-TolC with AcrR mutation conferring resistance to ciprofloxacin, tetracycline, and ceftazidime	24.35	3003807	protein overexpression model	n/a	n/a	fluoroquinolone antibiotic; cephalosporin; glycylcycline; penam; tetracycline antibiotic; rifamycin antibiotic; phenicol antibiotic; disinfecting agents and antiseptics	antibiotic target alteration; antibiotic efflux	resistance-nodulation-cell division (RND) antibiotic efflux pump	91.16	gnl|BL_ORD_ID|2091|hsp_num:0	2306			42	384	tigecycline; ciprofloxacin; tetracycline; ceftazidime; rifampin; chloramphenicol; ampicillin; cefalotin; triclosan	
k141_19811_1 # 1 # 750 # -1 # ID=6371_1;partial=10;start_type=ATG;rbs_motif=GGAG/GAGG;rbs_spacer=5-10bp;gc_cont=0.673	k141_19811	1	750	-	Loose	1190	130.2	novA	33.47	3002522	protein homolog model	n/a	n/a	aminocoumarin antibiotic	antibiotic efflux	ATP-binding cassette (ABC) antibiotic efflux pump	40.65	gnl|BL_ORD_ID|1113|hsp_num:0	1210			789	1521	novobiocin	
k141_35577_1 # 2 # 2524 # -1 # ID=6378_1;partial=10;start_type=ATG;rbs_motif=GGA/GAG/AGG;rbs_spacer=5-10bp;gc_cont=0.503	k141_35577	2	2524	-	Loose	650	144.4	tetA(58)	34.01	3003980	protein homolog model	n/a	n/a	tetracycline antibiotic	antibiotic efflux	major facilitator superfamily (MFS) antibiotic efflux pump	245.19	gnl|BL_ORD_ID|2244|hsp_num:0	2517			48	786	tetracycline	
k141_35577_2 # 2551 # 3537 # -1 # ID=6378_2;partial=00;start_type=ATG;rbs_motif=GGA/GAG/AGG;rbs_spacer=5-10bp;gc_cont=0.519	k141_35577	2551	3537	-	Loose	790	49.7	mtrC	28.07	3000810	protein homolog model	n/a	n/a	macrolide antibiotic; penam	antibiotic efflux	resistance-nodulation-cell division (RND) antibiotic efflux pump	79.61	gnl|BL_ORD_ID|1233|hsp_num:0	1340			156	915	erythromycin; penicillin; azithromycin	
k141_35577_3 # 3813 # 4379 # -1 # ID=6378_3;partial=01;start_type=Edge;rbs_motif=None;rbs_spacer=None;gc_cont=0.499	k141_35577	3813	4379	-	Loose	650	69.7	adeL	26.23	3000620	protein homolog model	n/a	n/a	fluoroquinolone antibiotic; tetracycline antibiotic	antibiotic efflux	resistance-nodulation-cell division (RND) antibiotic efflux pump	55.79	gnl|BL_ORD_ID|2316|hsp_num:0	2654			312	861	tetracycline	
k141_27609_3 # 721 # 2337 # 1 # ID=6383_3;partial=00;start_type=ATG;rbs_motif=GGA/GAG/AGG;rbs_spacer=5-10bp;gc_cont=0.670	k141_27609	721	2337	+	Loose	910	51.2	smeS	30.0	3003067	protein homolog model	n/a	n/a	aminoglycoside antibiotic; cephalosporin; cephamycin; penam	antibiotic efflux	resistance-nodulation-cell division (RND) antibiotic efflux pump	115.20	gnl|BL_ORD_ID|313|hsp_num:0	342			750	1329		
k141_27609_4 # 2349 # 2612 # 1 # ID=6383_4;partial=01;start_type=ATG;rbs_motif=None;rbs_spacer=None;gc_cont=0.659	k141_27609	2349	2612	+	Loose	400	55.5	Pseudomonas aeruginosa CpxR	35.37	3004054	protein homolog model	n/a	n/a	macrolide antibiotic; fluoroquinolone antibiotic; monobactam; aminoglycoside antibiotic; carbapenem; cephalosporin; cephamycin; penam; tetracycline antibiotic; peptide antibiotic; aminocoumarin antibiotic; diaminopyrimidine antibiotic; sulfonamide antibiotic; phenicol antibiotic; penem	antibiotic efflux	resistance-nodulation-cell division (RND) antibiotic efflux pump	39.11	gnl|BL_ORD_ID|2301|hsp_num:0	2685			3	249	erythromycin; ciprofloxacin; tetracycline; ceftazidime; ceftriaxone; meropenem; novobiocin; azithromycin; trimethoprim; sulfamethoxazole; chloramphenicol; aztreonam; colistin A; colistin B; ampicillin; panipenem; trimethoprim-sulfamethoxazole	
k141_3952_1 # 3 # 134 # 1 # ID=6385_1;partial=10;start_type=Edge;rbs_motif=None;rbs_spacer=None;gc_cont=0.447	k141_3952	3	134	+	Loose	1100	37.7	tetA(60)	45.95	3004035	protein homolog model	n/a	n/a	tetracycline antibiotic	antibiotic efflux	ATP-binding cassette (ABC) antibiotic efflux pump	7.43	gnl|BL_ORD_ID|2311|hsp_num:0	2645			1623	1731	tetracycline	
k141_43449_1 # 2 # 1060 # 1 # ID=6386_1;partial=11;start_type=Edge;rbs_motif=None;rbs_spacer=None;gc_cont=0.624	k141_43449	2	1060	+	Loose	1950	391.0	MexB	58.07	3000378	protein homolog model	n/a	n/a	macrolide antibiotic; fluoroquinolone antibiotic; monobactam; carbapenem; cephalosporin; cephamycin; penam; tetracycline antibiotic; peptide antibiotic; aminocoumarin antibiotic; diaminopyrimidine antibiotic; sulfonamide antibiotic; phenicol antibiotic; penem	antibiotic efflux	resistance-nodulation-cell division (RND) antibiotic efflux pump	33.75	gnl|BL_ORD_ID|1790|hsp_num:0	1925			162	1221	erythromycin; ciprofloxacin; tetracycline; ceftazidime; ceftriaxone; meropenem; novobiocin; azithromycin; trimethoprim; sulfamethoxazole; chloramphenicol; aztreonam; colistin A; colistin B; ampicillin; nalidixic acid; panipenem; ticarcillin; trimethoprim-sulfamethoxazole	
k141_59415_1 # 3 # 512 # -1 # ID=6401_1;partial=10;start_type=ATG;rbs_motif=None;rbs_spacer=None;gc_cont=0.635	k141_59415	3	512	-	Loose	550	45.4	LRA-12	32.98	3002511	protein homolog model	n/a	n/a	cephalosporin; penam	antibiotic inactivation	subclass B3 LRA beta-lactamase	58.02	gnl|BL_ORD_ID|10|hsp_num:0	13			294	567		
k141_51466_6 # 3897 # 4934 # 1 # ID=6410_6;partial=01;start_type=ATG;rbs_motif=GGAG/GAGG;rbs_spacer=5-10bp;gc_cont=0.664	k141_51466	3897	4934	+	Loose	1250	109.4	mecA	30.69	3000617	protein homolog model	n/a	n/a	penam	antibiotic target replacement	methicillin resistant PBP2	51.80	gnl|BL_ORD_ID|1217|hsp_num:0	1321			450	1242	methicillin	
k141_59426_1 # 55 # 837 # -1 # ID=6420_1;partial=00;start_type=GTG;rbs_motif=GGAGG;rbs_spacer=5-10bp;gc_cont=0.662	k141_59426	55	837	-	Loose	450	82.0	RanB	28.1	3005090	protein homolog model	n/a	n/a	aminoglycoside antibiotic	antibiotic efflux	ATP-binding cassette (ABC) antibiotic efflux pump	102.77	gnl|BL_ORD_ID|2808|hsp_num:0	3824			45	759		
k141_59426_2 # 834 # 1745 # -1 # ID=6420_2;partial=00;start_type=ATG;rbs_motif=None;rbs_spacer=None;gc_cont=0.649	k141_59426	834	1745	-	Loose	500	132.1	RanA	30.8	3005091	protein homolog model	n/a	n/a	aminoglycoside antibiotic	antibiotic efflux	ATP-binding cassette (ABC) antibiotic efflux pump	117.44	gnl|BL_ORD_ID|2809|hsp_num:0	3825			0	711		
k141_59429_1 # 2 # 358 # -1 # ID=6423_1;partial=10;start_type=ATG;rbs_motif=None;rbs_spacer=None;gc_cont=0.700	k141_59429	2	358	-	Loose	850	45.8	opmE	33.0	3003700	protein homolog model	n/a	n/a	macrolide antibiotic; carbapenem; tetracycline antibiotic; diaminopyrimidine antibiotic; phenicol antibiotic; disinfecting agents and antiseptics	antibiotic efflux	resistance-nodulation-cell division (RND) antibiotic efflux pump	24.24	gnl|BL_ORD_ID|2020|hsp_num:0	2213			6	303	erythromycin; acriflavine; tetracycline; imipenem; trimethoprim; chloramphenicol; thiamphenicol; kitasamycin; rokitamycin	
k141_11967_11 # 7741 # 8070 # -1 # ID=6435_11;partial=01;start_type=Edge;rbs_motif=None;rbs_spacer=None;gc_cont=0.324	k141_11967	7741	8070	-	Loose	900	42.7	TolC	30.59	3000237	protein homolog model	n/a	n/a	macrolide antibiotic; fluoroquinolone antibiotic; aminoglycoside antibiotic; carbapenem; cephalosporin; glycylcycline; cephamycin; penam; tetracycline antibiotic; peptide antibiotic; aminocoumarin antibiotic; rifamycin antibiotic; phenicol antibiotic; penem; disinfecting agents and antiseptics	antibiotic efflux	ATP-binding cassette (ABC) antibiotic efflux pump; major facilitator superfamily (MFS) antibiotic efflux pump; resistance-nodulation-cell division (RND) antibiotic efflux pump	22.02	gnl|BL_ORD_ID|4677|hsp_num:0	826			1005	1260	erythromycin; cloxacillin; gentamicin C; tigecycline; ciprofloxacin; spectinomycin; streptomycin; tetracycline; tobramycin; oxacillin; ceftazidime; ertapenem; piperacillin; novobiocin; azithromycin; rifampin; imipenem; chloramphenicol; polymyxin B; polymyxin B1; polymyxin B2; polymyxin B3; polymyxin B4; ampicillin; nalidixic acid; norfloxacin; cefalotin; triclosan; ticarcillin; gentamicin	
k141_19865_3 # 1271 # 1723 # 1 # ID=6444_3;partial=01;start_type=ATG;rbs_motif=GGAG/GAGG;rbs_spacer=5-10bp;gc_cont=0.620	k141_19865	1271	1723	+	Loose	2000	64.7	Bifidobacterium adolescentis rpoB mutants conferring resistance to rifampicin	28.1	3004480	protein homolog model	n/a	n/a	rifamycin antibiotic	antibiotic target alteration; antibiotic target replacement	rifamycin-resistant beta-subunit of RNA polymerase (rpoB)	12.73	gnl|BL_ORD_ID|4720|hsp_num:0	2914			81	507	rifampin	
k141_35616_1 # 2 # 1321 # 1 # ID=6447_1;partial=10;start_type=Edge;rbs_motif=None;rbs_spacer=None;gc_cont=0.623	k141_35616	2	1321	+	Loose	1000	330.1	MCR-8.1	40.13	3004516	protein homolog model	n/a	n/a	peptide antibiotic	antibiotic target alteration	MCR phosphoethanolamine transferase	77.70	gnl|BL_ORD_ID|4721|hsp_num:0	3144			330	1638	colistin A; colistin B	
k141_59460_3 # 1584 # 2261 # 1 # ID=6471_3;partial=01;start_type=ATG;rbs_motif=AGGAG;rbs_spacer=5-10bp;gc_cont=0.344	k141_59460	1584	2261	+	Loose	410	212.6	arlR	48.44	3000838	protein homolog model	n/a	n/a	fluoroquinolone antibiotic; disinfecting agents and antiseptics	antibiotic efflux	major facilitator superfamily (MFS) antibiotic efflux pump	103.20	gnl|BL_ORD_ID|1275|hsp_num:0	1390			0	651	ciprofloxacin; acriflavine; norfloxacin	
k141_27678_1 # 1 # 1065 # -1 # ID=6477_1;partial=11;start_type=Edge;rbs_motif=None;rbs_spacer=None;gc_cont=0.347	k141_27678	1	1065	-	Loose	300	51.2	tet(O)	36.67	3000190	protein homolog model	n/a	n/a	tetracycline antibiotic	antibiotic target protection	tetracycline-resistant ribosomal protection protein	55.56	gnl|BL_ORD_ID|1954|hsp_num:0	2020			126	393	tetracycline; doxycycline; minocycline; chlortetracycline; demeclocycline; oxytetracycline	
k141_11997_1 # 2 # 154 # -1 # ID=6485_1;partial=10;start_type=GTG;rbs_motif=GGAG/GAGG;rbs_spacer=5-10bp;gc_cont=0.294	k141_11997	2	154	-	Loose	1050	44.7	carA	37.5	3002817	protein homolog model	n/a	n/a	macrolide antibiotic	antibiotic target protection	Miscellaneous ABC-F subfamily ATP-binding cassette ribosomal protection proteins	9.26	gnl|BL_ORD_ID|854|hsp_num:0	928			15	159	carbomycin	
k141_11997_2 # 154 # 750 # -1 # ID=6485_2;partial=00;start_type=ATG;rbs_motif=None;rbs_spacer=None;gc_cont=0.345	k141_11997	154	750	-	Loose	650	57.4	tetA(58)	31.19	3003980	protein homolog model	n/a	n/a	tetracycline antibiotic	antibiotic efflux	major facilitator superfamily (MFS) antibiotic efflux pump	57.73	gnl|BL_ORD_ID|2244|hsp_num:0	2517			381	705	tetracycline	
k141_11997_3 # 799 # 954 # -1 # ID=6485_3;partial=00;start_type=ATG;rbs_motif=GGA/GAG/AGG;rbs_spacer=11-12bp;gc_cont=0.276	k141_11997	799	954	-	Loose	800	49.7	lsaE	46.67	3003206	protein homolog model	n/a	n/a	lincosamide antibiotic; streptogramin antibiotic; pleuromutilin antibiotic	antibiotic target protection	lsa-type ABC-F protein	10.32	gnl|BL_ORD_ID|237|hsp_num:0	264			924	1059	lincomycin; pleuromutilin	
k141_19881_1 # 3 # 1046 # 1 # ID=6486_1;partial=10;start_type=Edge;rbs_motif=None;rbs_spacer=None;gc_cont=0.693	k141_19881	3	1046	+	Loose	1280	82.4	macB	30.81	3000535	protein homolog model	n/a	n/a	macrolide antibiotic	antibiotic efflux	ATP-binding cassette (ABC) antibiotic efflux pump	53.88	gnl|BL_ORD_ID|447|hsp_num:0	487			66	618	erythromycin	
k141_19881_2 # 1048 # 1884 # 1 # ID=6486_2;partial=01;start_type=ATG;rbs_motif=AGGAG;rbs_spacer=5-10bp;gc_cont=0.667	k141_19881	1048	1884	+	Loose	500	84.7	RanA	27.32	3005091	protein homolog model	n/a	n/a	aminoglycoside antibiotic	antibiotic efflux	ATP-binding cassette (ABC) antibiotic efflux pump	108.14	gnl|BL_ORD_ID|2809|hsp_num:0	3825			69	681		
k141_59480_1 # 344 # 778 # -1 # ID=6491_1;partial=00;start_type=TTG;rbs_motif=AATAA;rbs_spacer=14bp;gc_cont=0.324	k141_59480	344	778	-	Loose	890	58.9	smeF	24.11	3003057	protein homolog model	n/a	n/a	macrolide antibiotic; fluoroquinolone antibiotic; tetracycline antibiotic; phenicol antibiotic	antibiotic efflux	resistance-nodulation-cell division (RND) antibiotic efflux pump	30.90	gnl|BL_ORD_ID|578|hsp_num:0	634			963	1386	tetracycline; chloramphenicol	
k141_35645_1 # 2 # 694 # 1 # ID=6493_1;partial=10;start_type=Edge;rbs_motif=None;rbs_spacer=None;gc_cont=0.473	k141_35645	2	694	+	Loose	570	212.2	bcrA	48.89	3002987	protein homolog model	n/a	n/a	peptide antibiotic	antibiotic efflux	ATP-binding cassette (ABC) antibiotic efflux pump	75.16	gnl|BL_ORD_ID|316|hsp_num:0	345			231	906	bacitracin; bacitracin A; bacitracin B; bacitracin F	
k141_35645_2 # 687 # 1073 # 1 # ID=6493_2;partial=01;start_type=TTG;rbs_motif=AGxAGG/AGGxGG;rbs_spacer=5-10bp;gc_cont=0.403	k141_35645	687	1073	+	Loose	370	37.7	bcrB	29.07	3002988	protein homolog model	n/a	n/a	peptide antibiotic	antibiotic efflux	ATP-binding cassette (ABC) antibiotic efflux pump	62.02	gnl|BL_ORD_ID|869|hsp_num:0	944			15	273	bacitracin; bacitracin A; bacitracin B; bacitracin F	
k141_59501_2 # 454 # 1518 # 1 # ID=6506_2;partial=00;start_type=ATG;rbs_motif=AGGAG(G)/GGAGG;rbs_spacer=13-15bp;gc_cont=0.481	k141_59501	454	1518	+	Loose	1280	143.7	macB	36.36	3000535	protein homolog model	n/a	n/a	macrolide antibiotic	antibiotic efflux	ATP-binding cassette (ABC) antibiotic efflux pump	54.97	gnl|BL_ORD_ID|447|hsp_num:0	487			3	675	erythromycin	
k141_59503_2 # 255 # 1070 # 1 # ID=6509_2;partial=00;start_type=ATG;rbs_motif=GGA/GAG/AGG;rbs_spacer=5-10bp;gc_cont=0.664	k141_59503	255	1070	+	Loose	650	94.4	tetA(58)	26.54	3003980	protein homolog model	n/a	n/a	tetracycline antibiotic	antibiotic efflux	major facilitator superfamily (MFS) antibiotic efflux pump	79.01	gnl|BL_ORD_ID|2244|hsp_num:0	2517			42	756	tetracycline	
k141_19902_2 # 156 # 1226 # 1 # ID=6519_2;partial=00;start_type=GTG;rbs_motif=None;rbs_spacer=None;gc_cont=0.489	k141_19902	156	1226	+	Loose	850	44.7	OprM	23.4	3000379	protein homolog model	n/a	n/a	macrolide antibiotic; fluoroquinolone antibiotic; monobactam; aminoglycoside antibiotic; carbapenem; cephalosporin; cephamycin; penam; tetracycline antibiotic; peptide antibiotic; aminocoumarin antibiotic; diaminopyrimidine antibiotic; sulfonamide antibiotic; phenicol antibiotic; penem; disinfecting agents and antiseptics	antibiotic efflux	resistance-nodulation-cell division (RND) antibiotic efflux pump	73.40	gnl|BL_ORD_ID|2356|hsp_num:0	1305			342	1308	erythromycin; amikacin; gentamicin C; ciprofloxacin; acriflavine; tetracycline; tobramycin; ceftazidime; ceftriaxone; meropenem; novobiocin; azithromycin; trimethoprim; sulfamethoxazole; chloramphenicol; thiamphenicol; aztreonam; colistin A; colistin B; ampicillin; nalidixic acid; norfloxacin; ofloxacin; panipenem; ticarcillin; trimethoprim-sulfamethoxazole; gentamicin	
k141_19902_3 # 1226 # 3631 # 1 # ID=6519_3;partial=00;start_type=ATG;rbs_motif=GGAG/GAGG;rbs_spacer=5-10bp;gc_cont=0.495	k141_19902	1226	3631	+	Loose	1190	142.5	novA	22.92	3002522	protein homolog model	n/a	n/a	aminocoumarin antibiotic	antibiotic efflux	ATP-binding cassette (ABC) antibiotic efflux pump	130.24	gnl|BL_ORD_ID|1113|hsp_num:0	1210			93	1821	novobiocin	
k141_51545_1 # 2 # 427 # -1 # ID=6520_1;partial=10;start_type=ATG;rbs_motif=GGAG/GAGG;rbs_spacer=5-10bp;gc_cont=0.521	k141_51545	2	427	-	Loose	730	48.1	ceoA	31.48	3003009	protein homolog model	n/a	n/a	fluoroquinolone antibiotic; aminoglycoside antibiotic	antibiotic efflux	resistance-nodulation-cell division (RND) antibiotic efflux pump	35.06	gnl|BL_ORD_ID|1577|hsp_num:0	1719			45	366		
k141_35675_1 # 2 # 760 # 1 # ID=6522_1;partial=10;start_type=Edge;rbs_motif=None;rbs_spacer=None;gc_cont=0.625	k141_35675	2	760	+	Loose	650	103.2	tetA(58)	30.26	3003980	protein homolog model	n/a	n/a	tetracycline antibiotic	antibiotic efflux	major facilitator superfamily (MFS) antibiotic efflux pump	73.47	gnl|BL_ORD_ID|2244|hsp_num:0	2517			78	750	tetracycline	
k141_27729_2 # 432 # 1103 # -1 # ID=6538_2;partial=01;start_type=Edge;rbs_motif=None;rbs_spacer=None;gc_cont=0.682	k141_27729	432	1103	-	Loose	550	63.5	NmcR	28.15	3003665	protein homolog model	n/a	n/a	carbapenem; cephalosporin; cephamycin; penam	antibiotic inactivation	NmcA beta-lactamase	75.59	gnl|BL_ORD_ID|1906|hsp_num:0	2072			234	615	cefoxitin; cefazolin; ampicillin	
k141_43551_3 # 542 # 1777 # -1 # ID=6552_3;partial=00;start_type=ATG;rbs_motif=None;rbs_spacer=None;gc_cont=0.506	k141_43551	542	1777	-	Loose	750	459.5	pmrA	56.78	3000822	protein homolog model	n/a	n/a	fluoroquinolone antibiotic	antibiotic efflux	major facilitator superfamily (MFS) antibiotic efflux pump	103.01	gnl|BL_ORD_ID|1926|hsp_num:0	2003			3	1197	ciprofloxacin; norfloxacin	
k141_12045_1 # 1 # 1284 # -1 # ID=6557_1;partial=11;start_type=Edge;rbs_motif=None;rbs_spacer=None;gc_cont=0.439	k141_12045	1	1284	-	Loose	2300	131.7	evgS	33.2	3000833	protein homolog model	n/a	n/a	macrolide antibiotic; fluoroquinolone antibiotic; penam; tetracycline antibiotic	antibiotic efflux	major facilitator superfamily (MFS) antibiotic efflux pump; resistance-nodulation-cell division (RND) antibiotic efflux pump	35.76	gnl|BL_ORD_ID|1215|hsp_num:0	1318			2055	2769	erythromycin; cloxacillin; tetracycline; oxacillin; norfloxacin	
k141_27747_2 # 774 # 3572 # 1 # ID=6569_2;partial=00;start_type=ATG;rbs_motif=GGA/GAG/AGG;rbs_spacer=11-12bp;gc_cont=0.587	k141_27747	774	3572	+	Loose	2300	117.1	evgS	31.01	3000833	protein homolog model	n/a	n/a	macrolide antibiotic; fluoroquinolone antibiotic; penam; tetracycline antibiotic	antibiotic efflux	major facilitator superfamily (MFS) antibiotic efflux pump; resistance-nodulation-cell division (RND) antibiotic efflux pump	77.86	gnl|BL_ORD_ID|1215|hsp_num:0	1318			2073	2841	erythromycin; cloxacillin; tetracycline; oxacillin; norfloxacin	
k141_27747_3 # 3580 # 4488 # -1 # ID=6569_3;partial=00;start_type=ATG;rbs_motif=None;rbs_spacer=None;gc_cont=0.590	k141_27747	3580	4488	-	Loose	550	43.1	NmcR	35.53	3003665	protein homolog model	n/a	n/a	carbapenem; cephalosporin; cephamycin; penam	antibiotic inactivation	NmcA beta-lactamase	102.37	gnl|BL_ORD_ID|1906|hsp_num:0	2072			27	255	cefoxitin; cefazolin; ampicillin	
k141_12056_1 # 2 # 196 # -1 # ID=6571_1;partial=10;start_type=ATG;rbs_motif=None;rbs_spacer=None;gc_cont=0.687	k141_12056	2	196	-	Loose	420	47.4	smeR	40.35	3003066	protein homolog model	n/a	n/a	aminoglycoside antibiotic; cephalosporin; cephamycin; penam	antibiotic efflux	resistance-nodulation-cell division (RND) antibiotic efflux pump	28.38	gnl|BL_ORD_ID|1426|hsp_num:0	1550			27	198		
k141_59538_2 # 777 # 1046 # 1 # ID=6572_2;partial=01;start_type=ATG;rbs_motif=None;rbs_spacer=None;gc_cont=0.663	k141_59538	777	1046	+	Loose	1280	43.1	macB	29.21	3000535	protein homolog model	n/a	n/a	macrolide antibiotic	antibiotic efflux	ATP-binding cassette (ABC) antibiotic efflux pump	13.98	gnl|BL_ORD_ID|447|hsp_num:0	487			0	258	erythromycin	
k141_27758_1 # 2 # 1564 # -1 # ID=6581_1;partial=11;start_type=Edge;rbs_motif=None;rbs_spacer=None;gc_cont=0.671	k141_27758	2	1564	-	Loose	1900	159.5	MuxB	28.84	3004074	protein homolog model	n/a	n/a	macrolide antibiotic; monobactam; tetracycline antibiotic; aminocoumarin antibiotic	antibiotic efflux	resistance-nodulation-cell division (RND) antibiotic efflux pump	49.95	gnl|BL_ORD_ID|2365|hsp_num:0	2718			129	1677	erythromycin; tetracycline; novobiocin; aztreonam; kitasamycin; rokitamycin	
k141_43583_1 # 1 # 258 # -1 # ID=6591_1;partial=10;start_type=ATG;rbs_motif=GGAG/GAGG;rbs_spacer=5-10bp;gc_cont=0.597	k141_43583	1	258	-	Loose	400	64.7	cprR	39.53	3005063	protein homolog model	n/a	n/a	peptide antibiotic	antibiotic target alteration; antibiotic efflux	pmr phosphoethanolamine transferase	38.57	gnl|BL_ORD_ID|2789|hsp_num:0	3803			6	261	polymyxin B; colistin A; colistin B	
k141_12069_1 # 3 # 563 # 1 # ID=6594_1;partial=10;start_type=Edge;rbs_motif=None;rbs_spacer=None;gc_cont=0.446	k141_12069	3	563	+	Loose	1200	67.4	tet(T)	26.62	3000193	protein homolog model	n/a	n/a	tetracycline antibiotic	antibiotic target protection	tetracycline-resistant ribosomal protection protein	28.57	gnl|BL_ORD_ID|1955|hsp_num:0	2037			1383	1839	tetracycline; doxycycline; minocycline; chlortetracycline; demeclocycline; oxytetracycline	
k141_12069_2 # 657 # 1847 # 1 # ID=6594_2;partial=00;start_type=ATG;rbs_motif=AGGA;rbs_spacer=5-10bp;gc_cont=0.451	k141_12069	657	1847	+	Loose	700	670.6	Escherichia coli EF-Tu mutants conferring resistance to Pulvomycin	83.76	3003369	protein variant model	R234F	n/a	elfamycin antibiotic	antibiotic target alteration	elfamycin resistant EF-Tu	96.82	gnl|BL_ORD_ID|1971|hsp_num:0	2158			45	1221	pulvomycin	
k141_4119_1 # 3 # 974 # 1 # ID=6596_1;partial=10;start_type=Edge;rbs_motif=None;rbs_spacer=None;gc_cont=0.327	k141_4119	3	974	+	Loose	800	43.1	MuxA	22.08	3004073	protein homolog model	n/a	n/a	macrolide antibiotic; monobactam; tetracycline antibiotic; aminocoumarin antibiotic	antibiotic efflux	resistance-nodulation-cell division (RND) antibiotic efflux pump	75.82	gnl|BL_ORD_ID|2243|hsp_num:0	2717			411	1131	erythromycin; tetracycline; novobiocin; aztreonam; kitasamycin; rokitamycin	
k141_43588_1 # 2 # 703 # 1 # ID=6598_1;partial=10;start_type=Edge;rbs_motif=None;rbs_spacer=None;gc_cont=0.346	k141_43588	2	703	+	Loose	1320	103.6	lmrD	28.96	3002882	protein homolog model	n/a	n/a	lincosamide antibiotic	antibiotic efflux	ATP-binding cassette (ABC) antibiotic efflux pump	35.09	gnl|BL_ORD_ID|1489|hsp_num:0	1624			1320	1944		
k141_4124_1 # 196 # 1641 # 1 # ID=6601_1;partial=01;start_type=ATG;rbs_motif=GGAG/GAGG;rbs_spacer=5-10bp;gc_cont=0.685	k141_4124	196	1641	+	Loose	1900	576.6	MuxC	63.22	3004075	protein homolog model	n/a	n/a	macrolide antibiotic; monobactam; tetracycline antibiotic; aminocoumarin antibiotic	antibiotic efflux	resistance-nodulation-cell division (RND) antibiotic efflux pump	46.53	gnl|BL_ORD_ID|2368|hsp_num:0	2720			0	1452	erythromycin; tetracycline; novobiocin; aztreonam; kitasamycin; rokitamycin	
k141_19958_2 # 1021 # 1698 # -1 # ID=6604_2;partial=00;start_type=ATG;rbs_motif=AGGAG/GGAGG;rbs_spacer=11-12bp;gc_cont=0.639	k141_19958	1021	1698	-	Loose	400	95.9	CRP	34.27	3000518	protein homolog model	n/a	n/a	macrolide antibiotic; fluoroquinolone antibiotic; penam	antibiotic efflux	resistance-nodulation-cell division (RND) antibiotic efflux pump	107.14	gnl|BL_ORD_ID|804|hsp_num:0	869			66	591	erythromycin; cloxacillin; oxacillin; norfloxacin	
k141_59566_1 # 3 # 1397 # -1 # ID=6610_1;partial=10;start_type=ATG;rbs_motif=AAAA;rbs_spacer=11bp;gc_cont=0.363	k141_59566	3	1397	-	Loose	1280	53.1	macB	33.33	3000535	protein homolog model	n/a	n/a	macrolide antibiotic	antibiotic efflux	ATP-binding cassette (ABC) antibiotic efflux pump	72.20	gnl|BL_ORD_ID|447|hsp_num:0	487			375	645	erythromycin	
k141_12090_2 # 141 # 806 # 1 # ID=6625_2;partial=00;start_type=ATG;rbs_motif=AGGA;rbs_spacer=5-10bp;gc_cont=0.536	k141_12090	141	806	+	Loose	1280	175.3	macB	42.34	3000535	protein homolog model	n/a	n/a	macrolide antibiotic	antibiotic efflux	ATP-binding cassette (ABC) antibiotic efflux pump	34.32	gnl|BL_ORD_ID|447|hsp_num:0	487			0	663	erythromycin	
k141_43601_3 # 1130 # 2092 # 1 # ID=6626_3;partial=00;start_type=ATG;rbs_motif=AGGAGG;rbs_spacer=3-4bp;gc_cont=0.599	k141_43601	1130	2092	+	Loose	880	62.4	arlS	23.93	3000839	protein homolog model	n/a	n/a	fluoroquinolone antibiotic; disinfecting agents and antiseptics	antibiotic efflux	major facilitator superfamily (MFS) antibiotic efflux pump	70.95	gnl|BL_ORD_ID|166|hsp_num:0	182			660	1347	ciprofloxacin; acriflavine; norfloxacin	
k141_43601_4 # 2147 # 3445 # 1 # ID=6626_4;partial=01;start_type=ATG;rbs_motif=None;rbs_spacer=None;gc_cont=0.670	k141_43601	2147	3445	+	Loose	400	46.6	vanR gene in vanM cluster	27.5	3002928	protein homolog model	n/a	n/a	glycopeptide antibiotic	antibiotic target alteration	glycopeptide resistance gene cluster; vanR	186.64	gnl|BL_ORD_ID|4736|hsp_num:0	752			12	360	vancomycin; teicoplanin	
k141_4143_5 # 2174 # 2731 # -1 # ID=6634_5;partial=01;start_type=Edge;rbs_motif=None;rbs_spacer=None;gc_cont=0.434	k141_4143	2174	2731	-	Loose	570	95.1	bcrA	33.33	3002987	protein homolog model	n/a	n/a	peptide antibiotic	antibiotic efflux	ATP-binding cassette (ABC) antibiotic efflux pump	60.46	gnl|BL_ORD_ID|316|hsp_num:0	345			285	918	bacitracin; bacitracin A; bacitracin B; bacitracin F	
k141_19977_1 # 1 # 1203 # 1 # ID=6636_1;partial=10;start_type=Edge;rbs_motif=None;rbs_spacer=None;gc_cont=0.355	k141_19977	1	1203	+	Loose	400	82.8	tetB(P)	24.63	3000195	protein homolog model	n/a	n/a	tetracycline antibiotic	antibiotic target protection	tetracycline-resistant ribosomal protection protein	61.35	gnl|BL_ORD_ID|738|hsp_num:0	804			363	1272	tetracycline; doxycycline; minocycline; chlortetracycline; demeclocycline; oxytetracycline	
k141_27794_5 # 2729 # 3439 # -1 # ID=6638_5;partial=01;start_type=Edge;rbs_motif=None;rbs_spacer=None;gc_cont=0.661	k141_27794	2729	3439	-	Loose	1280	97.1	macB	33.5	3000535	protein homolog model	n/a	n/a	macrolide antibiotic	antibiotic efflux	ATP-binding cassette (ABC) antibiotic efflux pump	36.65	gnl|BL_ORD_ID|447|hsp_num:0	487			117	708	erythromycin	
k141_59594_1 # 1 # 1335 # -1 # ID=6653_1;partial=10;start_type=GTG;rbs_motif=GGAG/GAGG;rbs_spacer=5-10bp;gc_cont=0.712	k141_59594	1	1335	-	Loose	400	97.8	TxR	56.67	3005008	protein homolog model	n/a	n/a	tetracycline antibiotic	antibiotic efflux	ATP-binding cassette (ABC) antibiotic efflux pump	139.94	gnl|BL_ORD_ID|4725|hsp_num:0	3753			138	405	tetracycline	
k141_4152_2 # 232 # 1464 # 1 # ID=6655_2;partial=00;start_type=ATG;rbs_motif=GGA/GAG/AGG;rbs_spacer=5-10bp;gc_cont=0.431	k141_4152	232	1464	+	Loose	900	59.7	iri	24.1	3002884	protein homolog model	n/a	n/a	rifamycin antibiotic	antibiotic inactivation	rifampin monooxygenase	85.59	gnl|BL_ORD_ID|730|hsp_num:0	796			6	978	rifampin; rifaximin; rifabutin; rifapentine	
k141_27809_1 # 2 # 838 # 1 # ID=6656_1;partial=10;start_type=Edge;rbs_motif=None;rbs_spacer=None;gc_cont=0.554	k141_27809	2	838	+	Loose	600	43.1	CAR-1	25.78	3006903	protein homolog model	n/a	n/a	carbapenem	antibiotic inactivation	CAR beta-lactamase	81.29	gnl|BL_ORD_ID|3340|hsp_num:0	4408			306	690		
k141_51662_1 # 283 # 1386 # -1 # ID=6672_1;partial=01;start_type=Edge;rbs_motif=None;rbs_spacer=None;gc_cont=0.726	k141_51662	283	1386	-	Loose	500	65.5	Rhodobacter sphaeroides ampC beta-lactamase	26.97	3004291	protein homolog model	n/a	n/a	cephalosporin; penam	antibiotic inactivation	ampC-type beta-lactamase	96.58	gnl|BL_ORD_ID|2431|hsp_num:0	2844			132	1068	benzylpenicillin	
k141_4160_2 # 559 # 1512 # -1 # ID=6674_2;partial=00;start_type=ATG;rbs_motif=TAA;rbs_spacer=12bp;gc_cont=0.365	k141_4160	559	1512	-	Loose	200	102.1	vanH gene in vanB cluster	32.41	3002943	protein homolog model	n/a	n/a	glycopeptide antibiotic	antibiotic target alteration	vanH; glycopeptide resistance gene cluster	98.14	gnl|BL_ORD_ID|4674|hsp_num:0	626			216	897	vancomycin	
k141_43627_2 # 245 # 1063 # 1 # ID=6681_2;partial=00;start_type=ATG;rbs_motif=GGAG/GAGG;rbs_spacer=5-10bp;gc_cont=0.464	k141_43627	245	1063	+	Loose	550	131.0	RlmA(II)	33.96	3001301	protein homolog model	n/a	n/a	macrolide antibiotic; lincosamide antibiotic	antibiotic target alteration	non-erm 23S ribosomal RNA methyltransferase (G748)	96.45	gnl|BL_ORD_ID|2053|hsp_num:0	2274			57	834	tylosin; mycinamicin	
k141_51669_1 # 2 # 706 # 1 # ID=6685_1;partial=10;start_type=Edge;rbs_motif=None;rbs_spacer=None;gc_cont=0.654	k141_51669	2	706	+	Loose	1190	73.2	novA	33.53	3002522	protein homolog model	n/a	n/a	aminocoumarin antibiotic	antibiotic efflux	ATP-binding cassette (ABC) antibiotic efflux pump	38.05	gnl|BL_ORD_ID|1113|hsp_num:0	1210			1161	1668	novobiocin	
k141_27831_3 # 1829 # 3682 # 1 # ID=6696_3;partial=00;start_type=ATG;rbs_motif=None;rbs_spacer=None;gc_cont=0.662	k141_27831	1829	3682	+	Loose	850	64.3	baeS	26.55	3000829	protein homolog model	n/a	n/a	aminoglycoside antibiotic; aminocoumarin antibiotic	antibiotic efflux	resistance-nodulation-cell division (RND) antibiotic efflux pump	132.12	gnl|BL_ORD_ID|914|hsp_num:0	986			741	1374	novobiocin	
k141_27831_4 # 3679 # 5025 # 1 # ID=6696_4;partial=00;start_type=ATG;rbs_motif=None;rbs_spacer=None;gc_cont=0.653	k141_27831	3679	5025	+	Loose	400	208.8	TxR	40.4	3005008	protein homolog model	n/a	n/a	tetracycline antibiotic	antibiotic efflux	ATP-binding cassette (ABC) antibiotic efflux pump	140.88	gnl|BL_ORD_ID|4725|hsp_num:0	3753			66	948	tetracycline	
k141_59618_1 # 1 # 675 # 1 # ID=6697_1;partial=10;start_type=Edge;rbs_motif=None;rbs_spacer=None;gc_cont=0.560	k141_59618	1	675	+	Loose	730	207.6	farA	52.31	3003961	protein homolog model	n/a	n/a	antibacterial free fatty acids	antibiotic efflux	major facilitator superfamily (MFS) antibiotic efflux pump	58.33	gnl|BL_ORD_ID|2190|hsp_num:0	2428			387	1035	palmitic acid; oleic acid; linoleic acid	
k141_59618_2 # 692 # 1576 # 1 # ID=6697_2;partial=01;start_type=ATG;rbs_motif=None;rbs_spacer=None;gc_cont=0.569	k141_59618	692	1576	+	Loose	900	266.5	emrB	47.31	3000074	protein homolog model	n/a	n/a	fluoroquinolone antibiotic	antibiotic efflux	major facilitator superfamily (MFS) antibiotic efflux pump	57.62	gnl|BL_ORD_ID|1707|hsp_num:0	1847			3	840	nalidixic acid	
k141_4184_2 # 591 # 1100 # 1 # ID=6705_2;partial=01;start_type=ATG;rbs_motif=GGA/GAG/AGG;rbs_spacer=5-10bp;gc_cont=0.678	k141_4184	591	1100	+	Loose	1280	102.1	macB	35.91	3000535	protein homolog model	n/a	n/a	macrolide antibiotic	antibiotic efflux	ATP-binding cassette (ABC) antibiotic efflux pump	26.40	gnl|BL_ORD_ID|447|hsp_num:0	487			9	525	erythromycin	
k141_59624_2 # 406 # 1167 # -1 # ID=6706_2;partial=01;start_type=Edge;rbs_motif=None;rbs_spacer=None;gc_cont=0.724	k141_59624	406	1167	-	Loose	900	102.4	basS	33.2	3003583	protein homolog model	n/a	n/a	peptide antibiotic	antibiotic target alteration; antibiotic efflux	pmr phosphoethanolamine transferase	53.04	gnl|BL_ORD_ID|2351|hsp_num:0	249			684	1416	polymyxin B	
k141_59631_1 # 1 # 150 # 1 # ID=6712_1;partial=10;start_type=Edge;rbs_motif=None;rbs_spacer=None;gc_cont=0.547	k141_59631	1	150	+	Loose	400	49.3	vanR gene in vanM cluster	48.78	3002928	protein homolog model	n/a	n/a	glycopeptide antibiotic	antibiotic target alteration	glycopeptide resistance gene cluster; vanR	21.12	gnl|BL_ORD_ID|4736|hsp_num:0	752			219	342	vancomycin; teicoplanin	
k141_59631_2 # 158 # 523 # 1 # ID=6712_2;partial=00;start_type=ATG;rbs_motif=AGGAG;rbs_spacer=5-10bp;gc_cont=0.541	k141_59631	158	523	+	Loose	400	83.2	ParR	33.9	3005068	protein homolog model	n/a	n/a	macrolide antibiotic; fluoroquinolone antibiotic; monobactam; aminoglycoside antibiotic; carbapenem; cephalosporin; cephamycin; penam; tetracycline antibiotic; phenicol antibiotic; penem; disinfecting agents and antiseptics	antibiotic efflux; reduced permeability to antibiotic	resistance-nodulation-cell division (RND) antibiotic efflux pump; Outer Membrane Porin (Opr)	51.49	gnl|BL_ORD_ID|2792|hsp_num:0	3806			15	360	erythromycin; amikacin; gentamicin C; ciprofloxacin; acriflavine; tetracycline; tobramycin; meropenem; imipenem; chloramphenicol; norfloxacin; ofloxacin; gentamicin	
k141_35840_1 # 3 # 1154 # -1 # ID=6734_1;partial=11;start_type=Edge;rbs_motif=None;rbs_spacer=None;gc_cont=0.622	k141_35840	3	1154	-	Loose	2130	396.0	mtrD	53.49	3000811	protein homolog model	n/a	n/a	macrolide antibiotic; penam	antibiotic efflux	resistance-nodulation-cell division (RND) antibiotic efflux pump	35.99	gnl|BL_ORD_ID|1787|hsp_num:0	1938			1533	2694	erythromycin; penicillin; azithromycin	
k141_27856_1 # 1 # 450 # 1 # ID=6743_1;partial=10;start_type=Edge;rbs_motif=None;rbs_spacer=None;gc_cont=0.596	k141_27856	1	450	+	Loose	650	66.2	otr(C)	36.47	3002894	protein homolog model	n/a	n/a	tetracycline antibiotic	antibiotic efflux	ATP-binding cassette (ABC) antibiotic efflux pump	42.45	gnl|BL_ORD_ID|1953|hsp_num:0	1991			429	681	tetracycline	
k141_20057_1 # 3 # 185 # 1 # ID=6758_1;partial=10;start_type=Edge;rbs_motif=None;rbs_spacer=None;gc_cont=0.552	k141_20057	3	185	+	Loose	390	46.6	evgA	38.98	3000832	protein homolog model	n/a	n/a	macrolide antibiotic; fluoroquinolone antibiotic; penam; tetracycline antibiotic	antibiotic efflux	major facilitator superfamily (MFS) antibiotic efflux pump; resistance-nodulation-cell division (RND) antibiotic efflux pump	29.41	gnl|BL_ORD_ID|937|hsp_num:0	1015			432	609	erythromycin; cloxacillin; tetracycline; oxacillin; norfloxacin	
k141_12150_2 # 1151 # 2104 # 1 # ID=6761_2;partial=00;start_type=ATG;rbs_motif=None;rbs_spacer=None;gc_cont=0.332	k141_12150	1151	2104	+	Loose	550	161.4	PmrF	33.65	3003578	protein homolog model	n/a	n/a	peptide antibiotic	antibiotic target alteration	pmr phosphoethanolamine transferase	98.45	gnl|BL_ORD_ID|1938|hsp_num:0	2014			21	939	polymyxin B	
k141_27863_1 # 3 # 569 # 1 # ID=6762_1;partial=10;start_type=Edge;rbs_motif=None;rbs_spacer=None;gc_cont=0.529	k141_27863	3	569	+	Loose	390	85.1	evgA	28.81	3000832	protein homolog model	n/a	n/a	macrolide antibiotic; fluoroquinolone antibiotic; penam; tetracycline antibiotic	antibiotic efflux	major facilitator superfamily (MFS) antibiotic efflux pump; resistance-nodulation-cell division (RND) antibiotic efflux pump	92.16	gnl|BL_ORD_ID|937|hsp_num:0	1015			96	609	erythromycin; cloxacillin; tetracycline; oxacillin; norfloxacin	
k141_20065_1 # 2 # 1036 # 1 # ID=6771_1;partial=10;start_type=Edge;rbs_motif=None;rbs_spacer=None;gc_cont=0.686	k141_20065	2	1036	+	Loose	1000	242.3	msbA	43.54	3003950	protein homolog model	n/a	n/a	nitroimidazole antibiotic	antibiotic efflux	ATP-binding cassette (ABC) antibiotic efflux pump	59.11	gnl|BL_ORD_ID|2186|hsp_num:0	2423			738	1725	metronidazole	
k141_59666_1 # 1 # 750 # -1 # ID=6776_1;partial=10;start_type=ATG;rbs_motif=GGxGG;rbs_spacer=5-10bp;gc_cont=0.740	k141_59666	1	750	-	Loose	400	54.7	kdpE	36.79	3003841	protein homolog model	n/a	n/a	aminoglycoside antibiotic	antibiotic efflux	kdpDE	111.11	gnl|BL_ORD_ID|2104|hsp_num:0	2331			6	303	kanamycin A	
k141_59666_2 # 747 # 1202 # -1 # ID=6776_2;partial=01;start_type=Edge;rbs_motif=None;rbs_spacer=None;gc_cont=0.680	k141_59666	747	1202	-	Loose	2300	60.8	evgS	28.57	3000833	protein homolog model	n/a	n/a	macrolide antibiotic; fluoroquinolone antibiotic; penam; tetracycline antibiotic	antibiotic efflux	major facilitator superfamily (MFS) antibiotic efflux pump; resistance-nodulation-cell division (RND) antibiotic efflux pump	12.61	gnl|BL_ORD_ID|1215|hsp_num:0	1318			2493	2805	erythromycin; cloxacillin; tetracycline; oxacillin; norfloxacin	
k141_51734_1 # 2 # 1306 # -1 # ID=6786_1;partial=11;start_type=Edge;rbs_motif=None;rbs_spacer=None;gc_cont=0.702	k141_51734	2	1306	-	Loose	800	306.2	MuxA	49.43	3004073	protein homolog model	n/a	n/a	macrolide antibiotic; monobactam; tetracycline antibiotic; aminocoumarin antibiotic	antibiotic efflux	resistance-nodulation-cell division (RND) antibiotic efflux pump	102.11	gnl|BL_ORD_ID|2243|hsp_num:0	2717			141	1185	erythromycin; tetracycline; novobiocin; aztreonam; kitasamycin; rokitamycin	
k141_4233_3 # 747 # 1511 # 1 # ID=6789_3;partial=01;start_type=ATG;rbs_motif=GGA/GAG/AGG;rbs_spacer=5-10bp;gc_cont=0.643	k141_4233	747	1511	+	Loose	1000	68.9	mecD	31.43	3004185	protein homolog model	n/a	n/a	penam	antibiotic target replacement	methicillin resistant PBP2	37.61	gnl|BL_ORD_ID|2419|hsp_num:0	2828			432	1035	methicillin	
k141_35881_1 # 2 # 487 # -1 # ID=6790_1;partial=10;start_type=ATG;rbs_motif=GGA/GAG/AGG;rbs_spacer=5-10bp;gc_cont=0.453	k141_35881	2	487	-	Loose	1280	105.5	macB	40.51	3000535	protein homolog model	n/a	n/a	macrolide antibiotic	antibiotic efflux	ATP-binding cassette (ABC) antibiotic efflux pump	25.16	gnl|BL_ORD_ID|447|hsp_num:0	487			3	474	erythromycin	
k141_27885_2 # 436 # 1221 # 1 # ID=6795_2;partial=00;start_type=ATG;rbs_motif=AGGAG;rbs_spacer=5-10bp;gc_cont=0.541	k141_27885	436	1221	+	Loose	500	94.7	RanA	28.69	3005091	protein homolog model	n/a	n/a	aminoglycoside antibiotic	antibiotic efflux	ATP-binding cassette (ABC) antibiotic efflux pump	101.16	gnl|BL_ORD_ID|2809|hsp_num:0	3825			0	696		
k141_27885_3 # 1218 # 1634 # 1 # ID=6795_3;partial=01;start_type=ATG;rbs_motif=GGAGG;rbs_spacer=5-10bp;gc_cont=0.530	k141_27885	1218	1634	+	Loose	1000	60.1	msbA	42.19	3003950	protein homolog model	n/a	n/a	nitroimidazole antibiotic	antibiotic efflux	ATP-binding cassette (ABC) antibiotic efflux pump	23.88	gnl|BL_ORD_ID|2186|hsp_num:0	2423			1056	1248	metronidazole	
k141_4248_1 # 3 # 1937 # -1 # ID=6820_1;partial=10;start_type=ATG;rbs_motif=GGAG/GAGG;rbs_spacer=5-10bp;gc_cont=0.550	k141_4248	3	1937	-	Loose	1500	186.8	rphB	34.55	3003992	protein homolog model	n/a	n/a	rifamycin antibiotic	antibiotic inactivation	rifampin phosphotransferase	72.96	gnl|BL_ORD_ID|2236|hsp_num:0	2528			12	939	rifampin; rifaximin; rifabutin; rifapentine	
k141_35914_2 # 774 # 1253 # -1 # ID=6826_2;partial=01;start_type=Edge;rbs_motif=None;rbs_spacer=None;gc_cont=0.665	k141_35914	774	1253	-	Loose	1280	82.8	macB	41.94	3000535	protein homolog model	n/a	n/a	macrolide antibiotic	antibiotic efflux	ATP-binding cassette (ABC) antibiotic efflux pump	24.69	gnl|BL_ORD_ID|447|hsp_num:0	487			297	663	erythromycin	
k141_27910_1 # 351 # 1541 # 1 # ID=6842_1;partial=00;start_type=ATG;rbs_motif=None;rbs_spacer=None;gc_cont=0.623	k141_27910	351	1541	+	Loose	700	657.5	Escherichia coli EF-Tu mutants conferring resistance to Pulvomycin	81.27	3003369	protein variant model	R234F	n/a	elfamycin antibiotic	antibiotic target alteration	elfamycin resistant EF-Tu	96.82	gnl|BL_ORD_ID|1971|hsp_num:0	2158			45	1224	pulvomycin	
k141_12202_1 # 1 # 1173 # -1 # ID=6847_1;partial=10;start_type=ATG;rbs_motif=None;rbs_spacer=None;gc_cont=0.694	k141_12202	1	1173	-	Loose	800	42.7	Staphylococcus aureus LmrS	23.87	3004572	protein homolog model	n/a	n/a	macrolide antibiotic; aminoglycoside antibiotic; oxazolidinone antibiotic; diaminopyrimidine antibiotic; phenicol antibiotic	antibiotic efflux	major facilitator superfamily (MFS) antibiotic efflux pump	81.46	gnl|BL_ORD_ID|2870|hsp_num:0	3276			90	546	erythromycin; streptomycin; kanamycin A; linezolid; trimethoprim; chloramphenicol; florfenicol	
k141_12213_1 # 314 # 1084 # 1 # ID=6862_1;partial=00;start_type=ATG;rbs_motif=TAA;rbs_spacer=11bp;gc_cont=0.320	k141_12213	314	1084	+	Loose	400	382.1	LnuH	72.94	3004600	protein homolog model	n/a	n/a	lincosamide antibiotic	antibiotic inactivation	lincosamide nucleotidyltransferase (LNU)	98.46	gnl|BL_ORD_ID|4923|hsp_num:0	5916			0	765		
k141_59726_2 # 594 # 1700 # 1 # ID=6869_2;partial=00;start_type=ATG;rbs_motif=None;rbs_spacer=None;gc_cont=0.701	k141_59726	594	1700	+	Loose	175	124.4	vanT gene in vanG cluster	27.45	3002972	protein homolog model	n/a	n/a	glycopeptide antibiotic	antibiotic target alteration	glycopeptide resistance gene cluster; vanT	51.69	gnl|BL_ORD_ID|1523|hsp_num:0	1561			1059	2127	vancomycin	
k141_4273_2 # 436 # 1206 # -1 # ID=6870_2;partial=00;start_type=TTG;rbs_motif=AAAAAA;rbs_spacer=11bp;gc_cont=0.333	k141_4273	436	1206	-	Loose	400	83.2	Erm(35)	28.49	3000604	protein homolog model	n/a	n/a	macrolide antibiotic; lincosamide antibiotic; streptogramin antibiotic; streptogramin A antibiotic; streptogramin B antibiotic	antibiotic target alteration	Erm 23S ribosomal RNA methyltransferase	96.24	gnl|BL_ORD_ID|1316|hsp_num:0	1434			33	558	erythromycin; roxithromycin; lincomycin; telithromycin; clarithromycin; clindamycin; tylosin; spiramycin; azithromycin; dirithromycin; pristinamycin IA; quinupristin; virginiamycin M1; madumycin II; griseoviridin; dalfopristin; pristinamycin IB; virginiamycin S2; pristinamycin IC; vernamycin C; patricin A; patricin B; ostreogrycin B3; oleandomycin	
k141_20125_2 # 697 # 1359 # 1 # ID=6875_2;partial=00;start_type=ATG;rbs_motif=AGGA;rbs_spacer=5-10bp;gc_cont=0.478	k141_20125	697	1359	+	Loose	400	44.7	Agrobacterium fabrum chloramphenicol acetyltransferase	34.72	3004451	protein homolog model	n/a	n/a	phenicol antibiotic	antibiotic inactivation	chloramphenicol acetyltransferase (CAT)	105.26	gnl|BL_ORD_ID|2501|hsp_num:0	2890			285	501	chloramphenicol	
k141_20125_4 # 2046 # 2495 # -1 # ID=6875_4;partial=00;start_type=ATG;rbs_motif=AGGA;rbs_spacer=5-10bp;gc_cont=0.556	k141_20125	2046	2495	-	Loose	275	49.3	AAC(6')-Il	29.79	3004635	protein homolog model	n/a	n/a	aminoglycoside antibiotic	antibiotic inactivation	AAC(6')	98.03	gnl|BL_ORD_ID|2118|hsp_num:0	3334			18	402	dibekacin; amikacin; sisomicin; netilmicin; tobramycin; 2'-N-ethylnetilmicin; 5-episisomicin	
k141_20125_5 # 2497 # 3450 # -1 # ID=6875_5;partial=00;start_type=ATG;rbs_motif=GGAGG;rbs_spacer=3-4bp;gc_cont=0.581	k141_20125	2497	3450	-	Loose	200	67.8	vanH gene in vanB cluster	32.5	3002943	protein homolog model	n/a	n/a	glycopeptide antibiotic	antibiotic target alteration	vanH; glycopeptide resistance gene cluster	98.14	gnl|BL_ORD_ID|4674|hsp_num:0	626			432	885	vancomycin	
k141_51794_1 # 2 # 685 # 1 # ID=6877_1;partial=10;start_type=Edge;rbs_motif=None;rbs_spacer=None;gc_cont=0.649	k141_51794	2	685	+	Loose	650	109.4	tetA(58)	35.58	3003980	protein homolog model	n/a	n/a	tetracycline antibiotic	antibiotic efflux	major facilitator superfamily (MFS) antibiotic efflux pump	66.18	gnl|BL_ORD_ID|2244|hsp_num:0	2517			105	705	tetracycline	
k141_59737_1 # 2 # 640 # -1 # ID=6885_1;partial=10;start_type=ATG;rbs_motif=None;rbs_spacer=None;gc_cont=0.673	k141_59737	2	640	-	Loose	1190	53.9	novA	27.23	3002522	protein homolog model	n/a	n/a	aminocoumarin antibiotic	antibiotic efflux	ATP-binding cassette (ABC) antibiotic efflux pump	34.63	gnl|BL_ORD_ID|1113|hsp_num:0	1210			48	642	novobiocin	
k141_43740_2 # 965 # 1948 # 1 # ID=6889_2;partial=00;start_type=ATG;rbs_motif=GGA/GAG/AGG;rbs_spacer=5-10bp;gc_cont=0.666	k141_43740	965	1948	+	Loose	200	114.4	vanH gene in vanB cluster	31.82	3002943	protein homolog model	n/a	n/a	glycopeptide antibiotic	antibiotic target alteration	vanH; glycopeptide resistance gene cluster	101.24	gnl|BL_ORD_ID|4674|hsp_num:0	626			126	948	vancomycin	
k141_27942_1 # 3 # 236 # -1 # ID=6894_1;partial=10;start_type=ATG;rbs_motif=None;rbs_spacer=None;gc_cont=0.697	k141_27942	3	236	-	Loose	2300	59.3	evgS	46.15	3000833	protein homolog model	n/a	n/a	macrolide antibiotic; fluoroquinolone antibiotic; penam; tetracycline antibiotic	antibiotic efflux	major facilitator superfamily (MFS) antibiotic efflux pump; resistance-nodulation-cell division (RND) antibiotic efflux pump	6.52	gnl|BL_ORD_ID|1215|hsp_num:0	1318			2880	3075	erythromycin; cloxacillin; tetracycline; oxacillin; norfloxacin	
k141_27942_2 # 255 # 668 # -1 # ID=6894_2;partial=00;start_type=ATG;rbs_motif=GGAG/GAGG;rbs_spacer=5-10bp;gc_cont=0.657	k141_27942	255	668	-	Loose	400	70.5	kdpE	38.24	3003841	protein homolog model	n/a	n/a	aminoglycoside antibiotic	antibiotic efflux	kdpDE	60.89	gnl|BL_ORD_ID|2104|hsp_num:0	2331			9	306	kanamycin A	
k141_27942_3 # 665 # 1114 # -1 # ID=6894_3;partial=01;start_type=Edge;rbs_motif=None;rbs_spacer=None;gc_cont=0.653	k141_27942	665	1114	-	Loose	2300	82.0	evgS	30.46	3000833	protein homolog model	n/a	n/a	macrolide antibiotic; fluoroquinolone antibiotic; penam; tetracycline antibiotic	antibiotic efflux	major facilitator superfamily (MFS) antibiotic efflux pump; resistance-nodulation-cell division (RND) antibiotic efflux pump	12.45	gnl|BL_ORD_ID|1215|hsp_num:0	1318			2370	2817	erythromycin; cloxacillin; tetracycline; oxacillin; norfloxacin	
k141_4293_1 # 3 # 692 # -1 # ID=6895_1;partial=10;start_type=ATG;rbs_motif=None;rbs_spacer=None;gc_cont=0.361	k141_4293	3	692	-	Loose	400	134.0	tetB(P)	35.15	3000195	protein homolog model	n/a	n/a	tetracycline antibiotic	antibiotic target protection	tetracycline-resistant ribosomal protection protein	35.28	gnl|BL_ORD_ID|738|hsp_num:0	804			21	567	tetracycline; doxycycline; minocycline; chlortetracycline; demeclocycline; oxytetracycline	
k141_35955_1 # 3 # 941 # 1 # ID=6896_1;partial=10;start_type=Edge;rbs_motif=None;rbs_spacer=None;gc_cont=0.447	k141_35955	3	941	+	Loose	1000	195.7	msbA	37.7	3003950	protein homolog model	n/a	n/a	nitroimidazole antibiotic	antibiotic efflux	ATP-binding cassette (ABC) antibiotic efflux pump	53.61	gnl|BL_ORD_ID|2186|hsp_num:0	2423			822	1728	metronidazole	
k141_59745_1 # 2 # 979 # 1 # ID=6898_1;partial=10;start_type=Edge;rbs_motif=None;rbs_spacer=None;gc_cont=0.681	k141_59745	2	979	+	Loose	650	142.5	adeL	32.99	3000620	protein homolog model	n/a	n/a	fluoroquinolone antibiotic; tetracycline antibiotic	antibiotic efflux	resistance-nodulation-cell division (RND) antibiotic efflux pump	96.44	gnl|BL_ORD_ID|2316|hsp_num:0	2654			0	873	tetracycline	
k141_12235_1 # 1 # 435 # -1 # ID=6906_1;partial=10;start_type=ATG;rbs_motif=None;rbs_spacer=None;gc_cont=0.301	k141_12235	1	435	-	Loose	500	86.3	bacA	36.31	3002986	protein homolog model	n/a	n/a	peptide antibiotic	antibiotic target alteration	undecaprenyl pyrophosphate related proteins	53.11	gnl|BL_ORD_ID|1682|hsp_num:0	1820			18	483	bacitracin; bacitracin A; bacitracin B; bacitracin F	
k141_4307_1 # 96 # 833 # -1 # ID=6919_1;partial=00;start_type=ATG;rbs_motif=GGAG/GAGG;rbs_spacer=5-10bp;gc_cont=0.612	k141_4307	96	833	-	Loose	1280	138.7	macB	37.45	3000535	protein homolog model	n/a	n/a	macrolide antibiotic	antibiotic efflux	ATP-binding cassette (ABC) antibiotic efflux pump	38.04	gnl|BL_ORD_ID|447|hsp_num:0	487			6	687	erythromycin	
k141_35973_1 # 459 # 1010 # 1 # ID=6922_1;partial=01;start_type=ATG;rbs_motif=GGAG/GAGG;rbs_spacer=5-10bp;gc_cont=0.542	k141_35973	459	1010	+	Loose	400	121.3	kdpE	33.7	3003841	protein homolog model	n/a	n/a	aminoglycoside antibiotic	antibiotic efflux	kdpDE	81.78	gnl|BL_ORD_ID|2104|hsp_num:0	2331			0	543	kanamycin A	
k141_35974_2 # 1194 # 2135 # -1 # ID=6930_2;partial=01;start_type=Edge;rbs_motif=None;rbs_spacer=None;gc_cont=0.705	k141_35974	1194	2135	-	Loose	550	108.2	NmcR	27.52	3003665	protein homolog model	n/a	n/a	carbapenem; cephalosporin; cephamycin; penam	antibiotic inactivation	NmcA beta-lactamase	106.10	gnl|BL_ORD_ID|1906|hsp_num:0	2072			27	873	cefoxitin; cefazolin; ampicillin	
k141_59763_2 # 1302 # 2198 # -1 # ID=6936_2;partial=01;start_type=Edge;rbs_motif=None;rbs_spacer=None;gc_cont=0.620	k141_59763	1302	2198	-	Loose	900	162.5	basS	37.17	3003583	protein homolog model	n/a	n/a	peptide antibiotic	antibiotic target alteration; antibiotic efflux	pmr phosphoethanolamine transferase	62.47	gnl|BL_ORD_ID|2351|hsp_num:0	249			543	1314	polymyxin B	
k141_12251_2 # 138 # 962 # -1 # ID=6938_2;partial=00;start_type=ATG;rbs_motif=TAA;rbs_spacer=4bp;gc_cont=0.324	k141_12251	138	962	-	Loose	500	418.7	RanA	79.46	3005091	protein homolog model	n/a	n/a	aminoglycoside antibiotic	antibiotic efflux	ATP-binding cassette (ABC) antibiotic efflux pump	106.20	gnl|BL_ORD_ID|2809|hsp_num:0	3825			0	774		
k141_12251_3 # 962 # 1150 # -1 # ID=6938_3;partial=01;start_type=Edge;rbs_motif=None;rbs_spacer=None;gc_cont=0.360	k141_12251	962	1150	-	Loose	450	102.4	RanB	83.87	3005090	protein homolog model	n/a	n/a	aminoglycoside antibiotic	antibiotic efflux	ATP-binding cassette (ABC) antibiotic efflux pump	24.51	gnl|BL_ORD_ID|2808|hsp_num:0	3824			573	759		
k141_12254_1 # 2 # 256 # 1 # ID=6943_1;partial=10;start_type=Edge;rbs_motif=None;rbs_spacer=None;gc_cont=0.569	k141_12254	2	256	+	Loose	1200	67.0	TaeA	47.37	3003986	protein homolog model	n/a	n/a	pleuromutilin antibiotic	antibiotic efflux	ATP-binding cassette (ABC) antibiotic efflux pump	12.96	gnl|BL_ORD_ID|2231|hsp_num:0	2522			1398	1623	pleuromutilin	
k141_27971_1 # 1 # 516 # 1 # ID=6948_1;partial=10;start_type=Edge;rbs_motif=None;rbs_spacer=None;gc_cont=0.467	k141_27971	1	516	+	Loose	450	59.7	mreA	28.24	3007050	protein homolog model	n/a	n/a	macrolide antibiotic	antibiotic efflux	major facilitator superfamily (MFS) antibiotic efflux pump	54.98	gnl|BL_ORD_ID|4756|hsp_num:0	5749			495	912		
k141_27971_2 # 577 # 1101 # 1 # ID=6948_2;partial=01;start_type=ATG;rbs_motif=GGA/GAG/AGG;rbs_spacer=11-12bp;gc_cont=0.436	k141_27971	577	1101	+	Loose	2000	101.7	Staphylococcus aureus mupA conferring resistance to mupirocin	35.88	3000521	protein homolog model	n/a	n/a	mupirocin-like antibiotic	antibiotic target alteration	antibiotic-resistant isoleucyl-tRNA synthetase (ileS)	17.09	gnl|BL_ORD_ID|4700|hsp_num:0	2270			45	435	mupirocin	
k141_59778_2 # 473 # 1987 # 1 # ID=6957_2;partial=01;start_type=ATG;rbs_motif=TATAA;rbs_spacer=3bp;gc_cont=0.339	k141_59778	473	1987	+	Loose	1300	73.2	mecB	21.55	3003440	protein homolog model	n/a	n/a	penam	antibiotic target replacement	methicillin resistant PBP2	74.93	gnl|BL_ORD_ID|1460|hsp_num:0	1595			435	1752	methicillin	
k141_20183_2 # 835 # 1542 # -1 # ID=6960_2;partial=01;start_type=Edge;rbs_motif=None;rbs_spacer=None;gc_cont=0.688	k141_20183	835	1542	-	Loose	650	56.2	tetA(58)	30.17	3003980	protein homolog model	n/a	n/a	tetracycline antibiotic	antibiotic efflux	major facilitator superfamily (MFS) antibiotic efflux pump	68.51	gnl|BL_ORD_ID|2244|hsp_num:0	2517			375	705	tetracycline	
k141_28008_3 # 1524 # 1703 # -1 # ID=6990_3;partial=01;start_type=Edge;rbs_motif=None;rbs_spacer=None;gc_cont=0.367	k141_28008	1524	1703	-	Loose	400	57.8	vatB	48.15	3002841	protein homolog model	n/a	n/a	streptogramin antibiotic; streptogramin A antibiotic	antibiotic inactivation	streptogramin vat acetyltransferase	27.83	gnl|BL_ORD_ID|1097|hsp_num:0	1189			369	531	virginiamycin M1; madumycin II; griseoviridin; dalfopristin	
k141_4357_1 # 3 # 656 # -1 # ID=6991_1;partial=10;start_type=ATG;rbs_motif=AAAAA;rbs_spacer=5bp;gc_cont=0.376	k141_4357	3	656	-	Loose	400	99.4	tetB(P)	39.6	3000195	protein homolog model	n/a	n/a	tetracycline antibiotic	antibiotic target protection	tetracycline-resistant ribosomal protection protein	33.44	gnl|BL_ORD_ID|738|hsp_num:0	804			0	435	tetracycline; doxycycline; minocycline; chlortetracycline; demeclocycline; oxytetracycline	
k141_12284_1 # 2 # 1063 # -1 # ID=6995_1;partial=11;start_type=Edge;rbs_motif=None;rbs_spacer=None;gc_cont=0.709	k141_12284	2	1063	-	Loose	1800	59.7	mdtC	21.43	3000794	protein homolog model	n/a	n/a	aminocoumarin antibiotic	antibiotic efflux	resistance-nodulation-cell division (RND) antibiotic efflux pump	34.54	gnl|BL_ORD_ID|1213|hsp_num:0	1315			1506	2514	novobiocin	
k141_59812_1 # 41 # 1231 # -1 # ID=6997_1;partial=01;start_type=Edge;rbs_motif=None;rbs_spacer=None;gc_cont=0.661	k141_59812	41	1231	-	Loose	900	166.0	basS	31.63	3003583	protein homolog model	n/a	n/a	peptide antibiotic	antibiotic target alteration; antibiotic efflux	pmr phosphoethanolamine transferase	83.02	gnl|BL_ORD_ID|2351|hsp_num:0	249			306	1368	polymyxin B	
k141_36041_2 # 249 # 860 # 1 # ID=7011_2;partial=00;start_type=ATG;rbs_motif=None;rbs_spacer=None;gc_cont=0.346	k141_36041	249	860	+	Loose	400	45.4	vatB	40.74	3002841	protein homolog model	n/a	n/a	streptogramin antibiotic; streptogramin A antibiotic	antibiotic inactivation	streptogramin vat acetyltransferase	95.75	gnl|BL_ORD_ID|1097|hsp_num:0	1189			342	504	virginiamycin M1; madumycin II; griseoviridin; dalfopristin	
k141_4375_1 # 1 # 357 # 1 # ID=7020_1;partial=10;start_type=Edge;rbs_motif=None;rbs_spacer=None;gc_cont=0.459	k141_4375	1	357	+	Loose	1280	97.1	macB	47.87	3000535	protein homolog model	n/a	n/a	macrolide antibiotic	antibiotic efflux	ATP-binding cassette (ABC) antibiotic efflux pump	18.32	gnl|BL_ORD_ID|447|hsp_num:0	487			378	660	erythromycin	
k141_36048_1 # 1 # 1071 # -1 # ID=7021_1;partial=10;start_type=ATG;rbs_motif=AGGAG;rbs_spacer=5-10bp;gc_cont=0.544	k141_36048	1	1071	-	Loose	600	47.0	Streptomyces venezuelae rox	27.32	3007209	protein homolog model	n/a	n/a	rifamycin antibiotic	antibiotic inactivation	rifampin monooxygenase	75.00	gnl|BL_ORD_ID|4834|hsp_num:0	5820			3	483	rifampin; rifaximin; rifapentine	
k141_59835_1 # 2 # 1312 # 1 # ID=7022_1;partial=11;start_type=Edge;rbs_motif=None;rbs_spacer=None;gc_cont=0.665	k141_59835	2	1312	+	Loose	1800	443.0	mdtC	56.45	3000794	protein homolog model	n/a	n/a	aminocoumarin antibiotic	antibiotic efflux	resistance-nodulation-cell division (RND) antibiotic efflux pump	42.63	gnl|BL_ORD_ID|1213|hsp_num:0	1315			1011	2289	novobiocin	
k141_28035_2 # 719 # 1435 # -1 # ID=7029_2;partial=00;start_type=ATG;rbs_motif=GGA/GAG/AGG;rbs_spacer=5-10bp;gc_cont=0.569	k141_28035	719	1435	-	Loose	600	92.8	oleC	30.09	3003748	protein homolog model	n/a	n/a	macrolide antibiotic	antibiotic efflux	ATP-binding cassette (ABC) antibiotic efflux pump	73.23	gnl|BL_ORD_ID|2051|hsp_num:0	2264			0	639	oleandomycin	
k141_28035_3 # 1451 # 1714 # -1 # ID=7029_3;partial=01;start_type=Edge;rbs_motif=None;rbs_spacer=None;gc_cont=0.534	k141_28035	1451	1714	-	Loose	650	54.7	tetA(58)	38.03	3003980	protein homolog model	n/a	n/a	tetracycline antibiotic	antibiotic efflux	major facilitator superfamily (MFS) antibiotic efflux pump	25.36	gnl|BL_ORD_ID|2244|hsp_num:0	2517			495	708	tetracycline	
k141_36051_2 # 619 # 1269 # -1 # ID=7030_2;partial=01;start_type=Edge;rbs_motif=None;rbs_spacer=None;gc_cont=0.699	k141_36051	619	1269	-	Loose	900	46.6	adeH	29.59	3000779	protein homolog model	n/a	n/a	fluoroquinolone antibiotic; tetracycline antibiotic	antibiotic efflux	resistance-nodulation-cell division (RND) antibiotic efflux pump	44.72	gnl|BL_ORD_ID|494|hsp_num:0	542			858	1437	tetracycline	
k141_36054_2 # 659 # 1762 # -1 # ID=7034_2;partial=01;start_type=Edge;rbs_motif=None;rbs_spacer=None;gc_cont=0.615	k141_36054	659	1762	-	Loose	2000	47.4	Staphylococcus aureus mupA conferring resistance to mupirocin	22.73	3000521	protein homolog model	n/a	n/a	mupirocin-like antibiotic	antibiotic target alteration	antibiotic-resistant isoleucyl-tRNA synthetase (ileS)	35.84	gnl|BL_ORD_ID|4700|hsp_num:0	2270			1995	2436	mupirocin	
k141_51910_1 # 2 # 973 # -1 # ID=7039_1;partial=10;start_type=ATG;rbs_motif=AGGA;rbs_spacer=5-10bp;gc_cont=0.640	k141_51910	2	973	-	Loose	400	91.3	vanR gene in vanF cluster	42.37	3002925	protein homolog model	n/a	n/a	glycopeptide antibiotic	antibiotic target alteration	glycopeptide resistance gene cluster; vanR	140.26	gnl|BL_ORD_ID|299|hsp_num:0	240			12	354	vancomycin	
k141_28058_1 # 56 # 1747 # 1 # ID=7060_1;partial=00;start_type=ATG;rbs_motif=None;rbs_spacer=None;gc_cont=0.678	k141_28058	56	1747	+	Loose	1000	74.3	almE	21.58	3007433	protein homolog model	n/a	n/a	peptide antibiotic	antibiotic target alteration	polymyxin resistance operon; alm glycyltransferase	101.26	gnl|BL_ORD_ID|4936|hsp_num:0	5928			603	1650	colistin A; colistin B	
k141_59873_2 # 756 # 1031 # 1 # ID=7068_2;partial=01;start_type=ATG;rbs_motif=GGAG/GAGG;rbs_spacer=5-10bp;gc_cont=0.754	k141_59873	756	1031	+	Loose	1020	61.6	tlrC	45.31	3002827	protein homolog model	n/a	n/a	macrolide antibiotic; lincosamide antibiotic	antibiotic target protection	Miscellaneous ABC-F subfamily ATP-binding cassette ribosomal protection proteins	16.79	gnl|BL_ORD_ID|1842|hsp_num:0	1997			9	201	lincomycin; tylosin; mycinamicin	
k141_12334_2 # 1128 # 1598 # -1 # ID=7072_2;partial=01;start_type=Edge;rbs_motif=None;rbs_spacer=None;gc_cont=0.654	k141_12334	1128	1598	-	Loose	500	92.0	sul4	36.08	3004361	protein homolog model	n/a	n/a	sulfonamide antibiotic	antibiotic target replacement	sulfonamide resistant sul	54.36	gnl|BL_ORD_ID|2484|hsp_num:0	2875			384	858	sulfamethoxazole	
k141_4415_3 # 967 # 2322 # 1 # ID=7076_3;partial=00;start_type=ATG;rbs_motif=GGAG/GAGG;rbs_spacer=5-10bp;gc_cont=0.567	k141_4415	967	2322	+	Loose	500	40.8	ErmF	34.92	3000498	protein homolog model	n/a	n/a	macrolide antibiotic; lincosamide antibiotic; streptogramin antibiotic; streptogramin A antibiotic; streptogramin B antibiotic	antibiotic target alteration	Erm 23S ribosomal RNA methyltransferase	169.55	gnl|BL_ORD_ID|569|hsp_num:0	621			18	207	erythromycin; roxithromycin; lincomycin; telithromycin; clarithromycin; clindamycin; tylosin; spiramycin; azithromycin; dirithromycin; pristinamycin IA; quinupristin; virginiamycin M1; madumycin II; griseoviridin; dalfopristin; pristinamycin IB; virginiamycin S2; pristinamycin IC; vernamycin C; patricin A; patricin B; ostreogrycin B3; oleandomycin	
k141_59885_1 # 1 # 918 # -1 # ID=7085_1;partial=10;start_type=GTG;rbs_motif=GGAG/GAGG;rbs_spacer=5-10bp;gc_cont=0.690	k141_59885	1	918	-	Loose	650	139.8	tetA(58)	36.16	3003980	protein homolog model	n/a	n/a	tetracycline antibiotic	antibiotic efflux	major facilitator superfamily (MFS) antibiotic efflux pump	89.21	gnl|BL_ORD_ID|2244|hsp_num:0	2517			78	732	tetracycline	
k141_28078_1 # 1 # 564 # 1 # ID=7089_1;partial=10;start_type=Edge;rbs_motif=None;rbs_spacer=None;gc_cont=0.608	k141_28078	1	564	+	Loose	650	39.7	mexM	27.5	3003704	protein homolog model	n/a	n/a	phenicol antibiotic	antibiotic efflux	resistance-nodulation-cell division (RND) antibiotic efflux pump	48.57	gnl|BL_ORD_ID|2021|hsp_num:0	2216			765	1116	chloramphenicol; thiamphenicol	
k141_28078_3 # 1766 # 2191 # 1 # ID=7089_3;partial=01;start_type=ATG;rbs_motif=GGAGG;rbs_spacer=5-10bp;gc_cont=0.617	k141_28078	1766	2191	+	Loose	1280	80.5	macB	37.8	3000535	protein homolog model	n/a	n/a	macrolide antibiotic	antibiotic efflux	ATP-binding cassette (ABC) antibiotic efflux pump	22.05	gnl|BL_ORD_ID|447|hsp_num:0	487			18	393	erythromycin	
k141_20287_2 # 901 # 1950 # 1 # ID=7094_2;partial=01;start_type=ATG;rbs_motif=AGGA;rbs_spacer=5-10bp;gc_cont=0.547	k141_20287	901	1950	+	Loose	850	133.3	OpmB	29.43	3004072	protein homolog model	n/a	n/a	macrolide antibiotic; monobactam; tetracycline antibiotic; aminocoumarin antibiotic	antibiotic efflux	resistance-nodulation-cell division (RND) antibiotic efflux pump	70.28	gnl|BL_ORD_ID|2313|hsp_num:0	2716			0	987	erythromycin; tetracycline; novobiocin; aztreonam; kitasamycin; rokitamycin	
k141_12350_2 # 585 # 1277 # 1 # ID=7095_2;partial=00;start_type=ATG;rbs_motif=None;rbs_spacer=None;gc_cont=0.602	k141_12350	585	1277	+	Loose	410	157.5	arlR	40.54	3000838	protein homolog model	n/a	n/a	fluoroquinolone antibiotic; disinfecting agents and antiseptics	antibiotic efflux	major facilitator superfamily (MFS) antibiotic efflux pump	105.02	gnl|BL_ORD_ID|1275|hsp_num:0	1390			6	654	ciprofloxacin; acriflavine; norfloxacin	
k141_20290_1 # 1 # 1035 # -1 # ID=7099_1;partial=11;start_type=Edge;rbs_motif=None;rbs_spacer=None;gc_cont=0.393	k141_20290	1	1035	-	Loose	2200	450.3	rpoB2	66.76	3000501	protein homolog model	n/a	n/a	rifamycin antibiotic	antibiotic target alteration; antibiotic target replacement	rifamycin-resistant beta-subunit of RNA polymerase (rpoB)	29.69	gnl|BL_ORD_ID|2432|hsp_num:0	2831			1449	2478	rifampin; rifaximin; rifabutin; rifapentine	
k141_4439_2 # 475 # 810 # 1 # ID=7122_2;partial=00;start_type=ATG;rbs_motif=None;rbs_spacer=None;gc_cont=0.378	k141_4439	475	810	+	Loose	180	66.2	ykkD	34.55	3003064	protein homolog model	n/a	n/a	aminoglycoside antibiotic; tetracycline antibiotic; phenicol antibiotic	antibiotic efflux	small multidrug resistance (SMR) antibiotic efflux pump	105.71	gnl|BL_ORD_ID|320|hsp_num:0	350			3	315	streptomycin; tetracycline; chloramphenicol	
k141_4443_1 # 2 # 1072 # -1 # ID=7128_1;partial=11;start_type=Edge;rbs_motif=None;rbs_spacer=None;gc_cont=0.444	k141_4443	2	1072	-	Loose	1950	255.4	MexB	42.98	3000378	protein homolog model	n/a	n/a	macrolide antibiotic; fluoroquinolone antibiotic; monobactam; carbapenem; cephalosporin; cephamycin; penam; tetracycline antibiotic; peptide antibiotic; aminocoumarin antibiotic; diaminopyrimidine antibiotic; sulfonamide antibiotic; phenicol antibiotic; penem	antibiotic efflux	resistance-nodulation-cell division (RND) antibiotic efflux pump	34.13	gnl|BL_ORD_ID|1790|hsp_num:0	1925			1134	2223	erythromycin; ciprofloxacin; tetracycline; ceftazidime; ceftriaxone; meropenem; novobiocin; azithromycin; trimethoprim; sulfamethoxazole; chloramphenicol; aztreonam; colistin A; colistin B; ampicillin; nalidixic acid; panipenem; ticarcillin; trimethoprim-sulfamethoxazole	
k141_43894_2 # 349 # 1146 # -1 # ID=7132_2;partial=01;start_type=Edge;rbs_motif=None;rbs_spacer=None;gc_cont=0.602	k141_43894	349	1146	-	Loose	2000	272.3	Bifidobacterium adolescentis rpoB mutants conferring resistance to rifampicin	53.82	3004480	protein homolog model	n/a	n/a	rifamycin antibiotic	antibiotic target alteration; antibiotic target replacement	rifamycin-resistant beta-subunit of RNA polymerase (rpoB)	22.34	gnl|BL_ORD_ID|4720|hsp_num:0	2914			2709	3414	rifampin	
k141_36133_2 # 465 # 1397 # -1 # ID=7134_2;partial=01;start_type=Edge;rbs_motif=None;rbs_spacer=None;gc_cont=0.473	k141_36133	465	1397	-	Loose	450	58.2	TUS-1	27.23	3000844	protein homolog model	n/a	n/a	carbapenem; cephalosporin; cephamycin; penam; penem	antibiotic inactivation	TUS beta-lactamase	125.00	gnl|BL_ORD_ID|450|hsp_num:0	392			138	654	amoxicillin; piperacillin; ticarcillin	
k141_43896_2 # 732 # 1382 # -1 # ID=7140_2;partial=00;start_type=ATG;rbs_motif=AGGA/GGAG/GAGG;rbs_spacer=11-12bp;gc_cont=0.707	k141_43896	732	1382	-	Loose	1280	138.3	macB	36.57	3000535	protein homolog model	n/a	n/a	macrolide antibiotic	antibiotic efflux	ATP-binding cassette (ABC) antibiotic efflux pump	33.54	gnl|BL_ORD_ID|447|hsp_num:0	487			0	645	erythromycin	
k141_20313_3 # 1255 # 2394 # 1 # ID=7142_3;partial=01;start_type=ATG;rbs_motif=GGAG/GAGG;rbs_spacer=5-10bp;gc_cont=0.675	k141_20313	1255	2394	+	Loose	1500	190.7	rphB	34.03	3003992	protein homolog model	n/a	n/a	rifamycin antibiotic	antibiotic inactivation	rifampin phosphotransferase	42.99	gnl|BL_ORD_ID|2236|hsp_num:0	2528			6	939	rifampin; rifaximin; rifabutin; rifapentine	
k141_51985_1 # 1 # 1137 # 1 # ID=7149_1;partial=11;start_type=Edge;rbs_motif=None;rbs_spacer=None;gc_cont=0.417	k141_51985	1	1137	+	Loose	1900	407.9	MexK	57.52	3003693	protein homolog model	n/a	n/a	macrolide antibiotic; tetracycline antibiotic; disinfecting agents and antiseptics	antibiotic efflux	resistance-nodulation-cell division (RND) antibiotic efflux pump	36.98	gnl|BL_ORD_ID|2017|hsp_num:0	2206			1605	2733	erythromycin; tetracycline; triclosan	
k141_28116_2 # 549 # 1373 # -1 # ID=7155_2;partial=00;start_type=GTG;rbs_motif=None;rbs_spacer=None;gc_cont=0.675	k141_28116	549	1373	-	Loose	1190	67.4	novA	28.57	3002522	protein homolog model	n/a	n/a	aminocoumarin antibiotic	antibiotic efflux	ATP-binding cassette (ABC) antibiotic efflux pump	44.55	gnl|BL_ORD_ID|1113|hsp_num:0	1210			1086	1707	novobiocin	
k141_28120_1 # 3 # 1082 # -1 # ID=7161_1;partial=11;start_type=Edge;rbs_motif=None;rbs_spacer=None;gc_cont=0.547	k141_28120	3	1082	-	Loose	2130	440.7	mtrD	65.28	3000811	protein homolog model	n/a	n/a	macrolide antibiotic; penam	antibiotic efflux	resistance-nodulation-cell division (RND) antibiotic efflux pump	33.74	gnl|BL_ORD_ID|1787|hsp_num:0	1938			831	1911	erythromycin; penicillin; azithromycin	
k141_43912_1 # 2 # 1432 # -1 # ID=7170_1;partial=11;start_type=Edge;rbs_motif=None;rbs_spacer=None;gc_cont=0.668	k141_43912	2	1432	-	Loose	2300	97.4	evgS	25.61	3000833	protein homolog model	n/a	n/a	macrolide antibiotic; fluoroquinolone antibiotic; penam; tetracycline antibiotic	antibiotic efflux	major facilitator superfamily (MFS) antibiotic efflux pump; resistance-nodulation-cell division (RND) antibiotic efflux pump	39.85	gnl|BL_ORD_ID|1215|hsp_num:0	1318			2079	3036	erythromycin; cloxacillin; tetracycline; oxacillin; norfloxacin	
k141_36158_1 # 1 # 870 # -1 # ID=7183_1;partial=10;start_type=ATG;rbs_motif=AAAA;rbs_spacer=3bp;gc_cont=0.377	k141_36158	1	870	-	Loose	410	67.8	arlR	36.67	3000838	protein homolog model	n/a	n/a	fluoroquinolone antibiotic; disinfecting agents and antiseptics	antibiotic efflux	major facilitator superfamily (MFS) antibiotic efflux pump	132.42	gnl|BL_ORD_ID|1275|hsp_num:0	1390			12	273	ciprofloxacin; acriflavine; norfloxacin	
k141_36158_2 # 896 # 2188 # -1 # ID=7183_2;partial=01;start_type=Edge;rbs_motif=None;rbs_spacer=None;gc_cont=0.415	k141_36158	896	2188	-	Loose	400	67.0	vanR gene in vanF cluster	30.1	3002925	protein homolog model	n/a	n/a	glycopeptide antibiotic	antibiotic target alteration	glycopeptide resistance gene cluster; vanR	186.15	gnl|BL_ORD_ID|299|hsp_num:0	240			12	312	vancomycin	
k141_12413_2 # 1079 # 2269 # -1 # ID=7225_2;partial=01;start_type=Edge;rbs_motif=None;rbs_spacer=None;gc_cont=0.751	k141_12413	1079	2269	-	Loose	2300	79.3	evgS	27.27	3000833	protein homolog model	n/a	n/a	macrolide antibiotic; fluoroquinolone antibiotic; penam; tetracycline antibiotic	antibiotic efflux	major facilitator superfamily (MFS) antibiotic efflux pump; resistance-nodulation-cell division (RND) antibiotic efflux pump	33.08	gnl|BL_ORD_ID|1215|hsp_num:0	1318			2808	3501	erythromycin; cloxacillin; tetracycline; oxacillin; norfloxacin	
k141_36186_2 # 523 # 1731 # 1 # ID=7231_2;partial=00;start_type=GTG;rbs_motif=AGGAG;rbs_spacer=5-10bp;gc_cont=0.652	k141_36186	523	1731	+	Loose	700	63.2	FOX-4	31.79	3002158	protein homolog model	n/a	n/a	cephalosporin; cephamycin	antibiotic inactivation	FOX beta-lactamase	105.24	gnl|BL_ORD_ID|1582|hsp_num:0	1726			147	615		
k141_28172_1 # 1 # 1110 # -1 # ID=7239_1;partial=10;start_type=ATG;rbs_motif=None;rbs_spacer=None;gc_cont=0.344	k141_28172	1	1110	-	Loose	1000	40.4	vga(E) Staphylococcus cohnii	25.5	3004715	protein homolog model	n/a	n/a	lincosamide antibiotic; streptogramin antibiotic; streptogramin A antibiotic; pleuromutilin antibiotic	antibiotic target protection	vga-type ABC-F protein	70.61	gnl|BL_ORD_ID|2248|hsp_num:0	3400			756	1347	lincomycin; clindamycin; virginiamycin M1; tiamulin; retapamulin; valnemulin	
k141_28177_2 # 1580 # 1852 # -1 # ID=7252_2;partial=00;start_type=ATG;rbs_motif=AGxAGG/AGGxGG;rbs_spacer=5-10bp;gc_cont=0.601	k141_28177	1580	1852	-	Loose	200	85.5	YajC	50.0	3005040	protein homolog model	n/a	n/a	fluoroquinolone antibiotic; cephalosporin; glycylcycline; penam; tetracycline antibiotic; oxazolidinone antibiotic; glycopeptide antibiotic; rifamycin antibiotic; phenicol antibiotic; disinfecting agents and antiseptics	antibiotic efflux	resistance-nodulation-cell division (RND) antibiotic efflux pump	80.36	gnl|BL_ORD_ID|2772|hsp_num:0	3783			96	330	vancomycin; tigecycline; tetracycline; linezolid; rifampin; chloramphenicol; ampicillin; cefalotin; triclosan	
k141_12430_3 # 784 # 1566 # -1 # ID=7257_3;partial=00;start_type=ATG;rbs_motif=GGA/GAG/AGG;rbs_spacer=5-10bp;gc_cont=0.512	k141_12430	784	1566	-	Loose	1280	126.7	macB	35.68	3000535	protein homolog model	n/a	n/a	macrolide antibiotic	antibiotic efflux	ATP-binding cassette (ABC) antibiotic efflux pump	40.37	gnl|BL_ORD_ID|447|hsp_num:0	487			57	693	erythromycin	
k141_52061_2 # 326 # 1318 # 1 # ID=7285_2;partial=00;start_type=ATG;rbs_motif=GGA/GAG/AGG;rbs_spacer=5-10bp;gc_cont=0.644	k141_52061	326	1318	+	Loose	600	155.6	oleC	32.92	3003748	protein homolog model	n/a	n/a	macrolide antibiotic	antibiotic efflux	ATP-binding cassette (ABC) antibiotic efflux pump	101.54	gnl|BL_ORD_ID|2051|hsp_num:0	2264			6	957	oleandomycin	
k141_4523_2 # 1051 # 2547 # -1 # ID=7294_2;partial=00;start_type=ATG;rbs_motif=AGGAGG;rbs_spacer=3-4bp;gc_cont=0.555	k141_4523	1051	2547	-	Loose	400	183.7	TxR	40.8	3005008	protein homolog model	n/a	n/a	tetracycline antibiotic	antibiotic efflux	ATP-binding cassette (ABC) antibiotic efflux pump	156.60	gnl|BL_ORD_ID|4725|hsp_num:0	3753			66	804	tetracycline	
k141_4523_3 # 2696 # 3829 # -1 # ID=7294_3;partial=00;start_type=GTG;rbs_motif=GGxGG;rbs_spacer=5-10bp;gc_cont=0.555	k141_4523	2696	3829	-	Loose	700	62.0	vanS gene in vanG cluster	24.29	3002937	protein homolog model	n/a	n/a	glycopeptide antibiotic	antibiotic target alteration	vanS; glycopeptide resistance gene cluster	102.45	gnl|BL_ORD_ID|4732|hsp_num:0	390			402	1077	vancomycin	
k141_12454_2 # 470 # 1114 # 1 # ID=7296_2;partial=00;start_type=ATG;rbs_motif=None;rbs_spacer=None;gc_cont=0.493	k141_12454	470	1114	+	Loose	1280	138.7	macB	38.5	3000535	protein homolog model	n/a	n/a	macrolide antibiotic	antibiotic efflux	ATP-binding cassette (ABC) antibiotic efflux pump	33.23	gnl|BL_ORD_ID|447|hsp_num:0	487			6	606	erythromycin	
k141_60010_5 # 4695 # 5606 # 1 # ID=7301_5;partial=00;start_type=ATG;rbs_motif=GGAG/GAGG;rbs_spacer=5-10bp;gc_cont=0.535	k141_60010	4695	5606	+	Loose	550	52.4	NmcR	28.08	3003665	protein homolog model	n/a	n/a	carbapenem; cephalosporin; cephamycin; penam	antibiotic inactivation	NmcA beta-lactamase	102.71	gnl|BL_ORD_ID|1906|hsp_num:0	2072			18	417	cefoxitin; cefazolin; ampicillin	
k141_12460_2 # 438 # 908 # 1 # ID=7308_2;partial=00;start_type=ATG;rbs_motif=GGAGG;rbs_spacer=5-10bp;gc_cont=0.478	k141_12460	438	908	+	Loose	300	48.9	SAT-4	28.0	3002897	protein homolog model	n/a	n/a	nucleoside antibiotic	antibiotic inactivation	streptothricin acetyltransferase (SAT)	86.67	gnl|BL_ORD_ID|1484|hsp_num:0	1505			180	456	streptothricin	
k141_28205_2 # 270 # 1352 # 1 # ID=7312_2;partial=00;start_type=ATG;rbs_motif=None;rbs_spacer=None;gc_cont=0.370	k141_28205	270	1352	+	Loose	650	84.3	TriA	26.3	3003679	protein homolog model	n/a	n/a	disinfecting agents and antiseptics	antibiotic efflux	resistance-nodulation-cell division (RND) antibiotic efflux pump	93.99	gnl|BL_ORD_ID|2003|hsp_num:0	2192			81	1086	triclosan	
k141_20392_1 # 150 # 1037 # -1 # ID=7315_1;partial=00;start_type=ATG;rbs_motif=None;rbs_spacer=None;gc_cont=0.595	k141_20392	150	1037	-	Loose	600	328.6	AER-1	61.01	3002481	protein homolog model	n/a	n/a	penam	antibiotic inactivation	AER beta-lactamase	97.04	gnl|BL_ORD_ID|1062|hsp_num:0	1149			63	894		
k141_20400_1 # 2 # 178 # 1 # ID=7326_1;partial=10;start_type=Edge;rbs_motif=None;rbs_spacer=None;gc_cont=0.661	k141_20400	2	178	+	Loose	400	39.3	vanR gene in vanB cluster	29.82	3002921	protein homolog model	n/a	n/a	glycopeptide antibiotic	antibiotic target alteration	glycopeptide resistance gene cluster; vanR	26.36	gnl|BL_ORD_ID|154|hsp_num:0	141			480	651	vancomycin	
k141_20400_2 # 175 # 1323 # 1 # ID=7326_2;partial=01;start_type=ATG;rbs_motif=None;rbs_spacer=None;gc_cont=0.683	k141_20400	175	1323	+	Loose	900	113.2	basS	28.8	3003583	protein homolog model	n/a	n/a	peptide antibiotic	antibiotic target alteration; antibiotic efflux	pmr phosphoethanolamine transferase	80.29	gnl|BL_ORD_ID|2351|hsp_num:0	249			12	1107	polymyxin B	
k141_43995_1 # 3 # 1229 # -1 # ID=7327_1;partial=10;start_type=ATG;rbs_motif=GGA/GAG/AGG;rbs_spacer=5-10bp;gc_cont=0.737	k141_43995	3	1229	-	Loose	890	289.7	smeF	47.21	3003057	protein homolog model	n/a	n/a	macrolide antibiotic; fluoroquinolone antibiotic; tetracycline antibiotic; phenicol antibiotic	antibiotic efflux	resistance-nodulation-cell division (RND) antibiotic efflux pump	87.77	gnl|BL_ORD_ID|578|hsp_num:0	634			48	1185	tetracycline; chloramphenicol	
k141_52085_1 # 27 # 1547 # 1 # ID=7331_1;partial=01;start_type=ATG;rbs_motif=TAAAAA;rbs_spacer=9bp;gc_cont=0.431	k141_52085	27	1547	+	Loose	2300	95.9	evgS	26.43	3000833	protein homolog model	n/a	n/a	macrolide antibiotic; fluoroquinolone antibiotic; penam; tetracycline antibiotic	antibiotic efflux	major facilitator superfamily (MFS) antibiotic efflux pump; resistance-nodulation-cell division (RND) antibiotic efflux pump	42.36	gnl|BL_ORD_ID|1215|hsp_num:0	1318			2109	2790	erythromycin; cloxacillin; tetracycline; oxacillin; norfloxacin	
k141_60044_2 # 207 # 1112 # 1 # ID=7341_2;partial=01;start_type=ATG;rbs_motif=GGAG/GAGG;rbs_spacer=5-10bp;gc_cont=0.684	k141_60044	207	1112	+	Loose	650	110.2	tetA(58)	33.18	3003980	protein homolog model	n/a	n/a	tetracycline antibiotic	antibiotic efflux	major facilitator superfamily (MFS) antibiotic efflux pump	88.05	gnl|BL_ORD_ID|2244|hsp_num:0	2517			66	705	tetracycline	
k141_60059_1 # 3 # 1049 # -1 # ID=7366_1;partial=11;start_type=Edge;rbs_motif=None;rbs_spacer=None;gc_cont=0.618	k141_60059	3	1049	-	Loose	2000	133.3	oqxB	32.2	3003923	protein homolog model	n/a	n/a	fluoroquinolone antibiotic; glycylcycline; tetracycline antibiotic; diaminopyrimidine antibiotic; nitrofuran antibiotic	antibiotic efflux	resistance-nodulation-cell division (RND) antibiotic efflux pump	33.24	gnl|BL_ORD_ID|2153|hsp_num:0	2400			582	1521	tigecycline; ciprofloxacin; nitrofurantoin; trimethoprim	
k141_12513_1 # 3 # 908 # -1 # ID=7385_1;partial=10;start_type=ATG;rbs_motif=GGA/GAG/AGG;rbs_spacer=11-12bp;gc_cont=0.551	k141_12513	3	908	-	Loose	1800	151.0	mdtC	27.72	3000794	protein homolog model	n/a	n/a	aminocoumarin antibiotic	antibiotic efflux	resistance-nodulation-cell division (RND) antibiotic efflux pump	29.46	gnl|BL_ORD_ID|1213|hsp_num:0	1315			0	906	novobiocin	
k141_60066_1 # 2 # 664 # 1 # ID=7386_1;partial=10;start_type=Edge;rbs_motif=None;rbs_spacer=None;gc_cont=0.587	k141_60066	2	664	+	Loose	650	104.0	tetA(58)	33.0	3003980	protein homolog model	n/a	n/a	tetracycline antibiotic	antibiotic efflux	major facilitator superfamily (MFS) antibiotic efflux pump	64.14	gnl|BL_ORD_ID|2244|hsp_num:0	2517			120	705	tetracycline	
k141_60066_4 # 3360 # 4538 # -1 # ID=7386_4;partial=00;start_type=ATG;rbs_motif=GGA/GAG/AGG;rbs_spacer=5-10bp;gc_cont=0.579	k141_60066	3360	4538	-	Loose	850	128.6	hp1181	32.19	3003964	protein homolog model	n/a	n/a	fluoroquinolone antibiotic; tetracycline antibiotic; nitroimidazole antibiotic	antibiotic efflux	major facilitator superfamily (MFS) antibiotic efflux pump	88.49	gnl|BL_ORD_ID|2192|hsp_num:0	2430			21	1119	ciprofloxacin; tetracycline; metronidazole	
k141_52135_2 # 106 # 714 # -1 # ID=7389_2;partial=00;start_type=ATG;rbs_motif=None;rbs_spacer=None;gc_cont=0.672	k141_52135	106	714	-	Loose	400	41.6	MexL	36.36	3003710	protein homolog model	n/a	n/a	macrolide antibiotic; tetracycline antibiotic; disinfecting agents and antiseptics	antibiotic efflux	resistance-nodulation-cell division (RND) antibiotic efflux pump	95.28	gnl|BL_ORD_ID|4691|hsp_num:0	2219			27	192	erythromycin; tetracycline; triclosan	
k141_60078_3 # 1228 # 2115 # 1 # ID=7407_3;partial=01;start_type=ATG;rbs_motif=GGA/GAG/AGG;rbs_spacer=5-10bp;gc_cont=0.325	k141_60078	1228	2115	+	Loose	1280	147.1	macB	36.36	3000535	protein homolog model	n/a	n/a	macrolide antibiotic	antibiotic efflux	ATP-binding cassette (ABC) antibiotic efflux pump	45.96	gnl|BL_ORD_ID|447|hsp_num:0	487			0	690	erythromycin	
k141_20475_1 # 2 # 520 # 1 # ID=7422_1;partial=10;start_type=Edge;rbs_motif=None;rbs_spacer=None;gc_cont=0.455	k141_20475	2	520	+	Loose	390	75.1	evgA	30.38	3000832	protein homolog model	n/a	n/a	macrolide antibiotic; fluoroquinolone antibiotic; penam; tetracycline antibiotic	antibiotic efflux	major facilitator superfamily (MFS) antibiotic efflux pump; resistance-nodulation-cell division (RND) antibiotic efflux pump	84.31	gnl|BL_ORD_ID|937|hsp_num:0	1015			135	600	erythromycin; cloxacillin; tetracycline; oxacillin; norfloxacin	
k141_44050_1 # 3 # 911 # -1 # ID=7427_1;partial=10;start_type=ATG;rbs_motif=GGAG/GAGG;rbs_spacer=5-10bp;gc_cont=0.550	k141_44050	3	911	-	Loose	650	170.6	D-Ala-D-Ala ligase	34.65	3003970	protein variant model	P313L	n/a	glycopeptide antibiotic	antibiotic target alteration	Van ligase	86.32	gnl|BL_ORD_ID|2197|hsp_num:0	2436			3	984	vancomycin	
k141_28300_2 # 567 # 1853 # -1 # ID=7443_2;partial=00;start_type=ATG;rbs_motif=AGGAG;rbs_spacer=5-10bp;gc_cont=0.347	k141_28300	567	1853	-	Loose	700	65.5	Acinetobacter baumannii AbaF	23.81	3004573	protein homolog model	n/a	n/a	phosphonic acid antibiotic	antibiotic efflux	major facilitator superfamily (MFS) antibiotic efflux pump	99.77	gnl|BL_ORD_ID|2717|hsp_num:0	3277			192	1266	fosfomycin	
k141_20496_1 # 3 # 911 # -1 # ID=7449_1;partial=10;start_type=ATG;rbs_motif=AGGA;rbs_spacer=5-10bp;gc_cont=0.501	k141_20496	3	911	-	Loose	1350	349.4	Staphylococcus aureus fusA with mutation conferring resistance to fusidic acid	57.91	3003735	protein variant model	V90I	n/a	fusidane antibiotic	antibiotic target alteration	antibiotic resistant fusA	43.72	gnl|BL_ORD_ID|4696|hsp_num:0	2254			0	867	fusidic acid	
k141_20500_2 # 71 # 1000 # -1 # ID=7452_2;partial=01;start_type=Edge;rbs_motif=None;rbs_spacer=None;gc_cont=0.609	k141_20500	71	1000	-	Loose	1280	54.7	macB	30.61	3000535	protein homolog model	n/a	n/a	macrolide antibiotic	antibiotic efflux	ATP-binding cassette (ABC) antibiotic efflux pump	47.98	gnl|BL_ORD_ID|447|hsp_num:0	487			363	645	erythromycin	
k141_52175_3 # 1057 # 1839 # 1 # ID=7454_3;partial=00;start_type=ATG;rbs_motif=None;rbs_spacer=None;gc_cont=0.512	k141_52175	1057	1839	+	Loose	500	138.7	RanA	32.1	3005091	protein homolog model	n/a	n/a	aminoglycoside antibiotic	antibiotic efflux	ATP-binding cassette (ABC) antibiotic efflux pump	100.78	gnl|BL_ORD_ID|2809|hsp_num:0	3825			0	726		
k141_52175_4 # 1836 # 2621 # 1 # ID=7454_4;partial=00;start_type=ATG;rbs_motif=GGAGG;rbs_spacer=5-10bp;gc_cont=0.543	k141_52175	1836	2621	+	Loose	450	84.7	RanB	27.63	3005090	protein homolog model	n/a	n/a	aminoglycoside antibiotic	antibiotic efflux	ATP-binding cassette (ABC) antibiotic efflux pump	103.16	gnl|BL_ORD_ID|2808|hsp_num:0	3824			96	759		
k141_52175_8 # 5227 # 6207 # 1 # ID=7454_8;partial=00;start_type=ATG;rbs_motif=GGA/GAG/AGG;rbs_spacer=5-10bp;gc_cont=0.565	k141_52175	5227	6207	+	Loose	650	174.9	tetA(58)	34.0	3003980	protein homolog model	n/a	n/a	tetracycline antibiotic	antibiotic efflux	major facilitator superfamily (MFS) antibiotic efflux pump	95.04	gnl|BL_ORD_ID|2244|hsp_num:0	2517			93	993	tetracycline	
k141_52175_11 # 7298 # 8632 # 1 # ID=7454_11;partial=00;start_type=ATG;rbs_motif=AGGA;rbs_spacer=5-10bp;gc_cont=0.581	k141_52175	7298	8632	+	Loose	800	378.3	Staphylococcus aureus murA with mutation conferring resistance to fosfomycin	47.84	3003776	protein variant model	D278E	D116C:2286	phosphonic acid antibiotic	antibiotic target alteration	antibiotic-resistant murA transferase	105.46	gnl|BL_ORD_ID|2072|hsp_num:0	2285			0	1260	fosfomycin	
k141_12556_2 # 410 # 2350 # -1 # ID=7462_2;partial=00;start_type=ATG;rbs_motif=GGAG/GAGG;rbs_spacer=5-10bp;gc_cont=0.654	k141_12556	410	2350	-	Loose	1000	143.3	Neisseria meningititis PBP2 conferring resistance to beta-lactam	26.7	3003937	protein variant model	A510V	A510V:3628	cephalosporin; cephamycin; penam	antibiotic target alteration	Penicillin-binding protein mutations conferring resistance to beta-lactam antibiotics	111.19	gnl|BL_ORD_ID|2167|hsp_num:0	2409			78	1734	ceftriaxone; cefixime	
k141_20507_2 # 980 # 1900 # 1 # ID=7465_2;partial=00;start_type=ATG;rbs_motif=None;rbs_spacer=None;gc_cont=0.669	k141_20507	980	1900	+	Loose	200	78.6	vanH gene in vanP cluster	29.63	3007188	protein homolog model	n/a	n/a	glycopeptide antibiotic	antibiotic target alteration	vanH; glycopeptide resistance gene cluster	97.45	gnl|BL_ORD_ID|4819|hsp_num:0	5804			303	765	vancomycin; teicoplanin	
k141_4646_1 # 187 # 762 # -1 # ID=7482_1;partial=00;start_type=ATG;rbs_motif=None;rbs_spacer=None;gc_cont=0.694	k141_4646	187	762	-	Loose	290	156.8	golS	55.88	3000504	protein homolog model	n/a	n/a	monobactam; carbapenem; cephalosporin; cephamycin; penam; phenicol antibiotic; penem	antibiotic efflux	resistance-nodulation-cell division (RND) antibiotic efflux pump	124.03	gnl|BL_ORD_ID|36|hsp_num:0	44			6	408	chloramphenicol	
k141_20521_2 # 1809 # 3611 # 1 # ID=7490_2;partial=00;start_type=ATG;rbs_motif=AGGA/GGAG/GAGG;rbs_spacer=11-12bp;gc_cont=0.625	k141_20521	1809	3611	+	Loose	700	62.0	vanS gene in vanC cluster	24.68	3002933	protein homolog model	n/a	n/a	glycopeptide antibiotic	antibiotic target alteration	vanS; glycopeptide resistance gene cluster	166.20	gnl|BL_ORD_ID|905|hsp_num:0	966			324	1020	vancomycin	
k141_20521_3 # 3647 # 4819 # 1 # ID=7490_3;partial=01;start_type=ATG;rbs_motif=AGGA/GGAG/GAGG;rbs_spacer=11-12bp;gc_cont=0.630	k141_20521	3647	4819	+	Loose	400	183.7	TxR	43.18	3005008	protein homolog model	n/a	n/a	tetracycline antibiotic	antibiotic efflux	ATP-binding cassette (ABC) antibiotic efflux pump	122.96	gnl|BL_ORD_ID|4725|hsp_num:0	3753			57	708	tetracycline	
k141_12582_3 # 4131 # 5921 # -1 # ID=7504_3;partial=01;start_type=Edge;rbs_motif=None;rbs_spacer=None;gc_cont=0.666	k141_12582	4131	5921	-	Loose	1080	150.6	rosB	28.0	3003049	protein homolog model	n/a	n/a	peptide antibiotic	antibiotic efflux	major facilitator superfamily (MFS) antibiotic efflux pump	105.86	gnl|BL_ORD_ID|467|hsp_num:0	507			207	1599	polymyxin B; polymyxin B1; polymyxin B2; polymyxin B3; polymyxin B4	
k141_44119_1 # 3 # 824 # 1 # ID=7520_1;partial=10;start_type=Edge;rbs_motif=None;rbs_spacer=None;gc_cont=0.673	k141_44119	3	824	+	Loose	650	81.6	tetA(58)	29.07	3003980	protein homolog model	n/a	n/a	tetracycline antibiotic	antibiotic efflux	major facilitator superfamily (MFS) antibiotic efflux pump	79.59	gnl|BL_ORD_ID|2244|hsp_num:0	2517			75	708	tetracycline	
k141_44119_2 # 821 # 1162 # 1 # ID=7520_2;partial=01;start_type=ATG;rbs_motif=None;rbs_spacer=None;gc_cont=0.623	k141_44119	821	1162	+	Loose	500	62.4	RanA	31.07	3005091	protein homolog model	n/a	n/a	aminoglycoside antibiotic	antibiotic efflux	ATP-binding cassette (ABC) antibiotic efflux pump	44.19	gnl|BL_ORD_ID|2809|hsp_num:0	3825			0	309		
k141_36383_2 # 717 # 1649 # -1 # ID=7521_2;partial=01;start_type=Edge;rbs_motif=None;rbs_spacer=None;gc_cont=0.704	k141_36383	717	1649	-	Loose	550	55.8	POM-1	30.0	3006974	protein homolog model	n/a	n/a	carbapenem	antibiotic inactivation	POM beta-lactamase	108.39	gnl|BL_ORD_ID|4562|hsp_num:0	5631			111	552		
k141_52224_1 # 3 # 635 # -1 # ID=7527_1;partial=10;start_type=ATG;rbs_motif=AGGAG;rbs_spacer=5-10bp;gc_cont=0.640	k141_52224	3	635	-	Loose	725	62.4	mdtA	31.52	3000792	protein homolog model	n/a	n/a	aminocoumarin antibiotic	antibiotic efflux	resistance-nodulation-cell division (RND) antibiotic efflux pump	50.84	gnl|BL_ORD_ID|354|hsp_num:0	387			156	660	novobiocin	
k141_52224_2 # 632 # 1240 # -1 # ID=7527_2;partial=01;start_type=Edge;rbs_motif=None;rbs_spacer=None;gc_cont=0.580	k141_52224	632	1240	-	Loose	380	41.2	AcrS	18.23	3000656	protein homolog model	n/a	n/a	fluoroquinolone antibiotic; cephalosporin; glycylcycline; cephamycin; penam; tetracycline antibiotic; rifamycin antibiotic; phenicol antibiotic; disinfecting agents and antiseptics	antibiotic efflux	resistance-nodulation-cell division (RND) antibiotic efflux pump	91.82	gnl|BL_ORD_ID|602|hsp_num:0	520			36	573	tigecycline; ciprofloxacin; tetracycline; rifampin; chloramphenicol; ampicillin; cefalotin; triclosan	
k141_44132_1 # 1 # 1086 # 1 # ID=7538_1;partial=11;start_type=Edge;rbs_motif=None;rbs_spacer=None;gc_cont=0.620	k141_44132	1	1086	+	Loose	2000	264.6	Bifidobacterium adolescentis rpoB mutants conferring resistance to rifampicin	55.87	3004480	protein homolog model	n/a	n/a	rifamycin antibiotic	antibiotic target alteration; antibiotic target replacement	rifamycin-resistant beta-subunit of RNA polymerase (rpoB)	30.52	gnl|BL_ORD_ID|4720|hsp_num:0	2914			2571	3231	rifampin	
k141_12605_3 # 1799 # 2431 # 1 # ID=7543_3;partial=00;start_type=ATG;rbs_motif=None;rbs_spacer=None;gc_cont=0.615	k141_12605	1799	2431	+	Loose	400	52.4	MexL	32.38	3003710	protein homolog model	n/a	n/a	macrolide antibiotic; tetracycline antibiotic; disinfecting agents and antiseptics	antibiotic efflux	resistance-nodulation-cell division (RND) antibiotic efflux pump	99.06	gnl|BL_ORD_ID|4691|hsp_num:0	2219			48	363	erythromycin; tetracycline; triclosan	
k141_60180_4 # 3207 # 3785 # 1 # ID=7558_4;partial=01;start_type=ATG;rbs_motif=AGGAG;rbs_spacer=5-10bp;gc_cont=0.539	k141_60180	3207	3785	+	Loose	700	55.1	OmpA	37.65	3005044	protein homolog model	n/a	n/a	peptide antibiotic	reduced permeability to antibiotic	General Bacterial Porin with reduced permeability to peptide antibiotics	51.60	gnl|BL_ORD_ID|2775|hsp_num:0	3787			732	987	polymyxin B; defensin	
k141_52254_2 # 1493 # 1759 # -1 # ID=7560_2;partial=01;start_type=Edge;rbs_motif=None;rbs_spacer=None;gc_cont=0.547	k141_52254	1493	1759	-	Loose	700	50.8	OmpA	41.67	3005044	protein homolog model	n/a	n/a	peptide antibiotic	reduced permeability to antibiotic	General Bacterial Porin with reduced permeability to peptide antibiotics	23.53	gnl|BL_ORD_ID|2775|hsp_num:0	3787			849	1029	polymyxin B; defensin	
k141_52256_1 # 337 # 717 # -1 # ID=7566_1;partial=00;start_type=ATG;rbs_motif=None;rbs_spacer=None;gc_cont=0.530	k141_52256	337	717	-	Loose	400	77.0	vanR gene in vanE cluster	34.43	3002924	protein homolog model	n/a	n/a	glycopeptide antibiotic	antibiotic target alteration	glycopeptide resistance gene cluster; vanR	55.02	gnl|BL_ORD_ID|4675|hsp_num:0	691			3	357	vancomycin	
k141_12622_2 # 203 # 1240 # 1 # ID=7567_2;partial=00;start_type=TTG;rbs_motif=AAAAA;rbs_spacer=12bp;gc_cont=0.354	k141_12622	203	1240	+	Loose	400	201.4	TxR	45.45	3005008	protein homolog model	n/a	n/a	tetracycline antibiotic	antibiotic efflux	ATP-binding cassette (ABC) antibiotic efflux pump	108.49	gnl|BL_ORD_ID|4725|hsp_num:0	3753			66	750	tetracycline	
k141_36419_1 # 3 # 1007 # -1 # ID=7575_1;partial=10;start_type=ATG;rbs_motif=4Base/6BMM;rbs_spacer=13-15bp;gc_cont=0.588	k141_36419	3	1007	-	Loose	1200	203.8	TaeA	37.39	3003986	protein homolog model	n/a	n/a	pleuromutilin antibiotic	antibiotic efflux	ATP-binding cassette (ABC) antibiotic efflux pump	51.70	gnl|BL_ORD_ID|2231|hsp_num:0	2522			6	993	pleuromutilin	
k141_44158_1 # 1 # 750 # 1 # ID=7592_1;partial=10;start_type=Edge;rbs_motif=None;rbs_spacer=None;gc_cont=0.627	k141_44158	1	750	+	Loose	400	53.5	mtrA	25.24	3000816	protein homolog model	n/a	n/a	macrolide antibiotic; penam	antibiotic efflux	resistance-nodulation-cell division (RND) antibiotic efflux pump	82.72	gnl|BL_ORD_ID|1432|hsp_num:0	1559			582	891	erythromycin; penicillin; azithromycin	
k141_28408_2 # 776 # 1915 # -1 # ID=7597_2;partial=01;start_type=Edge;rbs_motif=None;rbs_spacer=None;gc_cont=0.545	k141_28408	776	1915	-	Loose	1100	72.8	tetA(46)	28.34	3004032	protein homolog model	n/a	n/a	tetracycline antibiotic	antibiotic efflux	ATP-binding cassette (ABC) antibiotic efflux pump	66.03	gnl|BL_ORD_ID|2309|hsp_num:0	2643			1029	1578	tetracycline	
k141_12648_1 # 134 # 1114 # 1 # ID=7600_1;partial=01;start_type=ATG;rbs_motif=GGA/GAG/AGG;rbs_spacer=5-10bp;gc_cont=0.426	k141_12648	134	1114	+	Loose	200	93.6	vanH gene in vanP cluster	29.49	3007188	protein homolog model	n/a	n/a	glycopeptide antibiotic	antibiotic target alteration	vanH; glycopeptide resistance gene cluster	104.14	gnl|BL_ORD_ID|4819|hsp_num:0	5804			183	867	vancomycin; teicoplanin	
k141_36434_1 # 2 # 613 # -1 # ID=7601_1;partial=10;start_type=ATG;rbs_motif=TAAAA;rbs_spacer=4bp;gc_cont=0.343	k141_36434	2	613	-	Loose	570	89.0	bcrA	28.16	3002987	protein homolog model	n/a	n/a	peptide antibiotic	antibiotic efflux	ATP-binding cassette (ABC) antibiotic efflux pump	66.67	gnl|BL_ORD_ID|316|hsp_num:0	345			9	627	bacitracin; bacitracin A; bacitracin B; bacitracin F	
k141_44165_1 # 334 # 1089 # -1 # ID=7603_1;partial=00;start_type=ATG;rbs_motif=AGGAGG;rbs_spacer=5-10bp;gc_cont=0.557	k141_44165	334	1089	-	Loose	400	49.3	vanR gene in vanF cluster	29.27	3002925	protein homolog model	n/a	n/a	glycopeptide antibiotic	antibiotic target alteration	glycopeptide resistance gene cluster; vanR	108.66	gnl|BL_ORD_ID|299|hsp_num:0	240			0	453	vancomycin	
k141_20608_3 # 1340 # 2101 # 1 # ID=7612_3;partial=01;start_type=ATG;rbs_motif=None;rbs_spacer=None;gc_cont=0.685	k141_20608	1340	2101	+	Loose	400	55.5	TxR	41.43	3005008	protein homolog model	n/a	n/a	tetracycline antibiotic	antibiotic efflux	ATP-binding cassette (ABC) antibiotic efflux pump	79.87	gnl|BL_ORD_ID|4725|hsp_num:0	3753			72	282	tetracycline	
k141_12663_2 # 375 # 1229 # -1 # ID=7627_2;partial=01;start_type=Edge;rbs_motif=None;rbs_spacer=None;gc_cont=0.738	k141_12663	375	1229	-	Loose	550	294.7	PJM-1	55.05	3007374	protein homolog model	n/a	n/a	carbapenem; cephalosporin; cephamycin; penam	antibiotic inactivation	PJM beta-lactamase	94.35	gnl|BL_ORD_ID|4909|hsp_num:0	5901			48	897	cefoxitin; imipenem; ampicillin; cefotaxime; cefalotin	
k141_52285_2 # 389 # 1171 # 1 # ID=7631_2;partial=00;start_type=ATG;rbs_motif=None;rbs_spacer=None;gc_cont=0.664	k141_52285	389	1171	+	Loose	375	122.1	basR	33.04	3003582	protein variant model	L71R	n/a	peptide antibiotic	antibiotic target alteration; antibiotic efflux	pmr phosphoethanolamine transferase	117.65	gnl|BL_ORD_ID|744|hsp_num:0	632			0	651	polymyxin B	
k141_52285_4 # 1459 # 4254 # 1 # ID=7631_4;partial=01;start_type=ATG;rbs_motif=None;rbs_spacer=None;gc_cont=0.663	k141_52285	1459	4254	+	Loose	2300	189.9	evgS	30.77	3000833	protein homolog model	n/a	n/a	macrolide antibiotic; fluoroquinolone antibiotic; penam; tetracycline antibiotic	antibiotic efflux	major facilitator superfamily (MFS) antibiotic efflux pump; resistance-nodulation-cell division (RND) antibiotic efflux pump	77.86	gnl|BL_ORD_ID|1215|hsp_num:0	1318			2025	3183	erythromycin; cloxacillin; tetracycline; oxacillin; norfloxacin	
k141_52289_3 # 1492 # 2520 # -1 # ID=7639_3;partial=00;start_type=ATG;rbs_motif=None;rbs_spacer=None;gc_cont=0.296	k141_52289	1492	2520	-	Loose	1200	48.5	arnA	21.92	3002985	protein homolog model	n/a	n/a	peptide antibiotic	antibiotic target alteration	pmr phosphoethanolamine transferase	51.66	gnl|BL_ORD_ID|1514|hsp_num:0	1643			960	1953	polymyxin B	
k141_52291_3 # 1583 # 2440 # 1 # ID=7647_3;partial=00;start_type=ATG;rbs_motif=GGAGG;rbs_spacer=5-10bp;gc_cont=0.452	k141_52291	1583	2440	+	Loose	570	140.2	bcrA	34.6	3002987	protein homolog model	n/a	n/a	peptide antibiotic	antibiotic efflux	ATP-binding cassette (ABC) antibiotic efflux pump	93.14	gnl|BL_ORD_ID|316|hsp_num:0	345			9	828	bacitracin; bacitracin A; bacitracin B; bacitracin F	
k141_60247_3 # 708 # 1256 # 1 # ID=7648_3;partial=01;start_type=ATG;rbs_motif=AGxAG;rbs_spacer=5-10bp;gc_cont=0.310	k141_60247	708	1256	+	Loose	600	93.2	CAR-1	37.68	3006903	protein homolog model	n/a	n/a	carbapenem	antibiotic inactivation	CAR beta-lactamase	53.51	gnl|BL_ORD_ID|3340|hsp_num:0	4408			252	663		
k141_28441_2 # 291 # 1073 # 1 # ID=7655_2;partial=00;start_type=ATG;rbs_motif=None;rbs_spacer=None;gc_cont=0.632	k141_28441	291	1073	+	Loose	650	126.3	tetA(58)	32.23	3003980	protein homolog model	n/a	n/a	tetracycline antibiotic	antibiotic efflux	major facilitator superfamily (MFS) antibiotic efflux pump	75.80	gnl|BL_ORD_ID|2244|hsp_num:0	2517			33	708	tetracycline	
k141_28441_3 # 1076 # 1804 # 1 # ID=7655_3;partial=00;start_type=ATG;rbs_motif=GGAGG;rbs_spacer=5-10bp;gc_cont=0.647	k141_28441	1076	1804	+	Loose	650	87.0	tetA(58)	27.19	3003980	protein homolog model	n/a	n/a	tetracycline antibiotic	antibiotic efflux	major facilitator superfamily (MFS) antibiotic efflux pump	70.55	gnl|BL_ORD_ID|2244|hsp_num:0	2517			33	705	tetracycline	
k141_4750_1 # 2 # 1459 # -1 # ID=7658_1;partial=11;start_type=Edge;rbs_motif=None;rbs_spacer=None;gc_cont=0.689	k141_4750	2	1459	-	Loose	1200	317.0	TaeA	36.73	3003986	protein homolog model	n/a	n/a	pleuromutilin antibiotic	antibiotic efflux	ATP-binding cassette (ABC) antibiotic efflux pump	75.00	gnl|BL_ORD_ID|2231|hsp_num:0	2522			0	1485	pleuromutilin	
k141_12685_1 # 3 # 1730 # -1 # ID=7670_1;partial=11;start_type=Edge;rbs_motif=None;rbs_spacer=None;gc_cont=0.348	k141_12685	3	1730	-	Loose	2000	170.2	adeB	25.13	3000775	protein homolog model	n/a	n/a	glycylcycline; tetracycline antibiotic	antibiotic efflux	resistance-nodulation-cell division (RND) antibiotic efflux pump	55.65	gnl|BL_ORD_ID|801|hsp_num:0	866			1488	3093	tigecycline; tetracycline	
k141_44183_1 # 2 # 400 # -1 # ID=7672_1;partial=10;start_type=ATG;rbs_motif=GGA/GAG/AGG;rbs_spacer=5-10bp;gc_cont=0.684	k141_44183	2	400	-	Loose	850	102.4	OprM	50.42	3000379	protein homolog model	n/a	n/a	macrolide antibiotic; fluoroquinolone antibiotic; monobactam; aminoglycoside antibiotic; carbapenem; cephalosporin; cephamycin; penam; tetracycline antibiotic; peptide antibiotic; aminocoumarin antibiotic; diaminopyrimidine antibiotic; sulfonamide antibiotic; phenicol antibiotic; penem; disinfecting agents and antiseptics	antibiotic efflux	resistance-nodulation-cell division (RND) antibiotic efflux pump	27.42	gnl|BL_ORD_ID|2356|hsp_num:0	1305			18	372	erythromycin; amikacin; gentamicin C; ciprofloxacin; acriflavine; tetracycline; tobramycin; ceftazidime; ceftriaxone; meropenem; novobiocin; azithromycin; trimethoprim; sulfamethoxazole; chloramphenicol; thiamphenicol; aztreonam; colistin A; colistin B; ampicillin; nalidixic acid; norfloxacin; ofloxacin; panipenem; ticarcillin; trimethoprim-sulfamethoxazole; gentamicin	
k141_44183_2 # 852 # 1490 # 1 # ID=7672_2;partial=00;start_type=ATG;rbs_motif=GGA/GAG/AGG;rbs_spacer=5-10bp;gc_cont=0.588	k141_44183	852	1490	+	Loose	410	50.1	Klebsiella pneumoniae acrR with mutation conferring multidrug antibiotic resistance	24.0	3003373	protein variant model	M109I	n/a	fluoroquinolone antibiotic; cephalosporin; glycylcycline; penam; tetracycline antibiotic; rifamycin antibiotic; phenicol antibiotic; disinfecting agents and antiseptics	antibiotic target alteration; antibiotic efflux	resistance-nodulation-cell division (RND) antibiotic efflux pump	98.15	gnl|BL_ORD_ID|1977|hsp_num:0	1989			36	480	tigecycline; tetracycline; rifampin; chloramphenicol; ampicillin; cefalotin; triclosan	
k141_20656_1 # 1 # 576 # -1 # ID=7678_1;partial=10;start_type=ATG;rbs_motif=TAA;rbs_spacer=12bp;gc_cont=0.444	k141_20656	1	576	-	Loose	1280	122.1	macB	37.43	3000535	protein homolog model	n/a	n/a	macrolide antibiotic	antibiotic efflux	ATP-binding cassette (ABC) antibiotic efflux pump	29.81	gnl|BL_ORD_ID|447|hsp_num:0	487			750	1302	erythromycin	
k141_20656_2 # 573 # 1070 # -1 # ID=7678_2;partial=01;start_type=Edge;rbs_motif=None;rbs_spacer=None;gc_cont=0.452	k141_20656	573	1070	-	Loose	1280	152.9	macB	49.06	3000535	protein homolog model	n/a	n/a	macrolide antibiotic	antibiotic efflux	ATP-binding cassette (ABC) antibiotic efflux pump	25.62	gnl|BL_ORD_ID|447|hsp_num:0	487			192	669	erythromycin	
k141_12696_1 # 3 # 602 # 1 # ID=7694_1;partial=10;start_type=Edge;rbs_motif=None;rbs_spacer=None;gc_cont=0.727	k141_12696	3	602	+	Loose	500	246.1	AXC-3	62.12	3006899	protein homolog model	n/a	n/a	carbapenem	antibiotic inactivation	AXC beta-lactamase	66.78	gnl|BL_ORD_ID|3297|hsp_num:0	4365			297	891		
k141_60279_1 # 1 # 336 # -1 # ID=7696_1;partial=10;start_type=ATG;rbs_motif=GGAG/GAGG;rbs_spacer=5-10bp;gc_cont=0.577	k141_60279	1	336	-	Loose	1280	56.6	macB	36.05	3000535	protein homolog model	n/a	n/a	macrolide antibiotic	antibiotic efflux	ATP-binding cassette (ABC) antibiotic efflux pump	17.39	gnl|BL_ORD_ID|447|hsp_num:0	487			63	321	erythromycin	
k141_52326_1 # 2 # 1888 # 1 # ID=7716_1;partial=10;start_type=Edge;rbs_motif=None;rbs_spacer=None;gc_cont=0.522	k141_52326	2	1888	+	Loose	650	74.3	Enterococcus faecium liaS mutant conferring daptomycin resistance	25.5	3003079	protein variant model	H264Q	n/a	peptide antibiotic	antibiotic target alteration; antibiotic efflux	daptomycin resistant liaS	176.90	gnl|BL_ORD_ID|1949|hsp_num:0	1108			324	1050	daptomycin	
k141_52326_2 # 1885 # 2574 # 1 # ID=7716_2;partial=00;start_type=ATG;rbs_motif=AGGAG/GGAGG;rbs_spacer=11-12bp;gc_cont=0.548	k141_52326	1885	2574	+	Loose	390	80.5	evgA	24.75	3000832	protein homolog model	n/a	n/a	macrolide antibiotic; fluoroquinolone antibiotic; penam; tetracycline antibiotic	antibiotic efflux	major facilitator superfamily (MFS) antibiotic efflux pump; resistance-nodulation-cell division (RND) antibiotic efflux pump	112.25	gnl|BL_ORD_ID|937|hsp_num:0	1015			9	594	erythromycin; cloxacillin; tetracycline; oxacillin; norfloxacin	
k141_44209_3 # 793 # 1149 # 1 # ID=7717_3;partial=01;start_type=ATG;rbs_motif=GGA/GAG/AGG;rbs_spacer=5-10bp;gc_cont=0.619	k141_44209	793	1149	+	Loose	410	115.5	arlR	49.14	3000838	protein homolog model	n/a	n/a	fluoroquinolone antibiotic; disinfecting agents and antiseptics	antibiotic efflux	major facilitator superfamily (MFS) antibiotic efflux pump	54.34	gnl|BL_ORD_ID|1275|hsp_num:0	1390			6	354	ciprofloxacin; acriflavine; norfloxacin	
k141_28482_2 # 1061 # 1561 # -1 # ID=7723_2;partial=01;start_type=Edge;rbs_motif=None;rbs_spacer=None;gc_cont=0.667	k141_28482	1061	1561	-	Loose	400	102.8	vanR gene in vanO cluster	34.21	3002930	protein homolog model	n/a	n/a	glycopeptide antibiotic	antibiotic target alteration	glycopeptide resistance gene cluster; vanR	71.24	gnl|BL_ORD_ID|4743|hsp_num:0	1689			228	684	vancomycin	
k141_36517_1 # 1 # 399 # -1 # ID=7725_1;partial=10;start_type=ATG;rbs_motif=AGGAG;rbs_spacer=5-10bp;gc_cont=0.464	k141_36517	1	399	-	Loose	1350	253.1	Staphylococcus aureus fusA with mutation conferring resistance to fusidic acid	91.73	3003735	protein variant model	V90I	n/a	fusidane antibiotic	antibiotic target alteration	antibiotic resistant fusA	19.19	gnl|BL_ORD_ID|4696|hsp_num:0	2254			0	399	fusidic acid	
k141_4795_2 # 536 # 1228 # -1 # ID=7729_2;partial=01;start_type=Edge;rbs_motif=None;rbs_spacer=None;gc_cont=0.372	k141_4795	536	1228	-	Loose	570	81.3	bcrA	28.65	3002987	protein homolog model	n/a	n/a	peptide antibiotic	antibiotic efflux	ATP-binding cassette (ABC) antibiotic efflux pump	75.16	gnl|BL_ORD_ID|316|hsp_num:0	345			210	774	bacitracin; bacitracin A; bacitracin B; bacitracin F	
k141_12731_1 # 1 # 1200 # 1 # ID=7745_1;partial=11;start_type=Edge;rbs_motif=None;rbs_spacer=None;gc_cont=0.437	k141_12731	1	1200	+	Loose	2090	134.4	cmeB	28.8	3000784	protein homolog model	n/a	n/a	macrolide antibiotic; fluoroquinolone antibiotic; cephalosporin; fusidane antibiotic	antibiotic efflux	resistance-nodulation-cell division (RND) antibiotic efflux pump	38.46	gnl|BL_ORD_ID|690|hsp_num:0	748			486	1563	erythromycin; cefotaxime; fusidic acid	
k141_28498_3 # 1197 # 1607 # 1 # ID=7748_3;partial=00;start_type=ATG;rbs_motif=GGAG/GAGG;rbs_spacer=5-10bp;gc_cont=0.659	k141_28498	1197	1607	+	Loose	390	45.8	evgA	25.0	3000832	protein homolog model	n/a	n/a	macrolide antibiotic; fluoroquinolone antibiotic; penam; tetracycline antibiotic	antibiotic efflux	major facilitator superfamily (MFS) antibiotic efflux pump; resistance-nodulation-cell division (RND) antibiotic efflux pump	66.67	gnl|BL_ORD_ID|937|hsp_num:0	1015			0	363	erythromycin; cloxacillin; tetracycline; oxacillin; norfloxacin	
k141_36535_1 # 1 # 1368 # 1 # ID=7749_1;partial=11;start_type=Edge;rbs_motif=None;rbs_spacer=None;gc_cont=0.563	k141_36535	1	1368	+	Loose	2200	60.8	Bifidobacterium bifidum ileS conferring resistance to mupirocin	23.47	3003730	protein homolog model	n/a	n/a	mupirocin-like antibiotic	antibiotic target alteration	antibiotic-resistant isoleucyl-tRNA synthetase (ileS)	41.19	gnl|BL_ORD_ID|4695|hsp_num:0	2278			201	795	mupirocin	
k141_28501_1 # 1 # 801 # -1 # ID=7754_1;partial=10;start_type=ATG;rbs_motif=GGA/GAG/AGG;rbs_spacer=5-10bp;gc_cont=0.704	k141_28501	1	801	-	Loose	600	53.1	mdtN	25.19	3003548	protein homolog model	n/a	n/a	nucleoside antibiotic; disinfecting agents and antiseptics	antibiotic efflux	major facilitator superfamily (MFS) antibiotic efflux pump	77.84	gnl|BL_ORD_ID|1322|hsp_num:0	1442			30	786	acriflavine; puromycin	
k141_12743_2 # 345 # 1241 # 1 # ID=7755_2;partial=01;start_type=ATG;rbs_motif=GGAG/GAGG;rbs_spacer=5-10bp;gc_cont=0.572	k141_12743	345	1241	+	Loose	650	117.5	tetA(58)	31.44	3003980	protein homolog model	n/a	n/a	tetracycline antibiotic	antibiotic efflux	major facilitator superfamily (MFS) antibiotic efflux pump	87.17	gnl|BL_ORD_ID|2244|hsp_num:0	2517			48	705	tetracycline	
k141_20707_1 # 2 # 250 # -1 # ID=7757_1;partial=10;start_type=ATG;rbs_motif=AGGA;rbs_spacer=5-10bp;gc_cont=0.707	k141_20707	2	250	-	Loose	650	53.5	adeL	40.0	3000620	protein homolog model	n/a	n/a	fluoroquinolone antibiotic; tetracycline antibiotic	antibiotic efflux	resistance-nodulation-cell division (RND) antibiotic efflux pump	24.63	gnl|BL_ORD_ID|2316|hsp_num:0	2654			9	219	tetracycline	
k141_36544_1 # 3 # 470 # -1 # ID=7759_1;partial=10;start_type=ATG;rbs_motif=None;rbs_spacer=None;gc_cont=0.346	k141_36544	3	470	-	Loose	750	147.1	tet(39)	47.22	3000566	protein homolog model	n/a	n/a	tetracycline antibiotic	antibiotic efflux	major facilitator superfamily (MFS) antibiotic efflux pump	39.49	gnl|BL_ORD_ID|1038|hsp_num:0	1092			21	447	tetracycline	
k141_60326_1 # 1 # 951 # -1 # ID=7761_1;partial=10;start_type=ATG;rbs_motif=None;rbs_spacer=None;gc_cont=0.532	k141_60326	1	951	-	Loose	2000	140.2	Staphylococcus aureus mupA conferring resistance to mupirocin	30.98	3000521	protein homolog model	n/a	n/a	mupirocin-like antibiotic	antibiotic target alteration	antibiotic-resistant isoleucyl-tRNA synthetase (ileS)	30.96	gnl|BL_ORD_ID|4700|hsp_num:0	2270			39	849	mupirocin	
k141_60326_2 # 1132 # 2076 # -1 # ID=7761_2;partial=00;start_type=ATG;rbs_motif=None;rbs_spacer=None;gc_cont=0.522	k141_60326	1132	2076	-	Loose	450	121.7	mreA	27.12	3007050	protein homolog model	n/a	n/a	macrolide antibiotic	antibiotic efflux	major facilitator superfamily (MFS) antibiotic efflux pump	100.96	gnl|BL_ORD_ID|4756|hsp_num:0	5749			36	891		
k141_60326_3 # 2083 # 3810 # -1 # ID=7761_3;partial=00;start_type=ATG;rbs_motif=GGA/GAG/AGG;rbs_spacer=5-10bp;gc_cont=0.449	k141_60326	2083	3810	-	Loose	1000	463.4	eptB	46.13	3005047	protein homolog model	n/a	n/a	peptide antibiotic	antibiotic target alteration	pmr phosphoethanolamine transferase	100.17	gnl|BL_ORD_ID|2779|hsp_num:0	3791			51	1710	polymyxin B; colistin A; colistin B	
k141_44240_5 # 2449 # 2658 # 1 # ID=7765_5;partial=01;start_type=ATG;rbs_motif=GGA/GAG/AGG;rbs_spacer=5-10bp;gc_cont=0.476	k141_44240	2449	2658	+	Loose	650	46.2	adeL	43.33	3000620	protein homolog model	n/a	n/a	fluoroquinolone antibiotic; tetracycline antibiotic	antibiotic efflux	resistance-nodulation-cell division (RND) antibiotic efflux pump	20.77	gnl|BL_ORD_ID|2316|hsp_num:0	2654			0	180	tetracycline	
k141_4829_4 # 3506 # 4072 # -1 # ID=7770_4;partial=01;start_type=Edge;rbs_motif=None;rbs_spacer=None;gc_cont=0.688	k141_4829	3506	4072	-	Loose	1900	118.6	MuxC	42.86	3004075	protein homolog model	n/a	n/a	macrolide antibiotic; monobactam; tetracycline antibiotic; aminocoumarin antibiotic	antibiotic efflux	resistance-nodulation-cell division (RND) antibiotic efflux pump	18.15	gnl|BL_ORD_ID|2368|hsp_num:0	2720			2610	3048	erythromycin; tetracycline; novobiocin; aztreonam; kitasamycin; rokitamycin	
k141_20724_1 # 2 # 1192 # 1 # ID=7773_1;partial=10;start_type=Edge;rbs_motif=None;rbs_spacer=None;gc_cont=0.605	k141_20724	2	1192	+	Loose	700	660.2	Escherichia coli EF-Tu mutants conferring resistance to Pulvomycin	82.03	3003369	protein variant model	R234F	n/a	elfamycin antibiotic	antibiotic target alteration	elfamycin resistant EF-Tu	96.82	gnl|BL_ORD_ID|1971|hsp_num:0	2158			45	1224	pulvomycin	
k141_52390_1 # 3 # 1064 # 1 # ID=7777_1;partial=10;start_type=Edge;rbs_motif=None;rbs_spacer=None;gc_cont=0.586	k141_52390	3	1064	+	Loose	875	108.2	mdtP	29.07	3003550	protein homolog model	n/a	n/a	nucleoside antibiotic; disinfecting agents and antiseptics	antibiotic efflux	major facilitator superfamily (MFS) antibiotic efflux pump	72.34	gnl|BL_ORD_ID|37|hsp_num:0	45			426	1437	acriflavine; puromycin	
k141_52390_2 # 1110 # 2315 # 1 # ID=7777_2;partial=00;start_type=ATG;rbs_motif=GGAG/GAGG;rbs_spacer=5-10bp;gc_cont=0.552	k141_52390	1110	2315	+	Loose	675	275.0	emrA	40.83	3000027	protein homolog model	n/a	n/a	fluoroquinolone antibiotic	antibiotic efflux	major facilitator superfamily (MFS) antibiotic efflux pump	102.82	gnl|BL_ORD_ID|1611|hsp_num:0	1757			12	1164	nalidixic acid	
k141_52390_3 # 2377 # 4020 # 1 # ID=7777_3;partial=00;start_type=ATG;rbs_motif=AGGA;rbs_spacer=5-10bp;gc_cont=0.547	k141_52390	2377	4020	+	Loose	900	445.7	emrB	44.25	3000074	protein homolog model	n/a	n/a	fluoroquinolone antibiotic	antibiotic efflux	major facilitator superfamily (MFS) antibiotic efflux pump	106.84	gnl|BL_ORD_ID|1707|hsp_num:0	1847			15	1527	nalidixic acid	
k141_60328_3 # 1241 # 2029 # 1 # ID=7778_3;partial=00;start_type=ATG;rbs_motif=AGGA;rbs_spacer=5-10bp;gc_cont=0.484	k141_60328	1241	2029	+	Loose	500	113.6	RanA	30.08	3005091	protein homolog model	n/a	n/a	aminoglycoside antibiotic	antibiotic efflux	ATP-binding cassette (ABC) antibiotic efflux pump	101.55	gnl|BL_ORD_ID|2809|hsp_num:0	3825			3	711		
k141_60328_5 # 2848 # 3537 # 1 # ID=7778_5;partial=00;start_type=GTG;rbs_motif=AGGA;rbs_spacer=5-10bp;gc_cont=0.529	k141_60328	2848	3537	+	Loose	450	152.5	baeR	36.73	3000828	protein homolog model	n/a	n/a	aminoglycoside antibiotic; aminocoumarin antibiotic	antibiotic efflux	resistance-nodulation-cell division (RND) antibiotic efflux pump	95.42	gnl|BL_ORD_ID|1232|hsp_num:0	1337			30	699	novobiocin	
k141_60328_6 # 3639 # 5075 # 1 # ID=7778_6;partial=00;start_type=ATG;rbs_motif=None;rbs_spacer=None;gc_cont=0.510	k141_60328	3639	5075	+	Loose	910	109.4	smeS	35.68	3003067	protein homolog model	n/a	n/a	aminoglycoside antibiotic; cephalosporin; cephamycin; penam	antibiotic efflux	resistance-nodulation-cell division (RND) antibiotic efflux pump	102.36	gnl|BL_ORD_ID|313|hsp_num:0	342			702	1392		
k141_60328_7 # 5185 # 6798 # 1 # ID=7778_7;partial=00;start_type=ATG;rbs_motif=None;rbs_spacer=None;gc_cont=0.519	k141_60328	5185	6798	+	Loose	700	184.5	Acinetobacter baumannii AbaF	33.86	3004573	protein homolog model	n/a	n/a	phosphonic acid antibiotic	antibiotic efflux	major facilitator superfamily (MFS) antibiotic efflux pump	125.17	gnl|BL_ORD_ID|2717|hsp_num:0	3277			15	963	fosfomycin	
k141_60328_8 # 6879 # 7712 # 1 # ID=7778_8;partial=00;start_type=ATG;rbs_motif=GGA/GAG/AGG;rbs_spacer=5-10bp;gc_cont=0.486	k141_60328	6879	7712	+	Loose	500	191.0	bacA	40.67	3002986	protein homolog model	n/a	n/a	peptide antibiotic	antibiotic target alteration	undecaprenyl pyrophosphate related proteins	101.47	gnl|BL_ORD_ID|1682|hsp_num:0	1820			6	804	bacitracin; bacitracin A; bacitracin B; bacitracin F	
k141_28526_2 # 1082 # 1828 # 1 # ID=7780_2;partial=01;start_type=ATG;rbs_motif=GGA/GAG/AGG;rbs_spacer=5-10bp;gc_cont=0.519	k141_28526	1082	1828	+	Loose	500	141.0	RanA	34.32	3005091	protein homolog model	n/a	n/a	aminoglycoside antibiotic	antibiotic efflux	ATP-binding cassette (ABC) antibiotic efflux pump	96.51	gnl|BL_ORD_ID|2809|hsp_num:0	3825			3	678		
k141_4835_1 # 2 # 691 # 1 # ID=7781_1;partial=10;start_type=Edge;rbs_motif=None;rbs_spacer=None;gc_cont=0.668	k141_4835	2	691	+	Loose	850	72.0	baeS	28.77	3000829	protein homolog model	n/a	n/a	aminoglycoside antibiotic; aminocoumarin antibiotic	antibiotic efflux	resistance-nodulation-cell division (RND) antibiotic efflux pump	49.04	gnl|BL_ORD_ID|914|hsp_num:0	986			759	1401	novobiocin	
k141_20741_1 # 2 # 1030 # 1 # ID=7787_1;partial=11;start_type=Edge;rbs_motif=None;rbs_spacer=None;gc_cont=0.704	k141_20741	2	1030	+	Loose	400	132.5	TxR	44.08	3005008	protein homolog model	n/a	n/a	tetracycline antibiotic	antibiotic efflux	ATP-binding cassette (ABC) antibiotic efflux pump	107.86	gnl|BL_ORD_ID|4725|hsp_num:0	3753			66	522	tetracycline	
k141_52404_2 # 311 # 1288 # -1 # ID=7797_2;partial=01;start_type=Edge;rbs_motif=None;rbs_spacer=None;gc_cont=0.685	k141_52404	311	1288	-	Loose	650	98.6	vanS gene in vanO cluster	30.4	3002941	protein homolog model	n/a	n/a	glycopeptide antibiotic	antibiotic target alteration	vanS; glycopeptide resistance gene cluster	94.20	gnl|BL_ORD_ID|4733|hsp_num:0	465			351	1017	vancomycin	
k141_20751_1 # 83 # 793 # 1 # ID=7800_1;partial=00;start_type=ATG;rbs_motif=GGA/GAG/AGG;rbs_spacer=5-10bp;gc_cont=0.331	k141_20751	83	793	+	Loose	570	161.8	bcrA	35.86	3002987	protein homolog model	n/a	n/a	peptide antibiotic	antibiotic efflux	ATP-binding cassette (ABC) antibiotic efflux pump	77.12	gnl|BL_ORD_ID|316|hsp_num:0	345			12	702	bacitracin; bacitracin A; bacitracin B; bacitracin F	
k141_36569_3 # 1604 # 2350 # 1 # ID=7801_3;partial=00;start_type=ATG;rbs_motif=None;rbs_spacer=None;gc_cont=0.566	k141_36569	1604	2350	+	Loose	420	174.9	smeR	42.79	3003066	protein homolog model	n/a	n/a	aminoglycoside antibiotic; cephalosporin; cephamycin; penam	antibiotic efflux	resistance-nodulation-cell division (RND) antibiotic efflux pump	108.30	gnl|BL_ORD_ID|1426|hsp_num:0	1550			18	678		
k141_36569_4 # 2347 # 3789 # 1 # ID=7801_4;partial=00;start_type=ATG;rbs_motif=AGGAGG;rbs_spacer=3-4bp;gc_cont=0.568	k141_36569	2347	3789	+	Loose	910	99.0	smeS	26.43	3003067	protein homolog model	n/a	n/a	aminoglycoside antibiotic; cephalosporin; cephamycin; penam	antibiotic efflux	resistance-nodulation-cell division (RND) antibiotic efflux pump	102.78	gnl|BL_ORD_ID|313|hsp_num:0	342			420	1395		
k141_44276_1 # 1 # 2337 # 1 # ID=7804_1;partial=11;start_type=Edge;rbs_motif=None;rbs_spacer=None;gc_cont=0.669	k141_44276	1	2337	+	Loose	1280	43.5	macB	28.93	3000535	protein homolog model	n/a	n/a	macrolide antibiotic	antibiotic efflux	ATP-binding cassette (ABC) antibiotic efflux pump	120.96	gnl|BL_ORD_ID|447|hsp_num:0	487			327	645	erythromycin	
k141_20753_1 # 1 # 1137 # -1 # ID=7805_1;partial=11;start_type=Edge;rbs_motif=None;rbs_spacer=None;gc_cont=0.655	k141_20753	1	1137	-	Loose	300	105.9	tet(S)	22.63	3000192	protein homolog model	n/a	n/a	tetracycline antibiotic	antibiotic target protection	tetracycline-resistant ribosomal protection protein	59.13	gnl|BL_ORD_ID|1525|hsp_num:0	1553			150	1176	tetracycline; doxycycline; minocycline; chlortetracycline; demeclocycline; oxytetracycline	
k141_44294_2 # 383 # 1162 # 1 # ID=7820_2;partial=00;start_type=ATG;rbs_motif=AGxAGG/AGGxGG;rbs_spacer=5-10bp;gc_cont=0.417	k141_44294	383	1162	+	Loose	370	41.2	bcrB	26.19	3002988	protein homolog model	n/a	n/a	peptide antibiotic	antibiotic efflux	ATP-binding cassette (ABC) antibiotic efflux pump	124.52	gnl|BL_ORD_ID|869|hsp_num:0	944			105	483	bacitracin; bacitracin A; bacitracin B; bacitracin F	
k141_52420_1 # 1 # 1056 # 1 # ID=7822_1;partial=10;start_type=Edge;rbs_motif=None;rbs_spacer=None;gc_cont=0.464	k141_52420	1	1056	+	Loose	1000	342.0	MCR-2.2	48.76	3004502	protein homolog model	n/a	n/a	peptide antibiotic	antibiotic target alteration	MCR phosphoethanolamine transferase	65.24	gnl|BL_ORD_ID|2666|hsp_num:0	3130			513	1575	colistin A; colistin B	
k141_60372_1 # 2 # 1009 # -1 # ID=7825_1;partial=10;start_type=GTG;rbs_motif=GGA/GAG/AGG;rbs_spacer=5-10bp;gc_cont=0.667	k141_60372	2	1009	-	Loose	800	47.8	Staphylococcus aureus LmrS	24.05	3004572	protein homolog model	n/a	n/a	macrolide antibiotic; aminoglycoside antibiotic; oxazolidinone antibiotic; diaminopyrimidine antibiotic; phenicol antibiotic	antibiotic efflux	major facilitator superfamily (MFS) antibiotic efflux pump	70.00	gnl|BL_ORD_ID|2870|hsp_num:0	3276			90	561	erythromycin; streptomycin; kanamycin A; linezolid; trimethoprim; chloramphenicol; florfenicol	
k141_52436_2 # 318 # 827 # -1 # ID=7835_2;partial=00;start_type=ATG;rbs_motif=GGAG/GAGG;rbs_spacer=5-10bp;gc_cont=0.467	k141_52436	318	827	-	Loose	300	149.4	dfrA3	47.2	3003105	protein homolog model	n/a	n/a	diaminopyrimidine antibiotic	antibiotic target replacement	trimethoprim resistant dihydrofolate reductase dfr	104.32	gnl|BL_ORD_ID|471|hsp_num:0	511			15	480	trimethoprim	
k141_60388_1 # 2 # 385 # 1 # ID=7837_1;partial=10;start_type=Edge;rbs_motif=None;rbs_spacer=None;gc_cont=0.531	k141_60388	2	385	+	Loose	450	72.0	mreA	36.52	3007050	protein homolog model	n/a	n/a	macrolide antibiotic	antibiotic efflux	major facilitator superfamily (MFS) antibiotic efflux pump	40.84	gnl|BL_ORD_ID|4756|hsp_num:0	5749			570	912		
k141_4882_1 # 3 # 611 # -1 # ID=7845_1;partial=10;start_type=GTG;rbs_motif=GGxGG;rbs_spacer=5-10bp;gc_cont=0.647	k141_4882	3	611	-	Loose	650	97.1	tetA(58)	35.75	3003980	protein homolog model	n/a	n/a	tetracycline antibiotic	antibiotic efflux	major facilitator superfamily (MFS) antibiotic efflux pump	59.18	gnl|BL_ORD_ID|2244|hsp_num:0	2517			30	543	tetracycline	
k141_12818_1 # 1 # 624 # 1 # ID=7849_1;partial=10;start_type=Edge;rbs_motif=None;rbs_spacer=None;gc_cont=0.655	k141_12818	1	624	+	Loose	900	67.8	PmpM	28.95	3004077	protein homolog model	n/a	n/a	fluoroquinolone antibiotic; aminoglycoside antibiotic; disinfecting agents and antiseptics	antibiotic efflux	multidrug and toxic compound extrusion (MATE) transporter	43.40	gnl|BL_ORD_ID|2379|hsp_num:0	2734			795	1359	neomycin; benzalkonium chloride; chlorhexidine	
k141_12818_2 # 578 # 1921 # -1 # ID=7849_2;partial=00;start_type=ATG;rbs_motif=None;rbs_spacer=None;gc_cont=0.676	k141_12818	578	1921	-	Loose	910	108.6	smeS	32.93	3003067	protein homolog model	n/a	n/a	aminoglycoside antibiotic; cephalosporin; cephamycin; penam	antibiotic efflux	resistance-nodulation-cell division (RND) antibiotic efflux pump	95.72	gnl|BL_ORD_ID|313|hsp_num:0	342			696	1392		
k141_12818_3 # 2114 # 2593 # -1 # ID=7849_3;partial=01;start_type=Edge;rbs_motif=None;rbs_spacer=None;gc_cont=0.673	k141_12818	2114	2593	-	Loose	410	122.9	arlR	43.84	3000838	protein homolog model	n/a	n/a	fluoroquinolone antibiotic; disinfecting agents and antiseptics	antibiotic efflux	major facilitator superfamily (MFS) antibiotic efflux pump	72.60	gnl|BL_ORD_ID|1275|hsp_num:0	1390			219	648	ciprofloxacin; acriflavine; norfloxacin	
k141_4895_1 # 160 # 2076 # 1 # ID=7873_1;partial=01;start_type=ATG;rbs_motif=GGA/GAG/AGG;rbs_spacer=5-10bp;gc_cont=0.609	k141_4895	160	2076	+	Loose	2200	63.9	Bifidobacterium bifidum ileS conferring resistance to mupirocin	24.87	3003730	protein homolog model	n/a	n/a	mupirocin-like antibiotic	antibiotic target alteration	antibiotic-resistant isoleucyl-tRNA synthetase (ileS)	57.72	gnl|BL_ORD_ID|4695|hsp_num:0	2278			90	645	mupirocin	
k141_36651_1 # 1 # 297 # 1 # ID=7890_1;partial=10;start_type=Edge;rbs_motif=None;rbs_spacer=None;gc_cont=0.364	k141_36651	1	297	+	Loose	200	58.9	vanH gene in vanB cluster	40.23	3002943	protein homolog model	n/a	n/a	glycopeptide antibiotic	antibiotic target alteration	vanH; glycopeptide resistance gene cluster	30.34	gnl|BL_ORD_ID|4674|hsp_num:0	626			633	894	vancomycin	
k141_28616_1 # 3 # 1214 # 1 # ID=7899_1;partial=10;start_type=Edge;rbs_motif=None;rbs_spacer=None;gc_cont=0.563	k141_28616	3	1214	+	Strict	750	762.7	tet(40)	99.01	3000567	protein homolog model	n/a	n/a	tetracycline antibiotic	antibiotic efflux	major facilitator superfamily (MFS) antibiotic efflux pump	99.26	gnl|BL_ORD_ID|892|hsp_num:0	945			9	1218	tetracycline	
k141_36654_1 # 3 # 656 # -1 # ID=7900_1;partial=10;start_type=ATG;rbs_motif=GGAGG;rbs_spacer=5-10bp;gc_cont=0.592	k141_36654	3	656	-	Loose	1280	132.9	macB	37.74	3000535	protein homolog model	n/a	n/a	macrolide antibiotic	antibiotic efflux	ATP-binding cassette (ABC) antibiotic efflux pump	33.85	gnl|BL_ORD_ID|447|hsp_num:0	487			9	636	erythromycin	
k141_20844_2 # 451 # 1266 # 1 # ID=7906_2;partial=01;start_type=ATG;rbs_motif=None;rbs_spacer=None;gc_cont=0.562	k141_20844	451	1266	+	Loose	500	65.9	mefJ	28.21	3007049	protein homolog model	n/a	n/a	macrolide antibiotic	antibiotic efflux	major facilitator superfamily (MFS) antibiotic efflux pump	68.51	gnl|BL_ORD_ID|4755|hsp_num:0	5748			90	759		
k141_36670_1 # 2 # 1840 # 1 # ID=7936_1;partial=11;start_type=Edge;rbs_motif=None;rbs_spacer=None;gc_cont=0.563	k141_36670	2	1840	+	Loose	1800	249.6	mdtC	28.97	3000794	protein homolog model	n/a	n/a	aminocoumarin antibiotic	antibiotic efflux	resistance-nodulation-cell division (RND) antibiotic efflux pump	59.80	gnl|BL_ORD_ID|1213|hsp_num:0	1315			111	1893	novobiocin	
k141_52497_1 # 2 # 1096 # 1 # ID=7939_1;partial=11;start_type=Edge;rbs_motif=None;rbs_spacer=None;gc_cont=0.553	k141_52497	2	1096	+	Strict	50	113.2	vanW gene in vanI cluster	35.79	3003724	protein homolog model	n/a	n/a	glycopeptide antibiotic	antibiotic target alteration	vanW; glycopeptide resistance gene cluster	97.86	gnl|BL_ORD_ID|4747|hsp_num:0	2242			420	978	vancomycin; teicoplanin	
k141_20865_2 # 627 # 1214 # 1 # ID=7946_2;partial=01;start_type=TTG;rbs_motif=AGGAG;rbs_spacer=5-10bp;gc_cont=0.451	k141_20865	627	1214	+	Loose	800	128.3	Borreliella burgdorferi murA with mutation conferring resistance to fosfomycin	37.44	3003777	protein variant model	D116C	n/a	phosphonic acid antibiotic	antibiotic target alteration	antibiotic-resistant murA transferase	45.90	gnl|BL_ORD_ID|2080|hsp_num:0	2286			0	582	fosfomycin	
k141_20867_1 # 1 # 1317 # -1 # ID=7956_1;partial=11;start_type=Edge;rbs_motif=None;rbs_spacer=None;gc_cont=0.478	k141_20867	1	1317	-	Loose	2300	45.4	evgS	31.91	3000833	protein homolog model	n/a	n/a	macrolide antibiotic; fluoroquinolone antibiotic; penam; tetracycline antibiotic	antibiotic efflux	major facilitator superfamily (MFS) antibiotic efflux pump; resistance-nodulation-cell division (RND) antibiotic efflux pump	36.68	gnl|BL_ORD_ID|1215|hsp_num:0	1318			2592	2868	erythromycin; cloxacillin; tetracycline; oxacillin; norfloxacin	
k141_12872_1 # 90 # 1040 # 1 # ID=7961_1;partial=00;start_type=ATG;rbs_motif=GGA/GAG/AGG;rbs_spacer=11-12bp;gc_cont=0.717	k141_12872	90	1040	+	Loose	500	44.3	leuO	39.71	3003843	protein homolog model	n/a	n/a	nucleoside antibiotic; disinfecting agents and antiseptics	antibiotic efflux	major facilitator superfamily (MFS) antibiotic efflux pump	100.64	gnl|BL_ORD_ID|4927|hsp_num:0	5921			78	282	acriflavine; puromycin	
k141_52509_7 # 3663 # 3980 # 1 # ID=7965_7;partial=01;start_type=ATG;rbs_motif=AGGA;rbs_spacer=5-10bp;gc_cont=0.575	k141_52509	3663	3980	+	Loose	650	57.4	adeL	36.17	3000620	protein homolog model	n/a	n/a	fluoroquinolone antibiotic; tetracycline antibiotic	antibiotic efflux	resistance-nodulation-cell division (RND) antibiotic efflux pump	31.45	gnl|BL_ORD_ID|2316|hsp_num:0	2654			0	282	tetracycline	
k141_20877_1 # 2 # 550 # 1 # ID=7968_1;partial=10;start_type=Edge;rbs_motif=None;rbs_spacer=None;gc_cont=0.592	k141_20877	2	550	+	Loose	700	75.9	vanS gene in vanM cluster	30.64	3002939	protein homolog model	n/a	n/a	glycopeptide antibiotic	antibiotic target alteration	vanS; glycopeptide resistance gene cluster	49.19	gnl|BL_ORD_ID|4740|hsp_num:0	1328			573	1083	vancomycin; teicoplanin	
k141_12882_1 # 3 # 1535 # 1 # ID=7973_1;partial=10;start_type=Edge;rbs_motif=None;rbs_spacer=None;gc_cont=0.703	k141_12882	3	1535	+	Loose	1800	127.9	mdtC	24.84	3000794	protein homolog model	n/a	n/a	aminocoumarin antibiotic	antibiotic efflux	resistance-nodulation-cell division (RND) antibiotic efflux pump	49.76	gnl|BL_ORD_ID|1213|hsp_num:0	1315			1641	3030	novobiocin	
k141_44383_1 # 155 # 646 # -1 # ID=7981_1;partial=00;start_type=GTG;rbs_motif=AGGAGG;rbs_spacer=5-10bp;gc_cont=0.427	k141_44383	155	646	-	Loose	350	39.3	SatA	42.0	3005045	protein homolog model	n/a	n/a	nucleoside antibiotic	antibiotic inactivation	streptothricin acetyltransferase (SAT)	88.59	gnl|BL_ORD_ID|2776|hsp_num:0	3788			312	462	streptothricin	
k141_52526_1 # 1 # 516 # -1 # ID=7990_1;partial=10;start_type=ATG;rbs_motif=AGGA/GGAG/GAGG;rbs_spacer=11-12bp;gc_cont=0.566	k141_52526	1	516	-	Loose	650	73.6	tetA(58)	30.0	3003980	protein homolog model	n/a	n/a	tetracycline antibiotic	antibiotic efflux	major facilitator superfamily (MFS) antibiotic efflux pump	50.15	gnl|BL_ORD_ID|2244|hsp_num:0	2517			72	501	tetracycline	
k141_60474_3 # 1404 # 1697 # -1 # ID=7991_3;partial=01;start_type=Edge;rbs_motif=None;rbs_spacer=None;gc_cont=0.663	k141_60474	1404	1697	-	Loose	2300	48.5	evgS	30.99	3000833	protein homolog model	n/a	n/a	macrolide antibiotic; fluoroquinolone antibiotic; penam; tetracycline antibiotic	antibiotic efflux	major facilitator superfamily (MFS) antibiotic efflux pump; resistance-nodulation-cell division (RND) antibiotic efflux pump	8.10	gnl|BL_ORD_ID|1215|hsp_num:0	1318			2604	2805	erythromycin; cloxacillin; tetracycline; oxacillin; norfloxacin	
k141_4947_1 # 3 # 1166 # 1 # ID=7993_1;partial=11;start_type=Edge;rbs_motif=None;rbs_spacer=None;gc_cont=0.627	k141_4947	3	1166	+	Loose	1100	89.4	tetB(60)	31.22	3004036	protein homolog model	n/a	n/a	tetracycline antibiotic	antibiotic efflux	ATP-binding cassette (ABC) antibiotic efflux pump	67.01	gnl|BL_ORD_ID|2308|hsp_num:0	2646			1014	1575	tetracycline	
k141_44391_1 # 1 # 531 # -1 # ID=7995_1;partial=10;start_type=GTG;rbs_motif=GGA/GAG/AGG;rbs_spacer=5-10bp;gc_cont=0.516	k141_44391	1	531	-	Loose	850	273.1	abeM	83.05	3000753	protein homolog model	n/a	n/a	fluoroquinolone antibiotic; disinfecting agents and antiseptics	antibiotic efflux	multidrug and toxic compound extrusion (MATE) transporter	39.51	gnl|BL_ORD_ID|1255|hsp_num:0	1368			0	531	ciprofloxacin; acriflavine; norfloxacin; ofloxacin; triclosan	
k141_28681_3 # 924 # 1142 # 1 # ID=8000_3;partial=01;start_type=ATG;rbs_motif=GGA/GAG/AGG;rbs_spacer=5-10bp;gc_cont=0.420	k141_28681	924	1142	+	Loose	1300	45.8	optrA	63.64	3003746	protein homolog model	n/a	n/a	oxazolidinone antibiotic; phenicol antibiotic	antibiotic target protection	Miscellaneous ABC-F subfamily ATP-binding cassette ribosomal protection proteins	11.15	gnl|BL_ORD_ID|2070|hsp_num:0	2263			1080	1179	linezolid; chloramphenicol; florfenicol; tedizolid	
k141_60483_2 # 363 # 1151 # 1 # ID=8004_2;partial=00;start_type=ATG;rbs_motif=None;rbs_spacer=None;gc_cont=0.653	k141_60483	363	1151	+	Loose	575	40.8	CRD3-1	38.71	3006864	protein homolog model	n/a	n/a	carbapenem	antibiotic inactivation	CRD3 beta-lactamase	86.47	gnl|BL_ORD_ID|3412|hsp_num:0	4480			198	372		
k141_4955_1 # 1 # 846 # 1 # ID=8005_1;partial=10;start_type=Edge;rbs_motif=None;rbs_spacer=None;gc_cont=0.676	k141_4955	1	846	+	Loose	550	45.8	NmcR	25.97	3003665	protein homolog model	n/a	n/a	carbapenem; cephalosporin; cephamycin; penam	antibiotic inactivation	NmcA beta-lactamase	95.25	gnl|BL_ORD_ID|1906|hsp_num:0	2072			48	705	cefoxitin; cefazolin; ampicillin	
k141_44409_2 # 374 # 1279 # -1 # ID=8023_2;partial=01;start_type=Edge;rbs_motif=None;rbs_spacer=None;gc_cont=0.589	k141_44409	374	1279	-	Loose	875	103.6	tet(O/M/O)	25.53	3007120	protein homolog model	n/a	n/a	tetracycline antibiotic	antibiotic target protection	tetracycline-resistant ribosomal protection protein	47.10	gnl|BL_ORD_ID|4795|hsp_num:0	5790			1008	1839	tetracycline	
k141_36718_1 # 3 # 884 # 1 # ID=8024_1;partial=10;start_type=Edge;rbs_motif=None;rbs_spacer=None;gc_cont=0.442	k141_36718	3	884	+	Loose	200	97.8	vanH gene in vanA cluster	28.85	3002942	protein homolog model	n/a	n/a	glycopeptide antibiotic	antibiotic target alteration	vanH; glycopeptide resistance gene cluster	90.99	gnl|BL_ORD_ID|4670|hsp_num:0	178			213	942	vancomycin; teicoplanin	
k141_28696_1 # 1 # 1143 # -1 # ID=8025_1;partial=11;start_type=Edge;rbs_motif=None;rbs_spacer=None;gc_cont=0.654	k141_28696	1	1143	-	Loose	1080	92.0	rosB	31.65	3003049	protein homolog model	n/a	n/a	peptide antibiotic	antibiotic efflux	major facilitator superfamily (MFS) antibiotic efflux pump	67.67	gnl|BL_ORD_ID|467|hsp_num:0	507			144	1179	polymyxin B; polymyxin B1; polymyxin B2; polymyxin B3; polymyxin B4	
k141_60495_5 # 4826 # 5098 # 1 # ID=8029_5;partial=01;start_type=ATG;rbs_motif=AGGAG;rbs_spacer=5-10bp;gc_cont=0.443	k141_60495	4826	5098	+	Loose	200	67.0	YajC	43.02	3005040	protein homolog model	n/a	n/a	fluoroquinolone antibiotic; cephalosporin; glycylcycline; penam; tetracycline antibiotic; oxazolidinone antibiotic; glycopeptide antibiotic; rifamycin antibiotic; phenicol antibiotic; disinfecting agents and antiseptics	antibiotic efflux	resistance-nodulation-cell division (RND) antibiotic efflux pump	81.25	gnl|BL_ORD_ID|2772|hsp_num:0	3783			6	264	vancomycin; tigecycline; tetracycline; linezolid; rifampin; chloramphenicol; ampicillin; cefalotin; triclosan	
k141_36719_4 # 1481 # 2419 # -1 # ID=8030_4;partial=00;start_type=ATG;rbs_motif=None;rbs_spacer=None;gc_cont=0.596	k141_36719	1481	2419	-	Loose	650	159.1	tetA(58)	32.87	3003980	protein homolog model	n/a	n/a	tetracycline antibiotic	antibiotic efflux	major facilitator superfamily (MFS) antibiotic efflux pump	90.96	gnl|BL_ORD_ID|2244|hsp_num:0	2517			90	957	tetracycline	
k141_44418_1 # 1 # 438 # -1 # ID=8038_1;partial=10;start_type=ATG;rbs_motif=GGAG/GAGG;rbs_spacer=5-10bp;gc_cont=0.509	k141_44418	1	438	-	Loose	1280	117.9	macB	41.06	3000535	protein homolog model	n/a	n/a	macrolide antibiotic	antibiotic efflux	ATP-binding cassette (ABC) antibiotic efflux pump	22.67	gnl|BL_ORD_ID|447|hsp_num:0	487			0	453	erythromycin	
k141_44418_2 # 527 # 1447 # -1 # ID=8038_2;partial=00;start_type=ATG;rbs_motif=AGGAG;rbs_spacer=5-10bp;gc_cont=0.484	k141_44418	527	1447	-	Loose	550	46.6	NmcR	31.52	3003665	protein homolog model	n/a	n/a	carbapenem; cephalosporin; cephamycin; penam	antibiotic inactivation	NmcA beta-lactamase	103.73	gnl|BL_ORD_ID|1906|hsp_num:0	2072			18	294	cefoxitin; cefazolin; ampicillin	
k141_44421_1 # 3 # 701 # -1 # ID=8042_1;partial=10;start_type=ATG;rbs_motif=AATAA;rbs_spacer=6bp;gc_cont=0.376	k141_44421	3	701	-	Loose	800	67.4	adeG	26.91	3000778	protein homolog model	n/a	n/a	fluoroquinolone antibiotic; tetracycline antibiotic	antibiotic efflux	resistance-nodulation-cell division (RND) antibiotic efflux pump	57.39	gnl|BL_ORD_ID|1126|hsp_num:0	1226			15	684	tetracycline	
k141_52572_1 # 483 # 1232 # 1 # ID=8044_1;partial=00;start_type=ATG;rbs_motif=None;rbs_spacer=None;gc_cont=0.676	k141_52572	483	1232	+	Loose	380	45.4	AcrS	23.16	3000656	protein homolog model	n/a	n/a	fluoroquinolone antibiotic; cephalosporin; glycylcycline; cephamycin; penam; tetracycline antibiotic; rifamycin antibiotic; phenicol antibiotic; disinfecting agents and antiseptics	antibiotic efflux	resistance-nodulation-cell division (RND) antibiotic efflux pump	113.18	gnl|BL_ORD_ID|602|hsp_num:0	520			36	606	tigecycline; ciprofloxacin; tetracycline; rifampin; chloramphenicol; ampicillin; cefalotin; triclosan	
k141_44422_2 # 204 # 1145 # -1 # ID=8046_2;partial=01;start_type=Edge;rbs_motif=None;rbs_spacer=None;gc_cont=0.325	k141_44422	204	1145	-	Loose	880	60.8	arlS	27.15	3000839	protein homolog model	n/a	n/a	fluoroquinolone antibiotic; disinfecting agents and antiseptics	antibiotic efflux	major facilitator superfamily (MFS) antibiotic efflux pump	69.40	gnl|BL_ORD_ID|166|hsp_num:0	182			711	1350	ciprofloxacin; acriflavine; norfloxacin	
k141_20941_1 # 2 # 799 # 1 # ID=8052_1;partial=10;start_type=Edge;rbs_motif=None;rbs_spacer=None;gc_cont=0.398	k141_20941	2	799	+	Loose	1000	166.8	msbA	35.92	3003950	protein homolog model	n/a	n/a	nitroimidazole antibiotic	antibiotic efflux	ATP-binding cassette (ABC) antibiotic efflux pump	45.53	gnl|BL_ORD_ID|2186|hsp_num:0	2423			1017	1737	metronidazole	
k141_36736_1 # 1 # 1257 # 1 # ID=8061_1;partial=10;start_type=Edge;rbs_motif=None;rbs_spacer=None;gc_cont=0.652	k141_36736	1	1257	+	Loose	650	40.0	MexA	30.0	3000377	protein homolog model	n/a	n/a	macrolide antibiotic; fluoroquinolone antibiotic; monobactam; carbapenem; cephalosporin; cephamycin; penam; tetracycline antibiotic; peptide antibiotic; aminocoumarin antibiotic; diaminopyrimidine antibiotic; sulfonamide antibiotic; phenicol antibiotic; penem	antibiotic efflux	resistance-nodulation-cell division (RND) antibiotic efflux pump	109.14	gnl|BL_ORD_ID|439|hsp_num:0	440			162	453	erythromycin; ciprofloxacin; tetracycline; ceftazidime; ceftriaxone; meropenem; novobiocin; azithromycin; trimethoprim; sulfamethoxazole; chloramphenicol; aztreonam; colistin A; colistin B; ampicillin; nalidixic acid; panipenem; ticarcillin; trimethoprim-sulfamethoxazole	
k141_60530_1 # 3 # 671 # 1 # ID=8074_1;partial=10;start_type=Edge;rbs_motif=None;rbs_spacer=None;gc_cont=0.608	k141_60530	3	671	+	Loose	890	107.5	OprA	39.58	3003039	protein homolog model	n/a	n/a	macrolide antibiotic; fluoroquinolone antibiotic; aminoglycoside antibiotic; carbapenem; tetracycline antibiotic	antibiotic efflux	resistance-nodulation-cell division (RND) antibiotic efflux pump	47.54	gnl|BL_ORD_ID|1504|hsp_num:0	1570			819	1395	erythromycin; amikacin; gentamicin C; ciprofloxacin; tetracycline; tobramycin; meropenem; arbekacin; norfloxacin; ofloxacin; gentamicin	
k141_44449_3 # 1543 # 1785 # 1 # ID=8103_3;partial=01;start_type=ATG;rbs_motif=None;rbs_spacer=None;gc_cont=0.667	k141_44449	1543	1785	+	Loose	550	60.8	NmcR	50.63	3003665	protein homolog model	n/a	n/a	carbapenem; cephalosporin; cephamycin; penam	antibiotic inactivation	NmcA beta-lactamase	27.46	gnl|BL_ORD_ID|1906|hsp_num:0	2072			0	228	cefoxitin; cefazolin; ampicillin	
k141_44453_1 # 231 # 869 # 1 # ID=8110_1;partial=00;start_type=ATG;rbs_motif=GGAG/GAGG;rbs_spacer=5-10bp;gc_cont=0.526	k141_44453	231	869	+	Loose	375	42.7	Escherichia coli AcrAB-TolC with AcrR mutation conferring resistance to ciprofloxacin, tetracycline, and ceftazidime	37.25	3003807	protein overexpression model	n/a	n/a	fluoroquinolone antibiotic; cephalosporin; glycylcycline; penam; tetracycline antibiotic; rifamycin antibiotic; phenicol antibiotic; disinfecting agents and antiseptics	antibiotic target alteration; antibiotic efflux	resistance-nodulation-cell division (RND) antibiotic efflux pump	98.60	gnl|BL_ORD_ID|2091|hsp_num:0	2306			33	186	tigecycline; ciprofloxacin; tetracycline; ceftazidime; rifampin; chloramphenicol; ampicillin; cefalotin; triclosan	
k141_20980_1 # 2 # 688 # 1 # ID=8111_1;partial=10;start_type=Edge;rbs_motif=None;rbs_spacer=None;gc_cont=0.336	k141_20980	2	688	+	Loose	400	41.6	TxR	38.98	3005008	protein homolog model	n/a	n/a	tetracycline antibiotic	antibiotic efflux	ATP-binding cassette (ABC) antibiotic efflux pump	71.70	gnl|BL_ORD_ID|4725|hsp_num:0	3753			771	948	tetracycline	
k141_28742_3 # 1238 # 2104 # -1 # ID=8112_3;partial=00;start_type=ATG;rbs_motif=GGA/GAG/AGG;rbs_spacer=5-10bp;gc_cont=0.655	k141_28742	1238	2104	-	Loose	550	50.1	NmcR	30.0	3003665	protein homolog model	n/a	n/a	carbapenem; cephalosporin; cephamycin; penam	antibiotic inactivation	NmcA beta-lactamase	97.63	gnl|BL_ORD_ID|1906|hsp_num:0	2072			12	378	cefoxitin; cefazolin; ampicillin	
k141_28742_4 # 2174 # 3781 # -1 # ID=8112_4;partial=01;start_type=Edge;rbs_motif=None;rbs_spacer=None;gc_cont=0.627	k141_28742	2174	3781	-	Loose	1700	149.1	AxyY	24.31	3004144	protein homolog model	n/a	n/a	macrolide antibiotic; fluoroquinolone antibiotic; aminoglycoside antibiotic; cephalosporin	antibiotic efflux	resistance-nodulation-cell division (RND) antibiotic efflux pump	51.20	gnl|BL_ORD_ID|2412|hsp_num:0	2799			1626	3072	erythromycin; cefepime	
k141_28746_2 # 375 # 1139 # 1 # ID=8119_2;partial=00;start_type=ATG;rbs_motif=AGGAG;rbs_spacer=5-10bp;gc_cont=0.620	k141_28746	375	1139	+	Loose	650	107.8	tetA(58)	29.22	3003980	protein homolog model	n/a	n/a	tetracycline antibiotic	antibiotic efflux	major facilitator superfamily (MFS) antibiotic efflux pump	74.05	gnl|BL_ORD_ID|2244|hsp_num:0	2517			72	747	tetracycline	
k141_28746_3 # 1142 # 1849 # 1 # ID=8119_3;partial=00;start_type=ATG;rbs_motif=GGAG/GAGG;rbs_spacer=5-10bp;gc_cont=0.592	k141_28746	1142	1849	+	Loose	600	94.4	oleC	29.6	3003748	protein homolog model	n/a	n/a	macrolide antibiotic	antibiotic efflux	ATP-binding cassette (ABC) antibiotic efflux pump	72.31	gnl|BL_ORD_ID|2051|hsp_num:0	2264			0	660	oleandomycin	
k141_52621_1 # 3 # 1433 # 1 # ID=8121_1;partial=10;start_type=Edge;rbs_motif=None;rbs_spacer=None;gc_cont=0.572	k141_52621	3	1433	+	Loose	850	149.4	OpmH	29.07	3003682	protein homolog model	n/a	n/a	disinfecting agents and antiseptics	antibiotic efflux	resistance-nodulation-cell division (RND) antibiotic efflux pump	98.76	gnl|BL_ORD_ID|2006|hsp_num:0	2195			24	1353	triclosan	
k141_44462_1 # 2 # 1288 # -1 # ID=8123_1;partial=11;start_type=Edge;rbs_motif=None;rbs_spacer=None;gc_cont=0.374	k141_44462	2	1288	-	Loose	2300	149.8	evgS	29.66	3000833	protein homolog model	n/a	n/a	macrolide antibiotic; fluoroquinolone antibiotic; penam; tetracycline antibiotic	antibiotic efflux	major facilitator superfamily (MFS) antibiotic efflux pump; resistance-nodulation-cell division (RND) antibiotic efflux pump	35.84	gnl|BL_ORD_ID|1215|hsp_num:0	1318			2073	3183	erythromycin; cloxacillin; tetracycline; oxacillin; norfloxacin	
k141_5046_4 # 2178 # 3338 # 1 # ID=8127_4;partial=00;start_type=ATG;rbs_motif=None;rbs_spacer=None;gc_cont=0.660	k141_5046	2178	3338	+	Loose	700	72.4	cmx	27.18	3002703	protein homolog model	n/a	n/a	phenicol antibiotic	antibiotic efflux	major facilitator superfamily (MFS) antibiotic efflux pump	98.72	gnl|BL_ORD_ID|1253|hsp_num:0	1366			21	1164	chloramphenicol	
k141_5046_5 # 3469 # 4524 # 1 # ID=8127_5;partial=00;start_type=ATG;rbs_motif=None;rbs_spacer=None;gc_cont=0.664	k141_5046	3469	4524	+	Loose	1280	138.7	macB	35.75	3000535	protein homolog model	n/a	n/a	macrolide antibiotic	antibiotic efflux	ATP-binding cassette (ABC) antibiotic efflux pump	54.50	gnl|BL_ORD_ID|447|hsp_num:0	487			6	663	erythromycin	
k141_60582_3 # 901 # 1266 # 1 # ID=8132_3;partial=00;start_type=ATG;rbs_motif=GGAG/GAGG;rbs_spacer=5-10bp;gc_cont=0.656	k141_60582	901	1266	+	Loose	400	72.0	vanR gene in vanE cluster	32.2	3002924	protein homolog model	n/a	n/a	glycopeptide antibiotic	antibiotic target alteration	glycopeptide resistance gene cluster; vanR	52.84	gnl|BL_ORD_ID|4675|hsp_num:0	691			3	348	vancomycin	
k141_28760_1 # 3 # 350 # -1 # ID=8145_1;partial=10;start_type=ATG;rbs_motif=GGA/GAG/AGG;rbs_spacer=5-10bp;gc_cont=0.624	k141_28760	3	350	-	Loose	480	45.8	adeR	30.1	3000553	protein homolog model	n/a	n/a	glycylcycline; tetracycline antibiotic	antibiotic efflux	resistance-nodulation-cell division (RND) antibiotic efflux pump	46.96	gnl|BL_ORD_ID|413|hsp_num:0	456			42	339	tigecycline; tetracycline	
k141_36795_1 # 96 # 1073 # -1 # ID=8153_1;partial=01;start_type=Edge;rbs_motif=None;rbs_spacer=None;gc_cont=0.609	k141_36795	96	1073	-	Loose	2300	141.4	evgS	36.93	3000833	protein homolog model	n/a	n/a	macrolide antibiotic; fluoroquinolone antibiotic; penam; tetracycline antibiotic	antibiotic efflux	major facilitator superfamily (MFS) antibiotic efflux pump; resistance-nodulation-cell division (RND) antibiotic efflux pump	27.15	gnl|BL_ORD_ID|1215|hsp_num:0	1318			2088	2805	erythromycin; cloxacillin; tetracycline; oxacillin; norfloxacin	
k141_28767_1 # 1 # 1176 # -1 # ID=8160_1;partial=10;start_type=ATG;rbs_motif=GGAGG;rbs_spacer=5-10bp;gc_cont=0.622	k141_28767	1	1176	-	Loose	1000	306.6	Neisseria meningititis PBP2 conferring resistance to beta-lactam	42.78	3003937	protein variant model	I312M, V316T	S385T:2886, R384G:320, M400T:320	cephalosporin; cephamycin; penam	antibiotic target alteration	Penicillin-binding protein mutations conferring resistance to beta-lactam antibiotics	67.47	gnl|BL_ORD_ID|2167|hsp_num:0	2409			78	1188	ceftriaxone; cefixime	
k141_21007_1 # 1 # 1236 # -1 # ID=8161_1;partial=11;start_type=Edge;rbs_motif=None;rbs_spacer=None;gc_cont=0.352	k141_21007	1	1236	-	Loose	1280	41.2	macB	28.16	3000535	protein homolog model	n/a	n/a	macrolide antibiotic	antibiotic efflux	ATP-binding cassette (ABC) antibiotic efflux pump	63.98	gnl|BL_ORD_ID|447|hsp_num:0	487			351	645	erythromycin	
k141_13004_2 # 92 # 1027 # 1 # ID=8162_2;partial=00;start_type=GTG;rbs_motif=AGGA;rbs_spacer=5-10bp;gc_cont=0.665	k141_13004	92	1027	+	Loose	400	79.0	Erm(31)	30.67	3000598	protein homolog model	n/a	n/a	macrolide antibiotic; lincosamide antibiotic; streptogramin antibiotic	antibiotic target alteration	Erm 23S ribosomal RNA methyltransferase	96.58	gnl|BL_ORD_ID|1069|hsp_num:0	1156			24	639	narbomycin; methymycin; pikromycin	
k141_44495_1 # 342 # 1514 # -1 # ID=8165_1;partial=00;start_type=ATG;rbs_motif=GGAG/GAGG;rbs_spacer=5-10bp;gc_cont=0.650	k141_44495	342	1514	-	Loose	600	66.2	Streptomyces venezuelae rox	25.51	3007209	protein homolog model	n/a	n/a	rifamycin antibiotic	antibiotic inactivation	rifampin monooxygenase	81.93	gnl|BL_ORD_ID|4834|hsp_num:0	5820			9	972	rifampin; rifaximin; rifapentine	
k141_36801_4 # 2637 # 3443 # -1 # ID=8168_4;partial=00;start_type=ATG;rbs_motif=GGA/GAG/AGG;rbs_spacer=5-10bp;gc_cont=0.550	k141_36801	2637	3443	-	Loose	450	49.3	tsnR	27.36	3003060	protein homolog model	n/a	n/a	peptide antibiotic	antibiotic target alteration	non-erm 23S ribosomal RNA methyltransferase (A1067)	99.26	gnl|BL_ORD_ID|149|hsp_num:0	49			192	789	thiostrepton	
k141_36801_7 # 5401 # 6135 # -1 # ID=8168_7;partial=01;start_type=Edge;rbs_motif=None;rbs_spacer=None;gc_cont=0.532	k141_36801	5401	6135	-	Loose	400	45.8	vatE	29.1	3002844	protein homolog model	n/a	n/a	streptogramin antibiotic; streptogramin A antibiotic	antibiotic inactivation	streptogramin vat acetyltransferase	114.02	gnl|BL_ORD_ID|1399|hsp_num:0	1519			171	537	virginiamycin M1; madumycin II; griseoviridin; dalfopristin	
k141_13010_1 # 47 # 1147 # -1 # ID=8170_1;partial=00;start_type=ATG;rbs_motif=None;rbs_spacer=None;gc_cont=0.626	k141_13010	47	1147	-	Loose	2300	115.5	evgS	29.88	3000833	protein homolog model	n/a	n/a	macrolide antibiotic; fluoroquinolone antibiotic; penam; tetracycline antibiotic	antibiotic efflux	major facilitator superfamily (MFS) antibiotic efflux pump; resistance-nodulation-cell division (RND) antibiotic efflux pump	30.58	gnl|BL_ORD_ID|1215|hsp_num:0	1318			2058	2805	erythromycin; cloxacillin; tetracycline; oxacillin; norfloxacin	
k141_5077_2 # 291 # 989 # 1 # ID=8172_2;partial=00;start_type=ATG;rbs_motif=AGxAGG/AGGxGG;rbs_spacer=5-10bp;gc_cont=0.508	k141_5077	291	989	+	Loose	410	127.9	arlR	35.58	3000838	protein homolog model	n/a	n/a	fluoroquinolone antibiotic; disinfecting agents and antiseptics	antibiotic efflux	major facilitator superfamily (MFS) antibiotic efflux pump	105.94	gnl|BL_ORD_ID|1275|hsp_num:0	1390			6	615	ciprofloxacin; acriflavine; norfloxacin	
k141_44500_1 # 1 # 1353 # 1 # ID=8173_1;partial=11;start_type=Edge;rbs_motif=None;rbs_spacer=None;gc_cont=0.652	k141_44500	1	1353	+	Loose	2200	146.7	rpoB2	45.25	3000501	protein homolog model	n/a	n/a	rifamycin antibiotic	antibiotic target alteration; antibiotic target replacement	rifamycin-resistant beta-subunit of RNA polymerase (rpoB)	38.81	gnl|BL_ORD_ID|2432|hsp_num:0	2831			234	723	rifampin; rifaximin; rifabutin; rifapentine	
k141_21017_1 # 1 # 798 # 1 # ID=8179_1;partial=10;start_type=Edge;rbs_motif=None;rbs_spacer=None;gc_cont=0.524	k141_21017	1	798	+	Loose	900	53.5	basS	25.32	3003583	protein homolog model	n/a	n/a	peptide antibiotic	antibiotic target alteration; antibiotic efflux	pmr phosphoethanolamine transferase	55.56	gnl|BL_ORD_ID|2351|hsp_num:0	249			669	1314	polymyxin B	
k141_21017_2 # 860 # 1651 # 1 # ID=8179_2;partial=00;start_type=ATG;rbs_motif=None;rbs_spacer=None;gc_cont=0.545	k141_21017	860	1651	+	Loose	400	68.9	kdpE	32.81	3003841	protein homolog model	n/a	n/a	aminoglycoside antibiotic	antibiotic efflux	kdpDE	116.89	gnl|BL_ORD_ID|2104|hsp_num:0	2331			0	378	kanamycin A	
k141_28780_1 # 3 # 287 # 1 # ID=8194_1;partial=10;start_type=Edge;rbs_motif=None;rbs_spacer=None;gc_cont=0.312	k141_28780	3	287	+	Loose	400	56.2	vatB	32.93	3002841	protein homolog model	n/a	n/a	streptogramin antibiotic; streptogramin A antibiotic	antibiotic inactivation	streptogramin vat acetyltransferase	44.34	gnl|BL_ORD_ID|1097|hsp_num:0	1189			270	507	virginiamycin M1; madumycin II; griseoviridin; dalfopristin	
k141_36815_1 # 1 # 1704 # 1 # ID=8195_1;partial=11;start_type=Edge;rbs_motif=None;rbs_spacer=None;gc_cont=0.687	k141_36815	1	1704	+	Loose	800	53.9	ParS	31.05	3005067	protein homolog model	n/a	n/a	macrolide antibiotic; fluoroquinolone antibiotic; monobactam; aminoglycoside antibiotic; carbapenem; cephalosporin; cephamycin; penam; tetracycline antibiotic; phenicol antibiotic; penem; disinfecting agents and antiseptics	antibiotic efflux; reduced permeability to antibiotic	resistance-nodulation-cell division (RND) antibiotic efflux pump; Outer Membrane Porin (Opr)	132.71	gnl|BL_ORD_ID|2791|hsp_num:0	3805			774	1266	erythromycin; amikacin; gentamicin C; ciprofloxacin; acriflavine; tetracycline; tobramycin; meropenem; imipenem; chloramphenicol; norfloxacin; ofloxacin; gentamicin	
k141_36818_2 # 152 # 1066 # 1 # ID=8201_2;partial=01;start_type=ATG;rbs_motif=AGGAG;rbs_spacer=5-10bp;gc_cont=0.550	k141_36818	152	1066	+	Loose	2070	107.5	smeE	27.99	3003056	protein homolog model	n/a	n/a	macrolide antibiotic; fluoroquinolone antibiotic; tetracycline antibiotic; phenicol antibiotic	antibiotic efflux	resistance-nodulation-cell division (RND) antibiotic efflux pump	29.33	gnl|BL_ORD_ID|808|hsp_num:0	876			45	918	tetracycline; chloramphenicol	
k141_44523_1 # 2 # 379 # 1 # ID=8208_1;partial=10;start_type=Edge;rbs_motif=None;rbs_spacer=None;gc_cont=0.571	k141_44523	2	379	+	Loose	1280	62.0	macB	31.37	3000535	protein homolog model	n/a	n/a	macrolide antibiotic	antibiotic efflux	ATP-binding cassette (ABC) antibiotic efflux pump	19.41	gnl|BL_ORD_ID|447|hsp_num:0	487			423	714	erythromycin	
k141_52687_1 # 3 # 791 # -1 # ID=8219_1;partial=10;start_type=ATG;rbs_motif=GGA/GAG/AGG;rbs_spacer=5-10bp;gc_cont=0.485	k141_52687	3	791	-	Loose	400	82.4	ArnT	26.98	3005053	protein homolog model	n/a	n/a	peptide antibiotic	antibiotic target alteration	pmr phosphoethanolamine transferase	47.73	gnl|BL_ORD_ID|2784|hsp_num:0	3795			27	759	colistin A; colistin B	
k141_28798_4 # 888 # 1565 # -1 # ID=8227_4;partial=01;start_type=Edge;rbs_motif=None;rbs_spacer=None;gc_cont=0.652	k141_28798	888	1565	-	Loose	1900	82.0	MexK	32.56	3003693	protein homolog model	n/a	n/a	macrolide antibiotic; tetracycline antibiotic; disinfecting agents and antiseptics	antibiotic efflux	resistance-nodulation-cell division (RND) antibiotic efflux pump	21.95	gnl|BL_ORD_ID|2017|hsp_num:0	2206			2535	3051	erythromycin; tetracycline; triclosan	
k141_13043_4 # 1433 # 1789 # -1 # ID=8230_4;partial=01;start_type=Edge;rbs_motif=None;rbs_spacer=None;gc_cont=0.681	k141_13043	1433	1789	-	Loose	650	63.9	adeL	34.41	3000620	protein homolog model	n/a	n/a	fluoroquinolone antibiotic; tetracycline antibiotic	antibiotic efflux	resistance-nodulation-cell division (RND) antibiotic efflux pump	35.01	gnl|BL_ORD_ID|2316|hsp_num:0	2654			591	870	tetracycline	
k141_44536_1 # 3 # 500 # -1 # ID=8244_1;partial=10;start_type=ATG;rbs_motif=None;rbs_spacer=None;gc_cont=0.667	k141_44536	3	500	-	Loose	500	115.5	sul4	45.45	3004361	protein homolog model	n/a	n/a	sulfonamide antibiotic	antibiotic target replacement	sulfonamide resistant sul	57.84	gnl|BL_ORD_ID|2484|hsp_num:0	2875			36	459	sulfamethoxazole	
k141_21060_1 # 1 # 615 # 1 # ID=8249_1;partial=10;start_type=Edge;rbs_motif=None;rbs_spacer=None;gc_cont=0.571	k141_21060	1	615	+	Loose	650	53.9	tetA(58)	30.19	3003980	protein homolog model	n/a	n/a	tetracycline antibiotic	antibiotic efflux	major facilitator superfamily (MFS) antibiotic efflux pump	59.48	gnl|BL_ORD_ID|2244|hsp_num:0	2517			363	678	tetracycline	
k141_44538_3 # 919 # 2562 # -1 # ID=8261_3;partial=00;start_type=ATG;rbs_motif=AGGA;rbs_spacer=5-10bp;gc_cont=0.555	k141_44538	919	2562	-	Loose	900	450.3	emrB	45.04	3000074	protein homolog model	n/a	n/a	fluoroquinolone antibiotic	antibiotic efflux	major facilitator superfamily (MFS) antibiotic efflux pump	106.84	gnl|BL_ORD_ID|1707|hsp_num:0	1847			15	1527	nalidixic acid	
k141_44538_4 # 2669 # 3901 # -1 # ID=8261_4;partial=00;start_type=ATG;rbs_motif=GGAG/GAGG;rbs_spacer=5-10bp;gc_cont=0.582	k141_44538	2669	3901	-	Loose	675	279.3	emrA	40.94	3000027	protein homolog model	n/a	n/a	fluoroquinolone antibiotic	antibiotic efflux	major facilitator superfamily (MFS) antibiotic efflux pump	105.13	gnl|BL_ORD_ID|1611|hsp_num:0	1757			30	1164	nalidixic acid	
k141_44538_5 # 3973 # 5454 # -1 # ID=8261_5;partial=00;start_type=ATG;rbs_motif=GGA/GAG/AGG;rbs_spacer=5-10bp;gc_cont=0.577	k141_44538	3973	5454	-	Loose	875	131.7	mdtP	26.87	3003550	protein homolog model	n/a	n/a	nucleoside antibiotic; disinfecting agents and antiseptics	antibiotic efflux	major facilitator superfamily (MFS) antibiotic efflux pump	101.02	gnl|BL_ORD_ID|37|hsp_num:0	45			15	1443	acriflavine; puromycin	
k141_28820_1 # 16 # 1095 # 1 # ID=8264_1;partial=00;start_type=ATG;rbs_motif=GGAG/GAGG;rbs_spacer=5-10bp;gc_cont=0.681	k141_28820	16	1095	+	Loose	600	79.7	Burkholderia pseudomallei Omp38	40.15	3004123	protein homolog model	n/a	n/a	monobactam; carbapenem; cephalosporin; cephamycin; penam; penem	reduced permeability to antibiotic	General Bacterial Porin with reduced permeability to beta-lactams	95.99	gnl|BL_ORD_ID|2403|hsp_num:0	2786			0	396	cefoxitin; ceftazidime; imipenem; benzylpenicillin	
k141_13071_2 # 455 # 1123 # -1 # ID=8275_2;partial=00;start_type=ATG;rbs_motif=None;rbs_spacer=None;gc_cont=0.704	k141_13071	455	1123	-	Loose	400	125.2	cprR	36.04	3005063	protein homolog model	n/a	n/a	peptide antibiotic	antibiotic target alteration; antibiotic efflux	pmr phosphoethanolamine transferase	99.55	gnl|BL_ORD_ID|2789|hsp_num:0	3803			6	663	polymyxin B; colistin A; colistin B	
k141_36893_1 # 2 # 1036 # -1 # ID=8291_1;partial=11;start_type=Edge;rbs_motif=None;rbs_spacer=None;gc_cont=0.637	k141_36893	2	1036	-	Loose	1000	124.0	msbA	29.41	3003950	protein homolog model	n/a	n/a	nitroimidazole antibiotic	antibiotic efflux	ATP-binding cassette (ABC) antibiotic efflux pump	59.28	gnl|BL_ORD_ID|2186|hsp_num:0	2423			306	1296	metronidazole	
k141_36894_2 # 493 # 1251 # -1 # ID=8293_2;partial=01;start_type=Edge;rbs_motif=None;rbs_spacer=None;gc_cont=0.715	k141_36894	493	1251	-	Loose	880	62.8	arlS	37.63	3000839	protein homolog model	n/a	n/a	fluoroquinolone antibiotic; disinfecting agents and antiseptics	antibiotic efflux	major facilitator superfamily (MFS) antibiotic efflux pump	55.88	gnl|BL_ORD_ID|166|hsp_num:0	182			1062	1341	ciprofloxacin; acriflavine; norfloxacin	
k141_5152_2 # 672 # 1442 # 1 # ID=8294_2;partial=00;start_type=ATG;rbs_motif=None;rbs_spacer=None;gc_cont=0.345	k141_5152	672	1442	+	Loose	450	64.7	tsnR	24.62	3003060	protein homolog model	n/a	n/a	peptide antibiotic	antibiotic target alteration	non-erm 23S ribosomal RNA methyltransferase (A1067)	94.81	gnl|BL_ORD_ID|149|hsp_num:0	49			222	801	thiostrepton	
k141_44563_2 # 1236 # 1868 # 1 # ID=8307_2;partial=00;start_type=ATG;rbs_motif=None;rbs_spacer=None;gc_cont=0.608	k141_44563	1236	1868	+	Loose	390	94.7	evgA	28.08	3000832	protein homolog model	n/a	n/a	macrolide antibiotic; fluoroquinolone antibiotic; penam; tetracycline antibiotic	antibiotic efflux	major facilitator superfamily (MFS) antibiotic efflux pump; resistance-nodulation-cell division (RND) antibiotic efflux pump	102.94	gnl|BL_ORD_ID|937|hsp_num:0	1015			12	609	erythromycin; cloxacillin; tetracycline; oxacillin; norfloxacin	
k141_21098_2 # 700 # 1602 # -1 # ID=8317_2;partial=00;start_type=ATG;rbs_motif=GGAGG;rbs_spacer=5-10bp;gc_cont=0.708	k141_21098	700	1602	-	Loose	500	40.0	leuO	20.66	3003843	protein homolog model	n/a	n/a	nucleoside antibiotic; disinfecting agents and antiseptics	antibiotic efflux	major facilitator superfamily (MFS) antibiotic efflux pump	95.54	gnl|BL_ORD_ID|4927|hsp_num:0	5921			54	834	acriflavine; puromycin	
k141_44573_1 # 3 # 1391 # 1 # ID=8324_1;partial=11;start_type=Edge;rbs_motif=None;rbs_spacer=None;gc_cont=0.546	k141_44573	3	1391	+	Loose	1500	74.3	rphA	41.67	3000444	protein homolog model	n/a	n/a	rifamycin antibiotic	antibiotic inactivation	rifampin phosphotransferase	53.53	gnl|BL_ORD_ID|891|hsp_num:0	910			2292	2577	rifampin; rifaximin; rifabutin; rifapentine	
k141_5187_2 # 141 # 1148 # 1 # ID=8355_2;partial=01;start_type=ATG;rbs_motif=AGGA;rbs_spacer=5-10bp;gc_cont=0.688	k141_5187	141	1148	+	Loose	1080	125.2	rosB	29.75	3003049	protein homolog model	n/a	n/a	peptide antibiotic	antibiotic efflux	major facilitator superfamily (MFS) antibiotic efflux pump	59.68	gnl|BL_ORD_ID|467|hsp_num:0	507			45	984	polymyxin B; polymyxin B1; polymyxin B2; polymyxin B3; polymyxin B4	
k141_13131_2 # 321 # 1142 # -1 # ID=8367_2;partial=00;start_type=ATG;rbs_motif=GGA/GAG/AGG;rbs_spacer=5-10bp;gc_cont=0.454	k141_13131	321	1142	-	Loose	500	206.5	bacA	43.94	3002986	protein homolog model	n/a	n/a	peptide antibiotic	antibiotic target alteration	undecaprenyl pyrophosphate related proteins	100.00	gnl|BL_ORD_ID|1682|hsp_num:0	1820			6	789	bacitracin; bacitracin A; bacitracin B; bacitracin F	
k141_52803_1 # 3 # 347 # -1 # ID=8380_1;partial=10;start_type=ATG;rbs_motif=AGGAG;rbs_spacer=5-10bp;gc_cont=0.554	k141_52803	3	347	-	Loose	650	45.8	adeL	29.81	3000620	protein homolog model	n/a	n/a	fluoroquinolone antibiotic; tetracycline antibiotic	antibiotic efflux	resistance-nodulation-cell division (RND) antibiotic efflux pump	34.12	gnl|BL_ORD_ID|2316|hsp_num:0	2654			9	321	tetracycline	
k141_5210_3 # 1407 # 2000 # 1 # ID=8390_3;partial=01;start_type=ATG;rbs_motif=AGGAG;rbs_spacer=5-10bp;gc_cont=0.520	k141_5210	1407	2000	+	Loose	850	63.5	OprM	29.13	3000379	protein homolog model	n/a	n/a	macrolide antibiotic; fluoroquinolone antibiotic; monobactam; aminoglycoside antibiotic; carbapenem; cephalosporin; cephamycin; penam; tetracycline antibiotic; peptide antibiotic; aminocoumarin antibiotic; diaminopyrimidine antibiotic; sulfonamide antibiotic; phenicol antibiotic; penem; disinfecting agents and antiseptics	antibiotic efflux	resistance-nodulation-cell division (RND) antibiotic efflux pump	40.82	gnl|BL_ORD_ID|2356|hsp_num:0	1305			0	567	erythromycin; amikacin; gentamicin C; ciprofloxacin; acriflavine; tetracycline; tobramycin; ceftazidime; ceftriaxone; meropenem; novobiocin; azithromycin; trimethoprim; sulfamethoxazole; chloramphenicol; thiamphenicol; aztreonam; colistin A; colistin B; ampicillin; nalidixic acid; norfloxacin; ofloxacin; panipenem; ticarcillin; trimethoprim-sulfamethoxazole; gentamicin	
k141_28906_2 # 589 # 1716 # 1 # ID=8398_2;partial=00;start_type=ATG;rbs_motif=GGAG/GAGG;rbs_spacer=5-10bp;gc_cont=0.528	k141_28906	589	1716	+	Loose	850	127.9	baeS	26.49	3000829	protein homolog model	n/a	n/a	aminoglycoside antibiotic; aminocoumarin antibiotic	antibiotic efflux	resistance-nodulation-cell division (RND) antibiotic efflux pump	80.30	gnl|BL_ORD_ID|914|hsp_num:0	986			504	1377	novobiocin	
k141_28906_3 # 1713 # 2006 # 1 # ID=8398_3;partial=01;start_type=ATG;rbs_motif=GGAG/GAGG;rbs_spacer=5-10bp;gc_cont=0.544	k141_28906	1713	2006	+	Loose	400	100.9	vanR gene in vanG cluster	50.0	3002926	protein homolog model	n/a	n/a	glycopeptide antibiotic	antibiotic target alteration	glycopeptide resistance gene cluster; vanR	41.70	gnl|BL_ORD_ID|1524|hsp_num:0	1635			9	297	vancomycin	
k141_44612_1 # 1 # 1224 # 1 # ID=8402_1;partial=11;start_type=Edge;rbs_motif=None;rbs_spacer=None;gc_cont=0.557	k141_44612	1	1224	+	Loose	1900	111.3	MuxC	28.87	3004075	protein homolog model	n/a	n/a	macrolide antibiotic; monobactam; tetracycline antibiotic; aminocoumarin antibiotic	antibiotic efflux	resistance-nodulation-cell division (RND) antibiotic efflux pump	39.38	gnl|BL_ORD_ID|2368|hsp_num:0	2720			1365	2196	erythromycin; tetracycline; novobiocin; aztreonam; kitasamycin; rokitamycin	
k141_52838_3 # 2360 # 3133 # -1 # ID=8421_3;partial=00;start_type=ATG;rbs_motif=None;rbs_spacer=None;gc_cont=0.611	k141_52838	2360	3133	-	Loose	500	40.4	apmA	45.76	3003918	protein homolog model	n/a	n/a	aminoglycoside antibiotic	antibiotic inactivation	AAC(2')	93.80	gnl|BL_ORD_ID|2164|hsp_num:0	2395			507	684	apramycin	
k141_13164_1 # 3 # 1115 # -1 # ID=8422_1;partial=10;start_type=ATG;rbs_motif=TAAA;rbs_spacer=5bp;gc_cont=0.350	k141_13164	3	1115	-	Loose	1190	91.3	novA	25.87	3002522	protein homolog model	n/a	n/a	aminocoumarin antibiotic	antibiotic efflux	ATP-binding cassette (ABC) antibiotic efflux pump	60.33	gnl|BL_ORD_ID|1113|hsp_num:0	1210			222	1062	novobiocin	
k141_28936_2 # 283 # 948 # 1 # ID=8429_2;partial=00;start_type=ATG;rbs_motif=None;rbs_spacer=None;gc_cont=0.656	k141_28936	283	948	+	Loose	400	124.8	vanR gene in vanO cluster	35.62	3002930	protein homolog model	n/a	n/a	glycopeptide antibiotic	antibiotic target alteration	glycopeptide resistance gene cluster; vanR	94.85	gnl|BL_ORD_ID|4743|hsp_num:0	1689			9	663	vancomycin	
k141_28936_3 # 948 # 2453 # 1 # ID=8429_3;partial=00;start_type=ATG;rbs_motif=GGAG/GAGG;rbs_spacer=5-10bp;gc_cont=0.653	k141_28936	948	2453	+	Loose	900	113.6	basS	32.57	3003583	protein homolog model	n/a	n/a	peptide antibiotic	antibiotic target alteration; antibiotic efflux	pmr phosphoethanolamine transferase	105.03	gnl|BL_ORD_ID|2351|hsp_num:0	249			507	1416	polymyxin B	
k141_60810_3 # 2196 # 2741 # -1 # ID=8435_3;partial=01;start_type=Edge;rbs_motif=None;rbs_spacer=None;gc_cont=0.617	k141_60810	2196	2741	-	Loose	200	44.7	vanH gene in vanF cluster	45.0	3002945	protein homolog model	n/a	n/a	glycopeptide antibiotic	antibiotic target alteration	vanH; glycopeptide resistance gene cluster	56.21	gnl|BL_ORD_ID|1653|hsp_num:0	1790			621	801	vancomycin	
k141_52854_1 # 1 # 483 # 1 # ID=8443_1;partial=10;start_type=Edge;rbs_motif=None;rbs_spacer=None;gc_cont=0.540	k141_52854	1	483	+	Loose	650	63.9	tetA(58)	33.94	3003980	protein homolog model	n/a	n/a	tetracycline antibiotic	antibiotic efflux	major facilitator superfamily (MFS) antibiotic efflux pump	46.65	gnl|BL_ORD_ID|2244|hsp_num:0	2517			390	705	tetracycline	
k141_52854_2 # 484 # 1380 # 1 # ID=8443_2;partial=00;start_type=ATG;rbs_motif=GGAG/GAGG;rbs_spacer=5-10bp;gc_cont=0.518	k141_52854	484	1380	+	Loose	570	92.0	bcrA	27.05	3002987	protein homolog model	n/a	n/a	peptide antibiotic	antibiotic efflux	ATP-binding cassette (ABC) antibiotic efflux pump	97.39	gnl|BL_ORD_ID|316|hsp_num:0	345			9	699	bacitracin; bacitracin A; bacitracin B; bacitracin F	
k141_37010_3 # 1106 # 1624 # 1 # ID=8458_3;partial=01;start_type=ATG;rbs_motif=GGAG/GAGG;rbs_spacer=5-10bp;gc_cont=0.487	k141_37010	1106	1624	+	Loose	2000	120.2	Bifidobacterium adolescentis rpoB mutants conferring resistance to rifampicin	40.24	3004480	protein homolog model	n/a	n/a	rifamycin antibiotic	antibiotic target alteration; antibiotic target replacement	rifamycin-resistant beta-subunit of RNA polymerase (rpoB)	14.59	gnl|BL_ORD_ID|4720|hsp_num:0	2914			81	567	rifampin	
k141_28969_1 # 2 # 1108 # 1 # ID=8466_1;partial=11;start_type=Edge;rbs_motif=None;rbs_spacer=None;gc_cont=0.635	k141_28969	2	1108	+	Loose	700	568.2	Escherichia coli EF-Tu mutants conferring resistance to Pulvomycin	78.92	3003369	protein variant model	R234F	n/a	elfamycin antibiotic	antibiotic target alteration	elfamycin resistant EF-Tu	90.22	gnl|BL_ORD_ID|1971|hsp_num:0	2158			24	1071	pulvomycin	
k141_60842_1 # 1 # 735 # -1 # ID=8478_1;partial=10;start_type=TTG;rbs_motif=AGGAG;rbs_spacer=5-10bp;gc_cont=0.694	k141_60842	1	735	-	Loose	650	97.4	adeL	34.83	3000620	protein homolog model	n/a	n/a	fluoroquinolone antibiotic; tetracycline antibiotic	antibiotic efflux	resistance-nodulation-cell division (RND) antibiotic efflux pump	72.70	gnl|BL_ORD_ID|2316|hsp_num:0	2654			0	534	tetracycline	
k141_28984_1 # 132 # 1067 # 1 # ID=8489_1;partial=00;start_type=ATG;rbs_motif=None;rbs_spacer=None;gc_cont=0.697	k141_28984	132	1067	+	Loose	650	159.1	adeL	32.88	3000620	protein homolog model	n/a	n/a	fluoroquinolone antibiotic; tetracycline antibiotic	antibiotic efflux	resistance-nodulation-cell division (RND) antibiotic efflux pump	92.28	gnl|BL_ORD_ID|2316|hsp_num:0	2654			9	870	tetracycline	
k141_28984_2 # 1097 # 1738 # 1 # ID=8489_2;partial=00;start_type=ATG;rbs_motif=None;rbs_spacer=None;gc_cont=0.707	k141_28984	1097	1738	+	Loose	400	45.8	Pseudomonas aeruginosa CpxR	24.63	3004054	protein homolog model	n/a	n/a	macrolide antibiotic; fluoroquinolone antibiotic; monobactam; aminoglycoside antibiotic; carbapenem; cephalosporin; cephamycin; penam; tetracycline antibiotic; peptide antibiotic; aminocoumarin antibiotic; diaminopyrimidine antibiotic; sulfonamide antibiotic; phenicol antibiotic; penem	antibiotic efflux	resistance-nodulation-cell division (RND) antibiotic efflux pump	94.67	gnl|BL_ORD_ID|2301|hsp_num:0	2685			12	609	erythromycin; ciprofloxacin; tetracycline; ceftazidime; ceftriaxone; meropenem; novobiocin; azithromycin; trimethoprim; sulfamethoxazole; chloramphenicol; aztreonam; colistin A; colistin B; ampicillin; panipenem; trimethoprim-sulfamethoxazole	
k141_5295_1 # 1 # 1737 # 1 # ID=8502_1;partial=11;start_type=Edge;rbs_motif=None;rbs_spacer=None;gc_cont=0.650	k141_5295	1	1737	+	Loose	2200	237.7	Bifidobacterium bifidum ileS conferring resistance to mupirocin	27.39	3003730	protein homolog model	n/a	n/a	mupirocin-like antibiotic	antibiotic target alteration	antibiotic-resistant isoleucyl-tRNA synthetase (ileS)	52.30	gnl|BL_ORD_ID|4695|hsp_num:0	2278			312	2049	mupirocin	
k141_52904_6 # 6784 # 7863 # 1 # ID=8522_6;partial=00;start_type=ATG;rbs_motif=AGGAG;rbs_spacer=5-10bp;gc_cont=0.663	k141_52904	6784	7863	+	Loose	450	45.8	gadX	27.16	3000508	protein homolog model	n/a	n/a	macrolide antibiotic; fluoroquinolone antibiotic; penam	antibiotic efflux	resistance-nodulation-cell division (RND) antibiotic efflux pump	131.02	gnl|BL_ORD_ID|79|hsp_num:0	91			477	720	erythromycin; cloxacillin; oxacillin; norfloxacin	
k141_37057_2 # 520 # 2379 # -1 # ID=8532_2;partial=00;start_type=ATG;rbs_motif=GGAGG;rbs_spacer=5-10bp;gc_cont=0.610	k141_37057	520	2379	-	Loose	1000	441.4	Neisseria meningititis PBP2 conferring resistance to beta-lactam	41.08	3003937	protein variant model	I312M, V316T	G542S:3628, R384G:320	cephalosporin; cephamycin; penam	antibiotic target alteration	Penicillin-binding protein mutations conferring resistance to beta-lactam antibiotics	106.54	gnl|BL_ORD_ID|2167|hsp_num:0	2409			78	1704	ceftriaxone; cefixime	
k141_60897_1 # 234 # 1394 # 1 # ID=8547_1;partial=00;start_type=ATG;rbs_motif=GGAG/GAGG;rbs_spacer=5-10bp;gc_cont=0.702	k141_60897	234	1394	+	Loose	500	62.4	Rhodobacter sphaeroides ampC beta-lactamase	25.57	3004291	protein homolog model	n/a	n/a	cephalosporin; penam	antibiotic inactivation	ampC-type beta-lactamase	101.58	gnl|BL_ORD_ID|2431|hsp_num:0	2844			75	843	benzylpenicillin	
k141_60897_3 # 1912 # 2271 # -1 # ID=8547_3;partial=00;start_type=ATG;rbs_motif=None;rbs_spacer=None;gc_cont=0.653	k141_60897	1912	2271	-	Loose	400	44.3	Pseudomonas aeruginosa CpxR	34.21	3004054	protein homolog model	n/a	n/a	macrolide antibiotic; fluoroquinolone antibiotic; monobactam; aminoglycoside antibiotic; carbapenem; cephalosporin; cephamycin; penam; tetracycline antibiotic; peptide antibiotic; aminocoumarin antibiotic; diaminopyrimidine antibiotic; sulfonamide antibiotic; phenicol antibiotic; penem	antibiotic efflux	resistance-nodulation-cell division (RND) antibiotic efflux pump	52.89	gnl|BL_ORD_ID|2301|hsp_num:0	2685			9	345	erythromycin; ciprofloxacin; tetracycline; ceftazidime; ceftriaxone; meropenem; novobiocin; azithromycin; trimethoprim; sulfamethoxazole; chloramphenicol; aztreonam; colistin A; colistin B; ampicillin; panipenem; trimethoprim-sulfamethoxazole	
k141_60897_4 # 2424 # 2996 # -1 # ID=8547_4;partial=01;start_type=Edge;rbs_motif=None;rbs_spacer=None;gc_cont=0.674	k141_60897	2424	2996	-	Loose	650	124.8	adeL	37.22	3000620	protein homolog model	n/a	n/a	fluoroquinolone antibiotic; tetracycline antibiotic	antibiotic efflux	resistance-nodulation-cell division (RND) antibiotic efflux pump	56.38	gnl|BL_ORD_ID|2316|hsp_num:0	2654			339	870	tetracycline	
k141_13246_2 # 741 # 1427 # 1 # ID=8549_2;partial=00;start_type=ATG;rbs_motif=GGAG/GAGG;rbs_spacer=5-10bp;gc_cont=0.486	k141_13246	741	1427	+	Loose	1280	140.6	macB	37.56	3000535	protein homolog model	n/a	n/a	macrolide antibiotic	antibiotic efflux	ATP-binding cassette (ABC) antibiotic efflux pump	35.40	gnl|BL_ORD_ID|447|hsp_num:0	487			66	678	erythromycin	
k141_21274_1 # 3 # 1205 # 1 # ID=8556_1;partial=10;start_type=Edge;rbs_motif=None;rbs_spacer=None;gc_cont=0.664	k141_21274	3	1205	+	Loose	1900	496.1	MuxB	69.13	3004074	protein homolog model	n/a	n/a	macrolide antibiotic; monobactam; tetracycline antibiotic; aminocoumarin antibiotic	antibiotic efflux	resistance-nodulation-cell division (RND) antibiotic efflux pump	38.35	gnl|BL_ORD_ID|2365|hsp_num:0	2718			1896	3060	erythromycin; tetracycline; novobiocin; aztreonam; kitasamycin; rokitamycin	
k141_52924_5 # 2402 # 3172 # -1 # ID=8562_5;partial=01;start_type=Edge;rbs_motif=None;rbs_spacer=None;gc_cont=0.636	k141_52924	2402	3172	-	Loose	1000	231.5	msbA	49.6	3003950	protein homolog model	n/a	n/a	nitroimidazole antibiotic	antibiotic efflux	ATP-binding cassette (ABC) antibiotic efflux pump	43.99	gnl|BL_ORD_ID|2186|hsp_num:0	2423			981	1725	metronidazole	
k141_13256_6 # 4219 # 4968 # 1 # ID=8569_6;partial=01;start_type=ATG;rbs_motif=AGGAG;rbs_spacer=5-10bp;gc_cont=0.537	k141_13256	4219	4968	+	Loose	900	111.3	tet(O/W)	29.46	3007121	protein homolog model	n/a	n/a	tetracycline antibiotic	antibiotic target protection	tetracycline-resistant ribosomal protection protein	39.12	gnl|BL_ORD_ID|4796|hsp_num:0	5791			6	684	tetracycline	
k141_29059_2 # 903 # 1511 # 1 # ID=8577_2;partial=01;start_type=ATG;rbs_motif=None;rbs_spacer=None;gc_cont=0.563	k141_29059	903	1511	+	Loose	275	103.2	Streptomyces rimosus otr(A)	39.63	3002891	protein homolog model	n/a	n/a	tetracycline antibiotic	antibiotic target protection	tetracycline-resistant ribosomal protection protein	30.62	gnl|BL_ORD_ID|4808|hsp_num:0	1273			12	486	oxytetracycline	
k141_37078_1 # 2 # 625 # 1 # ID=8578_1;partial=10;start_type=Edge;rbs_motif=None;rbs_spacer=None;gc_cont=0.588	k141_37078	2	625	+	Loose	410	143.7	arlR	39.8	3000838	protein homolog model	n/a	n/a	fluoroquinolone antibiotic; disinfecting agents and antiseptics	antibiotic efflux	major facilitator superfamily (MFS) antibiotic efflux pump	94.52	gnl|BL_ORD_ID|1275|hsp_num:0	1390			72	654	ciprofloxacin; acriflavine; norfloxacin	
k141_37078_2 # 622 # 1959 # 1 # ID=8578_2;partial=00;start_type=ATG;rbs_motif=GGAGG;rbs_spacer=5-10bp;gc_cont=0.585	k141_37078	622	1959	+	Loose	850	103.2	baeS	30.79	3000829	protein homolog model	n/a	n/a	aminoglycoside antibiotic; aminocoumarin antibiotic	antibiotic efflux	resistance-nodulation-cell division (RND) antibiotic efflux pump	95.29	gnl|BL_ORD_ID|914|hsp_num:0	986			447	1371	novobiocin	
k141_37078_5 # 4976 # 5374 # -1 # ID=8578_5;partial=00;start_type=ATG;rbs_motif=GGA/GAG/AGG;rbs_spacer=5-10bp;gc_cont=0.637	k141_37078	4976	5374	-	Loose	290	67.8	golS	30.23	3000504	protein homolog model	n/a	n/a	monobactam; carbapenem; cephalosporin; cephamycin; penam; phenicol antibiotic; penem	antibiotic efflux	resistance-nodulation-cell division (RND) antibiotic efflux pump	85.71	gnl|BL_ORD_ID|36|hsp_num:0	44			0	384	chloramphenicol	
k141_13258_4 # 2129 # 3412 # -1 # ID=8582_4;partial=00;start_type=ATG;rbs_motif=GGA/GAG/AGG;rbs_spacer=5-10bp;gc_cont=0.559	k141_13258	2129	3412	-	Loose	700	45.1	tet(41)	24.62	3000569	protein homolog model	n/a	n/a	tetracycline antibiotic	antibiotic efflux	major facilitator superfamily (MFS) antibiotic efflux pump	108.65	gnl|BL_ORD_ID|1487|hsp_num:0	1584			108	1044	tetracycline	
k141_37084_1 # 1 # 633 # -1 # ID=8587_1;partial=10;start_type=ATG;rbs_motif=None;rbs_spacer=None;gc_cont=0.763	k141_37084	1	633	-	Loose	650	87.4	adeL	33.71	3000620	protein homolog model	n/a	n/a	fluoroquinolone antibiotic; tetracycline antibiotic	antibiotic efflux	resistance-nodulation-cell division (RND) antibiotic efflux pump	62.61	gnl|BL_ORD_ID|2316|hsp_num:0	2654			0	534	tetracycline	
k141_44710_1 # 2 # 145 # -1 # ID=8588_1;partial=10;start_type=ATG;rbs_motif=None;rbs_spacer=None;gc_cont=0.514	k141_44710	2	145	-	Loose	1050	48.9	srmB	45.83	3002828	protein homolog model	n/a	n/a	macrolide antibiotic	antibiotic target protection	Miscellaneous ABC-F subfamily ATP-binding cassette ribosomal protection proteins	8.73	gnl|BL_ORD_ID|111|hsp_num:0	128			6	150	spiramycin	
k141_44710_2 # 247 # 1176 # 1 # ID=8588_2;partial=00;start_type=ATG;rbs_motif=None;rbs_spacer=None;gc_cont=0.445	k141_44710	247	1176	+	Loose	200	66.6	Escherichia coli soxS with mutation conferring antibiotic resistance	34.34	3003511	protein overexpression model	n/a	n/a	fluoroquinolone antibiotic; monobactam; carbapenem; cephalosporin; glycylcycline; cephamycin; penam; tetracycline antibiotic; rifamycin antibiotic; phenicol antibiotic; penem; disinfecting agents and antiseptics	antibiotic target alteration; antibiotic efflux; reduced permeability to antibiotic	ATP-binding cassette (ABC) antibiotic efflux pump; major facilitator superfamily (MFS) antibiotic efflux pump; resistance-nodulation-cell division (RND) antibiotic efflux pump; General Bacterial Porin with reduced permeability to beta-lactams	288.79	gnl|BL_ORD_ID|1976|hsp_num:0	2066			18	312	tigecycline; ciprofloxacin; tetracycline; rifampin; chloramphenicol; ampicillin; norfloxacin; cefalotin; triclosan; enrofloxacin	
k141_37089_2 # 1204 # 1842 # -1 # ID=8591_2;partial=01;start_type=Edge;rbs_motif=None;rbs_spacer=None;gc_cont=0.585	k141_37089	1204	1842	-	Loose	1280	96.3	macB	34.92	3000535	protein homolog model	n/a	n/a	macrolide antibiotic	antibiotic efflux	ATP-binding cassette (ABC) antibiotic efflux pump	32.92	gnl|BL_ORD_ID|447|hsp_num:0	487			132	669	erythromycin	
k141_52952_2 # 1066 # 1314 # 1 # ID=8594_2;partial=01;start_type=ATG;rbs_motif=None;rbs_spacer=None;gc_cont=0.671	k141_52952	1066	1314	+	Loose	1020	59.3	tlrC	46.97	3002827	protein homolog model	n/a	n/a	macrolide antibiotic; lincosamide antibiotic	antibiotic target protection	Miscellaneous ABC-F subfamily ATP-binding cassette ribosomal protection proteins	15.15	gnl|BL_ORD_ID|1842|hsp_num:0	1997			6	195	lincomycin; tylosin; mycinamicin	
k141_21297_2 # 274 # 1851 # -1 # ID=8595_2;partial=00;start_type=ATG;rbs_motif=TAAA;rbs_spacer=6bp;gc_cont=0.362	k141_21297	274	1851	-	Loose	700	282.3	Klebsiella pneumoniae KpnH	32.3	3004597	protein homolog model	n/a	n/a	macrolide antibiotic; fluoroquinolone antibiotic; aminoglycoside antibiotic; carbapenem; cephalosporin; penam; peptide antibiotic; penem	antibiotic efflux	major facilitator superfamily (MFS) antibiotic efflux pump	102.54	gnl|BL_ORD_ID|2733|hsp_num:0	3299			0	1509	erythromycin; gentamicin C; ciprofloxacin; spectinomycin; streptomycin; tobramycin; ceftazidime; ertapenem; piperacillin; azithromycin; imipenem; polymyxin B; polymyxin B1; polymyxin B2; polymyxin B3; polymyxin B4; norfloxacin; ticarcillin; gentamicin	
k141_21297_3 # 1967 # 3064 # -1 # ID=8595_3;partial=00;start_type=ATG;rbs_motif=None;rbs_spacer=None;gc_cont=0.352	k141_21297	1967	3064	-	Loose	730	139.0	farA	31.28	3003961	protein homolog model	n/a	n/a	antibacterial free fatty acids	antibiotic efflux	major facilitator superfamily (MFS) antibiotic efflux pump	95.05	gnl|BL_ORD_ID|2190|hsp_num:0	2428			33	1032	palmitic acid; oleic acid; linoleic acid	
k141_21297_4 # 3183 # 4487 # -1 # ID=8595_4;partial=00;start_type=ATG;rbs_motif=TAAA;rbs_spacer=14bp;gc_cont=0.314	k141_21297	3183	4487	-	Loose	850	60.8	adeC	20.05	3003811	protein homolog model	n/a	n/a	glycylcycline; tetracycline antibiotic	antibiotic efflux	resistance-nodulation-cell division (RND) antibiotic efflux pump	93.33	gnl|BL_ORD_ID|308|hsp_num:0	337			195	1323	tigecycline; tetracycline	
k141_21297_5 # 4471 # 5109 # -1 # ID=8595_5;partial=00;start_type=ATG;rbs_motif=TAA;rbs_spacer=3bp;gc_cont=0.285	k141_21297	4471	5109	-	Loose	375	40.4	nalD	39.34	3000819	protein overexpression model	n/a	n/a	macrolide antibiotic; fluoroquinolone antibiotic; monobactam; carbapenem; cephalosporin; cephamycin; penam; tetracycline antibiotic; peptide antibiotic; aminocoumarin antibiotic; diaminopyrimidine antibiotic; sulfonamide antibiotic; phenicol antibiotic; penem	antibiotic efflux	resistance-nodulation-cell division (RND) antibiotic efflux pump	100.00	gnl|BL_ORD_ID|2336|hsp_num:0	1213			30	213	erythromycin; ciprofloxacin; tetracycline; ceftazidime; ceftriaxone; meropenem; novobiocin; azithromycin; trimethoprim; sulfamethoxazole; chloramphenicol; aztreonam; colistin A; colistin B; ampicillin; nalidixic acid; panipenem; ticarcillin; trimethoprim-sulfamethoxazole	
k141_13278_1 # 1 # 996 # 1 # ID=8605_1;partial=10;start_type=Edge;rbs_motif=None;rbs_spacer=None;gc_cont=0.554	k141_13278	1	996	+	Loose	700	498.8	Escherichia coli EF-Tu mutants conferring resistance to Pulvomycin	73.25	3003369	protein variant model	R234F	Q124K:2147	elfamycin antibiotic	antibiotic target alteration	elfamycin resistant EF-Tu	80.93	gnl|BL_ORD_ID|1971|hsp_num:0	2158			237	1221	pulvomycin	
k141_29092_2 # 496 # 885 # 1 # ID=8623_2;partial=00;start_type=ATG;rbs_motif=None;rbs_spacer=None;gc_cont=0.608	k141_29092	496	885	+	Loose	400	38.1	Pseudomonas aeruginosa CpxR	33.9	3004054	protein homolog model	n/a	n/a	macrolide antibiotic; fluoroquinolone antibiotic; monobactam; aminoglycoside antibiotic; carbapenem; cephalosporin; cephamycin; penam; tetracycline antibiotic; peptide antibiotic; aminocoumarin antibiotic; diaminopyrimidine antibiotic; sulfonamide antibiotic; phenicol antibiotic; penem	antibiotic efflux	resistance-nodulation-cell division (RND) antibiotic efflux pump	57.33	gnl|BL_ORD_ID|2301|hsp_num:0	2685			138	315	erythromycin; ciprofloxacin; tetracycline; ceftazidime; ceftriaxone; meropenem; novobiocin; azithromycin; trimethoprim; sulfamethoxazole; chloramphenicol; aztreonam; colistin A; colistin B; ampicillin; panipenem; trimethoprim-sulfamethoxazole	
k141_29092_3 # 978 # 1610 # -1 # ID=8623_3;partial=00;start_type=GTG;rbs_motif=GGA/GAG/AGG;rbs_spacer=5-10bp;gc_cont=0.624	k141_29092	978	1610	-	Loose	390	99.4	evgA	28.08	3000832	protein homolog model	n/a	n/a	macrolide antibiotic; fluoroquinolone antibiotic; penam; tetracycline antibiotic	antibiotic efflux	major facilitator superfamily (MFS) antibiotic efflux pump; resistance-nodulation-cell division (RND) antibiotic efflux pump	102.94	gnl|BL_ORD_ID|937|hsp_num:0	1015			12	609	erythromycin; cloxacillin; tetracycline; oxacillin; norfloxacin	
k141_60949_1 # 2 # 748 # -1 # ID=8627_1;partial=10;start_type=ATG;rbs_motif=AGGAG;rbs_spacer=5-10bp;gc_cont=0.701	k141_60949	2	748	-	Loose	850	211.5	OprM	49.39	3000379	protein homolog model	n/a	n/a	macrolide antibiotic; fluoroquinolone antibiotic; monobactam; aminoglycoside antibiotic; carbapenem; cephalosporin; cephamycin; penam; tetracycline antibiotic; peptide antibiotic; aminocoumarin antibiotic; diaminopyrimidine antibiotic; sulfonamide antibiotic; phenicol antibiotic; penem; disinfecting agents and antiseptics	antibiotic efflux	resistance-nodulation-cell division (RND) antibiotic efflux pump	51.34	gnl|BL_ORD_ID|2356|hsp_num:0	1305			15	756	erythromycin; amikacin; gentamicin C; ciprofloxacin; acriflavine; tetracycline; tobramycin; ceftazidime; ceftriaxone; meropenem; novobiocin; azithromycin; trimethoprim; sulfamethoxazole; chloramphenicol; thiamphenicol; aztreonam; colistin A; colistin B; ampicillin; nalidixic acid; norfloxacin; ofloxacin; panipenem; ticarcillin; trimethoprim-sulfamethoxazole; gentamicin	
k141_60949_2 # 741 # 1466 # -1 # ID=8627_2;partial=01;start_type=Edge;rbs_motif=None;rbs_spacer=None;gc_cont=0.639	k141_60949	741	1466	-	Loose	1950	278.1	MexB	63.23	3000378	protein homolog model	n/a	n/a	macrolide antibiotic; fluoroquinolone antibiotic; monobactam; carbapenem; cephalosporin; cephamycin; penam; tetracycline antibiotic; peptide antibiotic; aminocoumarin antibiotic; diaminopyrimidine antibiotic; sulfonamide antibiotic; phenicol antibiotic; penem	antibiotic efflux	resistance-nodulation-cell division (RND) antibiotic efflux pump	23.04	gnl|BL_ORD_ID|1790|hsp_num:0	1925			2448	3117	erythromycin; ciprofloxacin; tetracycline; ceftazidime; ceftriaxone; meropenem; novobiocin; azithromycin; trimethoprim; sulfamethoxazole; chloramphenicol; aztreonam; colistin A; colistin B; ampicillin; nalidixic acid; panipenem; ticarcillin; trimethoprim-sulfamethoxazole	
k141_29095_1 # 163 # 1104 # 1 # ID=8628_1;partial=01;start_type=ATG;rbs_motif=AGGA;rbs_spacer=5-10bp;gc_cont=0.609	k141_29095	163	1104	+	Loose	1000	111.7	msbA	30.08	3003950	protein homolog model	n/a	n/a	nitroimidazole antibiotic	antibiotic efflux	ATP-binding cassette (ABC) antibiotic efflux pump	53.95	gnl|BL_ORD_ID|2186|hsp_num:0	2423			1020	1701	metronidazole	
k141_5396_1 # 2 # 925 # 1 # ID=8635_1;partial=10;start_type=Edge;rbs_motif=None;rbs_spacer=None;gc_cont=0.310	k141_5396	2	925	+	Loose	1000	189.5	msbA	38.49	3003950	protein homolog model	n/a	n/a	nitroimidazole antibiotic	antibiotic efflux	ATP-binding cassette (ABC) antibiotic efflux pump	52.75	gnl|BL_ORD_ID|2186|hsp_num:0	2423			945	1737	metronidazole	
k141_52976_8 # 6458 # 7654 # -1 # ID=8646_8;partial=00;start_type=ATG;rbs_motif=None;rbs_spacer=None;gc_cont=0.565	k141_52976	6458	7654	-	Loose	500	183.3	cfrC	34.02	3004146	protein homolog model	n/a	n/a	lincosamide antibiotic; streptogramin antibiotic; oxazolidinone antibiotic; phenicol antibiotic	antibiotic target alteration	Cfr 23S ribosomal RNA methyltransferase	115.70	gnl|BL_ORD_ID|2413|hsp_num:0	2800			30	1014	chloramphenicol; florfenicol	
k141_37129_1 # 3 # 1235 # -1 # ID=8653_1;partial=10;start_type=ATG;rbs_motif=GGAG/GAGG;rbs_spacer=5-10bp;gc_cont=0.647	k141_37129	3	1235	-	Loose	2300	42.7	evgS	39.58	3000833	protein homolog model	n/a	n/a	macrolide antibiotic; fluoroquinolone antibiotic; penam; tetracycline antibiotic	antibiotic efflux	major facilitator superfamily (MFS) antibiotic efflux pump; resistance-nodulation-cell division (RND) antibiotic efflux pump	34.34	gnl|BL_ORD_ID|1215|hsp_num:0	1318			2055	2199	erythromycin; cloxacillin; tetracycline; oxacillin; norfloxacin	
k141_37131_2 # 1099 # 1698 # -1 # ID=8658_2;partial=01;start_type=Edge;rbs_motif=None;rbs_spacer=None;gc_cont=0.687	k141_37131	1099	1698	-	Loose	1190	170.2	novA	49.44	3002522	protein homolog model	n/a	n/a	aminocoumarin antibiotic	antibiotic efflux	ATP-binding cassette (ABC) antibiotic efflux pump	32.36	gnl|BL_ORD_ID|1113|hsp_num:0	1210			1218	1752	novobiocin	
k141_44765_3 # 1415 # 1897 # 1 # ID=8661_3;partial=01;start_type=ATG;rbs_motif=GGA/GAG/AGG;rbs_spacer=5-10bp;gc_cont=0.627	k141_44765	1415	1897	+	Loose	650	38.9	adeL	23.33	3000620	protein homolog model	n/a	n/a	fluoroquinolone antibiotic; tetracycline antibiotic	antibiotic efflux	resistance-nodulation-cell division (RND) antibiotic efflux pump	47.77	gnl|BL_ORD_ID|2316|hsp_num:0	2654			9	366	tetracycline	
k141_37133_1 # 3 # 1301 # 1 # ID=8663_1;partial=10;start_type=Edge;rbs_motif=None;rbs_spacer=None;gc_cont=0.353	k141_37133	3	1301	+	Loose	1000	308.5	msbA	40.7	3003950	protein homolog model	n/a	n/a	nitroimidazole antibiotic	antibiotic efflux	ATP-binding cassette (ABC) antibiotic efflux pump	74.23	gnl|BL_ORD_ID|2186|hsp_num:0	2423			456	1737	metronidazole	
k141_53015_1 # 62 # 898 # 1 # ID=8682_1;partial=00;start_type=ATG;rbs_motif=3Base/5BMM;rbs_spacer=13-15bp;gc_cont=0.440	k141_53015	62	898	+	Loose	500	115.5	RanA	31.22	3005091	protein homolog model	n/a	n/a	aminoglycoside antibiotic	antibiotic efflux	ATP-binding cassette (ABC) antibiotic efflux pump	107.75	gnl|BL_ORD_ID|2809|hsp_num:0	3825			0	651		
k141_53015_2 # 874 # 1716 # 1 # ID=8682_2;partial=00;start_type=ATG;rbs_motif=4Base/6BMM;rbs_spacer=13-15bp;gc_cont=0.460	k141_53015	874	1716	+	Loose	650	99.0	tetA(58)	30.33	3003980	protein homolog model	n/a	n/a	tetracycline antibiotic	antibiotic efflux	major facilitator superfamily (MFS) antibiotic efflux pump	81.63	gnl|BL_ORD_ID|2244|hsp_num:0	2517			84	690	tetracycline	
k141_5452_2 # 450 # 1178 # -1 # ID=8696_2;partial=01;start_type=Edge;rbs_motif=None;rbs_spacer=None;gc_cont=0.689	k141_5452	450	1178	-	Loose	770	59.3	tet(V)	26.09	3000181	protein homolog model	n/a	n/a	tetracycline antibiotic	antibiotic efflux	major facilitator superfamily (MFS) antibiotic efflux pump	57.76	gnl|BL_ORD_ID|1042|hsp_num:0	1006			552	1233	tetracycline	
k141_44797_1 # 2 # 1480 # -1 # ID=8708_1;partial=11;start_type=Edge;rbs_motif=None;rbs_spacer=None;gc_cont=0.353	k141_44797	2	1480	-	Loose	2000	109.8	adeJ	23.64	3000781	protein homolog model	n/a	n/a	macrolide antibiotic; fluoroquinolone antibiotic; lincosamide antibiotic; carbapenem; cephalosporin; tetracycline antibiotic; rifamycin antibiotic; diaminopyrimidine antibiotic; phenicol antibiotic; penem	antibiotic efflux	resistance-nodulation-cell division (RND) antibiotic efflux pump	46.60	gnl|BL_ORD_ID|575|hsp_num:0	630			573	1851	tetracycline; rifampin; imipenem; trimethoprim; chloramphenicol; ticarcillin	
k141_37174_1 # 2 # 703 # 1 # ID=8711_1;partial=10;start_type=Edge;rbs_motif=None;rbs_spacer=None;gc_cont=0.603	k141_37174	2	703	+	Loose	400	86.3	CRP	26.4	3000518	protein homolog model	n/a	n/a	macrolide antibiotic; fluoroquinolone antibiotic; penam	antibiotic efflux	resistance-nodulation-cell division (RND) antibiotic efflux pump	110.95	gnl|BL_ORD_ID|804|hsp_num:0	869			42	621	erythromycin; cloxacillin; oxacillin; norfloxacin	
k141_5464_1 # 3 # 176 # 1 # ID=8715_1;partial=10;start_type=Edge;rbs_motif=None;rbs_spacer=None;gc_cont=0.379	k141_5464	3	176	+	Loose	2300	38.5	evgS	54.29	3000833	protein homolog model	n/a	n/a	macrolide antibiotic; fluoroquinolone antibiotic; penam; tetracycline antibiotic	antibiotic efflux	major facilitator superfamily (MFS) antibiotic efflux pump; resistance-nodulation-cell division (RND) antibiotic efflux pump	4.76	gnl|BL_ORD_ID|1215|hsp_num:0	1318			3093	3198	erythromycin; cloxacillin; tetracycline; oxacillin; norfloxacin	
k141_44801_4 # 2070 # 3731 # -1 # ID=8722_4;partial=00;start_type=ATG;rbs_motif=AGGAG;rbs_spacer=5-10bp;gc_cont=0.530	k141_44801	2070	3731	-	Loose	1000	65.1	almE	22.8	3007433	protein homolog model	n/a	n/a	peptide antibiotic	antibiotic target alteration	polymyxin resistance operon; alm glycyltransferase	99.46	gnl|BL_ORD_ID|4936|hsp_num:0	5928			582	1467	colistin A; colistin B	
k141_53045_3 # 1803 # 2663 # -1 # ID=8729_3;partial=01;start_type=Edge;rbs_motif=None;rbs_spacer=None;gc_cont=0.566	k141_53045	1803	2663	-	Loose	2300	67.0	evgS	38.78	3000833	protein homolog model	n/a	n/a	macrolide antibiotic; fluoroquinolone antibiotic; penam; tetracycline antibiotic	antibiotic efflux	major facilitator superfamily (MFS) antibiotic efflux pump; resistance-nodulation-cell division (RND) antibiotic efflux pump	23.89	gnl|BL_ORD_ID|1215|hsp_num:0	1318			2931	3219	erythromycin; cloxacillin; tetracycline; oxacillin; norfloxacin	
k141_53048_2 # 437 # 1108 # -1 # ID=8736_2;partial=01;start_type=Edge;rbs_motif=None;rbs_spacer=None;gc_cont=0.311	k141_53048	437	1108	-	Strict	50	120.6	vanW gene in vanG cluster	36.02	3002965	protein homolog model	n/a	n/a	glycopeptide antibiotic	antibiotic target alteration	vanW; glycopeptide resistance gene cluster	79.36	gnl|BL_ORD_ID|4742|hsp_num:0	1622			111	669	vancomycin	
k141_13367_2 # 228 # 1496 # -1 # ID=8737_2;partial=00;start_type=TTG;rbs_motif=TAAAAA;rbs_spacer=15bp;gc_cont=0.355	k141_13367	228	1496	-	Loose	1280	119.8	macB	25.92	3000535	protein homolog model	n/a	n/a	macrolide antibiotic	antibiotic efflux	ATP-binding cassette (ABC) antibiotic efflux pump	65.53	gnl|BL_ORD_ID|447|hsp_num:0	487			672	1923	erythromycin	
k141_13367_3 # 1575 # 2264 # -1 # ID=8737_3;partial=00;start_type=ATG;rbs_motif=AAAA;rbs_spacer=4bp;gc_cont=0.345	k141_13367	1575	2264	-	Loose	1280	201.8	macB	43.89	3000535	protein homolog model	n/a	n/a	macrolide antibiotic	antibiotic efflux	ATP-binding cassette (ABC) antibiotic efflux pump	35.56	gnl|BL_ORD_ID|447|hsp_num:0	487			6	669	erythromycin	
k141_53053_2 # 610 # 1950 # 1 # ID=8745_2;partial=00;start_type=ATG;rbs_motif=None;rbs_spacer=None;gc_cont=0.632	k141_53053	610	1950	+	Loose	700	58.2	ugd	21.41	3003577	protein homolog model	n/a	n/a	peptide antibiotic	antibiotic target alteration	pmr phosphoethanolamine transferase	114.95	gnl|BL_ORD_ID|895|hsp_num:0	842			6	1014	polymyxin B	
k141_44812_2 # 363 # 1148 # -1 # ID=8746_2;partial=01;start_type=Edge;rbs_motif=None;rbs_spacer=None;gc_cont=0.439	k141_44812	363	1148	-	Loose	500	198.4	bacA	42.7	3002986	protein homolog model	n/a	n/a	peptide antibiotic	antibiotic target alteration	undecaprenyl pyrophosphate related proteins	95.60	gnl|BL_ORD_ID|1682|hsp_num:0	1820			18	816	bacitracin; bacitracin A; bacitracin B; bacitracin F	
k141_44814_2 # 1332 # 2918 # -1 # ID=8754_2;partial=01;start_type=Edge;rbs_motif=None;rbs_spacer=None;gc_cont=0.530	k141_44814	1332	2918	-	Loose	2000	338.6	Bifidobacterium adolescentis rpoB mutants conferring resistance to rifampicin	41.6	3004480	protein homolog model	n/a	n/a	rifamycin antibiotic	antibiotic target alteration; antibiotic target replacement	rifamycin-resistant beta-subunit of RNA polymerase (rpoB)	44.52	gnl|BL_ORD_ID|4720|hsp_num:0	2914			2022	3414	rifampin	
k141_5492_1 # 388 # 1488 # -1 # ID=8759_1;partial=00;start_type=ATG;rbs_motif=GGAG/GAGG;rbs_spacer=5-10bp;gc_cont=0.578	k141_5492	388	1488	-	Loose	600	75.5	Burkholderia pseudomallei Omp38	31.28	3004123	protein homolog model	n/a	n/a	monobactam; carbapenem; cephalosporin; cephamycin; penam; penem	reduced permeability to antibiotic	General Bacterial Porin with reduced permeability to beta-lactams	97.86	gnl|BL_ORD_ID|2403|hsp_num:0	2786			0	669	cefoxitin; ceftazidime; imipenem; benzylpenicillin	
k141_21417_1 # 2 # 934 # 1 # ID=8770_1;partial=10;start_type=Edge;rbs_motif=None;rbs_spacer=None;gc_cont=0.516	k141_21417	2	934	+	Loose	700	54.3	OmpA	28.8	3005044	protein homolog model	n/a	n/a	peptide antibiotic	reduced permeability to antibiotic	General Bacterial Porin with reduced permeability to peptide antibiotics	82.89	gnl|BL_ORD_ID|2775|hsp_num:0	3787			702	1011	polymyxin B; defensin	
k141_44833_4 # 2417 # 3199 # -1 # ID=8781_4;partial=00;start_type=TTG;rbs_motif=AAAAA;rbs_spacer=11bp;gc_cont=0.336	k141_44833	2417	3199	-	Loose	600	50.1	EstT	23.27	3007459	protein homolog model	n/a	n/a	macrolide antibiotic; glycylcycline; tetracycline antibiotic	antibiotic inactivation	macrolide esterase	84.97	gnl|BL_ORD_ID|4957|hsp_num:0	5948			147	873	tigecycline	
k141_61062_6 # 3759 # 4796 # -1 # ID=8787_6;partial=01;start_type=Edge;rbs_motif=None;rbs_spacer=None;gc_cont=0.345	k141_61062	3759	4796	-	Loose	1320	193.4	lmrD	35.19	3002882	protein homolog model	n/a	n/a	lincosamide antibiotic	antibiotic efflux	ATP-binding cassette (ABC) antibiotic efflux pump	51.96	gnl|BL_ORD_ID|1489|hsp_num:0	1624			984	1980		
k141_37222_2 # 164 # 916 # -1 # ID=8796_2;partial=00;start_type=ATG;rbs_motif=None;rbs_spacer=None;gc_cont=0.594	k141_37222	164	916	-	Loose	650	62.4	tetA(58)	25.74	3003980	protein homolog model	n/a	n/a	tetracycline antibiotic	antibiotic efflux	major facilitator superfamily (MFS) antibiotic efflux pump	72.89	gnl|BL_ORD_ID|2244|hsp_num:0	2517			93	666	tetracycline	
k141_5518_2 # 694 # 1365 # -1 # ID=8802_2;partial=01;start_type=Edge;rbs_motif=None;rbs_spacer=None;gc_cont=0.690	k141_5518	694	1365	-	Loose	400	130.2	Pseudomonas aeruginosa CpxR	38.01	3004054	protein homolog model	n/a	n/a	macrolide antibiotic; fluoroquinolone antibiotic; monobactam; aminoglycoside antibiotic; carbapenem; cephalosporin; cephamycin; penam; tetracycline antibiotic; peptide antibiotic; aminocoumarin antibiotic; diaminopyrimidine antibiotic; sulfonamide antibiotic; phenicol antibiotic; penem	antibiotic efflux	resistance-nodulation-cell division (RND) antibiotic efflux pump	99.11	gnl|BL_ORD_ID|2301|hsp_num:0	2685			15	663	erythromycin; ciprofloxacin; tetracycline; ceftazidime; ceftriaxone; meropenem; novobiocin; azithromycin; trimethoprim; sulfamethoxazole; chloramphenicol; aztreonam; colistin A; colistin B; ampicillin; panipenem; trimethoprim-sulfamethoxazole	
k141_13419_2 # 488 # 1369 # 1 # ID=8810_2;partial=00;start_type=ATG;rbs_motif=AGGAG;rbs_spacer=5-10bp;gc_cont=0.408	k141_13419	488	1369	+	Loose	570	200.3	bcrA	39.93	3002987	protein homolog model	n/a	n/a	peptide antibiotic	antibiotic efflux	ATP-binding cassette (ABC) antibiotic efflux pump	95.75	gnl|BL_ORD_ID|316|hsp_num:0	345			9	906	bacitracin; bacitracin A; bacitracin B; bacitracin F	
k141_37234_1 # 57 # 827 # -1 # ID=8821_1;partial=00;start_type=ATG;rbs_motif=GGAG/GAGG;rbs_spacer=5-10bp;gc_cont=0.668	k141_37234	57	827	-	Loose	1280	178.3	macB	42.86	3000535	protein homolog model	n/a	n/a	macrolide antibiotic	antibiotic efflux	ATP-binding cassette (ABC) antibiotic efflux pump	39.75	gnl|BL_ORD_ID|447|hsp_num:0	487			6	669	erythromycin	
k141_37234_2 # 835 # 1194 # -1 # ID=8821_2;partial=01;start_type=Edge;rbs_motif=None;rbs_spacer=None;gc_cont=0.697	k141_37234	835	1194	-	Loose	1280	52.4	macB	29.82	3000535	protein homolog model	n/a	n/a	macrolide antibiotic	antibiotic efflux	ATP-binding cassette (ABC) antibiotic efflux pump	18.48	gnl|BL_ORD_ID|447|hsp_num:0	487			1599	1923	erythromycin	
k141_44859_2 # 867 # 1499 # -1 # ID=8825_2;partial=01;start_type=Edge;rbs_motif=None;rbs_spacer=None;gc_cont=0.651	k141_44859	867	1499	-	Loose	1080	43.1	rosB	27.1	3003049	protein homolog model	n/a	n/a	peptide antibiotic	antibiotic efflux	major facilitator superfamily (MFS) antibiotic efflux pump	37.30	gnl|BL_ORD_ID|467|hsp_num:0	507			1311	1632	polymyxin B; polymyxin B1; polymyxin B2; polymyxin B3; polymyxin B4	
k141_61092_1 # 2 # 697 # -1 # ID=8831_1;partial=10;start_type=ATG;rbs_motif=None;rbs_spacer=None;gc_cont=0.674	k141_61092	2	697	-	Loose	500	108.6	RanA	32.35	3005091	protein homolog model	n/a	n/a	aminoglycoside antibiotic	antibiotic efflux	ATP-binding cassette (ABC) antibiotic efflux pump	89.92	gnl|BL_ORD_ID|2809|hsp_num:0	3825			48	657		
k141_37240_1 # 1 # 1749 # -1 # ID=8833_1;partial=10;start_type=ATG;rbs_motif=GGA/GAG/AGG;rbs_spacer=5-10bp;gc_cont=0.551	k141_37240	1	1749	-	Loose	1000	86.7	eptB	25.96	3005047	protein homolog model	n/a	n/a	peptide antibiotic	antibiotic target alteration	pmr phosphoethanolamine transferase	101.57	gnl|BL_ORD_ID|2779|hsp_num:0	3791			771	1656	polymyxin B; colistin A; colistin B	
k141_13437_1 # 2 # 649 # -1 # ID=8834_1;partial=10;start_type=ATG;rbs_motif=GGA/GAG/AGG;rbs_spacer=5-10bp;gc_cont=0.543	k141_13437	2	649	-	Loose	750	75.1	patB	26.42	3000025	protein homolog model	n/a	n/a	fluoroquinolone antibiotic	antibiotic efflux	ATP-binding cassette (ABC) antibiotic efflux pump	36.73	gnl|BL_ORD_ID|1912|hsp_num:0	2112			1083	1671	ciprofloxacin; norfloxacin	
k141_44866_2 # 469 # 1086 # -1 # ID=8837_2;partial=01;start_type=Edge;rbs_motif=None;rbs_spacer=None;gc_cont=0.710	k141_44866	469	1086	-	Loose	1000	50.1	almE	25.14	3007433	protein homolog model	n/a	n/a	peptide antibiotic	antibiotic target alteration	polymyxin resistance operon; alm glycyltransferase	36.87	gnl|BL_ORD_ID|4936|hsp_num:0	5928			1092	1632	colistin A; colistin B	
k141_29239_2 # 417 # 1688 # 1 # ID=8838_2;partial=00;start_type=ATG;rbs_motif=None;rbs_spacer=None;gc_cont=0.696	k141_29239	417	1688	+	Loose	650	68.2	adeL	25.41	3000620	protein homolog model	n/a	n/a	fluoroquinolone antibiotic; tetracycline antibiotic	antibiotic efflux	resistance-nodulation-cell division (RND) antibiotic efflux pump	125.52	gnl|BL_ORD_ID|2316|hsp_num:0	2654			3	546	tetracycline	
k141_53133_2 # 480 # 1082 # -1 # ID=8848_2;partial=01;start_type=Edge;rbs_motif=None;rbs_spacer=None;gc_cont=0.365	k141_53133	480	1082	-	Loose	400	74.7	tetB(P)	27.22	3000195	protein homolog model	n/a	n/a	tetracycline antibiotic	antibiotic target protection	tetracycline-resistant ribosomal protection protein	30.67	gnl|BL_ORD_ID|738|hsp_num:0	804			1347	1881	tetracycline; doxycycline; minocycline; chlortetracycline; demeclocycline; oxytetracycline	
k141_44871_4 # 1986 # 3176 # 1 # ID=8854_4;partial=00;start_type=ATG;rbs_motif=GGA/GAG/AGG;rbs_spacer=5-10bp;gc_cont=0.541	k141_44871	1986	3176	+	Loose	600	47.0	Streptomyces venezuelae rox	24.01	3007209	protein homolog model	n/a	n/a	rifamycin antibiotic	antibiotic inactivation	rifampin monooxygenase	83.19	gnl|BL_ORD_ID|4834|hsp_num:0	5820			3	1059	rifampin; rifaximin; rifapentine	
k141_29254_1 # 1 # 1686 # 1 # ID=8857_1;partial=11;start_type=Edge;rbs_motif=None;rbs_spacer=None;gc_cont=0.381	k141_29254	1	1686	+	Loose	275	64.7	Streptomyces rimosus otr(A)	26.28	3002891	protein homolog model	n/a	n/a	tetracycline antibiotic	antibiotic target protection	tetracycline-resistant ribosomal protection protein	84.77	gnl|BL_ORD_ID|4808|hsp_num:0	1273			21	432	oxytetracycline	
k141_5566_2 # 683 # 1339 # 1 # ID=8863_2;partial=01;start_type=ATG;rbs_motif=AGGAG;rbs_spacer=5-10bp;gc_cont=0.670	k141_5566	683	1339	+	Loose	570	98.2	bcrA	25.79	3002987	protein homolog model	n/a	n/a	peptide antibiotic	antibiotic efflux	ATP-binding cassette (ABC) antibiotic efflux pump	71.57	gnl|BL_ORD_ID|316|hsp_num:0	345			6	618	bacitracin; bacitracin A; bacitracin B; bacitracin F	
k141_37271_1 # 2 # 583 # 1 # ID=8868_1;partial=10;start_type=Edge;rbs_motif=None;rbs_spacer=None;gc_cont=0.636	k141_37271	2	583	+	Loose	1280	77.8	macB	42.28	3000535	protein homolog model	n/a	n/a	macrolide antibiotic	antibiotic efflux	ATP-binding cassette (ABC) antibiotic efflux pump	29.97	gnl|BL_ORD_ID|447|hsp_num:0	487			261	606	erythromycin	
k141_44890_1 # 1 # 228 # 1 # ID=8883_1;partial=10;start_type=Edge;rbs_motif=None;rbs_spacer=None;gc_cont=0.658	k141_44890	1	228	+	Loose	1280	56.2	macB	40.0	3000535	protein homolog model	n/a	n/a	macrolide antibiotic	antibiotic efflux	ATP-binding cassette (ABC) antibiotic efflux pump	11.65	gnl|BL_ORD_ID|447|hsp_num:0	487			489	696	erythromycin	
k141_29266_1 # 111 # 1049 # -1 # ID=8891_1;partial=01;start_type=Edge;rbs_motif=None;rbs_spacer=None;gc_cont=0.711	k141_29266	111	1049	-	Loose	900	194.5	adeH	43.92	3000779	protein homolog model	n/a	n/a	fluoroquinolone antibiotic; tetracycline antibiotic	antibiotic efflux	resistance-nodulation-cell division (RND) antibiotic efflux pump	64.60	gnl|BL_ORD_ID|494|hsp_num:0	542			678	1443	tetracycline	
k141_21519_2 # 1430 # 2911 # 1 # ID=8894_2;partial=01;start_type=ATG;rbs_motif=None;rbs_spacer=None;gc_cont=0.605	k141_21519	1430	2911	+	Loose	275	100.5	Streptomyces rimosus otr(A)	40.14	3002891	protein homolog model	n/a	n/a	tetracycline antibiotic	antibiotic target protection	tetracycline-resistant ribosomal protection protein	74.51	gnl|BL_ORD_ID|4808|hsp_num:0	1273			12	438	oxytetracycline	
k141_5592_2 # 647 # 2305 # 1 # ID=8906_2;partial=01;start_type=ATG;rbs_motif=GGAG/GAGG;rbs_spacer=5-10bp;gc_cont=0.520	k141_5592	647	2305	+	Loose	1350	643.7	Staphylococcus aureus fusA with mutation conferring resistance to fusidic acid	60.94	3003735	protein variant model	V90I	n/a	fusidane antibiotic	antibiotic target alteration	antibiotic resistant fusA	79.80	gnl|BL_ORD_ID|4696|hsp_num:0	2254			0	1623	fusidic acid	
k141_61150_2 # 1003 # 1677 # -1 # ID=8907_2;partial=00;start_type=ATG;rbs_motif=None;rbs_spacer=None;gc_cont=0.499	k141_61150	1003	1677	-	Loose	1280	127.1	macB	38.46	3000535	protein homolog model	n/a	n/a	macrolide antibiotic	antibiotic efflux	ATP-binding cassette (ABC) antibiotic efflux pump	34.78	gnl|BL_ORD_ID|447|hsp_num:0	487			81	651	erythromycin	
k141_13488_3 # 980 # 2167 # -1 # ID=8910_3;partial=00;start_type=ATG;rbs_motif=None;rbs_spacer=None;gc_cont=0.388	k141_13488	980	2167	-	Loose	700	549.7	Escherichia coli EF-Tu mutants conferring resistance to Pulvomycin	68.53	3003369	protein variant model	R234F	n/a	elfamycin antibiotic	antibiotic target alteration	elfamycin resistant EF-Tu	96.58	gnl|BL_ORD_ID|1971|hsp_num:0	2158			45	1224	pulvomycin	
k141_53172_1 # 47 # 985 # -1 # ID=8911_1;partial=00;start_type=ATG;rbs_motif=GGA/GAG/AGG;rbs_spacer=5-10bp;gc_cont=0.681	k141_53172	47	985	-	Loose	650	43.5	adeL	26.17	3000620	protein homolog model	n/a	n/a	fluoroquinolone antibiotic; tetracycline antibiotic	antibiotic efflux	resistance-nodulation-cell division (RND) antibiotic efflux pump	92.58	gnl|BL_ORD_ID|2316|hsp_num:0	2654			18	339	tetracycline	
k141_44909_2 # 402 # 1286 # 1 # ID=8914_2;partial=00;start_type=ATG;rbs_motif=None;rbs_spacer=None;gc_cont=0.687	k141_44909	402	1286	+	Loose	500	106.7	RanA	28.34	3005091	protein homolog model	n/a	n/a	aminoglycoside antibiotic	antibiotic efflux	ATP-binding cassette (ABC) antibiotic efflux pump	113.95	gnl|BL_ORD_ID|2809|hsp_num:0	3825			0	696		
k141_5602_1 # 2 # 646 # 1 # ID=8918_1;partial=10;start_type=Edge;rbs_motif=None;rbs_spacer=None;gc_cont=0.352	k141_5602	2	646	+	Loose	400	62.4	ParR	35.14	3005068	protein homolog model	n/a	n/a	macrolide antibiotic; fluoroquinolone antibiotic; monobactam; aminoglycoside antibiotic; carbapenem; cephalosporin; cephamycin; penam; tetracycline antibiotic; phenicol antibiotic; penem; disinfecting agents and antiseptics	antibiotic efflux; reduced permeability to antibiotic	resistance-nodulation-cell division (RND) antibiotic efflux pump; Outer Membrane Porin (Opr)	91.06	gnl|BL_ORD_ID|2792|hsp_num:0	3806			150	363	erythromycin; amikacin; gentamicin C; ciprofloxacin; acriflavine; tetracycline; tobramycin; meropenem; imipenem; chloramphenicol; norfloxacin; ofloxacin; gentamicin	
k141_5602_2 # 1147 # 1620 # 1 # ID=8918_2;partial=00;start_type=ATG;rbs_motif=GGA/GAG/AGG;rbs_spacer=5-10bp;gc_cont=0.418	k141_5602	1147	1620	+	Loose	950	45.8	tcr3	25.32	3002893	protein homolog model	n/a	n/a	tetracycline antibiotic	antibiotic efflux	major facilitator superfamily (MFS) antibiotic efflux pump	30.66	gnl|BL_ORD_ID|593|hsp_num:0	652			84	546	tetracycline	
k141_61166_2 # 618 # 2240 # -1 # ID=8928_2;partial=01;start_type=Edge;rbs_motif=None;rbs_spacer=None;gc_cont=0.587	k141_61166	618	2240	-	Loose	1500	185.7	LptD	26.0	3005059	protein homolog model	n/a	n/a	peptide antibiotic; aminocoumarin antibiotic; rifamycin antibiotic	antibiotic efflux	ATP-binding cassette (ABC) antibiotic efflux pump	69.05	gnl|BL_ORD_ID|2785|hsp_num:0	3799			747	2334		
k141_21557_1 # 156 # 935 # -1 # ID=8950_1;partial=00;start_type=ATG;rbs_motif=GGA/GAG/AGG;rbs_spacer=5-10bp;gc_cont=0.646	k141_21557	156	935	-	Loose	600	44.3	MSI-1	26.77	3003718	protein homolog model	n/a	n/a	carbapenem	antibiotic inactivation	MSI beta-lactamase	75.95	gnl|BL_ORD_ID|2031|hsp_num:0	2233			303	666		
k141_37328_2 # 383 # 982 # -1 # ID=8954_2;partial=00;start_type=ATG;rbs_motif=AGGAG;rbs_spacer=5-10bp;gc_cont=0.507	k141_37328	383	982	-	Loose	390	76.3	evgA	28.72	3000832	protein homolog model	n/a	n/a	macrolide antibiotic; fluoroquinolone antibiotic; penam; tetracycline antibiotic	antibiotic efflux	major facilitator superfamily (MFS) antibiotic efflux pump; resistance-nodulation-cell division (RND) antibiotic efflux pump	97.55	gnl|BL_ORD_ID|937|hsp_num:0	1015			18	603	erythromycin; cloxacillin; tetracycline; oxacillin; norfloxacin	
k141_13518_1 # 26 # 841 # -1 # ID=8956_1;partial=00;start_type=TTG;rbs_motif=None;rbs_spacer=None;gc_cont=0.415	k141_13518	26	841	-	Loose	700	138.3	cmlv	33.85	3002700	protein homolog model	n/a	n/a	phenicol antibiotic	antibiotic inactivation	chloramphenicol phosphotransferase	62.16	gnl|BL_ORD_ID|650|hsp_num:0	703			444	1215	chloramphenicol	
k141_5620_3 # 1408 # 2292 # -1 # ID=8960_3;partial=00;start_type=ATG;rbs_motif=None;rbs_spacer=None;gc_cont=0.679	k141_5620	1408	2292	-	Loose	550	55.8	NmcR	28.06	3003665	protein homolog model	n/a	n/a	carbapenem; cephalosporin; cephamycin; penam	antibiotic inactivation	NmcA beta-lactamase	99.66	gnl|BL_ORD_ID|1906|hsp_num:0	2072			27	435	cefoxitin; cefazolin; ampicillin	
k141_53205_3 # 1360 # 2172 # 1 # ID=8964_3;partial=01;start_type=ATG;rbs_motif=None;rbs_spacer=None;gc_cont=0.597	k141_53205	1360	2172	+	Loose	1300	137.9	optrA	32.12	3003746	protein homolog model	n/a	n/a	oxazolidinone antibiotic; phenicol antibiotic	antibiotic target protection	Miscellaneous ABC-F subfamily ATP-binding cassette ribosomal protection proteins	41.37	gnl|BL_ORD_ID|2070|hsp_num:0	2263			99	912	linezolid; chloramphenicol; florfenicol; tedizolid	
k141_5622_1 # 3 # 953 # 1 # ID=8967_1;partial=10;start_type=Edge;rbs_motif=None;rbs_spacer=None;gc_cont=0.487	k141_5622	3	953	+	Loose	750	440.3	patA	70.74	3000024	protein homolog model	n/a	n/a	fluoroquinolone antibiotic	antibiotic efflux	ATP-binding cassette (ABC) antibiotic efflux pump	56.03	gnl|BL_ORD_ID|1908|hsp_num:0	2081			759	1692	ciprofloxacin; norfloxacin	
k141_5622_2 # 953 # 1876 # 1 # ID=8967_2;partial=01;start_type=ATG;rbs_motif=AGGAG;rbs_spacer=5-10bp;gc_cont=0.462	k141_5622	953	1876	+	Loose	750	340.9	patB	58.06	3000025	protein homolog model	n/a	n/a	fluoroquinolone antibiotic	antibiotic efflux	ATP-binding cassette (ABC) antibiotic efflux pump	52.38	gnl|BL_ORD_ID|1912|hsp_num:0	2112			0	906	ciprofloxacin; norfloxacin	
k141_37337_3 # 669 # 1382 # -1 # ID=8974_3;partial=00;start_type=ATG;rbs_motif=GGAG/GAGG;rbs_spacer=5-10bp;gc_cont=0.654	k141_37337	669	1382	-	Loose	400	53.5	ErmE	34.92	3000326	protein homolog model	n/a	n/a	macrolide antibiotic; lincosamide antibiotic; streptogramin antibiotic; streptogramin A antibiotic; streptogramin B antibiotic	antibiotic target alteration	Erm 23S ribosomal RNA methyltransferase	62.20	gnl|BL_ORD_ID|95|hsp_num:0	109			72	426	erythromycin; roxithromycin; lincomycin; telithromycin; clarithromycin; clindamycin; tylosin; spiramycin; azithromycin; dirithromycin; pristinamycin IA; quinupristin; virginiamycin M1; madumycin II; griseoviridin; dalfopristin; pristinamycin IB; virginiamycin S2; pristinamycin IC; vernamycin C; patricin A; patricin B; ostreogrycin B3; oleandomycin	
k141_37337_4 # 1408 # 1659 # -1 # ID=8974_4;partial=01;start_type=Edge;rbs_motif=None;rbs_spacer=None;gc_cont=0.623	k141_37337	1408	1659	-	Loose	1900	65.9	MuxB	47.89	3004074	protein homolog model	n/a	n/a	macrolide antibiotic; monobactam; tetracycline antibiotic; aminocoumarin antibiotic	antibiotic efflux	resistance-nodulation-cell division (RND) antibiotic efflux pump	7.96	gnl|BL_ORD_ID|2365|hsp_num:0	2718			2871	3084	erythromycin; tetracycline; novobiocin; aztreonam; kitasamycin; rokitamycin	
k141_5625_2 # 630 # 2822 # 1 # ID=8977_2;partial=00;start_type=GTG;rbs_motif=None;rbs_spacer=None;gc_cont=0.698	k141_5625	630	2822	+	Loose	650	72.0	vanS gene in vanO cluster	31.25	3002941	protein homolog model	n/a	n/a	glycopeptide antibiotic	antibiotic target alteration	vanS; glycopeptide resistance gene cluster	211.59	gnl|BL_ORD_ID|4733|hsp_num:0	465			381	1023	vancomycin	
k141_29335_1 # 1 # 1155 # -1 # ID=8981_1;partial=11;start_type=Edge;rbs_motif=None;rbs_spacer=None;gc_cont=0.455	k141_29335	1	1155	-	Loose	710	236.1	efrB	42.68	3003949	protein homolog model	n/a	n/a	macrolide antibiotic; fluoroquinolone antibiotic; rifamycin antibiotic	antibiotic efflux	ATP-binding cassette (ABC) antibiotic efflux pump	106.35	gnl|BL_ORD_ID|2184|hsp_num:0	2422			87	1029	erythromycin; ciprofloxacin; rifampin	
k141_13535_1 # 3 # 1973 # -1 # ID=8988_1;partial=10;start_type=ATG;rbs_motif=GGA/GAG/AGG;rbs_spacer=11-12bp;gc_cont=0.564	k141_13535	3	1973	-	Loose	2300	193.4	evgS	33.33	3000833	protein homolog model	n/a	n/a	macrolide antibiotic; fluoroquinolone antibiotic; penam; tetracycline antibiotic	antibiotic efflux	major facilitator superfamily (MFS) antibiotic efflux pump; resistance-nodulation-cell division (RND) antibiotic efflux pump	54.89	gnl|BL_ORD_ID|1215|hsp_num:0	1318			2055	3219	erythromycin; cloxacillin; tetracycline; oxacillin; norfloxacin	
k141_44957_1 # 3 # 350 # -1 # ID=8990_1;partial=10;start_type=ATG;rbs_motif=None;rbs_spacer=None;gc_cont=0.675	k141_44957	3	350	-	Loose	500	42.7	leuO	34.34	3003843	protein homolog model	n/a	n/a	nucleoside antibiotic; disinfecting agents and antiseptics	antibiotic efflux	major facilitator superfamily (MFS) antibiotic efflux pump	36.94	gnl|BL_ORD_ID|4927|hsp_num:0	5921			9	306	acriflavine; puromycin	
k141_61200_1 # 3 # 728 # -1 # ID=8991_1;partial=10;start_type=ATG;rbs_motif=GGAG/GAGG;rbs_spacer=5-10bp;gc_cont=0.547	k141_61200	3	728	-	Loose	500	107.8	RanA	27.23	3005091	protein homolog model	n/a	n/a	aminoglycoside antibiotic	antibiotic efflux	ATP-binding cassette (ABC) antibiotic efflux pump	93.80	gnl|BL_ORD_ID|2809|hsp_num:0	3825			39	669		
k141_61200_2 # 725 # 1744 # -1 # ID=8991_2;partial=00;start_type=ATG;rbs_motif=GGA/GAG/AGG;rbs_spacer=5-10bp;gc_cont=0.538	k141_61200	725	1744	-	Loose	500	94.7	RanA	31.71	3005091	protein homolog model	n/a	n/a	aminoglycoside antibiotic	antibiotic efflux	ATP-binding cassette (ABC) antibiotic efflux pump	131.40	gnl|BL_ORD_ID|2809|hsp_num:0	3825			57	642		
k141_5629_3 # 1194 # 2306 # -1 # ID=8998_3;partial=00;start_type=ATG;rbs_motif=GGxGG;rbs_spacer=5-10bp;gc_cont=0.591	k141_5629	1194	2306	-	Loose	500	193.7	cfrC	35.95	3004146	protein homolog model	n/a	n/a	lincosamide antibiotic; streptogramin antibiotic; oxazolidinone antibiotic; phenicol antibiotic	antibiotic target alteration	Cfr 23S ribosomal RNA methyltransferase	107.56	gnl|BL_ORD_ID|2413|hsp_num:0	2800			66	1014	chloramphenicol; florfenicol	
k141_5632_2 # 819 # 1175 # 1 # ID=9004_2;partial=01;start_type=ATG;rbs_motif=GGA/GAG/AGG;rbs_spacer=5-10bp;gc_cont=0.389	k141_5632	819	1175	+	Loose	2000	119.4	Staphylococcus aureus mupB conferring resistance to mupirocin	53.54	3000510	protein homolog model	n/a	n/a	mupirocin-like antibiotic	antibiotic target alteration	antibiotic-resistant isoleucyl-tRNA synthetase (ileS)	11.52	gnl|BL_ORD_ID|4699|hsp_num:0	2271			33	330	mupirocin	
k141_13544_1 # 106 # 894 # -1 # ID=9008_1;partial=00;start_type=ATG;rbs_motif=None;rbs_spacer=None;gc_cont=0.546	k141_13544	106	894	-	Loose	400	88.2	Erm(47)	28.02	3003908	protein homolog model	n/a	n/a	macrolide antibiotic; lincosamide antibiotic; streptogramin antibiotic; streptogramin B antibiotic	antibiotic target alteration	Erm 23S ribosomal RNA methyltransferase	106.50	gnl|BL_ORD_ID|2147|hsp_num:0	2387			18	528	erythromycin; lincomycin; clindamycin; spiramycin; azithromycin; quinupristin	
k141_37351_3 # 1491 # 1730 # 1 # ID=9010_3;partial=01;start_type=GTG;rbs_motif=GGxGG;rbs_spacer=5-10bp;gc_cont=0.646	k141_37351	1491	1730	+	Loose	1000	52.8	vmlR	38.24	3004476	protein homolog model	n/a	n/a	lincosamide antibiotic; streptogramin antibiotic; streptogramin B antibiotic	antibiotic target protection	Miscellaneous ABC-F subfamily ATP-binding cassette ribosomal protection proteins	14.63	gnl|BL_ORD_ID|2588|hsp_num:0	2907			813	1017	lincomycin; virginiamycin S2	
k141_5640_1 # 2 # 217 # 1 # ID=9015_1;partial=10;start_type=Edge;rbs_motif=None;rbs_spacer=None;gc_cont=0.745	k141_5640	2	217	+	Loose	850	47.0	baeS	40.85	3000829	protein homolog model	n/a	n/a	aminoglycoside antibiotic; aminocoumarin antibiotic	antibiotic efflux	resistance-nodulation-cell division (RND) antibiotic efflux pump	15.20	gnl|BL_ORD_ID|914|hsp_num:0	986			1173	1386	novobiocin	
k141_5641_1 # 3 # 1055 # 1 # ID=9016_1;partial=11;start_type=Edge;rbs_motif=None;rbs_spacer=None;gc_cont=0.586	k141_5641	3	1055	+	Loose	500	137.9	bcr-1	31.64	3003801	protein homolog model	n/a	n/a	bicyclomycin-like antibiotic	antibiotic efflux	major facilitator superfamily (MFS) antibiotic efflux pump	87.31	gnl|BL_ORD_ID|2333|hsp_num:0	2303			48	1053	bicyclomycin	
k141_53242_3 # 2644 # 3516 # -1 # ID=9018_3;partial=01;start_type=Edge;rbs_motif=None;rbs_spacer=None;gc_cont=0.653	k141_53242	2644	3516	-	Loose	650	121.7	adeL	31.64	3000620	protein homolog model	n/a	n/a	fluoroquinolone antibiotic; tetracycline antibiotic	antibiotic efflux	resistance-nodulation-cell division (RND) antibiotic efflux pump	86.05	gnl|BL_ORD_ID|2316|hsp_num:0	2654			57	873	tetracycline	
k141_53246_2 # 993 # 1427 # -1 # ID=9037_2;partial=00;start_type=ATG;rbs_motif=GGAG/GAGG;rbs_spacer=5-10bp;gc_cont=0.600	k141_53246	993	1427	-	Loose	290	71.2	golS	29.92	3000504	protein homolog model	n/a	n/a	monobactam; carbapenem; cephalosporin; cephamycin; penam; phenicol antibiotic; penem	antibiotic efflux	resistance-nodulation-cell division (RND) antibiotic efflux pump	93.51	gnl|BL_ORD_ID|36|hsp_num:0	44			0	378	chloramphenicol	
k141_61237_1 # 1 # 1065 # -1 # ID=9041_1;partial=10;start_type=ATG;rbs_motif=GGA/GAG/AGG;rbs_spacer=5-10bp;gc_cont=0.576	k141_61237	1	1065	-	Loose	350	42.7	vanM	27.75	3002911	protein homolog model	n/a	n/a	glycopeptide antibiotic	antibiotic target alteration	glycopeptide resistance gene cluster; Van ligase	103.50	gnl|BL_ORD_ID|1775|hsp_num:0	1924			381	930	vancomycin; teicoplanin	
k141_5661_1 # 1 # 702 # 1 # ID=9044_1;partial=10;start_type=Edge;rbs_motif=None;rbs_spacer=None;gc_cont=0.420	k141_5661	1	702	+	Loose	400	153.3	vanR gene in vanI cluster	38.43	3003728	protein homolog model	n/a	n/a	glycopeptide antibiotic	antibiotic target alteration	glycopeptide resistance gene cluster; vanR	100.43	gnl|BL_ORD_ID|2066|hsp_num:0	2246			9	693	vancomycin; teicoplanin	
k141_5661_2 # 693 # 2057 # 1 # ID=9044_2;partial=00;start_type=ATG;rbs_motif=AGGA;rbs_spacer=5-10bp;gc_cont=0.422	k141_5661	693	2057	+	Loose	700	90.9	vanS gene in vanF cluster	27.42	3002936	protein homolog model	n/a	n/a	glycopeptide antibiotic	antibiotic target alteration	vanS; glycopeptide resistance gene cluster	124.38	gnl|BL_ORD_ID|4687|hsp_num:0	1920			135	1047	vancomycin	
k141_29396_2 # 283 # 1029 # -1 # ID=9062_2;partial=00;start_type=ATG;rbs_motif=AATAA;rbs_spacer=14bp;gc_cont=0.372	k141_29396	283	1029	-	Loose	650	158.3	tetA(58)	35.22	3003980	protein homolog model	n/a	n/a	tetracycline antibiotic	antibiotic efflux	major facilitator superfamily (MFS) antibiotic efflux pump	72.30	gnl|BL_ORD_ID|2244|hsp_num:0	2517			42	732	tetracycline	
k141_21648_1 # 280 # 1020 # -1 # ID=9074_1;partial=01;start_type=Edge;rbs_motif=None;rbs_spacer=None;gc_cont=0.714	k141_21648	280	1020	-	Loose	650	58.2	adeL	30.14	3000620	protein homolog model	n/a	n/a	fluoroquinolone antibiotic; tetracycline antibiotic	antibiotic efflux	resistance-nodulation-cell division (RND) antibiotic efflux pump	73.00	gnl|BL_ORD_ID|2316|hsp_num:0	2654			99	537	tetracycline	
k141_5681_2 # 296 # 1474 # -1 # ID=9075_2;partial=01;start_type=Edge;rbs_motif=None;rbs_spacer=None;gc_cont=0.435	k141_5681	296	1474	-	Loose	690	73.2	MexJ	24.04	3003692	protein homolog model	n/a	n/a	macrolide antibiotic; tetracycline antibiotic; disinfecting agents and antiseptics	antibiotic efflux	resistance-nodulation-cell division (RND) antibiotic efflux pump	106.81	gnl|BL_ORD_ID|2016|hsp_num:0	2205			150	1056	erythromycin; tetracycline; triclosan	
k141_37402_2 # 290 # 1198 # -1 # ID=9076_2;partial=00;start_type=ATG;rbs_motif=None;rbs_spacer=None;gc_cont=0.526	k141_37402	290	1198	-	Loose	230	51.6	ramA	31.63	3000823	protein homolog model	n/a	n/a	fluoroquinolone antibiotic; monobactam; carbapenem; cephalosporin; glycylcycline; cephamycin; penam; tetracycline antibiotic; rifamycin antibiotic; phenicol antibiotic; penem; disinfecting agents and antiseptics	antibiotic efflux; reduced permeability to antibiotic	resistance-nodulation-cell division (RND) antibiotic efflux pump; General Bacterial Porin with reduced permeability to beta-lactams	243.55	gnl|BL_ORD_ID|1538|hsp_num:0	1665			60	354	tigecycline; tetracycline; rifampin; chloramphenicol; ampicillin; cefalotin; triclosan	
k141_53285_2 # 142 # 1194 # -1 # ID=9079_2;partial=01;start_type=Edge;rbs_motif=None;rbs_spacer=None;gc_cont=0.469	k141_53285	142	1194	-	Loose	500	171.8	cfrC	35.74	3004146	protein homolog model	n/a	n/a	lincosamide antibiotic; streptogramin antibiotic; oxazolidinone antibiotic; phenicol antibiotic	antibiotic target alteration	Cfr 23S ribosomal RNA methyltransferase	101.74	gnl|BL_ORD_ID|2413|hsp_num:0	2800			204	1014	chloramphenicol; florfenicol	
k141_13600_1 # 2 # 1204 # -1 # ID=9082_1;partial=10;start_type=ATG;rbs_motif=TAA;rbs_spacer=12bp;gc_cont=0.325	k141_13600	2	1204	-	Loose	400	63.5	vanR gene in vanE cluster	26.15	3002924	protein homolog model	n/a	n/a	glycopeptide antibiotic	antibiotic target alteration	glycopeptide resistance gene cluster; vanR	175.11	gnl|BL_ORD_ID|4675|hsp_num:0	691			0	621	vancomycin	
k141_37406_1 # 2 # 1798 # 1 # ID=9083_1;partial=11;start_type=Edge;rbs_motif=None;rbs_spacer=None;gc_cont=0.535	k141_37406	2	1798	+	Loose	2000	241.9	Staphylococcus aureus mupA conferring resistance to mupirocin	28.81	3000521	protein homolog model	n/a	n/a	mupirocin-like antibiotic	antibiotic target alteration	antibiotic-resistant isoleucyl-tRNA synthetase (ileS)	58.50	gnl|BL_ORD_ID|4700|hsp_num:0	2270			363	2079	mupirocin	
k141_21657_2 # 1275 # 1391 # 1 # ID=9086_2;partial=01;start_type=ATG;rbs_motif=None;rbs_spacer=None;gc_cont=0.316	k141_21657	1275	1391	+	Loose	1080	38.9	vgaB	44.74	3000118	protein homolog model	n/a	n/a	streptogramin antibiotic; streptogramin A antibiotic; pleuromutilin antibiotic	antibiotic target protection	vga-type ABC-F protein	7.07	gnl|BL_ORD_ID|1679|hsp_num:0	1817			9	123	virginiamycin M1; dalfopristin	
k141_5692_2 # 297 # 1532 # -1 # ID=9090_2;partial=00;start_type=ATG;rbs_motif=GGAG/GAGG;rbs_spacer=5-10bp;gc_cont=0.470	k141_5692	297	1532	-	Loose	1280	228.8	macB	36.48	3000535	protein homolog model	n/a	n/a	macrolide antibiotic	antibiotic efflux	ATP-binding cassette (ABC) antibiotic efflux pump	63.82	gnl|BL_ORD_ID|447|hsp_num:0	487			762	1923	erythromycin	
k141_5692_3 # 1522 # 1659 # -1 # ID=9090_3;partial=01;start_type=Edge;rbs_motif=None;rbs_spacer=None;gc_cont=0.471	k141_5692	1522	1659	-	Loose	1280	42.0	macB	42.5	3000535	protein homolog model	n/a	n/a	macrolide antibiotic	antibiotic efflux	ATP-binding cassette (ABC) antibiotic efflux pump	6.99	gnl|BL_ORD_ID|447|hsp_num:0	487			549	669	erythromycin	
k141_21660_1 # 2 # 1204 # 1 # ID=9095_1;partial=10;start_type=Edge;rbs_motif=None;rbs_spacer=None;gc_cont=0.653	k141_21660	2	1204	+	Loose	400	56.6	vanR gene in vanE cluster	30.7	3002924	protein homolog model	n/a	n/a	glycopeptide antibiotic	antibiotic target alteration	glycopeptide resistance gene cluster; vanR	174.67	gnl|BL_ORD_ID|4675|hsp_num:0	691			9	339	vancomycin	
k141_13606_1 # 2 # 901 # 1 # ID=9101_1;partial=10;start_type=Edge;rbs_motif=None;rbs_spacer=None;gc_cont=0.524	k141_13606	2	901	+	Loose	700	51.6	OmpA	40.91	3005044	protein homolog model	n/a	n/a	peptide antibiotic	reduced permeability to antibiotic	General Bacterial Porin with reduced permeability to peptide antibiotics	79.95	gnl|BL_ORD_ID|2775|hsp_num:0	3787			834	1029	polymyxin B; defensin	
k141_13609_1 # 2 # 1354 # 1 # ID=9105_1;partial=11;start_type=Edge;rbs_motif=None;rbs_spacer=None;gc_cont=0.661	k141_13609	2	1354	+	Loose	450	68.6	baeR	31.58	3000828	protein homolog model	n/a	n/a	aminoglycoside antibiotic; aminocoumarin antibiotic	antibiotic efflux	resistance-nodulation-cell division (RND) antibiotic efflux pump	187.92	gnl|BL_ORD_ID|1232|hsp_num:0	1337			9	342	novobiocin	
k141_53334_2 # 751 # 1905 # 1 # ID=9149_2;partial=00;start_type=TTG;rbs_motif=AGGA/GGAG/GAGG;rbs_spacer=11-12bp;gc_cont=0.461	k141_53334	751	1905	+	Loose	500	127.1	RanA	35.65	3005091	protein homolog model	n/a	n/a	aminoglycoside antibiotic	antibiotic efflux	ATP-binding cassette (ABC) antibiotic efflux pump	148.84	gnl|BL_ORD_ID|2809|hsp_num:0	3825			0	642		
k141_61314_2 # 570 # 1343 # -1 # ID=9159_2;partial=01;start_type=Edge;rbs_motif=None;rbs_spacer=None;gc_cont=0.574	k141_61314	570	1343	-	Loose	650	91.7	adeL	32.07	3000620	protein homolog model	n/a	n/a	fluoroquinolone antibiotic; tetracycline antibiotic	antibiotic efflux	resistance-nodulation-cell division (RND) antibiotic efflux pump	76.26	gnl|BL_ORD_ID|2316|hsp_num:0	2654			111	810	tetracycline	
k141_53346_1 # 3 # 1355 # 1 # ID=9163_1;partial=11;start_type=Edge;rbs_motif=None;rbs_spacer=None;gc_cont=0.615	k141_53346	3	1355	+	Loose	2200	501.5	rpoB2	54.57	3000501	protein homolog model	n/a	n/a	rifamycin antibiotic	antibiotic target alteration; antibiotic target replacement	rifamycin-resistant beta-subunit of RNA polymerase (rpoB)	38.81	gnl|BL_ORD_ID|2432|hsp_num:0	2831			864	2223	rifampin; rifaximin; rifabutin; rifapentine	
k141_45051_1 # 2 # 1387 # -1 # ID=9168_1;partial=10;start_type=ATG;rbs_motif=GGA/GAG/AGG;rbs_spacer=11-12bp;gc_cont=0.621	k141_45051	2	1387	-	Loose	1200	299.7	TaeA	36.34	3003986	protein homolog model	n/a	n/a	pleuromutilin antibiotic	antibiotic efflux	ATP-binding cassette (ABC) antibiotic efflux pump	71.30	gnl|BL_ORD_ID|2231|hsp_num:0	2522			0	1407	pleuromutilin	
k141_53355_2 # 476 # 2443 # -1 # ID=9173_2;partial=00;start_type=ATG;rbs_motif=GGAG/GAGG;rbs_spacer=5-10bp;gc_cont=0.599	k141_53355	476	2443	-	Loose	1300	259.6	optrA	30.87	3003746	protein homolog model	n/a	n/a	oxazolidinone antibiotic; phenicol antibiotic	antibiotic target protection	Miscellaneous ABC-F subfamily ATP-binding cassette ribosomal protection proteins	100.00	gnl|BL_ORD_ID|2070|hsp_num:0	2263			99	1914	linezolid; chloramphenicol; florfenicol; tedizolid	
k141_45068_1 # 3 # 395 # 1 # ID=9187_1;partial=10;start_type=Edge;rbs_motif=None;rbs_spacer=None;gc_cont=0.649	k141_45068	3	395	+	Loose	950	38.9	msrE	33.75	3003109	protein homolog model	n/a	n/a	macrolide antibiotic; streptogramin antibiotic	antibiotic target protection	msr-type ABC-F protein	26.48	gnl|BL_ORD_ID|28|hsp_num:0	33			294	516	erythromycin	
k141_45068_3 # 1476 # 2396 # -1 # ID=9187_3;partial=00;start_type=GTG;rbs_motif=GGA/GAG/AGG;rbs_spacer=5-10bp;gc_cont=0.712	k141_45068	1476	2396	-	Loose	400	183.0	TxR	39.93	3005008	protein homolog model	n/a	n/a	tetracycline antibiotic	antibiotic efflux	ATP-binding cassette (ABC) antibiotic efflux pump	96.23	gnl|BL_ORD_ID|4725|hsp_num:0	3753			138	927	tetracycline	
k141_21748_2 # 170 # 2119 # 1 # ID=9211_2;partial=01;start_type=ATG;rbs_motif=AGGAG;rbs_spacer=5-10bp;gc_cont=0.683	k141_21748	170	2119	+	Loose	1800	274.2	mdtB	29.68	3000793	protein homolog model	n/a	n/a	aminocoumarin antibiotic	antibiotic efflux	resistance-nodulation-cell division (RND) antibiotic efflux pump	62.50	gnl|BL_ORD_ID|758|hsp_num:0	820			48	1962	novobiocin	
k141_61362_1 # 166 # 501 # -1 # ID=9216_1;partial=00;start_type=ATG;rbs_motif=None;rbs_spacer=None;gc_cont=0.396	k141_61362	166	501	-	Loose	180	72.8	ykkC	34.23	3003063	protein homolog model	n/a	n/a	aminoglycoside antibiotic; tetracycline antibiotic; phenicol antibiotic	antibiotic efflux	small multidrug resistance (SMR) antibiotic efflux pump	99.11	gnl|BL_ORD_ID|1687|hsp_num:0	1826			0	306	streptomycin; tetracycline; chloramphenicol	
k141_61362_2 # 561 # 1730 # 1 # ID=9216_2;partial=01;start_type=ATG;rbs_motif=None;rbs_spacer=None;gc_cont=0.366	k141_61362	561	1730	+	Loose	500	55.8	mefF	21.07	3007044	protein homolog model	n/a	n/a	macrolide antibiotic	antibiotic efflux	major facilitator superfamily (MFS) antibiotic efflux pump	98.24	gnl|BL_ORD_ID|4752|hsp_num:0	5745			21	1125		
k141_53392_2 # 387 # 2372 # -1 # ID=9232_2;partial=00;start_type=ATG;rbs_motif=AGGAG;rbs_spacer=5-10bp;gc_cont=0.672	k141_53392	387	2372	-	Loose	1000	59.3	almE	22.64	3007433	protein homolog model	n/a	n/a	peptide antibiotic	antibiotic target alteration	polymyxin resistance operon; alm glycyltransferase	118.88	gnl|BL_ORD_ID|4936|hsp_num:0	5928			525	1632	colistin A; colistin B	
k141_5796_2 # 181 # 606 # 1 # ID=9237_2;partial=00;start_type=ATG;rbs_motif=None;rbs_spacer=None;gc_cont=0.498	k141_5796	181	606	+	Loose	300	56.2	Escherichia coli soxR with mutation conferring antibiotic resistance	31.82	3003381	protein overexpression model	n/a	n/a	fluoroquinolone antibiotic; cephalosporin; glycylcycline; penam; tetracycline antibiotic; rifamycin antibiotic; phenicol antibiotic; disinfecting agents and antiseptics	antibiotic target alteration; antibiotic efflux	ATP-binding cassette (ABC) antibiotic efflux pump; major facilitator superfamily (MFS) antibiotic efflux pump; resistance-nodulation-cell division (RND) antibiotic efflux pump	91.56	gnl|BL_ORD_ID|1974|hsp_num:0	1005			27	351	tigecycline; ciprofloxacin; tetracycline; rifampin; chloramphenicol; ampicillin; nalidixic acid; norfloxacin; cefalotin; triclosan	
k141_29522_2 # 275 # 1396 # 1 # ID=9238_2;partial=00;start_type=ATG;rbs_motif=GGAG/GAGG;rbs_spacer=5-10bp;gc_cont=0.522	k141_29522	275	1396	+	Loose	600	204.5	clbA	37.75	3002814	protein homolog model	n/a	n/a	lincosamide antibiotic; streptogramin antibiotic; streptogramin A antibiotic; oxazolidinone antibiotic; phenicol antibiotic; pleuromutilin antibiotic	antibiotic target alteration	Cfr 23S ribosomal RNA methyltransferase	106.88	gnl|BL_ORD_ID|520|hsp_num:0	571			27	1035	lincomycin; clindamycin; azidamfenicol; chloramphenicol; thiamphenicol; virginiamycin M1; tiamulin; madumycin II; griseoviridin; dalfopristin	
k141_21771_3 # 1048 # 1920 # -1 # ID=9243_3;partial=00;start_type=ATG;rbs_motif=AGxAGG/AGGxGG;rbs_spacer=5-10bp;gc_cont=0.566	k141_21771	1048	1920	-	Loose	1000	69.7	msbA	24.32	3003950	protein homolog model	n/a	n/a	nitroimidazole antibiotic	antibiotic efflux	ATP-binding cassette (ABC) antibiotic efflux pump	49.83	gnl|BL_ORD_ID|2186|hsp_num:0	2423			1035	1698	metronidazole	
k141_13708_2 # 493 # 1275 # 1 # ID=9244_2;partial=00;start_type=ATG;rbs_motif=GGAG/GAGG;rbs_spacer=5-10bp;gc_cont=0.465	k141_13708	493	1275	+	Loose	650	95.5	tetA(58)	28.7	3003980	protein homolog model	n/a	n/a	tetracycline antibiotic	antibiotic efflux	major facilitator superfamily (MFS) antibiotic efflux pump	75.80	gnl|BL_ORD_ID|2244|hsp_num:0	2517			75	708	tetracycline	
k141_13708_3 # 1276 # 1551 # 1 # ID=9244_3;partial=01;start_type=ATG;rbs_motif=GGxGG;rbs_spacer=5-10bp;gc_cont=0.493	k141_13708	1276	1551	+	Loose	1000	50.8	tva(A)	37.88	3004730	protein homolog model	n/a	n/a	pleuromutilin antibiotic	antibiotic target protection	Miscellaneous ABC-F subfamily ATP-binding cassette ribosomal protection proteins	18.22	gnl|BL_ORD_ID|2258|hsp_num:0	3484			6	201	pleuromutilin	
k141_5810_1 # 3 # 884 # 1 # ID=9253_1;partial=10;start_type=Edge;rbs_motif=None;rbs_spacer=None;gc_cont=0.626	k141_5810	3	884	+	Loose	2000	40.8	Staphylococcus aureus mupA conferring resistance to mupirocin	46.81	3000521	protein homolog model	n/a	n/a	mupirocin-like antibiotic	antibiotic target alteration	antibiotic-resistant isoleucyl-tRNA synthetase (ileS)	28.61	gnl|BL_ORD_ID|4700|hsp_num:0	2270			1716	1854	mupirocin	
k141_21792_1 # 2 # 391 # -1 # ID=9268_1;partial=10;start_type=ATG;rbs_motif=AGGA;rbs_spacer=5-10bp;gc_cont=0.559	k141_21792	2	391	-	Loose	850	110.2	OprM	50.0	3000379	protein homolog model	n/a	n/a	macrolide antibiotic; fluoroquinolone antibiotic; monobactam; aminoglycoside antibiotic; carbapenem; cephalosporin; cephamycin; penam; tetracycline antibiotic; peptide antibiotic; aminocoumarin antibiotic; diaminopyrimidine antibiotic; sulfonamide antibiotic; phenicol antibiotic; penem; disinfecting agents and antiseptics	antibiotic efflux	resistance-nodulation-cell division (RND) antibiotic efflux pump	26.80	gnl|BL_ORD_ID|2356|hsp_num:0	1305			15	372	erythromycin; amikacin; gentamicin C; ciprofloxacin; acriflavine; tetracycline; tobramycin; ceftazidime; ceftriaxone; meropenem; novobiocin; azithromycin; trimethoprim; sulfamethoxazole; chloramphenicol; thiamphenicol; aztreonam; colistin A; colistin B; ampicillin; nalidixic acid; norfloxacin; ofloxacin; panipenem; ticarcillin; trimethoprim-sulfamethoxazole; gentamicin	
k141_21792_2 # 411 # 2447 # -1 # ID=9268_2;partial=01;start_type=Edge;rbs_motif=None;rbs_spacer=None;gc_cont=0.552	k141_21792	411	2447	-	Loose	2130	705.3	mtrD	59.03	3000811	protein homolog model	n/a	n/a	macrolide antibiotic; penam	antibiotic efflux	resistance-nodulation-cell division (RND) antibiotic efflux pump	63.54	gnl|BL_ORD_ID|1787|hsp_num:0	1938			1290	3201	erythromycin; penicillin; azithromycin	
k141_61396_1 # 3 # 572 # 1 # ID=9270_1;partial=10;start_type=Edge;rbs_motif=None;rbs_spacer=None;gc_cont=0.349	k141_61396	3	572	+	Loose	1900	134.8	mexQ	43.2	3003699	protein homolog model	n/a	n/a	macrolide antibiotic; carbapenem; tetracycline antibiotic; diaminopyrimidine antibiotic; phenicol antibiotic; disinfecting agents and antiseptics	antibiotic efflux	resistance-nodulation-cell division (RND) antibiotic efflux pump	17.95	gnl|BL_ORD_ID|2011|hsp_num:0	2212			2601	3108	erythromycin; acriflavine; tetracycline; imipenem; trimethoprim; chloramphenicol; thiamphenicol; kitasamycin; rokitamycin	
k141_61396_2 # 565 # 1569 # 1 # ID=9270_2;partial=01;start_type=ATG;rbs_motif=AGxAG;rbs_spacer=5-10bp;gc_cont=0.340	k141_61396	565	1569	+	Loose	950	113.6	adeK	26.83	3000782	protein homolog model	n/a	n/a	macrolide antibiotic; fluoroquinolone antibiotic; lincosamide antibiotic; carbapenem; cephalosporin; tetracycline antibiotic; rifamycin antibiotic; diaminopyrimidine antibiotic; phenicol antibiotic; penem	antibiotic efflux	resistance-nodulation-cell division (RND) antibiotic efflux pump	69.21	gnl|BL_ORD_ID|1537|hsp_num:0	1664			33	948	tetracycline; rifampin; imipenem; trimethoprim; chloramphenicol; ticarcillin	
k141_29547_1 # 3 # 407 # -1 # ID=9281_1;partial=10;start_type=ATG;rbs_motif=GGAG/GAGG;rbs_spacer=5-10bp;gc_cont=0.632	k141_29547	3	407	-	Loose	1350	197.6	Staphylococcus aureus fusA with mutation conferring resistance to fusidic acid	71.85	3003735	protein variant model	V90I	n/a	fusidane antibiotic	antibiotic target alteration	antibiotic resistant fusA	19.48	gnl|BL_ORD_ID|4696|hsp_num:0	2254			0	384	fusidic acid	
k141_21799_2 # 449 # 1042 # 1 # ID=9285_2;partial=01;start_type=ATG;rbs_motif=None;rbs_spacer=None;gc_cont=0.663	k141_21799	449	1042	+	Loose	1280	80.5	macB	30.51	3000535	protein homolog model	n/a	n/a	macrolide antibiotic	antibiotic efflux	ATP-binding cassette (ABC) antibiotic efflux pump	30.75	gnl|BL_ORD_ID|447|hsp_num:0	487			72	576	erythromycin	
k141_45131_1 # 99 # 308 # -1 # ID=9286_1;partial=00;start_type=ATG;rbs_motif=GGA/GAG/AGG;rbs_spacer=5-10bp;gc_cont=0.462	k141_45131	99	308	-	Loose	100	43.5	vanU gene in vanG cluster	37.93	3004253	protein homolog model	n/a	n/a	glycopeptide antibiotic	antibiotic target alteration	glycopeptide resistance gene cluster; vanU	92.00	gnl|BL_ORD_ID|4737|hsp_num:0	943			21	189	vancomycin	
k141_53432_2 # 328 # 1311 # 1 # ID=9290_2;partial=01;start_type=ATG;rbs_motif=None;rbs_spacer=None;gc_cont=0.460	k141_53432	328	1311	+	Loose	2200	67.4	Bifidobacterium bifidum ileS conferring resistance to mupirocin	26.02	3003730	protein homolog model	n/a	n/a	mupirocin-like antibiotic	antibiotic target alteration	antibiotic-resistant isoleucyl-tRNA synthetase (ileS)	29.63	gnl|BL_ORD_ID|4695|hsp_num:0	2278			87	645	mupirocin	
k141_61406_3 # 1132 # 1620 # 1 # ID=9295_3;partial=00;start_type=ATG;rbs_motif=GGA/GAG/AGG;rbs_spacer=5-10bp;gc_cont=0.679	k141_61406	1132	1620	+	Loose	300	143.7	dfrA3	48.08	3003105	protein homolog model	n/a	n/a	diaminopyrimidine antibiotic	antibiotic target replacement	trimethoprim resistant dihydrofolate reductase dfr	100.00	gnl|BL_ORD_ID|471|hsp_num:0	511			0	459	trimethoprim	
k141_37567_2 # 531 # 1256 # -1 # ID=9300_2;partial=00;start_type=ATG;rbs_motif=None;rbs_spacer=None;gc_cont=0.687	k141_37567	531	1256	-	Loose	400	140.2	vanR gene in vanO cluster	35.44	3002930	protein homolog model	n/a	n/a	glycopeptide antibiotic	antibiotic target alteration	glycopeptide resistance gene cluster; vanR	103.43	gnl|BL_ORD_ID|4743|hsp_num:0	1689			3	678	vancomycin	
k141_53445_1 # 1 # 1254 # 1 # ID=9303_1;partial=10;start_type=Edge;rbs_motif=None;rbs_spacer=None;gc_cont=0.696	k141_53445	1	1254	+	Loose	400	187.6	TxR	37.97	3005008	protein homolog model	n/a	n/a	tetracycline antibiotic	antibiotic efflux	ATP-binding cassette (ABC) antibiotic efflux pump	131.13	gnl|BL_ORD_ID|4725|hsp_num:0	3753			69	924	tetracycline	
k141_53460_1 # 2 # 199 # 1 # ID=9316_1;partial=10;start_type=Edge;rbs_motif=None;rbs_spacer=None;gc_cont=0.636	k141_53460	2	199	+	Loose	400	38.9	vanR gene in vanL cluster	35.0	3002927	protein homolog model	n/a	n/a	glycopeptide antibiotic	antibiotic target alteration	glycopeptide resistance gene cluster; vanR	28.14	gnl|BL_ORD_ID|456|hsp_num:0	409			519	681	vancomycin	
k141_53460_2 # 196 # 1050 # 1 # ID=9316_2;partial=01;start_type=ATG;rbs_motif=None;rbs_spacer=None;gc_cont=0.702	k141_53460	196	1050	+	Loose	900	42.4	basS	29.66	3003583	protein homolog model	n/a	n/a	peptide antibiotic	antibiotic target alteration; antibiotic efflux	pmr phosphoethanolamine transferase	59.75	gnl|BL_ORD_ID|2351|hsp_num:0	249			375	792	polymyxin B	
k141_21823_1 # 1 # 690 # 1 # ID=9319_1;partial=10;start_type=Edge;rbs_motif=None;rbs_spacer=None;gc_cont=0.720	k141_21823	1	690	+	Loose	650	92.4	adeL	31.88	3000620	protein homolog model	n/a	n/a	fluoroquinolone antibiotic; tetracycline antibiotic	antibiotic efflux	resistance-nodulation-cell division (RND) antibiotic efflux pump	67.95	gnl|BL_ORD_ID|2316|hsp_num:0	2654			246	858	tetracycline	
k141_37579_3 # 1054 # 2955 # 1 # ID=9320_3;partial=01;start_type=ATG;rbs_motif=None;rbs_spacer=None;gc_cont=0.376	k141_37579	1054	2955	+	Loose	400	233.4	tetB(P)	26.61	3000195	protein homolog model	n/a	n/a	tetracycline antibiotic	antibiotic target protection	tetracycline-resistant ribosomal protection protein	97.24	gnl|BL_ORD_ID|738|hsp_num:0	804			0	1689	tetracycline; doxycycline; minocycline; chlortetracycline; demeclocycline; oxytetracycline	
k141_53463_1 # 2 # 475 # 1 # ID=9321_1;partial=10;start_type=Edge;rbs_motif=None;rbs_spacer=None;gc_cont=0.521	k141_53463	2	475	+	Loose	1900	124.8	MuxC	48.63	3004075	protein homolog model	n/a	n/a	macrolide antibiotic; monobactam; tetracycline antibiotic; aminocoumarin antibiotic	antibiotic efflux	resistance-nodulation-cell division (RND) antibiotic efflux pump	15.15	gnl|BL_ORD_ID|2368|hsp_num:0	2720			2631	3057	erythromycin; tetracycline; novobiocin; aztreonam; kitasamycin; rokitamycin	
k141_29593_3 # 1476 # 2933 # -1 # ID=9339_3;partial=00;start_type=ATG;rbs_motif=GGxGG;rbs_spacer=5-10bp;gc_cont=0.665	k141_29593	1476	2933	-	Loose	900	154.5	emrY	32.09	3000254	protein homolog model	n/a	n/a	tetracycline antibiotic	antibiotic efflux	major facilitator superfamily (MFS) antibiotic efflux pump	94.73	gnl|BL_ORD_ID|492|hsp_num:0	540			45	996	tetracycline	
k141_21844_2 # 347 # 958 # -1 # ID=9345_2;partial=00;start_type=ATG;rbs_motif=None;rbs_spacer=None;gc_cont=0.487	k141_21844	347	958	-	Loose	350	134.0	dfrI	44.38	3004645	protein homolog model	n/a	n/a	diaminopyrimidine antibiotic	antibiotic target replacement	trimethoprim resistant dihydrofolate reductase dfr	106.28	gnl|BL_ORD_ID|2125|hsp_num:0	3344			81	573	trimethoprim	
k141_37603_1 # 3 # 1505 # 1 # ID=9347_1;partial=11;start_type=Edge;rbs_motif=None;rbs_spacer=None;gc_cont=0.680	k141_37603	3	1505	+	Loose	700	39.7	vanS gene in vanL cluster	36.36	3002938	protein homolog model	n/a	n/a	glycopeptide antibiotic	antibiotic target alteration	vanS; glycopeptide resistance gene cluster	137.64	gnl|BL_ORD_ID|4735|hsp_num:0	744			402	534	vancomycin	
k141_21847_1 # 2 # 346 # 1 # ID=9351_1;partial=10;start_type=Edge;rbs_motif=None;rbs_spacer=None;gc_cont=0.693	k141_21847	2	346	+	Loose	270	66.2	mgrA	36.36	3000815	protein homolog model	n/a	n/a	fluoroquinolone antibiotic; cephalosporin; penam; tetracycline antibiotic; peptide antibiotic; disinfecting agents and antiseptics	antibiotic efflux	ATP-binding cassette (ABC) antibiotic efflux pump; major facilitator superfamily (MFS) antibiotic efflux pump	77.55	gnl|BL_ORD_ID|134|hsp_num:0	154			105	402	methicillin; ciprofloxacin; acriflavine; tetracycline; daptomycin; moxifloxacin; cefotaxime; norfloxacin; sparfloxacin; moenomycin A1	
k141_29601_1 # 2 # 2338 # 1 # ID=9352_1;partial=10;start_type=Edge;rbs_motif=None;rbs_spacer=None;gc_cont=0.558	k141_29601	2	2338	+	Loose	2300	179.1	evgS	31.22	3000833	protein homolog model	n/a	n/a	macrolide antibiotic; fluoroquinolone antibiotic; penam; tetracycline antibiotic	antibiotic efflux	major facilitator superfamily (MFS) antibiotic efflux pump; resistance-nodulation-cell division (RND) antibiotic efflux pump	65.00	gnl|BL_ORD_ID|1215|hsp_num:0	1318			2055	3201	erythromycin; cloxacillin; tetracycline; oxacillin; norfloxacin	
k141_13786_1 # 92 # 802 # -1 # ID=9359_1;partial=00;start_type=ATG;rbs_motif=None;rbs_spacer=None;gc_cont=0.371	k141_13786	92	802	-	Loose	1280	120.2	macB	34.48	3000535	protein homolog model	n/a	n/a	macrolide antibiotic	antibiotic efflux	ATP-binding cassette (ABC) antibiotic efflux pump	36.65	gnl|BL_ORD_ID|447|hsp_num:0	487			63	663	erythromycin	
k141_53510_2 # 718 # 1113 # 1 # ID=9368_2;partial=01;start_type=ATG;rbs_motif=GGA/GAG/AGG;rbs_spacer=5-10bp;gc_cont=0.551	k141_53510	718	1113	+	Loose	1700	67.4	LpeB	27.78	3004100	protein homolog model	n/a	n/a	macrolide antibiotic	antibiotic efflux	resistance-nodulation-cell division (RND) antibiotic efflux pump	13.02	gnl|BL_ORD_ID|2388|hsp_num:0	2759			6	384	erythromycin; spiramycin; azithromycin	
k141_29609_2 # 1029 # 1934 # 1 # ID=9370_2;partial=00;start_type=TTG;rbs_motif=None;rbs_spacer=None;gc_cont=0.690	k141_29609	1029	1934	+	Loose	550	43.1	NmcR	28.23	3003665	protein homolog model	n/a	n/a	carbapenem; cephalosporin; cephamycin; penam	antibiotic inactivation	NmcA beta-lactamase	102.03	gnl|BL_ORD_ID|1906|hsp_num:0	2072			18	378	cefoxitin; cefazolin; ampicillin	
k141_45203_4 # 1445 # 1693 # -1 # ID=9373_4;partial=01;start_type=Edge;rbs_motif=None;rbs_spacer=None;gc_cont=0.582	k141_45203	1445	1693	-	Loose	650	41.2	adeL	37.5	3000620	protein homolog model	n/a	n/a	fluoroquinolone antibiotic; tetracycline antibiotic	antibiotic efflux	resistance-nodulation-cell division (RND) antibiotic efflux pump	24.33	gnl|BL_ORD_ID|2316|hsp_num:0	2654			249	417	tetracycline	
k141_61487_4 # 1771 # 2631 # 1 # ID=9381_4;partial=00;start_type=ATG;rbs_motif=GGAG/GAGG;rbs_spacer=5-10bp;gc_cont=0.631	k141_61487	1771	2631	+	Loose	525	48.5	DHT2-1	24.77	3006872	protein homolog model	n/a	n/a	carbapenem	antibiotic inactivation	DHT2 beta-lactamase	94.70	gnl|BL_ORD_ID|3516|hsp_num:0	4584			276	603		
k141_21866_2 # 552 # 1772 # -1 # ID=9382_2;partial=01;start_type=Edge;rbs_motif=None;rbs_spacer=None;gc_cont=0.622	k141_21866	552	1772	-	Loose	1200	307.4	TaeA	43.72	3003986	protein homolog model	n/a	n/a	pleuromutilin antibiotic	antibiotic efflux	ATP-binding cassette (ABC) antibiotic efflux pump	62.65	gnl|BL_ORD_ID|2231|hsp_num:0	2522			438	1623	pleuromutilin	
k141_53516_2 # 994 # 1833 # 1 # ID=9384_2;partial=00;start_type=ATG;rbs_motif=TAAAAA;rbs_spacer=15bp;gc_cont=0.318	k141_53516	994	1833	+	Loose	1450	43.9	BahA	26.87	3003984	protein homolog model	n/a	n/a	peptide antibiotic	antibiotic inactivation	Bah amidohydrolase	37.10	gnl|BL_ORD_ID|2230|hsp_num:0	2521			771	1167	bacitracin	
k141_5893_4 # 1618 # 1851 # -1 # ID=9385_4;partial=01;start_type=Edge;rbs_motif=None;rbs_spacer=None;gc_cont=0.282	k141_5893	1618	1851	-	Loose	650	42.0	tetA(58)	39.13	3003980	protein homolog model	n/a	n/a	tetracycline antibiotic	antibiotic efflux	major facilitator superfamily (MFS) antibiotic efflux pump	22.45	gnl|BL_ORD_ID|2244|hsp_num:0	2517			570	708	tetracycline	
k141_21878_3 # 1212 # 2780 # -1 # ID=9397_3;partial=01;start_type=Edge;rbs_motif=None;rbs_spacer=None;gc_cont=0.359	k141_21878	1212	2780	-	Loose	2000	129.0	Staphylococcus aureus mupB conferring resistance to mupirocin	23.95	3000510	protein homolog model	n/a	n/a	mupirocin-like antibiotic	antibiotic target alteration	antibiotic-resistant isoleucyl-tRNA synthetase (ileS)	50.53	gnl|BL_ORD_ID|4699|hsp_num:0	2271			1200	2601	mupirocin	
k141_13824_1 # 1 # 1140 # 1 # ID=9407_1;partial=11;start_type=Edge;rbs_motif=None;rbs_spacer=None;gc_cont=0.373	k141_13824	1	1140	+	Loose	2000	81.3	Staphylococcus aureus mupB conferring resistance to mupirocin	24.77	3000510	protein homolog model	n/a	n/a	mupirocin-like antibiotic	antibiotic target alteration	antibiotic-resistant isoleucyl-tRNA synthetase (ileS)	36.79	gnl|BL_ORD_ID|4699|hsp_num:0	2271			714	1350	mupirocin	
k141_37649_2 # 792 # 1634 # 1 # ID=9411_2;partial=00;start_type=ATG;rbs_motif=None;rbs_spacer=None;gc_cont=0.613	k141_37649	792	1634	+	Loose	500	209.5	sul4	42.8	3004361	protein homolog model	n/a	n/a	sulfonamide antibiotic	antibiotic target replacement	sulfonamide resistant sul	97.56	gnl|BL_ORD_ID|2484|hsp_num:0	2875			33	825	sulfamethoxazole	
k141_37651_1 # 1 # 180 # -1 # ID=9414_1;partial=10;start_type=ATG;rbs_motif=None;rbs_spacer=None;gc_cont=0.644	k141_37651	1	180	-	Loose	1050	45.4	carA	42.11	3002817	protein homolog model	n/a	n/a	macrolide antibiotic	antibiotic target protection	Miscellaneous ABC-F subfamily ATP-binding cassette ribosomal protection proteins	10.89	gnl|BL_ORD_ID|854|hsp_num:0	928			9	168	carbomycin	
k141_53549_1 # 2 # 1351 # 1 # ID=9420_1;partial=10;start_type=Edge;rbs_motif=None;rbs_spacer=None;gc_cont=0.514	k141_53549	2	1351	+	Loose	1300	266.5	optrA	35.8	3003746	protein homolog model	n/a	n/a	oxazolidinone antibiotic; phenicol antibiotic	antibiotic target protection	Miscellaneous ABC-F subfamily ATP-binding cassette ribosomal protection proteins	68.55	gnl|BL_ORD_ID|2070|hsp_num:0	2263			276	1563	linezolid; chloramphenicol; florfenicol; tedizolid	
k141_29647_1 # 3 # 353 # -1 # ID=9430_1;partial=10;start_type=ATG;rbs_motif=AGGA/GGAG/GAGG;rbs_spacer=11-12bp;gc_cont=0.709	k141_29647	3	353	-	Loose	650	47.0	TriA	40.86	3003679	protein homolog model	n/a	n/a	disinfecting agents and antiseptics	antibiotic efflux	resistance-nodulation-cell division (RND) antibiotic efflux pump	30.55	gnl|BL_ORD_ID|2003|hsp_num:0	2192			36	309	triclosan	
k141_45243_1 # 1 # 1176 # 1 # ID=9434_1;partial=10;start_type=Edge;rbs_motif=None;rbs_spacer=None;gc_cont=0.744	k141_45243	1	1176	+	Loose	900	132.1	smeC	32.41	3003053	protein homolog model	n/a	n/a	aminoglycoside antibiotic; cephalosporin; cephamycin; penam	antibiotic efflux	resistance-nodulation-cell division (RND) antibiotic efflux pump	83.01	gnl|BL_ORD_ID|1161|hsp_num:0	1264			267	1410		
k141_45243_2 # 1222 # 2391 # 1 # ID=9434_2;partial=00;start_type=ATG;rbs_motif=GGA/GAG/AGG;rbs_spacer=5-10bp;gc_cont=0.718	k141_45243	1222	2391	+	Loose	650	87.4	TriA	29.55	3003679	protein homolog model	n/a	n/a	disinfecting agents and antiseptics	antibiotic efflux	resistance-nodulation-cell division (RND) antibiotic efflux pump	101.57	gnl|BL_ORD_ID|2003|hsp_num:0	2192			171	1089	triclosan	
k141_45243_3 # 2403 # 3533 # 1 # ID=9434_3;partial=00;start_type=ATG;rbs_motif=AGGAG;rbs_spacer=5-10bp;gc_cont=0.672	k141_45243	2403	3533	+	Loose	1800	152.1	mdtB	28.92	3000793	protein homolog model	n/a	n/a	aminocoumarin antibiotic	antibiotic efflux	resistance-nodulation-cell division (RND) antibiotic efflux pump	36.15	gnl|BL_ORD_ID|758|hsp_num:0	820			48	1158	novobiocin	
k141_61545_1 # 2 # 985 # -1 # ID=9452_1;partial=10;start_type=ATG;rbs_motif=None;rbs_spacer=None;gc_cont=0.395	k141_61545	2	985	-	Loose	1800	154.5	mdtC	30.34	3000794	protein homolog model	n/a	n/a	aminocoumarin antibiotic	antibiotic efflux	resistance-nodulation-cell division (RND) antibiotic efflux pump	32.00	gnl|BL_ORD_ID|1213|hsp_num:0	1315			0	966	novobiocin	
k141_61545_2 # 992 # 1126 # -1 # ID=9452_2;partial=01;start_type=Edge;rbs_motif=None;rbs_spacer=None;gc_cont=0.341	k141_61545	992	1126	-	Loose	650	42.4	MexV	64.29	3003030	protein homolog model	n/a	n/a	macrolide antibiotic; fluoroquinolone antibiotic; tetracycline antibiotic; phenicol antibiotic; disinfecting agents and antiseptics	antibiotic efflux	resistance-nodulation-cell division (RND) antibiotic efflux pump	11.70	gnl|BL_ORD_ID|2018|hsp_num:0	2207			1017	1101	erythromycin; acriflavine; tetracycline; chloramphenicol	
k141_61549_1 # 2 # 1165 # -1 # ID=9465_1;partial=11;start_type=Edge;rbs_motif=None;rbs_spacer=None;gc_cont=0.651	k141_61549	2	1165	-	Loose	570	85.1	bcrA	42.16	3002987	protein homolog model	n/a	n/a	peptide antibiotic	antibiotic efflux	ATP-binding cassette (ABC) antibiotic efflux pump	126.80	gnl|BL_ORD_ID|316|hsp_num:0	345			384	687	bacitracin; bacitracin A; bacitracin B; bacitracin F	
k141_37682_1 # 1 # 1347 # 1 # ID=9470_1;partial=10;start_type=Edge;rbs_motif=None;rbs_spacer=None;gc_cont=0.619	k141_37682	1	1347	+	Loose	1280	420.2	macB	52.35	3000535	protein homolog model	n/a	n/a	macrolide antibiotic	antibiotic efflux	ATP-binding cassette (ABC) antibiotic efflux pump	69.57	gnl|BL_ORD_ID|447|hsp_num:0	487			606	1929	erythromycin	
k141_37682_2 # 1352 # 2734 # 1 # ID=9470_2;partial=01;start_type=ATG;rbs_motif=None;rbs_spacer=None;gc_cont=0.654	k141_37682	1352	2734	+	Loose	900	170.6	adeH	32.54	3000779	protein homolog model	n/a	n/a	fluoroquinolone antibiotic; tetracycline antibiotic	antibiotic efflux	resistance-nodulation-cell division (RND) antibiotic efflux pump	95.45	gnl|BL_ORD_ID|494|hsp_num:0	542			36	1380	tetracycline	
k141_61555_1 # 3 # 584 # -1 # ID=9476_1;partial=10;start_type=ATG;rbs_motif=None;rbs_spacer=None;gc_cont=0.598	k141_61555	3	584	-	Loose	2000	87.8	Staphylococcus aureus mupB conferring resistance to mupirocin	29.52	3000510	protein homolog model	n/a	n/a	mupirocin-like antibiotic	antibiotic target alteration	antibiotic-resistant isoleucyl-tRNA synthetase (ileS)	18.78	gnl|BL_ORD_ID|4699|hsp_num:0	2271			45	537	mupirocin	
k141_61555_4 # 3109 # 3723 # 1 # ID=9476_4;partial=00;start_type=ATG;rbs_motif=GGA/GAG/AGG;rbs_spacer=5-10bp;gc_cont=0.623	k141_61555	3109	3723	+	Loose	1200	45.1	arnA	31.11	3002985	protein homolog model	n/a	n/a	peptide antibiotic	antibiotic target alteration	pmr phosphoethanolamine transferase	30.82	gnl|BL_ORD_ID|1514|hsp_num:0	1643			210	480	polymyxin B	
k141_21934_1 # 20 # 937 # 1 # ID=9480_1;partial=00;start_type=ATG;rbs_motif=GGA/GAG/AGG;rbs_spacer=5-10bp;gc_cont=0.720	k141_21934	20	937	+	Loose	650	118.6	adeL	30.21	3000620	protein homolog model	n/a	n/a	fluoroquinolone antibiotic; tetracycline antibiotic	antibiotic efflux	resistance-nodulation-cell division (RND) antibiotic efflux pump	90.50	gnl|BL_ORD_ID|2316|hsp_num:0	2654			6	858	tetracycline	
k141_45278_1 # 3 # 545 # -1 # ID=9484_1;partial=10;start_type=ATG;rbs_motif=TAA;rbs_spacer=4bp;gc_cont=0.344	k141_45278	3	545	-	Loose	300	63.5	tet(M)	33.33	3000186	protein homolog model	n/a	n/a	tetracycline antibiotic	antibiotic target protection	tetracycline-resistant ribosomal protection protein	28.33	gnl|BL_ORD_ID|1675|hsp_num:0	1692			0	393	tetracycline; doxycycline; minocycline; chlortetracycline; demeclocycline; oxytetracycline	
k141_61565_1 # 3 # 1685 # 1 # ID=9487_1;partial=11;start_type=Edge;rbs_motif=None;rbs_spacer=None;gc_cont=0.387	k141_61565	3	1685	+	Loose	710	125.6	efrB	28.06	3003949	protein homolog model	n/a	n/a	macrolide antibiotic; fluoroquinolone antibiotic; rifamycin antibiotic	antibiotic efflux	ATP-binding cassette (ABC) antibiotic efflux pump	154.97	gnl|BL_ORD_ID|2184|hsp_num:0	2422			189	1020	erythromycin; ciprofloxacin; rifampin	
k141_37705_3 # 1643 # 2032 # -1 # ID=9497_3;partial=01;start_type=Edge;rbs_motif=None;rbs_spacer=None;gc_cont=0.438	k141_37705	1643	2032	-	Loose	550	263.5	OXA-280	98.45	3001735	protein homolog model	n/a	n/a	carbapenem; cephalosporin; penam	antibiotic inactivation	OXA beta-lactamase	46.91	gnl|BL_ORD_ID|2616|hsp_num:0	3445			438	825	cloxacillin; oxacillin; cefalotin	
k141_21952_2 # 431 # 1213 # -1 # ID=9498_2;partial=01;start_type=Edge;rbs_motif=None;rbs_spacer=None;gc_cont=0.699	k141_21952	431	1213	-	Loose	400	54.7	Pseudomonas aeruginosa CpxR	31.15	3004054	protein homolog model	n/a	n/a	macrolide antibiotic; fluoroquinolone antibiotic; monobactam; aminoglycoside antibiotic; carbapenem; cephalosporin; cephamycin; penam; tetracycline antibiotic; peptide antibiotic; aminocoumarin antibiotic; diaminopyrimidine antibiotic; sulfonamide antibiotic; phenicol antibiotic; penem	antibiotic efflux	resistance-nodulation-cell division (RND) antibiotic efflux pump	115.56	gnl|BL_ORD_ID|2301|hsp_num:0	2685			9	369	erythromycin; ciprofloxacin; tetracycline; ceftazidime; ceftriaxone; meropenem; novobiocin; azithromycin; trimethoprim; sulfamethoxazole; chloramphenicol; aztreonam; colistin A; colistin B; ampicillin; panipenem; trimethoprim-sulfamethoxazole	
k141_53616_3 # 1518 # 2276 # -1 # ID=9510_3;partial=00;start_type=ATG;rbs_motif=AGGA;rbs_spacer=5-10bp;gc_cont=0.378	k141_53616	1518	2276	-	Loose	500	38.9	LpsA	26.47	3005052	protein homolog model	n/a	n/a	peptide antibiotic	reduced permeability to antibiotic	Intrinsic peptide antibiotic resistant Lps	98.44	gnl|BL_ORD_ID|2783|hsp_num:0	3794			24	324	polymyxin B; defensin	
k141_13888_2 # 178 # 1308 # -1 # ID=9514_2;partial=00;start_type=ATG;rbs_motif=AGGA;rbs_spacer=5-10bp;gc_cont=0.601	k141_13888	178	1308	-	Loose	450	89.4	baeR	37.5	3000828	protein homolog model	n/a	n/a	aminoglycoside antibiotic; aminocoumarin antibiotic	antibiotic efflux	resistance-nodulation-cell division (RND) antibiotic efflux pump	156.67	gnl|BL_ORD_ID|1232|hsp_num:0	1337			15	375	novobiocin	
k141_21968_2 # 152 # 1261 # 1 # ID=9527_2;partial=01;start_type=ATG;rbs_motif=None;rbs_spacer=None;gc_cont=0.674	k141_21968	152	1261	+	Loose	850	172.6	abeM	31.51	3000753	protein homolog model	n/a	n/a	fluoroquinolone antibiotic; disinfecting agents and antiseptics	antibiotic efflux	multidrug and toxic compound extrusion (MATE) transporter	82.59	gnl|BL_ORD_ID|1255|hsp_num:0	1368			24	1119	ciprofloxacin; acriflavine; norfloxacin; ofloxacin; triclosan	
k141_53644_2 # 1664 # 2050 # -1 # ID=9539_2;partial=01;start_type=Edge;rbs_motif=None;rbs_spacer=None;gc_cont=0.380	k141_53644	1664	2050	-	Loose	470	49.3	sdiA	36.99	3000826	protein homolog model	n/a	n/a	fluoroquinolone antibiotic; cephalosporin; glycylcycline; penam; tetracycline antibiotic; rifamycin antibiotic; phenicol antibiotic; disinfecting agents and antiseptics	antibiotic efflux	resistance-nodulation-cell division (RND) antibiotic efflux pump	53.33	gnl|BL_ORD_ID|208|hsp_num:0	228			444	663	tigecycline; tetracycline; rifampin; chloramphenicol; ampicillin; cefalotin; triclosan	
k141_61621_1 # 2 # 643 # -1 # ID=9550_1;partial=10;start_type=ATG;rbs_motif=TAA;rbs_spacer=12bp;gc_cont=0.315	k141_61621	2	643	-	Loose	850	48.1	baeS	27.18	3000829	protein homolog model	n/a	n/a	aminoglycoside antibiotic; aminocoumarin antibiotic	antibiotic efflux	resistance-nodulation-cell division (RND) antibiotic efflux pump	45.82	gnl|BL_ORD_ID|914|hsp_num:0	986			654	948	novobiocin	
k141_61621_2 # 656 # 1336 # -1 # ID=9550_2;partial=00;start_type=ATG;rbs_motif=TAAA;rbs_spacer=8bp;gc_cont=0.317	k141_61621	656	1336	-	Loose	400	167.9	vanR gene in vanF cluster	40.69	3002925	protein homolog model	n/a	n/a	glycopeptide antibiotic	antibiotic target alteration	glycopeptide resistance gene cluster; vanR	97.84	gnl|BL_ORD_ID|299|hsp_num:0	240			0	684	vancomycin	
k141_6007_2 # 446 # 1810 # 1 # ID=9551_2;partial=00;start_type=ATG;rbs_motif=AGxAGG/AGGxGG;rbs_spacer=5-10bp;gc_cont=0.324	k141_6007	446	1810	+	Loose	500	119.8	fexA	24.5	3002704	protein homolog model	n/a	n/a	phenicol antibiotic	antibiotic efflux	major facilitator superfamily (MFS) antibiotic efflux pump	95.58	gnl|BL_ORD_ID|836|hsp_num:0	907			63	1407	chloramphenicol; florfenicol	
k141_6007_7 # 4167 # 5432 # -1 # ID=9551_7;partial=00;start_type=TTG;rbs_motif=GGAGG;rbs_spacer=5-10bp;gc_cont=0.382	k141_6007	4167	5432	-	Loose	800	490.0	Staphylococcus aureus murA with mutation conferring resistance to fosfomycin	58.43	3003776	protein variant model	D278E	D116C:2286	phosphonic acid antibiotic	antibiotic target alteration	antibiotic-resistant murA transferase	100.00	gnl|BL_ORD_ID|2072|hsp_num:0	2285			0	1263	fosfomycin	
k141_6007_9 # 6513 # 7394 # -1 # ID=9551_9;partial=00;start_type=ATG;rbs_motif=AGGAG;rbs_spacer=5-10bp;gc_cont=0.314	k141_6007	6513	7394	-	Loose	500	52.8	leuO	25.71	3003843	protein homolog model	n/a	n/a	nucleoside antibiotic; disinfecting agents and antiseptics	antibiotic efflux	major facilitator superfamily (MFS) antibiotic efflux pump	93.31	gnl|BL_ORD_ID|4927|hsp_num:0	5921			69	585	acriflavine; puromycin	
k141_45321_1 # 101 # 1168 # 1 # ID=9552_1;partial=01;start_type=ATG;rbs_motif=AGxAGG/AGGxGG;rbs_spacer=5-10bp;gc_cont=0.287	k141_45321	101	1168	+	Loose	520	39.3	fexB	28.15	3007019	protein homolog model	n/a	n/a	phenicol antibiotic	antibiotic efflux	major facilitator superfamily (MFS) antibiotic efflux pump	75.91	gnl|BL_ORD_ID|4664|hsp_num:0	5733			789	1158	florfenicol	
k141_21988_1 # 2 # 583 # 1 # ID=9554_1;partial=10;start_type=Edge;rbs_motif=None;rbs_spacer=None;gc_cont=0.665	k141_21988	2	583	+	Loose	200	55.5	vanH gene in vanM cluster	40.0	3002947	protein homolog model	n/a	n/a	glycopeptide antibiotic	antibiotic target alteration	vanH; glycopeptide resistance gene cluster	59.20	gnl|BL_ORD_ID|4744|hsp_num:0	1724			633	888	vancomycin; teicoplanin	
k141_61622_3 # 2485 # 3507 # 1 # ID=9570_3;partial=00;start_type=ATG;rbs_motif=AGxAG;rbs_spacer=5-10bp;gc_cont=0.533	k141_61622	2485	3507	+	Loose	550	88.6	NmcR	32.7	3003665	protein homolog model	n/a	n/a	carbapenem; cephalosporin; cephamycin; penam	antibiotic inactivation	NmcA beta-lactamase	115.25	gnl|BL_ORD_ID|1906|hsp_num:0	2072			0	477	cefoxitin; cefazolin; ampicillin	
k141_45348_1 # 2 # 406 # -1 # ID=9585_1;partial=10;start_type=ATG;rbs_motif=AGGAG;rbs_spacer=5-10bp;gc_cont=0.637	k141_45348	2	406	-	Loose	600	68.9	oleC	39.8	3003748	protein homolog model	n/a	n/a	macrolide antibiotic	antibiotic efflux	ATP-binding cassette (ABC) antibiotic efflux pump	41.54	gnl|BL_ORD_ID|2051|hsp_num:0	2264			0	288	oleandomycin	
k141_45350_1 # 1 # 549 # -1 # ID=9586_1;partial=10;start_type=ATG;rbs_motif=AGxAGG/AGGxGG;rbs_spacer=3-4bp;gc_cont=0.676	k141_45350	1	549	-	Loose	1280	152.9	macB	46.71	3000535	protein homolog model	n/a	n/a	macrolide antibiotic	antibiotic efflux	ATP-binding cassette (ABC) antibiotic efflux pump	28.42	gnl|BL_ORD_ID|447|hsp_num:0	487			6	507	erythromycin	
k141_45350_2 # 546 # 1193 # -1 # ID=9586_2;partial=01;start_type=Edge;rbs_motif=None;rbs_spacer=None;gc_cont=0.699	k141_45350	546	1193	-	Loose	650	45.1	MexV	30.84	3003030	protein homolog model	n/a	n/a	macrolide antibiotic; fluoroquinolone antibiotic; tetracycline antibiotic; phenicol antibiotic; disinfecting agents and antiseptics	antibiotic efflux	resistance-nodulation-cell division (RND) antibiotic efflux pump	57.18	gnl|BL_ORD_ID|2018|hsp_num:0	2207			564	876	erythromycin; acriflavine; tetracycline; chloramphenicol	
k141_13939_1 # 2 # 787 # 1 # ID=9589_1;partial=10;start_type=Edge;rbs_motif=None;rbs_spacer=None;gc_cont=0.592	k141_13939	2	787	+	Loose	1200	174.5	TaeA	40.08	3003986	protein homolog model	n/a	n/a	pleuromutilin antibiotic	antibiotic efflux	ATP-binding cassette (ABC) antibiotic efflux pump	40.28	gnl|BL_ORD_ID|2231|hsp_num:0	2522			867	1614	pleuromutilin	
k141_37785_1 # 1 # 636 # 1 # ID=9591_1;partial=10;start_type=Edge;rbs_motif=None;rbs_spacer=None;gc_cont=0.486	k141_37785	1	636	+	Loose	450	61.6	tsnR	28.97	3003060	protein homolog model	n/a	n/a	peptide antibiotic	antibiotic target alteration	non-erm 23S ribosomal RNA methyltransferase (A1067)	78.15	gnl|BL_ORD_ID|149|hsp_num:0	49			354	789	thiostrepton	
k141_37787_1 # 110 # 499 # -1 # ID=9597_1;partial=00;start_type=ATG;rbs_motif=GGA/GAG/AGG;rbs_spacer=11-12bp;gc_cont=0.636	k141_37787	110	499	-	Loose	290	152.1	golS	56.35	3000504	protein homolog model	n/a	n/a	monobactam; carbapenem; cephalosporin; cephamycin; penam; phenicol antibiotic; penem	antibiotic efflux	resistance-nodulation-cell division (RND) antibiotic efflux pump	83.77	gnl|BL_ORD_ID|36|hsp_num:0	44			0	378	chloramphenicol	
k141_37788_1 # 1 # 237 # 1 # ID=9601_1;partial=10;start_type=Edge;rbs_motif=None;rbs_spacer=None;gc_cont=0.295	k141_37788	1	237	+	Loose	800	46.2	adeG	35.09	3000778	protein homolog model	n/a	n/a	fluoroquinolone antibiotic; tetracycline antibiotic	antibiotic efflux	resistance-nodulation-cell division (RND) antibiotic efflux pump	19.21	gnl|BL_ORD_ID|1126|hsp_num:0	1226			951	1122	tetracycline	
k141_37788_2 # 261 # 2075 # 1 # ID=9601_2;partial=01;start_type=ATG;rbs_motif=None;rbs_spacer=None;gc_cont=0.352	k141_37788	261	2075	+	Loose	2090	462.6	cmeB	41.81	3000784	protein homolog model	n/a	n/a	macrolide antibiotic; fluoroquinolone antibiotic; cephalosporin; fusidane antibiotic	antibiotic efflux	resistance-nodulation-cell division (RND) antibiotic efflux pump	58.17	gnl|BL_ORD_ID|690|hsp_num:0	748			15	1782	erythromycin; cefotaxime; fusidic acid	
k141_53703_1 # 2 # 1441 # -1 # ID=9608_1;partial=11;start_type=Edge;rbs_motif=None;rbs_spacer=None;gc_cont=0.653	k141_53703	2	1441	-	Loose	1900	314.3	MexW	41.46	3003031	protein homolog model	n/a	n/a	macrolide antibiotic; fluoroquinolone antibiotic; tetracycline antibiotic; phenicol antibiotic; disinfecting agents and antiseptics	antibiotic efflux	resistance-nodulation-cell division (RND) antibiotic efflux pump	47.15	gnl|BL_ORD_ID|2019|hsp_num:0	2208			1581	2886	erythromycin; acriflavine; tetracycline; chloramphenicol	
k141_29781_1 # 1 # 1158 # -1 # ID=9609_1;partial=11;start_type=Edge;rbs_motif=None;rbs_spacer=None;gc_cont=0.547	k141_29781	1	1158	-	Loose	700	76.6	Escherichia coli EF-Tu mutants conferring resistance to Enacyloxin IIa	31.44	3003370	protein variant model	Q124K	n/a	elfamycin antibiotic	antibiotic target alteration	elfamycin resistant EF-Tu	97.97	gnl|BL_ORD_ID|1986|hsp_num:0	2147			42	729	enacyloxin IIa	
k141_22038_1 # 2 # 1081 # 1 # ID=9611_1;partial=11;start_type=Edge;rbs_motif=None;rbs_spacer=None;gc_cont=0.671	k141_22038	2	1081	+	Loose	960	144.4	efrA	30.72	3003948	protein homolog model	n/a	n/a	macrolide antibiotic; fluoroquinolone antibiotic; rifamycin antibiotic	antibiotic efflux	ATP-binding cassette (ABC) antibiotic efflux pump	62.61	gnl|BL_ORD_ID|2183|hsp_num:0	2421			756	1629	erythromycin; ciprofloxacin; rifampin	
k141_6022_1 # 3 # 683 # 1 # ID=9614_1;partial=10;start_type=Edge;rbs_motif=None;rbs_spacer=None;gc_cont=0.655	k141_6022	3	683	+	Loose	1280	110.2	macB	38.22	3000535	protein homolog model	n/a	n/a	macrolide antibiotic	antibiotic efflux	ATP-binding cassette (ABC) antibiotic efflux pump	35.09	gnl|BL_ORD_ID|447|hsp_num:0	487			99	660	erythromycin	
k141_61658_1 # 2 # 958 # -1 # ID=9616_1;partial=10;start_type=ATG;rbs_motif=GGA/GAG/AGG;rbs_spacer=11-12bp;gc_cont=0.361	k141_61658	2	958	-	Loose	1000	61.6	mecD	26.01	3004185	protein homolog model	n/a	n/a	penam	antibiotic target replacement	methicillin resistant PBP2	47.05	gnl|BL_ORD_ID|2419|hsp_num:0	2828			426	1248	methicillin	
k141_53707_3 # 1182 # 1946 # 1 # ID=9617_3;partial=01;start_type=ATG;rbs_motif=AGGAG;rbs_spacer=5-10bp;gc_cont=0.620	k141_53707	1182	1946	+	Loose	1500	46.6	rphB	31.21	3003992	protein homolog model	n/a	n/a	rifamycin antibiotic	antibiotic inactivation	rifampin phosphotransferase	28.85	gnl|BL_ORD_ID|2236|hsp_num:0	2528			2247	2640	rifampin; rifaximin; rifabutin; rifapentine	
k141_29786_2 # 637 # 1137 # -1 # ID=9618_2;partial=01;start_type=Edge;rbs_motif=None;rbs_spacer=None;gc_cont=0.667	k141_29786	637	1137	-	Loose	340	50.1	sta	39.24	3004699	protein homolog model	n/a	n/a	nucleoside antibiotic	antibiotic inactivation	streptothricin acetyltransferase (SAT)	87.83	gnl|BL_ORD_ID|2221|hsp_num:0	3397			324	561	streptothricin	
k141_53711_1 # 33 # 1082 # -1 # ID=9621_1;partial=01;start_type=Edge;rbs_motif=None;rbs_spacer=None;gc_cont=0.330	k141_53711	33	1082	-	Loose	1300	156.4	optrA	32.12	3003746	protein homolog model	n/a	n/a	oxazolidinone antibiotic; phenicol antibiotic	antibiotic target protection	Miscellaneous ABC-F subfamily ATP-binding cassette ribosomal protection proteins	53.28	gnl|BL_ORD_ID|2070|hsp_num:0	2263			945	1959	linezolid; chloramphenicol; florfenicol; tedizolid	
k141_13951_4 # 5220 # 6419 # -1 # ID=9626_4;partial=01;start_type=Edge;rbs_motif=None;rbs_spacer=None;gc_cont=0.357	k141_13951	5220	6419	-	Loose	2200	307.0	rpoB2	54.71	3000501	protein homolog model	n/a	n/a	rifamycin antibiotic	antibiotic target alteration; antibiotic target replacement	rifamycin-resistant beta-subunit of RNA polymerase (rpoB)	34.34	gnl|BL_ORD_ID|2432|hsp_num:0	2831			2535	3363	rifampin; rifaximin; rifabutin; rifapentine	
k141_6024_2 # 664 # 1527 # 1 # ID=9631_2;partial=01;start_type=ATG;rbs_motif=AGGA;rbs_spacer=5-10bp;gc_cont=0.698	k141_6024	664	1527	+	Loose	550	100.5	NmcR	33.33	3003665	protein homolog model	n/a	n/a	carbapenem; cephalosporin; cephamycin; penam	antibiotic inactivation	NmcA beta-lactamase	97.63	gnl|BL_ORD_ID|1906|hsp_num:0	2072			30	600	cefoxitin; cefazolin; ampicillin	
k141_29800_1 # 3 # 779 # -1 # ID=9634_1;partial=10;start_type=ATG;rbs_motif=AGGAGG;rbs_spacer=3-4bp;gc_cont=0.686	k141_29800	3	779	-	Loose	730	60.1	farA	29.62	3003961	protein homolog model	n/a	n/a	antibacterial free fatty acids	antibiotic efflux	major facilitator superfamily (MFS) antibiotic efflux pump	67.45	gnl|BL_ORD_ID|2190|hsp_num:0	2428			51	777	palmitic acid; oleic acid; linoleic acid	
k141_29801_1 # 2 # 118 # 1 # ID=9637_1;partial=10;start_type=Edge;rbs_motif=None;rbs_spacer=None;gc_cont=0.590	k141_29801	2	118	+	Loose	1150	43.1	tetB(46)	59.38	3004033	protein homolog model	n/a	n/a	tetracycline antibiotic	antibiotic efflux	ATP-binding cassette (ABC) antibiotic efflux pump	6.57	gnl|BL_ORD_ID|2310|hsp_num:0	2644			1629	1725	tetracycline	
k141_37821_1 # 2 # 457 # -1 # ID=9639_1;partial=10;start_type=ATG;rbs_motif=None;rbs_spacer=None;gc_cont=0.691	k141_37821	2	457	-	Loose	550	59.3	NmcR	36.03	3003665	protein homolog model	n/a	n/a	carbapenem; cephalosporin; cephamycin; penam	antibiotic inactivation	NmcA beta-lactamase	51.53	gnl|BL_ORD_ID|1906|hsp_num:0	2072			15	414	cefoxitin; cefazolin; ampicillin	
k141_37824_1 # 1 # 444 # 1 # ID=9647_1;partial=10;start_type=Edge;rbs_motif=None;rbs_spacer=None;gc_cont=0.671	k141_37824	1	444	+	Loose	300	60.5	Escherichia coli uhpA with mutation conferring resistance to fosfomycin	32.85	3003893	protein variant model	G97D	n/a	phosphonic acid antibiotic	antibiotic target alteration	antibiotic-resistant UhpT	75.00	gnl|BL_ORD_ID|2140|hsp_num:0	2374			177	570	fosfomycin	
k141_6034_3 # 1795 # 2124 # 1 # ID=9650_3;partial=01;start_type=ATG;rbs_motif=None;rbs_spacer=None;gc_cont=0.673	k141_6034	1795	2124	+	Loose	750	53.5	patB	33.33	3000025	protein homolog model	n/a	n/a	fluoroquinolone antibiotic	antibiotic efflux	ATP-binding cassette (ABC) antibiotic efflux pump	18.71	gnl|BL_ORD_ID|1912|hsp_num:0	2112			1056	1323	ciprofloxacin; norfloxacin	
k141_6036_2 # 556 # 1383 # 1 # ID=9655_2;partial=00;start_type=ATG;rbs_motif=AGGAG;rbs_spacer=5-10bp;gc_cont=0.424	k141_6036	556	1383	+	Loose	570	89.4	bcrA	30.56	3002987	protein homolog model	n/a	n/a	peptide antibiotic	antibiotic efflux	ATP-binding cassette (ABC) antibiotic efflux pump	89.87	gnl|BL_ORD_ID|316|hsp_num:0	345			39	642	bacitracin; bacitracin A; bacitracin B; bacitracin F	
k141_13970_3 # 1145 # 1930 # -1 # ID=9659_3;partial=00;start_type=ATG;rbs_motif=GGAG/GAGG;rbs_spacer=5-10bp;gc_cont=0.552	k141_13970	1145	1930	-	Loose	450	83.2	RanB	27.98	3005090	protein homolog model	n/a	n/a	aminoglycoside antibiotic	antibiotic efflux	ATP-binding cassette (ABC) antibiotic efflux pump	103.16	gnl|BL_ORD_ID|2808|hsp_num:0	3824			42	750		
k141_13970_4 # 1927 # 2739 # -1 # ID=9659_4;partial=00;start_type=ATG;rbs_motif=4Base/6BMM;rbs_spacer=13-15bp;gc_cont=0.540	k141_13970	1927	2739	-	Loose	500	139.8	RanA	32.22	3005091	protein homolog model	n/a	n/a	aminoglycoside antibiotic	antibiotic efflux	ATP-binding cassette (ABC) antibiotic efflux pump	104.65	gnl|BL_ORD_ID|2809|hsp_num:0	3825			0	714		
k141_53743_3 # 1065 # 1532 # 1 # ID=9672_3;partial=00;start_type=ATG;rbs_motif=GGA/GAG/AGG;rbs_spacer=5-10bp;gc_cont=0.675	k141_53743	1065	1532	+	Loose	290	71.6	golS	32.88	3000504	protein homolog model	n/a	n/a	monobactam; carbapenem; cephalosporin; cephamycin; penam; phenicol antibiotic; penem	antibiotic efflux	resistance-nodulation-cell division (RND) antibiotic efflux pump	100.65	gnl|BL_ORD_ID|36|hsp_num:0	44			6	444	chloramphenicol	
k141_53787_1 # 3 # 1460 # -1 # ID=9726_1;partial=10;start_type=ATG;rbs_motif=AAAAA;rbs_spacer=5bp;gc_cont=0.357	k141_53787	3	1460	-	Loose	400	99.8	tetB(P)	39.6	3000195	protein homolog model	n/a	n/a	tetracycline antibiotic	antibiotic target protection	tetracycline-resistant ribosomal protection protein	74.54	gnl|BL_ORD_ID|738|hsp_num:0	804			0	435	tetracycline; doxycycline; minocycline; chlortetracycline; demeclocycline; oxytetracycline	
k141_14031_1 # 1 # 831 # 1 # ID=9733_1;partial=10;start_type=Edge;rbs_motif=None;rbs_spacer=None;gc_cont=0.690	k141_14031	1	831	+	Loose	500	85.1	RanA	29.7	3005091	protein homolog model	n/a	n/a	aminoglycoside antibiotic	antibiotic efflux	ATP-binding cassette (ABC) antibiotic efflux pump	106.98	gnl|BL_ORD_ID|2809|hsp_num:0	3825			234	726		
k141_45462_1 # 100 # 639 # -1 # ID=9736_1;partial=00;start_type=ATG;rbs_motif=GGAG/GAGG;rbs_spacer=5-10bp;gc_cont=0.289	k141_45462	100	639	-	Loose	550	50.1	NmcR	31.82	3003665	protein homolog model	n/a	n/a	carbapenem; cephalosporin; cephamycin; penam	antibiotic inactivation	NmcA beta-lactamase	60.68	gnl|BL_ORD_ID|1906|hsp_num:0	2072			0	264	cefoxitin; cefazolin; ampicillin	
k141_45470_2 # 687 # 1718 # -1 # ID=9756_2;partial=00;start_type=ATG;rbs_motif=AGxAG;rbs_spacer=5-10bp;gc_cont=0.355	k141_45470	687	1718	-	Loose	1200	320.1	arnA	46.73	3002985	protein homolog model	n/a	n/a	peptide antibiotic	antibiotic target alteration	pmr phosphoethanolamine transferase	51.81	gnl|BL_ORD_ID|1514|hsp_num:0	1643			954	1950	polymyxin B	
k141_45470_3 # 1756 # 2673 # -1 # ID=9756_3;partial=00;start_type=ATG;rbs_motif=None;rbs_spacer=None;gc_cont=0.341	k141_45470	1756	2673	-	Loose	1200	234.2	arnA	43.96	3002985	protein homolog model	n/a	n/a	peptide antibiotic	antibiotic target alteration	pmr phosphoethanolamine transferase	46.07	gnl|BL_ORD_ID|1514|hsp_num:0	1643			15	834	polymyxin B	
k141_53804_3 # 1478 # 2215 # -1 # ID=9760_3;partial=00;start_type=ATG;rbs_motif=GGAGG;rbs_spacer=5-10bp;gc_cont=0.516	k141_53804	1478	2215	-	Loose	600	94.0	oleC	31.53	3003748	protein homolog model	n/a	n/a	macrolide antibiotic	antibiotic efflux	ATP-binding cassette (ABC) antibiotic efflux pump	75.38	gnl|BL_ORD_ID|2051|hsp_num:0	2264			0	654	oleandomycin	
k141_53804_4 # 2212 # 2988 # -1 # ID=9760_4;partial=00;start_type=ATG;rbs_motif=AGGAG;rbs_spacer=5-10bp;gc_cont=0.516	k141_53804	2212	2988	-	Loose	650	120.6	tetA(58)	29.74	3003980	protein homolog model	n/a	n/a	tetracycline antibiotic	antibiotic efflux	major facilitator superfamily (MFS) antibiotic efflux pump	75.22	gnl|BL_ORD_ID|2244|hsp_num:0	2517			63	708	tetracycline	
k141_45473_1 # 3 # 587 # -1 # ID=9762_1;partial=10;start_type=ATG;rbs_motif=GGAGG;rbs_spacer=5-10bp;gc_cont=0.523	k141_45473	3	587	-	Loose	570	89.0	bcrA	32.43	3002987	protein homolog model	n/a	n/a	peptide antibiotic	antibiotic efflux	ATP-binding cassette (ABC) antibiotic efflux pump	63.73	gnl|BL_ORD_ID|316|hsp_num:0	345			9	543	bacitracin; bacitracin A; bacitracin B; bacitracin F	
k141_45473_2 # 584 # 1360 # -1 # ID=9762_2;partial=00;start_type=ATG;rbs_motif=AGGAG;rbs_spacer=5-10bp;gc_cont=0.510	k141_45473	584	1360	-	Loose	650	121.3	tetA(58)	30.17	3003980	protein homolog model	n/a	n/a	tetracycline antibiotic	antibiotic efflux	major facilitator superfamily (MFS) antibiotic efflux pump	75.22	gnl|BL_ORD_ID|2244|hsp_num:0	2517			63	708	tetracycline	
k141_6115_1 # 204 # 848 # -1 # ID=9770_1;partial=00;start_type=ATG;rbs_motif=AGGAG;rbs_spacer=5-10bp;gc_cont=0.547	k141_6115	204	848	-	Loose	700	47.0	OmpA	46.43	3005044	protein homolog model	n/a	n/a	peptide antibiotic	reduced permeability to antibiotic	General Bacterial Porin with reduced permeability to peptide antibiotics	57.22	gnl|BL_ORD_ID|2775|hsp_num:0	3787			846	1014	polymyxin B; defensin	
k141_61760_3 # 1987 # 2724 # 1 # ID=9777_3;partial=01;start_type=ATG;rbs_motif=None;rbs_spacer=None;gc_cont=0.648	k141_61760	1987	2724	+	Loose	550	42.7	NmcR	27.65	3003665	protein homolog model	n/a	n/a	carbapenem; cephalosporin; cephamycin; penam	antibiotic inactivation	NmcA beta-lactamase	83.39	gnl|BL_ORD_ID|1906|hsp_num:0	2072			27	507	cefoxitin; cefazolin; ampicillin	
k141_45491_1 # 277 # 1113 # -1 # ID=9798_1;partial=00;start_type=ATG;rbs_motif=None;rbs_spacer=None;gc_cont=0.508	k141_45491	277	1113	-	Loose	400	43.9	vatC	25.79	3002842	protein homolog model	n/a	n/a	streptogramin antibiotic; streptogramin A antibiotic	antibiotic inactivation	streptogramin vat acetyltransferase	131.13	gnl|BL_ORD_ID|805|hsp_num:0	872			180	615	virginiamycin M1; madumycin II; griseoviridin; dalfopristin	
k141_14077_3 # 1153 # 1587 # -1 # ID=9805_3;partial=00;start_type=ATG;rbs_motif=None;rbs_spacer=None;gc_cont=0.600	k141_14077	1153	1587	-	Loose	450	44.7	aadA11	30.32	3002611	protein homolog model	n/a	n/a	aminoglycoside antibiotic	antibiotic inactivation	ANT(3'')	51.25	gnl|BL_ORD_ID|1626|hsp_num:0	1772			12	441	spectinomycin; streptomycin	
k141_29921_2 # 1177 # 2073 # -1 # ID=9808_2;partial=00;start_type=ATG;rbs_motif=AGGAG;rbs_spacer=5-10bp;gc_cont=0.550	k141_29921	1177	2073	-	Loose	650	47.8	adeL	29.17	3000620	protein homolog model	n/a	n/a	fluoroquinolone antibiotic; tetracycline antibiotic	antibiotic efflux	resistance-nodulation-cell division (RND) antibiotic efflux pump	88.43	gnl|BL_ORD_ID|2316|hsp_num:0	2654			0	351	tetracycline	
k141_45518_2 # 268 # 1215 # -1 # ID=9828_2;partial=00;start_type=ATG;rbs_motif=GGAG/GAGG;rbs_spacer=5-10bp;gc_cont=0.336	k141_45518	268	1215	-	Loose	200	82.8	vanH gene in vanA cluster	31.58	3002942	protein homolog model	n/a	n/a	glycopeptide antibiotic	antibiotic target alteration	vanH; glycopeptide resistance gene cluster	97.83	gnl|BL_ORD_ID|4670|hsp_num:0	178			333	948	vancomycin; teicoplanin	
k141_14100_4 # 1651 # 2610 # -1 # ID=9841_4;partial=00;start_type=ATG;rbs_motif=None;rbs_spacer=None;gc_cont=0.674	k141_14100	1651	2610	-	Loose	500	126.3	MexT	32.04	3000814	protein overexpression model	n/a	n/a	fluoroquinolone antibiotic; diaminopyrimidine antibiotic; phenicol antibiotic	antibiotic efflux	resistance-nodulation-cell division (RND) antibiotic efflux pump	91.93	gnl|BL_ORD_ID|1485|hsp_num:0	1608			237	1020	ciprofloxacin; trimethoprim; chloramphenicol	
k141_6155_3 # 2068 # 2382 # -1 # ID=9852_3;partial=01;start_type=Edge;rbs_motif=None;rbs_spacer=None;gc_cont=0.292	k141_6155	2068	2382	-	Loose	570	57.8	bcrA	33.98	3002987	protein homolog model	n/a	n/a	peptide antibiotic	antibiotic efflux	ATP-binding cassette (ABC) antibiotic efflux pump	33.99	gnl|BL_ORD_ID|316|hsp_num:0	345			336	642	bacitracin; bacitracin A; bacitracin B; bacitracin F	
k141_14110_3 # 932 # 1189 # 1 # ID=9856_3;partial=01;start_type=ATG;rbs_motif=GGAGG;rbs_spacer=5-10bp;gc_cont=0.500	k141_14110	932	1189	+	Loose	400	80.5	Pseudomonas aeruginosa CpxR	50.0	3004054	protein homolog model	n/a	n/a	macrolide antibiotic; fluoroquinolone antibiotic; monobactam; aminoglycoside antibiotic; carbapenem; cephalosporin; cephamycin; penam; tetracycline antibiotic; peptide antibiotic; aminocoumarin antibiotic; diaminopyrimidine antibiotic; sulfonamide antibiotic; phenicol antibiotic; penem	antibiotic efflux	resistance-nodulation-cell division (RND) antibiotic efflux pump	38.22	gnl|BL_ORD_ID|2301|hsp_num:0	2685			0	264	erythromycin; ciprofloxacin; tetracycline; ceftazidime; ceftriaxone; meropenem; novobiocin; azithromycin; trimethoprim; sulfamethoxazole; chloramphenicol; aztreonam; colistin A; colistin B; ampicillin; panipenem; trimethoprim-sulfamethoxazole	
k141_45539_1 # 2 # 1096 # -1 # ID=9861_1;partial=11;start_type=Edge;rbs_motif=None;rbs_spacer=None;gc_cont=0.620	k141_45539	2	1096	-	Loose	1000	112.1	almE	27.14	3007433	protein homolog model	n/a	n/a	peptide antibiotic	antibiotic target alteration	polymyxin resistance operon; alm glycyltransferase	65.65	gnl|BL_ORD_ID|4936|hsp_num:0	5928			633	1632	colistin A; colistin B	
k141_6160_1 # 1 # 549 # 1 # ID=9862_1;partial=10;start_type=Edge;rbs_motif=None;rbs_spacer=None;gc_cont=0.545	k141_6160	1	549	+	Loose	1020	61.2	tlrC	28.0	3002827	protein homolog model	n/a	n/a	macrolide antibiotic; lincosamide antibiotic	antibiotic target protection	Miscellaneous ABC-F subfamily ATP-binding cassette ribosomal protection proteins	33.21	gnl|BL_ORD_ID|1842|hsp_num:0	1997			1140	1638	lincomycin; tylosin; mycinamicin	
k141_29957_1 # 3 # 455 # 1 # ID=9865_1;partial=10;start_type=Edge;rbs_motif=None;rbs_spacer=None;gc_cont=0.658	k141_29957	3	455	+	Loose	350	81.3	vanD	32.86	3000005	protein homolog model	n/a	n/a	glycopeptide antibiotic	antibiotic target alteration	glycopeptide resistance gene cluster; Van ligase	43.73	gnl|BL_ORD_ID|760|hsp_num:0	824			594	1011	vancomycin; teicoplanin	
k141_14120_2 # 736 # 1044 # 1 # ID=9872_2;partial=01;start_type=ATG;rbs_motif=GGA/GAG/AGG;rbs_spacer=5-10bp;gc_cont=0.696	k141_14120	736	1044	+	Loose	550	42.7	PmrF	30.85	3003578	protein homolog model	n/a	n/a	peptide antibiotic	antibiotic target alteration	pmr phosphoethanolamine transferase	31.99	gnl|BL_ORD_ID|1938|hsp_num:0	2014			6	288	polymyxin B	
k141_29970_2 # 587 # 1351 # -1 # ID=9887_2;partial=00;start_type=ATG;rbs_motif=GGA/GAG/AGG;rbs_spacer=5-10bp;gc_cont=0.514	k141_29970	587	1351	-	Loose	500	143.3	RanA	33.47	3005091	protein homolog model	n/a	n/a	aminoglycoside antibiotic	antibiotic efflux	ATP-binding cassette (ABC) antibiotic efflux pump	98.45	gnl|BL_ORD_ID|2809|hsp_num:0	3825			3	711		
k141_61834_4 # 1861 # 2823 # 1 # ID=9889_4;partial=00;start_type=ATG;rbs_motif=AGGA;rbs_spacer=5-10bp;gc_cont=0.599	k141_61834	1861	2823	+	Loose	1200	103.2	arnA	27.69	3002985	protein homolog model	n/a	n/a	peptide antibiotic	antibiotic target alteration	pmr phosphoethanolamine transferase	48.34	gnl|BL_ORD_ID|1514|hsp_num:0	1643			51	921	polymyxin B	
k141_29975_1 # 1 # 1884 # -1 # ID=9894_1;partial=11;start_type=Edge;rbs_motif=None;rbs_spacer=None;gc_cont=0.460	k141_29975	1	1884	-	Loose	2090	169.9	mdsB	26.63	3000790	protein homolog model	n/a	n/a	monobactam; carbapenem; cephalosporin; cephamycin; penam; phenicol antibiotic; penem	antibiotic efflux	resistance-nodulation-cell division (RND) antibiotic efflux pump	59.53	gnl|BL_ORD_ID|1270|hsp_num:0	1385			201	1887	chloramphenicol	
k141_37994_1 # 26 # 1561 # 1 # ID=9901_1;partial=01;start_type=ATG;rbs_motif=None;rbs_spacer=None;gc_cont=0.644	k141_37994	26	1561	+	Loose	1900	409.1	MexW	44.56	3003031	protein homolog model	n/a	n/a	macrolide antibiotic; fluoroquinolone antibiotic; tetracycline antibiotic; phenicol antibiotic; disinfecting agents and antiseptics	antibiotic efflux	resistance-nodulation-cell division (RND) antibiotic efflux pump	50.29	gnl|BL_ORD_ID|2019|hsp_num:0	2208			0	1488	erythromycin; acriflavine; tetracycline; chloramphenicol	
k141_6187_2 # 757 # 1326 # -1 # ID=9911_2;partial=01;start_type=Edge;rbs_motif=None;rbs_spacer=None;gc_cont=0.595	k141_6187	757	1326	-	Loose	710	123.2	tet(35)	42.69	3000481	protein homolog model	n/a	n/a	tetracycline antibiotic	antibiotic efflux	ATP-binding cassette (ABC) antibiotic efflux pump	51.22	gnl|BL_ORD_ID|1928|hsp_num:0	1969			558	1062	tetracycline	
k141_45576_2 # 114 # 1046 # -1 # ID=9921_2;partial=01;start_type=Edge;rbs_motif=None;rbs_spacer=None;gc_cont=0.459	k141_45576	114	1046	-	Loose	1900	65.5	MexK	42.2	3003693	protein homolog model	n/a	n/a	macrolide antibiotic; tetracycline antibiotic; disinfecting agents and antiseptics	antibiotic efflux	resistance-nodulation-cell division (RND) antibiotic efflux pump	30.24	gnl|BL_ORD_ID|2017|hsp_num:0	2206			2703	3027	erythromycin; tetracycline; triclosan	
k141_22290_2 # 732 # 1241 # -1 # ID=9930_2;partial=01;start_type=Edge;rbs_motif=None;rbs_spacer=None;gc_cont=0.708	k141_22290	732	1241	-	Loose	650	66.2	tetA(58)	32.86	3003980	protein homolog model	n/a	n/a	tetracycline antibiotic	antibiotic efflux	major facilitator superfamily (MFS) antibiotic efflux pump	49.27	gnl|BL_ORD_ID|2244|hsp_num:0	2517			288	690	tetracycline	
k141_61883_1 # 3 # 1028 # -1 # ID=9968_1;partial=10;start_type=ATG;rbs_motif=AGGA;rbs_spacer=5-10bp;gc_cont=0.338	k141_61883	3	1028	-	Loose	750	66.2	blt	26.7	3003006	protein homolog model	n/a	n/a	fluoroquinolone antibiotic; disinfecting agents and antiseptics	antibiotic efflux	major facilitator superfamily (MFS) antibiotic efflux pump	85.50	gnl|BL_ORD_ID|1826|hsp_num:0	1975			33	597	acriflavine	
k141_6227_2 # 512 # 1201 # 1 # ID=9969_2;partial=01;start_type=ATG;rbs_motif=None;rbs_spacer=None;gc_cont=0.677	k141_6227	512	1201	+	Loose	1080	95.1	rosB	33.48	3003049	protein homolog model	n/a	n/a	peptide antibiotic	antibiotic efflux	major facilitator superfamily (MFS) antibiotic efflux pump	40.85	gnl|BL_ORD_ID|467|hsp_num:0	507			45	699	polymyxin B; polymyxin B1; polymyxin B2; polymyxin B3; polymyxin B4	
k141_6238_1 # 1 # 1182 # 1 # ID=9986_1;partial=10;start_type=Edge;rbs_motif=None;rbs_spacer=None;gc_cont=0.657	k141_6238	1	1182	+	Loose	650	57.8	tetA(58)	23.15	3003980	protein homolog model	n/a	n/a	tetracycline antibiotic	antibiotic efflux	major facilitator superfamily (MFS) antibiotic efflux pump	114.58	gnl|BL_ORD_ID|2244|hsp_num:0	2517			105	678	tetracycline	
k141_6245_2 # 506 # 1255 # 1 # ID=9990_2;partial=01;start_type=ATG;rbs_motif=GGA/GAG/AGG;rbs_spacer=5-10bp;gc_cont=0.619	k141_6245	506	1255	+	Loose	1800	69.7	MexD	26.67	3000801	protein homolog model	n/a	n/a	macrolide antibiotic; fluoroquinolone antibiotic; aminoglycoside antibiotic; cephalosporin; penam; tetracycline antibiotic; aminocoumarin antibiotic; diaminopyrimidine antibiotic; phenicol antibiotic	antibiotic efflux	resistance-nodulation-cell division (RND) antibiotic efflux pump	23.97	gnl|BL_ORD_ID|1486|hsp_num:0	1523			39	648	erythromycin; gentamicin C; tetracycline; novobiocin; trimethoprim; chloramphenicol; ofloxacin; gentamicin	
k141_53977_3 # 2743 # 3969 # -1 # ID=9992_3;partial=00;start_type=ATG;rbs_motif=None;rbs_spacer=None;gc_cont=0.581	k141_53977	2743	3969	-	Loose	900	45.1	QepA4	27.69	3004379	protein homolog model	n/a	n/a	fluoroquinolone antibiotic	antibiotic efflux	major facilitator superfamily (MFS) antibiotic efflux pump	79.84	gnl|BL_ORD_ID|2491|hsp_num:0	2880			69	603		
k141_30041_4 # 2371 # 3036 # -1 # ID=9994_4;partial=00;start_type=ATG;rbs_motif=AATAA;rbs_spacer=10bp;gc_cont=0.332	k141_30041	2371	3036	-	Loose	390	73.6	evgA	25.45	3000832	protein homolog model	n/a	n/a	macrolide antibiotic; fluoroquinolone antibiotic; penam; tetracycline antibiotic	antibiotic efflux	major facilitator superfamily (MFS) antibiotic efflux pump; resistance-nodulation-cell division (RND) antibiotic efflux pump	108.33	gnl|BL_ORD_ID|937|hsp_num:0	1015			0	606	erythromycin; cloxacillin; tetracycline; oxacillin; norfloxacin	
k141_53993_1 # 3 # 392 # 1 # ID=10015_1;partial=10;start_type=Edge;rbs_motif=None;rbs_spacer=None;gc_cont=0.454	k141_53993	3	392	+	Loose	400	43.9	Erm(34)	31.25	3000600	protein homolog model	n/a	n/a	macrolide antibiotic; lincosamide antibiotic; streptogramin antibiotic; streptogramin A antibiotic; streptogramin B antibiotic	antibiotic target alteration	Erm 23S ribosomal RNA methyltransferase	45.91	gnl|BL_ORD_ID|8|hsp_num:0	11			507	747	erythromycin; roxithromycin; lincomycin; telithromycin; clarithromycin; clindamycin; tylosin; spiramycin; azithromycin; dirithromycin; pristinamycin IA; quinupristin; virginiamycin M1; madumycin II; griseoviridin; dalfopristin; pristinamycin IB; virginiamycin S2; pristinamycin IC; vernamycin C; patricin A; patricin B; ostreogrycin B3; oleandomycin	
k141_6265_1 # 128 # 1183 # -1 # ID=10028_1;partial=01;start_type=Edge;rbs_motif=None;rbs_spacer=None;gc_cont=0.665	k141_6265	128	1183	-	Loose	700	97.4	vanS gene in vanM cluster	31.82	3002939	protein homolog model	n/a	n/a	glycopeptide antibiotic	antibiotic target alteration	vanS; glycopeptide resistance gene cluster	94.86	gnl|BL_ORD_ID|4740|hsp_num:0	1328			426	1083	vancomycin; teicoplanin	
k141_22365_1 # 3 # 638 # 1 # ID=10051_1;partial=10;start_type=Edge;rbs_motif=None;rbs_spacer=None;gc_cont=0.495	k141_22365	3	638	+	Loose	400	155.6	Pseudomonas aeruginosa CpxR	41.95	3004054	protein homolog model	n/a	n/a	macrolide antibiotic; fluoroquinolone antibiotic; monobactam; aminoglycoside antibiotic; carbapenem; cephalosporin; cephamycin; penam; tetracycline antibiotic; peptide antibiotic; aminocoumarin antibiotic; diaminopyrimidine antibiotic; sulfonamide antibiotic; phenicol antibiotic; penem	antibiotic efflux	resistance-nodulation-cell division (RND) antibiotic efflux pump	93.78	gnl|BL_ORD_ID|2301|hsp_num:0	2685			72	669	erythromycin; ciprofloxacin; tetracycline; ceftazidime; ceftriaxone; meropenem; novobiocin; azithromycin; trimethoprim; sulfamethoxazole; chloramphenicol; aztreonam; colistin A; colistin B; ampicillin; panipenem; trimethoprim-sulfamethoxazole	
k141_61941_3 # 592 # 1224 # 1 # ID=10052_3;partial=00;start_type=ATG;rbs_motif=AGGAG;rbs_spacer=5-10bp;gc_cont=0.671	k141_61941	592	1224	+	Loose	390	95.1	evgA	28.86	3000832	protein homolog model	n/a	n/a	macrolide antibiotic; fluoroquinolone antibiotic; penam; tetracycline antibiotic	antibiotic efflux	major facilitator superfamily (MFS) antibiotic efflux pump; resistance-nodulation-cell division (RND) antibiotic efflux pump	102.94	gnl|BL_ORD_ID|937|hsp_num:0	1015			12	603	erythromycin; cloxacillin; tetracycline; oxacillin; norfloxacin	
k141_6279_1 # 119 # 832 # 1 # ID=10056_1;partial=00;start_type=ATG;rbs_motif=AGGA;rbs_spacer=5-10bp;gc_cont=0.375	k141_6279	119	832	+	Loose	570	204.5	bcrA	53.08	3002987	protein homolog model	n/a	n/a	peptide antibiotic	antibiotic efflux	ATP-binding cassette (ABC) antibiotic efflux pump	77.45	gnl|BL_ORD_ID|316|hsp_num:0	345			0	633	bacitracin; bacitracin A; bacitracin B; bacitracin F	
k141_6279_4 # 2313 # 2975 # 1 # ID=10056_4;partial=00;start_type=ATG;rbs_motif=GGAG/GAGG;rbs_spacer=5-10bp;gc_cont=0.379	k141_6279	2313	2975	+	Loose	400	157.9	vanR gene in vanI cluster	38.26	3003728	protein homolog model	n/a	n/a	glycopeptide antibiotic	antibiotic target alteration	glycopeptide resistance gene cluster; vanR	94.83	gnl|BL_ORD_ID|2066|hsp_num:0	2246			6	696	vancomycin; teicoplanin	
k141_6279_5 # 3005 # 4339 # 1 # ID=10056_5;partial=00;start_type=ATG;rbs_motif=AGxAGG/AGGxGG;rbs_spacer=5-10bp;gc_cont=0.387	k141_6279	3005	4339	+	Loose	700	79.0	vanS gene in vanL cluster	24.05	3002938	protein homolog model	n/a	n/a	glycopeptide antibiotic	antibiotic target alteration	vanS; glycopeptide resistance gene cluster	121.98	gnl|BL_ORD_ID|4735|hsp_num:0	744			201	1056	vancomycin	
k141_38090_2 # 398 # 1036 # -1 # ID=10059_2;partial=01;start_type=Edge;rbs_motif=None;rbs_spacer=None;gc_cont=0.313	k141_38090	398	1036	-	Loose	1000	179.9	msbA	47.12	3003950	protein homolog model	n/a	n/a	nitroimidazole antibiotic	antibiotic efflux	ATP-binding cassette (ABC) antibiotic efflux pump	36.43	gnl|BL_ORD_ID|2186|hsp_num:0	2423			1116	1737	metronidazole	
k141_30080_2 # 718 # 1500 # 1 # ID=10060_2;partial=00;start_type=ATG;rbs_motif=None;rbs_spacer=None;gc_cont=0.663	k141_30080	718	1500	+	Loose	650	89.0	tetA(58)	25.4	3003980	protein homolog model	n/a	n/a	tetracycline antibiotic	antibiotic efflux	major facilitator superfamily (MFS) antibiotic efflux pump	75.80	gnl|BL_ORD_ID|2244|hsp_num:0	2517			78	771	tetracycline	
k141_30080_3 # 1497 # 1685 # 1 # ID=10060_3;partial=01;start_type=ATG;rbs_motif=AGGAGG;rbs_spacer=3-4bp;gc_cont=0.672	k141_30080	1497	1685	+	Loose	600	42.0	oleC	42.86	3003748	protein homolog model	n/a	n/a	macrolide antibiotic	antibiotic efflux	ATP-binding cassette (ABC) antibiotic efflux pump	19.38	gnl|BL_ORD_ID|2051|hsp_num:0	2264			0	147	oleandomycin	
k141_30085_1 # 88 # 531 # 1 # ID=10070_1;partial=00;start_type=ATG;rbs_motif=AGGAG;rbs_spacer=5-10bp;gc_cont=0.680	k141_30085	88	531	+	Loose	650	168.7	adeL	57.25	3000620	protein homolog model	n/a	n/a	fluoroquinolone antibiotic; tetracycline antibiotic	antibiotic efflux	resistance-nodulation-cell division (RND) antibiotic efflux pump	43.62	gnl|BL_ORD_ID|2316|hsp_num:0	2654			0	414	tetracycline	
k141_30085_2 # 546 # 929 # 1 # ID=10070_2;partial=00;start_type=GTG;rbs_motif=None;rbs_spacer=None;gc_cont=0.651	k141_30085	546	929	+	Loose	650	84.7	adeL	34.96	3000620	protein homolog model	n/a	n/a	fluoroquinolone antibiotic; tetracycline antibiotic	antibiotic efflux	resistance-nodulation-cell division (RND) antibiotic efflux pump	37.69	gnl|BL_ORD_ID|2316|hsp_num:0	2654			441	804	tetracycline	
k141_54087_1 # 3 # 941 # -1 # ID=10142_1;partial=10;start_type=ATG;rbs_motif=GGA/GAG/AGG;rbs_spacer=5-10bp;gc_cont=0.485	k141_54087	3	941	-	Loose	800	177.9	Borreliella burgdorferi murA with mutation conferring resistance to fosfomycin	33.33	3003777	protein variant model	D116C	n/a	phosphonic acid antibiotic	antibiotic target alteration	antibiotic-resistant murA transferase	73.30	gnl|BL_ORD_ID|2080|hsp_num:0	2286			0	939	fosfomycin	
k141_45694_1 # 2 # 820 # 1 # ID=10145_1;partial=10;start_type=Edge;rbs_motif=None;rbs_spacer=None;gc_cont=0.324	k141_45694	2	820	+	Loose	2300	77.8	evgS	25.87	3000833	protein homolog model	n/a	n/a	macrolide antibiotic; fluoroquinolone antibiotic; penam; tetracycline antibiotic	antibiotic efflux	major facilitator superfamily (MFS) antibiotic efflux pump; resistance-nodulation-cell division (RND) antibiotic efflux pump	22.72	gnl|BL_ORD_ID|1215|hsp_num:0	1318			2022	2817	erythromycin; cloxacillin; tetracycline; oxacillin; norfloxacin	
k141_22451_1 # 1 # 384 # -1 # ID=10158_1;partial=10;start_type=ATG;rbs_motif=AGGA/GGAG/GAGG;rbs_spacer=11-12bp;gc_cont=0.424	k141_22451	1	384	-	Loose	800	94.7	Borreliella burgdorferi murA with mutation conferring resistance to fosfomycin	36.51	3003777	protein variant model	D116C	n/a	phosphonic acid antibiotic	antibiotic target alteration	antibiotic-resistant murA transferase	29.98	gnl|BL_ORD_ID|2080|hsp_num:0	2286			0	378	fosfomycin	
k141_14290_4 # 1806 # 2258 # 1 # ID=10165_4;partial=00;start_type=ATG;rbs_motif=GGA/GAG/AGG;rbs_spacer=5-10bp;gc_cont=0.342	k141_14290	1806	2258	+	Loose	275	38.9	AAC(6')-Ib-SK	26.13	3002593	protein homolog model	n/a	n/a	aminoglycoside antibiotic	antibiotic inactivation	AAC(6')	85.23	gnl|BL_ORD_ID|946|hsp_num:0	1024			150	468	amikacin; kanamycin A; tobramycin	
k141_45712_2 # 1175 # 1480 # -1 # ID=10188_2;partial=01;start_type=Edge;rbs_motif=None;rbs_spacer=None;gc_cont=0.624	k141_45712	1175	1480	-	Loose	1000	114.0	MCR-9.1	47.87	3004684	protein homolog model	n/a	n/a	peptide antibiotic	antibiotic target alteration	MCR phosphoethanolamine transferase	18.74	gnl|BL_ORD_ID|2246|hsp_num:0	3383			1332	1614	colistin A; colistin B	
k141_14311_1 # 3 # 1010 # 1 # ID=10199_1;partial=10;start_type=Edge;rbs_motif=None;rbs_spacer=None;gc_cont=0.313	k141_14311	3	1010	+	Loose	880	74.7	arlS	23.24	3000839	protein homolog model	n/a	n/a	fluoroquinolone antibiotic; disinfecting agents and antiseptics	antibiotic efflux	major facilitator superfamily (MFS) antibiotic efflux pump	74.28	gnl|BL_ORD_ID|166|hsp_num:0	182			378	1350	ciprofloxacin; acriflavine; norfloxacin	
k141_6361_2 # 326 # 1093 # 1 # ID=10206_2;partial=00;start_type=ATG;rbs_motif=GGA/GAG/AGG;rbs_spacer=5-10bp;gc_cont=0.715	k141_6361	326	1093	+	Loose	650	115.2	tetA(58)	33.75	3003980	protein homolog model	n/a	n/a	tetracycline antibiotic	antibiotic efflux	major facilitator superfamily (MFS) antibiotic efflux pump	74.34	gnl|BL_ORD_ID|2244|hsp_num:0	2517			51	738	tetracycline	
k141_6361_3 # 1090 # 1404 # 1 # ID=10206_3;partial=01;start_type=ATG;rbs_motif=GGAGG;rbs_spacer=5-10bp;gc_cont=0.657	k141_6361	1090	1404	+	Loose	960	53.5	lsaC	45.1	3003112	protein homolog model	n/a	n/a	lincosamide antibiotic; streptogramin antibiotic; pleuromutilin antibiotic	antibiotic target protection	lsa-type ABC-F protein	21.34	gnl|BL_ORD_ID|1603|hsp_num:0	1748			921	1074	lincomycin; clindamycin; pleuromutilin	
k141_14319_2 # 823 # 1242 # 1 # ID=10219_2;partial=01;start_type=TTG;rbs_motif=TAA;rbs_spacer=11bp;gc_cont=0.343	k141_14319	823	1242	+	Loose	200	63.5	Escherichia coli soxS with mutation conferring antibiotic resistance	31.07	3003511	protein overexpression model	n/a	n/a	fluoroquinolone antibiotic; monobactam; carbapenem; cephalosporin; glycylcycline; cephamycin; penam; tetracycline antibiotic; rifamycin antibiotic; phenicol antibiotic; penem; disinfecting agents and antiseptics	antibiotic target alteration; antibiotic efflux; reduced permeability to antibiotic	ATP-binding cassette (ABC) antibiotic efflux pump; major facilitator superfamily (MFS) antibiotic efflux pump; resistance-nodulation-cell division (RND) antibiotic efflux pump; General Bacterial Porin with reduced permeability to beta-lactams	130.84	gnl|BL_ORD_ID|1976|hsp_num:0	2066			6	312	tigecycline; ciprofloxacin; tetracycline; rifampin; chloramphenicol; ampicillin; norfloxacin; cefalotin; triclosan; enrofloxacin	
k141_22494_2 # 1597 # 2220 # -1 # ID=10223_2;partial=01;start_type=Edge;rbs_motif=None;rbs_spacer=None;gc_cont=0.606	k141_22494	1597	2220	-	Loose	550	41.2	LRA-2	27.48	3002485	protein homolog model	n/a	n/a	cephalosporin; penam	antibiotic inactivation	subclass B3 LRA beta-lactamase	68.54	gnl|BL_ORD_ID|1219|hsp_num:0	1324			333	726		
k141_30179_2 # 212 # 1213 # 1 # ID=10227_2;partial=01;start_type=ATG;rbs_motif=GGA/GAG/AGG;rbs_spacer=5-10bp;gc_cont=0.547	k141_30179	212	1213	+	Loose	850	45.4	mepA	20.13	3000026	protein homolog model	n/a	n/a	glycylcycline; tetracycline antibiotic	antibiotic efflux	multidrug and toxic compound extrusion (MATE) transporter	74.06	gnl|BL_ORD_ID|345|hsp_num:0	377			45	978	tigecycline	
k141_45739_5 # 1778 # 2602 # -1 # ID=10228_5;partial=00;start_type=ATG;rbs_motif=TAAAA;rbs_spacer=12bp;gc_cont=0.486	k141_45739	1778	2602	-	Loose	700	90.1	OmpA	36.31	3005044	protein homolog model	n/a	n/a	peptide antibiotic	reduced permeability to antibiotic	General Bacterial Porin with reduced permeability to peptide antibiotics	73.26	gnl|BL_ORD_ID|2775|hsp_num:0	3787			639	1101	polymyxin B; defensin	
k141_45746_1 # 689 # 1081 # 1 # ID=10236_1;partial=01;start_type=GTG;rbs_motif=TAA;rbs_spacer=11bp;gc_cont=0.374	k141_45746	689	1081	+	Loose	1800	52.0	mexY	26.05	3003033	protein homolog model	n/a	n/a	macrolide antibiotic; fluoroquinolone antibiotic; aminoglycoside antibiotic; carbapenem; cephalosporin; cephamycin; penam; tetracycline antibiotic; phenicol antibiotic; disinfecting agents and antiseptics	antibiotic efflux	resistance-nodulation-cell division (RND) antibiotic efflux pump	12.52	gnl|BL_ORD_ID|1641|hsp_num:0	1786			6	363	erythromycin; amikacin; gentamicin C; ciprofloxacin; acriflavine; tetracycline; tobramycin; meropenem; chloramphenicol; arbekacin; norfloxacin; ofloxacin; gentamicin	
k141_38192_1 # 294 # 929 # -1 # ID=10237_1;partial=00;start_type=ATG;rbs_motif=GGA/GAG/AGG;rbs_spacer=5-10bp;gc_cont=0.575	k141_38192	294	929	-	Loose	375	124.0	Escherichia coli AcrAB-TolC with AcrR mutation conferring resistance to ciprofloxacin, tetracycline, and ceftazidime	35.98	3003807	protein overexpression model	n/a	n/a	fluoroquinolone antibiotic; cephalosporin; glycylcycline; penam; tetracycline antibiotic; rifamycin antibiotic; phenicol antibiotic; disinfecting agents and antiseptics	antibiotic target alteration; antibiotic efflux	resistance-nodulation-cell division (RND) antibiotic efflux pump	98.14	gnl|BL_ORD_ID|2091|hsp_num:0	2306			0	567	tigecycline; ciprofloxacin; tetracycline; ceftazidime; rifampin; chloramphenicol; ampicillin; cefalotin; triclosan	
k141_38192_2 # 1117 # 2367 # 1 # ID=10237_2;partial=00;start_type=ATG;rbs_motif=AGGA;rbs_spacer=5-10bp;gc_cont=0.614	k141_38192	1117	2367	+	Loose	670	298.9	Escherichia coli acrA	47.73	3004043	protein homolog model	n/a	n/a	fluoroquinolone antibiotic; cephalosporin; glycylcycline; penam; tetracycline antibiotic; rifamycin antibiotic; phenicol antibiotic; disinfecting agents and antiseptics	antibiotic efflux	resistance-nodulation-cell division (RND) antibiotic efflux pump	104.79	gnl|BL_ORD_ID|2322|hsp_num:0	2661			33	1176	tigecycline; tetracycline; rifampin; chloramphenicol; ampicillin; cefalotin; triclosan	
k141_38192_3 # 2379 # 4175 # 1 # ID=10237_3;partial=01;start_type=ATG;rbs_motif=GGAG/GAGG;rbs_spacer=5-10bp;gc_cont=0.603	k141_38192	2379	4175	+	Loose	2130	692.2	mtrD	60.88	3000811	protein homolog model	n/a	n/a	macrolide antibiotic; penam	antibiotic efflux	resistance-nodulation-cell division (RND) antibiotic efflux pump	56.14	gnl|BL_ORD_ID|1787|hsp_num:0	1938			0	1773	erythromycin; penicillin; azithromycin	
k141_54123_2 # 803 # 1039 # -1 # ID=10245_2;partial=01;start_type=Edge;rbs_motif=None;rbs_spacer=None;gc_cont=0.443	k141_54123	803	1039	-	Loose	400	67.8	vatC	41.89	3002842	protein homolog model	n/a	n/a	streptogramin antibiotic; streptogramin A antibiotic	antibiotic inactivation	streptogramin vat acetyltransferase	36.79	gnl|BL_ORD_ID|805|hsp_num:0	872			294	516	virginiamycin M1; madumycin II; griseoviridin; dalfopristin	
k141_54131_1 # 1 # 1074 # 1 # ID=10256_1;partial=11;start_type=Edge;rbs_motif=None;rbs_spacer=None;gc_cont=0.475	k141_54131	1	1074	+	Loose	275	71.2	Streptomyces rimosus otr(A)	34.85	3002891	protein homolog model	n/a	n/a	tetracycline antibiotic	antibiotic target protection	tetracycline-resistant ribosomal protection protein	54.00	gnl|BL_ORD_ID|4808|hsp_num:0	1273			60	438	oxytetracycline	
k141_22527_2 # 714 # 1187 # -1 # ID=10266_2;partial=01;start_type=Edge;rbs_motif=None;rbs_spacer=None;gc_cont=0.445	k141_22527	714	1187	-	Loose	500	81.6	bacA	37.4	3002986	protein homolog model	n/a	n/a	peptide antibiotic	antibiotic target alteration	undecaprenyl pyrophosphate related proteins	57.51	gnl|BL_ORD_ID|1682|hsp_num:0	1820			426	810	bacitracin; bacitracin A; bacitracin B; bacitracin F	
k141_6408_1 # 201 # 1886 # 1 # ID=10269_1;partial=00;start_type=ATG;rbs_motif=AGGAG/GGAGG;rbs_spacer=11-12bp;gc_cont=0.660	k141_6408	201	1886	+	Loose	1000	85.1	almE	23.43	3007433	protein homolog model	n/a	n/a	peptide antibiotic	antibiotic target alteration	polymyxin resistance operon; alm glycyltransferase	100.90	gnl|BL_ORD_ID|4936|hsp_num:0	5928			582	1644	colistin A; colistin B	
k141_14363_1 # 19 # 1194 # -1 # ID=10271_1;partial=00;start_type=TTG;rbs_motif=None;rbs_spacer=None;gc_cont=0.596	k141_14363	19	1194	-	Loose	650	79.3	TriA	26.14	3003679	protein homolog model	n/a	n/a	disinfecting agents and antiseptics	antibiotic efflux	resistance-nodulation-cell division (RND) antibiotic efflux pump	102.09	gnl|BL_ORD_ID|2003|hsp_num:0	2192			177	1128	triclosan	
k141_62105_1 # 186 # 1292 # -1 # ID=10301_1;partial=00;start_type=ATG;rbs_motif=GGAG/GAGG;rbs_spacer=5-10bp;gc_cont=0.594	k141_62105	186	1292	-	Loose	600	95.9	Burkholderia pseudomallei Omp38	32.02	3004123	protein homolog model	n/a	n/a	monobactam; carbapenem; cephalosporin; cephamycin; penam; penem	reduced permeability to antibiotic	General Bacterial Porin with reduced permeability to beta-lactams	98.40	gnl|BL_ORD_ID|2403|hsp_num:0	2786			0	699	cefoxitin; ceftazidime; imipenem; benzylpenicillin	
k141_62110_1 # 3 # 1037 # 1 # ID=10311_1;partial=10;start_type=Edge;rbs_motif=None;rbs_spacer=None;gc_cont=0.364	k141_62110	3	1037	+	Loose	1250	48.9	mecA	21.85	3000617	protein homolog model	n/a	n/a	penam	antibiotic target replacement	methicillin resistant PBP2	51.50	gnl|BL_ORD_ID|1217|hsp_num:0	1321			1227	1809	methicillin	
k141_22551_2 # 208 # 1023 # 1 # ID=10313_2;partial=00;start_type=ATG;rbs_motif=None;rbs_spacer=None;gc_cont=0.581	k141_22551	208	1023	+	Loose	550	42.0	LRA-8	29.5	3002487	protein homolog model	n/a	n/a	cephalosporin; penam	antibiotic inactivation	subclass B3 LRA beta-lactamase	88.85	gnl|BL_ORD_ID|664|hsp_num:0	718			225	642		
k141_38248_6 # 3374 # 4792 # -1 # ID=10318_6;partial=00;start_type=ATG;rbs_motif=None;rbs_spacer=None;gc_cont=0.574	k141_38248	3374	4792	-	Loose	850	104.0	baeS	28.12	3000829	protein homolog model	n/a	n/a	aminoglycoside antibiotic; aminocoumarin antibiotic	antibiotic efflux	resistance-nodulation-cell division (RND) antibiotic efflux pump	101.07	gnl|BL_ORD_ID|914|hsp_num:0	986			462	1374	novobiocin	
k141_38248_7 # 4830 # 5531 # -1 # ID=10318_7;partial=01;start_type=Edge;rbs_motif=None;rbs_spacer=None;gc_cont=0.570	k141_38248	4830	5531	-	Loose	400	181.4	Pseudomonas aeruginosa CpxR	42.22	3004054	protein homolog model	n/a	n/a	macrolide antibiotic; fluoroquinolone antibiotic; monobactam; aminoglycoside antibiotic; carbapenem; cephalosporin; cephamycin; penam; tetracycline antibiotic; peptide antibiotic; aminocoumarin antibiotic; diaminopyrimidine antibiotic; sulfonamide antibiotic; phenicol antibiotic; penem	antibiotic efflux	resistance-nodulation-cell division (RND) antibiotic efflux pump	103.56	gnl|BL_ORD_ID|2301|hsp_num:0	2685			15	669	erythromycin; ciprofloxacin; tetracycline; ceftazidime; ceftriaxone; meropenem; novobiocin; azithromycin; trimethoprim; sulfamethoxazole; chloramphenicol; aztreonam; colistin A; colistin B; ampicillin; panipenem; trimethoprim-sulfamethoxazole	
k141_54179_3 # 775 # 1524 # 1 # ID=10319_3;partial=01;start_type=ATG;rbs_motif=GGA/GAG/AGG;rbs_spacer=5-10bp;gc_cont=0.652	k141_54179	775	1524	+	Loose	275	38.9	vanN	26.73	3002912	protein homolog model	n/a	n/a	glycopeptide antibiotic	antibiotic target alteration	glycopeptide resistance gene cluster; Van ligase	72.89	gnl|BL_ORD_ID|144|hsp_num:0	164			294	597	vancomycin	
k141_45802_1 # 129 # 1013 # 1 # ID=10322_1;partial=00;start_type=ATG;rbs_motif=None;rbs_spacer=None;gc_cont=0.711	k141_45802	129	1013	+	Loose	575	240.0	PAU-1	52.8	3006964	protein homolog model	n/a	n/a	carbapenem; cephalosporin	antibiotic inactivation	PAU beta-lactamase	100.34	gnl|BL_ORD_ID|4170|hsp_num:0	5239			120	858		
k141_38259_2 # 675 # 1997 # -1 # ID=10333_2;partial=01;start_type=Edge;rbs_motif=None;rbs_spacer=None;gc_cont=0.362	k141_38259	675	1997	-	Loose	780	42.4	tet(H)	28.0	3000175	protein homolog model	n/a	n/a	tetracycline antibiotic	antibiotic efflux	major facilitator superfamily (MFS) antibiotic efflux pump	110.00	gnl|BL_ORD_ID|1037|hsp_num:0	1027			108	543	tetracycline	
k141_22571_1 # 80 # 586 # 1 # ID=10339_1;partial=00;start_type=ATG;rbs_motif=None;rbs_spacer=None;gc_cont=0.647	k141_22571	80	586	+	Loose	290	85.5	golS	38.17	3000504	protein homolog model	n/a	n/a	monobactam; carbapenem; cephalosporin; cephamycin; penam; phenicol antibiotic; penem	antibiotic efflux	resistance-nodulation-cell division (RND) antibiotic efflux pump	109.09	gnl|BL_ORD_ID|36|hsp_num:0	44			0	378	chloramphenicol	
k141_54209_2 # 345 # 1076 # 1 # ID=10361_2;partial=01;start_type=ATG;rbs_motif=GGA/GAG/AGG;rbs_spacer=5-10bp;gc_cont=0.505	k141_54209	345	1076	+	Loose	550	53.1	NmcR	36.04	3003665	protein homolog model	n/a	n/a	carbapenem; cephalosporin; cephamycin; penam	antibiotic inactivation	NmcA beta-lactamase	82.71	gnl|BL_ORD_ID|1906|hsp_num:0	2072			12	336	cefoxitin; cefazolin; ampicillin	
k141_22593_2 # 462 # 1292 # 1 # ID=10369_2;partial=00;start_type=TTG;rbs_motif=GGAG/GAGG;rbs_spacer=5-10bp;gc_cont=0.625	k141_22593	462	1292	+	Loose	400	82.4	erm(45)	29.73	3004595	protein homolog model	n/a	n/a	macrolide antibiotic; lincosamide antibiotic; streptogramin antibiotic; streptogramin B antibiotic	antibiotic target alteration	Erm 23S ribosomal RNA methyltransferase	112.65	gnl|BL_ORD_ID|4722|hsp_num:0	3296			15	534	erythromycin; clindamycin; pristinamycin IA	
k141_30285_2 # 1584 # 1946 # -1 # ID=10377_2;partial=00;start_type=ATG;rbs_motif=GGAG/GAGG;rbs_spacer=5-10bp;gc_cont=0.501	k141_30285	1584	1946	-	Loose	410	84.3	arlR	35.0	3000838	protein homolog model	n/a	n/a	fluoroquinolone antibiotic; disinfecting agents and antiseptics	antibiotic efflux	major facilitator superfamily (MFS) antibiotic efflux pump	54.79	gnl|BL_ORD_ID|1275|hsp_num:0	1390			0	351	ciprofloxacin; acriflavine; norfloxacin	
k141_6486_1 # 194 # 1588 # 1 # ID=10387_1;partial=00;start_type=ATG;rbs_motif=GGAGG;rbs_spacer=5-10bp;gc_cont=0.579	k141_6486	194	1588	+	Loose	910	61.6	lfrA	30.98	3003967	protein homolog model	n/a	n/a	fluoroquinolone antibiotic	antibiotic efflux	major facilitator superfamily (MFS) antibiotic efflux pump	92.06	gnl|BL_ORD_ID|2196|hsp_num:0	2433			45	597		
k141_30292_2 # 618 # 2444 # -1 # ID=10388_2;partial=00;start_type=ATG;rbs_motif=None;rbs_spacer=None;gc_cont=0.581	k141_30292	618	2444	-	Loose	275	117.1	Streptomyces rimosus otr(A)	41.55	3002891	protein homolog model	n/a	n/a	tetracycline antibiotic	antibiotic target protection	tetracycline-resistant ribosomal protection protein	91.70	gnl|BL_ORD_ID|4808|hsp_num:0	1273			12	438	oxytetracycline	
k141_30314_2 # 681 # 1586 # -1 # ID=10412_2;partial=01;start_type=Edge;rbs_motif=None;rbs_spacer=None;gc_cont=0.651	k141_30314	681	1586	-	Loose	420	71.2	smeR	30.4	3003066	protein homolog model	n/a	n/a	aminoglycoside antibiotic; cephalosporin; cephamycin; penam	antibiotic efflux	resistance-nodulation-cell division (RND) antibiotic efflux pump	131.44	gnl|BL_ORD_ID|1426|hsp_num:0	1550			6	372		
k141_38322_1 # 3 # 401 # -1 # ID=10419_1;partial=10;start_type=ATG;rbs_motif=GGAG/GAGG;rbs_spacer=5-10bp;gc_cont=0.647	k141_38322	3	401	-	Loose	400	57.0	CRP	32.1	3000518	protein homolog model	n/a	n/a	macrolide antibiotic; fluoroquinolone antibiotic; penam	antibiotic efflux	resistance-nodulation-cell division (RND) antibiotic efflux pump	63.33	gnl|BL_ORD_ID|804|hsp_num:0	869			87	330	erythromycin; cloxacillin; oxacillin; norfloxacin	
k141_14446_2 # 546 # 1307 # 1 # ID=10420_2;partial=01;start_type=ATG;rbs_motif=None;rbs_spacer=None;gc_cont=0.675	k141_14446	546	1307	+	Loose	500	92.8	RanA	29.57	3005091	protein homolog model	n/a	n/a	aminoglycoside antibiotic	antibiotic efflux	ATP-binding cassette (ABC) antibiotic efflux pump	98.45	gnl|BL_ORD_ID|2809|hsp_num:0	3825			0	660		
k141_54257_1 # 3 # 1067 # 1 # ID=10422_1;partial=10;start_type=Edge;rbs_motif=None;rbs_spacer=None;gc_cont=0.668	k141_54257	3	1067	+	Loose	1000	292.0	Neisseria meningititis PBP2 conferring resistance to beta-lactam	45.7	3003937	protein variant model	I312M, V316T	S385T:2886, R384G:320, M400T:320, E572G:5757	cephalosporin; cephamycin; penam	antibiotic target alteration	Penicillin-binding protein mutations conferring resistance to beta-lactam antibiotics	60.93	gnl|BL_ORD_ID|2167|hsp_num:0	2409			699	1704	ceftriaxone; cefixime	
k141_38323_1 # 1 # 1128 # -1 # ID=10423_1;partial=10;start_type=ATG;rbs_motif=AGGAG;rbs_spacer=5-10bp;gc_cont=0.488	k141_38323	1	1128	-	Loose	2000	175.6	Staphylococcus aureus mupA conferring resistance to mupirocin	30.29	3000521	protein homolog model	n/a	n/a	mupirocin-like antibiotic	antibiotic target alteration	antibiotic-resistant isoleucyl-tRNA synthetase (ileS)	36.72	gnl|BL_ORD_ID|4700|hsp_num:0	2270			45	1026	mupirocin	
k141_38323_2 # 1141 # 1323 # -1 # ID=10423_2;partial=01;start_type=Edge;rbs_motif=None;rbs_spacer=None;gc_cont=0.492	k141_38323	1141	1323	-	Loose	250	39.7	EdeQ	38.3	3004063	protein homolog model	n/a	n/a	peptide antibiotic; polyamine antibiotic	antibiotic inactivation	Edeine acetyltransferase	41.38	gnl|BL_ORD_ID|2345|hsp_num:0	2697			255	396	edeine A; edeine B; edeine D; edeine F	
k141_14448_2 # 545 # 1783 # -1 # ID=10425_2;partial=01;start_type=Edge;rbs_motif=None;rbs_spacer=None;gc_cont=0.456	k141_14448	545	1783	-	Loose	400	216.1	TxR	37.58	3005008	protein homolog model	n/a	n/a	tetracycline antibiotic	antibiotic efflux	ATP-binding cassette (ABC) antibiotic efflux pump	129.56	gnl|BL_ORD_ID|4725|hsp_num:0	3753			45	948	tetracycline	
k141_38324_1 # 69 # 1316 # 1 # ID=10426_1;partial=01;start_type=ATG;rbs_motif=AGGAG;rbs_spacer=5-10bp;gc_cont=0.616	k141_38324	69	1316	+	Loose	1250	97.1	mecA	28.96	3000617	protein homolog model	n/a	n/a	penam	antibiotic target replacement	methicillin resistant PBP2	62.28	gnl|BL_ORD_ID|1217|hsp_num:0	1321			933	1743	methicillin	
k141_45867_1 # 3 # 1082 # -1 # ID=10433_1;partial=10;start_type=ATG;rbs_motif=None;rbs_spacer=None;gc_cont=0.473	k141_45867	3	1082	-	Loose	750	240.4	mefE	36.11	3000614	protein homolog model	n/a	n/a	macrolide antibiotic	antibiotic efflux	major facilitator superfamily (MFS) antibiotic efflux pump	89.33	gnl|BL_ORD_ID|1284|hsp_num:0	1401			12	1089		
k141_22637_6 # 3627 # 4532 # 1 # ID=10436_6;partial=00;start_type=ATG;rbs_motif=AGGAG;rbs_spacer=5-10bp;gc_cont=0.492	k141_22637	3627	4532	+	Loose	550	50.1	NmcR	29.1	3003665	protein homolog model	n/a	n/a	carbapenem; cephalosporin; cephamycin; penam	antibiotic inactivation	NmcA beta-lactamase	102.03	gnl|BL_ORD_ID|1906|hsp_num:0	2072			12	405	cefoxitin; cefazolin; ampicillin	
k141_30338_1 # 102 # 1016 # -1 # ID=10460_1;partial=00;start_type=ATG;rbs_motif=AGGA/GGAG/GAGG;rbs_spacer=11-12bp;gc_cont=0.693	k141_30338	102	1016	-	Loose	500	44.3	leuO	21.4	3003843	protein homolog model	n/a	n/a	nucleoside antibiotic; disinfecting agents and antiseptics	antibiotic efflux	major facilitator superfamily (MFS) antibiotic efflux pump	96.82	gnl|BL_ORD_ID|4927|hsp_num:0	5921			54	834	acriflavine; puromycin	
k141_30347_1 # 118 # 1299 # 1 # ID=10477_1;partial=01;start_type=ATG;rbs_motif=GGAG/GAGG;rbs_spacer=5-10bp;gc_cont=0.299	k141_30347	118	1299	+	Loose	1500	239.6	kdpD	38.42	3004047	protein homolog model	n/a	n/a	aminoglycoside antibiotic	antibiotic efflux	kdpDE	44.52	gnl|BL_ORD_ID|4925|hsp_num:0	5918			33	1083	kanamycin A	
k141_54291_1 # 3 # 1649 # 1 # ID=10481_1;partial=10;start_type=Edge;rbs_motif=None;rbs_spacer=None;gc_cont=0.494	k141_54291	3	1649	+	Loose	880	114.8	arlS	31.84	3000839	protein homolog model	n/a	n/a	fluoroquinolone antibiotic; disinfecting agents and antiseptics	antibiotic efflux	major facilitator superfamily (MFS) antibiotic efflux pump	121.51	gnl|BL_ORD_ID|166|hsp_num:0	182			696	1353	ciprofloxacin; acriflavine; norfloxacin	
k141_22666_1 # 3 # 1343 # -1 # ID=10482_1;partial=11;start_type=Edge;rbs_motif=None;rbs_spacer=None;gc_cont=0.538	k141_22666	3	1343	-	Loose	2000	407.5	Bifidobacterium adolescentis rpoB mutants conferring resistance to rifampicin	56.91	3004480	protein homolog model	n/a	n/a	rifamycin antibiotic	antibiotic target alteration; antibiotic target replacement	rifamycin-resistant beta-subunit of RNA polymerase (rpoB)	37.69	gnl|BL_ORD_ID|4720|hsp_num:0	2914			1506	2571	rifampin	
k141_30354_1 # 1 # 1278 # 1 # ID=10492_1;partial=10;start_type=Edge;rbs_motif=None;rbs_spacer=None;gc_cont=0.696	k141_30354	1	1278	+	Loose	1000	201.8	Helicobacter pylori pbp2 mutants conferring resistance to amoxicillin	35.14	3007058	protein variant model	S494H	n/a	cephalosporin; cephamycin; penam	antibiotic target alteration	Penicillin-binding protein mutations conferring resistance to beta-lactam antibiotics	72.28	gnl|BL_ORD_ID|4762|hsp_num:0	5757			423	1515	amoxicillin	
k141_38372_1 # 1 # 1338 # -1 # ID=10505_1;partial=11;start_type=Edge;rbs_motif=None;rbs_spacer=None;gc_cont=0.689	k141_38372	1	1338	-	Loose	1500	39.7	rphA	37.25	3000444	protein homolog model	n/a	n/a	rifamycin antibiotic	antibiotic inactivation	rifampin phosphotransferase	51.56	gnl|BL_ORD_ID|891|hsp_num:0	910			2430	2583	rifampin; rifaximin; rifabutin; rifapentine	
k141_30365_3 # 1731 # 3011 # 1 # ID=10509_3;partial=00;start_type=ATG;rbs_motif=GGA/GAG/AGG;rbs_spacer=5-10bp;gc_cont=0.538	k141_30365	1731	3011	+	Loose	700	74.7	mef(D)	27.19	3005089	protein homolog model	n/a	n/a	macrolide antibiotic	antibiotic efflux	major facilitator superfamily (MFS) antibiotic efflux pump	106.77	gnl|BL_ORD_ID|2807|hsp_num:0	3823			51	954		
k141_54318_1 # 3 # 1814 # 1 # ID=10513_1;partial=10;start_type=Edge;rbs_motif=None;rbs_spacer=None;gc_cont=0.516	k141_54318	3	1814	+	Loose	1350	322.8	Staphylococcus aureus fusA with mutation conferring resistance to fusidic acid	31.27	3003735	protein variant model	L461K	n/a	fusidane antibiotic	antibiotic target alteration	antibiotic resistant fusA	87.01	gnl|BL_ORD_ID|4696|hsp_num:0	2254			243	2067	fusidic acid	
k141_22701_2 # 437 # 1558 # -1 # ID=10538_2;partial=00;start_type=ATG;rbs_motif=GGA/GAG/AGG;rbs_spacer=5-10bp;gc_cont=0.562	k141_22701	437	1558	-	Loose	500	182.2	cfrC	34.74	3004146	protein homolog model	n/a	n/a	lincosamide antibiotic; streptogramin antibiotic; oxazolidinone antibiotic; phenicol antibiotic	antibiotic target alteration	Cfr 23S ribosomal RNA methyltransferase	108.43	gnl|BL_ORD_ID|2413|hsp_num:0	2800			66	1014	chloramphenicol; florfenicol	
k141_45913_2 # 944 # 1903 # -1 # ID=10540_2;partial=00;start_type=ATG;rbs_motif=AGGAG;rbs_spacer=5-10bp;gc_cont=0.441	k141_45913	944	1903	-	Loose	550	152.1	PmrF	31.51	3003578	protein homolog model	n/a	n/a	peptide antibiotic	antibiotic target alteration	pmr phosphoethanolamine transferase	99.07	gnl|BL_ORD_ID|1938|hsp_num:0	2014			24	930	polymyxin B	
k141_6567_2 # 914 # 1303 # 1 # ID=10542_2;partial=00;start_type=ATG;rbs_motif=AGGAG;rbs_spacer=5-10bp;gc_cont=0.567	k141_6567	914	1303	+	Loose	200	55.5	fosA5	34.92	3003209	protein homolog model	n/a	n/a	fluoroquinolone antibiotic; aminoglycoside antibiotic; phosphonic acid antibiotic	antibiotic inactivation	fosfomycin thiol transferase	92.81	gnl|BL_ORD_ID|152|hsp_num:0	112			3	345	ciprofloxacin; gentamicin	
k141_14509_1 # 1 # 396 # -1 # ID=10544_1;partial=10;start_type=ATG;rbs_motif=None;rbs_spacer=None;gc_cont=0.646	k141_14509	1	396	-	Loose	1200	47.0	arnA	33.03	3002985	protein homolog model	n/a	n/a	peptide antibiotic	antibiotic target alteration	pmr phosphoethanolamine transferase	19.94	gnl|BL_ORD_ID|1514|hsp_num:0	1643			60	354	polymyxin B	
k141_14515_2 # 1047 # 1517 # -1 # ID=10553_2;partial=00;start_type=ATG;rbs_motif=GGA/GAG/AGG;rbs_spacer=5-10bp;gc_cont=0.490	k141_14515	1047	1517	-	Loose	250	46.2	mepR	22.61	3000746	protein homolog model	n/a	n/a	glycylcycline; tetracycline antibiotic	antibiotic efflux	multidrug and toxic compound extrusion (MATE) transporter	112.23	gnl|BL_ORD_ID|792|hsp_num:0	856			69	414	tigecycline	
k141_14523_1 # 2 # 229 # 1 # ID=10562_1;partial=10;start_type=Edge;rbs_motif=None;rbs_spacer=None;gc_cont=0.368	k141_14523	2	229	+	Loose	200	39.3	vanH gene in vanB cluster	37.31	3002943	protein homolog model	n/a	n/a	glycopeptide antibiotic	antibiotic target alteration	vanH; glycopeptide resistance gene cluster	23.22	gnl|BL_ORD_ID|4674|hsp_num:0	626			693	894	vancomycin	
k141_45931_4 # 2608 # 3741 # -1 # ID=10566_4;partial=01;start_type=Edge;rbs_motif=None;rbs_spacer=None;gc_cont=0.628	k141_45931	2608	3741	-	Loose	700	143.7	Acinetobacter baumannii AbaF	28.95	3004573	protein homolog model	n/a	n/a	phosphonic acid antibiotic	antibiotic efflux	major facilitator superfamily (MFS) antibiotic efflux pump	87.88	gnl|BL_ORD_ID|2717|hsp_num:0	3277			144	1266	fosfomycin	
k141_54362_1 # 2 # 961 # 1 # ID=10581_1;partial=10;start_type=Edge;rbs_motif=None;rbs_spacer=None;gc_cont=0.354	k141_54362	2	961	+	Loose	700	493.4	ugd	74.29	3003577	protein homolog model	n/a	n/a	peptide antibiotic	antibiotic target alteration	pmr phosphoethanolamine transferase	82.22	gnl|BL_ORD_ID|895|hsp_num:0	842			207	1164	polymyxin B	
k141_54364_2 # 515 # 1699 # -1 # ID=10586_2;partial=01;start_type=Edge;rbs_motif=None;rbs_spacer=None;gc_cont=0.705	k141_54364	515	1699	-	Loose	750	43.5	tet(52)	28.05	3004587	protein homolog model	n/a	n/a	tetracycline antibiotic	antibiotic inactivation	tetracycline inactivation enzyme	101.03	gnl|BL_ORD_ID|2699|hsp_num:0	3289			36	489	tetracycline; oxytetracycline	
k141_22743_1 # 1 # 1422 # 1 # ID=10595_1;partial=10;start_type=Edge;rbs_motif=None;rbs_spacer=None;gc_cont=0.536	k141_22743	1	1422	+	Loose	900	144.1	basS	30.89	3003583	protein homolog model	n/a	n/a	peptide antibiotic	antibiotic target alteration; antibiotic efflux	pmr phosphoethanolamine transferase	99.16	gnl|BL_ORD_ID|2351|hsp_num:0	249			306	1335	polymyxin B	
k141_62307_1 # 3 # 1061 # 1 # ID=10599_1;partial=10;start_type=Edge;rbs_motif=None;rbs_spacer=None;gc_cont=0.714	k141_62307	3	1061	+	Loose	875	165.6	mdtP	34.62	3003550	protein homolog model	n/a	n/a	nucleoside antibiotic; disinfecting agents and antiseptics	antibiotic efflux	major facilitator superfamily (MFS) antibiotic efflux pump	72.13	gnl|BL_ORD_ID|37|hsp_num:0	45			423	1437	acriflavine; puromycin	
k141_6613_1 # 3 # 500 # 1 # ID=10600_1;partial=10;start_type=Edge;rbs_motif=None;rbs_spacer=None;gc_cont=0.554	k141_6613	3	500	+	Loose	1190	145.2	novA	50.34	3002522	protein homolog model	n/a	n/a	aminocoumarin antibiotic	antibiotic efflux	ATP-binding cassette (ABC) antibiotic efflux pump	26.83	gnl|BL_ORD_ID|1113|hsp_num:0	1210			1320	1755	novobiocin	
k141_62314_4 # 3443 # 5542 # -1 # ID=10626_4;partial=00;start_type=ATG;rbs_motif=None;rbs_spacer=None;gc_cont=0.542	k141_62314	3443	5542	-	Loose	1080	145.6	rosB	26.44	3003049	protein homolog model	n/a	n/a	peptide antibiotic	antibiotic efflux	major facilitator superfamily (MFS) antibiotic efflux pump	124.16	gnl|BL_ORD_ID|467|hsp_num:0	507			15	1677	polymyxin B; polymyxin B1; polymyxin B2; polymyxin B3; polymyxin B4	
k141_30438_1 # 1 # 561 # -1 # ID=10639_1;partial=10;start_type=ATG;rbs_motif=GGAG/GAGG;rbs_spacer=5-10bp;gc_cont=0.492	k141_30438	1	561	-	Loose	2200	68.2	Bifidobacterium bifidum ileS conferring resistance to mupirocin	31.88	3003730	protein homolog model	n/a	n/a	mupirocin-like antibiotic	antibiotic target alteration	antibiotic-resistant isoleucyl-tRNA synthetase (ileS)	16.89	gnl|BL_ORD_ID|4695|hsp_num:0	2278			108	585	mupirocin	
k141_22788_2 # 990 # 1559 # 1 # ID=10646_2;partial=01;start_type=ATG;rbs_motif=AGGA;rbs_spacer=5-10bp;gc_cont=0.547	k141_22788	990	1559	+	Loose	600	81.6	Burkholderia pseudomallei Omp38	35.75	3004123	protein homolog model	n/a	n/a	monobactam; carbapenem; cephalosporin; cephamycin; penam; penem	reduced permeability to antibiotic	General Bacterial Porin with reduced permeability to beta-lactams	50.80	gnl|BL_ORD_ID|2403|hsp_num:0	2786			0	591	cefoxitin; ceftazidime; imipenem; benzylpenicillin	
k141_38479_1 # 465 # 1643 # 1 # ID=10647_1;partial=00;start_type=ATG;rbs_motif=None;rbs_spacer=None;gc_cont=0.675	k141_38479	465	1643	+	Loose	800	45.8	Staphylococcus aureus LmrS	24.12	3004572	protein homolog model	n/a	n/a	macrolide antibiotic; aminoglycoside antibiotic; oxazolidinone antibiotic; diaminopyrimidine antibiotic; phenicol antibiotic	antibiotic efflux	major facilitator superfamily (MFS) antibiotic efflux pump	81.67	gnl|BL_ORD_ID|2870|hsp_num:0	3276			168	666	erythromycin; streptomycin; kanamycin A; linezolid; trimethoprim; chloramphenicol; florfenicol	
k141_38479_3 # 2191 # 2577 # 1 # ID=10647_3;partial=00;start_type=ATG;rbs_motif=GGAG/GAGG;rbs_spacer=5-10bp;gc_cont=0.693	k141_38479	2191	2577	+	Loose	290	67.8	golS	35.07	3000504	protein homolog model	n/a	n/a	monobactam; carbapenem; cephalosporin; cephamycin; penam; phenicol antibiotic; penem	antibiotic efflux	resistance-nodulation-cell division (RND) antibiotic efflux pump	83.12	gnl|BL_ORD_ID|36|hsp_num:0	44			0	402	chloramphenicol	
k141_30444_1 # 1 # 402 # 1 # ID=10651_1;partial=10;start_type=Edge;rbs_motif=None;rbs_spacer=None;gc_cont=0.289	k141_30444	1	402	+	Loose	570	59.3	bcrA	34.17	3002987	protein homolog model	n/a	n/a	peptide antibiotic	antibiotic efflux	ATP-binding cassette (ABC) antibiotic efflux pump	43.46	gnl|BL_ORD_ID|316|hsp_num:0	345			327	681	bacitracin; bacitracin A; bacitracin B; bacitracin F	
k141_38482_2 # 273 # 1061 # -1 # ID=10655_2;partial=01;start_type=Edge;rbs_motif=None;rbs_spacer=None;gc_cont=0.583	k141_38482	273	1061	-	Loose	570	91.3	bcrA	37.58	3002987	protein homolog model	n/a	n/a	peptide antibiotic	antibiotic efflux	ATP-binding cassette (ABC) antibiotic efflux pump	85.62	gnl|BL_ORD_ID|316|hsp_num:0	345			231	669	bacitracin; bacitracin A; bacitracin B; bacitracin F	
k141_22790_2 # 1178 # 2749 # 1 # ID=10660_2;partial=00;start_type=ATG;rbs_motif=None;rbs_spacer=None;gc_cont=0.700	k141_22790	1178	2749	+	Loose	230	42.0	marA	28.89	3000263	protein homolog model	n/a	n/a	fluoroquinolone antibiotic; monobactam; carbapenem; cephalosporin; glycylcycline; cephamycin; penam; tetracycline antibiotic; rifamycin antibiotic; phenicol antibiotic; penem; disinfecting agents and antiseptics	antibiotic efflux; reduced permeability to antibiotic	resistance-nodulation-cell division (RND) antibiotic efflux pump; General Bacterial Porin with reduced permeability to beta-lactams	411.81	gnl|BL_ORD_ID|1773|hsp_num:0	1922			63	324	tigecycline; tetracycline; rifampin; chloramphenicol; ampicillin; cefalotin; triclosan	
k141_30448_2 # 1225 # 1905 # -1 # ID=10661_2;partial=00;start_type=ATG;rbs_motif=AGxAG;rbs_spacer=5-10bp;gc_cont=0.410	k141_30448	1225	1905	-	Loose	450	236.1	baeR	51.98	3000828	protein homolog model	n/a	n/a	aminoglycoside antibiotic; aminocoumarin antibiotic	antibiotic efflux	resistance-nodulation-cell division (RND) antibiotic efflux pump	94.17	gnl|BL_ORD_ID|1232|hsp_num:0	1337			33	702	novobiocin	
k141_30448_3 # 1925 # 2716 # -1 # ID=10661_3;partial=01;start_type=Edge;rbs_motif=None;rbs_spacer=None;gc_cont=0.439	k141_30448	1925	2716	-	Loose	850	249.2	baeS	49.62	3000829	protein homolog model	n/a	n/a	aminoglycoside antibiotic; aminocoumarin antibiotic	antibiotic efflux	resistance-nodulation-cell division (RND) antibiotic efflux pump	56.32	gnl|BL_ORD_ID|914|hsp_num:0	986			603	1383	novobiocin	
k141_38484_1 # 2 # 1165 # 1 # ID=10662_1;partial=10;start_type=Edge;rbs_motif=None;rbs_spacer=None;gc_cont=0.460	k141_38484	2	1165	+	Loose	1300	214.9	optrA	32.58	3003746	protein homolog model	n/a	n/a	oxazolidinone antibiotic; phenicol antibiotic	antibiotic target protection	Miscellaneous ABC-F subfamily ATP-binding cassette ribosomal protection proteins	59.08	gnl|BL_ORD_ID|2070|hsp_num:0	2263			537	1707	linezolid; chloramphenicol; florfenicol; tedizolid	
k141_6663_2 # 551 # 1216 # -1 # ID=10663_2;partial=01;start_type=Edge;rbs_motif=None;rbs_spacer=None;gc_cont=0.709	k141_6663	551	1216	-	Loose	500	62.8	RanA	31.13	3005091	protein homolog model	n/a	n/a	aminoglycoside antibiotic	antibiotic efflux	ATP-binding cassette (ABC) antibiotic efflux pump	85.66	gnl|BL_ORD_ID|2809|hsp_num:0	3825			411	726		
k141_38491_1 # 3 # 404 # 1 # ID=10673_1;partial=10;start_type=Edge;rbs_motif=None;rbs_spacer=None;gc_cont=0.619	k141_38491	3	404	+	Loose	250	64.7	vanG	35.16	3002909	protein homolog model	n/a	n/a	glycopeptide antibiotic	antibiotic target alteration	glycopeptide resistance gene cluster; Van ligase	38.11	gnl|BL_ORD_ID|1070|hsp_num:0	1157			747	1017	vancomycin	
k141_62351_1 # 2 # 1036 # -1 # ID=10678_1;partial=10;start_type=ATG;rbs_motif=None;rbs_spacer=None;gc_cont=0.669	k141_62351	2	1036	-	Loose	1080	112.1	rosB	31.15	3003049	protein homolog model	n/a	n/a	peptide antibiotic	antibiotic efflux	major facilitator superfamily (MFS) antibiotic efflux pump	61.28	gnl|BL_ORD_ID|467|hsp_num:0	507			0	942	polymyxin B; polymyxin B1; polymyxin B2; polymyxin B3; polymyxin B4	
k141_45995_1 # 3 # 257 # -1 # ID=10682_1;partial=10;start_type=ATG;rbs_motif=None;rbs_spacer=None;gc_cont=0.675	k141_45995	3	257	-	Loose	550	43.1	NmcR	38.46	3003665	protein homolog model	n/a	n/a	carbapenem; cephalosporin; cephamycin; penam	antibiotic inactivation	NmcA beta-lactamase	28.81	gnl|BL_ORD_ID|1906|hsp_num:0	2072			12	207	cefoxitin; cefazolin; ampicillin	
k141_22808_2 # 372 # 1445 # -1 # ID=10698_2;partial=00;start_type=ATG;rbs_motif=GGA/GAG/AGG;rbs_spacer=5-10bp;gc_cont=0.449	k141_22808	372	1445	-	Loose	600	74.7	Burkholderia pseudomallei Omp38	23.87	3004123	protein homolog model	n/a	n/a	monobactam; carbapenem; cephalosporin; cephamycin; penam; penem	reduced permeability to antibiotic	General Bacterial Porin with reduced permeability to beta-lactams	95.45	gnl|BL_ORD_ID|2403|hsp_num:0	2786			0	1122	cefoxitin; ceftazidime; imipenem; benzylpenicillin	
k141_22810_1 # 64 # 1002 # 1 # ID=10700_1;partial=01;start_type=ATG;rbs_motif=None;rbs_spacer=None;gc_cont=0.634	k141_22810	64	1002	+	Loose	550	48.9	NmcR	31.62	3003665	protein homolog model	n/a	n/a	carbapenem; cephalosporin; cephamycin; penam	antibiotic inactivation	NmcA beta-lactamase	106.10	gnl|BL_ORD_ID|1906|hsp_num:0	2072			12	357	cefoxitin; cefazolin; ampicillin	
k141_30475_1 # 265 # 975 # -1 # ID=10704_1;partial=00;start_type=ATG;rbs_motif=TAA;rbs_spacer=5bp;gc_cont=0.366	k141_30475	265	975	-	Loose	1280	120.6	macB	33.82	3000535	protein homolog model	n/a	n/a	macrolide antibiotic	antibiotic efflux	ATP-binding cassette (ABC) antibiotic efflux pump	36.65	gnl|BL_ORD_ID|447|hsp_num:0	487			63	660	erythromycin	
k141_62376_5 # 3256 # 3963 # -1 # ID=10717_5;partial=00;start_type=ATG;rbs_motif=AGGAG;rbs_spacer=5-10bp;gc_cont=0.510	k141_62376	3256	3963	-	Loose	420	222.2	smeR	50.0	3003066	protein homolog model	n/a	n/a	aminoglycoside antibiotic; cephalosporin; cephamycin; penam	antibiotic efflux	resistance-nodulation-cell division (RND) antibiotic efflux pump	102.62	gnl|BL_ORD_ID|1426|hsp_num:0	1550			0	687		
k141_62376_6 # 4017 # 5258 # -1 # ID=10717_6;partial=01;start_type=Edge;rbs_motif=None;rbs_spacer=None;gc_cont=0.563	k141_62376	4017	5258	-	Loose	850	214.5	baeS	40.13	3000829	protein homolog model	n/a	n/a	aminoglycoside antibiotic; aminocoumarin antibiotic	antibiotic efflux	resistance-nodulation-cell division (RND) antibiotic efflux pump	88.44	gnl|BL_ORD_ID|914|hsp_num:0	986			474	1383	novobiocin	
k141_6715_1 # 3 # 1052 # -1 # ID=10726_1;partial=11;start_type=Edge;rbs_motif=None;rbs_spacer=None;gc_cont=0.409	k141_6715	3	1052	-	Loose	1000	164.5	msbA	31.73	3003950	protein homolog model	n/a	n/a	nitroimidazole antibiotic	antibiotic efflux	ATP-binding cassette (ABC) antibiotic efflux pump	60.14	gnl|BL_ORD_ID|2186|hsp_num:0	2423			192	1125	metronidazole	
k141_6717_1 # 2 # 1081 # -1 # ID=10729_1;partial=11;start_type=Edge;rbs_motif=None;rbs_spacer=None;gc_cont=0.467	k141_6717	2	1081	-	Loose	2300	124.0	evgS	32.08	3000833	protein homolog model	n/a	n/a	macrolide antibiotic; fluoroquinolone antibiotic; penam; tetracycline antibiotic	antibiotic efflux	major facilitator superfamily (MFS) antibiotic efflux pump; resistance-nodulation-cell division (RND) antibiotic efflux pump	30.08	gnl|BL_ORD_ID|1215|hsp_num:0	1318			2076	2934	erythromycin; cloxacillin; tetracycline; oxacillin; norfloxacin	
k141_62393_2 # 568 # 1095 # 1 # ID=10744_2;partial=01;start_type=ATG;rbs_motif=GGA/GAG/AGG;rbs_spacer=5-10bp;gc_cont=0.487	k141_62393	568	1095	+	Loose	1200	102.1	TaeA	30.19	3003986	protein homolog model	n/a	n/a	pleuromutilin antibiotic	antibiotic efflux	ATP-binding cassette (ABC) antibiotic efflux pump	27.16	gnl|BL_ORD_ID|2231|hsp_num:0	2522			0	633	pleuromutilin	
k141_6727_1 # 1 # 915 # 1 # ID=10757_1;partial=10;start_type=Edge;rbs_motif=None;rbs_spacer=None;gc_cont=0.343	k141_6727	1	915	+	Loose	700	126.7	ugd	27.49	3003577	protein homolog model	n/a	n/a	peptide antibiotic	antibiotic target alteration	pmr phosphoethanolamine transferase	78.35	gnl|BL_ORD_ID|895|hsp_num:0	842			402	1122	polymyxin B	
k141_54488_1 # 3 # 377 # -1 # ID=10761_1;partial=10;start_type=ATG;rbs_motif=None;rbs_spacer=None;gc_cont=0.589	k141_54488	3	377	-	Loose	1280	81.6	macB	38.89	3000535	protein homolog model	n/a	n/a	macrolide antibiotic	antibiotic efflux	ATP-binding cassette (ABC) antibiotic efflux pump	19.41	gnl|BL_ORD_ID|447|hsp_num:0	487			6	327	erythromycin	
k141_62410_1 # 2 # 337 # -1 # ID=10773_1;partial=10;start_type=ATG;rbs_motif=None;rbs_spacer=None;gc_cont=0.577	k141_62410	2	337	-	Loose	650	42.0	adeL	26.21	3000620	protein homolog model	n/a	n/a	fluoroquinolone antibiotic; tetracycline antibiotic	antibiotic efflux	resistance-nodulation-cell division (RND) antibiotic efflux pump	33.23	gnl|BL_ORD_ID|2316|hsp_num:0	2654			0	309	tetracycline	
k141_62413_4 # 2214 # 2381 # -1 # ID=10778_4;partial=01;start_type=Edge;rbs_motif=None;rbs_spacer=None;gc_cont=0.375	k141_62413	2214	2381	-	Loose	1000	67.4	msbA	61.54	3003950	protein homolog model	n/a	n/a	nitroimidazole antibiotic	antibiotic efflux	ATP-binding cassette (ABC) antibiotic efflux pump	9.45	gnl|BL_ORD_ID|2186|hsp_num:0	2423			1581	1737	metronidazole	
k141_14648_4 # 2794 # 3468 # -1 # ID=10785_4;partial=00;start_type=ATG;rbs_motif=None;rbs_spacer=None;gc_cont=0.550	k141_14648	2794	3468	-	Loose	550	49.7	LRA-17	30.6	3002512	protein homolog model	n/a	n/a	cephalosporin; penam	antibiotic inactivation	subclass B3 LRA beta-lactamase	76.19	gnl|BL_ORD_ID|814|hsp_num:0	883			174	555		
k141_62418_1 # 1 # 906 # 1 # ID=10792_1;partial=10;start_type=Edge;rbs_motif=None;rbs_spacer=None;gc_cont=0.401	k141_62418	1	906	+	Loose	300	103.6	tet(W)	24.73	3000194	protein homolog model	n/a	n/a	tetracycline antibiotic	antibiotic target protection	tetracycline-resistant ribosomal protection protein	47.10	gnl|BL_ORD_ID|457|hsp_num:0	389			1017	1830	tetracycline; doxycycline; minocycline; chlortetracycline; demeclocycline; oxytetracycline	
k141_62418_2 # 927 # 2114 # 1 # ID=10792_2;partial=00;start_type=ATG;rbs_motif=AGGAG/GGAGG;rbs_spacer=11-12bp;gc_cont=0.427	k141_62418	927	2114	+	Loose	700	590.1	Escherichia coli EF-Tu mutants conferring resistance to Pulvomycin	73.03	3003369	protein variant model	R234F	n/a	elfamycin antibiotic	antibiotic target alteration	elfamycin resistant EF-Tu	96.58	gnl|BL_ORD_ID|1971|hsp_num:0	2158			45	1221	pulvomycin	
k141_14653_2 # 483 # 1400 # -1 # ID=10796_2;partial=00;start_type=ATG;rbs_motif=AGGA;rbs_spacer=5-10bp;gc_cont=0.528	k141_14653	483	1400	-	Loose	650	61.6	adeL	32.82	3000620	protein homolog model	n/a	n/a	fluoroquinolone antibiotic; tetracycline antibiotic	antibiotic efflux	resistance-nodulation-cell division (RND) antibiotic efflux pump	90.50	gnl|BL_ORD_ID|2316|hsp_num:0	2654			0	387	tetracycline	
k141_22896_1 # 1 # 1995 # -1 # ID=10799_1;partial=10;start_type=ATG;rbs_motif=None;rbs_spacer=None;gc_cont=0.652	k141_22896	1	1995	-	Loose	1000	366.7	eptA	37.82	3003576	protein homolog model	n/a	n/a	peptide antibiotic	antibiotic target alteration	pmr phosphoethanolamine transferase	121.57	gnl|BL_ORD_ID|596|hsp_num:0	516			42	1632	polymyxin B	
k141_22905_1 # 3 # 686 # 1 # ID=10811_1;partial=10;start_type=Edge;rbs_motif=None;rbs_spacer=None;gc_cont=0.626	k141_22905	3	686	+	Loose	1100	68.2	tetB(60)	25.13	3004036	protein homolog model	n/a	n/a	tetracycline antibiotic	antibiotic efflux	ATP-binding cassette (ABC) antibiotic efflux pump	39.21	gnl|BL_ORD_ID|2308|hsp_num:0	2646			1023	1608	tetracycline	
k141_62441_1 # 3 # 878 # 1 # ID=10815_1;partial=10;start_type=Edge;rbs_motif=None;rbs_spacer=None;gc_cont=0.672	k141_62441	3	878	+	Loose	650	157.1	tetA(58)	31.46	3003980	protein homolog model	n/a	n/a	tetracycline antibiotic	antibiotic efflux	major facilitator superfamily (MFS) antibiotic efflux pump	84.84	gnl|BL_ORD_ID|2244|hsp_num:0	2517			117	978	tetracycline	
k141_62447_1 # 3 # 536 # 1 # ID=10822_1;partial=10;start_type=Edge;rbs_motif=None;rbs_spacer=None;gc_cont=0.564	k141_62447	3	536	+	Loose	800	43.1	msrA	33.72	3000251	protein homolog model	n/a	n/a	macrolide antibiotic; streptogramin antibiotic; streptogramin B antibiotic	antibiotic target protection	msr-type ABC-F protein	36.27	gnl|BL_ORD_ID|1106|hsp_num:0	1200			432	687	erythromycin; quinupristin	
k141_30561_1 # 2 # 436 # -1 # ID=10825_1;partial=10;start_type=ATG;rbs_motif=None;rbs_spacer=None;gc_cont=0.683	k141_30561	2	436	-	Loose	1280	62.4	macB	32.19	3000535	protein homolog model	n/a	n/a	macrolide antibiotic	antibiotic efflux	ATP-binding cassette (ABC) antibiotic efflux pump	22.52	gnl|BL_ORD_ID|447|hsp_num:0	487			0	411	erythromycin	
k141_38627_2 # 726 # 1451 # 1 # ID=10839_2;partial=01;start_type=ATG;rbs_motif=TAA;rbs_spacer=8bp;gc_cont=0.399	k141_38627	726	1451	+	Loose	390	56.2	evgA	29.41	3000832	protein homolog model	n/a	n/a	macrolide antibiotic; fluoroquinolone antibiotic; penam; tetracycline antibiotic	antibiotic efflux	major facilitator superfamily (MFS) antibiotic efflux pump; resistance-nodulation-cell division (RND) antibiotic efflux pump	118.63	gnl|BL_ORD_ID|937|hsp_num:0	1015			0	255	erythromycin; cloxacillin; tetracycline; oxacillin; norfloxacin	
k141_38630_1 # 3 # 254 # 1 # ID=10847_1;partial=10;start_type=Edge;rbs_motif=None;rbs_spacer=None;gc_cont=0.591	k141_38630	3	254	+	Loose	650	43.1	tetA(58)	26.58	3003980	protein homolog model	n/a	n/a	tetracycline antibiotic	antibiotic efflux	major facilitator superfamily (MFS) antibiotic efflux pump	24.20	gnl|BL_ORD_ID|2244|hsp_num:0	2517			504	738	tetracycline	
k141_46105_1 # 1 # 534 # 1 # ID=10848_1;partial=10;start_type=Edge;rbs_motif=None;rbs_spacer=None;gc_cont=0.436	k141_46105	1	534	+	Loose	400	99.0	TxR	34.71	3005008	protein homolog model	n/a	n/a	tetracycline antibiotic	antibiotic efflux	ATP-binding cassette (ABC) antibiotic efflux pump	55.66	gnl|BL_ORD_ID|4725|hsp_num:0	3753			465	951	tetracycline	
k141_62463_2 # 548 # 1639 # 1 # ID=10849_2;partial=01;start_type=ATG;rbs_motif=GGA/GAG/AGG;rbs_spacer=5-10bp;gc_cont=0.706	k141_62463	548	1639	+	Loose	230	43.5	marA	27.91	3000263	protein homolog model	n/a	n/a	fluoroquinolone antibiotic; monobactam; carbapenem; cephalosporin; glycylcycline; cephamycin; penam; tetracycline antibiotic; rifamycin antibiotic; phenicol antibiotic; penem; disinfecting agents and antiseptics	antibiotic efflux; reduced permeability to antibiotic	resistance-nodulation-cell division (RND) antibiotic efflux pump; General Bacterial Porin with reduced permeability to beta-lactams	286.61	gnl|BL_ORD_ID|1773|hsp_num:0	1922			66	324	tigecycline; tetracycline; rifampin; chloramphenicol; ampicillin; cefalotin; triclosan	
k141_38640_2 # 475 # 1938 # 1 # ID=10864_2;partial=00;start_type=ATG;rbs_motif=None;rbs_spacer=None;gc_cont=0.671	k141_38640	475	1938	+	Loose	850	109.4	baeS	30.32	3000829	protein homolog model	n/a	n/a	aminoglycoside antibiotic; aminocoumarin antibiotic	antibiotic efflux	resistance-nodulation-cell division (RND) antibiotic efflux pump	104.28	gnl|BL_ORD_ID|914|hsp_num:0	986			480	1374	novobiocin	
k141_14697_3 # 1620 # 1811 # -1 # ID=10866_3;partial=01;start_type=Edge;rbs_motif=None;rbs_spacer=None;gc_cont=0.698	k141_14697	1620	1811	-	Loose	880	37.4	arlS	31.43	3000839	protein homolog model	n/a	n/a	fluoroquinolone antibiotic; disinfecting agents and antiseptics	antibiotic efflux	major facilitator superfamily (MFS) antibiotic efflux pump	13.97	gnl|BL_ORD_ID|166|hsp_num:0	182			1245	1350	ciprofloxacin; acriflavine; norfloxacin	
k141_14698_1 # 1 # 1005 # 1 # ID=10871_1;partial=11;start_type=Edge;rbs_motif=None;rbs_spacer=None;gc_cont=0.454	k141_14698	1	1005	+	Loose	2200	124.0	rpoB2	54.81	3000501	protein homolog model	n/a	n/a	rifamycin antibiotic	antibiotic target alteration; antibiotic target replacement	rifamycin-resistant beta-subunit of RNA polymerase (rpoB)	28.83	gnl|BL_ORD_ID|2432|hsp_num:0	2831			423	723	rifampin; rifaximin; rifabutin; rifapentine	
k141_38647_1 # 3 # 545 # -1 # ID=10881_1;partial=10;start_type=ATG;rbs_motif=AGGAG;rbs_spacer=5-10bp;gc_cont=0.652	k141_38647	3	545	-	Loose	1280	107.8	macB	36.78	3000535	protein homolog model	n/a	n/a	macrolide antibiotic	antibiotic efflux	ATP-binding cassette (ABC) antibiotic efflux pump	28.11	gnl|BL_ORD_ID|447|hsp_num:0	487			6	525	erythromycin	
k141_14704_2 # 707 # 1060 # -1 # ID=10882_2;partial=01;start_type=Edge;rbs_motif=None;rbs_spacer=None;gc_cont=0.675	k141_14704	707	1060	-	Loose	1280	83.2	macB	38.6	3000535	protein homolog model	n/a	n/a	macrolide antibiotic	antibiotic efflux	ATP-binding cassette (ABC) antibiotic efflux pump	18.17	gnl|BL_ORD_ID|447|hsp_num:0	487			315	654	erythromycin	
k141_14729_3 # 1343 # 2224 # -1 # ID=10919_3;partial=00;start_type=ATG;rbs_motif=GGAG/GAGG;rbs_spacer=5-10bp;gc_cont=0.334	k141_14729	1343	2224	-	Loose	500	64.3	leuO	21.86	3003843	protein homolog model	n/a	n/a	nucleoside antibiotic; disinfecting agents and antiseptics	antibiotic efflux	major facilitator superfamily (MFS) antibiotic efflux pump	93.31	gnl|BL_ORD_ID|4927|hsp_num:0	5921			63	879	acriflavine; puromycin	
k141_46146_1 # 75 # 1994 # 1 # ID=10923_1;partial=00;start_type=ATG;rbs_motif=GGAGG;rbs_spacer=5-10bp;gc_cont=0.532	k141_46146	75	1994	+	Strict	300	1244.6	tet(W)	99.06	3000194	protein homolog model	n/a	n/a	tetracycline antibiotic	antibiotic target protection	tetracycline-resistant ribosomal protection protein	100.00	gnl|BL_ORD_ID|457|hsp_num:0	389			0	1917	tetracycline; doxycycline; minocycline; chlortetracycline; demeclocycline; oxytetracycline	
k141_62524_3 # 1272 # 2429 # 1 # ID=10934_3;partial=01;start_type=ATG;rbs_motif=GGAG/GAGG;rbs_spacer=5-10bp;gc_cont=0.663	k141_62524	1272	2429	+	Loose	900	66.2	iri	24.93	3002884	protein homolog model	n/a	n/a	rifamycin antibiotic	antibiotic inactivation	rifampin monooxygenase	80.58	gnl|BL_ORD_ID|730|hsp_num:0	796			3	963	rifampin; rifaximin; rifabutin; rifapentine	
k141_62526_1 # 200 # 886 # -1 # ID=10936_1;partial=00;start_type=ATG;rbs_motif=AGGAG;rbs_spacer=5-10bp;gc_cont=0.408	k141_62526	200	886	-	Loose	570	80.1	bcrA	31.05	3002987	protein homolog model	n/a	n/a	peptide antibiotic	antibiotic efflux	ATP-binding cassette (ABC) antibiotic efflux pump	74.51	gnl|BL_ORD_ID|316|hsp_num:0	345			48	597	bacitracin; bacitracin A; bacitracin B; bacitracin F	
k141_23010_3 # 1037 # 1372 # 1 # ID=10939_3;partial=00;start_type=ATG;rbs_motif=GGA/GAG/AGG;rbs_spacer=5-10bp;gc_cont=0.509	k141_23010	1037	1372	+	Strict	75	75.1	qacJ	35.0	3007014	protein homolog model	n/a	n/a	disinfecting agents and antiseptics	antibiotic efflux	small multidrug resistance (SMR) antibiotic efflux pump	103.74	gnl|BL_ORD_ID|4661|hsp_num:0	5730			6	306	benzalkonium chloride	
k141_54635_5 # 2452 # 3030 # 1 # ID=10960_5;partial=01;start_type=ATG;rbs_motif=AAAAAA;rbs_spacer=12bp;gc_cont=0.349	k141_54635	2452	3030	+	Loose	300	104.0	poxtA	34.08	3004470	protein homolog model	n/a	n/a	tetracycline antibiotic; oxazolidinone antibiotic; phenicol antibiotic	antibiotic target protection	Miscellaneous ABC-F subfamily ATP-binding cassette ribosomal protection proteins	35.61	gnl|BL_ORD_ID|2511|hsp_num:0	2904			42	564	tetracycline; doxycycline; linezolid; chloramphenicol; florfenicol	
k141_23035_3 # 750 # 1757 # -1 # ID=10979_3;partial=01;start_type=Edge;rbs_motif=None;rbs_spacer=None;gc_cont=0.641	k141_23035	750	1757	-	Loose	1000	220.3	msbA	50.89	3003950	protein homolog model	n/a	n/a	nitroimidazole antibiotic	antibiotic efflux	ATP-binding cassette (ABC) antibiotic efflux pump	57.56	gnl|BL_ORD_ID|2186|hsp_num:0	2423			1053	1725	metronidazole	
k141_14779_3 # 746 # 1687 # 1 # ID=10987_3;partial=01;start_type=ATG;rbs_motif=AAAAA;rbs_spacer=12bp;gc_cont=0.341	k141_14779	746	1687	+	Loose	1300	162.9	optrA	30.33	3003746	protein homolog model	n/a	n/a	oxazolidinone antibiotic; phenicol antibiotic	antibiotic target protection	Miscellaneous ABC-F subfamily ATP-binding cassette ribosomal protection proteins	47.94	gnl|BL_ORD_ID|2070|hsp_num:0	2263			81	960	linezolid; chloramphenicol; florfenicol; tedizolid	
k141_38740_1 # 3 # 1064 # 1 # ID=10989_1;partial=10;start_type=Edge;rbs_motif=None;rbs_spacer=None;gc_cont=0.705	k141_38740	3	1064	+	Loose	880	100.1	arlS	29.26	3000839	protein homolog model	n/a	n/a	fluoroquinolone antibiotic; disinfecting agents and antiseptics	antibiotic efflux	major facilitator superfamily (MFS) antibiotic efflux pump	78.27	gnl|BL_ORD_ID|166|hsp_num:0	182			696	1353	ciprofloxacin; acriflavine; norfloxacin	
k141_46191_9 # 8589 # 9773 # 1 # ID=10996_9;partial=00;start_type=ATG;rbs_motif=None;rbs_spacer=None;gc_cont=0.566	k141_46191	8589	9773	+	Loose	500	131.7	bcr-1	31.54	3003801	protein homolog model	n/a	n/a	bicyclomycin-like antibiotic	antibiotic efflux	major facilitator superfamily (MFS) antibiotic efflux pump	98.01	gnl|BL_ORD_ID|2333|hsp_num:0	2303			69	1140	bicyclomycin	
k141_30677_3 # 715 # 1260 # 1 # ID=11001_3;partial=01;start_type=ATG;rbs_motif=None;rbs_spacer=None;gc_cont=0.690	k141_30677	715	1260	+	Loose	650	158.7	adeL	46.51	3000620	protein homolog model	n/a	n/a	fluoroquinolone antibiotic; tetracycline antibiotic	antibiotic efflux	resistance-nodulation-cell division (RND) antibiotic efflux pump	54.01	gnl|BL_ORD_ID|2316|hsp_num:0	2654			0	516	tetracycline	
k141_38751_2 # 1212 # 3023 # 1 # ID=11012_2;partial=00;start_type=ATG;rbs_motif=None;rbs_spacer=None;gc_cont=0.550	k141_38751	1212	3023	+	Loose	1000	283.9	msbA	31.34	3003950	protein homolog model	n/a	n/a	nitroimidazole antibiotic	antibiotic efflux	ATP-binding cassette (ABC) antibiotic efflux pump	103.61	gnl|BL_ORD_ID|2186|hsp_num:0	2423			6	1737	metronidazole	
k141_54680_1 # 1 # 564 # 1 # ID=11015_1;partial=10;start_type=Edge;rbs_motif=None;rbs_spacer=None;gc_cont=0.672	k141_54680	1	564	+	Loose	1190	183.7	novA	57.62	3002522	protein homolog model	n/a	n/a	aminocoumarin antibiotic	antibiotic efflux	ATP-binding cassette (ABC) antibiotic efflux pump	30.41	gnl|BL_ORD_ID|1113|hsp_num:0	1210			1317	1770	novobiocin	
k141_6879_2 # 1354 # 1992 # 1 # ID=11018_2;partial=01;start_type=ATG;rbs_motif=AGGA;rbs_spacer=5-10bp;gc_cont=0.631	k141_6879	1354	1992	+	Loose	500	71.6	RanA	25.12	3005091	protein homolog model	n/a	n/a	aminoglycoside antibiotic	antibiotic efflux	ATP-binding cassette (ABC) antibiotic efflux pump	82.56	gnl|BL_ORD_ID|2809|hsp_num:0	3825			0	606		
k141_62606_1 # 2 # 1546 # -1 # ID=11027_1;partial=10;start_type=ATG;rbs_motif=None;rbs_spacer=None;gc_cont=0.605	k141_62606	2	1546	-	Loose	900	155.2	basS	28.49	3003583	protein homolog model	n/a	n/a	peptide antibiotic	antibiotic target alteration; antibiotic efflux	pmr phosphoethanolamine transferase	107.97	gnl|BL_ORD_ID|2351|hsp_num:0	249			24	1290	polymyxin B	
k141_62606_2 # 1660 # 2331 # -1 # ID=11027_2;partial=00;start_type=ATG;rbs_motif=AGGAG;rbs_spacer=5-10bp;gc_cont=0.570	k141_62606	1660	2331	-	Loose	410	146.7	arlR	36.07	3000838	protein homolog model	n/a	n/a	fluoroquinolone antibiotic; disinfecting agents and antiseptics	antibiotic efflux	major facilitator superfamily (MFS) antibiotic efflux pump	101.83	gnl|BL_ORD_ID|1275|hsp_num:0	1390			6	654	ciprofloxacin; acriflavine; norfloxacin	
k141_62613_2 # 249 # 1988 # 1 # ID=11041_2;partial=00;start_type=ATG;rbs_motif=GGAG/GAGG;rbs_spacer=5-10bp;gc_cont=0.667	k141_62613	249	1988	+	Loose	1080	405.2	rosB	47.22	3003049	protein homolog model	n/a	n/a	peptide antibiotic	antibiotic efflux	major facilitator superfamily (MFS) antibiotic efflux pump	102.84	gnl|BL_ORD_ID|467|hsp_num:0	507			0	1686	polymyxin B; polymyxin B1; polymyxin B2; polymyxin B3; polymyxin B4	
k141_30710_1 # 3 # 551 # -1 # ID=11055_1;partial=10;start_type=ATG;rbs_motif=AGGAG;rbs_spacer=3-4bp;gc_cont=0.617	k141_30710	3	551	-	Loose	700	84.7	OmpA	44.64	3005044	protein homolog model	n/a	n/a	peptide antibiotic	reduced permeability to antibiotic	General Bacterial Porin with reduced permeability to peptide antibiotics	48.93	gnl|BL_ORD_ID|2775|hsp_num:0	3787			669	999	polymyxin B; defensin	
k141_23080_1 # 1 # 1095 # -1 # ID=11056_1;partial=10;start_type=ATG;rbs_motif=AGxAGG/AGGxGG;rbs_spacer=3-4bp;gc_cont=0.558	k141_23080	1	1095	-	Loose	2130	417.2	mtrD	59.73	3000811	protein homolog model	n/a	n/a	macrolide antibiotic; penam	antibiotic efflux	resistance-nodulation-cell division (RND) antibiotic efflux pump	34.21	gnl|BL_ORD_ID|1787|hsp_num:0	1938			0	1089	erythromycin; penicillin; azithromycin	
k141_23080_2 # 1105 # 2406 # -1 # ID=11056_2;partial=00;start_type=ATG;rbs_motif=GGAG/GAGG;rbs_spacer=5-10bp;gc_cont=0.576	k141_23080	1105	2406	-	Loose	790	355.9	mtrC	50.86	3000810	protein homolog model	n/a	n/a	macrolide antibiotic; penam	antibiotic efflux	resistance-nodulation-cell division (RND) antibiotic efflux pump	105.10	gnl|BL_ORD_ID|1233|hsp_num:0	1340			36	1224	erythromycin; penicillin; azithromycin	
k141_38785_1 # 1 # 1086 # -1 # ID=11062_1;partial=10;start_type=GTG;rbs_motif=GGAGG;rbs_spacer=5-10bp;gc_cont=0.667	k141_38785	1	1086	-	Loose	700	42.7	tet(B)	25.46	3000166	protein homolog model	n/a	n/a	tetracycline antibiotic	antibiotic efflux	major facilitator superfamily (MFS) antibiotic efflux pump	90.27	gnl|BL_ORD_ID|440|hsp_num:0	458			129	1059	tetracycline	
k141_62645_1 # 1 # 228 # -1 # ID=11076_1;partial=10;start_type=GTG;rbs_motif=GGAG/GAGG;rbs_spacer=5-10bp;gc_cont=0.518	k141_62645	1	228	-	Loose	550	46.2	NmcR	42.62	3003665	protein homolog model	n/a	n/a	carbapenem; cephalosporin; cephamycin; penam	antibiotic inactivation	NmcA beta-lactamase	25.76	gnl|BL_ORD_ID|1906|hsp_num:0	2072			27	210	cefoxitin; cefazolin; ampicillin	
k141_23107_1 # 2 # 889 # -1 # ID=11091_1;partial=10;start_type=ATG;rbs_motif=None;rbs_spacer=None;gc_cont=0.659	k141_23107	2	889	-	Loose	1280	101.7	macB	30.63	3000535	protein homolog model	n/a	n/a	macrolide antibiotic	antibiotic efflux	ATP-binding cassette (ABC) antibiotic efflux pump	45.96	gnl|BL_ORD_ID|447|hsp_num:0	487			0	660	erythromycin	
k141_62663_1 # 13 # 1092 # -1 # ID=11101_1;partial=01;start_type=Edge;rbs_motif=None;rbs_spacer=None;gc_cont=0.331	k141_62663	13	1092	-	Loose	2000	122.5	Staphylococcus aureus mupB conferring resistance to mupirocin	32.0	3000510	protein homolog model	n/a	n/a	mupirocin-like antibiotic	antibiotic target alteration	antibiotic-resistant isoleucyl-tRNA synthetase (ileS)	34.75	gnl|BL_ORD_ID|4699|hsp_num:0	2271			1758	2421	mupirocin	
k141_46245_1 # 2 # 589 # -1 # ID=11110_1;partial=10;start_type=ATG;rbs_motif=None;rbs_spacer=None;gc_cont=0.531	k141_46245	2	589	-	Loose	900	113.2	tet(O/W/32/O)	43.75	3007122	protein homolog model	n/a	n/a	tetracycline antibiotic	antibiotic target protection	tetracycline-resistant ribosomal protection protein	30.67	gnl|BL_ORD_ID|4797|hsp_num:0	5792			21	432	tetracycline	
k141_38815_1 # 1 # 1152 # -1 # ID=11111_1;partial=11;start_type=Edge;rbs_motif=None;rbs_spacer=None;gc_cont=0.455	k141_38815	1	1152	-	Loose	710	205.7	efrB	48.64	3003949	protein homolog model	n/a	n/a	macrolide antibiotic; fluoroquinolone antibiotic; rifamycin antibiotic	antibiotic efflux	ATP-binding cassette (ABC) antibiotic efflux pump	106.08	gnl|BL_ORD_ID|2184|hsp_num:0	2422			33	693	erythromycin; ciprofloxacin; rifampin	
k141_6937_2 # 1065 # 1196 # -1 # ID=11115_2;partial=01;start_type=Edge;rbs_motif=None;rbs_spacer=None;gc_cont=0.614	k141_6937	1065	1196	-	Loose	420	43.1	smeR	51.43	3003066	protein homolog model	n/a	n/a	aminoglycoside antibiotic; cephalosporin; cephamycin; penam	antibiotic efflux	resistance-nodulation-cell division (RND) antibiotic efflux pump	18.78	gnl|BL_ORD_ID|1426|hsp_num:0	1550			585	687		
k141_38819_1 # 3 # 881 # -1 # ID=11120_1;partial=10;start_type=TTG;rbs_motif=AGGAGG;rbs_spacer=5-10bp;gc_cont=0.415	k141_38819	3	881	-	Loose	300	147.9	tet(44)	40.62	3000556	protein homolog model	n/a	n/a	tetracycline antibiotic	antibiotic target protection	tetracycline-resistant ribosomal protection protein	45.78	gnl|BL_ORD_ID|1198|hsp_num:0	1171			12	552	tetracycline; doxycycline; minocycline; chlortetracycline; demeclocycline; oxytetracycline	
k141_30745_1 # 1 # 984 # 1 # ID=11124_1;partial=10;start_type=Edge;rbs_motif=None;rbs_spacer=None;gc_cont=0.635	k141_30745	1	984	+	Loose	200	111.7	vanH gene in vanB cluster	35.32	3002943	protein homolog model	n/a	n/a	glycopeptide antibiotic	antibiotic target alteration	vanH; glycopeptide resistance gene cluster	101.24	gnl|BL_ORD_ID|4674|hsp_num:0	626			240	879	vancomycin	
k141_23136_1 # 1 # 1425 # 1 # ID=11135_1;partial=11;start_type=Edge;rbs_motif=None;rbs_spacer=None;gc_cont=0.561	k141_23136	1	1425	+	Loose	2130	504.2	mtrD	57.79	3000811	protein homolog model	n/a	n/a	macrolide antibiotic; penam	antibiotic efflux	resistance-nodulation-cell division (RND) antibiotic efflux pump	44.52	gnl|BL_ORD_ID|1787|hsp_num:0	1938			1794	3180	erythromycin; penicillin; azithromycin	
k141_38833_3 # 617 # 1693 # -1 # ID=11141_3;partial=01;start_type=Edge;rbs_motif=None;rbs_spacer=None;gc_cont=0.561	k141_38833	617	1693	-	Loose	770	63.2	tet(V)	24.16	3000181	protein homolog model	n/a	n/a	tetracycline antibiotic	antibiotic efflux	major facilitator superfamily (MFS) antibiotic efflux pump	85.44	gnl|BL_ORD_ID|1042|hsp_num:0	1006			213	1242	tetracycline	
k141_46261_2 # 808 # 1143 # -1 # ID=11142_2;partial=01;start_type=Edge;rbs_motif=None;rbs_spacer=None;gc_cont=0.685	k141_46261	808	1143	-	Loose	2300	62.0	evgS	38.3	3000833	protein homolog model	n/a	n/a	macrolide antibiotic; fluoroquinolone antibiotic; penam; tetracycline antibiotic	antibiotic efflux	major facilitator superfamily (MFS) antibiotic efflux pump; resistance-nodulation-cell division (RND) antibiotic efflux pump	9.27	gnl|BL_ORD_ID|1215|hsp_num:0	1318			2904	3183	erythromycin; cloxacillin; tetracycline; oxacillin; norfloxacin	
k141_54747_3 # 1887 # 2531 # -1 # ID=11144_3;partial=01;start_type=Edge;rbs_motif=None;rbs_spacer=None;gc_cont=0.710	k141_54747	1887	2531	-	Loose	400	91.7	TxR	34.38	3005008	protein homolog model	n/a	n/a	tetracycline antibiotic	antibiotic efflux	ATP-binding cassette (ABC) antibiotic efflux pump	67.30	gnl|BL_ORD_ID|4725|hsp_num:0	3753			405	783	tetracycline	
k141_6950_3 # 3040 # 3564 # 1 # ID=11149_3;partial=00;start_type=ATG;rbs_motif=None;rbs_spacer=None;gc_cont=0.507	k141_6950	3040	3564	+	Loose	350	127.9	dfrI	42.77	3004645	protein homolog model	n/a	n/a	diaminopyrimidine antibiotic	antibiotic target replacement	trimethoprim resistant dihydrofolate reductase dfr	91.10	gnl|BL_ORD_ID|2125|hsp_num:0	3344			81	573	trimethoprim	
k141_14872_1 # 3 # 1043 # -1 # ID=11159_1;partial=00;start_type=ATG;rbs_motif=AGGAG;rbs_spacer=5-10bp;gc_cont=0.508	k141_14872	3	1043	-	Loose	500	97.8	RanA	28.78	3005091	protein homolog model	n/a	n/a	aminoglycoside antibiotic	antibiotic efflux	ATP-binding cassette (ABC) antibiotic efflux pump	134.11	gnl|BL_ORD_ID|2809|hsp_num:0	3825			39	642		
k141_14872_2 # 1040 # 1966 # -1 # ID=11159_2;partial=01;start_type=Edge;rbs_motif=None;rbs_spacer=None;gc_cont=0.536	k141_14872	1040	1966	-	Loose	1280	94.4	macB	35.03	3000535	protein homolog model	n/a	n/a	macrolide antibiotic	antibiotic efflux	ATP-binding cassette (ABC) antibiotic efflux pump	47.83	gnl|BL_ORD_ID|447|hsp_num:0	487			66	621	erythromycin	
k141_54759_2 # 245 # 1021 # 1 # ID=11161_2;partial=01;start_type=ATG;rbs_motif=None;rbs_spacer=None;gc_cont=0.687	k141_54759	245	1021	+	Loose	1200	92.8	arnA	30.59	3002985	protein homolog model	n/a	n/a	peptide antibiotic	antibiotic target alteration	pmr phosphoethanolamine transferase	39.12	gnl|BL_ORD_ID|1514|hsp_num:0	1643			51	675	polymyxin B	
k141_23164_1 # 2 # 958 # -1 # ID=11173_1;partial=10;start_type=GTG;rbs_motif=GGxGG;rbs_spacer=3-4bp;gc_cont=0.688	k141_23164	2	958	-	Loose	900	87.8	basS	28.05	3003583	protein homolog model	n/a	n/a	peptide antibiotic	antibiotic target alteration; antibiotic efflux	pmr phosphoethanolamine transferase	66.88	gnl|BL_ORD_ID|2351|hsp_num:0	249			48	909	polymyxin B	
k141_14879_1 # 2 # 706 # -1 # ID=11174_1;partial=00;start_type=ATG;rbs_motif=AGGA;rbs_spacer=5-10bp;gc_cont=0.457	k141_14879	2	706	-	Loose	400	182.2	vanR gene in vanM cluster	43.86	3002928	protein homolog model	n/a	n/a	glycopeptide antibiotic	antibiotic target alteration	glycopeptide resistance gene cluster; vanR	100.86	gnl|BL_ORD_ID|4736|hsp_num:0	752			15	684	vancomycin; teicoplanin	
k141_14887_4 # 2175 # 2339 # -1 # ID=11187_4;partial=01;start_type=Edge;rbs_motif=None;rbs_spacer=None;gc_cont=0.533	k141_14887	2175	2339	-	Loose	400	65.9	Agrobacterium fabrum chloramphenicol acetyltransferase	58.82	3004451	protein homolog model	n/a	n/a	phenicol antibiotic	antibiotic inactivation	chloramphenicol acetyltransferase (CAT)	25.84	gnl|BL_ORD_ID|2501|hsp_num:0	2890			333	486	chloramphenicol	
k141_14888_1 # 3 # 332 # 1 # ID=11191_1;partial=10;start_type=Edge;rbs_motif=None;rbs_spacer=None;gc_cont=0.588	k141_14888	3	332	+	Loose	340	48.9	sta	31.03	3004699	protein homolog model	n/a	n/a	nucleoside antibiotic	antibiotic inactivation	streptothricin acetyltransferase (SAT)	57.67	gnl|BL_ORD_ID|2221|hsp_num:0	3397			306	567	streptothricin	
k141_23176_1 # 3 # 944 # 1 # ID=11199_1;partial=10;start_type=Edge;rbs_motif=None;rbs_spacer=None;gc_cont=0.315	k141_23176	3	944	+	Loose	230	67.4	marA	35.09	3000263	protein homolog model	n/a	n/a	fluoroquinolone antibiotic; monobactam; carbapenem; cephalosporin; glycylcycline; cephamycin; penam; tetracycline antibiotic; rifamycin antibiotic; phenicol antibiotic; penem; disinfecting agents and antiseptics	antibiotic efflux; reduced permeability to antibiotic	resistance-nodulation-cell division (RND) antibiotic efflux pump; General Bacterial Porin with reduced permeability to beta-lactams	246.46	gnl|BL_ORD_ID|1773|hsp_num:0	1922			30	369	tigecycline; tetracycline; rifampin; chloramphenicol; ampicillin; cefalotin; triclosan	
k141_30793_1 # 1 # 1749 # 1 # ID=11200_1;partial=11;start_type=Edge;rbs_motif=None;rbs_spacer=None;gc_cont=0.508	k141_30793	1	1749	+	Loose	2300	438.0	Mycobacterium tuberculosis rpoB mutants conferring resistance to rifampicin	57.73	3003283	protein variant model	H526S, D516G, L511R	n/a	rifamycin antibiotic	antibiotic target alteration; antibiotic target replacement	rifamycin-resistant beta-subunit of RNA polymerase (rpoB)	49.74	gnl|BL_ORD_ID|1958|hsp_num:0	1237			762	1926	rifampin; rifaximin; rifabutin; rifapentine	
k141_6996_3 # 1039 # 1488 # 1 # ID=11211_3;partial=01;start_type=ATG;rbs_motif=GGAG/GAGG;rbs_spacer=5-10bp;gc_cont=0.667	k141_6996	1039	1488	+	Loose	1280	70.5	macB	35.66	3000535	protein homolog model	n/a	n/a	macrolide antibiotic	antibiotic efflux	ATP-binding cassette (ABC) antibiotic efflux pump	23.29	gnl|BL_ORD_ID|447|hsp_num:0	487			6	366	erythromycin	
k141_30801_1 # 2 # 1126 # 1 # ID=11216_1;partial=10;start_type=Edge;rbs_motif=None;rbs_spacer=None;gc_cont=0.538	k141_30801	2	1126	+	Loose	650	149.4	tetA(58)	34.23	3003980	protein homolog model	n/a	n/a	tetracycline antibiotic	antibiotic efflux	major facilitator superfamily (MFS) antibiotic efflux pump	109.04	gnl|BL_ORD_ID|2244|hsp_num:0	2517			42	708	tetracycline	
k141_62738_1 # 1 # 1251 # -1 # ID=11222_1;partial=11;start_type=Edge;rbs_motif=None;rbs_spacer=None;gc_cont=0.663	k141_62738	1	1251	-	Loose	1750	102.8	amrB	28.0	3002983	protein homolog model	n/a	n/a	aminoglycoside antibiotic	antibiotic efflux	resistance-nodulation-cell division (RND) antibiotic efflux pump	39.98	gnl|BL_ORD_ID|429|hsp_num:0	476			1083	2232		
k141_62742_2 # 663 # 2204 # 1 # ID=11235_2;partial=00;start_type=ATG;rbs_motif=GGAG/GAGG;rbs_spacer=5-10bp;gc_cont=0.628	k141_62742	663	2204	+	Loose	700	49.3	LpsB	24.53	3005051	protein homolog model	n/a	n/a	peptide antibiotic	reduced permeability to antibiotic	Intrinsic peptide antibiotic resistant Lps	140.16	gnl|BL_ORD_ID|2782|hsp_num:0	3793			579	1056	colistin A; colistin B; defensin	
k141_30812_1 # 2 # 1735 # 1 # ID=11240_1;partial=10;start_type=Edge;rbs_motif=None;rbs_spacer=None;gc_cont=0.664	k141_30812	2	1735	+	Loose	1500	205.7	LptD	28.55	3005059	protein homolog model	n/a	n/a	peptide antibiotic; aminocoumarin antibiotic; rifamycin antibiotic	antibiotic efflux	ATP-binding cassette (ABC) antibiotic efflux pump	73.79	gnl|BL_ORD_ID|2785|hsp_num:0	3799			621	2190		
k141_30812_3 # 3363 # 3740 # 1 # ID=11240_3;partial=01;start_type=ATG;rbs_motif=GGA/GAG/AGG;rbs_spacer=5-10bp;gc_cont=0.651	k141_30812	3363	3740	+	Loose	400	61.2	Erm(31)	36.89	3000598	protein homolog model	n/a	n/a	macrolide antibiotic; lincosamide antibiotic; streptogramin antibiotic	antibiotic target alteration	Erm 23S ribosomal RNA methyltransferase	39.13	gnl|BL_ORD_ID|1069|hsp_num:0	1156			24	348	narbomycin; methymycin; pikromycin	
k141_54812_2 # 867 # 1805 # -1 # ID=11247_2;partial=00;start_type=ATG;rbs_motif=None;rbs_spacer=None;gc_cont=0.346	k141_54812	867	1805	-	Loose	570	109.8	bcrA	28.41	3002987	protein homolog model	n/a	n/a	peptide antibiotic	antibiotic efflux	ATP-binding cassette (ABC) antibiotic efflux pump	101.96	gnl|BL_ORD_ID|316|hsp_num:0	345			63	834	bacitracin; bacitracin A; bacitracin B; bacitracin F	
k141_46327_2 # 516 # 1187 # -1 # ID=11252_2;partial=00;start_type=ATG;rbs_motif=AGGAG;rbs_spacer=5-10bp;gc_cont=0.683	k141_46327	516	1187	-	Loose	400	141.4	vanR gene in vanO cluster	34.7	3002930	protein homolog model	n/a	n/a	glycopeptide antibiotic	antibiotic target alteration	glycopeptide resistance gene cluster; vanR	95.71	gnl|BL_ORD_ID|4743|hsp_num:0	1689			9	663	vancomycin	
k141_14905_2 # 1277 # 3796 # 1 # ID=11256_2;partial=00;start_type=ATG;rbs_motif=GGAG/GAGG;rbs_spacer=5-10bp;gc_cont=0.676	k141_14905	1277	3796	+	Loose	1500	240.7	LptD	25.98	3005059	protein homolog model	n/a	n/a	peptide antibiotic; aminocoumarin antibiotic; rifamycin antibiotic	antibiotic efflux	ATP-binding cassette (ABC) antibiotic efflux pump	107.29	gnl|BL_ORD_ID|2785|hsp_num:0	3799			0	2217		
k141_30823_2 # 351 # 1133 # 1 # ID=11261_2;partial=00;start_type=ATG;rbs_motif=AGGA;rbs_spacer=5-10bp;gc_cont=0.622	k141_30823	351	1133	+	Loose	960	99.8	efrA	28.98	3003948	protein homolog model	n/a	n/a	macrolide antibiotic; fluoroquinolone antibiotic; rifamycin antibiotic	antibiotic efflux	ATP-binding cassette (ABC) antibiotic efflux pump	45.22	gnl|BL_ORD_ID|2183|hsp_num:0	2421			966	1662	erythromycin; ciprofloxacin; rifampin	
k141_62766_1 # 3 # 635 # -1 # ID=11268_1;partial=10;start_type=ATG;rbs_motif=GGAG/GAGG;rbs_spacer=5-10bp;gc_cont=0.664	k141_62766	3	635	-	Loose	550	43.9	NmcR	29.71	3003665	protein homolog model	n/a	n/a	carbapenem; cephalosporin; cephamycin; penam	antibiotic inactivation	NmcA beta-lactamase	71.53	gnl|BL_ORD_ID|1906|hsp_num:0	2072			27	432	cefoxitin; cefazolin; ampicillin	
k141_7040_1 # 298 # 999 # 1 # ID=11272_1;partial=01;start_type=ATG;rbs_motif=AGGA;rbs_spacer=5-10bp;gc_cont=0.585	k141_7040	298	999	+	Loose	500	93.2	cmrA	33.04	3002702	protein homolog model	n/a	n/a	phenicol antibiotic	antibiotic efflux	major facilitator superfamily (MFS) antibiotic efflux pump	59.85	gnl|BL_ORD_ID|1600|hsp_num:0	1744			27	693	chloramphenicol	
k141_14915_3 # 1738 # 2682 # -1 # ID=11273_3;partial=01;start_type=Edge;rbs_motif=None;rbs_spacer=None;gc_cont=0.532	k141_14915	1738	2682	-	Loose	500	39.3	ErmF	30.12	3000498	protein homolog model	n/a	n/a	macrolide antibiotic; lincosamide antibiotic; streptogramin antibiotic; streptogramin A antibiotic; streptogramin B antibiotic	antibiotic target alteration	Erm 23S ribosomal RNA methyltransferase	118.05	gnl|BL_ORD_ID|569|hsp_num:0	621			18	267	erythromycin; roxithromycin; lincomycin; telithromycin; clarithromycin; clindamycin; tylosin; spiramycin; azithromycin; dirithromycin; pristinamycin IA; quinupristin; virginiamycin M1; madumycin II; griseoviridin; dalfopristin; pristinamycin IB; virginiamycin S2; pristinamycin IC; vernamycin C; patricin A; patricin B; ostreogrycin B3; oleandomycin	
k141_30837_1 # 2 # 235 # -1 # ID=11284_1;partial=10;start_type=ATG;rbs_motif=GGA/GAG/AGG;rbs_spacer=5-10bp;gc_cont=0.718	k141_30837	2	235	-	Loose	960	52.4	lsaC	42.37	3003112	protein homolog model	n/a	n/a	lincosamide antibiotic; streptogramin antibiotic; pleuromutilin antibiotic	antibiotic target protection	lsa-type ABC-F protein	15.85	gnl|BL_ORD_ID|1603|hsp_num:0	1748			924	1101	lincomycin; clindamycin; pleuromutilin	
k141_30837_2 # 337 # 1005 # -1 # ID=11284_2;partial=00;start_type=ATG;rbs_motif=GGAGG;rbs_spacer=5-10bp;gc_cont=0.664	k141_30837	337	1005	-	Loose	500	86.3	RanA	25.68	3005091	protein homolog model	n/a	n/a	aminoglycoside antibiotic	antibiotic efflux	ATP-binding cassette (ABC) antibiotic efflux pump	86.05	gnl|BL_ORD_ID|2809|hsp_num:0	3825			3	642		
k141_62776_2 # 533 # 1351 # -1 # ID=11285_2;partial=01;start_type=Edge;rbs_motif=None;rbs_spacer=None;gc_cont=0.322	k141_62776	533	1351	-	Loose	400	136.7	TxR	31.87	3005008	protein homolog model	n/a	n/a	tetracycline antibiotic	antibiotic efflux	ATP-binding cassette (ABC) antibiotic efflux pump	85.53	gnl|BL_ORD_ID|4725|hsp_num:0	3753			138	948	tetracycline	
k141_14921_1 # 3 # 770 # -1 # ID=11286_1;partial=10;start_type=ATG;rbs_motif=GGA/GAG/AGG;rbs_spacer=5-10bp;gc_cont=0.737	k141_14921	3	770	-	Loose	730	65.5	farA	31.25	3003961	protein homolog model	n/a	n/a	antibacterial free fatty acids	antibiotic efflux	major facilitator superfamily (MFS) antibiotic efflux pump	66.67	gnl|BL_ORD_ID|2190|hsp_num:0	2428			84	756	palmitic acid; oleic acid; linoleic acid	
k141_14921_2 # 767 # 1054 # -1 # ID=11286_2;partial=00;start_type=GTG;rbs_motif=None;rbs_spacer=None;gc_cont=0.726	k141_14921	767	1054	-	Loose	600	52.0	OprZ	34.83	3004142	protein homolog model	n/a	n/a	macrolide antibiotic; fluoroquinolone antibiotic; aminoglycoside antibiotic; cephalosporin	antibiotic efflux	resistance-nodulation-cell division (RND) antibiotic efflux pump	20.52	gnl|BL_ORD_ID|2409|hsp_num:0	2796			1122	1389	erythromycin; cefepime	
k141_7052_1 # 2 # 1723 # 1 # ID=11295_1;partial=10;start_type=Edge;rbs_motif=None;rbs_spacer=None;gc_cont=0.512	k141_7052	2	1723	+	Loose	2000	46.6	Staphylococcus aureus mupA conferring resistance to mupirocin	23.55	3000521	protein homolog model	n/a	n/a	mupirocin-like antibiotic	antibiotic target alteration	antibiotic-resistant isoleucyl-tRNA synthetase (ileS)	55.96	gnl|BL_ORD_ID|4700|hsp_num:0	2270			1536	2379	mupirocin	
k141_14936_1 # 3 # 983 # -1 # ID=11315_1;partial=10;start_type=ATG;rbs_motif=None;rbs_spacer=None;gc_cont=0.436	k141_14936	3	983	-	Loose	500	138.3	MexT	33.82	3000814	protein overexpression model	n/a	n/a	fluoroquinolone antibiotic; diaminopyrimidine antibiotic; phenicol antibiotic	antibiotic efflux	resistance-nodulation-cell division (RND) antibiotic efflux pump	94.24	gnl|BL_ORD_ID|1485|hsp_num:0	1608			237	1011	ciprofloxacin; trimethoprim; chloramphenicol	
k141_54871_1 # 113 # 787 # -1 # ID=11317_1;partial=00;start_type=ATG;rbs_motif=GGAG/GAGG;rbs_spacer=5-10bp;gc_cont=0.573	k141_54871	113	787	-	Loose	410	132.9	arlR	35.45	3000838	protein homolog model	n/a	n/a	fluoroquinolone antibiotic; disinfecting agents and antiseptics	antibiotic efflux	major facilitator superfamily (MFS) antibiotic efflux pump	102.28	gnl|BL_ORD_ID|1275|hsp_num:0	1390			6	657	ciprofloxacin; acriflavine; norfloxacin	
k141_54874_1 # 245 # 1183 # -1 # ID=11323_1;partial=00;start_type=ATG;rbs_motif=None;rbs_spacer=None;gc_cont=0.699	k141_54874	245	1183	-	Loose	650	119.4	adeL	32.23	3000620	protein homolog model	n/a	n/a	fluoroquinolone antibiotic; tetracycline antibiotic	antibiotic efflux	resistance-nodulation-cell division (RND) antibiotic efflux pump	92.58	gnl|BL_ORD_ID|2316|hsp_num:0	2654			0	900	tetracycline	
k141_46363_1 # 2 # 730 # -1 # ID=11324_1;partial=10;start_type=ATG;rbs_motif=AGGAG;rbs_spacer=5-10bp;gc_cont=0.353	k141_46363	2	730	-	Loose	1280	156.8	macB	36.32	3000535	protein homolog model	n/a	n/a	macrolide antibiotic	antibiotic efflux	ATP-binding cassette (ABC) antibiotic efflux pump	37.73	gnl|BL_ORD_ID|447|hsp_num:0	487			6	669	erythromycin	
k141_46364_2 # 394 # 1323 # 1 # ID=11326_2;partial=01;start_type=ATG;rbs_motif=GGA/GAG/AGG;rbs_spacer=5-10bp;gc_cont=0.675	k141_46364	394	1323	+	Loose	650	102.1	tetA(58)	28.89	3003980	protein homolog model	n/a	n/a	tetracycline antibiotic	antibiotic efflux	major facilitator superfamily (MFS) antibiotic efflux pump	90.38	gnl|BL_ORD_ID|2244|hsp_num:0	2517			36	696	tetracycline	
k141_7057_2 # 1425 # 3077 # -1 # ID=11327_2;partial=00;start_type=ATG;rbs_motif=3Base/5BMM;rbs_spacer=13-15bp;gc_cont=0.523	k141_7057	1425	3077	-	Loose	1350	158.3	Staphylococcus aureus fusA with mutation conferring resistance to fusidic acid	25.6	3003735	protein variant model	H457Q	n/a	fusidane antibiotic	antibiotic target alteration	antibiotic resistant fusA	79.37	gnl|BL_ORD_ID|4696|hsp_num:0	2254			18	1479	fusidic acid	
k141_7082_1 # 1 # 1026 # -1 # ID=11356_1;partial=10;start_type=ATG;rbs_motif=TAAA;rbs_spacer=5bp;gc_cont=0.338	k141_7082	1	1026	-	Loose	1900	160.6	MuxB	28.78	3004074	protein homolog model	n/a	n/a	macrolide antibiotic; monobactam; tetracycline antibiotic; aminocoumarin antibiotic	antibiotic efflux	resistance-nodulation-cell division (RND) antibiotic efflux pump	32.79	gnl|BL_ORD_ID|2365|hsp_num:0	2718			21	1026	erythromycin; tetracycline; novobiocin; aztreonam; kitasamycin; rokitamycin	
k141_38994_1 # 2 # 670 # 1 # ID=11370_1;partial=10;start_type=Edge;rbs_motif=None;rbs_spacer=None;gc_cont=0.584	k141_38994	2	670	+	Loose	800	207.6	Staphylococcus aureus murA with mutation conferring resistance to fosfomycin	50.93	3003776	protein variant model	D278E, Q362R	n/a	phosphonic acid antibiotic	antibiotic target alteration	antibiotic-resistant murA transferase	52.73	gnl|BL_ORD_ID|2072|hsp_num:0	2285			615	1257	fosfomycin	
k141_30906_2 # 555 # 1499 # 1 # ID=11386_2;partial=00;start_type=GTG;rbs_motif=None;rbs_spacer=None;gc_cont=0.697	k141_30906	555	1499	+	Loose	650	146.7	adeL	33.22	3000620	protein homolog model	n/a	n/a	fluoroquinolone antibiotic; tetracycline antibiotic	antibiotic efflux	resistance-nodulation-cell division (RND) antibiotic efflux pump	93.18	gnl|BL_ORD_ID|2316|hsp_num:0	2654			0	867	tetracycline	
k141_39005_2 # 785 # 1426 # -1 # ID=11389_2;partial=00;start_type=ATG;rbs_motif=GGAG/GAGG;rbs_spacer=5-10bp;gc_cont=0.664	k141_39005	785	1426	-	Loose	400	40.0	ParR	22.22	3005068	protein homolog model	n/a	n/a	macrolide antibiotic; fluoroquinolone antibiotic; monobactam; aminoglycoside antibiotic; carbapenem; cephalosporin; cephamycin; penam; tetracycline antibiotic; phenicol antibiotic; penem; disinfecting agents and antiseptics	antibiotic efflux; reduced permeability to antibiotic	resistance-nodulation-cell division (RND) antibiotic efflux pump; Outer Membrane Porin (Opr)	90.64	gnl|BL_ORD_ID|2792|hsp_num:0	3806			21	378	erythromycin; amikacin; gentamicin C; ciprofloxacin; acriflavine; tetracycline; tobramycin; meropenem; imipenem; chloramphenicol; norfloxacin; ofloxacin; gentamicin	
k141_54920_2 # 890 # 1729 # -1 # ID=11393_2;partial=00;start_type=ATG;rbs_motif=GGA/GAG/AGG;rbs_spacer=5-10bp;gc_cont=0.569	k141_54920	890	1729	-	Loose	500	171.8	sul3	35.8	3000413	protein homolog model	n/a	n/a	sulfonamide antibiotic	antibiotic target replacement	sulfonamide resistant sul	106.08	gnl|BL_ORD_ID|359|hsp_num:0	396			9	771	sulfadiazine; sulfadimidine; sulfadoxine; sulfamethoxazole; sulfisoxazole; sulfacetamide; mafenide; sulfasalazine; sulfamethizole	
k141_7096_2 # 642 # 1505 # -1 # ID=11395_2;partial=00;start_type=ATG;rbs_motif=GGA/GAG/AGG;rbs_spacer=5-10bp;gc_cont=0.440	k141_7096	642	1505	-	Loose	650	48.5	adeL	27.5	3000620	protein homolog model	n/a	n/a	fluoroquinolone antibiotic; tetracycline antibiotic	antibiotic efflux	resistance-nodulation-cell division (RND) antibiotic efflux pump	85.16	gnl|BL_ORD_ID|2316|hsp_num:0	2654			9	369	tetracycline	
k141_54931_4 # 1522 # 2748 # -1 # ID=11407_4;partial=00;start_type=ATG;rbs_motif=None;rbs_spacer=None;gc_cont=0.339	k141_54931	1522	2748	-	Loose	700	47.4	Acinetobacter baumannii AbaF	21.76	3004573	protein homolog model	n/a	n/a	phosphonic acid antibiotic	antibiotic efflux	major facilitator superfamily (MFS) antibiotic efflux pump	95.10	gnl|BL_ORD_ID|2717|hsp_num:0	3277			21	1281	fosfomycin	
k141_39037_1 # 149 # 1987 # 1 # ID=11421_1;partial=01;start_type=ATG;rbs_motif=AAAA;rbs_spacer=4bp;gc_cont=0.361	k141_39037	149	1987	+	Loose	500	42.7	LpsA	29.09	3005052	protein homolog model	n/a	n/a	peptide antibiotic	reduced permeability to antibiotic	Intrinsic peptide antibiotic resistant Lps	239.45	gnl|BL_ORD_ID|2783|hsp_num:0	3794			342	654	polymyxin B; defensin	
k141_46424_1 # 3 # 473 # -1 # ID=11422_1;partial=10;start_type=ATG;rbs_motif=GGAG/GAGG;rbs_spacer=5-10bp;gc_cont=0.679	k141_46424	3	473	-	Loose	700	38.1	tap	32.46	3000343	protein homolog model	n/a	n/a	tetracycline antibiotic	antibiotic efflux	major facilitator superfamily (MFS) antibiotic efflux pump	38.39	gnl|BL_ORD_ID|1578|hsp_num:0	1720			63	402	tetracycline	
k141_54957_2 # 1100 # 2068 # 1 # ID=11429_2;partial=00;start_type=ATG;rbs_motif=TAA;rbs_spacer=12bp;gc_cont=0.354	k141_54957	1100	2068	+	Loose	600	51.2	mdtN	20.73	3003548	protein homolog model	n/a	n/a	nucleoside antibiotic; disinfecting agents and antiseptics	antibiotic efflux	major facilitator superfamily (MFS) antibiotic efflux pump	93.88	gnl|BL_ORD_ID|1322|hsp_num:0	1442			75	852	acriflavine; puromycin	
k141_54957_3 # 2283 # 2606 # 1 # ID=11429_3;partial=01;start_type=ATG;rbs_motif=AAA;rbs_spacer=4bp;gc_cont=0.324	k141_54957	2283	2606	+	Loose	650	65.5	tetA(58)	34.31	3003980	protein homolog model	n/a	n/a	tetracycline antibiotic	antibiotic efflux	major facilitator superfamily (MFS) antibiotic efflux pump	31.49	gnl|BL_ORD_ID|2244|hsp_num:0	2517			51	345	tetracycline	
k141_54959_4 # 1809 # 2300 # 1 # ID=11434_4;partial=01;start_type=ATG;rbs_motif=GGAG/GAGG;rbs_spacer=5-10bp;gc_cont=0.620	k141_54959	1809	2300	+	Loose	2000	77.4	Bifidobacterium adolescentis rpoB mutants conferring resistance to rifampicin	33.33	3004480	protein homolog model	n/a	n/a	rifamycin antibiotic	antibiotic target alteration; antibiotic target replacement	rifamycin-resistant beta-subunit of RNA polymerase (rpoB)	13.83	gnl|BL_ORD_ID|4720|hsp_num:0	2914			81	534	rifampin	
k141_7128_1 # 12 # 818 # 1 # ID=11437_1;partial=00;start_type=ATG;rbs_motif=None;rbs_spacer=None;gc_cont=0.686	k141_7128	12	818	+	Loose	900	50.8	basS	35.56	3003583	protein homolog model	n/a	n/a	peptide antibiotic	antibiotic target alteration; antibiotic efflux	pmr phosphoethanolamine transferase	56.18	gnl|BL_ORD_ID|2351|hsp_num:0	249			507	777	polymyxin B	
k141_7128_2 # 846 # 1400 # 1 # ID=11437_2;partial=00;start_type=GTG;rbs_motif=None;rbs_spacer=None;gc_cont=0.732	k141_7128	846	1400	+	Loose	900	84.7	basS	34.07	3003583	protein homolog model	n/a	n/a	peptide antibiotic	antibiotic target alteration; antibiotic efflux	pmr phosphoethanolamine transferase	38.57	gnl|BL_ORD_ID|2351|hsp_num:0	249			831	1371	polymyxin B	
k141_7138_1 # 3 # 686 # 1 # ID=11451_1;partial=10;start_type=Edge;rbs_motif=None;rbs_spacer=None;gc_cont=0.664	k141_7138	3	686	+	Loose	570	71.2	bcrA	37.14	3002987	protein homolog model	n/a	n/a	peptide antibiotic	antibiotic efflux	ATP-binding cassette (ABC) antibiotic efflux pump	74.18	gnl|BL_ORD_ID|316|hsp_num:0	345			327	639	bacitracin; bacitracin A; bacitracin B; bacitracin F	
k141_7144_2 # 1042 # 1719 # 1 # ID=11466_2;partial=00;start_type=ATG;rbs_motif=AGGAG;rbs_spacer=5-10bp;gc_cont=0.459	k141_7144	1042	1719	+	Loose	410	125.9	arlR	34.84	3000838	protein homolog model	n/a	n/a	fluoroquinolone antibiotic; disinfecting agents and antiseptics	antibiotic efflux	major facilitator superfamily (MFS) antibiotic efflux pump	102.74	gnl|BL_ORD_ID|1275|hsp_num:0	1390			0	648	ciprofloxacin; acriflavine; norfloxacin	
k141_7144_3 # 1712 # 2221 # 1 # ID=11466_3;partial=01;start_type=ATG;rbs_motif=None;rbs_spacer=None;gc_cont=0.482	k141_7144	1712	2221	+	Loose	700	40.8	vanS gene in vanM cluster	28.71	3002939	protein homolog model	n/a	n/a	glycopeptide antibiotic	antibiotic target alteration	vanS; glycopeptide resistance gene cluster	45.95	gnl|BL_ORD_ID|4740|hsp_num:0	1328			387	687	vancomycin; teicoplanin	
k141_39072_1 # 2 # 1081 # 1 # ID=11468_1;partial=10;start_type=Edge;rbs_motif=None;rbs_spacer=None;gc_cont=0.331	k141_39072	2	1081	+	Loose	600	162.5	TriB	33.82	3003680	protein homolog model	n/a	n/a	disinfecting agents and antiseptics	antibiotic efflux	resistance-nodulation-cell division (RND) antibiotic efflux pump	100.84	gnl|BL_ORD_ID|2004|hsp_num:0	2193			42	1053	triclosan	
k141_39072_2 # 1078 # 3342 # 1 # ID=11468_2;partial=01;start_type=ATG;rbs_motif=GGA/GAG/AGG;rbs_spacer=11-12bp;gc_cont=0.337	k141_39072	1078	3342	+	Loose	1900	638.3	MexK	42.95	3003693	protein homolog model	n/a	n/a	macrolide antibiotic; tetracycline antibiotic; disinfecting agents and antiseptics	antibiotic efflux	resistance-nodulation-cell division (RND) antibiotic efflux pump	73.66	gnl|BL_ORD_ID|2017|hsp_num:0	2206			9	2283	erythromycin; tetracycline; triclosan	
k141_62918_1 # 1 # 1071 # -1 # ID=11470_1;partial=11;start_type=Edge;rbs_motif=None;rbs_spacer=None;gc_cont=0.394	k141_62918	1	1071	-	Loose	2000	324.3	oqxB	49.44	3003923	protein homolog model	n/a	n/a	fluoroquinolone antibiotic; glycylcycline; tetracycline antibiotic; diaminopyrimidine antibiotic; nitrofuran antibiotic	antibiotic efflux	resistance-nodulation-cell division (RND) antibiotic efflux pump	34.00	gnl|BL_ORD_ID|2153|hsp_num:0	2400			507	1581	tigecycline; ciprofloxacin; nitrofurantoin; trimethoprim	
k141_30974_2 # 879 # 1055 # -1 # ID=11480_2;partial=01;start_type=Edge;rbs_motif=None;rbs_spacer=None;gc_cont=0.232	k141_30974	879	1055	-	Loose	400	43.1	mtrA	43.14	3000816	protein homolog model	n/a	n/a	macrolide antibiotic; penam	antibiotic efflux	resistance-nodulation-cell division (RND) antibiotic efflux pump	19.27	gnl|BL_ORD_ID|1432|hsp_num:0	1559			696	849	erythromycin; penicillin; azithromycin	
k141_46454_3 # 1687 # 1851 # 1 # ID=11489_3;partial=01;start_type=TTG;rbs_motif=GGAGG;rbs_spacer=5-10bp;gc_cont=0.588	k141_46454	1687	1851	+	Loose	400	38.1	vanR gene in vanF cluster	34.0	3002925	protein homolog model	n/a	n/a	glycopeptide antibiotic	antibiotic target alteration	glycopeptide resistance gene cluster; vanR	23.81	gnl|BL_ORD_ID|299|hsp_num:0	240			12	162	vancomycin	
k141_30979_1 # 37 # 837 # -1 # ID=11495_1;partial=00;start_type=ATG;rbs_motif=AGGA;rbs_spacer=5-10bp;gc_cont=0.418	k141_30979	37	837	-	Loose	1280	110.5	macB	34.29	3000535	protein homolog model	n/a	n/a	macrolide antibiotic	antibiotic efflux	ATP-binding cassette (ABC) antibiotic efflux pump	41.30	gnl|BL_ORD_ID|447|hsp_num:0	487			57	681	erythromycin	
k141_23412_1 # 3 # 863 # -1 # ID=11497_1;partial=10;start_type=ATG;rbs_motif=None;rbs_spacer=None;gc_cont=0.710	k141_23412	3	863	-	Loose	800	46.2	mel	24.71	3000616	protein homolog model	n/a	n/a	macrolide antibiotic; streptogramin antibiotic	antibiotic target protection	msr-type ABC-F protein	70.86	gnl|BL_ORD_ID|1131|hsp_num:0	1231			30	540	erythromycin; telithromycin	
k141_15065_1 # 67 # 1419 # 1 # ID=11502_1;partial=01;start_type=ATG;rbs_motif=None;rbs_spacer=None;gc_cont=0.645	k141_15065	67	1419	+	Loose	800	147.5	Staphylococcus aureus LmrS	25.85	3004572	protein homolog model	n/a	n/a	macrolide antibiotic; aminoglycoside antibiotic; oxazolidinone antibiotic; diaminopyrimidine antibiotic; phenicol antibiotic	antibiotic efflux	major facilitator superfamily (MFS) antibiotic efflux pump	93.96	gnl|BL_ORD_ID|2870|hsp_num:0	3276			24	1236	erythromycin; streptomycin; kanamycin A; linezolid; trimethoprim; chloramphenicol; florfenicol	
k141_39096_1 # 2 # 1027 # -1 # ID=11505_1;partial=11;start_type=Edge;rbs_motif=None;rbs_spacer=None;gc_cont=0.755	k141_39096	2	1027	-	Loose	650	77.8	MexH	28.97	3000807	protein homolog model	n/a	n/a	fluoroquinolone antibiotic; tetracycline antibiotic; disinfecting agents and antiseptics	antibiotic efflux	resistance-nodulation-cell division (RND) antibiotic efflux pump	92.43	gnl|BL_ORD_ID|1351|hsp_num:0	1344			117	861	acriflavine; tetracycline; norfloxacin	
k141_54999_3 # 1793 # 2314 # 1 # ID=11506_3;partial=01;start_type=ATG;rbs_motif=GGAG/GAGG;rbs_spacer=5-10bp;gc_cont=0.649	k141_54999	1793	2314	+	Loose	650	82.0	adeL	32.12	3000620	protein homolog model	n/a	n/a	fluoroquinolone antibiotic; tetracycline antibiotic	antibiotic efflux	resistance-nodulation-cell division (RND) antibiotic efflux pump	51.63	gnl|BL_ORD_ID|2316|hsp_num:0	2654			0	489	tetracycline	
k141_46474_1 # 3 # 386 # 1 # ID=11518_1;partial=10;start_type=Edge;rbs_motif=None;rbs_spacer=None;gc_cont=0.641	k141_46474	3	386	+	Loose	650	48.1	otr(C)	27.74	3002894	protein homolog model	n/a	n/a	tetracycline antibiotic	antibiotic efflux	ATP-binding cassette (ABC) antibiotic efflux pump	36.18	gnl|BL_ORD_ID|1953|hsp_num:0	1991			567	975	tetracycline	
k141_39110_4 # 2368 # 2736 # 1 # ID=11519_4;partial=00;start_type=ATG;rbs_motif=None;rbs_spacer=None;gc_cont=0.287	k141_39110	2368	2736	+	Loose	250	46.2	FosC2	28.95	3002874	protein homolog model	n/a	n/a	phosphonic acid antibiotic	antibiotic inactivation	fosC phosphotransferase family	92.42	gnl|BL_ORD_ID|1898|hsp_num:0	2060			18	327	fosfomycin	
k141_31004_2 # 1073 # 1873 # 1 # ID=11527_2;partial=00;start_type=ATG;rbs_motif=AGxAGG/AGGxGG;rbs_spacer=3-4bp;gc_cont=0.419	k141_31004	1073	1873	+	Perfect	500	530.8	OXA-10	100.0	3001405	protein homolog model	n/a	n/a	carbapenem; cephalosporin; penam	antibiotic inactivation	OXA beta-lactamase	100.00	gnl|BL_ORD_ID|1453|hsp_num:0	1587			0	798	cloxacillin; oxacillin; cefalotin	
k141_39118_2 # 128 # 1291 # 1 # ID=11536_2;partial=00;start_type=ATG;rbs_motif=GGAG/GAGG;rbs_spacer=5-10bp;gc_cont=0.509	k141_39118	128	1291	+	Loose	1280	100.1	macB	30.84	3000535	protein homolog model	n/a	n/a	macrolide antibiotic	antibiotic efflux	ATP-binding cassette (ABC) antibiotic efflux pump	60.09	gnl|BL_ORD_ID|447|hsp_num:0	487			3	669	erythromycin	
k141_23446_1 # 3 # 185 # -1 # ID=11552_1;partial=10;start_type=ATG;rbs_motif=None;rbs_spacer=None;gc_cont=0.628	k141_23446	3	185	-	Loose	410	54.3	arlR	49.15	3000838	protein homolog model	n/a	n/a	fluoroquinolone antibiotic; disinfecting agents and antiseptics	antibiotic efflux	major facilitator superfamily (MFS) antibiotic efflux pump	27.85	gnl|BL_ORD_ID|1275|hsp_num:0	1390			6	183	ciprofloxacin; acriflavine; norfloxacin	
k141_7199_1 # 1 # 600 # -1 # ID=11561_1;partial=10;start_type=ATG;rbs_motif=None;rbs_spacer=None;gc_cont=0.617	k141_7199	1	600	-	Loose	400	51.6	nalC	38.98	3000818	protein overexpression model	n/a	n/a	macrolide antibiotic; fluoroquinolone antibiotic; monobactam; carbapenem; cephalosporin; cephamycin; penam; tetracycline antibiotic; peptide antibiotic; aminocoumarin antibiotic; diaminopyrimidine antibiotic; sulfonamide antibiotic; phenicol antibiotic; penem	antibiotic efflux	resistance-nodulation-cell division (RND) antibiotic efflux pump	93.90	gnl|BL_ORD_ID|2128|hsp_num:0	1670			42	219	erythromycin; ciprofloxacin; tetracycline; ceftazidime; ceftriaxone; meropenem; novobiocin; azithromycin; trimethoprim; sulfamethoxazole; chloramphenicol; aztreonam; colistin A; colistin B; ampicillin; panipenem; trimethoprim-sulfamethoxazole	
k141_31032_4 # 3720 # 4772 # -1 # ID=11579_4;partial=01;start_type=Edge;rbs_motif=None;rbs_spacer=None;gc_cont=0.683	k141_31032	3720	4772	-	Loose	600	44.3	MSI-1	32.21	3003718	protein homolog model	n/a	n/a	carbapenem	antibiotic inactivation	MSI beta-lactamase	102.64	gnl|BL_ORD_ID|2031|hsp_num:0	2233			270	672		
k141_39143_1 # 3 # 806 # 1 # ID=11581_1;partial=10;start_type=Edge;rbs_motif=None;rbs_spacer=None;gc_cont=0.453	k141_39143	3	806	+	Loose	900	82.0	TolC	27.24	3000237	protein homolog model	n/a	n/a	macrolide antibiotic; fluoroquinolone antibiotic; aminoglycoside antibiotic; carbapenem; cephalosporin; glycylcycline; cephamycin; penam; tetracycline antibiotic; peptide antibiotic; aminocoumarin antibiotic; rifamycin antibiotic; phenicol antibiotic; penem; disinfecting agents and antiseptics	antibiotic efflux	ATP-binding cassette (ABC) antibiotic efflux pump; major facilitator superfamily (MFS) antibiotic efflux pump; resistance-nodulation-cell division (RND) antibiotic efflux pump	53.94	gnl|BL_ORD_ID|4677|hsp_num:0	826			498	1287	erythromycin; cloxacillin; gentamicin C; tigecycline; ciprofloxacin; spectinomycin; streptomycin; tetracycline; tobramycin; oxacillin; ceftazidime; ertapenem; piperacillin; novobiocin; azithromycin; rifampin; imipenem; chloramphenicol; polymyxin B; polymyxin B1; polymyxin B2; polymyxin B3; polymyxin B4; ampicillin; nalidixic acid; norfloxacin; cefalotin; triclosan; ticarcillin; gentamicin	
k141_23463_1 # 42 # 1016 # 1 # ID=11584_1;partial=00;start_type=ATG;rbs_motif=None;rbs_spacer=None;gc_cont=0.676	k141_23463	42	1016	+	Loose	550	40.4	NmcR	26.8	3003665	protein homolog model	n/a	n/a	carbapenem; cephalosporin; cephamycin; penam	antibiotic inactivation	NmcA beta-lactamase	109.83	gnl|BL_ORD_ID|1906|hsp_num:0	2072			6	444	cefoxitin; cefazolin; ampicillin	
k141_39147_1 # 1 # 873 # -1 # ID=11588_1;partial=10;start_type=ATG;rbs_motif=None;rbs_spacer=None;gc_cont=0.592	k141_39147	1	873	-	Loose	1300	153.7	optrA	33.22	3003746	protein homolog model	n/a	n/a	oxazolidinone antibiotic; phenicol antibiotic	antibiotic target protection	Miscellaneous ABC-F subfamily ATP-binding cassette ribosomal protection proteins	44.43	gnl|BL_ORD_ID|2070|hsp_num:0	2263			99	966	linezolid; chloramphenicol; florfenicol; tedizolid	
k141_46523_1 # 1 # 327 # 1 # ID=11590_1;partial=10;start_type=Edge;rbs_motif=None;rbs_spacer=None;gc_cont=0.459	k141_46523	1	327	+	Loose	300	53.9	poxtA	32.65	3004470	protein homolog model	n/a	n/a	tetracycline antibiotic; oxazolidinone antibiotic; phenicol antibiotic	antibiotic target protection	Miscellaneous ABC-F subfamily ATP-binding cassette ribosomal protection proteins	19.93	gnl|BL_ORD_ID|2511|hsp_num:0	2904			471	753	tetracycline; doxycycline; linezolid; chloramphenicol; florfenicol	
k141_7210_10 # 4024 # 4518 # -1 # ID=11593_10;partial=00;start_type=ATG;rbs_motif=GGA/GAG/AGG;rbs_spacer=5-10bp;gc_cont=0.420	k141_7210	4024	4518	-	Loose	200	89.7	dfrL	37.59	3007456	protein homolog model	n/a	n/a	aminoglycoside antibiotic; tetracycline antibiotic; diaminopyrimidine antibiotic	antibiotic target replacement	trimethoprim resistant dihydrofolate reductase dfr	84.97	gnl|BL_ORD_ID|4956|hsp_num:0	5947			51	438	streptomycin; tetracycline; tobramycin; trimethoprim; iclaprim	
k141_55083_1 # 1 # 543 # 1 # ID=11611_1;partial=10;start_type=Edge;rbs_motif=None;rbs_spacer=None;gc_cont=0.670	k141_55083	1	543	+	Loose	410	124.0	arlR	38.07	3000838	protein homolog model	n/a	n/a	fluoroquinolone antibiotic; disinfecting agents and antiseptics	antibiotic efflux	major facilitator superfamily (MFS) antibiotic efflux pump	82.19	gnl|BL_ORD_ID|1275|hsp_num:0	1390			135	654	ciprofloxacin; acriflavine; norfloxacin	
k141_39174_4 # 2378 # 2521 # 1 # ID=11616_4;partial=01;start_type=ATG;rbs_motif=AGGAG;rbs_spacer=5-10bp;gc_cont=0.333	k141_39174	2378	2521	+	Loose	150	70.9	nimA	72.34	3007104	protein homolog model	n/a	n/a	nitroimidazole antibiotic	antibiotic inactivation	nitroimidazole reductase	27.27	gnl|BL_ORD_ID|4783|hsp_num:0	5777			0	141	metronidazole	
k141_46548_1 # 1 # 1326 # 1 # ID=11617_1;partial=10;start_type=Edge;rbs_motif=None;rbs_spacer=None;gc_cont=0.679	k141_46548	1	1326	+	Loose	900	184.1	basS	32.67	3003583	protein homolog model	n/a	n/a	peptide antibiotic	antibiotic target alteration; antibiotic efflux	pmr phosphoethanolamine transferase	92.45	gnl|BL_ORD_ID|2351|hsp_num:0	249			21	1359	polymyxin B	
k141_39178_1 # 3 # 1154 # -1 # ID=11623_1;partial=11;start_type=Edge;rbs_motif=None;rbs_spacer=None;gc_cont=0.688	k141_39178	3	1154	-	Loose	400	211.8	TxR	40.14	3005008	protein homolog model	n/a	n/a	tetracycline antibiotic	antibiotic efflux	ATP-binding cassette (ABC) antibiotic efflux pump	120.75	gnl|BL_ORD_ID|4725|hsp_num:0	3753			66	924	tetracycline	
k141_46561_1 # 2 # 1105 # -1 # ID=11640_1;partial=11;start_type=Edge;rbs_motif=None;rbs_spacer=None;gc_cont=0.285	k141_46561	2	1105	-	Loose	960	129.4	efrA	24.87	3003948	protein homolog model	n/a	n/a	macrolide antibiotic; fluoroquinolone antibiotic; rifamycin antibiotic	antibiotic efflux	ATP-binding cassette (ABC) antibiotic efflux pump	64.00	gnl|BL_ORD_ID|2183|hsp_num:0	2421			540	1638	erythromycin; ciprofloxacin; rifampin	
k141_46581_5 # 1971 # 2288 # 1 # ID=11668_5;partial=01;start_type=GTG;rbs_motif=GGA/GAG/AGG;rbs_spacer=5-10bp;gc_cont=0.469	k141_46581	1971	2288	+	Loose	300	85.1	tet(44)	47.52	3000556	protein homolog model	n/a	n/a	tetracycline antibiotic	antibiotic target protection	tetracycline-resistant ribosomal protection protein	16.56	gnl|BL_ORD_ID|1198|hsp_num:0	1171			12	297	tetracycline; doxycycline; minocycline; chlortetracycline; demeclocycline; oxytetracycline	
k141_46585_1 # 3 # 353 # 1 # ID=11680_1;partial=10;start_type=Edge;rbs_motif=None;rbs_spacer=None;gc_cont=0.308	k141_46585	3	353	+	Loose	450	49.3	RanB	24.79	3005090	protein homolog model	n/a	n/a	aminoglycoside antibiotic	antibiotic efflux	ATP-binding cassette (ABC) antibiotic efflux pump	45.85	gnl|BL_ORD_ID|2808|hsp_num:0	3824			408	750		
k141_46585_2 # 363 # 1100 # 1 # ID=11680_2;partial=00;start_type=ATG;rbs_motif=GGAG/GAGG;rbs_spacer=5-10bp;gc_cont=0.314	k141_46585	363	1100	+	Loose	500	171.4	RanA	39.18	3005091	protein homolog model	n/a	n/a	aminoglycoside antibiotic	antibiotic efflux	ATP-binding cassette (ABC) antibiotic efflux pump	94.96	gnl|BL_ORD_ID|2809|hsp_num:0	3825			0	735		
k141_46587_2 # 737 # 1369 # -1 # ID=11685_2;partial=01;start_type=Edge;rbs_motif=None;rbs_spacer=None;gc_cont=0.665	k141_46587	737	1369	-	Loose	1280	76.3	macB	41.53	3000535	protein homolog model	n/a	n/a	macrolide antibiotic	antibiotic efflux	ATP-binding cassette (ABC) antibiotic efflux pump	32.61	gnl|BL_ORD_ID|447|hsp_num:0	487			267	606	erythromycin	
k141_39236_1 # 3 # 1265 # 1 # ID=11691_1;partial=11;start_type=Edge;rbs_motif=None;rbs_spacer=None;gc_cont=0.553	k141_39236	3	1265	+	Loose	1900	147.9	mexQ	30.57	3003699	protein homolog model	n/a	n/a	macrolide antibiotic; carbapenem; tetracycline antibiotic; diaminopyrimidine antibiotic; phenicol antibiotic; disinfecting agents and antiseptics	antibiotic efflux	resistance-nodulation-cell division (RND) antibiotic efflux pump	39.98	gnl|BL_ORD_ID|2011|hsp_num:0	2212			585	1788	erythromycin; acriflavine; tetracycline; imipenem; trimethoprim; chloramphenicol; thiamphenicol; kitasamycin; rokitamycin	
k141_46595_2 # 244 # 1062 # -1 # ID=11697_2;partial=00;start_type=ATG;rbs_motif=AGGA/GGAG/GAGG;rbs_spacer=11-12bp;gc_cont=0.458	k141_46595	244	1062	-	Loose	500	143.7	RanA	34.98	3005091	protein homolog model	n/a	n/a	aminoglycoside antibiotic	antibiotic efflux	ATP-binding cassette (ABC) antibiotic efflux pump	105.43	gnl|BL_ORD_ID|2809|hsp_num:0	3825			0	669		
k141_23546_2 # 785 # 1195 # 1 # ID=11717_2;partial=01;start_type=ATG;rbs_motif=AGGA;rbs_spacer=5-10bp;gc_cont=0.526	k141_23546	785	1195	+	Loose	300	79.3	tet(S)	37.01	3000192	protein homolog model	n/a	n/a	tetracycline antibiotic	antibiotic target protection	tetracycline-resistant ribosomal protection protein	21.37	gnl|BL_ORD_ID|1525|hsp_num:0	1553			9	387	tetracycline; doxycycline; minocycline; chlortetracycline; demeclocycline; oxytetracycline	
k141_46610_2 # 274 # 1050 # 1 # ID=11718_2;partial=01;start_type=ATG;rbs_motif=AGGAG;rbs_spacer=5-10bp;gc_cont=0.562	k141_46610	274	1050	+	Loose	400	86.3	ErmW	32.64	3001306	protein homolog model	n/a	n/a	macrolide antibiotic; lincosamide antibiotic; streptogramin antibiotic	antibiotic target alteration	Erm 23S ribosomal RNA methyltransferase	83.28	gnl|BL_ORD_ID|1573|hsp_num:0	1714			51	600	erythromycin; josamycin	
k141_15200_2 # 949 # 3060 # 1 # ID=11738_2;partial=01;start_type=ATG;rbs_motif=AGGAG;rbs_spacer=5-10bp;gc_cont=0.359	k141_15200	949	3060	+	Loose	2000	94.0	Staphylococcus aureus mupB conferring resistance to mupirocin	28.06	3000510	protein homolog model	n/a	n/a	mupirocin-like antibiotic	antibiotic target alteration	antibiotic-resistant isoleucyl-tRNA synthetase (ileS)	68.15	gnl|BL_ORD_ID|4699|hsp_num:0	2271			1185	1893	mupirocin	
k141_39274_1 # 3 # 917 # 1 # ID=11740_1;partial=10;start_type=Edge;rbs_motif=None;rbs_spacer=None;gc_cont=0.584	k141_39274	3	917	+	Loose	650	179.1	adeL	34.83	3000620	protein homolog model	n/a	n/a	fluoroquinolone antibiotic; tetracycline antibiotic	antibiotic efflux	resistance-nodulation-cell division (RND) antibiotic efflux pump	90.21	gnl|BL_ORD_ID|2316|hsp_num:0	2654			0	870	tetracycline	
k141_31122_1 # 2 # 1018 # -1 # ID=11744_1;partial=11;start_type=Edge;rbs_motif=None;rbs_spacer=None;gc_cont=0.727	k141_31122	2	1018	-	Loose	1100	49.7	tetA(46)	19.75	3004032	protein homolog model	n/a	n/a	tetracycline antibiotic	antibiotic efflux	ATP-binding cassette (ABC) antibiotic efflux pump	59.06	gnl|BL_ORD_ID|2309|hsp_num:0	2643			429	1131	tetracycline	
k141_39277_1 # 3 # 1346 # -1 # ID=11747_1;partial=10;start_type=ATG;rbs_motif=None;rbs_spacer=None;gc_cont=0.447	k141_39277	3	1346	-	Loose	1300	226.1	optrA	32.09	3003746	protein homolog model	n/a	n/a	oxazolidinone antibiotic; phenicol antibiotic	antibiotic target protection	Miscellaneous ABC-F subfamily ATP-binding cassette ribosomal protection proteins	68.40	gnl|BL_ORD_ID|2070|hsp_num:0	2263			93	1440	linezolid; chloramphenicol; florfenicol; tedizolid	
k141_55191_1 # 3 # 659 # -1 # ID=11756_1;partial=10;start_type=ATG;rbs_motif=GGA/GAG/AGG;rbs_spacer=5-10bp;gc_cont=0.513	k141_55191	3	659	-	Loose	550	91.7	PmrF	32.02	3003578	protein homolog model	n/a	n/a	peptide antibiotic	antibiotic target alteration	pmr phosphoethanolamine transferase	68.01	gnl|BL_ORD_ID|1938|hsp_num:0	2014			27	552	polymyxin B	
k141_55201_1 # 3 # 1247 # -1 # ID=11771_1;partial=11;start_type=Edge;rbs_motif=None;rbs_spacer=None;gc_cont=0.630	k141_55201	3	1247	-	Loose	1300	257.3	optrA	35.82	3003746	protein homolog model	n/a	n/a	oxazolidinone antibiotic; phenicol antibiotic	antibiotic target protection	Miscellaneous ABC-F subfamily ATP-binding cassette ribosomal protection proteins	63.36	gnl|BL_ORD_ID|2070|hsp_num:0	2263			486	1647	linezolid; chloramphenicol; florfenicol; tedizolid	
k141_7326_1 # 3 # 551 # 1 # ID=11772_1;partial=10;start_type=Edge;rbs_motif=None;rbs_spacer=None;gc_cont=0.621	k141_7326	3	551	+	Loose	750	53.5	patA	27.11	3000024	protein homolog model	n/a	n/a	fluoroquinolone antibiotic	antibiotic efflux	ATP-binding cassette (ABC) antibiotic efflux pump	32.27	gnl|BL_ORD_ID|1908|hsp_num:0	2081			1200	1680	ciprofloxacin; norfloxacin	
k141_15234_1 # 2 # 1042 # 1 # ID=11793_1;partial=10;start_type=Edge;rbs_motif=None;rbs_spacer=None;gc_cont=0.619	k141_15234	2	1042	+	Loose	900	84.7	tet(O/W/O)	23.99	3007123	protein homolog model	n/a	n/a	tetracycline antibiotic	antibiotic target protection	tetracycline-resistant ribosomal protection protein	54.15	gnl|BL_ORD_ID|4798|hsp_num:0	5793			957	1833	tetracycline	
k141_55221_2 # 528 # 857 # -1 # ID=11794_2;partial=00;start_type=ATG;rbs_motif=GGAG/GAGG;rbs_spacer=5-10bp;gc_cont=0.536	k141_55221	528	857	-	Loose	200	198.7	Escherichia coli soxS with mutation conferring antibiotic resistance	89.72	3003511	protein overexpression model	n/a	n/a	fluoroquinolone antibiotic; monobactam; carbapenem; cephalosporin; glycylcycline; cephamycin; penam; tetracycline antibiotic; rifamycin antibiotic; phenicol antibiotic; penem; disinfecting agents and antiseptics	antibiotic target alteration; antibiotic efflux; reduced permeability to antibiotic	ATP-binding cassette (ABC) antibiotic efflux pump; major facilitator superfamily (MFS) antibiotic efflux pump; resistance-nodulation-cell division (RND) antibiotic efflux pump; General Bacterial Porin with reduced permeability to beta-lactams	101.87	gnl|BL_ORD_ID|1976|hsp_num:0	2066			0	321	tigecycline; ciprofloxacin; tetracycline; rifampin; chloramphenicol; ampicillin; norfloxacin; cefalotin; triclosan; enrofloxacin	
k141_55221_3 # 942 # 1061 # 1 # ID=11794_3;partial=01;start_type=ATG;rbs_motif=AGGA/GGAG/GAGG;rbs_spacer=11-12bp;gc_cont=0.542	k141_55221	942	1061	+	Loose	300	68.2	Escherichia coli soxR with mutation conferring antibiotic resistance	87.18	3003381	protein overexpression model	n/a	n/a	fluoroquinolone antibiotic; cephalosporin; glycylcycline; penam; tetracycline antibiotic; rifamycin antibiotic; phenicol antibiotic; disinfecting agents and antiseptics	antibiotic target alteration; antibiotic efflux	ATP-binding cassette (ABC) antibiotic efflux pump; major facilitator superfamily (MFS) antibiotic efflux pump; resistance-nodulation-cell division (RND) antibiotic efflux pump	25.97	gnl|BL_ORD_ID|1974|hsp_num:0	1005			0	117	tigecycline; ciprofloxacin; tetracycline; rifampin; chloramphenicol; ampicillin; nalidixic acid; norfloxacin; cefalotin; triclosan	
k141_46665_1 # 1 # 1098 # -1 # ID=11799_1;partial=11;start_type=Edge;rbs_motif=None;rbs_spacer=None;gc_cont=0.499	k141_46665	1	1098	-	Loose	550	84.3	Nocardia farcinica rox	37.34	3007210	protein homolog model	n/a	n/a	rifamycin antibiotic	antibiotic inactivation	rifampin monooxygenase	77.38	gnl|BL_ORD_ID|4835|hsp_num:0	5821			783	1242	rifampin	
k141_63142_4 # 3799 # 4194 # -1 # ID=11807_4;partial=01;start_type=Edge;rbs_motif=None;rbs_spacer=None;gc_cont=0.535	k141_63142	3799	4194	-	Loose	200	79.0	YajC	45.05	3005040	protein homolog model	n/a	n/a	fluoroquinolone antibiotic; cephalosporin; glycylcycline; penam; tetracycline antibiotic; oxazolidinone antibiotic; glycopeptide antibiotic; rifamycin antibiotic; phenicol antibiotic; disinfecting agents and antiseptics	antibiotic efflux	resistance-nodulation-cell division (RND) antibiotic efflux pump	116.96	gnl|BL_ORD_ID|2772|hsp_num:0	3783			12	330	vancomycin; tigecycline; tetracycline; linezolid; rifampin; chloramphenicol; ampicillin; cefalotin; triclosan	
k141_15242_1 # 1 # 936 # 1 # ID=11809_1;partial=10;start_type=Edge;rbs_motif=None;rbs_spacer=None;gc_cont=0.574	k141_15242	1	936	+	Loose	1280	53.1	macB	28.07	3000535	protein homolog model	n/a	n/a	macrolide antibiotic	antibiotic efflux	ATP-binding cassette (ABC) antibiotic efflux pump	48.29	gnl|BL_ORD_ID|447|hsp_num:0	487			354	666	erythromycin	
k141_31169_2 # 516 # 1559 # 1 # ID=11813_2;partial=01;start_type=TTG;rbs_motif=GGAG/GAGG;rbs_spacer=5-10bp;gc_cont=0.456	k141_31169	516	1559	+	Loose	1500	186.8	rphB	36.53	3003992	protein homolog model	n/a	n/a	rifamycin antibiotic	antibiotic inactivation	rifampin phosphotransferase	39.37	gnl|BL_ORD_ID|2236|hsp_num:0	2528			0	939	rifampin; rifaximin; rifabutin; rifapentine	
k141_55236_4 # 1730 # 2095 # -1 # ID=11818_4;partial=01;start_type=Edge;rbs_motif=None;rbs_spacer=None;gc_cont=0.645	k141_55236	1730	2095	-	Loose	400	43.5	vanR gene in vanF cluster	28.38	3002925	protein homolog model	n/a	n/a	glycopeptide antibiotic	antibiotic target alteration	glycopeptide resistance gene cluster; vanR	52.38	gnl|BL_ORD_ID|299|hsp_num:0	240			141	354	vancomycin	
k141_63155_1 # 1 # 456 # -1 # ID=11828_1;partial=10;start_type=ATG;rbs_motif=AGGAG/GGAGG;rbs_spacer=11-12bp;gc_cont=0.469	k141_63155	1	456	-	Loose	950	255.4	adeK	83.55	3000782	protein homolog model	n/a	n/a	macrolide antibiotic; fluoroquinolone antibiotic; lincosamide antibiotic; carbapenem; cephalosporin; tetracycline antibiotic; rifamycin antibiotic; diaminopyrimidine antibiotic; phenicol antibiotic; penem	antibiotic efflux	resistance-nodulation-cell division (RND) antibiotic efflux pump	31.40	gnl|BL_ORD_ID|1537|hsp_num:0	1664			0	453	tetracycline; rifampin; imipenem; trimethoprim; chloramphenicol; ticarcillin	
k141_63155_2 # 462 # 1019 # -1 # ID=11828_2;partial=01;start_type=Edge;rbs_motif=None;rbs_spacer=None;gc_cont=0.428	k141_63155	462	1019	-	Loose	2000	297.4	adeJ	82.16	3000781	protein homolog model	n/a	n/a	macrolide antibiotic; fluoroquinolone antibiotic; lincosamide antibiotic; carbapenem; cephalosporin; tetracycline antibiotic; rifamycin antibiotic; diaminopyrimidine antibiotic; phenicol antibiotic; penem	antibiotic efflux	resistance-nodulation-cell division (RND) antibiotic efflux pump	17.49	gnl|BL_ORD_ID|575|hsp_num:0	630			2613	3168	tetracycline; rifampin; imipenem; trimethoprim; chloramphenicol; ticarcillin	
k141_55250_2 # 646 # 1395 # 1 # ID=11829_2;partial=01;start_type=ATG;rbs_motif=AGGAG;rbs_spacer=5-10bp;gc_cont=0.533	k141_55250	646	1395	+	Loose	710	63.9	cmeA	28.1	3000783	protein homolog model	n/a	n/a	macrolide antibiotic; fluoroquinolone antibiotic; cephalosporin; fusidane antibiotic	antibiotic efflux	resistance-nodulation-cell division (RND) antibiotic efflux pump	68.12	gnl|BL_ORD_ID|1090|hsp_num:0	1181			183	771	erythromycin; cefotaxime; fusidic acid	
k141_23627_4 # 4394 # 6040 # 1 # ID=11833_4;partial=00;start_type=TTG;rbs_motif=AGGA;rbs_spacer=5-10bp;gc_cont=0.488	k141_23627	4394	6040	+	Loose	1000	410.2	MCR-2.2	43.1	3004502	protein homolog model	n/a	n/a	peptide antibiotic	antibiotic target alteration	MCR phosphoethanolamine transferase	101.86	gnl|BL_ORD_ID|2666|hsp_num:0	3130			48	1593	colistin A; colistin B	
k141_31185_1 # 137 # 1633 # -1 # ID=11839_1;partial=01;start_type=Edge;rbs_motif=None;rbs_spacer=None;gc_cont=0.615	k141_31185	137	1633	-	Loose	420	74.3	smeR	32.28	3003066	protein homolog model	n/a	n/a	aminoglycoside antibiotic; cephalosporin; cephamycin; penam	antibiotic efflux	resistance-nodulation-cell division (RND) antibiotic efflux pump	217.47	gnl|BL_ORD_ID|1426|hsp_num:0	1550			0	372		
k141_31187_1 # 1 # 1011 # -1 # ID=11844_1;partial=10;start_type=ATG;rbs_motif=AGGAGG;rbs_spacer=5-10bp;gc_cont=0.493	k141_31187	1	1011	-	Loose	1100	124.8	tetB(60)	29.45	3004036	protein homolog model	n/a	n/a	tetracycline antibiotic	antibiotic efflux	ATP-binding cassette (ABC) antibiotic efflux pump	58.20	gnl|BL_ORD_ID|2308|hsp_num:0	2646			15	987	tetracycline	
k141_31187_2 # 1008 # 2024 # -1 # ID=11844_2;partial=01;start_type=Edge;rbs_motif=None;rbs_spacer=None;gc_cont=0.507	k141_31187	1008	2024	-	Loose	1100	270.4	tetA(60)	42.47	3004035	protein homolog model	n/a	n/a	tetracycline antibiotic	antibiotic efflux	ATP-binding cassette (ABC) antibiotic efflux pump	58.38	gnl|BL_ORD_ID|2311|hsp_num:0	2645			753	1734	tetracycline	
k141_39366_1 # 3 # 470 # -1 # ID=11849_1;partial=10;start_type=ATG;rbs_motif=None;rbs_spacer=None;gc_cont=0.688	k141_39366	3	470	-	Loose	1280	83.6	macB	33.96	3000535	protein homolog model	n/a	n/a	macrolide antibiotic	antibiotic efflux	ATP-binding cassette (ABC) antibiotic efflux pump	24.22	gnl|BL_ORD_ID|447|hsp_num:0	487			3	465	erythromycin	
k141_39366_3 # 1484 # 2728 # -1 # ID=11849_3;partial=00;start_type=ATG;rbs_motif=None;rbs_spacer=None;gc_cont=0.687	k141_39366	1484	2728	-	Loose	500	142.9	bcr-1	34.41	3003801	protein homolog model	n/a	n/a	bicyclomycin-like antibiotic	antibiotic efflux	major facilitator superfamily (MFS) antibiotic efflux pump	102.99	gnl|BL_ORD_ID|2333|hsp_num:0	2303			51	1053	bicyclomycin	
k141_7402_1 # 1 # 1296 # -1 # ID=11863_1;partial=11;start_type=Edge;rbs_motif=None;rbs_spacer=None;gc_cont=0.705	k141_7402	1	1296	-	Loose	525	42.4	DHT2-1	32.26	3006872	protein homolog model	n/a	n/a	carbapenem	antibiotic inactivation	DHT2 beta-lactamase	143.05	gnl|BL_ORD_ID|3516|hsp_num:0	4584			243	591		
k141_55278_1 # 2 # 964 # 1 # ID=11867_1;partial=10;start_type=Edge;rbs_motif=None;rbs_spacer=None;gc_cont=0.344	k141_55278	2	964	+	Loose	1000	190.7	msbA	38.33	3003950	protein homolog model	n/a	n/a	nitroimidazole antibiotic	antibiotic efflux	ATP-binding cassette (ABC) antibiotic efflux pump	54.98	gnl|BL_ORD_ID|2186|hsp_num:0	2423			759	1659	metronidazole	
k141_46721_1 # 36 # 2024 # -1 # ID=11877_1;partial=01;start_type=Edge;rbs_motif=None;rbs_spacer=None;gc_cont=0.342	k141_46721	36	2024	-	Loose	1300	328.9	optrA	32.55	3003746	protein homolog model	n/a	n/a	oxazolidinone antibiotic; phenicol antibiotic	antibiotic target protection	Miscellaneous ABC-F subfamily ATP-binding cassette ribosomal protection proteins	101.07	gnl|BL_ORD_ID|2070|hsp_num:0	2263			102	1956	linezolid; chloramphenicol; florfenicol; tedizolid	
k141_7415_1 # 1 # 1062 # -1 # ID=11881_1;partial=10;start_type=ATG;rbs_motif=None;rbs_spacer=None;gc_cont=0.618	k141_7415	1	1062	-	Loose	1000	133.3	msbA	27.02	3003950	protein homolog model	n/a	n/a	nitroimidazole antibiotic	antibiotic efflux	ATP-binding cassette (ABC) antibiotic efflux pump	60.82	gnl|BL_ORD_ID|2186|hsp_num:0	2423			75	1026	metronidazole	
k141_7418_3 # 1408 # 2796 # -1 # ID=11891_3;partial=00;start_type=GTG;rbs_motif=AGGAGG;rbs_spacer=3-4bp;gc_cont=0.678	k141_7418	1408	2796	-	Loose	900	93.2	basS	25.84	3003583	protein homolog model	n/a	n/a	peptide antibiotic	antibiotic target alteration; antibiotic efflux	pmr phosphoethanolamine transferase	96.86	gnl|BL_ORD_ID|2351|hsp_num:0	249			9	1317	polymyxin B	
k141_7418_4 # 2793 # 3494 # -1 # ID=11891_4;partial=00;start_type=ATG;rbs_motif=None;rbs_spacer=None;gc_cont=0.664	k141_7418	2793	3494	-	Loose	400	146.0	vanR gene in vanO cluster	36.64	3002930	protein homolog model	n/a	n/a	glycopeptide antibiotic	antibiotic target alteration	glycopeptide resistance gene cluster; vanR	100.00	gnl|BL_ORD_ID|4743|hsp_num:0	1689			9	669	vancomycin	
k141_39406_1 # 3 # 839 # -1 # ID=11894_1;partial=10;start_type=ATG;rbs_motif=GGA/GAG/AGG;rbs_spacer=5-10bp;gc_cont=0.486	k141_39406	3	839	-	Loose	1200	119.4	arnA	29.3	3002985	protein homolog model	n/a	n/a	peptide antibiotic	antibiotic target alteration	pmr phosphoethanolamine transferase	42.15	gnl|BL_ORD_ID|1514|hsp_num:0	1643			33	789	polymyxin B	
k141_23676_1 # 33 # 764 # -1 # ID=11896_1;partial=00;start_type=ATG;rbs_motif=GGAGG;rbs_spacer=5-10bp;gc_cont=0.699	k141_23676	33	764	-	Loose	600	89.7	oleC	29.82	3003748	protein homolog model	n/a	n/a	macrolide antibiotic	antibiotic efflux	ATP-binding cassette (ABC) antibiotic efflux pump	74.77	gnl|BL_ORD_ID|2051|hsp_num:0	2264			0	663	oleandomycin	
k141_23676_2 # 757 # 1674 # -1 # ID=11896_2;partial=00;start_type=ATG;rbs_motif=None;rbs_spacer=None;gc_cont=0.662	k141_23676	757	1674	-	Loose	650	107.5	tetA(58)	30.71	3003980	protein homolog model	n/a	n/a	tetracycline antibiotic	antibiotic efflux	major facilitator superfamily (MFS) antibiotic efflux pump	88.92	gnl|BL_ORD_ID|2244|hsp_num:0	2517			51	738	tetracycline	
k141_46739_3 # 369 # 1079 # 1 # ID=11909_3;partial=01;start_type=ATG;rbs_motif=AGxAG;rbs_spacer=5-10bp;gc_cont=0.650	k141_46739	369	1079	+	Loose	650	44.3	adeL	26.21	3000620	protein homolog model	n/a	n/a	fluoroquinolone antibiotic; tetracycline antibiotic	antibiotic efflux	resistance-nodulation-cell division (RND) antibiotic efflux pump	70.33	gnl|BL_ORD_ID|2316|hsp_num:0	2654			18	441	tetracycline	
k141_15308_1 # 2 # 946 # -1 # ID=11913_1;partial=10;start_type=ATG;rbs_motif=GGAG/GAGG;rbs_spacer=5-10bp;gc_cont=0.388	k141_15308	2	946	-	Loose	2000	165.2	Bifidobacterium adolescentis rpoB mutants conferring resistance to rifampicin	37.71	3004480	protein homolog model	n/a	n/a	rifamycin antibiotic	antibiotic target alteration; antibiotic target replacement	rifamycin-resistant beta-subunit of RNA polymerase (rpoB)	26.56	gnl|BL_ORD_ID|4720|hsp_num:0	2914			81	765	rifampin	
k141_23686_2 # 423 # 1211 # -1 # ID=11914_2;partial=01;start_type=Edge;rbs_motif=None;rbs_spacer=None;gc_cont=0.622	k141_23686	423	1211	-	Loose	600	77.0	oleC	29.25	3003748	protein homolog model	n/a	n/a	macrolide antibiotic	antibiotic efflux	ATP-binding cassette (ABC) antibiotic efflux pump	80.62	gnl|BL_ORD_ID|2051|hsp_num:0	2264			45	654	oleandomycin	
k141_55312_2 # 766 # 1014 # -1 # ID=11919_2;partial=01;start_type=Edge;rbs_motif=None;rbs_spacer=None;gc_cont=0.647	k141_55312	766	1014	-	Loose	390	37.4	evgA	31.34	3000832	protein homolog model	n/a	n/a	macrolide antibiotic; fluoroquinolone antibiotic; penam; tetracycline antibiotic	antibiotic efflux	major facilitator superfamily (MFS) antibiotic efflux pump; resistance-nodulation-cell division (RND) antibiotic efflux pump	40.20	gnl|BL_ORD_ID|937|hsp_num:0	1015			417	612	erythromycin; cloxacillin; tetracycline; oxacillin; norfloxacin	
k141_23688_1 # 1 # 501 # -1 # ID=11924_1;partial=10;start_type=ATG;rbs_motif=GGAG/GAGG;rbs_spacer=5-10bp;gc_cont=0.481	k141_23688	1	501	-	Loose	700	67.8	OmpA	38.0	3005044	protein homolog model	n/a	n/a	peptide antibiotic	reduced permeability to antibiotic	General Bacterial Porin with reduced permeability to peptide antibiotics	44.65	gnl|BL_ORD_ID|2775|hsp_num:0	3787			666	960	polymyxin B; defensin	
k141_39425_1 # 3 # 215 # 1 # ID=11930_1;partial=10;start_type=Edge;rbs_motif=None;rbs_spacer=None;gc_cont=0.493	k141_39425	3	215	+	Loose	1190	42.7	novA	32.86	3002522	protein homolog model	n/a	n/a	aminocoumarin antibiotic	antibiotic efflux	ATP-binding cassette (ABC) antibiotic efflux pump	11.38	gnl|BL_ORD_ID|1113|hsp_num:0	1210			1503	1713	novobiocin	
k141_55322_3 # 877 # 1446 # -1 # ID=11937_3;partial=00;start_type=ATG;rbs_motif=None;rbs_spacer=None;gc_cont=0.540	k141_55322	877	1446	-	Loose	500	39.3	ErmH	30.0	3002823	protein homolog model	n/a	n/a	macrolide antibiotic; lincosamide antibiotic; streptogramin antibiotic; streptogramin B antibiotic	antibiotic target alteration	Erm 23S ribosomal RNA methyltransferase	63.21	gnl|BL_ORD_ID|1101|hsp_num:0	1193			219	471	erythromycin; lincomycin; pristinamycin IC; oleandomycin; carbomycin	
k141_15325_1 # 1 # 318 # -1 # ID=11942_1;partial=10;start_type=GTG;rbs_motif=GGA/GAG/AGG;rbs_spacer=5-10bp;gc_cont=0.538	k141_15325	1	318	-	Loose	400	57.0	Erm(51)	35.37	3007033	protein homolog model	n/a	n/a	macrolide antibiotic; lincosamide antibiotic; streptogramin antibiotic; streptogramin B antibiotic	antibiotic target alteration	Erm 23S ribosomal RNA methyltransferase	40.30	gnl|BL_ORD_ID|4753|hsp_num:0	5746			39	279	erythromycin; clarithromycin; clindamycin; azithromycin; pristinamycin IB	
k141_39441_2 # 612 # 1190 # -1 # ID=11949_2;partial=01;start_type=Edge;rbs_motif=None;rbs_spacer=None;gc_cont=0.648	k141_39441	612	1190	-	Loose	600	80.5	oleC	33.52	3003748	protein homolog model	n/a	n/a	macrolide antibiotic	antibiotic efflux	ATP-binding cassette (ABC) antibiotic efflux pump	59.08	gnl|BL_ORD_ID|2051|hsp_num:0	2264			126	639	oleandomycin	
k141_55339_2 # 365 # 1069 # 1 # ID=11958_2;partial=01;start_type=ATG;rbs_motif=AGGA;rbs_spacer=5-10bp;gc_cont=0.477	k141_55339	365	1069	+	Loose	1200	155.6	TaeA	38.24	3003986	protein homolog model	n/a	n/a	pleuromutilin antibiotic	antibiotic efflux	ATP-binding cassette (ABC) antibiotic efflux pump	36.27	gnl|BL_ORD_ID|2231|hsp_num:0	2522			0	711	pleuromutilin	
k141_39455_3 # 1290 # 2315 # -1 # ID=11966_3;partial=01;start_type=Edge;rbs_motif=None;rbs_spacer=None;gc_cont=0.681	k141_39455	1290	2315	-	Loose	700	52.8	OmpA	32.74	3005044	protein homolog model	n/a	n/a	peptide antibiotic	reduced permeability to antibiotic	General Bacterial Porin with reduced permeability to peptide antibiotics	91.18	gnl|BL_ORD_ID|2775|hsp_num:0	3787			744	1080	polymyxin B; defensin	
k141_46783_2 # 954 # 1742 # 1 # ID=11975_2;partial=00;start_type=ATG;rbs_motif=None;rbs_spacer=None;gc_cont=0.360	k141_46783	954	1742	+	Loose	400	39.3	vatA	47.37	3002840	protein homolog model	n/a	n/a	streptogramin antibiotic; streptogramin A antibiotic	antibiotic inactivation	streptogramin vat acetyltransferase	119.63	gnl|BL_ORD_ID|1591|hsp_num:0	1735			342	456	virginiamycin M1; madumycin II; griseoviridin; dalfopristin	
k141_15349_1 # 2 # 1972 # 1 # ID=11977_1;partial=10;start_type=Edge;rbs_motif=None;rbs_spacer=None;gc_cont=0.558	k141_15349	2	1972	+	Loose	2000	193.4	Staphylococcus aureus mupA conferring resistance to mupirocin	27.2	3000521	protein homolog model	n/a	n/a	mupirocin-like antibiotic	antibiotic target alteration	antibiotic-resistant isoleucyl-tRNA synthetase (ileS)	64.06	gnl|BL_ORD_ID|4700|hsp_num:0	2270			750	2295	mupirocin	
k141_39471_1 # 2 # 385 # 1 # ID=11981_1;partial=10;start_type=Edge;rbs_motif=None;rbs_spacer=None;gc_cont=0.667	k141_39471	2	385	+	Loose	400	118.2	kdpE	43.65	3003841	protein homolog model	n/a	n/a	aminoglycoside antibiotic	antibiotic efflux	kdpDE	56.44	gnl|BL_ORD_ID|2104|hsp_num:0	2331			315	672	kanamycin A	
k141_39482_2 # 1228 # 1884 # -1 # ID=11993_2;partial=01;start_type=Edge;rbs_motif=None;rbs_spacer=None;gc_cont=0.621	k141_39482	1228	1884	-	Loose	700	66.6	OmpA	35.54	3005044	protein homolog model	n/a	n/a	peptide antibiotic	reduced permeability to antibiotic	General Bacterial Porin with reduced permeability to peptide antibiotics	58.29	gnl|BL_ORD_ID|2775|hsp_num:0	3787			732	1089	polymyxin B; defensin	
k141_15366_2 # 399 # 1058 # 1 # ID=11994_2;partial=01;start_type=ATG;rbs_motif=AGGAG;rbs_spacer=5-10bp;gc_cont=0.645	k141_15366	399	1058	+	Loose	650	106.7	tetA(58)	33.65	3003980	protein homolog model	n/a	n/a	tetracycline antibiotic	antibiotic efflux	major facilitator superfamily (MFS) antibiotic efflux pump	64.14	gnl|BL_ORD_ID|2244|hsp_num:0	2517			63	663	tetracycline	
k141_7498_1 # 1 # 681 # 1 # ID=12000_1;partial=10;start_type=Edge;rbs_motif=None;rbs_spacer=None;gc_cont=0.671	k141_7498	1	681	+	Loose	2300	91.3	evgS	28.18	3000833	protein homolog model	n/a	n/a	macrolide antibiotic; fluoroquinolone antibiotic; penam; tetracycline antibiotic	antibiotic efflux	major facilitator superfamily (MFS) antibiotic efflux pump; resistance-nodulation-cell division (RND) antibiotic efflux pump	18.88	gnl|BL_ORD_ID|1215|hsp_num:0	1318			2598	3219	erythromycin; cloxacillin; tetracycline; oxacillin; norfloxacin	
k141_39487_1 # 1 # 1197 # -1 # ID=12001_1;partial=11;start_type=Edge;rbs_motif=None;rbs_spacer=None;gc_cont=0.494	k141_39487	1	1197	-	Loose	1000	276.6	Neisseria meningititis PBP2 conferring resistance to beta-lactam	40.15	3003937	protein variant model	V316T	D350N:2886, S357N:2886, R384G:320, S402G:5758	cephalosporin; cephamycin; penam	antibiotic target alteration	Penicillin-binding protein mutations conferring resistance to beta-lactam antibiotics	68.67	gnl|BL_ORD_ID|2167|hsp_num:0	2409			420	1593	ceftriaxone; cefixime	
k141_46813_1 # 2 # 562 # 1 # ID=12003_1;partial=10;start_type=Edge;rbs_motif=None;rbs_spacer=None;gc_cont=0.360	k141_46813	2	562	+	Loose	400	57.8	vatD	31.58	3002843	protein homolog model	n/a	n/a	streptogramin antibiotic; streptogramin A antibiotic	antibiotic inactivation	streptogramin vat acetyltransferase	91.18	gnl|BL_ORD_ID|262|hsp_num:0	290			72	519	virginiamycin M1; madumycin II; griseoviridin; dalfopristin	
k141_15379_1 # 3 # 1121 # -1 # ID=12006_1;partial=10;start_type=ATG;rbs_motif=None;rbs_spacer=None;gc_cont=0.345	k141_15379	3	1121	-	Loose	700	54.7	LpsB	23.86	3005051	protein homolog model	n/a	n/a	peptide antibiotic	reduced permeability to antibiotic	Intrinsic peptide antibiotic resistant Lps	101.91	gnl|BL_ORD_ID|2782|hsp_num:0	3793			162	984	colistin A; colistin B; defensin	
k141_39496_1 # 69 # 824 # -1 # ID=12009_1;partial=00;start_type=ATG;rbs_motif=GGA/GAG/AGG;rbs_spacer=5-10bp;gc_cont=0.661	k141_39496	69	824	-	Loose	1280	132.1	macB	37.95	3000535	protein homolog model	n/a	n/a	macrolide antibiotic	antibiotic efflux	ATP-binding cassette (ABC) antibiotic efflux pump	38.98	gnl|BL_ORD_ID|447|hsp_num:0	487			9	669	erythromycin	
k141_31309_7 # 4320 # 5075 # -1 # ID=12010_7;partial=01;start_type=Edge;rbs_motif=None;rbs_spacer=None;gc_cont=0.541	k141_31309	4320	5075	-	Loose	800	107.5	ParS	29.39	3005067	protein homolog model	n/a	n/a	macrolide antibiotic; fluoroquinolone antibiotic; monobactam; aminoglycoside antibiotic; carbapenem; cephalosporin; cephamycin; penam; tetracycline antibiotic; phenicol antibiotic; penem; disinfecting agents and antiseptics	antibiotic efflux; reduced permeability to antibiotic	resistance-nodulation-cell division (RND) antibiotic efflux pump; Outer Membrane Porin (Opr)	58.64	gnl|BL_ORD_ID|2791|hsp_num:0	3805			510	1251	erythromycin; amikacin; gentamicin C; ciprofloxacin; acriflavine; tetracycline; tobramycin; meropenem; imipenem; chloramphenicol; norfloxacin; ofloxacin; gentamicin	
k141_46832_2 # 1171 # 1326 # 1 # ID=12022_2;partial=00;start_type=ATG;rbs_motif=None;rbs_spacer=None;gc_cont=0.333	k141_46832	1171	1326	+	Loose	275	40.8	Streptomyces rimosus otr(A)	39.22	3002891	protein homolog model	n/a	n/a	tetracycline antibiotic	antibiotic target protection	tetracycline-resistant ribosomal protection protein	7.69	gnl|BL_ORD_ID|4808|hsp_num:0	1273			3	156	oxytetracycline	
k141_46832_3 # 1438 # 1782 # 1 # ID=12022_3;partial=01;start_type=ATG;rbs_motif=GGA/GAG/AGG;rbs_spacer=11-12bp;gc_cont=0.351	k141_46832	1438	1782	+	Loose	275	51.6	Streptomyces rimosus otr(A)	41.07	3002891	protein homolog model	n/a	n/a	tetracycline antibiotic	antibiotic target protection	tetracycline-resistant ribosomal protection protein	17.35	gnl|BL_ORD_ID|4808|hsp_num:0	1273			276	444	oxytetracycline	
k141_7530_1 # 2 # 748 # -1 # ID=12027_1;partial=10;start_type=ATG;rbs_motif=GGA/GAG/AGG;rbs_spacer=5-10bp;gc_cont=0.705	k141_7530	2	748	-	Loose	400	173.7	ParR	42.99	3005068	protein homolog model	n/a	n/a	macrolide antibiotic; fluoroquinolone antibiotic; monobactam; aminoglycoside antibiotic; carbapenem; cephalosporin; cephamycin; penam; tetracycline antibiotic; phenicol antibiotic; penem; disinfecting agents and antiseptics	antibiotic efflux; reduced permeability to antibiotic	resistance-nodulation-cell division (RND) antibiotic efflux pump; Outer Membrane Porin (Opr)	105.96	gnl|BL_ORD_ID|2792|hsp_num:0	3806			24	669	erythromycin; amikacin; gentamicin C; ciprofloxacin; acriflavine; tetracycline; tobramycin; meropenem; imipenem; chloramphenicol; norfloxacin; ofloxacin; gentamicin	
k141_15404_2 # 1035 # 1538 # -1 # ID=12030_2;partial=00;start_type=ATG;rbs_motif=GGA/GAG/AGG;rbs_spacer=5-10bp;gc_cont=0.661	k141_15404	1035	1538	-	Loose	300	137.1	dfrA3	44.58	3003105	protein homolog model	n/a	n/a	diaminopyrimidine antibiotic	antibiotic target replacement	trimethoprim resistant dihydrofolate reductase dfr	103.09	gnl|BL_ORD_ID|471|hsp_num:0	511			6	480	trimethoprim	
k141_39519_2 # 1547 # 2584 # -1 # ID=12037_2;partial=00;start_type=ATG;rbs_motif=GGAGG;rbs_spacer=5-10bp;gc_cont=0.618	k141_39519	1547	2584	-	Loose	500	90.9	RanA	28.37	3005091	protein homolog model	n/a	n/a	aminoglycoside antibiotic	antibiotic efflux	ATP-binding cassette (ABC) antibiotic efflux pump	133.72	gnl|BL_ORD_ID|2809|hsp_num:0	3825			39	675		
k141_46845_2 # 1170 # 2078 # 1 # ID=12043_2;partial=00;start_type=ATG;rbs_motif=None;rbs_spacer=None;gc_cont=0.685	k141_46845	1170	2078	+	Loose	500	40.0	leuO	23.56	3003843	protein homolog model	n/a	n/a	nucleoside antibiotic; disinfecting agents and antiseptics	antibiotic efflux	major facilitator superfamily (MFS) antibiotic efflux pump	96.18	gnl|BL_ORD_ID|4927|hsp_num:0	5921			63	576	acriflavine; puromycin	
k141_39528_1 # 140 # 1210 # -1 # ID=12045_1;partial=01;start_type=Edge;rbs_motif=None;rbs_spacer=None;gc_cont=0.336	k141_39528	140	1210	-	Loose	1300	151.4	optrA	28.2	3003746	protein homolog model	n/a	n/a	oxazolidinone antibiotic; phenicol antibiotic	antibiotic target protection	Miscellaneous ABC-F subfamily ATP-binding cassette ribosomal protection proteins	54.35	gnl|BL_ORD_ID|2070|hsp_num:0	2263			636	1641	linezolid; chloramphenicol; florfenicol; tedizolid	
k141_15420_1 # 3 # 1631 # -1 # ID=12049_1;partial=11;start_type=Edge;rbs_motif=None;rbs_spacer=None;gc_cont=0.328	k141_15420	3	1631	-	Loose	1100	228.4	tetA(60)	28.78	3004035	protein homolog model	n/a	n/a	tetracycline antibiotic	antibiotic efflux	ATP-binding cassette (ABC) antibiotic efflux pump	93.78	gnl|BL_ORD_ID|2311|hsp_num:0	2645			42	1638	tetracycline	
k141_46853_2 # 765 # 1172 # -1 # ID=12052_2;partial=01;start_type=Edge;rbs_motif=None;rbs_spacer=None;gc_cont=0.561	k141_46853	765	1172	-	Loose	700	81.6	OmpA	39.01	3005044	protein homolog model	n/a	n/a	peptide antibiotic	reduced permeability to antibiotic	General Bacterial Porin with reduced permeability to peptide antibiotics	36.10	gnl|BL_ORD_ID|2775|hsp_num:0	3787			669	1092	polymyxin B; defensin	
k141_7560_1 # 2 # 571 # 1 # ID=12059_1;partial=10;start_type=Edge;rbs_motif=None;rbs_spacer=None;gc_cont=0.474	k141_7560	2	571	+	Loose	400	84.7	TxR	40.22	3005008	protein homolog model	n/a	n/a	tetracycline antibiotic	antibiotic efflux	ATP-binding cassette (ABC) antibiotic efflux pump	59.43	gnl|BL_ORD_ID|4725|hsp_num:0	3753			516	783	tetracycline	
k141_46863_2 # 367 # 1182 # 1 # ID=12060_2;partial=00;start_type=ATG;rbs_motif=None;rbs_spacer=None;gc_cont=0.626	k141_46863	367	1182	+	Loose	500	136.3	RanA	34.72	3005091	protein homolog model	n/a	n/a	aminoglycoside antibiotic	antibiotic efflux	ATP-binding cassette (ABC) antibiotic efflux pump	105.04	gnl|BL_ORD_ID|2809|hsp_num:0	3825			0	642		
k141_15439_1 # 1 # 636 # -1 # ID=12063_1;partial=10;start_type=GTG;rbs_motif=None;rbs_spacer=None;gc_cont=0.673	k141_15439	1	636	-	Loose	2000	293.9	oqxB	67.45	3003923	protein homolog model	n/a	n/a	fluoroquinolone antibiotic; glycylcycline; tetracycline antibiotic; diaminopyrimidine antibiotic; nitrofuran antibiotic	antibiotic efflux	resistance-nodulation-cell division (RND) antibiotic efflux pump	20.19	gnl|BL_ORD_ID|2153|hsp_num:0	2400			1626	2262	tigecycline; ciprofloxacin; nitrofurantoin; trimethoprim	
k141_15439_2 # 667 # 1071 # -1 # ID=12063_2;partial=01;start_type=Edge;rbs_motif=None;rbs_spacer=None;gc_cont=0.657	k141_15439	667	1071	-	Loose	2000	214.5	oqxB	87.22	3003923	protein homolog model	n/a	n/a	fluoroquinolone antibiotic; glycylcycline; tetracycline antibiotic; diaminopyrimidine antibiotic; nitrofuran antibiotic	antibiotic efflux	resistance-nodulation-cell division (RND) antibiotic efflux pump	12.76	gnl|BL_ORD_ID|2153|hsp_num:0	2400			1191	1590	tigecycline; ciprofloxacin; nitrofurantoin; trimethoprim	
k141_31377_2 # 314 # 1546 # 1 # ID=12068_2;partial=00;start_type=GTG;rbs_motif=None;rbs_spacer=None;gc_cont=0.623	k141_31377	314	1546	+	Loose	500	192.2	bcr-1	34.79	3003801	protein homolog model	n/a	n/a	bicyclomycin-like antibiotic	antibiotic efflux	major facilitator superfamily (MFS) antibiotic efflux pump	101.99	gnl|BL_ORD_ID|2333|hsp_num:0	2303			48	1185	bicyclomycin	
k141_46885_1 # 1 # 963 # 1 # ID=12074_1;partial=10;start_type=Edge;rbs_motif=None;rbs_spacer=None;gc_cont=0.658	k141_46885	1	963	+	Loose	900	162.5	TolC	35.0	3000237	protein homolog model	n/a	n/a	macrolide antibiotic; fluoroquinolone antibiotic; aminoglycoside antibiotic; carbapenem; cephalosporin; glycylcycline; cephamycin; penam; tetracycline antibiotic; peptide antibiotic; aminocoumarin antibiotic; rifamycin antibiotic; phenicol antibiotic; penem; disinfecting agents and antiseptics	antibiotic efflux	ATP-binding cassette (ABC) antibiotic efflux pump; major facilitator superfamily (MFS) antibiotic efflux pump; resistance-nodulation-cell division (RND) antibiotic efflux pump	64.65	gnl|BL_ORD_ID|4677|hsp_num:0	826			378	1332	erythromycin; cloxacillin; gentamicin C; tigecycline; ciprofloxacin; spectinomycin; streptomycin; tetracycline; tobramycin; oxacillin; ceftazidime; ertapenem; piperacillin; novobiocin; azithromycin; rifampin; imipenem; chloramphenicol; polymyxin B; polymyxin B1; polymyxin B2; polymyxin B3; polymyxin B4; ampicillin; nalidixic acid; norfloxacin; cefalotin; triclosan; ticarcillin; gentamicin	
k141_46903_2 # 407 # 1015 # 1 # ID=12085_2;partial=01;start_type=ATG;rbs_motif=GGA/GAG/AGG;rbs_spacer=5-10bp;gc_cont=0.456	k141_46903	407	1015	+	Loose	550	118.2	RlmA(II)	36.04	3001301	protein homolog model	n/a	n/a	macrolide antibiotic; lincosamide antibiotic	antibiotic target alteration	non-erm 23S ribosomal RNA methyltransferase (G748)	71.99	gnl|BL_ORD_ID|2053|hsp_num:0	2274			42	612	tylosin; mycinamicin	
k141_15457_2 # 1110 # 1781 # 1 # ID=12089_2;partial=00;start_type=ATG;rbs_motif=None;rbs_spacer=None;gc_cont=0.570	k141_15457	1110	1781	+	Loose	400	96.3	CRP	32.02	3000518	protein homolog model	n/a	n/a	macrolide antibiotic; fluoroquinolone antibiotic; penam	antibiotic efflux	resistance-nodulation-cell division (RND) antibiotic efflux pump	106.19	gnl|BL_ORD_ID|804|hsp_num:0	869			66	591	erythromycin; cloxacillin; oxacillin; norfloxacin	
k141_46923_1 # 1 # 498 # -1 # ID=12097_1;partial=10;start_type=ATG;rbs_motif=None;rbs_spacer=None;gc_cont=0.526	k141_46923	1	498	-	Loose	600	75.9	Burkholderia pseudomallei Omp38	33.69	3004123	protein homolog model	n/a	n/a	monobactam; carbapenem; cephalosporin; cephamycin; penam; penem	reduced permeability to antibiotic	General Bacterial Porin with reduced permeability to beta-lactams	44.39	gnl|BL_ORD_ID|2403|hsp_num:0	2786			0	534	cefoxitin; ceftazidime; imipenem; benzylpenicillin	
k141_31416_5 # 2367 # 3308 # 1 # ID=12103_5;partial=00;start_type=ATG;rbs_motif=None;rbs_spacer=None;gc_cont=0.754	k141_31416	2367	3308	+	Loose	650	126.3	adeL	29.17	3000620	protein homolog model	n/a	n/a	fluoroquinolone antibiotic; tetracycline antibiotic	antibiotic efflux	resistance-nodulation-cell division (RND) antibiotic efflux pump	92.88	gnl|BL_ORD_ID|2316|hsp_num:0	2654			0	861	tetracycline	
k141_46927_3 # 1436 # 2848 # 1 # ID=12105_3;partial=00;start_type=ATG;rbs_motif=AATAA;rbs_spacer=10bp;gc_cont=0.367	k141_46927	1436	2848	+	Loose	500	45.8	GOB-44	24.83	3005693	protein homolog model	n/a	n/a	carbapenem; cephalosporin; penam	antibiotic inactivation	GOB beta-lactamase	162.07	gnl|BL_ORD_ID|3589|hsp_num:0	4657			135	570		
k141_15494_1 # 2 # 421 # -1 # ID=12123_1;partial=10;start_type=ATG;rbs_motif=AGGA/GGAG/GAGG;rbs_spacer=11-12bp;gc_cont=0.455	k141_15494	2	421	-	Loose	600	57.4	EstT	29.03	3007459	protein homolog model	n/a	n/a	macrolide antibiotic; glycylcycline; tetracycline antibiotic	antibiotic inactivation	macrolide esterase	45.75	gnl|BL_ORD_ID|4957|hsp_num:0	5948			87	459	tigecycline	
k141_7655_1 # 9 # 803 # -1 # ID=12131_1;partial=00;start_type=ATG;rbs_motif=AGGAG(G)/GGAGG;rbs_spacer=13-15bp;gc_cont=0.332	k141_7655	9	803	-	Loose	450	68.6	tsnR	26.32	3003060	protein homolog model	n/a	n/a	peptide antibiotic	antibiotic target alteration	non-erm 23S ribosomal RNA methyltransferase (A1067)	97.78	gnl|BL_ORD_ID|149|hsp_num:0	49			342	795	thiostrepton	
k141_7691_2 # 490 # 1371 # -1 # ID=12159_2;partial=00;start_type=ATG;rbs_motif=AGGA;rbs_spacer=5-10bp;gc_cont=0.679	k141_7691	490	1371	-	Loose	375	47.0	nalD	24.51	3000819	protein overexpression model	n/a	n/a	macrolide antibiotic; fluoroquinolone antibiotic; monobactam; carbapenem; cephalosporin; cephamycin; penam; tetracycline antibiotic; peptide antibiotic; aminocoumarin antibiotic; diaminopyrimidine antibiotic; sulfonamide antibiotic; phenicol antibiotic; penem	antibiotic efflux	resistance-nodulation-cell division (RND) antibiotic efflux pump	138.21	gnl|BL_ORD_ID|2336|hsp_num:0	1213			24	609	erythromycin; ciprofloxacin; tetracycline; ceftazidime; ceftriaxone; meropenem; novobiocin; azithromycin; trimethoprim; sulfamethoxazole; chloramphenicol; aztreonam; colistin A; colistin B; ampicillin; nalidixic acid; panipenem; ticarcillin; trimethoprim-sulfamethoxazole	
k141_7691_3 # 1527 # 2369 # 1 # ID=12159_3;partial=00;start_type=ATG;rbs_motif=GGA/GAG/AGG;rbs_spacer=5-10bp;gc_cont=0.664	k141_7691	1527	2369	+	Loose	650	96.7	tetA(58)	26.25	3003980	protein homolog model	n/a	n/a	tetracycline antibiotic	antibiotic efflux	major facilitator superfamily (MFS) antibiotic efflux pump	81.63	gnl|BL_ORD_ID|2244|hsp_num:0	2517			51	762	tetracycline	
k141_31488_3 # 1991 # 3553 # 1 # ID=12164_3;partial=00;start_type=ATG;rbs_motif=None;rbs_spacer=None;gc_cont=0.560	k141_31488	1991	3553	+	Loose	650	125.2	tetA(58)	29.45	3003980	protein homolog model	n/a	n/a	tetracycline antibiotic	antibiotic efflux	major facilitator superfamily (MFS) antibiotic efflux pump	151.60	gnl|BL_ORD_ID|2244|hsp_num:0	2517			51	909	tetracycline	
k141_31488_5 # 4820 # 5890 # -1 # ID=12164_5;partial=00;start_type=ATG;rbs_motif=GGAG/GAGG;rbs_spacer=5-10bp;gc_cont=0.576	k141_31488	4820	5890	-	Loose	500	97.1	RanA	26.75	3005091	protein homolog model	n/a	n/a	aminoglycoside antibiotic	antibiotic efflux	ATP-binding cassette (ABC) antibiotic efflux pump	137.98	gnl|BL_ORD_ID|2809|hsp_num:0	3825			45	726		
k141_7697_1 # 3 # 1625 # -1 # ID=12168_1;partial=10;start_type=GTG;rbs_motif=AGxAGG/AGGxGG;rbs_spacer=5-10bp;gc_cont=0.540	k141_7697	3	1625	-	Loose	2300	436.8	Mycobacterium tuberculosis rpoB mutants conferring resistance to rifampicin	51.23	3003283	protein variant model	S531G, H526S, L511R, S512R	A473T:90	rifamycin antibiotic	antibiotic target alteration; antibiotic target replacement	rifamycin-resistant beta-subunit of RNA polymerase (rpoB)	46.16	gnl|BL_ORD_ID|1958|hsp_num:0	1237			759	2079	rifampin; rifaximin; rifabutin; rifapentine	
k141_7697_2 # 1644 # 2369 # -1 # ID=12168_2;partial=00;start_type=ATG;rbs_motif=GGAG/GAGG;rbs_spacer=5-10bp;gc_cont=0.499	k141_7697	1644	2369	-	Loose	2000	147.1	Bifidobacterium adolescentis rpoB mutants conferring resistance to rifampicin	38.64	3004480	protein homolog model	n/a	n/a	rifamycin antibiotic	antibiotic target alteration; antibiotic target replacement	rifamycin-resistant beta-subunit of RNA polymerase (rpoB)	20.32	gnl|BL_ORD_ID|4720|hsp_num:0	2914			117	750	rifampin	
k141_15558_3 # 751 # 1146 # 1 # ID=12169_3;partial=01;start_type=ATG;rbs_motif=None;rbs_spacer=None;gc_cont=0.354	k141_15558	751	1146	+	Loose	600	85.1	oleC	39.2	3003748	protein homolog model	n/a	n/a	macrolide antibiotic	antibiotic efflux	ATP-binding cassette (ABC) antibiotic efflux pump	40.62	gnl|BL_ORD_ID|2051|hsp_num:0	2264			0	363	oleandomycin	
k141_47009_1 # 96 # 770 # 1 # ID=12173_1;partial=00;start_type=ATG;rbs_motif=AGGA;rbs_spacer=5-10bp;gc_cont=0.287	k141_47009	96	770	+	Loose	1280	90.1	macB	29.61	3000535	protein homolog model	n/a	n/a	macrolide antibiotic	antibiotic efflux	ATP-binding cassette (ABC) antibiotic efflux pump	34.78	gnl|BL_ORD_ID|447|hsp_num:0	487			57	663	erythromycin	
k141_15569_1 # 1 # 1104 # -1 # ID=12180_1;partial=11;start_type=Edge;rbs_motif=None;rbs_spacer=None;gc_cont=0.697	k141_15569	1	1104	-	Loose	700	69.3	MOX-9	25.09	3002191	protein homolog model	n/a	n/a	cephalosporin; cephamycin; penam	antibiotic inactivation	MOX beta-lactamase	96.08	gnl|BL_ORD_ID|2101|hsp_num:0	2329			36	846		
k141_47017_3 # 721 # 1662 # 1 # ID=12185_3;partial=00;start_type=ATG;rbs_motif=None;rbs_spacer=None;gc_cont=0.636	k141_47017	721	1662	+	Loose	550	48.1	NmcR	31.03	3003665	protein homolog model	n/a	n/a	carbapenem; cephalosporin; cephamycin; penam	antibiotic inactivation	NmcA beta-lactamase	106.10	gnl|BL_ORD_ID|1906|hsp_num:0	2072			39	378	cefoxitin; cefazolin; ampicillin	
k141_15582_2 # 507 # 770 # -1 # ID=12197_2;partial=00;start_type=ATG;rbs_motif=AGGAG;rbs_spacer=5-10bp;gc_cont=0.398	k141_15582	507	770	-	Loose	100	95.5	rsmA	89.09	3005069	protein homolog model	n/a	n/a	fluoroquinolone antibiotic; diaminopyrimidine antibiotic; phenicol antibiotic	antibiotic efflux	resistance-nodulation-cell division (RND) antibiotic efflux pump	142.62	gnl|BL_ORD_ID|2793|hsp_num:0	3807			0	165	trimethoprim; chloramphenicol	
k141_47052_1 # 2 # 796 # -1 # ID=12216_1;partial=10;start_type=ATG;rbs_motif=GGA/GAG/AGG;rbs_spacer=11-12bp;gc_cont=0.636	k141_47052	2	796	-	Loose	2130	305.8	mtrD	58.11	3000811	protein homolog model	n/a	n/a	macrolide antibiotic; penam	antibiotic efflux	resistance-nodulation-cell division (RND) antibiotic efflux pump	24.84	gnl|BL_ORD_ID|1787|hsp_num:0	1938			0	789	erythromycin; penicillin; azithromycin	
k141_47052_2 # 810 # 1787 # -1 # ID=12216_2;partial=01;start_type=Edge;rbs_motif=None;rbs_spacer=None;gc_cont=0.671	k141_47052	810	1787	-	Loose	670	238.4	Escherichia coli acrA	47.94	3004043	protein homolog model	n/a	n/a	fluoroquinolone antibiotic; cephalosporin; glycylcycline; penam; tetracycline antibiotic; rifamycin antibiotic; phenicol antibiotic; disinfecting agents and antiseptics	antibiotic efflux	resistance-nodulation-cell division (RND) antibiotic efflux pump	81.86	gnl|BL_ORD_ID|2322|hsp_num:0	2661			267	1191	tigecycline; tetracycline; rifampin; chloramphenicol; ampicillin; cefalotin; triclosan	
k141_15618_2 # 403 # 1305 # 1 # ID=12226_2;partial=00;start_type=ATG;rbs_motif=None;rbs_spacer=None;gc_cont=0.597	k141_15618	403	1305	+	Loose	650	54.3	adeL	27.87	3000620	protein homolog model	n/a	n/a	fluoroquinolone antibiotic; tetracycline antibiotic	antibiotic efflux	resistance-nodulation-cell division (RND) antibiotic efflux pump	89.02	gnl|BL_ORD_ID|2316|hsp_num:0	2654			18	384	tetracycline	
k141_15619_1 # 1 # 1071 # -1 # ID=12228_1;partial=10;start_type=ATG;rbs_motif=GGAG/GAGG;rbs_spacer=5-10bp;gc_cont=0.674	k141_15619	1	1071	-	Loose	1280	84.3	macB	31.89	3000535	protein homolog model	n/a	n/a	macrolide antibiotic	antibiotic efflux	ATP-binding cassette (ABC) antibiotic efflux pump	55.43	gnl|BL_ORD_ID|447|hsp_num:0	487			66	618	erythromycin	
k141_31594_2 # 996 # 1574 # -1 # ID=12242_2;partial=01;start_type=Edge;rbs_motif=None;rbs_spacer=None;gc_cont=0.537	k141_31594	996	1574	-	Loose	2200	154.1	rpoB2	77.78	3000501	protein homolog model	n/a	n/a	rifamycin antibiotic	antibiotic target alteration; antibiotic target replacement	rifamycin-resistant beta-subunit of RNA polymerase (rpoB)	16.52	gnl|BL_ORD_ID|2432|hsp_num:0	2831			3099	3369	rifampin; rifaximin; rifabutin; rifapentine	
k141_47073_1 # 1 # 435 # 1 # ID=12243_1;partial=10;start_type=Edge;rbs_motif=None;rbs_spacer=None;gc_cont=0.710	k141_47073	1	435	+	Loose	1280	65.1	macB	44.71	3000535	protein homolog model	n/a	n/a	macrolide antibiotic	antibiotic efflux	ATP-binding cassette (ABC) antibiotic efflux pump	22.36	gnl|BL_ORD_ID|447|hsp_num:0	487			420	669	erythromycin	
k141_47080_1 # 3 # 413 # 1 # ID=12249_1;partial=10;start_type=Edge;rbs_motif=None;rbs_spacer=None;gc_cont=0.572	k141_47080	3	413	+	Loose	1280	74.7	macB	38.74	3000535	protein homolog model	n/a	n/a	macrolide antibiotic	antibiotic efflux	ATP-binding cassette (ABC) antibiotic efflux pump	21.12	gnl|BL_ORD_ID|447|hsp_num:0	487			354	681	erythromycin	
k141_47080_2 # 458 # 1327 # -1 # ID=12249_2;partial=01;start_type=Edge;rbs_motif=None;rbs_spacer=None;gc_cont=0.613	k141_47080	458	1327	-	Loose	1000	46.6	msbA	29.1	3003950	protein homolog model	n/a	n/a	nitroimidazole antibiotic	antibiotic efflux	ATP-binding cassette (ABC) antibiotic efflux pump	49.66	gnl|BL_ORD_ID|2186|hsp_num:0	2423			1359	1716	metronidazole	
k141_7799_1 # 3 # 638 # -1 # ID=12255_1;partial=10;start_type=ATG;rbs_motif=GGAG/GAGG;rbs_spacer=5-10bp;gc_cont=0.566	k141_7799	3	638	-	Loose	875	68.6	mdtP	25.85	3003550	protein homolog model	n/a	n/a	nucleoside antibiotic; disinfecting agents and antiseptics	antibiotic efflux	major facilitator superfamily (MFS) antibiotic efflux pump	43.44	gnl|BL_ORD_ID|37|hsp_num:0	45			15	630	acriflavine; puromycin	
k141_7799_2 # 740 # 1069 # 1 # ID=12255_2;partial=01;start_type=ATG;rbs_motif=GGAG/GAGG;rbs_spacer=5-10bp;gc_cont=0.488	k141_7799	740	1069	+	Loose	400	54.3	nalC	34.86	3000818	protein overexpression model	n/a	n/a	macrolide antibiotic; fluoroquinolone antibiotic; monobactam; carbapenem; cephalosporin; cephamycin; penam; tetracycline antibiotic; peptide antibiotic; aminocoumarin antibiotic; diaminopyrimidine antibiotic; sulfonamide antibiotic; phenicol antibiotic; penem	antibiotic efflux	resistance-nodulation-cell division (RND) antibiotic efflux pump	51.64	gnl|BL_ORD_ID|2128|hsp_num:0	1670			30	348	erythromycin; ciprofloxacin; tetracycline; ceftazidime; ceftriaxone; meropenem; novobiocin; azithromycin; trimethoprim; sulfamethoxazole; chloramphenicol; aztreonam; colistin A; colistin B; ampicillin; panipenem; trimethoprim-sulfamethoxazole	
k141_47087_1 # 2 # 1135 # -1 # ID=12256_1;partial=10;start_type=ATG;rbs_motif=AAAAAA;rbs_spacer=5bp;gc_cont=0.356	k141_47087	2	1135	-	Loose	275	125.9	Streptomyces rimosus otr(A)	40.88	3002891	protein homolog model	n/a	n/a	tetracycline antibiotic	antibiotic target protection	tetracycline-resistant ribosomal protection protein	57.01	gnl|BL_ORD_ID|4808|hsp_num:0	1273			3	480	oxytetracycline	
k141_47088_2 # 304 # 1809 # 1 # ID=12258_2;partial=01;start_type=ATG;rbs_motif=AGGA;rbs_spacer=5-10bp;gc_cont=0.638	k141_47088	304	1809	+	Loose	1900	162.5	MexI	27.13	3000808	protein homolog model	n/a	n/a	fluoroquinolone antibiotic; tetracycline antibiotic; disinfecting agents and antiseptics	antibiotic efflux	resistance-nodulation-cell division (RND) antibiotic efflux pump	48.79	gnl|BL_ORD_ID|4684|hsp_num:0	1647			21	1452	acriflavine; tetracycline; norfloxacin	
k141_15670_1 # 23 # 1942 # 1 # ID=12263_1;partial=00;start_type=ATG;rbs_motif=AGGAGG;rbs_spacer=5-10bp;gc_cont=0.414	k141_15670	23	1942	+	Strict	300	1260.0	tet(32)	98.59	3000196	protein homolog model	n/a	n/a	tetracycline antibiotic	antibiotic target protection	tetracycline-resistant ribosomal protection protein	100.00	gnl|BL_ORD_ID|1221|hsp_num:0	1233			0	1917	tetracycline; doxycycline; minocycline; chlortetracycline; demeclocycline; oxytetracycline	
k141_7824_3 # 975 # 1262 # -1 # ID=12269_3;partial=01;start_type=Edge;rbs_motif=None;rbs_spacer=None;gc_cont=0.587	k141_7824	975	1262	-	Loose	800	50.4	Chlamydia trachomatis intrinsic murA conferring resistance to fosfomycin	31.13	3003785	protein homolog model	n/a	n/a	phosphonic acid antibiotic	antibiotic target alteration	antibiotic-resistant murA transferase	21.40	gnl|BL_ORD_ID|2352|hsp_num:0	2291			984	1302	fosfomycin	
k141_47105_3 # 1176 # 2372 # 1 # ID=12273_3;partial=01;start_type=ATG;rbs_motif=AGGA;rbs_spacer=5-10bp;gc_cont=0.638	k141_47105	1176	2372	+	Loose	1000	73.6	msbA	23.76	3003950	protein homolog model	n/a	n/a	nitroimidazole antibiotic	antibiotic efflux	ATP-binding cassette (ABC) antibiotic efflux pump	68.56	gnl|BL_ORD_ID|2186|hsp_num:0	2423			27	1125	metronidazole	
k141_15686_1 # 3 # 290 # 1 # ID=12275_1;partial=10;start_type=Edge;rbs_motif=None;rbs_spacer=None;gc_cont=0.372	k141_15686	3	290	+	Loose	350	55.8	vanM	35.71	3002911	protein homolog model	n/a	n/a	glycopeptide antibiotic	antibiotic target alteration	glycopeptide resistance gene cluster; Van ligase	27.70	gnl|BL_ORD_ID|1775|hsp_num:0	1924			735	1029	vancomycin; teicoplanin	
k141_7845_2 # 727 # 1437 # -1 # ID=12282_2;partial=00;start_type=ATG;rbs_motif=None;rbs_spacer=None;gc_cont=0.716	k141_7845	727	1437	-	Loose	420	154.5	smeR	41.88	3003066	protein homolog model	n/a	n/a	aminoglycoside antibiotic; cephalosporin; cephamycin; penam	antibiotic efflux	resistance-nodulation-cell division (RND) antibiotic efflux pump	103.06	gnl|BL_ORD_ID|1426|hsp_num:0	1550			21	675		
k141_15698_1 # 2 # 727 # 1 # ID=12283_1;partial=10;start_type=Edge;rbs_motif=None;rbs_spacer=None;gc_cont=0.716	k141_15698	2	727	+	Loose	400	79.7	kdpE	37.5	3003841	protein homolog model	n/a	n/a	aminoglycoside antibiotic	antibiotic efflux	kdpDE	107.11	gnl|BL_ORD_ID|2104|hsp_num:0	2331			9	384	kanamycin A	
k141_47140_2 # 1208 # 1741 # -1 # ID=12298_2;partial=00;start_type=ATG;rbs_motif=None;rbs_spacer=None;gc_cont=0.444	k141_47140	1208	1741	-	Loose	700	94.7	OmpA	36.25	3005044	protein homolog model	n/a	n/a	peptide antibiotic	reduced permeability to antibiotic	General Bacterial Porin with reduced permeability to peptide antibiotics	47.33	gnl|BL_ORD_ID|2775|hsp_num:0	3787			630	1101	polymyxin B; defensin	
k141_15743_4 # 2149 # 2508 # -1 # ID=12311_4;partial=01;start_type=Edge;rbs_motif=None;rbs_spacer=None;gc_cont=0.333	k141_15743	2149	2508	-	Loose	900	44.7	TolC	28.57	3000237	protein homolog model	n/a	n/a	macrolide antibiotic; fluoroquinolone antibiotic; aminoglycoside antibiotic; carbapenem; cephalosporin; glycylcycline; cephamycin; penam; tetracycline antibiotic; peptide antibiotic; aminocoumarin antibiotic; rifamycin antibiotic; phenicol antibiotic; penem; disinfecting agents and antiseptics	antibiotic efflux	ATP-binding cassette (ABC) antibiotic efflux pump; major facilitator superfamily (MFS) antibiotic efflux pump; resistance-nodulation-cell division (RND) antibiotic efflux pump	24.04	gnl|BL_ORD_ID|4677|hsp_num:0	826			945	1260	erythromycin; cloxacillin; gentamicin C; tigecycline; ciprofloxacin; spectinomycin; streptomycin; tetracycline; tobramycin; oxacillin; ceftazidime; ertapenem; piperacillin; novobiocin; azithromycin; rifampin; imipenem; chloramphenicol; polymyxin B; polymyxin B1; polymyxin B2; polymyxin B3; polymyxin B4; ampicillin; nalidixic acid; norfloxacin; cefalotin; triclosan; ticarcillin; gentamicin	
k141_15760_2 # 919 # 1365 # -1 # ID=12320_2;partial=00;start_type=ATG;rbs_motif=GGA/GAG/AGG;rbs_spacer=5-10bp;gc_cont=0.573	k141_15760	919	1365	-	Loose	600	72.8	Burkholderia pseudomallei Omp38	36.22	3004123	protein homolog model	n/a	n/a	monobactam; carbapenem; cephalosporin; cephamycin; penam; penem	reduced permeability to antibiotic	General Bacterial Porin with reduced permeability to beta-lactams	39.57	gnl|BL_ORD_ID|2403|hsp_num:0	2786			24	396	cefoxitin; ceftazidime; imipenem; benzylpenicillin	
k141_47258_3 # 427 # 1218 # -1 # ID=12348_3;partial=01;start_type=Edge;rbs_motif=None;rbs_spacer=None;gc_cont=0.612	k141_47258	427	1218	-	Strict	400	530.0	ArnT	99.62	3005053	protein homolog model	n/a	n/a	peptide antibiotic	antibiotic target alteration	pmr phosphoethanolamine transferase	47.73	gnl|BL_ORD_ID|2784|hsp_num:0	3795			864	1653	colistin A; colistin B	
k141_47264_2 # 125 # 856 # 1 # ID=12349_2;partial=00;start_type=ATG;rbs_motif=GGxGG;rbs_spacer=5-10bp;gc_cont=0.710	k141_47264	125	856	+	Loose	1280	205.7	macB	44.83	3000535	protein homolog model	n/a	n/a	macrolide antibiotic	antibiotic efflux	ATP-binding cassette (ABC) antibiotic efflux pump	37.73	gnl|BL_ORD_ID|447|hsp_num:0	487			6	693	erythromycin	
k141_47264_3 # 853 # 1854 # 1 # ID=12349_3;partial=01;start_type=ATG;rbs_motif=GGAG/GAGG;rbs_spacer=5-10bp;gc_cont=0.718	k141_47264	853	1854	+	Loose	1280	160.2	macB	33.33	3000535	protein homolog model	n/a	n/a	macrolide antibiotic	antibiotic efflux	ATP-binding cassette (ABC) antibiotic efflux pump	51.86	gnl|BL_ORD_ID|447|hsp_num:0	487			768	1725	erythromycin	
k141_47292_3 # 731 # 1048 # 1 # ID=12358_3;partial=01;start_type=ATG;rbs_motif=None;rbs_spacer=None;gc_cont=0.733	k141_47292	731	1048	+	Loose	500	80.5	bcr-1	48.24	3003801	protein homolog model	n/a	n/a	bicyclomycin-like antibiotic	antibiotic efflux	major facilitator superfamily (MFS) antibiotic efflux pump	26.37	gnl|BL_ORD_ID|2333|hsp_num:0	2303			48	303	bicyclomycin	
k141_47310_3 # 958 # 1452 # -1 # ID=12360_3;partial=00;start_type=ATG;rbs_motif=GGAG/GAGG;rbs_spacer=5-10bp;gc_cont=0.335	k141_47310	958	1452	-	Strict	300	343.6	lnuC	98.17	3002837	protein homolog model	n/a	n/a	lincosamide antibiotic	antibiotic inactivation	lincosamide nucleotidyltransferase (LNU)	100.00	gnl|BL_ORD_ID|344|hsp_num:0	376			0	492	lincomycin	
k141_47319_2 # 1037 # 1921 # -1 # ID=12361_2;partial=01;start_type=Edge;rbs_motif=None;rbs_spacer=None;gc_cont=0.611	k141_47319	1037	1921	-	Loose	2000	313.5	Bifidobacterium adolescentis rpoB mutants conferring resistance to rifampicin	56.75	3004480	protein homolog model	n/a	n/a	rifamycin antibiotic	antibiotic target alteration; antibiotic target replacement	rifamycin-resistant beta-subunit of RNA polymerase (rpoB)	24.79	gnl|BL_ORD_ID|4720|hsp_num:0	2914			2628	3414	rifampin	
k141_47331_2 # 1011 # 1565 # 1 # ID=12362_2;partial=00;start_type=ATG;rbs_motif=None;rbs_spacer=None;gc_cont=0.332	k141_47331	1011	1565	+	Loose	400	38.5	IMP-44	25.71	3002235	protein homolog model	n/a	n/a	carbapenem; cephalosporin; cephamycin; penam; penem	antibiotic inactivation	IMP beta-lactamase	75.10	gnl|BL_ORD_ID|1580|hsp_num:0	1723			57	315		
k141_47357_1 # 2 # 598 # 1 # ID=12365_1;partial=10;start_type=Edge;rbs_motif=None;rbs_spacer=None;gc_cont=0.551	k141_47357	2	598	+	Loose	700	246.1	Klebsiella pneumoniae OmpK37	58.56	3004122	protein homolog model	n/a	n/a	monobactam; carbapenem; cephalosporin; cephamycin; penam; penem	reduced permeability to antibiotic	General Bacterial Porin with reduced permeability to beta-lactams	52.94	gnl|BL_ORD_ID|2626|hsp_num:0	2785			459	1122	cefoxitin; cefotaxime	
k141_47364_2 # 645 # 1004 # -1 # ID=12367_2;partial=00;start_type=ATG;rbs_motif=AGGAG;rbs_spacer=5-10bp;gc_cont=0.531	k141_47364	645	1004	-	Loose	400	80.9	vanR gene in vanI cluster	34.75	3003728	protein homolog model	n/a	n/a	glycopeptide antibiotic	antibiotic target alteration	glycopeptide resistance gene cluster; vanR	51.29	gnl|BL_ORD_ID|2066|hsp_num:0	2246			0	345	vancomycin; teicoplanin	
k141_47364_3 # 1137 # 1478 # -1 # ID=12367_3;partial=01;start_type=Edge;rbs_motif=None;rbs_spacer=None;gc_cont=0.558	k141_47364	1137	1478	-	Loose	400	60.8	vanR gene in vanM cluster	33.7	3002928	protein homolog model	n/a	n/a	glycopeptide antibiotic	antibiotic target alteration	glycopeptide resistance gene cluster; vanR	48.71	gnl|BL_ORD_ID|4736|hsp_num:0	752			57	312	vancomycin; teicoplanin	
k141_47376_1 # 3 # 1100 # 1 # ID=12369_1;partial=10;start_type=Edge;rbs_motif=None;rbs_spacer=None;gc_cont=0.668	k141_47376	3	1100	+	Loose	1000	45.8	almE	23.72	3007433	protein homolog model	n/a	n/a	peptide antibiotic	antibiotic target alteration	polymyxin resistance operon; alm glycyltransferase	65.65	gnl|BL_ORD_ID|4936|hsp_num:0	5928			831	1437	colistin A; colistin B	
k141_55346_2 # 498 # 1448 # -1 # ID=7_2;partial=01;start_type=Edge;rbs_motif=None;rbs_spacer=None;gc_cont=0.678	k141_55346	498	1448	-	Loose	900	93.2	Enterococcus faecalis cls with mutation conferring resistance to daptomycin	29.82	3003760	protein variant model	R267H	n/a	peptide antibiotic	antibiotic target alteration	daptomycin resistant cls	65.70	gnl|BL_ORD_ID|4698|hsp_num:0	2272			648	1323	daptomycin	
k141_55358_2 # 279 # 938 # 1 # ID=30_2;partial=00;start_type=ATG;rbs_motif=None;rbs_spacer=None;gc_cont=0.558	k141_55358	279	938	+	Loose	1200	119.4	Mycobacterium tuberculosis gyrB mutant conferring resistance to fluoroquinolones	34.11	3003459	protein variant model	T539P	V423F:3268, S463A:535	fluoroquinolone antibiotic	antibiotic target alteration	fluoroquinolone resistant gyrB	30.67	gnl|BL_ORD_ID|1995|hsp_num:0	2109			1431	2061	enoxacin; levofloxacin; moxifloxacin; gatifloxacin; lomefloxacin; nalidixic acid; norfloxacin; ofloxacin; trovafloxacin; grepafloxacin; sparfloxacin; pefloxacin	
k141_47462_1 # 1 # 2223 # 1 # ID=53_1;partial=11;start_type=Edge;rbs_motif=None;rbs_spacer=None;gc_cont=0.354	k141_47462	1	2223	+	Loose	1500	865.1	Clostridioides difficile gyrA conferring resistance to fluoroquinolones	57.51	3003995	protein variant model	C245T, P116A	Q106H:1545	fluoroquinolone antibiotic	antibiotic target alteration	fluoroquinolone resistant gyrA	91.71	gnl|BL_ORD_ID|2251|hsp_num:0	2550			210	2424	ciprofloxacin; levofloxacin; moxifloxacin; gatifloxacin; ofloxacin	
k141_39678_2 # 232 # 858 # -1 # ID=241_2;partial=00;start_type=ATG;rbs_motif=None;rbs_spacer=None;gc_cont=0.671	k141_39678	232	858	-	Loose	300	85.5	Mycobacterium tuberculosis pncA mutations conferring resistance to pyrazinamide	30.96	3003394	protein variant model	G78D, V9A	n/a	pyrazine antibiotic	antibiotic target alteration	Pyrazinamide resistant pncA	111.83	gnl|BL_ORD_ID|1946|hsp_num:0	851			6	540	pyrazinamide	
k141_176_7 # 8627 # 9301 # -1 # ID=269_7;partial=01;start_type=Edge;rbs_motif=None;rbs_spacer=None;gc_cont=0.560	k141_176	8627	9301	-	Loose	500	142.9	Haemophilus influenzae PBP3 conferring resistance to beta-lactam antibiotics	37.98	3004446	protein variant model	L389F	n/a	cephalosporin; cephamycin; penam	antibiotic target alteration	Penicillin-binding protein mutations conferring resistance to beta-lactam antibiotics	36.72	gnl|BL_ORD_ID|2496|hsp_num:0	2886			1146	1752	ceftriaxone; ampicillin; cefaclor; cefotaxime; cefditoren; cefdinir	
k141_55609_2 # 701 # 1384 # 1 # ID=455_2;partial=00;start_type=ATG;rbs_motif=GGAG/GAGG;rbs_spacer=5-10bp;gc_cont=0.642	k141_55609	701	1384	+	Loose	400	60.1	Mycobacterium tuberculosis gidB mutation conferring resistance to streptomycin	32.54	3003470	protein variant model	I55S, L79F	n/a	aminoglycoside antibiotic	antibiotic target alteration	antibiotic resistant gidB	101.34	gnl|BL_ORD_ID|1935|hsp_num:0	489			138	513	streptomycin	
k141_32077_1 # 3 # 1214 # 1 # ID=680_1;partial=11;start_type=Edge;rbs_motif=None;rbs_spacer=None;gc_cont=0.606	k141_32077	3	1214	+	Loose	1300	109.4	Helicobacter pylori pbp1 mutants conferring resistance to amoxicillin	31.89	3007060	protein variant model	S402G, V374L	n/a	cephalosporin; cephamycin; penam	antibiotic target alteration	Penicillin-binding protein mutations conferring resistance to beta-lactam antibiotics	61.31	gnl|BL_ORD_ID|4763|hsp_num:0	5758			978	1527	amoxicillin	
k141_438_1 # 3 # 890 # -1 # ID=705_1;partial=10;start_type=ATG;rbs_motif=None;rbs_spacer=None;gc_cont=0.369	k141_438	3	890	-	Loose	1000	325.5	Clostridioides difficile gyrB conferring resistance to fluoroquinolones	55.44	3004562	protein variant model	I139R	V340L:2109	fluoroquinolone antibiotic	antibiotic target alteration	fluoroquinolone resistant gyrB	46.47	gnl|BL_ORD_ID|4724|hsp_num:0	3268			15	879	ciprofloxacin; levofloxacin; moxifloxacin; gemifloxacin	
k141_547_2 # 467 # 1951 # -1 # ID=863_2;partial=00;start_type=GTG;rbs_motif=GGAGG;rbs_spacer=3-4bp;gc_cont=0.555	k141_547	467	1951	-	Loose	900	212.2	Enterococcus faecalis cls with mutation conferring resistance to daptomycin	29.32	3003760	protein variant model	H215R	H215R:1175	peptide antibiotic	antibiotic target alteration	daptomycin resistant cls	102.70	gnl|BL_ORD_ID|4698|hsp_num:0	2272			12	1398	daptomycin	
k141_8465_1 # 1 # 879 # -1 # ID=911_1;partial=10;start_type=ATG;rbs_motif=None;rbs_spacer=None;gc_cont=0.637	k141_8465	1	879	-	Loose	1500	282.0	Staphylococcus aureus gyrA conferring resistance to fluoroquinolones	54.44	3003296	protein variant model	S85P	P116A:2550, V104I:2315, A84P:1545, A88P:5752, S91P:1935	fluoroquinolone antibiotic	antibiotic target alteration	fluoroquinolone resistant gyrA	33.03	gnl|BL_ORD_ID|1950|hsp_num:0	1166			54	807	enoxacin; ciprofloxacin; levofloxacin; moxifloxacin; gatifloxacin; lomefloxacin; nalidixic acid; norfloxacin; ofloxacin; trovafloxacin; grepafloxacin; sparfloxacin; pefloxacin	
k141_16459_4 # 2303 # 3265 # -1 # ID=977_4;partial=01;start_type=Edge;rbs_motif=None;rbs_spacer=None;gc_cont=0.589	k141_16459	2303	3265	-	Loose	500	117.1	Mycobacterium tuberculosis folC with mutation conferring resistance to para-aminosalicylic acid	31.02	3004157	protein variant model	A420V	n/a	salicylic acid antibiotic	antibiotic target alteration	aminosalicylate resistant dihydrofolate synthase	65.71	gnl|BL_ORD_ID|2415|hsp_num:0	2804			453	1410	para-aminosalicylic acid	
k141_48096_1 # 2 # 802 # 1 # ID=980_1;partial=10;start_type=Edge;rbs_motif=None;rbs_spacer=None;gc_cont=0.423	k141_48096	2	802	+	Loose	1000	204.5	Clostridioides difficile gyrB conferring resistance to fluoroquinolones	42.15	3004562	protein variant model	V423F	S463A:535	fluoroquinolone antibiotic	antibiotic target alteration	fluoroquinolone resistant gyrB	41.76	gnl|BL_ORD_ID|4724|hsp_num:0	3268			1101	1881	ciprofloxacin; levofloxacin; moxifloxacin; gemifloxacin	
k141_40161_4 # 5099 # 6247 # 1 # ID=992_4;partial=01;start_type=ATG;rbs_motif=GGAG/GAGG;rbs_spacer=5-10bp;gc_cont=0.555	k141_40161	5099	6247	+	Loose	750	262.3	Mycobacterium tuberculosis kasA mutant conferring resistance to isoniazid	39.53	3003463	protein variant model	D66N	n/a	isoniazid-like antibiotic	antibiotic target alteration	antibiotic resistant kasA	92.07	gnl|BL_ORD_ID|1969|hsp_num:0	1943			39	1158	isoniazid	
k141_24357_1 # 155 # 754 # 1 # ID=1002_1;partial=00;start_type=ATG;rbs_motif=TAA;rbs_spacer=12bp;gc_cont=0.338	k141_24357	155	754	+	Loose	420	81.6	Helicobacter pylori frxA mutation conferring resistance to metronidazole	27.62	3007059	protein variant model	A16T, K97E	T31E:5755, P106S:5755, A68E:5755, D59N:5755	nitroimidazole antibiotic	antibiotic target alteration	Antibiotic resistant Helicobacter pylori nitroreductase	91.71	gnl|BL_ORD_ID|4764|hsp_num:0	5759			24	648	metronidazole	
k141_16490_3 # 1132 # 2040 # 1 # ID=1048_3;partial=01;start_type=ATG;rbs_motif=GGA/GAG/AGG;rbs_spacer=5-10bp;gc_cont=0.362	k141_16490	1132	2040	+	Loose	900	121.7	Enterococcus faecalis cls with mutation conferring resistance to daptomycin	29.77	3003760	protein variant model	H215R	H215R:1175	peptide antibiotic	antibiotic target alteration	daptomycin resistant cls	62.99	gnl|BL_ORD_ID|4698|hsp_num:0	2272			21	792	daptomycin	
k141_24389_1 # 1 # 921 # -1 # ID=1057_1;partial=10;start_type=ATG;rbs_motif=AGGAG;rbs_spacer=5-10bp;gc_cont=0.658	k141_24389	1	921	-	Loose	900	118.6	Enterococcus faecalis cls with mutation conferring resistance to daptomycin	31.69	3003760	protein variant model	H215R	H215R:1175	peptide antibiotic	antibiotic target alteration	daptomycin resistant cls	63.83	gnl|BL_ORD_ID|4698|hsp_num:0	2272			234	963	daptomycin	
k141_8695_8 # 6203 # 8239 # -1 # ID=1301_8;partial=01;start_type=Edge;rbs_motif=None;rbs_spacer=None;gc_cont=0.550	k141_8695	6203	8239	-	Loose	1400	437.2	Acinetobacter baumannii parC conferring resistance to fluoroquinolones	40.0	3003818	protein variant model	V104I	P116A:2550	fluoroquinolone antibiotic	antibiotic target alteration	fluoroquinolone resistant parC	91.75	gnl|BL_ORD_ID|2113|hsp_num:0	2315			270	2175	enoxacin; ciprofloxacin; levofloxacin; moxifloxacin; gatifloxacin; lomefloxacin; nalidixic acid; norfloxacin; ofloxacin; trovafloxacin; grepafloxacin; sparfloxacin; pefloxacin	
k141_40470_1 # 3 # 437 # 1 # ID=1534_1;partial=10;start_type=Edge;rbs_motif=None;rbs_spacer=None;gc_cont=0.474	k141_40470	3	437	+	Loose	300	45.4	Mycobacterium tuberculosis pncA mutations conferring resistance to pyrazinamide	30.2	3003394	protein variant model	H57D, W119R	n/a	pyrazine antibiotic	antibiotic target alteration	Pyrazinamide resistant pncA	77.42	gnl|BL_ORD_ID|1946|hsp_num:0	851			96	528	pyrazinamide	
k141_24682_2 # 241 # 1203 # -1 # ID=1542_2;partial=01;start_type=Edge;rbs_motif=None;rbs_spacer=None;gc_cont=0.358	k141_24682	241	1203	-	Loose	800	162.5	Mycobacterium tuberculosis ndh with mutation conferring resistance to isoniazid	32.06	3003461	protein variant model	G339A	n/a	isoniazid-like antibiotic	antibiotic target alteration	antibiotic resistant ndh	69.11	gnl|BL_ORD_ID|1991|hsp_num:0	1203			333	1263	isoniazid	
k141_40650_7 # 5127 # 5846 # -1 # ID=1816_7;partial=01;start_type=Edge;rbs_motif=None;rbs_spacer=None;gc_cont=0.544	k141_40650	5127	5846	-	Loose	500	93.2	Mycobacterium tuberculosis inhA mutations conferring resistance to isoniazid	32.11	3003393	protein variant model	S94A	n/a	isoniazid-like antibiotic	antibiotic target alteration	isoniazid resistant inhA	88.85	gnl|BL_ORD_ID|1965|hsp_num:0	1574			66	789	isoniazid	
k141_17057_2 # 1150 # 2070 # 1 # ID=1919_2;partial=01;start_type=ATG;rbs_motif=None;rbs_spacer=None;gc_cont=0.344	k141_17057	1150	2070	+	Loose	1000	148.7	Clostridioides difficile gyrB conferring resistance to fluoroquinolones	31.34	3004562	protein variant model	I139R	n/a	fluoroquinolone antibiotic	antibiotic target alteration	fluoroquinolone resistant gyrB	48.19	gnl|BL_ORD_ID|4724|hsp_num:0	3268			0	987	ciprofloxacin; levofloxacin; moxifloxacin; gemifloxacin	
k141_40791_1 # 54 # 557 # -1 # ID=2022_1;partial=00;start_type=ATG;rbs_motif=AGGAG;rbs_spacer=5-10bp;gc_cont=0.458	k141_40791	54	557	-	Loose	300	41.2	Mycobacterium tuberculosis pncA mutations conferring resistance to pyrazinamide	27.91	3003394	protein variant model	D136N	n/a	pyrazine antibiotic	antibiotic target alteration	Pyrazinamide resistant pncA	89.78	gnl|BL_ORD_ID|1946|hsp_num:0	851			222	480	pyrazinamide	
k141_32896_3 # 1888 # 3321 # 1 # ID=2024_3;partial=00;start_type=ATG;rbs_motif=GGA/GAG/AGG;rbs_spacer=5-10bp;gc_cont=0.366	k141_32896	1888	3321	+	Loose	900	63.5	Enterococcus faecium cls conferring resistance to daptomycin	22.58	3003092	protein variant model	H215R	n/a	peptide antibiotic	antibiotic target alteration	daptomycin resistant cls	98.76	gnl|BL_ORD_ID|1951|hsp_num:0	1175			351	1353	daptomycin	
k141_32948_2 # 1389 # 2177 # 1 # ID=2094_2;partial=01;start_type=ATG;rbs_motif=None;rbs_spacer=None;gc_cont=0.650	k141_32948	1389	2177	+	Loose	1000	179.5	Clostridioides difficile gyrB conferring resistance to fluoroquinolones	41.41	3004562	protein variant model	I139R	T214I:1360	fluoroquinolone antibiotic	antibiotic target alteration	fluoroquinolone resistant gyrB	41.29	gnl|BL_ORD_ID|4724|hsp_num:0	3268			24	687	ciprofloxacin; levofloxacin; moxifloxacin; gemifloxacin	
k141_48841_1 # 25 # 1338 # 1 # ID=2184_1;partial=01;start_type=ATG;rbs_motif=GGA/GAG/AGG;rbs_spacer=5-10bp;gc_cont=0.470	k141_48841	25	1338	+	Loose	1500	567.8	Bartonella bacilliformis gyrB conferring resistance to aminocoumarin	64.92	3003302	protein variant model	T214I	V423F:3268, I139R:3268	aminocoumarin antibiotic	antibiotic target alteration	aminocoumarin resistant gyrB	54.14	gnl|BL_ORD_ID|1963|hsp_num:0	1360			24	1338	novobiocin; clorobiocin; coumermycin A1	
k141_32995_1 # 3 # 638 # -1 # ID=2207_1;partial=10;start_type=GTG;rbs_motif=GGA/GAG/AGG;rbs_spacer=5-10bp;gc_cont=0.684	k141_32995	3	638	-	Loose	1000	162.9	Clostridioides difficile gyrB conferring resistance to fluoroquinolones	40.93	3004562	protein variant model	I139R	n/a	fluoroquinolone antibiotic	antibiotic target alteration	fluoroquinolone resistant gyrB	33.28	gnl|BL_ORD_ID|4724|hsp_num:0	3268			45	672	ciprofloxacin; levofloxacin; moxifloxacin; gemifloxacin	
k141_1382_1 # 1 # 1767 # 1 # ID=2224_1;partial=10;start_type=Edge;rbs_motif=None;rbs_spacer=None;gc_cont=0.537	k141_1382	1	1767	+	Loose	900	49.7	Enterococcus faecalis cls with mutation conferring resistance to daptomycin	26.6	3003760	protein variant model	H215R	n/a	peptide antibiotic	antibiotic target alteration	daptomycin resistant cls	122.25	gnl|BL_ORD_ID|4698|hsp_num:0	2272			261	819	daptomycin	
k141_25207_4 # 1619 # 2866 # 1 # ID=2324_4;partial=00;start_type=ATG;rbs_motif=TAAAA;rbs_spacer=3bp;gc_cont=0.378	k141_25207	1619	2866	+	Loose	750	251.1	Mycobacterium tuberculosis kasA mutant conferring resistance to isoniazid	36.17	3003463	protein variant model	D66N	n/a	isoniazid-like antibiotic	antibiotic target alteration	antibiotic resistant kasA	99.76	gnl|BL_ORD_ID|1969|hsp_num:0	1943			39	1239	isoniazid	
k141_25255_1 # 3 # 1556 # 1 # ID=2417_1;partial=10;start_type=Edge;rbs_motif=None;rbs_spacer=None;gc_cont=0.561	k141_25255	3	1556	+	Loose	1000	646.4	Clostridioides difficile gyrB conferring resistance to fluoroquinolones	62.62	3004562	protein variant model	R377G, I139R	n/a	fluoroquinolone antibiotic	antibiotic target alteration	fluoroquinolone resistant gyrB	81.16	gnl|BL_ORD_ID|4724|hsp_num:0	3268			363	1911	ciprofloxacin; levofloxacin; moxifloxacin; gemifloxacin	
k141_49035_1 # 206 # 2458 # 1 # ID=2495_1;partial=00;start_type=ATG;rbs_motif=None;rbs_spacer=None;gc_cont=0.395	k141_49035	206	2458	+	Loose	1400	784.3	Mycobacterium tuberculosis katG mutations conferring resistance to isoniazid	54.46	3003392	protein variant model	R463L, A234G, A431V, A139V, G300W, S140N, D311N, V473I, W328F	n/a	isoniazid-like antibiotic	antibiotic target alteration	isoniazid resistant katG	101.35	gnl|BL_ORD_ID|1956|hsp_num:0	1176			45	2220	isoniazid	
k141_49043_1 # 1 # 735 # 1 # ID=2505_1;partial=10;start_type=Edge;rbs_motif=None;rbs_spacer=None;gc_cont=0.671	k141_49043	1	735	+	Loose	450	57.8	Escherichia coli fabI mutations conferring resistance to isoniazid and triclosan	25.3	3004045	protein variant model	F203A	n/a	disinfecting agents and antiseptics; isoniazid-like antibiotic	antibiotic target alteration	antibiotic resistant fabI	93.13	gnl|BL_ORD_ID|4713|hsp_num:0	2666			30	750	triclosan	
k141_41101_2 # 248 # 2194 # 1 # ID=2514_2;partial=00;start_type=ATG;rbs_motif=None;rbs_spacer=None;gc_cont=0.551	k141_41101	248	2194	+	Loose	1000	402.1	Clostridioides difficile gyrB conferring resistance to fluoroquinolones	37.82	3004562	protein variant model	V423F, I139R	S463A:535, T539N:2109	fluoroquinolone antibiotic	antibiotic target alteration	fluoroquinolone resistant gyrB	101.73	gnl|BL_ORD_ID|4724|hsp_num:0	3268			18	1911	ciprofloxacin; levofloxacin; moxifloxacin; gemifloxacin	
k141_41106_1 # 2 # 598 # -1 # ID=2526_1;partial=10;start_type=ATG;rbs_motif=AGGAG;rbs_spacer=5-10bp;gc_cont=0.559	k141_41106	2	598	-	Loose	500	98.6	Mycobacterium tuberculosis inhA mutations conferring resistance to isoniazid	32.51	3003393	protein variant model	S94A	n/a	isoniazid-like antibiotic	antibiotic target alteration	isoniazid resistant inhA	73.98	gnl|BL_ORD_ID|1965|hsp_num:0	1574			6	591	isoniazid	
k141_1567_5 # 2106 # 4031 # -1 # ID=2545_5;partial=00;start_type=GTG;rbs_motif=GGA/GAG/AGG;rbs_spacer=5-10bp;gc_cont=0.498	k141_1567	2106	4031	-	Loose	650	67.0	Enterococcus faecium liaS mutant conferring daptomycin resistance	24.8	3003079	protein variant model	H264Q	n/a	peptide antibiotic	antibiotic target alteration; antibiotic efflux	daptomycin resistant liaS	180.56	gnl|BL_ORD_ID|1949|hsp_num:0	1108			324	1050	daptomycin	
k141_49081_3 # 965 # 1255 # -1 # ID=2566_3;partial=01;start_type=Edge;rbs_motif=None;rbs_spacer=None;gc_cont=0.498	k141_49081	965	1255	-	Loose	425	62.8	Escherichia coli nfsA mutations conferring resistance to nitrofurantoin	44.44	3003751	protein variant model	R133S	n/a	nitrofuran antibiotic	antibiotic target alteration	antibiotic resistant nfsA	40.00	gnl|BL_ORD_ID|2349|hsp_num:0	2267			294	510	nitrofurantoin	
k141_41261_1 # 3 # 653 # -1 # ID=2774_1;partial=10;start_type=ATG;rbs_motif=None;rbs_spacer=None;gc_cont=0.456	k141_41261	3	653	-	Loose	900	53.9	Enterococcus faecium cls conferring resistance to daptomycin	27.74	3003092	protein variant model	H215R	H215R:2272	peptide antibiotic	antibiotic target alteration	daptomycin resistant cls	44.93	gnl|BL_ORD_ID|1951|hsp_num:0	1175			351	738	daptomycin	
k141_9765_2 # 331 # 1050 # 1 # ID=2947_2;partial=01;start_type=ATG;rbs_motif=None;rbs_spacer=None;gc_cont=0.578	k141_9765	331	1050	+	Loose	1000	191.8	Clostridioides difficile gyrB conferring resistance to fluoroquinolones	46.12	3004562	protein variant model	I139R	T214I:1360	fluoroquinolone antibiotic	antibiotic target alteration	fluoroquinolone resistant gyrB	37.68	gnl|BL_ORD_ID|4724|hsp_num:0	3268			15	630	ciprofloxacin; levofloxacin; moxifloxacin; gemifloxacin	
k141_17819_2 # 1604 # 2521 # -1 # ID=3143_2;partial=01;start_type=Edge;rbs_motif=None;rbs_spacer=None;gc_cont=0.618	k141_17819	1604	2521	-	Loose	3000	289.7	Helicobacter pylori rpoB mutation conferring resistance to rifampicin	49.51	3007051	protein variant model	Q2079K	n/a	fluoroquinolone antibiotic; rifamycin antibiotic	antibiotic target alteration; antibiotic target replacement	rifamycin-resistant beta-subunit of RNA polymerase (rpoB)	10.55	gnl|BL_ORD_ID|4768|hsp_num:0	5750			5712	6552	levofloxacin; rifampin	
k141_57393_2 # 545 # 1123 # 1 # ID=3204_2;partial=01;start_type=ATG;rbs_motif=None;rbs_spacer=None;gc_cont=0.625	k141_57393	545	1123	+	Loose	1000	175.3	Clostridioides difficile gyrB conferring resistance to fluoroquinolones	63.57	3004562	protein variant model	I139R	n/a	fluoroquinolone antibiotic	antibiotic target alteration	fluoroquinolone resistant gyrB	30.30	gnl|BL_ORD_ID|4724|hsp_num:0	3268			24	444	ciprofloxacin; levofloxacin; moxifloxacin; gemifloxacin	
k141_10013_3 # 698 # 1330 # 1 # ID=3309_3;partial=00;start_type=ATG;rbs_motif=None;rbs_spacer=None;gc_cont=0.367	k141_10013	698	1330	+	Loose	400	53.1	Helicobacter pylori rdxA mutation conferring resistance to metronidazole	26.15	3007055	protein variant model	T31E, K64N, D59N	n/a	nitroimidazole antibiotic	antibiotic target alteration	Antibiotic resistant Helicobacter pylori nitroreductase	100.00	gnl|BL_ORD_ID|4818|hsp_num:0	5755			36	612	metronidazole	
k141_2149_2 # 173 # 934 # -1 # ID=3415_2;partial=00;start_type=ATG;rbs_motif=AGGAG;rbs_spacer=5-10bp;gc_cont=0.664	k141_2149	173	934	-	Loose	450	76.3	Escherichia coli fabI mutations conferring resistance to isoniazid and triclosan	27.24	3004045	protein variant model	F203A	n/a	disinfecting agents and antiseptics; isoniazid-like antibiotic	antibiotic target alteration	antibiotic resistant fabI	96.56	gnl|BL_ORD_ID|4713|hsp_num:0	2666			9	747	triclosan	
k141_10088_2 # 1142 # 1546 # 1 # ID=3427_2;partial=01;start_type=ATG;rbs_motif=AGGAG;rbs_spacer=5-10bp;gc_cont=0.642	k141_10088	1142	1546	+	Loose	1400	162.9	Mycobacterium tuberculosis katG mutations conferring resistance to isoniazid	64.81	3003392	protein variant model	A139V, S140N	n/a	isoniazid-like antibiotic	antibiotic target alteration	isoniazid resistant katG	18.24	gnl|BL_ORD_ID|1956|hsp_num:0	1176			102	426	isoniazid	
k141_49689_1 # 29 # 574 # -1 # ID=3529_1;partial=00;start_type=ATG;rbs_motif=AGGAG/GGAGG;rbs_spacer=11-12bp;gc_cont=0.443	k141_49689	29	574	-	Loose	300	60.1	Mycobacterium tuberculosis pncA mutations conferring resistance to pyrazinamide	29.32	3003394	protein variant model	P54T, A102V, A161G	n/a	pyrazine antibiotic	antibiotic target alteration	Pyrazinamide resistant pncA	97.31	gnl|BL_ORD_ID|1946|hsp_num:0	851			0	549	pyrazinamide	
k141_2304_1 # 1 # 2127 # 1 # ID=3673_1;partial=10;start_type=Edge;rbs_motif=None;rbs_spacer=None;gc_cont=0.517	k141_2304	1	2127	+	Loose	1500	689.5	Bartonella bacilliformis gyrB conferring resistance to aminocoumarin	51.96	3003302	protein variant model	T214I	V423F:3268, I139R:3268	aminocoumarin antibiotic	antibiotic target alteration	aminocoumarin resistant gyrB	87.52	gnl|BL_ORD_ID|1963|hsp_num:0	1360			315	2427	novobiocin; clorobiocin; coumermycin A1	
k141_57754_2 # 630 # 2408 # 1 # ID=3731_2;partial=01;start_type=GTG;rbs_motif=AGGA;rbs_spacer=5-10bp;gc_cont=0.547	k141_57754	630	2408	+	Loose	900	50.1	Enterococcus faecalis cls with mutation conferring resistance to daptomycin	28.26	3003760	protein variant model	H215R	n/a	peptide antibiotic	antibiotic target alteration	daptomycin resistant cls	123.28	gnl|BL_ORD_ID|4698|hsp_num:0	2272			207	819	daptomycin	
k141_18244_3 # 788 # 1552 # 1 # ID=3816_3;partial=00;start_type=ATG;rbs_motif=AGxAG;rbs_spacer=5-10bp;gc_cont=0.378	k141_18244	788	1552	+	Loose	450	42.0	Escherichia coli fabI mutations conferring resistance to isoniazid and triclosan	23.08	3004045	protein variant model	F203A	n/a	disinfecting agents and antiseptics; isoniazid-like antibiotic	antibiotic target alteration	antibiotic resistant fabI	96.95	gnl|BL_ORD_ID|4713|hsp_num:0	2666			9	756	triclosan	
k141_2426_2 # 462 # 1007 # 1 # ID=3850_2;partial=00;start_type=ATG;rbs_motif=AGGAGG;rbs_spacer=5-10bp;gc_cont=0.549	k141_2426	462	1007	+	Loose	400	39.3	Helicobacter pylori rdxA mutation conferring resistance to metronidazole	30.16	3007055	protein variant model	R90K, C49T	n/a	nitroimidazole antibiotic	antibiotic target alteration	Antibiotic resistant Helicobacter pylori nitroreductase	86.19	gnl|BL_ORD_ID|4818|hsp_num:0	5755			93	270	metronidazole	
k141_2566_1 # 3 # 842 # -1 # ID=4100_1;partial=10;start_type=ATG;rbs_motif=AGGAG;rbs_spacer=5-10bp;gc_cont=0.451	k141_2566	3	842	-	Loose	1500	439.1	Escherichia coli gyrA conferring resistance to fluoroquinolones	75.72	3003294	protein variant model	S83I	T83I:2196, T83I:3656, T86I:2294, T82I:2550, P116A:2550, T87I:5752, V172I:5752, N87I:5752, M95I:3330	fluoroquinolone antibiotic	antibiotic target alteration	fluoroquinolone resistant gyrA	32.00	gnl|BL_ORD_ID|1973|hsp_num:0	1545			18	846	enoxacin; ciprofloxacin; levofloxacin; moxifloxacin; gatifloxacin; lomefloxacin; nalidixic acid; norfloxacin; ofloxacin; trovafloxacin; grepafloxacin; sparfloxacin; pefloxacin	
k141_26333_1 # 2 # 352 # 1 # ID=4297_1;partial=10;start_type=Edge;rbs_motif=None;rbs_spacer=None;gc_cont=0.519	k141_26333	2	352	+	Loose	1000	83.6	Neisseria meningititis PBP2 conferring resistance to beta-lactam	41.67	3003937	protein variant model	F504L	F504L:3628	cephalosporin; cephamycin; penam	antibiotic target alteration	Penicillin-binding protein mutations conferring resistance to beta-lactam antibiotics	19.97	gnl|BL_ORD_ID|2167|hsp_num:0	2409			1398	1716	ceftriaxone; cefixime	
k141_10647_3 # 1033 # 2280 # 1 # ID=4305_3;partial=00;start_type=ATG;rbs_motif=AAAAA;rbs_spacer=11bp;gc_cont=0.380	k141_10647	1033	2280	+	Loose	750	254.2	Mycobacterium tuberculosis kasA mutant conferring resistance to isoniazid	36.17	3003463	protein variant model	D66N	n/a	isoniazid-like antibiotic	antibiotic target alteration	antibiotic resistant kasA	99.76	gnl|BL_ORD_ID|1969|hsp_num:0	1943			39	1239	isoniazid	
k141_10658_3 # 1109 # 2434 # -1 # ID=4324_3;partial=00;start_type=ATG;rbs_motif=None;rbs_spacer=None;gc_cont=0.645	k141_10658	1109	2434	-	Loose	500	152.5	Mycobacterium tuberculosis folC with mutation conferring resistance to para-aminosalicylic acid	32.78	3004157	protein variant model	A420V	n/a	salicylic acid antibiotic	antibiotic target alteration	aminosalicylate resistant dihydrofolate synthase	90.55	gnl|BL_ORD_ID|2415|hsp_num:0	2804			192	1413	para-aminosalicylic acid	
k141_50188_1 # 3 # 359 # -1 # ID=4335_1;partial=10;start_type=ATG;rbs_motif=GGA/GAG/AGG;rbs_spacer=5-10bp;gc_cont=0.552	k141_50188	3	359	-	Loose	1400	145.6	Acinetobacter baumannii parC conferring resistance to fluoroquinolones	65.35	3003818	protein variant model	V104I	n/a	fluoroquinolone antibiotic	antibiotic target alteration	fluoroquinolone resistant parC	16.10	gnl|BL_ORD_ID|2113|hsp_num:0	2315			39	342	enoxacin; ciprofloxacin; levofloxacin; moxifloxacin; gatifloxacin; lomefloxacin; nalidixic acid; norfloxacin; ofloxacin; trovafloxacin; grepafloxacin; sparfloxacin; pefloxacin	
k141_10686_1 # 2 # 1087 # 1 # ID=4373_1;partial=10;start_type=Edge;rbs_motif=None;rbs_spacer=None;gc_cont=0.550	k141_10686	2	1087	+	Loose	1300	175.6	Helicobacter pylori pbp1 mutants conferring resistance to amoxicillin	33.88	3007060	protein variant model	S402G	n/a	cephalosporin; cephamycin; penam	antibiotic target alteration	Penicillin-binding protein mutations conferring resistance to beta-lactam antibiotics	54.78	gnl|BL_ORD_ID|4763|hsp_num:0	5758			981	1878	amoxicillin	
k141_10687_1 # 1 # 1575 # 1 # ID=4376_1;partial=11;start_type=Edge;rbs_motif=None;rbs_spacer=None;gc_cont=0.550	k141_10687	1	1575	+	Loose	1300	150.6	Helicobacter pylori pbp1 mutants conferring resistance to amoxicillin	27.36	3007060	protein variant model	A201V, V374L	n/a	cephalosporin; cephamycin; penam	antibiotic target alteration	Penicillin-binding protein mutations conferring resistance to beta-lactam antibiotics	79.67	gnl|BL_ORD_ID|4763|hsp_num:0	5758			306	1869	amoxicillin	
k141_58203_1 # 2 # 424 # -1 # ID=4470_1;partial=10;start_type=ATG;rbs_motif=GGA/GAG/AGG;rbs_spacer=5-10bp;gc_cont=0.693	k141_58203	2	424	-	Loose	1500	146.7	Clostridioides difficile gyrA conferring resistance to fluoroquinolones	60.0	3003995	protein variant model	P116A	V104I:2315	fluoroquinolone antibiotic	antibiotic target alteration	fluoroquinolone resistant gyrA	17.45	gnl|BL_ORD_ID|2251|hsp_num:0	2550			33	372	ciprofloxacin; levofloxacin; moxifloxacin; gatifloxacin; ofloxacin	
k141_34477_4 # 3829 # 4737 # -1 # ID=4603_4;partial=01;start_type=Edge;rbs_motif=None;rbs_spacer=None;gc_cont=0.658	k141_34477	3829	4737	-	Loose	1000	239.2	Neisseria meningititis PBP2 conferring resistance to beta-lactam	42.42	3003937	protein variant model	I312M, V316T	S385T:2886	cephalosporin; cephamycin; penam	antibiotic target alteration	Penicillin-binding protein mutations conferring resistance to beta-lactam antibiotics	51.98	gnl|BL_ORD_ID|2167|hsp_num:0	2409			855	1740	ceftriaxone; cefixime	
k141_34555_1 # 1 # 1152 # -1 # ID=4730_1;partial=10;start_type=ATG;rbs_motif=None;rbs_spacer=None;gc_cont=0.584	k141_34555	1	1152	-	Loose	1500	520.8	Escherichia coli gyrA conferring resistance to fluoroquinolones	69.61	3003294	protein variant model	S83L	S81L:2314, P116A:2550, S84L:1166, S101L:2462, S83L:2104	fluoroquinolone antibiotic	antibiotic target alteration	fluoroquinolone resistant gyrA	43.89	gnl|BL_ORD_ID|1973|hsp_num:0	1545			0	1086	enoxacin; ciprofloxacin; levofloxacin; moxifloxacin; gatifloxacin; lomefloxacin; nalidixic acid; norfloxacin; ofloxacin; trovafloxacin; grepafloxacin; sparfloxacin; pefloxacin	
k141_50447_2 # 204 # 1106 # -1 # ID=4739_2;partial=01;start_type=Edge;rbs_motif=None;rbs_spacer=None;gc_cont=0.616	k141_50447	204	1106	-	Loose	650	81.3	Enterococcus faecium liaS mutant conferring daptomycin resistance	28.57	3003079	protein variant model	H264Q	n/a	peptide antibiotic	antibiotic target alteration; antibiotic efflux	daptomycin resistant liaS	84.51	gnl|BL_ORD_ID|1949|hsp_num:0	1108			453	1053	daptomycin	
k141_42560_1 # 3 # 1040 # -1 # ID=4870_1;partial=11;start_type=Edge;rbs_motif=None;rbs_spacer=None;gc_cont=0.469	k141_42560	3	1040	-	Loose	900	177.6	Enterococcus faecalis cls with mutation conferring resistance to daptomycin	33.15	3003760	protein variant model	H215R	H215R:1175	peptide antibiotic	antibiotic target alteration	daptomycin resistant cls	71.93	gnl|BL_ORD_ID|4698|hsp_num:0	2272			111	1158	daptomycin	
k141_34658_3 # 1751 # 2578 # -1 # ID=4929_3;partial=01;start_type=Edge;rbs_motif=None;rbs_spacer=None;gc_cont=0.690	k141_34658	1751	2578	-	Loose	650	78.2	Enterococcus faecium liaS mutant conferring daptomycin resistance	28.99	3003079	protein variant model	H264Q	n/a	peptide antibiotic	antibiotic target alteration; antibiotic efflux	daptomycin resistant liaS	77.46	gnl|BL_ORD_ID|1949|hsp_num:0	1108			441	1050	daptomycin	
k141_34682_2 # 507 # 1178 # -1 # ID=4958_2;partial=00;start_type=ATG;rbs_motif=AGGA;rbs_spacer=5-10bp;gc_cont=0.696	k141_34682	507	1178	-	Loose	420	81.3	Helicobacter pylori frxA mutation conferring resistance to metronidazole	26.7	3007059	protein variant model	V7I	A68E:5755, D59N:5755	nitroimidazole antibiotic	antibiotic target alteration	Antibiotic resistant Helicobacter pylori nitroreductase	102.76	gnl|BL_ORD_ID|4764|hsp_num:0	5759			9	525	metronidazole	
k141_18980_1 # 2 # 538 # 1 # ID=4969_1;partial=10;start_type=Edge;rbs_motif=None;rbs_spacer=None;gc_cont=0.352	k141_18980	2	538	+	Loose	300	169.1	Staphylococcus aureus fusE with mutation conferring resistance to fusidic acid	48.02	3003737	protein variant model	Q140L	n/a	fusidane antibiotic	antibiotic target alteration	antibiotic resistant fusE	100.00	gnl|BL_ORD_ID|4697|hsp_num:0	2256			9	528	fusidic acid	
k141_27019_2 # 373 # 765 # 1 # ID=5394_2;partial=00;start_type=ATG;rbs_motif=None;rbs_spacer=None;gc_cont=0.718	k141_27019	373	765	+	Loose	750	96.3	Mycobacterium tuberculosis kasA mutant conferring resistance to isoniazid	45.74	3003463	protein variant model	F413L	n/a	isoniazid-like antibiotic	antibiotic target alteration	antibiotic resistant kasA	31.25	gnl|BL_ORD_ID|1969|hsp_num:0	1943			870	1248	isoniazid	
k141_50882_1 # 3 # 1097 # -1 # ID=5450_1;partial=11;start_type=Edge;rbs_motif=None;rbs_spacer=None;gc_cont=0.461	k141_50882	3	1097	-	Loose	1400	341.7	Helicobacter pylori gyrA conferring resistance to fluoroquinolones	48.77	3007052	protein variant model	V172I	n/a	fluoroquinolone antibiotic	antibiotic target alteration	fluoroquinolone resistant gyrA	44.14	gnl|BL_ORD_ID|4758|hsp_num:0	5752			378	1365	levofloxacin	
k141_50998_3 # 2627 # 3094 # 1 # ID=5629_3;partial=01;start_type=ATG;rbs_motif=GGA/GAG/AGG;rbs_spacer=5-10bp;gc_cont=0.502	k141_50998	2627	3094	+	Loose	1000	164.1	Clostridioides difficile gyrB conferring resistance to fluoroquinolones	57.46	3004562	protein variant model	I139R	n/a	fluoroquinolone antibiotic	antibiotic target alteration	fluoroquinolone resistant gyrB	24.49	gnl|BL_ORD_ID|4724|hsp_num:0	3268			24	417	ciprofloxacin; levofloxacin; moxifloxacin; gemifloxacin	
k141_35098_3 # 1676 # 2971 # -1 # ID=5636_3;partial=01;start_type=Edge;rbs_motif=None;rbs_spacer=None;gc_cont=0.662	k141_35098	1676	2971	-	Loose	650	76.3	Enterococcus faecium liaS mutant conferring daptomycin resistance	27.54	3003079	protein variant model	H264Q	n/a	peptide antibiotic	antibiotic target alteration; antibiotic efflux	daptomycin resistant liaS	121.41	gnl|BL_ORD_ID|1949|hsp_num:0	1108			441	1050	daptomycin	
k141_51179_2 # 145 # 2721 # 1 # ID=5915_2;partial=00;start_type=ATG;rbs_motif=TAAA;rbs_spacer=14bp;gc_cont=0.347	k141_51179	145	2721	+	Loose	1500	206.5	Clostridioides difficile gyrA conferring resistance to fluoroquinolones	31.26	3003995	protein variant model	T82A, P116A	V104I:2315	fluoroquinolone antibiotic	antibiotic target alteration	fluoroquinolone resistant gyrA	106.19	gnl|BL_ORD_ID|2251|hsp_num:0	2550			48	1458	ciprofloxacin; levofloxacin; moxifloxacin; gatifloxacin; ofloxacin	
k141_51263_3 # 968 # 1660 # -1 # ID=6081_3;partial=01;start_type=Edge;rbs_motif=None;rbs_spacer=None;gc_cont=0.509	k141_51263	968	1660	-	Loose	700	354.8	Escherichia coli EF-Tu mutants conferring resistance to Pulvomycin	76.32	3003369	protein variant model	R234F	n/a	elfamycin antibiotic	antibiotic target alteration	elfamycin resistant EF-Tu	56.23	gnl|BL_ORD_ID|1971|hsp_num:0	2158			543	1221	pulvomycin	
k141_3869_1 # 210 # 1142 # 1 # ID=6244_1;partial=00;start_type=ATG;rbs_motif=None;rbs_spacer=None;gc_cont=0.377	k141_3869	210	1142	+	Loose	450	59.3	Escherichia coli fabI mutations conferring resistance to isoniazid and triclosan	25.0	3004045	protein variant model	G93A	n/a	disinfecting agents and antiseptics; isoniazid-like antibiotic	antibiotic target alteration	antibiotic resistant fabI	118.32	gnl|BL_ORD_ID|4713|hsp_num:0	2666			9	783	triclosan	
k141_59443_1 # 150 # 755 # 1 # ID=6441_1;partial=00;start_type=ATG;rbs_motif=TAA;rbs_spacer=5bp;gc_cont=0.345	k141_59443	150	755	+	Loose	300	101.3	Mycobacterium tuberculosis pncA mutations conferring resistance to pyrazinamide	34.01	3003394	protein variant model	A161P	n/a	pyrazine antibiotic	antibiotic target alteration	Pyrazinamide resistant pncA	108.06	gnl|BL_ORD_ID|1946|hsp_num:0	851			3	519	pyrazinamide	
k141_19873_3 # 963 # 1616 # -1 # ID=6457_3;partial=00;start_type=TTG;rbs_motif=AAAAA;rbs_spacer=9bp;gc_cont=0.323	k141_19873	963	1616	-	Loose	400	57.8	Mycobacterium tuberculosis gidB mutation conferring resistance to streptomycin	28.21	3003470	protein variant model	G117E	n/a	aminoglycoside antibiotic	antibiotic target alteration	antibiotic resistant gidB	96.88	gnl|BL_ORD_ID|1935|hsp_num:0	489			102	444	streptomycin	
k141_51528_1 # 1 # 1092 # 1 # ID=6492_1;partial=11;start_type=Edge;rbs_motif=None;rbs_spacer=None;gc_cont=0.369	k141_51528	1	1092	+	Loose	1000	430.3	Clostridioides difficile gyrB conferring resistance to fluoroquinolones	57.85	3004562	protein variant model	V423F	V340L:2109	fluoroquinolone antibiotic	antibiotic target alteration	fluoroquinolone resistant gyrB	57.14	gnl|BL_ORD_ID|4724|hsp_num:0	3268			729	1803	ciprofloxacin; levofloxacin; moxifloxacin; gemifloxacin	
k141_27793_1 # 3 # 2117 # 1 # ID=6629_1;partial=11;start_type=Edge;rbs_motif=None;rbs_spacer=None;gc_cont=0.594	k141_27793	3	2117	+	Loose	3000	660.6	Helicobacter pylori rpoB mutation conferring resistance to rifampicin	52.56	3007051	protein variant model	Q2079K	n/a	fluoroquinolone antibiotic; rifamycin antibiotic	antibiotic target alteration; antibiotic target replacement	rifamycin-resistant beta-subunit of RNA polymerase (rpoB)	24.39	gnl|BL_ORD_ID|4768|hsp_num:0	5750			5196	7056	levofloxacin; rifampin	
k141_59641_1 # 1 # 1080 # 1 # ID=6733_1;partial=11;start_type=Edge;rbs_motif=None;rbs_spacer=None;gc_cont=0.662	k141_59641	1	1080	+	Loose	1400	477.6	Mycobacterium tuberculosis katG mutations conferring resistance to isoniazid	63.89	3003392	protein variant model	R463L, A234G, A379T, A431V, G300W	n/a	isoniazid-like antibiotic	antibiotic target alteration	isoniazid resistant katG	48.65	gnl|BL_ORD_ID|1956|hsp_num:0	1176			438	1497	isoniazid	
k141_43718_1 # 3 # 590 # -1 # ID=6854_1;partial=10;start_type=ATG;rbs_motif=GGAG/GAGG;rbs_spacer=5-10bp;gc_cont=0.464	k141_43718	3	590	-	Loose	1000	193.0	Clostridioides difficile gyrB conferring resistance to fluoroquinolones	52.22	3004562	protein variant model	I139R	n/a	fluoroquinolone antibiotic	antibiotic target alteration	fluoroquinolone resistant gyrB	30.77	gnl|BL_ORD_ID|4724|hsp_num:0	3268			6	543	ciprofloxacin; levofloxacin; moxifloxacin; gemifloxacin	
k141_27920_2 # 659 # 1231 # 1 # ID=6856_2;partial=00;start_type=ATG;rbs_motif=GGAG/GAGG;rbs_spacer=5-10bp;gc_cont=0.384	k141_27920	659	1231	+	Loose	300	66.2	Staphylococcus aureus pgsA mutations conferring resistance to daptomycin	30.22	3003323	protein variant model	K66R	n/a	peptide antibiotic	antibiotic target alteration	daptomycin resistant pgsA	98.96	gnl|BL_ORD_ID|1934|hsp_num:0	462			0	528	daptomycin	
k141_51852_2 # 903 # 1361 # -1 # ID=6966_2;partial=01;start_type=Edge;rbs_motif=None;rbs_spacer=None;gc_cont=0.495	k141_51852	903	1361	-	Loose	400	82.0	Mycobacterium tuberculosis gidB mutation conferring resistance to streptomycin	37.5	3003470	protein variant model	Q127P	n/a	aminoglycoside antibiotic	antibiotic target alteration	antibiotic resistant gidB	67.86	gnl|BL_ORD_ID|1935|hsp_num:0	489			180	513	streptomycin	
k141_51866_1 # 404 # 1351 # 1 # ID=6981_1;partial=01;start_type=ATG;rbs_motif=None;rbs_spacer=None;gc_cont=0.600	k141_51866	404	1351	+	Loose	1500	402.1	Clostridioides difficile gyrA conferring resistance to fluoroquinolones	62.66	3003995	protein variant model	P116A	n/a	fluoroquinolone antibiotic	antibiotic target alteration	fluoroquinolone resistant gyrA	39.11	gnl|BL_ORD_ID|2251|hsp_num:0	2550			21	942	ciprofloxacin; levofloxacin; moxifloxacin; gatifloxacin; ofloxacin	
k141_4421_2 # 506 # 2665 # -1 # ID=7091_2;partial=00;start_type=ATG;rbs_motif=AGGAG;rbs_spacer=5-10bp;gc_cont=0.651	k141_4421	506	2665	-	Loose	1400	817.8	Mycobacterium tuberculosis katG mutations conferring resistance to isoniazid	59.04	3003392	protein variant model	A234G, L587M, A431V, A139V, G300W, Q224E, A243S, L427I	n/a	isoniazid-like antibiotic	antibiotic target alteration	isoniazid resistant katG	97.16	gnl|BL_ORD_ID|1956|hsp_num:0	1176			102	2217	isoniazid	
k141_20323_8 # 6797 # 7450 # -1 # ID=7182_8;partial=00;start_type=ATG;rbs_motif=AGGAG;rbs_spacer=5-10bp;gc_cont=0.502	k141_20323	6797	7450	-	Loose	400	79.0	Helicobacter pylori rdxA mutation conferring resistance to metronidazole	29.79	3007055	protein variant model	T31E	A16T:5759	nitroimidazole antibiotic	antibiotic target alteration	Antibiotic resistant Helicobacter pylori nitroreductase	103.33	gnl|BL_ORD_ID|4818|hsp_num:0	5755			42	567	metronidazole	
k141_4523_1 # 2 # 907 # -1 # ID=7294_1;partial=10;start_type=ATG;rbs_motif=None;rbs_spacer=None;gc_cont=0.574	k141_4523	2	907	-	Loose	1000	181.0	Clostridioides difficile gyrB conferring resistance to fluoroquinolones	35.35	3004562	protein variant model	I139R	n/a	fluoroquinolone antibiotic	antibiotic target alteration	fluoroquinolone resistant gyrB	47.41	gnl|BL_ORD_ID|4724|hsp_num:0	3268			18	873	ciprofloxacin; levofloxacin; moxifloxacin; gemifloxacin	
k141_20501_3 # 1909 # 4062 # 1 # ID=7461_3;partial=00;start_type=ATG;rbs_motif=AGGAG;rbs_spacer=5-10bp;gc_cont=0.567	k141_20501	1909	4062	+	Loose	1400	805.8	Mycobacterium tuberculosis katG mutations conferring resistance to isoniazid	56.1	3003392	protein variant model	A234G, A431V, G300W, S140N, L427I, V473I	n/a	isoniazid-like antibiotic	antibiotic target alteration	isoniazid resistant katG	96.89	gnl|BL_ORD_ID|1956|hsp_num:0	1176			57	2214	isoniazid	
k141_52263_1 # 2 # 2221 # -1 # ID=7577_1;partial=10;start_type=ATG;rbs_motif=AGGA;rbs_spacer=5-10bp;gc_cont=0.561	k141_52263	2	2221	-	Loose	1700	1167.1	Burkholderia dolosa gyrA conferring resistance to fluoroquinolones	77.88	3004860	protein variant model	T83I	T83I:2196, S83I:1545, C245T:2550, T82I:2550, P116A:2550, T86I:2294, T87I:5752, V172I:5752, N87I:5752, M95I:3330	fluoroquinolone antibiotic	antibiotic target alteration	fluoroquinolone resistant gyrA	85.35	gnl|BL_ORD_ID|2613|hsp_num:0	3656			0	2226	ciprofloxacin	
k141_36517_3 # 1201 # 1614 # -1 # ID=7725_3;partial=00;start_type=ATG;rbs_motif=AGGAG;rbs_spacer=5-10bp;gc_cont=0.454	k141_36517	1201	1614	-	Loose	200	166.4	Mycobacterium tuberculosis rpsL mutations conferring resistance to Streptomycin	63.5	3003395	protein variant model	K43R	n/a	aminoglycoside antibiotic	antibiotic target alteration	antibiotic-resistant rpsL	110.48	gnl|BL_ORD_ID|1957|hsp_num:0	1197			0	372	streptomycin	
k141_28530_1 # 2 # 952 # 1 # ID=7788_1;partial=10;start_type=Edge;rbs_motif=None;rbs_spacer=None;gc_cont=0.650	k141_28530	2	952	+	Loose	900	155.2	Enterococcus faecalis cls with mutation conferring resistance to daptomycin	32.67	3003760	protein variant model	H215R	H215R:1175	peptide antibiotic	antibiotic target alteration	daptomycin resistant cls	65.70	gnl|BL_ORD_ID|4698|hsp_num:0	2272			477	1374	daptomycin	
k141_12801_3 # 1967 # 2602 # 1 # ID=7829_3;partial=00;start_type=ATG;rbs_motif=None;rbs_spacer=None;gc_cont=0.318	k141_12801	1967	2602	+	Loose	400	55.1	Mycobacterium tuberculosis gidB mutation conferring resistance to streptomycin	27.35	3003470	protein variant model	G117E	n/a	aminoglycoside antibiotic	antibiotic target alteration	antibiotic resistant gidB	94.20	gnl|BL_ORD_ID|1935|hsp_num:0	489			102	444	streptomycin	
k141_4887_2 # 818 # 1573 # -1 # ID=7864_2;partial=00;start_type=ATG;rbs_motif=GGA/GAG/AGG;rbs_spacer=5-10bp;gc_cont=0.503	k141_4887	818	1573	-	Loose	420	75.5	Helicobacter pylori frxA mutation conferring resistance to metronidazole	27.71	3007059	protein variant model	A16T	D59N:5755	nitroimidazole antibiotic	antibiotic target alteration	Antibiotic resistant Helicobacter pylori nitroreductase	115.67	gnl|BL_ORD_ID|4764|hsp_num:0	5759			36	528	metronidazole	
k141_60409_2 # 535 # 1218 # 1 # ID=7867_2;partial=00;start_type=ATG;rbs_motif=GGA/GAG/AGG;rbs_spacer=11-12bp;gc_cont=0.668	k141_60409	535	1218	+	Loose	400	53.5	Mycobacterium tuberculosis gidB mutation conferring resistance to streptomycin	31.19	3003470	protein variant model	L79F	n/a	aminoglycoside antibiotic	antibiotic target alteration	antibiotic resistant gidB	101.34	gnl|BL_ORD_ID|1935|hsp_num:0	489			189	513	streptomycin	
k141_44357_1 # 3 # 1784 # -1 # ID=7945_1;partial=10;start_type=ATG;rbs_motif=GGA/GAG/AGG;rbs_spacer=5-10bp;gc_cont=0.552	k141_44357	3	1784	-	Loose	1400	479.9	Acinetobacter baumannii parC conferring resistance to fluoroquinolones	46.29	3003818	protein variant model	V104I	P116A:2550	fluoroquinolone antibiotic	antibiotic target alteration	fluoroquinolone resistant parC	80.38	gnl|BL_ORD_ID|2113|hsp_num:0	2315			39	1707	enoxacin; ciprofloxacin; levofloxacin; moxifloxacin; gatifloxacin; lomefloxacin; nalidixic acid; norfloxacin; ofloxacin; trovafloxacin; grepafloxacin; sparfloxacin; pefloxacin	
k141_52661_2 # 376 # 1419 # 1 # ID=8180_2;partial=01;start_type=GTG;rbs_motif=AGGA/GGAG/GAGG;rbs_spacer=11-12bp;gc_cont=0.428	k141_52661	376	1419	+	Loose	1000	238.4	Clostridioides difficile gyrB conferring resistance to fluoroquinolones	36.02	3004562	protein variant model	I139R	n/a	fluoroquinolone antibiotic	antibiotic target alteration	fluoroquinolone resistant gyrB	54.63	gnl|BL_ORD_ID|4724|hsp_num:0	3268			24	1053	ciprofloxacin; levofloxacin; moxifloxacin; gemifloxacin	
k141_13096_3 # 562 # 1095 # -1 # ID=8315_3;partial=00;start_type=ATG;rbs_motif=GGA/GAG/AGG;rbs_spacer=5-10bp;gc_cont=0.457	k141_13096	562	1095	-	Loose	300	151.0	Staphylococcus aureus fusE with mutation conferring resistance to fusidic acid	44.0	3003737	protein variant model	Q140L	n/a	fusidane antibiotic	antibiotic target alteration	antibiotic resistant fusE	99.44	gnl|BL_ORD_ID|4697|hsp_num:0	2256			0	525	fusidic acid	
k141_13102_1 # 2 # 1249 # -1 # ID=8323_1;partial=10;start_type=ATG;rbs_motif=GGA/GAG/AGG;rbs_spacer=5-10bp;gc_cont=0.634	k141_13102	2	1249	-	Loose	1000	359.0	Clostridioides difficile gyrB conferring resistance to fluoroquinolones	48.82	3004562	protein variant model	I139R	n/a	fluoroquinolone antibiotic	antibiotic target alteration	fluoroquinolone resistant gyrB	65.31	gnl|BL_ORD_ID|4724|hsp_num:0	3268			18	1077	ciprofloxacin; levofloxacin; moxifloxacin; gemifloxacin	
k141_60831_1 # 3 # 1466 # -1 # ID=8463_1;partial=11;start_type=Edge;rbs_motif=None;rbs_spacer=None;gc_cont=0.704	k141_60831	3	1466	-	Loose	1000	285.8	Clostridioides difficile gyrB conferring resistance to fluoroquinolones	35.98	3004562	protein variant model	V423F, I139R	S463A:535, T539N:2109	fluoroquinolone antibiotic	antibiotic target alteration	fluoroquinolone resistant gyrB	76.61	gnl|BL_ORD_ID|4724|hsp_num:0	3268			231	1629	ciprofloxacin; levofloxacin; moxifloxacin; gemifloxacin	
k141_29049_1 # 1 # 714 # -1 # ID=8561_1;partial=10;start_type=ATG;rbs_motif=TAA;rbs_spacer=12bp;gc_cont=0.367	k141_29049	1	714	-	Loose	1000	115.9	Clostridioides difficile gyrB conferring resistance to fluoroquinolones	31.76	3004562	protein variant model	I139R	n/a	fluoroquinolone antibiotic	antibiotic target alteration	fluoroquinolone resistant gyrB	37.36	gnl|BL_ORD_ID|4724|hsp_num:0	3268			0	684	ciprofloxacin; levofloxacin; moxifloxacin; gemifloxacin	
k141_13258_2 # 496 # 1281 # 1 # ID=8582_2;partial=00;start_type=GTG;rbs_motif=AGGAG;rbs_spacer=5-10bp;gc_cont=0.562	k141_13258	496	1281	+	Loose	500	117.5	Mycobacterium tuberculosis inhA mutations conferring resistance to isoniazid	33.58	3003393	protein variant model	S94A	n/a	isoniazid-like antibiotic	antibiotic target alteration	isoniazid resistant inhA	97.03	gnl|BL_ORD_ID|1965|hsp_num:0	1574			6	789	isoniazid	
k141_44785_2 # 289 # 1170 # -1 # ID=8680_2;partial=00;start_type=ATG;rbs_motif=TAA;rbs_spacer=12bp;gc_cont=0.375	k141_44785	289	1170	-	Loose	450	66.6	Escherichia coli fabI mutations conferring resistance to isoniazid and triclosan	26.52	3004045	protein variant model	G93A	n/a	disinfecting agents and antiseptics; isoniazid-like antibiotic	antibiotic target alteration	antibiotic resistant fabI	111.83	gnl|BL_ORD_ID|4713|hsp_num:0	2666			9	783	triclosan	
k141_21394_2 # 1015 # 1266 # -1 # ID=8727_2;partial=01;start_type=Edge;rbs_motif=None;rbs_spacer=None;gc_cont=0.671	k141_21394	1015	1266	-	Loose	750	58.2	Mycobacterium tuberculosis kasA mutant conferring resistance to isoniazid	37.66	3003463	protein variant model	F413L	n/a	isoniazid-like antibiotic	antibiotic target alteration	antibiotic resistant kasA	19.95	gnl|BL_ORD_ID|1969|hsp_num:0	1943			1017	1248	isoniazid	
k141_53179_1 # 3 # 1658 # 1 # ID=8919_1;partial=10;start_type=Edge;rbs_motif=None;rbs_spacer=None;gc_cont=0.483	k141_53179	3	1658	+	Loose	1500	217.6	Clostridioides difficile gyrA conferring resistance to fluoroquinolones	29.55	3003995	protein variant model	L345I	n/a	fluoroquinolone antibiotic	antibiotic target alteration	fluoroquinolone resistant gyrA	68.19	gnl|BL_ORD_ID|2251|hsp_num:0	2550			810	2355	ciprofloxacin; levofloxacin; moxifloxacin; gatifloxacin; ofloxacin	
k141_21809_1 # 1 # 1887 # 1 # ID=9298_1;partial=11;start_type=Edge;rbs_motif=None;rbs_spacer=None;gc_cont=0.546	k141_21809	1	1887	+	Loose	3000	493.8	Helicobacter pylori rpoB mutation conferring resistance to rifampicin	46.95	3007051	protein variant model	K2068R	n/a	fluoroquinolone antibiotic; rifamycin antibiotic	antibiotic target alteration; antibiotic target replacement	rifamycin-resistant beta-subunit of RNA polymerase (rpoB)	21.76	gnl|BL_ORD_ID|4768|hsp_num:0	5750			5505	7056	levofloxacin; rifampin	
k141_45199_2 # 395 # 1171 # 1 # ID=9367_2;partial=01;start_type=ATG;rbs_motif=AGGAG;rbs_spacer=5-10bp;gc_cont=0.467	k141_45199	395	1171	+	Loose	450	325.1	Escherichia coli fabI mutations conferring resistance to isoniazid and triclosan	64.34	3004045	protein variant model	G93A	S94A:1574	disinfecting agents and antiseptics; isoniazid-like antibiotic	antibiotic target alteration	antibiotic resistant fabI	98.85	gnl|BL_ORD_ID|4713|hsp_num:0	2666			0	771	triclosan	
k141_29667_1 # 1 # 1473 # -1 # ID=9453_1;partial=10;start_type=ATG;rbs_motif=None;rbs_spacer=None;gc_cont=0.667	k141_29667	1	1473	-	Loose	3000	356.3	Helicobacter pylori rpoB mutation conferring resistance to rifampicin	48.03	3007051	protein variant model	Q2079K	n/a	fluoroquinolone antibiotic; rifamycin antibiotic	antibiotic target alteration; antibiotic target replacement	rifamycin-resistant beta-subunit of RNA polymerase (rpoB)	16.99	gnl|BL_ORD_ID|4768|hsp_num:0	5750			5766	6834	levofloxacin; rifampin	
k141_37678_8 # 7021 # 7728 # 1 # ID=9458_8;partial=00;start_type=ATG;rbs_motif=GGA/GAG/AGG;rbs_spacer=5-10bp;gc_cont=0.544	k141_37678	7021	7728	+	Loose	1300	107.5	Helicobacter pylori pbp1 mutants conferring resistance to amoxicillin	33.52	3007060	protein variant model	N107R, A201V	n/a	cephalosporin; cephamycin; penam	antibiotic target alteration	Penicillin-binding protein mutations conferring resistance to beta-lactam antibiotics	35.66	gnl|BL_ORD_ID|4763|hsp_num:0	5758			141	687	amoxicillin	
k141_53614_1 # 1 # 1053 # 1 # ID=9501_1;partial=10;start_type=Edge;rbs_motif=None;rbs_spacer=None;gc_cont=0.689	k141_53614	1	1053	+	Loose	1300	75.5	Helicobacter pylori pbp1 mutants conferring resistance to amoxicillin	28.42	3007060	protein variant model	I450V	n/a	cephalosporin; cephamycin; penam	antibiotic target alteration	Penicillin-binding protein mutations conferring resistance to beta-lactam antibiotics	53.11	gnl|BL_ORD_ID|4763|hsp_num:0	5758			1221	1752	amoxicillin	
k141_45383_1 # 2 # 526 # -1 # ID=9635_1;partial=10;start_type=ATG;rbs_motif=None;rbs_spacer=None;gc_cont=0.674	k141_45383	2	526	-	Loose	1000	176.8	Clostridioides difficile gyrB conferring resistance to fluoroquinolones	59.09	3004562	protein variant model	I139R	n/a	fluoroquinolone antibiotic	antibiotic target alteration	fluoroquinolone resistant gyrB	27.47	gnl|BL_ORD_ID|4724|hsp_num:0	3268			24	471	ciprofloxacin; levofloxacin; moxifloxacin; gemifloxacin	
k141_22214_1 # 2 # 691 # 1 # ID=9821_1;partial=10;start_type=Edge;rbs_motif=None;rbs_spacer=None;gc_cont=0.543	k141_22214	2	691	+	Loose	500	362.1	Mycobacterium tuberculosis thyA with mutation conferring resistance to para-aminosalicylic acid	67.25	3004153	protein variant model	H75N	n/a	salicylic acid antibiotic	antibiotic target alteration	aminosalicylate resistant thymidylate synthase	87.07	gnl|BL_ORD_ID|2414|hsp_num:0	2803			105	789	para-aminosalicylic acid	
k141_14144_1 # 214 # 1068 # -1 # ID=9910_1;partial=01;start_type=Edge;rbs_motif=None;rbs_spacer=None;gc_cont=0.439	k141_14144	214	1068	-	Loose	700	422.2	Escherichia coli EF-Tu mutants conferring resistance to Pulvomycin	70.57	3003369	protein variant model	R234F	A376S:2137	elfamycin antibiotic	antibiotic target alteration	elfamycin resistant EF-Tu	69.44	gnl|BL_ORD_ID|1971|hsp_num:0	2158			378	1221	pulvomycin	
k141_14150_3 # 1904 # 2698 # -1 # ID=9932_3;partial=00;start_type=ATG;rbs_motif=TAA;rbs_spacer=3bp;gc_cont=0.366	k141_14150	1904	2698	-	Loose	500	359.0	Mycobacterium tuberculosis thyA with mutation conferring resistance to para-aminosalicylic acid	62.88	3004153	protein variant model	H75N	n/a	salicylic acid antibiotic	antibiotic target alteration	aminosalicylate resistant thymidylate synthase	100.38	gnl|BL_ORD_ID|2414|hsp_num:0	2803			0	789	para-aminosalicylic acid	
k141_53939_2 # 192 # 1226 # -1 # ID=9937_2;partial=01;start_type=Edge;rbs_motif=None;rbs_spacer=None;gc_cont=0.441	k141_53939	192	1226	-	Loose	1450	401.4	Streptococcus pneumoniae PBP2x conferring resistance to amoxicillin	55.65	3003043	protein variant model	L546V, N605T	G542S:3628	cephalosporin; cephamycin; penam	antibiotic target alteration	Penicillin-binding protein mutations conferring resistance to beta-lactam antibiotics	45.87	gnl|BL_ORD_ID|2331|hsp_num:0	320			1215	2250	amoxicillin	
k141_30152_1 # 3 # 506 # -1 # ID=10202_1;partial=10;start_type=ATG;rbs_motif=GGA/GAG/AGG;rbs_spacer=5-10bp;gc_cont=0.669	k141_30152	3	506	-	Loose	1500	172.9	Clostridioides difficile gyrA conferring resistance to fluoroquinolones	57.05	3003995	protein variant model	P116A	V104I:2315	fluoroquinolone antibiotic	antibiotic target alteration	fluoroquinolone resistant gyrA	20.79	gnl|BL_ORD_ID|2251|hsp_num:0	2550			27	453	ciprofloxacin; levofloxacin; moxifloxacin; gatifloxacin; ofloxacin	
k141_30152_3 # 1396 # 2427 # -1 # ID=10202_3;partial=01;start_type=Edge;rbs_motif=None;rbs_spacer=None;gc_cont=0.649	k141_30152	1396	2427	-	Loose	1000	233.4	Clostridioides difficile gyrB conferring resistance to fluoroquinolones	39.63	3004562	protein variant model	V423F	T539N:2109, S463A:535	fluoroquinolone antibiotic	antibiotic target alteration	fluoroquinolone resistant gyrB	53.85	gnl|BL_ORD_ID|4724|hsp_num:0	3268			969	1911	ciprofloxacin; levofloxacin; moxifloxacin; gemifloxacin	
k141_62043_3 # 1172 # 1810 # 1 # ID=10231_3;partial=00;start_type=ATG;rbs_motif=GGA/GAG/AGG;rbs_spacer=5-10bp;gc_cont=0.473	k141_62043	1172	1810	+	Loose	420	69.7	Helicobacter pylori frxA mutation conferring resistance to metronidazole	24.28	3007059	protein variant model	A16T	n/a	nitroimidazole antibiotic	antibiotic target alteration	Antibiotic resistant Helicobacter pylori nitroreductase	97.70	gnl|BL_ORD_ID|4764|hsp_num:0	5759			9	528	metronidazole	
k141_22503_4 # 2566 # 4011 # 1 # ID=10239_4;partial=01;start_type=ATG;rbs_motif=AGxAG;rbs_spacer=3-4bp;gc_cont=0.535	k141_22503	2566	4011	+	Loose	1300	152.5	Helicobacter pylori pbp1 mutants conferring resistance to amoxicillin	31.1	3007060	protein variant model	V250I	n/a	cephalosporin; cephamycin; penam	antibiotic target alteration	Penicillin-binding protein mutations conferring resistance to beta-lactam antibiotics	73.14	gnl|BL_ORD_ID|4763|hsp_num:0	5758			0	1044	amoxicillin	
k141_22526_1 # 2 # 1159 # 1 # ID=10263_1;partial=10;start_type=Edge;rbs_motif=None;rbs_spacer=None;gc_cont=0.466	k141_22526	2	1159	+	Loose	1300	97.4	Helicobacter pylori pbp1 mutants conferring resistance to amoxicillin	28.38	3007060	protein variant model	V374L	n/a	cephalosporin; cephamycin; penam	antibiotic target alteration	Penicillin-binding protein mutations conferring resistance to beta-lactam antibiotics	58.42	gnl|BL_ORD_ID|4763|hsp_num:0	5758			996	1848	amoxicillin	
k141_14404_1 # 112 # 1026 # 1 # ID=10334_1;partial=01;start_type=GTG;rbs_motif=AGxAG;rbs_spacer=5-10bp;gc_cont=0.341	k141_14404	112	1026	+	Loose	1000	167.9	Clostridioides difficile gyrB conferring resistance to fluoroquinolones	36.33	3004562	protein variant model	V423F	P462S:2148	fluoroquinolone antibiotic	antibiotic target alteration	fluoroquinolone resistant gyrB	47.88	gnl|BL_ORD_ID|4724|hsp_num:0	3268			924	1746	ciprofloxacin; levofloxacin; moxifloxacin; gemifloxacin	
k141_14491_1 # 3 # 1217 # 1 # ID=10503_1;partial=10;start_type=Edge;rbs_motif=None;rbs_spacer=None;gc_cont=0.453	k141_14491	3	1217	+	Loose	1300	141.7	Helicobacter pylori pbp1 mutants conferring resistance to amoxicillin	31.49	3007060	protein variant model	T556S, G595S	n/a	cephalosporin; cephamycin; penam	antibiotic target alteration	Penicillin-binding protein mutations conferring resistance to beta-lactam antibiotics	61.31	gnl|BL_ORD_ID|4763|hsp_num:0	5758			954	1863	amoxicillin	
k141_22730_2 # 1016 # 2050 # 1 # ID=10576_2;partial=01;start_type=ATG;rbs_motif=GGA/GAG/AGG;rbs_spacer=5-10bp;gc_cont=0.457	k141_22730	1016	2050	+	Loose	1500	437.2	Bartonella bacilliformis gyrB conferring resistance to aminocoumarin	62.9	3003302	protein variant model	T214I	I139R:3268	aminocoumarin antibiotic	antibiotic target alteration	aminocoumarin resistant gyrB	42.65	gnl|BL_ORD_ID|1963|hsp_num:0	1360			24	1056	novobiocin; clorobiocin; coumermycin A1	
k141_22743_2 # 1430 # 2089 # -1 # ID=10595_2;partial=00;start_type=ATG;rbs_motif=None;rbs_spacer=None;gc_cont=0.526	k141_22743	1430	2089	-	Loose	1000	125.9	Clostridioides difficile gyrB conferring resistance to fluoroquinolones	32.54	3004562	protein variant model	V423F	T539P:2109, S464Y:535	fluoroquinolone antibiotic	antibiotic target alteration	fluoroquinolone resistant gyrB	34.38	gnl|BL_ORD_ID|4724|hsp_num:0	3268			1215	1830	ciprofloxacin; levofloxacin; moxifloxacin; gemifloxacin	
k141_62350_3 # 1611 # 2789 # -1 # ID=10672_3;partial=01;start_type=Edge;rbs_motif=None;rbs_spacer=None;gc_cont=0.628	k141_62350	1611	2789	-	Loose	1300	171.8	Helicobacter pylori pbp1 mutants conferring resistance to amoxicillin	32.57	3007060	protein variant model	S402G	n/a	cephalosporin; cephamycin; penam	antibiotic target alteration	Penicillin-binding protein mutations conferring resistance to beta-lactam antibiotics	59.48	gnl|BL_ORD_ID|4763|hsp_num:0	5758			981	1878	amoxicillin	
k141_30496_3 # 1339 # 1929 # 1 # ID=10728_3;partial=01;start_type=ATG;rbs_motif=GGA/GAG/AGG;rbs_spacer=11-12bp;gc_cont=0.489	k141_30496	1339	1929	+	Loose	300	100.1	Mycobacterium tuberculosis pncA mutations conferring resistance to pyrazinamide	37.93	3003394	protein variant model	G78D, T100P	n/a	pyrazine antibiotic	antibiotic target alteration	Pyrazinamide resistant pncA	105.91	gnl|BL_ORD_ID|1946|hsp_num:0	851			6	474	pyrazinamide	
k141_14648_7 # 5906 # 8350 # -1 # ID=10785_7;partial=00;start_type=ATG;rbs_motif=GGA/GAG/AGG;rbs_spacer=5-10bp;gc_cont=0.515	k141_14648	5906	8350	-	Loose	1500	817.4	Bartonella bacilliformis gyrB conferring resistance to aminocoumarin	52.68	3003302	protein variant model	T214I	V423F:3268, I139R:3268	aminocoumarin antibiotic	antibiotic target alteration	aminocoumarin resistant gyrB	100.62	gnl|BL_ORD_ID|1963|hsp_num:0	1360			9	2427	novobiocin; clorobiocin; coumermycin A1	
k141_22900_1 # 1 # 804 # 1 # ID=10802_1;partial=10;start_type=Edge;rbs_motif=None;rbs_spacer=None;gc_cont=0.642	k141_22900	1	804	+	Loose	450	206.5	Escherichia coli fabI mutations conferring resistance to isoniazid and triclosan	41.3	3004045	protein variant model	G93A	V78A:1574	disinfecting agents and antiseptics; isoniazid-like antibiotic	antibiotic target alteration	antibiotic resistant fabI	101.91	gnl|BL_ORD_ID|4713|hsp_num:0	2666			9	750	triclosan	
k141_30643_2 # 483 # 2849 # 1 # ID=10954_2;partial=00;start_type=ATG;rbs_motif=None;rbs_spacer=None;gc_cont=0.367	k141_30643	483	2849	+	Loose	1300	182.2	Helicobacter pylori pbp1 mutants conferring resistance to amoxicillin	24.64	3007060	protein variant model	I450V	n/a	cephalosporin; cephamycin; penam	antibiotic target alteration	Penicillin-binding protein mutations conferring resistance to beta-lactam antibiotics	119.58	gnl|BL_ORD_ID|4763|hsp_num:0	5758			3	1827	amoxicillin	
k141_62551_1 # 1 # 1491 # 1 # ID=10961_1;partial=10;start_type=Edge;rbs_motif=None;rbs_spacer=None;gc_cont=0.723	k141_62551	1	1491	+	Loose	1400	479.9	Mycobacterium tuberculosis katG mutations conferring resistance to isoniazid	51.91	3003392	protein variant model	A431V, G300W, V473I	n/a	isoniazid-like antibiotic	antibiotic target alteration	isoniazid resistant katG	67.03	gnl|BL_ORD_ID|1956|hsp_num:0	1176			732	2217	isoniazid	
k141_38723_2 # 443 # 1294 # -1 # ID=10977_2;partial=00;start_type=ATG;rbs_motif=None;rbs_spacer=None;gc_cont=0.588	k141_38723	443	1294	-	Loose	1300	74.3	Helicobacter pylori pbp1 mutants conferring resistance to amoxicillin	33.09	3007060	protein variant model	A201V	n/a	cephalosporin; cephamycin; penam	antibiotic target alteration	Penicillin-binding protein mutations conferring resistance to beta-lactam antibiotics	42.94	gnl|BL_ORD_ID|4763|hsp_num:0	5758			282	687	amoxicillin	
k141_23069_3 # 1131 # 1610 # 1 # ID=11035_3;partial=01;start_type=ATG;rbs_motif=GGAG/GAGG;rbs_spacer=5-10bp;gc_cont=0.665	k141_23069	1131	1610	+	Loose	1300	47.4	Helicobacter pylori pbp1 mutants conferring resistance to amoxicillin	34.09	3007060	protein variant model	N107R	n/a	cephalosporin; cephamycin; penam	antibiotic target alteration	Penicillin-binding protein mutations conferring resistance to beta-lactam antibiotics	24.28	gnl|BL_ORD_ID|4763|hsp_num:0	5758			240	453	amoxicillin	
k141_30710_2 # 790 # 1473 # 1 # ID=11055_2;partial=01;start_type=ATG;rbs_motif=None;rbs_spacer=None;gc_cont=0.630	k141_30710	790	1473	+	Loose	1400	314.3	Helicobacter pylori gyrA conferring resistance to fluoroquinolones	63.23	3007052	protein variant model	V172I	P116A:2550	fluoroquinolone antibiotic	antibiotic target alteration	fluoroquinolone resistant gyrA	27.57	gnl|BL_ORD_ID|4758|hsp_num:0	5752			27	696	levofloxacin	
k141_62676_3 # 881 # 1378 # 1 # ID=11132_3;partial=01;start_type=ATG;rbs_motif=AATAA;rbs_spacer=14bp;gc_cont=0.376	k141_62676	881	1378	+	Loose	1400	223.0	Helicobacter pylori gyrA conferring resistance to fluoroquinolones	63.19	3007052	protein variant model	N87K	n/a	fluoroquinolone antibiotic	antibiotic target alteration	fluoroquinolone resistant gyrA	20.07	gnl|BL_ORD_ID|4758|hsp_num:0	5752			21	510	levofloxacin	
k141_62753_1 # 3 # 1145 # -1 # ID=11244_1;partial=10;start_type=ATG;rbs_motif=None;rbs_spacer=None;gc_cont=0.351	k141_62753	3	1145	-	Loose	1500	462.2	Acinetobacter baumannii gyrA conferring resistance to fluoroquinolones	60.86	3003817	protein variant model	S81L	S83L:1545, S84L:1166, S101L:2462, S83L:2104	fluoroquinolone antibiotic	antibiotic target alteration	fluoroquinolone resistant gyrA	42.15	gnl|BL_ORD_ID|2088|hsp_num:0	2314			21	1140	enoxacin; ciprofloxacin; levofloxacin; moxifloxacin; gatifloxacin; lomefloxacin; nalidixic acid; norfloxacin; ofloxacin; trovafloxacin; grepafloxacin; sparfloxacin; pefloxacin	
k141_7075_1 # 2 # 1420 # 1 # ID=11346_1;partial=11;start_type=Edge;rbs_motif=None;rbs_spacer=None;gc_cont=0.624	k141_7075	2	1420	+	Loose	1000	458.4	Clostridioides difficile gyrB conferring resistance to fluoroquinolones	51.62	3004562	protein variant model	I139R	T539N:2109	fluoroquinolone antibiotic	antibiotic target alteration	fluoroquinolone resistant gyrB	74.25	gnl|BL_ORD_ID|4724|hsp_num:0	3268			138	1446	ciprofloxacin; levofloxacin; moxifloxacin; gemifloxacin	
k141_62839_2 # 226 # 1104 # 1 # ID=11367_2;partial=01;start_type=ATG;rbs_motif=TAA;rbs_spacer=3bp;gc_cont=0.379	k141_62839	226	1104	+	Loose	1000	313.5	Clostridioides difficile gyrB conferring resistance to fluoroquinolones	54.24	3004562	protein variant model	I139R	V340L:2109	fluoroquinolone antibiotic	antibiotic target alteration	fluoroquinolone resistant gyrB	46.00	gnl|BL_ORD_ID|4724|hsp_num:0	3268			3	870	ciprofloxacin; levofloxacin; moxifloxacin; gemifloxacin	
k141_23382_2 # 1572 # 3002 # 1 # ID=11449_2;partial=00;start_type=GTG;rbs_motif=GGAGG;rbs_spacer=5-10bp;gc_cont=0.672	k141_23382	1572	3002	+	Loose	900	212.2	Staphylococcus aureus cls conferring resistance to daptomycin	28.35	3003074	protein variant model	F60S	H215R:2272, H215R:1175	peptide antibiotic	antibiotic target alteration	daptomycin resistant cls	96.36	gnl|BL_ORD_ID|1959|hsp_num:0	1301			114	1482	daptomycin	
k141_46478_1 # 3 # 1124 # -1 # ID=11528_1;partial=11;start_type=Edge;rbs_motif=None;rbs_spacer=None;gc_cont=0.688	k141_46478	3	1124	-	Loose	1400	513.8	Mycobacterium tuberculosis katG mutations conferring resistance to isoniazid	66.22	3003392	protein variant model	A234G, A379T, A431V, G300W, S140N	n/a	isoniazid-like antibiotic	antibiotic target alteration	isoniazid resistant katG	50.54	gnl|BL_ORD_ID|1956|hsp_num:0	1176			213	1308	isoniazid	
k141_23507_2 # 878 # 1465 # 1 # ID=11649_2;partial=01;start_type=ATG;rbs_motif=None;rbs_spacer=None;gc_cont=0.707	k141_23507	878	1465	+	Loose	900	48.1	Enterococcus faecalis cls with mutation conferring resistance to daptomycin	28.12	3003760	protein variant model	H215R	H215R:1175	peptide antibiotic	antibiotic target alteration	daptomycin resistant cls	40.75	gnl|BL_ORD_ID|4698|hsp_num:0	2272			339	717	daptomycin	
k141_39310_1 # 1 # 1065 # -1 # ID=11783_1;partial=11;start_type=Edge;rbs_motif=None;rbs_spacer=None;gc_cont=0.465	k141_39310	1	1065	-	Loose	1300	130.6	Helicobacter pylori pbp1 mutants conferring resistance to amoxicillin	29.97	3007060	protein variant model	A201V, V374L	n/a	cephalosporin; cephamycin; penam	antibiotic target alteration	Penicillin-binding protein mutations conferring resistance to beta-lactam antibiotics	53.87	gnl|BL_ORD_ID|4763|hsp_num:0	5758			192	1212	amoxicillin	
k141_31224_2 # 481 # 1596 # -1 # ID=11901_2;partial=01;start_type=Edge;rbs_motif=None;rbs_spacer=None;gc_cont=0.735	k141_31224	481	1596	-	Loose	900	140.2	Enterococcus faecium cls conferring resistance to daptomycin	27.62	3003092	protein variant model	H215R	H215R:2272	peptide antibiotic	antibiotic target alteration	daptomycin resistant cls	76.81	gnl|BL_ORD_ID|1951|hsp_num:0	1175			378	1392	daptomycin	
k141_23688_2 # 981 # 3305 # 1 # ID=11924_2;partial=01;start_type=ATG;rbs_motif=AGGA;rbs_spacer=5-10bp;gc_cont=0.566	k141_23688	981	3305	+	Loose	1700	1226.5	Burkholderia dolosa gyrA conferring resistance to fluoroquinolones	78.23	3004860	protein variant model	D87H	D87H:1545, C245T:2550, P116A:2550, D91H:5752, V172I:5752, D86H:660	fluoroquinolone antibiotic	antibiotic target alteration	fluoroquinolone resistant gyrA	89.39	gnl|BL_ORD_ID|2613|hsp_num:0	3656			0	2331	ciprofloxacin	
k141_46746_1 # 1 # 1533 # -1 # ID=11926_1;partial=10;start_type=ATG;rbs_motif=GGA/GAG/AGG;rbs_spacer=5-10bp;gc_cont=0.587	k141_46746	1	1533	-	Loose	1300	150.2	Helicobacter pylori pbp1 mutants conferring resistance to amoxicillin	33.58	3007060	protein variant model	V250I	n/a	cephalosporin; cephamycin; penam	antibiotic target alteration	Penicillin-binding protein mutations conferring resistance to beta-lactam antibiotics	77.54	gnl|BL_ORD_ID|4763|hsp_num:0	5758			99	909	amoxicillin	
k141_46754_2 # 338 # 1408 # -1 # ID=11940_2;partial=01;start_type=Edge;rbs_motif=None;rbs_spacer=None;gc_cont=0.315	k141_46754	338	1408	-	Loose	1400	88.2	Neisseria gonorrhoeae pilQ gene conferring resistance to beta-lactam	30.0	3004835	protein variant model	E666K	n/a	cephalosporin; cephamycin; penam	antibiotic target alteration	Penicillin-binding protein mutations conferring resistance to beta-lactam antibiotics	48.70	gnl|BL_ORD_ID|2633|hsp_num:0	3631			1674	2154	ceftriaxone	
k141_7491_3 # 824 # 1498 # 1 # ID=11997_3;partial=00;start_type=ATG;rbs_motif=AGGAG/GGAGG;rbs_spacer=11-12bp;gc_cont=0.430	k141_7491	824	1498	+	Loose	1300	98.6	Helicobacter pylori pbp1 mutants conferring resistance to amoxicillin	34.39	3007060	protein variant model	N107R	n/a	cephalosporin; cephamycin; penam	antibiotic target alteration	Penicillin-binding protein mutations conferring resistance to beta-lactam antibiotics	33.99	gnl|BL_ORD_ID|4763|hsp_num:0	5758			210	681	amoxicillin	
k141_31332_2 # 324 # 1103 # 1 # ID=12038_2;partial=01;start_type=ATG;rbs_motif=GGA/GAG/AGG;rbs_spacer=5-10bp;gc_cont=0.628	k141_31332	324	1103	+	Loose	1000	233.8	Clostridioides difficile gyrB conferring resistance to fluoroquinolones	54.42	3004562	protein variant model	I139R	n/a	fluoroquinolone antibiotic	antibiotic target alteration	fluoroquinolone resistant gyrB	40.82	gnl|BL_ORD_ID|4724|hsp_num:0	3268			18	642	ciprofloxacin; levofloxacin; moxifloxacin; gemifloxacin	
k141_46845_3 # 2147 # 2461 # -1 # ID=12043_3;partial=01;start_type=Edge;rbs_motif=None;rbs_spacer=None;gc_cont=0.648	k141_46845	2147	2461	-	Loose	750	66.6	Mycobacterium tuberculosis kasA mutant conferring resistance to isoniazid	34.65	3003463	protein variant model	F413L	n/a	isoniazid-like antibiotic	antibiotic target alteration	antibiotic resistant kasA	25.00	gnl|BL_ORD_ID|1969|hsp_num:0	1943			948	1248	isoniazid	
k141_15454_5 # 4431 # 5972 # -1 # ID=12081_5;partial=00;start_type=ATG;rbs_motif=GGA/GAG/AGG;rbs_spacer=5-10bp;gc_cont=0.495	k141_15454	4431	5972	-	Loose	900	50.1	Enterococcus faecium cls conferring resistance to daptomycin	25.64	3003092	protein variant model	H215R	n/a	peptide antibiotic	antibiotic target alteration	daptomycin resistant cls	106.21	gnl|BL_ORD_ID|1951|hsp_num:0	1175			405	717	daptomycin	
k141_7650_3 # 1394 # 2386 # 1 # ID=12125_3;partial=01;start_type=ATG;rbs_motif=None;rbs_spacer=None;gc_cont=0.682	k141_7650	1394	2386	+	Loose	900	64.3	Enterococcus faecium cls conferring resistance to daptomycin	22.26	3003092	protein variant model	H215R	H215R:2272	peptide antibiotic	antibiotic target alteration	daptomycin resistant cls	68.53	gnl|BL_ORD_ID|1951|hsp_num:0	1175			339	1221	daptomycin	
k141_47150_3 # 1841 # 2488 # 1 # ID=12307_3;partial=00;start_type=ATG;rbs_motif=TAAAA;rbs_spacer=3bp;gc_cont=0.336	k141_47150	1841	2488	+	Loose	1300	95.9	Helicobacter pylori pbp1 mutants conferring resistance to amoxicillin	37.75	3007060	protein variant model	A201V	n/a	cephalosporin; cephamycin; penam	antibiotic target alteration	Penicillin-binding protein mutations conferring resistance to beta-lactam antibiotics	32.63	gnl|BL_ORD_ID|4763|hsp_num:0	5758			180	633	amoxicillin	
k141_47207_1 # 2 # 1609 # -1 # ID=12332_1;partial=11;start_type=Edge;rbs_motif=None;rbs_spacer=None;gc_cont=0.463	k141_47207	2	1609	-	Loose	3000	570.9	Helicobacter pylori rpoB mutation conferring resistance to rifampicin	53.17	3007051	protein variant model	Q2079K	n/a	fluoroquinolone antibiotic; rifamycin antibiotic	antibiotic target alteration; antibiotic target replacement	rifamycin-resistant beta-subunit of RNA polymerase (rpoB)	18.55	gnl|BL_ORD_ID|4768|hsp_num:0	5750			5151	6687	levofloxacin; rifampin	
k141_47331_1 # 3 # 752 # -1 # ID=12362_1;partial=10;start_type=ATG;rbs_motif=None;rbs_spacer=None;gc_cont=0.376	k141_47331	3	752	-	Loose	450	109.4	Escherichia coli fabI mutations conferring resistance to isoniazid and triclosan	27.89	3004045	protein variant model	G93A	I194T:1574	disinfecting agents and antiseptics; isoniazid-like antibiotic	antibiotic target alteration	antibiotic resistant fabI	95.42	gnl|BL_ORD_ID|4713|hsp_num:0	2666			3	747	triclosan	
k141_47394_1 # 1 # 1167 # 1 # ID=12373_1;partial=10;start_type=Edge;rbs_motif=None;rbs_spacer=None;gc_cont=0.603	k141_47394	1	1167	+	Loose	1000	245.0	Clostridioides difficile gyrB conferring resistance to fluoroquinolones	37.7	3004562	protein variant model	V423F, S464T	n/a	fluoroquinolone antibiotic	antibiotic target alteration	fluoroquinolone resistant gyrB	60.91	gnl|BL_ORD_ID|4724|hsp_num:0	3268			807	1911	ciprofloxacin; levofloxacin; moxifloxacin; gemifloxacin	
k141_15_2 # 942 # 1541 # -1 # ID=17_2;partial=00;start_type=ATG;rbs_motif=GGA/GAG/AGG;rbs_spacer=5-10bp;gc_cont=0.392	k141_15	942	1541	-	Loose	375	38.5	nalD	20.81	3000819	protein overexpression model	n/a	n/a	macrolide antibiotic; fluoroquinolone antibiotic; monobactam; carbapenem; cephalosporin; cephamycin; penam; tetracycline antibiotic; peptide antibiotic; aminocoumarin antibiotic; diaminopyrimidine antibiotic; sulfonamide antibiotic; phenicol antibiotic; penem	antibiotic efflux	resistance-nodulation-cell division (RND) antibiotic efflux pump	93.87	gnl|BL_ORD_ID|2336|hsp_num:0	1213			24	456	erythromycin; ciprofloxacin; tetracycline; ceftazidime; ceftriaxone; meropenem; novobiocin; azithromycin; trimethoprim; sulfamethoxazole; chloramphenicol; aztreonam; colistin A; colistin B; ampicillin; nalidixic acid; panipenem; ticarcillin; trimethoprim-sulfamethoxazole	
k141_15993_2 # 315 # 1256 # -1 # ID=253_2;partial=01;start_type=Edge;rbs_motif=None;rbs_spacer=None;gc_cont=0.633	k141_15993	315	1256	-	Loose	660	111.3	MexS	28.35	3000813	protein overexpression model	n/a	n/a	fluoroquinolone antibiotic; diaminopyrimidine antibiotic; phenicol antibiotic	antibiotic efflux	resistance-nodulation-cell division (RND) antibiotic efflux pump	92.33	gnl|BL_ORD_ID|1040|hsp_num:0	1041			63	1005	ciprofloxacin; trimethoprim; chloramphenicol	
k141_16254_1 # 1 # 585 # -1 # ID=684_1;partial=10;start_type=ATG;rbs_motif=None;rbs_spacer=None;gc_cont=0.499	k141_16254	1	585	-	Loose	375	42.4	Escherichia coli AcrAB-TolC with AcrR mutation conferring resistance to ciprofloxacin, tetracycline, and ceftazidime	22.75	3003807	protein overexpression model	n/a	n/a	fluoroquinolone antibiotic; cephalosporin; glycylcycline; penam; tetracycline antibiotic; rifamycin antibiotic; phenicol antibiotic; disinfecting agents and antiseptics	antibiotic target alteration; antibiotic efflux	resistance-nodulation-cell division (RND) antibiotic efflux pump	90.70	gnl|BL_ORD_ID|2091|hsp_num:0	2306			33	477	tigecycline; ciprofloxacin; tetracycline; ceftazidime; rifampin; chloramphenicol; ampicillin; cefalotin; triclosan	
k141_48163_1 # 107 # 757 # 1 # ID=1107_1;partial=00;start_type=ATG;rbs_motif=GGA/GAG/AGG;rbs_spacer=5-10bp;gc_cont=0.413	k141_48163	107	757	+	Loose	375	40.0	nalD	27.97	3000819	protein overexpression model	n/a	n/a	macrolide antibiotic; fluoroquinolone antibiotic; monobactam; carbapenem; cephalosporin; cephamycin; penam; tetracycline antibiotic; peptide antibiotic; aminocoumarin antibiotic; diaminopyrimidine antibiotic; sulfonamide antibiotic; phenicol antibiotic; penem	antibiotic efflux	resistance-nodulation-cell division (RND) antibiotic efflux pump	101.89	gnl|BL_ORD_ID|2336|hsp_num:0	1213			15	423	erythromycin; ciprofloxacin; tetracycline; ceftazidime; ceftriaxone; meropenem; novobiocin; azithromycin; trimethoprim; sulfamethoxazole; chloramphenicol; aztreonam; colistin A; colistin B; ampicillin; nalidixic acid; panipenem; ticarcillin; trimethoprim-sulfamethoxazole	
k141_24505_2 # 921 # 1418 # -1 # ID=1258_2;partial=00;start_type=ATG;rbs_motif=None;rbs_spacer=None;gc_cont=0.669	k141_24505	921	1418	-	Loose	270	43.5	MexR	29.63	3000506	protein overexpression model	n/a	n/a	macrolide antibiotic; fluoroquinolone antibiotic; monobactam; carbapenem; cephalosporin; cephamycin; penam; tetracycline antibiotic; peptide antibiotic; aminocoumarin antibiotic; diaminopyrimidine antibiotic; sulfonamide antibiotic; phenicol antibiotic; penem	antibiotic target alteration; antibiotic efflux	resistance-nodulation-cell division (RND) antibiotic efflux pump	112.24	gnl|BL_ORD_ID|2334|hsp_num:0	1474			99	411	erythromycin; ciprofloxacin; tetracycline; ceftazidime; ceftriaxone; meropenem; novobiocin; azithromycin; trimethoprim; sulfamethoxazole; chloramphenicol; aztreonam; colistin A; colistin B; ampicillin; panipenem; trimethoprim-sulfamethoxazole	
k141_32839_2 # 216 # 701 # 1 # ID=1942_2;partial=00;start_type=ATG;rbs_motif=GGA/GAG/AGG;rbs_spacer=5-10bp;gc_cont=0.654	k141_32839	216	701	+	Loose	210	43.1	Escherichia coli AcrAB-TolC with MarR mutations conferring resistance to ciprofloxacin and tetracycline	29.55	3003378	protein overexpression model	n/a	n/a	fluoroquinolone antibiotic; cephalosporin; glycylcycline; penam; tetracycline antibiotic; rifamycin antibiotic; phenicol antibiotic; disinfecting agents and antiseptics	antibiotic target alteration; antibiotic efflux	resistance-nodulation-cell division (RND) antibiotic efflux pump	111.81	gnl|BL_ORD_ID|1985|hsp_num:0	431			45	426	tigecycline; ciprofloxacin; tetracycline; rifampin; chloramphenicol; ampicillin; cefalotin; triclosan	
k141_40852_1 # 3 # 692 # -1 # ID=2117_1;partial=10;start_type=ATG;rbs_motif=GGA/GAG/AGG;rbs_spacer=5-10bp;gc_cont=0.690	k141_40852	3	692	-	Loose	210	40.8	Escherichia coli AcrAB-TolC with MarR mutations conferring resistance to ciprofloxacin and tetracycline	33.33	3003378	protein overexpression model	n/a	n/a	fluoroquinolone antibiotic; cephalosporin; glycylcycline; penam; tetracycline antibiotic; rifamycin antibiotic; phenicol antibiotic; disinfecting agents and antiseptics	antibiotic target alteration; antibiotic efflux	resistance-nodulation-cell division (RND) antibiotic efflux pump	159.72	gnl|BL_ORD_ID|1985|hsp_num:0	431			81	339	tigecycline; ciprofloxacin; tetracycline; rifampin; chloramphenicol; ampicillin; cefalotin; triclosan	
k141_17437_2 # 190 # 1182 # 1 # ID=2568_2;partial=00;start_type=ATG;rbs_motif=None;rbs_spacer=None;gc_cont=0.630	k141_17437	190	1182	+	Loose	660	114.4	MexS	28.45	3000813	protein overexpression model	n/a	n/a	fluoroquinolone antibiotic; diaminopyrimidine antibiotic; phenicol antibiotic	antibiotic efflux	resistance-nodulation-cell division (RND) antibiotic efflux pump	97.35	gnl|BL_ORD_ID|1040|hsp_num:0	1041			6	1005	ciprofloxacin; trimethoprim; chloramphenicol	
k141_49143_2 # 941 # 1261 # 1 # ID=2662_2;partial=01;start_type=ATG;rbs_motif=GGAG/GAGG;rbs_spacer=5-10bp;gc_cont=0.480	k141_49143	941	1261	+	Loose	375	37.7	nalD	27.78	3000819	protein overexpression model	n/a	n/a	macrolide antibiotic; fluoroquinolone antibiotic; monobactam; carbapenem; cephalosporin; cephamycin; penam; tetracycline antibiotic; peptide antibiotic; aminocoumarin antibiotic; diaminopyrimidine antibiotic; sulfonamide antibiotic; phenicol antibiotic; penem	antibiotic efflux	resistance-nodulation-cell division (RND) antibiotic efflux pump	50.47	gnl|BL_ORD_ID|2336|hsp_num:0	1213			30	246	erythromycin; ciprofloxacin; tetracycline; ceftazidime; ceftriaxone; meropenem; novobiocin; azithromycin; trimethoprim; sulfamethoxazole; chloramphenicol; aztreonam; colistin A; colistin B; ampicillin; nalidixic acid; panipenem; ticarcillin; trimethoprim-sulfamethoxazole	
k141_17947_1 # 3 # 269 # -1 # ID=3323_1;partial=10;start_type=ATG;rbs_motif=None;rbs_spacer=None;gc_cont=0.569	k141_17947	3	269	-	Loose	375	40.0	Escherichia coli AcrAB-TolC with AcrR mutation conferring resistance to ciprofloxacin, tetracycline, and ceftazidime	27.14	3003807	protein overexpression model	n/a	n/a	fluoroquinolone antibiotic; cephalosporin; glycylcycline; penam; tetracycline antibiotic; rifamycin antibiotic; phenicol antibiotic; disinfecting agents and antiseptics	antibiotic target alteration; antibiotic efflux	resistance-nodulation-cell division (RND) antibiotic efflux pump	41.40	gnl|BL_ORD_ID|2091|hsp_num:0	2306			0	210	tigecycline; ciprofloxacin; tetracycline; ceftazidime; rifampin; chloramphenicol; ampicillin; cefalotin; triclosan	
k141_18159_1 # 1 # 534 # -1 # ID=3684_1;partial=10;start_type=ATG;rbs_motif=GGA/GAG/AGG;rbs_spacer=5-10bp;gc_cont=0.506	k141_18159	1	534	-	Loose	375	43.5	Escherichia coli AcrAB-TolC with AcrR mutation conferring resistance to ciprofloxacin, tetracycline, and ceftazidime	24.34	3003807	protein overexpression model	n/a	n/a	fluoroquinolone antibiotic; cephalosporin; glycylcycline; penam; tetracycline antibiotic; rifamycin antibiotic; phenicol antibiotic; disinfecting agents and antiseptics	antibiotic target alteration; antibiotic efflux	resistance-nodulation-cell division (RND) antibiotic efflux pump	82.79	gnl|BL_ORD_ID|2091|hsp_num:0	2306			33	477	tigecycline; ciprofloxacin; tetracycline; ceftazidime; rifampin; chloramphenicol; ampicillin; cefalotin; triclosan	
k141_57930_2 # 834 # 1094 # -1 # ID=4047_2;partial=01;start_type=Edge;rbs_motif=None;rbs_spacer=None;gc_cont=0.713	k141_57930	834	1094	-	Loose	210	39.3	Escherichia coli AcrAB-TolC with MarR mutations conferring resistance to ciprofloxacin and tetracycline	35.71	3003378	protein overexpression model	n/a	n/a	fluoroquinolone antibiotic; cephalosporin; glycylcycline; penam; tetracycline antibiotic; rifamycin antibiotic; phenicol antibiotic; disinfecting agents and antiseptics	antibiotic target alteration; antibiotic efflux	resistance-nodulation-cell division (RND) antibiotic efflux pump	59.72	gnl|BL_ORD_ID|1985|hsp_num:0	431			219	429	tigecycline; ciprofloxacin; tetracycline; rifampin; chloramphenicol; ampicillin; cefalotin; triclosan	
k141_10594_1 # 75 # 1085 # 1 # ID=4205_1;partial=00;start_type=ATG;rbs_motif=AGGA;rbs_spacer=5-10bp;gc_cont=0.689	k141_10594	75	1085	+	Loose	660	89.0	MexS	33.98	3000813	protein overexpression model	n/a	n/a	fluoroquinolone antibiotic; diaminopyrimidine antibiotic; phenicol antibiotic	antibiotic efflux	resistance-nodulation-cell division (RND) antibiotic efflux pump	99.12	gnl|BL_ORD_ID|1040|hsp_num:0	1041			60	675	ciprofloxacin; trimethoprim; chloramphenicol	
k141_34527_1 # 1 # 699 # 1 # ID=4672_1;partial=10;start_type=Edge;rbs_motif=None;rbs_spacer=None;gc_cont=0.702	k141_34527	1	699	+	Loose	500	58.2	MexT	27.14	3000814	protein overexpression model	n/a	n/a	fluoroquinolone antibiotic; diaminopyrimidine antibiotic; phenicol antibiotic	antibiotic efflux	resistance-nodulation-cell division (RND) antibiotic efflux pump	66.86	gnl|BL_ORD_ID|1485|hsp_num:0	1608			390	1011	ciprofloxacin; trimethoprim; chloramphenicol	
k141_58839_2 # 1124 # 2098 # 1 # ID=5498_2;partial=00;start_type=ATG;rbs_motif=GGAG/GAGG;rbs_spacer=5-10bp;gc_cont=0.647	k141_58839	1124	2098	+	Loose	660	137.1	MexS	32.3	3000813	protein overexpression model	n/a	n/a	fluoroquinolone antibiotic; diaminopyrimidine antibiotic; phenicol antibiotic	antibiotic efflux	resistance-nodulation-cell division (RND) antibiotic efflux pump	95.58	gnl|BL_ORD_ID|1040|hsp_num:0	1041			39	1005	ciprofloxacin; trimethoprim; chloramphenicol	
k141_3583_2 # 456 # 947 # 1 # ID=5787_2;partial=00;start_type=ATG;rbs_motif=None;rbs_spacer=None;gc_cont=0.713	k141_3583	456	947	+	Loose	210	39.3	Escherichia coli AcrAB-TolC with MarR mutations conferring resistance to ciprofloxacin and tetracycline	32.39	3003378	protein overexpression model	n/a	n/a	fluoroquinolone antibiotic; cephalosporin; glycylcycline; penam; tetracycline antibiotic; rifamycin antibiotic; phenicol antibiotic; disinfecting agents and antiseptics	antibiotic target alteration; antibiotic efflux	resistance-nodulation-cell division (RND) antibiotic efflux pump	113.19	gnl|BL_ORD_ID|1985|hsp_num:0	431			108	321	tigecycline; ciprofloxacin; tetracycline; rifampin; chloramphenicol; ampicillin; cefalotin; triclosan	
k141_59142_1 # 2 # 463 # -1 # ID=5988_1;partial=10;start_type=ATG;rbs_motif=AGGAG;rbs_spacer=5-10bp;gc_cont=0.667	k141_59142	2	463	-	Loose	660	75.1	MexS	36.62	3000813	protein overexpression model	n/a	n/a	fluoroquinolone antibiotic; diaminopyrimidine antibiotic; phenicol antibiotic	antibiotic efflux	resistance-nodulation-cell division (RND) antibiotic efflux pump	45.43	gnl|BL_ORD_ID|1040|hsp_num:0	1041			39	465	ciprofloxacin; trimethoprim; chloramphenicol	
k141_12337_1 # 3 # 623 # 1 # ID=7078_1;partial=10;start_type=Edge;rbs_motif=None;rbs_spacer=None;gc_cont=0.581	k141_12337	3	623	+	Loose	660	81.3	MexS	28.43	3000813	protein overexpression model	n/a	n/a	fluoroquinolone antibiotic; diaminopyrimidine antibiotic; phenicol antibiotic	antibiotic efflux	resistance-nodulation-cell division (RND) antibiotic efflux pump	60.77	gnl|BL_ORD_ID|1040|hsp_num:0	1041			414	1005	ciprofloxacin; trimethoprim; chloramphenicol	
k141_4644_2 # 1003 # 1560 # 1 # ID=7480_2;partial=00;start_type=ATG;rbs_motif=AGGAG;rbs_spacer=5-10bp;gc_cont=0.475	k141_4644	1003	1560	+	Loose	375	43.9	Escherichia coli AcrAB-TolC with AcrR mutation conferring resistance to ciprofloxacin, tetracycline, and ceftazidime	32.79	3003807	protein overexpression model	n/a	n/a	fluoroquinolone antibiotic; cephalosporin; glycylcycline; penam; tetracycline antibiotic; rifamycin antibiotic; phenicol antibiotic; disinfecting agents and antiseptics	antibiotic target alteration; antibiotic efflux	resistance-nodulation-cell division (RND) antibiotic efflux pump	86.05	gnl|BL_ORD_ID|2091|hsp_num:0	2306			9	192	tigecycline; ciprofloxacin; tetracycline; ceftazidime; rifampin; chloramphenicol; ampicillin; cefalotin; triclosan	
k141_28455_3 # 1586 # 2593 # -1 # ID=7680_3;partial=00;start_type=ATG;rbs_motif=GGAGG;rbs_spacer=3-4bp;gc_cont=0.564	k141_28455	1586	2593	-	Loose	660	124.8	MexS	34.3	3000813	protein overexpression model	n/a	n/a	fluoroquinolone antibiotic; diaminopyrimidine antibiotic; phenicol antibiotic	antibiotic efflux	resistance-nodulation-cell division (RND) antibiotic efflux pump	98.82	gnl|BL_ORD_ID|1040|hsp_num:0	1041			30	1017	ciprofloxacin; trimethoprim; chloramphenicol	
k141_36601_2 # 315 # 905 # -1 # ID=7826_2;partial=00;start_type=ATG;rbs_motif=None;rbs_spacer=None;gc_cont=0.545	k141_36601	315	905	-	Loose	375	50.4	Escherichia coli AcrAB-TolC with AcrR mutation conferring resistance to ciprofloxacin, tetracycline, and ceftazidime	24.38	3003807	protein overexpression model	n/a	n/a	fluoroquinolone antibiotic; cephalosporin; glycylcycline; penam; tetracycline antibiotic; rifamycin antibiotic; phenicol antibiotic; disinfecting agents and antiseptics	antibiotic target alteration; antibiotic efflux	resistance-nodulation-cell division (RND) antibiotic efflux pump	91.16	gnl|BL_ORD_ID|2091|hsp_num:0	2306			15	483	tigecycline; ciprofloxacin; tetracycline; ceftazidime; rifampin; chloramphenicol; ampicillin; cefalotin; triclosan	
k141_5007_1 # 3 # 470 # 1 # ID=8069_1;partial=10;start_type=Edge;rbs_motif=None;rbs_spacer=None;gc_cont=0.440	k141_5007	3	470	+	Loose	200	39.3	Escherichia coli soxS with mutation conferring antibiotic resistance	31.0	3003511	protein overexpression model	n/a	n/a	fluoroquinolone antibiotic; monobactam; carbapenem; cephalosporin; glycylcycline; cephamycin; penam; tetracycline antibiotic; rifamycin antibiotic; phenicol antibiotic; penem; disinfecting agents and antiseptics	antibiotic target alteration; antibiotic efflux; reduced permeability to antibiotic	ATP-binding cassette (ABC) antibiotic efflux pump; major facilitator superfamily (MFS) antibiotic efflux pump; resistance-nodulation-cell division (RND) antibiotic efflux pump; General Bacterial Porin with reduced permeability to beta-lactams	144.86	gnl|BL_ORD_ID|1976|hsp_num:0	2066			18	312	tigecycline; ciprofloxacin; tetracycline; rifampin; chloramphenicol; ampicillin; norfloxacin; cefalotin; triclosan; enrofloxacin	
k141_28731_3 # 1306 # 2289 # 1 # ID=8094_3;partial=00;start_type=ATG;rbs_motif=AGGAG;rbs_spacer=5-10bp;gc_cont=0.650	k141_28731	1306	2289	+	Loose	660	104.0	MexS	26.84	3000813	protein overexpression model	n/a	n/a	fluoroquinolone antibiotic; diaminopyrimidine antibiotic; phenicol antibiotic	antibiotic efflux	resistance-nodulation-cell division (RND) antibiotic efflux pump	96.46	gnl|BL_ORD_ID|1040|hsp_num:0	1041			0	1005	ciprofloxacin; trimethoprim; chloramphenicol	
k141_21093_2 # 516 # 1523 # 1 # ID=8308_2;partial=00;start_type=ATG;rbs_motif=AGGAGG;rbs_spacer=3-4bp;gc_cont=0.541	k141_21093	516	1523	+	Loose	660	127.9	MexS	34.02	3000813	protein overexpression model	n/a	n/a	fluoroquinolone antibiotic; diaminopyrimidine antibiotic; phenicol antibiotic	antibiotic efflux	resistance-nodulation-cell division (RND) antibiotic efflux pump	98.82	gnl|BL_ORD_ID|1040|hsp_num:0	1041			30	1005	ciprofloxacin; trimethoprim; chloramphenicol	
k141_29239_1 # 2 # 280 # -1 # ID=8838_1;partial=10;start_type=ATG;rbs_motif=GGA/GAG/AGG;rbs_spacer=5-10bp;gc_cont=0.656	k141_29239	2	280	-	Loose	660	40.0	MexS	42.55	3000813	protein overexpression model	n/a	n/a	fluoroquinolone antibiotic; diaminopyrimidine antibiotic; phenicol antibiotic	antibiotic efflux	resistance-nodulation-cell division (RND) antibiotic efflux pump	27.43	gnl|BL_ORD_ID|1040|hsp_num:0	1041			6	147	ciprofloxacin; trimethoprim; chloramphenicol	
k141_37332_1 # 1 # 369 # 1 # ID=8965_1;partial=10;start_type=Edge;rbs_motif=None;rbs_spacer=None;gc_cont=0.382	k141_37332	1	369	+	Loose	660	41.6	MexS	36.96	3000813	protein overexpression model	n/a	n/a	fluoroquinolone antibiotic; diaminopyrimidine antibiotic; phenicol antibiotic	antibiotic efflux	resistance-nodulation-cell division (RND) antibiotic efflux pump	35.99	gnl|BL_ORD_ID|1040|hsp_num:0	1041			873	1011	ciprofloxacin; trimethoprim; chloramphenicol	
k141_30079_1 # 2 # 721 # 1 # ID=10057_1;partial=10;start_type=Edge;rbs_motif=None;rbs_spacer=None;gc_cont=0.733	k141_30079	2	721	+	Loose	500	58.2	MexT	26.19	3000814	protein overexpression model	n/a	n/a	fluoroquinolone antibiotic; diaminopyrimidine antibiotic; phenicol antibiotic	antibiotic efflux	resistance-nodulation-cell division (RND) antibiotic efflux pump	68.88	gnl|BL_ORD_ID|1485|hsp_num:0	1608			405	1011	ciprofloxacin; trimethoprim; chloramphenicol	
k141_45712_1 # 76 # 1125 # 1 # ID=10188_1;partial=00;start_type=ATG;rbs_motif=AGGAG;rbs_spacer=5-10bp;gc_cont=0.701	k141_45712	76	1125	+	Loose	660	109.8	MexS	29.97	3000813	protein overexpression model	n/a	n/a	fluoroquinolone antibiotic; diaminopyrimidine antibiotic; phenicol antibiotic	antibiotic efflux	resistance-nodulation-cell division (RND) antibiotic efflux pump	102.95	gnl|BL_ORD_ID|1040|hsp_num:0	1041			6	1005	ciprofloxacin; trimethoprim; chloramphenicol	
k141_62130_1 # 1 # 786 # 1 # ID=10330_1;partial=10;start_type=Edge;rbs_motif=None;rbs_spacer=None;gc_cont=0.416	k141_62130	1	786	+	Loose	200	53.1	Escherichia coli soxS with mutation conferring antibiotic resistance	28.57	3003511	protein overexpression model	n/a	n/a	fluoroquinolone antibiotic; monobactam; carbapenem; cephalosporin; glycylcycline; cephamycin; penam; tetracycline antibiotic; rifamycin antibiotic; phenicol antibiotic; penem; disinfecting agents and antiseptics	antibiotic target alteration; antibiotic efflux; reduced permeability to antibiotic	ATP-binding cassette (ABC) antibiotic efflux pump; major facilitator superfamily (MFS) antibiotic efflux pump; resistance-nodulation-cell division (RND) antibiotic efflux pump; General Bacterial Porin with reduced permeability to beta-lactams	243.93	gnl|BL_ORD_ID|1976|hsp_num:0	2066			18	312	tigecycline; ciprofloxacin; tetracycline; rifampin; chloramphenicol; ampicillin; norfloxacin; cefalotin; triclosan; enrofloxacin	
k141_54290_2 # 935 # 1801 # 1 # ID=10478_2;partial=01;start_type=ATG;rbs_motif=GGA/GAG/AGG;rbs_spacer=5-10bp;gc_cont=0.629	k141_54290	935	1801	+	Loose	660	110.5	MexS	31.6	3000813	protein overexpression model	n/a	n/a	fluoroquinolone antibiotic; diaminopyrimidine antibiotic; phenicol antibiotic	antibiotic efflux	resistance-nodulation-cell division (RND) antibiotic efflux pump	85.25	gnl|BL_ORD_ID|1040|hsp_num:0	1041			0	789	ciprofloxacin; trimethoprim; chloramphenicol	
k141_54558_1 # 59 # 721 # -1 # ID=10854_1;partial=00;start_type=ATG;rbs_motif=None;rbs_spacer=None;gc_cont=0.457	k141_54558	59	721	-	Loose	400	39.7	nalC	33.85	3000818	protein overexpression model	n/a	n/a	macrolide antibiotic; fluoroquinolone antibiotic; monobactam; carbapenem; cephalosporin; cephamycin; penam; tetracycline antibiotic; peptide antibiotic; aminocoumarin antibiotic; diaminopyrimidine antibiotic; sulfonamide antibiotic; phenicol antibiotic; penem	antibiotic efflux	resistance-nodulation-cell division (RND) antibiotic efflux pump	103.29	gnl|BL_ORD_ID|2128|hsp_num:0	1670			3	198	erythromycin; ciprofloxacin; tetracycline; ceftazidime; ceftriaxone; meropenem; novobiocin; azithromycin; trimethoprim; sulfamethoxazole; chloramphenicol; aztreonam; colistin A; colistin B; ampicillin; panipenem; trimethoprim-sulfamethoxazole	
k141_31513_1 # 2 # 322 # -1 # ID=12175_1;partial=10;start_type=ATG;rbs_motif=GGA/GAG/AGG;rbs_spacer=5-10bp;gc_cont=0.704	k141_31513	2	322	-	Loose	210	60.1	Escherichia coli AcrAB-TolC with MarR mutations conferring resistance to ciprofloxacin and tetracycline	32.67	3003378	protein overexpression model	n/a	n/a	fluoroquinolone antibiotic; cephalosporin; glycylcycline; penam; tetracycline antibiotic; rifamycin antibiotic; phenicol antibiotic; disinfecting agents and antiseptics	antibiotic target alteration; antibiotic efflux	resistance-nodulation-cell division (RND) antibiotic efflux pump	74.31	gnl|BL_ORD_ID|1985|hsp_num:0	431			36	330	tigecycline; ciprofloxacin; tetracycline; rifampin; chloramphenicol; ampicillin; cefalotin; triclosan	
3646_5918 | model_type_id: 40295 | pass_bit_score: 5300 | SNP: C2600T,A2145G,C2597T,A2045G,A2059G,C2611T | Neisseria gonorrhoeae 23S rRNA with mutation conferring resistance to azithromycin | QUERY: k141_43851	k141_43851	1104	163	-	Loose	5300	1509.83	Neisseria gonorrhoeae 23S rRNA with mutation conferring resistance to azithromycin	95.56	3004836	rRNA gene variant model	A2059G, C2611T	n/a	macrolide antibiotic	antibiotic target alteration	23S rRNA with mutation conferring resistance to macrolide antibiotics	32.34	gnl|BL_ORD_ID|7060|hsp_num:0	3646			3309	489	azithromycin	
