set	sample_id	contig_id	ORF_ID	Best_Hit_ARO	ARO	Cut_Off	Best_Identities	Percentage_Length_of_Reference_Sequence	Drug_Class	Resistance_Mechanism	AMR_Gene_Family	Antibiotic	matched_to_genomad	genomad_context	chromosome_score	plasmid_score	virus_score
RM2016_batch04A_newcountries12	ERR1713381	k141_975692	k141_975692_3 # 2565 # 3395 # -1 # ID=94_3;partial=00;start_type=ATG;rbs_motif=GGA/GAG/AGG;rbs_spacer=5-10bp;gc_cont=0.391	vanW gene in vanG cluster	3002965	Strict	29.82	98.22	glycopeptide antibiotic	antibiotic target alteration	vanW; glycopeptide resistance gene cluster	vancomycin	False	chromosome_like	1		
RM2016_batch04A_newcountries12	ERR1713381	k141_145	k141_145_3 # 832 # 1092 # -1 # ID=189_3;partial=01;start_type=Edge;rbs_motif=None;rbs_spacer=None;gc_cont=0.341	vanY gene in vanA cluster	3002955	Strict	46.75	28.38	glycopeptide antibiotic	antibiotic target alteration	vanY; glycopeptide resistance gene cluster	vancomycin; teicoplanin	False	chromosome_like	1		
RM2016_batch04A_newcountries12	ERR1713381	k141_191	k141_191_1 # 3 # 1385 # -1 # ID=255_1;partial=10;start_type=ATG;rbs_motif=GGA/GAG/AGG;rbs_spacer=5-10bp;gc_cont=0.644	vanW gene in vanI cluster	3003724	Strict	34.1	123.59	glycopeptide antibiotic	antibiotic target alteration	vanW; glycopeptide resistance gene cluster	vancomycin; teicoplanin	False	chromosome_like	1		
RM2016_batch04A_newcountries12	ERR1713381	k141_139664	k141_139664_7 # 4131 # 4598 # -1 # ID=397_7;partial=01;start_type=Edge;rbs_motif=None;rbs_spacer=None;gc_cont=0.357	tet(M)	3000186	Strict	90.32	24.26	tetracycline antibiotic	antibiotic target protection	tetracycline-resistant ribosomal protection protein	tetracycline; doxycycline; minocycline; chlortetracycline; demeclocycline; oxytetracycline	False	chromosome_like	1		
RM2016_batch04A_newcountries12	ERR1713381	k141_346	k141_346_2 # 268 # 1383 # -1 # ID=492_2;partial=00;start_type=ATG;rbs_motif=GGxGG;rbs_spacer=11-12bp;gc_cont=0.597	vanT gene in vanG cluster	3002972	Strict	33.33	52.11	glycopeptide antibiotic	antibiotic target alteration	glycopeptide resistance gene cluster; vanT	vancomycin	False	chromosome_like	1		
RM2016_batch04A_newcountries12	ERR1713381	k141_697456	k141_697456_9 # 9390 # 10382 # -1 # ID=857_9;partial=00;start_type=ATG;rbs_motif=AGGAG;rbs_spacer=5-10bp;gc_cont=0.501	vanH gene in vanB cluster	3002943	Strict	39.1	102.17	glycopeptide antibiotic	antibiotic target alteration	vanH; glycopeptide resistance gene cluster	vancomycin	False	chromosome_like	1		
RM2016_batch04A_newcountries12	ERR1713381	k141_837373	k141_837373_2 # 721 # 1536 # 1 # ID=1618_2;partial=01;start_type=ATG;rbs_motif=None;rbs_spacer=None;gc_cont=0.324	vanW gene in vanI cluster	3003724	Strict	25.57	72.92	glycopeptide antibiotic	antibiotic target alteration	vanW; glycopeptide resistance gene cluster	vancomycin; teicoplanin	False	chromosome_like	1		
RM2016_batch04A_newcountries12	ERR1713381	k141_279859	k141_279859_1 # 3 # 701 # 1 # ID=1689_1;partial=10;start_type=Edge;rbs_motif=None;rbs_spacer=None;gc_cont=0.609	vanY gene in vanG cluster	3002959	Strict	38.76	83.15	glycopeptide antibiotic	antibiotic target alteration	vanY; glycopeptide resistance gene cluster	vancomycin	False	chromosome_like	1		
RM2016_batch04A_newcountries12	ERR1713381	k141_976827	k141_976827_4 # 4273 # 6705 # 1 # ID=1836_4;partial=01;start_type=ATG;rbs_motif=TAAA;rbs_spacer=11bp;gc_cont=0.507	vanT gene in vanG cluster	3002972	Strict	35.36	113.9	glycopeptide antibiotic	antibiotic target alteration	glycopeptide resistance gene cluster; vanT	vancomycin	False	chromosome_like	1		
RM2016_batch04A_newcountries12	ERR1713381	k141_698716	k141_698716_3 # 2032 # 3198 # 1 # ID=2783_3;partial=00;start_type=ATG;rbs_motif=AGGAGG;rbs_spacer=5-10bp;gc_cont=0.469	vanT gene in vanG cluster	3002972	Strict	32.88	54.49	glycopeptide antibiotic	antibiotic target alteration	glycopeptide resistance gene cluster; vanT	vancomycin	False	chromosome_like	1		
RM2016_batch04A_newcountries12	ERR1713381	k141_977472	k141_977472_8 # 4131 # 5606 # 1 # ID=2829_8;partial=00;start_type=ATG;rbs_motif=TAAA;rbs_spacer=5bp;gc_cont=0.400	msrE	3003109	Perfect	100.0	100.0	macrolide antibiotic; streptogramin antibiotic	antibiotic target protection	msr-type ABC-F protein	erythromycin	True	plasmid_like		0.9928	
RM2016_batch04A_newcountries12	ERR1713381	k141_977472	k141_977472_9 # 5662 # 6546 # 1 # ID=2829_9;partial=00;start_type=ATG;rbs_motif=TAA;rbs_spacer=12bp;gc_cont=0.365	mphE	3003741	Perfect	100.0	100.0	macrolide antibiotic	antibiotic inactivation	macrolide phosphotransferase (MPH)	erythromycin	True	plasmid_like		0.9928	
RM2016_batch04A_newcountries12	ERR1713381	k141_559842	k141_559842_2 # 297 # 1181 # -1 # ID=3385_2;partial=01;start_type=Edge;rbs_motif=None;rbs_spacer=None;gc_cont=0.693	vanW gene in vanI cluster	3003724	Strict	26.64	78.82	glycopeptide antibiotic	antibiotic target alteration	vanW; glycopeptide resistance gene cluster	vancomycin; teicoplanin	False	chromosome_like	1		
RM2016_batch04A_newcountries12	ERR1713381	k141_978704	k141_978704_2 # 987 # 3464 # -1 # ID=4969_2;partial=00;start_type=ATG;rbs_motif=TAAA;rbs_spacer=11bp;gc_cont=0.520	vanT gene in vanG cluster	3002972	Strict	35.5	115.87	glycopeptide antibiotic	antibiotic target alteration	glycopeptide resistance gene cluster; vanT	vancomycin	False	chromosome_like	1		
RM2016_batch04A_newcountries12	ERR1713381	k141_561434	k141_561434_2 # 602 # 1156 # -1 # ID=6031_2;partial=01;start_type=Edge;rbs_motif=None;rbs_spacer=None;gc_cont=0.580	vanY gene in vanG cluster	3002959	Strict	47.54	65.95	glycopeptide antibiotic	antibiotic target alteration	vanY; glycopeptide resistance gene cluster	vancomycin	False	chromosome_like	1		
RM2016_batch04A_newcountries12	ERR1713381	k141_841204	k141_841204_5 # 2917 # 4083 # -1 # ID=7454_5;partial=00;start_type=ATG;rbs_motif=None;rbs_spacer=None;gc_cont=0.374	tet(X)	3000205	Strict	99.74	100.0	glycylcycline; tetracycline antibiotic	antibiotic inactivation	tetracycline inactivation enzyme	tigecycline; tetracycline; doxycycline; minocycline; chlortetracycline; demeclocycline; oxytetracycline	True	plasmid_like		0.7222	
RM2016_batch04A_newcountries12	ERR1713381	k141_841567	k141_841567_8 # 6450 # 7241 # 1 # ID=8110_8;partial=00;start_type=ATG;rbs_motif=GGAG/GAGG;rbs_spacer=5-10bp;gc_cont=0.652	Erm(51)	3007033	Strict	99.62	100.0	macrolide antibiotic; lincosamide antibiotic; streptogramin antibiotic; streptogramin B antibiotic	antibiotic target alteration	Erm 23S ribosomal RNA methyltransferase	erythromycin; clarithromycin; clindamycin; azithromycin; pristinamycin IB	True	plasmid_like		0.9393	
RM2016_batch04A_newcountries12	ERR1713381	k141_283947	k141_283947_1 # 185 # 673 # 1 # ID=8177_1;partial=00;start_type=ATG;rbs_motif=GGAG/GAGG;rbs_spacer=5-10bp;gc_cont=0.362	nimJ	3007112	Strict	50.93	98.18	nitroimidazole antibiotic	antibiotic inactivation	nitroimidazole reductase	metronidazole	False	chromosome_like	1		
RM2016_batch04A_newcountries12	ERR1713381	k141_5554	k141_5554_9 # 8110 # 11250 # -1 # ID=8602_9;partial=00;start_type=ATG;rbs_motif=GGAG/GAGG;rbs_spacer=5-10bp;gc_cont=0.659	adeF	3000777	Strict	42.99	98.77	fluoroquinolone antibiotic; tetracycline antibiotic	antibiotic efflux	resistance-nodulation-cell division (RND) antibiotic efflux pump	tetracycline	False	chromosome_like	1		
RM2016_batch04A_newcountries12	ERR1713381	k141_981149	k141_981149_5 # 2949 # 3185 # -1 # ID=9116_5;partial=01;start_type=Edge;rbs_motif=None;rbs_spacer=None;gc_cont=0.570	vanY gene in vanG cluster	3002959	Strict	43.48	27.96	glycopeptide antibiotic	antibiotic target alteration	vanY; glycopeptide resistance gene cluster	vancomycin	False	chromosome_like	1		
RM2016_batch04A_newcountries12	ERR1713381	k141_6228	k141_6228_3 # 793 # 2874 # -1 # ID=9703_3;partial=00;start_type=ATG;rbs_motif=GGA/GAG/AGG;rbs_spacer=5-10bp;gc_cont=0.607	vanT gene in vanG cluster	3002972	Strict	46.05	97.33	glycopeptide antibiotic	antibiotic target alteration	glycopeptide resistance gene cluster; vanT	vancomycin	True	plasmid_like		0.9235	
RM2016_batch04A_newcountries12	ERR1713381	k141_6228	k141_6228_4 # 2861 # 3613 # -1 # ID=9703_4;partial=00;start_type=ATG;rbs_motif=3Base/5BMM;rbs_spacer=13-15bp;gc_cont=0.625	vanXY gene in vanG cluster	3003069	Strict	47.83	98.43	glycopeptide antibiotic	antibiotic target alteration	glycopeptide resistance gene cluster; vanXY	vancomycin	True	plasmid_like		0.9235	
RM2016_batch04A_newcountries12	ERR1713381	k141_6228	k141_6228_5 # 3610 # 4650 # -1 # ID=9703_5;partial=00;start_type=ATG;rbs_motif=AGGAG;rbs_spacer=5-10bp;gc_cont=0.633	vanG	3002909	Strict	57.68	99.14	glycopeptide antibiotic	antibiotic target alteration	glycopeptide resistance gene cluster; Van ligase	vancomycin	True	plasmid_like		0.9235	
RM2016_batch04A_newcountries12	ERR1713381	k141_703189	k141_703189_6 # 5451 # 7151 # 1 # ID=10202_6;partial=00;start_type=GTG;rbs_motif=GGAG/GAGG;rbs_spacer=5-10bp;gc_cont=0.713	vanW gene in vanI cluster	3003724	Strict	41.33	151.74	glycopeptide antibiotic	antibiotic target alteration	vanW; glycopeptide resistance gene cluster	vancomycin; teicoplanin	False	chromosome_like	1		
RM2016_batch04A_newcountries12	ERR1713381	k141_564702	k141_564702_5 # 3568 # 4698 # 1 # ID=11544_5;partial=00;start_type=ATG;rbs_motif=GGxGG;rbs_spacer=5-10bp;gc_cont=0.463	vanT gene in vanG cluster	3002972	Strict	37.46	52.81	glycopeptide antibiotic	antibiotic target alteration	glycopeptide resistance gene cluster; vanT	vancomycin	False	chromosome_like	1		
RM2016_batch04A_newcountries12	ERR1713381	k141_425682	k141_425682_20 # 14751 # 15827 # 1 # ID=11651_20;partial=00;start_type=ATG;rbs_motif=GGAG/GAGG;rbs_spacer=5-10bp;gc_cont=0.336	vanT gene in vanG cluster	3002972	Strict	32.52	50.28	glycopeptide antibiotic	antibiotic target alteration	glycopeptide resistance gene cluster; vanT	vancomycin	False	chromosome_like	1		
RM2016_batch04A_newcountries12	ERR1713381	k141_704398	k141_704398_2 # 303 # 1157 # 1 # ID=12176_2;partial=00;start_type=ATG;rbs_motif=AGGAG;rbs_spacer=5-10bp;gc_cont=0.563	ErmX	3000596	Strict	90.14	100.0	macrolide antibiotic; lincosamide antibiotic; streptogramin antibiotic; streptogramin A antibiotic; streptogramin B antibiotic	antibiotic target alteration	Erm 23S ribosomal RNA methyltransferase	erythromycin; roxithromycin; lincomycin; telithromycin; clarithromycin; clindamycin; tylosin; spiramycin; azithromycin; dirithromycin; pristinamycin IA; quinupristin; virginiamycin M1; madumycin II; griseoviridin; dalfopristin; pristinamycin IB; virginiamycin S2; pristinamycin IC; vernamycin C; patricin A; patricin B; ostreogrycin B3; oleandomycin	False	chromosome_like	1		
RM2016_batch04A_newcountries12	ERR1713381	k141_7778	k141_7778_2 # 476 # 1669 # 1 # ID=12324_2;partial=00;start_type=ATG;rbs_motif=AGGA/GGAG/GAGG;rbs_spacer=11-12bp;gc_cont=0.350	mefJ	3007049	Strict	99.75	100.0	macrolide antibiotic	antibiotic efflux	major facilitator superfamily (MFS) antibiotic efflux pump		False	chromosome_like	1		
RM2016_batch04A_newcountries12	ERR1713381	k141_844449	k141_844449_4 # 2658 # 3419 # 1 # ID=12755_4;partial=00;start_type=GTG;rbs_motif=TAA;rbs_spacer=8bp;gc_cont=0.357	vanY gene in vanB cluster	3002956	Strict	34.31	94.4	glycopeptide antibiotic	antibiotic target alteration	vanY; glycopeptide resistance gene cluster	vancomycin	False	chromosome_like	1		
RM2016_batch04A_newcountries12	ERR1713381	k141_565510	k141_565510_2 # 474 # 2291 # 1 # ID=12799_2;partial=00;start_type=ATG;rbs_motif=GGA/GAG/AGG;rbs_spacer=5-10bp;gc_cont=0.682	vanW gene in vanI cluster	3003724	Strict	34.76	162.2	glycopeptide antibiotic	antibiotic target alteration	vanW; glycopeptide resistance gene cluster	vancomycin; teicoplanin	False	chromosome_like	1		
RM2016_batch04A_newcountries12	ERR1713381	k141_148169	k141_148169_3 # 1418 # 2560 # -1 # ID=13555_3;partial=00;start_type=ATG;rbs_motif=TATAA;rbs_spacer=11bp;gc_cont=0.241	vanY gene in vanM cluster	3002961	Strict	30.46	163.09	glycopeptide antibiotic	antibiotic target alteration	vanY; glycopeptide resistance gene cluster	vancomycin; teicoplanin	False	chromosome_like	1		
RM2016_batch04A_newcountries12	ERR1713381	k141_844825	k141_844825_2 # 150 # 884 # 1 # ID=13581_2;partial=00;start_type=ATG;rbs_motif=AGGAG;rbs_spacer=5-10bp;gc_cont=0.268	ErmG	3000522	Strict	99.18	100.0	macrolide antibiotic; lincosamide antibiotic; streptogramin antibiotic; streptogramin A antibiotic; streptogramin B antibiotic	antibiotic target alteration	Erm 23S ribosomal RNA methyltransferase	erythromycin; roxithromycin; lincomycin; telithromycin; clarithromycin; clindamycin; tylosin; spiramycin; azithromycin; dirithromycin; pristinamycin IA; quinupristin; virginiamycin M1; madumycin II; griseoviridin; dalfopristin; pristinamycin IB; virginiamycin S2; pristinamycin IC; vernamycin C; patricin A; patricin B; ostreogrycin B3; oleandomycin	False	chromosome_like	1		
RM2016_batch04A_newcountries12	ERR1713381	k141_427198	k141_427198_2 # 271 # 1065 # 1 # ID=14011_2;partial=00;start_type=ATG;rbs_motif=GGAGG;rbs_spacer=5-10bp;gc_cont=0.434	vanY gene in vanB cluster	3002956	Strict	29.9	98.51	glycopeptide antibiotic	antibiotic target alteration	vanY; glycopeptide resistance gene cluster	vancomycin	False	chromosome_like	1		
RM2016_batch04A_newcountries12	ERR1713381	k141_427409	k141_427409_4 # 4216 # 4953 # -1 # ID=14409_4;partial=00;start_type=ATG;rbs_motif=None;rbs_spacer=None;gc_cont=0.332	ErmB	3000375	Strict	97.96	98.79	macrolide antibiotic; lincosamide antibiotic; streptogramin antibiotic; streptogramin A antibiotic; streptogramin B antibiotic	antibiotic target alteration	Erm 23S ribosomal RNA methyltransferase	erythromycin; roxithromycin; lincomycin; telithromycin; clarithromycin; clindamycin; tylosin; spiramycin; azithromycin; dirithromycin; pristinamycin IA; quinupristin; virginiamycin M1; madumycin II; griseoviridin; dalfopristin; pristinamycin IB; virginiamycin S2; pristinamycin IC; vernamycin C; patricin A; patricin B; ostreogrycin B3; oleandomycin	True	plasmid_like		0.9844	
RM2016_batch04A_newcountries12	ERR1713381	k141_845441	k141_845441_3 # 888 # 2807 # -1 # ID=14616_3;partial=00;start_type=ATG;rbs_motif=GGA/GAG/AGG;rbs_spacer=5-10bp;gc_cont=0.682	vanW gene in vanI cluster	3003724	Strict	32.12	171.31	glycopeptide antibiotic	antibiotic target alteration	vanW; glycopeptide resistance gene cluster	vancomycin; teicoplanin	False	chromosome_like	1		
RM2016_batch04A_newcountries12	ERR1713381	k141_706541	k141_706541_4 # 2458 # 3660 # 1 # ID=15605_4;partial=00;start_type=ATG;rbs_motif=AGGA;rbs_spacer=5-10bp;gc_cont=0.413	tet(H)	3000175	Perfect	100.0	100.0	tetracycline antibiotic	antibiotic efflux	major facilitator superfamily (MFS) antibiotic efflux pump	tetracycline	True	plasmid_like		0.9233	
RM2016_batch04A_newcountries12	ERR1713381	k141_10509	k141_10509_2 # 501 # 1940 # -1 # ID=16740_2;partial=00;start_type=ATG;rbs_motif=GGA/GAG/AGG;rbs_spacer=5-10bp;gc_cont=0.247	AAC(6')-Ie-APH(2'')-Ia bifunctional protein	3002597	Perfect	100.0	100.0	aminoglycoside antibiotic	antibiotic inactivation	aminoglycoside bifunctional resistance protein	dibekacin; amikacin; sisomicin; netilmicin; kanamycin A; tobramycin; gentamicin A; 2'-N-ethylnetilmicin; 5-episisomicin; gentamicin	False	chromosome_like	1		
RM2016_batch04A_newcountries12	ERR1713381	k141_986108	k141_986108_1 # 3 # 497 # -1 # ID=16788_1;partial=10;start_type=ATG;rbs_motif=GGAG/GAGG;rbs_spacer=5-10bp;gc_cont=0.519	tet(W/N/W)	3004442	Strict	97.58	25.82	tetracycline antibiotic	antibiotic target protection	tetracycline-resistant ribosomal protection protein	tetracycline; minocycline; chlortetracycline	False	chromosome_like	1		
RM2016_batch04A_newcountries12	ERR1713381	k141_150407	k141_150407_5 # 4604 # 5257 # -1 # ID=16945_5;partial=00;start_type=ATG;rbs_motif=GGAG/GAGG;rbs_spacer=5-10bp;gc_cont=0.330	vanY gene in vanB cluster	3002956	Strict	50.56	80.97	glycopeptide antibiotic	antibiotic target alteration	vanY; glycopeptide resistance gene cluster	vancomycin	False	chromosome_like	1		
RM2016_batch04A_newcountries12	ERR1713381	k141_568112	k141_568112_3 # 951 # 1790 # -1 # ID=17173_3;partial=00;start_type=ATG;rbs_motif=GGAGG;rbs_spacer=5-10bp;gc_cont=0.617	sul1	3000410	Perfect	100.0	100.0	sulfonamide antibiotic	antibiotic target replacement	sulfonamide resistant sul	sulfadiazine; sulfadimidine; sulfadoxine; sulfamethoxazole; sulfisoxazole; sulfacetamide; mafenide; sulfasalazine; sulfamethizole	False	chromosome_like	1		
RM2016_batch04A_newcountries12	ERR1713381	k141_568366	k141_568366_1 # 1 # 732 # -1 # ID=17593_1;partial=00;start_type=ATG;rbs_motif=AGGA/GGAG/GAGG;rbs_spacer=11-12bp;gc_cont=0.652	vanY gene in vanB cluster	3002956	Strict	39.34	90.67	glycopeptide antibiotic	antibiotic target alteration	vanY; glycopeptide resistance gene cluster	vancomycin	False	chromosome_like	1		
RM2016_batch04A_newcountries12	ERR1713381	k141_708681	k141_708681_2 # 640 # 1287 # 1 # ID=19121_2;partial=00;start_type=ATG;rbs_motif=AGGAGG;rbs_spacer=5-10bp;gc_cont=0.241	catA8	3004658	Strict	99.53	100.0	phenicol antibiotic	antibiotic inactivation	chloramphenicol acetyltransferase (CAT)	chloramphenicol	False	chromosome_like	1		
RM2016_batch04A_newcountries12	ERR1713381	k141_987574	k141_987574_4 # 2322 # 3137 # -1 # ID=19308_4;partial=01;start_type=Edge;rbs_motif=None;rbs_spacer=None;gc_cont=0.578	vanH gene in vanO cluster	3002948	Strict	44.58	77.43	glycopeptide antibiotic	antibiotic target alteration	vanH; glycopeptide resistance gene cluster	vancomycin	False	chromosome_like	1		
RM2016_batch04A_newcountries12	ERR1713381	k141_848436	k141_848436_1 # 149 # 646 # 1 # ID=19529_1;partial=00;start_type=ATG;rbs_motif=GGAG/GAGG;rbs_spacer=5-10bp;gc_cont=0.355	nimJ	3007112	Strict	61.01	100.0	nitroimidazole antibiotic	antibiotic inactivation	nitroimidazole reductase	metronidazole	False	chromosome_like	1		
RM2016_batch04A_newcountries12	ERR1713381	k141_431105	k141_431105_2 # 608 # 1570 # -1 # ID=20260_2;partial=00;start_type=ATG;rbs_motif=TAA;rbs_spacer=6bp;gc_cont=0.360	CfxA6	3003097	Strict	99.38	96.68	cephamycin	antibiotic inactivation	CfxA beta-lactamase		False	chromosome_like	1		
RM2016_batch04A_newcountries12	ERR1713381	k141_570134	k141_570134_5 # 3589 # 5526 # -1 # ID=20302_5;partial=00;start_type=ATG;rbs_motif=GGAGG;rbs_spacer=5-10bp;gc_cont=0.482	tet(W/N/W)	3004442	Strict	79.94	100.94	tetracycline antibiotic	antibiotic target protection	tetracycline-resistant ribosomal protection protein	tetracycline; minocycline; chlortetracycline	True	plasmid_like		0.9709	
RM2016_batch04A_newcountries12	ERR1713381	k141_152725	k141_152725_2 # 295 # 1110 # 1 # ID=20543_2;partial=00;start_type=GTG;rbs_motif=GGAG/GAGG;rbs_spacer=5-10bp;gc_cont=0.634	vanY gene in vanB cluster	3002956	Strict	46.41	101.12	glycopeptide antibiotic	antibiotic target alteration	vanY; glycopeptide resistance gene cluster	vancomycin	False	chromosome_like	1		
RM2016_batch04A_newcountries12	ERR1713381	k141_570309	k141_570309_2 # 541 # 1266 # 1 # ID=20606_2;partial=00;start_type=ATG;rbs_motif=GGAG/GAGG;rbs_spacer=5-10bp;gc_cont=0.326	vanY gene in vanB cluster	3002956	Strict	59.12	89.93	glycopeptide antibiotic	antibiotic target alteration	vanY; glycopeptide resistance gene cluster	vancomycin	False	chromosome_like	1		
RM2016_batch04A_newcountries12	ERR1713381	k141_292834	k141_292834_1 # 2 # 160 # 1 # ID=21663_1;partial=10;start_type=Edge;rbs_motif=None;rbs_spacer=None;gc_cont=0.503	vanY gene in vanF cluster	3002958	Strict	62.5	17.75	glycopeptide antibiotic	antibiotic target alteration	vanY; glycopeptide resistance gene cluster	vancomycin	False	chromosome_like	1		
RM2016_batch04A_newcountries12	ERR1713381	k141_432737	k141_432737_2 # 487 # 1368 # -1 # ID=22732_2;partial=00;start_type=ATG;rbs_motif=GGA/GAG/AGG;rbs_spacer=5-10bp;gc_cont=0.430	vanW gene in vanG cluster	3002965	Strict	31.97	104.27	glycopeptide antibiotic	antibiotic target alteration	vanW; glycopeptide resistance gene cluster	vancomycin	False	chromosome_like	1		
RM2016_batch04A_newcountries12	ERR1713381	k141_14620	k141_14620_9 # 10887 # 12359 # -1 # ID=23370_9;partial=00;start_type=ATG;rbs_motif=GGAG/GAGG;rbs_spacer=5-10bp;gc_cont=0.481	vanW gene in vanI cluster	3003724	Strict	30.47	131.37	glycopeptide antibiotic	antibiotic target alteration	vanW; glycopeptide resistance gene cluster	vancomycin; teicoplanin	False	chromosome_like	1		
RM2016_batch04A_newcountries12	ERR1713381	k141_433572	k141_433572_3 # 550 # 2208 # -1 # ID=23894_3;partial=01;start_type=Edge;rbs_motif=None;rbs_spacer=None;gc_cont=0.556	vanW gene in vanI cluster	3003724	Strict	30.6	147.99	glycopeptide antibiotic	antibiotic target alteration	vanW; glycopeptide resistance gene cluster	vancomycin; teicoplanin	False	chromosome_like	1		
RM2016_batch04A_newcountries12	ERR1713381	k141_990483	k141_990483_1 # 57 # 545 # -1 # ID=24005_1;partial=00;start_type=ATG;rbs_motif=GGAGG;rbs_spacer=5-10bp;gc_cont=0.542	nimJ	3007112	Strict	56.33	98.18	nitroimidazole antibiotic	antibiotic inactivation	nitroimidazole reductase	metronidazole	False	chromosome_like	1		
RM2016_batch04A_newcountries12	ERR1713381	k141_572744	k141_572744_5 # 4958 # 6217 # -1 # ID=24366_5;partial=00;start_type=ATG;rbs_motif=None;rbs_spacer=None;gc_cont=0.566	vanT gene in vanG cluster	3002972	Strict	37.94	58.85	glycopeptide antibiotic	antibiotic target alteration	glycopeptide resistance gene cluster; vanT	vancomycin	False	chromosome_like	1		
RM2016_batch04A_newcountries12	ERR1713381	k141_155179	k141_155179_57 # 56937 # 57773 # -1 # ID=24488_57;partial=00;start_type=GTG;rbs_motif=GGAG/GAGG;rbs_spacer=5-10bp;gc_cont=0.384	vanY gene in vanB cluster	3002956	Strict	36.92	103.73	glycopeptide antibiotic	antibiotic target alteration	vanY; glycopeptide resistance gene cluster	vancomycin	False	chromosome_like	1		
RM2016_batch04A_newcountries12	ERR1713381	k141_573171	k141_573171_3 # 1465 # 2316 # -1 # ID=25068_3;partial=00;start_type=ATG;rbs_motif=GGAG/GAGG;rbs_spacer=5-10bp;gc_cont=0.460	vanY gene in vanG cluster	3002959	Strict	39.68	101.43	glycopeptide antibiotic	antibiotic target alteration	vanY; glycopeptide resistance gene cluster	vancomycin	False	chromosome_like	1		
RM2016_batch04A_newcountries12	ERR1713381	k141_852560	k141_852560_3 # 2505 # 3002 # -1 # ID=25882_3;partial=00;start_type=ATG;rbs_motif=None;rbs_spacer=None;gc_cont=0.319	dfrG	3002868	Perfect	100.0	100.0	diaminopyrimidine antibiotic	antibiotic target replacement	trimethoprim resistant dihydrofolate reductase dfr	trimethoprim	True	plasmid_like		0.9858	
RM2016_batch04A_newcountries12	ERR1713381	k141_575397	k141_575397_2 # 261 # 1061 # -1 # ID=28341_2;partial=00;start_type=ATG;rbs_motif=AGxAGG/AGGxGG;rbs_spacer=3-4bp;gc_cont=0.419	OXA-10	3001405	Perfect	100.0	100.0	carbapenem; cephalosporin; penam	antibiotic inactivation	OXA beta-lactamase	cloxacillin; oxacillin; cefalotin	True	plasmid_like		0.7979	
RM2016_batch04A_newcountries12	ERR1713381	k141_575397	k141_575397_3 # 1326 # 2585 # -1 # ID=28341_3;partial=00;start_type=GTG;rbs_motif=AGGAG;rbs_spacer=5-10bp;gc_cont=0.554	cmlA5	3002695	Perfect	100.0	100.0	phenicol antibiotic	antibiotic efflux	major facilitator superfamily (MFS) antibiotic efflux pump	chloramphenicol	True	plasmid_like		0.7979	
RM2016_batch04A_newcountries12	ERR1713381	k141_714555	k141_714555_4 # 1677 # 2903 # 1 # ID=28414_4;partial=00;start_type=ATG;rbs_motif=GGAG/GAGG;rbs_spacer=5-10bp;gc_cont=0.283	vanG	3002909	Strict	39.89	116.91	glycopeptide antibiotic	antibiotic target alteration	glycopeptide resistance gene cluster; Van ligase	vancomycin	False	chromosome_like	1		
RM2016_batch04A_newcountries12	ERR1713381	k141_854268	k141_854268_2 # 1280 # 2266 # 1 # ID=28705_2;partial=00;start_type=ATG;rbs_motif=GGAGG;rbs_spacer=5-10bp;gc_cont=0.437	vanH gene in vanF cluster	3002945	Strict	35.64	101.86	glycopeptide antibiotic	antibiotic target alteration	vanH; glycopeptide resistance gene cluster	vancomycin	False	chromosome_like	1		
RM2016_batch04A_newcountries12	ERR1713381	k141_158543	k141_158543_1 # 2 # 793 # 1 # ID=29841_1;partial=10;start_type=Edge;rbs_motif=None;rbs_spacer=None;gc_cont=0.564	vanW gene in vanI cluster	3003724	Strict	33.96	70.51	glycopeptide antibiotic	antibiotic target alteration	vanW; glycopeptide resistance gene cluster	vancomycin; teicoplanin	False	chromosome_like	1		
RM2016_batch04A_newcountries12	ERR1713381	k141_576387	k141_576387_4 # 2395 # 3303 # 1 # ID=29870_4;partial=01;start_type=ATG;rbs_motif=GGA/GAG/AGG;rbs_spacer=5-10bp;gc_cont=0.290	vanT gene in vanG cluster	3002972	Strict	39.33	42.56	glycopeptide antibiotic	antibiotic target alteration	glycopeptide resistance gene cluster; vanT	vancomycin	False	chromosome_like	1		
RM2016_batch04A_newcountries12	ERR1713381	k141_298325	k141_298325_1 # 536 # 1054 # -1 # ID=30185_1;partial=00;start_type=ATG;rbs_motif=GGAGG;rbs_spacer=5-10bp;gc_cont=0.626	nimI	3007111	Strict	50.31	100.0	nitroimidazole antibiotic	antibiotic inactivation	nitroimidazole reductase	metronidazole	False	chromosome_like	1		
RM2016_batch04A_newcountries12	ERR1713381	k141_298958	k141_298958_1 # 1 # 849 # 1 # ID=31192_1;partial=10;start_type=Edge;rbs_motif=None;rbs_spacer=None;gc_cont=0.623	vanY gene in vanF cluster	3002958	Strict	27.86	96.25	glycopeptide antibiotic	antibiotic target alteration	vanY; glycopeptide resistance gene cluster	vancomycin	False	chromosome_like	1		
RM2016_batch04A_newcountries12	ERR1713381	k141_19918	k141_19918_2 # 1496 # 2173 # -1 # ID=31602_2;partial=00;start_type=ATG;rbs_motif=AGGAG;rbs_spacer=5-10bp;gc_cont=0.319	vanY gene in vanG cluster	3002959	Strict	42.02	80.65	glycopeptide antibiotic	antibiotic target alteration	vanY; glycopeptide resistance gene cluster	vancomycin	True	virus_like			0.7865
RM2016_batch04A_newcountries12	ERR1713381	k141_438663	k141_438663_1 # 2 # 445 # -1 # ID=31850_1;partial=10;start_type=ATG;rbs_motif=GGAG/GAGG;rbs_spacer=5-10bp;gc_cont=0.367	vanY gene in vanB cluster	3002956	Strict	51.02	55.22	glycopeptide antibiotic	antibiotic target alteration	vanY; glycopeptide resistance gene cluster	vancomycin	True	plasmid_like		0.9703	
RM2016_batch04A_newcountries12	ERR1713381	k141_995777	k141_995777_2 # 474 # 1268 # 1 # ID=32135_2;partial=00;start_type=ATG;rbs_motif=None;rbs_spacer=None;gc_cont=0.498	aphA15	3004675	Perfect	100.0	100.0	aminoglycoside antibiotic	antibiotic inactivation	APH(3')	neomycin; amikacin; netilmicin; streptomycin; kanamycin A	False	chromosome_like	1		
RM2016_batch04A_newcountries12	ERR1713381	k141_300166	k141_300166_1 # 1 # 147 # 1 # ID=33179_1;partial=10;start_type=Edge;rbs_motif=None;rbs_spacer=None;gc_cont=0.333	vanY gene in vanG cluster	3002959	Strict	62.22	17.2	glycopeptide antibiotic	antibiotic target alteration	vanY; glycopeptide resistance gene cluster	vancomycin	False	chromosome_like	1		
RM2016_batch04A_newcountries12	ERR1713381	k141_300166	k141_300166_3 # 1380 # 2315 # -1 # ID=33179_3;partial=00;start_type=ATG;rbs_motif=AAAAA;rbs_spacer=11bp;gc_cont=0.358	vanY gene in vanG cluster	3002959	Strict	31.25	111.47	glycopeptide antibiotic	antibiotic target alteration	vanY; glycopeptide resistance gene cluster	vancomycin	False	chromosome_like	1		
RM2016_batch04A_newcountries12	ERR1713381	k141_301202	k141_301202_1 # 1 # 501 # 1 # ID=34918_1;partial=10;start_type=Edge;rbs_motif=None;rbs_spacer=None;gc_cont=0.475	vanY gene in vanB cluster	3002956	Strict	42.48	61.94	glycopeptide antibiotic	antibiotic target alteration	vanY; glycopeptide resistance gene cluster	vancomycin	False	chromosome_like	1		
RM2016_batch04A_newcountries12	ERR1713381	k141_21899	k141_21899_2 # 772 # 1104 # -1 # ID=34959_2;partial=00;start_type=ATG;rbs_motif=GGAGG;rbs_spacer=5-10bp;gc_cont=0.384	qacG	3007015	Strict	38.32	102.8	disinfecting agents and antiseptics	antibiotic efflux	small multidrug resistance (SMR) antibiotic efflux pump	benzalkonium chloride	False	chromosome_like	1		
RM2016_batch04A_newcountries12	ERR1713381	k141_858717	k141_858717_7 # 6793 # 7629 # 1 # ID=35795_7;partial=01;start_type=TTG;rbs_motif=AAA;rbs_spacer=14bp;gc_cont=0.552	vanW gene in vanI cluster	3003724	Strict	27.14	74.8	glycopeptide antibiotic	antibiotic target alteration	vanW; glycopeptide resistance gene cluster	vancomycin; teicoplanin	False	chromosome_like	1		
RM2016_batch04A_newcountries12	ERR1713381	k141_22596	k141_22596_1 # 223 # 714 # -1 # ID=35963_1;partial=00;start_type=ATG;rbs_motif=TAAA;rbs_spacer=9bp;gc_cont=0.463	nimJ	3007112	Strict	62.35	98.79	nitroimidazole antibiotic	antibiotic inactivation	nitroimidazole reductase	metronidazole	False	chromosome_like	1		
RM2016_batch04A_newcountries12	ERR1713381	k141_22733	k141_22733_1 # 2 # 1828 # 1 # ID=36172_1;partial=10;start_type=Edge;rbs_motif=None;rbs_spacer=None;gc_cont=0.469	vanT gene in vanG cluster	3002972	Strict	34.96	85.39	glycopeptide antibiotic	antibiotic target alteration	glycopeptide resistance gene cluster; vanT	vancomycin	False	chromosome_like	1		
RM2016_batch04A_newcountries12	ERR1713381	k141_859005	k141_859005_1 # 3 # 1103 # 1 # ID=36314_1;partial=10;start_type=Edge;rbs_motif=None;rbs_spacer=None;gc_cont=0.421	CARB-3	3002242	Strict	99.67	120.39	penam	antibiotic inactivation	CARB beta-lactamase		False	chromosome_like	1		
RM2016_batch04A_newcountries12	ERR1713381	k141_441565	k141_441565_2 # 344 # 1075 # -1 # ID=36338_2;partial=01;start_type=Edge;rbs_motif=None;rbs_spacer=None;gc_cont=0.622	vanY gene in vanB cluster	3002956	Strict	34.97	90.67	glycopeptide antibiotic	antibiotic target alteration	vanY; glycopeptide resistance gene cluster	vancomycin	False	chromosome_like	1		
RM2016_batch04A_newcountries12	ERR1713381	k141_719574	k141_719574_4 # 1521 # 2267 # -1 # ID=36405_4;partial=00;start_type=ATG;rbs_motif=GGA/GAG/AGG;rbs_spacer=5-10bp;gc_cont=0.328	vanY gene in vanB cluster	3002956	Strict	36.08	92.54	glycopeptide antibiotic	antibiotic target alteration	vanY; glycopeptide resistance gene cluster	vancomycin	False	chromosome_like	1		
RM2016_batch04A_newcountries12	ERR1713381	k141_720459	k141_720459_2 # 1211 # 2068 # -1 # ID=37677_2;partial=00;start_type=ATG;rbs_motif=GGA/GAG/AGG;rbs_spacer=5-10bp;gc_cont=0.276	ANT(6)-Ib	3002629	Perfect	100.0	100.0	aminoglycoside antibiotic	antibiotic inactivation	ANT(6)	streptomycin	False	chromosome_like	1		
RM2016_batch04A_newcountries12	ERR1713381	k141_720614	k141_720614_3 # 768 # 1760 # 1 # ID=37981_3;partial=01;start_type=ATG;rbs_motif=GGA/GAG/AGG;rbs_spacer=5-10bp;gc_cont=0.398	vanW gene in vanI cluster	3003724	Strict	29.23	88.74	glycopeptide antibiotic	antibiotic target alteration	vanW; glycopeptide resistance gene cluster	vancomycin; teicoplanin	False	chromosome_like	1		
RM2016_batch04A_newcountries12	ERR1713381	k141_303442	k141_303442_1 # 1 # 612 # 1 # ID=38422_1;partial=10;start_type=Edge;rbs_motif=None;rbs_spacer=None;gc_cont=0.286	vanY gene in vanG cluster	3002959	Strict	34.95	72.76	glycopeptide antibiotic	antibiotic target alteration	vanY; glycopeptide resistance gene cluster	vancomycin	False	chromosome_like	1		
RM2016_batch04A_newcountries12	ERR1713381	k141_999982	k141_999982_1 # 2 # 763 # 1 # ID=38599_1;partial=10;start_type=Edge;rbs_motif=None;rbs_spacer=None;gc_cont=0.455	vanY gene in vanM cluster	3002961	Strict	31.86	108.58	glycopeptide antibiotic	antibiotic target alteration	vanY; glycopeptide resistance gene cluster	vancomycin; teicoplanin	False	chromosome_like	1		
RM2016_batch04A_newcountries12	ERR1713381	k141_582878	k141_582878_8 # 7626 # 11186 # 1 # ID=40154_8;partial=00;start_type=TTG;rbs_motif=AGGA;rbs_spacer=5-10bp;gc_cont=0.607	Bifidobacterium adolescentis rpoB mutants conferring resistance to rifampicin	3004480	Strict	98.15	100.0	rifamycin antibiotic	antibiotic target alteration; antibiotic target replacement	rifamycin-resistant beta-subunit of RNA polymerase (rpoB)	rifampin	False	chromosome_like	1		
RM2016_batch04A_newcountries12	ERR1713381	k141_444421	k141_444421_5 # 5103 # 6269 # 1 # ID=40938_5;partial=00;start_type=ATG;rbs_motif=GGAG/GAGG;rbs_spacer=5-10bp;gc_cont=0.438	vanT gene in vanG cluster	3002972	Strict	33.97	54.49	glycopeptide antibiotic	antibiotic target alteration	glycopeptide resistance gene cluster; vanT	vancomycin	False	chromosome_like	1		
RM2016_batch04A_newcountries12	ERR1713381	k141_25938	k141_25938_3 # 660 # 2813 # -1 # ID=41675_3;partial=00;start_type=ATG;rbs_motif=None;rbs_spacer=None;gc_cont=0.395	tet(Q)	3000191	Strict	94.11	109.13	tetracycline antibiotic	antibiotic target protection	tetracycline-resistant ribosomal protection protein	tetracycline; doxycycline; minocycline; chlortetracycline; demeclocycline; oxytetracycline	True	plasmid_like		0.8706	
RM2016_batch04A_newcountries12	ERR1713381	k141_723746	k141_723746_13 # 6838 # 8718 # 1 # ID=42731_13;partial=00;start_type=ATG;rbs_motif=AATAA;rbs_spacer=14bp;gc_cont=0.415	tetB(P)	3000195	Strict	38.69	96.01	tetracycline antibiotic	antibiotic target protection	tetracycline-resistant ribosomal protection protein	tetracycline; doxycycline; minocycline; chlortetracycline; demeclocycline; oxytetracycline	False	chromosome_like	1		
RM2016_batch04A_newcountries12	ERR1713381	k141_723825	k141_723825_1 # 56 # 874 # -1 # ID=42837_1;partial=00;start_type=ATG;rbs_motif=GGAG/GAGG;rbs_spacer=5-10bp;gc_cont=0.261	vanW gene in vanG cluster	3002965	Strict	54.81	96.8	glycopeptide antibiotic	antibiotic target alteration	vanW; glycopeptide resistance gene cluster	vancomycin	False	chromosome_like	1		
RM2016_batch04A_newcountries12	ERR1713381	k141_306237	k141_306237_3 # 1107 # 1517 # -1 # ID=43003_3;partial=00;start_type=ATG;rbs_motif=GGAG/GAGG;rbs_spacer=5-10bp;gc_cont=0.550	FosI	3007370	Strict	65.15	101.49	phosphonic acid antibiotic	antibiotic inactivation	fosfomycin thiol transferase	fosfomycin	False	chromosome_like	1		
RM2016_batch04A_newcountries12	ERR1713381	k141_585027	k141_585027_2 # 354 # 1175 # 1 # ID=43452_2;partial=00;start_type=ATG;rbs_motif=AATAA;rbs_spacer=4bp;gc_cont=0.472	vanY gene in vanM cluster	3002961	Strict	34.2	117.17	glycopeptide antibiotic	antibiotic target alteration	vanY; glycopeptide resistance gene cluster	vancomycin; teicoplanin	False	chromosome_like	1		
RM2016_batch04A_newcountries12	ERR1713381	k141_864218	k141_864218_1 # 1 # 729 # 1 # ID=44171_1;partial=10;start_type=Edge;rbs_motif=None;rbs_spacer=None;gc_cont=0.252	ErmT	3000595	Strict	99.17	99.18	macrolide antibiotic; lincosamide antibiotic; streptogramin antibiotic; streptogramin A antibiotic; streptogramin B antibiotic	antibiotic target alteration	Erm 23S ribosomal RNA methyltransferase	erythromycin; roxithromycin; lincomycin; telithromycin; clarithromycin; clindamycin; tylosin; spiramycin; azithromycin; dirithromycin; pristinamycin IA; quinupristin; virginiamycin M1; madumycin II; griseoviridin; dalfopristin; pristinamycin IB; virginiamycin S2; pristinamycin IC; vernamycin C; patricin A; patricin B; ostreogrycin B3; oleandomycin	True	plasmid_like		0.9949	
RM2016_batch04A_newcountries12	ERR1713381	k141_307010	k141_307010_3 # 1725 # 2819 # 1 # ID=44215_3;partial=00;start_type=TTG;rbs_motif=AGGA;rbs_spacer=5-10bp;gc_cont=0.246	vanY gene in vanA cluster	3002955	Strict	32.07	120.13	glycopeptide antibiotic	antibiotic target alteration	vanY; glycopeptide resistance gene cluster	vancomycin; teicoplanin	False	chromosome_like	1		
RM2016_batch04A_newcountries12	ERR1713381	k141_27575	k141_27575_3 # 1202 # 3679 # 1 # ID=44378_3;partial=00;start_type=ATG;rbs_motif=TAAAAA;rbs_spacer=8bp;gc_cont=0.448	vanT gene in vanG cluster	3002972	Strict	34.54	115.87	glycopeptide antibiotic	antibiotic target alteration	glycopeptide resistance gene cluster; vanT	vancomycin	False	chromosome_like	1		
RM2016_batch04A_newcountries12	ERR1713381	k141_27725	k141_27725_5 # 1971 # 3551 # 1 # ID=44616_5;partial=00;start_type=ATG;rbs_motif=None;rbs_spacer=None;gc_cont=0.494	vanW gene in vanI cluster	3003724	Strict	28.27	141.02	glycopeptide antibiotic	antibiotic target alteration	vanW; glycopeptide resistance gene cluster	vancomycin; teicoplanin	False	chromosome_like	1		
RM2016_batch04A_newcountries12	ERR1713381	k141_168325	k141_168325_1 # 3 # 275 # 1 # ID=44720_1;partial=10;start_type=Edge;rbs_motif=None;rbs_spacer=None;gc_cont=0.370	vanY gene in vanB cluster	3002956	Strict	55.81	33.58	glycopeptide antibiotic	antibiotic target alteration	vanY; glycopeptide resistance gene cluster	vancomycin	False	chromosome_like	1		
RM2016_batch04A_newcountries12	ERR1713381	k141_308073	k141_308073_5 # 4016 # 5665 # -1 # ID=46052_5;partial=00;start_type=ATG;rbs_motif=GGAG/GAGG;rbs_spacer=5-10bp;gc_cont=0.270	poxtA	3004470	Strict	46.89	101.29	tetracycline antibiotic; oxazolidinone antibiotic; phenicol antibiotic	antibiotic target protection	Miscellaneous ABC-F subfamily ATP-binding cassette ribosomal protection proteins	tetracycline; doxycycline; linezolid; chloramphenicol; florfenicol	False	chromosome_like	1		
RM2016_batch04A_newcountries12	ERR1713381	k141_726260	k141_726260_2 # 197 # 562 # -1 # ID=46722_2;partial=00;start_type=ATG;rbs_motif=None;rbs_spacer=None;gc_cont=0.385	qacJ	3007014	Strict	44.34	113.08	disinfecting agents and antiseptics	antibiotic efflux	small multidrug resistance (SMR) antibiotic efflux pump	benzalkonium chloride	False	chromosome_like	1		
RM2016_batch04A_newcountries12	ERR1713381	k141_169761	k141_169761_14 # 11286 # 13073 # 1 # ID=46784_14;partial=01;start_type=ATG;rbs_motif=GGAG/GAGG;rbs_spacer=5-10bp;gc_cont=0.399	tet(O)	3000190	Strict	52.25	93.27	tetracycline antibiotic	antibiotic target protection	tetracycline-resistant ribosomal protection protein	tetracycline; doxycycline; minocycline; chlortetracycline; demeclocycline; oxytetracycline	True	plasmid_like		0.8587	
RM2016_batch04A_newcountries12	ERR1713381	k141_449124	k141_449124_2 # 217 # 1686 # -1 # ID=48058_2;partial=00;start_type=ATG;rbs_motif=None;rbs_spacer=None;gc_cont=0.296	sdrM	3007013	Strict	30.3	109.4	fluoroquinolone antibiotic; disinfecting agents and antiseptics	antibiotic efflux	major facilitator superfamily (MFS) antibiotic efflux pump	norfloxacin	False	chromosome_like	1		
RM2016_batch04A_newcountries12	ERR1713381	k141_309479	k141_309479_9 # 4935 # 6059 # -1 # ID=48244_9;partial=00;start_type=ATG;rbs_motif=GGAG/GAGG;rbs_spacer=5-10bp;gc_cont=0.390	vanT gene in vanG cluster	3002972	Strict	37.67	52.53	glycopeptide antibiotic	antibiotic target alteration	glycopeptide resistance gene cluster; vanT	vancomycin	False	chromosome_like	1		
RM2016_batch04A_newcountries12	ERR1713381	k141_588589	k141_588589_2 # 255 # 746 # -1 # ID=48896_2;partial=00;start_type=ATG;rbs_motif=GGAGG;rbs_spacer=5-10bp;gc_cont=0.374	nimA	3007104	Strict	56.52	92.61	nitroimidazole antibiotic	antibiotic inactivation	nitroimidazole reductase	metronidazole	False	chromosome_like	1		
RM2016_batch04A_newcountries12	ERR1713381	k141_867364	k141_867364_8 # 10702 # 12156 # -1 # ID=49091_8;partial=00;start_type=ATG;rbs_motif=None;rbs_spacer=None;gc_cont=0.386	msr(G)	3007042	Strict	76.3	99.79	macrolide antibiotic; streptogramin antibiotic	antibiotic target protection	msr-type ABC-F protein	erythromycin; azithromycin	True	plasmid_like		0.9852	
RM2016_batch04A_newcountries12	ERR1713381	k141_867364	k141_867364_9 # 12265 # 13455 # -1 # ID=49091_9;partial=00;start_type=ATG;rbs_motif=None;rbs_spacer=None;gc_cont=0.410	mefF	3007044	Strict	70.28	99.75	macrolide antibiotic	antibiotic efflux	major facilitator superfamily (MFS) antibiotic efflux pump		True	plasmid_like		0.9852	
RM2016_batch04A_newcountries12	ERR1713381	k141_310189	k141_310189_3 # 1395 # 1712 # -1 # ID=49381_3;partial=00;start_type=ATG;rbs_motif=AGGAG;rbs_spacer=5-10bp;gc_cont=0.579	qacJ	3007014	Strict	38.61	98.13	disinfecting agents and antiseptics	antibiotic efflux	small multidrug resistance (SMR) antibiotic efflux pump	benzalkonium chloride	False	chromosome_like	1		
RM2016_batch04A_newcountries12	ERR1713381	k141_728145	k141_728145_4 # 1807 # 3285 # 1 # ID=49478_4;partial=01;start_type=ATG;rbs_motif=None;rbs_spacer=None;gc_cont=0.538	vanW gene in vanI cluster	3003724	Strict	39.32	132.17	glycopeptide antibiotic	antibiotic target alteration	vanW; glycopeptide resistance gene cluster	vancomycin; teicoplanin	False	chromosome_like	1		
RM2016_batch04A_newcountries12	ERR1713381	k141_171591	k141_171591_2 # 412 # 1953 # -1 # ID=49714_2;partial=00;start_type=ATG;rbs_motif=AAGAA;rbs_spacer=5bp;gc_cont=0.465	vanW gene in vanI cluster	3003724	Strict	32.02	137.53	glycopeptide antibiotic	antibiotic target alteration	vanW; glycopeptide resistance gene cluster	vancomycin; teicoplanin	False	chromosome_like	1		
RM2016_batch04A_newcountries12	ERR1713381	k141_171632	k141_171632_2 # 1012 # 1746 # -1 # ID=49768_2;partial=00;start_type=ATG;rbs_motif=AGGAG;rbs_spacer=5-10bp;gc_cont=0.263	ErmG	3000522	Strict	93.85	100.0	macrolide antibiotic; lincosamide antibiotic; streptogramin antibiotic; streptogramin A antibiotic; streptogramin B antibiotic	antibiotic target alteration	Erm 23S ribosomal RNA methyltransferase	erythromycin; roxithromycin; lincomycin; telithromycin; clarithromycin; clindamycin; tylosin; spiramycin; azithromycin; dirithromycin; pristinamycin IA; quinupristin; virginiamycin M1; madumycin II; griseoviridin; dalfopristin; pristinamycin IB; virginiamycin S2; pristinamycin IC; vernamycin C; patricin A; patricin B; ostreogrycin B3; oleandomycin	False	chromosome_like	1		
RM2016_batch04A_newcountries12	ERR1713381	k141_728902	k141_728902_2 # 2462 # 3403 # -1 # ID=50748_2;partial=00;start_type=ATG;rbs_motif=AGGA/GGAG/GAGG;rbs_spacer=11-12bp;gc_cont=0.385	vanY gene in vanB cluster	3002956	Strict	33.33	116.79	glycopeptide antibiotic	antibiotic target alteration	vanY; glycopeptide resistance gene cluster	vancomycin	False	chromosome_like	1		
RM2016_batch04A_newcountries12	ERR1713381	k141_590013	k141_590013_5 # 3447 # 4610 # 1 # ID=51007_5;partial=00;start_type=ATG;rbs_motif=AGGAG;rbs_spacer=5-10bp;gc_cont=0.377	vanT gene in vanG cluster	3002972	Strict	36.76	54.35	glycopeptide antibiotic	antibiotic target alteration	glycopeptide resistance gene cluster; vanT	vancomycin	False	chromosome_like	1		
RM2016_batch04A_newcountries12	ERR1713381	k141_729388	k141_729388_2 # 272 # 1492 # 1 # ID=51447_2;partial=00;start_type=ATG;rbs_motif=AGGAG/GGAGG;rbs_spacer=11-12bp;gc_cont=0.565	tet(40)	3000567	Strict	99.26	100.0	tetracycline antibiotic	antibiotic efflux	major facilitator superfamily (MFS) antibiotic efflux pump	tetracycline	True	plasmid_like		0.9726	
RM2016_batch04A_newcountries12	ERR1713381	k141_730482	k141_730482_9 # 8181 # 9341 # -1 # ID=53186_9;partial=00;start_type=ATG;rbs_motif=AGxAGG/AGGxGG;rbs_spacer=5-10bp;gc_cont=0.443	vanT gene in vanG cluster	3002972	Strict	38.38	54.21	glycopeptide antibiotic	antibiotic target alteration	glycopeptide resistance gene cluster; vanT	vancomycin	False	chromosome_like	1		
RM2016_batch04A_newcountries12	ERR1713381	k141_314226	k141_314226_1 # 251 # 1135 # -1 # ID=55335_1;partial=00;start_type=ATG;rbs_motif=AAAA;rbs_spacer=11bp;gc_cont=0.392	mphG	3003742	Strict	87.76	100.0	macrolide antibiotic	antibiotic inactivation	macrolide phosphotransferase (MPH)	erythromycin; clarithromycin; azithromycin	False	chromosome_like	1		
RM2016_batch04A_newcountries12	ERR1713381	k141_871452	k141_871452_13 # 11227 # 12567 # 1 # ID=55531_13;partial=00;start_type=ATG;rbs_motif=GGA/GAG/AGG;rbs_spacer=5-10bp;gc_cont=0.281	vanY gene in vanA cluster	3002955	Strict	44.32	147.19	glycopeptide antibiotic	antibiotic target alteration	vanY; glycopeptide resistance gene cluster	vancomycin; teicoplanin	False	chromosome_like	1		
RM2016_batch04A_newcountries12	ERR1713381	k141_1010861	k141_1010861_3 # 1018 # 1791 # -1 # ID=55592_3;partial=00;start_type=ATG;rbs_motif=AGxAG;rbs_spacer=5-10bp;gc_cont=0.385	vanY gene in vanB cluster	3002956	Strict	32.69	95.9	glycopeptide antibiotic	antibiotic target alteration	vanY; glycopeptide resistance gene cluster	vancomycin	False	chromosome_like	1		
RM2016_batch04A_newcountries12	ERR1713381	k141_175416	k141_175416_11 # 11002 # 11910 # -1 # ID=55712_11;partial=01;start_type=Edge;rbs_motif=None;rbs_spacer=None;gc_cont=0.341	vanY gene in vanB cluster	3002956	Strict	33.51	112.69	glycopeptide antibiotic	antibiotic target alteration	vanY; glycopeptide resistance gene cluster	vancomycin	False	chromosome_like	1		
RM2016_batch04A_newcountries12	ERR1713381	k141_593264	k141_593264_1 # 594 # 1610 # 1 # ID=55837_1;partial=00;start_type=ATG;rbs_motif=GGAGG;rbs_spacer=5-10bp;gc_cont=0.388	tet(U)	3004650	Strict	99.05	321.9	tetracycline antibiotic	antibiotic efflux	major facilitator superfamily (MFS) antibiotic efflux pump	tetracycline	True	plasmid_like		0.9843	
RM2016_batch04A_newcountries12	ERR1713381	k141_454365	k141_454365_2 # 205 # 1266 # -1 # ID=56104_2;partial=01;start_type=Edge;rbs_motif=None;rbs_spacer=None;gc_cont=0.461	vanW gene in vanI cluster	3003724	Strict	36.76	94.64	glycopeptide antibiotic	antibiotic target alteration	vanW; glycopeptide resistance gene cluster	vancomycin; teicoplanin	False	chromosome_like	1		
RM2016_batch04A_newcountries12	ERR1713381	k141_35186	k141_35186_1 # 3 # 806 # 1 # ID=56261_1;partial=10;start_type=Edge;rbs_motif=None;rbs_spacer=None;gc_cont=0.649	vanW gene in vanI cluster	3003724	Strict	32.12	71.58	glycopeptide antibiotic	antibiotic target alteration	vanW; glycopeptide resistance gene cluster	vancomycin; teicoplanin	False	chromosome_like	1		
RM2016_batch04A_newcountries12	ERR1713381	k141_454566	k141_454566_1 # 136 # 1032 # 1 # ID=56397_1;partial=00;start_type=ATG;rbs_motif=TAA;rbs_spacer=6bp;gc_cont=0.420	CARB-16	3002255	Perfect	100.0	100.0	penam	antibiotic inactivation	CARB beta-lactamase		False	chromosome_like	1		
RM2016_batch04A_newcountries12	ERR1713381	k141_732896	k141_732896_5 # 5654 # 6094 # -1 # ID=56766_5;partial=01;start_type=Edge;rbs_motif=None;rbs_spacer=None;gc_cont=0.254	vanY gene in vanG cluster	3002959	Strict	38.69	52.33	glycopeptide antibiotic	antibiotic target alteration	vanY; glycopeptide resistance gene cluster	vancomycin	False	chromosome_like	1		
RM2016_batch04A_newcountries12	ERR1713381	k141_733583	k141_733583_12 # 9285 # 10094 # 1 # ID=57794_12;partial=00;start_type=ATG;rbs_motif=4Base/6BMM;rbs_spacer=13-15bp;gc_cont=0.416	vanY gene in vanB cluster	3002956	Strict	39.0	100.37	glycopeptide antibiotic	antibiotic target alteration	vanY; glycopeptide resistance gene cluster	vancomycin	False	chromosome_like	1		
RM2016_batch04A_newcountries12	ERR1713381	k141_316287	k141_316287_2 # 257 # 751 # -1 # ID=58450_2;partial=00;start_type=ATG;rbs_motif=GGAG/GAGG;rbs_spacer=5-10bp;gc_cont=0.325	dfrF	3002867	Perfect	100.0	100.0	diaminopyrimidine antibiotic	antibiotic target replacement	trimethoprim resistant dihydrofolate reductase dfr	trimethoprim	False	chromosome_like	1		
RM2016_batch04A_newcountries12	ERR1713381	k141_873639	k141_873639_1 # 3 # 1124 # 1 # ID=58750_1;partial=10;start_type=Edge;rbs_motif=None;rbs_spacer=None;gc_cont=0.465	vanT gene in vanG cluster	3002972	Strict	36.03	52.39	glycopeptide antibiotic	antibiotic target alteration	glycopeptide resistance gene cluster; vanT	vancomycin	False	chromosome_like	1		
RM2016_batch04A_newcountries12	ERR1713381	k141_734567	k141_734567_3 # 640 # 1488 # -1 # ID=59253_3;partial=00;start_type=ATG;rbs_motif=None;rbs_spacer=None;gc_cont=0.600	vanY gene in vanB cluster	3002956	Strict	43.1	105.22	glycopeptide antibiotic	antibiotic target alteration	vanY; glycopeptide resistance gene cluster	vancomycin	False	chromosome_like	1		
RM2016_batch04A_newcountries12	ERR1713381	k141_177862	k141_177862_1 # 2 # 1168 # 1 # ID=59445_1;partial=10;start_type=Edge;rbs_motif=None;rbs_spacer=None;gc_cont=0.617	vanW gene in vanI cluster	3003724	Strict	32.45	104.02	glycopeptide antibiotic	antibiotic target alteration	vanW; glycopeptide resistance gene cluster	vancomycin; teicoplanin	False	chromosome_like	1		
RM2016_batch04A_newcountries12	ERR1713381	k141_38082	k141_38082_1 # 42 # 1229 # -1 # ID=60787_1;partial=00;start_type=ATG;rbs_motif=AGGA/GGAG/GAGG;rbs_spacer=11-12bp;gc_cont=0.501	vanT gene in vanG cluster	3002972	Strict	34.97	55.48	glycopeptide antibiotic	antibiotic target alteration	glycopeptide resistance gene cluster; vanT	vancomycin	False	chromosome_like	1		
RM2016_batch04A_newcountries12	ERR1713381	k141_1015473	k141_1015473_3 # 997 # 1326 # 1 # ID=62524_3;partial=00;start_type=ATG;rbs_motif=AGGAG;rbs_spacer=5-10bp;gc_cont=0.297	qacG	3007015	Strict	48.57	101.87	disinfecting agents and antiseptics	antibiotic efflux	small multidrug resistance (SMR) antibiotic efflux pump	benzalkonium chloride	False	chromosome_like	1		
RM2016_batch04A_newcountries12	ERR1713381	k141_458556	k141_458556_1 # 1 # 324 # -1 # ID=63071_1;partial=10;start_type=ATG;rbs_motif=GGAG/GAGG;rbs_spacer=5-10bp;gc_cont=0.571	qacG	3007015	Strict	42.31	100.93	disinfecting agents and antiseptics	antibiotic efflux	small multidrug resistance (SMR) antibiotic efflux pump	benzalkonium chloride	False	chromosome_like	1		
RM2016_batch04A_newcountries12	ERR1713381	k141_39672	k141_39672_1 # 1 # 675 # -1 # ID=63174_1;partial=10;start_type=ATG;rbs_motif=AGGA/GGAG/GAGG;rbs_spacer=11-12bp;gc_cont=0.646	vanG	3002909	Strict	55.61	64.47	glycopeptide antibiotic	antibiotic target alteration	glycopeptide resistance gene cluster; Van ligase	vancomycin	False	chromosome_like	1		
RM2016_batch04A_newcountries12	ERR1713381	k141_39672	k141_39672_2 # 683 # 1432 # -1 # ID=63174_2;partial=01;start_type=Edge;rbs_motif=None;rbs_spacer=None;gc_cont=0.609	vanW gene in vanG cluster	3002965	Strict	51.61	88.61	glycopeptide antibiotic	antibiotic target alteration	vanW; glycopeptide resistance gene cluster	vancomycin	False	chromosome_like	1		
RM2016_batch04A_newcountries12	ERR1713381	k141_876482	k141_876482_1 # 193 # 849 # -1 # ID=63229_1;partial=00;start_type=ATG;rbs_motif=AGGAG;rbs_spacer=5-10bp;gc_cont=0.438	QnrS2	3002791	Perfect	100.0	100.0	fluoroquinolone antibiotic	antibiotic target protection	quinolone resistance protein (qnr)	ciprofloxacin; levofloxacin; moxifloxacin; gatifloxacin; nalidixic acid; norfloxacin; sparfloxacin	False	chromosome_like	1		
RM2016_batch04A_newcountries12	ERR1713381	k141_1016007	k141_1016007_11 # 11921 # 13534 # -1 # ID=63278_11;partial=00;start_type=ATG;rbs_motif=AGGAG;rbs_spacer=5-10bp;gc_cont=0.429	vanW gene in vanI cluster	3003724	Strict	39.6	143.97	glycopeptide antibiotic	antibiotic target alteration	vanW; glycopeptide resistance gene cluster	vancomycin; teicoplanin	False	chromosome_like	1		
RM2016_batch04A_newcountries12	ERR1713381	k141_1016142	k141_1016142_1 # 3 # 1283 # 1 # ID=63437_1;partial=10;start_type=Edge;rbs_motif=None;rbs_spacer=None;gc_cont=0.652	vanW gene in vanI cluster	3003724	Strict	32.56	114.21	glycopeptide antibiotic	antibiotic target alteration	vanW; glycopeptide resistance gene cluster	vancomycin; teicoplanin	False	chromosome_like	1		
RM2016_batch04A_newcountries12	ERR1713381	k141_458855	k141_458855_6 # 8100 # 8504 # -1 # ID=63552_6;partial=00;start_type=ATG;rbs_motif=None;rbs_spacer=None;gc_cont=0.548	FosI	3007370	Strict	80.45	100.0	phosphonic acid antibiotic	antibiotic inactivation	fosfomycin thiol transferase	fosfomycin	False	chromosome_like	1		
RM2016_batch04A_newcountries12	ERR1713381	k141_737877	k141_737877_22 # 23159 # 24391 # -1 # ID=64243_22;partial=00;start_type=ATG;rbs_motif=AGGA;rbs_spacer=5-10bp;gc_cont=0.278	vanW gene in vanI cluster	3003724	Strict	29.69	109.92	glycopeptide antibiotic	antibiotic target alteration	vanW; glycopeptide resistance gene cluster	vancomycin; teicoplanin	False	chromosome_like	1		
RM2016_batch04A_newcountries12	ERR1713381	k141_737877	k141_737877_23 # 24555 # 25454 # 1 # ID=64243_23;partial=00;start_type=ATG;rbs_motif=GGA/GAG/AGG;rbs_spacer=5-10bp;gc_cont=0.259	vanY gene in vanB cluster	3002956	Strict	37.02	111.57	glycopeptide antibiotic	antibiotic target alteration	vanY; glycopeptide resistance gene cluster	vancomycin	False	chromosome_like	1		
RM2016_batch04A_newcountries12	ERR1713381	k141_737877	k141_737877_24 # 25504 # 26325 # 1 # ID=64243_24;partial=00;start_type=ATG;rbs_motif=GGAG/GAGG;rbs_spacer=5-10bp;gc_cont=0.268	vanY gene in vanB cluster	3002956	Strict	33.5	101.87	glycopeptide antibiotic	antibiotic target alteration	vanY; glycopeptide resistance gene cluster	vancomycin	False	chromosome_like	1		
RM2016_batch04A_newcountries12	ERR1713381	k141_598974	k141_598974_1 # 1 # 1287 # 1 # ID=64669_1;partial=10;start_type=Edge;rbs_motif=None;rbs_spacer=None;gc_cont=0.327	lsaE	3003206	Strict	97.2	86.64	lincosamide antibiotic; streptogramin antibiotic; pleuromutilin antibiotic	antibiotic target protection	lsa-type ABC-F protein	lincomycin; pleuromutilin	False	chromosome_like	1		
RM2016_batch04A_newcountries12	ERR1713381	k141_459627	k141_459627_5 # 3747 # 4571 # 1 # ID=64771_5;partial=00;start_type=ATG;rbs_motif=GGAG/GAGG;rbs_spacer=5-10bp;gc_cont=0.410	vanY gene in vanA cluster	3002955	Strict	28.17	90.43	glycopeptide antibiotic	antibiotic target alteration	vanY; glycopeptide resistance gene cluster	vancomycin; teicoplanin	False	chromosome_like	1		
RM2016_batch04A_newcountries12	ERR1713381	k141_181314	k141_181314_3 # 1002 # 2366 # -1 # ID=64807_3;partial=01;start_type=Edge;rbs_motif=None;rbs_spacer=None;gc_cont=0.300	vanW gene in vanI cluster	3003724	Strict	35.44	121.72	glycopeptide antibiotic	antibiotic target alteration	vanW; glycopeptide resistance gene cluster	vancomycin; teicoplanin	False	chromosome_like	1		
RM2016_batch04A_newcountries12	ERR1713381	k141_42111	k141_42111_3 # 1784 # 2692 # 1 # ID=66672_3;partial=00;start_type=ATG;rbs_motif=GGAGG;rbs_spacer=5-10bp;gc_cont=0.405	aad(6)	3002628	Strict	88.41	109.42	aminoglycoside antibiotic	antibiotic inactivation	ANT(6)	streptomycin	True	plasmid_like		0.827	
RM2016_batch04A_newcountries12	ERR1713381	k141_42111	k141_42111_4 # 2689 # 3231 # 1 # ID=66672_4;partial=00;start_type=GTG;rbs_motif=AGxAGG/AGGxGG;rbs_spacer=5-10bp;gc_cont=0.378	SAT-4	3002897	Strict	99.44	100.0	nucleoside antibiotic	antibiotic inactivation	streptothricin acetyltransferase (SAT)	streptothricin	True	plasmid_like		0.827	
RM2016_batch04A_newcountries12	ERR1713381	k141_878828	k141_878828_9 # 7354 # 8154 # -1 # ID=66958_9;partial=00;start_type=ATG;rbs_motif=TAA;rbs_spacer=10bp;gc_cont=0.342	ErmF	3000498	Strict	99.25	100.0	macrolide antibiotic; lincosamide antibiotic; streptogramin antibiotic; streptogramin A antibiotic; streptogramin B antibiotic	antibiotic target alteration	Erm 23S ribosomal RNA methyltransferase	erythromycin; roxithromycin; lincomycin; telithromycin; clarithromycin; clindamycin; tylosin; spiramycin; azithromycin; dirithromycin; pristinamycin IA; quinupristin; virginiamycin M1; madumycin II; griseoviridin; dalfopristin; pristinamycin IB; virginiamycin S2; pristinamycin IC; vernamycin C; patricin A; patricin B; ostreogrycin B3; oleandomycin	True	virus_like			0.9427
RM2016_batch04A_newcountries12	ERR1713381	k141_740368	k141_740368_1 # 3 # 818 # -1 # ID=67863_1;partial=10;start_type=ATG;rbs_motif=AGxAGG/AGGxGG;rbs_spacer=11-12bp;gc_cont=0.420	vanY gene in vanB cluster	3002956	Strict	35.29	101.49	glycopeptide antibiotic	antibiotic target alteration	vanY; glycopeptide resistance gene cluster	vancomycin	False	chromosome_like	1		
RM2016_batch04A_newcountries12	ERR1713381	k141_461855	k141_461855_2 # 1043 # 1306 # -1 # ID=68381_2;partial=01;start_type=Edge;rbs_motif=None;rbs_spacer=None;gc_cont=0.455	vanY gene in vanG cluster	3002959	Strict	56.14	31.18	glycopeptide antibiotic	antibiotic target alteration	vanY; glycopeptide resistance gene cluster	vancomycin	False	chromosome_like	1		
RM2016_batch04A_newcountries12	ERR1713381	k141_183987	k141_183987_3 # 1110 # 1598 # 1 # ID=68933_3;partial=00;start_type=ATG;rbs_motif=GGAG/GAGG;rbs_spacer=5-10bp;gc_cont=0.411	nimG	3007109	Strict	50.31	98.78	nitroimidazole antibiotic	antibiotic inactivation	nitroimidazole reductase	metronidazole	False	chromosome_like	1		
RM2016_batch04A_newcountries12	ERR1713381	k141_184529	k141_184529_4 # 2547 # 3110 # -1 # ID=69713_4;partial=00;start_type=TTG;rbs_motif=AGGAGG;rbs_spacer=5-10bp;gc_cont=0.530	vanY gene in vanF cluster	3002958	Strict	37.14	63.82	glycopeptide antibiotic	antibiotic target alteration	vanY; glycopeptide resistance gene cluster	vancomycin	False	chromosome_like	1		
RM2016_batch04A_newcountries12	ERR1713381	k141_462715	k141_462715_1 # 1 # 1620 # 1 # ID=69730_1;partial=10;start_type=Edge;rbs_motif=None;rbs_spacer=None;gc_cont=0.410	tet(32)	3000196	Strict	99.81	84.35	tetracycline antibiotic	antibiotic target protection	tetracycline-resistant ribosomal protection protein	tetracycline; doxycycline; minocycline; chlortetracycline; demeclocycline; oxytetracycline	True	plasmid_like		0.9927	
RM2016_batch04A_newcountries12	ERR1713381	k141_603431	k141_603431_3 # 1978 # 3039 # 1 # ID=71593_3;partial=00;start_type=TTG;rbs_motif=AGGA;rbs_spacer=5-10bp;gc_cont=0.417	vanG	3002909	Strict	40.62	101.15	glycopeptide antibiotic	antibiotic target alteration	glycopeptide resistance gene cluster; Van ligase	vancomycin	False	chromosome_like	1		
RM2016_batch04A_newcountries12	ERR1713381	k141_882022	k141_882022_1 # 3 # 1802 # -1 # ID=72151_1;partial=11;start_type=Edge;rbs_motif=None;rbs_spacer=None;gc_cont=0.317	tet(36)	3000197	Strict	48.17	93.75	tetracycline antibiotic	antibiotic target protection	tetracycline-resistant ribosomal protection protein	tetracycline; doxycycline; minocycline; chlortetracycline; demeclocycline; oxytetracycline	False	chromosome_like	1		
RM2016_batch04A_newcountries12	ERR1713381	k141_603869	k141_603869_1 # 719 # 1492 # 1 # ID=72326_1;partial=00;start_type=ATG;rbs_motif=AGGAG;rbs_spacer=5-10bp;gc_cont=0.226	ErmQ	3000593	Perfect	100.0	100.0	macrolide antibiotic; lincosamide antibiotic; streptogramin antibiotic; streptogramin A antibiotic; streptogramin B antibiotic	antibiotic target alteration	Erm 23S ribosomal RNA methyltransferase	erythromycin; roxithromycin; lincomycin; telithromycin; clarithromycin; clindamycin; tylosin; spiramycin; azithromycin; dirithromycin; pristinamycin IA; quinupristin; virginiamycin M1; madumycin II; griseoviridin; dalfopristin; pristinamycin IB; virginiamycin S2; pristinamycin IC; vernamycin C; patricin A; patricin B; ostreogrycin B3; oleandomycin	False	chromosome_like	1		
RM2016_batch04A_newcountries12	ERR1713381	k141_186230	k141_186230_2 # 1239 # 4022 # 1 # ID=72464_2;partial=00;start_type=ATG;rbs_motif=GGA/GAG/AGG;rbs_spacer=11-12bp;gc_cont=0.483	tet(36)	3000197	Strict	30.27	144.84	tetracycline antibiotic	antibiotic target protection	tetracycline-resistant ribosomal protection protein	tetracycline; doxycycline; minocycline; chlortetracycline; demeclocycline; oxytetracycline	False	chromosome_like	1		
RM2016_batch04A_newcountries12	ERR1713381	k141_46090	k141_46090_1 # 2 # 493 # -1 # ID=72770_1;partial=10;start_type=ATG;rbs_motif=GGAGG;rbs_spacer=5-10bp;gc_cont=0.368	vanT gene in vanG cluster	3002972	Strict	54.84	23.03	glycopeptide antibiotic	antibiotic target alteration	glycopeptide resistance gene cluster; vanT	vancomycin	False	chromosome_like	1		
RM2016_batch04A_newcountries12	ERR1713381	k141_882471	k141_882471_2 # 353 # 1516 # -1 # ID=72814_2;partial=00;start_type=GTG;rbs_motif=GGAGG;rbs_spacer=5-10bp;gc_cont=0.418	vanT gene in vanG cluster	3002972	Strict	32.16	54.35	glycopeptide antibiotic	antibiotic target alteration	glycopeptide resistance gene cluster; vanT	vancomycin	False	chromosome_like	1		
RM2016_batch04A_newcountries12	ERR1713381	k141_743691	k141_743691_14 # 8900 # 9976 # -1 # ID=72905_14;partial=00;start_type=ATG;rbs_motif=GGAG/GAGG;rbs_spacer=5-10bp;gc_cont=0.344	vanT gene in vanG cluster	3002972	Strict	31.98	50.28	glycopeptide antibiotic	antibiotic target alteration	glycopeptide resistance gene cluster; vanT	vancomycin	False	chromosome_like	1		
RM2016_batch04A_newcountries12	ERR1713381	k141_1022965	k141_1022965_2 # 1123 # 2379 # 1 # ID=73621_2;partial=00;start_type=ATG;rbs_motif=GGAG/GAGG;rbs_spacer=5-10bp;gc_cont=0.271	vanW gene in vanI cluster	3003724	Strict	29.15	112.06	glycopeptide antibiotic	antibiotic target alteration	vanW; glycopeptide resistance gene cluster	vancomycin; teicoplanin	False	chromosome_like	1		
RM2016_batch04A_newcountries12	ERR1713381	k141_744372	k141_744372_1 # 293 # 781 # 1 # ID=73927_1;partial=00;start_type=ATG;rbs_motif=GGAG/GAGG;rbs_spacer=5-10bp;gc_cont=0.421	nimE	3007107	Strict	52.47	95.29	nitroimidazole antibiotic	antibiotic inactivation	nitroimidazole reductase	metronidazole	False	chromosome_like	1		
RM2016_batch04A_newcountries12	ERR1713381	k141_744692	k141_744692_11 # 10545 # 11768 # -1 # ID=74398_11;partial=00;start_type=ATG;rbs_motif=AGGA/GGAG/GAGG;rbs_spacer=11-12bp;gc_cont=0.439	vanT gene in vanG cluster	3002972	Strict	35.56	57.16	glycopeptide antibiotic	antibiotic target alteration	glycopeptide resistance gene cluster; vanT	vancomycin	False	chromosome_like	1		
RM2016_batch04A_newcountries12	ERR1713381	k141_745153	k141_745153_1 # 1 # 1815 # 1 # ID=75064_1;partial=10;start_type=Edge;rbs_motif=None;rbs_spacer=None;gc_cont=0.332	tet(Q)	3000191	Strict	66.39	91.93	tetracycline antibiotic	antibiotic target protection	tetracycline-resistant ribosomal protection protein	tetracycline; doxycycline; minocycline; chlortetracycline; demeclocycline; oxytetracycline	False	chromosome_like	1		
RM2016_batch04A_newcountries12	ERR1713381	k141_884807	k141_884807_5 # 2954 # 3613 # -1 # ID=76355_5;partial=00;start_type=ATG;rbs_motif=AGGAGG;rbs_spacer=5-10bp;gc_cont=0.355	catQ	3002687	Strict	99.54	100.0	phenicol antibiotic	antibiotic inactivation	chloramphenicol acetyltransferase (CAT)	azidamfenicol; chloramphenicol; thiamphenicol	False	chromosome_like	1		
RM2016_batch04A_newcountries12	ERR1713381	k141_48551	k141_48551_2 # 517 # 1698 # 1 # ID=76679_2;partial=00;start_type=ATG;rbs_motif=GGAG/GAGG;rbs_spacer=5-10bp;gc_cont=0.335	vanT gene in vanG cluster	3002972	Strict	37.87	55.2	glycopeptide antibiotic	antibiotic target alteration	glycopeptide resistance gene cluster; vanT	vancomycin	False	chromosome_like	1		
RM2016_batch04A_newcountries12	ERR1713381	k141_885443	k141_885443_1 # 2 # 1162 # 1 # ID=77259_1;partial=11;start_type=Edge;rbs_motif=None;rbs_spacer=None;gc_cont=0.429	vanW gene in vanI cluster	3003724	Strict	39.06	103.75	glycopeptide antibiotic	antibiotic target alteration	vanW; glycopeptide resistance gene cluster	vancomycin; teicoplanin	False	chromosome_like	1		
RM2016_batch04A_newcountries12	ERR1713381	k141_329077	k141_329077_3 # 1256 # 2017 # -1 # ID=78091_3;partial=00;start_type=ATG;rbs_motif=GGAGG;rbs_spacer=5-10bp;gc_cont=0.631	vanY gene in vanG cluster	3002959	Strict	32.97	90.68	glycopeptide antibiotic	antibiotic target alteration	vanY; glycopeptide resistance gene cluster	vancomycin	False	chromosome_like	1		
RM2016_batch04A_newcountries12	ERR1713381	k141_607720	k141_607720_1 # 2 # 697 # 1 # ID=78140_1;partial=10;start_type=Edge;rbs_motif=None;rbs_spacer=None;gc_cont=0.366	vanY gene in vanB cluster	3002956	Strict	60.44	86.19	glycopeptide antibiotic	antibiotic target alteration	vanY; glycopeptide resistance gene cluster	vancomycin	False	chromosome_like	1		
RM2016_batch04A_newcountries12	ERR1713381	k141_886325	k141_886325_1 # 2 # 811 # -1 # ID=78677_1;partial=10;start_type=GTG;rbs_motif=AGGAG;rbs_spacer=5-10bp;gc_cont=0.526	vanW gene in vanI cluster	3003724	Strict	23.77	72.39	glycopeptide antibiotic	antibiotic target alteration	vanW; glycopeptide resistance gene cluster	vancomycin; teicoplanin	False	chromosome_like	1		
RM2016_batch04A_newcountries12	ERR1713381	k141_608232	k141_608232_4 # 1824 # 2687 # -1 # ID=78888_4;partial=00;start_type=ATG;rbs_motif=GGA/GAG/AGG;rbs_spacer=5-10bp;gc_cont=0.535	GES-1	3002330	Perfect	100.0	100.0	carbapenem; cephalosporin; penam	antibiotic inactivation	GES beta-lactamase		True	plasmid_like		0.7442	
RM2016_batch04A_newcountries12	ERR1713381	k141_608789	k141_608789_4 # 1400 # 2569 # -1 # ID=79808_4;partial=00;start_type=ATG;rbs_motif=GGAG/GAGG;rbs_spacer=5-10bp;gc_cont=0.673	vanT gene in vanG cluster	3002972	Strict	34.22	54.63	glycopeptide antibiotic	antibiotic target alteration	glycopeptide resistance gene cluster; vanT	vancomycin	False	chromosome_like	1		
RM2016_batch04A_newcountries12	ERR1713381	k141_1026896	k141_1026896_2 # 564 # 1055 # 1 # ID=79817_2;partial=01;start_type=ATG;rbs_motif=GGAG/GAGG;rbs_spacer=5-10bp;gc_cont=0.474	vanY gene in vanG cluster	3002959	Strict	37.35	58.78	glycopeptide antibiotic	antibiotic target alteration	vanY; glycopeptide resistance gene cluster	vancomycin	False	chromosome_like	1		
RM2016_batch04A_newcountries12	ERR1713381	k141_50772	k141_50772_2 # 703 # 1359 # -1 # ID=79954_2;partial=01;start_type=Edge;rbs_motif=None;rbs_spacer=None;gc_cont=0.651	vanY gene in vanG cluster	3002959	Strict	49.21	78.14	glycopeptide antibiotic	antibiotic target alteration	vanY; glycopeptide resistance gene cluster	vancomycin	False	chromosome_like	1		
RM2016_batch04A_newcountries12	ERR1713381	k141_50792	k141_50792_2 # 146 # 991 # -1 # ID=79981_2;partial=00;start_type=ATG;rbs_motif=None;rbs_spacer=None;gc_cont=0.550	aadA16	3002616	Strict	96.09	100.0	aminoglycoside antibiotic	antibiotic inactivation	ANT(3'')	spectinomycin; streptomycin	False	chromosome_like	1		
RM2016_batch04A_newcountries12	ERR1713381	k141_50840	k141_50840_1 # 226 # 1734 # 1 # ID=80058_1;partial=00;start_type=GTG;rbs_motif=AGxAGG/AGGxGG;rbs_spacer=5-10bp;gc_cont=0.472	vanW gene in vanI cluster	3003724	Strict	27.99	134.58	glycopeptide antibiotic	antibiotic target alteration	vanW; glycopeptide resistance gene cluster	vancomycin; teicoplanin	False	chromosome_like	1		
RM2016_batch04A_newcountries12	ERR1713381	k141_887453	k141_887453_1 # 1 # 1764 # -1 # ID=80330_1;partial=10;start_type=ATG;rbs_motif=AAAA;rbs_spacer=4bp;gc_cont=0.370	tet(M)	3000186	Strict	95.24	92.02	tetracycline antibiotic	antibiotic target protection	tetracycline-resistant ribosomal protection protein	tetracycline; doxycycline; minocycline; chlortetracycline; demeclocycline; oxytetracycline	False	chromosome_like	1		
RM2016_batch04A_newcountries12	ERR1713381	k141_191658	k141_191658_2 # 883 # 3642 # 1 # ID=80972_2;partial=00;start_type=ATG;rbs_motif=AGGA;rbs_spacer=5-10bp;gc_cont=0.452	tet(36)	3000197	Strict	30.0	143.59	tetracycline antibiotic	antibiotic target protection	tetracycline-resistant ribosomal protection protein	tetracycline; doxycycline; minocycline; chlortetracycline; demeclocycline; oxytetracycline	False	chromosome_like	1		
RM2016_batch04A_newcountries12	ERR1713381	k141_330822	k141_330822_1 # 2 # 949 # 1 # ID=81209_1;partial=10;start_type=Edge;rbs_motif=None;rbs_spacer=None;gc_cont=0.300	vanW gene in vanI cluster	3003724	Strict	36.45	84.45	glycopeptide antibiotic	antibiotic target alteration	vanW; glycopeptide resistance gene cluster	vancomycin; teicoplanin	False	chromosome_like	1		
RM2016_batch04A_newcountries12	ERR1713381	k141_610386	k141_610386_1 # 3 # 872 # 1 # ID=82233_1;partial=10;start_type=Edge;rbs_motif=None;rbs_spacer=None;gc_cont=0.383	mphG	3003742	Strict	91.0	98.3	macrolide antibiotic	antibiotic inactivation	macrolide phosphotransferase (MPH)	erythromycin; clarithromycin; azithromycin	False	chromosome_like	1		
RM2016_batch04A_newcountries12	ERR1713381	k141_470831	k141_470831_2 # 724 # 1878 # 1 # ID=82532_2;partial=00;start_type=ATG;rbs_motif=GGAGG;rbs_spacer=5-10bp;gc_cont=0.564	vanT gene in vanG cluster	3002972	Strict	33.78	53.93	glycopeptide antibiotic	antibiotic target alteration	glycopeptide resistance gene cluster; vanT	vancomycin	False	chromosome_like	1		
RM2016_batch04A_newcountries12	ERR1713381	k141_889050	k141_889050_7 # 4350 # 5519 # -1 # ID=82822_7;partial=00;start_type=ATG;rbs_motif=AGGAGG;rbs_spacer=11-12bp;gc_cont=0.406	vanT gene in vanG cluster	3002972	Strict	34.52	54.63	glycopeptide antibiotic	antibiotic target alteration	glycopeptide resistance gene cluster; vanT	vancomycin	False	chromosome_like	1		
RM2016_batch04A_newcountries12	ERR1713381	k141_1029051	k141_1029051_5 # 2363 # 3586 # -1 # ID=82995_5;partial=00;start_type=GTG;rbs_motif=None;rbs_spacer=None;gc_cont=0.615	tet(33)	3000478	Strict	99.51	100.0	tetracycline antibiotic	antibiotic efflux	major facilitator superfamily (MFS) antibiotic efflux pump	tetracycline	True	plasmid_like		0.8005	
RM2016_batch04A_newcountries12	ERR1713381	k141_889540	k141_889540_2 # 363 # 1376 # -1 # ID=83600_2;partial=01;start_type=Edge;rbs_motif=None;rbs_spacer=None;gc_cont=0.471	vanT gene in vanG cluster	3002972	Strict	33.12	47.33	glycopeptide antibiotic	antibiotic target alteration	glycopeptide resistance gene cluster; vanT	vancomycin	False	chromosome_like	1		
RM2016_batch04A_newcountries12	ERR1713381	k141_889834	k141_889834_1 # 1100 # 2065 # 1 # ID=83998_1;partial=00;start_type=ATG;rbs_motif=TAA;rbs_spacer=11bp;gc_cont=0.357	CfxA3	3003003	Perfect	100.0	100.0	cephamycin	antibiotic inactivation	CfxA beta-lactamase		True	plasmid_like		0.9788	
RM2016_batch04A_newcountries12	ERR1713381	k141_194382	k141_194382_6 # 3663 # 4460 # -1 # ID=85055_6;partial=01;start_type=Edge;rbs_motif=None;rbs_spacer=None;gc_cont=0.608	vanY gene in vanM cluster	3002961	Strict	36.84	113.73	glycopeptide antibiotic	antibiotic target alteration	vanY; glycopeptide resistance gene cluster	vancomycin; teicoplanin	False	chromosome_like	1		
RM2016_batch04A_newcountries12	ERR1713381	k141_890550	k141_890550_5 # 3170 # 4333 # 1 # ID=85126_5;partial=00;start_type=ATG;rbs_motif=AGGAG;rbs_spacer=5-10bp;gc_cont=0.385	vanT gene in vanG cluster	3002972	Strict	38.75	54.35	glycopeptide antibiotic	antibiotic target alteration	glycopeptide resistance gene cluster; vanT	vancomycin	False	chromosome_like	1		
RM2016_batch04A_newcountries12	ERR1713381	k141_195376	k141_195376_1 # 1 # 285 # 1 # ID=86605_1;partial=10;start_type=Edge;rbs_motif=None;rbs_spacer=None;gc_cont=0.460	vanY gene in vanF cluster	3002958	Strict	39.36	32.08	glycopeptide antibiotic	antibiotic target alteration	vanY; glycopeptide resistance gene cluster	vancomycin	False	chromosome_like	1		
RM2016_batch04A_newcountries12	ERR1713381	k141_334459	k141_334459_5 # 3063 # 4319 # 1 # ID=86689_5;partial=00;start_type=ATG;rbs_motif=AGGA/GGAG/GAGG;rbs_spacer=11-12bp;gc_cont=0.280	vanY gene in vanA cluster	3002955	Strict	40.54	137.95	glycopeptide antibiotic	antibiotic target alteration	vanY; glycopeptide resistance gene cluster	vancomycin; teicoplanin	False	chromosome_like	1		
RM2016_batch04A_newcountries12	ERR1713381	k141_334470	k141_334470_2 # 410 # 1591 # -1 # ID=86709_2;partial=00;start_type=ATG;rbs_motif=None;rbs_spacer=None;gc_cont=0.352	vanT gene in vanG cluster	3002972	Strict	38.38	55.2	glycopeptide antibiotic	antibiotic target alteration	glycopeptide resistance gene cluster; vanT	vancomycin	False	chromosome_like	1		
RM2016_batch04A_newcountries12	ERR1713381	k141_55566	k141_55566_1 # 2 # 955 # -1 # ID=86781_1;partial=10;start_type=ATG;rbs_motif=AGGAGG;rbs_spacer=5-10bp;gc_cont=0.410	vanG	3002909	Strict	56.33	91.12	glycopeptide antibiotic	antibiotic target alteration	glycopeptide resistance gene cluster; Van ligase	vancomycin	False	chromosome_like	1		
RM2016_batch04A_newcountries12	ERR1713381	k141_1031960	k141_1031960_1 # 1 # 636 # 1 # ID=87270_1;partial=10;start_type=Edge;rbs_motif=None;rbs_spacer=None;gc_cont=0.387	vanY gene in vanB cluster	3002956	Strict	36.0	78.73	glycopeptide antibiotic	antibiotic target alteration	vanY; glycopeptide resistance gene cluster	vancomycin	False	chromosome_like	1		
RM2016_batch04A_newcountries12	ERR1713381	k141_55899	k141_55899_3 # 1832 # 2071 # -1 # ID=87352_3;partial=01;start_type=Edge;rbs_motif=None;rbs_spacer=None;gc_cont=0.317	vanY gene in vanF cluster	3002958	Strict	50.65	26.96	glycopeptide antibiotic	antibiotic target alteration	vanY; glycopeptide resistance gene cluster	vancomycin	False	chromosome_like	1		
RM2016_batch04A_newcountries12	ERR1713381	k141_753781	k141_753781_5 # 3505 # 4335 # 1 # ID=87749_5;partial=00;start_type=ATG;rbs_motif=None;rbs_spacer=None;gc_cont=0.454	vanY gene in vanM cluster	3002961	Strict	35.85	118.45	glycopeptide antibiotic	antibiotic target alteration	vanY; glycopeptide resistance gene cluster	vancomycin; teicoplanin	False	chromosome_like	1		
RM2016_batch04A_newcountries12	ERR1713381	k141_335388	k141_335388_11 # 13587 # 14336 # -1 # ID=88131_11;partial=00;start_type=ATG;rbs_motif=AGGAG;rbs_spacer=5-10bp;gc_cont=0.644	vanY gene in vanB cluster	3002956	Strict	50.27	92.91	glycopeptide antibiotic	antibiotic target alteration	vanY; glycopeptide resistance gene cluster	vancomycin	False	chromosome_like	1		
RM2016_batch04A_newcountries12	ERR1713381	k141_892632	k141_892632_1 # 3 # 881 # 1 # ID=88243_1;partial=10;start_type=Edge;rbs_motif=None;rbs_spacer=None;gc_cont=0.406	vanY gene in vanM cluster	3002961	Strict	32.05	125.32	glycopeptide antibiotic	antibiotic target alteration	vanY; glycopeptide resistance gene cluster	vancomycin; teicoplanin	False	chromosome_like	1		
RM2016_batch04A_newcountries12	ERR1713381	k141_196591	k141_196591_2 # 403 # 903 # 1 # ID=88314_2;partial=00;start_type=GTG;rbs_motif=GGAG/GAGG;rbs_spacer=5-10bp;gc_cont=0.265	LnuP	3004601	Perfect	100.0	100.0	lincosamide antibiotic	antibiotic inactivation	lincosamide nucleotidyltransferase (LNU)	lincomycin	False	chromosome_like	1		
RM2016_batch04A_newcountries12	ERR1713381	k141_614714	k141_614714_2 # 1040 # 1828 # 1 # ID=88937_2;partial=00;start_type=ATG;rbs_motif=GGA/GAG/AGG;rbs_spacer=3-4bp;gc_cont=0.582	aadA5	3002605	Strict	99.62	100.0	aminoglycoside antibiotic	antibiotic inactivation	ANT(3'')	spectinomycin; streptomycin	False	chromosome_like	1		
RM2016_batch04A_newcountries12	ERR1713381	k141_57151	k141_57151_3 # 1417 # 2004 # -1 # ID=89201_3;partial=00;start_type=ATG;rbs_motif=None;rbs_spacer=None;gc_cont=0.531	vanY gene in vanM cluster	3002961	Strict	36.52	83.69	glycopeptide antibiotic	antibiotic target alteration	vanY; glycopeptide resistance gene cluster	vancomycin; teicoplanin	False	chromosome_like	1		
RM2016_batch04A_newcountries12	ERR1713381	k141_893444	k141_893444_2 # 401 # 1093 # -1 # ID=89468_2;partial=01;start_type=Edge;rbs_motif=None;rbs_spacer=None;gc_cont=0.473	vanY gene in vanG cluster	3002959	Strict	65.49	82.44	glycopeptide antibiotic	antibiotic target alteration	vanY; glycopeptide resistance gene cluster	vancomycin	False	chromosome_like	1		
RM2016_batch04A_newcountries12	ERR1713381	k141_754975	k141_754975_2 # 2090 # 3199 # 1 # ID=89572_2;partial=00;start_type=ATG;rbs_motif=4Base/6BMM;rbs_spacer=13-15bp;gc_cont=0.596	vanG	3002909	Strict	39.94	105.73	glycopeptide antibiotic	antibiotic target alteration	glycopeptide resistance gene cluster; Van ligase	vancomycin	False	chromosome_like	1		
RM2016_batch04A_newcountries12	ERR1713381	k141_197766	k141_197766_7 # 6778 # 7095 # -1 # ID=90112_7;partial=00;start_type=ATG;rbs_motif=AGGA;rbs_spacer=5-10bp;gc_cont=0.286	qacJ	3007014	Strict	43.88	98.13	disinfecting agents and antiseptics	antibiotic efflux	small multidrug resistance (SMR) antibiotic efflux pump	benzalkonium chloride	False	chromosome_like	1		
RM2016_batch04A_newcountries12	ERR1713381	k141_1034112	k141_1034112_3 # 1297 # 2727 # -1 # ID=90334_3;partial=00;start_type=ATG;rbs_motif=GGA/GAG/AGG;rbs_spacer=11-12bp;gc_cont=0.435	vanW gene in vanI cluster	3003724	Strict	38.27	127.61	glycopeptide antibiotic	antibiotic target alteration	vanW; glycopeptide resistance gene cluster	vancomycin; teicoplanin	False	chromosome_like	1		
RM2016_batch04A_newcountries12	ERR1713381	k141_198016	k141_198016_2 # 2136 # 3323 # -1 # ID=90505_2;partial=00;start_type=ATG;rbs_motif=AGGAG/GGAGG;rbs_spacer=11-12bp;gc_cont=0.651	vanT gene in vanG cluster	3002972	Strict	37.8	55.48	glycopeptide antibiotic	antibiotic target alteration	glycopeptide resistance gene cluster; vanT	vancomycin	False	chromosome_like	1		
RM2016_batch04A_newcountries12	ERR1713381	k141_476685	k141_476685_5 # 5155 # 6306 # 1 # ID=91183_5;partial=00;start_type=ATG;rbs_motif=GGA/GAG/AGG;rbs_spacer=5-10bp;gc_cont=0.322	vanY gene in vanB cluster	3002956	Strict	33.59	142.91	glycopeptide antibiotic	antibiotic target alteration	vanY; glycopeptide resistance gene cluster	vancomycin	False	chromosome_like	1		
RM2016_batch04A_newcountries12	ERR1713381	k141_58986	k141_58986_1 # 2 # 346 # 1 # ID=91772_1;partial=10;start_type=Edge;rbs_motif=None;rbs_spacer=None;gc_cont=0.339	vanY gene in vanF cluster	3002958	Strict	49.4	38.91	glycopeptide antibiotic	antibiotic target alteration	vanY; glycopeptide resistance gene cluster	vancomycin	False	chromosome_like	1		
RM2016_batch04A_newcountries12	ERR1713381	k141_337777	k141_337777_2 # 101 # 2245 # 1 # ID=91905_2;partial=00;start_type=ATG;rbs_motif=GGAGG;rbs_spacer=5-10bp;gc_cont=0.375	vanT gene in vanG cluster	3002972	Strict	45.7	100.28	glycopeptide antibiotic	antibiotic target alteration	glycopeptide resistance gene cluster; vanT	vancomycin	False	chromosome_like	1		
RM2016_batch04A_newcountries12	ERR1713381	k141_477501	k141_477501_2 # 903 # 2399 # -1 # ID=92543_2;partial=00;start_type=ATG;rbs_motif=AGGA;rbs_spacer=5-10bp;gc_cont=0.375	vanW gene in vanI cluster	3003724	Strict	24.51	133.51	glycopeptide antibiotic	antibiotic target alteration	vanW; glycopeptide resistance gene cluster	vancomycin; teicoplanin	False	chromosome_like	1		
RM2016_batch04A_newcountries12	ERR1713381	k141_757488	k141_757488_1 # 121 # 945 # 1 # ID=93300_1;partial=00;start_type=ATG;rbs_motif=None;rbs_spacer=None;gc_cont=0.259	OXA-347	3001777	Perfect	100.0	100.0	carbapenem; cephalosporin; penam	antibiotic inactivation	OXA beta-lactamase	cloxacillin; oxacillin; cefalotin	True	plasmid_like		0.7257	
RM2016_batch04A_newcountries12	ERR1713381	k141_757488	k141_757488_2 # 1114 # 1977 # 1 # ID=93300_2;partial=00;start_type=ATG;rbs_motif=None;rbs_spacer=None;gc_cont=0.317	aadS	3004683	Perfect	100.0	100.0	aminoglycoside antibiotic	antibiotic inactivation	ANT(6)	streptomycin	True	plasmid_like		0.7257	
RM2016_batch04A_newcountries12	ERR1713381	k141_59943	k141_59943_4 # 2190 # 3398 # 1 # ID=93322_4;partial=00;start_type=ATG;rbs_motif=GGA/GAG/AGG;rbs_spacer=5-10bp;gc_cont=0.600	vanT gene in vanG cluster	3002972	Strict	35.11	56.46	glycopeptide antibiotic	antibiotic target alteration	glycopeptide resistance gene cluster; vanT	vancomycin	False	chromosome_like	1		
RM2016_batch04A_newcountries12	ERR1713381	k141_60261	k141_60261_3 # 1018 # 1572 # -1 # ID=93835_3;partial=00;start_type=ATG;rbs_motif=GGAG/GAGG;rbs_spacer=5-10bp;gc_cont=0.252	vanY gene in vanA cluster	3002955	Strict	33.33	60.73	glycopeptide antibiotic	antibiotic target alteration	vanY; glycopeptide resistance gene cluster	vancomycin; teicoplanin	False	chromosome_like	1		
RM2016_batch04A_newcountries12	ERR1713381	k141_896645	k141_896645_7 # 5717 # 6832 # 1 # ID=94491_7;partial=00;start_type=ATG;rbs_motif=None;rbs_spacer=None;gc_cont=0.404	vanT gene in vanG cluster	3002972	Strict	31.52	52.11	glycopeptide antibiotic	antibiotic target alteration	glycopeptide resistance gene cluster; vanT	vancomycin	False	chromosome_like	1		
RM2016_batch04A_newcountries12	ERR1713381	k141_60963	k141_60963_3 # 694 # 1284 # -1 # ID=94916_3;partial=00;start_type=ATG;rbs_motif=AGGAG;rbs_spacer=5-10bp;gc_cont=0.283	vanY gene in vanB cluster	3002956	Strict	36.45	73.13	glycopeptide antibiotic	antibiotic target alteration	vanY; glycopeptide resistance gene cluster	vancomycin	False	chromosome_like	1		
RM2016_batch04A_newcountries12	ERR1713381	k141_758551	k141_758551_4 # 1440 # 2609 # -1 # ID=95069_4;partial=00;start_type=ATG;rbs_motif=AGxAGG/AGGxGG;rbs_spacer=5-10bp;gc_cont=0.272	vanT gene in vanG cluster	3002972	Strict	32.89	54.63	glycopeptide antibiotic	antibiotic target alteration	glycopeptide resistance gene cluster; vanT	vancomycin	False	chromosome_like	1		
RM2016_batch04A_newcountries12	ERR1713381	k141_1037080	k141_1037080_3 # 1083 # 1412 # 1 # ID=95200_3;partial=00;start_type=ATG;rbs_motif=AGGA/GGAG/GAGG;rbs_spacer=11-12bp;gc_cont=0.394	qacJ	3007014	Strict	37.74	101.87	disinfecting agents and antiseptics	antibiotic efflux	small multidrug resistance (SMR) antibiotic efflux pump	benzalkonium chloride	False	chromosome_like	1		
RM2016_batch04A_newcountries12	ERR1713381	k141_201660	k141_201660_4 # 1168 # 2334 # -1 # ID=96036_4;partial=00;start_type=ATG;rbs_motif=AGGAG/GGAGG;rbs_spacer=11-12bp;gc_cont=0.410	vanT gene in vanG cluster	3002972	Strict	35.45	54.49	glycopeptide antibiotic	antibiotic target alteration	glycopeptide resistance gene cluster; vanT	vancomycin	False	chromosome_like	1		
RM2016_batch04A_newcountries12	ERR1713381	k141_619605	k141_619605_5 # 2094 # 2840 # -1 # ID=96549_5;partial=00;start_type=ATG;rbs_motif=AGGAG;rbs_spacer=5-10bp;gc_cont=0.289	vanW gene in vanI cluster	3003724	Strict	34.97	66.49	glycopeptide antibiotic	antibiotic target alteration	vanW; glycopeptide resistance gene cluster	vancomycin; teicoplanin	False	chromosome_like	1		
RM2016_batch04A_newcountries12	ERR1713381	k141_341133	k141_341133_2 # 327 # 1073 # 1 # ID=96834_2;partial=00;start_type=ATG;rbs_motif=AGGAG;rbs_spacer=5-10bp;gc_cont=0.365	vanY gene in vanB cluster	3002956	Strict	38.42	92.54	glycopeptide antibiotic	antibiotic target alteration	vanY; glycopeptide resistance gene cluster	vancomycin	False	chromosome_like	1		
RM2016_batch04A_newcountries12	ERR1713381	k141_619799	k141_619799_1 # 2 # 1891 # -1 # ID=96877_1;partial=10;start_type=ATG;rbs_motif=GGA/GAG/AGG;rbs_spacer=5-10bp;gc_cont=0.444	tet(Q)	3000191	Strict	31.34	95.89	tetracycline antibiotic	antibiotic target protection	tetracycline-resistant ribosomal protection protein	tetracycline; doxycycline; minocycline; chlortetracycline; demeclocycline; oxytetracycline	False	chromosome_like	1		
RM2016_batch04A_newcountries12	ERR1713381	k141_62701	k141_62701_1 # 3 # 239 # -1 # ID=97368_1;partial=10;start_type=ATG;rbs_motif=GGAG/GAGG;rbs_spacer=5-10bp;gc_cont=0.291	vanY gene in vanG cluster	3002959	Strict	51.06	28.32	glycopeptide antibiotic	antibiotic target alteration	vanY; glycopeptide resistance gene cluster	vancomycin	False	chromosome_like	1		
RM2016_batch04A_newcountries12	ERR1713381	k141_202474	k141_202474_3 # 2618 # 3217 # -1 # ID=97373_3;partial=01;start_type=Edge;rbs_motif=None;rbs_spacer=None;gc_cont=0.392	tet(Q)	3000191	Strict	98.94	30.29	tetracycline antibiotic	antibiotic target protection	tetracycline-resistant ribosomal protection protein	tetracycline; doxycycline; minocycline; chlortetracycline; demeclocycline; oxytetracycline	False	chromosome_like	1		
RM2016_batch04A_newcountries12	ERR1713381	k141_620271	k141_620271_4 # 2236 # 3231 # -1 # ID=97570_4;partial=00;start_type=ATG;rbs_motif=AGGAGG;rbs_spacer=5-10bp;gc_cont=0.535	vanH gene in vanO cluster	3002948	Strict	43.14	94.57	glycopeptide antibiotic	antibiotic target alteration	vanH; glycopeptide resistance gene cluster	vancomycin	False	chromosome_like	1		
RM2016_batch04A_newcountries12	ERR1713381	k141_203244	k141_203244_1 # 3 # 1172 # -1 # ID=98556_1;partial=10;start_type=GTG;rbs_motif=GGA/GAG/AGG;rbs_spacer=5-10bp;gc_cont=0.337	vanY gene in vanM cluster	3002961	Strict	36.75	167.38	glycopeptide antibiotic	antibiotic target alteration	vanY; glycopeptide resistance gene cluster	vancomycin; teicoplanin	False	chromosome_like	1		
RM2016_batch04A_newcountries12	ERR1713381	k141_760965	k141_760965_1 # 21 # 1049 # -1 # ID=98679_1;partial=01;start_type=Edge;rbs_motif=None;rbs_spacer=None;gc_cont=0.418	tet(59)	3004441	Strict	99.71	85.5	tetracycline antibiotic	antibiotic efflux	major facilitator superfamily (MFS) antibiotic efflux pump	tetracycline; chlortetracycline; oxytetracycline	False	chromosome_like	1		
RM2016_batch04A_newcountries12	ERR1713381	k141_342479	k141_342479_2 # 2219 # 4177 # 1 # ID=98758_2;partial=00;start_type=ATG;rbs_motif=GGAG/GAGG;rbs_spacer=5-10bp;gc_cont=0.318	tetB(P)	3000195	Strict	97.85	100.0	tetracycline antibiotic	antibiotic target protection	tetracycline-resistant ribosomal protection protein	tetracycline; doxycycline; minocycline; chlortetracycline; demeclocycline; oxytetracycline	False	chromosome_like	1		
RM2016_batch04A_newcountries12	ERR1713381	k141_621134	k141_621134_1 # 3 # 380 # 1 # ID=98870_1;partial=10;start_type=Edge;rbs_motif=None;rbs_spacer=None;gc_cont=0.304	vanY gene in vanF cluster	3002958	Strict	41.18	42.66	glycopeptide antibiotic	antibiotic target alteration	vanY; glycopeptide resistance gene cluster	vancomycin	False	chromosome_like	1		
RM2016_batch04A_newcountries12	ERR1713381	k141_1039910	k141_1039910_16 # 15193 # 15645 # -1 # ID=99438_16;partial=01;start_type=Edge;rbs_motif=None;rbs_spacer=None;gc_cont=0.311	vanY gene in vanA cluster	3002955	Strict	37.84	49.5	glycopeptide antibiotic	antibiotic target alteration	vanY; glycopeptide resistance gene cluster	vancomycin; teicoplanin	False	chromosome_like	1		
RM2016_batch04A_newcountries12	ERR1713381	k141_64021	k141_64021_1 # 302 # 796 # -1 # ID=99472_1;partial=00;start_type=ATG;rbs_motif=GGAG/GAGG;rbs_spacer=5-10bp;gc_cont=0.333	lnuC	3002837	Strict	97.56	100.0	lincosamide antibiotic	antibiotic inactivation	lincosamide nucleotidyltransferase (LNU)	lincomycin	False	chromosome_like	1		
RM2016_batch04A_newcountries12	ERR1713381	k141_343625	k141_343625_1 # 20 # 1939 # 1 # ID=100379_1;partial=00;start_type=ATG;rbs_motif=GGAGG;rbs_spacer=5-10bp;gc_cont=0.532	tet(W)	3000194	Strict	99.22	100.0	tetracycline antibiotic	antibiotic target protection	tetracycline-resistant ribosomal protection protein	tetracycline; doxycycline; minocycline; chlortetracycline; demeclocycline; oxytetracycline	False	chromosome_like	1		
RM2016_batch04A_newcountries12	ERR1713381	k141_622579	k141_622579_1 # 271 # 1491 # -1 # ID=101084_1;partial=00;start_type=ATG;rbs_motif=GGA/GAG/AGG;rbs_spacer=5-10bp;gc_cont=0.497	EreA	3000361	Strict	98.52	100.0	macrolide antibiotic	antibiotic inactivation	macrolide esterase	erythromycin; roxithromycin; clarithromycin	False	chromosome_like	1		
RM2016_batch04A_newcountries12	ERR1713381	k141_622650	k141_622650_1 # 3 # 968 # -1 # ID=101176_1;partial=10;start_type=ATG;rbs_motif=None;rbs_spacer=None;gc_cont=0.297	vanT gene in vanG cluster	3002972	Strict	37.62	45.22	glycopeptide antibiotic	antibiotic target alteration	glycopeptide resistance gene cluster; vanT	vancomycin	False	chromosome_like	1		
RM2016_batch04A_newcountries12	ERR1713381	k141_205374	k141_205374_4 # 1336 # 2115 # 1 # ID=101985_4;partial=00;start_type=ATG;rbs_motif=GGA/GAG/AGG;rbs_spacer=5-10bp;gc_cont=0.387	vanY gene in vanA cluster	3002955	Strict	32.62	85.48	glycopeptide antibiotic	antibiotic target alteration	vanY; glycopeptide resistance gene cluster	vancomycin; teicoplanin	False	chromosome_like	1		
RM2016_batch04A_newcountries12	ERR1713381	k141_66145	k141_66145_5 # 2240 # 3403 # -1 # ID=102543_5;partial=00;start_type=GTG;rbs_motif=GGAGG;rbs_spacer=5-10bp;gc_cont=0.429	vanT gene in vanG cluster	3002972	Strict	31.89	54.35	glycopeptide antibiotic	antibiotic target alteration	glycopeptide resistance gene cluster; vanT	vancomycin	False	chromosome_like	1		
RM2016_batch04A_newcountries12	ERR1713381	k141_345497	k141_345497_2 # 764 # 1915 # 1 # ID=103362_2;partial=00;start_type=ATG;rbs_motif=GGA/GAG/AGG;rbs_spacer=5-10bp;gc_cont=0.314	vanY gene in vanM cluster	3002961	Strict	29.58	164.38	glycopeptide antibiotic	antibiotic target alteration	vanY; glycopeptide resistance gene cluster	vancomycin; teicoplanin	False	chromosome_like	1		
RM2016_batch04A_newcountries12	ERR1713381	k141_1043050	k141_1043050_1 # 1 # 1056 # 1 # ID=104058_1;partial=10;start_type=Edge;rbs_motif=None;rbs_spacer=None;gc_cont=0.387	vanG	3002909	Strict	41.38	100.57	glycopeptide antibiotic	antibiotic target alteration	glycopeptide resistance gene cluster; Van ligase	vancomycin	False	chromosome_like	1		
RM2016_batch04A_newcountries12	ERR1713381	k141_485392	k141_485392_4 # 3419 # 4519 # 1 # ID=104273_4;partial=00;start_type=ATG;rbs_motif=GGAGG;rbs_spacer=5-10bp;gc_cont=0.553	vanT gene in vanG cluster	3002972	Strict	33.33	51.4	glycopeptide antibiotic	antibiotic target alteration	glycopeptide resistance gene cluster; vanT	vancomycin	False	chromosome_like	1		
RM2016_batch04A_newcountries12	ERR1713381	k141_1044875	k141_1044875_2 # 526 # 1512 # 1 # ID=106816_2;partial=00;start_type=ATG;rbs_motif=AGGAG;rbs_spacer=5-10bp;gc_cont=0.407	vanH gene in vanB cluster	3002943	Strict	39.94	101.55	glycopeptide antibiotic	antibiotic target alteration	vanH; glycopeptide resistance gene cluster	vancomycin	False	chromosome_like	1		
RM2016_batch04A_newcountries12	ERR1713381	k141_1045163	k141_1045163_2 # 903 # 1889 # 1 # ID=107234_2;partial=00;start_type=ATG;rbs_motif=AGGAG;rbs_spacer=5-10bp;gc_cont=0.602	vanH gene in vanO cluster	3002948	Strict	43.94	93.71	glycopeptide antibiotic	antibiotic target alteration	vanH; glycopeptide resistance gene cluster	vancomycin	False	chromosome_like	1		
RM2016_batch04A_newcountries12	ERR1713381	k141_208893	k141_208893_5 # 4237 # 4794 # 1 # ID=107516_5;partial=00;start_type=ATG;rbs_motif=GGAGG;rbs_spacer=5-10bp;gc_cont=0.274	vanY gene in vanA cluster	3002955	Strict	36.36	61.06	glycopeptide antibiotic	antibiotic target alteration	vanY; glycopeptide resistance gene cluster	vancomycin; teicoplanin	False	chromosome_like	1		
RM2016_batch04A_newcountries12	ERR1713381	k141_487670	k141_487670_2 # 280 # 1080 # 1 # ID=107644_2;partial=00;start_type=GTG;rbs_motif=AGGA;rbs_spacer=5-10bp;gc_cont=0.685	vanY gene in vanM cluster	3002961	Strict	29.69	114.16	glycopeptide antibiotic	antibiotic target alteration	vanY; glycopeptide resistance gene cluster	vancomycin; teicoplanin	False	chromosome_like	1		
RM2016_batch04A_newcountries12	ERR1713381	k141_627912	k141_627912_1 # 2 # 562 # 1 # ID=109090_1;partial=10;start_type=Edge;rbs_motif=None;rbs_spacer=None;gc_cont=0.367	vanW gene in vanI cluster	3003724	Strict	44.35	49.87	glycopeptide antibiotic	antibiotic target alteration	vanW; glycopeptide resistance gene cluster	vancomycin; teicoplanin	False	chromosome_like	1		
RM2016_batch04A_newcountries12	ERR1713381	k141_349306	k141_349306_1 # 293 # 1249 # 1 # ID=109167_1;partial=01;start_type=ATG;rbs_motif=AGGA;rbs_spacer=5-10bp;gc_cont=0.591	vanH gene in vanO cluster	3002948	Strict	38.46	91.14	glycopeptide antibiotic	antibiotic target alteration	vanH; glycopeptide resistance gene cluster	vancomycin	False	chromosome_like	1		
RM2016_batch04A_newcountries12	ERR1713381	k141_70778	k141_70778_1 # 38 # 364 # -1 # ID=109484_1;partial=00;start_type=ATG;rbs_motif=AGGAG;rbs_spacer=5-10bp;gc_cont=0.349	qacG	3007015	Strict	42.31	100.93	disinfecting agents and antiseptics	antibiotic efflux	small multidrug resistance (SMR) antibiotic efflux pump	benzalkonium chloride	False	chromosome_like	1		
RM2016_batch04A_newcountries12	ERR1713381	k141_210863	k141_210863_8 # 8247 # 9392 # -1 # ID=110587_8;partial=00;start_type=ATG;rbs_motif=AAA;rbs_spacer=11bp;gc_cont=0.453	vanT gene in vanG cluster	3002972	Strict	32.61	53.51	glycopeptide antibiotic	antibiotic target alteration	glycopeptide resistance gene cluster; vanT	vancomycin	False	chromosome_like	1		
RM2016_batch04A_newcountries12	ERR1713381	k141_211075	k141_211075_2 # 1388 # 1984 # 1 # ID=110906_2;partial=01;start_type=TTG;rbs_motif=GGAG/GAGG;rbs_spacer=5-10bp;gc_cont=0.533	vanW gene in vanI cluster	3003724	Strict	41.94	53.35	glycopeptide antibiotic	antibiotic target alteration	vanW; glycopeptide resistance gene cluster	vancomycin; teicoplanin	False	chromosome_like	1		
RM2016_batch04A_newcountries12	ERR1713381	k141_769390	k141_769390_1 # 2 # 1840 # -1 # ID=111189_1;partial=10;start_type=ATG;rbs_motif=AGGAGG;rbs_spacer=5-10bp;gc_cont=0.403	tet(O)	3000190	Strict	98.86	95.93	tetracycline antibiotic	antibiotic target protection	tetracycline-resistant ribosomal protection protein	tetracycline; doxycycline; minocycline; chlortetracycline; demeclocycline; oxytetracycline	False	chromosome_like	1		
RM2016_batch04A_newcountries12	ERR1713381	k141_350957	k141_350957_2 # 203 # 1012 # -1 # ID=111598_2;partial=00;start_type=ATG;rbs_motif=GGAG/GAGG;rbs_spacer=5-10bp;gc_cont=0.562	vanW gene in vanG cluster	3002965	Strict	30.96	95.73	glycopeptide antibiotic	antibiotic target alteration	vanW; glycopeptide resistance gene cluster	vancomycin	False	chromosome_like	1		
RM2016_batch04A_newcountries12	ERR1713381	k141_350983	k141_350983_2 # 277 # 1176 # -1 # ID=111634_2;partial=01;start_type=Edge;rbs_motif=None;rbs_spacer=None;gc_cont=0.453	vanT gene in vanG cluster	3002972	Strict	39.09	41.99	glycopeptide antibiotic	antibiotic target alteration	glycopeptide resistance gene cluster; vanT	vancomycin	False	chromosome_like	1		
RM2016_batch04A_newcountries12	ERR1713381	k141_350991	k141_350991_2 # 981 # 1721 # 1 # ID=111655_2;partial=00;start_type=ATG;rbs_motif=GGAG/GAGG;rbs_spacer=5-10bp;gc_cont=0.266	ErmT	3000595	Strict	86.94	100.82	macrolide antibiotic; lincosamide antibiotic; streptogramin antibiotic; streptogramin A antibiotic; streptogramin B antibiotic	antibiotic target alteration	Erm 23S ribosomal RNA methyltransferase	erythromycin; roxithromycin; lincomycin; telithromycin; clarithromycin; clindamycin; tylosin; spiramycin; azithromycin; dirithromycin; pristinamycin IA; quinupristin; virginiamycin M1; madumycin II; griseoviridin; dalfopristin; pristinamycin IB; virginiamycin S2; pristinamycin IC; vernamycin C; patricin A; patricin B; ostreogrycin B3; oleandomycin	True	plasmid_like		0.9215	
RM2016_batch04A_newcountries12	ERR1713381	k141_629834	k141_629834_1 # 62 # 1078 # -1 # ID=111928_1;partial=00;start_type=ATG;rbs_motif=GGAG/GAGG;rbs_spacer=5-10bp;gc_cont=0.290	vanY gene in vanM cluster	3002961	Strict	40.14	145.06	glycopeptide antibiotic	antibiotic target alteration	vanY; glycopeptide resistance gene cluster	vancomycin; teicoplanin	False	chromosome_like	1		
RM2016_batch04A_newcountries12	ERR1713381	k141_351694	k141_351694_2 # 1146 # 2360 # 1 # ID=112698_2;partial=00;start_type=ATG;rbs_motif=GGAG/GAGG;rbs_spacer=5-10bp;gc_cont=0.587	cmlA9	3005043	Perfect	100.0	100.0	phenicol antibiotic	antibiotic efflux	major facilitator superfamily (MFS) antibiotic efflux pump	chloramphenicol	True	plasmid_like		0.9895	
RM2016_batch04A_newcountries12	ERR1713381	k141_352040	k141_352040_2 # 134 # 1270 # 1 # ID=113306_2;partial=00;start_type=ATG;rbs_motif=GGA/GAG/AGG;rbs_spacer=11-12bp;gc_cont=0.474	vanT gene in vanG cluster	3002972	Strict	30.08	53.09	glycopeptide antibiotic	antibiotic target alteration	glycopeptide resistance gene cluster; vanT	vancomycin	False	chromosome_like	1		
RM2016_batch04A_newcountries12	ERR1713381	k141_1049652	k141_1049652_5 # 3022 # 4962 # -1 # ID=113903_5;partial=00;start_type=ATG;rbs_motif=GGA/GAG/AGG;rbs_spacer=5-10bp;gc_cont=0.334	tet(S)	3000192	Strict	99.84	100.78	tetracycline antibiotic	antibiotic target protection	tetracycline-resistant ribosomal protection protein	tetracycline; doxycycline; minocycline; chlortetracycline; demeclocycline; oxytetracycline	False	chromosome_like	1		
RM2016_batch04A_newcountries12	ERR1713381	k141_492026	k141_492026_11 # 6858 # 8612 # 1 # ID=114237_11;partial=00;start_type=ATG;rbs_motif=None;rbs_spacer=None;gc_cont=0.275	vanW gene in vanI cluster	3003724	Strict	31.94	156.57	glycopeptide antibiotic	antibiotic target alteration	vanW; glycopeptide resistance gene cluster	vancomycin; teicoplanin	False	chromosome_like	1		
RM2016_batch04A_newcountries12	ERR1713381	k141_631481	k141_631481_1 # 33 # 674 # 1 # ID=114266_1;partial=00;start_type=ATG;rbs_motif=AGGA;rbs_spacer=5-10bp;gc_cont=0.268	vanW gene in vanI cluster	3003724	Strict	38.46	57.1	glycopeptide antibiotic	antibiotic target alteration	vanW; glycopeptide resistance gene cluster	vancomycin; teicoplanin	False	chromosome_like	1		
RM2016_batch04A_newcountries12	ERR1713381	k141_910090	k141_910090_6 # 6839 # 7894 # -1 # ID=114371_6;partial=00;start_type=ATG;rbs_motif=GGxGG;rbs_spacer=3-4bp;gc_cont=0.399	vanW gene in vanI cluster	3003724	Strict	37.04	94.1	glycopeptide antibiotic	antibiotic target alteration	vanW; glycopeptide resistance gene cluster	vancomycin; teicoplanin	False	chromosome_like	1		
RM2016_batch04A_newcountries12	ERR1713381	k141_771862	k141_771862_2 # 879 # 1613 # 1 # ID=114849_2;partial=01;start_type=ATG;rbs_motif=GGAG/GAGG;rbs_spacer=5-10bp;gc_cont=0.340	vanE	3002907	Strict	53.47	69.6	glycopeptide antibiotic	antibiotic target alteration	glycopeptide resistance gene cluster; Van ligase	vancomycin	False	chromosome_like	1		
RM2016_batch04A_newcountries12	ERR1713381	k141_1050617	k141_1050617_2 # 155 # 955 # -1 # ID=115234_2;partial=00;start_type=ATG;rbs_motif=AGGA;rbs_spacer=5-10bp;gc_cont=0.491	OXA-205	3001483	Perfect	100.0	100.0	carbapenem; cephalosporin; penam	antibiotic inactivation	OXA beta-lactamase	cloxacillin; oxacillin; cefalotin	False	chromosome_like	1		
RM2016_batch04A_newcountries12	ERR1713381	k141_214148	k141_214148_3 # 1086 # 1346 # -1 # ID=115411_3;partial=01;start_type=Edge;rbs_motif=None;rbs_spacer=None;gc_cont=0.341	vanY gene in vanA cluster	3002955	Strict	46.75	28.38	glycopeptide antibiotic	antibiotic target alteration	vanY; glycopeptide resistance gene cluster	vancomycin; teicoplanin	False	chromosome_like	1		
RM2016_batch04A_newcountries12	ERR1713381	k141_1050807	k141_1050807_3 # 1979 # 2470 # -1 # ID=115491_3;partial=01;start_type=Edge;rbs_motif=None;rbs_spacer=None;gc_cont=0.307	vanY gene in vanB cluster	3002956	Strict	38.07	60.82	glycopeptide antibiotic	antibiotic target alteration	vanY; glycopeptide resistance gene cluster	vancomycin	False	chromosome_like	1		
RM2016_batch04A_newcountries12	ERR1713381	k141_911423	k141_911423_2 # 331 # 825 # -1 # ID=116290_2;partial=00;start_type=ATG;rbs_motif=GGAG/GAGG;rbs_spacer=5-10bp;gc_cont=0.345	lnuC	3002837	Strict	91.46	100.0	lincosamide antibiotic	antibiotic inactivation	lincosamide nucleotidyltransferase (LNU)	lincomycin	False	chromosome_like	1		
RM2016_batch04A_newcountries12	ERR1713381	k141_773157	k141_773157_6 # 3488 # 3886 # -1 # ID=116742_6;partial=01;start_type=Edge;rbs_motif=None;rbs_spacer=None;gc_cont=0.406	vanY gene in vanB cluster	3002956	Strict	62.5	49.25	glycopeptide antibiotic	antibiotic target alteration	vanY; glycopeptide resistance gene cluster	vancomycin	False	chromosome_like	1		
RM2016_batch04A_newcountries12	ERR1713381	k141_633184	k141_633184_1 # 2 # 1165 # 1 # ID=116814_1;partial=10;start_type=Edge;rbs_motif=None;rbs_spacer=None;gc_cont=0.286	vanW gene in vanI cluster	3003724	Strict	36.19	103.75	glycopeptide antibiotic	antibiotic target alteration	vanW; glycopeptide resistance gene cluster	vancomycin; teicoplanin	False	chromosome_like	1		
RM2016_batch04A_newcountries12	ERR1713381	k141_215639	k141_215639_2 # 401 # 1225 # 1 # ID=117397_2;partial=00;start_type=ATG;rbs_motif=None;rbs_spacer=None;gc_cont=0.465	OXA-211	3001710	Strict	98.18	100.0	carbapenem; cephalosporin; penam	antibiotic inactivation	OXA beta-lactamase	cloxacillin; oxacillin; cefalotin	False	chromosome_like	1		
RM2016_batch04A_newcountries12	ERR1713381	k141_912422	k141_912422_2 # 356 # 877 # 1 # ID=117709_2;partial=00;start_type=ATG;rbs_motif=None;rbs_spacer=None;gc_cont=0.370	nimJ	3007112	Strict	58.39	104.85	nitroimidazole antibiotic	antibiotic inactivation	nitroimidazole reductase	metronidazole	False	chromosome_like	1		
RM2016_batch04A_newcountries12	ERR1713381	k141_912590	k141_912590_1 # 2 # 613 # 1 # ID=117966_1;partial=10;start_type=Edge;rbs_motif=None;rbs_spacer=None;gc_cont=0.359	vanW gene in vanI cluster	3003724	Strict	38.57	54.42	glycopeptide antibiotic	antibiotic target alteration	vanW; glycopeptide resistance gene cluster	vancomycin; teicoplanin	False	chromosome_like	1		
RM2016_batch04A_newcountries12	ERR1713381	k141_634854	k141_634854_3 # 637 # 1365 # -1 # ID=119223_3;partial=01;start_type=Edge;rbs_motif=None;rbs_spacer=None;gc_cont=0.656	vanY gene in vanB cluster	3002956	Strict	41.99	90.3	glycopeptide antibiotic	antibiotic target alteration	vanY; glycopeptide resistance gene cluster	vancomycin	False	chromosome_like	1		
RM2016_batch04A_newcountries12	ERR1713381	k141_77192	k141_77192_28 # 14047 # 15513 # 1 # ID=119462_28;partial=00;start_type=ATG;rbs_motif=AGGA;rbs_spacer=5-10bp;gc_cont=0.460	vanW gene in vanI cluster	3003724	Strict	33.33	130.83	glycopeptide antibiotic	antibiotic target alteration	vanW; glycopeptide resistance gene cluster	vancomycin; teicoplanin	False	chromosome_like	1		
RM2016_batch04A_newcountries12	ERR1713381	k141_636398	k141_636398_2 # 975 # 1460 # 1 # ID=121623_2;partial=01;start_type=ATG;rbs_motif=AAAA;rbs_spacer=15bp;gc_cont=0.494	vanY gene in vanM cluster	3002961	Strict	36.94	69.53	glycopeptide antibiotic	antibiotic target alteration	vanY; glycopeptide resistance gene cluster	vancomycin; teicoplanin	False	chromosome_like	1		
RM2016_batch04A_newcountries12	ERR1713381	k141_218626	k141_218626_2 # 859 # 1749 # 1 # ID=121727_2;partial=00;start_type=ATG;rbs_motif=None;rbs_spacer=None;gc_cont=0.254	vanY gene in vanM cluster	3002961	Strict	33.7	127.04	glycopeptide antibiotic	antibiotic target alteration	vanY; glycopeptide resistance gene cluster	vancomycin; teicoplanin	False	chromosome_like	1		
RM2016_batch04A_newcountries12	ERR1713381	k141_915321	k141_915321_4 # 2392 # 3189 # 1 # ID=122012_4;partial=00;start_type=ATG;rbs_motif=TAA;rbs_spacer=12bp;gc_cont=0.409	vanY gene in vanB cluster	3002956	Strict	29.56	98.88	glycopeptide antibiotic	antibiotic target alteration	vanY; glycopeptide resistance gene cluster	vancomycin	False	chromosome_like	1		
RM2016_batch04A_newcountries12	ERR1713381	k141_1055880	k141_1055880_15 # 16544 # 17383 # -1 # ID=122873_15;partial=00;start_type=GTG;rbs_motif=GGA/GAG/AGG;rbs_spacer=5-10bp;gc_cont=0.335	vanW gene in vanG cluster	3002965	Strict	28.63	99.29	glycopeptide antibiotic	antibiotic target alteration	vanW; glycopeptide resistance gene cluster	vancomycin	False	chromosome_like	1		
RM2016_batch04A_newcountries12	ERR1713381	k141_638176	k141_638176_2 # 671 # 1018 # -1 # ID=124289_2;partial=01;start_type=Edge;rbs_motif=None;rbs_spacer=None;gc_cont=0.451	vanY gene in vanB cluster	3002956	Strict	45.36	42.91	glycopeptide antibiotic	antibiotic target alteration	vanY; glycopeptide resistance gene cluster	vancomycin	False	chromosome_like	1		
RM2016_batch04A_newcountries12	ERR1713381	k141_917898	k141_917898_2 # 617 # 1480 # -1 # ID=125639_2;partial=00;start_type=ATG;rbs_motif=GGAG/GAGG;rbs_spacer=5-10bp;gc_cont=0.336	ANT(6)-Ia	3002626	Strict	83.28	100.0	aminoglycoside antibiotic	antibiotic inactivation	ANT(6)	streptomycin	False	chromosome_like	1		
RM2016_batch04A_newcountries12	ERR1713381	k141_1059216	k141_1059216_3 # 1644 # 2486 # 1 # ID=128139_3;partial=00;start_type=GTG;rbs_motif=None;rbs_spacer=None;gc_cont=0.316	EreD	3004608	Strict	99.64	68.63	macrolide antibiotic	antibiotic inactivation	macrolide esterase	erythromycin	False	chromosome_like	1		
RM2016_batch04A_newcountries12	ERR1713381	k141_781571	k141_781571_2 # 709 # 1833 # 1 # ID=129278_2;partial=00;start_type=GTG;rbs_motif=AAA;rbs_spacer=15bp;gc_cont=0.539	vanT gene in vanG cluster	3002972	Strict	40.0	52.53	glycopeptide antibiotic	antibiotic target alteration	glycopeptide resistance gene cluster; vanT	vancomycin	False	chromosome_like	1		
RM2016_batch04A_newcountries12	ERR1713381	k141_223875	k141_223875_2 # 88 # 540 # 1 # ID=129804_2;partial=00;start_type=GTG;rbs_motif=None;rbs_spacer=None;gc_cont=0.369	vanY gene in vanB cluster	3002956	Strict	58.33	55.97	glycopeptide antibiotic	antibiotic target alteration	vanY; glycopeptide resistance gene cluster	vancomycin	False	chromosome_like	1		
RM2016_batch04A_newcountries12	ERR1713381	k141_1061140	k141_1061140_5 # 3322 # 3852 # 1 # ID=131047_5;partial=00;start_type=ATG;rbs_motif=None;rbs_spacer=None;gc_cont=0.333	vanY gene in vanB cluster	3002956	Strict	60.98	65.67	glycopeptide antibiotic	antibiotic target alteration	vanY; glycopeptide resistance gene cluster	vancomycin	False	chromosome_like	1		
RM2016_batch04A_newcountries12	ERR1713381	k141_921898	k141_921898_1 # 285 # 2126 # 1 # ID=131388_1;partial=00;start_type=ATG;rbs_motif=GGA/GAG/AGG;rbs_spacer=5-10bp;gc_cont=0.274	vanW gene in vanI cluster	3003724	Strict	33.81	164.34	glycopeptide antibiotic	antibiotic target alteration	vanW; glycopeptide resistance gene cluster	vancomycin; teicoplanin	False	chromosome_like	1		
RM2016_batch04A_newcountries12	ERR1713381	k141_1062786	k141_1062786_6 # 7726 # 8784 # 1 # ID=133544_6;partial=00;start_type=GTG;rbs_motif=TATAA;rbs_spacer=4bp;gc_cont=0.339	vanY gene in vanM cluster	3002961	Strict	26.06	151.07	glycopeptide antibiotic	antibiotic target alteration	vanY; glycopeptide resistance gene cluster	vancomycin; teicoplanin	False	chromosome_like	1		
RM2016_batch04A_newcountries12	ERR1713381	k141_1062953	k141_1062953_6 # 5224 # 7866 # 1 # ID=133817_6;partial=00;start_type=ATG;rbs_motif=AAAAA;rbs_spacer=7bp;gc_cont=0.402	tet(Q)	3000191	Strict	31.22	133.94	tetracycline antibiotic	antibiotic target protection	tetracycline-resistant ribosomal protection protein	tetracycline; doxycycline; minocycline; chlortetracycline; demeclocycline; oxytetracycline	False	chromosome_like	1		
RM2016_batch04A_newcountries12	ERR1713381	k141_1064370	k141_1064370_1 # 3 # 992 # 1 # ID=135998_1;partial=10;start_type=Edge;rbs_motif=None;rbs_spacer=None;gc_cont=0.349	tet(M)	3000186	Strict	84.49	51.49	tetracycline antibiotic	antibiotic target protection	tetracycline-resistant ribosomal protection protein	tetracycline; doxycycline; minocycline; chlortetracycline; demeclocycline; oxytetracycline	False	chromosome_like	1		
RM2016_batch04A_newcountries12	ERR1713381	k141_925522	k141_925522_4 # 2254 # 3225 # 1 # ID=136694_4;partial=00;start_type=ATG;rbs_motif=AGGAG;rbs_spacer=5-10bp;gc_cont=0.495	vanH gene in vanM cluster	3002947	Strict	37.74	99.08	glycopeptide antibiotic	antibiotic target alteration	vanH; glycopeptide resistance gene cluster	vancomycin; teicoplanin	False	chromosome_like	1		
RM2016_batch04A_newcountries12	ERR1713381	k141_90007	k141_90007_3 # 1129 # 1599 # -1 # ID=138554_3;partial=00;start_type=ATG;rbs_motif=None;rbs_spacer=None;gc_cont=0.384	nimJ	3007112	Strict	48.08	94.55	nitroimidazole antibiotic	antibiotic inactivation	nitroimidazole reductase	metronidazole	False	chromosome_like	1		
RM2016_batch04A_newcountries12	ERR1713381	k141_90012	k141_90012_20 # 19812 # 20777 # 1 # ID=138603_20;partial=00;start_type=ATG;rbs_motif=GGA/GAG/AGG;rbs_spacer=5-10bp;gc_cont=0.387	vanY gene in vanB cluster	3002956	Strict	43.39	119.78	glycopeptide antibiotic	antibiotic target alteration	vanY; glycopeptide resistance gene cluster	vancomycin	False	chromosome_like	1		
RM2016_batch04A_newcountries12	ERR1713381	k141_788249	k141_788249_5 # 3468 # 4943 # -1 # ID=138969_5;partial=00;start_type=ATG;rbs_motif=TAA;rbs_spacer=11bp;gc_cont=0.409	vanW gene in vanI cluster	3003724	Strict	29.57	131.64	glycopeptide antibiotic	antibiotic target alteration	vanW; glycopeptide resistance gene cluster	vancomycin; teicoplanin	False	chromosome_like	1		
RM2016_batch04A_newcountries12	ERR1713381	k141_927202	k141_927202_2 # 287 # 1429 # 1 # ID=139134_2;partial=00;start_type=ATG;rbs_motif=GGAGG;rbs_spacer=5-10bp;gc_cont=0.444	vanT gene in vanG cluster	3002972	Strict	33.24	53.37	glycopeptide antibiotic	antibiotic target alteration	glycopeptide resistance gene cluster; vanT	vancomycin	False	chromosome_like	1		
RM2016_batch04A_newcountries12	ERR1713381	k141_1066702	k141_1066702_2 # 101 # 3250 # 1 # ID=139222_2;partial=01;start_type=ATG;rbs_motif=GGA/GAG/AGG;rbs_spacer=5-10bp;gc_cont=0.321	adeF	3000777	Strict	41.91	99.15	fluoroquinolone antibiotic; tetracycline antibiotic	antibiotic efflux	resistance-nodulation-cell division (RND) antibiotic efflux pump	tetracycline	False	chromosome_like	1		
RM2016_batch04A_newcountries12	ERR1713381	k141_509323	k141_509323_4 # 2056 # 2382 # 1 # ID=140135_4;partial=00;start_type=ATG;rbs_motif=AGGAG;rbs_spacer=5-10bp;gc_cont=0.306	qacJ	3007014	Strict	49.52	100.93	disinfecting agents and antiseptics	antibiotic efflux	small multidrug resistance (SMR) antibiotic efflux pump	benzalkonium chloride	False	chromosome_like	1		
RM2016_batch04A_newcountries12	ERR1713381	k141_370146	k141_370146_2 # 356 # 679 # 1 # ID=140284_2;partial=00;start_type=TTG;rbs_motif=AGGAGG;rbs_spacer=5-10bp;gc_cont=0.537	qacG	3007015	Strict	44.86	100.0	disinfecting agents and antiseptics	antibiotic efflux	small multidrug resistance (SMR) antibiotic efflux pump	benzalkonium chloride	False	chromosome_like	1		
RM2016_batch04A_newcountries12	ERR1713381	k141_91826	k141_91826_1 # 3 # 938 # 1 # ID=141046_1;partial=10;start_type=Edge;rbs_motif=None;rbs_spacer=None;gc_cont=0.516	ANT(3'')-IIa	3004089	Strict	87.99	96.28	aminoglycoside antibiotic	antibiotic inactivation	ANT(3'')	spectinomycin; streptomycin	False	chromosome_like	1		
RM2016_batch04A_newcountries12	ERR1713381	k141_91826	k141_91826_3 # 1501 # 2364 # 1 # ID=141046_3;partial=00;start_type=ATG;rbs_motif=AGGA;rbs_spacer=5-10bp;gc_cont=0.557	sul4	3004361	Perfect	100.0	100.0	sulfonamide antibiotic	antibiotic target replacement	sulfonamide resistant sul	sulfamethoxazole	False	chromosome_like	1		
RM2016_batch04A_newcountries12	ERR1713381	k141_370841	k141_370841_1 # 163 # 717 # 1 # ID=141218_1;partial=00;start_type=ATG;rbs_motif=GGA/GAG/AGG;rbs_spacer=5-10bp;gc_cont=0.578	AAC(6')-IIa	3002594	Perfect	100.0	100.0	aminoglycoside antibiotic	antibiotic inactivation	AAC(6')	dibekacin; sisomicin; netilmicin; tobramycin; 2'-N-ethylnetilmicin; 5-episisomicin; gentamicin	False	chromosome_like	1		
RM2016_batch04A_newcountries12	ERR1713381	k141_231759	k141_231759_1 # 2 # 928 # 1 # ID=141562_1;partial=10;start_type=Edge;rbs_motif=None;rbs_spacer=None;gc_cont=0.455	vanW gene in vanI cluster	3003724	Strict	42.16	82.57	glycopeptide antibiotic	antibiotic target alteration	vanW; glycopeptide resistance gene cluster	vancomycin; teicoplanin	False	chromosome_like	1		
RM2016_batch04A_newcountries12	ERR1713381	k141_790690	k141_790690_2 # 1246 # 2370 # 1 # ID=142545_2;partial=00;start_type=ATG;rbs_motif=GGAG/GAGG;rbs_spacer=5-10bp;gc_cont=0.387	vanT gene in vanG cluster	3002972	Strict	38.21	52.53	glycopeptide antibiotic	antibiotic target alteration	glycopeptide resistance gene cluster; vanT	vancomycin	False	chromosome_like	1		
RM2016_batch04A_newcountries12	ERR1713381	k141_511099	k141_511099_4 # 2903 # 3175 # 1 # ID=142578_4;partial=00;start_type=TTG;rbs_motif=AGGAG;rbs_spacer=5-10bp;gc_cont=0.491	vanW gene in vanG cluster	3002965	Strict	43.48	32.03	glycopeptide antibiotic	antibiotic target alteration	vanW; glycopeptide resistance gene cluster	vancomycin	False	chromosome_like	1		
RM2016_batch04A_newcountries12	ERR1713381	k141_511717	k141_511717_1 # 3 # 983 # 1 # ID=143541_1;partial=10;start_type=Edge;rbs_motif=None;rbs_spacer=None;gc_cont=0.499	OXA-2	3001397	Strict	99.64	118.55	carbapenem; cephalosporin; penam	antibiotic inactivation	OXA beta-lactamase	cloxacillin; oxacillin; ceftazidime; amoxicillin; meropenem; ampicillin; cefalotin	False	chromosome_like	1		
RM2016_batch04A_newcountries12	ERR1713381	k141_1070137	k141_1070137_7 # 6087 # 6701 # 1 # ID=144213_7;partial=00;start_type=ATG;rbs_motif=None;rbs_spacer=None;gc_cont=0.595	vanY gene in vanB cluster	3002956	Strict	30.83	76.12	glycopeptide antibiotic	antibiotic target alteration	vanY; glycopeptide resistance gene cluster	vancomycin	False	chromosome_like	1		
RM2016_batch04A_newcountries12	ERR1713381	k141_373906	k141_373906_2 # 156 # 1052 # 1 # ID=145571_2;partial=00;start_type=ATG;rbs_motif=None;rbs_spacer=None;gc_cont=0.411	vanY gene in vanG cluster	3002959	Strict	36.41	106.81	glycopeptide antibiotic	antibiotic target alteration	vanY; glycopeptide resistance gene cluster	vancomycin	False	chromosome_like	1		
RM2016_batch04A_newcountries12	ERR1713381	k141_652760	k141_652760_5 # 3893 # 5065 # 1 # ID=145638_5;partial=00;start_type=ATG;rbs_motif=None;rbs_spacer=None;gc_cont=0.338	vanY gene in vanB cluster	3002956	Strict	30.49	145.52	glycopeptide antibiotic	antibiotic target alteration	vanY; glycopeptide resistance gene cluster	vancomycin	False	chromosome_like	1		
RM2016_batch04A_newcountries12	ERR1713381	k141_792737	k141_792737_1 # 3 # 1220 # -1 # ID=145661_1;partial=10;start_type=ATG;rbs_motif=AGGAG;rbs_spacer=5-10bp;gc_cont=0.356	vanW gene in vanI cluster	3003724	Strict	29.17	108.85	glycopeptide antibiotic	antibiotic target alteration	vanW; glycopeptide resistance gene cluster	vancomycin; teicoplanin	False	chromosome_like	1		
RM2016_batch04A_newcountries12	ERR1713381	k141_653031	k141_653031_1 # 3 # 1463 # 1 # ID=146052_1;partial=11;start_type=Edge;rbs_motif=None;rbs_spacer=None;gc_cont=0.300	tet(44)	3000556	Strict	97.95	76.09	tetracycline antibiotic	antibiotic target protection	tetracycline-resistant ribosomal protection protein	tetracycline; doxycycline; minocycline; chlortetracycline; demeclocycline; oxytetracycline	False	chromosome_like	1		
RM2016_batch04A_newcountries12	ERR1713381	k141_932066	k141_932066_1 # 3 # 1103 # -1 # ID=146192_1;partial=10;start_type=ATG;rbs_motif=AGGAG;rbs_spacer=5-10bp;gc_cont=0.470	vanT gene in vanG cluster	3002972	Strict	31.59	51.54	glycopeptide antibiotic	antibiotic target alteration	glycopeptide resistance gene cluster; vanT	vancomycin	False	chromosome_like	1		
RM2016_batch04A_newcountries12	ERR1713381	k141_1071943	k141_1071943_1 # 165 # 1277 # 1 # ID=146790_1;partial=00;start_type=ATG;rbs_motif=GGAGG;rbs_spacer=5-10bp;gc_cont=0.300	vanW gene in vanG cluster	3002965	Strict	25.0	131.67	glycopeptide antibiotic	antibiotic target alteration	vanW; glycopeptide resistance gene cluster	vancomycin	False	chromosome_like	1		
RM2016_batch04A_newcountries12	ERR1713381	k141_514373	k141_514373_2 # 603 # 1097 # -1 # ID=147313_2;partial=00;start_type=ATG;rbs_motif=GGAG/GAGG;rbs_spacer=5-10bp;gc_cont=0.339	lnuC	3002837	Strict	89.02	100.0	lincosamide antibiotic	antibiotic inactivation	lincosamide nucleotidyltransferase (LNU)	lincomycin	False	chromosome_like	1		
RM2016_batch04A_newcountries12	ERR1713381	k141_654484	k141_654484_1 # 27 # 1823 # -1 # ID=148220_1;partial=00;start_type=GTG;rbs_motif=None;rbs_spacer=None;gc_cont=0.614	vanW gene in vanI cluster	3003724	Strict	40.22	160.32	glycopeptide antibiotic	antibiotic target alteration	vanW; glycopeptide resistance gene cluster	vancomycin; teicoplanin	False	chromosome_like	1		
RM2016_batch04A_newcountries12	ERR1713381	k141_1073061	k141_1073061_1 # 1 # 888 # -1 # ID=148502_1;partial=10;start_type=ATG;rbs_motif=AGGA;rbs_spacer=5-10bp;gc_cont=0.241	vanT gene in vanG cluster	3002972	Strict	43.84	41.57	glycopeptide antibiotic	antibiotic target alteration	glycopeptide resistance gene cluster; vanT	vancomycin	False	chromosome_like	1		
RM2016_batch04A_newcountries12	ERR1713381	k141_1073061	k141_1073061_2 # 894 # 1622 # -1 # ID=148502_2;partial=00;start_type=ATG;rbs_motif=GGA/GAG/AGG;rbs_spacer=5-10bp;gc_cont=0.252	vanXY gene in vanG cluster	3003069	Strict	53.04	95.28	glycopeptide antibiotic	antibiotic target alteration	glycopeptide resistance gene cluster; vanXY	vancomycin	False	chromosome_like	1		
RM2016_batch04A_newcountries12	ERR1713381	k141_1073061	k141_1073061_3 # 1619 # 2659 # -1 # ID=148502_3;partial=00;start_type=ATG;rbs_motif=AGGA/GGAG/GAGG;rbs_spacer=11-12bp;gc_cont=0.286	vanG	3002909	Strict	53.64	99.14	glycopeptide antibiotic	antibiotic target alteration	glycopeptide resistance gene cluster; Van ligase	vancomycin	False	chromosome_like	1		
RM2016_batch04A_newcountries12	ERR1713381	k141_1073061	k141_1073061_4 # 2665 # 3483 # -1 # ID=148502_4;partial=00;start_type=ATG;rbs_motif=GGAG/GAGG;rbs_spacer=5-10bp;gc_cont=0.243	vanW gene in vanG cluster	3002965	Strict	52.59	96.8	glycopeptide antibiotic	antibiotic target alteration	vanW; glycopeptide resistance gene cluster	vancomycin	False	chromosome_like	1		
RM2016_batch04A_newcountries12	ERR1713381	k141_376070	k141_376070_14 # 11294 # 12976 # 1 # ID=148759_14;partial=00;start_type=ATG;rbs_motif=AGGA;rbs_spacer=5-10bp;gc_cont=0.441	vanW gene in vanI cluster	3003724	Strict	28.02	150.13	glycopeptide antibiotic	antibiotic target alteration	vanW; glycopeptide resistance gene cluster	vancomycin; teicoplanin	False	chromosome_like	1		
RM2016_batch04A_newcountries12	ERR1713381	k141_97769	k141_97769_2 # 309 # 1169 # -1 # ID=149646_2;partial=00;start_type=ATG;rbs_motif=AGGAG;rbs_spacer=5-10bp;gc_cont=0.599	AAC(3)-IId	3004623	Perfect	100.0	100.0	aminoglycoside antibiotic	antibiotic inactivation	AAC(3)	dibekacin; sisomicin; netilmicin; tobramycin; 6'-N-ethylnetilmicin; 2'-N-ethylnetilmicin; gentamicin	False	chromosome_like	1		
RM2016_batch04A_newcountries12	ERR1713381	k141_1074360	k141_1074360_1 # 1 # 156 # 1 # ID=150402_1;partial=10;start_type=Edge;rbs_motif=None;rbs_spacer=None;gc_cont=0.603	vanY gene in vanF cluster	3002958	Strict	58.82	17.41	glycopeptide antibiotic	antibiotic target alteration	vanY; glycopeptide resistance gene cluster	vancomycin	False	chromosome_like	1		
RM2016_batch04A_newcountries12	ERR1713381	k141_1074771	k141_1074771_2 # 646 # 1023 # -1 # ID=150990_2;partial=01;start_type=Edge;rbs_motif=None;rbs_spacer=None;gc_cont=0.347	vanY gene in vanB cluster	3002956	Strict	52.03	46.64	glycopeptide antibiotic	antibiotic target alteration	vanY; glycopeptide resistance gene cluster	vancomycin	False	chromosome_like	1		
RM2016_batch04A_newcountries12	ERR1713381	k141_1074932	k141_1074932_1 # 1 # 1059 # 1 # ID=151177_1;partial=10;start_type=Edge;rbs_motif=None;rbs_spacer=None;gc_cont=0.258	vanT gene in vanG cluster	3002972	Strict	46.55	49.44	glycopeptide antibiotic	antibiotic target alteration	glycopeptide resistance gene cluster; vanT	vancomycin	False	chromosome_like	1		
RM2016_batch04A_newcountries12	ERR1713381	k141_1075450	k141_1075450_2 # 539 # 2029 # -1 # ID=151917_2;partial=00;start_type=ATG;rbs_motif=None;rbs_spacer=None;gc_cont=0.400	vanW gene in vanI cluster	3003724	Strict	24.4	132.98	glycopeptide antibiotic	antibiotic target alteration	vanW; glycopeptide resistance gene cluster	vancomycin; teicoplanin	False	chromosome_like	1		
RM2016_batch04A_newcountries12	ERR1713381	k141_379119	k141_379119_7 # 5987 # 7063 # 1 # ID=153394_7;partial=00;start_type=ATG;rbs_motif=GGA/GAG/AGG;rbs_spacer=11-12bp;gc_cont=0.346	vanG	3002909	Strict	41.6	102.58	glycopeptide antibiotic	antibiotic target alteration	glycopeptide resistance gene cluster; Van ligase	vancomycin	False	chromosome_like	1		
RM2016_batch04A_newcountries12	ERR1713381	k141_379119	k141_379119_8 # 7057 # 8208 # 1 # ID=153394_8;partial=00;start_type=ATG;rbs_motif=AGGA;rbs_spacer=5-10bp;gc_cont=0.340	vanT gene in vanE cluster	3002971	Strict	40.21	54.56	glycopeptide antibiotic	antibiotic target alteration	glycopeptide resistance gene cluster; vanT	vancomycin	False	chromosome_like	1		
RM2016_batch04A_newcountries12	ERR1713381	k141_937098	k141_937098_8 # 5936 # 7453 # -1 # ID=153569_8;partial=00;start_type=ATG;rbs_motif=4Base/6BMM;rbs_spacer=13-15bp;gc_cont=0.447	vanW gene in vanI cluster	3003724	Strict	30.09	135.39	glycopeptide antibiotic	antibiotic target alteration	vanW; glycopeptide resistance gene cluster	vancomycin; teicoplanin	False	chromosome_like	1		
RM2016_batch04A_newcountries12	ERR1713381	k141_519062	k141_519062_1 # 2 # 466 # -1 # ID=154173_1;partial=10;start_type=ATG;rbs_motif=GGA/GAG/AGG;rbs_spacer=5-10bp;gc_cont=0.267	nimG	3007109	Strict	54.84	94.51	nitroimidazole antibiotic	antibiotic inactivation	nitroimidazole reductase	metronidazole	False	chromosome_like	1		
RM2016_batch04A_newcountries12	ERR1713381	k141_519845	k141_519845_10 # 8248 # 11403 # -1 # ID=155298_10;partial=00;start_type=ATG;rbs_motif=GGAG/GAGG;rbs_spacer=5-10bp;gc_cont=0.608	adeF	3000777	Strict	43.57	99.24	fluoroquinolone antibiotic; tetracycline antibiotic	antibiotic efflux	resistance-nodulation-cell division (RND) antibiotic efflux pump	tetracycline	False	chromosome_like	1		
RM2016_batch04A_newcountries12	ERR1713381	k141_380603	k141_380603_10 # 10063 # 11208 # 1 # ID=155550_10;partial=00;start_type=ATG;rbs_motif=GGAG/GAGG;rbs_spacer=5-10bp;gc_cont=0.449	vanT gene in vanG cluster	3002972	Strict	34.6	53.51	glycopeptide antibiotic	antibiotic target alteration	glycopeptide resistance gene cluster; vanT	vancomycin	False	chromosome_like	1		
RM2016_batch04A_newcountries12	ERR1713381	k141_938671	k141_938671_3 # 1120 # 3039 # 1 # ID=155888_3;partial=00;start_type=ATG;rbs_motif=AAAA;rbs_spacer=4bp;gc_cont=0.368	tet(36)	3000197	Strict	93.09	99.84	tetracycline antibiotic	antibiotic target protection	tetracycline-resistant ribosomal protection protein	tetracycline; doxycycline; minocycline; chlortetracycline; demeclocycline; oxytetracycline	False	chromosome_like	1		
RM2016_batch04A_newcountries12	ERR1713381	k141_381000	k141_381000_15 # 14614 # 15669 # 1 # ID=156195_15;partial=00;start_type=ATG;rbs_motif=GGA/GAG/AGG;rbs_spacer=5-10bp;gc_cont=0.347	vanG	3002909	Strict	42.45	100.57	glycopeptide antibiotic	antibiotic target alteration	glycopeptide resistance gene cluster; Van ligase	vancomycin	False	chromosome_like	1		
RM2016_batch04A_newcountries12	ERR1713381	k141_381000	k141_381000_16 # 15663 # 16814 # 1 # ID=156195_16;partial=00;start_type=ATG;rbs_motif=AGGA;rbs_spacer=5-10bp;gc_cont=0.355	vanT gene in vanE cluster	3002971	Strict	39.41	54.56	glycopeptide antibiotic	antibiotic target alteration	glycopeptide resistance gene cluster; vanT	vancomycin	False	chromosome_like	1		
RM2016_batch04A_newcountries12	ERR1713381	k141_1078455	k141_1078455_1 # 3 # 1241 # -1 # ID=156403_1;partial=10;start_type=GTG;rbs_motif=AGGAG;rbs_spacer=5-10bp;gc_cont=0.324	vanW gene in vanI cluster	3003724	Strict	31.52	110.72	glycopeptide antibiotic	antibiotic target alteration	vanW; glycopeptide resistance gene cluster	vancomycin; teicoplanin	False	chromosome_like	1		
RM2016_batch04A_newcountries12	ERR1713381	k141_939680	k141_939680_1 # 2 # 1186 # 1 # ID=157286_1;partial=10;start_type=Edge;rbs_motif=None;rbs_spacer=None;gc_cont=0.540	vanW gene in vanI cluster	3003724	Strict	32.14	105.63	glycopeptide antibiotic	antibiotic target alteration	vanW; glycopeptide resistance gene cluster	vancomycin; teicoplanin	False	chromosome_like	1		
RM2016_batch04A_newcountries12	ERR1713381	k141_661019	k141_661019_2 # 425 # 913 # -1 # ID=157511_2;partial=00;start_type=ATG;rbs_motif=AGGAGG;rbs_spacer=5-10bp;gc_cont=0.468	nimB	3004655	Strict	53.12	98.78	nitroimidazole antibiotic	antibiotic inactivation	nitroimidazole reductase	metronidazole	False	chromosome_like	1		
RM2016_batch04A_newcountries12	ERR1713381	k141_1079289	k141_1079289_2 # 338 # 1441 # 1 # ID=157557_2;partial=00;start_type=ATG;rbs_motif=GGAG/GAGG;rbs_spacer=5-10bp;gc_cont=0.452	vanT gene in vanG cluster	3002972	Strict	32.97	51.54	glycopeptide antibiotic	antibiotic target alteration	glycopeptide resistance gene cluster; vanT	vancomycin	False	chromosome_like	1		
RM2016_batch04A_newcountries12	ERR1713381	k141_243184	k141_243184_2 # 556 # 1068 # -1 # ID=158026_2;partial=00;start_type=ATG;rbs_motif=TAA;rbs_spacer=11bp;gc_cont=0.402	nimE	3007107	Strict	99.41	100.0	nitroimidazole antibiotic	antibiotic inactivation	nitroimidazole reductase	metronidazole	False	chromosome_like	1		
RM2016_batch04A_newcountries12	ERR1713381	k141_382406	k141_382406_2 # 159 # 1184 # -1 # ID=158152_2;partial=01;start_type=Edge;rbs_motif=None;rbs_spacer=None;gc_cont=0.319	vanW gene in vanI cluster	3003724	Strict	39.25	91.42	glycopeptide antibiotic	antibiotic target alteration	vanW; glycopeptide resistance gene cluster	vancomycin; teicoplanin	False	chromosome_like	1		
RM2016_batch04A_newcountries12	ERR1713381	k141_1080421	k141_1080421_1 # 1 # 1029 # -1 # ID=159130_1;partial=10;start_type=TTG;rbs_motif=AGGA;rbs_spacer=5-10bp;gc_cont=0.393	vanT gene in vanG cluster	3002972	Strict	34.21	48.17	glycopeptide antibiotic	antibiotic target alteration	glycopeptide resistance gene cluster; vanT	vancomycin	False	chromosome_like	1		
RM2016_batch04A_newcountries12	ERR1713381	k141_1080569	k141_1080569_1 # 133 # 1119 # 1 # ID=159320_1;partial=00;start_type=ATG;rbs_motif=AGxAGG/AGGxGG;rbs_spacer=5-10bp;gc_cont=0.425	vanH gene in vanO cluster	3002948	Strict	45.66	93.71	glycopeptide antibiotic	antibiotic target alteration	vanH; glycopeptide resistance gene cluster	vancomycin	False	chromosome_like	1		
RM2016_batch04A_newcountries12	ERR1713381	k141_105073	k141_105073_3 # 996 # 1772 # -1 # ID=160394_3;partial=00;start_type=ATG;rbs_motif=None;rbs_spacer=None;gc_cont=0.458	vanY gene in vanB cluster	3002956	Strict	37.09	96.27	glycopeptide antibiotic	antibiotic target alteration	vanY; glycopeptide resistance gene cluster	vancomycin	False	chromosome_like	1		
RM2016_batch04A_newcountries12	ERR1713381	k141_941971	k141_941971_1 # 464 # 2578 # -1 # ID=160691_1;partial=00;start_type=ATG;rbs_motif=GGAG/GAGG;rbs_spacer=5-10bp;gc_cont=0.299	vanT gene in vanE cluster	3002971	Strict	52.72	100.28	glycopeptide antibiotic	antibiotic target alteration	glycopeptide resistance gene cluster; vanT	vancomycin	False	chromosome_like	1		
RM2016_batch04A_newcountries12	ERR1713381	k141_941971	k141_941971_2 # 2568 # 3149 # -1 # ID=160691_2;partial=00;start_type=ATG;rbs_motif=GGA/GAG/AGG;rbs_spacer=5-10bp;gc_cont=0.356	vanXY gene in vanE cluster	3002967	Strict	58.85	100.0	glycopeptide antibiotic	antibiotic target alteration	glycopeptide resistance gene cluster; vanXY	vancomycin	False	chromosome_like	1		
RM2016_batch04A_newcountries12	ERR1713381	k141_1082501	k141_1082501_7 # 5863 # 7020 # -1 # ID=162314_7;partial=00;start_type=ATG;rbs_motif=None;rbs_spacer=None;gc_cont=0.536	vanT gene in vanG cluster	3002972	Strict	35.22	54.07	glycopeptide antibiotic	antibiotic target alteration	glycopeptide resistance gene cluster; vanT	vancomycin	False	chromosome_like	1		
RM2016_batch04A_newcountries12	ERR1713381	k141_664805	k141_664805_2 # 841 # 1623 # 1 # ID=162904_2;partial=00;start_type=ATG;rbs_motif=GGA/GAG/AGG;rbs_spacer=11-12bp;gc_cont=0.516	vanY gene in vanB cluster	3002956	Strict	35.23	97.01	glycopeptide antibiotic	antibiotic target alteration	vanY; glycopeptide resistance gene cluster	vancomycin	False	chromosome_like	1		
RM2016_batch04A_newcountries12	ERR1713381	k141_525582	k141_525582_1 # 51 # 692 # 1 # ID=163359_1;partial=00;start_type=TTG;rbs_motif=GGAG/GAGG;rbs_spacer=5-10bp;gc_cont=0.368	vanY gene in vanB cluster	3002956	Strict	60.45	79.48	glycopeptide antibiotic	antibiotic target alteration	vanY; glycopeptide resistance gene cluster	vancomycin	False	chromosome_like	1		
RM2016_batch04A_newcountries12	ERR1713381	k141_1083254	k141_1083254_2 # 543 # 1601 # 1 # ID=163362_2;partial=00;start_type=TTG;rbs_motif=TATAA;rbs_spacer=4bp;gc_cont=0.343	vanY gene in vanM cluster	3002961	Strict	27.16	151.07	glycopeptide antibiotic	antibiotic target alteration	vanY; glycopeptide resistance gene cluster	vancomycin; teicoplanin	False	chromosome_like	1		
RM2016_batch04A_newcountries12	ERR1713381	k141_1083295	k141_1083295_1 # 2 # 712 # 1 # ID=163418_1;partial=10;start_type=Edge;rbs_motif=None;rbs_spacer=None;gc_cont=0.391	vanY gene in vanB cluster	3002956	Strict	35.82	88.06	glycopeptide antibiotic	antibiotic target alteration	vanY; glycopeptide resistance gene cluster	vancomycin	False	chromosome_like	1		
RM2016_batch04A_newcountries12	ERR1713381	k141_247608	k141_247608_2 # 271 # 1047 # -1 # ID=164329_2;partial=00;start_type=ATG;rbs_motif=AGxAG;rbs_spacer=5-10bp;gc_cont=0.376	vanY gene in vanB cluster	3002956	Strict	33.7	96.27	glycopeptide antibiotic	antibiotic target alteration	vanY; glycopeptide resistance gene cluster	vancomycin	False	chromosome_like	1		
RM2016_batch04A_newcountries12	ERR1713381	k141_1084024	k141_1084024_1 # 2 # 778 # 1 # ID=164443_1;partial=10;start_type=Edge;rbs_motif=None;rbs_spacer=None;gc_cont=0.371	vanT gene in vanG cluster	3002972	Strict	48.81	36.24	glycopeptide antibiotic	antibiotic target alteration	glycopeptide resistance gene cluster; vanT	vancomycin	False	chromosome_like	1		
RM2016_batch04A_newcountries12	ERR1713381	k141_805553	k141_805553_2 # 554 # 1039 # -1 # ID=164561_2;partial=00;start_type=ATG;rbs_motif=AGGAGG;rbs_spacer=11-12bp;gc_cont=0.381	nimE	3007107	Strict	55.9	94.71	nitroimidazole antibiotic	antibiotic inactivation	nitroimidazole reductase	metronidazole	False	chromosome_like	1		
RM2016_batch04A_newcountries12	ERR1713381	k141_665973	k141_665973_7 # 7724 # 8524 # 1 # ID=164679_7;partial=00;start_type=ATG;rbs_motif=GGAG/GAGG;rbs_spacer=5-10bp;gc_cont=0.407	vanY gene in vanM cluster	3002961	Strict	28.28	114.16	glycopeptide antibiotic	antibiotic target alteration	vanY; glycopeptide resistance gene cluster	vancomycin; teicoplanin	False	chromosome_like	1		
RM2016_batch04A_newcountries12	ERR1713381	k141_1085048	k141_1085048_4 # 2627 # 4579 # 1 # ID=165966_4;partial=01;start_type=ATG;rbs_motif=TAA;rbs_spacer=15bp;gc_cont=0.318	tet(36)	3000197	Strict	49.46	101.72	tetracycline antibiotic	antibiotic target protection	tetracycline-resistant ribosomal protection protein	tetracycline; doxycycline; minocycline; chlortetracycline; demeclocycline; oxytetracycline	True	plasmid_like		0.8485	
RM2016_batch04A_newcountries12	ERR1713381	k141_527523	k141_527523_3 # 1871 # 3037 # -1 # ID=166224_3;partial=00;start_type=ATG;rbs_motif=AAA;rbs_spacer=8bp;gc_cont=0.476	vanT gene in vanG cluster	3002972	Strict	34.6	54.49	glycopeptide antibiotic	antibiotic target alteration	glycopeptide resistance gene cluster; vanT	vancomycin	False	chromosome_like	1		
RM2016_batch04A_newcountries12	ERR1713381	k141_249119	k141_249119_4 # 5470 # 6459 # 1 # ID=166385_4;partial=00;start_type=ATG;rbs_motif=AGGAG;rbs_spacer=5-10bp;gc_cont=0.432	vanH gene in vanB cluster	3002943	Strict	36.28	101.86	glycopeptide antibiotic	antibiotic target alteration	vanH; glycopeptide resistance gene cluster	vancomycin	False	chromosome_like	1		
RM2016_batch04A_newcountries12	ERR1713381	k141_667591	k141_667591_5 # 2350 # 2733 # -1 # ID=166942_5;partial=01;start_type=Edge;rbs_motif=None;rbs_spacer=None;gc_cont=0.346	vanY gene in vanB cluster	3002956	Strict	38.89	47.39	glycopeptide antibiotic	antibiotic target alteration	vanY; glycopeptide resistance gene cluster	vancomycin	False	chromosome_like	1		
RM2016_batch04A_newcountries12	ERR1713381	k141_110220	k141_110220_3 # 1428 # 2480 # -1 # ID=167739_3;partial=00;start_type=ATG;rbs_motif=GGAG/GAGG;rbs_spacer=5-10bp;gc_cont=0.451	vanG	3002909	Strict	40.17	100.29	glycopeptide antibiotic	antibiotic target alteration	glycopeptide resistance gene cluster; Van ligase	vancomycin	False	chromosome_like	1		
RM2016_batch04A_newcountries12	ERR1713381	k141_1086597	k141_1086597_2 # 197 # 1294 # -1 # ID=168152_2;partial=01;start_type=Edge;rbs_motif=None;rbs_spacer=None;gc_cont=0.424	vanT gene in vanG cluster	3002972	Strict	33.51	51.26	glycopeptide antibiotic	antibiotic target alteration	glycopeptide resistance gene cluster; vanT	vancomycin	False	chromosome_like	1		
RM2016_batch04A_newcountries12	ERR1713381	k141_250855	k141_250855_2 # 1359 # 1688 # 1 # ID=168770_2;partial=00;start_type=ATG;rbs_motif=AGGAG;rbs_spacer=5-10bp;gc_cont=0.439	qacG	3007015	Strict	44.34	101.87	disinfecting agents and antiseptics	antibiotic efflux	small multidrug resistance (SMR) antibiotic efflux pump	benzalkonium chloride	True	plasmid_like		0.7604	
RM2016_batch04A_newcountries12	ERR1713381	k141_251070	k141_251070_2 # 175 # 1269 # -1 # ID=169075_2;partial=00;start_type=ATG;rbs_motif=3Base/5BMM;rbs_spacer=13-15bp;gc_cont=0.423	vanY gene in vanB cluster	3002956	Strict	39.49	135.82	glycopeptide antibiotic	antibiotic target alteration	vanY; glycopeptide resistance gene cluster	vancomycin	False	chromosome_like	1		
RM2016_batch04A_newcountries12	ERR1713381	k141_111376	k141_111376_10 # 9459 # 10526 # 1 # ID=169395_10;partial=00;start_type=ATG;rbs_motif=GGTG;rbs_spacer=7bp;gc_cont=0.507	vanG	3002909	Strict	42.17	101.72	glycopeptide antibiotic	antibiotic target alteration	glycopeptide resistance gene cluster; Van ligase	vancomycin	False	chromosome_like	1		
RM2016_batch04A_newcountries12	ERR1713381	k141_808803	k141_808803_1 # 1 # 726 # 1 # ID=169421_1;partial=10;start_type=Edge;rbs_motif=None;rbs_spacer=None;gc_cont=0.424	vanY gene in vanB cluster	3002956	Strict	38.25	89.93	glycopeptide antibiotic	antibiotic target alteration	vanY; glycopeptide resistance gene cluster	vancomycin	False	chromosome_like	1		
RM2016_batch04A_newcountries12	ERR1713381	k141_809588	k141_809588_1 # 2 # 772 # 1 # ID=170633_1;partial=10;start_type=Edge;rbs_motif=None;rbs_spacer=None;gc_cont=0.287	vanW gene in vanI cluster	3003724	Strict	31.43	68.63	glycopeptide antibiotic	antibiotic target alteration	vanW; glycopeptide resistance gene cluster	vancomycin; teicoplanin	False	chromosome_like	1		
RM2016_batch04A_newcountries12	ERR1713381	k141_949319	k141_949319_1 # 1 # 1059 # -1 # ID=171103_1;partial=11;start_type=Edge;rbs_motif=None;rbs_spacer=None;gc_cont=0.458	vanW gene in vanI cluster	3003724	Strict	32.2	94.64	glycopeptide antibiotic	antibiotic target alteration	vanW; glycopeptide resistance gene cluster	vancomycin; teicoplanin	False	chromosome_like	1		
RM2016_batch04A_newcountries12	ERR1713381	k141_391569	k141_391569_1 # 128 # 613 # 1 # ID=171247_1;partial=00;start_type=ATG;rbs_motif=AGGAG;rbs_spacer=5-10bp;gc_cont=0.288	lnuA	3002835	Strict	97.52	100.0	lincosamide antibiotic	antibiotic inactivation	lincosamide nucleotidyltransferase (LNU)	lincomycin; pirlimycin	False	chromosome_like	1		
RM2016_batch04A_newcountries12	ERR1713381	k141_1089365	k141_1089365_3 # 3273 # 6425 # 1 # ID=172204_3;partial=00;start_type=ATG;rbs_motif=GGA/GAG/AGG;rbs_spacer=5-10bp;gc_cont=0.655	adeF	3000777	Strict	43.13	99.15	fluoroquinolone antibiotic; tetracycline antibiotic	antibiotic efflux	resistance-nodulation-cell division (RND) antibiotic efflux pump	tetracycline	False	chromosome_like	1		
RM2016_batch04A_newcountries12	ERR1713381	k141_393027	k141_393027_1 # 1 # 864 # 1 # ID=173392_1;partial=10;start_type=Edge;rbs_motif=None;rbs_spacer=None;gc_cont=0.331	vanW gene in vanI cluster	3003724	Strict	42.95	76.94	glycopeptide antibiotic	antibiotic target alteration	vanW; glycopeptide resistance gene cluster	vancomycin; teicoplanin	False	chromosome_like	1		
RM2016_batch04A_newcountries12	ERR1713381	k141_811487	k141_811487_1 # 2 # 1069 # -1 # ID=173421_1;partial=10;start_type=ATG;rbs_motif=GGAG/GAGG;rbs_spacer=5-10bp;gc_cont=0.385	vanTr gene in vanL cluster	3002974	Strict	33.9	97.27	glycopeptide antibiotic	antibiotic target alteration	glycopeptide resistance gene cluster; vanT	vancomycin	False	chromosome_like	1		
RM2016_batch04A_newcountries12	ERR1713381	k141_672493	k141_672493_1 # 123 # 1199 # -1 # ID=173804_1;partial=01;start_type=Edge;rbs_motif=None;rbs_spacer=None;gc_cont=0.436	vanY gene in vanG cluster	3002959	Strict	36.89	128.32	glycopeptide antibiotic	antibiotic target alteration	vanY; glycopeptide resistance gene cluster	vancomycin	False	chromosome_like	1		
RM2016_batch04A_newcountries12	ERR1713381	k141_951256	k141_951256_2 # 1260 # 2135 # 1 # ID=173970_2;partial=00;start_type=ATG;rbs_motif=None;rbs_spacer=None;gc_cont=0.501	vanY gene in vanB cluster	3002956	Strict	34.56	108.58	glycopeptide antibiotic	antibiotic target alteration	vanY; glycopeptide resistance gene cluster	vancomycin	False	chromosome_like	1		
RM2016_batch04A_newcountries12	ERR1713381	k141_533538	k141_533538_2 # 488 # 1225 # -1 # ID=174780_2;partial=00;start_type=ATG;rbs_motif=GGAG/GAGG;rbs_spacer=5-10bp;gc_cont=0.664	vanY gene in vanB cluster	3002956	Strict	40.32	91.42	glycopeptide antibiotic	antibiotic target alteration	vanY; glycopeptide resistance gene cluster	vancomycin	False	chromosome_like	1		
RM2016_batch04A_newcountries12	ERR1713381	k141_533667	k141_533667_1 # 2 # 3307 # 1 # ID=174958_1;partial=10;start_type=Edge;rbs_motif=None;rbs_spacer=None;gc_cont=0.651	Bifidobacterium adolescentis rpoB mutants conferring resistance to rifampicin	3004480	Strict	91.47	92.83	rifamycin antibiotic	antibiotic target alteration; antibiotic target replacement	rifamycin-resistant beta-subunit of RNA polymerase (rpoB)	rifampin	False	chromosome_like	1		
RM2016_batch04A_newcountries12	ERR1713381	k141_813068	k141_813068_2 # 580 # 1689 # 1 # ID=175688_2;partial=00;start_type=ATG;rbs_motif=GGAG/GAGG;rbs_spacer=5-10bp;gc_cont=0.664	vanG	3002909	Strict	38.38	105.73	glycopeptide antibiotic	antibiotic target alteration	glycopeptide resistance gene cluster; Van ligase	vancomycin	False	chromosome_like	1		
RM2016_batch04A_newcountries12	ERR1713381	k141_255785	k141_255785_12 # 13436 # 14575 # -1 # ID=175952_12;partial=00;start_type=ATG;rbs_motif=4Base/6BMM;rbs_spacer=13-15bp;gc_cont=0.387	vanT gene in vanG cluster	3002972	Strict	33.15	53.23	glycopeptide antibiotic	antibiotic target alteration	glycopeptide resistance gene cluster; vanT	vancomycin	False	chromosome_like	1		
RM2016_batch04A_newcountries12	ERR1713381	k141_1092356	k141_1092356_1 # 2 # 529 # 1 # ID=176572_1;partial=10;start_type=Edge;rbs_motif=None;rbs_spacer=None;gc_cont=0.343	vanXY gene in vanE cluster	3002967	Strict	61.45	90.67	glycopeptide antibiotic	antibiotic target alteration	glycopeptide resistance gene cluster; vanXY	vancomycin	False	chromosome_like	1		
RM2016_batch04A_newcountries12	ERR1713381	k141_1092356	k141_1092356_2 # 519 # 1724 # 1 # ID=176572_2;partial=01;start_type=ATG;rbs_motif=GGA/GAG/AGG;rbs_spacer=5-10bp;gc_cont=0.285	vanT gene in vanE cluster	3002971	Strict	56.05	57.26	glycopeptide antibiotic	antibiotic target alteration	glycopeptide resistance gene cluster; vanT	vancomycin	False	chromosome_like	1		
RM2016_batch04A_newcountries12	ERR1713381	k141_1092863	k141_1092863_3 # 1664 # 2293 # -1 # ID=177223_3;partial=01;start_type=Edge;rbs_motif=None;rbs_spacer=None;gc_cont=0.306	vanW gene in vanI cluster	3003724	Strict	32.89	56.03	glycopeptide antibiotic	antibiotic target alteration	vanW; glycopeptide resistance gene cluster	vancomycin; teicoplanin	False	chromosome_like	1		
RM2016_batch04A_newcountries12	ERR1713381	k141_117590	k141_117590_3 # 1207 # 1983 # -1 # ID=178408_3;partial=01;start_type=Edge;rbs_motif=None;rbs_spacer=None;gc_cont=0.407	vanY gene in vanG cluster	3002959	Strict	29.25	92.47	glycopeptide antibiotic	antibiotic target alteration	vanY; glycopeptide resistance gene cluster	vancomycin	False	chromosome_like	1		
RM2016_batch04A_newcountries12	ERR1713381	k141_536003	k141_536003_2 # 811 # 1143 # 1 # ID=178431_2;partial=00;start_type=ATG;rbs_motif=GGA/GAG/AGG;rbs_spacer=5-10bp;gc_cont=0.637	qacG	3007015	Strict	44.34	102.8	disinfecting agents and antiseptics	antibiotic efflux	small multidrug resistance (SMR) antibiotic efflux pump	benzalkonium chloride	False	chromosome_like	1		
RM2016_batch04A_newcountries12	ERR1713381	k141_954542	k141_954542_4 # 4057 # 5190 # -1 # ID=178693_4;partial=00;start_type=ATG;rbs_motif=GGAGG;rbs_spacer=5-10bp;gc_cont=0.287	vanY gene in vanA cluster	3002955	Strict	29.24	124.42	glycopeptide antibiotic	antibiotic target alteration	vanY; glycopeptide resistance gene cluster	vancomycin; teicoplanin	False	chromosome_like	1		
RM2016_batch04A_newcountries12	ERR1713381	k141_954610	k141_954610_1 # 2 # 1384 # 1 # ID=178806_1;partial=10;start_type=Edge;rbs_motif=None;rbs_spacer=None;gc_cont=0.684	vanW gene in vanI cluster	3003724	Strict	34.67	123.32	glycopeptide antibiotic	antibiotic target alteration	vanW; glycopeptide resistance gene cluster	vancomycin; teicoplanin	False	chromosome_like	1		
RM2016_batch04A_newcountries12	ERR1713381	k141_955004	k141_955004_1 # 3 # 956 # 1 # ID=179443_1;partial=10;start_type=Edge;rbs_motif=None;rbs_spacer=None;gc_cont=0.514	vanG	3002909	Strict	44.55	90.83	glycopeptide antibiotic	antibiotic target alteration	glycopeptide resistance gene cluster; Van ligase	vancomycin	False	chromosome_like	1		
RM2016_batch04A_newcountries12	ERR1713381	k141_538159	k141_538159_2 # 484 # 2070 # 1 # ID=181515_2;partial=01;start_type=ATG;rbs_motif=GGA/GAG/AGG;rbs_spacer=5-10bp;gc_cont=0.524	vanY gene in vanB cluster	3002956	Strict	33.77	197.39	glycopeptide antibiotic	antibiotic target alteration	vanY; glycopeptide resistance gene cluster	vancomycin	False	chromosome_like	1		
RM2016_batch04A_newcountries12	ERR1713381	k141_817712	k141_817712_4 # 2061 # 2798 # 1 # ID=182251_4;partial=00;start_type=ATG;rbs_motif=AGGAG;rbs_spacer=5-10bp;gc_cont=0.291	ErmB	3000375	Strict	91.84	98.79	macrolide antibiotic; lincosamide antibiotic; streptogramin antibiotic; streptogramin A antibiotic; streptogramin B antibiotic	antibiotic target alteration	Erm 23S ribosomal RNA methyltransferase	erythromycin; roxithromycin; lincomycin; telithromycin; clarithromycin; clindamycin; tylosin; spiramycin; azithromycin; dirithromycin; pristinamycin IA; quinupristin; virginiamycin M1; madumycin II; griseoviridin; dalfopristin; pristinamycin IB; virginiamycin S2; pristinamycin IC; vernamycin C; patricin A; patricin B; ostreogrycin B3; oleandomycin	True	plasmid_like		0.9921	
RM2016_batch04A_newcountries12	ERR1713381	k141_399321	k141_399321_5 # 3691 # 4443 # -1 # ID=182496_5;partial=00;start_type=ATG;rbs_motif=GGA/GAG/AGG;rbs_spacer=5-10bp;gc_cont=0.531	vanY gene in vanF cluster	3002958	Strict	34.39	85.32	glycopeptide antibiotic	antibiotic target alteration	vanY; glycopeptide resistance gene cluster	vancomycin	False	chromosome_like	1		
RM2016_batch04A_newcountries12	ERR1713381	k141_539141	k141_539141_10 # 5412 # 6659 # -1 # ID=182832_10;partial=01;start_type=Edge;rbs_motif=None;rbs_spacer=None;gc_cont=0.452	vanW gene in vanI cluster	3003724	Strict	31.73	111.26	glycopeptide antibiotic	antibiotic target alteration	vanW; glycopeptide resistance gene cluster	vancomycin; teicoplanin	False	chromosome_like	1		
RM2016_batch04A_newcountries12	ERR1713381	k141_399797	k141_399797_4 # 3045 # 4109 # -1 # ID=183123_4;partial=00;start_type=ATG;rbs_motif=None;rbs_spacer=None;gc_cont=0.323	vanY gene in vanB cluster	3002956	Strict	36.42	132.09	glycopeptide antibiotic	antibiotic target alteration	vanY; glycopeptide resistance gene cluster	vancomycin	False	chromosome_like	1		
RM2016_batch04A_newcountries12	ERR1713381	k141_679179	k141_679179_3 # 1116 # 1613 # -1 # ID=183231_3;partial=00;start_type=ATG;rbs_motif=None;rbs_spacer=None;gc_cont=0.315	nimB	3004655	Strict	55.76	100.61	nitroimidazole antibiotic	antibiotic inactivation	nitroimidazole reductase	metronidazole	False	chromosome_like	1		
RM2016_batch04A_newcountries12	ERR1713381	k141_679198	k141_679198_1 # 1 # 927 # -1 # ID=183266_1;partial=10;start_type=ATG;rbs_motif=AGGAG;rbs_spacer=5-10bp;gc_cont=0.407	vanW gene in vanI cluster	3003724	Strict	26.43	82.84	glycopeptide antibiotic	antibiotic target alteration	vanW; glycopeptide resistance gene cluster	vancomycin; teicoplanin	False	chromosome_like	1		
RM2016_batch04A_newcountries12	ERR1713381	k141_1097664	k141_1097664_2 # 547 # 1104 # 1 # ID=184068_2;partial=01;start_type=ATG;rbs_motif=GGAG/GAGG;rbs_spacer=5-10bp;gc_cont=0.622	vanY gene in vanM cluster	3002961	Strict	33.94	79.83	glycopeptide antibiotic	antibiotic target alteration	vanY; glycopeptide resistance gene cluster	vancomycin; teicoplanin	False	chromosome_like	1		
RM2016_batch04A_newcountries12	ERR1713381	k141_819141	k141_819141_3 # 1388 # 2197 # -1 # ID=184335_3;partial=01;start_type=Edge;rbs_motif=None;rbs_spacer=None;gc_cont=0.407	vanW gene in vanI cluster	3003724	Strict	40.79	72.12	glycopeptide antibiotic	antibiotic target alteration	vanW; glycopeptide resistance gene cluster	vancomycin; teicoplanin	False	chromosome_like	1		
RM2016_batch04A_newcountries12	ERR1713381	k141_540224	k141_540224_3 # 1228 # 2091 # -1 # ID=184575_3;partial=00;start_type=ATG;rbs_motif=AGGAG;rbs_spacer=5-10bp;gc_cont=0.329	ANT(6)-Ia	3002626	Perfect	100.0	100.0	aminoglycoside antibiotic	antibiotic inactivation	ANT(6)	streptomycin	False	chromosome_like	1		
RM2016_batch04A_newcountries12	ERR1713381	k141_262274	k141_262274_2 # 424 # 1530 # 1 # ID=185579_2;partial=00;start_type=ATG;rbs_motif=GGAG/GAGG;rbs_spacer=5-10bp;gc_cont=0.561	vanT gene in vanG cluster	3002972	Strict	34.15	51.69	glycopeptide antibiotic	antibiotic target alteration	glycopeptide resistance gene cluster; vanT	vancomycin	False	chromosome_like	1		
RM2016_batch04A_newcountries12	ERR1713381	k141_959932	k141_959932_2 # 644 # 1804 # 1 # ID=186436_2;partial=00;start_type=ATG;rbs_motif=GGAG/GAGG;rbs_spacer=5-10bp;gc_cont=0.357	vanY gene in vanG cluster	3002959	Strict	32.16	138.35	glycopeptide antibiotic	antibiotic target alteration	vanY; glycopeptide resistance gene cluster	vancomycin	False	chromosome_like	1		
RM2016_batch04A_newcountries12	ERR1713381	k141_1099853	k141_1099853_2 # 486 # 1718 # -1 # ID=187240_2;partial=00;start_type=ATG;rbs_motif=GGAG/GAGG;rbs_spacer=5-10bp;gc_cont=0.337	vanY gene in vanM cluster	3002961	Strict	40.0	175.97	glycopeptide antibiotic	antibiotic target alteration	vanY; glycopeptide resistance gene cluster	vancomycin; teicoplanin	False	chromosome_like	1		
RM2016_batch04A_newcountries12	ERR1713381	k141_821046	k141_821046_2 # 1447 # 2331 # 1 # ID=187244_2;partial=00;start_type=ATG;rbs_motif=AAAAA;rbs_spacer=11bp;gc_cont=0.368	mphG	3003742	Strict	99.32	100.0	macrolide antibiotic	antibiotic inactivation	macrolide phosphotransferase (MPH)	erythromycin; clarithromycin; azithromycin	False	chromosome_like	1		
RM2016_batch04A_newcountries12	ERR1713381	k141_960640	k141_960640_2 # 568 # 1623 # -1 # ID=187397_2;partial=00;start_type=ATG;rbs_motif=GGAG/GAGG;rbs_spacer=5-10bp;gc_cont=0.446	vanG	3002909	Strict	42.17	100.57	glycopeptide antibiotic	antibiotic target alteration	glycopeptide resistance gene cluster; Van ligase	vancomycin	False	chromosome_like	1		
RM2016_batch04A_newcountries12	ERR1713381	k141_402763	k141_402763_3 # 1520 # 2011 # 1 # ID=187428_3;partial=00;start_type=ATG;rbs_motif=None;rbs_spacer=None;gc_cont=0.362	vanY gene in vanB cluster	3002956	Strict	55.21	60.82	glycopeptide antibiotic	antibiotic target alteration	vanY; glycopeptide resistance gene cluster	vancomycin	False	chromosome_like	1		
RM2016_batch04A_newcountries12	ERR1713381	k141_402937	k141_402937_10 # 10098 # 11150 # 1 # ID=187699_10;partial=00;start_type=ATG;rbs_motif=GGA/GAG/AGG;rbs_spacer=5-10bp;gc_cont=0.694	vanG	3002909	Strict	40.17	100.29	glycopeptide antibiotic	antibiotic target alteration	glycopeptide resistance gene cluster; Van ligase	vancomycin	False	chromosome_like	1		
RM2016_batch04A_newcountries12	ERR1713381	k141_403768	k141_403768_2 # 2064 # 2912 # 1 # ID=188913_2;partial=00;start_type=ATG;rbs_motif=AGxAGG/AGGxGG;rbs_spacer=5-10bp;gc_cont=0.451	vanW gene in vanI cluster	3003724	Strict	43.85	75.6	glycopeptide antibiotic	antibiotic target alteration	vanW; glycopeptide resistance gene cluster	vancomycin; teicoplanin	False	chromosome_like	1		
RM2016_batch04A_newcountries12	ERR1713381	k141_1101559	k141_1101559_1 # 174 # 665 # -1 # ID=189586_1;partial=00;start_type=ATG;rbs_motif=GGAGG;rbs_spacer=5-10bp;gc_cont=0.368	nimA	3007104	Strict	50.62	92.61	nitroimidazole antibiotic	antibiotic inactivation	nitroimidazole reductase	metronidazole	False	chromosome_like	1		
RM2016_batch04A_newcountries12	ERR1713381	k141_1101743	k141_1101743_4 # 1249 # 1560 # -1 # ID=189928_4;partial=01;start_type=Edge;rbs_motif=None;rbs_spacer=None;gc_cont=0.327	vanY gene in vanF cluster	3002958	Strict	44.58	35.15	glycopeptide antibiotic	antibiotic target alteration	vanY; glycopeptide resistance gene cluster	vancomycin	False	chromosome_like	1		
RM2016_batch04A_newcountries12	ERR1713381	k141_962960	k141_962960_2 # 1791 # 2954 # -1 # ID=190438_2;partial=01;start_type=Edge;rbs_motif=None;rbs_spacer=None;gc_cont=0.387	vanT gene in vanG cluster	3002972	Strict	37.43	54.35	glycopeptide antibiotic	antibiotic target alteration	glycopeptide resistance gene cluster; vanT	vancomycin	False	chromosome_like	1		
RM2016_batch04A_newcountries12	ERR1713381	k141_684300	k141_684300_1 # 198 # 938 # 1 # ID=190552_1;partial=00;start_type=ATG;rbs_motif=TAAA;rbs_spacer=7bp;gc_cont=0.258	Erm(47)	3003908	Strict	99.59	100.0	macrolide antibiotic; lincosamide antibiotic; streptogramin antibiotic; streptogramin B antibiotic	antibiotic target alteration	Erm 23S ribosomal RNA methyltransferase	erythromycin; lincomycin; clindamycin; spiramycin; azithromycin; quinupristin	False	chromosome_like	1		
RM2016_batch04A_newcountries12	ERR1713381	k141_963151	k141_963151_1 # 217 # 2022 # 1 # ID=190735_1;partial=00;start_type=ATG;rbs_motif=AGGA;rbs_spacer=5-10bp;gc_cont=0.554	vanW gene in vanI cluster	3003724	Strict	30.96	161.13	glycopeptide antibiotic	antibiotic target alteration	vanW; glycopeptide resistance gene cluster	vancomycin; teicoplanin	False	chromosome_like	1		
RM2016_batch04A_newcountries12	ERR1713381	k141_685267	k141_685267_2 # 496 # 1308 # -1 # ID=191848_2;partial=00;start_type=GTG;rbs_motif=GGAGG;rbs_spacer=5-10bp;gc_cont=0.583	vanY gene in vanM cluster	3002961	Strict	32.45	115.88	glycopeptide antibiotic	antibiotic target alteration	vanY; glycopeptide resistance gene cluster	vancomycin; teicoplanin	False	chromosome_like	1		
RM2016_batch04A_newcountries12	ERR1713381	k141_965186	k141_965186_8 # 6849 # 8360 # 1 # ID=193541_8;partial=00;start_type=ATG;rbs_motif=AGGA;rbs_spacer=5-10bp;gc_cont=0.394	vanW gene in vanI cluster	3003724	Strict	30.05	134.85	glycopeptide antibiotic	antibiotic target alteration	vanW; glycopeptide resistance gene cluster	vancomycin; teicoplanin	False	chromosome_like	1		
RM2016_batch04A_newcountries12	ERR1713381	k141_128543	k141_128543_2 # 2333 # 4288 # 1 # ID=193954_2;partial=00;start_type=ATG;rbs_motif=GGAG/GAGG;rbs_spacer=5-10bp;gc_cont=0.322	tetB(P)	3000195	Strict	79.23	99.85	tetracycline antibiotic	antibiotic target protection	tetracycline-resistant ribosomal protection protein	tetracycline; doxycycline; minocycline; chlortetracycline; demeclocycline; oxytetracycline	False	chromosome_like	1		
RM2016_batch04A_newcountries12	ERR1713381	k141_825931	k141_825931_1 # 3 # 1070 # 1 # ID=194114_1;partial=10;start_type=Edge;rbs_motif=None;rbs_spacer=None;gc_cont=0.593	vanT gene in vanG cluster	3002972	Strict	34.51	49.86	glycopeptide antibiotic	antibiotic target alteration	glycopeptide resistance gene cluster; vanT	vancomycin	False	chromosome_like	1		
RM2016_batch04A_newcountries12	ERR1713381	k141_408249	k141_408249_1 # 1 # 687 # -1 # ID=195445_1;partial=10;start_type=TTG;rbs_motif=GGAG/GAGG;rbs_spacer=5-10bp;gc_cont=0.450	vanW gene in vanI cluster	3003724	Strict	43.09	61.39	glycopeptide antibiotic	antibiotic target alteration	vanW; glycopeptide resistance gene cluster	vancomycin; teicoplanin	False	chromosome_like	1		
RM2016_batch04A_newcountries12	ERR1713381	k141_408520	k141_408520_1 # 332 # 1834 # -1 # ID=195806_1;partial=00;start_type=ATG;rbs_motif=None;rbs_spacer=None;gc_cont=0.506	vanW gene in vanI cluster	3003724	Strict	35.08	134.05	glycopeptide antibiotic	antibiotic target alteration	vanW; glycopeptide resistance gene cluster	vancomycin; teicoplanin	False	chromosome_like	1		
RM2016_batch04A_newcountries12	ERR1713381	k141_548217	k141_548217_1 # 1 # 831 # 1 # ID=195957_1;partial=10;start_type=Edge;rbs_motif=None;rbs_spacer=None;gc_cont=0.307	vanT gene in vanE cluster	3002971	Strict	54.78	39.32	glycopeptide antibiotic	antibiotic target alteration	glycopeptide resistance gene cluster; vanT	vancomycin	False	chromosome_like	1		
RM2016_batch04A_newcountries12	ERR1713381	k141_1106628	k141_1106628_2 # 110 # 1015 # 1 # ID=196781_2;partial=01;start_type=ATG;rbs_motif=AGGA/GGAG/GAGG;rbs_spacer=11-12bp;gc_cont=0.362	vanY gene in vanB cluster	3002956	Strict	34.16	112.69	glycopeptide antibiotic	antibiotic target alteration	vanY; glycopeptide resistance gene cluster	vancomycin	False	chromosome_like	1		
RM2016_batch04A_newcountries12	ERR1713381	k141_827940	k141_827940_3 # 2241 # 3404 # 1 # ID=197123_3;partial=00;start_type=ATG;rbs_motif=AGGAG;rbs_spacer=5-10bp;gc_cont=0.369	vanT gene in vanG cluster	3002972	Strict	36.49	54.35	glycopeptide antibiotic	antibiotic target alteration	glycopeptide resistance gene cluster; vanT	vancomycin	False	chromosome_like	1		
RM2016_batch04A_newcountries12	ERR1713381	k141_967763	k141_967763_1 # 191 # 961 # 1 # ID=197188_1;partial=00;start_type=ATG;rbs_motif=None;rbs_spacer=None;gc_cont=0.272	vanY gene in vanF cluster	3002958	Strict	39.16	87.37	glycopeptide antibiotic	antibiotic target alteration	vanY; glycopeptide resistance gene cluster	vancomycin	False	chromosome_like	1		
RM2016_batch04A_newcountries12	ERR1713381	k141_969290	k141_969290_2 # 1540 # 2499 # 1 # ID=199285_2;partial=01;start_type=ATG;rbs_motif=GGAG/GAGG;rbs_spacer=5-10bp;gc_cont=0.285	vanT gene in vanG cluster	3002972	Strict	38.36	44.94	glycopeptide antibiotic	antibiotic target alteration	glycopeptide resistance gene cluster; vanT	vancomycin	False	chromosome_like	1		
RM2016_batch04A_newcountries12	ERR1713381	k141_1108930	k141_1108930_1 # 3 # 368 # 1 # ID=199792_1;partial=10;start_type=Edge;rbs_motif=None;rbs_spacer=None;gc_cont=0.418	vanY gene in vanM cluster	3002961	Strict	39.42	51.93	glycopeptide antibiotic	antibiotic target alteration	vanY; glycopeptide resistance gene cluster	vancomycin; teicoplanin	False	chromosome_like	1		
RM2016_batch04A_newcountries12	ERR1713381	k141_969798	k141_969798_6 # 6295 # 9072 # -1 # ID=200007_6;partial=00;start_type=GTG;rbs_motif=GGAG/GAGG;rbs_spacer=5-10bp;gc_cont=0.479	tet(36)	3000197	Strict	30.21	144.53	tetracycline antibiotic	antibiotic target protection	tetracycline-resistant ribosomal protection protein	tetracycline; doxycycline; minocycline; chlortetracycline; demeclocycline; oxytetracycline	False	chromosome_like	1		
RM2016_batch04A_newcountries12	ERR1713381	k141_133234	k141_133234_1 # 3 # 485 # 1 # ID=200615_1;partial=10;start_type=Edge;rbs_motif=None;rbs_spacer=None;gc_cont=0.648	vanY gene in vanF cluster	3002958	Strict	38.33	54.61	glycopeptide antibiotic	antibiotic target alteration	vanY; glycopeptide resistance gene cluster	vancomycin	False	chromosome_like	1		
RM2016_batch04A_newcountries12	ERR1713381	k141_133409	k141_133409_1 # 1 # 1014 # 1 # ID=200826_1;partial=10;start_type=Edge;rbs_motif=None;rbs_spacer=None;gc_cont=0.496	vanW gene in vanI cluster	3003724	Strict	36.75	90.35	glycopeptide antibiotic	antibiotic target alteration	vanW; glycopeptide resistance gene cluster	vancomycin; teicoplanin	False	chromosome_like	1		
RM2016_batch04A_newcountries12	ERR1713381	k141_412218	k141_412218_4 # 1398 # 2615 # -1 # ID=201189_4;partial=01;start_type=Edge;rbs_motif=None;rbs_spacer=None;gc_cont=0.644	vanW gene in vanI cluster	3003724	Strict	28.88	108.58	glycopeptide antibiotic	antibiotic target alteration	vanW; glycopeptide resistance gene cluster	vancomycin; teicoplanin	False	chromosome_like	1		
RM2016_batch04A_newcountries12	ERR1713381	k141_134033	k141_134033_1 # 1 # 714 # -1 # ID=201814_1;partial=10;start_type=ATG;rbs_motif=GGAG/GAGG;rbs_spacer=5-10bp;gc_cont=0.420	vanY gene in vanG cluster	3002959	Strict	38.6	85.3	glycopeptide antibiotic	antibiotic target alteration	vanY; glycopeptide resistance gene cluster	vancomycin	False	chromosome_like	1		
RM2016_batch04A_newcountries12	ERR1713381	k141_134500	k141_134500_1 # 211 # 1116 # 1 # ID=202562_1;partial=00;start_type=ATG;rbs_motif=AGGAG;rbs_spacer=5-10bp;gc_cont=0.656	mphA	3000316	Perfect	100.0	100.0	macrolide antibiotic	antibiotic inactivation	macrolide phosphotransferase (MPH)	erythromycin; roxithromycin; telithromycin; clarithromycin; azithromycin; dirithromycin; oleandomycin	False	chromosome_like	1		
RM2016_batch04A_newcountries12	ERR1713381	k141_1111022	k141_1111022_3 # 1143 # 1310 # -1 # ID=202865_3;partial=01;start_type=Edge;rbs_motif=None;rbs_spacer=None;gc_cont=0.440	vanY gene in vanB cluster	3002956	Strict	59.62	20.52	glycopeptide antibiotic	antibiotic target alteration	vanY; glycopeptide resistance gene cluster	vancomycin	False	chromosome_like	1		
RM2016_batch04A_newcountries12	ERR1713381	k141_693427	k141_693427_1 # 2 # 1954 # 1 # ID=203160_1;partial=10;start_type=Edge;rbs_motif=None;rbs_spacer=None;gc_cont=0.591	vanY gene in vanB cluster	3002956	Strict	36.02	242.54	glycopeptide antibiotic	antibiotic target alteration	vanY; glycopeptide resistance gene cluster	vancomycin	False	chromosome_like	1		
RM2016_batch04A_newcountries12	ERR1713381	k141_972121	k141_972121_1 # 12 # 500 # -1 # ID=203377_1;partial=00;start_type=ATG;rbs_motif=AGGAG;rbs_spacer=5-10bp;gc_cont=0.407	nimG	3007109	Strict	53.09	98.78	nitroimidazole antibiotic	antibiotic inactivation	nitroimidazole reductase	metronidazole	False	chromosome_like	1		
RM2016_batch04A_newcountries12	ERR1713381	k141_972510	k141_972510_2 # 327 # 2441 # -1 # ID=203958_2;partial=00;start_type=GTG;rbs_motif=None;rbs_spacer=None;gc_cont=0.643	adeF	3000777	Strict	69.3	66.48	fluoroquinolone antibiotic; tetracycline antibiotic	antibiotic efflux	resistance-nodulation-cell division (RND) antibiotic efflux pump	tetracycline	False	chromosome_like	1		
RM2016_batch04A_newcountries12	ERR1713381	k141_136193	k141_136193_9 # 10430 # 12268 # 1 # ID=204897_9;partial=00;start_type=TTG;rbs_motif=AGGAG;rbs_spacer=5-10bp;gc_cont=0.670	vanW gene in vanI cluster	3003724	Strict	32.39	164.08	glycopeptide antibiotic	antibiotic target alteration	vanW; glycopeptide resistance gene cluster	vancomycin; teicoplanin	False	chromosome_like	1		
RM2016_batch04A_newcountries12	ERR1713381	k141_973241	k141_973241_2 # 1606 # 2784 # -1 # ID=204945_2;partial=00;start_type=ATG;rbs_motif=GGAG/GAGG;rbs_spacer=5-10bp;gc_cont=0.413	vanT gene in vanG cluster	3002972	Strict	39.04	55.06	glycopeptide antibiotic	antibiotic target alteration	glycopeptide resistance gene cluster; vanT	vancomycin	False	chromosome_like	1		
RM2016_batch04A_newcountries12	ERR1713381	k141_1112595	k141_1112595_6 # 2328 # 2540 # 1 # ID=205119_6;partial=00;start_type=ATG;rbs_motif=GGAGG;rbs_spacer=5-10bp;gc_cont=0.408	vanU gene in vanG cluster	3004253	Strict	80.6	93.33	glycopeptide antibiotic	antibiotic target alteration	glycopeptide resistance gene cluster; vanU	vancomycin	False	chromosome_like	1		
RM2016_batch04A_newcountries12	ERR1713381	k141_1113024	k141_1113024_1 # 1 # 894 # 1 # ID=205764_1;partial=10;start_type=Edge;rbs_motif=None;rbs_spacer=None;gc_cont=0.492	vanY gene in vanB cluster	3002956	Strict	36.57	110.82	glycopeptide antibiotic	antibiotic target alteration	vanY; glycopeptide resistance gene cluster	vancomycin	False	chromosome_like	1		
RM2016_batch04A_newcountries12	ERR1713381	k141_555356	k141_555356_2 # 815 # 2227 # -1 # ID=205772_2;partial=00;start_type=ATG;rbs_motif=GGA/GAG/AGG;rbs_spacer=5-10bp;gc_cont=0.224	vanY gene in vanB cluster	3002956	Strict	36.0	175.37	glycopeptide antibiotic	antibiotic target alteration	vanY; glycopeptide resistance gene cluster	vancomycin	False	chromosome_like	1		
RM2016_batch04A_newcountries12	ERR1713381	k141_276782	k141_276782_1 # 119 # 439 # -1 # ID=205780_1;partial=00;start_type=ATG;rbs_motif=AGGAG;rbs_spacer=5-10bp;gc_cont=0.327	qacG	3007015	Strict	46.08	99.07	disinfecting agents and antiseptics	antibiotic efflux	small multidrug resistance (SMR) antibiotic efflux pump	benzalkonium chloride	False	chromosome_like	1		
RM2016_batch04A_newcountries12	ERR1713381	k141_696290	k141_696290_2 # 809 # 1816 # -1 # ID=207014_2;partial=00;start_type=ATG;rbs_motif=None;rbs_spacer=None;gc_cont=0.546	vanW gene in vanI cluster	3003724	Strict	30.25	89.81	glycopeptide antibiotic	antibiotic target alteration	vanW; glycopeptide resistance gene cluster	vancomycin; teicoplanin	False	chromosome_like	1		
RM2016_batch04A_newcountries12	ERR1713381	k141_974784	k141_974784_5 # 3847 # 4917 # -1 # ID=207149_5;partial=00;start_type=ATG;rbs_motif=AGGAG;rbs_spacer=5-10bp;gc_cont=0.288	vanT gene in vanG cluster	3002972	Strict	34.07	50.0	glycopeptide antibiotic	antibiotic target alteration	glycopeptide resistance gene cluster; vanT	vancomycin	False	chromosome_like	1		
RM2016_batch04A_newcountries12	ERR1713381	k141_1114334	k141_1114334_2 # 397 # 1029 # -1 # ID=207848_2;partial=00;start_type=ATG;rbs_motif=GGA/GAG/AGG;rbs_spacer=5-10bp;gc_cont=0.493	catB3	3002676	Perfect	100.0	100.0	phenicol antibiotic	antibiotic inactivation	chloramphenicol acetyltransferase (CAT)	azidamfenicol; chloramphenicol; thiamphenicol	False	chromosome_like	1		
RM2016_batch04A_newcountries12	ERR1713381	k141_975402	k141_975402_1 # 2 # 772 # 1 # ID=207868_1;partial=10;start_type=Edge;rbs_motif=None;rbs_spacer=None;gc_cont=0.258	vanG	3002909	Strict	59.61	73.35	glycopeptide antibiotic	antibiotic target alteration	glycopeptide resistance gene cluster; Van ligase	vancomycin	False	chromosome_like	1		
RM2016_batch04A_newcountries12	ERR1713381	k141_975402	k141_975402_2 # 769 # 1503 # 1 # ID=207868_2;partial=00;start_type=ATG;rbs_motif=AGGA;rbs_spacer=5-10bp;gc_cont=0.231	vanXY gene in vanG cluster	3003069	Strict	45.93	96.06	glycopeptide antibiotic	antibiotic target alteration	glycopeptide resistance gene cluster; vanXY	vancomycin	False	chromosome_like	1		
RM2016_batch04A_newcountries12	ERR1713381	k141_468861	k141_468861_2 # 763 # 1134 # 1 # ID=79362_2;partial=00;start_type=GTG;rbs_motif=GGA/GAG/AGG;rbs_spacer=5-10bp;gc_cont=0.656	Mycobacterium tuberculosis rpsL mutations conferring resistance to Streptomycin	3003395	Strict	90.24	99.19	aminoglycoside antibiotic	antibiotic target alteration	antibiotic-resistant rpsL	streptomycin	False	chromosome_like	1		
RM2016_batch04A_newcountries12	ERR1713381	k141_677819	k141_677819_2 # 1091 # 1462 # 1 # ID=181309_2;partial=00;start_type=GTG;rbs_motif=None;rbs_spacer=None;gc_cont=0.651	Mycobacterium tuberculosis rpsL mutations conferring resistance to Streptomycin	3003395	Strict	91.87	99.19	aminoglycoside antibiotic	antibiotic target alteration	antibiotic-resistant rpsL	streptomycin	False	chromosome_like	1		
