seq_name	chromosome_score	plasmid_score	virus_score
k141_55185	0.9070	0.0688	0.0243
k141_91978	0.4909	0.3220	0.1870
k141_110373	0.2186	0.1694	0.6119
k141_128768	0.3812	0.4390	0.1798
k141_9	0.8859	0.0804	0.0337
k141_73588	0.9526	0.0354	0.0120
k141_36796	0.4914	0.3771	0.1315
k141_55196	0.5278	0.2803	0.1919
k141_73589	0.8382	0.1009	0.0609
k141_36798	0.2951	0.4046	0.3002
k141_110380	0.2497	0.4419	0.3084
k141_16	0.0344	0.0190	0.9466
k141_73590	0.7226	0.1721	0.1054
k141_128776	0.0111	0.0345	0.9544
k141_91989	0.9348	0.0478	0.0174
k141_18415	0.9580	0.0296	0.0125
k141_110387	0.6196	0.1775	0.2028
k141_55208	0.9557	0.0305	0.0138
k141_73598	0.6622	0.1834	0.1544
k141_25	0.3495	0.5540	0.0966
k141_128786	0.6420	0.1827	0.1753
k141_18424	0.7158	0.1835	0.1007
k141_55214	0.9296	0.0494	0.0209
k141_28	0.7258	0.1474	0.1268
k141_128787	0.9245	0.0483	0.0272
k141_92003	0.2860	0.5355	0.1786
k141_55215	0.9753	0.0189	0.0058
k141_128788	0.9432	0.0393	0.0176
k141_110400	0.5450	0.3251	0.1298
k141_37	0.9728	0.0194	0.0079
k141_92012	0.8225	0.1264	0.0510
k141_92014	0.4180	0.2542	0.3278
k141_18439	0.1449	0.1369	0.7182
k141_73619	0.9820	0.0130	0.0050
k141_92019	0.6257	0.2260	0.1483
k141_73620	0.8135	0.1082	0.0784
k141_18443	0.0447	0.0473	0.9080
k141_128810	0.9222	0.0550	0.0227
k141_52	0.8380	0.1051	0.0570
k141_36828	0.9591	0.0302	0.0106
k141_110425	0.6984	0.1727	0.1290
k141_18457	0.9379	0.0468	0.0153
k141_64	0.9726	0.0217	0.0056
k141_110430	0.3990	0.3633	0.2377
k141_36839	0.6716	0.1782	0.1502
k141_110431	0.1329	0.6087	0.2584
k141_73632	0.9586	0.0314	0.0100
k141_18464	0.2659	0.6950	0.0391
k141_128817	0.4540	0.4619	0.0841
k141_92046	0.9451	0.0404	0.0145
k141_128820	0.9849	0.0110	0.0042
k141_110435	0.5370	0.2047	0.2583
k141_55223	0.4522	0.5097	0.0381
k141_18469	0.5499	0.2122	0.2379
k141_36846	0.1951	0.1636	0.6413
k141_92051	0.8408	0.1381	0.0211
k141_55227	0.2115	0.1912	0.5973
k141_128825	0.8459	0.1053	0.0489
k141_110442	0.6950	0.2096	0.0954
k141_36847	0.6864	0.1887	0.1249
k141_85	0.5490	0.2594	0.1916
k141_128827	0.6051	0.2724	0.1226
k141_18479	0.6531	0.1752	0.1717
k141_73650	0.6127	0.2834	0.1039
k141_110446	0.6324	0.2410	0.1266
k141_18481	0.9111	0.0672	0.0217
k141_73651	0.2668	0.0502	0.6830
k141_55237	0.9270	0.0571	0.0159
k141_88	0.0195	0.0186	0.9620
k141_128840	0.5786	0.1989	0.2225
k141_110457	0.5311	0.2304	0.2385
k141_73660	0.9849	0.0110	0.0041
k141_92071	0.2523	0.5320	0.2157
k141_36862	0.7271	0.1380	0.1349
k141_110460	0.6495	0.2248	0.1257
k141_55249	0.1687	0.0497	0.7817
k141_18496	0.0148	0.0641	0.9211
k141_128851	0.5775	0.1694	0.2531
k141_110465	0.5270	0.3019	0.1712
k141_55254	0.8616	0.0915	0.0469
k141_36867	0.9604	0.0310	0.0086
k141_128855	0.9619	0.0272	0.0109
k141_18503	0.6482	0.2186	0.1332
k141_103	0.9583	0.0289	0.0128
k141_92083	0.8721	0.0838	0.0441
k141_55255	0.0098	0.0207	0.9695
k141_110474	0.7860	0.1242	0.0898
k141_128863	0.3637	0.4259	0.2104
k141_18509	0.9006	0.0761	0.0233
k141_55257	0.7127	0.1949	0.0923
k141_110	0.4513	0.2866	0.2621
k141_55258	0.0134	0.0287	0.9579
k141_110479	0.3488	0.4310	0.2201
k141_128866	0.8096	0.1098	0.0806
k141_36878	0.8191	0.0662	0.1146
k141_18511	0.6846	0.2666	0.0489
k141_116	0.4984	0.3075	0.1941
k141_18513	0.5484	0.2011	0.2504
k141_55270	0.9510	0.0352	0.0139
k141_110499	0.7590	0.1454	0.0955
k141_55274	0.8257	0.1406	0.0337
k141_128886	0.1245	0.0895	0.7860
k141_73669	0.9672	0.0233	0.0095
k141_110503	0.5713	0.2156	0.2131
k141_55276	0.0348	0.0619	0.9034
k141_110516	0.9309	0.0506	0.0186
k141_155	0.7044	0.2416	0.0540
k141_18551	0.1729	0.5567	0.2704
k141_110521	0.9016	0.0664	0.0321
k141_92139	0.2753	0.1253	0.5994
k141_73684	0.6173	0.2889	0.0938
k141_158	0.5825	0.2194	0.1981
k141_128909	0.7756	0.1359	0.0885
k141_160	0.5749	0.1981	0.2270
k141_73689	0.7921	0.1017	0.1062
k141_36917	0.6733	0.1657	0.1609
k141_55288	0.0078	0.0222	0.9700
k141_128911	0.3586	0.4420	0.1993
k141_73693	0.7726	0.1505	0.0769
k141_36925	0.0263	0.0549	0.9187
k141_92158	0.1535	0.1882	0.6582
k141_73702	0.7314	0.1854	0.0832
k141_36928	0.7185	0.1409	0.1405
k141_128924	0.9326	0.0504	0.0169
k141_110546	0.3078	0.2877	0.4046
k141_128925	0.9461	0.0441	0.0098
k141_184	0.4945	0.3730	0.1324
k141_185	0.7434	0.1545	0.1021
k141_73714	0.9560	0.0289	0.0151
k141_110552	0.7413	0.1672	0.0915
k141_190	0.1106	0.1209	0.7685
k141_18576	0.9561	0.0320	0.0120
k141_92176	0.5922	0.2028	0.2049
k141_73716	0.1542	0.4663	0.3795
k141_128933	0.2301	0.3214	0.4484
k141_18577	0.1774	0.7017	0.1209
k141_55322	0.7971	0.1167	0.0862
k141_73717	0.3470	0.1737	0.4793
k141_192	0.3426	0.2377	0.4197
k141_110555	0.7955	0.1317	0.0728
k141_92181	0.1282	0.6889	0.1830
k141_128938	0.7612	0.1586	0.0802
k141_73720	0.8022	0.1690	0.0287
k141_92184	0.4245	0.2656	0.3099
k141_55330	0.8555	0.1053	0.0392
k141_36946	0.2689	0.4572	0.2739
k141_18588	0.9093	0.0718	0.0188
k141_92188	0.8110	0.1281	0.0609
k141_110567	0.5795	0.2156	0.2049
k141_92189	0.5999	0.2210	0.1791
k141_110568	0.9562	0.0322	0.0116
k141_36947	0.0324	0.0923	0.8753
k141_18591	0.9455	0.0413	0.0132
k141_128948	0.6977	0.1732	0.1291
k141_73730	0.8421	0.0752	0.0828
k141_92190	0.8822	0.0964	0.0213
k141_55336	0.9559	0.0329	0.0112
k141_36951	0.9185	0.0614	0.0201
k141_110572	0.9574	0.0324	0.0101
k141_18598	0.8083	0.1349	0.0567
k141_215	0.1821	0.1504	0.6675
k141_218	0.1789	0.2037	0.6174
k141_110579	0.7045	0.1847	0.1107
k141_18601	0.8062	0.0977	0.0961
k141_73743	0.3939	0.2890	0.3171
k141_92202	0.7263	0.1796	0.0941
k141_18602	0.5719	0.2748	0.1534
k141_110580	0.3266	0.2913	0.3821
k141_36959	0.2206	0.4753	0.3041
k141_73746	0.8951	0.0817	0.0232
k141_92207	0.8466	0.1125	0.0409
k141_128965	0.9383	0.0481	0.0136
k141_220	0.9452	0.0396	0.0151
k141_18608	0.8764	0.0850	0.0386
k141_73751	0.7859	0.1573	0.0568
k141_18609	0.8815	0.0930	0.0255
k141_36965	0.6371	0.2658	0.0971
k141_73753	0.1377	0.1220	0.7403
k141_225	0.6268	0.2167	0.1566
k141_110593	0.0434	0.0840	0.8726
k141_73755	0.8013	0.1290	0.0697
k141_18615	0.0387	0.1031	0.8582
k141_227	0.2688	0.5137	0.2175
k141_128977	0.6194	0.2750	0.1055
k141_36969	0.8859	0.0902	0.0239
k141_128978	0.5876	0.3823	0.0300
k141_73759	0.6634	0.1628	0.1738
k141_110597	0.0123	0.0157	0.9720
k141_231	0.8643	0.0902	0.0455
k141_232	0.5739	0.2252	0.2010
k141_235	0.8340	0.1394	0.0266
k141_92228	0.5907	0.1674	0.2418
k141_128985	0.8879	0.0716	0.0406
k141_92229	0.1669	0.3772	0.4558
k141_236	0.2501	0.4805	0.2695
k141_73768	0.8671	0.0967	0.0361
k141_238	0.0739	0.0361	0.8900
k141_110605	0.0233	0.1192	0.8575
k141_73773	0.8704	0.1007	0.0288
k141_18633	0.7989	0.1355	0.0656
k141_55384	0.0841	0.0681	0.8478
k141_92237	0.9434	0.0455	0.0111
k141_18635	0.6873	0.1421	0.1706
k141_55388	0.9524	0.0337	0.0139
k141_92238	0.8164	0.1544	0.0293
k141_73781	0.9764	0.0178	0.0058
k141_92240	0.7412	0.1341	0.1247
k141_36988	0.7564	0.1256	0.1180
k141_129004	0.5883	0.2940	0.1176
k141_110619	0.7224	0.1498	0.1278
k141_18644	0.6386	0.3264	0.0350
k141_110622	0.8669	0.0825	0.0506
k141_55394	0.3770	0.2442	0.3788
k141_243	0.8148	0.1452	0.0400
k141_92244	0.9845	0.0115	0.0040
k141_36992	0.5975	0.2595	0.1430
k141_92245	0.7588	0.1883	0.0529
k141_247	0.4949	0.3647	0.1404
k141_18651	0.7904	0.1572	0.0524
k141_251	0.6073	0.2113	0.1814
k141_110635	0.6871	0.1993	0.1136
k141_55404	0.4592	0.3401	0.2007
k141_252	0.6667	0.2154	0.1179
k141_73800	0.4146	0.4048	0.1806
k141_129021	0.8197	0.1212	0.0591
k141_55406	0.8031	0.1603	0.0366
k141_110643	0.9364	0.0523	0.0112
k141_37003	0.8917	0.0783	0.0301
k141_92263	0.8363	0.1061	0.0576
k141_110645	0.8480	0.1087	0.0433
k141_129022	0.0110	0.0276	0.9614
k141_73807	0.8392	0.1024	0.0584
k141_55412	0.4765	0.3605	0.1630
k141_110646	0.1744	0.5949	0.2306
k141_129025	0.5207	0.4264	0.0529
k141_129027	0.3721	0.2515	0.3764
k141_18676	0.9115	0.0690	0.0196
k141_92270	0.9844	0.0110	0.0046
k141_110649	0.4526	0.2669	0.2804
k141_73817	0.2065	0.4268	0.3666
k141_110650	0.0294	0.0346	0.9360
k141_129029	0.1299	0.1820	0.6881
k141_274	0.2515	0.5439	0.2046
k141_92274	0.0398	0.1626	0.7976
k141_129030	0.9808	0.0138	0.0054
k141_92276	0.0144	0.0247	0.9609
k141_37015	0.4818	0.3374	0.1808
k141_279	0.9009	0.0775	0.0215
k141_18686	0.8421	0.1286	0.0293
k141_110655	0.8447	0.1328	0.0225
k141_55432	0.3783	0.2282	0.3935
k141_129037	0.7554	0.1687	0.0759
k141_281	0.9156	0.0637	0.0208
k141_37019	0.6184	0.2139	0.1677
k141_129038	0.5966	0.2489	0.1545
k141_282	0.1496	0.8063	0.0441
k141_110659	0.6866	0.2357	0.0777
k141_18692	0.1654	0.5516	0.2830
k141_73833	0.9356	0.0499	0.0145
k141_129043	0.8108	0.0931	0.0961
k141_92292	0.5578	0.2221	0.2201
k141_55444	0.7077	0.2256	0.0667
k141_37026	0.3350	0.2838	0.3813
k141_37027	0.9237	0.0523	0.0240
k141_92297	0.6597	0.1483	0.1920
k141_293	0.0833	0.2720	0.6446
k141_18695	0.2213	0.5890	0.1897
k141_129053	0.0556	0.0728	0.8716
k141_55456	0.6208	0.2697	0.1095
k141_73853	0.6340	0.1859	0.1801
k141_92300	0.7898	0.1734	0.0367
k141_110682	0.4974	0.0827	0.4199
k141_73855	0.0382	0.0956	0.8661
k141_73858	0.5679	0.2434	0.1887
k141_309	0.1633	0.1963	0.6404
k141_18711	0.1147	0.2456	0.6397
k141_110684	0.9177	0.0606	0.0218
k141_110685	0.9590	0.0285	0.0125
k141_55467	0.8932	0.0785	0.0283
k141_18715	0.7624	0.1316	0.1060
k141_55469	0.6283	0.1885	0.1832
k141_110691	0.9474	0.0382	0.0144
k141_73871	0.6131	0.1620	0.2249
k141_110693	0.3524	0.5322	0.1153
k141_321	0.6320	0.2086	0.1594
k141_73873	0.7607	0.1953	0.0439
k141_92310	0.9687	0.0218	0.0095
k141_110696	0.9069	0.0744	0.0187
k141_37057	0.1077	0.1005	0.7918
k141_73878	0.1783	0.3106	0.5111
k141_110699	0.8612	0.1076	0.0311
k141_92316	0.9069	0.0857	0.0074
k141_37064	0.9620	0.0269	0.0111
k141_336	0.7186	0.2311	0.0503
k141_129104	0.7632	0.1611	0.0757
k141_18730	0.0089	0.0184	0.9727
k141_37066	0.4110	0.3782	0.2108
k141_110708	0.9733	0.0188	0.0079
k141_92326	0.1820	0.1965	0.6216
k141_37067	0.7642	0.0995	0.1362
k141_18736	0.9196	0.0483	0.0321
k141_55508	0.6613	0.1617	0.1770
k141_92331	0.0282	0.0353	0.9365
k141_110714	0.5736	0.3626	0.0638
k141_129116	0.4956	0.1987	0.3056
k141_55510	0.6526	0.2996	0.0477
k141_346	0.9749	0.0180	0.0072
k141_110719	0.7042	0.1389	0.1569
k141_55513	0.1134	0.5836	0.3031
k141_18748	0.0674	0.0625	0.8701
k141_350	0.2312	0.2396	0.5292
k141_73912	0.0140	0.0190	0.9670
k141_92337	0.8606	0.0849	0.0545
k141_37082	0.7125	0.1515	0.1360
k141_73918	0.6236	0.1869	0.1895
k141_129130	0.1503	0.6718	0.1779
k141_92344	0.7760	0.1729	0.0512
k141_73921	0.9077	0.0605	0.0318
k141_110735	0.8323	0.1072	0.0605
k141_110736	0.7467	0.1536	0.0997
k141_366	0.9604	0.0283	0.0114
k141_18768	0.0310	0.0397	0.9293
k141_55531	0.3923	0.3433	0.2643
k141_92351	0.8043	0.0977	0.0980
k141_367	0.7631	0.1446	0.0923
k141_110739	0.7480	0.1204	0.1316
k141_18771	0.3224	0.3098	0.3678
k141_368	0.5842	0.2070	0.2088
k141_55533	0.9290	0.0465	0.0245
k141_110741	0.5263	0.3466	0.1271
k141_55537	0.3207	0.2069	0.4725
k141_18774	0.9492	0.0377	0.0131
k141_129152	0.1585	0.1646	0.6769
k141_92359	0.9192	0.0699	0.0110
k141_18778	0.8550	0.1170	0.0280
k141_110749	0.6743	0.2006	0.1251
k141_55543	0.9503	0.0381	0.0116
k141_37107	0.0124	0.9761	0.0115
k141_110750	0.7491	0.1521	0.0988
k141_73948	0.9726	0.0200	0.0074
k141_18781	0.3133	0.3871	0.2996
k141_92368	0.8775	0.1003	0.0222
k141_129164	0.8918	0.0863	0.0219
k141_37110	0.1194	0.0360	0.8446
k141_73953	0.7295	0.1388	0.1317
k141_392	0.2730	0.5237	0.2033
k141_110758	0.6204	0.2751	0.1045
k141_129170	0.2192	0.5866	0.1942
k141_55559	0.7324	0.2190	0.0486
k141_92381	0.7955	0.0935	0.1110
k141_55562	0.9232	0.0538	0.0230
k141_110767	0.1825	0.7190	0.0985
k141_37114	0.7708	0.1040	0.1252
k141_110769	0.9729	0.0193	0.0079
k141_18796	0.9201	0.0597	0.0202
k141_92386	0.2356	0.1907	0.5737
k141_73974	0.5362	0.2340	0.2298
k141_73975	0.9537	0.0342	0.0121
k141_129184	0.9841	0.0116	0.0043
k141_415	0.2255	0.6240	0.1505
k141_110775	0.0606	0.1965	0.7429
k141_37119	0.1277	0.1713	0.7010
k141_73977	0.3561	0.3134	0.3305
k141_129187	0.4799	0.3443	0.1758
k141_55578	0.3473	0.4794	0.1733
k141_73979	0.8969	0.0806	0.0225
k141_110779	0.9587	0.0292	0.0121
k141_421	0.0795	0.2332	0.6873
k141_129193	0.9532	0.0344	0.0123
k141_37126	0.6954	0.1590	0.1457
k141_92402	0.2261	0.1841	0.5898
k141_18815	0.9082	0.0584	0.0334
k141_92404	0.5203	0.3314	0.1483
k141_55586	0.3132	0.0927	0.5940
k141_110786	0.8379	0.1444	0.0177
k141_429	0.2776	0.2441	0.4782
k141_92406	0.9283	0.0512	0.0205
k141_37130	0.6117	0.2638	0.1245
k141_110789	0.6049	0.2321	0.1629
k141_73995	0.5593	0.2193	0.2215
k141_129201	0.8615	0.1039	0.0347
k141_55593	0.9639	0.0263	0.0097
k141_37132	0.0330	0.0243	0.9427
k141_18825	0.6425	0.1985	0.1590
k141_73996	0.8552	0.1014	0.0434
k141_55594	0.2702	0.2363	0.4935
k141_92414	0.8612	0.0988	0.0400
k141_73998	0.9825	0.0127	0.0048
k141_55595	0.4745	0.3320	0.1935
k141_18831	0.1212	0.0332	0.8456
k141_37135	0.8813	0.0818	0.0369
k141_444	0.0240	0.0258	0.9502
k141_55600	0.3737	0.5645	0.0618
k141_92422	0.9496	0.0350	0.0154
k141_449	0.1875	0.4814	0.3311
k141_129220	0.4149	0.3662	0.2189
k141_37145	0.4192	0.4576	0.1232
k141_110813	0.6359	0.2206	0.1436
k141_92431	0.9546	0.0290	0.0165
k141_74014	0.2823	0.1992	0.5185
k141_458	0.4588	0.2835	0.2577
k141_92437	0.1381	0.1513	0.7106
k141_55617	0.4936	0.1858	0.3206
k141_37152	0.9504	0.0375	0.0121
k141_110823	0.8795	0.0648	0.0556
k141_18857	0.2288	0.6001	0.1712
k141_466	0.6317	0.2170	0.1513
k141_467	0.1244	0.2733	0.6022
k141_18858	0.4649	0.3142	0.2209
k141_92442	0.5849	0.2986	0.1165
k141_74023	0.9726	0.0191	0.0083
k141_37155	0.4977	0.3241	0.1782
k141_472	0.8881	0.0820	0.0299
k141_473	0.0491	0.0498	0.9011
k141_92449	0.0331	0.0287	0.9383
k141_37157	0.6571	0.2777	0.0652
k141_18865	0.7396	0.1896	0.0708
k141_478	0.5025	0.3241	0.1733
k141_74034	0.9543	0.0358	0.0098
k141_481	0.2110	0.5956	0.1934
k141_92457	0.5822	0.2949	0.1229
k141_110837	0.5056	0.0658	0.4286
k141_37162	0.5010	0.4479	0.0511
k141_92459	0.3671	0.2909	0.3420
k141_74040	0.9512	0.0328	0.0160
k141_129265	0.9470	0.0365	0.0165
k141_483	0.8138	0.1440	0.0422
k141_110843	0.8427	0.0879	0.0694
k141_92461	0.6384	0.1934	0.1681
k141_55646	0.5995	0.2102	0.1904
k141_55649	0.0164	0.0211	0.9625
k141_18885	0.6041	0.2628	0.1331
k141_490	0.8649	0.1173	0.0178
k141_92465	0.9378	0.0401	0.0221
k141_92466	0.0191	0.0323	0.9485
k141_18886	0.9046	0.0768	0.0186
k141_37172	0.8775	0.0861	0.0364
k141_92472	0.8900	0.0716	0.0385
k141_74060	0.5564	0.3345	0.1090
k141_497	0.9662	0.0232	0.0105
k141_129290	0.0208	0.0356	0.9436
k141_55667	0.0298	0.0238	0.9465
k141_500	0.7672	0.1477	0.0850
k141_110873	0.9523	0.0356	0.0121
k141_129294	0.8420	0.1032	0.0549
k141_37186	0.9836	0.0118	0.0046
k141_110877	0.7323	0.1372	0.1305
k141_92489	0.1241	0.2730	0.6029
k141_18912	0.8605	0.0995	0.0400
k141_74076	0.0681	0.0625	0.8694
k141_110878	0.3278	0.4181	0.2541
k141_37187	0.1881	0.3536	0.4582
k141_92490	0.4501	0.3060	0.2439
k141_511	0.9519	0.0332	0.0150
k141_110880	0.0977	0.1718	0.7305
k141_129301	0.7749	0.1538	0.0713
k141_92491	0.3876	0.3316	0.2808
k141_18916	0.7941	0.1061	0.0998
k141_37189	0.6852	0.1560	0.1588
k141_110881	0.4001	0.3729	0.2270
k141_92493	0.5204	0.3998	0.0798
k141_74077	0.9716	0.0206	0.0078
k141_129308	0.8537	0.1101	0.0362
k141_18922	0.2407	0.2601	0.4991
k141_55690	0.9284	0.0543	0.0173
k141_110888	0.7010	0.1910	0.1081
k141_129310	0.4488	0.2799	0.2713
k141_517	0.9385	0.0435	0.0180
k141_129312	0.9377	0.0446	0.0178
k141_110892	0.2142	0.1735	0.6123
k141_519	0.7936	0.1792	0.0273
k141_520	0.9358	0.0449	0.0193
k141_18924	0.9497	0.0356	0.0147
k141_129318	0.0104	0.0149	0.9747
k141_110896	0.5839	0.2637	0.1524
k141_18925	0.7512	0.1219	0.1269
k141_37206	0.9616	0.0305	0.0079
k141_129322	0.0902	0.1560	0.7538
k141_18929	0.2695	0.3305	0.3999
k141_92513	0.2679	0.4995	0.2326
k141_129323	0.9650	0.0273	0.0076
k141_74101	0.2002	0.4336	0.3662
k141_530	0.7962	0.1274	0.0764
k141_18930	0.0113	0.0195	0.9692
k141_55709	0.2511	0.1416	0.6073
k141_110905	0.7621	0.1570	0.0808
k141_536	0.5107	0.3300	0.1594
k141_55712	0.9557	0.0291	0.0151
k141_18937	0.0180	0.0448	0.9372
k141_92524	0.2026	0.2142	0.5833
k141_55713	0.7881	0.1023	0.1096
k141_74108	0.9226	0.0446	0.0328
k141_18939	0.4924	0.2730	0.2345
k141_110915	0.4347	0.2549	0.3105
k141_37219	0.8099	0.0736	0.1165
k141_92527	0.8016	0.1014	0.0970
k141_55719	0.9724	0.0193	0.0083
k141_546	0.8328	0.1324	0.0348
k141_18946	0.5867	0.3235	0.0899
k141_129348	0.4013	0.2107	0.3880
k141_110926	0.0482	0.0526	0.8992
k141_37226	0.0301	0.0503	0.9196
k141_74121	0.6231	0.1584	0.2185
k141_55728	0.0018	0.9930	0.0052
k141_37227	0.5638	0.2607	0.1755
k141_92540	0.1705	0.1261	0.7035
k141_74123	0.8985	0.0745	0.0270
k141_92541	0.1510	0.1576	0.6914
k141_18953	0.9728	0.0197	0.0075
k141_74124	0.0125	0.0183	0.9692
k141_129354	0.9786	0.0159	0.0055
k141_110930	0.9315	0.0533	0.0152
k141_55741	0.9120	0.0628	0.0252
k141_573	0.9482	0.0382	0.0136
k141_74125	0.8242	0.1030	0.0728
k141_110938	0.2883	0.3412	0.3705
k141_37241	0.8959	0.0694	0.0347
k141_74128	0.5063	0.3223	0.1714
k141_129364	0.1201	0.7209	0.1590
k141_55744	0.0368	0.1101	0.8531
k141_37242	0.7746	0.1492	0.0762
k141_74129	0.2901	0.5135	0.1964
k141_110944	0.7764	0.1208	0.1028
k141_74130	0.9514	0.0334	0.0152
k141_18977	0.0879	0.5748	0.3373
k141_129372	0.9339	0.0501	0.0160
k141_37247	0.4626	0.3453	0.1921
k141_589	0.2480	0.1718	0.5802
k141_55753	0.6868	0.2538	0.0594
k141_18982	0.6614	0.2276	0.1110
k141_74139	0.1186	0.1107	0.7707
k141_37251	0.4280	0.3304	0.2416
k141_18983	0.9645	0.0258	0.0097
k141_129374	0.0097	0.0221	0.9682
k141_18987	0.7615	0.1693	0.0693
k141_129375	0.7573	0.1400	0.1027
k141_604	0.0595	0.1973	0.7432
k141_37260	0.8700	0.1010	0.0290
k141_55773	0.8815	0.0883	0.0302
k141_74154	0.6321	0.2368	0.1311
k141_110956	0.0066	0.0108	0.9826
k141_129386	0.5203	0.2916	0.1880
k141_110959	0.9630	0.0302	0.0067
k141_74158	0.9363	0.0492	0.0145
k141_55775	0.5632	0.0584	0.3784
k141_19002	0.9707	0.0212	0.0081
k141_129391	0.8899	0.0709	0.0392
k141_110961	0.7433	0.1417	0.1151
k141_55777	0.6567	0.1955	0.1478
k141_612	0.0481	0.0747	0.8772
k141_74161	0.6587	0.2059	0.1354
k141_55778	0.4727	0.3679	0.1594
k141_614	0.9602	0.0295	0.0104
k141_19009	0.1988	0.5907	0.2105
k141_620	0.6569	0.1990	0.1441
k141_110973	0.8596	0.1100	0.0304
k141_129399	0.9522	0.0340	0.0139
k141_55787	0.2091	0.5630	0.2279
k141_129404	0.0346	0.1945	0.7709
k141_37279	0.9738	0.0205	0.0056
k141_110978	0.1221	0.0518	0.8261
k141_74175	0.1675	0.0320	0.8004
k141_55792	0.9684	0.0255	0.0061
k141_629	0.9800	0.0153	0.0047
k141_92547	0.0095	0.0128	0.9777
k141_19021	0.9460	0.0384	0.0157
k141_129406	0.9204	0.0606	0.0190
k141_19022	0.9071	0.0628	0.0301
k141_37283	0.5162	0.3619	0.1219
k141_129412	0.5211	0.3652	0.1137
k141_55801	0.9546	0.0341	0.0113
k141_637	0.7477	0.1557	0.0966
k141_19027	0.9354	0.0497	0.0148
k141_74185	0.9379	0.0482	0.0139
k141_55803	0.3844	0.2444	0.3712
k141_92557	0.6736	0.1688	0.1576
k141_639	0.6858	0.1589	0.1553
k141_110992	0.3071	0.5787	0.1142
k141_74187	0.3621	0.2254	0.4125
k141_129421	0.0315	0.0317	0.9367
k141_55808	0.0705	0.3144	0.6152
k141_92565	0.3412	0.3027	0.3561
k141_74192	0.1515	0.1899	0.6586
k141_19040	0.8284	0.1228	0.0488
k141_651	0.3164	0.4423	0.2412
k141_74193	0.4984	0.3308	0.1708
k141_92569	0.6529	0.2402	0.1070
k141_653	0.9240	0.0586	0.0174
k141_111009	0.9041	0.0673	0.0286
k141_19050	0.6641	0.2126	0.1233
k141_129436	0.7676	0.1614	0.0710
k141_55813	0.5423	0.3567	0.1010
k141_129437	0.6352	0.1900	0.1748
k141_111014	0.2372	0.6245	0.1383
k141_55817	0.0186	0.0198	0.9617
k141_74210	0.4316	0.4328	0.1356
k141_129443	0.9732	0.0206	0.0062
k141_37292	0.9628	0.0270	0.0102
k141_111024	0.6150	0.1612	0.2238
k141_37295	0.6484	0.1952	0.1564
k141_92593	0.4364	0.3597	0.2038
k141_129450	0.4483	0.3059	0.2458
k141_19066	0.6572	0.2195	0.1232
k141_111031	0.4165	0.3428	0.2408
k141_681	0.5113	0.1541	0.3346
k141_74223	0.4245	0.2890	0.2865
k141_55830	0.2388	0.1346	0.6266
k141_111032	0.7734	0.1628	0.0639
k141_37298	0.8743	0.0841	0.0416
k141_19078	0.5771	0.2593	0.1636
k141_111040	0.9643	0.0287	0.0070
k141_55835	0.0727	0.1405	0.7868
k141_692	0.6847	0.1657	0.1497
k141_111041	0.9833	0.0123	0.0044
k141_74232	0.9203	0.0551	0.0246
k141_19082	0.9451	0.0451	0.0098
k141_19084	0.9722	0.0198	0.0080
k141_129468	0.0648	0.4471	0.4880
k141_74234	0.1734	0.5598	0.2668
k141_19085	0.9103	0.0707	0.0190
k141_703	0.0215	0.0305	0.9480
k141_37308	0.9117	0.0641	0.0242
k141_74241	0.7276	0.1745	0.0979
k141_19091	0.9639	0.0263	0.0098
k141_129482	0.7306	0.1584	0.1111
k141_111057	0.9385	0.0375	0.0240
k141_74248	0.9579	0.0293	0.0128
k141_129485	0.6003	0.2170	0.1827
k141_74249	0.1458	0.6628	0.1914
k141_37319	0.5206	0.3336	0.1458
k141_19099	0.9533	0.0342	0.0125
k141_111061	0.6764	0.1698	0.1539
k141_719	0.5984	0.3116	0.0900
k141_92613	0.0390	0.0393	0.9217
k141_55860	0.9502	0.0350	0.0148
k141_129494	0.9002	0.0788	0.0210
k141_726	0.4505	0.2738	0.2757
k141_74261	0.3005	0.4300	0.2695
k141_19107	0.9402	0.0378	0.0220
k141_55863	0.5920	0.3271	0.0809
k141_92623	0.6114	0.2602	0.1284
k141_74264	0.8017	0.1483	0.0500
k141_730	0.1733	0.7824	0.0443
k141_19108	0.9680	0.0237	0.0082
k141_129500	0.9318	0.0535	0.0147
k141_19109	0.8866	0.0777	0.0357
k141_111079	0.9076	0.0716	0.0208
k141_92631	0.7058	0.1202	0.1739
k141_74274	0.9627	0.0281	0.0092
k141_74275	0.7412	0.1211	0.1377
k141_19122	0.3252	0.4514	0.2233
k141_55872	0.9192	0.0634	0.0173
k141_129514	0.0723	0.1057	0.8220
k141_55873	0.0241	0.1811	0.7948
k141_19130	0.4476	0.3576	0.1948
k141_55876	0.8223	0.0673	0.1104
k141_129521	0.3320	0.3830	0.2850
k141_111104	0.4606	0.3435	0.1958
k141_752	0.9659	0.0237	0.0105
k141_92641	0.0089	0.0150	0.9761
k141_55882	0.0850	0.0446	0.8704
k141_753	0.9389	0.0424	0.0188
k141_37327	0.9721	0.0193	0.0086
k141_74299	0.7827	0.1212	0.0960
k141_92642	0.5127	0.4081	0.0792
k141_756	0.0382	0.2473	0.7145
k141_111112	0.2730	0.5325	0.1946
k141_37329	0.3137	0.4679	0.2185
k141_111113	0.9710	0.0201	0.0088
k141_129543	0.8727	0.0912	0.0362
k141_129544	0.6882	0.2069	0.1049
k141_768	0.4800	0.3665	0.1536
k141_92655	0.9785	0.0155	0.0060
k141_55902	0.6304	0.2184	0.1512
k141_37336	0.0942	0.0828	0.8230
k141_129546	0.4592	0.3697	0.1711
k141_55903	0.9566	0.0315	0.0119
k141_74318	0.1115	0.6934	0.1951
k141_55904	0.0771	0.0636	0.8593
k141_777	0.7181	0.2082	0.0737
k141_111129	0.5237	0.2802	0.1961
k141_55907	0.6826	0.1847	0.1328
k141_92665	0.9395	0.0438	0.0167
k141_19160	0.9652	0.0251	0.0097
k141_37343	0.7038	0.1937	0.1025
k141_55912	0.7394	0.1352	0.1254
k141_19163	0.1006	0.0713	0.8281
k141_74328	0.7607	0.2074	0.0319
k141_129564	0.0991	0.5794	0.3215
k141_111139	0.7083	0.2429	0.0487
k141_37345	0.1044	0.8493	0.0464
k141_111140	0.8260	0.1246	0.0494
k141_129569	0.7532	0.1798	0.0671
k141_129570	0.2348	0.2023	0.5629
k141_92678	0.6893	0.1891	0.1216
k141_19171	0.9256	0.0529	0.0215
k141_74338	0.0576	0.7625	0.1798
k141_92679	0.5736	0.2103	0.2161
k141_794	0.9578	0.0330	0.0091
k141_129573	0.3640	0.3197	0.3163
k141_795	0.9237	0.0567	0.0197
k141_111149	0.2921	0.0887	0.6192
k141_19177	0.4853	0.2791	0.2356
k141_92683	0.5909	0.2999	0.1093
k141_37356	0.5244	0.2649	0.2106
k141_19180	0.0312	0.0228	0.9460
k141_129581	0.5671	0.2007	0.2322
k141_802	0.1961	0.1585	0.6454
k141_129582	0.9252	0.0507	0.0241
k141_55936	0.7807	0.1358	0.0835
k141_806	0.8299	0.1088	0.0613
k141_74357	0.4766	0.2014	0.3220
k141_37362	0.9427	0.0428	0.0145
k141_129588	0.5063	0.2950	0.1987
k141_19189	0.7193	0.1873	0.0934
k141_55942	0.4070	0.4117	0.1813
k141_92687	0.6733	0.2729	0.0538
k141_111167	0.6143	0.2502	0.1355
k141_74359	0.0305	0.0580	0.9115
k141_812	0.9732	0.0207	0.0062
k141_129596	0.2566	0.1310	0.6124
k141_74366	0.1678	0.5595	0.2726
k141_111176	0.5801	0.2976	0.1223
k141_74367	0.0802	0.1015	0.8183
k141_55953	0.8542	0.1221	0.0238
k141_19205	0.0983	0.8915	0.0101
k141_92701	0.6040	0.2131	0.1828
k141_828	0.8161	0.1647	0.0192
k141_129602	0.8945	0.0467	0.0588
k141_74372	0.9700	0.0221	0.0078
k141_111186	0.3034	0.1596	0.5370
k141_129611	0.9477	0.0431	0.0091
k141_55968	0.2250	0.2546	0.5205
k141_92711	0.2406	0.2535	0.5059
k141_841	0.7849	0.1550	0.0602
k141_55970	0.7285	0.1549	0.1165
k141_74381	0.6873	0.2301	0.0825
k141_19218	0.1714	0.2243	0.6043
k141_129617	0.4833	0.3167	0.2000
k141_74382	0.3942	0.3973	0.2085
k141_92714	0.8820	0.0922	0.0258
k141_843	0.6038	0.1549	0.2413
k141_55973	0.8269	0.0824	0.0906
k141_111200	0.3224	0.1891	0.4885
k141_74384	0.0814	0.0573	0.8613
k141_92720	0.3930	0.3983	0.2088
k141_55974	0.4172	0.3368	0.2460
k141_37392	0.3085	0.5833	0.1083
k141_129624	0.6875	0.1836	0.1289
k141_37394	0.3200	0.5138	0.1663
k141_129628	0.9506	0.0339	0.0155
k141_55982	0.0039	0.9896	0.0065
k141_858	0.9503	0.0357	0.0140
k141_74394	0.2718	0.4182	0.3100
k141_37396	0.0844	0.1053	0.8103
k141_111211	0.2835	0.5927	0.1238
k141_74396	0.9272	0.0571	0.0157
k141_92736	0.4184	0.4420	0.1396
k141_862	0.9479	0.0363	0.0158
k141_19242	0.8535	0.0982	0.0484
k141_129635	0.9369	0.0488	0.0143
k141_55987	0.7145	0.1456	0.1399
k141_863	0.0107	0.0189	0.9704
k141_111215	0.7881	0.1730	0.0389
k141_19244	0.5099	0.3310	0.1590
k141_19245	0.3187	0.4274	0.2539
k141_111217	0.8935	0.0827	0.0238
k141_55989	0.1533	0.3739	0.4728
k141_866	0.6304	0.2356	0.1340
k141_74400	0.9554	0.0310	0.0136
k141_37404	0.0350	0.0602	0.9048
k141_129641	0.5275	0.3409	0.1316
k141_74402	0.1386	0.1042	0.7571
k141_92750	0.6141	0.2020	0.1838
k141_37406	0.4410	0.3493	0.2097
k141_74404	0.8513	0.1007	0.0480
k141_129645	0.9472	0.0366	0.0163
k141_876	0.8637	0.1042	0.0320
k141_92755	0.4189	0.1999	0.3811
k141_111229	0.8245	0.1370	0.0385
k141_74410	0.5309	0.3005	0.1686
k141_111230	0.5920	0.2383	0.1697
k141_883	0.5264	0.4454	0.0282
k141_19268	0.9502	0.0350	0.0147
k141_74415	0.0524	0.1510	0.7966
k141_129658	0.4431	0.2276	0.3293
k141_37417	0.0150	0.0233	0.9618
k141_111239	0.6434	0.2444	0.1122
k141_129663	0.8010	0.1375	0.0615
k141_56003	0.7968	0.1277	0.0755
k141_898	0.5308	0.3617	0.1075
k141_111245	0.5864	0.2824	0.1312
k141_56004	0.9688	0.0214	0.0098
k141_129669	0.5266	0.2511	0.2223
k141_899	0.4027	0.3590	0.2383
k141_19285	0.8881	0.0909	0.0210
k141_111247	0.0338	0.9535	0.0127
k141_74432	0.0584	0.9186	0.0230
k141_904	0.8236	0.1337	0.0427
k141_56012	0.7184	0.1702	0.1114
k141_129679	0.9564	0.0331	0.0105
k141_37434	0.1293	0.7294	0.1413
k141_908	0.8968	0.0864	0.0168
k141_74439	0.0521	0.0984	0.8494
k141_129680	0.0356	0.9576	0.0068
k141_92798	0.8216	0.1368	0.0416
k141_111262	0.9360	0.0496	0.0144
k141_19304	0.1914	0.6813	0.1273
k141_74447	0.0829	0.7839	0.1332
k141_74448	0.6839	0.1466	0.1695
k141_37440	0.9827	0.0126	0.0047
k141_56028	0.5823	0.2879	0.1297
k141_111263	0.5305	0.2334	0.2362
k141_74449	0.6131	0.1782	0.2086
k141_56030	0.3078	0.1853	0.5068
k141_92807	0.2391	0.0783	0.6826
k141_19314	0.7833	0.1817	0.0350
k141_928	0.6667	0.2146	0.1186
k141_56036	0.1872	0.2010	0.6118
k141_92812	0.9514	0.0339	0.0147
k141_37448	0.7060	0.1608	0.1333
k141_19317	0.9354	0.0454	0.0192
k141_931	0.5815	0.2680	0.1505
k141_74460	0.7112	0.1630	0.1258
k141_129683	0.9597	0.0285	0.0118
k141_74462	0.8751	0.1060	0.0188
k141_19319	0.2238	0.3914	0.3848
k141_92817	0.3642	0.0411	0.5947
k141_936	0.2778	0.2942	0.4280
k141_37453	0.2908	0.4630	0.2462
k141_129687	0.1844	0.1307	0.6849
k141_111281	0.8205	0.1173	0.0622
k141_92820	0.8923	0.0724	0.0353
k141_37457	0.6644	0.2209	0.1147
k141_111287	0.9586	0.0305	0.0109
k141_945	0.9359	0.0456	0.0185
k141_56056	0.2436	0.3549	0.4016
k141_74475	0.3980	0.4306	0.1714
k141_19334	0.0555	0.0509	0.8936
k141_948	0.2576	0.2172	0.5251
k141_92826	0.6404	0.3254	0.0342
k141_129701	0.9595	0.0288	0.0117
k141_74482	0.7173	0.1788	0.1039
k141_111300	0.6854	0.2290	0.0856
k141_56067	0.1741	0.4686	0.3573
k141_19345	0.6988	0.1426	0.1586
k141_111301	0.9134	0.0537	0.0329
k141_56068	0.0126	0.0213	0.9660
k141_92835	0.9279	0.0537	0.0183
k141_19348	0.8279	0.1464	0.0257
k141_74488	0.3310	0.5150	0.1540
k141_963	0.6122	0.0801	0.3077
k141_37471	0.8158	0.1384	0.0458
k141_56072	0.9465	0.0340	0.0195
k141_92840	0.9657	0.0255	0.0088
k141_74493	0.7017	0.1658	0.1325
k141_19355	0.9414	0.0437	0.0149
k141_970	0.1208	0.5431	0.3361
k141_92841	0.9307	0.0539	0.0154
k141_37474	0.1388	0.5426	0.3186
k141_129719	0.9702	0.0213	0.0085
k141_111314	0.3564	0.3872	0.2564
k141_37475	0.5203	0.2052	0.2745
k141_74495	0.6773	0.2219	0.1008
k141_977	0.3576	0.2524	0.3900
k141_74496	0.8008	0.0863	0.1129
k141_111317	0.1067	0.2221	0.6712
k141_19367	0.6547	0.2146	0.1307
k141_56076	0.7320	0.1537	0.1143
k141_984	0.1926	0.4324	0.3750
k141_19371	0.5386	0.2599	0.2015
k141_129731	0.7881	0.1336	0.0783
k141_74504	0.0333	0.1912	0.7755
k141_988	0.8986	0.0772	0.0242
k141_92861	0.9267	0.0510	0.0223
k141_129733	0.2316	0.1111	0.6573
k141_37485	0.9430	0.0466	0.0104
k141_989	0.4204	0.1990	0.3806
k141_990	0.2185	0.6559	0.1256
k141_56088	0.1177	0.1899	0.6924
k141_111334	0.1016	0.2892	0.6092
k141_19382	0.8671	0.0850	0.0478
k141_37487	0.8468	0.1104	0.0428
k141_74513	0.8109	0.0967	0.0924
k141_129746	0.1756	0.1215	0.7030
k141_19386	0.9395	0.0475	0.0130
k141_129748	0.9171	0.0687	0.0142
k141_37491	0.5522	0.0687	0.3791
k141_74519	0.4259	0.4872	0.0869
k141_111346	0.5907	0.3507	0.0586
k141_19389	0.1513	0.0589	0.7897
k141_129750	0.7178	0.1729	0.1093
k141_74522	0.2518	0.3647	0.3834
k141_19390	0.9262	0.0557	0.0181
k141_56107	0.9411	0.0397	0.0192
k141_129751	0.2136	0.7533	0.0332
k141_92889	0.1182	0.1018	0.7801
k141_56108	0.1737	0.5150	0.3113
k141_19394	0.9006	0.0672	0.0322
k141_19396	0.9127	0.0631	0.0242
k141_74525	0.9008	0.0748	0.0243
k141_92896	0.7586	0.1862	0.0553
k141_129761	0.0768	0.8500	0.0732
k141_37507	0.8550	0.1121	0.0330
k141_56122	0.5164	0.1951	0.2885
k141_19406	0.5477	0.2509	0.2014
k141_19407	0.8888	0.0834	0.0278
k141_129777	0.6590	0.1883	0.1527
k141_74544	0.2336	0.1371	0.6293
k141_92914	0.3494	0.1414	0.5092
k141_56136	0.3045	0.4073	0.2882
k141_74547	0.8010	0.1126	0.0864
k141_74548	0.8688	0.0971	0.0341
k141_111386	0.9690	0.0217	0.0092
k141_1001	0.9669	0.0232	0.0100
k141_129786	0.8917	0.0842	0.0241
k141_56140	0.3739	0.0458	0.5803
k141_37512	0.8397	0.1050	0.0553
k141_19425	0.8094	0.1697	0.0209
k141_129789	0.9209	0.0518	0.0273
k141_74555	0.7426	0.1668	0.0906
k141_92919	0.0451	0.0771	0.8778
k141_74556	0.5210	0.2867	0.1922
k141_129791	0.8143	0.1448	0.0409
k141_1011	0.9747	0.0190	0.0063
k141_92920	0.5617	0.0842	0.3540
k141_19426	0.9393	0.0441	0.0166
k141_1014	0.6834	0.2020	0.1145
k141_92925	0.4484	0.3681	0.1835
k141_129797	0.1488	0.0935	0.7577
k141_1015	0.7646	0.2172	0.0182
k141_92926	0.4592	0.3185	0.2223
k141_111410	0.7625	0.1603	0.0772
k141_129801	0.9336	0.0416	0.0248
k141_56144	0.9781	0.0154	0.0065
k141_19438	0.8585	0.0911	0.0504
k141_1022	0.4759	0.2809	0.2432
k141_37527	0.2240	0.5910	0.1850
k141_19439	0.3450	0.2840	0.3710
k141_74575	0.5345	0.2018	0.2637
k141_1023	0.5746	0.2205	0.2049
k141_19440	0.8392	0.1220	0.0388
k141_74577	0.8653	0.0395	0.0952
k141_74578	0.0354	0.1927	0.7719
k141_1027	0.8891	0.0888	0.0221
k141_129811	0.2273	0.1044	0.6683
k141_129812	0.0462	0.0483	0.9056
k141_56158	0.9268	0.0499	0.0234
k141_129814	0.9035	0.0723	0.0242
k141_56161	0.0125	0.0166	0.9708
k141_19452	0.2045	0.5510	0.2446
k141_92952	0.2918	0.4054	0.3027
k141_56165	0.3907	0.4006	0.2088
k141_37542	0.7393	0.2278	0.0329
k141_19454	0.7999	0.1245	0.0756
k141_74592	0.8866	0.0957	0.0176
k141_1041	0.1023	0.4856	0.4121
k141_56167	0.3601	0.4372	0.2028
k141_129823	0.0128	0.0148	0.9724
k141_56170	0.5952	0.2110	0.1938
k141_92959	0.4879	0.4060	0.1060
k141_74597	0.4364	0.2724	0.2912
k141_37545	0.3074	0.5546	0.1380
k141_111447	0.2904	0.2684	0.4412
k141_56176	0.0317	0.0217	0.9466
k141_1048	0.4377	0.4830	0.0793
k141_129836	0.1862	0.7011	0.1126
k141_129838	0.2842	0.6209	0.0949
k141_92963	0.0095	0.0211	0.9694
k141_111456	0.3735	0.4721	0.1544
k141_19472	0.3701	0.5246	0.1053
k141_1050	0.9470	0.0382	0.0148
k141_92966	0.8298	0.1014	0.0688
k141_1052	0.2829	0.4719	0.2452
k141_92967	0.9456	0.0406	0.0138
k141_74610	0.8878	0.0783	0.0339
k141_1057	0.0189	0.0253	0.9558
k141_129854	0.8624	0.1044	0.0332
k141_19486	0.0836	0.3753	0.5411
k141_92969	0.9236	0.0520	0.0244
k141_56197	0.8143	0.1505	0.0352
k141_74615	0.9834	0.0120	0.0046
k141_1066	0.2252	0.5813	0.1935
k141_111479	0.0328	0.0309	0.9363
k141_1070	0.8576	0.1222	0.0201
k141_56205	0.1443	0.1752	0.6805
k141_19499	0.5255	0.3333	0.1412
k141_111481	0.8927	0.0834	0.0239
k141_37575	0.6558	0.2346	0.1095
k141_1072	0.0188	0.0475	0.9337
k141_129874	0.4793	0.4477	0.0729
k141_19504	0.6925	0.2004	0.1071
k141_56212	0.9595	0.0289	0.0116
k141_74634	0.4646	0.2649	0.2705
k141_19506	0.0671	0.7095	0.2233
k141_56213	0.6863	0.1910	0.1226
k141_74637	0.9565	0.0343	0.0092
k141_111494	0.0455	0.7965	0.1580
k141_129880	0.6895	0.2521	0.0583
k141_19509	0.2728	0.7074	0.0199
k141_111496	0.6118	0.2525	0.1357
k141_129881	0.7621	0.1444	0.0935
k141_92998	0.5859	0.2118	0.2023
k141_1084	0.9508	0.0353	0.0139
k141_111498	0.5184	0.2957	0.1858
k141_129883	0.3892	0.3399	0.2709
k141_74649	0.6608	0.2395	0.0997
k141_37595	0.1672	0.6504	0.1824
k141_19526	0.9021	0.0778	0.0201
k141_74651	0.5961	0.2510	0.1529
k141_1094	0.9150	0.0616	0.0234
k141_56231	0.4406	0.1883	0.3712
k141_93014	0.8319	0.1102	0.0579
k141_37597	0.9002	0.0762	0.0236
k141_19532	0.6273	0.1685	0.2042
k141_129894	0.4165	0.2025	0.3810
k141_56235	0.8537	0.1018	0.0445
k141_129896	0.1752	0.3423	0.4825
k141_93020	0.6319	0.2211	0.1469
k141_74662	0.3773	0.4250	0.1976
k141_111522	0.4374	0.4143	0.1483
k141_129900	0.8586	0.1093	0.0321
k141_19539	0.9472	0.0365	0.0163
k141_56244	0.9396	0.0422	0.0182
k141_74667	0.5187	0.2453	0.2360
k141_111528	0.0111	0.0202	0.9687
k141_19544	0.5557	0.2240	0.2203
k141_93031	0.7159	0.1529	0.1312
k141_56251	0.9507	0.0368	0.0125
k141_74675	0.7241	0.1341	0.1418
k141_129914	0.1710	0.3061	0.5230
k141_111532	0.9158	0.0627	0.0214
k141_1121	0.4601	0.0338	0.5061
k141_37616	0.7101	0.1519	0.1380
k141_93040	0.6510	0.2690	0.0800
k141_129917	0.9409	0.0435	0.0156
k141_111539	0.7569	0.1792	0.0639
k141_37618	0.6779	0.2471	0.0749
k141_56258	0.9592	0.0287	0.0120
k141_74684	0.9487	0.0361	0.0153
k141_93044	0.8557	0.1121	0.0321
k141_19561	0.7648	0.1485	0.0867
k141_93049	0.6502	0.2116	0.1382
k141_93050	0.7328	0.1499	0.1173
k141_111544	0.8985	0.0799	0.0216
k141_56270	0.7566	0.1424	0.1010
k141_129934	0.3887	0.3469	0.2644
k141_111545	0.7942	0.1281	0.0778
k141_1124	0.9073	0.0697	0.0230
k141_19566	0.9558	0.0342	0.0100
k141_93055	0.1520	0.2022	0.6458
k141_129936	0.3547	0.2832	0.3620
k141_56273	0.7516	0.2225	0.0259
k141_93057	0.4734	0.2148	0.3117
k141_37632	0.8307	0.1250	0.0443
k141_19573	0.6743	0.1614	0.1643
k141_1131	0.3847	0.4203	0.1951
k141_37633	0.0490	0.0541	0.8969
k141_19575	0.3240	0.1860	0.4899
k141_93062	0.8938	0.0809	0.0252
k141_111563	0.7127	0.1870	0.1003
k141_56281	0.9570	0.0330	0.0100
k141_129954	0.4189	0.2611	0.3201
k141_56283	0.5183	0.3782	0.1035
k141_111567	0.1517	0.6869	0.1614
k141_1145	0.8398	0.1307	0.0295
k141_111568	0.9242	0.0612	0.0147
k141_19588	0.9631	0.0270	0.0099
k141_74711	0.4864	0.0758	0.4377
k141_37649	0.3918	0.3394	0.2689
k141_56290	0.5802	0.2149	0.2049
k141_1149	0.9490	0.0373	0.0137
k141_93073	0.0964	0.1169	0.7867
k141_56295	0.5924	0.2975	0.1100
k141_129967	0.7886	0.1094	0.1020
k141_1151	0.0368	0.9486	0.0146
k141_19597	0.6669	0.2131	0.1200
k141_37654	0.3130	0.6281	0.0589
k141_56296	0.8248	0.1199	0.0553
k141_111576	0.8070	0.1296	0.0634
k141_129970	0.2348	0.3178	0.4474
k141_74724	0.6197	0.1618	0.2185
k141_1156	0.5236	0.3037	0.1726
k141_19606	0.1424	0.1555	0.7021
k141_93083	0.3234	0.2249	0.4517
k141_37659	0.8798	0.0934	0.0268
k141_111585	0.4386	0.4489	0.1125
k141_129978	0.8314	0.1162	0.0524
k141_1159	0.6690	0.1793	0.1517
k141_111586	0.9162	0.0544	0.0294
k141_74735	0.5719	0.2740	0.1541
k141_56310	0.9669	0.0257	0.0074
k141_129983	0.1089	0.8607	0.0303
k141_74736	0.6385	0.2504	0.1111
k141_93092	0.9377	0.0438	0.0184
k141_37662	0.7050	0.0795	0.2155
k141_19615	0.6843	0.2173	0.0984
k141_56314	0.7406	0.1267	0.1327
k141_1166	0.1160	0.7299	0.1541
k141_74740	0.4279	0.2705	0.3016
k141_129989	0.4389	0.3394	0.2217
k141_111596	0.9473	0.0388	0.0139
k141_56320	0.6853	0.1666	0.1480
k141_111597	0.1509	0.6334	0.2157
k141_19620	0.9257	0.0582	0.0160
k141_129991	0.6393	0.2231	0.1375
k141_93102	0.8411	0.1329	0.0260
k141_56325	0.2723	0.1794	0.5483
k141_1180	0.9348	0.0475	0.0177
k141_111602	0.3984	0.3640	0.2375
k141_1181	0.6405	0.1708	0.1887
k141_93106	0.9358	0.0443	0.0199
k141_56327	0.6120	0.2151	0.1730
k141_130000	0.6993	0.1390	0.1617
k141_93108	0.0948	0.1601	0.7450
k141_37673	0.7087	0.2165	0.0748
k141_130001	0.3488	0.3052	0.3460
k141_56332	0.2156	0.2596	0.5247
k141_37674	0.6548	0.1836	0.1616
k141_1187	0.9318	0.0454	0.0228
k141_56333	0.5730	0.2293	0.1977
k141_130004	0.9411	0.0441	0.0148
k141_1188	0.8798	0.0913	0.0290
k141_56334	0.0625	0.0585	0.8790
k141_56335	0.8191	0.1543	0.0266
k141_37679	0.5974	0.2658	0.1368
k141_74765	0.6817	0.1450	0.1733
k141_1191	0.0659	0.8524	0.0817
k141_130006	0.4527	0.4143	0.1330
k141_111617	0.9326	0.0454	0.0220
k141_19644	0.8032	0.0986	0.0982
k141_130007	0.6300	0.2000	0.1700
k141_1192	0.1629	0.2091	0.6280
k141_19646	0.6176	0.2499	0.1324
k141_130010	0.8820	0.0789	0.0391
k141_93129	0.2966	0.4811	0.2223
k141_19649	0.8605	0.1002	0.0393
k141_111625	0.6896	0.2070	0.1033
k141_130014	0.8400	0.1144	0.0456
k141_19652	0.1969	0.2673	0.5358
k141_1201	0.7610	0.1910	0.0480
k141_93131	0.7953	0.1373	0.0673
k141_37690	0.0434	0.3360	0.6206
k141_74774	0.8983	0.0784	0.0234
k141_130018	0.9542	0.0310	0.0148
k141_93134	0.0561	0.0538	0.8901
k141_74777	0.0924	0.0432	0.8644
k141_111632	0.0146	0.0310	0.9544
k141_111638	0.7611	0.1524	0.0864
k141_111639	0.8473	0.0935	0.0593
k141_93142	0.9647	0.0274	0.0080
k141_130036	0.5923	0.2082	0.1995
k141_37700	0.9568	0.0319	0.0114
k141_19673	0.7304	0.1475	0.1221
k141_74795	0.9045	0.0761	0.0194
k141_93151	0.4790	0.3086	0.2124
k141_111656	0.4171	0.3676	0.2153
k141_56337	0.9728	0.0191	0.0081
k141_1235	0.1100	0.2465	0.6434
k141_37709	0.5200	0.2563	0.2237
k141_93155	0.5106	0.2707	0.2187
k141_111660	0.5402	0.1814	0.2784
k141_74806	0.3175	0.5995	0.0830
k141_130051	0.9721	0.0195	0.0084
k141_56342	0.8924	0.0859	0.0217
k141_37712	0.4787	0.1790	0.3423
k141_130052	0.6096	0.2171	0.1734
k141_1241	0.9766	0.0170	0.0064
k141_74809	0.8410	0.1012	0.0577
k141_93160	0.1133	0.1021	0.7847
k141_111665	0.9410	0.0413	0.0177
k141_74816	0.6541	0.2170	0.1289
k141_93165	0.0406	0.2539	0.7055
k141_130061	0.9211	0.0613	0.0177
k141_93166	0.6908	0.2058	0.1034
k141_37719	0.9820	0.0135	0.0045
k141_1252	0.9285	0.0563	0.0152
k141_56357	0.8033	0.1427	0.0540
k141_93170	0.6160	0.2353	0.1487
k141_19676	0.9538	0.0334	0.0129
k141_93172	0.9517	0.0340	0.0143
k141_74831	0.2915	0.5296	0.1789
k141_19678	0.7946	0.1591	0.0464
k141_93175	0.9379	0.0421	0.0200
k141_74833	0.1834	0.5440	0.2726
k141_130074	0.6572	0.1822	0.1606
k141_19681	0.7437	0.1311	0.1252
k141_74834	0.6924	0.1862	0.1214
k141_130076	0.9648	0.0252	0.0100
k141_74835	0.8932	0.0782	0.0286
k141_93178	0.8974	0.0581	0.0444
k141_111692	0.5364	0.3886	0.0750
k141_130078	0.1915	0.0486	0.7599
k141_1271	0.9476	0.0340	0.0183
k141_56375	0.9552	0.0319	0.0128
k141_93181	0.0095	0.0352	0.9553
k141_1278	0.7303	0.1233	0.1465
k141_19695	0.2660	0.6094	0.1246
k141_74845	0.9160	0.0632	0.0208
k141_93184	0.9132	0.0579	0.0289
k141_37738	0.9806	0.0147	0.0047
k141_130091	0.0181	0.0272	0.9546
k141_111705	0.8393	0.1047	0.0560
k141_56384	0.8460	0.1299	0.0240
k141_74849	0.0478	0.2408	0.7114
k141_1284	0.8141	0.1318	0.0541
k141_111708	0.0150	0.0237	0.9613
k141_130096	0.0750	0.9145	0.0105
k141_1286	0.5696	0.2281	0.2023
k141_19704	0.7585	0.1775	0.0639
k141_74854	0.9253	0.0551	0.0196
k141_130099	0.5365	0.2813	0.1823
k141_56392	0.9100	0.0661	0.0239
k141_56393	0.5947	0.3011	0.1042
k141_74856	0.7933	0.1616	0.0451
k141_1291	0.9421	0.0441	0.0138
k141_19708	0.4518	0.4115	0.1367
k141_93200	0.5641	0.2652	0.1707
k141_19709	0.4783	0.3636	0.1581
k141_130104	0.7934	0.1223	0.0843
k141_1294	0.3289	0.4082	0.2629
k141_111720	0.1370	0.3660	0.4970
k141_130105	0.6510	0.2293	0.1196
k141_56395	0.9729	0.0193	0.0078
k141_1295	0.1315	0.1755	0.6930
k141_19711	0.9181	0.0574	0.0245
k141_37754	0.8807	0.0731	0.0462
k141_130106	0.0563	0.8379	0.1058
k141_93206	0.2517	0.3604	0.3879
k141_19712	0.9434	0.0402	0.0164
k141_111727	0.7697	0.1705	0.0598
k141_56401	0.9230	0.0550	0.0219
k141_1303	0.6151	0.2021	0.1828
k141_37758	0.9417	0.0416	0.0167
k141_93211	0.7645	0.1730	0.0625
k141_111731	0.2769	0.5972	0.1259
k141_93213	0.1427	0.1291	0.7282
k141_37761	0.5445	0.2363	0.2192
k141_130120	0.9345	0.0558	0.0097
k141_111734	0.9592	0.0279	0.0129
k141_130121	0.3990	0.3150	0.2860
k141_37762	0.5593	0.2739	0.1668
k141_130122	0.6747	0.1593	0.1659
k141_56414	0.9326	0.0500	0.0174
k141_111741	0.7931	0.1397	0.0672
k141_74885	0.6144	0.2157	0.1699
k141_56417	0.7543	0.1471	0.0986
k141_74886	0.1988	0.1950	0.6062
k141_130130	0.6913	0.1667	0.1421
k141_37764	0.9209	0.0670	0.0121
k141_130132	0.3533	0.0455	0.6012
k141_19741	0.6448	0.2116	0.1436
k141_74890	0.5044	0.3257	0.1698
k141_56420	0.9830	0.0130	0.0040
k141_19742	0.7297	0.1465	0.1238
k141_1327	0.9026	0.0723	0.0252
k141_37768	0.3940	0.3438	0.2622
k141_19743	0.9562	0.0294	0.0143
k141_56423	0.3157	0.4527	0.2316
k141_93230	0.9256	0.0557	0.0186
k141_1331	0.8048	0.0974	0.0979
k141_19747	0.8544	0.0955	0.0501
k141_111755	0.9459	0.0450	0.0091
k141_130141	0.9571	0.0306	0.0123
k141_93234	0.6193	0.2503	0.1304
k141_1335	0.1619	0.2241	0.6140
k141_74903	0.3965	0.4023	0.2012
k141_19751	0.1376	0.1274	0.7349
k141_111757	0.3774	0.4861	0.1366
k141_37777	0.7131	0.1702	0.1166
k141_56434	0.2305	0.3910	0.3785
k141_1336	0.5162	0.4489	0.0349
k141_130148	0.4114	0.5044	0.0842
k141_56435	0.7495	0.1263	0.1242
k141_130151	0.7048	0.2051	0.0901
k141_93244	0.9300	0.0555	0.0145
k141_1341	0.3022	0.6350	0.0628
k141_56438	0.6132	0.1850	0.2018
k141_93245	0.6101	0.2844	0.1055
k141_1342	0.5744	0.2478	0.1778
k141_19764	0.9188	0.0502	0.0310
k141_111773	0.3964	0.4367	0.1669
k141_37787	0.8985	0.0784	0.0231
k141_93247	0.7799	0.1362	0.0840
k141_19767	0.4882	0.2243	0.2876
k141_1351	0.8380	0.1199	0.0421
k141_19768	0.4385	0.3485	0.2130
k141_37789	0.7640	0.1517	0.0843
k141_74927	0.9484	0.0361	0.0155
k141_19770	0.9336	0.0509	0.0155
k141_1353	0.9165	0.0573	0.0262
k141_130169	0.1752	0.2029	0.6219
k141_111777	0.3945	0.5267	0.0788
k141_1356	0.3554	0.2631	0.3814
k141_111780	0.9100	0.0657	0.0244
k141_93264	0.9236	0.0556	0.0208
k141_130174	0.9458	0.0397	0.0145
k141_56463	0.1303	0.3945	0.4751
k141_37796	0.9339	0.0476	0.0185
k141_130177	0.8803	0.0989	0.0208
k141_93265	0.2648	0.3499	0.3853
k141_1362	0.4744	0.2429	0.2828
k141_130178	0.1682	0.8035	0.0283
k141_74946	0.8249	0.1122	0.0629
k141_111790	0.9008	0.0785	0.0207
k141_130179	0.5397	0.1850	0.2752
k141_93269	0.7740	0.1202	0.1058
k141_74952	0.9318	0.0546	0.0136
k141_74953	0.9430	0.0435	0.0135
k141_111796	0.1097	0.1508	0.7395
k141_93274	0.9539	0.0328	0.0132
k141_37805	0.4245	0.2228	0.3527
k141_130185	0.9308	0.0499	0.0193
k141_56479	0.1271	0.6934	0.1794
k141_111799	0.7059	0.1605	0.1336
k141_93276	0.9638	0.0276	0.0086
k141_37806	0.0881	0.1580	0.7539
k141_1380	0.3275	0.4935	0.1790
k141_130186	0.4048	0.2583	0.3370
k141_111801	0.5304	0.1599	0.3097
k141_37807	0.2299	0.4141	0.3559
k141_93280	0.3209	0.4359	0.2431
k141_130189	0.1453	0.0408	0.8139
k141_130190	0.1198	0.1484	0.7318
k141_93288	0.2107	0.2628	0.5265
k141_56491	0.8451	0.0905	0.0644
k141_74972	0.6410	0.2302	0.1288
k141_1392	0.1733	0.6123	0.2144
k141_37813	0.2789	0.6414	0.0797
k141_111812	0.6450	0.2198	0.1353
k141_19813	0.6409	0.3097	0.0495
k141_74975	0.9769	0.0175	0.0056
k141_56498	0.7603	0.1106	0.1291
k141_111816	0.5451	0.2940	0.1609
k141_1400	0.0724	0.0398	0.8878
k141_19817	0.2050	0.4978	0.2973
k141_111818	0.4358	0.2988	0.2654
k141_19819	0.5519	0.2731	0.1750
k141_56499	0.1272	0.8110	0.0618
k141_130208	0.3530	0.2498	0.3972
k141_1407	0.4149	0.3479	0.2373
k141_1408	0.6937	0.1479	0.1584
k141_56503	0.1394	0.0554	0.8052
k141_74987	0.2164	0.5316	0.2519
k141_111828	0.9057	0.0609	0.0334
k141_74989	0.9671	0.0229	0.0100
k141_37822	0.9416	0.0416	0.0168
k141_1415	0.5173	0.3462	0.1364
k141_74991	0.7204	0.1364	0.1432
k141_56509	0.0192	0.0187	0.9620
k141_1419	0.3230	0.1036	0.5734
k141_74998	0.6540	0.1734	0.1726
k141_130223	0.0423	0.0521	0.9056
k141_111842	0.5666	0.2333	0.2000
k141_56515	0.7665	0.1242	0.1093
k141_93321	0.2738	0.0647	0.6616
k141_37828	0.9498	0.0354	0.0148
k141_111848	0.6782	0.2123	0.1095
k141_37835	0.7551	0.1158	0.1291
k141_56527	0.4320	0.2605	0.3075
k141_56528	0.5422	0.2479	0.2099
k141_111853	0.7501	0.1758	0.0741
k141_75013	0.9486	0.0352	0.0162
k141_37836	0.9575	0.0333	0.0092
k141_37837	0.9745	0.0193	0.0062
k141_130243	0.9611	0.0311	0.0078
k141_130244	0.1921	0.1905	0.6174
k141_93341	0.5619	0.2729	0.1651
k141_1447	0.8853	0.0821	0.0326
k141_93342	0.7371	0.1596	0.1033
k141_1449	0.9639	0.0261	0.0100
k141_37840	0.3037	0.5624	0.1339
k141_130249	0.6545	0.1975	0.1480
k141_56539	0.7778	0.1413	0.0809
k141_93346	0.8548	0.0979	0.0473
k141_56542	0.6509	0.2305	0.1185
k141_75028	0.7356	0.1267	0.1377
k141_37844	0.8485	0.1046	0.0469
k141_111870	0.0232	0.9375	0.0394
k141_56546	0.2740	0.4764	0.2496
k141_130267	0.9773	0.0174	0.0053
k141_1472	0.1043	0.6594	0.2363
k141_111882	0.3898	0.4312	0.1790
k141_130272	0.4623	0.3431	0.1946
k141_56560	0.4742	0.3853	0.1405
k141_37858	0.3820	0.3507	0.2673
k141_93358	0.9750	0.0180	0.0070
k141_1477	0.7234	0.2108	0.0658
k141_56562	0.2964	0.1505	0.5531
k141_130273	0.0018	0.9925	0.0057
k141_93359	0.1258	0.1518	0.7223
k141_1478	0.8874	0.0814	0.0312
k141_19822	0.9687	0.0219	0.0094
k141_93362	0.7057	0.1513	0.1430
k141_111889	0.2995	0.5263	0.1742
k141_1481	0.3627	0.4239	0.2135
k141_56566	0.7787	0.1378	0.0836
k141_37863	0.6456	0.2695	0.0848
k141_19826	0.6837	0.1513	0.1650
k141_130282	0.6680	0.2223	0.1097
k141_37864	0.7611	0.1449	0.0940
k141_111896	0.2912	0.1567	0.5522
k141_56567	0.0395	0.0315	0.9290
k141_75060	0.8684	0.1086	0.0230
k141_130285	0.2724	0.3289	0.3987
k141_111897	0.9442	0.0407	0.0150
k141_37866	0.0920	0.1271	0.7810
k141_75065	0.8718	0.0745	0.0537
k141_37868	0.0654	0.0428	0.8918
k141_111902	0.9201	0.0580	0.0219
k141_19838	0.4237	0.3120	0.2643
k141_1499	0.2588	0.4736	0.2676
k141_93380	0.3511	0.4080	0.2409
k141_75068	0.3734	0.4363	0.1903
k141_130291	0.3060	0.1200	0.5740
k141_1502	0.7622	0.1096	0.1283
k141_19842	0.3184	0.2541	0.4275
k141_75073	0.9609	0.0303	0.0088
k141_56583	0.0747	0.0797	0.8457
k141_19845	0.3087	0.4875	0.2038
k141_130296	0.9522	0.0317	0.0161
k141_19847	0.4994	0.3034	0.1972
k141_1509	0.1483	0.2343	0.6174
k141_111921	0.6851	0.1492	0.1657
k141_56588	0.9390	0.0450	0.0160
k141_111922	0.9511	0.0381	0.0108
k141_93394	0.9708	0.0205	0.0086
k141_19860	0.0934	0.1330	0.7736
k141_93395	0.1405	0.1364	0.7231
k141_1524	0.5051	0.2783	0.2167
k141_130311	0.5935	0.2394	0.1671
k141_19861	0.2071	0.7684	0.0245
k141_75093	0.3906	0.4130	0.1964
k141_56599	0.7621	0.1338	0.1041
k141_19862	0.1008	0.6550	0.2442
k141_130316	0.9134	0.0541	0.0325
k141_93400	0.9370	0.0459	0.0172
k141_130317	0.1591	0.2300	0.6108
k141_19863	0.7837	0.1111	0.1051
k141_93401	0.7759	0.1207	0.1034
k141_111940	0.5360	0.2960	0.1680
k141_19869	0.8244	0.1519	0.0236
k141_56612	0.9452	0.0406	0.0142
k141_75111	0.7729	0.1392	0.0878
k141_93404	0.7727	0.1080	0.1193
k141_19873	0.9280	0.0560	0.0160
k141_111949	0.8365	0.1182	0.0453
k141_75114	0.7892	0.1813	0.0296
k141_56618	0.4924	0.3409	0.1668
k141_56619	0.0351	0.1517	0.8132
k141_19875	0.9412	0.0358	0.0230
k141_75118	0.9785	0.0155	0.0059
k141_56623	0.7070	0.1928	0.1002
k141_130341	0.1586	0.1844	0.6570
k141_37913	0.6767	0.1651	0.1582
k141_93419	0.1045	0.0480	0.8476
k141_19878	0.2913	0.3584	0.3502
k141_56625	0.2445	0.3248	0.4307
k141_130344	0.8855	0.0831	0.0314
k141_130345	0.5070	0.3104	0.1826
k141_93422	0.5289	0.0596	0.4115
k141_111963	0.8981	0.0602	0.0416
k141_130348	0.6571	0.1905	0.1523
k141_56631	0.0411	0.0411	0.9178
k141_1567	0.9292	0.0501	0.0207
k141_1568	0.0021	0.9920	0.0058
k141_93427	0.7515	0.1952	0.0533
k141_19891	0.4718	0.3232	0.2051
k141_93431	0.8578	0.1031	0.0391
k141_75136	0.8413	0.1370	0.0217
k141_111978	0.6797	0.1520	0.1683
k141_1575	0.7966	0.0961	0.1072
k141_56640	0.4908	0.3278	0.1813
k141_111979	0.2739	0.5224	0.2037
k141_19892	0.0480	0.8445	0.1076
k141_75141	0.5590	0.3256	0.1153
k141_111984	0.9533	0.0300	0.0167
k141_37932	0.8744	0.1039	0.0217
k141_130370	0.3993	0.2020	0.3987
k141_1586	0.6327	0.2585	0.1088
k141_93445	0.8912	0.0833	0.0255
k141_130371	0.3323	0.2572	0.4105
k141_19902	0.9715	0.0207	0.0078
k141_37933	0.4531	0.4014	0.1454
k141_130374	0.8068	0.1279	0.0653
k141_56654	0.9422	0.0442	0.0136
k141_19906	0.5008	0.4005	0.0987
k141_93453	0.2338	0.5070	0.2592
k141_130376	0.9278	0.0528	0.0195
k141_75157	0.7283	0.1488	0.1229
k141_111997	0.7380	0.1696	0.0924
k141_56658	0.0366	0.1131	0.8504
k141_1597	0.1138	0.0613	0.8248
k141_75159	0.5992	0.2419	0.1588
k141_75162	0.3374	0.5761	0.0865
k141_1602	0.1770	0.1226	0.7005
k141_112006	0.1971	0.1688	0.6342
k141_56668	0.8895	0.0827	0.0278
k141_112008	0.6904	0.2045	0.1051
k141_75168	0.0737	0.0616	0.8648
k141_130390	0.6140	0.3678	0.0182
k141_112009	0.0300	0.0703	0.8997
k141_130392	0.6745	0.1834	0.1421
k141_93461	0.7903	0.1232	0.0865
k141_130394	0.9156	0.0644	0.0200
k141_56676	0.3938	0.4585	0.1477
k141_19933	0.8427	0.1146	0.0427
k141_130408	0.8426	0.1235	0.0339
k141_75187	0.9108	0.0736	0.0156
k141_56686	0.0123	0.0165	0.9712
k141_130409	0.4093	0.3403	0.2504
k141_19944	0.3886	0.5406	0.0708
k141_37936	0.9671	0.0237	0.0092
k141_93472	0.8030	0.1231	0.0739
k141_1631	0.8315	0.1390	0.0295
k141_56688	0.6781	0.1959	0.1260
k141_130410	0.9582	0.0323	0.0095
k141_93476	0.1869	0.6983	0.1148
k141_75201	0.9726	0.0195	0.0079
k141_93478	0.4105	0.5612	0.0282
k141_130420	0.1575	0.1610	0.6814
k141_75204	0.9600	0.0281	0.0119
k141_93480	0.3364	0.1612	0.5025
k141_130422	0.7861	0.1314	0.0825
k141_75207	0.8242	0.1362	0.0395
k141_1647	0.0465	0.0460	0.9075
k141_112057	0.9395	0.0413	0.0192
k141_112058	0.1317	0.2307	0.6376
k141_75213	0.6017	0.2029	0.1954
k141_19973	0.5250	0.2342	0.2408
k141_130431	0.7463	0.1872	0.0664
k141_93495	0.0148	0.0194	0.9658
k141_1656	0.6291	0.2188	0.1521
k141_112066	0.9036	0.0692	0.0272
k141_1657	0.7699	0.1670	0.0631
k141_37963	0.9325	0.0474	0.0201
k141_19982	0.9277	0.0563	0.0160
k141_56690	0.9617	0.0273	0.0110
k141_37966	0.2214	0.0735	0.7051
k141_1667	0.1810	0.5691	0.2500
k141_130447	0.7801	0.1118	0.1081
k141_56700	0.3730	0.2942	0.3327
k141_19998	0.3000	0.4433	0.2567
k141_130448	0.0016	0.9934	0.0050
k141_93504	0.7294	0.2501	0.0205
k141_19999	0.8583	0.1064	0.0353
k141_112083	0.6371	0.3190	0.0440
k141_37978	0.5190	0.3439	0.1371
k141_93507	0.0457	0.0285	0.9258
k141_112085	0.7135	0.1229	0.1637
k141_20006	0.7269	0.1501	0.1230
k141_37980	0.0250	0.0338	0.9412
k141_112086	0.0140	0.0275	0.9585
k141_20007	0.9744	0.0184	0.0072
k141_93511	0.0365	0.3502	0.6133
k141_130463	0.0474	0.8382	0.1144
k141_1669	0.9036	0.0769	0.0196
k141_20016	0.7098	0.1672	0.1230
k141_93518	0.2500	0.5332	0.2168
k141_20018	0.4147	0.0904	0.4949
k141_93519	0.9110	0.0613	0.0277
k141_75241	0.9631	0.0265	0.0105
k141_112100	0.9014	0.0737	0.0249
k141_56713	0.9700	0.0208	0.0092
k141_130475	0.2179	0.4776	0.3045
k141_93521	0.8012	0.1264	0.0724
k141_37989	0.9070	0.0708	0.0223
k141_1675	0.0841	0.5546	0.3613
k141_112103	0.0313	0.0210	0.9477
k141_93524	0.5101	0.3252	0.1647
k141_1677	0.8203	0.1173	0.0624
k141_75249	0.7699	0.1923	0.0378
k141_130483	0.5261	0.2732	0.2007
k141_93526	0.2068	0.7043	0.0889
k141_112106	0.4752	0.4125	0.1123
k141_1678	0.9708	0.0221	0.0070
k141_20021	0.4325	0.0650	0.5025
k141_37995	0.6435	0.1806	0.1760
k141_1681	0.1985	0.1907	0.6107
k141_56727	0.9716	0.0216	0.0068
k141_37996	0.4948	0.3032	0.2020
k141_112110	0.9572	0.0301	0.0128
k141_93533	0.0519	0.0989	0.8492
k141_75257	0.2345	0.2597	0.5057
k141_1684	0.8662	0.0911	0.0427
k141_20032	0.7910	0.1149	0.0941
k141_130499	0.1400	0.7621	0.0978
k141_56736	0.2661	0.4655	0.2684
k141_93543	0.1675	0.6837	0.1488
k141_75268	0.7961	0.1450	0.0589
k141_38005	0.1140	0.0581	0.8280
k141_130503	0.9246	0.0616	0.0138
k141_75270	0.7066	0.2037	0.0897
k141_112124	0.1384	0.3534	0.5082
k141_20040	0.9610	0.0271	0.0119
k141_93549	0.7511	0.1557	0.0933
k141_75274	0.5372	0.2289	0.2339
k141_20045	0.7843	0.1094	0.1063
k141_130512	0.4945	0.3418	0.1638
k141_1707	0.0773	0.1240	0.7986
k141_56751	0.8853	0.0747	0.0400
k141_75275	0.9296	0.0499	0.0205
k141_20048	0.7621	0.1550	0.0828
k141_75280	0.1796	0.4811	0.3393
k141_93570	0.5709	0.2469	0.1822
k141_1720	0.5888	0.1972	0.2141
k141_75285	0.0675	0.1034	0.8291
k141_112141	0.9623	0.0267	0.0110
k141_1724	0.7004	0.2383	0.0613
k141_20065	0.6928	0.1411	0.1662
k141_75292	0.2470	0.2652	0.4879
k141_56775	0.7193	0.1583	0.1224
k141_38033	0.0682	0.1404	0.7915
k141_75293	0.9698	0.0210	0.0092
k141_1730	0.6593	0.2190	0.1217
k141_56776	0.9247	0.0551	0.0202
k141_93576	0.9366	0.0477	0.0157
k141_20070	0.8774	0.0929	0.0297
k141_75295	0.0474	0.1282	0.8245
k141_130530	0.9433	0.0412	0.0156
k141_112151	0.3641	0.5500	0.0858
k141_38037	0.9127	0.0614	0.0259
k141_75299	0.3687	0.2625	0.3687
k141_20074	0.4200	0.4673	0.1127
k141_75300	0.7787	0.1041	0.1172
k141_130538	0.1097	0.4656	0.4248
k141_56787	0.3108	0.4853	0.2040
k141_93587	0.7881	0.1042	0.1077
k141_1743	0.0320	0.0387	0.9293
k141_112158	0.0244	0.9721	0.0034
k141_75307	0.6159	0.2126	0.1715
k141_56790	0.7286	0.1430	0.1284
k141_20082	0.5036	0.2490	0.2474
k141_130547	0.2846	0.0764	0.6390
k141_93596	0.1163	0.0549	0.8288
k141_56796	0.8881	0.0863	0.0255
k141_20085	0.6267	0.3132	0.0601
k141_1749	0.5381	0.3450	0.1169
k141_93599	0.6361	0.1996	0.1642
k141_56797	0.9674	0.0238	0.0088
k141_1751	0.1531	0.3406	0.5064
k141_112170	0.7591	0.1485	0.0924
k141_56798	0.0993	0.0745	0.8262
k141_20092	0.6439	0.1092	0.2469
k141_93604	0.9237	0.0596	0.0167
k141_112172	0.7044	0.1420	0.1536
k141_93605	0.8259	0.1335	0.0406
k141_75324	0.8695	0.0892	0.0413
k141_112176	0.7834	0.1386	0.0780
k141_1754	0.8968	0.0899	0.0133
k141_130560	0.9404	0.0443	0.0153
k141_130562	0.5709	0.1635	0.2657
k141_75329	0.7000	0.1601	0.1399
k141_38067	0.8149	0.1273	0.0578
k141_1761	0.9047	0.0671	0.0282
k141_75339	0.2950	0.5002	0.2048
k141_93627	0.6121	0.1591	0.2288
k141_56801	0.9397	0.0430	0.0173
k141_1768	0.0298	0.2765	0.6937
k141_130583	0.9182	0.0581	0.0237
k141_38082	0.5038	0.2710	0.2252
k141_56805	0.1265	0.1030	0.7704
k141_93631	0.9155	0.0623	0.0222
k141_130587	0.7136	0.1853	0.1011
k141_20104	0.9664	0.0231	0.0105
k141_112206	0.2808	0.5041	0.2151
k141_130589	0.2172	0.2900	0.4928
k141_75356	0.9484	0.0354	0.0162
k141_20106	0.6765	0.1693	0.1542
k141_1781	0.7605	0.1280	0.1115
k141_130593	0.3197	0.5499	0.1304
k141_93640	0.8803	0.0739	0.0457
k141_38088	0.9658	0.0249	0.0093
k141_112214	0.7517	0.2029	0.0453
k141_93644	0.3231	0.3781	0.2988
k141_38091	0.5530	0.2560	0.1910
k141_93647	0.0490	0.0688	0.8822
k141_20119	0.2255	0.4594	0.3152
k141_112222	0.4927	0.3019	0.2055
k141_56824	0.9785	0.0157	0.0058
k141_112224	0.4921	0.3364	0.1715
k141_56827	0.6787	0.1893	0.1320
k141_38098	0.3195	0.5087	0.1718
k141_93655	0.8925	0.0773	0.0303
k141_112226	0.7663	0.1908	0.0430
k141_130616	0.5915	0.2176	0.1910
k141_112228	0.1410	0.5681	0.2909
k141_56831	0.7698	0.1956	0.0346
k141_93660	0.8868	0.0884	0.0248
k141_38103	0.6613	0.2818	0.0570
k141_75385	0.9410	0.0437	0.0152
k141_93663	0.6343	0.2347	0.1310
k141_20137	0.7711	0.1984	0.0304
k141_38106	0.2111	0.2878	0.5011
k141_93664	0.7148	0.1789	0.1063
k141_20140	0.3710	0.4602	0.1688
k141_93669	0.7858	0.1255	0.0886
k141_56845	0.5752	0.2575	0.1673
k141_112243	0.3708	0.4422	0.1870
k141_20145	0.8728	0.0975	0.0296
k141_1825	0.0428	0.0504	0.9068
k141_130634	0.1230	0.1712	0.7058
k141_93673	0.5942	0.2011	0.2047
k141_38115	0.5822	0.2837	0.1341
k141_20147	0.1113	0.2978	0.5909
k141_93675	0.1315	0.1074	0.7610
k141_75406	0.1968	0.6480	0.1552
k141_112250	0.7062	0.1939	0.1000
k141_93677	0.7019	0.2623	0.0358
k141_20150	0.8912	0.0805	0.0283
k141_130641	0.7337	0.1399	0.1264
k141_56847	0.8366	0.1258	0.0376
k141_75408	0.9633	0.0274	0.0092
k141_93685	0.7928	0.1479	0.0593
k141_1844	0.9776	0.0177	0.0047
k141_1846	0.9708	0.0192	0.0100
k141_93687	0.4374	0.1536	0.4090
k141_130657	0.8997	0.0701	0.0302
k141_38135	0.5491	0.3183	0.1326
k141_112268	0.6863	0.1820	0.1318
k141_56866	0.7682	0.1630	0.0688
k141_75417	0.9828	0.0123	0.0049
k141_1853	0.2075	0.4473	0.3452
k141_38136	0.7756	0.1424	0.0820
k141_56870	0.7186	0.1659	0.1155
k141_1858	0.3678	0.3071	0.3251
k141_75427	0.0099	0.0137	0.9764
k141_20182	0.0926	0.8698	0.0375
k141_93708	0.0310	0.0452	0.9238
k141_1864	0.9170	0.0612	0.0218
k141_130665	0.9673	0.0226	0.0101
k141_93710	0.7255	0.1296	0.1450
k141_112286	0.6137	0.1548	0.2315
k141_20188	0.7122	0.1629	0.1249
k141_38150	0.7023	0.2347	0.0630
k141_112291	0.0419	0.0312	0.9269
k141_93717	0.4019	0.0928	0.5053
k141_130672	0.7823	0.0644	0.1533
k141_20196	0.6968	0.1862	0.1170
k141_75441	0.9379	0.0460	0.0161
k141_112301	0.6623	0.2036	0.1341
k141_38159	0.8872	0.0665	0.0463
k141_93727	0.9587	0.0296	0.0117
k141_1890	0.0268	0.0521	0.9212
k141_93730	0.0447	0.0600	0.8953
k141_56907	0.9729	0.0194	0.0077
k141_75454	0.1263	0.2207	0.6530
k141_38163	0.2576	0.5609	0.1816
k141_130680	0.0168	0.9377	0.0455
k141_93732	0.8760	0.0814	0.0426
k141_75456	0.6960	0.1807	0.1232
k141_75461	0.4484	0.2039	0.3477
k141_56917	0.3339	0.1862	0.4799
k141_130686	0.8890	0.0814	0.0296
k141_1901	0.2096	0.4325	0.3579
k141_112322	0.8558	0.1111	0.0331
k141_20222	0.8768	0.1073	0.0159
k141_130691	0.6398	0.2576	0.1026
k141_75469	0.6049	0.2139	0.1811
k141_56929	0.0762	0.1083	0.8155
k141_20229	0.8765	0.0929	0.0307
k141_75472	0.9474	0.0354	0.0171
k141_38173	0.9651	0.0244	0.0105
k141_20231	0.7440	0.1782	0.0778
k141_112337	0.8117	0.1138	0.0745
k141_112338	0.6490	0.2660	0.0849
k141_20232	0.9053	0.0615	0.0332
k141_75476	0.5530	0.2132	0.2337
k141_56941	0.1933	0.1280	0.6787
k141_112342	0.9721	0.0199	0.0080
k141_56944	0.8194	0.1048	0.0759
k141_20238	0.2472	0.2379	0.5149
k141_1928	0.9664	0.0232	0.0105
k141_56946	0.5455	0.2396	0.2149
k141_130713	0.1995	0.2281	0.5724
k141_112348	0.4770	0.4695	0.0535
k141_56947	0.7526	0.1557	0.0917
k141_75487	0.4015	0.4915	0.1071
k141_112349	0.7567	0.1777	0.0656
k141_20246	0.6922	0.1719	0.1358
k141_1935	0.7652	0.1533	0.0815
k141_75488	0.9643	0.0265	0.0092
k141_38189	0.5700	0.1687	0.2614
k141_1937	0.7369	0.2171	0.0460
k141_20253	0.2599	0.4176	0.3225
k141_112362	0.2724	0.3709	0.3568
k141_75501	0.8972	0.0762	0.0266
k141_130730	0.5011	0.2808	0.2181
k141_38198	0.6165	0.1803	0.2032
k141_130731	0.0441	0.3961	0.5598
k141_38200	0.7298	0.1895	0.0807
k141_56975	0.2901	0.1266	0.5833
k141_75508	0.7942	0.1760	0.0297
k141_1955	0.9508	0.0374	0.0119
k141_20271	0.4222	0.2953	0.2825
k141_112376	0.9377	0.0401	0.0222
k141_75512	0.9432	0.0422	0.0146
k141_20273	0.1514	0.8082	0.0404
k141_112381	0.2441	0.2136	0.5422
k141_75519	0.3116	0.3071	0.3813
k141_56988	0.1479	0.1184	0.7337
k141_38205	0.8191	0.1454	0.0355
k141_56990	0.9671	0.0251	0.0079
k141_130753	0.8912	0.0839	0.0250
k141_20285	0.8904	0.0765	0.0331
k141_38209	0.8070	0.1441	0.0489
k141_75529	0.9142	0.0672	0.0186
k141_130760	0.6222	0.1187	0.2591
k141_20290	0.8285	0.0992	0.0723
k141_57000	0.3469	0.4772	0.1759
k141_57001	0.5330	0.2311	0.2359
k141_75532	0.7453	0.1555	0.0993
k141_75537	0.7605	0.1264	0.1131
k141_38218	0.9282	0.0506	0.0212
k141_1989	0.9501	0.0352	0.0147
k141_20298	0.9273	0.0529	0.0199
k141_112407	0.9774	0.0164	0.0062
k141_1991	0.7864	0.1233	0.0904
k141_130773	0.8164	0.1075	0.0761
k141_1993	0.8731	0.0858	0.0411
k141_57015	0.7242	0.1410	0.1348
k141_130777	0.9587	0.0305	0.0108
k141_112417	0.9099	0.0733	0.0168
k141_75549	0.7686	0.1344	0.0970
k141_20304	0.7695	0.1853	0.0452
k141_130779	0.6015	0.1932	0.2053
k141_1999	0.7200	0.1707	0.1092
k141_112420	0.4126	0.0736	0.5139
k141_75552	0.7767	0.1600	0.0633
k141_112421	0.7048	0.2273	0.0679
k141_130783	0.7012	0.1846	0.1141
k141_2005	0.9537	0.0288	0.0175
k141_75558	0.6147	0.2125	0.1729
k141_20313	0.1407	0.5389	0.3204
k141_2009	0.2149	0.2194	0.5656
k141_38235	0.3211	0.3139	0.3650
k141_75560	0.9622	0.0312	0.0066
k141_20314	0.9578	0.0301	0.0121
k141_93734	0.9655	0.0244	0.0101
k141_57029	0.9748	0.0182	0.0070
k141_20317	0.1630	0.5671	0.2699
k141_2017	0.2530	0.4379	0.3091
k141_75564	0.6268	0.2013	0.1719
k141_112437	0.5747	0.2539	0.1714
k141_38239	0.2039	0.3175	0.4785
k141_57033	0.7803	0.1606	0.0592
k141_2021	0.9309	0.0501	0.0190
k141_93741	0.1557	0.3012	0.5430
k141_93742	0.7166	0.1772	0.1062
k141_2024	0.5687	0.3299	0.1014
k141_75572	0.0468	0.1741	0.7791
k141_38247	0.4557	0.4204	0.1239
k141_57042	0.5949	0.2566	0.1484
k141_112455	0.3187	0.5168	0.1645
k141_20332	0.7861	0.1914	0.0225
k141_75575	0.9754	0.0176	0.0070
k141_57043	0.5082	0.3055	0.1863
k141_93753	0.2982	0.3381	0.3637
k141_38255	0.5114	0.4387	0.0498
k141_20337	0.9521	0.0350	0.0129
k141_75582	0.7561	0.1309	0.1131
k141_93754	0.2631	0.0784	0.6585
k141_2036	0.5278	0.3650	0.1072
k141_93755	0.1653	0.1458	0.6889
k141_20338	0.9760	0.0170	0.0069
k141_2037	0.7262	0.1904	0.0834
k141_57052	0.9372	0.0436	0.0192
k141_93756	0.7704	0.1405	0.0891
k141_112468	0.1057	0.1163	0.7780
k141_20341	0.9682	0.0243	0.0075
k141_57055	0.3259	0.4368	0.2373
k141_38261	0.6063	0.2573	0.1364
k141_57057	0.3797	0.2797	0.3406
k141_2047	0.6596	0.1413	0.1991
k141_38263	0.7460	0.1619	0.0921
k141_2054	0.4621	0.4028	0.1351
k141_93774	0.4910	0.3585	0.1504
k141_20356	0.3672	0.3318	0.3010
k141_38267	0.9462	0.0441	0.0097
k141_57064	0.9309	0.0531	0.0160
k141_93778	0.6728	0.2528	0.0743
k141_57073	0.7712	0.1178	0.1110
k141_20368	0.0318	0.0934	0.8748
k141_2070	0.6621	0.2494	0.0884
k141_93782	0.8761	0.0847	0.0392
k141_112503	0.4179	0.3935	0.1886
k141_20374	0.3754	0.3966	0.2280
k141_57080	0.9055	0.0685	0.0260
k141_38269	0.7769	0.1208	0.1023
k141_112505	0.2529	0.4980	0.2491
k141_20375	0.7571	0.1752	0.0676
k141_93785	0.8345	0.1304	0.0351
k141_112508	0.6094	0.1929	0.1977
k141_130787	0.9616	0.0264	0.0121
k141_38272	0.9003	0.0713	0.0284
k141_93790	0.4472	0.3377	0.2151
k141_112514	0.1752	0.0619	0.7629
k141_93793	0.8339	0.1239	0.0421
k141_2089	0.9050	0.0756	0.0194
k141_75589	0.9596	0.0287	0.0117
k141_57095	0.7399	0.1367	0.1234
k141_2092	0.1177	0.3168	0.5655
k141_38282	0.9125	0.0603	0.0272
k141_130798	0.1511	0.1632	0.6857
k141_75591	0.8704	0.0824	0.0472
k141_93804	0.9316	0.0500	0.0184
k141_2100	0.4773	0.3272	0.1956
k141_20402	0.2173	0.7469	0.0358
k141_93808	0.6546	0.1923	0.1532
k141_130808	0.9460	0.0359	0.0181
k141_130811	0.3594	0.2736	0.3671
k141_57110	0.8483	0.1094	0.0424
k141_38293	0.0137	0.0588	0.9275
k141_2108	0.4043	0.1998	0.3958
k141_112541	0.8764	0.0748	0.0487
k141_2111	0.3403	0.1989	0.4608
k141_75605	0.1883	0.6410	0.1707
k141_57115	0.0072	0.0118	0.9810
k141_20413	0.4861	0.3675	0.1465
k141_93817	0.0199	0.0208	0.9592
k141_130819	0.3386	0.4089	0.2525
k141_38298	0.3083	0.0431	0.6486
k141_38299	0.0771	0.0486	0.8744
k141_130821	0.9523	0.0318	0.0159
k141_112549	0.8892	0.0850	0.0258
k141_57124	0.8091	0.0620	0.1290
k141_93828	0.7109	0.2186	0.0706
k141_20424	0.7377	0.1218	0.1405
k141_20425	0.1884	0.0829	0.7287
k141_112558	0.4433	0.3822	0.1745
k141_57132	0.6725	0.2186	0.1090
k141_2133	0.9493	0.0357	0.0150
k141_130833	0.9630	0.0261	0.0109
k141_130834	0.1519	0.2454	0.6027
k141_112565	0.0133	0.0176	0.9691
k141_38311	0.0095	0.9676	0.0229
k141_20436	0.7376	0.1173	0.1451
k141_57138	0.1446	0.1124	0.7430
k141_20438	0.9597	0.0288	0.0115
k141_130839	0.0567	0.1371	0.8062
k141_20440	0.8969	0.0723	0.0308
k141_57139	0.0077	0.0120	0.9803
k141_93849	0.5765	0.2879	0.1356
k141_75638	0.7681	0.1817	0.0502
k141_20441	0.7885	0.1115	0.1000
k141_38318	0.9152	0.0465	0.0382
k141_2149	0.1751	0.6355	0.1894
k141_57143	0.7737	0.1814	0.0448
k141_93852	0.9651	0.0249	0.0101
k141_57145	0.5804	0.2708	0.1488
k141_130849	0.6447	0.1853	0.1699
k141_20442	0.8439	0.1217	0.0344
k141_20447	0.6983	0.2182	0.0835
k141_93859	0.4946	0.2873	0.2181
k141_112589	0.6804	0.1939	0.1256
k141_130856	0.9318	0.0408	0.0274
k141_38325	0.8917	0.0844	0.0239
k141_93860	0.3410	0.4451	0.2140
k141_93861	0.6725	0.2008	0.1267
k141_57155	0.6729	0.1963	0.1308
k141_2160	0.9196	0.0619	0.0185
k141_20458	0.8380	0.1142	0.0477
k141_38330	0.6955	0.1429	0.1617
k141_2166	0.2975	0.1760	0.5265
k141_93870	0.5604	0.2992	0.1404
k141_57165	0.2219	0.4627	0.3155
k141_2168	0.4658	0.3248	0.2094
k141_93871	0.7335	0.1347	0.1318
k141_38333	0.8073	0.1328	0.0599
k141_112608	0.8781	0.0895	0.0325
k141_130877	0.1861	0.1536	0.6603
k141_75672	0.9582	0.0318	0.0100
k141_20467	0.9797	0.0146	0.0057
k141_93877	0.1831	0.5353	0.2816
k141_57175	0.9562	0.0313	0.0124
k141_20468	0.8834	0.0865	0.0301
k141_20471	0.8318	0.1299	0.0383
k141_57184	0.5269	0.3582	0.1149
k141_38346	0.0133	0.0176	0.9691
k141_112623	0.2219	0.1890	0.5891
k141_130897	0.6206	0.1891	0.1904
k141_93894	0.9542	0.0323	0.0134
k141_57192	0.4778	0.3632	0.1590
k141_112628	0.0518	0.2891	0.6591
k141_93897	0.7356	0.1642	0.1001
k141_75691	0.2924	0.0394	0.6682
k141_38354	0.1466	0.0581	0.7953
k141_38355	0.1377	0.6243	0.2379
k141_130904	0.6774	0.1270	0.1956
k141_57201	0.7378	0.1846	0.0776
k141_20492	0.0350	0.9334	0.0316
k141_112636	0.8627	0.1055	0.0318
k141_75693	0.7895	0.1303	0.0803
k141_38356	0.7877	0.1378	0.0745
k141_93903	0.3538	0.1245	0.5218
k141_75695	0.7389	0.1905	0.0706
k141_20494	0.9430	0.0427	0.0143
k141_2212	0.5756	0.2513	0.1731
k141_93905	0.4639	0.2917	0.2444
k141_130916	0.8505	0.0898	0.0598
k141_57212	0.8350	0.1234	0.0416
k141_38364	0.7683	0.1578	0.0739
k141_130919	0.9509	0.0355	0.0136
k141_112652	0.9729	0.0197	0.0074
k141_75710	0.9068	0.0726	0.0206
k141_38367	0.5256	0.2251	0.2493
k141_130921	0.6368	0.1379	0.2253
k141_75712	0.1477	0.1662	0.6862
k141_130923	0.7424	0.2201	0.0375
k141_93918	0.9059	0.0643	0.0298
k141_57224	0.1684	0.7887	0.0429
k141_20512	0.8390	0.1051	0.0559
k141_112661	0.1897	0.3975	0.4127
k141_2233	0.7245	0.1974	0.0782
k141_20519	0.9197	0.0602	0.0201
k141_38380	0.5343	0.2807	0.1850
k141_2242	0.3749	0.3628	0.2623
k141_112673	0.5612	0.3369	0.1019
k141_130939	0.7557	0.1087	0.1356
k141_93934	0.2120	0.1350	0.6530
k141_20527	0.9090	0.0694	0.0216
k141_57248	0.6116	0.1752	0.2132
k141_20528	0.7845	0.1569	0.0586
k141_75736	0.0121	0.0200	0.9678
k141_20529	0.8588	0.0931	0.0481
k141_130948	0.0554	0.7190	0.2256
k141_2255	0.4259	0.4072	0.1669
k141_57250	0.7157	0.1186	0.1657
k141_75739	0.7520	0.1252	0.1228
k141_93941	0.9328	0.0571	0.0100
k141_112688	0.9711	0.0226	0.0063
k141_20533	0.9185	0.0619	0.0196
k141_75741	0.0602	0.2474	0.6924
k141_93945	0.1586	0.6811	0.1603
k141_20537	0.8211	0.1490	0.0299
k141_2262	0.6943	0.2003	0.1054
k141_130956	0.1646	0.1731	0.6623
k141_75744	0.7857	0.1123	0.1020
k141_38399	0.1885	0.2019	0.6097
k141_2263	0.2335	0.3632	0.4033
k141_112696	0.0714	0.0596	0.8690
k141_130958	0.2579	0.2969	0.4452
k141_93951	0.0375	0.0539	0.9086
k141_20542	0.3423	0.2571	0.4006
k141_57265	0.6410	0.1908	0.1682
k141_112699	0.0414	0.0335	0.9251
k141_93954	0.3526	0.3654	0.2820
k141_20547	0.9425	0.0493	0.0082
k141_93955	0.2675	0.6348	0.0977
k141_112704	0.7403	0.1176	0.1421
k141_57274	0.6887	0.1861	0.1253
k141_130970	0.0407	0.2925	0.6668
k141_20550	0.7131	0.1806	0.1062
k141_112706	0.2284	0.6396	0.1320
k141_57275	0.4632	0.3696	0.1671
k141_20552	0.6468	0.1814	0.1718
k141_75762	0.5550	0.2525	0.1925
k141_130974	0.9491	0.0365	0.0144
k141_112710	0.7876	0.1566	0.0559
k141_2284	0.9494	0.0377	0.0129
k141_75763	0.5945	0.3121	0.0933
k141_93966	0.7563	0.1223	0.1214
k141_38415	0.7042	0.2487	0.0471
k141_20557	0.0976	0.0782	0.8242
k141_57283	0.8337	0.0954	0.0709
k141_75766	0.9594	0.0290	0.0117
k141_130983	0.3502	0.4842	0.1656
k141_20562	0.1180	0.3442	0.5377
k141_2294	0.9327	0.0513	0.0160
k141_93977	0.1575	0.4460	0.3965
k141_112723	0.4857	0.3407	0.1736
k141_20566	0.9710	0.0205	0.0084
k141_75772	0.0274	0.0579	0.9147
k141_112727	0.0167	0.0176	0.9657
k141_2306	0.0630	0.0667	0.8703
k141_93990	0.8031	0.0947	0.1022
k141_57304	0.0562	0.0693	0.8746
k141_38432	0.0132	0.0177	0.9691
k141_112731	0.7965	0.1047	0.0988
k141_131008	0.5763	0.1823	0.2414
k141_75786	0.8334	0.1083	0.0582
k141_57313	0.7451	0.1652	0.0897
k141_112736	0.2033	0.4577	0.3390
k141_38438	0.6282	0.2258	0.1460
k141_57315	0.3284	0.2717	0.3999
k141_112738	0.0439	0.0620	0.8941
k141_2322	0.9378	0.0471	0.0151
k141_131017	0.3964	0.4382	0.1654
k141_94010	0.8291	0.1154	0.0555
k141_20591	0.9454	0.0401	0.0145
k141_38439	0.8974	0.0769	0.0257
k141_2326	0.8857	0.0836	0.0307
k141_20592	0.9375	0.0440	0.0186
k141_112744	0.2878	0.5579	0.1543
k141_38440	0.9573	0.0295	0.0132
k141_2327	0.4835	0.2994	0.2171
k141_131023	0.8859	0.1001	0.0140
k141_38442	0.4194	0.2899	0.2906
k141_112746	0.8449	0.1078	0.0473
k141_94020	0.7082	0.1558	0.1359
k141_75795	0.1891	0.7130	0.0979
k141_20597	0.9747	0.0188	0.0065
k141_38446	0.3673	0.2297	0.4030
k141_112751	0.2901	0.2500	0.4599
k141_94021	0.0439	0.6335	0.3227
k141_75802	0.5215	0.2659	0.2126
k141_38447	0.3337	0.4257	0.2406
k141_57338	0.7954	0.1257	0.0790
k141_112755	0.5345	0.1964	0.2691
k141_20608	0.7121	0.1544	0.1336
k141_94025	0.6665	0.1901	0.1434
k141_38449	0.8639	0.0865	0.0496
k141_112762	0.9108	0.0655	0.0237
k141_75813	0.6658	0.1972	0.1370
k141_20610	0.8361	0.1018	0.0621
k141_94030	0.0604	0.2427	0.6969
k141_131048	0.6863	0.1840	0.1297
k141_112765	0.4706	0.3911	0.1384
k141_57352	0.6922	0.1524	0.1554
k141_38454	0.5641	0.3029	0.1330
k141_131050	0.8283	0.1123	0.0594
k141_75817	0.1865	0.7830	0.0305
k141_131053	0.7603	0.1091	0.1306
k141_2361	0.9493	0.0404	0.0103
k141_57360	0.5248	0.3503	0.1249
k141_94044	0.3183	0.2271	0.4546
k141_112768	0.9869	0.0096	0.0035
k141_94045	0.8624	0.1072	0.0305
k141_2365	0.0593	0.0864	0.8543
k141_38461	0.8460	0.0970	0.0569
k141_57364	0.9123	0.0621	0.0256
k141_112772	0.9765	0.0178	0.0057
k141_75824	0.1096	0.1598	0.7307
k141_112773	0.2037	0.1402	0.6561
k141_57369	0.8764	0.0969	0.0266
k141_131067	0.6965	0.1317	0.1717
k141_20636	0.8522	0.1135	0.0343
k141_112775	0.6528	0.1972	0.1500
k141_57370	0.5902	0.2146	0.1952
k141_75831	0.2209	0.2487	0.5304
k141_94061	0.8656	0.0819	0.0525
k141_112776	0.8010	0.1431	0.0559
k141_131074	0.1355	0.8180	0.0465
k141_2382	0.1707	0.2118	0.6175
k141_20638	0.9398	0.0420	0.0182
k141_57374	0.2279	0.3193	0.4528
k141_131075	0.7792	0.1659	0.0549
k141_112782	0.7079	0.1707	0.1215
k141_75841	0.7806	0.1635	0.0559
k141_2388	0.7094	0.1409	0.1497
k141_57380	0.6254	0.2595	0.1151
k141_38482	0.9195	0.0593	0.0212
k141_20650	0.4869	0.2104	0.3027
k141_20651	0.4783	0.3476	0.1742
k141_57384	0.1238	0.5378	0.3383
k141_112792	0.4644	0.2215	0.3141
k141_94080	0.8559	0.1083	0.0358
k141_75851	0.8272	0.1178	0.0550
k141_131090	0.3969	0.1875	0.4156
k141_20654	0.9620	0.0280	0.0101
k141_57386	0.7280	0.2203	0.0517
k141_2403	0.9357	0.0473	0.0169
k141_38488	0.8626	0.1057	0.0317
k141_131091	0.9825	0.0123	0.0052
k141_75854	0.6934	0.1902	0.1164
k141_94084	0.5761	0.1176	0.3063
k141_112802	0.7615	0.0639	0.1746
k141_2415	0.9321	0.0467	0.0213
k141_94094	0.5549	0.2840	0.1611
k141_131104	0.2154	0.3320	0.4525
k141_75868	0.9467	0.0372	0.0161
k141_20671	0.4765	0.2787	0.2448
k141_38504	0.4483	0.2742	0.2775
k141_57409	0.7034	0.2670	0.0296
k141_94103	0.7461	0.1780	0.0759
k141_2425	0.0745	0.1550	0.7705
k141_75874	0.8724	0.0967	0.0308
k141_20677	0.0121	0.0203	0.9676
k141_20680	0.0113	0.0225	0.9663
k141_2431	0.5861	0.2874	0.1265
k141_75877	0.2506	0.4776	0.2718
k141_131120	0.4086	0.3213	0.2701
k141_94112	0.9627	0.0285	0.0088
k141_20683	0.9304	0.0501	0.0195
k141_75882	0.4447	0.4145	0.1408
k141_131121	0.9463	0.0384	0.0152
k141_112834	0.8458	0.1085	0.0456
k141_38519	0.2429	0.1434	0.6137
k141_57428	0.1541	0.2530	0.5929
k141_112835	0.4384	0.3838	0.1778
k141_131123	0.8676	0.0726	0.0598
k141_75889	0.0363	0.0859	0.8778
k141_94126	0.0112	0.0230	0.9658
k141_57436	0.1904	0.0606	0.7490
k141_131128	0.1667	0.2048	0.6286
k141_38527	0.4241	0.2501	0.3258
k141_57439	0.9633	0.0293	0.0074
k141_131131	0.1285	0.4303	0.4413
k141_20706	0.7025	0.1377	0.1598
k141_112846	0.8872	0.0905	0.0223
k141_94128	0.2744	0.4844	0.2411
k141_75893	0.8413	0.1082	0.0505
k141_94132	0.5830	0.2548	0.1622
k141_112851	0.5845	0.1476	0.2679
k141_2463	0.8967	0.0783	0.0250
k141_94133	0.7941	0.1042	0.1017
k141_38535	0.9190	0.0674	0.0136
k141_57451	0.9231	0.0565	0.0205
k141_75900	0.9320	0.0526	0.0154
k141_112855	0.8516	0.0766	0.0718
k141_94136	0.6347	0.1991	0.1661
k141_131143	0.8255	0.1418	0.0327
k141_20714	0.4677	0.4684	0.0638
k141_112856	0.2705	0.2352	0.4943
k141_57454	0.7451	0.1202	0.1348
k141_94137	0.0285	0.0376	0.9339
k141_2474	0.1586	0.6920	0.1494
k141_75906	0.0475	0.0899	0.8627
k141_57456	0.9528	0.0333	0.0139
k141_75909	0.6491	0.2182	0.1327
k141_38542	0.9849	0.0115	0.0036
k141_2475	0.6866	0.2167	0.0967
k141_131150	0.7218	0.1621	0.1161
k141_112857	0.9736	0.0184	0.0080
k141_2476	0.5688	0.3069	0.1243
k141_20726	0.6693	0.2073	0.1235
k141_38543	0.9552	0.0289	0.0159
k141_112859	0.6920	0.2264	0.0816
k141_2479	0.8237	0.1330	0.0433
k141_75911	0.3868	0.2315	0.3817
k141_131158	0.5167	0.2291	0.2542
k141_112862	0.8957	0.0770	0.0273
k141_38545	0.2724	0.5356	0.1920
k141_20731	0.9554	0.0339	0.0107
k141_2482	0.5145	0.3081	0.1773
k141_75913	0.2095	0.1498	0.6407
k141_94157	0.7986	0.0991	0.1023
k141_2485	0.4454	0.3355	0.2191
k141_38550	0.5097	0.2540	0.2363
k141_75914	0.7862	0.1836	0.0302
k141_131159	0.0884	0.0268	0.8848
k141_38551	0.5834	0.3809	0.0357
k141_112869	0.6343	0.2274	0.1383
k141_94162	0.9293	0.0535	0.0172
k141_75919	0.7356	0.1223	0.1421
k141_57485	0.8009	0.1672	0.0319
k141_57486	0.5238	0.2599	0.2164
k141_75922	0.9602	0.0295	0.0103
k141_2497	0.2576	0.2464	0.4961
k141_131171	0.0764	0.2726	0.6510
k141_94170	0.7624	0.1485	0.0891
k141_20749	0.1895	0.2859	0.5246
k141_112878	0.0308	0.8919	0.0773
k141_38556	0.7513	0.1697	0.0789
k141_75929	0.0828	0.3355	0.5817
k141_112880	0.8145	0.1555	0.0299
k141_57497	0.5086	0.4507	0.0407
k141_38558	0.2933	0.2999	0.4067
k141_20753	0.5140	0.2954	0.1906
k141_94178	0.3229	0.3212	0.3560
k141_131179	0.5744	0.1736	0.2520
k141_2512	0.5924	0.2267	0.1809
k141_57501	0.0459	0.0789	0.8752
k141_94179	0.9059	0.0642	0.0299
k141_112886	0.7098	0.1448	0.1454
k141_75938	0.9575	0.0342	0.0084
k141_2514	0.5153	0.2247	0.2600
k141_94180	0.0946	0.6962	0.2092
k141_20759	0.8636	0.1129	0.0235
k141_57504	0.4226	0.5005	0.0769
k141_112888	0.6799	0.1744	0.1457
k141_131187	0.6667	0.2009	0.1324
k141_131189	0.8871	0.0780	0.0348
k141_38567	0.9873	0.0093	0.0034
k141_131192	0.1041	0.8101	0.0858
k141_20769	0.0814	0.0330	0.8856
k141_2526	0.1214	0.4421	0.4365
k141_57516	0.3998	0.3677	0.2325
k141_94192	0.9309	0.0511	0.0180
k141_94194	0.3275	0.2035	0.4690
k141_75957	0.0877	0.0559	0.8564
k141_2527	0.4521	0.4682	0.0797
k141_20776	0.2193	0.3492	0.4314
k141_75959	0.6115	0.2011	0.1873
k141_2531	0.8977	0.0767	0.0256
k141_94200	0.3403	0.3198	0.3399
k141_57527	0.2189	0.5717	0.2095
k141_75961	0.3113	0.4727	0.2160
k141_112890	0.5254	0.0813	0.3933
k141_131209	0.9178	0.0602	0.0220
k141_38581	0.5092	0.2975	0.1933
k141_75962	0.4825	0.0914	0.4261
k141_2537	0.7035	0.1393	0.1572
k141_131211	0.5822	0.1609	0.2570
k141_20793	0.5565	0.2369	0.2066
k141_2540	0.9340	0.0538	0.0123
k141_112896	0.9292	0.0493	0.0215
k141_20796	0.5556	0.2714	0.1730
k141_38586	0.0121	0.0153	0.9726
k141_131217	0.0247	0.0232	0.9521
k141_94220	0.9498	0.0380	0.0122
k141_75971	0.7324	0.1794	0.0882
k141_112901	0.9652	0.0287	0.0061
k141_131219	0.6030	0.2457	0.1513
k141_20799	0.5676	0.2429	0.1895
k141_94221	0.7309	0.1706	0.0986
k141_112902	0.9611	0.0310	0.0080
k141_57547	0.0967	0.1751	0.7282
k141_38590	0.9000	0.0791	0.0209
k141_2542	0.9808	0.0136	0.0056
k141_131222	0.8519	0.1164	0.0317
k141_20802	0.9544	0.0331	0.0125
k141_57549	0.7243	0.1565	0.1192
k141_20804	0.2068	0.0869	0.7063
k141_112907	0.4518	0.2477	0.3004
k141_131226	0.1296	0.5934	0.2770
k141_75981	0.9427	0.0382	0.0192
k141_94226	0.8409	0.1081	0.0510
k141_38599	0.6380	0.1741	0.1879
k141_57554	0.8750	0.0742	0.0508
k141_57556	0.4802	0.2087	0.3112
k141_131233	0.6358	0.2671	0.0971
k141_94234	0.7965	0.1258	0.0777
k141_131234	0.7141	0.1394	0.1465
k141_75988	0.7337	0.1531	0.1132
k141_2559	0.9322	0.0502	0.0177
k141_112911	0.9535	0.0337	0.0128
k141_38605	0.0818	0.7743	0.1440
k141_20820	0.4276	0.2962	0.2762
k141_131238	0.5965	0.1844	0.2191
k141_57562	0.6826	0.2154	0.1020
k141_112916	0.6996	0.1462	0.1542
k141_38608	0.6889	0.1703	0.1408
k141_131240	0.7583	0.1242	0.1175
k141_75996	0.3623	0.4272	0.2105
k141_2564	0.6678	0.1771	0.1551
k141_94247	0.2403	0.4414	0.3183
k141_57568	0.8349	0.1339	0.0312
k141_20828	0.7072	0.1535	0.1393
k141_131245	0.5470	0.2635	0.1894
k141_112926	0.6230	0.2192	0.1579
k141_76005	0.8553	0.1007	0.0440
k141_57579	0.9346	0.0514	0.0140
k141_131253	0.9440	0.0447	0.0112
k141_38620	0.9420	0.0430	0.0150
k141_20842	0.2313	0.7188	0.0498
k141_57581	0.9330	0.0467	0.0203
k141_112936	0.6589	0.1537	0.1874
k141_20846	0.4845	0.4476	0.0679
k141_131262	0.4728	0.2195	0.3077
k141_76015	0.7336	0.2156	0.0508
k141_2583	0.7633	0.1167	0.1200
k141_112938	0.0257	0.1005	0.8738
k141_38624	0.0781	0.7637	0.1582
k141_131263	0.9326	0.0478	0.0196
k141_94273	0.3406	0.3512	0.3082
k141_2586	0.1265	0.4362	0.4374
k141_20848	0.3404	0.1576	0.5019
k141_38626	0.4942	0.2657	0.2401
k141_112941	0.9340	0.0396	0.0264
k141_38627	0.6651	0.2013	0.1336
k141_94280	0.9078	0.0756	0.0167
k141_2594	0.9611	0.0287	0.0102
k141_38630	0.9618	0.0267	0.0115
k141_20861	0.6123	0.1841	0.2036
k141_57603	0.6513	0.1686	0.1800
k141_131278	0.9399	0.0385	0.0216
k141_112953	0.3946	0.3239	0.2815
k141_57605	0.1761	0.7098	0.1142
k141_112956	0.5287	0.2789	0.1924
k141_94294	0.2990	0.3971	0.3039
k141_131284	0.9803	0.0147	0.0050
k141_94295	0.3463	0.2298	0.4239
k141_57609	0.3864	0.2693	0.3443
k141_112957	0.9323	0.0525	0.0152
k141_20874	0.9836	0.0119	0.0045
k141_112958	0.9304	0.0568	0.0127
k141_2613	0.3132	0.4832	0.2036
k141_2615	0.4159	0.2132	0.3708
k141_38646	0.7303	0.2154	0.0542
k141_57618	0.5326	0.2768	0.1906
k141_131292	0.7801	0.1242	0.0957
k141_131295	0.1176	0.7079	0.1745
k141_94312	0.5021	0.2449	0.2529
k141_57621	0.8896	0.0937	0.0168
k141_2626	0.0194	0.0524	0.9283
k141_94320	0.6048	0.1565	0.2388
k141_57624	0.9639	0.0262	0.0099
k141_20896	0.3414	0.3828	0.2758
k141_2628	0.3691	0.4367	0.1943
k141_112979	0.2271	0.4935	0.2793
k141_131305	0.8863	0.0882	0.0256
k141_20900	0.0292	0.0280	0.9428
k141_131307	0.7836	0.1402	0.0762
k141_57634	0.9488	0.0393	0.0119
k141_38662	0.0070	0.0121	0.9810
k141_20909	0.2136	0.5205	0.2659
k141_131315	0.1023	0.2796	0.6181
k141_131316	0.7196	0.1757	0.1047
k141_2644	0.2345	0.3926	0.3729
k141_57640	0.4558	0.3375	0.2068
k141_57643	0.9301	0.0541	0.0158
k141_113002	0.9314	0.0509	0.0177
k141_131321	0.9204	0.0626	0.0170
k141_20922	0.5581	0.2362	0.2058
k141_57647	0.8300	0.1480	0.0220
k141_20927	0.4093	0.5681	0.0226
k141_38676	0.7854	0.1408	0.0738
k141_131330	0.9183	0.0600	0.0217
k141_20928	0.8678	0.1081	0.0241
k141_57652	0.4898	0.3010	0.2092
k141_94354	0.7845	0.1356	0.0799
k141_38677	0.5446	0.3017	0.1537
k141_131333	0.6662	0.1637	0.1701
k141_113016	0.1898	0.5920	0.2182
k141_2670	0.0898	0.8063	0.1039
k141_131337	0.7775	0.1430	0.0795
k141_94361	0.7149	0.1501	0.1350
k141_113018	0.4624	0.2871	0.2505
k141_2671	0.9356	0.0464	0.0180
k141_94362	0.3793	0.5096	0.1111
k141_57658	0.3681	0.5220	0.1098
k141_2675	0.4687	0.2230	0.3083
k141_131343	0.6656	0.2068	0.1276
k141_113024	0.1997	0.1686	0.6317
k141_94366	0.7443	0.1636	0.0921
k141_113029	0.8773	0.0870	0.0357
k141_20956	0.8689	0.0769	0.0542
k141_2687	0.8435	0.1194	0.0371
k141_113032	0.4159	0.2796	0.3045
k141_57675	0.9184	0.0609	0.0207
k141_20958	0.7245	0.2270	0.0485
k141_20962	0.2119	0.1850	0.6030
k141_113037	0.4619	0.2621	0.2760
k141_2696	0.3056	0.3821	0.3123
k141_94378	0.9589	0.0295	0.0115
k141_57676	0.9590	0.0322	0.0088
k141_131363	0.0437	0.1641	0.7922
k141_2698	0.1680	0.3610	0.4710
k141_113039	0.5680	0.2588	0.1732
k141_94380	0.6185	0.2364	0.1450
k141_131364	0.8678	0.1019	0.0303
k141_20969	0.6032	0.2141	0.1827
k141_94383	0.7094	0.2059	0.0847
k141_20970	0.3846	0.5044	0.1109
k141_113043	0.5319	0.2355	0.2326
k141_94384	0.3143	0.5054	0.1802
k141_20971	0.5785	0.2391	0.1823
k141_20973	0.7098	0.1304	0.1598
k141_57683	0.0101	0.0218	0.9681
k141_131375	0.2209	0.2204	0.5587
k141_94389	0.8052	0.1004	0.0945
k141_131376	0.0772	0.3492	0.5737
k141_113052	0.8794	0.0824	0.0382
k141_2712	0.3129	0.2587	0.4283
k141_94396	0.4068	0.3667	0.2266
k141_131382	0.1273	0.6736	0.1991
k141_94398	0.8194	0.1315	0.0492
k141_131384	0.5570	0.1742	0.2687
k141_38685	0.8871	0.0876	0.0254
k141_20992	0.8571	0.1075	0.0354
k141_2722	0.1662	0.1028	0.7310
k141_57702	0.4946	0.2711	0.2342
k141_2725	0.6403	0.1702	0.1895
k141_57703	0.9198	0.0651	0.0151
k141_94408	0.4996	0.2281	0.2724
k141_57706	0.2334	0.2257	0.5409
k141_94412	0.9319	0.0459	0.0222
k141_57709	0.6381	0.2248	0.1371
k141_113077	0.0136	0.0210	0.9654
k141_76025	0.9670	0.0232	0.0099
k141_131405	0.2552	0.5228	0.2220
k141_21007	0.0446	0.1308	0.8247
k141_94416	0.5136	0.3186	0.1678
k141_57715	0.2122	0.3589	0.4290
k141_76032	0.9358	0.0468	0.0174
k141_21011	0.3385	0.1716	0.4899
k141_94420	0.4252	0.3037	0.2711
k141_131407	0.9688	0.0226	0.0085
k141_113087	0.6326	0.2811	0.0863
k141_113090	0.9196	0.0640	0.0164
k141_57723	0.8448	0.0880	0.0672
k141_21017	0.9126	0.0672	0.0202
k141_113095	0.0885	0.8709	0.0406
k141_57727	0.9548	0.0327	0.0125
k141_38717	0.9663	0.0257	0.0080
k141_131422	0.9713	0.0198	0.0089
k141_113101	0.8777	0.0905	0.0319
k141_94421	0.0089	0.0285	0.9626
k141_21029	0.2338	0.5097	0.2564
k141_131426	0.3115	0.1763	0.5122
k141_76058	0.2092	0.3367	0.4540
k141_94422	0.1898	0.4306	0.3796
k141_2767	0.0112	0.9734	0.0153
k141_21030	0.3496	0.4369	0.2135
k141_57739	0.8408	0.0984	0.0608
k141_113108	0.4032	0.2222	0.3746
k141_2771	0.0229	0.9499	0.0272
k141_94429	0.7697	0.1138	0.1165
k141_131432	0.6705	0.1883	0.1412
k141_57745	0.1475	0.5757	0.2769
k141_76066	0.2118	0.2063	0.5818
k141_21039	0.3583	0.3907	0.2510
k141_113114	0.4358	0.3477	0.2165
k141_76069	0.4584	0.2207	0.3209
k141_94434	0.3126	0.3039	0.3835
k141_21043	0.0173	0.0243	0.9584
k141_113118	0.6142	0.2424	0.1434
k141_2782	0.7043	0.2037	0.0920
k141_76071	0.1291	0.2408	0.6301
k141_38734	0.9632	0.0265	0.0104
k141_21047	0.5908	0.2827	0.1265
k141_57756	0.1826	0.4558	0.3616
k141_113119	0.8750	0.0954	0.0296
k141_94440	0.7797	0.1201	0.1002
k141_38738	0.6324	0.2195	0.1481
k141_94444	0.3655	0.4073	0.2272
k141_131451	0.5639	0.1195	0.3166
k141_21057	0.6179	0.2104	0.1717
k141_38741	0.9298	0.0518	0.0184
k141_76082	0.9750	0.0178	0.0072
k141_2797	0.1563	0.7342	0.1095
k141_94450	0.5870	0.1746	0.2385
k141_38744	0.4233	0.4021	0.1745
k141_2798	0.8347	0.1184	0.0469
k141_76087	0.1337	0.0386	0.8277
k141_131461	0.2446	0.4806	0.2747
k141_94454	0.0087	0.0144	0.9768
k141_131463	0.5850	0.2723	0.1427
k141_21067	0.7635	0.1630	0.0735
k141_131465	0.7503	0.1728	0.0768
k141_21070	0.7170	0.1760	0.1070
k141_2809	0.7457	0.1611	0.0932
k141_57787	0.9514	0.0286	0.0201
k141_76100	0.9056	0.0673	0.0271
k141_57788	0.3945	0.3456	0.2600
k141_38754	0.6302	0.2355	0.1342
k141_57790	0.8407	0.1006	0.0587
k141_2818	0.7885	0.1403	0.0712
k141_131478	0.8703	0.0970	0.0327
k141_57792	0.7234	0.1488	0.1278
k141_38759	0.1230	0.1139	0.7631
k141_94469	0.9726	0.0191	0.0083
k141_131485	0.5921	0.2103	0.1976
k141_113164	0.9303	0.0549	0.0148
k141_2826	0.4367	0.3246	0.2387
k141_76120	0.7861	0.0986	0.1152
k141_131490	0.2400	0.1767	0.5833
k141_38769	0.5638	0.3641	0.0720
k141_94476	0.3175	0.5615	0.1209
k141_76124	0.8117	0.0917	0.0965
k141_57810	0.9310	0.0524	0.0166
k141_2838	0.0601	0.0375	0.9024
k141_76127	0.2038	0.2593	0.5369
k141_21102	0.7164	0.1318	0.1517
k141_2839	0.3879	0.0413	0.5708
k141_57811	0.8910	0.0844	0.0246
k141_113181	0.1615	0.2460	0.5925
k141_94489	0.7613	0.1210	0.1177
k141_38778	0.7193	0.1361	0.1446
k141_2845	0.8723	0.0817	0.0460
k141_131502	0.0892	0.0704	0.8404
k141_94491	0.6633	0.1510	0.1857
k141_131506	0.7463	0.1366	0.1171
k141_21115	0.6447	0.2353	0.1199
k141_113192	0.9719	0.0207	0.0075
k141_2854	0.0109	0.0165	0.9726
k141_94499	0.4437	0.4249	0.1314
k141_57831	0.7585	0.1592	0.0822
k141_131507	0.0081	0.0131	0.9787
k141_2857	0.2377	0.2269	0.5354
k141_38793	0.8808	0.0879	0.0313
k141_113195	0.9614	0.0276	0.0109
k141_2859	0.4038	0.1593	0.4370
k141_21129	0.6765	0.1868	0.1367
k141_76149	0.8297	0.1032	0.0672
k141_38797	0.0672	0.8713	0.0615
k141_2864	0.1974	0.1613	0.6413
k141_38798	0.7201	0.1403	0.1397
k141_2869	0.5780	0.1963	0.2257
k141_131519	0.9745	0.0191	0.0064
k141_76155	0.6977	0.2288	0.0735
k141_113207	0.8439	0.0991	0.0570
k141_21135	0.6792	0.2266	0.0942
k141_131520	0.8576	0.1198	0.0226
k141_57851	0.0415	0.0263	0.9323
k141_131522	0.7262	0.1379	0.1359
k141_94512	0.0066	0.0107	0.9827
k141_113214	0.8063	0.1002	0.0935
k141_57856	0.7588	0.1614	0.0798
k141_2879	0.2732	0.2650	0.4618
k141_38809	0.8750	0.0902	0.0348
k141_57858	0.5258	0.3261	0.1481
k141_94517	0.9359	0.0528	0.0113
k141_113215	0.9551	0.0312	0.0137
k141_57859	0.5498	0.2448	0.2054
k141_21149	0.7774	0.1965	0.0261
k141_131533	0.9255	0.0560	0.0185
k141_76176	0.2831	0.5400	0.1769
k141_21155	0.9453	0.0383	0.0165
k141_131535	0.1735	0.1410	0.6856
k141_57864	0.7065	0.1917	0.1018
k141_113224	0.9123	0.0678	0.0199
k141_76178	0.6661	0.1690	0.1649
k141_21164	0.9611	0.0279	0.0110
k141_94530	0.9635	0.0269	0.0096
k141_2897	0.8225	0.1502	0.0273
k141_76187	0.5057	0.3311	0.1632
k141_113234	0.6751	0.1761	0.1487
k141_94533	0.3451	0.2977	0.3572
k141_21168	0.7288	0.1442	0.1270
k141_2899	0.5035	0.3846	0.1119
k141_38828	0.5258	0.4311	0.0430
k141_76194	0.6688	0.2087	0.1225
k141_94539	0.0103	0.0147	0.9750
k141_113242	0.6199	0.2200	0.1602
k141_131546	0.8150	0.1145	0.0706
k141_113244	0.0363	0.0544	0.9093
k141_38832	0.1556	0.0432	0.8012
k141_21178	0.1967	0.4913	0.3120
k141_38833	0.7609	0.2080	0.0311
k141_2909	0.8323	0.0972	0.0705
k141_76203	0.2683	0.5126	0.2191
k141_38834	0.9444	0.0429	0.0127
k141_94548	0.6400	0.1898	0.1702
k141_2910	0.9577	0.0304	0.0119
k141_131554	0.6372	0.3364	0.0264
k141_57901	0.4546	0.1517	0.3938
k141_113254	0.8940	0.0767	0.0293
k141_21186	0.3831	0.3297	0.2872
k141_76209	0.7269	0.2287	0.0444
k141_113257	0.2768	0.3364	0.3868
k141_57906	0.0117	0.0201	0.9682
k141_38842	0.1223	0.0745	0.8032
k141_76215	0.9550	0.0345	0.0105
k141_94561	0.2621	0.5245	0.2134
k141_131562	0.9607	0.0269	0.0124
k141_113262	0.0248	0.0411	0.9341
k141_21197	0.9302	0.0519	0.0179
k141_76222	0.6607	0.1262	0.2131
k141_21202	0.6946	0.1943	0.1110
k141_94570	0.0380	0.1760	0.7860
k141_76223	0.2125	0.1846	0.6029
k141_38849	0.7538	0.1556	0.0906
k141_2933	0.9370	0.0476	0.0155
k141_94571	0.0196	0.0339	0.9465
k141_21208	0.3587	0.4988	0.1425
k141_94572	0.2354	0.1527	0.6119
k141_57921	0.1027	0.6874	0.2099
k141_2935	0.3002	0.5251	0.1747
k141_113275	0.8363	0.1273	0.0364
k141_57924	0.1541	0.4341	0.4118
k141_21215	0.0901	0.1830	0.7269
k141_113278	0.8340	0.1299	0.0361
k141_131584	0.9147	0.0597	0.0255
k141_94578	0.9315	0.0438	0.0247
k141_131585	0.6410	0.2235	0.1355
k141_76235	0.0124	0.0214	0.9663
k141_2944	0.2274	0.1243	0.6483
k141_38863	0.7013	0.1833	0.1154
k141_76239	0.0233	0.0556	0.9211
k141_21224	0.5280	0.2727	0.1993
k141_57935	0.3675	0.2575	0.3750
k141_113284	0.9748	0.0177	0.0075
k141_38869	0.9189	0.0604	0.0207
k141_2957	0.0208	0.9408	0.0384
k141_57939	0.9506	0.0351	0.0143
k141_113293	0.2035	0.4057	0.3908
k141_2960	0.5205	0.2298	0.2497
k141_76251	0.1485	0.3564	0.4952
k141_94601	0.7114	0.2024	0.0862
k141_76252	0.7062	0.1989	0.0949
k141_2965	0.6227	0.2152	0.1621
k141_113299	0.8711	0.0979	0.0310
k141_38874	0.2825	0.5820	0.1355
k141_94603	0.9114	0.0645	0.0241
k141_38875	0.3051	0.2490	0.4459
k141_21249	0.9081	0.0642	0.0277
k141_94605	0.9570	0.0287	0.0143
k141_76259	0.0237	0.5286	0.4478
k141_38877	0.0251	0.0553	0.9196
k141_131623	0.9528	0.0325	0.0147
k141_21253	0.5532	0.2601	0.1867
k141_21254	0.5078	0.2861	0.2061
k141_38880	0.0166	0.0270	0.9564
k141_2980	0.4207	0.5204	0.0589
k141_131629	0.7054	0.1137	0.1809
k141_94614	0.9457	0.0393	0.0150
k141_2985	0.2370	0.5170	0.2460
k141_2986	0.6727	0.2627	0.0646
k141_38884	0.8819	0.0835	0.0346
k141_94618	0.2534	0.4320	0.3146
k141_113323	0.7279	0.1699	0.1023
k141_131636	0.3608	0.4831	0.1560
k141_76275	0.8401	0.1356	0.0243
k141_57976	0.1210	0.1647	0.7143
k141_131638	0.2740	0.4548	0.2712
k141_21268	0.2581	0.5077	0.2343
k141_113330	0.5459	0.3737	0.0804
k141_131640	0.3762	0.3395	0.2843
k141_2993	0.1707	0.2104	0.6188
k141_76276	0.1392	0.1072	0.7535
k141_76279	0.4958	0.3463	0.1579
k141_94630	0.0705	0.6786	0.2509
k141_2996	0.4613	0.4300	0.1087
k141_131649	0.0573	0.0989	0.8437
k141_113337	0.6436	0.2189	0.1375
k141_131653	0.9442	0.0444	0.0113
k141_21281	0.1349	0.6712	0.1939
k141_94634	0.9578	0.0276	0.0146
k141_76286	0.2499	0.0379	0.7122
k141_113344	0.7233	0.1880	0.0887
k141_21283	0.1331	0.1326	0.7343
k141_38903	0.9475	0.0395	0.0129
k141_57994	0.6044	0.2058	0.1898
k141_21286	0.9206	0.0625	0.0168
k141_113348	0.3835	0.2463	0.3702
k141_113350	0.2185	0.3395	0.4420
k141_76290	0.8437	0.1271	0.0292
k141_38906	0.5451	0.3660	0.0889
k141_131656	0.0134	0.0198	0.9668
k141_94644	0.8583	0.1126	0.0291
k141_21287	0.9671	0.0241	0.0089
k141_38907	0.1804	0.6265	0.1931
k141_58004	0.5456	0.2979	0.1565
k141_131661	0.9510	0.0324	0.0166
k141_21292	0.9448	0.0414	0.0138
k141_58007	0.7329	0.1453	0.1219
k141_94648	0.7194	0.1465	0.1341
k141_3028	0.7287	0.1344	0.1369
k141_58008	0.8563	0.1017	0.0420
k141_21295	0.9424	0.0418	0.0158
k141_131668	0.4143	0.2036	0.3821
k141_3032	0.9724	0.0183	0.0094
k141_113366	0.2591	0.4051	0.3358
k141_94652	0.9603	0.0297	0.0100
k141_76299	0.9545	0.0292	0.0163
k141_21302	0.7297	0.2262	0.0441
k141_131675	0.9384	0.0450	0.0167
k141_94653	0.8301	0.1055	0.0643
k141_58021	0.3620	0.2491	0.3889
k141_113373	0.6907	0.2676	0.0417
k141_58023	0.2030	0.3925	0.4045
k141_76304	0.0528	0.7788	0.1683
k141_58025	0.7384	0.1857	0.0759
k141_131682	0.2927	0.4565	0.2508
k141_76306	0.0263	0.0301	0.9436
k141_3049	0.0519	0.1702	0.7779
k141_94661	0.8162	0.1461	0.0377
k141_131683	0.9429	0.0465	0.0105
k141_3050	0.8797	0.0893	0.0311
k141_113385	0.8101	0.1347	0.0552
k141_3052	0.6877	0.1700	0.1423
k141_58033	0.8869	0.0975	0.0157
k141_131690	0.9125	0.0692	0.0182
k141_94671	0.8040	0.1207	0.0753
k141_76309	0.9614	0.0283	0.0103
k141_3061	0.7925	0.1199	0.0877
k141_58038	0.9710	0.0218	0.0071
k141_3064	0.1258	0.5699	0.3043
k141_21337	0.1566	0.1140	0.7294
k141_38947	0.0879	0.1295	0.7826
k141_131704	0.5802	0.2140	0.2059
k141_58039	0.0323	0.1085	0.8591
k141_58040	0.7514	0.1165	0.1321
k141_131705	0.0922	0.4710	0.4368
k141_38950	0.5694	0.2893	0.1413
k141_76321	0.2060	0.2695	0.5244
k141_3069	0.0080	0.0176	0.9744
k141_58042	0.7776	0.1247	0.0977
k141_131706	0.5595	0.2551	0.1854
k141_94689	0.9468	0.0396	0.0136
k141_131716	0.5318	0.1505	0.3177
k141_113422	0.7757	0.1093	0.1150
k141_58049	0.3078	0.3423	0.3499
k141_76336	0.5955	0.2928	0.1117
k141_76337	0.9084	0.0629	0.0287
k141_21363	0.3867	0.4601	0.1531
k141_94702	0.1546	0.6960	0.1494
k141_3087	0.6842	0.2083	0.1075
k141_21365	0.4798	0.3712	0.1490
k141_58055	0.5656	0.2486	0.1858
k141_3089	0.2745	0.1920	0.5335
k141_94707	0.0271	0.0369	0.9361
k141_76344	0.6170	0.1510	0.2320
k141_94709	0.0839	0.2878	0.6284
k141_58060	0.7726	0.1664	0.0609
k141_21371	0.9285	0.0509	0.0206
k141_3093	0.2934	0.3762	0.3304
k141_113437	0.6522	0.2717	0.0761
k141_3094	0.4982	0.1670	0.3348
k141_94713	0.8151	0.0926	0.0923
k141_58063	0.5625	0.3908	0.0467
k141_38960	0.9176	0.0606	0.0217
k141_113439	0.5659	0.3325	0.1016
k141_131739	0.5381	0.2817	0.1802
k141_58067	0.9268	0.0567	0.0165
k141_58068	0.9716	0.0197	0.0087
k141_131746	0.8579	0.0983	0.0438
k141_113444	0.4894	0.3857	0.1249
k141_38965	0.0275	0.0353	0.9372
k141_3100	0.0112	0.0158	0.9731
k141_21383	0.6992	0.2096	0.0913
k141_58073	0.5982	0.3555	0.0463
k141_94714	0.9812	0.0135	0.0053
k141_76364	0.9537	0.0322	0.0141
k141_3102	0.2994	0.5122	0.1884
k141_38967	0.8799	0.0797	0.0404
k141_113449	0.9197	0.0626	0.0177
k141_3105	0.5917	0.2923	0.1160
k141_94718	0.8807	0.0813	0.0381
k141_131755	0.0420	0.0333	0.9246
k141_58081	0.7197	0.2079	0.0724
k141_21392	0.9859	0.0103	0.0038
k141_113450	0.9656	0.0244	0.0100
k141_131756	0.9730	0.0197	0.0073
k141_3109	0.0328	0.0340	0.9332
k141_58085	0.6723	0.1514	0.1763
k141_21395	0.0238	0.0287	0.9475
k141_131757	0.7139	0.1709	0.1152
k141_21398	0.1431	0.3458	0.5111
k141_58088	0.7699	0.1352	0.0949
k141_113458	0.3066	0.5032	0.1902
k141_94729	0.7553	0.1214	0.1233
k141_131763	0.1017	0.2021	0.6962
k141_58090	0.3610	0.2628	0.3762
k141_38973	0.9536	0.0325	0.0139
k141_113460	0.8057	0.0831	0.1112
k141_21403	0.8135	0.1415	0.0450
k141_113461	0.4656	0.3943	0.1401
k141_58094	0.8905	0.0810	0.0285
k141_38975	0.7529	0.1330	0.1141
k141_131772	0.4257	0.3230	0.2513
k141_38978	0.7681	0.1693	0.0627
k141_113468	0.5586	0.3285	0.1129
k141_131776	0.9596	0.0272	0.0133
k141_58103	0.8500	0.1092	0.0408
k141_38979	0.7754	0.1707	0.0539
k141_21416	0.9128	0.0628	0.0243
k141_3133	0.8362	0.0772	0.0865
k141_94752	0.7870	0.1197	0.0933
k141_3136	0.5526	0.1662	0.2812
k141_94753	0.7870	0.1190	0.0940
k141_58110	0.7617	0.1086	0.1297
k141_76405	0.7474	0.1400	0.1126
k141_131786	0.6629	0.2138	0.1233
k141_58111	0.8213	0.1519	0.0268
k141_76406	0.9136	0.0596	0.0268
k141_38980	0.9826	0.0126	0.0048
k141_3141	0.9531	0.0344	0.0125
k141_76408	0.3894	0.4497	0.1610
k141_21430	0.4153	0.2172	0.3675
k141_21432	0.9597	0.0270	0.0133
k141_94763	0.8541	0.1048	0.0411
k141_113487	0.9740	0.0200	0.0060
k141_58120	0.1543	0.1346	0.7111
k141_38985	0.9351	0.0487	0.0162
k141_131801	0.5485	0.2106	0.2409
k141_21435	0.7602	0.1540	0.0858
k141_3151	0.5480	0.2752	0.1768
k141_94764	0.9640	0.0263	0.0098
k141_113496	0.1214	0.1213	0.7573
k141_131807	0.7521	0.1196	0.1283
k141_3154	0.9337	0.0484	0.0179
k141_76428	0.9252	0.0558	0.0190
k141_131810	0.8106	0.1466	0.0428
k141_21446	0.8358	0.1189	0.0453
k141_94773	0.4541	0.3165	0.2294
k141_76431	0.7076	0.1590	0.1334
k141_113506	0.0183	0.0212	0.9605
k141_131814	0.8204	0.1528	0.0269
k141_21453	0.9647	0.0260	0.0093
k141_58134	0.9675	0.0244	0.0082
k141_131817	0.5867	0.2235	0.1899
k141_58135	0.7925	0.1639	0.0436
k141_76437	0.0087	0.0131	0.9782
k141_131820	0.6814	0.2620	0.0566
k141_21457	0.6606	0.1726	0.1669
k141_39009	0.2824	0.5203	0.1973
k141_94788	0.7531	0.1738	0.0732
k141_113518	0.4505	0.1918	0.3577
k141_21459	0.7694	0.1568	0.0738
k141_39012	0.5426	0.2492	0.2082
k141_76442	0.0187	0.0182	0.9631
k141_76443	0.9373	0.0498	0.0129
k141_131829	0.5995	0.1703	0.2302
k141_3186	0.9480	0.0382	0.0138
k141_21465	0.8387	0.1007	0.0606
k141_3188	0.8113	0.1618	0.0268
k141_21467	0.6661	0.2355	0.0985
k141_3189	0.7001	0.2197	0.0803
k141_113534	0.2817	0.5493	0.1690
k141_21469	0.8836	0.0908	0.0256
k141_131835	0.4904	0.4125	0.0971
k141_3190	0.7307	0.1641	0.1052
k141_94805	0.8740	0.0925	0.0335
k141_21471	0.2958	0.4352	0.2691
k141_76454	0.8970	0.0717	0.0313
k141_21472	0.6155	0.3503	0.0342
k141_131839	0.9315	0.0501	0.0184
k141_113540	0.8738	0.0943	0.0320
k141_76457	0.5994	0.2421	0.1585
k141_94815	0.8712	0.0943	0.0345
k141_76460	0.7621	0.1616	0.0763
k141_21477	0.8388	0.1048	0.0564
k141_131842	0.9576	0.0296	0.0128
k141_58173	0.9462	0.0392	0.0146
k141_94819	0.9743	0.0190	0.0068
k141_76464	0.0428	0.2018	0.7554
k141_113548	0.9110	0.0711	0.0179
k141_39035	0.8773	0.0758	0.0469
k141_76465	0.1417	0.1114	0.7468
k141_94822	0.4640	0.2428	0.2932
k141_113553	0.6392	0.2252	0.1356
k141_58177	0.9652	0.0253	0.0095
k141_39038	0.0512	0.7217	0.2271
k141_76469	0.5486	0.3239	0.1275
k141_21493	0.9168	0.0704	0.0128
k141_131858	0.0277	0.0216	0.9507
k141_76471	0.8893	0.0849	0.0259
k141_21497	0.5956	0.2538	0.1506
k141_76476	0.0305	0.0267	0.9428
k141_94841	0.0845	0.7786	0.1369
k141_113571	0.0754	0.0507	0.8740
k141_21504	0.4799	0.3052	0.2148
k141_39050	0.9178	0.0642	0.0179
k141_21505	0.2234	0.1580	0.6186
k141_58193	0.7246	0.2346	0.0409
k141_76483	0.5780	0.2328	0.1892
k141_39052	0.9763	0.0169	0.0068
k141_113577	0.6229	0.2028	0.1743
k141_94849	0.4827	0.3497	0.1675
k141_58201	0.5732	0.2137	0.2131
k141_94851	0.3517	0.4587	0.1896
k141_76489	0.6373	0.1914	0.1713
k141_131877	0.7980	0.1389	0.0630
k141_113584	0.7437	0.1500	0.1063
k141_76491	0.7371	0.2159	0.0470
k141_21519	0.9733	0.0202	0.0065
k141_39059	0.9580	0.0303	0.0117
k141_58210	0.3542	0.4908	0.1550
k141_131884	0.5467	0.3273	0.1260
k141_21522	0.9155	0.0586	0.0258
k141_39061	0.7377	0.2105	0.0517
k141_131886	0.9745	0.0182	0.0073
k141_113592	0.3009	0.4705	0.2286
k141_3192	0.9559	0.0307	0.0133
k141_58218	0.1765	0.5226	0.3009
k141_21525	0.0141	0.0217	0.9642
k141_94875	0.3824	0.4199	0.1977
k141_113598	0.4803	0.2218	0.2979
k141_3196	0.9607	0.0293	0.0100
k141_39066	0.8054	0.0957	0.0989
k141_58222	0.9382	0.0431	0.0187
k141_58223	0.4923	0.2648	0.2429
k141_94876	0.9048	0.0729	0.0223
k141_76506	0.8636	0.1161	0.0203
k141_3197	0.9734	0.0213	0.0052
k141_3198	0.2653	0.3478	0.3870
k141_113605	0.4696	0.3663	0.1641
k141_131903	0.6316	0.2303	0.1381
k141_21529	0.9696	0.0211	0.0093
k141_76510	0.2686	0.5445	0.1869
k141_21530	0.7939	0.1763	0.0299
k141_3203	0.7431	0.1251	0.1318
k141_76513	0.4875	0.2165	0.2960
k141_39077	0.3539	0.4018	0.2443
k141_58232	0.8379	0.0965	0.0656
k141_21536	0.8797	0.0853	0.0351
k141_3209	0.2514	0.6217	0.1269
k141_39078	0.5157	0.3283	0.1559
k141_94888	0.1341	0.6598	0.2061
k141_131914	0.9480	0.0379	0.0141
k141_113616	0.5112	0.4602	0.0286
k141_58237	0.6872	0.1569	0.1559
k141_21541	0.5485	0.2579	0.1935
k141_21543	0.1781	0.4553	0.3666
k141_76524	0.9244	0.0573	0.0183
k141_21548	0.2266	0.1964	0.5770
k141_76526	0.0180	0.0251	0.9569
k141_58246	0.8793	0.1029	0.0177
k141_131925	0.7902	0.1078	0.1021
k141_58248	0.8177	0.0924	0.0899
k141_94907	0.9179	0.0642	0.0179
k141_113636	0.5194	0.2848	0.1958
k141_76532	0.9370	0.0480	0.0150
k141_131931	0.0602	0.0777	0.8621
k141_3233	0.0382	0.0246	0.9372
k141_113638	0.4652	0.2157	0.3192
k141_58254	0.4329	0.3923	0.1749
k141_76534	0.7156	0.2078	0.0766
k141_3235	0.7705	0.1193	0.1102
k141_39100	0.9001	0.0725	0.0274
k141_21566	0.9504	0.0372	0.0124
k141_58261	0.9078	0.0805	0.0117
k141_39102	0.0150	0.0268	0.9581
k141_94923	0.0115	0.0236	0.9649
k141_113639	0.8089	0.1151	0.0760
k141_76545	0.9482	0.0373	0.0145
k141_3250	0.4037	0.3306	0.2657
k141_58266	0.9309	0.0384	0.0307
k141_131951	0.1330	0.1501	0.7169
k141_76552	0.9308	0.0513	0.0179
k141_21579	0.1747	0.1529	0.6725
k141_94931	0.0540	0.8548	0.0912
k141_58269	0.5149	0.3030	0.1821
k141_131956	0.9218	0.0580	0.0202
k141_21583	0.6163	0.1739	0.2098
k141_39111	0.8507	0.0957	0.0536
k141_58273	0.5785	0.2494	0.1721
k141_94936	0.6535	0.1992	0.1473
k141_76559	0.8458	0.1124	0.0417
k141_39112	0.6416	0.1662	0.1922
k141_131962	0.5481	0.1990	0.2530
k141_21586	0.7209	0.1692	0.1100
k141_94940	0.2150	0.1820	0.6030
k141_39113	0.2694	0.5202	0.2104
k141_58280	0.0372	0.0373	0.9255
k141_131966	0.5376	0.2852	0.1772
k141_76568	0.8749	0.0961	0.0290
k141_3277	0.9196	0.0674	0.0130
k141_58282	0.4939	0.3648	0.1413
k141_39115	0.8888	0.0783	0.0329
k141_131971	0.8897	0.0699	0.0403
k141_76575	0.3877	0.3734	0.2389
k141_3279	0.3792	0.3666	0.2542
k141_94951	0.3953	0.4188	0.1859
k141_76576	0.9393	0.0350	0.0257
k141_113671	0.2731	0.2004	0.5265
k141_94954	0.1262	0.2229	0.6509
k141_113679	0.0320	0.0232	0.9449
k141_76583	0.7774	0.1392	0.0834
k141_39129	0.4790	0.3207	0.2003
k141_58301	0.8475	0.0882	0.0642
k141_21612	0.9641	0.0304	0.0056
k141_94963	0.5997	0.2425	0.1577
k141_3294	0.1192	0.6837	0.1972
k141_113685	0.3000	0.4411	0.2589
k141_131990	0.6148	0.1580	0.2272
k141_76589	0.1310	0.0674	0.8016
k141_3295	0.1156	0.0720	0.8124
k141_58303	0.0105	0.0180	0.9715
k141_3296	0.4015	0.3136	0.2849
k141_94968	0.5926	0.2143	0.1931
k141_113688	0.5762	0.2286	0.1952
k141_76591	0.4234	0.4595	0.1171
k141_58305	0.3138	0.5165	0.1696
k141_94971	0.9257	0.0579	0.0163
k141_113690	0.0197	0.0655	0.9148
k141_76595	0.1800	0.6730	0.1470
k141_131996	0.9354	0.0448	0.0198
k141_39146	0.0711	0.7050	0.2239
k141_94975	0.9530	0.0306	0.0164
k141_21631	0.7978	0.1643	0.0379
k141_132004	0.9441	0.0441	0.0118
k141_58313	0.0433	0.8615	0.0952
k141_94977	0.4148	0.4084	0.1768
k141_94979	0.2011	0.1700	0.6289
k141_132009	0.1210	0.2030	0.6760
k141_132011	0.9111	0.0661	0.0228
k141_113710	0.3220	0.4133	0.2647
k141_58320	0.5009	0.4198	0.0794
k141_3322	0.7219	0.2239	0.0541
k141_21646	0.6779	0.2277	0.0944
k141_21647	0.8668	0.1079	0.0253
k141_76618	0.3868	0.3264	0.2868
k141_3325	0.1233	0.2657	0.6110
k141_58325	0.9300	0.0498	0.0203
k141_132020	0.9526	0.0340	0.0133
k141_76619	0.6045	0.2669	0.1286
k141_3331	0.4785	0.3531	0.1684
k141_39169	0.3618	0.3912	0.2470
k141_58335	0.0240	0.0237	0.9522
k141_76625	0.6062	0.2287	0.1652
k141_132031	0.9456	0.0391	0.0153
k141_94990	0.9381	0.0456	0.0163
k141_76626	0.7928	0.1333	0.0739
k141_3337	0.6274	0.2070	0.1657
k141_113734	0.8335	0.1272	0.0393
k141_3338	0.5346	0.1435	0.3219
k141_132033	0.3852	0.4800	0.1348
k141_76629	0.8909	0.0766	0.0325
k141_94993	0.6028	0.2379	0.1592
k141_113735	0.1715	0.5302	0.2983
k141_113738	0.9224	0.0576	0.0201
k141_58345	0.3378	0.5604	0.1018
k141_132037	0.9751	0.0190	0.0059
k141_94995	0.0262	0.0394	0.9344
k141_113739	0.7729	0.1303	0.0968
k141_58347	0.9469	0.0383	0.0149
k141_39182	0.6323	0.2012	0.1665
k141_21673	0.9591	0.0285	0.0124
k141_3346	0.9724	0.0192	0.0084
k141_113744	0.0991	0.6835	0.2174
k141_132047	0.0127	0.0282	0.9591
k141_21681	0.2312	0.4900	0.2789
k141_58359	0.2880	0.6490	0.0630
k141_39189	0.9432	0.0338	0.0230
k141_21686	0.7300	0.1711	0.0989
k141_132052	0.1632	0.7218	0.1150
k141_3360	0.3159	0.3990	0.2852
k141_95017	0.9110	0.0605	0.0285
k141_132057	0.8745	0.0985	0.0270
k141_58368	0.9072	0.0602	0.0326
k141_58371	0.9783	0.0163	0.0054
k141_132060	0.6317	0.2980	0.0703
k141_39195	0.0285	0.1419	0.8296
k141_21698	0.6960	0.2506	0.0534
k141_21700	0.7879	0.1188	0.0933
k141_39196	0.6265	0.1648	0.2087
k141_58377	0.1679	0.4760	0.3561
k141_21701	0.5314	0.3310	0.1376
k141_58378	0.9721	0.0205	0.0074
k141_95038	0.5605	0.2931	0.1464
k141_58382	0.8186	0.1472	0.0341
k141_3376	0.9702	0.0204	0.0094
k141_76636	0.9623	0.0261	0.0117
k141_3379	0.9391	0.0442	0.0167
k141_132079	0.9155	0.0650	0.0195
k141_21709	0.5398	0.2393	0.2209
k141_113753	0.9654	0.0239	0.0107
k141_132081	0.3986	0.4271	0.1744
k141_113756	0.0405	0.0322	0.9273
k141_21714	0.6196	0.2601	0.1203
k141_3384	0.2024	0.1801	0.6174
k141_58396	0.6291	0.2409	0.1300
k141_21717	0.3288	0.4752	0.1960
k141_76646	0.8072	0.0964	0.0964
k141_3387	0.8684	0.1018	0.0298
k141_132090	0.3801	0.5577	0.0622
k141_113766	0.8808	0.0908	0.0284
k141_76647	0.5362	0.2779	0.1859
k141_39221	0.5724	0.2815	0.1460
k141_113767	0.2109	0.5611	0.2280
k141_76650	0.9529	0.0363	0.0108
k141_132099	0.6381	0.1652	0.1967
k141_95068	0.9400	0.0412	0.0188
k141_3395	0.0131	0.0505	0.9364
k141_3397	0.4645	0.3377	0.1978
k141_113774	0.9013	0.0753	0.0233
k141_39230	0.8488	0.0852	0.0660
k141_3400	0.9612	0.0267	0.0121
k141_76658	0.3248	0.4340	0.2412
k141_21735	0.8915	0.0709	0.0377
k141_113779	0.7529	0.1586	0.0885
k141_58423	0.9615	0.0285	0.0100
k141_76659	0.2020	0.2070	0.5910
k141_3404	0.8914	0.0874	0.0213
k141_3406	0.9738	0.0203	0.0059
k141_39236	0.4671	0.2315	0.3014
k141_95080	0.9496	0.0367	0.0136
k141_76666	0.9760	0.0170	0.0070
k141_21743	0.8613	0.0874	0.0513
k141_113785	0.2645	0.0963	0.6392
k141_39238	0.9634	0.0271	0.0094
k141_76668	0.9424	0.0379	0.0197
k141_95082	0.8609	0.1038	0.0353
k141_132123	0.9433	0.0419	0.0148
k141_3418	0.9522	0.0336	0.0142
k141_95084	0.8367	0.1350	0.0284
k141_113799	0.9244	0.0545	0.0211
k141_58446	0.9581	0.0303	0.0116
k141_76674	0.9587	0.0300	0.0112
k141_132129	0.2242	0.5217	0.2541
k141_95086	0.7003	0.1819	0.1179
k141_3426	0.7091	0.2691	0.0219
k141_76678	0.7142	0.1490	0.1368
k141_3427	0.4818	0.3338	0.1844
k141_21761	0.6830	0.2779	0.0390
k141_95090	0.2432	0.1520	0.6048
k141_132135	0.6406	0.2472	0.1122
k141_76679	0.4932	0.3298	0.1770
k141_21767	0.7327	0.1383	0.1290
k141_113813	0.8438	0.1212	0.0350
k141_58460	0.0427	0.0590	0.8982
k141_113814	0.3515	0.4648	0.1837
k141_132141	0.4924	0.2537	0.2539
k141_21770	0.6435	0.2181	0.1384
k141_113819	0.6328	0.1695	0.1977
k141_3441	0.5270	0.1758	0.2972
k141_95108	0.6112	0.1783	0.2106
k141_132147	0.7579	0.1260	0.1161
k141_3443	0.7591	0.1284	0.1125
k141_58469	0.3757	0.5406	0.0836
k141_21778	0.0855	0.0873	0.8272
k141_39266	0.1592	0.6415	0.1994
k141_21781	0.3680	0.4321	0.1999
k141_76702	0.4644	0.2401	0.2955
k141_3447	0.1195	0.1489	0.7315
k141_113835	0.6985	0.2084	0.0931
k141_95117	0.0227	0.0410	0.9363
k141_21782	0.9389	0.0490	0.0122
k141_3450	0.0865	0.1114	0.8021
k141_76712	0.5466	0.4038	0.0496
k141_21785	0.0181	0.0245	0.9574
k141_58485	0.7318	0.1394	0.1289
k141_3456	0.4850	0.2593	0.2556
k141_95121	0.0114	0.9776	0.0110
k141_132166	0.0211	0.0384	0.9405
k141_95126	0.3610	0.3776	0.2613
k141_76720	0.9373	0.0482	0.0144
k141_39288	0.9195	0.0613	0.0191
k141_58501	0.5140	0.2949	0.1911
k141_3467	0.8118	0.0881	0.1001
k141_113862	0.9266	0.0553	0.0181
k141_58502	0.2691	0.5699	0.1610
k141_113865	0.6639	0.1612	0.1748
k141_58504	0.9205	0.0538	0.0257
k141_39292	0.2905	0.4907	0.2189
k141_76731	0.0364	0.1264	0.8371
k141_113867	0.8976	0.0777	0.0247
k141_58505	0.5849	0.2965	0.1186
k141_58507	0.5679	0.2090	0.2231
k141_3480	0.1201	0.0967	0.7833
k141_21815	0.1894	0.5404	0.2702
k141_76735	0.8799	0.0882	0.0319
k141_39296	0.0098	0.0194	0.9708
k141_21819	0.9313	0.0404	0.0283
k141_76738	0.2244	0.2292	0.5464
k141_95156	0.7963	0.1254	0.0784
k141_76740	0.5981	0.3219	0.0800
k141_113881	0.7073	0.1599	0.1328
k141_3482	0.9555	0.0327	0.0118
k141_21822	0.3398	0.4906	0.1696
k141_132204	0.4427	0.2371	0.3203
k141_95160	0.7267	0.1876	0.0857
k141_58515	0.9423	0.0424	0.0154
k141_95162	0.4888	0.2970	0.2141
k141_76749	0.5154	0.3170	0.1676
k141_132209	0.8346	0.1281	0.0373
k141_58520	0.9763	0.0168	0.0069
k141_76753	0.2066	0.4825	0.3109
k141_95169	0.3230	0.2652	0.4118
k141_3496	0.2212	0.1325	0.6462
k141_21837	0.3203	0.0476	0.6322
k141_58522	0.4980	0.2984	0.2035
k141_132213	0.2034	0.2410	0.5557
k141_3497	0.4581	0.3571	0.1847
k141_39317	0.3432	0.5189	0.1379
k141_3506	0.3152	0.3496	0.3352
k141_76765	0.0034	0.9904	0.0062
k141_58537	0.1549	0.2041	0.6409
k141_3509	0.7206	0.1556	0.1237
k141_132229	0.0240	0.0282	0.9478
k141_95189	0.7862	0.1051	0.1087
k141_76773	0.9498	0.0365	0.0137
k141_113916	0.6778	0.2177	0.1045
k141_76774	0.8682	0.1062	0.0256
k141_39333	0.8852	0.0819	0.0329
k141_58543	0.9615	0.0264	0.0121
k141_113922	0.1484	0.2197	0.6319
k141_21863	0.8842	0.0881	0.0277
k141_39335	0.0706	0.1075	0.8220
k141_95203	0.2812	0.3901	0.3287
k141_132239	0.6938	0.2098	0.0964
k141_21869	0.8969	0.0769	0.0261
k141_39340	0.8162	0.1422	0.0416
k141_76789	0.7926	0.1492	0.0583
k141_95212	0.2425	0.2228	0.5347
k141_39342	0.6349	0.2137	0.1514
k141_58550	0.9768	0.0167	0.0064
k141_21879	0.5970	0.2473	0.1556
k141_76799	0.4725	0.2334	0.2942
k141_132250	0.6999	0.1946	0.1055
k141_21884	0.7004	0.1609	0.1387
k141_39346	0.9276	0.0523	0.0201
k141_113947	0.0322	0.3403	0.6275
k141_58555	0.9606	0.0307	0.0088
k141_132255	0.1579	0.1139	0.7282
k141_58558	0.2669	0.5007	0.2323
k141_95227	0.1246	0.7656	0.1098
k141_21893	0.8595	0.0729	0.0676
k141_113952	0.9650	0.0244	0.0106
k141_21894	0.0031	0.9870	0.0098
k141_95228	0.9257	0.0579	0.0164
k141_21897	0.8574	0.1110	0.0315
k141_113957	0.9535	0.0313	0.0152
k141_39360	0.3516	0.3853	0.2631
k141_132274	0.9633	0.0263	0.0104
k141_21901	0.3934	0.3545	0.2521
k141_113960	0.6360	0.2817	0.0823
k141_95239	0.9434	0.0426	0.0140
k141_58578	0.9027	0.0720	0.0254
k141_76824	0.0369	0.0416	0.9215
k141_39367	0.3717	0.2734	0.3548
k141_21911	0.9309	0.0519	0.0172
k141_132278	0.8368	0.1117	0.0515
k141_113970	0.9448	0.0404	0.0148
k141_95249	0.8192	0.1056	0.0752
k141_21916	0.0495	0.0385	0.9121
k141_58585	0.9532	0.0341	0.0126
k141_113971	0.7850	0.1439	0.0710
k141_58586	0.6765	0.1497	0.1737
k141_3530	0.9429	0.0377	0.0194
k141_76838	0.9285	0.0552	0.0163
k141_76844	0.1868	0.1335	0.6797
k141_95260	0.9279	0.0513	0.0207
k141_132292	0.9469	0.0373	0.0158
k141_113988	0.6007	0.2763	0.1231
k141_58599	0.1967	0.4392	0.3641
k141_95263	0.0408	0.0293	0.9299
k141_132293	0.3204	0.1554	0.5241
k141_21931	0.0260	0.0248	0.9492
k141_39381	0.0702	0.8367	0.0932
k141_3534	0.0808	0.5885	0.3307
k141_58601	0.3029	0.0714	0.6257
k141_3536	0.1724	0.6810	0.1466
k141_132297	0.1910	0.3358	0.4732
k141_3539	0.6639	0.1758	0.1604
k141_39386	0.0387	0.0776	0.8837
k141_114000	0.1446	0.1548	0.7006
k141_132302	0.0482	0.0745	0.8773
k141_132303	0.8694	0.0642	0.0664
k141_3545	0.7686	0.1208	0.1105
k141_39390	0.3752	0.3897	0.2351
k141_114004	0.4575	0.2233	0.3192
k141_95275	0.8867	0.0878	0.0255
k141_58614	0.3468	0.5016	0.1516
k141_21934	0.8084	0.1557	0.0359
k141_3546	0.9035	0.0744	0.0221
k141_95277	0.9363	0.0533	0.0104
k141_114009	0.8157	0.1182	0.0661
k141_58617	0.8760	0.0988	0.0251
k141_95278	0.9153	0.0643	0.0204
k141_76850	0.9676	0.0226	0.0097
k141_3556	0.8958	0.0793	0.0249
k141_39398	0.6946	0.2199	0.0856
k141_132316	0.2819	0.4461	0.2720
k141_21944	0.2609	0.5800	0.1591
k141_95286	0.8145	0.0917	0.0937
k141_3558	0.8969	0.0824	0.0208
k141_114020	0.3340	0.3697	0.2963
k141_76859	0.6698	0.1359	0.1943
k141_39401	0.7761	0.1282	0.0957
k141_95288	0.3450	0.1254	0.5296
k141_58627	0.0254	0.0183	0.9563
k141_3562	0.2459	0.3941	0.3600
k141_114027	0.6011	0.1715	0.2274
k141_95289	0.3038	0.5644	0.1318
k141_76863	0.1925	0.5639	0.2436
k141_3566	0.5205	0.2882	0.1913
k141_132330	0.8974	0.0695	0.0331
k141_58632	0.7983	0.1573	0.0444
k141_21965	0.9224	0.0498	0.0278
k141_95298	0.2968	0.4923	0.2109
k141_76873	0.0380	0.0779	0.8841
k141_58640	0.3321	0.3149	0.3530
k141_114039	0.3446	0.4737	0.1818
k141_132339	0.1664	0.6978	0.1358
k141_76876	0.9641	0.0274	0.0085
k141_3567	0.9333	0.0516	0.0151
k141_58645	0.7294	0.1359	0.1347
k141_76878	0.6936	0.1629	0.1435
k141_132345	0.2353	0.1873	0.5774
k141_21977	0.9221	0.0547	0.0232
k141_39419	0.7103	0.2286	0.0610
k141_21979	0.7281	0.1991	0.0728
k141_58649	0.8233	0.1101	0.0666
k141_95314	0.7121	0.1443	0.1435
k141_132353	0.8191	0.1420	0.0389
k141_21986	0.2567	0.3971	0.3462
k141_95318	0.6122	0.2520	0.1358
k141_132354	0.0426	0.1179	0.8395
k141_3581	0.3040	0.5689	0.1271
k141_58657	0.8254	0.1409	0.0337
k141_21988	0.3569	0.2456	0.3975
k141_39426	0.5162	0.3156	0.1682
k141_132359	0.4389	0.2868	0.2743
k141_21991	0.3830	0.1172	0.4998
k141_114063	0.6231	0.2876	0.0894
k141_95327	0.9549	0.0318	0.0133
k141_21994	0.2368	0.0982	0.6650
k141_3594	0.6562	0.2112	0.1325
k141_21996	0.9311	0.0489	0.0200
k141_58673	0.3698	0.3017	0.3285
k141_114071	0.7702	0.1931	0.0367
k141_95336	0.6747	0.1554	0.1699
k141_132370	0.8063	0.1472	0.0465
k141_58676	0.7463	0.1770	0.0767
k141_39436	0.5052	0.1988	0.2960
k141_76909	0.7106	0.1572	0.1322
k141_114076	0.9074	0.0485	0.0441
k141_22009	0.1772	0.0829	0.7399
k141_95343	0.3606	0.5617	0.0777
k141_39444	0.4611	0.3437	0.1952
k141_3613	0.9471	0.0380	0.0150
k141_114087	0.9450	0.0396	0.0154
k141_22016	0.5872	0.2130	0.1999
k141_58694	0.5072	0.3549	0.1379
k141_39449	0.7777	0.1412	0.0811
k141_76931	0.3351	0.2167	0.4482
k141_58698	0.7606	0.1382	0.1012
k141_76933	0.0428	0.2586	0.6986
k141_95356	0.8009	0.1245	0.0746
k141_58699	0.7377	0.1084	0.1540
k141_114099	0.9111	0.0699	0.0190
k141_76936	0.7226	0.2409	0.0365
k141_22029	0.4846	0.2426	0.2728
k141_22031	0.9769	0.0165	0.0066
k141_95367	0.8750	0.0738	0.0512
k141_22032	0.8653	0.1007	0.0340
k141_114108	0.9189	0.0599	0.0212
k141_95372	0.1326	0.2887	0.5787
k141_58717	0.0531	0.1015	0.8453
k141_3647	0.9257	0.0559	0.0184
k141_76952	0.8055	0.1301	0.0644
k141_58721	0.5458	0.3101	0.1441
k141_22044	0.8642	0.0892	0.0466
k141_39473	0.6660	0.1421	0.1919
k141_114122	0.3702	0.2063	0.4235
k141_3656	0.2632	0.2178	0.5190
k141_95386	0.6989	0.1847	0.1164
k141_58731	0.8270	0.0951	0.0779
k141_114127	0.5886	0.3123	0.0991
k141_58733	0.6772	0.2771	0.0457
k141_132373	0.9212	0.0534	0.0254
k141_76953	0.9532	0.0337	0.0132
k141_22056	0.8593	0.1081	0.0326
k141_114129	0.3263	0.3619	0.3118
k141_22057	0.4775	0.2084	0.3141
k141_76956	0.6717	0.2619	0.0665
k141_95396	0.9832	0.0119	0.0049
k141_22058	0.4895	0.3012	0.2093
k141_114137	0.7252	0.1662	0.1085
k141_132381	0.7869	0.1821	0.0310
k141_39484	0.9437	0.0402	0.0161
k141_22063	0.1509	0.3148	0.5343
k141_114140	0.2994	0.4171	0.2835
k141_95402	0.1486	0.7349	0.1165
k141_58745	0.9271	0.0558	0.0171
k141_132385	0.4506	0.4329	0.1165
k141_114141	0.8111	0.1330	0.0560
k141_95406	0.0189	0.0873	0.8938
k141_58750	0.2165	0.5943	0.1892
k141_22072	0.1830	0.5209	0.2961
k141_95409	0.1914	0.2798	0.5288
k141_114151	0.4987	0.3044	0.1969
k141_22075	0.6905	0.1896	0.1199
k141_39497	0.5802	0.3250	0.0948
k141_114156	0.9687	0.0211	0.0102
k141_76983	0.8969	0.0666	0.0365
k141_95420	0.0922	0.5493	0.3585
k141_76987	0.9089	0.0700	0.0211
k141_3704	0.2861	0.0427	0.6712
k141_114161	0.9597	0.0321	0.0082
k141_22083	0.7101	0.1450	0.1449
k141_76988	0.9070	0.0596	0.0334
k141_39502	0.0956	0.7939	0.1105
k141_58769	0.5039	0.2206	0.2755
k141_76990	0.9192	0.0594	0.0214
k141_114167	0.1264	0.6766	0.1970
k141_22090	0.1581	0.1188	0.7231
k141_95430	0.4488	0.3842	0.1671
k141_39506	0.9760	0.0188	0.0052
k141_22091	0.6929	0.1568	0.1503
k141_3714	0.2238	0.7636	0.0126
k141_132417	0.3601	0.5288	0.1111
k141_58778	0.1964	0.5859	0.2177
k141_114174	0.9329	0.0516	0.0154
k141_95435	0.2559	0.5818	0.1623
k141_22095	0.0555	0.2315	0.7131
k141_58779	0.0273	0.0998	0.8729
k141_77002	0.8988	0.0733	0.0279
k141_114179	0.9278	0.0517	0.0204
k141_22097	0.7473	0.1309	0.1218
k141_132427	0.9428	0.0482	0.0090
k141_3721	0.8946	0.0880	0.0174
k141_77010	0.2761	0.0424	0.6816
k141_95436	0.6738	0.1414	0.1849
k141_77011	0.2761	0.2977	0.4262
k141_132431	0.8138	0.1196	0.0666
k141_22104	0.7122	0.2104	0.0774
k141_77012	0.8109	0.1226	0.0665
k141_114192	0.8766	0.0739	0.0495
k141_3727	0.3172	0.0804	0.6024
k141_3728	0.3886	0.3712	0.2403
k141_132435	0.1215	0.7311	0.1474
k141_58795	0.6893	0.2248	0.0859
k141_3731	0.6236	0.2193	0.1571
k141_132438	0.0999	0.5409	0.3591
k141_77023	0.6351	0.2462	0.1187
k141_77025	0.9146	0.0628	0.0226
k141_132441	0.3507	0.4401	0.2092
k141_95455	0.7260	0.1570	0.1170
k141_77027	0.0820	0.2539	0.6641
k141_3739	0.1631	0.2428	0.5941
k141_114210	0.1317	0.1050	0.7632
k141_39536	0.7161	0.2321	0.0519
k141_22121	0.7335	0.1410	0.1255
k141_22122	0.5421	0.2433	0.2146
k141_77031	0.4438	0.3564	0.1998
k141_95460	0.0600	0.0886	0.8514
k141_132448	0.8637	0.1046	0.0316
k141_77032	0.9684	0.0254	0.0062
k141_58813	0.3525	0.4959	0.1515
k141_3744	0.6327	0.2587	0.1086
k141_3748	0.1478	0.3379	0.5143
k141_114218	0.9700	0.0224	0.0076
k141_3750	0.2329	0.3521	0.4150
k141_132457	0.7956	0.1420	0.0625
k141_95472	0.2434	0.1849	0.5718
k141_39548	0.5672	0.2949	0.1379
k141_114222	0.0308	0.0297	0.9395
k141_3753	0.7461	0.2052	0.0487
k141_22139	0.3881	0.2930	0.3189
k141_114224	0.8249	0.1190	0.0561
k141_22140	0.4887	0.2738	0.2375
k141_58826	0.9718	0.0204	0.0078
k141_22141	0.0254	0.0306	0.9440
k141_3760	0.6057	0.1253	0.2689
k141_132465	0.1933	0.6198	0.1869
k141_58828	0.8553	0.1209	0.0238
k141_3761	0.4233	0.4053	0.1714
k141_22143	0.4094	0.4385	0.1520
k141_114235	0.3153	0.1698	0.5149
k141_132470	0.6789	0.1578	0.1634
k141_77062	0.4580	0.2437	0.2983
k141_95491	0.5016	0.2544	0.2440
k141_22151	0.8835	0.0984	0.0181
k141_77066	0.4768	0.3340	0.1892
k141_132476	0.9283	0.0598	0.0119
k141_114242	0.8654	0.1003	0.0342
k141_95498	0.5328	0.2911	0.1761
k141_3774	0.6487	0.1731	0.1782
k141_114244	0.7652	0.1843	0.0505
k141_77068	0.8815	0.0962	0.0223
k141_22159	0.8755	0.0817	0.0428
k141_58844	0.9375	0.0477	0.0148
k141_3775	0.5118	0.1544	0.3339
k141_114247	0.9265	0.0613	0.0122
k141_114249	0.1541	0.7160	0.1299
k141_3778	0.3717	0.2867	0.3416
k141_77075	0.8381	0.0956	0.0663
k141_132491	0.9055	0.0705	0.0240
k141_95512	0.5790	0.2527	0.1683
k141_58852	0.8735	0.0973	0.0292
k141_58853	0.6485	0.1576	0.1939
k141_95515	0.7784	0.1662	0.0553
k141_132496	0.9449	0.0414	0.0137
k141_22161	0.0923	0.1091	0.7987
k141_114262	0.9105	0.0603	0.0292
k141_77079	0.9704	0.0209	0.0087
k141_132497	0.9682	0.0208	0.0110
k141_22162	0.6364	0.2129	0.1507
k141_39578	0.8793	0.0882	0.0325
k141_58859	0.9062	0.0673	0.0266
k141_114264	0.9000	0.0811	0.0189
k141_3796	0.4711	0.2742	0.2547
k141_95525	0.9423	0.0407	0.0169
k141_22165	0.9449	0.0429	0.0122
k141_77083	0.9368	0.0474	0.0158
k141_22167	0.9381	0.0436	0.0182
k141_114265	0.8613	0.1077	0.0310
k141_95530	0.0225	0.0283	0.9492
k141_77087	0.5571	0.2178	0.2251
k141_39580	0.5817	0.1914	0.2268
k141_58866	0.7144	0.1861	0.0995
k141_58868	0.7470	0.2135	0.0394
k141_3807	0.6571	0.1863	0.1566
k141_22175	0.0374	0.0464	0.9162
k141_95534	0.9419	0.0441	0.0140
k141_114274	0.6937	0.2232	0.0830
k141_77096	0.6492	0.2461	0.1047
k141_22178	0.2375	0.5606	0.2019
k141_95535	0.9483	0.0381	0.0136
k141_58875	0.0118	0.0243	0.9640
k141_132520	0.1598	0.4278	0.4124
k141_114285	0.4058	0.3217	0.2725
k141_132524	0.0453	0.0526	0.9021
k141_39595	0.9405	0.0448	0.0148
k141_22190	0.8043	0.1149	0.0808
k141_132528	0.8636	0.0974	0.0390
k141_77112	0.4747	0.2033	0.3220
k141_58888	0.9468	0.0360	0.0171
k141_3830	0.6431	0.1733	0.1835
k141_114295	0.4170	0.3330	0.2500
k141_22193	0.6114	0.1797	0.2088
k141_77115	0.2526	0.1263	0.6211
k141_77117	0.6550	0.2082	0.1368
k141_39604	0.9447	0.0423	0.0130
k141_3836	0.0599	0.2674	0.6727
k141_95557	0.9796	0.0148	0.0055
k141_114304	0.9683	0.0230	0.0087
k141_77122	0.6822	0.1705	0.1473
k141_132540	0.3320	0.2454	0.4225
k141_22204	0.3074	0.4091	0.2835
k141_3840	0.5765	0.3483	0.0752
k141_22205	0.1024	0.0796	0.8180
k141_58903	0.4325	0.3526	0.2149
k141_132542	0.9512	0.0344	0.0144
k141_22206	0.6927	0.1480	0.1593
k141_39611	0.0321	0.0314	0.9365
k141_114312	0.9706	0.0210	0.0084
k141_132546	0.6780	0.1539	0.1681
k141_22213	0.7153	0.1321	0.1526
k141_3847	0.9383	0.0415	0.0201
k141_39614	0.2077	0.2559	0.5364
k141_95566	0.0978	0.1215	0.7806
k141_22216	0.4057	0.4063	0.1880
k141_114321	0.9491	0.0371	0.0138
k141_22220	0.6192	0.2397	0.1411
k141_95569	0.0400	0.0548	0.9052
k141_22221	0.9559	0.0334	0.0107
k141_132562	0.6456	0.1707	0.1836
k141_77142	0.7528	0.1383	0.1090
k141_3861	0.9483	0.0328	0.0188
k141_114325	0.4711	0.3490	0.1799
k141_95572	0.7864	0.1449	0.0687
k141_22224	0.7157	0.1832	0.1010
k141_77144	0.4674	0.2265	0.3061
k141_132566	0.6600	0.1749	0.1650
k141_95575	0.6482	0.1698	0.1820
k141_77146	0.4869	0.2690	0.2441
k141_77147	0.7596	0.1869	0.0535
k141_114331	0.9261	0.0546	0.0194
k141_22232	0.7495	0.1437	0.1067
k141_114333	0.9747	0.0183	0.0069
k141_22234	0.6495	0.1806	0.1699
k141_132576	0.2658	0.4093	0.3250
k141_77153	0.7039	0.1603	0.1358
k141_58948	0.7443	0.2047	0.0510
k141_95587	0.3628	0.6046	0.0326
k141_58950	0.5709	0.2327	0.1964
k141_114347	0.8242	0.1349	0.0409
k141_77162	0.9085	0.0733	0.0182
k141_3886	0.6812	0.2270	0.0919
k141_22237	0.0118	0.0206	0.9676
k141_114348	0.7570	0.1941	0.0489
k141_39640	0.5894	0.1987	0.2119
k141_95589	0.5003	0.1915	0.3082
k141_22238	0.9757	0.0172	0.0071
k141_77166	0.8982	0.0657	0.0361
k141_22240	0.1755	0.2430	0.5815
k141_3894	0.5771	0.1954	0.2275
k141_58961	0.6712	0.2116	0.1172
k141_114353	0.8999	0.0782	0.0219
k141_132601	0.6600	0.2578	0.0822
k141_22246	0.4546	0.3461	0.1993
k141_114355	0.5631	0.2864	0.1505
k141_58962	0.9636	0.0255	0.0109
k141_132605	0.7295	0.1483	0.1222
k141_3899	0.7337	0.1741	0.0922
k141_58963	0.8432	0.1258	0.0310
k141_39651	0.7460	0.1375	0.1165
k141_22249	0.6215	0.3245	0.0540
k141_77170	0.9543	0.0329	0.0129
k141_95606	0.8850	0.0840	0.0310
k141_132609	0.9651	0.0242	0.0108
k141_95607	0.9532	0.0357	0.0111
k141_114366	0.2307	0.2330	0.5363
k141_77173	0.8224	0.1031	0.0746
k141_58972	0.3843	0.2830	0.3326
k141_95610	0.1349	0.2374	0.6276
k141_132613	0.4968	0.2346	0.2686
k141_77180	0.0133	0.0166	0.9701
k141_58977	0.5488	0.3708	0.0805
k141_3917	0.6959	0.1830	0.1210
k141_114376	0.3946	0.2360	0.3694
k141_39663	0.7825	0.1132	0.1043
k141_77185	0.7942	0.1623	0.0436
k141_132622	0.7521	0.1309	0.1170
k141_77186	0.9520	0.0339	0.0141
k141_3923	0.0832	0.6194	0.2973
k141_22271	0.0114	0.0217	0.9669
k141_95624	0.5380	0.1457	0.3164
k141_58986	0.2962	0.1917	0.5122
k141_77192	0.6420	0.2735	0.0846
k141_132633	0.9465	0.0356	0.0178
k141_39669	0.8180	0.1082	0.0738
k141_114395	0.2604	0.4576	0.2820
k141_3934	0.5820	0.3713	0.0467
k141_77196	0.8115	0.1137	0.0748
k141_95633	0.6296	0.1285	0.2420
k141_22282	0.8932	0.0616	0.0451
k141_114396	0.1387	0.1011	0.7602
k141_95637	0.8815	0.0862	0.0323
k141_3941	0.6348	0.2887	0.0765
k141_132642	0.7278	0.1852	0.0870
k141_58998	0.8197	0.0918	0.0885
k141_59000	0.9457	0.0395	0.0147
k141_132645	0.3043	0.0923	0.6034
k141_3946	0.9461	0.0329	0.0210
k141_114414	0.7620	0.1068	0.1312
k141_59006	0.8209	0.1466	0.0324
k141_22305	0.6719	0.1612	0.1669
k141_3957	0.9638	0.0248	0.0114
k141_95654	0.9409	0.0436	0.0155
k141_132660	0.8000	0.1684	0.0316
k141_3958	0.9539	0.0360	0.0101
k141_132664	0.8393	0.0968	0.0639
k141_22311	0.9517	0.0360	0.0123
k141_39687	0.6602	0.2299	0.1099
k141_3963	0.7126	0.2378	0.0495
k141_59025	0.8869	0.0829	0.0302
k141_3967	0.4050	0.3579	0.2371
k141_132671	0.4506	0.3240	0.2254
k141_39691	0.4797	0.3197	0.2006
k141_77238	0.7053	0.1634	0.1313
k141_59028	0.6407	0.1944	0.1649
k141_114441	0.1792	0.4436	0.3772
k141_95674	0.0139	0.0408	0.9452
k141_77242	0.1140	0.1143	0.7717
k141_3974	0.1617	0.1404	0.6978
k141_3975	0.5361	0.2113	0.2526
k141_114442	0.6950	0.2524	0.0527
k141_95675	0.0190	0.0256	0.9554
k141_22322	0.1385	0.0321	0.8295
k141_132678	0.8871	0.0787	0.0342
k141_3977	0.6611	0.1579	0.1810
k141_22323	0.9463	0.0382	0.0155
k141_77248	0.5110	0.3198	0.1692
k141_39698	0.8378	0.1266	0.0356
k141_77252	0.2190	0.4939	0.2871
k141_59047	0.4683	0.3540	0.1777
k141_22325	0.9520	0.0377	0.0103
k141_3988	0.7517	0.1666	0.0817
k141_59048	0.2123	0.4796	0.3081
k141_114454	0.5445	0.3207	0.1349
k141_132696	0.0133	0.0154	0.9713
k141_77261	0.9673	0.0266	0.0062
k141_3998	0.8429	0.1092	0.0480
k141_95696	0.3158	0.0813	0.6029
k141_22336	0.9390	0.0479	0.0131
k141_59060	0.9456	0.0367	0.0177
k141_77264	0.5771	0.2097	0.2131
k141_4002	0.5917	0.2683	0.1400
k141_114467	0.9143	0.0530	0.0327
k141_22342	0.3814	0.3193	0.2993
k141_95704	0.1680	0.2329	0.5991
k141_114470	0.1116	0.1507	0.7377
k141_95705	0.1599	0.6674	0.1728
k141_22346	0.6225	0.2853	0.0922
k141_4010	0.6021	0.2491	0.1488
k141_114473	0.0394	0.0975	0.8630
k141_132715	0.8042	0.1359	0.0599
k141_114474	0.7343	0.1196	0.1460
k141_22353	0.4932	0.4516	0.0553
k141_39711	0.7957	0.1624	0.0419
k141_114479	0.7598	0.1616	0.0787
k141_39712	0.8590	0.0950	0.0460
k141_4020	0.2046	0.2892	0.5063
k141_114481	0.3309	0.5015	0.1676
k141_95721	0.8436	0.0974	0.0590
k141_77292	0.8567	0.1003	0.0430
k141_95722	0.5470	0.4127	0.0403
k141_95723	0.4884	0.4689	0.0427
k141_22354	0.6882	0.2566	0.0553
k141_4031	0.5845	0.2606	0.1549
k141_132734	0.9035	0.0603	0.0362
k141_59097	0.9368	0.0514	0.0117
k141_39719	0.7553	0.1251	0.1196
k141_77299	0.6009	0.1607	0.2384
k141_132737	0.9435	0.0400	0.0165
k141_114495	0.6975	0.1576	0.1449
k141_22358	0.2662	0.4924	0.2414
k141_4035	0.0867	0.0318	0.8815
k141_22363	0.0271	0.5115	0.4614
k141_95736	0.9371	0.0414	0.0215
k141_114502	0.7555	0.1757	0.0688
k141_4042	0.0139	0.0253	0.9608
k141_132744	0.0697	0.7782	0.1521
k141_22364	0.6371	0.2082	0.1547
k141_22365	0.9297	0.0554	0.0149
k141_4046	0.5376	0.1608	0.3016
k141_114507	0.9344	0.0466	0.0190
k141_95742	0.4454	0.4601	0.0945
k141_132752	0.9591	0.0327	0.0082
k141_77320	0.8839	0.0750	0.0411
k141_95749	0.3343	0.3885	0.2772
k141_77323	0.9456	0.0371	0.0172
k141_4063	0.4697	0.3436	0.1867
k141_132765	0.7459	0.1529	0.1012
k141_95757	0.7265	0.2471	0.0264
k141_59132	0.9522	0.0399	0.0079
k141_114526	0.2555	0.5301	0.2144
k141_39742	0.8048	0.0944	0.1008
k141_132766	0.5974	0.3024	0.1002
k141_132767	0.4283	0.4114	0.1603
k141_114529	0.9621	0.0299	0.0080
k141_114531	0.6148	0.2325	0.1527
k141_77340	0.9682	0.0203	0.0115
k141_132772	0.9517	0.0371	0.0112
k141_22398	0.1496	0.2046	0.6457
k141_95768	0.5250	0.3911	0.0839
k141_77343	0.8065	0.1182	0.0753
k141_22399	0.4636	0.2356	0.3008
k141_114534	0.9089	0.0680	0.0231
k141_132780	0.5745	0.3369	0.0886
k141_4076	0.9358	0.0477	0.0164
k141_59155	0.9508	0.0376	0.0116
k141_77356	0.0218	0.0334	0.9447
k141_4081	0.6876	0.1505	0.1619
k141_132787	0.7928	0.1255	0.0817
k141_59160	0.1640	0.2883	0.5477
k141_95785	0.4550	0.2490	0.2960
k141_132789	0.5111	0.3199	0.1690
k141_4085	0.6206	0.1777	0.2018
k141_22415	0.9160	0.0610	0.0230
k141_132791	0.7180	0.1679	0.1141
k141_4087	0.9180	0.0541	0.0279
k141_22417	0.7649	0.1933	0.0418
k141_77366	0.6435	0.2383	0.1182
k141_59170	0.8506	0.0966	0.0528
k141_22418	0.9099	0.0725	0.0176
k141_59171	0.1815	0.2781	0.5404
k141_95797	0.9329	0.0469	0.0203
k141_77370	0.9277	0.0530	0.0192
k141_114563	0.8443	0.0969	0.0588
k141_132806	0.0671	0.0433	0.8896
k141_114565	0.8841	0.0750	0.0408
k141_22429	0.4153	0.3422	0.2425
k141_95802	0.9562	0.0333	0.0105
k141_39777	0.8886	0.0959	0.0155
k141_114566	0.1270	0.4851	0.3878
k141_22430	0.7465	0.1646	0.0888
k141_132813	0.7293	0.1944	0.0764
k141_95807	0.8676	0.0950	0.0375
k141_77384	0.7778	0.1125	0.1097
k141_59187	0.7462	0.1492	0.1046
k141_22437	0.0731	0.0381	0.8887
k141_132816	0.4986	0.2040	0.2974
k141_114574	0.7786	0.1330	0.0884
k141_4116	0.9593	0.0295	0.0113
k141_114576	0.7859	0.1054	0.1087
k141_59191	0.8094	0.1592	0.0315
k141_132819	0.9725	0.0201	0.0074
k141_22446	0.6833	0.1816	0.1352
k141_77392	0.9172	0.0718	0.0110
k141_59195	0.6529	0.1762	0.1709
k141_132822	0.0333	0.0934	0.8734
k141_77395	0.7699	0.1216	0.1085
k141_114588	0.7931	0.1167	0.0902
k141_4134	0.8521	0.1119	0.0360
k141_22455	0.8334	0.1170	0.0495
k141_132826	0.3705	0.2771	0.3524
k141_132827	0.9579	0.0268	0.0153
k141_114590	0.9458	0.0413	0.0129
k141_4135	0.7822	0.1845	0.0333
k141_22463	0.9214	0.0516	0.0270
k141_114595	0.0610	0.8043	0.1347
k141_132834	0.6463	0.1912	0.1625
k141_4136	0.9244	0.0522	0.0234
k141_77410	0.8333	0.1314	0.0353
k141_39802	0.9709	0.0200	0.0091
k141_22465	0.9169	0.0670	0.0161
k141_59217	0.7076	0.1444	0.1480
k141_95823	0.0347	0.9283	0.0370
k141_132838	0.9533	0.0348	0.0119
k141_95825	0.7121	0.2035	0.0844
k141_4141	0.6107	0.2502	0.1391
k141_132842	0.2948	0.4765	0.2287
k141_132844	0.3845	0.4052	0.2103
k141_39808	0.5471	0.4127	0.0402
k141_114611	0.5185	0.3378	0.1437
k141_77421	0.9609	0.0303	0.0087
k141_22476	0.9470	0.0381	0.0149
k141_77422	0.4004	0.3993	0.2004
k141_39810	0.4579	0.3220	0.2201
k141_4151	0.6810	0.1255	0.1935
k141_132850	0.6221	0.1760	0.2019
k141_95834	0.9451	0.0403	0.0146
k141_22480	0.0525	0.8961	0.0514
k141_114617	0.9176	0.0642	0.0182
k141_77426	0.3055	0.3216	0.3728
k141_114618	0.7432	0.1447	0.1121
k141_132852	0.4366	0.2411	0.3223
k141_95836	0.0319	0.0957	0.8724
k141_77427	0.3299	0.4922	0.1779
k141_39815	0.7890	0.1230	0.0880
k141_22486	0.6939	0.1580	0.1482
k141_59243	0.9304	0.0463	0.0233
k141_77429	0.4040	0.4615	0.1345
k141_59244	0.9563	0.0328	0.0109
k141_22488	0.8544	0.1217	0.0239
k141_59246	0.6429	0.1790	0.1781
k141_95846	0.4432	0.2937	0.2631
k141_114628	0.3846	0.2415	0.3739
k141_4165	0.7032	0.2306	0.0662
k141_77434	0.0364	0.0588	0.9048
k141_59248	0.7828	0.1873	0.0299
k141_22494	0.2945	0.5979	0.1076
k141_114633	0.9630	0.0271	0.0099
k141_59252	0.9239	0.0598	0.0163
k141_39826	0.4533	0.1556	0.3911
k141_114635	0.7218	0.2096	0.0686
k141_22497	0.7234	0.2175	0.0590
k141_77442	0.6851	0.1684	0.1464
k141_4182	0.7675	0.1550	0.0775
k141_114641	0.5987	0.2283	0.1730
k141_22505	0.7915	0.0921	0.1164
k141_39833	0.5891	0.3094	0.1015
k141_22506	0.0326	0.0259	0.9415
k141_59268	0.6585	0.2426	0.0989
k141_132889	0.9605	0.0289	0.0107
k141_22510	0.9078	0.0593	0.0329
k141_77455	0.6862	0.2518	0.0620
k141_114644	0.7417	0.1503	0.1080
k141_4194	0.3968	0.3377	0.2655
k141_95860	0.9590	0.0290	0.0120
k141_132896	0.7402	0.1119	0.1479
k141_95863	0.4225	0.3418	0.2357
k141_39845	0.8250	0.1354	0.0396
k141_77463	0.2358	0.6512	0.1131
k141_77464	0.8257	0.0994	0.0749
k141_95866	0.9194	0.0631	0.0175
k141_39847	0.2432	0.5941	0.1627
k141_77468	0.0405	0.0337	0.9258
k141_59290	0.9420	0.0390	0.0190
k141_132911	0.2489	0.3031	0.4481
k141_22530	0.0682	0.1754	0.7564
k141_114663	0.9290	0.0474	0.0236
k141_39848	0.6404	0.2660	0.0936
k141_95872	0.3583	0.4435	0.1982
k141_59293	0.3802	0.3669	0.2529
k141_4213	0.9569	0.0327	0.0104
k141_132915	0.0736	0.9013	0.0251
k141_95876	0.0208	0.0193	0.9599
k141_114669	0.7197	0.2111	0.0692
k141_132918	0.9686	0.0222	0.0092
k141_132920	0.2236	0.6749	0.1015
k141_114672	0.9775	0.0161	0.0064
k141_95884	0.0226	0.0930	0.8844
k141_39849	0.9392	0.0427	0.0181
k141_132922	0.2015	0.2287	0.5698
k141_114673	0.0709	0.1088	0.8203
k141_77492	0.0738	0.7958	0.1304
k141_114675	0.6612	0.1694	0.1693
k141_132930	0.7679	0.1096	0.1225
k141_59314	0.9252	0.0618	0.0130
k141_77496	0.8270	0.1234	0.0495
k141_39855	0.6087	0.2988	0.0924
k141_22558	0.6930	0.2135	0.0935
k141_77497	0.6017	0.1806	0.2177
k141_114683	0.1437	0.0710	0.7853
k141_114684	0.6766	0.1987	0.1246
k141_77502	0.0704	0.1492	0.7804
k141_59325	0.8816	0.0727	0.0457
k141_77503	0.6300	0.3503	0.0197
k141_59327	0.9633	0.0293	0.0074
k141_95911	0.2285	0.5069	0.2647
k141_114691	0.3965	0.3495	0.2541
k141_39858	0.8492	0.0978	0.0529
k141_4230	0.9630	0.0269	0.0101
k141_77506	0.4906	0.3021	0.2073
k141_95913	0.5635	0.3238	0.1127
k141_22574	0.8327	0.1241	0.0432
k141_132950	0.0128	0.0211	0.9661
k141_59330	0.7773	0.1858	0.0370
k141_39859	0.9531	0.0333	0.0136
k141_4233	0.7141	0.2159	0.0699
k141_77510	0.8877	0.0825	0.0299
k141_59334	0.4135	0.1567	0.4298
k141_39862	0.3962	0.2837	0.3202
k141_132955	0.7188	0.2141	0.0671
k141_114695	0.0726	0.0357	0.8917
k141_22582	0.0271	0.0310	0.9419
k141_4240	0.0249	0.1947	0.7804
k141_132956	0.8112	0.1670	0.0219
k141_114697	0.6009	0.3462	0.0529
k141_132957	0.9406	0.0462	0.0133
k141_132958	0.8040	0.1091	0.0869
k141_39866	0.9561	0.0310	0.0129
k141_77520	0.0110	0.0178	0.9713
k141_114702	0.9423	0.0445	0.0132
k141_95927	0.9643	0.0261	0.0096
k141_114703	0.3930	0.2968	0.3101
k141_132961	0.8456	0.1307	0.0237
k141_95928	0.1108	0.0674	0.8218
k141_4252	0.8943	0.0698	0.0360
k141_114704	0.2873	0.2545	0.4583
k141_4253	0.6133	0.1848	0.2020
k141_95930	0.9453	0.0382	0.0164
k141_114706	0.5742	0.2682	0.1576
k141_59356	0.6651	0.2126	0.1224
k141_77526	0.4117	0.2244	0.3639
k141_39874	0.6957	0.2170	0.0872
k141_95932	0.7396	0.1519	0.1085
k141_59358	0.2382	0.5828	0.1790
k141_95935	0.2895	0.1850	0.5255
k141_59361	0.1245	0.1508	0.7247
k141_59362	0.0099	0.0141	0.9760
k141_114713	0.4678	0.4247	0.1075
k141_95940	0.9531	0.0370	0.0099
k141_114716	0.4557	0.2815	0.2629
k141_4267	0.2423	0.5775	0.1803
k141_59365	0.7359	0.1396	0.1245
k141_132980	0.8297	0.1269	0.0434
k141_39881	0.1907	0.3443	0.4651
k141_132983	0.7102	0.1454	0.1444
k141_95945	0.9507	0.0368	0.0125
k141_59371	0.2121	0.1762	0.6117
k141_77547	0.5355	0.2828	0.1816
k141_95946	0.9445	0.0416	0.0139
k141_77549	0.8983	0.0680	0.0337
k141_39888	0.1790	0.3167	0.5043
k141_95950	0.8514	0.1250	0.0236
k141_77550	0.3516	0.2288	0.4196
k141_4282	0.2252	0.5708	0.2040
k141_95952	0.2407	0.2262	0.5332
k141_132995	0.9395	0.0436	0.0169
k141_4284	0.7706	0.1148	0.1146
k141_114730	0.1215	0.0306	0.8479
k141_95953	0.7892	0.1632	0.0476
k141_77556	0.3420	0.2770	0.3810
k141_4286	0.8917	0.0873	0.0210
k141_59381	0.2472	0.1743	0.5785
k141_39894	0.7606	0.0715	0.1679
k141_4287	0.9566	0.0303	0.0131
k141_95957	0.9559	0.0307	0.0133
k141_77558	0.0398	0.0604	0.8998
k141_59384	0.7987	0.1486	0.0527
k141_95959	0.9483	0.0396	0.0121
k141_39899	0.1338	0.5622	0.3040
k141_77567	0.4231	0.5305	0.0463
k141_4289	0.7620	0.1315	0.1066
k141_114745	0.9850	0.0112	0.0037
k141_95970	0.5801	0.3554	0.0645
k141_59394	0.8122	0.1175	0.0704
k141_4292	0.2120	0.3111	0.4769
k141_4295	0.1727	0.1445	0.6828
k141_77576	0.5592	0.2325	0.2083
k141_59400	0.5951	0.1442	0.2606
k141_133025	0.9329	0.0554	0.0117
k141_95975	0.7544	0.1453	0.1003
k141_4300	0.6407	0.2226	0.1367
k141_39910	0.4737	0.3569	0.1694
k141_114761	0.8754	0.0778	0.0468
k141_133026	0.0479	0.1056	0.8464
k141_77585	0.8445	0.1291	0.0265
k141_59409	0.8279	0.1280	0.0440
k141_133028	0.4927	0.3625	0.1448
k141_114762	0.9603	0.0298	0.0099
k141_95986	0.0500	0.0259	0.9241
k141_39915	0.3865	0.2066	0.4069
k141_95989	0.4502	0.3374	0.2123
k141_133034	0.9002	0.0610	0.0388
k141_114766	0.6404	0.1875	0.1721
k141_77591	0.3440	0.5886	0.0673
k141_39916	0.3253	0.4101	0.2646
k141_133036	0.1342	0.1396	0.7262
k141_95991	0.4435	0.4380	0.1186
k141_114769	0.2597	0.2171	0.5231
k141_4317	0.4446	0.3760	0.1794
k141_133038	0.9333	0.0541	0.0126
k141_59425	0.9284	0.0529	0.0186
k141_39920	0.9680	0.0221	0.0099
k141_4322	0.7608	0.1161	0.1231
k141_22584	0.9622	0.0260	0.0118
k141_95997	0.3311	0.4084	0.2605
k141_133046	0.4597	0.2530	0.2873
k141_4325	0.7782	0.1691	0.0527
k141_114777	0.8147	0.1223	0.0629
k141_133047	0.6495	0.2174	0.1330
k141_4326	0.1614	0.1282	0.7104
k141_133049	0.1912	0.6403	0.1685
k141_39924	0.8678	0.0878	0.0444
k141_96002	0.7688	0.1176	0.1136
k141_22590	0.9254	0.0553	0.0193
k141_77607	0.9107	0.0723	0.0171
k141_59434	0.8579	0.1136	0.0285
k141_133053	0.2956	0.3265	0.3780
k141_77610	0.7691	0.1265	0.1044
k141_96010	0.1724	0.3705	0.4571
k141_39928	0.1528	0.3497	0.4975
k141_77612	0.8850	0.0761	0.0389
k141_114797	0.3438	0.4549	0.2013
k141_96016	0.2965	0.3380	0.3654
k141_22604	0.3409	0.2638	0.3953
k141_114798	0.2682	0.4791	0.2527
k141_39929	0.3075	0.2141	0.4784
k141_114800	0.4342	0.3476	0.2182
k141_96018	0.6040	0.3096	0.0864
k141_59445	0.5916	0.1544	0.2540
k141_22609	0.8889	0.0875	0.0236
k141_4330	0.9466	0.0384	0.0150
k141_77625	0.6089	0.2023	0.1888
k141_96021	0.0294	0.0289	0.9417
k141_114807	0.3458	0.2898	0.3644
k141_39937	0.6899	0.2505	0.0597
k141_22614	0.4416	0.4046	0.1538
k141_77626	0.0367	0.0390	0.9243
k141_133075	0.9323	0.0526	0.0151
k141_4332	0.9690	0.0220	0.0090
k141_39939	0.4849	0.2864	0.2287
k141_96028	0.4191	0.4427	0.1382
k141_133079	0.9370	0.0435	0.0195
k141_39941	0.1047	0.2010	0.6943
k141_59459	0.9734	0.0200	0.0065
k141_77632	0.9198	0.0559	0.0243
k141_22616	0.8183	0.1116	0.0700
k141_59462	0.8531	0.0870	0.0599
k141_77635	0.7917	0.1068	0.1016
k141_133086	0.8757	0.0881	0.0363
k141_59464	0.8797	0.0889	0.0315
k141_77638	0.9790	0.0148	0.0061
k141_77639	0.9503	0.0380	0.0117
k141_22627	0.9208	0.0546	0.0246
k141_114827	0.7871	0.1876	0.0253
k141_133088	0.9704	0.0203	0.0093
k141_59471	0.9439	0.0430	0.0131
k141_133089	0.9604	0.0260	0.0136
k141_22631	0.1048	0.5847	0.3105
k141_4353	0.3700	0.3056	0.3244
k141_77645	0.9621	0.0268	0.0111
k141_96051	0.9075	0.0652	0.0273
k141_114835	0.8161	0.1127	0.0712
k141_59481	0.6969	0.1487	0.1545
k141_4361	0.7342	0.1787	0.0870
k141_96059	0.7836	0.1525	0.0639
k141_22645	0.5591	0.2914	0.1496
k141_39962	0.0110	0.0183	0.9707
k141_4365	0.1771	0.5978	0.2251
k141_133110	0.0159	0.0185	0.9656
k141_114847	0.0115	0.0262	0.9623
k141_77646	0.9635	0.0256	0.0109
k141_59492	0.7648	0.1242	0.1110
k141_4369	0.0328	0.0423	0.9249
k141_59496	0.5946	0.2371	0.1683
k141_22659	0.8881	0.0852	0.0266
k141_77652	0.3020	0.6544	0.0435
k141_96068	0.9420	0.0416	0.0164
k141_22660	0.8173	0.1206	0.0621
k141_4375	0.4613	0.1396	0.3990
k141_59497	0.9544	0.0350	0.0106
k141_114855	0.7553	0.1732	0.0715
k141_133118	0.7787	0.1876	0.0338
k141_59498	0.7694	0.1297	0.1009
k141_77656	0.1239	0.1206	0.7555
k141_114857	0.4268	0.2456	0.3276
k141_4378	0.9658	0.0229	0.0113
k141_22666	0.2281	0.2174	0.5545
k141_22671	0.8953	0.0756	0.0291
k141_4386	0.0171	0.9705	0.0124
k141_4387	0.8830	0.0589	0.0581
k141_77668	0.4999	0.2254	0.2747
k141_4389	0.6249	0.2249	0.1502
k141_114871	0.2181	0.1996	0.5823
k141_96086	0.9693	0.0228	0.0079
k141_96087	0.2599	0.5391	0.2011
k141_39988	0.6158	0.2098	0.1744
k141_133140	0.8324	0.1051	0.0625
k141_22682	0.8126	0.1303	0.0571
k141_114877	0.2922	0.2976	0.4102
k141_4398	0.9219	0.0555	0.0226
k141_133145	0.0479	0.0811	0.8709
k141_96093	0.1139	0.8333	0.0528
k141_4403	0.0878	0.0293	0.8829
k141_133147	0.0860	0.7757	0.1384
k141_77690	0.6177	0.2126	0.1697
k141_39997	0.9718	0.0203	0.0078
k141_96096	0.0157	0.0207	0.9636
k141_59503	0.9537	0.0326	0.0137
k141_133151	0.3462	0.0777	0.5761
k141_4408	0.6556	0.2990	0.0453
k141_22701	0.3573	0.2890	0.3537
k141_114893	0.7837	0.1133	0.1030
k141_4410	0.8844	0.0835	0.0321
k141_22704	0.9444	0.0403	0.0153
k141_96099	0.9316	0.0479	0.0206
k141_77698	0.3356	0.3332	0.3313
k141_96101	0.7091	0.1761	0.1148
k141_40004	0.8063	0.1318	0.0619
k141_22708	0.8803	0.0931	0.0266
k141_77701	0.4899	0.2069	0.3032
k141_114903	0.3938	0.4246	0.1817
k141_77703	0.1598	0.1038	0.7364
k141_59520	0.0224	0.0308	0.9468
k141_40008	0.6116	0.2220	0.1665
k141_22714	0.8836	0.0776	0.0389
k141_4421	0.8827	0.0714	0.0459
k141_133169	0.4411	0.2809	0.2780
k141_114908	0.9387	0.0419	0.0194
k141_96109	0.5980	0.1719	0.2301
k141_22716	0.8910	0.0817	0.0274
k141_40012	0.6674	0.1216	0.2109
k141_114912	0.8835	0.0980	0.0185
k141_59526	0.0140	0.0334	0.9526
k141_133172	0.9423	0.0400	0.0177
k141_96114	0.9278	0.0507	0.0215
k141_4429	0.2641	0.6032	0.1327
k141_40015	0.2045	0.3200	0.4755
k141_4432	0.9497	0.0341	0.0162
k141_22726	0.8406	0.1213	0.0381
k141_96116	0.8419	0.1324	0.0257
k141_133177	0.9624	0.0272	0.0104
k141_4433	0.5667	0.2515	0.1818
k141_59531	0.0677	0.0437	0.8886
k141_40017	0.9303	0.0436	0.0261
k141_4438	0.9336	0.0512	0.0152
k141_22733	0.0692	0.6576	0.2731
k141_114928	0.7379	0.1543	0.1078
k141_96125	0.9289	0.0537	0.0174
k141_59539	0.4466	0.3692	0.1842
k141_114929	0.3679	0.2993	0.3327
k141_77732	0.2527	0.5416	0.2057
k141_40023	0.2898	0.3308	0.3794
k141_77734	0.9731	0.0192	0.0077
k141_59542	0.4952	0.2197	0.2850
k141_22742	0.9539	0.0351	0.0110
k141_96132	0.8021	0.1096	0.0883
k141_59545	0.2176	0.7273	0.0550
k141_96133	0.6397	0.1886	0.1717
k141_96134	0.6726	0.2151	0.1123
k141_133203	0.4817	0.3721	0.1461
k141_40032	0.9182	0.0556	0.0263
k141_77747	0.9727	0.0214	0.0059
k141_22756	0.0963	0.0853	0.8184
k141_96136	0.5197	0.3790	0.1013
k141_59554	0.6494	0.2186	0.1320
k141_4456	0.9587	0.0304	0.0109
k141_22759	0.6116	0.2107	0.1777
k141_59557	0.6717	0.1766	0.1516
k141_77752	0.0169	0.0235	0.9595
k141_133214	0.3483	0.1795	0.4721
k141_96146	0.7758	0.1153	0.1089
k141_4464	0.4276	0.4761	0.0963
k141_133220	0.0888	0.0858	0.8254
k141_59565	0.6185	0.2536	0.1280
k141_133223	0.6937	0.1817	0.1247
k141_4467	0.1453	0.4617	0.3930
k141_59572	0.7605	0.1416	0.0979
k141_22776	0.9166	0.0578	0.0257
k141_133230	0.8071	0.0996	0.0933
k141_40050	0.8893	0.0852	0.0255
k141_22778	0.1015	0.0646	0.8339
k141_59577	0.4738	0.4224	0.1038
k141_77768	0.9501	0.0372	0.0127
k141_133233	0.6279	0.1204	0.2517
k141_22781	0.7458	0.1304	0.1238
k141_77771	0.7630	0.1812	0.0559
k141_59580	0.8205	0.1272	0.0523
k141_96163	0.6741	0.2265	0.0994
k141_4481	0.3845	0.4645	0.1510
k141_77775	0.2176	0.3631	0.4193
k141_133243	0.0744	0.1449	0.7807
k141_96168	0.2378	0.3894	0.3728
k141_59586	0.7432	0.1511	0.1057
k141_22786	0.8351	0.1310	0.0340
k141_96169	0.6135	0.1838	0.2028
k141_22788	0.7042	0.1754	0.1203
k141_114938	0.9749	0.0178	0.0073
k141_40068	0.9719	0.0216	0.0065
k141_22790	0.6745	0.2569	0.0687
k141_59595	0.9254	0.0615	0.0131
k141_133254	0.1990	0.2615	0.5395
k141_4493	0.9365	0.0476	0.0159
k141_77789	0.8643	0.0984	0.0373
k141_22793	0.9657	0.0255	0.0088
k141_96188	0.4615	0.4360	0.1025
k141_22797	0.6065	0.1539	0.2397
k141_77796	0.6750	0.1777	0.1473
k141_22799	0.0804	0.0850	0.8346
k141_133267	0.8278	0.1024	0.0698
k141_114953	0.9754	0.0176	0.0070
k141_77798	0.7086	0.1574	0.1340
k141_59614	0.5965	0.2556	0.1479
k141_96198	0.0492	0.0475	0.9033
k141_114958	0.7300	0.1380	0.1319
k141_77805	0.9659	0.0226	0.0115
k141_133280	0.8150	0.1356	0.0495
k141_114964	0.8649	0.0981	0.0371
k141_77810	0.9193	0.0690	0.0116
k141_4520	0.4928	0.3900	0.1172
k141_96206	0.0022	0.9921	0.0057
k141_133283	0.8090	0.1363	0.0547
k141_22822	0.1367	0.1492	0.7141
k141_114967	0.9542	0.0323	0.0135
k141_22824	0.6624	0.1786	0.1590
k141_77816	0.6160	0.2347	0.1493
k141_59634	0.6350	0.1871	0.1779
k141_114971	0.9406	0.0424	0.0170
k141_4533	0.4543	0.2974	0.2483
k141_77821	0.5191	0.3369	0.1440
k141_40101	0.9187	0.0664	0.0149
k141_59637	0.8902	0.0922	0.0176
k141_96221	0.0662	0.0465	0.8874
k141_133295	0.3264	0.2275	0.4461
k141_114980	0.7681	0.1614	0.0705
k141_114982	0.4026	0.4359	0.1615
k141_77832	0.9003	0.0766	0.0231
k141_4544	0.5028	0.1921	0.3051
k141_22846	0.6080	0.1703	0.2217
k141_133304	0.7872	0.1793	0.0335
k141_59650	0.8339	0.1238	0.0423
k141_4548	0.9601	0.0315	0.0085
k141_96236	0.1781	0.1618	0.6601
k141_59653	0.8603	0.1089	0.0307
k141_114988	0.4456	0.2373	0.3171
k141_96237	0.7554	0.1609	0.0837
k141_4551	0.3160	0.5228	0.1612
k141_22849	0.9530	0.0339	0.0130
k141_59654	0.9481	0.0384	0.0134
k141_4555	0.7370	0.1671	0.0959
k141_77845	0.6583	0.2235	0.1183
k141_133314	0.8942	0.0887	0.0171
k141_40121	0.0324	0.0521	0.9155
k141_22860	0.7799	0.1472	0.0729
k141_96247	0.8890	0.0859	0.0250
k141_59666	0.7985	0.1379	0.0636
k141_115001	0.1241	0.1037	0.7722
k141_96249	0.2734	0.3406	0.3860
k141_4566	0.1710	0.3866	0.4424
k141_96250	0.7818	0.1082	0.1099
k141_133323	0.7364	0.1801	0.0835
k141_115004	0.5241	0.3049	0.1710
k141_22867	0.8071	0.1377	0.0551
k141_40128	0.9347	0.0471	0.0181
k141_59672	0.3948	0.3501	0.2551
k141_77862	0.6649	0.2420	0.0931
k141_96254	0.0870	0.7102	0.2028
k141_133324	0.9387	0.0463	0.0150
k141_59675	0.8471	0.1179	0.0350
k141_115008	0.0134	0.9678	0.0188
k141_4577	0.9239	0.0531	0.0230
k141_22873	0.7687	0.1462	0.0851
k141_77871	0.7970	0.1718	0.0312
k141_115013	0.9834	0.0125	0.0041
k141_96262	0.4323	0.3653	0.2024
k141_4581	0.9483	0.0395	0.0122
k141_22876	0.6059	0.2926	0.1015
k141_59679	0.7772	0.1584	0.0644
k141_133336	0.2136	0.3698	0.4166
k141_22879	0.7617	0.2015	0.0368
k141_115016	0.9095	0.0650	0.0255
k141_40139	0.6444	0.2659	0.0897
k141_59681	0.3922	0.3388	0.2689
k141_96266	0.9307	0.0440	0.0254
k141_22883	0.1658	0.4679	0.3662
k141_59684	0.9325	0.0491	0.0184
k141_96269	0.8917	0.0914	0.0168
k141_4595	0.3754	0.3324	0.2922
k141_59685	0.8850	0.0791	0.0359
k141_133346	0.1297	0.1255	0.7448
k141_22886	0.0201	0.0212	0.9587
k141_77881	0.0753	0.0854	0.8393
k141_40142	0.9321	0.0500	0.0179
k141_77882	0.2327	0.1709	0.5964
k141_4600	0.4091	0.2714	0.3195
k141_96273	0.9276	0.0573	0.0152
k141_40145	0.0837	0.0512	0.8651
k141_115031	0.1457	0.2070	0.6474
k141_77886	0.0169	0.0176	0.9655
k141_133356	0.6621	0.1928	0.1450
k141_4603	0.8582	0.1158	0.0259
k141_59697	0.1141	0.6506	0.2353
k141_115032	0.0876	0.3316	0.5809
k141_115033	0.3820	0.3597	0.2583
k141_59699	0.9381	0.0437	0.0182
k141_115035	0.8685	0.0976	0.0339
k141_115037	0.2627	0.3141	0.4232
k141_59700	0.4266	0.4049	0.1685
k141_4614	0.0645	0.0446	0.8909
k141_77900	0.9779	0.0156	0.0065
k141_4618	0.9303	0.0565	0.0132
k141_96284	0.9379	0.0429	0.0192
k141_59707	0.2432	0.1803	0.5765
k141_115046	0.3824	0.4545	0.1631
k141_133360	0.9393	0.0434	0.0174
k141_96290	0.8977	0.0735	0.0288
k141_22889	0.9586	0.0295	0.0119
k141_115048	0.0845	0.8926	0.0229
k141_40158	0.8949	0.0791	0.0259
k141_77907	0.4183	0.3635	0.2181
k141_4626	0.9363	0.0486	0.0150
k141_133362	0.8181	0.1118	0.0701
k141_115050	0.1311	0.5060	0.3629
k141_77908	0.0366	0.1897	0.7737
k141_133366	0.7729	0.1420	0.0851
k141_40163	0.9409	0.0415	0.0176
k141_22896	0.6603	0.2613	0.0785
k141_115055	0.7360	0.1396	0.1244
k141_133368	0.0098	0.9873	0.0029
k141_59718	0.9534	0.0311	0.0155
k141_96303	0.1077	0.8614	0.0309
k141_59719	0.3942	0.4170	0.1888
k141_4639	0.1403	0.1779	0.6818
k141_133371	0.5959	0.1567	0.2474
k141_115060	0.0127	0.9802	0.0071
k141_96307	0.6705	0.2757	0.0538
k141_59721	0.8438	0.0916	0.0645
k141_96309	0.7945	0.1427	0.0629
k141_133376	0.5040	0.2240	0.2720
k141_115062	0.7737	0.1638	0.0625
k141_4647	0.3212	0.2327	0.4461
k141_133377	0.3577	0.1773	0.4650
k141_22897	0.9458	0.0392	0.0150
k141_4648	0.2095	0.4857	0.3049
k141_59728	0.1740	0.0622	0.7638
k141_115064	0.9658	0.0249	0.0093
k141_96316	0.1389	0.0371	0.8241
k141_22902	0.9074	0.0698	0.0228
k141_40178	0.9308	0.0534	0.0158
k141_4653	0.0135	0.0152	0.9713
k141_133381	0.8401	0.1223	0.0377
k141_96318	0.7090	0.1969	0.0941
k141_59738	0.7447	0.1536	0.1018
k141_22908	0.6185	0.2301	0.1514
k141_96323	0.7683	0.1418	0.0899
k141_4657	0.3955	0.5154	0.0891
k141_133388	0.9485	0.0376	0.0139
k141_40184	0.5668	0.2671	0.1661
k141_22911	0.8245	0.1356	0.0399
k141_4660	0.1413	0.1644	0.6942
k141_59747	0.8688	0.1005	0.0307
k141_96332	0.4588	0.3789	0.1624
k141_133394	0.6844	0.2050	0.1106
k141_22916	0.9210	0.0502	0.0288
k141_96335	0.9210	0.0524	0.0266
k141_22917	0.6879	0.1660	0.1461
k141_133398	0.7966	0.1273	0.0762
k141_59752	0.8436	0.1285	0.0278
k141_77950	0.6017	0.3007	0.0976
k141_22921	0.0367	0.0453	0.9179
k141_133403	0.8096	0.1346	0.0557
k141_96344	0.8182	0.1176	0.0642
k141_4678	0.5685	0.2983	0.1332
k141_22925	0.9337	0.0477	0.0185
k141_115099	0.6851	0.1951	0.1198
k141_133406	0.8622	0.0872	0.0506
k141_77958	0.6038	0.2328	0.1635
k141_59760	0.9699	0.0206	0.0095
k141_96354	0.6821	0.1637	0.1542
k141_40185	0.9629	0.0254	0.0117
k141_115107	0.0107	0.0170	0.9723
k141_59761	0.9380	0.0446	0.0174
k141_115108	0.1706	0.1710	0.6584
k141_77960	0.9691	0.0210	0.0099
k141_115109	0.3570	0.3140	0.3290
k141_96361	0.9609	0.0273	0.0118
k141_4691	0.2155	0.6380	0.1465
k141_133421	0.0629	0.2735	0.6636
k141_22940	0.0960	0.0746	0.8293
k141_115116	0.7448	0.1428	0.1124
k141_77971	0.7977	0.1445	0.0578
k141_115118	0.5223	0.2496	0.2282
k141_40197	0.7326	0.1307	0.1367
k141_59776	0.0766	0.0962	0.8272
k141_115119	0.9162	0.0562	0.0276
k141_22943	0.1216	0.1117	0.7668
k141_96365	0.9789	0.0148	0.0063
k141_22944	0.2198	0.2604	0.5197
k141_115121	0.1907	0.6177	0.1916
k141_59779	0.1342	0.1997	0.6662
k141_40199	0.3519	0.3466	0.3015
k141_96367	0.1445	0.6374	0.2181
k141_4708	0.2823	0.4537	0.2639
k141_59781	0.5007	0.3284	0.1709
k141_133430	0.4534	0.4531	0.0935
k141_96369	0.0515	0.2707	0.6778
k141_133431	0.0205	0.0268	0.9527
k141_77985	0.2001	0.6289	0.1710
k141_115128	0.7819	0.1333	0.0848
k141_133433	0.6853	0.2371	0.0776
k141_40203	0.8032	0.1440	0.0528
k141_4717	0.4535	0.3700	0.1765
k141_22961	0.3027	0.3155	0.3817
k141_133437	0.8713	0.1067	0.0220
k141_77992	0.0369	0.0454	0.9177
k141_115131	0.9427	0.0399	0.0173
k141_115132	0.8554	0.1013	0.0433
k141_77995	0.9208	0.0611	0.0181
k141_96384	0.8359	0.1147	0.0494
k141_4723	0.4110	0.2788	0.3102
k141_133440	0.4782	0.2498	0.2720
k141_22965	0.7686	0.1369	0.0945
k141_115134	0.9337	0.0447	0.0216
k141_4724	0.6127	0.1664	0.2209
k141_96385	0.5335	0.2396	0.2269
k141_59803	0.5311	0.2285	0.2404
k141_22969	0.8151	0.1277	0.0573
k141_96386	0.9337	0.0505	0.0158
k141_133443	0.8986	0.0703	0.0311
k141_4729	0.5221	0.2783	0.1996
k141_22971	0.1415	0.4850	0.3736
k141_133445	0.7919	0.1424	0.0657
k141_78005	0.9576	0.0307	0.0118
k141_40216	0.0753	0.8972	0.0275
k141_78007	0.7614	0.1508	0.0878
k141_133448	0.9129	0.0422	0.0449
k141_4737	0.7949	0.0914	0.1137
k141_133450	0.8764	0.0916	0.0321
k141_115153	0.7642	0.1940	0.0418
k141_96402	0.4551	0.2800	0.2649
k141_133451	0.4850	0.2516	0.2635
k141_22982	0.9635	0.0259	0.0106
k141_115154	0.8734	0.0946	0.0320
k141_96404	0.9437	0.0374	0.0190
k141_78016	0.3558	0.1234	0.5208
k141_115156	0.9653	0.0284	0.0062
k141_59828	0.7006	0.1495	0.1499
k141_96405	0.9403	0.0410	0.0188
k141_78018	0.6615	0.2548	0.0837
k141_59831	0.3497	0.0909	0.5593
k141_59832	0.7715	0.1470	0.0815
k141_4751	0.3798	0.1938	0.4263
k141_115164	0.7262	0.1449	0.1289
k141_133460	0.9655	0.0249	0.0096
k141_4752	0.8684	0.1083	0.0233
k141_133461	0.0135	0.0227	0.9638
k141_40240	0.9677	0.0255	0.0068
k141_4753	0.0418	0.3354	0.6228
k141_78027	0.7160	0.2568	0.0273
k141_4755	0.5729	0.2168	0.2103
k141_4756	0.0333	0.0928	0.8739
k141_59846	0.6869	0.1783	0.1347
k141_115178	0.2186	0.1704	0.6110
k141_4758	0.9586	0.0289	0.0124
k141_78034	0.7093	0.1850	0.1058
k141_4760	0.8723	0.1153	0.0124
k141_96429	0.9515	0.0351	0.0134
k141_133473	0.8888	0.0849	0.0263
k141_59855	0.9039	0.0673	0.0288
k141_40251	0.3561	0.3915	0.2524
k141_78040	0.2102	0.5065	0.2833
k141_96434	0.8738	0.0905	0.0357
k141_96435	0.7218	0.1519	0.1263
k141_23023	0.8438	0.1046	0.0516
k141_40256	0.9168	0.0581	0.0250
k141_115193	0.7876	0.1835	0.0289
k141_4771	0.0114	0.0240	0.9646
k141_78051	0.6769	0.1701	0.1529
k141_4772	0.7217	0.1983	0.0800
k141_23032	0.5365	0.2239	0.2396
k141_78053	0.6333	0.1889	0.1778
k141_115199	0.9084	0.0650	0.0266
k141_59871	0.2455	0.3561	0.3984
k141_78058	0.4174	0.1446	0.4380
k141_4779	0.5172	0.3041	0.1787
k141_133491	0.9551	0.0314	0.0135
k141_115207	0.2787	0.4980	0.2233
k141_4780	0.5782	0.2756	0.1462
k141_59880	0.1018	0.5282	0.3701
k141_96452	0.9337	0.0495	0.0168
k141_4784	0.1131	0.8288	0.0581
k141_59884	0.2280	0.5595	0.2126
k141_23051	0.4356	0.3531	0.2112
k141_133499	0.7836	0.1154	0.1010
k141_133504	0.6658	0.1602	0.1740
k141_40273	0.9586	0.0303	0.0111
k141_133507	0.9425	0.0422	0.0152
k141_40275	0.6868	0.1383	0.1749
k141_78082	0.6127	0.2304	0.1569
k141_4795	0.2811	0.4589	0.2600
k141_78084	0.7283	0.1318	0.1399
k141_115222	0.0077	0.0142	0.9782
k141_4799	0.0194	0.0222	0.9584
k141_133516	0.6544	0.2698	0.0757
k141_115226	0.6933	0.2565	0.0502
k141_96482	0.8918	0.0788	0.0294
k141_115227	0.8394	0.1181	0.0425
k141_40284	0.9076	0.0605	0.0319
k141_133520	0.2631	0.3665	0.3704
k141_59913	0.0585	0.1557	0.7858
k141_115231	0.6638	0.1644	0.1718
k141_78098	0.7277	0.1663	0.1060
k141_40289	0.2295	0.3671	0.4034
k141_23078	0.1377	0.1103	0.7520
k141_23079	0.8314	0.1338	0.0348
k141_133528	0.9396	0.0431	0.0173
k141_78103	0.8170	0.1486	0.0345
k141_96500	0.9550	0.0322	0.0128
k141_133530	0.8916	0.0957	0.0126
k141_4824	0.2231	0.5192	0.2576
k141_4826	0.0739	0.1172	0.8088
k141_115249	0.6286	0.2898	0.0816
k141_133537	0.0475	0.0340	0.9185
k141_78119	0.5696	0.2062	0.2242
k141_4830	0.9139	0.0624	0.0237
k141_96508	0.7236	0.1880	0.0884
k141_133538	0.8367	0.0808	0.0825
k141_59938	0.1522	0.1522	0.6956
k141_40305	0.9041	0.0757	0.0202
k141_4831	0.1352	0.1238	0.7409
k141_96510	0.7387	0.1383	0.1230
k141_4832	0.2804	0.5571	0.1625
k141_40306	0.7350	0.1594	0.1056
k141_4835	0.6768	0.1659	0.1573
k141_78130	0.1849	0.1615	0.6536
k141_96513	0.3390	0.1413	0.5197
k141_40307	0.7098	0.1762	0.1141
k141_59947	0.6230	0.2202	0.1569
k141_133549	0.6289	0.1787	0.1923
k141_78133	0.3578	0.3088	0.3334
k141_4837	0.9472	0.0419	0.0108
k141_4838	0.0397	0.0345	0.9258
k141_23120	0.7773	0.1602	0.0625
k141_40310	0.6980	0.2182	0.0839
k141_78136	0.5277	0.2349	0.2374
k141_40313	0.0785	0.2021	0.7194
k141_59958	0.0395	0.3715	0.5890
k141_23127	0.4274	0.3228	0.2498
k141_78144	0.9238	0.0545	0.0217
k141_4850	0.9645	0.0275	0.0080
k141_23131	0.0483	0.0740	0.8778
k141_133570	0.2901	0.1403	0.5696
k141_59965	0.3981	0.4152	0.1867
k141_23134	0.9323	0.0515	0.0162
k141_59970	0.9204	0.0580	0.0216
k141_96541	0.2722	0.4910	0.2368
k141_23137	0.7922	0.1175	0.0904
k141_4864	0.3357	0.4482	0.2161
k141_115297	0.8610	0.1150	0.0241
k141_59971	0.0907	0.2254	0.6839
k141_133581	0.2490	0.1968	0.5542
k141_96547	0.2572	0.0352	0.7076
k141_59972	0.6997	0.1533	0.1470
k141_115300	0.9543	0.0364	0.0092
k141_23142	0.8636	0.0991	0.0373
k141_40325	0.3325	0.6221	0.0455
k141_4867	0.6746	0.2196	0.1058
k141_78164	0.9274	0.0549	0.0178
k141_59974	0.4833	0.3196	0.1971
k141_40326	0.2307	0.4360	0.3332
k141_23146	0.6292	0.2303	0.1405
k141_59976	0.8397	0.1307	0.0296
k141_78168	0.9742	0.0187	0.0072
k141_59977	0.3339	0.4786	0.1875
k141_23148	0.9144	0.0653	0.0203
k141_59978	0.0873	0.0772	0.8355
k141_96558	0.5431	0.3102	0.1466
k141_4878	0.5145	0.3042	0.1813
k141_23151	0.4066	0.3719	0.2215
k141_133596	0.9693	0.0212	0.0095
k141_40333	0.2838	0.1685	0.5476
k141_133598	0.6959	0.1578	0.1463
k141_23154	0.9252	0.0501	0.0247
k141_59984	0.6685	0.1656	0.1660
k141_115319	0.0365	0.0316	0.9319
k141_78176	0.4939	0.4025	0.1037
k141_4883	0.1378	0.7360	0.1262
k141_23156	0.5166	0.2453	0.2381
k141_40336	0.0619	0.1093	0.8288
k141_133602	0.9159	0.0626	0.0215
k141_4884	0.8197	0.1163	0.0639
k141_59988	0.9585	0.0284	0.0132
k141_133604	0.9419	0.0394	0.0187
k141_78181	0.9600	0.0292	0.0109
k141_23158	0.8747	0.1063	0.0190
k141_133606	0.2948	0.3779	0.3273
k141_40341	0.5184	0.2284	0.2531
k141_4894	0.0669	0.0785	0.8546
k141_59999	0.7931	0.1429	0.0640
k141_78191	0.3447	0.4957	0.1596
k141_115336	0.5519	0.3024	0.1457
k141_40344	0.7714	0.2039	0.0248
k141_23167	0.1063	0.0646	0.8291
k141_96587	0.5635	0.2196	0.2168
k141_23168	0.9377	0.0457	0.0166
k141_115337	0.7273	0.1945	0.0781
k141_40347	0.9134	0.0658	0.0208
k141_4907	0.9503	0.0366	0.0132
k141_115338	0.9639	0.0260	0.0102
k141_78203	0.3691	0.4855	0.1454
k141_96597	0.9501	0.0328	0.0171
k141_133633	0.2776	0.5444	0.1780
k141_96600	0.5957	0.1942	0.2102
k141_60017	0.8728	0.0775	0.0497
k141_40351	0.7637	0.1088	0.1275
k141_4921	0.7627	0.1077	0.1296
k141_23182	0.1001	0.4432	0.4567
k141_60021	0.1701	0.0756	0.7543
k141_115353	0.5164	0.2595	0.2241
k141_96607	0.8939	0.0730	0.0331
k141_23183	0.0446	0.0846	0.8708
k141_23184	0.6203	0.2133	0.1664
k141_60023	0.9808	0.0136	0.0056
k141_78204	0.9822	0.0127	0.0051
k141_133641	0.9628	0.0280	0.0092
k141_78205	0.1174	0.0955	0.7871
k141_96609	0.9574	0.0305	0.0121
k141_4923	0.0078	0.0166	0.9756
k141_40360	0.4782	0.2844	0.2375
k141_96610	0.8983	0.0690	0.0327
k141_78207	0.2463	0.5252	0.2284
k141_133646	0.0100	0.9598	0.0301
k141_23190	0.3577	0.4874	0.1549
k141_60029	0.6189	0.2082	0.1729
k141_4927	0.6504	0.1372	0.2124
k141_96613	0.7564	0.1491	0.0944
k141_78213	0.6735	0.1558	0.1708
k141_96614	0.5311	0.1907	0.2781
k141_40365	0.6470	0.2260	0.1270
k141_23196	0.7548	0.1455	0.0997
k141_115369	0.8959	0.0780	0.0260
k141_60035	0.7369	0.1730	0.0900
k141_133655	0.0769	0.5438	0.3793
k141_40367	0.3046	0.3754	0.3200
k141_60036	0.3443	0.2968	0.3589
k141_78218	0.8587	0.1064	0.0348
k141_4938	0.3635	0.1888	0.4477
k141_23199	0.0132	0.0157	0.9711
k141_60038	0.5042	0.3926	0.1033
k141_23201	0.5224	0.0827	0.3949
k141_96624	0.9576	0.0318	0.0106
k141_4949	0.7921	0.1455	0.0625
k141_78229	0.8739	0.1060	0.0201
k141_23209	0.9272	0.0542	0.0186
k141_133671	0.8172	0.1487	0.0341
k141_78231	0.5180	0.3236	0.1584
k141_40376	0.9688	0.0218	0.0094
k141_60051	0.8016	0.1337	0.0647
k141_115391	0.8332	0.1279	0.0389
k141_96638	0.4438	0.2583	0.2979
k141_133678	0.9675	0.0240	0.0086
k141_40379	0.8039	0.0925	0.1036
k141_23217	0.0322	0.0582	0.9096
k141_96639	0.9647	0.0241	0.0112
k141_115395	0.6108	0.3311	0.0581
k141_60062	0.1881	0.2944	0.5175
k141_23221	0.8646	0.0858	0.0496
k141_40381	0.8945	0.0769	0.0286
k141_115401	0.2268	0.5858	0.1874
k141_60067	0.8781	0.0854	0.0365
k141_23224	0.9656	0.0267	0.0078
k141_60068	0.7716	0.1157	0.1128
k141_23226	0.9089	0.0652	0.0259
k141_78254	0.9307	0.0521	0.0171
k141_40385	0.6559	0.2511	0.0930
k141_4976	0.9538	0.0318	0.0144
k141_23229	0.6876	0.2116	0.1008
k141_96653	0.0078	0.0120	0.9802
k141_60075	0.8311	0.1330	0.0358
k141_133703	0.3075	0.4553	0.2372
k141_23237	0.9589	0.0263	0.0149
k141_4981	0.9219	0.0586	0.0195
k141_60084	0.9333	0.0496	0.0171
k141_115418	0.9077	0.0511	0.0412
k141_23241	0.9148	0.0667	0.0186
k141_4988	0.2068	0.5903	0.2029
k141_115419	0.9113	0.0643	0.0244
k141_115420	0.9572	0.0296	0.0132
k141_23245	0.3164	0.5063	0.1773
k141_40400	0.9657	0.0260	0.0083
k141_23249	0.6218	0.2955	0.0827
k141_4990	0.7754	0.1839	0.0407
k141_133722	0.6748	0.1608	0.1644
k141_115424	0.8102	0.1417	0.0481
k141_40402	0.6498	0.2696	0.0806
k141_4995	0.0952	0.0477	0.8570
k141_96676	0.3877	0.1907	0.4216
k141_40403	0.1079	0.2395	0.6526
k141_115431	0.3488	0.4441	0.2071
k141_60095	0.9768	0.0165	0.0067
k141_5000	0.1479	0.6813	0.1708
k141_133730	0.9188	0.0660	0.0152
k141_60096	0.6028	0.1784	0.2187
k141_23261	0.3720	0.4139	0.2141
k141_115435	0.6080	0.2085	0.1834
k141_96683	0.3704	0.2757	0.3539
k141_23263	0.4457	0.4507	0.1036
k141_96685	0.5357	0.3004	0.1639
k141_23264	0.1453	0.1591	0.6956
k141_115439	0.1960	0.0770	0.7270
k141_40408	0.9489	0.0375	0.0136
k141_133737	0.4700	0.3172	0.2128
k141_60103	0.6101	0.2835	0.1063
k141_5008	0.2782	0.0743	0.6475
k141_40409	0.0530	0.0515	0.8954
k141_115443	0.6108	0.1869	0.2023
k141_40410	0.9602	0.0284	0.0114
k141_96692	0.5645	0.2719	0.1636
k141_60104	0.9667	0.0232	0.0101
k141_5015	0.0416	0.8818	0.0766
k141_133748	0.8590	0.0942	0.0468
k141_40411	0.8142	0.1636	0.0222
k141_23277	0.9793	0.0156	0.0052
k141_60108	0.8819	0.0738	0.0443
k141_115450	0.5273	0.2309	0.2418
k141_96698	0.9491	0.0390	0.0119
k141_23282	0.7464	0.1846	0.0690
k141_5023	0.7599	0.1140	0.1262
k141_133754	0.2376	0.5995	0.1629
k141_60111	0.4632	0.4297	0.1071
k141_40417	0.6723	0.2195	0.1082
k141_115456	0.6671	0.1940	0.1389
k141_5027	0.8348	0.1438	0.0215
k141_115457	0.4069	0.5148	0.0783
k141_5028	0.1619	0.2096	0.6285
k141_60115	0.9476	0.0361	0.0163
k141_96711	0.8392	0.1108	0.0500
k141_133760	0.8310	0.1336	0.0354
k141_40422	0.2555	0.0353	0.7092
k141_60119	0.3198	0.3450	0.3351
k141_133761	0.2191	0.0378	0.7432
k141_40423	0.6466	0.2696	0.0839
k141_133762	0.2778	0.3343	0.3879
k141_115465	0.9658	0.0261	0.0081
k141_5037	0.9480	0.0363	0.0157
k141_96721	0.7747	0.1811	0.0442
k141_5041	0.9372	0.0524	0.0104
k141_40428	0.8958	0.0752	0.0290
k141_133767	0.6836	0.1530	0.1634
k141_133769	0.3885	0.4865	0.1249
k141_5045	0.5640	0.2926	0.1434
k141_23314	0.9223	0.0574	0.0203
k141_133772	0.1668	0.3574	0.4757
k141_23315	0.7715	0.1613	0.0672
k141_115477	0.8590	0.0948	0.0462
k141_60132	0.9186	0.0623	0.0191
k141_96730	0.5422	0.2443	0.2134
k141_5048	0.5017	0.2406	0.2577
k141_133773	0.7263	0.1853	0.0884
k141_40434	0.8434	0.1226	0.0340
k141_60134	0.5552	0.2573	0.1876
k141_96733	0.5841	0.2705	0.1454
k141_133774	0.0678	0.0832	0.8490
k141_115481	0.5800	0.2436	0.1765
k141_78275	0.9700	0.0213	0.0087
k141_133778	0.4605	0.3733	0.1662
k141_40437	0.9563	0.0297	0.0141
k141_96738	0.1572	0.5494	0.2934
k141_5054	0.6296	0.3284	0.0420
k141_78279	0.2932	0.5799	0.1269
k141_60139	0.7567	0.1920	0.0514
k141_133781	0.5838	0.0594	0.3568
k141_60143	0.9355	0.0448	0.0197
k141_78283	0.8219	0.1067	0.0714
k141_40443	0.9750	0.0187	0.0063
k141_96744	0.9744	0.0181	0.0075
k141_60147	0.9330	0.0486	0.0185
k141_115497	0.7928	0.1453	0.0619
k141_5066	0.7308	0.1426	0.1266
k141_115498	0.9186	0.0571	0.0243
k141_78292	0.8972	0.0672	0.0356
k141_60154	0.7278	0.1316	0.1406
k141_133795	0.5944	0.2323	0.1734
k141_78295	0.1093	0.1987	0.6920
k141_60156	0.6967	0.1822	0.1211
k141_96757	0.4101	0.2162	0.3737
k141_5076	0.4494	0.2779	0.2727
k141_115511	0.7425	0.0795	0.1780
k141_78301	0.7607	0.1461	0.0932
k141_133803	0.6348	0.2744	0.0908
k141_96764	0.4568	0.3891	0.1541
k141_40453	0.3239	0.5834	0.0927
k141_115514	0.4053	0.3385	0.2561
k141_78302	0.9208	0.0553	0.0239
k141_60164	0.9342	0.0462	0.0196
k141_78304	0.0698	0.7904	0.1399
k141_5085	0.1328	0.3785	0.4887
k141_60167	0.8664	0.1126	0.0210
k141_96773	0.6321	0.1839	0.1840
k141_5087	0.2230	0.6397	0.1373
k141_23370	0.8908	0.0813	0.0278
k141_60169	0.3964	0.4188	0.1849
k141_23371	0.2520	0.3386	0.4094
k141_133816	0.7099	0.1716	0.1186
k141_96775	0.4060	0.4016	0.1924
k141_5092	0.3547	0.4326	0.2128
k141_115530	0.3898	0.3991	0.2111
k141_5093	0.6839	0.1804	0.1358
k141_96778	0.4887	0.2150	0.2963
k141_23376	0.9535	0.0345	0.0120
k141_60179	0.0645	0.1448	0.7908
k141_40466	0.3190	0.2460	0.4350
k141_23378	0.2854	0.3616	0.3530
k141_115537	0.6143	0.1573	0.2284
k141_133823	0.1282	0.6686	0.2033
k141_96779	0.9458	0.0410	0.0133
k141_40467	0.9042	0.0787	0.0172
k141_60185	0.6247	0.2268	0.1486
k141_60186	0.6792	0.2097	0.1111
k141_115542	0.7834	0.1805	0.0362
k141_96785	0.9272	0.0530	0.0198
k141_78331	0.7175	0.1330	0.1495
k141_133834	0.2612	0.5163	0.2225
k141_23391	0.4941	0.4382	0.0678
k141_5110	0.1516	0.1423	0.7061
k141_23392	0.4350	0.3085	0.2564
k141_96790	0.4823	0.1863	0.3314
k141_78334	0.6769	0.1641	0.1590
k141_115549	0.3586	0.5634	0.0780
k141_5112	0.5975	0.0804	0.3221
k141_133838	0.2676	0.5269	0.2055
k141_78335	0.8340	0.1105	0.0556
k141_115553	0.8947	0.0674	0.0378
k141_5114	0.9355	0.0414	0.0231
k141_133845	0.1329	0.8512	0.0159
k141_78341	0.6171	0.2306	0.1523
k141_40482	0.1320	0.8172	0.0508
k141_23403	0.8270	0.0903	0.0827
k141_5122	0.8887	0.0699	0.0414
k141_78343	0.2163	0.6101	0.1736
k141_60209	0.8672	0.0928	0.0400
k141_23404	0.9149	0.0676	0.0175
k141_133851	0.8293	0.1017	0.0690
k141_23408	0.3935	0.4232	0.1833
k141_60214	0.8889	0.0690	0.0420
k141_133856	0.9289	0.0525	0.0186
k141_115573	0.1858	0.3091	0.5052
k141_78351	0.7009	0.1798	0.1193
k141_23414	0.7018	0.1927	0.1055
k141_60218	0.0652	0.0944	0.8404
k141_115578	0.2747	0.2385	0.4868
k141_40493	0.5096	0.3844	0.1060
k141_60219	0.9398	0.0444	0.0158
k141_40494	0.5487	0.2661	0.1852
k141_23423	0.5781	0.2873	0.1346
k141_78359	0.0114	0.0243	0.9643
k141_133863	0.0083	0.0228	0.9689
k141_115589	0.5716	0.2585	0.1698
k141_133867	0.3636	0.0934	0.5430
k141_78365	0.7955	0.1346	0.0699
k141_5152	0.7306	0.1499	0.1195
k141_23435	0.1548	0.8191	0.0261
k141_60239	0.6471	0.1214	0.2315
k141_78370	0.7982	0.1367	0.0651
k141_60240	0.9695	0.0220	0.0085
k141_115596	0.8529	0.1117	0.0354
k141_115598	0.1623	0.5459	0.2918
k141_40507	0.6937	0.2091	0.0972
k141_5159	0.7263	0.1732	0.1005
k141_78375	0.9067	0.0732	0.0202
k141_23444	0.3528	0.4357	0.2115
k141_96852	0.3072	0.1785	0.5143
k141_78382	0.2103	0.1068	0.6829
k141_40514	0.5046	0.3725	0.1229
k141_96854	0.5841	0.2867	0.1293
k141_60259	0.0326	0.1261	0.8413
k141_96858	0.3269	0.2908	0.3823
k141_133868	0.0657	0.0247	0.9096
k141_78387	0.1410	0.0654	0.7936
k141_5178	0.5592	0.2287	0.2122
k141_40517	0.5804	0.2787	0.1409
k141_23458	0.0076	0.0130	0.9794
k141_78391	0.3511	0.2902	0.3586
k141_40519	0.7120	0.1478	0.1402
k141_133873	0.6639	0.2700	0.0661
k141_5182	0.2781	0.2254	0.4965
k141_23461	0.8686	0.1022	0.0292
k141_78394	0.6895	0.2064	0.1041
k141_133877	0.2844	0.4773	0.2383
k141_40523	0.4940	0.3212	0.1849
k141_78395	0.8617	0.1215	0.0169
k141_5187	0.9469	0.0364	0.0167
k141_96872	0.0312	0.0242	0.9446
k141_115634	0.7268	0.1652	0.1080
k141_60277	0.6315	0.1642	0.2043
k141_133880	0.7975	0.1615	0.0410
k141_40524	0.0467	0.0674	0.8860
k141_23467	0.5465	0.2879	0.1656
k141_60283	0.3078	0.3201	0.3721
k141_115644	0.1049	0.1177	0.7774
k141_23476	0.3721	0.3965	0.2315
k141_5200	0.4510	0.2564	0.2925
k141_78410	0.5247	0.2604	0.2149
k141_96885	0.6117	0.2266	0.1617
k141_60293	0.5863	0.3068	0.1069
k141_96888	0.2257	0.4746	0.2997
k141_115654	0.7513	0.1227	0.1260
k141_133900	0.8788	0.0840	0.0372
k141_23488	0.7071	0.1394	0.1535
k141_60300	0.5071	0.3412	0.1517
k141_96891	0.7732	0.1806	0.0462
k141_40540	0.9414	0.0369	0.0217
k141_115657	0.6333	0.2376	0.1291
k141_60301	0.7860	0.1942	0.0198
k141_5214	0.9390	0.0478	0.0132
k141_78423	0.5229	0.3464	0.1307
k141_40544	0.3799	0.2487	0.3714
k141_96895	0.7957	0.1367	0.0676
k141_115668	0.7924	0.1522	0.0554
k141_78425	0.9514	0.0369	0.0117
k141_115671	0.8429	0.1171	0.0400
k141_96902	0.6486	0.1531	0.1983
k141_78431	0.0319	0.0349	0.9332
k141_40552	0.8920	0.0876	0.0205
k141_60322	0.3887	0.2979	0.3134
k141_115677	0.4493	0.1344	0.4163
k141_5238	0.4541	0.3417	0.2042
k141_115678	0.3909	0.2480	0.3611
k141_78435	0.3915	0.5083	0.1002
k141_115681	0.8224	0.1466	0.0310
k141_23523	0.4890	0.3421	0.1688
k141_96914	0.0732	0.1032	0.8236
k141_5246	0.9751	0.0185	0.0064
k141_60333	0.7973	0.1211	0.0816
k141_78438	0.8436	0.1195	0.0369
k141_23532	0.5432	0.1894	0.2673
k141_96922	0.2692	0.6077	0.1230
k141_23533	0.0087	0.9890	0.0023
k141_115694	0.8912	0.0670	0.0418
k141_78444	0.4302	0.4632	0.1066
k141_96925	0.5647	0.2344	0.2009
k141_23537	0.2992	0.2397	0.4612
k141_5257	0.4494	0.2517	0.2990
k141_60344	0.9657	0.0254	0.0089
k141_78447	0.3151	0.3956	0.2893
k141_23540	0.3616	0.1909	0.4475
k141_40571	0.7698	0.1328	0.0975
k141_5260	0.3028	0.3220	0.3752
k141_96931	0.7128	0.2072	0.0800
k141_60348	0.5258	0.1502	0.3240
k141_23542	0.6347	0.3051	0.0602
k141_78449	0.4702	0.4271	0.1028
k141_115711	0.7388	0.1755	0.0856
k141_78452	0.4526	0.2412	0.3062
k141_23548	0.6397	0.1737	0.1866
k141_5270	0.8986	0.0783	0.0231
k141_96936	0.8093	0.0975	0.0932
k141_115716	0.6641	0.1751	0.1608
k141_78456	0.2089	0.2488	0.5422
k141_60360	0.8120	0.1445	0.0434
k141_23555	0.9221	0.0602	0.0177
k141_96941	0.0096	0.0151	0.9753
k141_5271	0.9539	0.0312	0.0149
k141_96943	0.9667	0.0247	0.0086
k141_115727	0.7145	0.1448	0.1408
k141_23562	0.4097	0.3654	0.2248
k141_5278	0.3740	0.5167	0.1092
k141_78465	0.9245	0.0377	0.0378
k141_96948	0.3661	0.3002	0.3338
k141_60378	0.8654	0.1067	0.0278
k141_133920	0.9627	0.0259	0.0114
k141_115734	0.8300	0.1384	0.0315
k141_96950	0.9411	0.0508	0.0081
k141_40594	0.1649	0.6605	0.1747
k141_60382	0.6777	0.1790	0.1433
k141_23574	0.2411	0.1283	0.6306
k141_133924	0.6067	0.3320	0.0613
k141_5286	0.9564	0.0320	0.0116
k141_40596	0.0300	0.0514	0.9186
k141_5287	0.4117	0.3758	0.2125
k141_133926	0.0866	0.2110	0.7024
k141_115741	0.9365	0.0432	0.0202
k141_78478	0.9767	0.0180	0.0054
k141_115742	0.4789	0.3175	0.2036
k141_23581	0.0370	0.0818	0.8811
k141_60389	0.6893	0.1564	0.1543
k141_23582	0.0202	0.0653	0.9145
k141_60392	0.6166	0.1925	0.1909
k141_96963	0.8667	0.0988	0.0344
k141_78483	0.1896	0.1709	0.6395
k141_96965	0.8403	0.1237	0.0360
k141_78488	0.3145	0.3311	0.3544
k141_60398	0.9515	0.0353	0.0131
k141_60399	0.4249	0.3355	0.2397
k141_115754	0.7147	0.1236	0.1617
k141_78491	0.2596	0.1140	0.6263
k141_133943	0.9798	0.0143	0.0058
k141_60401	0.5735	0.2143	0.2123
k141_40608	0.0151	0.0261	0.9588
k141_23601	0.0108	0.0227	0.9665
k141_96975	0.9431	0.0454	0.0115
k141_60405	0.5259	0.2327	0.2414
k141_96978	0.5593	0.2338	0.2068
k141_5310	0.4207	0.3876	0.1918
k141_133950	0.0355	0.0227	0.9418
k141_115766	0.0564	0.2846	0.6590
k141_5311	0.6651	0.1872	0.1476
k141_115768	0.9419	0.0388	0.0193
k141_96981	0.2306	0.1679	0.6015
k141_5312	0.4477	0.2609	0.2914
k141_60410	0.7201	0.1870	0.0930
k141_96987	0.7640	0.2024	0.0336
k141_40619	0.7916	0.1503	0.0582
k141_5319	0.2273	0.1572	0.6155
k141_60417	0.6163	0.2612	0.1225
k141_133960	0.4012	0.2562	0.3426
k141_115775	0.9467	0.0383	0.0150
k141_133961	0.7905	0.1151	0.0944
k141_78510	0.9767	0.0162	0.0071
k141_96991	0.0380	0.1260	0.8360
k141_115778	0.9466	0.0353	0.0182
k141_115780	0.8638	0.1178	0.0184
k141_40627	0.0257	0.0848	0.8896
k141_23631	0.9481	0.0363	0.0156
k141_78515	0.7900	0.1610	0.0490
k141_40628	0.0191	0.9703	0.0107
k141_5331	0.5945	0.2380	0.1676
k141_115783	0.9633	0.0265	0.0102
k141_23634	0.5743	0.3754	0.0502
k141_60423	0.8843	0.0893	0.0264
k141_78519	0.9672	0.0261	0.0066
k141_115787	0.1703	0.3115	0.5182
k141_23637	0.9569	0.0311	0.0120
k141_60427	0.1114	0.8596	0.0291
k141_5337	0.8738	0.0778	0.0484
k141_78522	0.3940	0.4187	0.1874
k141_5339	0.8495	0.1203	0.0303
k141_23640	0.8915	0.0661	0.0424
k141_5341	0.7592	0.1429	0.0979
k141_60433	0.4985	0.2811	0.2205
k141_60435	0.1578	0.1131	0.7291
k141_97019	0.7949	0.1367	0.0684
k141_60437	0.3139	0.0991	0.5870
k141_5346	0.7547	0.1992	0.0460
k141_23659	0.0803	0.3590	0.5607
k141_60446	0.2495	0.3806	0.3699
k141_134008	0.6282	0.1822	0.1897
k141_5360	0.9439	0.0381	0.0180
k141_97021	0.0186	0.0169	0.9645
k141_134009	0.9782	0.0155	0.0063
k141_60452	0.5518	0.2179	0.2302
k141_115788	0.9698	0.0215	0.0087
k141_97024	0.9176	0.0604	0.0219
k141_115789	0.4873	0.3134	0.1994
k141_78524	0.9673	0.0230	0.0097
k141_78528	0.8747	0.0753	0.0501
k141_23679	0.5158	0.2549	0.2293
k141_134020	0.8242	0.1136	0.0622
k141_78530	0.0537	0.2094	0.7369
k141_97030	0.8118	0.0940	0.0942
k141_60466	0.2782	0.5331	0.1887
k141_134022	0.9382	0.0484	0.0134
k141_97032	0.3271	0.4289	0.2440
k141_115797	0.9397	0.0425	0.0178
k141_134023	0.3427	0.4238	0.2334
k141_134024	0.1277	0.2300	0.6423
k141_5386	0.4941	0.2324	0.2735
k141_97039	0.6961	0.1771	0.1268
k141_115804	0.0800	0.1796	0.7405
k141_78541	0.9867	0.0098	0.0035
k141_23692	0.8802	0.0931	0.0267
k141_5389	0.2657	0.5116	0.2228
k141_60480	0.9088	0.0676	0.0237
k141_78544	0.9606	0.0310	0.0083
k141_134025	0.0743	0.8813	0.0444
k141_5391	0.9545	0.0328	0.0127
k141_115809	0.7595	0.1602	0.0803
k141_23697	0.1832	0.2378	0.5790
k141_115810	0.4838	0.3127	0.2035
k141_5393	0.8384	0.1282	0.0334
k141_97052	0.6625	0.2904	0.0471
k141_23702	0.0620	0.0747	0.8634
k141_115816	0.2420	0.1142	0.6438
k141_5399	0.8861	0.0842	0.0297
k141_40632	0.9731	0.0188	0.0080
k141_78560	0.5456	0.1533	0.3011
k141_60492	0.9397	0.0466	0.0136
k141_134039	0.3480	0.3477	0.3043
k141_97061	0.8988	0.0714	0.0298
k141_60494	0.0443	0.2443	0.7113
k141_5407	0.0326	0.1186	0.8488
k141_40638	0.7920	0.1359	0.0722
k141_115827	0.9490	0.0368	0.0142
k141_134047	0.3032	0.5670	0.1298
k141_5409	0.9391	0.0457	0.0152
k141_5410	0.6513	0.1603	0.1884
k141_78572	0.8666	0.1062	0.0272
k141_134050	0.1140	0.0534	0.8326
k141_115830	0.7113	0.1696	0.1191
k141_60505	0.6040	0.1681	0.2279
k141_5412	0.8683	0.1009	0.0308
k141_97070	0.8328	0.0928	0.0744
k141_5414	0.6461	0.2418	0.1121
k141_97071	0.8121	0.0922	0.0957
k141_78576	0.5996	0.2186	0.1817
k141_134058	0.0614	0.1305	0.8081
k141_97076	0.9219	0.0392	0.0389
k141_115832	0.9602	0.0293	0.0104
k141_115835	0.4794	0.3072	0.2133
k141_97079	0.3770	0.2295	0.3935
k141_134065	0.9825	0.0126	0.0049
k141_60518	0.7506	0.1956	0.0539
k141_40655	0.7146	0.1334	0.1520
k141_97081	0.9483	0.0379	0.0137
k141_134067	0.0522	0.2429	0.7049
k141_60520	0.9618	0.0273	0.0109
k141_78582	0.2861	0.2758	0.4382
k141_5430	0.0130	0.0194	0.9676
k141_23747	0.7131	0.1363	0.1506
k141_5431	0.0212	0.9435	0.0353
k141_78584	0.0747	0.0568	0.8686
k141_23749	0.8638	0.1037	0.0326
k141_97089	0.4183	0.3541	0.2276
k141_60525	0.9756	0.0185	0.0059
k141_5436	0.7481	0.1194	0.1325
k141_134076	0.9502	0.0361	0.0137
k141_60526	0.1294	0.1103	0.7603
k141_5440	0.9517	0.0357	0.0127
k141_78591	0.9485	0.0389	0.0126
k141_97094	0.7434	0.2216	0.0350
k141_115842	0.9651	0.0249	0.0099
k141_5441	0.8962	0.0750	0.0288
k141_134083	0.8212	0.1065	0.0722
k141_5442	0.9475	0.0353	0.0172
k141_115845	0.6744	0.1583	0.1673
k141_60533	0.7589	0.1550	0.0861
k141_40674	0.5355	0.3002	0.1642
k141_5445	0.8613	0.1092	0.0295
k141_115848	0.8138	0.1005	0.0857
k141_23755	0.1033	0.1945	0.7022
k141_97107	0.2801	0.2091	0.5107
k141_78599	0.9777	0.0158	0.0065
k141_5449	0.0881	0.1930	0.7190
k141_5450	0.9487	0.0398	0.0115
k141_60535	0.0069	0.0119	0.9812
k141_78601	0.6671	0.1896	0.1433
k141_23759	0.9377	0.0456	0.0166
k141_5451	0.9503	0.0361	0.0136
k141_40681	0.7779	0.1707	0.0514
k141_134100	0.1542	0.8378	0.0081
k141_60537	0.0965	0.1019	0.8016
k141_134102	0.9498	0.0352	0.0150
k141_115861	0.9828	0.0125	0.0047
k141_97117	0.3767	0.2577	0.3656
k141_60540	0.8171	0.1353	0.0476
k141_23766	0.6842	0.1767	0.1391
k141_78612	0.6159	0.1411	0.2430
k141_23767	0.2049	0.5372	0.2579
k141_60541	0.6909	0.2569	0.0522
k141_134106	0.8113	0.0846	0.1041
k141_97122	0.8618	0.0913	0.0468
k141_40688	0.1466	0.1631	0.6903
k141_115872	0.8479	0.1176	0.0345
k141_60549	0.3092	0.2758	0.4150
k141_5471	0.9785	0.0154	0.0061
k141_23780	0.6005	0.1653	0.2342
k141_60553	0.8997	0.0811	0.0192
k141_5472	0.8278	0.1068	0.0654
k141_134122	0.8661	0.1025	0.0314
k141_115882	0.2184	0.1287	0.6528
k141_97141	0.2673	0.1783	0.5544
k141_78632	0.9567	0.0318	0.0116
k141_5479	0.7280	0.1649	0.1071
k141_60558	0.9136	0.0504	0.0359
k141_115891	0.9281	0.0522	0.0197
k141_97150	0.3643	0.1777	0.4580
k141_134138	0.9356	0.0505	0.0139
k141_40710	0.6643	0.1567	0.1790
k141_23800	0.1526	0.0939	0.7535
k141_23801	0.9670	0.0234	0.0096
k141_60568	0.8370	0.1210	0.0420
k141_97158	0.2546	0.1563	0.5891
k141_60569	0.4005	0.2350	0.3645
k141_23806	0.3948	0.4354	0.1698
k141_97160	0.4432	0.2793	0.2776
k141_60570	0.7677	0.1510	0.0813
k141_5497	0.6583	0.2983	0.0434
k141_60572	0.5071	0.3850	0.1079
k141_23812	0.6514	0.2223	0.1262
k141_40719	0.9577	0.0289	0.0134
k141_60573	0.0408	0.9112	0.0480
k141_97166	0.8898	0.0861	0.0241
k141_134155	0.9546	0.0313	0.0141
k141_23815	0.7968	0.1030	0.1001
k141_115915	0.6937	0.2312	0.0751
k141_134156	0.9605	0.0285	0.0110
k141_78641	0.9727	0.0195	0.0078
k141_97171	0.8888	0.0771	0.0341
k141_115916	0.5867	0.2731	0.1403
k141_60576	0.8837	0.0914	0.0249
k141_97172	0.7342	0.1858	0.0799
k141_40730	0.1091	0.1275	0.7633
k141_134158	0.1540	0.4099	0.4361
k141_23827	0.2678	0.3231	0.4091
k141_5516	0.7973	0.1510	0.0517
k141_97176	0.9513	0.0354	0.0133
k141_134160	0.6880	0.1936	0.1184
k141_78652	0.8794	0.0910	0.0296
k141_5518	0.8445	0.1287	0.0268
k141_23829	0.5535	0.2378	0.2087
k141_78656	0.3546	0.2071	0.4383
k141_60590	0.9307	0.0519	0.0174
k141_23832	0.7672	0.1277	0.1050
k141_97183	0.9378	0.0500	0.0122
k141_115938	0.0112	0.0160	0.9728
k141_5526	0.9258	0.0519	0.0223
k141_60593	0.9645	0.0254	0.0102
k141_23837	0.9406	0.0379	0.0215
k141_60595	0.2704	0.5063	0.2233
k141_97191	0.1830	0.2125	0.6045
k141_115946	0.9692	0.0209	0.0099
k141_40749	0.0341	0.4807	0.4852
k141_115950	0.7487	0.1518	0.0995
k141_134186	0.7765	0.1595	0.0640
k141_115955	0.9397	0.0431	0.0172
k141_134190	0.6261	0.3106	0.0634
k141_60609	0.7424	0.1537	0.1038
k141_40754	0.8807	0.0923	0.0270
k141_23851	0.9229	0.0604	0.0167
k141_134191	0.5902	0.2019	0.2079
k141_78685	0.1183	0.5818	0.2999
k141_60612	0.3347	0.1718	0.4935
k141_97204	0.0111	0.0175	0.9714
k141_134192	0.4749	0.3174	0.2077
k141_78686	0.3091	0.1654	0.5255
k141_60615	0.6278	0.1943	0.1779
k141_78687	0.9550	0.0317	0.0133
k141_60616	0.0248	0.0392	0.9359
k141_78688	0.4296	0.4026	0.1678
k141_97205	0.0186	0.0349	0.9465
k141_23859	0.8268	0.1367	0.0365
k141_97206	0.9592	0.0293	0.0115
k141_134201	0.1062	0.0953	0.7985
k141_115968	0.0076	0.0188	0.9736
k141_23861	0.4117	0.0991	0.4891
k141_134202	0.5589	0.2393	0.2019
k141_115972	0.5112	0.4227	0.0662
k141_60628	0.8920	0.0854	0.0227
k141_78697	0.4815	0.0822	0.4362
k141_5532	0.9644	0.0252	0.0103
k141_134203	0.9834	0.0118	0.0048
k141_60631	0.7783	0.1122	0.1096
k141_134204	0.7235	0.2503	0.0261
k141_23869	0.6106	0.2387	0.1507
k141_97221	0.2265	0.7428	0.0307
k141_78703	0.8438	0.1021	0.0541
k141_23872	0.6363	0.2024	0.1613
k141_5539	0.7416	0.2154	0.0430
k141_134209	0.3501	0.4601	0.1897
k141_115981	0.8815	0.0851	0.0333
k141_23874	0.7749	0.1159	0.1092
k141_134211	0.7076	0.2190	0.0734
k141_5545	0.5714	0.1104	0.3182
k141_115986	0.5860	0.2603	0.1537
k141_78710	0.3626	0.1728	0.4646
k141_60647	0.9723	0.0195	0.0082
k141_40790	0.8189	0.1325	0.0486
k141_115990	0.1165	0.7410	0.1424
k141_5551	0.1635	0.3786	0.4580
k141_60658	0.6142	0.2105	0.1753
k141_115995	0.9727	0.0214	0.0059
k141_97242	0.7760	0.1767	0.0473
k141_5553	0.7509	0.0771	0.1720
k141_134232	0.8054	0.1634	0.0312
k141_78712	0.8106	0.1464	0.0430
k141_60659	0.9585	0.0218	0.0197
k141_115999	0.5442	0.2301	0.2256
k141_60661	0.6620	0.2669	0.0711
k141_23900	0.3051	0.2213	0.4736
k141_97247	0.9290	0.0542	0.0167
k141_78716	0.2504	0.3563	0.3933
k141_5558	0.5392	0.2649	0.1960
k141_40804	0.3989	0.2308	0.3703
k141_134239	0.5008	0.2410	0.2583
k141_60665	0.1897	0.1367	0.6736
k141_116006	0.5256	0.3891	0.0853
k141_134242	0.0458	0.0733	0.8809
k141_134243	0.8507	0.1020	0.0473
k141_78724	0.9252	0.0515	0.0233
k141_60669	0.8197	0.1248	0.0555
k141_78726	0.7568	0.1082	0.1350
k141_134249	0.8760	0.0986	0.0255
k141_60675	0.8259	0.0835	0.0906
k141_78728	0.7221	0.1470	0.1310
k141_5575	0.6405	0.2019	0.1576
k141_134254	0.4699	0.2338	0.2964
k141_5583	0.3266	0.2016	0.4718
k141_97273	0.1178	0.0509	0.8313
k141_116027	0.5816	0.2103	0.2081
k141_60684	0.9705	0.0214	0.0081
k141_134255	0.0747	0.0548	0.8705
k141_116028	0.6851	0.1910	0.1240
k141_78734	0.9546	0.0287	0.0168
k141_40805	0.9445	0.0381	0.0174
k141_5589	0.4098	0.2749	0.3153
k141_134261	0.8964	0.0632	0.0405
k141_116035	0.8946	0.0771	0.0283
k141_5594	0.1621	0.2024	0.6355
k141_23918	0.9657	0.0240	0.0103
k141_40807	0.4429	0.0980	0.4591
k141_78743	0.8930	0.0640	0.0430
k141_116040	0.0110	0.0154	0.9736
k141_5597	0.3998	0.3614	0.2388
k141_23925	0.9749	0.0177	0.0075
k141_97296	0.8885	0.0841	0.0275
k141_134278	0.5648	0.3113	0.1239
k141_78753	0.1176	0.1214	0.7610
k141_97299	0.6511	0.2125	0.1364
k141_5608	0.2713	0.5483	0.1805
k141_78757	0.9092	0.0686	0.0222
k141_134285	0.1159	0.2799	0.6042
k141_60716	0.9636	0.0286	0.0078
k141_5609	0.3438	0.5579	0.0983
k141_97304	0.1411	0.5871	0.2718
k141_5612	0.8789	0.0900	0.0311
k141_60719	0.8649	0.1091	0.0260
k141_78767	0.0196	0.0217	0.9587
k141_116058	0.9846	0.0115	0.0039
k141_97309	0.3216	0.5024	0.1761
k141_134295	0.6913	0.1509	0.1578
k141_5617	0.1455	0.4768	0.3777
k141_134296	0.8493	0.0831	0.0676
k141_116061	0.1607	0.1492	0.6901
k141_60724	0.0573	0.4821	0.4606
k141_116065	0.9438	0.0390	0.0172
k141_97317	0.1599	0.1419	0.6982
k141_60730	0.9715	0.0196	0.0089
k141_78778	0.5601	0.2653	0.1746
k141_116066	0.0357	0.0982	0.8662
k141_23962	0.8185	0.1366	0.0450
k141_60731	0.2099	0.1986	0.5915
k141_134304	0.9023	0.0744	0.0233
k141_78780	0.2020	0.1790	0.6190
k141_23964	0.6382	0.3087	0.0531
k141_40808	0.9394	0.0438	0.0168
k141_134306	0.3862	0.4429	0.1708
k141_78783	0.0711	0.2262	0.7027
k141_40809	0.9419	0.0420	0.0161
k141_97324	0.9251	0.0571	0.0178
k141_5632	0.6536	0.2514	0.0950
k141_134310	0.0114	0.0262	0.9624
k141_116077	0.3804	0.2139	0.4057
k141_60739	0.7906	0.1473	0.0621
k141_134311	0.9442	0.0416	0.0142
k141_5634	0.8610	0.0807	0.0583
k141_97325	0.9575	0.0305	0.0120
k141_116079	0.7084	0.1653	0.1263
k141_60744	0.6297	0.1540	0.2163
k141_97326	0.6455	0.2492	0.1053
k141_78786	0.9387	0.0404	0.0210
k141_40818	0.2026	0.4035	0.3939
k141_60748	0.5939	0.2759	0.1303
k141_134323	0.6940	0.1862	0.1198
k141_5646	0.8388	0.1267	0.0345
k141_40820	0.8132	0.1461	0.0407
k141_23990	0.4536	0.3485	0.1979
k141_97336	0.5579	0.3300	0.1122
k141_60749	0.9864	0.0099	0.0037
k141_78800	0.4423	0.4549	0.1029
k141_134327	0.7920	0.1688	0.0392
k141_60750	0.6507	0.1645	0.1847
k141_116098	0.6250	0.2497	0.1253
k141_5654	0.7684	0.1031	0.1285
k141_78803	0.7727	0.1643	0.0629
k141_116100	0.7762	0.1600	0.0637
k141_97346	0.9604	0.0267	0.0130
k141_24002	0.4287	0.3813	0.1900
k141_5660	0.4068	0.1996	0.3936
k141_116103	0.6542	0.2624	0.0835
k141_60760	0.3327	0.0634	0.6039
k141_134338	0.7286	0.1461	0.1252
k141_60761	0.9095	0.0691	0.0214
k141_116109	0.9017	0.0743	0.0241
k141_78814	0.9549	0.0322	0.0129
k141_134342	0.0113	0.0165	0.9722
k141_60763	0.9500	0.0372	0.0128
k141_5670	0.6719	0.1836	0.1446
k141_78817	0.0758	0.8491	0.0751
k141_134347	0.9019	0.0825	0.0156
k141_116115	0.3761	0.3740	0.2499
k141_5675	0.7136	0.1799	0.1065
k141_78819	0.8301	0.1453	0.0245
k141_24022	0.1851	0.2005	0.6144
k141_97365	0.9282	0.0504	0.0214
k141_40843	0.9118	0.0625	0.0256
k141_134348	0.9621	0.0277	0.0103
k141_24024	0.0534	0.0780	0.8686
k141_60774	0.0863	0.5994	0.3142
k141_78831	0.9594	0.0318	0.0088
k141_5690	0.5864	0.2229	0.1907
k141_60778	0.0993	0.5585	0.3422
k141_97378	0.0386	0.0332	0.9282
k141_24039	0.1233	0.3481	0.5286
k141_116138	0.1402	0.3086	0.5511
k141_97381	0.6250	0.2381	0.1369
k141_60785	0.4015	0.2775	0.3210
k141_134369	0.1901	0.2710	0.5389
k141_116140	0.5929	0.2877	0.1195
k141_116142	0.2340	0.5975	0.1686
k141_134375	0.4798	0.1458	0.3744
k141_78848	0.7320	0.1951	0.0730
k141_5709	0.0238	0.0306	0.9456
k141_97393	0.8545	0.1154	0.0302
k141_40862	0.7263	0.1623	0.1114
k141_24055	0.1279	0.7523	0.1198
k141_60799	0.0877	0.1194	0.7929
k141_5712	0.8901	0.0723	0.0375
k141_78852	0.1724	0.7277	0.0999
k141_134382	0.4222	0.4786	0.0993
k141_60802	0.9451	0.0389	0.0160
k141_116157	0.5922	0.2643	0.1435
k141_24061	0.5621	0.2555	0.1824
k141_134386	0.7005	0.1272	0.1723
k141_5720	0.8263	0.1394	0.0343
k141_116158	0.6397	0.1617	0.1986
k141_24063	0.9159	0.0669	0.0173
k141_97405	0.9088	0.0631	0.0281
k141_134389	0.9460	0.0409	0.0131
k141_5722	0.7292	0.1239	0.1469
k141_78865	0.7976	0.1044	0.0981
k141_97408	0.9560	0.0351	0.0090
k141_116165	0.2651	0.0921	0.6429
k141_97414	0.9169	0.0635	0.0196
k141_60807	0.9789	0.0151	0.0060
k141_78874	0.1520	0.6990	0.1491
k141_5734	0.7868	0.1476	0.0655
k141_60808	0.7700	0.1442	0.0858
k141_116171	0.7413	0.1702	0.0885
k141_134403	0.1669	0.4158	0.4173
k141_24073	0.0607	0.0298	0.9096
k141_5736	0.0129	0.0221	0.9650
k141_24076	0.5591	0.3610	0.0799
k141_97422	0.7932	0.1666	0.0402
k141_60812	0.9677	0.0227	0.0096
k141_5739	0.0456	0.2092	0.7451
k141_134413	0.8886	0.0869	0.0246
k141_5740	0.7954	0.1242	0.0803
k141_78887	0.1524	0.5325	0.3151
k141_97427	0.8834	0.0922	0.0244
k141_78888	0.7617	0.1205	0.1178
k141_24086	0.9103	0.0621	0.0276
k141_5744	0.0172	0.0193	0.9635
k141_97429	0.8927	0.0838	0.0235
k141_60821	0.4128	0.4311	0.1561
k141_116186	0.9667	0.0242	0.0091
k141_134423	0.6121	0.1305	0.2574
k141_97433	0.9747	0.0177	0.0076
k141_116187	0.8746	0.0859	0.0395
k141_97437	0.7992	0.1324	0.0683
k141_40904	0.5578	0.2519	0.1903
k141_116191	0.7010	0.1895	0.1094
k141_60829	0.7391	0.1734	0.0875
k141_5753	0.9728	0.0183	0.0089
k141_116192	0.3700	0.3393	0.2907
k141_97439	0.8325	0.1231	0.0444
k141_78902	0.9566	0.0307	0.0127
k141_40906	0.6031	0.1271	0.2699
k141_97440	0.1584	0.2162	0.6253
k141_24104	0.5738	0.2560	0.1702
k141_78903	0.2532	0.4668	0.2799
k141_134438	0.5813	0.2519	0.1668
k141_5757	0.7482	0.1469	0.1048
k141_116197	0.6806	0.1553	0.1641
k141_78906	0.0667	0.1130	0.8203
k141_134440	0.8905	0.0693	0.0402
k141_60836	0.5122	0.3727	0.1151
k141_116200	0.5720	0.2167	0.2113
k141_134441	0.7367	0.1418	0.1214
k141_40912	0.0369	0.2527	0.7104
k141_5762	0.6347	0.2922	0.0731
k141_40913	0.6153	0.2006	0.1841
k141_97452	0.9780	0.0168	0.0052
k141_97454	0.2158	0.5823	0.2019
k141_116211	0.8625	0.1110	0.0265
k141_78920	0.1811	0.2250	0.5939
k141_60852	0.9580	0.0266	0.0154
k141_60853	0.7585	0.1654	0.0760
k141_40921	0.2790	0.1037	0.6173
k141_5774	0.0126	0.0212	0.9662
k141_116219	0.9459	0.0401	0.0140
k141_97464	0.9385	0.0439	0.0176
k141_60859	0.4682	0.2070	0.3248
k141_116224	0.6063	0.2321	0.1616
k141_97469	0.9841	0.0116	0.0043
k141_24143	0.0393	0.0486	0.9121
k141_40932	0.8655	0.1062	0.0283
k141_116228	0.0168	0.0237	0.9595
k141_78941	0.7617	0.1230	0.1153
k141_97473	0.1316	0.1818	0.6866
k141_24146	0.7924	0.1011	0.1065
k141_116230	0.0346	0.0590	0.9064
k141_60866	0.9700	0.0207	0.0093
k141_40934	0.9229	0.0555	0.0216
k141_60867	0.4702	0.3399	0.1900
k141_134477	0.9521	0.0345	0.0134
k141_97478	0.9490	0.0359	0.0150
k141_60868	0.0919	0.1348	0.7733
k141_78942	0.9512	0.0343	0.0145
k141_134479	0.0408	0.0308	0.9283
k141_40940	0.3871	0.3816	0.2313
k141_24157	0.0119	0.0224	0.9656
k141_78945	0.8269	0.1532	0.0199
k141_60875	0.3753	0.3570	0.2677
k141_5807	0.4065	0.2914	0.3020
k141_134484	0.0913	0.0735	0.8352
k141_116246	0.1970	0.3287	0.4744
k141_60879	0.0324	0.0273	0.9403
k141_24163	0.8643	0.1036	0.0321
k141_5810	0.1182	0.1480	0.7338
k141_78954	0.8339	0.1022	0.0639
k141_116249	0.9400	0.0422	0.0178
k141_97494	0.9588	0.0311	0.0100
k141_134490	0.9557	0.0314	0.0130
k141_60883	0.1768	0.2284	0.5948
k141_78958	0.6535	0.1327	0.2138
k141_97498	0.1067	0.6232	0.2701
k141_24172	0.3722	0.3919	0.2359
k141_116255	0.1094	0.1457	0.7449
k141_5819	0.9387	0.0416	0.0196
k141_116256	0.2893	0.6333	0.0775
k141_40955	0.0153	0.0330	0.9517
k141_97501	0.5940	0.2700	0.1360
k141_134499	0.7647	0.2141	0.0213
k141_78961	0.9417	0.0407	0.0176
k141_24178	0.8224	0.1085	0.0692
k141_97504	0.9346	0.0451	0.0203
k141_134500	0.5296	0.3105	0.1599
k141_24179	0.0117	0.0161	0.9723
k141_116260	0.9537	0.0341	0.0122
k141_78964	0.0810	0.7486	0.1704
k141_5828	0.9425	0.0419	0.0156
k141_116263	0.5903	0.2180	0.1917
k141_24185	0.9158	0.0649	0.0193
k141_60904	0.8278	0.1278	0.0445
k141_78966	0.1108	0.6989	0.1903
k141_40967	0.9261	0.0522	0.0216
k141_134509	0.7150	0.1571	0.1279
k141_78967	0.7868	0.1616	0.0516
k141_116266	0.7649	0.1574	0.0777
k141_40969	0.9018	0.0698	0.0284
k141_78968	0.1728	0.1321	0.6951
k141_40970	0.6393	0.2278	0.1329
k141_134516	0.5929	0.3131	0.0939
k141_24197	0.9599	0.0287	0.0115
k141_60914	0.8285	0.1290	0.0425
k141_5846	0.7814	0.1112	0.1074
k141_116275	0.7241	0.1874	0.0885
k141_24202	0.3447	0.3883	0.2670
k141_97530	0.1138	0.0945	0.7917
k141_78979	0.4108	0.4331	0.1561
k141_60921	0.9055	0.0645	0.0300
k141_78981	0.6126	0.2102	0.1772
k141_60922	0.7723	0.1684	0.0593
k141_116280	0.4707	0.3743	0.1550
k141_5857	0.0124	0.9776	0.0100
k141_134531	0.7691	0.1425	0.0884
k141_134532	0.9425	0.0453	0.0121
k141_116286	0.4751	0.3605	0.1644
k141_24217	0.5554	0.2397	0.2049
k141_97541	0.3936	0.3507	0.2557
k141_60930	0.6324	0.1842	0.1834
k141_78995	0.8748	0.1018	0.0233
k141_5869	0.4466	0.3661	0.1873
k141_116297	0.1666	0.6026	0.2308
k141_79000	0.9074	0.0777	0.0149
k141_97554	0.6761	0.2116	0.1123
k141_40995	0.7926	0.1683	0.0392
k141_60941	0.6412	0.2270	0.1318
k141_79002	0.4241	0.4287	0.1472
k141_116302	0.9404	0.0426	0.0170
k141_134551	0.6277	0.1924	0.1798
k141_79003	0.2699	0.4496	0.2805
k141_24234	0.3046	0.3014	0.3940
k141_5877	0.7211	0.1390	0.1399
k141_40998	0.2206	0.7280	0.0515
k141_134555	0.2526	0.4736	0.2737
k141_79007	0.1383	0.2340	0.6277
k141_97555	0.0160	0.0218	0.9621
k141_116309	0.9152	0.0584	0.0264
k141_79010	0.6703	0.2341	0.0955
k141_116314	0.0213	0.0196	0.9591
k141_5887	0.5850	0.2407	0.1743
k141_134561	0.7931	0.1302	0.0767
k141_97563	0.3561	0.6164	0.0276
k141_134562	0.8373	0.1227	0.0401
k141_97565	0.7465	0.1859	0.0676
k141_134563	0.8871	0.0858	0.0271
k141_79018	0.9308	0.0530	0.0162
k141_134565	0.6307	0.1812	0.1881
k141_116323	0.9317	0.0515	0.0168
k141_79019	0.7127	0.1757	0.1116
k141_5894	0.4870	0.4560	0.0570
k141_5898	0.2829	0.4130	0.3042
k141_116328	0.7278	0.1979	0.0743
k141_60973	0.4595	0.3158	0.2247
k141_116329	0.3373	0.4793	0.1834
k141_134573	0.6139	0.1942	0.1920
k141_41019	0.6845	0.1394	0.1761
k141_5902	0.0361	0.8631	0.1008
k141_60979	0.9573	0.0314	0.0113
k141_24238	0.0080	0.0126	0.9794
k141_134580	0.6330	0.2203	0.1467
k141_60984	0.7398	0.1294	0.1308
k141_24243	0.3686	0.2307	0.4006
k141_5906	0.9157	0.0454	0.0390
k141_116345	0.6734	0.1653	0.1613
k141_79041	0.2025	0.2025	0.5950
k141_134586	0.5825	0.2802	0.1373
k141_60991	0.3035	0.1083	0.5881
k141_5912	0.1662	0.7276	0.1062
k141_41032	0.9012	0.0751	0.0237
k141_97599	0.6907	0.1558	0.1535
k141_60994	0.8701	0.0974	0.0325
k141_5914	0.5626	0.2620	0.1754
k141_24255	0.7990	0.1791	0.0219
k141_116353	0.3050	0.5197	0.1753
k141_116354	0.5673	0.2550	0.1777
k141_79046	0.6945	0.1812	0.1243
k141_41037	0.1561	0.2594	0.5845
k141_61000	0.9371	0.0419	0.0211
k141_134597	0.9146	0.0657	0.0197
k141_41039	0.9658	0.0260	0.0082
k141_24266	0.1495	0.6223	0.2282
k141_61004	0.6907	0.1698	0.1395
k141_79053	0.2921	0.1590	0.5490
k141_41040	0.6651	0.3041	0.0308
k141_116364	0.2329	0.2283	0.5388
k141_24268	0.7007	0.1822	0.1171
k141_134603	0.9363	0.0416	0.0221
k141_134604	0.5267	0.2666	0.2067
k141_61009	0.6526	0.3089	0.0385
k141_134605	0.8461	0.1047	0.0492
k141_5937	0.3018	0.2470	0.4513
k141_61012	0.9005	0.0638	0.0357
k141_134607	0.2003	0.7229	0.0768
k141_5938	0.3706	0.4381	0.1913
k141_24278	0.1678	0.1522	0.6800
k141_79069	0.4812	0.2923	0.2266
k141_116375	0.9771	0.0162	0.0067
k141_61021	0.9099	0.0703	0.0198
k141_79071	0.9433	0.0399	0.0168
k141_97635	0.9220	0.0606	0.0174
k141_24286	0.0401	0.0390	0.9208
k141_41055	0.1363	0.1130	0.7507
k141_79072	0.9490	0.0379	0.0131
k141_134619	0.6749	0.1320	0.1931
k141_24292	0.3719	0.2221	0.4060
k141_5952	0.9156	0.0570	0.0274
k141_116387	0.5828	0.2374	0.1798
k141_61032	0.7606	0.1653	0.0740
k141_79079	0.9672	0.0247	0.0080
k141_97647	0.2088	0.1159	0.6752
k141_24300	0.8901	0.0853	0.0246
k141_41067	0.1017	0.8684	0.0299
k141_61035	0.0484	0.0230	0.9286
k141_116394	0.5819	0.3300	0.0882
k141_5960	0.9279	0.0547	0.0174
k141_61040	0.3463	0.2223	0.4314
k141_134640	0.8629	0.1059	0.0312
k141_5962	0.9556	0.0346	0.0097
k141_97656	0.1913	0.4595	0.3491
k141_24308	0.3056	0.4489	0.2456
k141_61043	0.4510	0.3322	0.2168
k141_79093	0.6506	0.1767	0.1726
k141_5964	0.0573	0.2069	0.7357
k141_97659	0.1759	0.1181	0.7060
k141_41075	0.7991	0.1585	0.0424
k141_116399	0.8158	0.1550	0.0292
k141_61049	0.3558	0.4113	0.2329
k141_134648	0.1263	0.1473	0.7264
k141_24311	0.0287	0.9049	0.0664
k141_79099	0.7720	0.1156	0.1124
k141_97667	0.2988	0.4367	0.2644
k141_5974	0.2414	0.4206	0.3380
k141_61053	0.2170	0.2866	0.4964
k141_97670	0.4735	0.1638	0.3627
k141_134654	0.8716	0.1002	0.0282
k141_41083	0.8808	0.0721	0.0470
k141_24317	0.7455	0.1792	0.0753
k141_116410	0.6983	0.1786	0.1231
k141_134658	0.9271	0.0520	0.0210
k141_116411	0.1899	0.3173	0.4929
k141_79110	0.6539	0.1898	0.1563
k141_61062	0.1560	0.3681	0.4759
k141_134662	0.5424	0.2767	0.1810
k141_79113	0.4348	0.3220	0.2433
k141_61065	0.5369	0.1658	0.2973
k141_24329	0.5311	0.2138	0.2551
k141_61069	0.4637	0.2693	0.2671
k141_134668	0.0186	0.0288	0.9526
k141_41100	0.5969	0.1697	0.2334
k141_79123	0.5895	0.2862	0.1243
k141_5997	0.1624	0.1918	0.6457
k141_24339	0.1505	0.7325	0.1170
k141_97696	0.4634	0.4794	0.0573
k141_6002	0.4917	0.2462	0.2621
k141_116433	0.2974	0.2920	0.4106
k141_79132	0.3023	0.4662	0.2315
k141_24344	0.9822	0.0130	0.0048
k141_61086	0.7083	0.1219	0.1697
k141_97701	0.1601	0.6212	0.2187
k141_6007	0.5513	0.2680	0.1807
k141_61087	0.8994	0.0776	0.0230
k141_61088	0.6565	0.1713	0.1722
k141_79133	0.9230	0.0572	0.0197
k141_134687	0.0460	0.1643	0.7896
k141_24351	0.9285	0.0515	0.0200
k141_97710	0.2088	0.1302	0.6610
k141_116440	0.8512	0.1266	0.0222
k141_24353	0.1158	0.2024	0.6818
k141_61094	0.9356	0.0524	0.0120
k141_116441	0.3385	0.3971	0.2644
k141_41120	0.7571	0.1014	0.1416
k141_6022	0.8216	0.1235	0.0549
k141_134693	0.6532	0.0678	0.2790
k141_61099	0.8132	0.0921	0.0947
k141_79144	0.1996	0.6328	0.1676
k141_61101	0.6793	0.1816	0.1390
k141_41123	0.7184	0.1628	0.1188
k141_79148	0.5000	0.3160	0.1840
k141_6026	0.1179	0.7789	0.1032
k141_24370	0.0597	0.0543	0.8860
k141_134700	0.6939	0.1288	0.1773
k141_116454	0.7072	0.1662	0.1266
k141_79156	0.6970	0.1703	0.1327
k141_24375	0.0574	0.1016	0.8410
k141_61112	0.9315	0.0541	0.0144
k141_97736	0.1441	0.6960	0.1599
k141_6031	0.9361	0.0541	0.0099
k141_116462	0.2179	0.6374	0.1447
k141_6032	0.6941	0.1426	0.1632
k141_79163	0.6553	0.1701	0.1747
k141_116466	0.7447	0.1324	0.1229
k141_79165	0.5074	0.1141	0.3785
k141_116470	0.8693	0.1020	0.0287
k141_79166	0.5761	0.3225	0.1015
k141_24392	0.9586	0.0320	0.0094
k141_61127	0.9190	0.0550	0.0260
k141_79167	0.3309	0.3760	0.2931
k141_134722	0.6789	0.1908	0.1303
k141_24394	0.0112	0.0395	0.9493
k141_41127	0.9523	0.0345	0.0131
k141_134723	0.5382	0.3164	0.1454
k141_24395	0.6344	0.2664	0.0992
k141_24396	0.9655	0.0233	0.0113
k141_79176	0.6006	0.3003	0.0991
k141_134729	0.9723	0.0190	0.0087
k141_6053	0.8662	0.1036	0.0301
k141_79180	0.3984	0.5169	0.0847
k141_41128	0.9792	0.0150	0.0058
k141_116484	0.6894	0.2409	0.0697
k141_134731	0.8863	0.0780	0.0357
k141_79181	0.8286	0.0912	0.0802
k141_61144	0.7068	0.1687	0.1245
k141_134733	0.8611	0.1014	0.0375
k141_97774	0.7238	0.1224	0.1538
k141_24409	0.3083	0.2727	0.4189
k141_97778	0.9667	0.0231	0.0102
k141_79186	0.0278	0.7419	0.2302
k141_61153	0.8980	0.0652	0.0367
k141_134741	0.9486	0.0328	0.0187
k141_97780	0.9275	0.0608	0.0117
k141_134742	0.5942	0.2373	0.1685
k141_6068	0.6774	0.2158	0.1069
k141_41137	0.5690	0.2717	0.1592
k141_24420	0.3863	0.3409	0.2728
k141_79193	0.7582	0.1285	0.1134
k141_134746	0.9219	0.0596	0.0185
k141_6069	0.9661	0.0247	0.0092
k141_116502	0.6523	0.2813	0.0664
k141_97784	0.5815	0.3294	0.0891
k141_134747	0.5413	0.3236	0.1350
k141_6070	0.7741	0.1910	0.0349
k141_79196	0.4429	0.3640	0.1931
k141_6072	0.8872	0.0875	0.0252
k141_24427	0.0755	0.0671	0.8574
k141_116506	0.7885	0.1000	0.1116
k141_134752	0.7602	0.1347	0.1051
k141_61159	0.8027	0.1771	0.0202
k141_116508	0.9357	0.0446	0.0196
k141_24434	0.0361	0.0309	0.9330
k141_61162	0.9319	0.0558	0.0123
k141_134756	0.4825	0.3534	0.1641
k141_116513	0.9665	0.0232	0.0103
k141_79209	0.8186	0.1505	0.0309
k141_6086	0.3128	0.2249	0.4624
k141_134758	0.9573	0.0311	0.0116
k141_61166	0.9426	0.0443	0.0131
k141_6089	0.1845	0.3454	0.4702
k141_61167	0.8248	0.1273	0.0479
k141_116520	0.7083	0.1669	0.1248
k141_97808	0.1176	0.1039	0.7785
k141_134764	0.9588	0.0280	0.0132
k141_6092	0.9459	0.0394	0.0147
k141_24449	0.9685	0.0219	0.0096
k141_61168	0.8976	0.0793	0.0230
k141_24451	0.5464	0.2477	0.2059
k141_6096	0.9139	0.0635	0.0226
k141_134767	0.0435	0.0992	0.8574
k141_79223	0.8148	0.0903	0.0949
k141_61171	0.6350	0.1809	0.1841
k141_6100	0.9583	0.0304	0.0113
k141_134772	0.5396	0.2785	0.1819
k141_116535	0.2925	0.4101	0.2974
k141_61174	0.7742	0.1480	0.0778
k141_97821	0.3385	0.4785	0.1830
k141_116537	0.0279	0.0365	0.9356
k141_79229	0.9251	0.0577	0.0172
k141_61176	0.8968	0.0729	0.0304
k141_6105	0.9364	0.0453	0.0183
k141_24454	0.9735	0.0183	0.0082
k141_6108	0.6909	0.1903	0.1188
k141_97826	0.9339	0.0454	0.0206
k141_134781	0.8128	0.1477	0.0395
k141_97828	0.3080	0.3080	0.3840
k141_116545	0.3904	0.4081	0.2015
k141_61182	0.0390	0.0898	0.8712
k141_97830	0.5788	0.3166	0.1045
k141_97831	0.7010	0.1433	0.1557
k141_24471	0.9555	0.0277	0.0168
k141_134792	0.2343	0.6153	0.1504
k141_116553	0.5451	0.2676	0.1874
k141_79250	0.6342	0.2148	0.1510
k141_61189	0.4937	0.3880	0.1183
k141_134795	0.1308	0.1240	0.7452
k141_41187	0.6026	0.2603	0.1371
k141_79254	0.3581	0.4312	0.2107
k141_24479	0.0801	0.2204	0.6995
k141_6130	0.6203	0.2144	0.1653
k141_134798	0.5108	0.3922	0.0970
k141_24480	0.5973	0.2085	0.1942
k141_134799	0.1325	0.2184	0.6491
k141_61193	0.9754	0.0189	0.0058
k141_24481	0.3824	0.2446	0.3730
k141_134800	0.2622	0.1134	0.6244
k141_6136	0.6903	0.1835	0.1262
k141_24482	0.5115	0.3337	0.1548
k141_41193	0.0696	0.9125	0.0179
k141_97850	0.3372	0.5488	0.1140
k141_24486	0.9261	0.0566	0.0173
k141_97852	0.3540	0.4320	0.2140
k141_6141	0.8531	0.0981	0.0488
k141_61204	0.7042	0.1702	0.1256
k141_79271	0.9110	0.0684	0.0206
k141_41196	0.9614	0.0276	0.0110
k141_97858	0.5857	0.3731	0.0411
k141_116579	0.9214	0.0561	0.0225
k141_134814	0.8767	0.1040	0.0193
k141_79275	0.0240	0.0306	0.9454
k141_61213	0.1380	0.1260	0.7360
k141_79277	0.9648	0.0234	0.0117
k141_97864	0.1277	0.7683	0.1040
k141_6156	0.7796	0.1614	0.0589
k141_97865	0.7955	0.1266	0.0779
k141_134820	0.9084	0.0749	0.0166
k141_97866	0.1747	0.0907	0.7345
k141_41204	0.9301	0.0496	0.0203
k141_116591	0.8905	0.0772	0.0323
k141_79283	0.9677	0.0234	0.0090
k141_6159	0.0308	0.0595	0.9097
k141_116593	0.6979	0.1865	0.1155
k141_61223	0.6504	0.2162	0.1334
k141_24509	0.9084	0.0749	0.0167
k141_79285	0.0849	0.2234	0.6917
k141_61224	0.8638	0.1150	0.0212
k141_134829	0.2169	0.6282	0.1549
k141_116596	0.7473	0.1818	0.0710
k141_41209	0.0470	0.1479	0.8051
k141_6169	0.9212	0.0579	0.0209
k141_116597	0.4517	0.3648	0.1835
k141_41210	0.7579	0.1713	0.0708
k141_61230	0.7512	0.1527	0.0961
k141_116600	0.8546	0.1111	0.0343
k141_79298	0.1689	0.6731	0.1581
k141_97886	0.2098	0.5434	0.2468
k141_61232	0.9456	0.0397	0.0147
k141_41215	0.0765	0.7679	0.1556
k141_24525	0.8915	0.0724	0.0361
k141_116603	0.6219	0.2702	0.1079
k141_116604	0.0632	0.0413	0.8955
k141_134846	0.6037	0.2141	0.1822
k141_6184	0.6075	0.2451	0.1474
k141_61236	0.8055	0.1504	0.0441
k141_97892	0.7985	0.1533	0.0482
k141_79307	0.1014	0.0947	0.8039
k141_61241	0.7258	0.1734	0.1009
k141_79309	0.8058	0.1748	0.0195
k141_134853	0.6383	0.2267	0.1351
k141_24536	0.6402	0.2149	0.1449
k141_6191	0.2094	0.1019	0.6887
k141_61245	0.7797	0.1393	0.0809
k141_134857	0.6608	0.2007	0.1385
k141_6194	0.4317	0.3286	0.2397
k141_61248	0.3567	0.4155	0.2278
k141_97903	0.9071	0.0695	0.0234
k141_79319	0.0546	0.0992	0.8462
k141_41228	0.4855	0.2942	0.2203
k141_134860	0.4472	0.3980	0.1548
k141_61249	0.5434	0.2597	0.1969
k141_116623	0.2267	0.2475	0.5259
k141_24547	0.0912	0.0730	0.8359
k141_97908	0.0389	0.0527	0.9084
k141_6199	0.0121	0.0182	0.9696
k141_6200	0.5641	0.2935	0.1424
k141_116627	0.1661	0.7532	0.0807
k141_41234	0.9369	0.0491	0.0140
k141_79330	0.3268	0.3931	0.2801
k141_24554	0.2565	0.5543	0.1893
k141_116630	0.9214	0.0594	0.0192
k141_6206	0.1070	0.0950	0.7980
k141_79333	0.9064	0.0687	0.0250
k141_41240	0.6307	0.2373	0.1320
k141_24561	0.2496	0.1590	0.5915
k141_134876	0.9688	0.0217	0.0095
k141_116634	0.7376	0.1259	0.1365
k141_6213	0.9621	0.0274	0.0106
k141_97917	0.0129	0.0309	0.9562
k141_41244	0.3797	0.2884	0.3319
k141_116636	0.5319	0.3768	0.0913
k141_79343	0.5207	0.2461	0.2332
k141_61279	0.6644	0.2041	0.1315
k141_24567	0.1557	0.3018	0.5426
k141_97922	0.2144	0.6102	0.1754
k141_6220	0.8764	0.0605	0.0631
k141_134884	0.8447	0.1091	0.0462
k141_61281	0.0314	0.0301	0.9385
k141_61282	0.7297	0.1892	0.0811
k141_41248	0.8979	0.0741	0.0279
k141_116642	0.1897	0.5815	0.2287
k141_97929	0.9372	0.0485	0.0144
k141_24576	0.4617	0.2334	0.3049
k141_116645	0.0926	0.6579	0.2495
k141_24579	0.9344	0.0462	0.0193
k141_61292	0.0240	0.0428	0.9332
k141_79360	0.8011	0.0995	0.0994
k141_134898	0.8211	0.1340	0.0449
k141_6232	0.7453	0.0772	0.1775
k141_24580	0.8863	0.0890	0.0247
k141_134899	0.4183	0.2241	0.3576
k141_41258	0.4705	0.3156	0.2139
k141_116653	0.2213	0.2316	0.5472
k141_134900	0.0891	0.0778	0.8331
k141_24582	0.1709	0.7341	0.0950
k141_97940	0.4777	0.1460	0.3763
k141_6233	0.9425	0.0423	0.0152
k141_116660	0.6440	0.0975	0.2585
k141_79375	0.0333	0.0326	0.9341
k141_24589	0.1952	0.4185	0.3862
k141_134910	0.1509	0.6640	0.1851
k141_116667	0.7274	0.1251	0.1475
k141_61308	0.9429	0.0374	0.0197
k141_41270	0.8835	0.0866	0.0299
k141_24594	0.4877	0.3718	0.1405
k141_97954	0.9118	0.0695	0.0187
k141_116673	0.0386	0.0400	0.9214
k141_41276	0.0610	0.0640	0.8750
k141_116675	0.2821	0.3793	0.3386
k141_6256	0.3085	0.4724	0.2191
k141_61319	0.2541	0.1504	0.5955
k141_24602	0.8038	0.1213	0.0749
k141_41277	0.4374	0.2782	0.2844
k141_61320	0.8530	0.1053	0.0417
k141_61326	0.9150	0.0587	0.0263
k141_97966	0.0461	0.0338	0.9201
k141_134938	0.9483	0.0344	0.0173
k141_97968	0.6493	0.1556	0.1951
k141_79407	0.5752	0.1710	0.2538
k141_116692	0.9339	0.0498	0.0163
k141_6275	0.9241	0.0497	0.0262
k141_24619	0.8914	0.0826	0.0260
k141_61328	0.7116	0.2047	0.0837
k141_61329	0.7179	0.1329	0.1491
k141_6278	0.8673	0.0923	0.0404
k141_116698	0.6950	0.1859	0.1191
k141_6279	0.3624	0.1947	0.4429
k141_79414	0.2914	0.3430	0.3655
k141_61332	0.9399	0.0400	0.0201
k141_79416	0.0632	0.0481	0.8886
k141_97979	0.5208	0.2593	0.2199
k141_134954	0.3476	0.2738	0.3786
k141_79417	0.9283	0.0546	0.0171
k141_116700	0.9334	0.0504	0.0163
k141_97981	0.2816	0.2911	0.4273
k141_61340	0.0775	0.3384	0.5841
k141_79420	0.9104	0.0695	0.0201
k141_61343	0.7548	0.1455	0.0996
k141_24640	0.0490	0.1375	0.8135
k141_116708	0.1353	0.1793	0.6854
k141_6295	0.3879	0.5091	0.1030
k141_116710	0.5205	0.2956	0.1839
k141_61347	0.9442	0.0388	0.0170
k141_134975	0.3768	0.1943	0.4289
k141_116716	0.7478	0.2107	0.0416
k141_61354	0.5809	0.3776	0.0415
k141_24654	0.0341	0.0322	0.9337
k141_79436	0.7984	0.1251	0.0765
k141_98006	0.0493	0.4022	0.5485
k141_61357	0.2365	0.3492	0.4144
k141_116721	0.9681	0.0233	0.0086
k141_41324	0.3714	0.3151	0.3135
k141_6312	0.3002	0.3495	0.3502
k141_6313	0.7920	0.1279	0.0801
k141_61360	0.3902	0.4216	0.1882
k141_41325	0.5830	0.3145	0.1024
k141_24662	0.1898	0.5960	0.2142
k141_79443	0.9352	0.0462	0.0185
k141_98012	0.5435	0.2631	0.1934
k141_134991	0.6365	0.2422	0.1213
k141_98015	0.8045	0.1734	0.0221
k141_116730	0.0073	0.0138	0.9789
k141_61369	0.0387	0.9268	0.0345
k141_98016	0.9480	0.0412	0.0108
k141_41329	0.8930	0.0799	0.0271
k141_116731	0.6699	0.1609	0.1693
k141_116732	0.9377	0.0449	0.0174
k141_24677	0.0259	0.0214	0.9527
k141_6327	0.0654	0.0455	0.8891
k141_98020	0.4870	0.3613	0.1517
k141_135006	0.6797	0.1505	0.1698
k141_61377	0.7660	0.1632	0.0708
k141_41338	0.6942	0.1913	0.1145
k141_135009	0.6390	0.2050	0.1560
k141_98028	0.7752	0.1050	0.1198
k141_24684	0.6910	0.1558	0.1532
k141_98029	0.6453	0.2880	0.0667
k141_79468	0.6946	0.1660	0.1394
k141_116748	0.9607	0.0297	0.0096
k141_98031	0.0904	0.0737	0.8359
k141_6343	0.8934	0.0798	0.0268
k141_116751	0.4100	0.0675	0.5225
k141_135017	0.2713	0.5550	0.1737
k141_79472	0.0768	0.7257	0.1975
k141_6346	0.5711	0.2624	0.1665
k141_61378	0.9696	0.0214	0.0090
k141_135020	0.0772	0.0602	0.8626
k141_24693	0.7283	0.2382	0.0335
k141_6348	0.3732	0.2468	0.3801
k141_61379	0.2502	0.5154	0.2344
k141_41350	0.1509	0.6610	0.1881
k141_116756	0.9687	0.0211	0.0102
k141_41351	0.0079	0.0119	0.9802
k141_61384	0.3080	0.2729	0.4191
k141_24697	0.5970	0.1914	0.2116
k141_135028	0.4623	0.3219	0.2157
k141_79485	0.2462	0.3554	0.3984
k141_116763	0.8287	0.1291	0.0422
k141_41354	0.9284	0.0476	0.0240
k141_6357	0.5581	0.2886	0.1533
k141_116764	0.8109	0.1073	0.0818
k141_79487	0.5844	0.2268	0.1888
k141_6358	0.1680	0.7531	0.0788
k141_24704	0.5828	0.2924	0.1247
k141_98047	0.9219	0.0550	0.0230
k141_6360	0.2114	0.5265	0.2621
k141_24705	0.9445	0.0373	0.0182
k141_135039	0.7606	0.1480	0.0915
k141_24706	0.7264	0.1112	0.1624
k141_116772	0.7172	0.1492	0.1336
k141_116774	0.6631	0.2109	0.1260
k141_24707	0.0138	0.0330	0.9533
k141_135044	0.9078	0.0659	0.0263
k141_41365	0.8612	0.1064	0.0324
k141_79500	0.6080	0.2740	0.1181
k141_135046	0.0162	0.9456	0.0382
k141_61407	0.7887	0.1722	0.0391
k141_41366	0.8759	0.0801	0.0440
k141_116780	0.9169	0.0648	0.0183
k141_61411	0.1600	0.7672	0.0728
k141_6378	0.1564	0.3883	0.4553
k141_24714	0.7538	0.1693	0.0769
k141_116782	0.5390	0.3168	0.1442
k141_79507	0.9561	0.0302	0.0137
k141_6380	0.8863	0.0898	0.0239
k141_24718	0.4985	0.3372	0.1643
k141_116787	0.5078	0.2858	0.2064
k141_61416	0.5355	0.2593	0.2052
k141_135057	0.9004	0.0777	0.0219
k141_98073	0.8490	0.1046	0.0464
k141_116788	0.1777	0.0398	0.7825
k141_6385	0.0093	0.0143	0.9763
k141_116790	0.8293	0.0824	0.0883
k141_61420	0.6697	0.1482	0.1821
k141_116791	0.8993	0.0674	0.0332
k141_61422	0.0661	0.0710	0.8629
k141_6390	0.9536	0.0322	0.0142
k141_116796	0.8583	0.0829	0.0588
k141_98085	0.2622	0.4455	0.2923
k141_61425	0.0378	0.7609	0.2013
k141_116798	0.9406	0.0373	0.0221
k141_24720	0.9665	0.0244	0.0090
k141_61428	0.7057	0.1472	0.1471
k141_6401	0.0376	0.0267	0.9358
k141_135077	0.8568	0.1128	0.0304
k141_41387	0.1310	0.0976	0.7714
k141_24725	0.7126	0.1808	0.1066
k141_61432	0.3164	0.1755	0.5081
k141_116808	0.6101	0.2635	0.1264
k141_24726	0.9457	0.0395	0.0148
k141_98098	0.1207	0.1468	0.7325
k141_79542	0.0990	0.3968	0.5043
k141_6408	0.6622	0.1677	0.1701
k141_61436	0.8277	0.1330	0.0393
k141_24728	0.9583	0.0314	0.0103
k141_6409	0.9563	0.0324	0.0113
k141_116813	0.5255	0.3355	0.1390
k141_6411	0.4383	0.4861	0.0756
k141_116814	0.8911	0.0883	0.0206
k141_6413	0.4367	0.2445	0.3188
k141_61437	0.8710	0.0700	0.0590
k141_135091	0.6453	0.1916	0.1631
k141_61438	0.4719	0.1003	0.4278
k141_98109	0.8163	0.1444	0.0394
k141_79548	0.2016	0.6889	0.1095
k141_61439	0.7207	0.1544	0.1249
k141_98110	0.1441	0.0988	0.7572
k141_116818	0.9564	0.0316	0.0120
k141_6415	0.8781	0.0651	0.0568
k141_41407	0.6418	0.3032	0.0550
k141_79558	0.8479	0.1148	0.0373
k141_6416	0.6804	0.1048	0.2148
k141_98117	0.6183	0.3415	0.0401
k141_135105	0.3290	0.0360	0.6350
k141_116824	0.7932	0.0942	0.1125
k141_6417	0.4447	0.4048	0.1505
k141_61449	0.0231	0.0180	0.9589
k141_41408	0.9091	0.0723	0.0186
k141_135106	0.4200	0.4285	0.1515
k141_79564	0.1340	0.1183	0.7476
k141_41410	0.3653	0.4440	0.1907
k141_6425	0.9611	0.0297	0.0091
k141_116832	0.6043	0.3162	0.0795
k141_79570	0.3186	0.3796	0.3018
k141_116834	0.5819	0.2204	0.1978
k141_24766	0.4575	0.3892	0.1533
k141_6429	0.5863	0.2329	0.1808
k141_79572	0.9241	0.0561	0.0198
k141_98134	0.9144	0.0512	0.0344
k141_135121	0.9337	0.0583	0.0080
k141_24770	0.6787	0.1565	0.1648
k141_24772	0.9341	0.0483	0.0176
k141_61467	0.2752	0.3572	0.3675
k141_116843	0.2913	0.2086	0.5001
k141_135127	0.6689	0.2310	0.1001
k141_24775	0.1909	0.2045	0.6046
k141_135128	0.8584	0.1031	0.0385
k141_61470	0.7945	0.1329	0.0726
k141_6442	0.7059	0.1643	0.1298
k141_116847	0.9196	0.0558	0.0246
k141_135131	0.7597	0.1839	0.0565
k141_61474	0.0319	0.2137	0.7544
k141_116851	0.9096	0.0686	0.0218
k141_6446	0.1416	0.1381	0.7203
k141_98149	0.7698	0.1854	0.0447
k141_61476	0.5191	0.4519	0.0290
k141_135134	0.1239	0.2151	0.6610
k141_98151	0.7425	0.1652	0.0923
k141_41434	0.5104	0.2954	0.1941
k141_61483	0.9179	0.0635	0.0186
k141_6456	0.3882	0.3489	0.2629
k141_79599	0.7884	0.1589	0.0527
k141_116860	0.4774	0.3064	0.2162
k141_79602	0.5706	0.2488	0.1805
k141_135146	0.9390	0.0434	0.0176
k141_61487	0.2441	0.2640	0.4919
k141_41439	0.9220	0.0512	0.0268
k141_98163	0.4282	0.1970	0.3748
k141_116864	0.1210	0.2851	0.5939
k141_24802	0.5209	0.4033	0.0758
k141_79604	0.9637	0.0252	0.0111
k141_41440	0.7188	0.2026	0.0786
k141_6465	0.1655	0.0668	0.7677
k141_116866	0.3810	0.1970	0.4219
k141_135154	0.0147	0.1015	0.8839
k141_24806	0.9666	0.0228	0.0106
k141_6468	0.7701	0.1313	0.0986
k141_135156	0.1082	0.0676	0.8242
k141_98170	0.8626	0.1115	0.0259
k141_61495	0.9710	0.0211	0.0079
k141_116874	0.7324	0.1255	0.1420
k141_79618	0.8972	0.0788	0.0240
k141_6475	0.7725	0.1360	0.0915
k141_24816	0.7515	0.1538	0.0947
k141_61501	0.9429	0.0430	0.0141
k141_24817	0.8712	0.0927	0.0361
k141_79626	0.3182	0.4927	0.1891
k141_24821	0.3141	0.2302	0.4557
k141_24822	0.9552	0.0354	0.0095
k141_116886	0.8727	0.1036	0.0237
k141_98184	0.2668	0.6609	0.0723
k141_24823	0.4648	0.2703	0.2649
k141_41458	0.6044	0.3735	0.0221
k141_6488	0.1998	0.1443	0.6558
k141_116888	0.3669	0.3751	0.2580
k141_116890	0.1465	0.1904	0.6631
k141_79638	0.8737	0.0992	0.0271
k141_24830	0.7420	0.1850	0.0730
k141_41461	0.9176	0.0678	0.0146
k141_135182	0.3590	0.2013	0.4397
k141_6499	0.1608	0.6369	0.2023
k141_41462	0.4740	0.3491	0.1769
k141_61522	0.8738	0.0807	0.0455
k141_6500	0.8711	0.0833	0.0456
k141_24833	0.9705	0.0218	0.0077
k141_135189	0.9492	0.0355	0.0153
k141_61525	0.2216	0.2398	0.5386
k141_135192	0.0218	0.0284	0.9498
k141_98203	0.6753	0.2828	0.0419
k141_6505	0.8624	0.1053	0.0323
k141_61528	0.4034	0.1915	0.4051
k141_24837	0.8257	0.1183	0.0560
k141_116906	0.8018	0.1352	0.0631
k141_79652	0.2184	0.1397	0.6420
k141_98205	0.0197	0.0241	0.9562
k141_135197	0.7851	0.1753	0.0396
k141_24840	0.4338	0.1443	0.4219
k141_61532	0.2101	0.6665	0.1234
k141_79657	0.4966	0.2083	0.2951
k141_41475	0.0994	0.0889	0.8116
k141_98206	0.9219	0.0588	0.0193
k141_6509	0.0209	0.0500	0.9291
k141_79658	0.4735	0.3057	0.2208
k141_61536	0.3277	0.4859	0.1864
k141_116913	0.6311	0.1978	0.1711
k141_6511	0.3818	0.4276	0.1905
k141_116915	0.8044	0.1254	0.0702
k141_61541	0.9300	0.0509	0.0191
k141_61542	0.9688	0.0232	0.0081
k141_24854	0.2669	0.1763	0.5568
k141_79667	0.9372	0.0455	0.0173
k141_116917	0.6333	0.2643	0.1024
k141_98215	0.0443	0.0465	0.9092
k141_135203	0.0079	0.0130	0.9791
k141_41483	0.7339	0.1675	0.0986
k141_61544	0.9429	0.0411	0.0160
k141_79669	0.1906	0.4239	0.3855
k141_24860	0.9434	0.0427	0.0140
k141_98221	0.6346	0.2736	0.0918
k141_79674	0.3619	0.2091	0.4290
k141_6512	0.9856	0.0105	0.0039
k141_24862	0.7085	0.1619	0.1296
k141_135212	0.7453	0.1596	0.0950
k141_135213	0.9623	0.0254	0.0123
k141_6517	0.8619	0.0840	0.0541
k141_24864	0.9502	0.0367	0.0131
k141_98230	0.9188	0.0643	0.0169
k141_6518	0.1031	0.7901	0.1068
k141_6519	0.8611	0.0893	0.0496
k141_98233	0.1985	0.1995	0.6020
k141_116939	0.2203	0.1411	0.6385
k141_24871	0.6833	0.1623	0.1545
k141_135222	0.1705	0.2173	0.6122
k141_6521	0.1849	0.6433	0.1718
k141_98235	0.0608	0.1642	0.7750
k141_41501	0.7897	0.1137	0.0967
k141_135226	0.7455	0.1809	0.0737
k141_116946	0.3245	0.4487	0.2269
k141_6528	0.6359	0.2324	0.1317
k141_135228	0.9759	0.0185	0.0056
k141_41504	0.2302	0.6826	0.0872
k141_116949	0.6175	0.2165	0.1660
k141_135229	0.6612	0.2805	0.0583
k141_6529	0.9599	0.0286	0.0114
k141_98246	0.1791	0.2959	0.5250
k141_61554	0.9713	0.0205	0.0083
k141_6530	0.0143	0.0177	0.9680
k141_116952	0.8439	0.0900	0.0660
k141_61556	0.5011	0.2205	0.2784
k141_24887	0.7548	0.1574	0.0877
k141_79681	0.0138	0.0197	0.9666
k141_6533	0.6082	0.2765	0.1153
k141_98251	0.8524	0.1018	0.0458
k141_41509	0.9684	0.0225	0.0091
k141_24889	0.7257	0.1623	0.1120
k141_135235	0.9196	0.0532	0.0272
k141_61560	0.9495	0.0361	0.0144
k141_135236	0.7849	0.1109	0.1042
k141_6537	0.8815	0.0810	0.0376
k141_61561	0.7604	0.1974	0.0423
k141_98255	0.0400	0.9523	0.0077
k141_79686	0.0254	0.0327	0.9419
k141_116964	0.7508	0.1701	0.0791
k141_98258	0.7835	0.1470	0.0695
k141_6544	0.0793	0.0531	0.8676
k141_61572	0.9744	0.0188	0.0068
k141_98261	0.9309	0.0443	0.0249
k141_6548	0.0547	0.0279	0.9173
k141_24905	0.1768	0.5016	0.3216
k141_98262	0.0322	0.0351	0.9327
k141_135256	0.5594	0.3142	0.1264
k141_79693	0.0087	0.0213	0.9700
k141_61582	0.9381	0.0455	0.0164
k141_24914	0.8710	0.0942	0.0348
k141_41524	0.9411	0.0456	0.0133
k141_24915	0.8534	0.1181	0.0284
k141_6549	0.0098	0.0217	0.9684
k141_98270	0.1015	0.0571	0.8414
k141_41529	0.1834	0.6299	0.1867
k141_98273	0.0286	0.0458	0.9257
k141_135268	0.7549	0.1387	0.1064
k141_116989	0.8843	0.0887	0.0270
k141_61590	0.8712	0.0997	0.0291
k141_24927	0.1748	0.2501	0.5752
k141_6561	0.5721	0.2124	0.2155
k141_135271	0.8541	0.0956	0.0502
k141_61593	0.2223	0.1511	0.6266
k141_98284	0.7565	0.1964	0.0471
k141_135273	0.2223	0.1458	0.6319
k141_61594	0.6340	0.2381	0.1279
k141_24929	0.7921	0.1310	0.0769
k141_116997	0.9764	0.0171	0.0065
k141_98287	0.1488	0.2839	0.5673
k141_61598	0.1747	0.2109	0.6145
k141_6565	0.8072	0.1210	0.0719
k141_61599	0.7940	0.1453	0.0606
k141_135279	0.7937	0.1334	0.0730
k141_79726	0.8551	0.1129	0.0319
k141_41536	0.9469	0.0372	0.0159
k141_24938	0.4093	0.2952	0.2955
k141_135281	0.3410	0.1846	0.4744
k141_6567	0.5842	0.3311	0.0847
k141_61603	0.9118	0.0513	0.0370
k141_135283	0.8578	0.0937	0.0485
k141_24940	0.9369	0.0493	0.0137
k141_6571	0.9361	0.0459	0.0180
k141_117015	0.2500	0.4012	0.3489
k141_135286	0.8442	0.1222	0.0336
k141_79737	0.0954	0.8315	0.0731
k141_6576	0.5113	0.2493	0.2394
k141_41547	0.2864	0.5747	0.1389
k141_24950	0.8861	0.0823	0.0316
k141_61616	0.7330	0.1908	0.0761
k141_135288	0.0391	0.0321	0.9288
k141_61619	0.7677	0.1661	0.0661
k141_61620	0.1872	0.2204	0.5925
k141_117021	0.0315	0.0646	0.9039
k141_79742	0.3499	0.0845	0.5656
k141_41554	0.8760	0.0882	0.0357
k141_24956	0.8957	0.0804	0.0239
k141_79744	0.4137	0.3470	0.2393
k141_61624	0.4164	0.3932	0.1904
k141_24960	0.8168	0.1556	0.0275
k141_6577	0.0265	0.1232	0.8503
k141_61625	0.5469	0.2224	0.2308
k141_117027	0.9279	0.0486	0.0236
k141_24964	0.9678	0.0247	0.0075
k141_6581	0.8949	0.0726	0.0325
k141_41561	0.7081	0.2087	0.0832
k141_61628	0.9820	0.0141	0.0039
k141_6582	0.9225	0.0556	0.0219
k141_61629	0.6047	0.3117	0.0837
k141_117031	0.8913	0.0824	0.0263
k141_79764	0.8306	0.1095	0.0599
k141_135316	0.2558	0.3305	0.4138
k141_79767	0.0412	0.1474	0.8114
k141_24977	0.8122	0.0923	0.0955
k141_6595	0.0294	0.9462	0.0244
k141_41571	0.1931	0.0379	0.7690
k141_135322	0.2273	0.7283	0.0444
k141_117042	0.2813	0.4104	0.3083
k141_24978	0.0459	0.0679	0.8862
k141_79769	0.9242	0.0549	0.0209
k141_135324	0.2226	0.5573	0.2201
k141_61645	0.8578	0.0980	0.0443
k141_41575	0.7887	0.1496	0.0617
k141_135328	0.0131	0.0184	0.9685
k141_117049	0.7363	0.2216	0.0421
k141_61650	0.7678	0.1226	0.1095
k141_6606	0.9269	0.0476	0.0254
k141_135329	0.6436	0.2143	0.1421
k141_61651	0.4394	0.2236	0.3370
k141_6608	0.2766	0.3710	0.3524
k141_117051	0.9535	0.0316	0.0149
k141_41578	0.8504	0.1150	0.0346
k141_135332	0.8012	0.1405	0.0584
k141_24989	0.9482	0.0363	0.0155
k141_61653	0.0268	0.0647	0.9086
k141_61654	0.8668	0.0949	0.0383
k141_117053	0.6290	0.2722	0.0989
k141_135339	0.5778	0.1473	0.2749
k141_79788	0.9595	0.0290	0.0115
k141_41583	0.5218	0.2764	0.2018
k141_79791	0.3933	0.4230	0.1837
k141_79792	0.0110	0.0171	0.9719
k141_25005	0.1868	0.6949	0.1184
k141_41587	0.2994	0.2120	0.4885
k141_61662	0.7910	0.0979	0.1112
k141_6625	0.8207	0.1413	0.0379
k141_117066	0.1576	0.1425	0.6999
k141_6628	0.8845	0.0792	0.0364
k141_79793	0.8369	0.0947	0.0683
k141_61664	0.8214	0.1234	0.0552
k141_25010	0.4657	0.2517	0.2826
k141_61666	0.2478	0.5456	0.2065
k141_135355	0.2006	0.1952	0.6042
k141_117072	0.2058	0.1421	0.6522
k141_98309	0.9574	0.0297	0.0129
k141_117075	0.0331	0.0520	0.9149
k141_98313	0.2554	0.3706	0.3740
k141_25020	0.6035	0.1731	0.2235
k141_61674	0.8617	0.1165	0.0219
k141_117079	0.0516	0.0612	0.8872
k141_79810	0.0608	0.7598	0.1793
k141_117080	0.2129	0.6702	0.1169
k141_79812	0.6040	0.2392	0.1569
k141_135368	0.7884	0.1503	0.0613
k141_117082	0.8307	0.1305	0.0389
k141_41603	0.0740	0.0847	0.8413
k141_98321	0.9481	0.0367	0.0152
k141_61682	0.9064	0.0493	0.0443
k141_135371	0.4076	0.3444	0.2480
k141_98323	0.1672	0.0414	0.7913
k141_135374	0.2496	0.3600	0.3904
k141_61686	0.6161	0.2709	0.1130
k141_98325	0.8751	0.0947	0.0302
k141_117091	0.5139	0.1953	0.2908
k141_6652	0.6457	0.2612	0.0931
k141_61693	0.9715	0.0210	0.0075
k141_135381	0.6763	0.1584	0.1653
k141_98330	0.6911	0.1292	0.1797
k141_117098	0.9578	0.0278	0.0145
k141_135382	0.2589	0.6132	0.1279
k141_79832	0.6841	0.1578	0.1582
k141_135383	0.7625	0.1386	0.0989
k141_61698	0.4427	0.3392	0.2181
k141_135385	0.6616	0.1806	0.1578
k141_117103	0.4319	0.3316	0.2365
k141_98338	0.5213	0.2397	0.2389
k141_117105	0.6550	0.2424	0.1026
k141_6667	0.5093	0.2814	0.2094
k141_98341	0.1512	0.6210	0.2278
k141_61701	0.1557	0.2038	0.6405
k141_135390	0.2818	0.2783	0.4399
k141_79841	0.5783	0.3115	0.1102
k141_6668	0.8379	0.1183	0.0438
k141_135392	0.4533	0.2930	0.2537
k141_41628	0.0991	0.0356	0.8653
k141_6671	0.5965	0.1532	0.2503
k141_117114	0.1479	0.2001	0.6520
k141_6677	0.6707	0.1363	0.1931
k141_98356	0.2003	0.1746	0.6251
k141_79852	0.7643	0.1905	0.0453
k141_117118	0.7397	0.1294	0.1309
k141_6679	0.8084	0.1295	0.0621
k141_135403	0.4352	0.1803	0.3845
k141_61713	0.3524	0.5270	0.1205
k141_41637	0.7574	0.1088	0.1338
k141_79856	0.5776	0.1701	0.2523
k141_98365	0.6479	0.2718	0.0803
k141_61717	0.7884	0.1122	0.0994
k141_79860	0.4445	0.4832	0.0723
k141_79861	0.0994	0.0719	0.8288
k141_117134	0.8424	0.0842	0.0734
k141_41645	0.9807	0.0138	0.0055
k141_6695	0.8896	0.0895	0.0209
k141_117137	0.6353	0.1854	0.1792
k141_135419	0.7143	0.1789	0.1068
k141_41648	0.7314	0.1862	0.0825
k141_6698	0.2912	0.4275	0.2812
k141_25041	0.9667	0.0234	0.0099
k141_6699	0.5488	0.2361	0.2150
k141_135422	0.1268	0.2525	0.6207
k141_98375	0.8837	0.0863	0.0300
k141_25046	0.6133	0.2351	0.1516
k141_79876	0.8364	0.1058	0.0578
k141_98382	0.8129	0.1206	0.0665
k141_135429	0.8748	0.0940	0.0313
k141_79878	0.0257	0.0307	0.9436
k141_117151	0.8613	0.0828	0.0560
k141_61744	0.8870	0.0847	0.0283
k141_25057	0.1591	0.2399	0.6009
k141_135431	0.9790	0.0148	0.0062
k141_79884	0.0114	0.0151	0.9735
k141_117152	0.9678	0.0236	0.0087
k141_98390	0.5002	0.3738	0.1260
k141_6718	0.7977	0.1051	0.0972
k141_25063	0.7997	0.1463	0.0540
k141_135436	0.0387	0.1385	0.8228
k141_61756	0.4385	0.3290	0.2324
k141_117158	0.9563	0.0301	0.0136
k141_25067	0.3749	0.2297	0.3954
k141_98399	0.4166	0.1563	0.4271
k141_98400	0.9034	0.0717	0.0249
k141_135445	0.5362	0.2917	0.1721
k141_117164	0.7353	0.1543	0.1104
k141_79899	0.1042	0.6691	0.2267
k141_6734	0.7696	0.1576	0.0728
k141_25078	0.4989	0.2656	0.2355
k141_135451	0.1170	0.5856	0.2974
k141_98406	0.9805	0.0144	0.0052
k141_117167	0.9543	0.0300	0.0157
k141_6740	0.5712	0.3670	0.0618
k141_135454	0.4993	0.2208	0.2799
k141_41656	0.9710	0.0206	0.0084
k141_61775	0.7022	0.1815	0.1162
k141_6745	0.3751	0.4201	0.2048
k141_135456	0.8960	0.0741	0.0299
k141_98416	0.4395	0.2977	0.2628
k141_79917	0.7537	0.1258	0.1206
k141_6749	0.2023	0.3230	0.4747
k141_135457	0.9728	0.0193	0.0079
k141_117168	0.9685	0.0219	0.0096
k141_98418	0.3686	0.2429	0.3885
k141_79920	0.1434	0.1496	0.7070
k141_98420	0.2727	0.1540	0.5733
k141_61786	0.0974	0.8657	0.0369
k141_117175	0.0155	0.0195	0.9649
k141_79923	0.4500	0.3391	0.2109
k141_41669	0.9408	0.0436	0.0157
k141_25103	0.1585	0.7270	0.1145
k141_6765	0.0365	0.0563	0.9072
k141_79929	0.7951	0.1567	0.0482
k141_41671	0.3328	0.4981	0.1691
k141_117185	0.7646	0.1661	0.0693
k141_79932	0.1987	0.6044	0.1969
k141_98437	0.4536	0.2854	0.2609
k141_117188	0.5111	0.3005	0.1884
k141_25113	0.9637	0.0299	0.0064
k141_41676	0.0209	0.0244	0.9547
k141_6776	0.3436	0.0434	0.6130
k141_61806	0.9464	0.0399	0.0137
k141_98442	0.4080	0.4256	0.1664
k141_41678	0.6303	0.1971	0.1726
k141_135459	0.9670	0.0233	0.0098
k141_117195	0.0202	0.0251	0.9547
k141_79943	0.2517	0.5716	0.1767
k141_25121	0.0335	0.0884	0.8781
k141_135461	0.5324	0.2052	0.2625
k141_25122	0.9115	0.0681	0.0203
k141_61812	0.6350	0.2355	0.1296
k141_6785	0.8585	0.1125	0.0290
k141_25124	0.4027	0.1728	0.4246
k141_117201	0.9318	0.0518	0.0165
k141_117203	0.2480	0.5853	0.1667
k141_41683	0.0159	0.1258	0.8584
k141_6792	0.9310	0.0498	0.0192
k141_98461	0.2817	0.2010	0.5173
k141_117209	0.9294	0.0370	0.0335
k141_25132	0.1374	0.2660	0.5966
k141_135478	0.0909	0.1226	0.7866
k141_41687	0.9052	0.0727	0.0222
k141_79963	0.4726	0.3464	0.1810
k141_25134	0.6574	0.1616	0.1811
k141_25135	0.2607	0.3437	0.3957
k141_6804	0.6638	0.2456	0.0906
k141_117210	0.3487	0.5069	0.1444
k141_135485	0.1688	0.0640	0.7672
k141_61831	0.8075	0.1274	0.0651
k141_117213	0.3231	0.4298	0.2471
k141_61834	0.4115	0.1351	0.4534
k141_6813	0.9314	0.0425	0.0261
k141_98478	0.9484	0.0395	0.0121
k141_79979	0.9614	0.0287	0.0100
k141_25153	0.0646	0.0884	0.8470
k141_135498	0.4275	0.2768	0.2957
k141_61837	0.1166	0.1285	0.7549
k141_79980	0.5595	0.2967	0.1438
k141_98481	0.8152	0.1210	0.0638
k141_117218	0.8326	0.1103	0.0572
k141_79982	0.4128	0.2083	0.3789
k141_41702	0.9292	0.0597	0.0111
k141_61841	0.7176	0.1939	0.0885
k141_6822	0.7455	0.2143	0.0401
k141_98485	0.3163	0.2352	0.4485
k141_135505	0.1575	0.4476	0.3950
k141_61844	0.9030	0.0655	0.0314
k141_41703	0.9277	0.0515	0.0208
k141_25165	0.5695	0.2079	0.2225
k141_61846	0.7975	0.1436	0.0589
k141_41706	0.7242	0.1310	0.1448
k141_79991	0.9696	0.0212	0.0092
k141_6828	0.9431	0.0414	0.0155
k141_98499	0.3561	0.2564	0.3875
k141_117236	0.4623	0.3273	0.2104
k141_6831	0.2628	0.5159	0.2213
k141_117240	0.5811	0.2630	0.1559
k141_6832	0.2684	0.1930	0.5385
k141_25177	0.5379	0.0635	0.3986
k141_98505	0.1542	0.7187	0.1271
k141_61856	0.9203	0.0623	0.0174
k141_41711	0.9049	0.0642	0.0309
k141_61859	0.0097	0.0177	0.9726
k141_80003	0.1122	0.2582	0.6296
k141_117243	0.9838	0.0120	0.0041
k141_6838	0.9054	0.0709	0.0237
k141_98510	0.5459	0.2677	0.1864
k141_135528	0.9733	0.0195	0.0072
k141_80004	0.7078	0.1494	0.1429
k141_61864	0.3048	0.3037	0.3915
k141_135531	0.5774	0.2693	0.1532
k141_6842	0.6632	0.1978	0.1390
k141_80009	0.3135	0.2213	0.4652
k141_98516	0.2371	0.5634	0.1994
k141_117251	0.5176	0.2603	0.2221
k141_25190	0.9462	0.0415	0.0123
k141_80011	0.5291	0.3241	0.1468
k141_98520	0.4702	0.3383	0.1915
k141_117257	0.3035	0.4647	0.2318
k141_61872	0.4568	0.2945	0.2486
k141_98521	0.1869	0.0509	0.7622
k141_61873	0.9437	0.0429	0.0134
k141_98524	0.9186	0.0653	0.0161
k141_80018	0.5229	0.2967	0.1804
k141_25201	0.4062	0.3033	0.2905
k141_41728	0.8535	0.1179	0.0286
k141_117262	0.9605	0.0278	0.0117
k141_98525	0.8563	0.0722	0.0715
k141_61878	0.8869	0.0827	0.0304
k141_80021	0.6583	0.1922	0.1495
k141_98527	0.1906	0.1942	0.6151
k141_135551	0.9544	0.0375	0.0081
k141_117263	0.6965	0.2556	0.0479
k141_98528	0.5652	0.3060	0.1288
k141_135555	0.2926	0.5278	0.1795
k141_6863	0.9545	0.0336	0.0118
k141_98533	0.6888	0.1449	0.1662
k141_135556	0.6922	0.1696	0.1382
k141_117270	0.3734	0.2243	0.4023
k141_98534	0.7274	0.1296	0.1430
k141_41738	0.4885	0.2353	0.2762
k141_6869	0.8622	0.0905	0.0473
k141_135563	0.2809	0.1046	0.6146
k141_6870	0.1842	0.4815	0.3343
k141_25218	0.3804	0.2432	0.3764
k141_98538	0.9449	0.0373	0.0178
k141_61893	0.8591	0.1111	0.0298
k141_117283	0.8682	0.0895	0.0423
k141_135571	0.9224	0.0484	0.0291
k141_80044	0.8009	0.1227	0.0764
k141_117285	0.2653	0.4554	0.2793
k141_135573	0.0173	0.1002	0.8825
k141_6881	0.5703	0.3519	0.0779
k141_98551	0.3699	0.2956	0.3345
k141_61900	0.1666	0.6314	0.2020
k141_80052	0.6888	0.1990	0.1122
k141_117291	0.9251	0.0568	0.0180
k141_25234	0.9781	0.0154	0.0065
k141_135579	0.1192	0.4630	0.4178
k141_25235	0.6479	0.1443	0.2077
k141_80056	0.8132	0.0951	0.0917
k141_61909	0.4057	0.4625	0.1318
k141_98559	0.7497	0.1747	0.0756
k141_41760	0.9679	0.0247	0.0074
k141_25236	0.7285	0.1662	0.1053
k141_135588	0.6745	0.2138	0.1117
k141_61913	0.7902	0.1239	0.0859
k141_98563	0.1515	0.4112	0.4373
k141_6900	0.5617	0.3287	0.1096
k141_6902	0.7128	0.1753	0.1119
k141_117307	0.8695	0.0982	0.0323
k141_80058	0.9172	0.0620	0.0208
k141_61917	0.1855	0.6446	0.1699
k141_61919	0.2132	0.3368	0.4501
k141_41761	0.8035	0.0997	0.0967
k141_6907	0.7081	0.1671	0.1248
k141_117311	0.9414	0.0446	0.0140
k141_25248	0.3408	0.4005	0.2587
k141_98575	0.6761	0.1856	0.1383
k141_41762	0.9354	0.0456	0.0190
k141_135602	0.5104	0.1455	0.3441
k141_61928	0.9314	0.0495	0.0190
k141_6914	0.4958	0.2901	0.2141
k141_117315	0.7919	0.1413	0.0668
k141_80072	0.1119	0.1163	0.7718
k141_25257	0.0263	0.0324	0.9413
k141_6916	0.3198	0.5670	0.1132
k141_6917	0.0119	0.0281	0.9600
k141_135611	0.6932	0.1315	0.1754
k141_25267	0.7342	0.1207	0.1451
k141_6921	0.2345	0.1493	0.6161
k141_61938	0.0836	0.7933	0.1232
k141_117326	0.6248	0.2356	0.1396
k141_25268	0.9450	0.0407	0.0143
k141_80084	0.8867	0.0934	0.0199
k141_135616	0.7906	0.1191	0.0902
k141_6922	0.1622	0.6852	0.1526
k141_61940	0.8373	0.1288	0.0339
k141_98600	0.6931	0.1861	0.1208
k141_25272	0.4746	0.3237	0.2018
k141_80089	0.4553	0.3109	0.2338
k141_98601	0.4656	0.3391	0.1954
k141_61945	0.8698	0.0968	0.0334
k141_25275	0.9395	0.0421	0.0185
k141_25277	0.2308	0.2968	0.4725
k141_80096	0.9041	0.0600	0.0360
k141_61948	0.0257	0.0220	0.9523
k141_117339	0.8749	0.1070	0.0180
k141_135630	0.5156	0.1533	0.3311
k141_25279	0.0301	0.0613	0.9085
k141_98608	0.9656	0.0249	0.0095
k141_80099	0.4783	0.3370	0.1847
k141_117340	0.6146	0.2434	0.1420
k141_61950	0.5829	0.2909	0.1261
k141_41791	0.0343	0.0385	0.9272
k141_135634	0.5662	0.3129	0.1209
k141_6944	0.9373	0.0435	0.0192
k141_61954	0.1403	0.2106	0.6490
k141_98609	0.5360	0.2815	0.1825
k141_25289	0.8976	0.0834	0.0190
k141_6947	0.8871	0.0818	0.0311
k141_80110	0.6139	0.0612	0.3249
k141_25294	0.9230	0.0626	0.0144
k141_135641	0.9047	0.0771	0.0182
k141_117356	0.1405	0.2949	0.5646
k141_6951	0.4482	0.2037	0.3481
k141_25296	0.6850	0.1801	0.1349
k141_61967	0.6454	0.1461	0.2085
k141_25299	0.2337	0.0403	0.7260
k141_6959	0.0214	0.0276	0.9510
k141_98631	0.9629	0.0252	0.0119
k141_41808	0.9563	0.0318	0.0120
k141_135653	0.1830	0.1713	0.6457
k141_98632	0.5189	0.2956	0.1856
k141_6961	0.3644	0.2837	0.3519
k141_41810	0.9357	0.0488	0.0155
k141_6962	0.8996	0.0832	0.0172
k141_98635	0.7391	0.1107	0.1502
k141_41811	0.8252	0.1333	0.0415
k141_61983	0.8573	0.0946	0.0482
k141_98637	0.0254	0.0288	0.9458
k141_61984	0.3824	0.3500	0.2676
k141_61986	0.9258	0.0572	0.0170
k141_41815	0.6316	0.2303	0.1381
k141_6974	0.7066	0.2467	0.0467
k141_117383	0.5448	0.2424	0.2128
k141_80114	0.9713	0.0205	0.0082
k141_61991	0.0645	0.0843	0.8511
k141_41816	0.9155	0.0585	0.0260
k141_25326	0.7326	0.1475	0.1199
k141_61993	0.0506	0.1652	0.7842
k141_117390	0.2944	0.5044	0.2012
k141_25330	0.5579	0.3058	0.1363
k141_6985	0.2557	0.5340	0.2102
k141_135682	0.6128	0.1823	0.2048
k141_80122	0.0225	0.0246	0.9529
k141_41823	0.6815	0.2145	0.1040
k141_98656	0.9606	0.0279	0.0114
k141_6988	0.5416	0.2705	0.1880
k141_62000	0.4542	0.3822	0.1636
k141_98658	0.8437	0.1096	0.0467
k141_135692	0.4921	0.3034	0.2046
k141_62006	0.7339	0.1442	0.1219
k141_80137	0.9074	0.0690	0.0236
k141_41834	0.8179	0.1161	0.0660
k141_6999	0.9283	0.0505	0.0212
k141_135695	0.9403	0.0455	0.0142
k141_80139	0.8633	0.1006	0.0361
k141_117413	0.9534	0.0308	0.0157
k141_62013	0.2352	0.5474	0.2174
k141_135697	0.9570	0.0313	0.0117
k141_25337	0.9393	0.0455	0.0152
k141_62020	0.9704	0.0208	0.0088
k141_135705	0.7656	0.1375	0.0969
k141_25344	0.8910	0.0749	0.0340
k141_117427	0.6074	0.1939	0.1988
k141_80154	0.2305	0.1661	0.6035
k141_41845	0.3166	0.3423	0.3411
k141_98688	0.7182	0.1206	0.1612
k141_62027	0.4535	0.1259	0.4207
k141_98692	0.9169	0.0608	0.0223
k141_135714	0.9053	0.0739	0.0208
k141_25349	0.7515	0.1353	0.1132
k141_117435	0.0386	0.0319	0.9295
k141_7028	0.5148	0.2827	0.2025
k141_25352	0.6013	0.2532	0.1454
k141_7029	0.0408	0.0342	0.9250
k141_135720	0.9560	0.0330	0.0109
k141_62037	0.1455	0.6848	0.1698
k141_7031	0.0479	0.0643	0.8878
k141_25357	0.0250	0.0214	0.9536
k141_135723	0.3667	0.2543	0.3791
k141_62040	0.8760	0.0958	0.0283
k141_80172	0.4004	0.3649	0.2347
k141_135724	0.2845	0.4919	0.2237
k141_117443	0.0557	0.0455	0.8988
k141_98704	0.9486	0.0353	0.0161
k141_25365	0.7527	0.1996	0.0477
k141_62049	0.7690	0.1059	0.1252
k141_98709	0.3449	0.2609	0.3942
k141_135727	0.3842	0.4302	0.1856
k141_41860	0.9825	0.0128	0.0047
k141_7044	0.3735	0.3170	0.3095
k141_25370	0.3164	0.5143	0.1693
k141_117454	0.0309	0.0805	0.8887
k141_117455	0.2171	0.5765	0.2064
k141_98715	0.9308	0.0514	0.0177
k141_7046	0.2776	0.4529	0.2694
k141_80188	0.6445	0.2246	0.1309
k141_41864	0.8961	0.0720	0.0318
k141_117458	0.5826	0.2812	0.1361
k141_7049	0.5268	0.2064	0.2668
k141_80193	0.6806	0.1379	0.1815
k141_98722	0.1429	0.1585	0.6985
k141_135741	0.2944	0.2629	0.4427
k141_80194	0.1649	0.6730	0.1620
k141_98723	0.6901	0.1628	0.1471
k141_25384	0.9498	0.0374	0.0128
k141_117466	0.4045	0.3586	0.2369
k141_80199	0.7048	0.2226	0.0726
k141_117470	0.8378	0.1113	0.0509
k141_62074	0.9570	0.0302	0.0128
k141_25389	0.7821	0.1601	0.0578
k141_7063	0.2750	0.3763	0.3486
k141_41867	0.0123	0.0266	0.9612
k141_98729	0.6127	0.2358	0.1515
k141_80201	0.4781	0.3487	0.1732
k141_98733	0.6821	0.1504	0.1675
k141_80204	0.7084	0.2560	0.0356
k141_7070	0.4528	0.4232	0.1240
k141_117479	0.1784	0.4208	0.4008
k141_135760	0.6199	0.1627	0.2174
k141_7071	0.9771	0.0175	0.0053
k141_80206	0.9095	0.0822	0.0082
k141_62083	0.7291	0.1951	0.0758
k141_41873	0.5131	0.1047	0.3823
k141_25400	0.7618	0.1255	0.1127
k141_98744	0.9571	0.0323	0.0106
k141_25407	0.8128	0.1374	0.0498
k141_80213	0.7615	0.1551	0.0834
k141_7082	0.4451	0.3206	0.2343
k141_135774	0.5767	0.2738	0.1495
k141_25411	0.0074	0.0115	0.9811
k141_41883	0.9522	0.0332	0.0147
k141_117496	0.0309	0.0270	0.9420
k141_135776	0.7450	0.2134	0.0416
k141_80217	0.9627	0.0248	0.0124
k141_41884	0.2561	0.3897	0.3542
k141_25418	0.4346	0.3061	0.2593
k141_98753	0.9040	0.0758	0.0202
k141_135781	0.6500	0.1945	0.1555
k141_98757	0.3852	0.3679	0.2468
k141_62111	0.9578	0.0295	0.0127
k141_80229	0.6133	0.2332	0.1535
k141_98758	0.0967	0.7197	0.1836
k141_117509	0.9425	0.0396	0.0179
k141_25432	0.8762	0.0900	0.0338
k141_7103	0.9762	0.0171	0.0067
k141_117512	0.1794	0.1498	0.6708
k141_62119	0.6503	0.2291	0.1206
k141_98761	0.9777	0.0169	0.0054
k141_80238	0.5133	0.3126	0.1740
k141_25434	0.9170	0.0669	0.0161
k141_41888	0.8272	0.1409	0.0320
k141_135799	0.9439	0.0378	0.0182
k141_7108	0.4392	0.3194	0.2414
k141_117515	0.9170	0.0683	0.0147
k141_80242	0.7476	0.1466	0.1058
k141_135801	0.1198	0.3309	0.5493
k141_117517	0.8525	0.1134	0.0341
k141_98770	0.9781	0.0158	0.0062
k141_7111	0.9375	0.0449	0.0176
k141_62132	0.9087	0.0632	0.0281
k141_7113	0.1668	0.5351	0.2981
k141_41894	0.8343	0.0988	0.0669
k141_25444	0.8369	0.1157	0.0474
k141_98775	0.9249	0.0537	0.0215
k141_117523	0.7017	0.1353	0.1629
k141_80251	0.7340	0.1214	0.1446
k141_135809	0.6835	0.2123	0.1042
k141_25446	0.7739	0.1413	0.0848
k141_62139	0.9074	0.0612	0.0313
k141_80254	0.8530	0.1129	0.0341
k141_25448	0.0537	0.0727	0.8736
k141_98785	0.7773	0.1776	0.0451
k141_41895	0.9120	0.0666	0.0213
k141_7128	0.8027	0.1537	0.0435
k141_80263	0.3117	0.3482	0.3401
k141_7129	0.0574	0.2380	0.7046
k141_117533	0.0551	0.0515	0.8933
k141_135826	0.3323	0.2180	0.4496
k141_80266	0.8116	0.1227	0.0657
k141_7131	0.0399	0.4521	0.5080
k141_98794	0.2640	0.4814	0.2546
k141_7132	0.1828	0.6734	0.1438
k141_117537	0.0243	0.0268	0.9489
k141_41905	0.1401	0.1390	0.7209
k141_80273	0.9151	0.0612	0.0237
k141_62165	0.0282	0.0291	0.9427
k141_135832	0.0805	0.1412	0.7783
k141_80275	0.9573	0.0285	0.0142
k141_41907	0.9577	0.0294	0.0130
k141_62170	0.9290	0.0517	0.0193
k141_117549	0.6476	0.2064	0.1460
k141_98806	0.8436	0.1333	0.0231
k141_80280	0.8599	0.0802	0.0599
k141_25474	0.4453	0.4925	0.0623
k141_62174	0.3702	0.2408	0.3890
k141_25475	0.4986	0.2843	0.2171
k141_62175	0.6565	0.1944	0.1491
k141_117555	0.4827	0.3095	0.2078
k141_25478	0.6367	0.1994	0.1639
k141_117556	0.9597	0.0283	0.0121
k141_98816	0.8719	0.0956	0.0326
k141_41912	0.8310	0.1342	0.0347
k141_7136	0.9451	0.0427	0.0122
k141_25479	0.7703	0.1141	0.1157
k141_98817	0.4226	0.3602	0.2172
k141_41913	0.6927	0.1754	0.1319
k141_117561	0.8688	0.1038	0.0274
k141_80293	0.8782	0.0986	0.0231
k141_25483	0.9287	0.0522	0.0191
k141_7143	0.9411	0.0427	0.0163
k141_41915	0.8519	0.0922	0.0559
k141_80294	0.9555	0.0317	0.0128
k141_117570	0.1931	0.2471	0.5599
k141_41918	0.8330	0.1130	0.0541
k141_98825	0.9511	0.0339	0.0150
k141_62193	0.9624	0.0255	0.0121
k141_25494	0.2296	0.4294	0.3410
k141_98826	0.7727	0.1531	0.0742
k141_41919	0.2131	0.4633	0.3236
k141_62194	0.5604	0.2748	0.1648
k141_80304	0.7541	0.1298	0.1161
k141_7158	0.4498	0.4009	0.1493
k141_98836	0.9154	0.0618	0.0227
k141_62200	0.9686	0.0219	0.0095
k141_80315	0.8398	0.1063	0.0539
k141_80317	0.7496	0.1765	0.0739
k141_25515	0.8644	0.0929	0.0427
k141_117592	0.1664	0.0972	0.7364
k141_98844	0.7771	0.1091	0.1138
k141_41933	0.1662	0.1861	0.6477
k141_62207	0.8309	0.1166	0.0525
k141_80319	0.3046	0.4961	0.1993
k141_135848	0.9401	0.0434	0.0165
k141_62208	0.0094	0.0156	0.9750
k141_25520	0.0133	0.0184	0.9683
k141_7180	0.5501	0.2261	0.2238
k141_41939	0.1198	0.0401	0.8401
k141_25522	0.1694	0.7391	0.0915
k141_98858	0.1365	0.0968	0.7667
k141_25523	0.7093	0.2286	0.0622
k141_135857	0.8555	0.1089	0.0357
k141_7185	0.4448	0.4278	0.1274
k141_7189	0.0635	0.1675	0.7690
k141_135861	0.1464	0.2076	0.6460
k141_62220	0.4936	0.2900	0.2164
k141_41945	0.8465	0.1156	0.0379
k141_117613	0.5544	0.2977	0.1479
k141_135863	0.4548	0.2112	0.3340
k141_25530	0.8532	0.1124	0.0344
k141_41946	0.2870	0.4327	0.2803
k141_25531	0.8712	0.0894	0.0394
k141_25533	0.8643	0.0872	0.0485
k141_135867	0.3958	0.3258	0.2784
k141_25536	0.1277	0.7779	0.0944
k141_80323	0.9789	0.0149	0.0062
k141_7203	0.8691	0.0931	0.0379
k141_25537	0.4170	0.3187	0.2643
k141_98865	0.5933	0.3367	0.0700
k141_7204	0.6156	0.2358	0.1486
k141_135873	0.9705	0.0220	0.0075
k141_98868	0.2522	0.6883	0.0595
k141_25539	0.0444	0.0472	0.9084
k141_41955	0.9457	0.0401	0.0142
k141_62240	0.2389	0.5310	0.2300
k141_7208	0.6870	0.1843	0.1287
k141_62241	0.8151	0.1065	0.0784
k141_80325	0.9607	0.0283	0.0110
k141_25544	0.6541	0.2218	0.1241
k141_41960	0.5934	0.1587	0.2479
k141_98873	0.9584	0.0297	0.0118
k141_41962	0.8997	0.0567	0.0436
k141_25549	0.9621	0.0258	0.0120
k141_62248	0.1780	0.2942	0.5277
k141_98876	0.2044	0.7620	0.0337
k141_117646	0.2945	0.2251	0.4804
k141_7220	0.8821	0.0938	0.0241
k141_62250	0.4506	0.3780	0.1714
k141_41965	0.5508	0.1442	0.3050
k141_25556	0.9444	0.0460	0.0096
k141_41966	0.5433	0.0926	0.3641
k141_117655	0.5977	0.2604	0.1419
k141_98888	0.1563	0.2641	0.5796
k141_7223	0.0406	0.6197	0.3398
k141_117658	0.5922	0.2515	0.1563
k141_98891	0.5638	0.2288	0.2074
k141_135905	0.7048	0.1841	0.1111
k141_80326	0.2168	0.1297	0.6535
k141_62264	0.9113	0.0783	0.0104
k141_41969	0.6944	0.1796	0.1260
k141_7231	0.0137	0.0173	0.9690
k141_25573	0.9187	0.0619	0.0194
k141_117664	0.8600	0.0883	0.0517
k141_135912	0.8879	0.0856	0.0265
k141_62271	0.4890	0.3159	0.1952
k141_117666	0.6922	0.2087	0.0991
k141_62272	0.9268	0.0538	0.0194
k141_80339	0.8834	0.0844	0.0322
k141_25578	0.9533	0.0339	0.0127
k141_98905	0.8525	0.1077	0.0398
k141_135915	0.1363	0.4478	0.4159
k141_80340	0.6130	0.2405	0.1465
k141_98906	0.8711	0.0951	0.0339
k141_62277	0.3785	0.3534	0.2681
k141_80342	0.6894	0.2311	0.0795
k141_117674	0.3196	0.1427	0.5377
k141_41981	0.0853	0.7179	0.1968
k141_25581	0.7379	0.1430	0.1191
k141_135925	0.7835	0.1646	0.0519
k141_117678	0.9062	0.0724	0.0214
k141_80346	0.6058	0.2359	0.1583
k141_7249	0.8171	0.1181	0.0648
k141_98913	0.9167	0.0643	0.0190
k141_98914	0.0734	0.0767	0.8499
k141_62284	0.1955	0.2269	0.5775
k141_117687	0.5043	0.3748	0.1209
k141_7255	0.0271	0.0628	0.9101
k141_80355	0.9463	0.0391	0.0146
k141_25596	0.9698	0.0205	0.0097
k141_135940	0.2454	0.2406	0.5141
k141_117688	0.9205	0.0575	0.0220
k141_41992	0.7710	0.1479	0.0811
k141_98921	0.7514	0.2134	0.0353
k141_7261	0.2658	0.1931	0.5411
k141_25602	0.8028	0.1528	0.0444
k141_7262	0.7048	0.1581	0.1370
k141_41995	0.9113	0.0613	0.0274
k141_62297	0.9042	0.0693	0.0264
k141_80365	0.8168	0.0787	0.1046
k141_62299	0.9349	0.0508	0.0143
k141_117697	0.9328	0.0483	0.0189
k141_117699	0.0273	0.0316	0.9411
k141_98935	0.4453	0.1584	0.3963
k141_135954	0.9858	0.0104	0.0038
k141_80373	0.8981	0.0802	0.0216
k141_7272	0.9679	0.0234	0.0087
k141_42003	0.1556	0.1682	0.6762
k141_98938	0.5664	0.2059	0.2277
k141_80375	0.5376	0.2715	0.1908
k141_135959	0.5505	0.3676	0.0819
k141_25623	0.6477	0.1618	0.1905
k141_62312	0.6368	0.2690	0.0943
k141_25624	0.0048	0.9807	0.0145
k141_135961	0.3389	0.2110	0.4501
k141_7278	0.9479	0.0399	0.0122
k141_25626	0.2126	0.1890	0.5984
k141_7280	0.4985	0.2576	0.2440
k141_80382	0.7354	0.1475	0.1171
k141_117717	0.7135	0.1842	0.1023
k141_98944	0.9343	0.0513	0.0144
k141_42012	0.5471	0.2567	0.1962
k141_62322	0.4920	0.4474	0.0606
k141_7284	0.8016	0.1757	0.0227
k141_7285	0.8842	0.0821	0.0338
k141_62323	0.8693	0.0824	0.0482
k141_135973	0.6562	0.1777	0.1661
k141_117722	0.0939	0.5182	0.3879
k141_117723	0.0325	0.0332	0.9342
k141_117724	0.3862	0.3395	0.2743
k141_135977	0.9142	0.0659	0.0200
k141_98955	0.5817	0.2918	0.1265
k141_25641	0.0378	0.0847	0.8775
k141_80395	0.4466	0.3681	0.1853
k141_135987	0.3631	0.4371	0.1998
k141_62340	0.9712	0.0221	0.0067
k141_7305	0.9453	0.0358	0.0189
k141_135990	0.6360	0.2092	0.1548
k141_62341	0.6315	0.1808	0.1876
k141_42029	0.7227	0.1552	0.1221
k141_117730	0.9571	0.0302	0.0126
k141_7309	0.2012	0.1597	0.6391
k141_80410	0.9350	0.0493	0.0157
k141_42030	0.0214	0.0209	0.9577
k141_135994	0.0248	0.0233	0.9519
k141_25667	0.5445	0.2283	0.2271
k141_62348	0.7208	0.1729	0.1063
k141_135996	0.6416	0.2430	0.1153
k141_7315	0.9248	0.0563	0.0189
k141_80419	0.7572	0.1239	0.1189
k141_7317	0.8717	0.0991	0.0292
k141_62353	0.8055	0.1440	0.0505
k141_25673	0.6637	0.1883	0.1479
k141_62359	0.4125	0.2915	0.2960
k141_25677	0.9369	0.0506	0.0126
k141_25679	0.7307	0.1457	0.1236
k141_42033	0.8263	0.1444	0.0292
k141_136014	0.0228	0.0415	0.9357
k141_99004	0.6010	0.3347	0.0643
k141_80436	0.8469	0.0895	0.0636
k141_99005	0.1247	0.0958	0.7795
k141_136016	0.1727	0.0373	0.7900
k141_42035	0.4723	0.2748	0.2529
k141_62370	0.1556	0.6764	0.1680
k141_7333	0.9139	0.0669	0.0192
k141_62372	0.0128	0.0184	0.9688
k141_80444	0.5012	0.3242	0.1747
k141_99014	0.5446	0.3022	0.1532
k141_7340	0.3542	0.2198	0.4260
k141_62379	0.8251	0.1238	0.0512
k141_80448	0.9126	0.0636	0.0238
k141_7343	0.4416	0.3571	0.2014
k141_99019	0.6424	0.1402	0.2173
k141_62380	0.9518	0.0400	0.0082
k141_42049	0.6549	0.2379	0.1072
k141_136029	0.9530	0.0348	0.0123
k141_25701	0.7116	0.1553	0.1331
k141_42050	0.8001	0.1222	0.0777
k141_99025	0.8844	0.0846	0.0310
k141_7348	0.7375	0.1614	0.1011
k141_62389	0.9321	0.0421	0.0258
k141_42053	0.0192	0.0190	0.9618
k141_7349	0.6874	0.1959	0.1168
k141_80461	0.9603	0.0306	0.0092
k141_136035	0.9787	0.0159	0.0054
k141_62392	0.9432	0.0457	0.0111
k141_7355	0.8324	0.1362	0.0314
k141_80471	0.3205	0.1349	0.5445
k141_25720	0.9349	0.0502	0.0149
k141_117763	0.9514	0.0345	0.0141
k141_42065	0.8278	0.1017	0.0706
k141_62403	0.4439	0.3740	0.1821
k141_62408	0.2654	0.5081	0.2265
k141_99048	0.9860	0.0103	0.0038
k141_136058	0.5335	0.3176	0.1489
k141_99050	0.9556	0.0314	0.0130
k141_117774	0.9235	0.0619	0.0146
k141_7373	0.2583	0.3995	0.3421
k141_25733	0.4432	0.1815	0.3753
k141_25734	0.4475	0.2948	0.2577
k141_42070	0.4568	0.0702	0.4730
k141_7381	0.6457	0.1222	0.2321
k141_62416	0.9743	0.0180	0.0077
k141_42074	0.5791	0.2489	0.1720
k141_136067	0.9457	0.0397	0.0145
k141_117783	0.0270	0.0293	0.9437
k141_62417	0.5847	0.2281	0.1871
k141_7384	0.2119	0.2562	0.5319
k141_80497	0.3414	0.2835	0.3751
k141_25744	0.7085	0.1450	0.1465
k141_7385	0.6945	0.2132	0.0923
k141_25745	0.7714	0.1962	0.0323
k141_99063	0.0249	0.0252	0.9499
k141_99065	0.0162	0.0201	0.9637
k141_25749	0.3557	0.3262	0.3181
k141_117790	0.2926	0.5453	0.1621
k141_42078	0.8426	0.0925	0.0649
k141_136080	0.4955	0.3387	0.1658
k141_117791	0.6310	0.2437	0.1254
k141_25754	0.6369	0.1862	0.1769
k141_7401	0.6299	0.2173	0.1527
k141_42082	0.1393	0.7522	0.1085
k141_7402	0.6925	0.1741	0.1335
k141_25757	0.4608	0.1519	0.3872
k141_42086	0.2065	0.6234	0.1701
k141_62446	0.9617	0.0323	0.0060
k141_62450	0.5503	0.2510	0.1988
k141_80501	0.9724	0.0197	0.0080
k141_136100	0.6187	0.1702	0.2111
k141_117811	0.1272	0.3839	0.4890
k141_62452	0.3968	0.3768	0.2264
k141_80502	0.6215	0.2801	0.0984
k141_136101	0.2485	0.3284	0.4232
k141_80503	0.0168	0.0197	0.9634
k141_42093	0.3908	0.2400	0.3692
k141_25776	0.0809	0.0771	0.8420
k141_62456	0.4707	0.2605	0.2688
k141_25777	0.0794	0.0274	0.8932
k141_136106	0.5939	0.1427	0.2634
k141_7429	0.7123	0.1700	0.1177
k141_25779	0.3738	0.1761	0.4501
k141_42098	0.3581	0.0689	0.5730
k141_117823	0.0371	0.1266	0.8362
k141_136109	0.6280	0.1773	0.1947
k141_25785	0.5841	0.2349	0.1811
k141_117825	0.4250	0.3901	0.1849
k141_99102	0.9681	0.0228	0.0091
k141_62471	0.8947	0.0825	0.0228
k141_7438	0.8757	0.0819	0.0424
k141_42104	0.6179	0.1712	0.2108
k141_25791	0.8633	0.0994	0.0373
k141_99109	0.9440	0.0399	0.0160
k141_136123	0.5099	0.3562	0.1339
k141_117836	0.2947	0.3895	0.3159
k141_7447	0.0804	0.7502	0.1694
k141_42108	0.6376	0.2704	0.0921
k141_136124	0.5888	0.3067	0.1045
k141_99111	0.6692	0.1425	0.1883
k141_25800	0.2228	0.4798	0.2973
k141_80531	0.4933	0.3251	0.1816
k141_62485	0.6778	0.1731	0.1490
k141_80532	0.0333	0.8303	0.1364
k141_99114	0.2982	0.1579	0.5439
k141_136129	0.4183	0.3974	0.1843
k141_117843	0.3130	0.5159	0.1710
k141_25804	0.1213	0.0797	0.7990
k141_42113	0.3375	0.3536	0.3089
k141_7455	0.8216	0.0896	0.0888
k141_25805	0.9605	0.0273	0.0122
k141_117847	0.8886	0.0768	0.0346
k141_62495	0.6029	0.2301	0.1670
k141_99120	0.7524	0.1456	0.1020
k141_117849	0.0321	0.0703	0.8976
k141_7458	0.4744	0.3996	0.1260
k141_99122	0.6712	0.1918	0.1370
k141_7459	0.4103	0.1988	0.3909
k141_42120	0.0112	0.0174	0.9714
k141_136141	0.8287	0.1031	0.0682
k141_117857	0.9714	0.0215	0.0071
k141_80553	0.1156	0.2102	0.6742
k141_7466	0.7585	0.1222	0.1193
k141_117860	0.6560	0.2146	0.1294
k141_136147	0.9434	0.0485	0.0080
k141_42128	0.6333	0.1966	0.1701
k141_62513	0.8984	0.0745	0.0271
k141_7472	0.5868	0.2229	0.1903
k141_25829	0.0861	0.8000	0.1139
k141_99124	0.9555	0.0324	0.0121
k141_62516	0.7512	0.1508	0.0980
k141_80562	0.9523	0.0287	0.0190
k141_7474	0.8783	0.0891	0.0326
k141_80563	0.9048	0.0622	0.0330
k141_42132	0.7448	0.1463	0.1089
k141_25834	0.5236	0.3332	0.1431
k141_80564	0.7095	0.2140	0.0765
k141_99130	0.2476	0.5582	0.1942
k141_7480	0.5606	0.1648	0.2746
k141_99132	0.1172	0.5048	0.3780
k141_25836	0.9163	0.0613	0.0224
k141_42133	0.2067	0.2941	0.4992
k141_117874	0.7637	0.2010	0.0354
k141_62526	0.3549	0.5247	0.1204
k141_42136	0.8354	0.0886	0.0760
k141_117879	0.7656	0.1620	0.0724
k141_62531	0.8719	0.0924	0.0357
k141_136172	0.9732	0.0192	0.0075
k141_117885	0.7531	0.1611	0.0858
k141_80583	0.2764	0.5278	0.1959
k141_99149	0.9635	0.0266	0.0099
k141_62540	0.9441	0.0468	0.0092
k141_7498	0.7809	0.1171	0.1021
k141_136177	0.7784	0.1398	0.0819
k141_117893	0.8997	0.0735	0.0268
k141_62547	0.6957	0.1532	0.1511
k141_80596	0.1918	0.2892	0.5189
k141_117896	0.7381	0.1726	0.0893
k141_42153	0.7724	0.1167	0.1109
k141_7499	0.9751	0.0196	0.0053
k141_99158	0.0547	0.0732	0.8722
k141_136190	0.0657	0.9050	0.0293
k141_62553	0.7827	0.1117	0.1056
k141_99163	0.9331	0.0509	0.0161
k141_7501	0.8830	0.0968	0.0202
k141_80603	0.9461	0.0391	0.0148
k141_80604	0.2352	0.3575	0.4073
k141_62555	0.1707	0.3859	0.4434
k141_80605	0.9173	0.0637	0.0190
k141_7509	0.9410	0.0390	0.0199
k141_117910	0.6943	0.1660	0.1396
k141_80606	0.5023	0.2030	0.2947
k141_99170	0.8009	0.1562	0.0429
k141_7510	0.1641	0.3475	0.4883
k141_136205	0.0402	0.1552	0.8046
k141_99171	0.8005	0.1322	0.0673
k141_7511	0.8377	0.1364	0.0259
k141_80610	0.0118	0.0263	0.9619
k141_25837	0.9664	0.0239	0.0097
k141_117918	0.0996	0.6572	0.2432
k141_99175	0.0162	0.0215	0.9622
k141_7512	0.3304	0.3024	0.3672
k141_42155	0.9436	0.0430	0.0133
k141_62567	0.5991	0.2379	0.1629
k141_117923	0.9415	0.0423	0.0162
k141_99182	0.5617	0.3271	0.1113
k141_25851	0.2528	0.4951	0.2521
k141_62575	0.0164	0.0278	0.9558
k141_117930	0.1391	0.1764	0.6845
k141_80623	0.2238	0.2243	0.5519
k141_42165	0.2697	0.1946	0.5358
k141_25852	0.8997	0.0666	0.0337
k141_7529	0.8809	0.0891	0.0301
k141_42167	0.5643	0.2599	0.1758
k141_80627	0.7649	0.1362	0.0988
k141_25855	0.0239	0.0303	0.9457
k141_117938	0.4921	0.3172	0.1907
k141_80628	0.9355	0.0467	0.0178
k141_42171	0.5863	0.1820	0.2317
k141_99200	0.9757	0.0186	0.0057
k141_80629	0.9619	0.0296	0.0084
k141_25860	0.2008	0.4768	0.3225
k141_7538	0.2558	0.1562	0.5880
k141_136206	0.9683	0.0219	0.0098
k141_42174	0.9487	0.0351	0.0162
k141_99204	0.2872	0.4302	0.2826
k141_62586	0.8300	0.1147	0.0553
k141_7541	0.3973	0.3051	0.2977
k141_99205	0.0544	0.1659	0.7797
k141_42177	0.7315	0.1622	0.1063
k141_117941	0.1646	0.7885	0.0468
k141_7543	0.9349	0.0458	0.0193
k141_25866	0.9499	0.0382	0.0119
k141_99208	0.3675	0.2409	0.3915
k141_25867	0.6155	0.1845	0.1999
k141_42180	0.2180	0.1476	0.6344
k141_136219	0.9134	0.0575	0.0291
k141_80633	0.9662	0.0233	0.0105
k141_25869	0.4510	0.1519	0.3971
k141_136220	0.5185	0.1991	0.2824
k141_117951	0.4313	0.1549	0.4138
k141_62601	0.8666	0.1032	0.0302
k141_25873	0.2905	0.2835	0.4260
k141_62605	0.1064	0.3177	0.5759
k141_80634	0.9560	0.0323	0.0117
k141_7557	0.4016	0.3965	0.2018
k141_117957	0.9637	0.0281	0.0083
k141_62606	0.9457	0.0344	0.0198
k141_80637	0.2469	0.2047	0.5484
k141_80638	0.0518	0.1314	0.8168
k141_42194	0.9544	0.0338	0.0119
k141_80640	0.9320	0.0437	0.0244
k141_136240	0.9108	0.0650	0.0242
k141_42195	0.0738	0.5660	0.3602
k141_25888	0.1986	0.3725	0.4289
k141_117964	0.7867	0.1114	0.1018
k141_136246	0.5253	0.3114	0.1634
k141_62624	0.2682	0.4017	0.3301
k141_7578	0.5498	0.2295	0.2207
k141_117972	0.5948	0.3627	0.0425
k141_80652	0.6903	0.1831	0.1266
k141_25899	0.2971	0.5280	0.1750
k141_80654	0.2687	0.5618	0.1695
k141_25901	0.8039	0.1515	0.0445
k141_42202	0.9539	0.0349	0.0111
k141_80655	0.8968	0.0638	0.0394
k141_99249	0.9609	0.0283	0.0108
k141_80657	0.5370	0.2298	0.2332
k141_25905	0.1423	0.1095	0.7483
k141_99251	0.9000	0.0645	0.0355
k141_62639	0.1203	0.5074	0.3723
k141_25906	0.6712	0.2169	0.1119
k141_25907	0.5120	0.2374	0.2506
k141_80665	0.8186	0.1334	0.0481
k141_7600	0.7018	0.1785	0.1197
k141_62644	0.6760	0.1922	0.1318
k141_117994	0.0306	0.0534	0.9159
k141_136275	0.9318	0.0502	0.0180
k141_80671	0.4716	0.0891	0.4393
k141_7605	0.5794	0.2408	0.1798
k141_99261	0.8208	0.1426	0.0365
k141_117995	0.2373	0.4047	0.3580
k141_25919	0.8246	0.1271	0.0483
k141_62648	0.0076	0.0118	0.9806
k141_7610	0.7359	0.1976	0.0665
k141_117998	0.2015	0.2761	0.5225
k141_99264	0.4778	0.2962	0.2260
k141_136284	0.3693	0.4655	0.1652
k141_117999	0.7635	0.1220	0.1145
k141_99267	0.0996	0.2308	0.6696
k141_80676	0.9662	0.0236	0.0102
k141_136293	0.9266	0.0494	0.0240
k141_42209	0.9485	0.0364	0.0151
k141_99272	0.3278	0.5436	0.1286
k141_80679	0.3501	0.0423	0.6075
k141_62666	0.8756	0.0803	0.0441
k141_25938	0.9739	0.0210	0.0051
k141_99277	0.1897	0.0734	0.7369
k141_118015	0.5454	0.2910	0.1636
k141_62670	0.0082	0.9706	0.0212
k141_7632	0.5357	0.2124	0.2518
k141_42211	0.0694	0.1044	0.8262
k141_99278	0.1405	0.1212	0.7383
k141_136301	0.1725	0.1335	0.6941
k141_25943	0.3578	0.1597	0.4825
k141_80685	0.8511	0.1272	0.0217
k141_7634	0.3729	0.4113	0.2158
k141_118019	0.4037	0.4406	0.1557
k141_42213	0.9309	0.0431	0.0260
k141_136305	0.0475	0.9337	0.0187
k141_25946	0.8594	0.0937	0.0470
k141_62677	0.9249	0.0559	0.0192
k141_7639	0.6241	0.1671	0.2089
k141_99287	0.6424	0.1709	0.1867
k141_118022	0.0173	0.0814	0.9013
k141_62679	0.1578	0.0576	0.7846
k141_118023	0.3606	0.5783	0.0610
k141_7643	0.3206	0.5078	0.1716
k141_62680	0.8810	0.0904	0.0286
k141_25953	0.1591	0.1182	0.7227
k141_80699	0.3891	0.4070	0.2039
k141_118028	0.4524	0.3479	0.1996
k141_25956	0.9028	0.0610	0.0362
k141_80702	0.9703	0.0212	0.0085
k141_7651	0.0702	0.1011	0.8287
k141_7652	0.8727	0.0849	0.0424
k141_25958	0.0214	0.0453	0.9333
k141_99303	0.4025	0.1767	0.4208
k141_136326	0.8814	0.0870	0.0316
k141_42224	0.6980	0.1714	0.1306
k141_118038	0.8348	0.1108	0.0544
k141_62695	0.2558	0.4858	0.2585
k141_7658	0.9627	0.0250	0.0123
k141_62699	0.9454	0.0405	0.0141
k141_99310	0.0525	0.8261	0.1214
k141_25967	0.0150	0.0189	0.9661
k141_136334	0.5106	0.3032	0.1862
k141_25974	0.6878	0.2260	0.0862
k141_80721	0.9308	0.0501	0.0191
k141_7669	0.1940	0.3090	0.4970
k141_99316	0.1969	0.5785	0.2246
k141_136336	0.2221	0.2986	0.4793
k141_80722	0.5853	0.2036	0.2111
k141_118054	0.8042	0.1146	0.0812
k141_25978	0.1955	0.1924	0.6121
k141_80723	0.6470	0.2615	0.0915
k141_7675	0.6427	0.1691	0.1882
k141_7676	0.4684	0.2933	0.2384
k141_136344	0.1147	0.1075	0.7778
k141_99323	0.0870	0.0551	0.8579
k141_42244	0.9055	0.0761	0.0184
k141_99326	0.7759	0.1628	0.0613
k141_80729	0.0364	0.0254	0.9382
k141_136345	0.9193	0.0560	0.0247
k141_42246	0.4157	0.3073	0.2770
k141_25987	0.4103	0.4163	0.1735
k141_80731	0.8767	0.0872	0.0362
k141_7682	0.1344	0.4848	0.3808
k141_62727	0.7315	0.1142	0.1543
k141_25992	0.5486	0.2493	0.2021
k141_99337	0.4772	0.2008	0.3220
k141_25996	0.7260	0.2448	0.0293
k141_80741	0.7027	0.1563	0.1410
k141_118078	0.4363	0.3855	0.1782
k141_42253	0.7992	0.1417	0.0591
k141_62740	0.6733	0.1581	0.1686
k141_136360	0.9202	0.0602	0.0196
k141_7698	0.6892	0.2524	0.0584
k141_62742	0.5356	0.2846	0.1798
k141_26004	0.7308	0.1630	0.1062
k141_7699	0.4567	0.3750	0.1683
k141_80751	0.3140	0.1974	0.4885
k141_118086	0.7824	0.1699	0.0477
k141_26007	0.4899	0.3910	0.1192
k141_42259	0.6645	0.1165	0.2190
k141_136361	0.7027	0.2058	0.0916
k141_99355	0.5481	0.3056	0.1463
k141_118088	0.8773	0.1055	0.0172
k141_80755	0.9408	0.0437	0.0155
k141_136364	0.5833	0.1589	0.2579
k141_26012	0.6159	0.2937	0.0904
k141_7710	0.6370	0.2044	0.1586
k141_42263	0.6472	0.2599	0.0930
k141_26014	0.7758	0.1291	0.0951
k141_99362	0.5459	0.2062	0.2479
k141_118093	0.9703	0.0240	0.0057
k141_26015	0.8347	0.1051	0.0602
k141_80759	0.4565	0.4426	0.1009
k141_26018	0.5463	0.2281	0.2256
k141_118100	0.2324	0.5716	0.1960
k141_42270	0.8261	0.1087	0.0652
k141_99372	0.4917	0.3180	0.1904
k141_80767	0.0664	0.0820	0.8516
k141_136372	0.9650	0.0243	0.0107
k141_62766	0.7824	0.1206	0.0970
k141_118101	0.6116	0.1877	0.2007
k141_7714	0.8045	0.1293	0.0662
k141_42271	0.9164	0.0582	0.0254
k141_42273	0.0217	0.0511	0.9271
k141_118106	0.6900	0.2274	0.0826
k141_118109	0.3478	0.2691	0.3831
k141_26036	0.5518	0.3955	0.0528
k141_42277	0.8980	0.0739	0.0281
k141_62777	0.9689	0.0237	0.0074
k141_99387	0.8452	0.1014	0.0533
k141_136387	0.5961	0.2125	0.1914
k141_80782	0.7648	0.1673	0.0679
k141_62779	0.3389	0.2306	0.4305
k141_26041	0.4938	0.2320	0.2742
k141_42280	0.3755	0.4461	0.1784
k141_118116	0.5525	0.3108	0.1367
k141_99390	0.9667	0.0236	0.0097
k141_62783	0.9659	0.0248	0.0093
k141_7737	0.7806	0.1042	0.1152
k141_80790	0.8762	0.0929	0.0310
k141_136399	0.0540	0.1003	0.8457
k141_62788	0.0084	0.0124	0.9792
k141_99400	0.1685	0.2286	0.6029
k141_80792	0.4823	0.3364	0.1814
k141_7744	0.8823	0.0744	0.0433
k141_26060	0.9260	0.0540	0.0200
k141_62791	0.4854	0.3650	0.1496
k141_7746	0.5665	0.2737	0.1598
k141_136407	0.4311	0.3017	0.2672
k141_99405	0.1477	0.1418	0.7104
k141_7749	0.2228	0.2123	0.5650
k141_26067	0.0727	0.0823	0.8450
k141_80806	0.0411	0.0576	0.9013
k141_62792	0.9746	0.0175	0.0079
k141_80810	0.9636	0.0273	0.0091
k141_26072	0.0748	0.7369	0.1883
k141_136423	0.3997	0.4357	0.1646
k141_7757	0.6733	0.0583	0.2683
k141_99420	0.0936	0.0984	0.8080
k141_80814	0.8974	0.0739	0.0287
k141_62797	0.0449	0.0733	0.8818
k141_26078	0.4782	0.2994	0.2224
k141_118149	0.9705	0.0211	0.0084
k141_80818	0.4276	0.3335	0.2389
k141_26081	0.1508	0.6994	0.1498
k141_136434	0.9621	0.0283	0.0096
k141_62806	0.7909	0.1118	0.0973
k141_7767	0.4494	0.3171	0.2335
k141_62807	0.6618	0.2068	0.1314
k141_62808	0.9195	0.0640	0.0165
k141_26086	0.9478	0.0370	0.0152
k141_80828	0.7291	0.1548	0.1161
k141_26088	0.1646	0.1446	0.6908
k141_136448	0.3458	0.4399	0.2143
k141_7780	0.3839	0.3045	0.3116
k141_99443	0.9484	0.0353	0.0164
k141_62819	0.4593	0.0615	0.4791
k141_26095	0.9410	0.0477	0.0113
k141_99445	0.2632	0.5384	0.1984
k141_62822	0.5807	0.2882	0.1310
k141_42296	0.9768	0.0165	0.0067
k141_62824	0.9093	0.0808	0.0099
k141_7789	0.2831	0.5288	0.1881
k141_80843	0.3368	0.2833	0.3799
k141_80844	0.7115	0.1623	0.1262
k141_118186	0.3483	0.4011	0.2506
k141_7793	0.5823	0.3332	0.0845
k141_118187	0.3906	0.5670	0.0424
k141_80847	0.0482	0.2263	0.7255
k141_99453	0.2563	0.4051	0.3386
k141_7795	0.9145	0.0582	0.0274
k141_136465	0.3756	0.4431	0.1814
k141_62836	0.0633	0.2201	0.7166
k141_7800	0.2220	0.4175	0.3605
k141_62838	0.2319	0.5266	0.2415
k141_80853	0.9287	0.0523	0.0189
k141_42297	0.8241	0.0883	0.0876
k141_26115	0.1612	0.1670	0.6718
k141_136471	0.4946	0.3965	0.1089
k141_118198	0.4288	0.3837	0.1875
k141_80854	0.5863	0.2655	0.1482
k141_26117	0.3578	0.2147	0.4275
k141_136472	0.9347	0.0470	0.0182
k141_99466	0.6468	0.2521	0.1011
k141_7807	0.9249	0.0537	0.0214
k141_80859	0.6571	0.1164	0.2265
k141_42301	0.0181	0.0535	0.9284
k141_80861	0.3694	0.3843	0.2463
k141_118207	0.0551	0.1066	0.8383
k141_136478	0.9593	0.0257	0.0150
k141_42304	0.1389	0.1707	0.6904
k141_62855	0.3982	0.2101	0.3917
k141_118209	0.6417	0.2178	0.1405
k141_136479	0.0851	0.0694	0.8455
k141_80869	0.4530	0.2594	0.2876
k141_118213	0.1879	0.6992	0.1130
k141_136483	0.5787	0.1540	0.2673
k141_99482	0.6219	0.2452	0.1329
k141_26137	0.1333	0.1217	0.7450
k141_80877	0.5085	0.2992	0.1923
k141_42314	0.1426	0.1400	0.7175
k141_118220	0.7469	0.1645	0.0885
k141_118222	0.2540	0.1615	0.5845
k141_42315	0.9388	0.0444	0.0168
k141_80883	0.0557	0.1697	0.7746
k141_99497	0.2696	0.6748	0.0556
k141_62871	0.1165	0.7146	0.1689
k141_99498	0.4743	0.1765	0.3492
k141_26152	0.8660	0.0966	0.0374
k141_118229	0.6890	0.1788	0.1322
k141_42320	0.7416	0.1227	0.1356
k141_80890	0.6493	0.2559	0.0948
k141_26156	0.7703	0.1211	0.1086
k141_118230	0.8088	0.1310	0.0602
k141_7809	0.9463	0.0388	0.0149
k141_62880	0.1593	0.2497	0.5911
k141_42323	0.6441	0.2170	0.1388
k141_7810	0.0456	0.0660	0.8884
k141_80893	0.0666	0.1164	0.8170
k141_26162	0.5781	0.2720	0.1499
k141_62887	0.8270	0.1213	0.0517
k141_62888	0.9582	0.0325	0.0093
k141_7817	0.5116	0.2795	0.2089
k141_80897	0.9595	0.0288	0.0117
k141_118247	0.7594	0.1380	0.1026
k141_26174	0.9274	0.0552	0.0175
k141_80902	0.3674	0.1751	0.4575
k141_7823	0.5760	0.2991	0.1249
k141_118250	0.1923	0.1993	0.6083
k141_62898	0.3869	0.1659	0.4472
k141_80908	0.6936	0.2088	0.0976
k141_26181	0.9366	0.0488	0.0146
k141_7828	0.7052	0.1506	0.1441
k141_118258	0.2528	0.4613	0.2859
k141_62901	0.1629	0.7927	0.0444
k141_80912	0.2691	0.4248	0.3061
k141_136543	0.5702	0.3104	0.1193
k141_42345	0.8033	0.1284	0.0683
k141_99539	0.5230	0.1973	0.2797
k141_26190	0.9114	0.0532	0.0354
k141_7840	0.9577	0.0259	0.0164
k141_99546	0.4540	0.2959	0.2501
k141_26191	0.5823	0.2300	0.1877
k141_99547	0.7298	0.1478	0.1224
k141_7844	0.4444	0.3048	0.2508
k141_80924	0.8938	0.0719	0.0342
k141_26193	0.7692	0.1441	0.0866
k141_136555	0.1141	0.0959	0.7900
k141_26194	0.6525	0.3255	0.0220
k141_26197	0.6662	0.1927	0.1411
k141_99555	0.9563	0.0313	0.0124
k141_136567	0.4957	0.2741	0.2303
k141_7859	0.7848	0.1226	0.0926
k141_118287	0.2352	0.5145	0.2503
k141_80940	0.5494	0.2032	0.2474
k141_62934	0.9456	0.0409	0.0136
k141_136570	0.7361	0.1307	0.1332
k141_26207	0.0426	0.8172	0.1403
k141_7863	0.0386	0.0558	0.9057
k141_136571	0.7308	0.1317	0.1374
k141_62935	0.7114	0.2182	0.0704
k141_42370	0.2068	0.5825	0.2107
k141_99564	0.7310	0.1601	0.1089
k141_80946	0.3863	0.2473	0.3664
k141_136572	0.1489	0.0517	0.7994
k141_80947	0.2846	0.3759	0.3395
k141_99566	0.2219	0.6942	0.0839
k141_26213	0.6423	0.2484	0.1093
k141_62940	0.2637	0.2866	0.4497
k141_7873	0.7310	0.1411	0.1279
k141_136579	0.8998	0.0704	0.0298
k141_136580	0.6386	0.2661	0.0953
k141_80956	0.4622	0.2979	0.2399
k141_42378	0.0699	0.0972	0.8330
k141_7880	0.3047	0.3935	0.3019
k141_62947	0.1776	0.6122	0.2102
k141_80957	0.1326	0.3655	0.5018
k141_26222	0.7663	0.1903	0.0433
k141_136581	0.9554	0.0349	0.0097
k141_118313	0.8238	0.1229	0.0533
k141_99580	0.9491	0.0353	0.0156
k141_7881	0.7240	0.1839	0.0921
k141_42381	0.7658	0.1987	0.0355
k141_7883	0.5935	0.3507	0.0558
k141_99584	0.0084	0.0174	0.9742
k141_136586	0.0320	0.0548	0.9132
k141_80968	0.6014	0.2542	0.1443
k141_62951	0.9673	0.0226	0.0100
k141_136588	0.1404	0.0293	0.8303
k141_99590	0.6788	0.1640	0.1572
k141_62955	0.1637	0.4312	0.4051
k141_136591	0.0098	0.0172	0.9730
k141_62957	0.1573	0.0869	0.7558
k141_99595	0.5425	0.2550	0.2025
k141_136593	0.9739	0.0189	0.0072
k141_99596	0.5951	0.1928	0.2121
k141_26243	0.0326	0.0782	0.8892
k141_99597	0.3743	0.3864	0.2392
k141_118339	0.7135	0.2387	0.0478
k141_7902	0.7296	0.1085	0.1619
k141_42396	0.7157	0.1877	0.0967
k141_26246	0.5887	0.2550	0.1564
k141_136598	0.9605	0.0310	0.0085
k141_42397	0.9453	0.0361	0.0186
k141_7907	0.9081	0.0653	0.0266
k141_118344	0.8713	0.1013	0.0274
k141_136601	0.0139	0.0164	0.9697
k141_62968	0.9719	0.0197	0.0083
k141_7908	0.8015	0.1220	0.0765
k141_26250	0.1804	0.3473	0.4723
k141_80993	0.3626	0.1819	0.4555
k141_42400	0.9364	0.0467	0.0169
k141_136605	0.9189	0.0621	0.0190
k141_80995	0.1374	0.2629	0.5997
k141_99612	0.4720	0.1422	0.3858
k141_62975	0.6864	0.1565	0.1570
k141_7919	0.6781	0.1636	0.1584
k141_118355	0.1788	0.1509	0.6703
k141_62977	0.9639	0.0276	0.0085
k141_136613	0.7000	0.1542	0.1458
k141_42406	0.6596	0.1912	0.1492
k141_118358	0.5948	0.2540	0.1512
k141_26266	0.7204	0.1844	0.0952
k141_7923	0.8013	0.1033	0.0954
k141_136617	0.8156	0.0968	0.0877
k141_118359	0.7076	0.1956	0.0968
k141_42407	0.9550	0.0308	0.0142
k141_81010	0.7596	0.1796	0.0609
k141_99619	0.0704	0.0642	0.8654
k141_81012	0.9348	0.0499	0.0153
k141_26272	0.8997	0.0723	0.0281
k141_136626	0.7270	0.2053	0.0678
k141_81016	0.3280	0.4974	0.1746
k141_26276	0.6629	0.2696	0.0675
k141_62994	0.9281	0.0435	0.0284
k141_136630	0.1068	0.1513	0.7420
k141_81022	0.8053	0.0981	0.0965
k141_7933	0.7924	0.1384	0.0692
k141_136633	0.0551	0.0725	0.8724
k141_99633	0.9587	0.0294	0.0118
k141_26283	0.7116	0.1239	0.1645
k141_42421	0.4724	0.3431	0.1845
k141_81025	0.5515	0.2808	0.1677
k141_99635	0.7707	0.1329	0.0964
k141_136634	0.0309	0.0676	0.9015
k141_118380	0.0096	0.0197	0.9707
k141_136635	0.8542	0.0788	0.0670
k141_42422	0.7209	0.2305	0.0486
k141_81028	0.3791	0.4339	0.1870
k141_63009	0.6257	0.2836	0.0908
k141_99640	0.6088	0.2181	0.1732
k141_26292	0.0441	0.0450	0.9108
k141_7945	0.4126	0.5384	0.0491
k141_63012	0.7194	0.1816	0.0990
k141_136642	0.5325	0.1733	0.2942
k141_81034	0.2662	0.2125	0.5213
k141_63015	0.8709	0.0788	0.0503
k141_26297	0.9703	0.0221	0.0075
k141_118392	0.8217	0.1335	0.0448
k141_7951	0.9474	0.0356	0.0170
k141_118393	0.2923	0.4388	0.2689
k141_99652	0.8329	0.1076	0.0595
k141_63022	0.1118	0.0414	0.8468
k141_81048	0.0140	0.0174	0.9687
k141_26305	0.8846	0.0816	0.0337
k141_63023	0.9352	0.0483	0.0165
k141_63026	0.3118	0.2066	0.4816
k141_7963	0.6114	0.2425	0.1461
k141_81051	0.7075	0.1943	0.0981
k141_136662	0.6384	0.2935	0.0681
k141_42443	0.7029	0.1955	0.1016
k141_26312	0.0013	0.9936	0.0051
k141_81053	0.2237	0.1908	0.5854
k141_99667	0.3478	0.2957	0.3565
k141_81056	0.6673	0.1792	0.1535
k141_118394	0.9552	0.0333	0.0114
k141_99668	0.0189	0.0232	0.9579
k141_63034	0.4914	0.2119	0.2968
k141_26317	0.1187	0.3358	0.5455
k141_26318	0.0140	0.0387	0.9473
k141_118399	0.5786	0.2666	0.1548
k141_26324	0.4401	0.2544	0.3055
k141_81064	0.8037	0.1387	0.0576
k141_118402	0.5997	0.2632	0.1371
k141_42456	0.2762	0.1400	0.5838
k141_26327	0.3767	0.3079	0.3154
k141_7985	0.7496	0.1851	0.0653
k141_63048	0.7482	0.1706	0.0812
k141_118405	0.9461	0.0359	0.0180
k141_81067	0.2573	0.5179	0.2248
k141_136684	0.0113	0.0259	0.9628
k141_7986	0.9346	0.0490	0.0164
k141_118406	0.2138	0.1565	0.6297
k141_118407	0.2690	0.2626	0.4684
k141_118409	0.6237	0.2308	0.1455
k141_136694	0.6394	0.1715	0.1891
k141_118410	0.4284	0.4040	0.1676
k141_7999	0.3507	0.4510	0.1983
k141_42470	0.9489	0.0419	0.0092
k141_63064	0.1262	0.1185	0.7553
k141_26347	0.8652	0.1100	0.0248
k141_81083	0.1837	0.3528	0.4635
k141_99699	0.8386	0.1099	0.0514
k141_136698	0.7469	0.1479	0.1052
k141_118414	0.2581	0.3596	0.3822
k141_8003	0.8683	0.1084	0.0233
k141_63066	0.0652	0.8951	0.0397
k141_136702	0.8383	0.1118	0.0499
k141_81089	0.8993	0.0735	0.0272
k141_26355	0.7135	0.2172	0.0694
k141_99709	0.7798	0.1412	0.0789
k141_118424	0.7352	0.1732	0.0915
k141_81093	0.6593	0.2344	0.1062
k141_63075	0.0383	0.1347	0.8270
k141_99711	0.7146	0.1511	0.1343
k141_26360	0.0080	0.0189	0.9731
k141_81095	0.9093	0.0648	0.0260
k141_26362	0.8732	0.1078	0.0191
k141_42488	0.7615	0.1264	0.1120
k141_8011	0.9586	0.0288	0.0126
k141_81099	0.8564	0.1041	0.0395
k141_118436	0.7287	0.1603	0.1110
k141_99721	0.4506	0.3228	0.2266
k141_42493	0.9237	0.0598	0.0165
k141_81101	0.8044	0.1711	0.0244
k141_99722	0.8207	0.0879	0.0915
k141_8014	0.8167	0.1313	0.0520
k141_42494	0.9053	0.0581	0.0366
k141_118437	0.4129	0.4323	0.1548
k141_136726	0.0389	0.0349	0.9262
k141_26373	0.9626	0.0273	0.0100
k141_63098	0.7469	0.1242	0.1289
k141_63103	0.0145	0.0223	0.9632
k141_118445	0.7702	0.1264	0.1034
k141_118447	0.9611	0.0280	0.0109
k141_42505	0.9546	0.0359	0.0095
k141_136742	0.9432	0.0421	0.0147
k141_42507	0.0064	0.9905	0.0031
k141_81123	0.7025	0.1498	0.1477
k141_8036	0.8910	0.0717	0.0373
k141_26395	0.8891	0.0718	0.0391
k141_136745	0.9337	0.0474	0.0189
k141_81125	0.0679	0.0513	0.8807
k141_99749	0.6968	0.1463	0.1569
k141_118458	0.8509	0.0902	0.0589
k141_42509	0.0354	0.2385	0.7262
k141_118459	0.8477	0.1303	0.0220
k141_63119	0.3558	0.4461	0.1981
k141_81133	0.2196	0.5587	0.2217
k141_99753	0.6079	0.2985	0.0936
k141_42512	0.4286	0.2278	0.3436
k141_63122	0.7358	0.2167	0.0475
k141_26412	0.2686	0.3724	0.3589
k141_99758	0.0811	0.0496	0.8694
k141_81136	0.4684	0.4493	0.0823
k141_99759	0.8412	0.0898	0.0690
k141_136766	0.8569	0.0940	0.0491
k141_8057	0.6418	0.1746	0.1837
k141_81141	0.3181	0.2391	0.4428
k141_136767	0.8123	0.1489	0.0388
k141_8059	0.0514	0.9226	0.0259
k141_81142	0.7146	0.1796	0.1058
k141_63126	0.7518	0.1575	0.0907
k141_26423	0.9162	0.0651	0.0188
k141_63127	0.6758	0.1866	0.1376
k141_8061	0.4408	0.5203	0.0389
k141_81144	0.8354	0.1225	0.0421
k141_118483	0.0537	0.0599	0.8865
k141_99771	0.1751	0.1385	0.6864
k141_26425	0.7747	0.1492	0.0760
k141_136775	0.6190	0.2422	0.1388
k141_81147	0.0370	0.6202	0.3428
k141_26427	0.6087	0.2027	0.1886
k141_63135	0.6057	0.3385	0.0558
k141_81150	0.1355	0.1629	0.7016
k141_8067	0.9611	0.0278	0.0111
k141_26428	0.5756	0.2453	0.1791
k141_118490	0.0340	0.0381	0.9279
k141_136781	0.6101	0.1711	0.2188
k141_63138	0.2036	0.1403	0.6561
k141_99775	0.7154	0.2667	0.0179
k141_42528	0.7228	0.2037	0.0735
k141_99776	0.5114	0.1662	0.3224
k141_136783	0.7617	0.1700	0.0683
k141_136785	0.6186	0.1907	0.1907
k141_8076	0.1586	0.2375	0.6039
k141_81158	0.2296	0.5369	0.2336
k141_26431	0.9618	0.0280	0.0102
k141_136787	0.3017	0.5083	0.1900
k141_42532	0.9657	0.0291	0.0052
k141_81160	0.0417	0.0889	0.8694
k141_118506	0.9058	0.0574	0.0368
k141_8082	0.4855	0.3091	0.2055
k141_136790	0.9568	0.0311	0.0121
k141_99791	0.4885	0.4149	0.0966
k141_8083	0.7152	0.1905	0.0943
k141_63155	0.8186	0.1120	0.0694
k141_118511	0.3923	0.4951	0.1126
k141_81167	0.4963	0.3245	0.1792
k141_99792	0.2930	0.5850	0.1220
k141_26441	0.7928	0.1376	0.0695
k141_42540	0.3539	0.3838	0.2623
k141_118514	0.9395	0.0478	0.0127
k141_136798	0.8094	0.1255	0.0650
k141_99799	0.3306	0.4776	0.1917
k141_8093	0.4662	0.4146	0.1192
k141_26447	0.0449	0.1826	0.7725
k141_63162	0.0126	0.0298	0.9577
k141_118523	0.3277	0.3119	0.3604
k141_81179	0.9570	0.0323	0.0107
k141_136807	0.3324	0.1385	0.5291
k141_63165	0.9608	0.0273	0.0119
k141_26454	0.5524	0.3147	0.1329
k141_26456	0.1948	0.4655	0.3397
k141_81186	0.8472	0.1209	0.0319
k141_63168	0.0510	0.3117	0.6373
k141_99810	0.9410	0.0353	0.0237
k141_118533	0.9594	0.0334	0.0071
k141_63172	0.9418	0.0414	0.0168
k141_8111	0.9401	0.0499	0.0100
k141_136823	0.6972	0.1552	0.1476
k141_99818	0.3413	0.4870	0.1717
k141_42553	0.9714	0.0205	0.0080
k141_118539	0.3047	0.3888	0.3065
k141_8113	0.6364	0.1666	0.1970
k141_118540	0.6018	0.2477	0.1505
k141_42554	0.2032	0.1862	0.6106
k141_136828	0.9473	0.0370	0.0156
k141_118542	0.6427	0.2408	0.1164
k141_8116	0.4754	0.3259	0.1987
k141_136829	0.0118	0.9377	0.0505
k141_81206	0.9380	0.0424	0.0196
k141_8119	0.3642	0.4468	0.1890
k141_99829	0.9598	0.0305	0.0096
k141_81207	0.3547	0.2981	0.3472
k141_118547	0.4643	0.2116	0.3240
k141_26482	0.0202	0.0306	0.9492
k141_26483	0.0340	0.0247	0.9414
k141_8122	0.6602	0.2206	0.1192
k141_136839	0.8405	0.1208	0.0388
k141_63195	0.1518	0.2794	0.5688
k141_26486	0.7382	0.2257	0.0361
k141_118558	0.6918	0.1861	0.1222
k141_81214	0.5838	0.3215	0.0947
k141_99841	0.8084	0.0926	0.0990
k141_42572	0.3638	0.3509	0.2854
k141_81218	0.7389	0.1154	0.1457
k141_136846	0.5892	0.2284	0.1824
k141_63202	0.2310	0.2100	0.5589
k141_63205	0.0782	0.0336	0.8882
k141_118567	0.5664	0.3391	0.0945
k141_81225	0.6286	0.2797	0.0917
k141_26501	0.2458	0.2092	0.5450
k141_26505	0.3992	0.4648	0.1360
k141_63213	0.0153	0.0265	0.9582
k141_118577	0.3171	0.0984	0.5845
k141_8135	0.9516	0.0341	0.0143
k141_26510	0.4917	0.4836	0.0247
k141_63220	0.7017	0.1902	0.1082
k141_26511	0.0096	0.0171	0.9733
k141_63221	0.3841	0.4653	0.1507
k141_8136	0.8209	0.0833	0.0958
k141_26513	0.1200	0.7387	0.1414
k141_81237	0.0133	0.0178	0.9689
k141_8138	0.1656	0.0375	0.7969
k141_99874	0.4128	0.3719	0.2154
k141_63226	0.2719	0.3069	0.4212
k141_81239	0.9541	0.0331	0.0128
k141_8142	0.7465	0.1367	0.1169
k141_42573	0.4885	0.2381	0.2733
k141_136881	0.9444	0.0432	0.0125
k141_63229	0.7358	0.1174	0.1468
k141_118594	0.3957	0.3973	0.2070
k141_63231	0.1683	0.1645	0.6672
k141_26528	0.7551	0.1741	0.0707
k141_99884	0.6993	0.1689	0.1318
k141_118597	0.9486	0.0351	0.0163
k141_63232	0.6809	0.1896	0.1295
k141_8146	0.9557	0.0335	0.0108
k141_99887	0.4617	0.3224	0.2160
k141_63234	0.3026	0.3374	0.3601
k141_42577	0.9372	0.0476	0.0152
k141_26529	0.3416	0.4761	0.1823
k141_118600	0.3252	0.3844	0.2904
k141_26530	0.6549	0.2547	0.0905
k141_8148	0.9612	0.0301	0.0087
k141_136897	0.6021	0.1981	0.1997
k141_63240	0.7074	0.2239	0.0687
k141_99894	0.0659	0.9169	0.0172
k141_118602	0.9435	0.0424	0.0141
k141_118607	0.2937	0.1078	0.5986
k141_63247	0.4443	0.1948	0.3609
k141_81269	0.9173	0.0662	0.0164
k141_42589	0.9071	0.0617	0.0313
k141_26545	0.6439	0.2276	0.1285
k141_63249	0.4702	0.3572	0.1726
k141_81274	0.7118	0.2138	0.0744
k141_63252	0.0136	0.0308	0.9556
k141_99905	0.2693	0.3507	0.3799
k141_26550	0.2481	0.3289	0.4230
k141_136911	0.8473	0.1304	0.0223
k141_26551	0.9354	0.0461	0.0185
k141_8171	0.3721	0.4336	0.1943
k141_99908	0.9136	0.0624	0.0240
k141_136914	0.7256	0.1880	0.0864
k141_42595	0.7567	0.2056	0.0377
k141_118620	0.8669	0.0831	0.0501
k141_63260	0.9556	0.0320	0.0123
k141_8175	0.2381	0.2779	0.4840
k141_118621	0.5566	0.1780	0.2654
k141_99909	0.9195	0.0623	0.0183
k141_81286	0.7087	0.1224	0.1689
k141_118623	0.4958	0.3409	0.1633
k141_136923	0.8648	0.0978	0.0374
k141_8179	0.7938	0.1165	0.0897
k141_42597	0.7767	0.1114	0.1119
k141_81289	0.7212	0.2438	0.0350
k141_63264	0.9531	0.0301	0.0168
k141_99914	0.9545	0.0355	0.0100
k141_81292	0.4052	0.3449	0.2499
k141_26571	0.4779	0.1731	0.3490
k141_63268	0.6387	0.1964	0.1649
k141_8189	0.3839	0.3044	0.3118
k141_99919	0.9240	0.0570	0.0189
k141_118638	0.8664	0.0992	0.0345
k141_63273	0.7593	0.1707	0.0699
k141_99923	0.8021	0.1377	0.0602
k141_81304	0.0278	0.1486	0.8236
k141_63278	0.6678	0.1643	0.1679
k141_8196	0.4329	0.0612	0.5059
k141_118645	0.8197	0.1355	0.0448
k141_26584	0.0592	0.9201	0.0207
k141_42614	0.7733	0.1172	0.1096
k141_136948	0.4548	0.3420	0.2032
k141_26586	0.7243	0.1527	0.1230
k141_118646	0.3044	0.6243	0.0714
k141_63288	0.6669	0.2154	0.1177
k141_136949	0.9535	0.0331	0.0134
k141_99935	0.3703	0.2321	0.3977
k141_8202	0.2460	0.6662	0.0877
k141_81317	0.2378	0.3944	0.3677
k141_63290	0.7704	0.1147	0.1149
k141_81325	0.6000	0.2260	0.1740
k141_136959	0.2639	0.3144	0.4217
k141_42626	0.2881	0.5079	0.2040
k141_99949	0.2976	0.4252	0.2772
k141_118665	0.7586	0.1455	0.0958
k141_81329	0.9541	0.0333	0.0126
k141_99950	0.9252	0.0558	0.0189
k141_99951	0.7499	0.1544	0.0958
k141_81332	0.4697	0.3472	0.1831
k141_26610	0.9472	0.0386	0.0142
k141_8226	0.7493	0.1175	0.1332
k141_42633	0.0161	0.0172	0.9667
k141_63291	0.9669	0.0235	0.0096
k141_136975	0.5442	0.3050	0.1509
k141_118674	0.3025	0.5130	0.1845
k141_81334	0.9423	0.0457	0.0120
k141_99957	0.5008	0.2813	0.2179
k141_42635	0.1036	0.7249	0.1715
k141_8234	0.0671	0.1199	0.8131
k141_63296	0.7990	0.1045	0.0966
k141_26617	0.9054	0.0742	0.0204
k141_42639	0.0445	0.0338	0.9217
k141_136986	0.9345	0.0448	0.0207
k141_118684	0.1047	0.0932	0.8021
k141_8239	0.5427	0.1106	0.3467
k141_99965	0.7825	0.1159	0.1016
k141_63300	0.3887	0.3368	0.2745
k141_42641	0.9681	0.0234	0.0085
k141_99968	0.4411	0.3245	0.2344
k141_8242	0.4579	0.2241	0.3180
k141_136993	0.8917	0.0734	0.0348
k141_63304	0.6217	0.2349	0.1434
k141_99970	0.3627	0.3079	0.3294
k141_81343	0.0202	0.7531	0.2267
k141_136996	0.9426	0.0426	0.0148
k141_8249	0.8312	0.1363	0.0326
k141_136997	0.5732	0.3012	0.1257
k141_136998	0.2577	0.4723	0.2700
k141_118703	0.8965	0.0726	0.0309
k141_63313	0.6184	0.3110	0.0706
k141_26641	0.1965	0.1999	0.6036
k141_63314	0.4325	0.5055	0.0621
k141_81354	0.0473	0.0569	0.8958
k141_26644	0.2728	0.2597	0.4675
k141_137008	0.4922	0.3918	0.1160
k141_63315	0.0114	0.0174	0.9712
k141_26645	0.8883	0.0841	0.0276
k141_42655	0.7284	0.2262	0.0453
k141_118706	0.8590	0.1144	0.0266
k141_8258	0.8625	0.1098	0.0277
k141_118707	0.5034	0.1719	0.3247
k141_81362	0.6999	0.1226	0.1775
k141_99997	0.6416	0.1912	0.1672
k141_118711	0.3013	0.3293	0.3693
k141_63325	0.0126	0.0175	0.9699
k141_42661	0.5329	0.3350	0.1320
k141_137019	0.7059	0.1774	0.1167
k141_81365	0.9524	0.0362	0.0115
k141_63331	0.9545	0.0314	0.0140
k141_118715	0.5509	0.2965	0.1525
k141_118716	0.9025	0.0783	0.0193
k141_81369	0.9741	0.0181	0.0079
k141_42664	0.0436	0.8161	0.1404
k141_63335	0.3755	0.1556	0.4689
k141_26666	0.5911	0.1988	0.2101
k141_137029	0.2186	0.1463	0.6351
k141_8277	0.9253	0.0542	0.0205
k141_81371	0.9387	0.0451	0.0162
k141_137031	0.5388	0.3688	0.0924
k141_26669	0.8857	0.0686	0.0457
k141_63338	0.0323	0.1281	0.8397
k141_42668	0.4434	0.3868	0.1698
k141_118723	0.2702	0.1526	0.5772
k141_26670	0.9693	0.0231	0.0076
k141_137036	0.0996	0.0339	0.8665
k141_118727	0.2337	0.4871	0.2792
k141_100020	0.0274	0.0293	0.9432
k141_81375	0.9430	0.0413	0.0157
k141_8280	0.9533	0.0334	0.0132
k141_42671	0.7097	0.1284	0.1619
k141_100021	0.7018	0.1730	0.1252
k141_118728	0.2574	0.7048	0.0378
k141_8281	0.6285	0.1830	0.1884
k141_8282	0.9386	0.0438	0.0176
k141_100027	0.0197	0.0178	0.9625
k141_26681	0.9396	0.0437	0.0168
k141_81383	0.3691	0.1725	0.4584
k141_8286	0.8952	0.0683	0.0365
k141_137055	0.0948	0.1014	0.8038
k141_81388	0.5623	0.2785	0.1592
k141_137056	0.8775	0.0745	0.0480
k141_81390	0.0117	0.0155	0.9728
k141_118742	0.2502	0.4875	0.2623
k141_100039	0.1556	0.2032	0.6412
k141_63370	0.8538	0.1091	0.0371
k141_8288	0.0275	0.0403	0.9322
k141_118747	0.9187	0.0535	0.0278
k141_137067	0.4477	0.4049	0.1474
k141_26701	0.0125	0.0518	0.9357
k141_8291	0.4602	0.3467	0.1931
k141_81396	0.8067	0.1314	0.0619
k141_63372	0.8310	0.1125	0.0564
k141_63375	0.2947	0.6048	0.1004
k141_81402	0.8532	0.1146	0.0322
k141_118758	0.7159	0.1345	0.1497
k141_63380	0.8656	0.1077	0.0267
k141_100055	0.9009	0.0744	0.0247
k141_137081	0.9686	0.0222	0.0091
k141_8307	0.5438	0.2752	0.1811
k141_63383	0.5513	0.2583	0.1904
k141_42698	0.4718	0.3834	0.1448
k141_81410	0.4513	0.4010	0.1478
k141_26722	0.2167	0.1450	0.6383
k141_118770	0.8602	0.1048	0.0350
k141_81412	0.9390	0.0436	0.0174
k141_26724	0.9351	0.0470	0.0179
k141_137092	0.4652	0.1457	0.3891
k141_100070	0.2161	0.1481	0.6358
k141_63393	0.6451	0.1968	0.1581
k141_118778	0.3686	0.4645	0.1668
k141_100072	0.1883	0.3675	0.4442
k141_81420	0.2033	0.1616	0.6350
k141_26732	0.9779	0.0156	0.0065
k141_8324	0.8310	0.1099	0.0591
k141_137102	0.2036	0.1731	0.6233
k141_81423	0.7055	0.1576	0.1369
k141_26734	0.9075	0.0663	0.0262
k141_118786	0.6602	0.1420	0.1978
k141_26736	0.9450	0.0398	0.0151
k141_81425	0.6808	0.1931	0.1261
k141_137110	0.6190	0.1790	0.2020
k141_8330	0.8788	0.0926	0.0285
k141_81427	0.6363	0.2270	0.1367
k141_100086	0.6509	0.2238	0.1254
k141_63400	0.1493	0.2010	0.6498
k141_137111	0.0393	0.0525	0.9082
k141_8331	0.4643	0.3239	0.2117
k141_63401	0.7130	0.1435	0.1435
k141_118793	0.1858	0.7891	0.0251
k141_26742	0.5102	0.2922	0.1976
k141_63403	0.7038	0.2102	0.0860
k141_8337	0.7393	0.1491	0.1117
k141_137120	0.2628	0.2135	0.5237
k141_63406	0.9644	0.0256	0.0100
k141_118801	0.6291	0.2267	0.1442
k141_100093	0.9216	0.0648	0.0136
k141_63407	0.4087	0.3340	0.2573
k141_63409	0.1209	0.2401	0.6390
k141_118802	0.9474	0.0352	0.0174
k141_137123	0.5697	0.3407	0.0896
k141_8347	0.0296	0.0271	0.9433
k141_100098	0.3907	0.3157	0.2935
k141_63412	0.6367	0.2311	0.1321
k141_137129	0.7290	0.1750	0.0960
k141_100105	0.3554	0.2022	0.4424
k141_42738	0.2892	0.3853	0.3255
k141_63419	0.9231	0.0606	0.0163
k141_8357	0.0185	0.0464	0.9351
k141_26771	0.9711	0.0199	0.0090
k141_63420	0.8728	0.0791	0.0481
k141_42740	0.6229	0.1943	0.1828
k141_81455	0.0084	0.0262	0.9654
k141_137135	0.9400	0.0280	0.0321
k141_63421	0.3697	0.1310	0.4993
k141_100115	0.6511	0.2102	0.1387
k141_63422	0.5512	0.3535	0.0952
k141_81461	0.1257	0.1427	0.7317
k141_8370	0.9744	0.0199	0.0056
k141_100121	0.6547	0.1967	0.1486
k141_63428	0.8216	0.1513	0.0272
k141_118825	0.0083	0.0149	0.9768
k141_81471	0.6925	0.1525	0.1550
k141_63432	0.9257	0.0517	0.0226
k141_137153	0.4464	0.3551	0.1985
k141_26794	0.9095	0.0610	0.0295
k141_137154	0.2898	0.4683	0.2418
k141_8379	0.1755	0.2220	0.6025
k141_81475	0.8253	0.1340	0.0408
k141_137156	0.6341	0.1991	0.1668
k141_26799	0.4979	0.2552	0.2468
k141_118837	0.5620	0.3918	0.0462
k141_8384	0.7906	0.1342	0.0752
k141_42760	0.5436	0.2550	0.2013
k141_100137	0.1347	0.4978	0.3675
k141_26800	0.9266	0.0548	0.0186
k141_118838	0.8606	0.1053	0.0340
k141_63440	0.0369	0.8856	0.0775
k141_100139	0.7371	0.1656	0.0973
k141_42765	0.1629	0.2300	0.6070
k141_26808	0.7761	0.1233	0.1006
k141_81489	0.9699	0.0224	0.0077
k141_137173	0.9190	0.0626	0.0184
k141_42768	0.1925	0.3716	0.4359
k141_137174	0.9360	0.0444	0.0196
k141_81492	0.9395	0.0449	0.0156
k141_26818	0.7605	0.1414	0.0980
k141_63458	0.5998	0.2347	0.1655
k141_81494	0.7794	0.1747	0.0460
k141_8395	0.8605	0.1096	0.0299
k141_137177	0.1829	0.2355	0.5816
k141_137180	0.2417	0.3092	0.4491
k141_81497	0.4390	0.3134	0.2476
k141_100160	0.6399	0.1994	0.1608
k141_118862	0.9517	0.0350	0.0133
k141_8398	0.4091	0.3906	0.2003
k141_26825	0.1124	0.0914	0.7962
k141_81501	0.8588	0.0786	0.0627
k141_137187	0.1503	0.6609	0.1888
k141_118872	0.8220	0.1127	0.0653
k141_100169	0.0502	0.2532	0.6966
k141_42784	0.1428	0.2370	0.6202
k141_63479	0.5845	0.2306	0.1849
k141_8410	0.0373	0.0319	0.9308
k141_118875	0.7836	0.1047	0.1118
k141_137191	0.9421	0.0435	0.0144
k141_8412	0.8302	0.1037	0.0661
k141_118876	0.9761	0.0175	0.0063
k141_81512	0.9811	0.0138	0.0051
k141_100178	0.2252	0.2436	0.5312
k141_81513	0.1996	0.1546	0.6458
k141_63486	0.5835	0.2626	0.1539
k141_26849	0.0210	0.0249	0.9541
k141_8418	0.3341	0.5030	0.1629
k141_26850	0.6600	0.1541	0.1860
k141_137203	0.7584	0.1474	0.0942
k141_8419	0.8113	0.1247	0.0641
k141_100187	0.2451	0.1501	0.6049
k141_118886	0.8566	0.1018	0.0416
k141_81521	0.1032	0.1620	0.7348
k141_26854	0.1947	0.4662	0.3391
k141_8421	0.9562	0.0314	0.0124
k141_42799	0.5533	0.3090	0.1377
k141_63497	0.9605	0.0277	0.0118
k141_118890	0.9665	0.0254	0.0081
k141_42802	0.5969	0.2678	0.1353
k141_63501	0.9359	0.0438	0.0203
k141_81530	0.8915	0.0826	0.0259
k141_100196	0.4985	0.3052	0.1963
k141_26862	0.2461	0.4815	0.2724
k141_137216	0.1431	0.2397	0.6172
k141_26865	0.1342	0.1184	0.7474
k141_8434	0.2811	0.3318	0.3871
k141_137220	0.5868	0.2930	0.1202
k141_81531	0.9217	0.0599	0.0184
k141_42811	0.5366	0.2777	0.1857
k141_26874	0.9716	0.0215	0.0069
k141_8444	0.7046	0.2229	0.0726
k141_118913	0.6500	0.2412	0.1088
k141_26880	0.0184	0.0261	0.9555
k141_8446	0.6865	0.1741	0.1393
k141_137229	0.5683	0.3083	0.1234
k141_118916	0.0594	0.0927	0.8480
k141_42817	0.5509	0.3544	0.0946
k141_118917	0.1936	0.4470	0.3594
k141_26884	0.7819	0.1706	0.0475
k141_8449	0.9026	0.0722	0.0253
k141_100226	0.2523	0.3880	0.3597
k141_26890	0.6689	0.1878	0.1433
k141_137239	0.8431	0.1212	0.0357
k141_118922	0.9187	0.0608	0.0205
k141_100230	0.2366	0.1890	0.5745
k141_81532	0.8296	0.1340	0.0364
k141_8458	0.4782	0.2976	0.2242
k141_63508	0.9661	0.0235	0.0104
k141_137247	0.7395	0.1418	0.1187
k141_26901	0.4606	0.3928	0.1466
k141_63510	0.2662	0.6019	0.1319
k141_8465	0.3990	0.1734	0.4276
k141_42831	0.6528	0.2782	0.0690
k141_118929	0.7803	0.1185	0.1013
k141_81539	0.8623	0.1076	0.0301
k141_63511	0.0895	0.0631	0.8474
k141_26905	0.1204	0.1232	0.7564
k141_137251	0.7517	0.1354	0.1128
k141_42835	0.5752	0.1822	0.2425
k141_26907	0.0405	0.1157	0.8438
k141_100246	0.8109	0.1500	0.0391
k141_63516	0.6446	0.2411	0.1143
k141_137255	0.6986	0.2646	0.0368
k141_8475	0.0114	0.0240	0.9646
k141_118937	0.6252	0.2874	0.0873
k141_63518	0.7306	0.1823	0.0871
k141_100251	0.3821	0.2198	0.3981
k141_81551	0.7034	0.1956	0.1010
k141_8478	0.8511	0.1068	0.0421
k141_137259	0.4614	0.3849	0.1537
k141_118941	0.6674	0.1191	0.2135
k141_63521	0.6579	0.1654	0.1767
k141_26916	0.8990	0.0702	0.0307
k141_8480	0.1007	0.7690	0.1303
k141_100257	0.9458	0.0432	0.0110
k141_63522	0.2040	0.4022	0.3938
k141_137267	0.5410	0.2685	0.1905
k141_63525	0.2550	0.5005	0.2445
k141_118951	0.8138	0.1504	0.0357
k141_137270	0.8328	0.0999	0.0674
k141_100265	0.0735	0.7671	0.1593
k141_63527	0.6780	0.2182	0.1038
k141_8492	0.9830	0.0123	0.0047
k141_137274	0.9273	0.0587	0.0140
k141_42856	0.0194	0.0250	0.9556
k141_63535	0.4532	0.3484	0.1984
k141_8497	0.8785	0.0640	0.0575
k141_137277	0.9348	0.0441	0.0210
k141_63536	0.6216	0.2046	0.1738
k141_42857	0.5482	0.2652	0.1866
k141_8501	0.9109	0.0571	0.0319
k141_100278	0.8409	0.1172	0.0419
k141_137279	0.9276	0.0537	0.0188
k141_26943	0.7075	0.2143	0.0782
k141_81560	0.9779	0.0157	0.0064
k141_100280	0.7814	0.1098	0.1089
k141_118976	0.4163	0.1290	0.4546
k141_81563	0.7442	0.1441	0.1117
k141_100284	0.6059	0.2098	0.1844
k141_118979	0.1938	0.2948	0.5114
k141_63550	0.6001	0.2239	0.1760
k141_42867	0.3650	0.5163	0.1186
k141_137290	0.9198	0.0480	0.0322
k141_8518	0.0460	0.0293	0.9247
k141_26958	0.2884	0.2066	0.5051
k141_42869	0.8940	0.0806	0.0254
k141_137293	0.6422	0.1391	0.2187
k141_63556	0.0090	0.0142	0.9767
k141_100290	0.0433	0.0771	0.8796
k141_137294	0.9298	0.0486	0.0216
k141_100291	0.6520	0.1597	0.1882
k141_81575	0.8618	0.0997	0.0385
k141_26963	0.9682	0.0240	0.0078
k141_118991	0.9364	0.0433	0.0203
k141_42870	0.8484	0.1040	0.0476
k141_137296	0.0598	0.0786	0.8616
k141_8527	0.0411	0.1047	0.8542
k141_118992	0.8232	0.1301	0.0467
k141_81578	0.1920	0.0778	0.7302
k141_137299	0.7335	0.1742	0.0922
k141_8532	0.5322	0.2493	0.2185
k141_118993	0.9461	0.0391	0.0149
k141_81580	0.9666	0.0266	0.0068
k141_42875	0.3761	0.2891	0.3348
k141_137305	0.0328	0.1326	0.8346
k141_100300	0.6296	0.2549	0.1155
k141_8535	0.9534	0.0345	0.0121
k141_81583	0.6309	0.1804	0.1887
k141_100301	0.4383	0.4295	0.1323
k141_63565	0.6700	0.2537	0.0762
k141_81585	0.9387	0.0443	0.0170
k141_26978	0.3168	0.5364	0.1468
k141_137310	0.2488	0.2932	0.4579
k141_8536	0.1777	0.7043	0.1180
k141_42883	0.0881	0.1940	0.7179
k141_8537	0.1931	0.1022	0.7047
k141_119005	0.0822	0.0841	0.8337
k141_26982	0.4412	0.3741	0.1847
k141_119008	0.4657	0.2977	0.2366
k141_137316	0.5888	0.3127	0.0985
k141_119009	0.9605	0.0269	0.0125
k141_8542	0.9541	0.0370	0.0088
k141_100313	0.6609	0.2171	0.1220
k141_26988	0.8102	0.1144	0.0754
k141_81601	0.4969	0.4104	0.0926
k141_8544	0.6777	0.1858	0.1365
k141_42891	0.8137	0.1130	0.0733
k141_119015	0.8969	0.0859	0.0171
k141_26989	0.8333	0.0987	0.0681
k141_81608	0.2746	0.5539	0.1715
k141_100329	0.6338	0.2366	0.1296
k141_63594	0.9583	0.0313	0.0104
k141_137338	0.7157	0.1969	0.0874
k141_119029	0.9203	0.0629	0.0168
k141_63596	0.1171	0.4660	0.4168
k141_27002	0.6737	0.1880	0.1382
k141_63600	0.9151	0.0672	0.0177
k141_27007	0.9068	0.0734	0.0199
k141_42910	0.5599	0.2271	0.2130
k141_100340	0.9365	0.0471	0.0164
k141_81628	0.4528	0.4552	0.0920
k141_119039	0.8075	0.1303	0.0622
k141_8572	0.8693	0.0811	0.0496
k141_100343	0.5028	0.3154	0.1817
k141_81631	0.1986	0.2630	0.5383
k141_137356	0.7384	0.1394	0.1221
k141_8578	0.7448	0.1184	0.1368
k141_63612	0.0474	0.0840	0.8686
k141_137359	0.7386	0.1308	0.1306
k141_8580	0.2933	0.2433	0.4633
k141_27023	0.5370	0.2846	0.1784
k141_81639	0.0870	0.0995	0.8135
k141_137362	0.4451	0.4234	0.1314
k141_8581	0.8711	0.1048	0.0241
k141_119048	0.9673	0.0249	0.0078
k141_81642	0.5072	0.3382	0.1546
k141_100361	0.7979	0.1703	0.0318
k141_42924	0.7841	0.1729	0.0429
k141_8589	0.7237	0.1453	0.1310
k141_63628	0.5617	0.3420	0.0963
k141_137375	0.9461	0.0361	0.0178
k141_42930	0.0283	0.0239	0.9479
k141_8596	0.7980	0.1347	0.0673
k141_100369	0.4964	0.3490	0.1547
k141_63634	0.2022	0.1607	0.6370
k141_81658	0.3252	0.5375	0.1373
k141_8603	0.8581	0.1020	0.0399
k141_137382	0.6986	0.2034	0.0980
k141_27053	0.7285	0.1574	0.1141
k141_63639	0.4770	0.0869	0.4361
k141_100373	0.9705	0.0208	0.0087
k141_81663	0.1027	0.6372	0.2601
k141_63640	0.5332	0.1926	0.2742
k141_137385	0.2730	0.2660	0.4610
k141_81664	0.9311	0.0498	0.0191
k141_8612	0.7270	0.1596	0.1135
k141_100378	0.7195	0.1568	0.1237
k141_119080	0.9727	0.0194	0.0079
k141_42945	0.5712	0.0905	0.3383
k141_137396	0.9268	0.0559	0.0173
k141_63648	0.8863	0.0956	0.0181
k141_8619	0.9436	0.0409	0.0156
k141_27060	0.9625	0.0259	0.0116
k141_137398	0.9309	0.0538	0.0153
k141_81677	0.9485	0.0377	0.0139
k141_8620	0.3914	0.2484	0.3602
k141_63652	0.9814	0.0134	0.0052
k141_27063	0.2494	0.5810	0.1696
k141_100390	0.8304	0.1449	0.0246
k141_27064	0.9319	0.0498	0.0184
k141_27065	0.0306	0.1375	0.8319
k141_42955	0.8283	0.1292	0.0426
k141_63658	0.3769	0.4465	0.1766
k141_27066	0.9064	0.0584	0.0351
k141_137410	0.8817	0.0766	0.0417
k141_119099	0.5864	0.2018	0.2118
k141_137411	0.8938	0.0846	0.0216
k141_8627	0.9715	0.0203	0.0082
k141_27069	0.5012	0.2870	0.2119
k141_42957	0.6099	0.1989	0.1912
k141_119100	0.7178	0.2434	0.0388
k141_8629	0.1090	0.2299	0.6610
k141_81695	0.0310	0.2739	0.6951
k141_119103	0.5558	0.3978	0.0464
k141_137421	0.8991	0.0686	0.0322
k141_63664	0.6747	0.1961	0.1292
k141_119104	0.8326	0.1069	0.0605
k141_27081	0.5252	0.2264	0.2484
k141_27083	0.8305	0.1136	0.0559
k141_137427	0.9386	0.0444	0.0170
k141_81705	0.5182	0.4062	0.0756
k141_119109	0.5735	0.3180	0.1084
k141_27087	0.0088	0.0130	0.9782
k141_100393	0.9359	0.0512	0.0128
k141_8645	0.3447	0.5933	0.0620
k141_81711	0.6424	0.1800	0.1776
k141_119113	0.1989	0.3118	0.4894
k141_63679	0.8672	0.1181	0.0147
k141_137435	0.9167	0.0673	0.0160
k141_27089	0.9738	0.0213	0.0049
k141_119114	0.5010	0.3218	0.1772
k141_81714	0.5263	0.2622	0.2114
k141_63684	0.9657	0.0246	0.0096
k141_100397	0.0082	0.0172	0.9746
k141_27090	0.5422	0.3602	0.0976
k141_27091	0.9110	0.0701	0.0188
k141_63686	0.6401	0.2032	0.1567
k141_100398	0.7511	0.1480	0.1010
k141_81717	0.7351	0.1616	0.1033
k141_42985	0.8221	0.1157	0.0621
k141_119120	0.6718	0.2241	0.1041
k141_27093	0.5600	0.3005	0.1394
k141_137441	0.9535	0.0331	0.0134
k141_63687	0.0978	0.2878	0.6144
k141_81720	0.9544	0.0324	0.0133
k141_42987	0.8153	0.0874	0.0973
k141_63688	0.8664	0.1059	0.0278
k141_119125	0.0301	0.0467	0.9232
k141_8662	0.7747	0.1635	0.0617
k141_63689	0.6327	0.2134	0.1539
k141_100408	0.6394	0.1769	0.1837
k141_81725	0.0136	0.0178	0.9686
k141_63690	0.9002	0.0772	0.0226
k141_119128	0.8776	0.0835	0.0390
k141_63691	0.9581	0.0301	0.0119
k141_100413	0.0115	0.0205	0.9680
k141_63696	0.0114	0.0224	0.9663
k141_42994	0.1177	0.1171	0.7652
k141_8670	0.3665	0.2629	0.3706
k141_100415	0.5914	0.2548	0.1538
k141_137459	0.0853	0.0876	0.8272
k141_27110	0.9527	0.0357	0.0115
k141_81736	0.9310	0.0530	0.0160
k141_8671	0.4368	0.3718	0.1914
k141_100417	0.1181	0.1033	0.7786
k141_137465	0.7614	0.1135	0.1250
k141_63706	0.4806	0.3151	0.2043
k141_119145	0.9679	0.0239	0.0083
k141_8678	0.8794	0.0919	0.0287
k141_81742	0.9559	0.0322	0.0119
k141_100422	0.7295	0.2504	0.0202
k141_81743	0.5893	0.2712	0.1394
k141_42997	0.0324	0.0751	0.8925
k141_81745	0.8381	0.1282	0.0337
k141_119149	0.9776	0.0160	0.0065
k141_63715	0.8909	0.0641	0.0450
k141_137477	0.1563	0.0894	0.7543
k141_81747	0.1613	0.2624	0.5763
k141_43000	0.2478	0.2995	0.4527
k141_100431	0.5802	0.2330	0.1868
k141_8690	0.7948	0.1549	0.0503
k141_27112	0.6011	0.3540	0.0448
k141_100433	0.3792	0.2181	0.4027
k141_119152	0.0175	0.0463	0.9361
k141_8691	0.0320	0.0468	0.9212
k141_43003	0.4334	0.3399	0.2267
k141_27114	0.3363	0.0650	0.5987
k141_137487	0.7053	0.1551	0.1396
k141_81756	0.2829	0.3292	0.3879
k141_8695	0.3970	0.1547	0.4483
k141_63726	0.9419	0.0428	0.0153
k141_137489	0.8615	0.1101	0.0284
k141_119161	0.2394	0.5388	0.2217
k141_81759	0.0659	0.0622	0.8719
k141_100445	0.7755	0.1116	0.1129
k141_43012	0.2426	0.2518	0.5056
k141_81761	0.5963	0.1646	0.2391
k141_100447	0.9416	0.0400	0.0185
k141_8708	0.9503	0.0328	0.0169
k141_8709	0.5450	0.1782	0.2768
k141_27133	0.7687	0.0940	0.1373
k141_137506	0.9650	0.0254	0.0096
k141_137507	0.9556	0.0326	0.0118
k141_81774	0.2161	0.3846	0.3993
k141_119183	0.8375	0.1473	0.0152
k141_27137	0.8887	0.0865	0.0248
k141_8721	0.8902	0.0812	0.0286
k141_43026	0.0357	0.0254	0.9389
k141_63752	0.9070	0.0647	0.0283
k141_119185	0.2503	0.2500	0.4997
k141_100466	0.2705	0.4407	0.2888
k141_119187	0.9491	0.0350	0.0160
k141_27143	0.7083	0.2022	0.0895
k141_81780	0.1420	0.1335	0.7245
k141_137515	0.5382	0.3218	0.1401
k141_8726	0.5709	0.2556	0.1735
k141_63753	0.0177	0.0424	0.9400
k141_81782	0.9274	0.0500	0.0226
k141_137517	0.1015	0.6516	0.2469
k141_8729	0.0787	0.0289	0.8925
k141_119197	0.6800	0.2142	0.1058
k141_27152	0.6130	0.1240	0.2630
k141_137522	0.5224	0.2280	0.2496
k141_81789	0.2153	0.6286	0.1561
k141_43038	0.7128	0.1945	0.0927
k141_63763	0.4043	0.4421	0.1536
k141_119201	0.1367	0.1093	0.7540
k141_8731	0.6276	0.2776	0.0948
k141_100481	0.9549	0.0338	0.0113
k141_63767	0.4682	0.1948	0.3370
k141_81792	0.0343	0.0770	0.8887
k141_8733	0.3638	0.1729	0.4633
k141_43041	0.9035	0.0683	0.0282
k141_119206	0.7678	0.1177	0.1145
k141_81794	0.0538	0.0358	0.9104
k141_63772	0.7213	0.1298	0.1489
k141_43044	0.9172	0.0651	0.0177
k141_137531	0.9540	0.0346	0.0115
k141_100489	0.9248	0.0549	0.0203
k141_100490	0.8484	0.1217	0.0298
k141_27177	0.8974	0.0870	0.0156
k141_119215	0.9503	0.0362	0.0136
k141_63779	0.8411	0.1071	0.0517
k141_100496	0.7939	0.1787	0.0275
k141_27180	0.7759	0.1164	0.1077
k141_8757	0.8802	0.0788	0.0410
k141_81808	0.3287	0.1758	0.4955
k141_27181	0.7218	0.1655	0.1127
k141_119220	0.8656	0.1042	0.0302
k141_81810	0.8826	0.0903	0.0270
k141_8759	0.7999	0.1194	0.0807
k141_43057	0.3757	0.2680	0.3563
k141_119223	0.4727	0.3410	0.1863
k141_27182	0.7266	0.1408	0.1326
k141_81811	0.8907	0.0937	0.0157
k141_63790	0.9259	0.0572	0.0169
k141_137552	0.4842	0.2563	0.2595
k141_119224	0.7330	0.1305	0.1366
k141_8762	0.9487	0.0367	0.0147
k141_100510	0.6745	0.1642	0.1613
k141_81814	0.9425	0.0357	0.0218
k141_27186	0.4451	0.2738	0.2810
k141_63794	0.5521	0.2099	0.2380
k141_100511	0.6643	0.1596	0.1761
k141_81815	0.8819	0.0809	0.0372
k141_43063	0.8180	0.1197	0.0623
k141_8765	0.0295	0.1072	0.8633
k141_43066	0.7217	0.1725	0.1058
k141_81820	0.4263	0.3972	0.1765
k141_63803	0.7815	0.1401	0.0784
k141_81823	0.2307	0.2126	0.5566
k141_43068	0.0446	0.0300	0.9254
k141_119239	0.4506	0.4090	0.1405
k141_63807	0.6527	0.1944	0.1529
k141_63810	0.1326	0.5527	0.3147
k141_100530	0.1791	0.2149	0.6060
k141_100531	0.7327	0.1282	0.1391
k141_137579	0.5225	0.3746	0.1030
k141_119251	0.6396	0.1920	0.1684
k141_81835	0.0521	0.0913	0.8566
k141_100536	0.9555	0.0277	0.0168
k141_81836	0.0327	0.0278	0.9395
k141_27202	0.3826	0.3682	0.2492
k141_137588	0.7826	0.1252	0.0922
k141_100542	0.6854	0.1703	0.1443
k141_81842	0.5929	0.2582	0.1489
k141_137590	0.4942	0.3125	0.1933
k141_27206	0.5887	0.2519	0.1595
k141_43087	0.6237	0.1980	0.1782
k141_100543	0.2334	0.1248	0.6419
k141_63830	0.6432	0.2911	0.0657
k141_119265	0.7758	0.1126	0.1116
k141_27209	0.6322	0.1727	0.1951
k141_119266	0.2336	0.3612	0.4052
k141_81850	0.8992	0.0785	0.0222
k141_27213	0.4025	0.1944	0.4031
k141_137601	0.0384	0.0280	0.9336
k141_43093	0.8419	0.1327	0.0254
k141_119275	0.2313	0.5764	0.1923
k141_81853	0.9804	0.0136	0.0060
k141_81854	0.7616	0.1564	0.0820
k141_27224	0.1945	0.4406	0.3650
k141_100561	0.9369	0.0453	0.0179
k141_81857	0.2149	0.6630	0.1221
k141_119282	0.3411	0.3986	0.2603
k141_8820	0.3247	0.3294	0.3459
k141_137613	0.7416	0.2136	0.0448
k141_27227	0.6034	0.2836	0.1131
k141_63848	0.1327	0.1597	0.7076
k141_100566	0.7557	0.1406	0.1037
k141_63852	0.6780	0.2328	0.0892
k141_81863	0.7602	0.1494	0.0904
k141_100568	0.4418	0.3838	0.1745
k141_27231	0.9285	0.0560	0.0155
k141_119288	0.9384	0.0446	0.0171
k141_8828	0.2602	0.3890	0.3508
k141_137623	0.7559	0.1261	0.1180
k141_119290	0.9679	0.0256	0.0065
k141_100574	0.8947	0.0757	0.0296
k141_81874	0.4101	0.3218	0.2681
k141_137631	0.6855	0.2067	0.1078
k141_63867	0.8405	0.1061	0.0534
k141_27242	0.0418	0.0436	0.9146
k141_137632	0.8762	0.0858	0.0380
k141_8840	0.8942	0.0842	0.0216
k141_100583	0.2849	0.1557	0.5595
k141_63872	0.5020	0.4447	0.0532
k141_27248	0.3176	0.4417	0.2407
k141_119306	0.5372	0.2519	0.2109
k141_100592	0.6697	0.1628	0.1675
k141_27252	0.6646	0.1990	0.1364
k141_100594	0.8408	0.1191	0.0401
k141_81890	0.0116	0.0157	0.9727
k141_43128	0.7561	0.1231	0.1208
k141_63884	0.7837	0.1233	0.0929
k141_119315	0.8131	0.1204	0.0665
k141_27258	0.4391	0.2469	0.3139
k141_27262	0.8739	0.0820	0.0440
k141_119318	0.7804	0.1019	0.1177
k141_8863	0.5749	0.2042	0.2209
k141_63889	0.3898	0.4272	0.1830
k141_137649	0.8006	0.1419	0.0575
k141_81901	0.5962	0.2870	0.1168
k141_8865	0.8341	0.1202	0.0457
k141_100610	0.0634	0.1427	0.7940
k141_27272	0.4076	0.1890	0.4033
k141_63896	0.9580	0.0347	0.0073
k141_119328	0.4289	0.2654	0.3058
k141_27273	0.2763	0.4236	0.3001
k141_100615	0.9232	0.0583	0.0185
k141_27275	0.5986	0.2885	0.1129
k141_119332	0.7494	0.1792	0.0715
k141_81912	0.5985	0.1503	0.2512
k141_119333	0.0168	0.9291	0.0540
k141_43147	0.3522	0.2434	0.4045
k141_100619	0.8916	0.0784	0.0300
k141_27281	0.4230	0.2693	0.3078
k141_119339	0.5215	0.3976	0.0809
k141_100622	0.6848	0.1999	0.1153
k141_81920	0.8243	0.1269	0.0488
k141_43150	0.7539	0.1620	0.0841
k141_100623	0.2264	0.6446	0.1290
k141_27284	0.8181	0.1510	0.0309
k141_81926	0.0682	0.1511	0.7807
k141_43156	0.9008	0.0711	0.0281
k141_100629	0.1955	0.7167	0.0878
k141_27288	0.7341	0.1641	0.1018
k141_81933	0.8279	0.1131	0.0590
k141_100633	0.0673	0.8680	0.0646
k141_119358	0.8858	0.0589	0.0553
k141_119359	0.6790	0.2318	0.0892
k141_137693	0.1538	0.1369	0.7093
k141_27296	0.3595	0.5086	0.1319
k141_81944	0.6007	0.1926	0.2067
k141_119363	0.1870	0.1446	0.6684
k141_8867	0.9728	0.0193	0.0078
k141_27298	0.9661	0.0246	0.0092
k141_43166	0.6226	0.2513	0.1260
k141_100644	0.0358	0.0423	0.9219
k141_63903	0.9690	0.0218	0.0092
k141_8870	0.5626	0.2925	0.1449
k141_119370	0.0387	0.9311	0.0302
k141_137707	0.5377	0.3210	0.1413
k141_81954	0.7925	0.1379	0.0696
k141_27306	0.3238	0.4149	0.2613
k141_137708	0.2243	0.3291	0.4467
k141_43171	0.0151	0.0334	0.9515
k141_100648	0.9709	0.0213	0.0078
k141_63905	0.2007	0.4914	0.3079
k141_8877	0.1620	0.2823	0.5557
k141_8878	0.4313	0.1614	0.4073
k141_27311	0.7588	0.1775	0.0637
k141_63908	0.6374	0.1565	0.2061
k141_43173	0.3665	0.1893	0.4442
k141_119389	0.0758	0.7212	0.2030
k141_100661	0.4389	0.3956	0.1655
k141_8885	0.9755	0.0174	0.0070
k141_81961	0.0083	0.0250	0.9668
k141_27321	0.9790	0.0168	0.0042
k141_81964	0.3652	0.2613	0.3736
k141_119393	0.9233	0.0571	0.0196
k141_27324	0.6364	0.1506	0.2130
k141_43179	0.0376	0.0718	0.8906
k141_63913	0.9579	0.0290	0.0131
k141_27325	0.9275	0.0548	0.0177
k141_63916	0.9461	0.0439	0.0100
k141_81973	0.9342	0.0514	0.0144
k141_8898	0.0181	0.0215	0.9604
k141_27329	0.4448	0.0321	0.5231
k141_43186	0.0259	0.0241	0.9500
k141_81977	0.4563	0.1825	0.3613
k141_43187	0.0309	0.0714	0.8977
k141_100670	0.9684	0.0224	0.0091
k141_119412	0.3651	0.2596	0.3753
k141_137743	0.7648	0.1187	0.1165
k141_81979	0.7505	0.1092	0.1403
k141_27337	0.4523	0.2001	0.3476
k141_100674	0.8529	0.1166	0.0305
k141_63930	0.6635	0.1543	0.1822
k141_137746	0.7161	0.1000	0.1839
k141_27341	0.6343	0.1934	0.1723
k141_8913	0.8392	0.1208	0.0400
k141_137749	0.5892	0.2944	0.1165
k141_43194	0.4919	0.4021	0.1060
k141_27345	0.9574	0.0299	0.0127
k141_100681	0.6947	0.1610	0.1443
k141_81988	0.4949	0.3391	0.1661
k141_43195	0.7445	0.1846	0.0709
k141_8916	0.6964	0.1628	0.1408
k141_27346	0.9791	0.0143	0.0065
k141_119414	0.0159	0.0434	0.9407
k141_137756	0.8270	0.1202	0.0528
k141_63937	0.2299	0.3219	0.4482
k141_63938	0.8524	0.0947	0.0529
k141_8919	0.3134	0.1968	0.4899
k141_137758	0.0680	0.8218	0.1102
k141_100688	0.1735	0.2104	0.6161
k141_119420	0.6854	0.2008	0.1139
k141_82002	0.6113	0.1450	0.2436
k141_119422	0.8715	0.1015	0.0270
k141_100693	0.6019	0.2080	0.1901
k141_27359	0.3682	0.2618	0.3700
k141_43204	0.2541	0.5605	0.1854
k141_119423	0.5792	0.2135	0.2073
k141_100694	0.4957	0.0791	0.4252
k141_119424	0.2759	0.4136	0.3105
k141_27361	0.6459	0.2042	0.1499
k141_63941	0.7691	0.1402	0.0908
k141_137770	0.0171	0.9418	0.0411
k141_27365	0.5341	0.1885	0.2774
k141_43207	0.8491	0.0778	0.0730
k141_137773	0.7568	0.1196	0.1236
k141_119430	0.9377	0.0469	0.0154
k141_8942	0.8959	0.0776	0.0265
k141_82015	0.5068	0.3602	0.1330
k141_63946	0.9559	0.0351	0.0090
k141_137776	0.9431	0.0414	0.0155
k141_119432	0.9238	0.0495	0.0267
k141_137777	0.9638	0.0276	0.0087
k141_63947	0.6459	0.2169	0.1372
k141_100701	0.9167	0.0654	0.0179
k141_119433	0.0286	0.1382	0.8332
k141_82019	0.9762	0.0177	0.0061
k141_27375	0.7810	0.1427	0.0763
k141_43215	0.9469	0.0408	0.0123
k141_82020	0.3998	0.4682	0.1320
k141_119436	0.4441	0.1770	0.3790
k141_137783	0.7904	0.1722	0.0374
k141_82022	0.0958	0.7245	0.1796
k141_119437	0.9573	0.0317	0.0109
k141_63948	0.8412	0.0663	0.0924
k141_43217	0.0105	0.0219	0.9676
k141_27381	0.0074	0.0127	0.9798
k141_27383	0.8340	0.1024	0.0637
k141_137798	0.8054	0.1205	0.0741
k141_100712	0.9725	0.0197	0.0078
k141_119445	0.7999	0.0645	0.1356
k141_8971	0.9420	0.0452	0.0128
k141_27390	0.6368	0.2164	0.1468
k141_137802	0.9769	0.0163	0.0068
k141_63966	0.9489	0.0418	0.0093
k141_27391	0.6883	0.2713	0.0404
k141_8972	0.8069	0.1392	0.0539
k141_119451	0.0595	0.8091	0.1314
k141_137806	0.6825	0.2186	0.0989
k141_63968	0.8409	0.0887	0.0704
k141_27399	0.2733	0.5352	0.1915
k141_100724	0.0232	0.0884	0.8885
k141_119457	0.7303	0.2481	0.0216
k141_137812	0.9566	0.0285	0.0149
k141_82050	0.2465	0.1108	0.6427
k141_43238	0.5176	0.2301	0.2523
k141_8983	0.7309	0.1932	0.0759
k141_137816	0.9094	0.0577	0.0329
k141_100728	0.6993	0.1762	0.1246
k141_119465	0.9527	0.0326	0.0146
k141_100732	0.9655	0.0274	0.0071
k141_119469	0.6189	0.2404	0.1406
k141_43243	0.8978	0.0772	0.0250
k141_8985	0.9839	0.0119	0.0042
k141_100736	0.9234	0.0576	0.0191
k141_63990	0.7702	0.1670	0.0627
k141_8989	0.0327	0.0378	0.9294
k141_43246	0.4635	0.3940	0.1425
k141_27423	0.0447	0.0465	0.9088
k141_63995	0.3110	0.2781	0.4109
k141_100741	0.4636	0.3791	0.1573
k141_82051	0.9687	0.0223	0.0090
k141_119473	0.0104	0.0158	0.9738
k141_63997	0.7848	0.1499	0.0653
k141_8999	0.6540	0.2582	0.0878
k141_27435	0.9318	0.0501	0.0181
k141_9000	0.0202	0.0227	0.9570
k141_9002	0.8258	0.1167	0.0575
k141_100756	0.1808	0.2702	0.5490
k141_9004	0.8179	0.1386	0.0435
k141_137853	0.7614	0.1705	0.0681
k141_9006	0.8984	0.0764	0.0252
k141_119492	0.9312	0.0530	0.0159
k141_100762	0.3231	0.4908	0.1862
k141_27448	0.7661	0.1184	0.1155
k141_137858	0.9290	0.0518	0.0192
k141_119495	0.4187	0.3808	0.2005
k141_9010	0.8343	0.1266	0.0390
k141_64027	0.3178	0.3409	0.3412
k141_119499	0.8808	0.0895	0.0297
k141_100770	0.6191	0.2031	0.1778
k141_119500	0.6678	0.2235	0.1087
k141_64030	0.9545	0.0322	0.0133
k141_9021	0.1660	0.6079	0.2260
k141_119509	0.7995	0.1207	0.0798
k141_64040	0.5322	0.1752	0.2926
k141_137879	0.9288	0.0510	0.0202
k141_100772	0.9763	0.0179	0.0058
k141_9026	0.8524	0.0843	0.0633
k141_82095	0.1568	0.2247	0.6185
k141_9028	0.2635	0.6762	0.0603
k141_119516	0.9422	0.0388	0.0190
k141_27477	0.9359	0.0430	0.0211
k141_43289	0.8676	0.0957	0.0367
k141_137891	0.5204	0.2664	0.2132
k141_64054	0.7864	0.1681	0.0455
k141_100776	0.7259	0.2286	0.0455
k141_27482	0.9523	0.0335	0.0142
k141_100780	0.1572	0.2531	0.5898
k141_64059	0.9341	0.0471	0.0188
k141_119527	0.6208	0.2662	0.1129
k141_43291	0.9399	0.0407	0.0193
k141_9042	0.5367	0.2161	0.2471
k141_27488	0.9541	0.0331	0.0128
k141_9044	0.2578	0.3015	0.4408
k141_137901	0.9451	0.0414	0.0136
k141_119534	0.9432	0.0361	0.0207
k141_9045	0.1004	0.1764	0.7232
k141_27495	0.7580	0.1504	0.0916
k141_100786	0.8109	0.1523	0.0368
k141_9050	0.7831	0.1320	0.0850
k141_100791	0.9817	0.0135	0.0048
k141_119545	0.2922	0.2522	0.4556
k141_9055	0.0823	0.1437	0.7741
k141_43304	0.2124	0.5595	0.2280
k141_119547	0.4765	0.3540	0.1695
k141_137913	0.9487	0.0370	0.0142
k141_64076	0.9585	0.0277	0.0139
k141_100797	0.0976	0.2768	0.6256
k141_137915	0.8358	0.1141	0.0502
k141_64078	0.6760	0.1643	0.1597
k141_119550	0.1242	0.0842	0.7916
k141_27512	0.9401	0.0442	0.0157
k141_9064	0.5782	0.2627	0.1591
k141_137919	0.6859	0.2617	0.0524
k141_82142	0.5420	0.3022	0.1559
k141_64082	0.5910	0.3010	0.1080
k141_27516	0.9340	0.0529	0.0131
k141_9067	0.1940	0.7044	0.1016
k141_27518	0.0563	0.0447	0.8990
k141_64085	0.0150	0.0603	0.9247
k141_82145	0.9472	0.0357	0.0172
k141_137924	0.9526	0.0378	0.0097
k141_9068	0.5816	0.3383	0.0802
k141_27520	0.3708	0.3528	0.2764
k141_100810	0.8725	0.0826	0.0449
k141_43317	0.9307	0.0522	0.0171
k141_137926	0.9803	0.0152	0.0045
k141_9069	0.1197	0.0493	0.8310
k141_137927	0.7977	0.1002	0.1021
k141_82151	0.0140	0.9782	0.0078
k141_137931	0.2966	0.4796	0.2238
k141_119569	0.5906	0.2917	0.1177
k141_100817	0.9616	0.0286	0.0099
k141_27530	0.8646	0.1057	0.0298
k141_64103	0.2082	0.3756	0.4162
k141_82160	0.6715	0.1642	0.1643
k141_119576	0.2245	0.6520	0.1236
k141_137940	0.6490	0.2313	0.1197
k141_27537	0.0153	0.0207	0.9640
k141_9086	0.2092	0.0790	0.7118
k141_64107	0.5154	0.3444	0.1402
k141_100827	0.9404	0.0431	0.0165
k141_119579	0.4742	0.2916	0.2343
k141_100829	0.1280	0.0359	0.8361
k141_27540	0.6651	0.2281	0.1067
k141_64111	0.9028	0.0788	0.0184
k141_43335	0.0127	0.0272	0.9602
k141_9090	0.9595	0.0300	0.0105
k141_137950	0.9590	0.0281	0.0130
k141_100832	0.5174	0.2551	0.2275
k141_82171	0.6636	0.1510	0.1854
k141_100835	0.2380	0.1856	0.5764
k141_27548	0.7167	0.1502	0.1331
k141_9094	0.7910	0.1302	0.0788
k141_82174	0.3882	0.5165	0.0953
k141_119592	0.4761	0.2141	0.3097
k141_27551	0.0345	0.0641	0.9015
k141_43341	0.7004	0.2148	0.0848
k141_64121	0.8896	0.0854	0.0250
k141_64122	0.9307	0.0521	0.0172
k141_43344	0.7753	0.1369	0.0879
k141_64125	0.3295	0.5208	0.1497
k141_64126	0.9438	0.0395	0.0167
k141_27553	0.0209	0.0205	0.9587
k141_43346	0.6004	0.2847	0.1149
k141_137962	0.8198	0.1034	0.0769
k141_64128	0.4410	0.3923	0.1667
k141_82191	0.2172	0.6083	0.1745
k141_119610	0.8627	0.1041	0.0332
k141_43348	0.9540	0.0321	0.0139
k141_82195	0.1646	0.1756	0.6598
k141_64132	0.5578	0.2647	0.1774
k141_9122	0.5385	0.2480	0.2136
k141_137974	0.5711	0.1736	0.2553
k141_43350	0.1427	0.3118	0.5455
k141_100863	0.8174	0.1156	0.0670
k141_119617	0.0685	0.0913	0.8402
k141_64139	0.5658	0.2285	0.2056
k141_43353	0.2193	0.6143	0.1664
k141_82206	0.7666	0.1331	0.1003
k141_64140	0.9666	0.0241	0.0093
k141_137983	0.1901	0.7117	0.0982
k141_64141	0.7845	0.1629	0.0527
k141_27579	0.5234	0.2738	0.2028
k141_82213	0.8380	0.1149	0.0472
k141_119628	0.0542	0.1163	0.8295
k141_100880	0.1813	0.1542	0.6646
k141_82214	0.2839	0.2229	0.4933
k141_64149	0.7518	0.1175	0.1307
k141_100882	0.9027	0.0738	0.0235
k141_9144	0.9629	0.0316	0.0055
k141_27585	0.9454	0.0386	0.0160
k141_82218	0.5172	0.2827	0.2001
k141_137997	0.9455	0.0393	0.0152
k141_9149	0.0845	0.3793	0.5361
k141_119636	0.7451	0.1430	0.1119
k141_64156	0.9208	0.0601	0.0191
k141_9152	0.2844	0.2126	0.5030
k141_43370	0.9410	0.0405	0.0185
k141_27595	0.9418	0.0438	0.0144
k141_9156	0.0472	0.0745	0.8784
k141_119646	0.7507	0.0735	0.1758
k141_27599	0.2754	0.6934	0.0312
k141_82230	0.7420	0.1528	0.1052
k141_100903	0.7118	0.1447	0.1436
k141_119648	0.0958	0.1684	0.7358
k141_64162	0.1510	0.6566	0.1924
k141_100904	0.9306	0.0525	0.0169
k141_82232	0.2791	0.4851	0.2358
k141_138013	0.7689	0.1888	0.0423
k141_100905	0.9549	0.0326	0.0125
k141_43376	0.9802	0.0154	0.0044
k141_64168	0.0293	0.0492	0.9215
k141_27608	0.0279	0.0395	0.9326
k141_119659	0.1390	0.4167	0.4443
k141_43381	0.9568	0.0279	0.0153
k141_64176	0.7508	0.1095	0.1397
k141_27619	0.6509	0.2259	0.1232
k141_9168	0.8449	0.1003	0.0549
k141_27621	0.4991	0.2510	0.2499
k141_100918	0.2724	0.5347	0.1929
k141_9169	0.7380	0.1651	0.0969
k141_82243	0.9601	0.0277	0.0122
k141_9170	0.0528	0.0750	0.8722
k141_138030	0.8532	0.1158	0.0310
k141_64185	0.4706	0.1779	0.3515
k141_100925	0.9485	0.0350	0.0165
k141_64189	0.9065	0.0645	0.0290
k141_100928	0.5157	0.3265	0.1578
k141_138033	0.9502	0.0335	0.0162
k141_64193	0.9630	0.0259	0.0111
k141_27637	0.9548	0.0349	0.0103
k141_82260	0.1832	0.2258	0.5910
k141_119661	0.9618	0.0269	0.0112
k141_100934	0.8891	0.0766	0.0342
k141_27640	0.6086	0.2217	0.1697
k141_100936	0.7667	0.1034	0.1299
k141_27642	0.7548	0.1928	0.0524
k141_43403	0.4959	0.3380	0.1660
k141_9188	0.2366	0.3072	0.4562
k141_119668	0.8986	0.0676	0.0339
k141_119669	0.5331	0.3225	0.1445
k141_138046	0.7134	0.1475	0.1392
k141_82273	0.6399	0.1904	0.1696
k141_138047	0.4121	0.3041	0.2838
k141_100945	0.9179	0.0639	0.0182
k141_27647	0.3869	0.5141	0.0990
k141_43408	0.6563	0.2179	0.1258
k141_119676	0.7645	0.1272	0.1083
k141_119677	0.0829	0.6412	0.2760
k141_27653	0.7314	0.1540	0.1145
k141_43410	0.8192	0.1223	0.0585
k141_64210	0.6793	0.2090	0.1117
k141_9200	0.9535	0.0325	0.0140
k141_119678	0.7085	0.1418	0.1497
k141_138057	0.5188	0.3968	0.0844
k141_82283	0.9486	0.0400	0.0114
k141_100952	0.7031	0.2022	0.0947
k141_138058	0.1584	0.3458	0.4959
k141_100957	0.7176	0.2119	0.0705
k141_27663	0.8886	0.0866	0.0249
k141_64218	0.9698	0.0216	0.0086
k141_138062	0.8681	0.1167	0.0151
k141_64220	0.4339	0.1370	0.4291
k141_43423	0.7350	0.1974	0.0677
k141_100967	0.1914	0.1373	0.6713
k141_9217	0.2602	0.3700	0.3698
k141_27672	0.6265	0.2158	0.1576
k141_138064	0.8180	0.1489	0.0331
k141_119703	0.9552	0.0353	0.0095
k141_119708	0.6225	0.2168	0.1606
k141_64234	0.5126	0.1502	0.3372
k141_27682	0.4337	0.4045	0.1618
k141_100983	0.9497	0.0363	0.0140
k141_9232	0.0978	0.7519	0.1503
k141_138075	0.9272	0.0553	0.0176
k141_64238	0.7566	0.1940	0.0494
k141_9234	0.9235	0.0566	0.0199
k141_64239	0.7457	0.1323	0.1220
k141_82325	0.4350	0.3490	0.2161
k141_100990	0.1128	0.1215	0.7657
k141_138076	0.0066	0.0121	0.9813
k141_43438	0.0208	0.0542	0.9250
k141_27694	0.8781	0.1002	0.0217
k141_100996	0.6557	0.2408	0.1035
k141_138079	0.6800	0.2154	0.1046
k141_119724	0.7131	0.1497	0.1372
k141_9242	0.9505	0.0377	0.0118
k141_43444	0.8857	0.0782	0.0362
k141_27700	0.1270	0.1321	0.7409
k141_43445	0.8923	0.0752	0.0325
k141_101002	0.8782	0.0995	0.0223
k141_9247	0.9384	0.0373	0.0244
k141_27704	0.8235	0.1395	0.0370
k141_64259	0.9409	0.0420	0.0171
k141_43448	0.6811	0.1118	0.2070
k141_9254	0.5225	0.2856	0.1919
k141_101009	0.5882	0.1653	0.2465
k141_27706	0.9538	0.0353	0.0109
k141_64261	0.6062	0.2262	0.1676
k141_138097	0.5568	0.2437	0.1995
k141_119742	0.0299	0.0365	0.9336
k141_9259	0.0166	0.0178	0.9656
k141_82350	0.0107	0.0358	0.9535
k141_64264	0.6047	0.1670	0.2283
k141_43453	0.8651	0.0809	0.0540
k141_101015	0.8918	0.0913	0.0169
k141_27711	0.2847	0.3369	0.3784
k141_82355	0.7147	0.1728	0.1125
k141_9265	0.8978	0.0766	0.0256
k141_43456	0.9401	0.0450	0.0149
k141_27714	0.0144	0.0176	0.9680
k141_119751	0.6080	0.2409	0.1511
k141_43457	0.1391	0.1719	0.6890
k141_138106	0.2038	0.6241	0.1721
k141_9268	0.6456	0.2461	0.1084
k141_119752	0.9308	0.0380	0.0312
k141_64277	0.2257	0.1260	0.6483
k141_27716	0.9536	0.0338	0.0126
k141_101024	0.9511	0.0355	0.0134
k141_138110	0.4458	0.3929	0.1613
k141_9270	0.4289	0.4269	0.1442
k141_101026	0.5928	0.2931	0.1141
k141_43463	0.4478	0.2478	0.3043
k141_101027	0.8788	0.0880	0.0331
k141_27723	0.3504	0.2468	0.4028
k141_43465	0.8038	0.1434	0.0528
k141_64289	0.4478	0.2820	0.2701
k141_119758	0.6748	0.1573	0.1680
k141_43468	0.9431	0.0422	0.0147
k141_9284	0.1435	0.0658	0.7908
k141_138128	0.1352	0.1571	0.7077
k141_82383	0.2249	0.4439	0.3313
k141_119769	0.6968	0.1775	0.1257
k141_101040	0.9420	0.0427	0.0153
k141_64304	0.7187	0.1502	0.1311
k141_43477	0.7215	0.1286	0.1499
k141_82390	0.1581	0.4142	0.4277
k141_27731	0.9479	0.0380	0.0142
k141_101045	0.9044	0.0811	0.0144
k141_119774	0.7594	0.1272	0.1134
k141_9296	0.6596	0.1285	0.2119
k141_119778	0.7782	0.1606	0.0611
k141_82399	0.1486	0.1958	0.6555
k141_9300	0.9447	0.0425	0.0128
k141_82400	0.2795	0.1916	0.5289
k141_64319	0.5559	0.3927	0.0514
k141_101059	0.6719	0.1454	0.1828
k141_119782	0.9546	0.0332	0.0123
k141_27748	0.7929	0.1167	0.0904
k141_82407	0.6651	0.1541	0.1808
k141_82408	0.4999	0.2266	0.2736
k141_64329	0.8949	0.0832	0.0219
k141_101066	0.7972	0.1393	0.0635
k141_138131	0.9637	0.0259	0.0104
k141_82414	0.9561	0.0314	0.0125
k141_138132	0.8883	0.0875	0.0243
k141_27761	0.7423	0.2011	0.0567
k141_119788	0.0094	0.0347	0.9559
k141_64335	0.7435	0.1500	0.1065
k141_43478	0.9525	0.0357	0.0118
k141_82417	0.7898	0.0997	0.1105
k141_138136	0.4244	0.3274	0.2482
k141_43479	0.9417	0.0435	0.0147
k141_27764	0.9655	0.0240	0.0104
k141_82420	0.6132	0.2268	0.1600
k141_138138	0.0838	0.0851	0.8311
k141_119796	0.3097	0.1285	0.5617
k141_64342	0.1296	0.1382	0.7322
k141_82422	0.9119	0.0715	0.0166
k141_101068	0.9631	0.0261	0.0108
k141_64346	0.5812	0.3190	0.0998
k141_82423	0.7878	0.1490	0.0632
k141_64347	0.1075	0.4357	0.4568
k141_9339	0.8143	0.1586	0.0271
k141_27772	0.0941	0.8846	0.0213
k141_138143	0.9416	0.0447	0.0137
k141_101074	0.8793	0.1093	0.0114
k141_9347	0.2806	0.4376	0.2818
k141_82437	0.7032	0.1553	0.1415
k141_43498	0.8101	0.1308	0.0591
k141_82441	0.0417	0.0516	0.9067
k141_27787	0.9308	0.0517	0.0175
k141_43500	0.6598	0.1907	0.1495
k141_101090	0.9631	0.0271	0.0098
k141_64366	0.9617	0.0270	0.0113
k141_119827	0.7561	0.1259	0.1180
k141_82446	0.9743	0.0206	0.0051
k141_9363	0.6529	0.2316	0.1155
k141_43502	0.1499	0.1678	0.6823
k141_9366	0.3195	0.2017	0.4788
k141_101094	0.7963	0.1529	0.0508
k141_27798	0.1750	0.0712	0.7538
k141_101096	0.6994	0.1758	0.1249
k141_138178	0.8218	0.1502	0.0280
k141_43512	0.9726	0.0208	0.0066
k141_119839	0.5829	0.1726	0.2445
k141_101100	0.6120	0.2995	0.0885
k141_27805	0.0629	0.1895	0.7476
k141_64382	0.3301	0.2664	0.4036
k141_27808	0.9336	0.0462	0.0202
k141_64384	0.9326	0.0518	0.0156
k141_43518	0.0081	0.0119	0.9800
k141_82464	0.5955	0.2985	0.1059
k141_119850	0.7122	0.1933	0.0945
k141_138194	0.5434	0.2852	0.1714
k141_64391	0.6185	0.2143	0.1672
k141_82469	0.3357	0.3569	0.3074
k141_64392	0.0186	0.0251	0.9563
k141_119852	0.8476	0.0995	0.0529
k141_138196	0.4288	0.3767	0.1945
k141_43524	0.8896	0.0863	0.0241
k141_119854	0.3274	0.3961	0.2765
k141_138198	0.5256	0.3428	0.1316
k141_27824	0.6593	0.1753	0.1654
k141_119855	0.4249	0.2439	0.3313
k141_27825	0.5017	0.2652	0.2331
k141_82475	0.0767	0.4090	0.5142
k141_101124	0.2094	0.1530	0.6376
k141_27826	0.0155	0.0192	0.9653
k141_138205	0.6540	0.1737	0.1724
k141_101127	0.0992	0.0790	0.8218
k141_64404	0.6154	0.2073	0.1773
k141_27829	0.2585	0.5858	0.1557
k141_64406	0.6521	0.1625	0.1854
k141_101130	0.6550	0.1906	0.1544
k141_9372	0.9650	0.0242	0.0108
k141_43525	0.9042	0.0733	0.0224
k141_119866	0.6657	0.1698	0.1646
k141_101132	0.8496	0.1098	0.0406
k141_82488	0.6562	0.1749	0.1689
k141_27835	0.9641	0.0261	0.0098
k141_138213	0.8681	0.0869	0.0449
k141_64413	0.8073	0.0934	0.0993
k141_43528	0.8748	0.0977	0.0275
k141_101136	0.7179	0.1648	0.1173
k141_82495	0.4985	0.2297	0.2718
k141_138221	0.1236	0.6311	0.2453
k141_9383	0.9498	0.0380	0.0122
k141_82498	0.9218	0.0594	0.0188
k141_27844	0.0283	0.0375	0.9342
k141_101144	0.6857	0.1698	0.1445
k141_27846	0.4341	0.4136	0.1523
k141_9388	0.2560	0.3408	0.4032
k141_64430	0.6022	0.2153	0.1825
k141_82507	0.6166	0.1968	0.1865
k141_138235	0.7965	0.1826	0.0210
k141_9396	0.8901	0.0778	0.0320
k141_27855	0.6325	0.2601	0.1074
k141_101158	0.6125	0.2689	0.1186
k141_119895	0.6209	0.1906	0.1886
k141_43547	0.5345	0.2849	0.1806
k141_138242	0.9579	0.0279	0.0141
k141_101162	0.7865	0.1796	0.0339
k141_9401	0.0693	0.0561	0.8746
k141_82523	0.7184	0.1545	0.1271
k141_101163	0.8903	0.0813	0.0284
k141_119904	0.0719	0.8889	0.0392
k141_27864	0.4421	0.3095	0.2484
k141_138247	0.3374	0.5322	0.1303
k141_101165	0.4728	0.2768	0.2503
k141_82527	0.9418	0.0365	0.0217
k141_9407	0.0312	0.0692	0.8996
k141_82529	0.0934	0.0834	0.8231
k141_27867	0.9453	0.0394	0.0153
k141_138250	0.6761	0.2427	0.0812
k141_43555	0.3761	0.5126	0.1113
k141_82530	0.1253	0.1004	0.7743
k141_64437	0.9423	0.0407	0.0169
k141_119908	0.0273	0.0211	0.9517
k141_82531	0.7109	0.1796	0.1095
k141_43559	0.3840	0.2391	0.3769
k141_27875	0.8025	0.1510	0.0465
k141_64443	0.8901	0.0841	0.0258
k141_138258	0.6958	0.2226	0.0816
k141_43560	0.7850	0.1806	0.0344
k141_101174	0.7316	0.1660	0.1023
k141_119921	0.9556	0.0334	0.0110
k141_27881	0.9794	0.0151	0.0055
k141_9425	0.8658	0.0554	0.0788
k141_64449	0.1620	0.5846	0.2534
k141_101178	0.9554	0.0301	0.0145
k141_138269	0.3719	0.4426	0.1855
k141_119924	0.5515	0.3787	0.0698
k141_64455	0.8881	0.0841	0.0279
k141_9430	0.0480	0.5487	0.4033
k141_138271	0.9667	0.0230	0.0104
k141_43573	0.8602	0.0750	0.0649
k141_101190	0.9724	0.0216	0.0060
k141_43574	0.9316	0.0505	0.0179
k141_27895	0.9490	0.0306	0.0204
k141_64461	0.1507	0.3901	0.4591
k141_9432	0.8015	0.1553	0.0432
k141_138276	0.9481	0.0385	0.0134
k141_101196	0.0577	0.1367	0.8056
k141_64464	0.6559	0.2841	0.0600
k141_9434	0.5118	0.2797	0.2085
k141_27901	0.4196	0.4146	0.1658
k141_119945	0.3994	0.4328	0.1678
k141_138283	0.3938	0.4908	0.1154
k141_9440	0.5700	0.2538	0.1762
k141_101202	0.9658	0.0252	0.0090
k141_27910	0.3733	0.2776	0.3491
k141_82535	0.9543	0.0324	0.0133
k141_101204	0.6920	0.1653	0.1427
k141_138288	0.5468	0.4248	0.0284
k141_138292	0.4267	0.3998	0.1735
k141_119957	0.0548	0.0469	0.8983
k141_27916	0.1508	0.1526	0.6965
k141_64482	0.6733	0.2258	0.1008
k141_119959	0.2794	0.3463	0.3743
k141_138294	0.9531	0.0343	0.0126
k141_119960	0.6308	0.2605	0.1087
k141_43581	0.9590	0.0289	0.0121
k141_82552	0.1478	0.5647	0.2875
k141_64487	0.6517	0.2390	0.1093
k141_9442	0.9558	0.0312	0.0130
k141_27927	0.2002	0.1688	0.6309
k141_43584	0.9469	0.0370	0.0161
k141_138304	0.2680	0.3996	0.3325
k141_119965	0.9140	0.0624	0.0236
k141_9446	0.7356	0.1656	0.0988
k141_138307	0.5589	0.2488	0.1923
k141_27931	0.6641	0.2226	0.1133
k141_82562	0.5753	0.1448	0.2799
k141_138311	0.3428	0.4711	0.1861
k141_9451	0.0564	0.2043	0.7392
k141_27935	0.9532	0.0267	0.0201
k141_101233	0.6365	0.1889	0.1747
k141_9452	0.3949	0.4746	0.1305
k141_82565	0.9431	0.0389	0.0180
k141_119975	0.7072	0.1415	0.1512
k141_82566	0.8938	0.0782	0.0280
k141_64504	0.1292	0.2293	0.6415
k141_119979	0.4951	0.1418	0.3631
k141_138319	0.7402	0.1328	0.1269
k141_82571	0.6679	0.2064	0.1256
k141_43599	0.7895	0.1264	0.0841
k141_64512	0.8798	0.0770	0.0432
k141_9464	0.9786	0.0151	0.0063
k141_27950	0.2931	0.0870	0.6199
k141_101244	0.1255	0.0962	0.7783
k141_82574	0.0913	0.0369	0.8718
k141_101245	0.6960	0.1289	0.1751
k141_82575	0.5688	0.2706	0.1606
k141_27954	0.8114	0.1138	0.0748
k141_82576	0.9776	0.0149	0.0075
k141_119992	0.8430	0.1025	0.0545
k141_138334	0.2389	0.0460	0.7151
k141_9472	0.6590	0.2013	0.1397
k141_101249	0.2493	0.5944	0.1563
k141_119995	0.2504	0.7275	0.0221
k141_82580	0.9334	0.0481	0.0184
k141_64529	0.9534	0.0325	0.0141
k141_82581	0.2582	0.5525	0.1892
k141_101256	0.7096	0.1759	0.1145
k141_120000	0.1705	0.5896	0.2399
k141_64534	0.5984	0.2623	0.1393
k141_9477	0.9654	0.0250	0.0096
k141_82583	0.1726	0.1033	0.7240
k141_27970	0.7595	0.1436	0.0970
k141_64535	0.7662	0.1470	0.0868
k141_27971	0.9095	0.0715	0.0190
k141_138349	0.7464	0.2172	0.0364
k141_82588	0.6679	0.1396	0.1925
k141_101264	0.2513	0.3640	0.3848
k141_120010	0.8811	0.0953	0.0236
k141_27976	0.3770	0.0787	0.5442
k141_82593	0.3349	0.4582	0.2069
k141_64544	0.3063	0.1927	0.5011
k141_27983	0.8229	0.1344	0.0427
k141_64547	0.7742	0.1803	0.0455
k141_101275	0.0344	0.1271	0.8385
k141_138366	0.6861	0.1434	0.1705
k141_82601	0.9363	0.0460	0.0177
k141_43636	0.4882	0.3472	0.1646
k141_138367	0.6206	0.3334	0.0460
k141_101279	0.4188	0.3459	0.2353
k141_27989	0.1568	0.0725	0.7707
k141_120027	0.9293	0.0512	0.0195
k141_43639	0.4524	0.2891	0.2585
k141_9485	0.9570	0.0302	0.0128
k141_64562	0.6471	0.1928	0.1601
k141_101281	0.7448	0.1764	0.0788
k141_27993	0.8302	0.1132	0.0566
k141_9486	0.8455	0.1143	0.0402
k141_138376	0.3180	0.2830	0.3991
k141_64565	0.8614	0.1243	0.0143
k141_43643	0.2246	0.2793	0.4961
k141_82618	0.9463	0.0408	0.0130
k141_101287	0.9507	0.0360	0.0132
k141_82620	0.8147	0.1533	0.0320
k141_27999	0.8638	0.0907	0.0455
k141_138383	0.8963	0.0767	0.0270
k141_64568	0.9444	0.0399	0.0157
k141_28001	0.8495	0.1193	0.0312
k141_64569	0.8890	0.0875	0.0236
k141_120046	0.9772	0.0168	0.0060
k141_138385	0.8808	0.0887	0.0305
k141_9501	0.3774	0.4529	0.1697
k141_82630	0.8932	0.0809	0.0259
k141_120047	0.0109	0.0162	0.9729
k141_138391	0.4948	0.2486	0.2566
k141_9502	0.1915	0.1974	0.6111
k141_28011	0.6092	0.2226	0.1681
k141_82634	0.4527	0.4301	0.1172
k141_64579	0.9752	0.0174	0.0074
k141_120052	0.4866	0.3481	0.1653
k141_9508	0.9656	0.0245	0.0099
k141_43660	0.9407	0.0412	0.0181
k141_28019	0.5596	0.1749	0.2655
k141_101293	0.9456	0.0400	0.0144
k141_64587	0.7906	0.1715	0.0379
k141_43662	0.6194	0.2332	0.1474
k141_28022	0.7080	0.1515	0.1404
k141_9512	0.8731	0.0846	0.0423
k141_101297	0.0208	0.9564	0.0229
k141_28025	0.3705	0.4561	0.1734
k141_101298	0.7793	0.1186	0.1021
k141_120066	0.0653	0.8537	0.0810
k141_43665	0.9416	0.0405	0.0179
k141_64600	0.9007	0.0779	0.0214
k141_101304	0.8935	0.0734	0.0331
k141_101306	0.2149	0.5912	0.1939
k141_138420	0.7078	0.1241	0.1681
k141_28035	0.0591	0.0734	0.8675
k141_82661	0.8930	0.0838	0.0232
k141_120078	0.6935	0.1436	0.1629
k141_28036	0.2777	0.0401	0.6822
k141_9530	0.3705	0.1457	0.4838
k141_101314	0.4779	0.2001	0.3220
k141_9531	0.1353	0.2021	0.6627
k141_64612	0.3285	0.2014	0.4701
k141_43673	0.6107	0.3074	0.0819
k141_101319	0.9427	0.0414	0.0158
k141_82674	0.7969	0.1534	0.0497
k141_64616	0.3547	0.4511	0.1942
k141_9536	0.9620	0.0280	0.0100
k141_120089	0.9038	0.0708	0.0254
k141_64618	0.0371	0.0485	0.9145
k141_82677	0.6908	0.1763	0.1329
k141_43677	0.2730	0.2581	0.4689
k141_138437	0.5325	0.2571	0.2104
k141_9540	0.2688	0.4280	0.3032
k141_64619	0.8512	0.1129	0.0359
k141_28051	0.4962	0.1883	0.3155
k141_64621	0.9711	0.0198	0.0091
k141_43680	0.8679	0.0674	0.0647
k141_9546	0.6762	0.2146	0.1092
k141_28060	0.8968	0.0727	0.0305
k141_9550	0.8479	0.1064	0.0456
k141_82691	0.9423	0.0431	0.0146
k141_120105	0.9021	0.0730	0.0249
k141_101338	0.9420	0.0407	0.0172
k141_138455	0.7924	0.1612	0.0464
k141_28065	0.9437	0.0423	0.0140
k141_120106	0.5352	0.3191	0.1457
k141_101343	0.3075	0.3577	0.3347
k141_138457	0.2430	0.5291	0.2279
k141_28067	0.0776	0.7713	0.1511
k141_120108	0.7896	0.1529	0.0575
k141_9560	0.3587	0.5144	0.1268
k141_101347	0.0670	0.1656	0.7673
k141_64637	0.0698	0.0435	0.8867
k141_28069	0.8973	0.0783	0.0244
k141_120109	0.7243	0.1517	0.1240
k141_101348	0.0245	0.2846	0.6908
k141_138464	0.2028	0.6771	0.1202
k141_101349	0.4084	0.1002	0.4914
k141_64642	0.2013	0.1118	0.6869
k141_82708	0.5661	0.2844	0.1494
k141_64643	0.3834	0.1507	0.4658
k141_120114	0.0733	0.2150	0.7117
k141_101352	0.4624	0.3441	0.1935
k141_28078	0.3001	0.2880	0.4119
k141_9572	0.9700	0.0211	0.0089
k141_138469	0.7685	0.1925	0.0390
k141_28082	0.7792	0.1792	0.0416
k141_101359	0.9184	0.0582	0.0234
k141_82719	0.0146	0.0197	0.9658
k141_120124	0.6339	0.1599	0.2062
k141_138472	0.2008	0.5415	0.2577
k141_28084	0.6836	0.1883	0.1281
k141_28085	0.9226	0.0477	0.0298
k141_64659	0.4220	0.3452	0.2328
k141_101363	0.7438	0.1489	0.1073
k141_43715	0.0402	0.0473	0.9125
k141_9583	0.7297	0.1666	0.1037
k141_120128	0.0070	0.9775	0.0156
k141_82721	0.0077	0.0117	0.9806
k141_138482	0.2043	0.2537	0.5420
k141_64663	0.8791	0.0999	0.0210
k141_9586	0.9642	0.0242	0.0115
k141_82724	0.9594	0.0297	0.0109
k141_28093	0.0541	0.1025	0.8434
k141_138483	0.9390	0.0447	0.0162
k141_43720	0.9369	0.0461	0.0170
k141_138484	0.9516	0.0351	0.0133
k141_9590	0.1731	0.2089	0.6180
k141_28096	0.4379	0.1841	0.3780
k141_82729	0.2782	0.3371	0.3847
k141_64673	0.7248	0.0822	0.1930
k141_120143	0.3490	0.2174	0.4336
k141_28101	0.4142	0.3645	0.2213
k141_82735	0.6022	0.2110	0.1869
k141_120145	0.8934	0.0927	0.0139
k141_28102	0.9639	0.0254	0.0107
k141_138495	0.8689	0.0805	0.0506
k141_101386	0.8017	0.0934	0.1049
k141_28104	0.5923	0.2757	0.1320
k141_9607	0.8178	0.1288	0.0534
k141_64683	0.9397	0.0480	0.0123
k141_82743	0.8034	0.1534	0.0431
k141_9608	0.3445	0.1573	0.4982
k141_64684	0.6827	0.1826	0.1347
k141_120157	0.3584	0.4365	0.2050
k141_64687	0.6375	0.1504	0.2122
k141_43741	0.4488	0.3994	0.1518
k141_101403	0.9108	0.0695	0.0196
k141_138510	0.9533	0.0353	0.0114
k141_120167	0.3097	0.2661	0.4242
k141_82757	0.1490	0.5672	0.2838
k141_9616	0.9274	0.0472	0.0253
k141_138515	0.2961	0.5794	0.1245
k141_82758	0.9694	0.0221	0.0085
k141_64698	0.7533	0.1322	0.1145
k141_138516	0.9760	0.0173	0.0067
k141_9626	0.8664	0.1030	0.0306
k141_43754	0.9543	0.0321	0.0136
k141_64706	0.7996	0.1567	0.0437
k141_9629	0.8469	0.1187	0.0344
k141_120180	0.7787	0.1287	0.0926
k141_101425	0.8415	0.1066	0.0518
k141_138524	0.5200	0.4040	0.0760
k141_43758	0.2127	0.4816	0.3056
k141_64711	0.1106	0.2022	0.6873
k141_9633	0.8091	0.1128	0.0782
k141_120187	0.0978	0.0505	0.8517
k141_28119	0.9642	0.0259	0.0099
k141_138528	0.9834	0.0126	0.0039
k141_43762	0.1927	0.2200	0.5873
k141_82780	0.0126	0.0172	0.9702
k141_64718	0.4984	0.3417	0.1599
k141_9640	0.0158	0.0277	0.9565
k141_28126	0.6064	0.3262	0.0674
k141_101440	0.0508	0.8211	0.1281
k141_43770	0.7682	0.1604	0.0714
k141_120203	0.6727	0.2085	0.1187
k141_101444	0.7646	0.1299	0.1056
k141_101446	0.1414	0.4027	0.4558
k141_64734	0.4755	0.4968	0.0277
k141_101448	0.7098	0.1313	0.1589
k141_138546	0.7562	0.1397	0.1041
k141_82802	0.7763	0.1652	0.0585
k141_28141	0.9238	0.0622	0.0140
k141_101452	0.8212	0.1344	0.0444
k141_120214	0.9521	0.0346	0.0133
k141_101453	0.4392	0.3524	0.2085
k141_28142	0.6998	0.2288	0.0714
k141_120215	0.8556	0.1065	0.0379
k141_82811	0.6890	0.2109	0.1001
k141_64739	0.9346	0.0439	0.0215
k141_9668	0.3412	0.4189	0.2399
k141_43786	0.4011	0.3627	0.2363
k141_101459	0.1697	0.1926	0.6377
k141_28147	0.9773	0.0173	0.0054
k141_9669	0.8851	0.0948	0.0201
k141_64742	0.8474	0.0952	0.0574
k141_138559	0.8866	0.0915	0.0219
k141_43788	0.9197	0.0617	0.0187
k141_64745	0.4606	0.3630	0.1764
k141_82818	0.7978	0.1457	0.0564
k141_138562	0.9743	0.0194	0.0062
k141_9675	0.0655	0.8646	0.0699
k141_101467	0.8263	0.1253	0.0484
k141_28154	0.9426	0.0431	0.0143
k141_82820	0.7294	0.1348	0.1358
k141_138563	0.7527	0.1172	0.1301
k141_43792	0.2081	0.5575	0.2344
k141_9677	0.8780	0.0815	0.0405
k141_64749	0.6400	0.2127	0.1473
k141_138564	0.8113	0.1063	0.0824
k141_9679	0.3378	0.3129	0.3493
k141_64750	0.9826	0.0123	0.0051
k141_101475	0.2338	0.5457	0.2206
k141_9683	0.8025	0.1250	0.0725
k141_120244	0.8742	0.0926	0.0333
k141_9690	0.1315	0.7330	0.1355
k141_28174	0.7136	0.1325	0.1539
k141_138580	0.9357	0.0504	0.0139
k141_120254	0.1364	0.1739	0.6897
k141_9693	0.7752	0.1478	0.0769
k141_43808	0.3810	0.3773	0.2416
k141_120256	0.7675	0.1993	0.0332
k141_9694	0.9774	0.0167	0.0059
k141_101491	0.1525	0.7073	0.1402
k141_120257	0.9099	0.0644	0.0257
k141_138586	0.9209	0.0565	0.0226
k141_43810	0.6094	0.2218	0.1688
k141_82848	0.8663	0.0921	0.0416
k141_9703	0.7746	0.1087	0.1166
k141_138590	0.6936	0.1736	0.1327
k141_120263	0.4733	0.2732	0.2535
k141_28186	0.9337	0.0484	0.0180
k141_28187	0.4531	0.3442	0.2027
k141_9704	0.9266	0.0564	0.0170
k141_120269	0.1577	0.1186	0.7237
k141_43818	0.8234	0.1073	0.0693
k141_101508	0.8274	0.0974	0.0751
k141_64777	0.1572	0.6417	0.2010
k141_138604	0.7054	0.1713	0.1233
k141_120273	0.9353	0.0474	0.0173
k141_120274	0.6974	0.1862	0.1164
k141_9711	0.6239	0.3286	0.0475
k141_82865	0.8684	0.1132	0.0184
k141_9714	0.6962	0.2549	0.0490
k141_101521	0.6201	0.2615	0.1184
k141_28202	0.1625	0.7355	0.1020
k141_120278	0.6122	0.2492	0.1386
k141_138612	0.6869	0.2017	0.1113
k141_28205	0.9274	0.0551	0.0174
k141_43831	0.8936	0.0836	0.0228
k141_64789	0.9473	0.0429	0.0098
k141_82877	0.9459	0.0439	0.0102
k141_138618	0.5634	0.2039	0.2327
k141_120285	0.7700	0.1215	0.1085
k141_82881	0.8425	0.0917	0.0658
k141_43841	0.3967	0.3147	0.2885
k141_64801	0.4065	0.2302	0.3633
k141_101538	0.7541	0.1338	0.1121
k141_28219	0.8567	0.1096	0.0337
k141_138627	0.0184	0.0486	0.9329
k141_64803	0.5295	0.3038	0.1667
k141_43844	0.7803	0.1368	0.0829
k141_120299	0.7994	0.1030	0.0977
k141_82891	0.6287	0.1349	0.2363
k141_28227	0.5139	0.2120	0.2741
k141_120304	0.5328	0.2927	0.1745
k141_101551	0.5091	0.2507	0.2402
k141_28233	0.8376	0.1211	0.0414
k141_64814	0.7655	0.1892	0.0453
k141_43853	0.0840	0.4208	0.4951
k141_120310	0.5523	0.2558	0.1920
k141_64815	0.7285	0.1424	0.1292
k141_120313	0.7606	0.1433	0.0961
k141_28235	0.9325	0.0513	0.0163
k141_138645	0.9076	0.0823	0.0101
k141_64817	0.8785	0.0979	0.0236
k141_120316	0.5726	0.2795	0.1479
k141_43855	0.9789	0.0166	0.0045
k141_82908	0.9430	0.0391	0.0180
k141_120318	0.6386	0.1688	0.1927
k141_101566	0.7771	0.1125	0.1104
k141_9762	0.9316	0.0425	0.0259
k141_82910	0.0741	0.0919	0.8340
k141_28241	0.1081	0.8035	0.0884
k141_28242	0.9551	0.0313	0.0136
k141_64827	0.4807	0.2581	0.2612
k141_9767	0.7003	0.2261	0.0736
k141_101568	0.1022	0.0481	0.8497
k141_9769	0.1550	0.8083	0.0367
k141_64830	0.9548	0.0310	0.0142
k141_138658	0.1214	0.1229	0.7556
k141_28246	0.7406	0.1323	0.1272
k141_82916	0.2888	0.0681	0.6431
k141_64833	0.7236	0.1315	0.1449
k141_120330	0.4908	0.2536	0.2557
k141_82918	0.8926	0.0859	0.0215
k141_9774	0.5930	0.2863	0.1207
k141_28250	0.7900	0.1670	0.0431
k141_120332	0.3839	0.3473	0.2688
k141_138664	0.1642	0.6913	0.1445
k141_9777	0.0758	0.0521	0.8721
k141_138665	0.3924	0.3504	0.2572
k141_101580	0.9643	0.0281	0.0076
k141_64836	0.0228	0.0495	0.9278
k141_82923	0.4774	0.2326	0.2900
k141_138667	0.6328	0.2141	0.1530
k141_120337	0.6468	0.1927	0.1605
k141_64841	0.8943	0.0795	0.0262
k141_138671	0.4673	0.3315	0.2012
k141_28262	0.9486	0.0383	0.0131
k141_9789	0.6932	0.1747	0.1321
k141_120344	0.7696	0.1037	0.1267
k141_82926	0.9452	0.0391	0.0157
k141_28265	0.6594	0.1945	0.1461
k141_64849	0.3676	0.6110	0.0215
k141_28269	0.4793	0.3350	0.1857
k141_120350	0.7447	0.1592	0.0961
k141_120351	0.5373	0.1572	0.3055
k141_64851	0.9481	0.0407	0.0112
k141_138686	0.3711	0.4354	0.1935
k141_101606	0.2533	0.3496	0.3970
k141_138687	0.8838	0.0717	0.0445
k141_120356	0.7387	0.2075	0.0538
k141_101607	0.9630	0.0262	0.0108
k141_138689	0.2553	0.6980	0.0467
k141_120357	0.0497	0.7471	0.2032
k141_101609	0.1416	0.1375	0.7209
k141_64860	0.0365	0.1016	0.8619
k141_9809	0.0221	0.9614	0.0165
k141_120359	0.7879	0.1267	0.0854
k141_64862	0.4977	0.3068	0.1954
k141_120360	0.6604	0.1731	0.1665
k141_28285	0.0874	0.4246	0.4880
k141_138693	0.6143	0.1866	0.1990
k141_82950	0.7655	0.1477	0.0868
k141_138694	0.5641	0.2449	0.1909
k141_101617	0.3187	0.3992	0.2820
k141_82952	0.8238	0.1253	0.0509
k141_138695	0.0223	0.0254	0.9524
k141_28291	0.3385	0.4812	0.1804
k141_101621	0.1735	0.3300	0.4965
k141_28293	0.0686	0.0365	0.8948
k141_64870	0.9603	0.0275	0.0121
k141_9817	0.5189	0.3970	0.0841
k141_82958	0.8812	0.0737	0.0452
k141_43871	0.9224	0.0574	0.0202
k141_64876	0.0255	0.0513	0.9232
k141_138715	0.5966	0.2222	0.1812
k141_64883	0.0284	0.2892	0.6824
k141_101640	0.9694	0.0245	0.0061
k141_120387	0.9432	0.0438	0.0130
k141_64884	0.3537	0.4536	0.1927
k141_138723	0.2292	0.3708	0.4000
k141_120390	0.7434	0.1731	0.0835
k141_9839	0.2170	0.4667	0.3163
k141_120392	0.1599	0.5436	0.2965
k141_28323	0.4472	0.3259	0.2269
k141_138728	0.9641	0.0264	0.0095
k141_82972	0.9213	0.0571	0.0216
k141_64889	0.0070	0.0115	0.9815
k141_43883	0.9774	0.0145	0.0081
k141_101651	0.6854	0.1565	0.1581
k141_138729	0.8687	0.1033	0.0280
k141_28324	0.4530	0.4234	0.1235
k141_120405	0.8902	0.0721	0.0377
k141_43890	0.0864	0.6740	0.2397
k141_28328	0.6122	0.3442	0.0436
k141_9859	0.5528	0.2576	0.1896
k141_43892	0.6108	0.2306	0.1586
k141_138742	0.5343	0.2412	0.2245
k141_101668	0.9618	0.0264	0.0118
k141_120412	0.9454	0.0343	0.0204
k141_43894	0.4813	0.4002	0.1185
k141_28334	0.6596	0.2209	0.1195
k141_82991	0.9698	0.0214	0.0088
k141_64907	0.7715	0.1363	0.0922
k141_138744	0.8042	0.1391	0.0566
k141_101674	0.3541	0.3376	0.3084
k141_28336	0.5576	0.2917	0.1507
k141_64910	0.9464	0.0364	0.0172
k141_101677	0.8899	0.0926	0.0175
k141_120421	0.1866	0.2049	0.6085
k141_43901	0.2335	0.2108	0.5558
k141_120422	0.4842	0.3549	0.1610
k141_9875	0.9278	0.0528	0.0194
k141_28346	0.3622	0.4538	0.1840
k141_83000	0.8032	0.1331	0.0637
k141_120425	0.6684	0.1702	0.1613
k141_83002	0.8719	0.0478	0.0803
k141_9880	0.2265	0.4733	0.3002
k141_64920	0.3561	0.6084	0.0356
k141_138760	0.3192	0.4162	0.2646
k141_43907	0.9769	0.0172	0.0059
k141_101687	0.9664	0.0219	0.0117
k141_138761	0.9421	0.0453	0.0126
k141_83005	0.4507	0.3830	0.1663
k141_28354	0.6472	0.2046	0.1483
k141_120431	0.4469	0.1729	0.3803
k141_9883	0.4294	0.3164	0.2542
k141_120434	0.1952	0.1452	0.6596
k141_9884	0.8347	0.1437	0.0216
k141_64930	0.7905	0.1349	0.0746
k141_28362	0.6954	0.1510	0.1536
k141_101697	0.9157	0.0618	0.0225
k141_101698	0.6077	0.1500	0.2423
k141_138775	0.8592	0.0939	0.0469
k141_43915	0.7622	0.1430	0.0948
k141_28365	0.1307	0.0930	0.7764
k141_120440	0.9040	0.0687	0.0273
k141_64936	0.1553	0.6662	0.1786
k141_9894	0.7101	0.1369	0.1530
k141_83019	0.2016	0.5472	0.2512
k141_43918	0.4700	0.3208	0.2091
k141_101703	0.9175	0.0579	0.0246
k141_83020	0.6900	0.1586	0.1513
k141_120442	0.0105	0.0183	0.9712
k141_64941	0.7397	0.1318	0.1285
k141_43920	0.8583	0.0794	0.0623
k141_83022	0.6127	0.1814	0.2059
k141_101707	0.4499	0.2714	0.2787
k141_138786	0.7759	0.1474	0.0767
k141_43921	0.6554	0.1998	0.1448
k141_64944	0.4044	0.4348	0.1608
k141_138787	0.4486	0.3330	0.2184
k141_120448	0.7530	0.1520	0.0950
k141_9906	0.0338	0.4210	0.5453
k141_9909	0.1270	0.0699	0.8032
k141_120452	0.6124	0.2439	0.1437
k141_43928	0.7359	0.2456	0.0185
k141_83032	0.8478	0.1139	0.0383
k141_120456	0.9327	0.0446	0.0227
k141_64956	0.9563	0.0311	0.0126
k141_83037	0.6535	0.2959	0.0506
k141_120458	0.7185	0.1811	0.1004
k141_101711	0.9658	0.0232	0.0110
k141_138803	0.8683	0.1095	0.0222
k141_28395	0.6042	0.2506	0.1452
k141_28396	0.7022	0.1739	0.1239
k141_101713	0.4322	0.3635	0.2043
k141_120462	0.0869	0.0778	0.8353
k141_138806	0.8208	0.1349	0.0443
k141_9918	0.9418	0.0427	0.0156
k141_83045	0.9397	0.0409	0.0194
k141_138811	0.9463	0.0354	0.0183
k141_64970	0.1410	0.1033	0.7557
k141_43945	0.2347	0.2596	0.5058
k141_64971	0.1424	0.3064	0.5511
k141_9927	0.3911	0.2183	0.3905
k141_138815	0.6761	0.1745	0.1494
k141_83052	0.2342	0.5532	0.2126
k141_43946	0.7266	0.1737	0.0997
k141_64974	0.8432	0.0534	0.1033
k141_120479	0.7862	0.1248	0.0890
k141_9935	0.7448	0.2061	0.0491
k141_138823	0.2824	0.4120	0.3056
k141_64976	0.5580	0.2553	0.1868
k141_28415	0.9650	0.0249	0.0101
k141_43953	0.1845	0.1810	0.6344
k141_138828	0.8108	0.1116	0.0776
k141_9940	0.7777	0.1286	0.0936
k141_83071	0.7039	0.1939	0.1022
k141_101749	0.6598	0.2809	0.0593
k141_28431	0.1677	0.6655	0.1669
k141_138832	0.9744	0.0181	0.0075
k141_43963	0.2684	0.1312	0.6004
k141_28434	0.7783	0.1592	0.0625
k141_120505	0.6828	0.1594	0.1578
k141_101757	0.9424	0.0470	0.0105
k141_43967	0.1217	0.2408	0.6375
k141_83087	0.2660	0.1036	0.6304
k141_120507	0.0362	0.0531	0.9107
k141_138843	0.6279	0.1876	0.1845
k141_9959	0.9574	0.0313	0.0114
k141_83091	0.1009	0.7316	0.1675
k141_28442	0.0928	0.1676	0.7397
k141_120508	0.0311	0.0219	0.9469
k141_138847	0.2662	0.2341	0.4997
k141_101766	0.7669	0.1480	0.0851
k141_83095	0.3369	0.6272	0.0360
k141_138850	0.8560	0.1224	0.0215
k141_43975	0.9610	0.0273	0.0117
k141_64997	0.9605	0.0279	0.0116
k141_138851	0.0553	0.1825	0.7621
k141_28454	0.0444	0.0642	0.8914
k141_138856	0.1265	0.6001	0.2734
k141_83107	0.8532	0.1171	0.0297
k141_65006	0.3335	0.5072	0.1593
k141_83108	0.7921	0.1627	0.0451
k141_9978	0.9497	0.0360	0.0143
k141_83111	0.0110	0.0186	0.9703
k141_28458	0.4466	0.0907	0.4627
k141_101790	0.2982	0.2485	0.4534
k141_43992	0.2749	0.3847	0.3404
k141_9986	0.7501	0.1070	0.1429
k141_101794	0.6090	0.1749	0.2162
k141_9989	0.9470	0.0413	0.0116
k141_138873	0.9451	0.0406	0.0143
k141_120543	0.8988	0.0734	0.0278
k141_9990	0.9631	0.0292	0.0078
k141_28470	0.5288	0.2621	0.2091
k141_101797	0.0393	0.0550	0.9057
k141_9993	0.4931	0.2478	0.2591
k141_44001	0.6275	0.1784	0.1941
k141_65032	0.3536	0.3912	0.2552
k141_83134	0.8949	0.0587	0.0464
k141_120550	0.7747	0.1302	0.0951
k141_9998	0.5395	0.2604	0.2001
k141_28476	0.8263	0.1155	0.0582
k141_120551	0.3682	0.2548	0.3770
k141_83136	0.7559	0.1666	0.0775
k141_65035	0.7511	0.1112	0.1377
k141_83137	0.3215	0.5338	0.1447
k141_28478	0.7818	0.1776	0.0406
k141_65036	0.1927	0.2333	0.5739
k141_10001	0.8792	0.0921	0.0288
k141_120554	0.8237	0.1340	0.0422
k141_101810	0.4161	0.3327	0.2511
k141_65038	0.5505	0.2767	0.1728
k141_28480	0.2748	0.4238	0.3013
k141_83141	0.4082	0.3410	0.2508
k141_28481	0.5769	0.2495	0.1736
k141_120560	0.2199	0.2177	0.5625
k141_65042	0.6833	0.1808	0.1360
k141_44014	0.1124	0.4648	0.4228
k141_101816	0.9028	0.0588	0.0384
k141_10013	0.9180	0.0499	0.0321
k141_65045	0.8402	0.1230	0.0368
k141_83150	0.0895	0.6605	0.2500
k141_138907	0.9293	0.0525	0.0183
k141_101817	0.9428	0.0429	0.0143
k141_28485	0.9440	0.0405	0.0155
k141_65048	0.2345	0.0668	0.6987
k141_44019	0.7167	0.2326	0.0506
k141_101819	0.0172	0.0542	0.9286
k141_83156	0.1248	0.6044	0.2708
k141_10019	0.2039	0.6143	0.1818
k141_138914	0.9140	0.0670	0.0191
k141_83157	0.0726	0.7992	0.1281
k141_28490	0.7387	0.1495	0.1118
k141_120574	0.7119	0.1411	0.1470
k141_44021	0.8642	0.0948	0.0410
k141_101826	0.6271	0.2351	0.1378
k141_65055	0.6692	0.1833	0.1475
k141_83160	0.8098	0.1346	0.0556
k141_138916	0.9228	0.0574	0.0198
k141_44025	0.7608	0.1135	0.1256
k141_10029	0.7436	0.1580	0.0984
k141_65058	0.2634	0.2416	0.4950
k141_83163	0.6215	0.2516	0.1270
k141_101834	0.6397	0.3250	0.0354
k141_10032	0.1436	0.2170	0.6394
k141_28503	0.8167	0.1341	0.0491
k141_65064	0.7678	0.1983	0.0339
k141_138925	0.9198	0.0641	0.0161
k141_101838	0.6273	0.2305	0.1422
k141_138926	0.8287	0.0991	0.0722
k141_65067	0.3471	0.4512	0.2016
k141_10040	0.0967	0.8956	0.0078
k141_44035	0.6118	0.3405	0.0477
k141_65068	0.5930	0.3479	0.0591
k141_138929	0.8164	0.1079	0.0758
k141_28514	0.9423	0.0389	0.0188
k141_120602	0.1589	0.7951	0.0460
k141_101848	0.4615	0.2845	0.2539
k141_10050	0.7842	0.1484	0.0674
k141_83182	0.7317	0.1653	0.1030
k141_101852	0.9390	0.0465	0.0145
k141_65074	0.0167	0.0208	0.9625
k141_101859	0.3872	0.1960	0.4167
k141_83188	0.9587	0.0319	0.0095
k141_138948	0.5019	0.2113	0.2867
k141_28528	0.2029	0.1684	0.6287
k141_138950	0.4462	0.3616	0.1922
k141_28531	0.4065	0.3388	0.2547
k141_65081	0.9529	0.0334	0.0137
k141_10070	0.9341	0.0439	0.0220
k141_120625	0.3497	0.2482	0.4021
k141_101869	0.0236	0.0510	0.9254
k141_83197	0.7417	0.1170	0.1413
k141_28536	0.1556	0.3999	0.4446
k141_120626	0.6527	0.2637	0.0835
k141_101872	0.7474	0.1589	0.0937
k141_28542	0.6441	0.1924	0.1635
k141_83205	0.7183	0.1275	0.1542
k141_138962	0.7911	0.1584	0.0505
k141_10085	0.7799	0.1360	0.0841
k141_65085	0.9590	0.0288	0.0122
k141_83210	0.6364	0.3017	0.0619
k141_138965	0.7777	0.1421	0.0802
k141_120632	0.9425	0.0497	0.0078
k141_83214	0.9281	0.0553	0.0166
k141_101887	0.8387	0.1018	0.0595
k141_83216	0.2732	0.3638	0.3630
k141_120637	0.0811	0.7139	0.2051
k141_65090	0.9143	0.0661	0.0196
k141_10087	0.9550	0.0328	0.0122
k141_28558	0.8155	0.1247	0.0598
k141_28559	0.5776	0.2630	0.1594
k141_83218	0.5906	0.2653	0.1441
k141_138977	0.6315	0.1487	0.2199
k141_28560	0.7861	0.1338	0.0801
k141_101894	0.9225	0.0533	0.0242
k141_28561	0.5219	0.1368	0.3412
k141_44045	0.9492	0.0349	0.0159
k141_83222	0.9214	0.0562	0.0224
k141_28563	0.1321	0.8017	0.0662
k141_120648	0.5227	0.1463	0.3311
k141_120649	0.6712	0.1800	0.1487
k141_10098	0.7946	0.1350	0.0704
k141_101900	0.3291	0.5327	0.1383
k141_65106	0.4025	0.3811	0.2164
k141_83229	0.4622	0.2768	0.2610
k141_83230	0.6775	0.2192	0.1033
k141_101905	0.2450	0.5603	0.1947
k141_10104	0.6797	0.1798	0.1405
k141_138999	0.3472	0.4567	0.1961
k141_83234	0.3046	0.4362	0.2592
k141_10108	0.8867	0.0907	0.0226
k141_120659	0.8309	0.1012	0.0679
k141_83237	0.9750	0.0178	0.0072
k141_65119	0.6444	0.1763	0.1793
k141_28585	0.2305	0.4289	0.3406
k141_10115	0.7379	0.1696	0.0925
k141_120663	0.8495	0.1203	0.0302
k141_65120	0.9004	0.0750	0.0246
k141_101923	0.7836	0.1297	0.0868
k141_10122	0.1643	0.1479	0.6878
k141_65125	0.8194	0.1573	0.0233
k141_83245	0.9713	0.0197	0.0090
k141_120671	0.5713	0.2408	0.1879
k141_139011	0.4846	0.3725	0.1429
k141_28596	0.2730	0.1876	0.5394
k141_120675	0.9589	0.0293	0.0118
k141_101931	0.7359	0.2249	0.0392
k141_139016	0.4774	0.2838	0.2388
k141_65133	0.4434	0.2964	0.2602
k141_83254	0.1408	0.1347	0.7245
k141_10131	0.9708	0.0222	0.0069
k141_28605	0.6260	0.2174	0.1566
k141_101933	0.7474	0.1388	0.1138
k141_10133	0.7543	0.1784	0.0673
k141_101934	0.1667	0.7091	0.1242
k141_120683	0.6674	0.2306	0.1021
k141_83262	0.1969	0.2523	0.5508
k141_120684	0.0185	0.0180	0.9635
k141_120685	0.7618	0.1579	0.0803
k141_101939	0.3148	0.0879	0.5973
k141_83270	0.1926	0.0763	0.7310
k141_28619	0.7433	0.1620	0.0947
k141_120688	0.6095	0.3528	0.0377
k141_44084	0.8039	0.1599	0.0362
k141_120694	0.8124	0.1215	0.0662
k141_65161	0.1519	0.1828	0.6653
k141_10152	0.9322	0.0490	0.0188
k141_10153	0.8244	0.1097	0.0659
k141_120701	0.7488	0.1220	0.1292
k141_101956	0.8854	0.0726	0.0420
k141_28634	0.8722	0.0861	0.0418
k141_10159	0.7053	0.1146	0.1801
k141_120702	0.9489	0.0372	0.0140
k141_101959	0.9671	0.0270	0.0059
k141_44099	0.3493	0.2094	0.4413
k141_28640	0.7358	0.1253	0.1389
k141_101960	0.9619	0.0251	0.0129
k141_65174	0.4561	0.4286	0.1153
k141_83296	0.2374	0.1683	0.5944
k141_65177	0.6882	0.1615	0.1503
k141_101965	0.7214	0.1752	0.1034
k141_83300	0.6509	0.1999	0.1492
k141_65178	0.9794	0.0155	0.0051
k141_44106	0.6699	0.1333	0.1968
k141_28653	0.5644	0.2346	0.2010
k141_139070	0.6856	0.1853	0.1291
k141_28654	0.1254	0.1166	0.7580
k141_44113	0.0805	0.1037	0.8159
k141_83315	0.5274	0.2633	0.2093
k141_139078	0.3538	0.2147	0.4315
k141_10187	0.6119	0.2011	0.1870
k141_120725	0.8264	0.1056	0.0680
k141_101982	0.5262	0.3001	0.1738
k141_28660	0.0182	0.0344	0.9474
k141_10189	0.6745	0.2863	0.0392
k141_139079	0.9751	0.0196	0.0053
k141_83317	0.9264	0.0497	0.0239
k141_120729	0.5157	0.2813	0.2030
k141_139083	0.2611	0.5831	0.1558
k141_44118	0.9631	0.0221	0.0148
k141_139084	0.6095	0.1758	0.2147
k141_28667	0.5800	0.3763	0.0437
k141_139085	0.9562	0.0347	0.0092
k141_101992	0.2407	0.5801	0.1792
k141_28672	0.7041	0.1536	0.1423
k141_83330	0.2435	0.2318	0.5248
k141_44125	0.9385	0.0486	0.0129
k141_10193	0.9361	0.0468	0.0170
k141_102001	0.1913	0.1658	0.6429
k141_65213	0.3027	0.3627	0.3346
k141_139095	0.8435	0.1293	0.0272
k141_120742	0.0294	0.0794	0.8911
k141_83336	0.9405	0.0402	0.0193
k141_139097	0.7336	0.1411	0.1254
k141_28679	0.8454	0.0970	0.0576
k141_120744	0.6845	0.2244	0.0911
k141_83338	0.1412	0.3628	0.4960
k141_44129	0.6537	0.2223	0.1241
k141_10199	0.5627	0.0946	0.3428
k141_139098	0.2343	0.5898	0.1758
k141_120745	0.2973	0.1206	0.5821
k141_28681	0.6397	0.2640	0.0963
k141_44132	0.5038	0.2543	0.2419
k141_65223	0.9653	0.0249	0.0098
k141_139101	0.3228	0.5108	0.1664
k141_102014	0.6108	0.2374	0.1518
k141_44133	0.4565	0.4049	0.1386
k141_28684	0.9493	0.0365	0.0143
k141_65225	0.3079	0.6453	0.0468
k141_10206	0.9313	0.0470	0.0217
k141_120752	0.5108	0.1219	0.3672
k141_65229	0.2547	0.3738	0.3716
k141_83349	0.9714	0.0199	0.0086
k141_44136	0.7999	0.1778	0.0222
k141_83350	0.6320	0.1875	0.1805
k141_28694	0.7580	0.1173	0.1247
k141_10219	0.4170	0.3714	0.2117
k141_28695	0.9044	0.0671	0.0284
k141_65238	0.4478	0.3637	0.1885
k141_44140	0.6211	0.2106	0.1684
k141_10224	0.5289	0.2243	0.2468
k141_102017	0.9287	0.0521	0.0192
k141_44143	0.9504	0.0403	0.0093
k141_120771	0.4421	0.2673	0.2906
k141_83367	0.4848	0.2444	0.2708
k141_65247	0.8502	0.0878	0.0619
k141_83368	0.1411	0.0445	0.8144
k141_28710	0.9598	0.0315	0.0087
k141_44147	0.9370	0.0480	0.0150
k141_10235	0.8445	0.0731	0.0824
k141_102029	0.8336	0.1306	0.0358
k141_139131	0.1638	0.1747	0.6614
k141_65258	0.9650	0.0278	0.0072
k141_44153	0.5413	0.3273	0.1314
k141_10236	0.7171	0.2372	0.0457
k141_120784	0.3458	0.3558	0.2984
k141_120786	0.6773	0.2132	0.1095
k141_10240	0.2391	0.4463	0.3146
k141_28725	0.6726	0.1697	0.1577
k141_139144	0.3056	0.5576	0.1368
k141_102039	0.0273	0.1237	0.8490
k141_44160	0.1927	0.7683	0.0390
k141_83390	0.7088	0.1537	0.1375
k141_120793	0.0651	0.0766	0.8584
k141_28732	0.6130	0.1595	0.2275
k141_102045	0.5532	0.2472	0.1996
k141_10248	0.0825	0.8414	0.0760
k141_28733	0.0898	0.1897	0.7205
k141_120794	0.6767	0.1870	0.1364
k141_28737	0.6388	0.2373	0.1239
k141_65261	0.9510	0.0354	0.0136
k141_83400	0.6933	0.1333	0.1734
k141_120796	0.9694	0.0232	0.0074
k141_65265	0.5300	0.3482	0.1218
k141_28744	0.0238	0.0278	0.9485
k141_44167	0.9866	0.0098	0.0036
k141_10261	0.9283	0.0537	0.0180
k141_139168	0.5654	0.2380	0.1966
k141_83410	0.9379	0.0451	0.0171
k141_65268	0.8093	0.1289	0.0617
k141_83411	0.2014	0.6047	0.1939
k141_120805	0.4245	0.4829	0.0926
k141_44174	0.9159	0.0610	0.0231
k141_83412	0.2696	0.4562	0.2743
k141_139173	0.8662	0.1057	0.0281
k141_120808	0.3026	0.4573	0.2401
k141_28756	0.3793	0.1947	0.4260
k141_44175	0.9468	0.0292	0.0240
k141_83414	0.9131	0.0613	0.0256
k141_139174	0.4018	0.5537	0.0445
k141_65278	0.9439	0.0414	0.0147
k141_139178	0.9066	0.0730	0.0204
k141_28758	0.9707	0.0206	0.0086
k141_102080	0.3607	0.4299	0.2094
k141_10283	0.2925	0.4334	0.2741
k141_28763	0.6658	0.1843	0.1499
k141_10288	0.2784	0.1630	0.5585
k141_65286	0.9411	0.0391	0.0198
k141_120816	0.2344	0.7087	0.0569
k141_28765	0.6354	0.1893	0.1753
k141_83430	0.7926	0.1413	0.0661
k141_44188	0.3333	0.3819	0.2848
k141_83433	0.2652	0.5106	0.2242
k141_44189	0.8975	0.0752	0.0273
k141_102084	0.8288	0.1457	0.0255
k141_139192	0.2707	0.4423	0.2871
k141_65294	0.2127	0.1942	0.5932
k141_83435	0.9462	0.0368	0.0170
k141_28774	0.9116	0.0655	0.0229
k141_28775	0.9342	0.0413	0.0245
k141_139196	0.9181	0.0633	0.0186
k141_65301	0.1930	0.7542	0.0528
k141_83442	0.5126	0.2220	0.2654
k141_83445	0.0567	0.7925	0.1508
k141_120836	0.9264	0.0522	0.0214
k141_102096	0.0204	0.0303	0.9493
k141_139201	0.3186	0.4070	0.2744
k141_83447	0.5153	0.2966	0.1881
k141_10312	0.0671	0.1302	0.8027
k141_65308	0.4230	0.3033	0.2737
k141_83448	0.9557	0.0331	0.0113
k141_44202	0.5422	0.3996	0.0581
k141_65310	0.9733	0.0204	0.0063
k141_120841	0.8101	0.1506	0.0393
k141_28777	0.9690	0.0199	0.0111
k141_83450	0.4148	0.2114	0.3737
k141_28778	0.6683	0.2247	0.1070
k141_65311	0.9697	0.0213	0.0091
k141_139211	0.2935	0.1446	0.5619
k141_10314	0.8288	0.1205	0.0507
k141_28780	0.1391	0.5171	0.3438
k141_10315	0.7370	0.1301	0.1328
k141_65313	0.7931	0.1156	0.0913
k141_139216	0.9037	0.0694	0.0269
k141_10317	0.1901	0.1053	0.7046
k141_83459	0.7884	0.1327	0.0789
k141_139217	0.6691	0.1725	0.1584
k141_28787	0.4348	0.4101	0.1551
k141_102114	0.3086	0.4184	0.2730
k141_44213	0.6124	0.3538	0.0338
k141_83461	0.5887	0.2194	0.1918
k141_139219	0.5119	0.2643	0.2238
k141_10320	0.9160	0.0652	0.0188
k141_65323	0.8226	0.1280	0.0494
k141_139222	0.7345	0.0487	0.2168
k141_10324	0.3390	0.4660	0.1950
k141_83466	0.3367	0.4166	0.2468
k141_65327	0.9277	0.0503	0.0220
k141_10327	0.7914	0.1737	0.0349
k141_28802	0.5002	0.2812	0.2186
k141_28804	0.0191	0.0227	0.9582
k141_139231	0.5771	0.2583	0.1645
k141_65336	0.1946	0.6544	0.1511
k141_102137	0.7398	0.1232	0.1370
k141_139234	0.8341	0.1274	0.0385
k141_28806	0.7460	0.2408	0.0133
k141_120844	0.0097	0.0149	0.9754
k141_83480	0.5065	0.1936	0.2999
k141_102138	0.8930	0.0774	0.0296
k141_102139	0.8736	0.0933	0.0331
k141_65339	0.7450	0.1491	0.1059
k141_83481	0.9657	0.0242	0.0101
k141_44232	0.3639	0.4214	0.2147
k141_28808	0.7698	0.1203	0.1099
k141_102143	0.0369	0.0798	0.8833
k141_28810	0.1229	0.8285	0.0485
k141_65345	0.9551	0.0304	0.0145
k141_83485	0.9369	0.0451	0.0180
k141_10352	0.9619	0.0274	0.0107
k141_44236	0.7418	0.1277	0.1306
k141_139247	0.8971	0.0483	0.0545
k141_102148	0.0290	0.0361	0.9349
k141_28816	0.5150	0.3573	0.1277
k141_102150	0.3082	0.3627	0.3292
k141_44237	0.0783	0.0970	0.8247
k141_83491	0.7735	0.1459	0.0806
k141_10356	0.8965	0.0753	0.0282
k141_65353	0.4109	0.3202	0.2689
k141_120850	0.9737	0.0186	0.0077
k141_139252	0.6255	0.1767	0.1978
k141_28822	0.7217	0.2564	0.0220
k141_65354	0.8878	0.0828	0.0294
k141_139256	0.9633	0.0290	0.0078
k141_44241	0.4288	0.3989	0.1723
k141_10361	0.9609	0.0282	0.0109
k141_120857	0.9109	0.0670	0.0221
k141_83495	0.9647	0.0252	0.0102
k141_10362	0.5817	0.3061	0.1122
k141_102160	0.0607	0.8785	0.0608
k141_65355	0.9784	0.0154	0.0062
k141_10363	0.2836	0.4187	0.2977
k141_65356	0.7633	0.1841	0.0527
k141_83499	0.8422	0.0893	0.0684
k141_44244	0.0810	0.8820	0.0370
k141_120864	0.3473	0.1825	0.4702
k141_120865	0.7933	0.1651	0.0416
k141_139268	0.5763	0.0788	0.3449
k141_102168	0.4531	0.2480	0.2989
k141_102170	0.6485	0.1826	0.1689
k141_10372	0.7319	0.1120	0.1561
k141_102173	0.9667	0.0249	0.0084
k141_120874	0.2506	0.3802	0.3692
k141_44254	0.2008	0.2853	0.5139
k141_83510	0.0850	0.0895	0.8256
k141_65370	0.7205	0.0877	0.1919
k141_139281	0.9040	0.0740	0.0220
k141_28837	0.9107	0.0646	0.0247
k141_102182	0.9713	0.0233	0.0054
k141_83517	0.8260	0.1242	0.0499
k141_139286	0.4544	0.3338	0.2118
k141_28841	0.9283	0.0556	0.0160
k141_120883	0.8528	0.0950	0.0522
k141_83518	0.6527	0.2682	0.0791
k141_28843	0.1741	0.1223	0.7036
k141_120886	0.8137	0.1264	0.0599
k141_65383	0.8612	0.0857	0.0531
k141_83522	0.9621	0.0250	0.0129
k141_10396	0.9456	0.0416	0.0128
k141_28850	0.9565	0.0347	0.0088
k141_44267	0.2761	0.4890	0.2350
k141_139298	0.2685	0.5378	0.1936
k141_28853	0.8871	0.0930	0.0199
k141_102197	0.9714	0.0218	0.0068
k141_120891	0.8823	0.0892	0.0285
k141_120893	0.4950	0.4088	0.0963
k141_65390	0.3433	0.3298	0.3269
k141_83531	0.8255	0.1346	0.0399
k141_28854	0.2128	0.1934	0.5938
k141_44270	0.9481	0.0353	0.0166
k141_28855	0.0386	0.7202	0.2412
k141_120895	0.9567	0.0313	0.0120
k141_28858	0.1702	0.1597	0.6701
k141_10408	0.0176	0.0230	0.9594
k141_120900	0.7737	0.1101	0.1162
k141_65397	0.0301	0.0323	0.9376
k141_10410	0.2486	0.3642	0.3872
k141_28861	0.0644	0.0469	0.8887
k141_139315	0.4883	0.2960	0.2157
k141_102213	0.0371	0.8235	0.1393
k141_28862	0.9679	0.0246	0.0075
k141_120904	0.9662	0.0239	0.0099
k141_28863	0.4880	0.2914	0.2206
k141_120905	0.3100	0.2076	0.4825
k141_120910	0.0975	0.1665	0.7360
k141_139323	0.8087	0.1201	0.0712
k141_10424	0.8193	0.1126	0.0681
k141_139325	0.5990	0.2397	0.1612
k141_139327	0.3498	0.3560	0.2942
k141_65419	0.9158	0.0579	0.0263
k141_28881	0.9128	0.0599	0.0274
k141_83563	0.8917	0.0864	0.0219
k141_102237	0.9114	0.0726	0.0160
k141_10433	0.9661	0.0235	0.0104
k141_120922	0.7964	0.1324	0.0711
k141_10435	0.4149	0.2882	0.2969
k141_102238	0.2384	0.4911	0.2705
k141_83568	0.7680	0.1199	0.1122
k141_120925	0.9677	0.0250	0.0073
k141_65431	0.2895	0.4202	0.2903
k141_28890	0.8391	0.1108	0.0501
k141_120928	0.9582	0.0317	0.0101
k141_10445	0.6776	0.1443	0.1781
k141_102251	0.7337	0.1495	0.1167
k141_83580	0.8593	0.0977	0.0430
k141_120931	0.3063	0.3530	0.3407
k141_28894	0.6929	0.2563	0.0508
k141_120932	0.5202	0.3435	0.1363
k141_83588	0.2634	0.4614	0.2752
k141_28901	0.0678	0.1563	0.7760
k141_44290	0.9656	0.0250	0.0095
k141_65453	0.7630	0.1330	0.1040
k141_65454	0.8169	0.1381	0.0450
k141_139339	0.9618	0.0268	0.0114
k141_120944	0.7328	0.2311	0.0361
k141_10466	0.6170	0.2242	0.1588
k141_28908	0.3553	0.4568	0.1879
k141_83595	0.7651	0.1679	0.0670
k141_65456	0.5277	0.1615	0.3107
k141_139344	0.8302	0.1392	0.0306
k141_28909	0.9298	0.0535	0.0167
k141_65458	0.1092	0.1371	0.7536
k141_102281	0.4254	0.3014	0.2732
k141_28915	0.9520	0.0393	0.0087
k141_83607	0.8611	0.1135	0.0254
k141_120959	0.3165	0.4763	0.2072
k141_10476	0.8022	0.1381	0.0597
k141_83608	0.0122	0.0161	0.9717
k141_28918	0.6837	0.2463	0.0700
k141_102286	0.9458	0.0394	0.0148
k141_83609	0.9349	0.0460	0.0192
k141_44293	0.9735	0.0188	0.0077
k141_120961	0.8921	0.0919	0.0160
k141_102287	0.0145	0.0250	0.9604
k141_139359	0.5149	0.2805	0.2047
k141_120965	0.7379	0.1747	0.0875
k141_65478	0.9296	0.0532	0.0171
k141_10490	0.6024	0.2101	0.1875
k141_83618	0.9017	0.0635	0.0347
k141_139369	0.1572	0.1624	0.6804
k141_28930	0.0078	0.0137	0.9786
k141_44302	0.7791	0.1803	0.0406
k141_65482	0.5294	0.3028	0.1678
k141_120971	0.9735	0.0198	0.0067
k141_28936	0.6685	0.2225	0.1090
k141_102305	0.0938	0.0936	0.8126
k141_10495	0.8522	0.1163	0.0314
k141_83625	0.5353	0.2389	0.2258
k141_44305	0.3648	0.3150	0.3202
k141_65484	0.1349	0.1373	0.7277
k141_120979	0.2159	0.6298	0.1543
k141_65488	0.1785	0.1545	0.6670
k141_28942	0.5553	0.2908	0.1540
k141_102311	0.3168	0.3319	0.3513
k141_120984	0.7787	0.1517	0.0695
k141_102312	0.1026	0.0481	0.8493
k141_10502	0.1736	0.1147	0.7116
k141_65492	0.9223	0.0518	0.0259
k141_28945	0.9624	0.0263	0.0113
k141_10505	0.6447	0.3063	0.0489
k141_139396	0.2746	0.4254	0.3000
k141_120992	0.6509	0.2011	0.1481
k141_44316	0.6477	0.1999	0.1524
k141_28953	0.2091	0.1735	0.6174
k141_139398	0.7825	0.1928	0.0248
k141_83649	0.4365	0.3899	0.1736
k141_120997	0.4229	0.3118	0.2653
k141_83650	0.6918	0.1601	0.1481
k141_28959	0.0914	0.6270	0.2815
k141_10515	0.0090	0.0196	0.9713
k141_83657	0.9109	0.0655	0.0235
k141_44325	0.6554	0.2086	0.1360
k141_102313	0.9768	0.0167	0.0066
k141_83658	0.8566	0.1222	0.0213
k141_102314	0.9552	0.0354	0.0094
k141_121012	0.7292	0.2050	0.0658
k141_102315	0.7640	0.1703	0.0656
k141_65511	0.9417	0.0433	0.0150
k141_83665	0.1730	0.4206	0.4064
k141_10525	0.1382	0.3029	0.5589
k141_28976	0.8006	0.1326	0.0668
k141_102321	0.8998	0.0750	0.0251
k141_44336	0.9022	0.0724	0.0254
k141_102322	0.8589	0.0981	0.0430
k141_28980	0.7889	0.1557	0.0554
k141_139429	0.7445	0.1295	0.1260
k141_10533	0.7223	0.1143	0.1634
k141_121024	0.8109	0.1229	0.0662
k141_83673	0.7042	0.1746	0.1212
k141_44338	0.5531	0.2961	0.1508
k141_65521	0.9575	0.0300	0.0125
k141_102327	0.8695	0.1030	0.0275
k141_83675	0.6426	0.2752	0.0822
k141_28988	0.8056	0.1527	0.0417
k141_65524	0.3084	0.5020	0.1897
k141_10541	0.7991	0.1410	0.0599
k141_83679	0.9288	0.0520	0.0192
k141_102336	0.5361	0.2648	0.1990
k141_10542	0.7124	0.1911	0.0965
k141_102337	0.5673	0.4158	0.0168
k141_83681	0.7650	0.2188	0.0162
k141_121036	0.7678	0.1489	0.0832
k141_65534	0.2558	0.1387	0.6055
k141_102345	0.4654	0.2070	0.3277
k141_83688	0.9293	0.0442	0.0266
k141_29010	0.7163	0.1804	0.1033
k141_121037	0.9642	0.0251	0.0107
k141_29011	0.0980	0.3255	0.5765
k141_83694	0.3072	0.5561	0.1367
k141_121039	0.7450	0.1244	0.1306
k141_44362	0.8598	0.1119	0.0283
k141_83697	0.4670	0.3771	0.1559
k141_121045	0.2418	0.2296	0.5286
k141_139471	0.3786	0.4929	0.1285
k141_29020	0.8503	0.1132	0.0365
k141_139473	0.6192	0.2488	0.1320
k141_121052	0.3773	0.2461	0.3767
k141_102370	0.8677	0.0964	0.0359
k141_139481	0.6895	0.1425	0.1680
k141_83710	0.9729	0.0199	0.0072
k141_10563	0.9659	0.0241	0.0100
k141_139485	0.8040	0.1085	0.0875
k141_65569	0.8981	0.0849	0.0170
k141_102377	0.2061	0.6104	0.1835
k141_65570	0.7030	0.2110	0.0860
k141_121063	0.7231	0.2295	0.0474
k141_65572	0.4684	0.3499	0.1818
k141_139493	0.1824	0.4688	0.3488
k141_102381	0.0720	0.8635	0.0645
k141_29048	0.4758	0.2135	0.3106
k141_10578	0.6628	0.2544	0.0829
k141_83726	0.8409	0.1156	0.0435
k141_44386	0.1830	0.7171	0.0998
k141_102385	0.9104	0.0616	0.0280
k141_83727	0.7730	0.1428	0.0842
k141_121072	0.9846	0.0109	0.0045
k141_10581	0.6348	0.2156	0.1497
k141_102386	0.9058	0.0645	0.0297
k141_83728	0.9779	0.0172	0.0049
k141_121073	0.5825	0.3810	0.0365
k141_44387	0.9486	0.0381	0.0133
k141_83730	0.8491	0.1222	0.0287
k141_102393	0.5375	0.2823	0.1802
k141_29060	0.8672	0.0930	0.0399
k141_65591	0.8012	0.1220	0.0768
k141_29062	0.8737	0.0766	0.0496
k141_44392	0.6826	0.2006	0.1167
k141_10595	0.1968	0.4293	0.3739
k141_83736	0.8093	0.1342	0.0564
k141_102400	0.8955	0.0582	0.0463
k141_44393	0.6407	0.2139	0.1453
k141_102401	0.5960	0.2893	0.1147
k141_102403	0.5117	0.2457	0.2426
k141_65598	0.9501	0.0408	0.0091
k141_121094	0.9577	0.0296	0.0127
k141_65600	0.8892	0.0898	0.0211
k141_44399	0.9038	0.0667	0.0296
k141_29076	0.1462	0.6773	0.1765
k141_121096	0.9683	0.0228	0.0089
k141_102410	0.8058	0.1379	0.0563
k141_10607	0.8912	0.0883	0.0205
k141_44400	0.1726	0.6023	0.2252
k141_65604	0.9435	0.0415	0.0150
k141_139495	0.9476	0.0373	0.0151
k141_83755	0.3603	0.3036	0.3360
k141_102413	0.3991	0.4112	0.1897
k141_65607	0.7154	0.1337	0.1509
k141_83756	0.2193	0.5883	0.1924
k141_29084	0.4148	0.4788	0.1064
k141_102417	0.7104	0.1100	0.1795
k141_83758	0.7560	0.1221	0.1219
k141_44408	0.4380	0.3433	0.2187
k141_102423	0.2078	0.1913	0.6009
k141_139506	0.0431	0.0799	0.8770
k141_102426	0.9123	0.0670	0.0207
k141_83770	0.9419	0.0428	0.0153
k141_29099	0.1285	0.1878	0.6837
k141_102428	0.9599	0.0337	0.0064
k141_10631	0.3597	0.4213	0.2190
k141_65628	0.9149	0.0647	0.0204
k141_139517	0.9432	0.0446	0.0122
k141_29103	0.9480	0.0365	0.0155
k141_102432	0.1532	0.3864	0.4604
k141_139520	0.5624	0.2319	0.2057
k141_29106	0.4895	0.2647	0.2458
k141_121097	0.9699	0.0212	0.0088
k141_139522	0.6714	0.2237	0.1049
k141_10642	0.7249	0.1803	0.0948
k141_65638	0.5135	0.4425	0.0440
k141_102437	0.0286	0.1332	0.8382
k141_44427	0.6119	0.2636	0.1246
k141_10645	0.7398	0.1149	0.1453
k141_65642	0.7489	0.1668	0.0844
k141_83791	0.9040	0.0738	0.0223
k141_121106	0.7091	0.2033	0.0876
k141_29123	0.5474	0.1940	0.2586
k141_102448	0.9162	0.0547	0.0292
k141_102450	0.1480	0.7527	0.0993
k141_44433	0.9185	0.0608	0.0206
k141_83798	0.3607	0.1996	0.4397
k141_10657	0.8451	0.1228	0.0321
k141_121116	0.4617	0.3373	0.2010
k141_139540	0.2839	0.1426	0.5736
k141_65650	0.9727	0.0201	0.0072
k141_102461	0.8614	0.0900	0.0486
k141_29137	0.1836	0.6202	0.1962
k141_10662	0.0224	0.1137	0.8639
k141_102466	0.6555	0.2358	0.1087
k141_10663	0.9354	0.0459	0.0187
k141_44442	0.8480	0.0917	0.0603
k141_83803	0.8047	0.1452	0.0502
k141_65660	0.4833	0.2777	0.2390
k141_10665	0.7963	0.0962	0.1074
k141_65662	0.4165	0.3759	0.2076
k141_102471	0.3238	0.3400	0.3363
k141_83807	0.8724	0.0923	0.0353
k141_102473	0.1309	0.8314	0.0377
k141_10670	0.0307	0.0688	0.9005
k141_29154	0.9242	0.0568	0.0190
k141_139549	0.9036	0.0729	0.0236
k141_10673	0.7458	0.1855	0.0687
k141_102481	0.2373	0.3866	0.3760
k141_121135	0.8091	0.1564	0.0345
k141_10676	0.0693	0.7762	0.1544
k141_44452	0.9823	0.0137	0.0039
k141_121138	0.1575	0.6346	0.2079
k141_121140	0.7420	0.1823	0.0757
k141_139560	0.8786	0.0846	0.0368
k141_29170	0.8700	0.0880	0.0420
k141_83813	0.8931	0.0814	0.0254
k141_44457	0.5154	0.3325	0.1521
k141_29176	0.7675	0.1407	0.0918
k141_83816	0.8850	0.0854	0.0295
k141_102496	0.5398	0.2176	0.2425
k141_121148	0.7089	0.1455	0.1456
k141_44461	0.7895	0.1034	0.1071
k141_83820	0.7993	0.1391	0.0616
k141_121151	0.6703	0.1672	0.1625
k141_44463	0.9113	0.0679	0.0207
k141_139578	0.3508	0.4503	0.1989
k141_29184	0.0551	0.0605	0.8844
k141_10695	0.8660	0.0887	0.0453
k141_121161	0.5545	0.2403	0.2052
k141_102510	0.1831	0.6065	0.2104
k141_121162	0.9296	0.0527	0.0178
k141_83837	0.4500	0.3276	0.2224
k141_102516	0.1575	0.3714	0.4711
k141_139588	0.2396	0.6273	0.1331
k141_121165	0.6972	0.2387	0.0641
k141_10709	0.4249	0.3762	0.1989
k141_139590	0.7559	0.1212	0.1230
k141_83843	0.0324	0.5455	0.4221
k141_121170	0.6768	0.2709	0.0523
k141_29204	0.5309	0.2825	0.1865
k141_121172	0.3847	0.1217	0.4936
k141_83847	0.9484	0.0377	0.0138
k141_65685	0.9686	0.0221	0.0093
k141_29209	0.7030	0.1810	0.1159
k141_44487	0.9606	0.0262	0.0132
k141_65691	0.7087	0.2079	0.0834
k141_139605	0.9427	0.0451	0.0122
k141_10732	0.2543	0.1288	0.6169
k141_83854	0.8142	0.1614	0.0243
k141_65693	0.9114	0.0572	0.0314
k141_29216	0.9228	0.0586	0.0187
k141_65695	0.9670	0.0261	0.0068
k141_65696	0.7920	0.1260	0.0820
k141_139611	0.9106	0.0677	0.0217
k141_65697	0.3430	0.2866	0.3704
k141_10740	0.1114	0.1057	0.7829
k141_121189	0.1633	0.1520	0.6847
k141_139614	0.1965	0.3007	0.5027
k141_83867	0.9354	0.0331	0.0316
k141_10747	0.8598	0.0960	0.0442
k141_139617	0.8460	0.1115	0.0425
k141_65704	0.9512	0.0355	0.0133
k141_44502	0.7748	0.1194	0.1057
k141_83868	0.5571	0.3001	0.1428
k141_102557	0.1502	0.1404	0.7094
k141_121197	0.0163	0.0193	0.9643
k141_65705	0.4859	0.3023	0.2118
k141_139618	0.4309	0.3508	0.2184
k141_83870	0.6953	0.2533	0.0514
k141_102560	0.1487	0.0866	0.7647
k141_10753	0.1381	0.0921	0.7699
k141_139623	0.4839	0.3341	0.1821
k141_29241	0.5001	0.2319	0.2680
k141_65707	0.6616	0.2097	0.1287
k141_121205	0.2296	0.1927	0.5777
k141_83878	0.9092	0.0674	0.0234
k141_10760	0.6917	0.1986	0.1098
k141_65708	0.7921	0.1135	0.0944
k141_121208	0.9496	0.0376	0.0128
k141_44513	0.2429	0.4026	0.3546
k141_29243	0.9519	0.0350	0.0132
k141_121210	0.3932	0.2129	0.3939
k141_65711	0.9646	0.0290	0.0064
k141_29246	0.0229	0.0213	0.9558
k141_10765	0.4714	0.4043	0.1243
k141_44517	0.0402	0.0302	0.9296
k141_83886	0.1910	0.5632	0.2458
k141_102576	0.1680	0.4999	0.3320
k141_139641	0.9386	0.0409	0.0204
k141_29251	0.0404	0.1239	0.8357
k141_83888	0.6490	0.2686	0.0824
k141_102578	0.9751	0.0173	0.0076
k141_121222	0.9510	0.0359	0.0131
k141_65721	0.9319	0.0504	0.0177
k141_139645	0.8812	0.0907	0.0282
k141_10777	0.9721	0.0214	0.0065
k141_29259	0.8034	0.1510	0.0456
k141_102580	0.8480	0.1184	0.0336
k141_139649	0.1098	0.6040	0.2862
k141_83899	0.5990	0.1803	0.2207
k141_29260	0.0277	0.0403	0.9320
k141_102583	0.7787	0.1371	0.0841
k141_83900	0.3038	0.2430	0.4532
k141_102584	0.1730	0.3071	0.5199
k141_44527	0.0215	0.0471	0.9314
k141_65738	0.6122	0.1831	0.2047
k141_102586	0.7805	0.1074	0.1121
k141_10784	0.9213	0.0571	0.0215
k141_29266	0.8007	0.1552	0.0440
k141_139661	0.8825	0.0850	0.0325
k141_102590	0.4640	0.3275	0.2085
k141_29268	0.8733	0.0960	0.0307
k141_44535	0.0443	0.2511	0.7046
k141_83911	0.9110	0.0637	0.0253
k141_83913	0.6303	0.2064	0.1633
k141_29269	0.8616	0.1194	0.0190
k141_10799	0.3698	0.2357	0.3945
k141_121240	0.9642	0.0247	0.0111
k141_44542	0.9145	0.0570	0.0285
k141_65759	0.1184	0.3927	0.4889
k141_29275	0.8980	0.0577	0.0443
k141_121242	0.9676	0.0227	0.0098
k141_139677	0.8385	0.1078	0.0538
k141_10804	0.9323	0.0463	0.0214
k141_65761	0.1243	0.1391	0.7365
k141_121243	0.0236	0.0324	0.9440
k141_139678	0.1538	0.2691	0.5771
k141_83927	0.1047	0.1634	0.7319
k141_102603	0.0077	0.0160	0.9763
k141_44551	0.0294	0.9566	0.0140
k141_139679	0.9663	0.0251	0.0087
k141_83930	0.4739	0.0812	0.4449
k141_65768	0.9693	0.0231	0.0076
k141_83931	0.8787	0.0684	0.0529
k141_10816	0.9672	0.0249	0.0079
k141_29291	0.5035	0.2856	0.2109
k141_65771	0.1309	0.4536	0.4155
k141_10817	0.5035	0.2943	0.2022
k141_139684	0.9320	0.0526	0.0154
k141_83936	0.9422	0.0422	0.0156
k141_29295	0.8298	0.1354	0.0348
k141_121259	0.1148	0.7362	0.1491
k141_83937	0.2428	0.0631	0.6941
k141_102617	0.8942	0.0814	0.0244
k141_44561	0.1643	0.3585	0.4772
k141_102619	0.7943	0.1623	0.0434
k141_10827	0.0227	0.0595	0.9178
k141_139695	0.9739	0.0188	0.0073
k141_65787	0.6840	0.1724	0.1436
k141_44565	0.8465	0.1191	0.0344
k141_29304	0.9595	0.0280	0.0125
k141_139701	0.7042	0.1312	0.1646
k141_83954	0.0853	0.2154	0.6994
k141_121269	0.8907	0.0878	0.0214
k141_10838	0.6596	0.1840	0.1564
k141_139705	0.6910	0.1670	0.1421
k141_65800	0.2449	0.5531	0.2020
k141_121273	0.7896	0.1294	0.0810
k141_44577	0.6185	0.1671	0.2144
k141_65804	0.8989	0.0765	0.0247
k141_139713	0.9572	0.0310	0.0117
k141_29326	0.1411	0.4784	0.3805
k141_83969	0.8938	0.0808	0.0253
k141_65810	0.1245	0.6322	0.2434
k141_121283	0.1686	0.2711	0.5603
k141_139716	0.1307	0.6290	0.2402
k141_29331	0.2481	0.2559	0.4960
k141_44586	0.0296	0.0628	0.9075
k141_139717	0.7727	0.1596	0.0677
k141_10864	0.8850	0.0878	0.0271
k141_121292	0.9624	0.0256	0.0119
k141_44589	0.6590	0.2160	0.1250
k141_102660	0.1567	0.1127	0.7306
k141_121293	0.4930	0.2881	0.2189
k141_10867	0.1073	0.1229	0.7698
k141_83983	0.8086	0.1535	0.0379
k141_139721	0.7856	0.1140	0.1004
k141_29344	0.4670	0.3444	0.1885
k141_102664	0.7388	0.1360	0.1252
k141_10870	0.1516	0.1158	0.7326
k141_44595	0.8394	0.1214	0.0392
k141_10871	0.0479	0.8254	0.1267
k141_65836	0.2481	0.7125	0.0394
k141_121303	0.7525	0.1168	0.1307
k141_102671	0.7082	0.2561	0.0357
k141_139729	0.0229	0.0376	0.9395
k141_83994	0.9656	0.0243	0.0101
k141_65837	0.8250	0.1325	0.0425
k141_29356	0.3218	0.3065	0.3717
k141_44601	0.8285	0.1049	0.0665
k141_102675	0.7023	0.1819	0.1158
k141_29359	0.8588	0.1087	0.0325
k141_121310	0.7251	0.1717	0.1032
k141_65843	0.3017	0.5438	0.1545
k141_29360	0.9445	0.0416	0.0139
k141_139737	0.7365	0.1675	0.0959
k141_102676	0.9334	0.0470	0.0197
k141_10879	0.9253	0.0567	0.0180
k141_65846	0.0151	0.0175	0.9674
k141_44605	0.9694	0.0213	0.0093
k141_121314	0.2184	0.2606	0.5210
k141_10881	0.1754	0.6180	0.2066
k141_29365	0.7517	0.0962	0.1521
k141_65851	0.2389	0.4822	0.2789
k141_139738	0.0858	0.1268	0.7874
k141_102685	0.7833	0.1029	0.1138
k141_121320	0.7412	0.1222	0.1366
k141_29369	0.7602	0.1208	0.1190
k141_44608	0.7915	0.1681	0.0403
k141_65857	0.2218	0.5676	0.2106
k141_121325	0.6145	0.1591	0.2264
k141_84009	0.0220	0.0330	0.9449
k141_10895	0.9091	0.0635	0.0274
k141_44613	0.7277	0.1710	0.1013
k141_84012	0.9510	0.0378	0.0112
k141_102689	0.6635	0.2560	0.0805
k141_29379	0.1287	0.1540	0.7173
k141_44615	0.5028	0.2256	0.2715
k141_65864	0.5743	0.1831	0.2426
k141_84015	0.8078	0.1540	0.0383
k141_65865	0.1891	0.1842	0.6267
k141_84017	0.3227	0.4471	0.2302
k141_121339	0.9271	0.0502	0.0227
k141_10905	0.0101	0.0240	0.9659
k141_29386	0.1095	0.8239	0.0665
k141_102698	0.3638	0.3132	0.3230
k141_84021	0.8077	0.1538	0.0385
k141_102700	0.2359	0.1602	0.6039
k141_10908	0.7089	0.1800	0.1111
k141_139762	0.9613	0.0300	0.0087
k141_121345	0.4874	0.4290	0.0835
k141_29390	0.0294	0.9622	0.0084
k141_65875	0.6042	0.2106	0.1852
k141_65876	0.9428	0.0387	0.0185
k141_139766	0.9286	0.0480	0.0234
k141_102706	0.2063	0.4660	0.3277
k141_65879	0.4615	0.4074	0.1311
k141_139769	0.0131	0.0169	0.9701
k141_102709	0.7886	0.1356	0.0758
k141_44629	0.3023	0.2972	0.4005
k141_29397	0.9277	0.0535	0.0188
k141_65882	0.7468	0.1557	0.0974
k141_139772	0.7374	0.1445	0.1181
k141_102712	0.8709	0.0812	0.0479
k141_44634	0.7591	0.1488	0.0921
k141_102713	0.6176	0.2462	0.1362
k141_121358	0.9805	0.0150	0.0045
k141_29407	0.8556	0.1033	0.0411
k141_65892	0.2658	0.2838	0.4503
k141_44637	0.8175	0.1391	0.0433
k141_10927	0.9766	0.0166	0.0068
k141_102720	0.0940	0.0874	0.8186
k141_10928	0.7658	0.1708	0.0633
k141_65896	0.6754	0.2771	0.0475
k141_121367	0.1603	0.1685	0.6712
k141_10930	0.6792	0.0575	0.2633
k141_139782	0.9095	0.0641	0.0263
k141_84056	0.0137	0.0287	0.9575
k141_29422	0.2268	0.2448	0.5284
k141_10938	0.9182	0.0567	0.0251
k141_121378	0.6874	0.1624	0.1502
k141_29429	0.5828	0.2657	0.1515
k141_102737	0.2764	0.1823	0.5412
k141_84061	0.1189	0.1802	0.7009
k141_44651	0.9652	0.0238	0.0110
k141_10943	0.5514	0.2160	0.2325
k141_29431	0.6386	0.1889	0.1724
k141_65905	0.9770	0.0160	0.0070
k141_44653	0.2152	0.3347	0.4501
k141_139800	0.6975	0.1585	0.1439
k141_121389	0.3474	0.4330	0.2196
k141_10950	0.8968	0.0812	0.0220
k141_121392	0.1094	0.6536	0.2370
k141_44657	0.9760	0.0170	0.0070
k141_121393	0.5725	0.2599	0.1676
k141_65913	0.5559	0.3311	0.1130
k141_10952	0.2201	0.1487	0.6312
k141_84076	0.0121	0.0205	0.9674
k141_102754	0.6613	0.2200	0.1187
k141_29446	0.9520	0.0327	0.0153
k141_65918	0.1760	0.3414	0.4826
k141_10959	0.9417	0.0401	0.0181
k141_29449	0.4529	0.4684	0.0787
k141_84085	0.9157	0.0563	0.0279
k141_121397	0.9612	0.0249	0.0139
k141_121399	0.9078	0.0688	0.0234
k141_139825	0.3746	0.3704	0.2550
k141_10966	0.7393	0.1525	0.1082
k141_65926	0.7147	0.1442	0.1411
k141_102766	0.9334	0.0396	0.0270
k141_121402	0.4582	0.2589	0.2829
k141_65934	0.9133	0.0632	0.0234
k141_102773	0.7411	0.1694	0.0894
k141_121411	0.1642	0.7174	0.1185
k141_102774	0.1993	0.1511	0.6496
k141_29466	0.0116	0.0183	0.9701
k141_10982	0.4773	0.1959	0.3269
k141_29467	0.1160	0.1266	0.7574
k141_121415	0.3043	0.4800	0.2157
k141_44687	0.2458	0.4839	0.2703
k141_121419	0.4824	0.2360	0.2816
k141_139849	0.3349	0.2862	0.3789
k141_65944	0.0205	0.0286	0.9509
k141_84114	0.0212	0.0308	0.9480
k141_29470	0.5274	0.3754	0.0972
k141_65947	0.9456	0.0361	0.0183
k141_121423	0.6282	0.1960	0.1758
k141_10991	0.2930	0.2028	0.5041
k141_102788	0.9264	0.0621	0.0115
k141_84120	0.2953	0.6672	0.0375
k141_84121	0.6932	0.1926	0.1141
k141_29477	0.2792	0.4162	0.3046
k141_139860	0.3981	0.3667	0.2352
k141_102795	0.0375	0.0408	0.9217
k141_65957	0.9328	0.0417	0.0255
k141_44690	0.9370	0.0465	0.0165
k141_139861	0.9489	0.0380	0.0131
k141_121439	0.2914	0.3501	0.3586
k141_102798	0.2650	0.1272	0.6077
k141_65961	0.6867	0.1834	0.1299
k141_139865	0.0122	0.0179	0.9698
k141_11006	0.9436	0.0443	0.0121
k141_29488	0.3017	0.5760	0.1223
k141_84137	0.5172	0.1712	0.3117
k141_139867	0.0280	0.1216	0.8504
k141_44698	0.7119	0.2157	0.0723
k141_121447	0.0105	0.0223	0.9671
k141_29491	0.1031	0.0344	0.8625
k141_84139	0.8809	0.0908	0.0283
k141_121448	0.0423	0.1256	0.8321
k141_102811	0.7250	0.1206	0.1544
k141_65974	0.2491	0.1868	0.5641
k141_139874	0.8817	0.0996	0.0187
k141_84145	0.3574	0.2705	0.3721
k141_121453	0.9008	0.0837	0.0155
k141_11026	0.5952	0.1751	0.2297
k141_139879	0.7660	0.1144	0.1195
k141_102820	0.6814	0.1412	0.1774
k141_65983	0.6348	0.1941	0.1711
k141_121457	0.3202	0.4681	0.2116
k141_44709	0.7987	0.1449	0.0564
k141_29508	0.9361	0.0481	0.0159
k141_139884	0.0140	0.0192	0.9669
k141_65986	0.8254	0.1127	0.0618
k141_84156	0.7141	0.1595	0.1264
k141_102827	0.8045	0.1010	0.0945
k141_121463	0.9257	0.0557	0.0185
k141_65992	0.0802	0.0721	0.8477
k141_11043	0.7972	0.0952	0.1076
k141_65997	0.3221	0.3626	0.3153
k141_44719	0.8389	0.1367	0.0244
k141_121472	0.6574	0.2385	0.1041
k141_84165	0.9591	0.0299	0.0110
k141_29525	0.0335	0.0490	0.9175
k141_139901	0.0233	0.0753	0.9014
k141_102843	0.4839	0.2165	0.2996
k141_66000	0.0368	0.0309	0.9323
k141_66002	0.7846	0.1267	0.0887
k141_44724	0.7826	0.1156	0.1018
k141_11058	0.7481	0.1288	0.1232
k141_121480	0.0117	0.0246	0.9637
k141_66007	0.2178	0.1552	0.6269
k141_11062	0.9570	0.0307	0.0124
k141_121487	0.7646	0.1424	0.0931
k141_44727	0.6467	0.2781	0.0752
k141_84183	0.8376	0.1087	0.0537
k141_121488	0.6714	0.2215	0.1070
k141_84184	0.7264	0.1324	0.1412
k141_102858	0.9593	0.0290	0.0117
k141_11064	0.9299	0.0518	0.0183
k141_29548	0.6492	0.1872	0.1637
k141_66017	0.8595	0.0824	0.0582
k141_11066	0.3303	0.3251	0.3446
k141_66018	0.9685	0.0239	0.0076
k141_44732	0.5095	0.2801	0.2104
k141_84186	0.6415	0.2096	0.1490
k141_11067	0.5060	0.2956	0.1984
k141_139931	0.7628	0.1344	0.1029
k141_121493	0.1553	0.4620	0.3827
k141_44733	0.4354	0.4224	0.1422
k141_11069	0.7418	0.1346	0.1236
k141_121494	0.6523	0.2240	0.1237
k141_84190	0.3242	0.2362	0.4396
k141_102862	0.0108	0.0234	0.9658
k141_44734	0.6495	0.1771	0.1734
k141_139934	0.4240	0.1679	0.4082
k141_29556	0.0800	0.8034	0.1166
k141_11070	0.3113	0.2571	0.4316
k141_11071	0.8271	0.1369	0.0359
k141_102865	0.8353	0.1088	0.0558
k141_66032	0.9271	0.0559	0.0169
k141_139940	0.2109	0.1789	0.6103
k141_102866	0.1563	0.5163	0.3274
k141_11074	0.5608	0.2464	0.1928
k141_121505	0.9762	0.0169	0.0069
k141_11078	0.9769	0.0184	0.0047
k141_29566	0.8123	0.0969	0.0908
k141_121507	0.0318	0.0835	0.8847
k141_139945	0.9399	0.0422	0.0179
k141_102875	0.0531	0.0689	0.8779
k141_66043	0.7655	0.1194	0.1151
k141_102876	0.4204	0.4090	0.1705
k141_84208	0.9777	0.0170	0.0053
k141_139946	0.8460	0.0995	0.0545
k141_44745	0.0017	0.9924	0.0058
k141_102877	0.9038	0.0566	0.0396
k141_121516	0.5605	0.2084	0.2311
k141_84217	0.9355	0.0509	0.0135
k141_29576	0.4893	0.3773	0.1335
k141_29579	0.4852	0.3520	0.1628
k141_84220	0.3698	0.3113	0.3190
k141_121519	0.5714	0.3111	0.1175
k141_44754	0.1102	0.7831	0.1067
k141_121521	0.7523	0.1936	0.0541
k141_11101	0.1403	0.6479	0.2117
k141_66063	0.0114	0.0262	0.9624
k141_84224	0.4582	0.4210	0.1208
k141_44756	0.4644	0.3554	0.1801
k141_102897	0.7756	0.1681	0.0563
k141_11102	0.8978	0.0852	0.0170
k141_44758	0.7866	0.1356	0.0778
k141_102901	0.1366	0.8275	0.0358
k141_121533	0.6735	0.2754	0.0511
k141_84235	0.0724	0.0270	0.9005
k141_29600	0.6365	0.2154	0.1481
k141_44763	0.8968	0.0800	0.0232
k141_66078	0.2934	0.1608	0.5458
k141_44765	0.2615	0.1835	0.5551
k141_11104	0.5932	0.1701	0.2366
k141_44768	0.2434	0.2789	0.4777
k141_11108	0.7267	0.1435	0.1298
k141_29608	0.0558	0.1049	0.8392
k141_102922	0.8571	0.0875	0.0555
k141_84246	0.1942	0.6855	0.1202
k141_44772	0.6835	0.2865	0.0299
k141_11115	0.0966	0.0764	0.8270
k141_139949	0.9612	0.0273	0.0114
k141_84249	0.8773	0.0943	0.0284
k141_102928	0.0494	0.1061	0.8445
k141_66082	0.9186	0.0633	0.0181
k141_139952	0.8420	0.0880	0.0699
k141_102930	0.6821	0.1433	0.1746
k141_11122	0.9650	0.0262	0.0089
k141_84254	0.7379	0.1709	0.0912
k141_44779	0.5736	0.3252	0.1012
k141_66085	0.9435	0.0432	0.0133
k141_29627	0.1661	0.7192	0.1147
k141_139956	0.9491	0.0372	0.0137
k141_102938	0.9109	0.0644	0.0248
k141_29637	0.7423	0.1309	0.1269
k141_44783	0.9624	0.0296	0.0080
k141_102942	0.2240	0.1396	0.6364
k141_66091	0.8102	0.1283	0.0614
k141_84272	0.7617	0.1319	0.1065
k141_44786	0.5765	0.3020	0.1215
k141_102951	0.9052	0.0630	0.0318
k141_84276	0.2826	0.2142	0.5032
k141_121567	0.9827	0.0125	0.0048
k141_66105	0.8833	0.0719	0.0448
k141_139982	0.5957	0.2527	0.1517
k141_11153	0.5394	0.3345	0.1262
k141_121576	0.5951	0.2277	0.1772
k141_11154	0.7932	0.1645	0.0422
k141_84284	0.8173	0.1486	0.0341
k141_66116	0.2552	0.2250	0.5198
k141_139987	0.7877	0.1351	0.0772
k141_102963	0.5844	0.2848	0.1308
k141_121579	0.2950	0.6125	0.0925
k141_44802	0.6613	0.2500	0.0887
k141_84286	0.5842	0.2183	0.1975
k141_66117	0.7139	0.1849	0.1013
k141_11158	0.9110	0.0617	0.0273
k141_121581	0.4953	0.3177	0.1870
k141_84288	0.8871	0.0762	0.0367
k141_44805	0.8768	0.0929	0.0304
k141_29673	0.9343	0.0516	0.0141
k141_102973	0.7862	0.1610	0.0528
k141_11165	0.7523	0.2207	0.0270
k141_11167	0.2782	0.3787	0.3430
k141_140000	0.1086	0.2782	0.6132
k141_66132	0.9236	0.0651	0.0112
k141_11168	0.2499	0.1476	0.6026
k141_66133	0.1753	0.0978	0.7269
k141_29680	0.6040	0.1709	0.2250
k141_102981	0.3115	0.2017	0.4868
k141_121594	0.9498	0.0327	0.0175
k141_84300	0.7750	0.1783	0.0466
k141_29682	0.7689	0.1181	0.1130
k141_66135	0.6987	0.1652	0.1361
k141_11172	0.6408	0.2478	0.1113
k141_102985	0.9451	0.0405	0.0144
k141_29687	0.2603	0.3626	0.3772
k141_66139	0.5961	0.2152	0.1887
k141_44819	0.1145	0.2197	0.6658
k141_102986	0.5452	0.1645	0.2903
k141_121602	0.9393	0.0445	0.0162
k141_84311	0.0603	0.9063	0.0333
k141_66145	0.1204	0.6783	0.2013
k141_44823	0.8062	0.1633	0.0304
k141_121603	0.9460	0.0397	0.0144
k141_11182	0.8160	0.1464	0.0376
k141_29698	0.9668	0.0236	0.0095
k141_44827	0.7319	0.1738	0.0942
k141_121612	0.9470	0.0376	0.0155
k141_66155	0.9162	0.0624	0.0214
k141_11189	0.4375	0.5328	0.0297
k141_140029	0.9385	0.0439	0.0176
k141_121616	0.6931	0.1824	0.1245
k141_11190	0.9242	0.0567	0.0191
k141_66159	0.0691	0.0363	0.8946
k141_84328	0.7561	0.1164	0.1275
k141_121620	0.0186	0.0237	0.9576
k141_84331	0.9578	0.0328	0.0094
k141_11197	0.2813	0.5630	0.1557
k141_66164	0.2985	0.3924	0.3091
k141_121624	0.6443	0.1893	0.1664
k141_11199	0.9570	0.0292	0.0138
k141_11200	0.3564	0.1995	0.4441
k141_102991	0.9733	0.0188	0.0079
k141_140043	0.0155	0.0213	0.9632
k141_11203	0.9220	0.0546	0.0235
k141_121630	0.9488	0.0367	0.0145
k141_84348	0.7471	0.2053	0.0476
k141_140049	0.5387	0.2366	0.2247
k141_11208	0.4531	0.4550	0.0920
k141_66176	0.7656	0.1616	0.0728
k141_29730	0.6371	0.2182	0.1447
k141_103001	0.9597	0.0307	0.0096
k141_140051	0.6213	0.1825	0.1962
k141_11210	0.3263	0.4378	0.2359
k141_84353	0.1432	0.6637	0.1931
k141_66182	0.5256	0.3562	0.1183
k141_84356	0.2537	0.3927	0.3536
k141_140057	0.9098	0.0715	0.0187
k141_103008	0.7920	0.1515	0.0565
k141_44851	0.4299	0.3531	0.2170
k141_66183	0.7262	0.1363	0.1375
k141_121644	0.0281	0.0562	0.9157
k141_11217	0.0085	0.0140	0.9775
k141_66186	0.4692	0.3220	0.2088
k141_44852	0.8533	0.0961	0.0505
k141_11218	0.9526	0.0343	0.0131
k141_103016	0.9418	0.0354	0.0228
k141_66191	0.5892	0.2181	0.1927
k141_121652	0.9118	0.0768	0.0114
k141_140069	0.8893	0.0741	0.0366
k141_66193	0.4406	0.3423	0.2171
k141_29753	0.9027	0.0761	0.0212
k141_11225	0.8057	0.1201	0.0742
k141_84371	0.9136	0.0626	0.0238
k141_140071	0.6564	0.2005	0.1431
k141_66196	0.0149	0.0197	0.9654
k141_103025	0.6828	0.2250	0.0922
k141_66198	0.0178	0.0323	0.9499
k141_44857	0.9478	0.0400	0.0122
k141_121662	0.0489	0.8284	0.1227
k141_140077	0.2644	0.3176	0.4180
k141_29763	0.4005	0.4127	0.1868
k141_84378	0.9464	0.0370	0.0166
k141_103030	0.8666	0.1080	0.0254
k141_84379	0.0087	0.0129	0.9784
k141_140082	0.5938	0.2231	0.1832
k141_103033	0.3371	0.2603	0.4026
k141_29769	0.6253	0.2732	0.1015
k141_66206	0.7682	0.1014	0.1304
k141_84381	0.9626	0.0269	0.0106
k141_11240	0.9473	0.0411	0.0115
k141_29770	0.1781	0.3987	0.4232
k141_44861	0.8048	0.1016	0.0936
k141_103036	0.9270	0.0545	0.0185
k141_121670	0.9691	0.0252	0.0058
k141_44862	0.7685	0.1284	0.1030
k141_140091	0.7028	0.1808	0.1164
k141_11245	0.6980	0.2267	0.0753
k141_66212	0.6975	0.1677	0.1348
k141_29772	0.9390	0.0488	0.0122
k141_140094	0.0665	0.1822	0.7514
k141_84394	0.9266	0.0553	0.0181
k141_140095	0.4707	0.4743	0.0550
k141_11251	0.8059	0.1275	0.0665
k141_103048	0.9362	0.0530	0.0108
k141_121675	0.0135	0.0584	0.9281
k141_11253	0.8025	0.1440	0.0535
k141_140101	0.6205	0.1696	0.2099
k141_29784	0.4855	0.3308	0.1837
k141_84401	0.6944	0.1864	0.1192
k141_140102	0.9171	0.0634	0.0195
k141_121678	0.1250	0.7867	0.0882
k141_29786	0.7468	0.1636	0.0896
k141_140103	0.6593	0.1735	0.1672
k141_44877	0.7510	0.1354	0.1136
k141_84403	0.8014	0.1587	0.0399
k141_11259	0.7403	0.1293	0.1303
k141_44878	0.9481	0.0406	0.0114
k141_66233	0.0112	0.0167	0.9721
k141_140110	0.5523	0.3226	0.1251
k141_84409	0.0370	0.0415	0.9214
k141_66236	0.3452	0.4406	0.2141
k141_29799	0.5215	0.3818	0.0967
k141_11268	0.7604	0.1256	0.1140
k141_103075	0.3430	0.2250	0.4319
k141_29800	0.2040	0.2600	0.5360
k141_140112	0.9243	0.0569	0.0188
k141_11270	0.5624	0.0754	0.3622
k141_66240	0.0537	0.0508	0.8954
k141_84419	0.3207	0.4237	0.2556
k141_140116	0.6696	0.1643	0.1661
k141_103081	0.9287	0.0485	0.0228
k141_121680	0.0092	0.0233	0.9675
k141_44887	0.1562	0.1430	0.7008
k141_84424	0.4803	0.2480	0.2717
k141_84426	0.6201	0.1700	0.2098
k141_121683	0.9820	0.0130	0.0050
k141_66249	0.8678	0.0809	0.0513
k141_29815	0.6559	0.2719	0.0723
k141_84427	0.7355	0.2023	0.0622
k141_121684	0.4899	0.2891	0.2210
k141_11286	0.2433	0.2615	0.4953
k141_103087	0.4732	0.3625	0.1643
k141_84429	0.0413	0.0442	0.9145
k141_66253	0.7258	0.1651	0.1091
k141_84430	0.5885	0.2501	0.1614
k141_103090	0.5568	0.2707	0.1725
k141_11290	0.3271	0.3466	0.3263
k141_66255	0.1635	0.5945	0.2421
k141_103092	0.4907	0.4098	0.0995
k141_84434	0.8552	0.0927	0.0521
k141_140139	0.8408	0.1133	0.0459
k141_29828	0.8289	0.1218	0.0493
k141_121700	0.9314	0.0483	0.0203
k141_29830	0.7765	0.0969	0.1266
k141_121701	0.9519	0.0343	0.0138
k141_66265	0.2363	0.3441	0.4196
k141_84442	0.9027	0.0762	0.0211
k141_140148	0.0985	0.1464	0.7551
k141_29832	0.9355	0.0475	0.0170
k141_44909	0.5526	0.2300	0.2174
k141_84448	0.8691	0.1055	0.0254
k141_29836	0.4539	0.0707	0.4754
k141_140153	0.6461	0.1603	0.1936
k141_84449	0.4776	0.3025	0.2199
k141_121711	0.9678	0.0216	0.0106
k141_29840	0.3104	0.6190	0.0706
k141_44913	0.8440	0.1044	0.0516
k141_11316	0.2063	0.1336	0.6601
k141_140157	0.9290	0.0485	0.0225
k141_29843	0.2259	0.1020	0.6721
k141_103122	0.4287	0.2104	0.3609
k141_84459	0.5528	0.3464	0.1008
k141_11325	0.0264	0.0276	0.9460
k141_140162	0.1437	0.7210	0.1353
k141_66292	0.7736	0.1828	0.0435
k141_11327	0.6394	0.1693	0.1913
k141_140163	0.9452	0.0394	0.0155
k141_103127	0.4390	0.3703	0.1907
k141_103128	0.9142	0.0701	0.0157
k141_140166	0.6366	0.2453	0.1181
k141_103131	0.2994	0.5030	0.1976
k141_66302	0.9773	0.0157	0.0069
k141_11336	0.9507	0.0338	0.0155
k141_44929	0.7016	0.1687	0.1297
k141_29865	0.6818	0.1490	0.1692
k141_140167	0.2000	0.2446	0.5553
k141_29867	0.9508	0.0303	0.0189
k141_66309	0.6175	0.2454	0.1370
k141_84482	0.1128	0.5858	0.3014
k141_29869	0.4085	0.3846	0.2069
k141_84486	0.2383	0.5249	0.2368
k141_29871	0.7803	0.1409	0.0788
k141_140179	0.4488	0.3424	0.2088
k141_11351	0.7086	0.1968	0.0946
k141_84489	0.6161	0.2473	0.1367
k141_44939	0.9240	0.0502	0.0258
k141_121758	0.7991	0.1266	0.0743
k141_44940	0.3699	0.2093	0.4208
k141_11354	0.5732	0.2781	0.1487
k141_140183	0.7298	0.2177	0.0525
k141_103153	0.4110	0.3364	0.2526
k141_29877	0.0430	0.9459	0.0111
k141_29880	0.1213	0.1054	0.7733
k141_66327	0.1151	0.1318	0.7531
k141_11361	0.2104	0.2490	0.5406
k141_140190	0.2673	0.4763	0.2564
k141_84497	0.8857	0.0873	0.0270
k141_44946	0.6414	0.2084	0.1502
k141_121769	0.7782	0.1565	0.0653
k141_84499	0.3933	0.2724	0.3343
k141_103162	0.5430	0.2008	0.2562
k141_66339	0.9113	0.0640	0.0247
k141_84505	0.6114	0.2678	0.1209
k141_121776	0.3631	0.3362	0.3007
k141_29898	0.5041	0.3900	0.1059
k141_121778	0.8015	0.1329	0.0656
k141_103171	0.7733	0.1196	0.1071
k141_140205	0.9051	0.0740	0.0209
k141_84510	0.6495	0.0897	0.2608
k141_29901	0.4690	0.1919	0.3391
k141_11379	0.6245	0.2814	0.0941
k141_66344	0.9033	0.0765	0.0201
k141_44957	0.7350	0.1595	0.1055
k141_121783	0.6588	0.2191	0.1221
k141_29902	0.0190	0.0188	0.9622
k141_84515	0.6999	0.1733	0.1268
k141_140212	0.5670	0.2943	0.1387
k141_29904	0.7604	0.1042	0.1354
k141_66348	0.8067	0.1195	0.0738
k141_121785	0.0122	0.0280	0.9599
k141_11388	0.6826	0.1575	0.1599
k141_140217	0.0437	0.0618	0.8946
k141_44965	0.6735	0.2119	0.1146
k141_84521	0.7212	0.2159	0.0629
k141_66357	0.9744	0.0175	0.0080
k141_103193	0.7305	0.2351	0.0344
k141_84522	0.0570	0.7632	0.1799
k141_140227	0.6798	0.1440	0.1762
k141_29919	0.6935	0.1741	0.1324
k141_103197	0.7389	0.1777	0.0835
k141_66364	0.5375	0.3171	0.1455
k141_121800	0.9167	0.0596	0.0237
k141_140233	0.0709	0.8023	0.1268
k141_84527	0.5243	0.3225	0.1532
k141_103202	0.0386	0.0423	0.9191
k141_121802	0.9569	0.0320	0.0110
k141_140237	0.8552	0.0762	0.0686
k141_11406	0.4894	0.3932	0.1173
k141_103206	0.0237	0.0290	0.9473
k141_140238	0.2464	0.5929	0.1608
k141_84535	0.3484	0.5016	0.1500
k141_66375	0.0211	0.0317	0.9472
k141_103209	0.9702	0.0230	0.0068
k141_11410	0.9275	0.0536	0.0189
k141_121811	0.2330	0.6613	0.1057
k141_44984	0.7730	0.1147	0.1123
k141_11411	0.9544	0.0300	0.0156
k141_29938	0.8405	0.1395	0.0201
k141_66378	0.6409	0.2129	0.1462
k141_140243	0.7840	0.1376	0.0784
k141_66379	0.2342	0.1321	0.6337
k141_11414	0.6539	0.1441	0.2020
k141_103215	0.5377	0.2912	0.1712
k141_84547	0.2645	0.1476	0.5878
k141_44988	0.9296	0.0546	0.0157
k141_66384	0.6770	0.1481	0.1749
k141_103217	0.9355	0.0482	0.0163
k141_84550	0.7394	0.2131	0.0475
k141_11418	0.3714	0.1150	0.5136
k141_44989	0.1772	0.2354	0.5873
k141_11419	0.3845	0.3040	0.3116
k141_29950	0.6929	0.1870	0.1200
k141_140246	0.7727	0.1889	0.0384
k141_29951	0.4261	0.3137	0.2603
k141_84558	0.0197	0.9718	0.0085
k141_66388	0.9770	0.0168	0.0062
k141_121829	0.8123	0.1171	0.0706
k141_84559	0.8497	0.0886	0.0618
k141_11425	0.9675	0.0229	0.0096
k141_103225	0.3930	0.5507	0.0563
k141_84563	0.4201	0.3027	0.2772
k141_44998	0.2782	0.5263	0.1955
k141_140254	0.4665	0.2770	0.2565
k141_84564	0.9170	0.0621	0.0210
k141_11430	0.1421	0.4768	0.3811
k141_103234	0.8461	0.1013	0.0526
k141_103236	0.3773	0.0578	0.5650
k141_11436	0.8271	0.1358	0.0371
k141_84574	0.6484	0.2927	0.0589
k141_45007	0.1166	0.1294	0.7540
k141_140266	0.2003	0.4020	0.3977
k141_11439	0.9744	0.0181	0.0075
k141_103245	0.3629	0.3483	0.2888
k141_84577	0.3068	0.4806	0.2127
k141_11446	0.4995	0.2886	0.2118
k141_45010	0.9564	0.0314	0.0121
k141_84579	0.0290	0.0503	0.9207
k141_11452	0.6655	0.2183	0.1162
k141_84583	0.0846	0.8954	0.0200
k141_11454	0.7507	0.1327	0.1166
k141_29992	0.7418	0.1294	0.1288
k141_66425	0.2553	0.0410	0.7037
k141_140278	0.8320	0.0831	0.0849
k141_11455	0.6784	0.1890	0.1326
k141_103263	0.7768	0.1550	0.0682
k141_11456	0.9442	0.0410	0.0148
k141_84590	0.2101	0.5495	0.2404
k141_11459	0.4901	0.1671	0.3427
k141_66434	0.2870	0.3504	0.3626
k141_121858	0.9683	0.0224	0.0093
k141_84593	0.1479	0.1181	0.7340
k141_103264	0.3042	0.2985	0.3973
k141_66435	0.2249	0.1339	0.6411
k141_103265	0.0848	0.0898	0.8253
k141_45023	0.8881	0.0790	0.0329
k141_121862	0.5344	0.3818	0.0838
k141_11466	0.5874	0.1976	0.2150
k141_140297	0.6136	0.2023	0.1841
k141_140298	0.6815	0.2116	0.1069
k141_84604	0.9077	0.0788	0.0135
k141_30014	0.9056	0.0682	0.0262
k141_11473	0.6194	0.1962	0.1844
k141_45026	0.8065	0.0992	0.0943
k141_66445	0.7195	0.1771	0.1035
k141_103276	0.8310	0.0795	0.0895
k141_84607	0.7025	0.1634	0.1341
k141_11476	0.8312	0.0828	0.0860
k141_84609	0.6994	0.1349	0.1657
k141_11478	0.8001	0.0953	0.1047
k141_30025	0.6189	0.1427	0.2384
k141_140310	0.0151	0.0317	0.9531
k141_84613	0.7051	0.1368	0.1581
k141_66456	0.0400	0.0724	0.8876
k141_121879	0.4776	0.3422	0.1802
k141_30027	0.8510	0.1137	0.0353
k141_103277	0.0591	0.8935	0.0474
k141_66462	0.0303	0.0220	0.9477
k141_121882	0.7085	0.2426	0.0489
k141_30032	0.1597	0.6421	0.1982
k141_103282	0.2713	0.4497	0.2790
k141_66466	0.7628	0.1535	0.0837
k141_140323	0.9217	0.0578	0.0205
k141_103284	0.9283	0.0398	0.0319
k141_140324	0.2244	0.3303	0.4453
k141_30035	0.0267	0.0309	0.9424
k141_121886	0.9076	0.0647	0.0276
k141_84629	0.8929	0.0827	0.0244
k141_66469	0.7644	0.1364	0.0991
k141_11497	0.4915	0.2846	0.2239
k141_103287	0.5192	0.3108	0.1700
k141_66470	0.8983	0.0753	0.0264
k141_45047	0.7702	0.1615	0.0683
k141_30041	0.7782	0.1012	0.1207
k141_66472	0.7717	0.1176	0.1106
k141_121895	0.0119	0.0180	0.9702
k141_84639	0.7854	0.1581	0.0565
k141_140338	0.9040	0.0710	0.0249
k141_11511	0.9653	0.0235	0.0112
k141_121901	0.6341	0.2599	0.1060
k141_66482	0.5975	0.1937	0.2089
k141_84649	0.4771	0.2402	0.2826
k141_103302	0.5812	0.3237	0.0952
k141_30062	0.9062	0.0723	0.0214
k141_11519	0.6194	0.2257	0.1549
k141_45063	0.8968	0.0708	0.0324
k141_84651	0.8964	0.0776	0.0260
k141_121912	0.2405	0.1281	0.6313
k141_30066	0.8115	0.1470	0.0415
k141_45065	0.5615	0.2525	0.1861
k141_11523	0.3795	0.4122	0.2084
k141_121914	0.5678	0.1951	0.2371
k141_103312	0.1764	0.2036	0.6200
k141_66495	0.9252	0.0527	0.0220
k141_103315	0.1231	0.1260	0.7509
k141_140366	0.2456	0.6234	0.1310
k141_66500	0.3197	0.3737	0.3066
k141_30078	0.5854	0.1539	0.2607
k141_121921	0.8575	0.1086	0.0339
k141_84666	0.9682	0.0217	0.0101
k141_11536	0.8952	0.0765	0.0282
k141_66503	0.9531	0.0355	0.0114
k141_30080	0.9256	0.0540	0.0204
k141_66504	0.5829	0.2665	0.1506
k141_103325	0.4268	0.2460	0.3272
k141_121924	0.4113	0.4171	0.1716
k141_84675	0.9166	0.0582	0.0252
k141_45083	0.4214	0.3956	0.1830
k141_11544	0.5829	0.2729	0.1442
k141_30088	0.9524	0.0337	0.0139
k141_121927	0.1376	0.2040	0.6584
k141_121928	0.8305	0.0986	0.0709
k141_103332	0.3636	0.1541	0.4823
k141_66515	0.3495	0.2568	0.3937
k141_30093	0.4033	0.3646	0.2321
k141_45086	0.8103	0.0918	0.0979
k141_140389	0.7286	0.1528	0.1186
k141_84676	0.9015	0.0758	0.0226
k141_66521	0.0518	0.1166	0.8316
k141_11559	0.6280	0.1772	0.1947
k141_66522	0.4150	0.2324	0.3526
k141_30099	0.8723	0.1010	0.0267
k141_121940	0.3232	0.3112	0.3656
k141_84683	0.9750	0.0186	0.0064
k141_84684	0.2007	0.7353	0.0640
k141_66526	0.3878	0.1637	0.4486
k141_30101	0.9655	0.0244	0.0100
k141_121945	0.6537	0.1747	0.1716
k141_103348	0.9479	0.0384	0.0137
k141_30103	0.8836	0.0747	0.0417
k141_121947	0.2211	0.1248	0.6541
k141_11571	0.3109	0.1675	0.5216
k141_84687	0.9181	0.0618	0.0200
k141_121948	0.4442	0.3609	0.1949
k141_30105	0.8974	0.0788	0.0237
k141_84690	0.9411	0.0421	0.0167
k141_45101	0.9569	0.0347	0.0084
k141_140411	0.6255	0.2665	0.1079
k141_30112	0.3261	0.4238	0.2501
k141_103357	0.9212	0.0583	0.0205
k141_84695	0.3338	0.4572	0.2090
k141_84697	0.9118	0.0619	0.0263
k141_11583	0.1913	0.3798	0.4288
k141_84698	0.9637	0.0280	0.0083
k141_45106	0.8332	0.1307	0.0360
k141_11586	0.1139	0.0661	0.8200
k141_103362	0.7992	0.1032	0.0976
k141_45107	0.3854	0.3125	0.3022
k141_140421	0.4110	0.3294	0.2596
k141_121964	0.4395	0.4422	0.1183
k141_30127	0.1564	0.4299	0.4137
k141_103368	0.6457	0.2460	0.1083
k141_30129	0.6724	0.1939	0.1338
k141_84706	0.9617	0.0259	0.0124
k141_11595	0.7810	0.1730	0.0460
k141_45110	0.6785	0.2443	0.0772
k141_66563	0.6450	0.2476	0.1074
k141_84708	0.6954	0.2211	0.0835
k141_30135	0.7050	0.1444	0.1506
k141_121976	0.6519	0.2206	0.1275
k141_45114	0.6204	0.2137	0.1659
k141_66567	0.9468	0.0371	0.0161
k141_140438	0.7159	0.1647	0.1194
k141_103380	0.4172	0.3317	0.2511
k141_121981	0.9037	0.0729	0.0234
k141_11607	0.3835	0.4086	0.2080
k141_140442	0.6043	0.2810	0.1147
k141_103383	0.0732	0.1448	0.7820
k141_66574	0.0250	0.0741	0.9008
k141_140444	0.1403	0.1161	0.7436
k141_121987	0.9182	0.0612	0.0206
k141_103387	0.8043	0.1315	0.0643
k141_45124	0.4964	0.1986	0.3050
k141_121988	0.1427	0.0655	0.7918
k141_140448	0.9457	0.0391	0.0152
k141_121992	0.8012	0.1462	0.0526
k141_84733	0.9698	0.0219	0.0084
k141_140450	0.0150	0.1462	0.8388
k141_11626	0.5412	0.4103	0.0485
k141_84735	0.0919	0.4817	0.4265
k141_121995	0.9637	0.0261	0.0102
k141_66590	0.5436	0.3121	0.1443
k141_30163	0.4010	0.3601	0.2388
k141_11628	0.6179	0.2822	0.0998
k141_103402	0.9636	0.0261	0.0103
k141_45130	0.9413	0.0466	0.0120
k141_66592	0.7869	0.1126	0.1005
k141_140456	0.0182	0.0485	0.9333
k141_121999	0.7379	0.2072	0.0549
k141_103404	0.1571	0.2158	0.6271
k141_140458	0.5299	0.2966	0.1735
k141_122001	0.9603	0.0307	0.0091
k141_103405	0.7382	0.1895	0.0722
k141_66597	0.9621	0.0269	0.0109
k141_140459	0.8470	0.0902	0.0628
k141_45135	0.9826	0.0131	0.0044
k141_140460	0.3716	0.1738	0.4545
k141_45138	0.9465	0.0441	0.0094
k141_30171	0.9409	0.0436	0.0155
k141_84745	0.6284	0.3130	0.0586
k141_11637	0.0320	0.9389	0.0290
k141_140464	0.3356	0.3858	0.2786
k141_140466	0.8140	0.1190	0.0670
k141_11641	0.0389	0.0574	0.9037
k141_45141	0.9704	0.0246	0.0050
k141_11642	0.8914	0.0914	0.0172
k141_122020	0.9612	0.0281	0.0107
k141_66611	0.1615	0.0384	0.8001
k141_103430	0.2147	0.7622	0.0232
k141_30186	0.9427	0.0417	0.0155
k141_84759	0.7933	0.1492	0.0575
k141_122023	0.9392	0.0415	0.0194
k141_140475	0.6093	0.3267	0.0640
k141_66614	0.6515	0.2407	0.1079
k141_11650	0.4676	0.2998	0.2326
k141_103432	0.1070	0.5882	0.3047
k141_30189	0.9668	0.0230	0.0102
k141_122024	0.9171	0.0631	0.0198
k141_30190	0.9522	0.0351	0.0127
k141_66618	0.9159	0.0551	0.0290
k141_84766	0.8858	0.0907	0.0235
k141_66619	0.7742	0.1099	0.1159
k141_30192	0.1950	0.2519	0.5531
k141_122028	0.0778	0.0575	0.8647
k141_66620	0.8710	0.0906	0.0384
k141_103434	0.5930	0.1492	0.2579
k141_140483	0.7459	0.1578	0.0962
k141_11663	0.4272	0.3366	0.2362
k141_30199	0.6780	0.1829	0.1390
k141_84774	0.8529	0.1125	0.0346
k141_103440	0.5998	0.2743	0.1260
k141_11664	0.0731	0.7883	0.1386
k141_84775	0.6739	0.2264	0.0997
k141_66630	0.9632	0.0266	0.0102
k141_11667	0.5916	0.3180	0.0904
k141_45162	0.6865	0.1893	0.1242
k141_103447	0.1549	0.3555	0.4896
k141_30207	0.0119	0.0176	0.9705
k141_11670	0.9181	0.0604	0.0215
k141_122042	0.1011	0.1094	0.7894
k141_84783	0.8645	0.0922	0.0432
k141_11674	0.9345	0.0434	0.0221
k141_84784	0.8881	0.0867	0.0252
k141_45167	0.5120	0.3062	0.1818
k141_30215	0.4925	0.3172	0.1904
k141_11676	0.4966	0.1795	0.3239
k141_84785	0.1772	0.6608	0.1620
k141_66644	0.9101	0.0677	0.0222
k141_66645	0.5677	0.2471	0.1852
k141_103461	0.2682	0.3792	0.3526
k141_66646	0.8998	0.0685	0.0317
k141_30216	0.2178	0.4662	0.3160
k141_11679	0.0022	0.9908	0.0070
k141_84792	0.2589	0.3848	0.3563
k141_66648	0.0528	0.0283	0.9188
k141_122060	0.6943	0.1532	0.1525
k141_30218	0.9723	0.0201	0.0076
k141_66650	0.3397	0.1547	0.5056
k141_11687	0.1256	0.5617	0.3126
k141_84800	0.2485	0.1468	0.6047
k141_30222	0.7655	0.1889	0.0456
k141_103473	0.7375	0.1350	0.1276
k141_122072	0.3247	0.1831	0.4922
k141_103479	0.7120	0.1551	0.1329
k141_45188	0.3067	0.4207	0.2726
k141_30229	0.9618	0.0275	0.0107
k141_84808	0.0068	0.0112	0.9820
k141_66671	0.3104	0.2131	0.4764
k141_84814	0.3730	0.4219	0.2051
k141_30239	0.9203	0.0501	0.0295
k141_103490	0.3452	0.5150	0.1397
k141_66672	0.9212	0.0598	0.0190
k141_30241	0.7231	0.1977	0.0792
k141_103492	0.9099	0.0594	0.0308
k141_140506	0.9745	0.0181	0.0074
k141_30245	0.6020	0.3315	0.0665
k141_84817	0.9663	0.0262	0.0075
k141_45199	0.0074	0.0185	0.9741
k141_11721	0.7046	0.1865	0.1089
k141_103496	0.8257	0.1035	0.0708
k141_140508	0.9743	0.0185	0.0072
k141_84819	0.1612	0.6214	0.2174
k141_11722	0.2434	0.1974	0.5592
k141_140509	0.9608	0.0314	0.0078
k141_122091	0.9563	0.0339	0.0098
k141_103499	0.9311	0.0502	0.0187
k141_140510	0.8678	0.0999	0.0323
k141_11725	0.2115	0.5870	0.2015
k141_30257	0.0172	0.0272	0.9556
k141_103502	0.5368	0.2455	0.2177
k141_140513	0.9686	0.0256	0.0058
k141_84829	0.5830	0.2640	0.1530
k141_140515	0.6672	0.1251	0.2077
k141_66694	0.5762	0.2927	0.1311
k141_45210	0.8693	0.0959	0.0348
k141_122101	0.1399	0.7732	0.0868
k141_30262	0.0225	0.0286	0.9490
k141_66697	0.0615	0.7462	0.1923
k141_84832	0.8589	0.1059	0.0352
k141_45211	0.6387	0.2192	0.1422
k141_45212	0.6921	0.1481	0.1598
k141_66701	0.3474	0.4443	0.2083
k141_103514	0.1389	0.1416	0.7195
k141_30267	0.9013	0.0705	0.0282
k141_84837	0.1313	0.2005	0.6681
k141_140527	0.8201	0.0889	0.0909
k141_30269	0.6845	0.1786	0.1369
k141_66706	0.9363	0.0461	0.0176
k141_140531	0.8895	0.0645	0.0460
k141_11754	0.4537	0.3182	0.2281
k141_122116	0.8930	0.0820	0.0249
k141_103523	0.9454	0.0431	0.0115
k141_84848	0.8103	0.1088	0.0810
k141_30281	0.8271	0.1282	0.0447
k141_11762	0.8726	0.0590	0.0684
k141_103527	0.8642	0.1035	0.0323
k141_140542	0.9797	0.0141	0.0061
k141_11763	0.4870	0.2510	0.2620
k141_84853	0.6573	0.2324	0.1103
k141_66723	0.7216	0.1561	0.1223
k141_30285	0.9494	0.0364	0.0142
k141_84854	0.9285	0.0518	0.0197
k141_66728	0.8537	0.1109	0.0354
k141_103536	0.9579	0.0294	0.0128
k141_122136	0.9434	0.0409	0.0158
k141_140550	0.8333	0.1118	0.0548
k141_11773	0.6740	0.1921	0.1340
k141_30291	0.6496	0.2732	0.0772
k141_140551	0.3005	0.3429	0.3566
k141_11775	0.8609	0.0954	0.0436
k141_45237	0.0258	0.0755	0.8986
k141_84864	0.0913	0.0585	0.8502
k141_45238	0.9290	0.0476	0.0234
k141_140555	0.5805	0.2669	0.1526
k141_11778	0.2132	0.2730	0.5137
k141_122143	0.1720	0.1514	0.6766
k141_45243	0.6221	0.2012	0.1768
k141_84870	0.6736	0.1851	0.1413
k141_103549	0.0273	0.0865	0.8862
k141_30305	0.7709	0.1429	0.0862
k141_66743	0.8575	0.0908	0.0517
k141_11787	0.4930	0.3600	0.1470
k141_140563	0.0973	0.5183	0.3844
k141_45246	0.4987	0.2626	0.2388
k141_30310	0.0304	0.0254	0.9442
k141_66749	0.8871	0.0893	0.0236
k141_30311	0.4074	0.2000	0.3927
k141_11795	0.0924	0.6756	0.2320
k141_45250	0.0325	0.0995	0.8679
k141_84876	0.9050	0.0831	0.0118
k141_30315	0.0725	0.9105	0.0169
k141_103564	0.9447	0.0407	0.0145
k141_11798	0.9572	0.0305	0.0123
k141_140578	0.8255	0.1100	0.0646
k141_45255	0.8754	0.0894	0.0352
k141_122172	0.9506	0.0379	0.0114
k141_45257	0.9478	0.0429	0.0093
k141_66764	0.9534	0.0323	0.0143
k141_30326	0.1950	0.5368	0.2682
k141_66766	0.8713	0.1086	0.0200
k141_140585	0.1720	0.0875	0.7405
k141_11808	0.6010	0.2130	0.1860
k141_122180	0.3552	0.4016	0.2432
k141_30327	0.8425	0.1102	0.0473
k141_84890	0.6612	0.1437	0.1951
k141_103578	0.6182	0.1834	0.1984
k141_11811	0.4882	0.2544	0.2574
k141_122182	0.0552	0.0619	0.8829
k141_30330	0.9736	0.0206	0.0058
k141_66768	0.9798	0.0144	0.0059
k141_45261	0.9824	0.0126	0.0050
k141_84900	0.4615	0.1729	0.3656
k141_122185	0.7694	0.1512	0.0794
k141_140598	0.2110	0.1406	0.6484
k141_122187	0.7681	0.1223	0.1095
k141_11820	0.9523	0.0356	0.0121
k141_140600	0.0309	0.9194	0.0497
k141_66778	0.7445	0.2090	0.0465
k141_30345	0.7327	0.1665	0.1009
k141_84909	0.8498	0.1205	0.0297
k141_11825	0.2008	0.2994	0.4997
k141_11827	0.2059	0.7173	0.0768
k141_66780	0.7801	0.1905	0.0294
k141_45267	0.0073	0.0136	0.9792
k141_11828	0.3847	0.4396	0.1757
k141_66784	0.0886	0.5904	0.3210
k141_122199	0.1143	0.1488	0.7369
k141_11830	0.6364	0.1725	0.1911
k141_66785	0.9480	0.0351	0.0169
k141_45271	0.7101	0.1662	0.1237
k141_30359	0.9254	0.0556	0.0190
k141_122204	0.1157	0.8581	0.0262
k141_103609	0.9333	0.0464	0.0202
k141_122206	0.9166	0.0574	0.0260
k141_66787	0.9369	0.0514	0.0117
k141_30364	0.6195	0.1905	0.1900
k141_84931	0.9246	0.0579	0.0174
k141_140607	0.9787	0.0151	0.0061
k141_66790	0.5249	0.2434	0.2317
k141_140608	0.7019	0.2618	0.0363
k141_30365	0.6669	0.1877	0.1454
k141_140609	0.5110	0.2859	0.2031
k141_84935	0.4563	0.3477	0.1959
k141_11850	0.6715	0.1565	0.1720
k141_84936	0.2792	0.2420	0.4788
k141_122220	0.6186	0.2034	0.1781
k141_103621	0.2686	0.1789	0.5525
k141_45288	0.5845	0.1511	0.2645
k141_84945	0.6070	0.2794	0.1136
k141_66807	0.6980	0.1522	0.1498
k141_103627	0.7176	0.2002	0.0822
k141_11867	0.4217	0.3264	0.2519
k141_140616	0.8803	0.0918	0.0279
k141_45291	0.9295	0.0553	0.0151
k141_11869	0.6682	0.1982	0.1336
k141_84953	0.4964	0.3262	0.1775
k141_122233	0.9475	0.0391	0.0134
k141_140624	0.8782	0.0960	0.0258
k141_45293	0.3747	0.3073	0.3180
k141_84955	0.8077	0.1095	0.0828
k141_122237	0.6060	0.1920	0.2020
k141_84958	0.9597	0.0284	0.0119
k141_122238	0.9547	0.0332	0.0121
k141_103645	0.6867	0.1447	0.1687
k141_122239	0.1045	0.1530	0.7425
k141_11880	0.9162	0.0581	0.0258
k141_45295	0.3285	0.1873	0.4842
k141_84962	0.9100	0.0624	0.0276
k141_103649	0.5649	0.3465	0.0886
k141_84964	0.6461	0.1929	0.1610
k141_45297	0.4424	0.4334	0.1242
k141_11887	0.8565	0.0965	0.0470
k141_84968	0.6896	0.1713	0.1391
k141_140646	0.5179	0.3156	0.1665
k141_30381	0.9739	0.0187	0.0074
k141_66839	0.4661	0.2662	0.2677
k141_122251	0.6836	0.1706	0.1458
k141_103661	0.0749	0.7120	0.2131
k141_84972	0.7735	0.1798	0.0467
k141_11894	0.2110	0.5765	0.2125
k141_103662	0.8889	0.0841	0.0270
k141_122254	0.7968	0.1647	0.0385
k141_66846	0.0475	0.1240	0.8286
k141_30387	0.2209	0.4359	0.3432
k141_11902	0.6938	0.1402	0.1660
k141_103667	0.9125	0.0637	0.0237
k141_45310	0.9547	0.0344	0.0108
k141_11904	0.9388	0.0463	0.0149
k141_122258	0.7263	0.1427	0.1310
k141_140662	0.8154	0.1387	0.0458
k141_84984	0.7847	0.1491	0.0662
k141_30394	0.5876	0.1421	0.2703
k141_45311	0.7373	0.1361	0.1266
k141_66850	0.5863	0.2652	0.1485
k141_140665	0.7899	0.1257	0.0844
k141_30396	0.6096	0.2707	0.1197
k141_140666	0.9409	0.0433	0.0158
k141_45313	0.7918	0.1284	0.0798
k141_122264	0.7155	0.1414	0.1431
k141_103675	0.0854	0.0849	0.8296
k141_122266	0.6376	0.2082	0.1542
k141_30397	0.7782	0.1332	0.0886
k141_11910	0.9672	0.0218	0.0110
k141_122268	0.9308	0.0446	0.0246
k141_66860	0.9290	0.0533	0.0177
k141_45314	0.0085	0.0147	0.9768
k141_84995	0.5907	0.2092	0.2001
k141_122269	0.4763	0.0729	0.4508
k141_103681	0.5857	0.1853	0.2290
k141_140674	0.9614	0.0285	0.0100
k141_45316	0.9304	0.0506	0.0190
k141_122272	0.0138	0.0204	0.9658
k141_11920	0.4283	0.2716	0.3001
k141_122274	0.7515	0.1396	0.1089
k141_85006	0.5402	0.2722	0.1875
k141_66869	0.9454	0.0398	0.0148
k141_122275	0.7170	0.1874	0.0956
k141_45322	0.9513	0.0319	0.0168
k141_103698	0.9666	0.0243	0.0091
k141_30404	0.0102	0.0369	0.9529
k141_103701	0.7106	0.1316	0.1578
k141_11932	0.1605	0.5456	0.2939
k141_85012	0.7199	0.1790	0.1011
k141_45326	0.8913	0.0844	0.0243
k141_140694	0.0652	0.2235	0.7112
k141_30409	0.1861	0.2582	0.5557
k141_45327	0.2992	0.0360	0.6648
k141_122289	0.6315	0.1994	0.1691
k141_140697	0.6351	0.2264	0.1385
k141_103712	0.8968	0.0783	0.0249
k141_45330	0.1499	0.1192	0.7308
k141_122291	0.6129	0.2499	0.1372
k141_30416	0.9009	0.0696	0.0295
k141_140698	0.8310	0.1102	0.0588
k141_66893	0.7318	0.1688	0.0994
k141_30423	0.5604	0.2888	0.1508
k141_103727	0.8873	0.0859	0.0267
k141_30425	0.6477	0.1980	0.1543
k141_11962	0.9125	0.0702	0.0174
k141_122305	0.9513	0.0360	0.0128
k141_85040	0.9034	0.0744	0.0223
k141_11963	0.7998	0.1224	0.0778
k141_45342	0.3635	0.3384	0.2981
k141_11966	0.5624	0.1639	0.2737
k141_45343	0.1193	0.2066	0.6741
k141_85044	0.0824	0.2879	0.6297
k141_30433	0.7841	0.1549	0.0611
k141_122311	0.7188	0.1348	0.1464
k141_140713	0.9577	0.0298	0.0125
k141_122312	0.5963	0.2126	0.1911
k141_140714	0.9503	0.0402	0.0095
k141_103738	0.6364	0.2019	0.1617
k141_66914	0.4565	0.1952	0.3483
k141_85048	0.3809	0.3175	0.3016
k141_122314	0.3868	0.3095	0.3037
k141_45348	0.7474	0.1595	0.0931
k141_11968	0.8314	0.1318	0.0368
k141_103744	0.8919	0.0771	0.0310
k141_122319	0.3268	0.3848	0.2884
k141_66921	0.9421	0.0375	0.0203
k141_45353	0.1327	0.1952	0.6721
k141_11971	0.9566	0.0341	0.0093
k141_103751	0.5791	0.2897	0.1312
k141_122325	0.7507	0.1647	0.0846
k141_45354	0.8730	0.0973	0.0297
k141_85062	0.8084	0.1203	0.0713
k141_30454	0.1795	0.3702	0.4502
k141_103752	0.0145	0.0160	0.9695
k141_30456	0.5276	0.3271	0.1453
k141_11977	0.2900	0.3924	0.3176
k141_122329	0.2309	0.7321	0.0370
k141_140716	0.9532	0.0371	0.0097
k141_122330	0.5499	0.2250	0.2251
k141_11978	0.9731	0.0197	0.0072
k141_85071	0.4064	0.2505	0.3431
k141_30461	0.9211	0.0587	0.0202
k141_103759	0.4137	0.3485	0.2378
k141_85075	0.5629	0.2359	0.2012
k141_30463	0.8638	0.1025	0.0337
k141_66942	0.9576	0.0309	0.0115
k141_122339	0.5514	0.2512	0.1974
k141_103764	0.9164	0.0657	0.0178
k141_66943	0.8484	0.1038	0.0478
k141_103766	0.4649	0.1429	0.3922
k141_140732	0.9091	0.0583	0.0326
k141_122343	0.0190	0.0185	0.9624
k141_11996	0.9183	0.0649	0.0168
k141_103773	0.1909	0.3211	0.4880
k141_140739	0.5328	0.3577	0.1095
k141_85086	0.7561	0.1784	0.0655
k141_30473	0.6747	0.1916	0.1337
k141_122351	0.9691	0.0228	0.0081
k141_30475	0.5775	0.2281	0.1945
k141_12002	0.9305	0.0495	0.0199
k141_85093	0.1749	0.4213	0.4038
k141_66963	0.7252	0.1221	0.1527
k141_66965	0.1223	0.6372	0.2405
k141_12006	0.0331	0.1060	0.8609
k141_45357	0.9701	0.0214	0.0086
k141_12009	0.1597	0.3916	0.4487
k141_85101	0.6921	0.1600	0.1479
k141_140751	0.0064	0.0110	0.9827
k141_103776	0.9708	0.0205	0.0087
k141_30486	0.9274	0.0551	0.0175
k141_85104	0.7267	0.2389	0.0344
k141_12014	0.7339	0.1106	0.1555
k141_30489	0.9046	0.0696	0.0258
k141_85106	0.9468	0.0396	0.0135
k141_66979	0.5768	0.2279	0.1953
k141_122372	0.8156	0.1108	0.0735
k141_85107	0.2304	0.5612	0.2084
k141_140760	0.9422	0.0425	0.0154
k141_30492	0.4733	0.3805	0.1462
k141_103784	0.1272	0.3688	0.5040
k141_140762	0.4384	0.4550	0.1066
k141_45370	0.7052	0.1899	0.1050
k141_66986	0.9446	0.0410	0.0144
k141_12022	0.9180	0.0577	0.0242
k141_103788	0.8718	0.0983	0.0299
k141_66989	0.7007	0.1878	0.1115
k141_30504	0.8877	0.0768	0.0355
k141_12028	0.0344	0.0490	0.9166
k141_85121	0.6276	0.2033	0.1691
k141_66995	0.9466	0.0415	0.0120
k141_12033	0.0872	0.3839	0.5290
k141_103798	0.9846	0.0111	0.0043
k141_85124	0.9798	0.0144	0.0058
k141_122393	0.9425	0.0409	0.0166
k141_45379	0.6158	0.1573	0.2270
k141_66997	0.6021	0.2999	0.0981
k141_12034	0.4343	0.3837	0.1819
k141_30513	0.1816	0.6465	0.1720
k141_30514	0.3358	0.4048	0.2595
k141_122394	0.9692	0.0227	0.0081
k141_30515	0.0494	0.2244	0.7262
k141_85134	0.2473	0.6230	0.1297
k141_122399	0.8765	0.0987	0.0247
k141_103809	0.3268	0.4372	0.2360
k141_30518	0.5112	0.4346	0.0541
k141_122400	0.9063	0.0650	0.0287
k141_67008	0.5647	0.3530	0.0823
k141_103810	0.8499	0.1025	0.0476
k141_30528	0.1365	0.6453	0.2182
k141_12055	0.0174	0.1271	0.8555
k141_103815	0.7531	0.1968	0.0501
k141_67020	0.7105	0.1867	0.1028
k141_103821	0.6991	0.2532	0.0477
k141_67022	0.6968	0.1802	0.1229
k141_122420	0.1443	0.0361	0.8197
k141_103826	0.0407	0.0245	0.9347
k141_67028	0.5435	0.3490	0.1075
k141_12071	0.0990	0.0350	0.8660
k141_122425	0.9622	0.0284	0.0094
k141_140768	0.9719	0.0198	0.0083
k141_30547	0.5734	0.3112	0.1154
k141_122427	0.7874	0.1707	0.0419
k141_140769	0.2731	0.5027	0.2242
k141_12078	0.7226	0.1470	0.1304
k141_30551	0.7892	0.1549	0.0559
k141_103840	0.1127	0.6309	0.2563
k141_140774	0.0154	0.0229	0.9617
k141_45387	0.9696	0.0234	0.0069
k141_122434	0.8692	0.0944	0.0364
k141_12083	0.9735	0.0192	0.0073
k141_85177	0.3854	0.4814	0.1332
k141_30558	0.9356	0.0555	0.0089
k141_140780	0.6628	0.3077	0.0295
k141_12089	0.4082	0.2973	0.2945
k141_67050	0.9860	0.0103	0.0038
k141_103854	0.5311	0.2049	0.2640
k141_12091	0.2708	0.2734	0.4557
k141_67053	0.3316	0.4995	0.1689
k141_140782	0.0711	0.0678	0.8611
k141_30576	0.9062	0.0805	0.0133
k141_12094	0.4770	0.1751	0.3479
k141_30579	0.8117	0.1299	0.0584
k141_103863	0.7182	0.2043	0.0776
k141_67066	0.4123	0.1896	0.3980
k141_85205	0.8684	0.1055	0.0261
k141_67067	0.8647	0.0920	0.0433
k141_30588	0.6793	0.2262	0.0945
k141_12104	0.8900	0.0797	0.0303
k141_140798	0.6233	0.1481	0.2286
k141_30590	0.1685	0.6582	0.1733
k141_103871	0.5826	0.2990	0.1184
k141_12109	0.1283	0.8140	0.0577
k141_140806	0.3322	0.5322	0.1357
k141_122442	0.9558	0.0310	0.0132
k141_67072	0.9384	0.0455	0.0161
k141_85221	0.9132	0.0620	0.0249
k141_12112	0.9070	0.0635	0.0295
k141_122443	0.7389	0.1872	0.0739
k141_122446	0.1934	0.4764	0.3302
k141_140814	0.9134	0.0529	0.0337
k141_12117	0.1387	0.6405	0.2207
k141_103886	0.7792	0.1848	0.0360
k141_103887	0.8935	0.0673	0.0393
k141_12118	0.2507	0.3955	0.3537
k141_45428	0.8695	0.1134	0.0171
k141_67081	0.9522	0.0356	0.0122
k141_122453	0.3641	0.0911	0.5448
k141_30613	0.0114	0.0157	0.9729
k141_12119	0.8079	0.1512	0.0408
k141_122454	0.9047	0.0672	0.0281
k141_30615	0.8942	0.0851	0.0207
k141_45431	0.0284	0.0243	0.9473
k141_12121	0.3815	0.3787	0.2398
k141_12122	0.6225	0.2539	0.1235
k141_85235	0.3127	0.6482	0.0390
k141_67088	0.6040	0.1372	0.2588
k141_103897	0.0232	0.0292	0.9476
k141_30621	0.6100	0.2243	0.1656
k141_45436	0.4462	0.2538	0.3000
k141_122465	0.5128	0.1820	0.3052
k141_67096	0.2178	0.1654	0.6168
k141_140837	0.7361	0.1475	0.1164
k141_122466	0.7533	0.1747	0.0720
k141_45437	0.3636	0.4828	0.1536
k141_85247	0.1997	0.5541	0.2463
k141_122467	0.7505	0.1828	0.0667
k141_30632	0.2521	0.3652	0.3828
k141_12137	0.6004	0.2339	0.1657
k141_45439	0.9672	0.0252	0.0076
k141_67102	0.8813	0.0916	0.0271
k141_30633	0.0115	0.0193	0.9692
k141_122474	0.0347	0.0442	0.9211
k141_140846	0.5189	0.2400	0.2411
k141_12145	0.3487	0.3564	0.2948
k141_85261	0.7202	0.1833	0.0965
k141_45448	0.9125	0.0693	0.0181
k141_140856	0.6302	0.2265	0.1433
k141_30645	0.0143	0.0296	0.9561
k141_122489	0.9672	0.0229	0.0099
k141_30650	0.4250	0.3379	0.2371
k141_45451	0.8411	0.1053	0.0536
k141_140859	0.8013	0.1383	0.0605
k141_12158	0.9317	0.0516	0.0166
k141_140864	0.8540	0.0942	0.0518
k141_30656	0.9688	0.0242	0.0070
k141_67136	0.6949	0.1267	0.1784
k141_85280	0.8170	0.1212	0.0618
k141_122491	0.6874	0.2629	0.0496
k141_12165	0.7692	0.1468	0.0840
k141_67138	0.9550	0.0287	0.0163
k141_140869	0.3902	0.2006	0.4092
k141_140870	0.9382	0.0451	0.0166
k141_85285	0.8064	0.1602	0.0334
k141_103913	0.9701	0.0210	0.0089
k141_122493	0.7355	0.1298	0.1348
k141_12173	0.1434	0.3351	0.5215
k141_67143	0.9465	0.0435	0.0100
k141_67144	0.2423	0.0726	0.6851
k141_30672	0.6959	0.1822	0.1219
k141_12176	0.9219	0.0596	0.0185
k141_30674	0.4969	0.1793	0.3239
k141_85297	0.4405	0.4935	0.0660
k141_140885	0.0112	0.9768	0.0120
k141_30676	0.1018	0.1259	0.7723
k141_30677	0.5579	0.2647	0.1774
k141_45475	0.8704	0.1058	0.0238
k141_140889	0.5231	0.2936	0.1832
k141_103928	0.9467	0.0413	0.0119
k141_85304	0.5913	0.2866	0.1221
k141_103929	0.1651	0.5218	0.3132
k141_12193	0.9092	0.0683	0.0226
k141_85306	0.9299	0.0532	0.0169
k141_67155	0.7298	0.2278	0.0424
k141_30685	0.7979	0.1631	0.0389
k141_122498	0.9713	0.0204	0.0083
k141_85310	0.4400	0.3303	0.2297
k141_122499	0.5409	0.2193	0.2398
k141_140896	0.9205	0.0599	0.0196
k141_45484	0.7703	0.1494	0.0802
k141_12198	0.0419	0.3068	0.6514
k141_30688	0.4114	0.3806	0.2080
k141_122503	0.1312	0.0979	0.7709
k141_12200	0.9336	0.0473	0.0191
k141_30692	0.5166	0.2092	0.2743
k141_85317	0.6705	0.1857	0.1438
k141_12201	0.8862	0.0873	0.0266
k141_103946	0.0151	0.0192	0.9657
k141_85318	0.0119	0.0143	0.9738
k141_67160	0.9722	0.0189	0.0088
k141_45489	0.9430	0.0420	0.0150
k141_103947	0.9607	0.0290	0.0104
k141_140908	0.9025	0.0708	0.0267
k141_30700	0.6468	0.1869	0.1663
k141_140909	0.9830	0.0126	0.0044
k141_12214	0.9700	0.0197	0.0102
k141_85325	0.7293	0.1925	0.0782
k141_103953	0.0623	0.0494	0.8884
k141_67168	0.8508	0.1196	0.0296
k141_67169	0.7217	0.2384	0.0399
k141_30708	0.7826	0.1487	0.0688
k141_12220	0.9564	0.0338	0.0099
k141_30709	0.0172	0.0176	0.9652
k141_67171	0.6776	0.1580	0.1645
k141_85327	0.9612	0.0266	0.0122
k141_30710	0.4377	0.2927	0.2696
k141_67174	0.3985	0.4225	0.1790
k141_122512	0.9659	0.0243	0.0098
k141_140924	0.0164	0.0208	0.9627
k141_103968	0.8167	0.1379	0.0453
k141_122514	0.9039	0.0583	0.0378
k141_103973	0.6400	0.1781	0.1819
k141_140929	0.8957	0.0830	0.0213
k141_85337	0.6929	0.1341	0.1730
k141_67182	0.7151	0.1765	0.1084
k141_12234	0.5520	0.3285	0.1195
k141_30721	0.5314	0.1518	0.3169
k141_67183	0.2135	0.2645	0.5221
k141_85338	0.9245	0.0548	0.0206
k141_12236	0.0350	0.0552	0.9099
k141_122516	0.6919	0.1990	0.1091
k141_45506	0.8463	0.1173	0.0364
k141_30725	0.6217	0.2274	0.1509
k141_140930	0.0466	0.0453	0.9081
k141_67193	0.9219	0.0539	0.0241
k141_85346	0.3165	0.4932	0.1903
k141_30738	0.9501	0.0339	0.0161
k141_67196	0.8005	0.1010	0.0985
k141_122530	0.3497	0.5334	0.1169
k141_12252	0.2130	0.6129	0.1741
k141_67197	0.7681	0.1121	0.1199
k141_140937	0.0765	0.7926	0.1309
k141_85353	0.5989	0.2240	0.1771
k141_30742	0.5397	0.3275	0.1328
k141_12257	0.8138	0.1428	0.0434
k141_103998	0.8997	0.0738	0.0265
k141_12258	0.6702	0.2454	0.0844
k141_85358	0.9194	0.0603	0.0203
k141_30747	0.9325	0.0486	0.0189
k141_12261	0.5223	0.2625	0.2152
k141_30748	0.6006	0.2737	0.1257
k141_67199	0.0154	0.0260	0.9587
k141_67200	0.6319	0.2060	0.1621
k141_140949	0.6081	0.1806	0.2113
k141_12265	0.6009	0.3567	0.0424
k141_104011	0.0722	0.0843	0.8436
k141_122548	0.2695	0.3476	0.3830
k141_30758	0.0760	0.1957	0.7283
k141_85372	0.7893	0.1370	0.0737
k141_12268	0.2054	0.5785	0.2161
k141_45518	0.0124	0.0210	0.9666
k141_104017	0.1022	0.6193	0.2785
k141_140952	0.9384	0.0448	0.0168
k141_67216	0.7218	0.2131	0.0651
k141_45521	0.7262	0.1544	0.1194
k141_104018	0.9613	0.0316	0.0070
k141_122559	0.9568	0.0282	0.0150
k141_85382	0.7707	0.1241	0.1052
k141_104020	0.9485	0.0376	0.0138
k141_140962	0.0742	0.7160	0.2098
k141_45525	0.9017	0.0710	0.0273
k141_122561	0.7717	0.1705	0.0578
k141_85383	0.0871	0.1096	0.8033
k141_67225	0.9304	0.0524	0.0172
k141_104021	0.2947	0.1536	0.5517
k141_12284	0.9665	0.0229	0.0106
k141_122564	0.0163	0.0214	0.9623
k141_140966	0.1499	0.2110	0.6391
k141_30778	0.9354	0.0515	0.0131
k141_12287	0.6666	0.1994	0.1340
k141_67229	0.9209	0.0635	0.0156
k141_104025	0.3434	0.2578	0.3988
k141_30779	0.0093	0.0155	0.9752
k141_45533	0.4968	0.1879	0.3153
k141_104026	0.1817	0.6504	0.1679
k141_85396	0.0873	0.1015	0.8112
k141_122573	0.9449	0.0409	0.0142
k141_67239	0.4509	0.3119	0.2372
k141_30787	0.0580	0.0626	0.8794
k141_45537	0.9681	0.0235	0.0084
k141_12302	0.6712	0.1809	0.1479
k141_122579	0.9281	0.0554	0.0166
k141_12303	0.9340	0.0524	0.0136
k141_67246	0.2700	0.3206	0.4094
k141_30793	0.9318	0.0506	0.0176
k141_122580	0.9183	0.0580	0.0238
k141_30795	0.7865	0.1210	0.0925
k141_12307	0.4345	0.3861	0.1793
k141_67251	0.2274	0.1318	0.6407
k141_85413	0.5984	0.2145	0.1871
k141_12309	0.3075	0.4569	0.2356
k141_140988	0.9246	0.0573	0.0181
k141_45547	0.7377	0.1709	0.0914
k141_122586	0.7726	0.1629	0.0645
k141_67254	0.4402	0.3781	0.1816
k141_85418	0.4009	0.3646	0.2345
k141_67258	0.9487	0.0404	0.0109
k141_85419	0.9452	0.0360	0.0187
k141_12315	0.1308	0.5777	0.2915
k141_140991	0.7992	0.0894	0.1115
k141_12316	0.6371	0.2189	0.1440
k141_30812	0.0804	0.7599	0.1597
k141_104060	0.7371	0.1313	0.1316
k141_12319	0.8024	0.1338	0.0638
k141_85425	0.3879	0.3042	0.3079
k141_12321	0.6985	0.1518	0.1497
k141_104062	0.3300	0.0875	0.5825
k141_30817	0.6433	0.2111	0.1456
k141_67274	0.7325	0.1700	0.0975
k141_104066	0.4036	0.3694	0.2270
k141_141010	0.6978	0.2659	0.0363
k141_122612	0.9368	0.0488	0.0144
k141_104068	0.1859	0.5808	0.2334
k141_12329	0.4442	0.2231	0.3327
k141_12330	0.4902	0.2983	0.2115
k141_67280	0.6124	0.0982	0.2895
k141_85439	0.8233	0.1385	0.0381
k141_30828	0.7499	0.1638	0.0864
k141_141015	0.7959	0.1227	0.0815
k141_12335	0.0576	0.0669	0.8755
k141_45570	0.6403	0.1658	0.1939
k141_122619	0.9399	0.0441	0.0160
k141_67283	0.7227	0.1558	0.1215
k141_141016	0.9668	0.0251	0.0080
k141_122620	0.7378	0.1333	0.1289
k141_45572	0.4704	0.4034	0.1262
k141_104085	0.5580	0.2777	0.1643
k141_141022	0.9400	0.0469	0.0132
k141_85451	0.0947	0.7456	0.1597
k141_30840	0.7744	0.1909	0.0347
k141_12347	0.7249	0.1497	0.1253
k141_67295	0.5111	0.2896	0.1993
k141_122629	0.1956	0.5846	0.2198
k141_104091	0.7441	0.0968	0.1591
k141_45577	0.9233	0.0540	0.0227
k141_141029	0.8053	0.1270	0.0677
k141_104096	0.0695	0.0688	0.8617
k141_45581	0.0914	0.6724	0.2361
k141_122637	0.2691	0.0787	0.6523
k141_12358	0.9513	0.0357	0.0130
k141_85464	0.8994	0.0843	0.0163
k141_104099	0.1110	0.1842	0.7048
k141_45584	0.7793	0.1660	0.0547
k141_67313	0.0273	0.9626	0.0102
k141_104105	0.7526	0.1132	0.1343
k141_122644	0.9381	0.0448	0.0171
k141_85476	0.4902	0.3665	0.1433
k141_104110	0.5901	0.1986	0.2114
k141_67320	0.9172	0.0551	0.0276
k141_122646	0.4339	0.0340	0.5321
k141_85479	0.2109	0.1173	0.6718
k141_12376	0.9025	0.0707	0.0268
k141_85480	0.8950	0.0816	0.0234
k141_12378	0.8894	0.0831	0.0274
k141_85481	0.8749	0.0789	0.0461
k141_45595	0.9468	0.0393	0.0139
k141_122652	0.3386	0.3802	0.2812
k141_141058	0.0161	0.0281	0.9558
k141_122653	0.0586	0.1737	0.7676
k141_141059	0.9625	0.0260	0.0116
k141_104124	0.7167	0.1923	0.0910
k141_67330	0.9264	0.0541	0.0195
k141_104125	0.9430	0.0377	0.0193
k141_85492	0.7147	0.0918	0.1936
k141_122662	0.8050	0.1385	0.0566
k141_104127	0.8854	0.0921	0.0224
k141_67332	0.8186	0.1296	0.0519
k141_45606	0.4665	0.3097	0.2238
k141_67334	0.7739	0.0781	0.1479
k141_104131	0.8000	0.1695	0.0305
k141_67335	0.9660	0.0253	0.0087
k141_122669	0.2403	0.4068	0.3529
k141_45608	0.2593	0.4323	0.3085
k141_12400	0.9007	0.0736	0.0257
k141_85498	0.9663	0.0239	0.0098
k141_12403	0.8641	0.0748	0.0611
k141_45609	0.5048	0.3420	0.1532
k141_122673	0.8131	0.0919	0.0950
k141_45611	0.9642	0.0279	0.0079
k141_104143	0.5819	0.3110	0.1070
k141_122677	0.0317	0.1611	0.8072
k141_67346	0.0097	0.0197	0.9706
k141_12408	0.5020	0.2411	0.2570
k141_122678	0.8106	0.1383	0.0511
k141_85508	0.6768	0.2013	0.1219
k141_67347	0.0565	0.0549	0.8886
k141_45612	0.0081	0.0140	0.9779
k141_104151	0.6209	0.2341	0.1450
k141_141094	0.6974	0.2352	0.0674
k141_85509	0.9649	0.0287	0.0064
k141_67353	0.7206	0.1617	0.1177
k141_67357	0.5266	0.2817	0.1918
k141_85514	0.1076	0.0952	0.7972
k141_104159	0.9642	0.0257	0.0101
k141_45622	0.8785	0.0904	0.0311
k141_141103	0.8958	0.0794	0.0248
k141_12429	0.8706	0.0996	0.0298
k141_104173	0.8981	0.0681	0.0337
k141_45632	0.8189	0.1455	0.0356
k141_12442	0.6601	0.1763	0.1636
k141_85526	0.9650	0.0251	0.0099
k141_141120	0.0745	0.6574	0.2681
k141_67369	0.9656	0.0255	0.0089
k141_45634	0.6194	0.2196	0.1609
k141_104179	0.8701	0.0869	0.0430
k141_12448	0.0267	0.0376	0.9357
k141_104180	0.5927	0.1846	0.2227
k141_141122	0.1058	0.1573	0.7369
k141_122718	0.4249	0.2389	0.3362
k141_67373	0.8853	0.0827	0.0320
k141_141124	0.3998	0.3409	0.2593
k141_122719	0.6991	0.1817	0.1192
k141_45640	0.1471	0.2095	0.6434
k141_104185	0.7486	0.1230	0.1284
k141_85539	0.8943	0.0819	0.0238
k141_122723	0.8372	0.1284	0.0344
k141_45642	0.9055	0.0664	0.0281
k141_141135	0.6711	0.2117	0.1172
k141_45643	0.6652	0.1868	0.1479
k141_67386	0.9448	0.0412	0.0140
k141_12468	0.5190	0.2678	0.2132
k141_45648	0.9515	0.0340	0.0146
k141_12471	0.7897	0.1217	0.0886
k141_122733	0.9503	0.0358	0.0139
k141_104203	0.6579	0.1581	0.1840
k141_141145	0.4816	0.3448	0.1736
k141_12476	0.6414	0.1783	0.1803
k141_141154	0.9190	0.0620	0.0191
k141_85565	0.9091	0.0689	0.0220
k141_104213	0.1692	0.1237	0.7072
k141_12483	0.7354	0.1479	0.1166
k141_67389	0.9739	0.0186	0.0075
k141_45661	0.0159	0.0244	0.9597
k141_104216	0.4597	0.3853	0.1550
k141_67392	0.9157	0.0652	0.0192
k141_104218	0.2284	0.4633	0.3083
k141_85577	0.9674	0.0240	0.0086
k141_67394	0.7997	0.1474	0.0529
k141_45667	0.5998	0.2316	0.1686
k141_85578	0.5701	0.2879	0.1420
k141_67396	0.8516	0.1074	0.0409
k141_45668	0.4604	0.4928	0.0468
k141_122760	0.2298	0.7261	0.0441
k141_85581	0.1110	0.8107	0.0782
k141_85583	0.1948	0.4101	0.3951
k141_12504	0.7437	0.1211	0.1352
k141_141183	0.7696	0.1596	0.0708
k141_12505	0.2030	0.0870	0.7100
k141_45674	0.0302	0.0312	0.9386
k141_141186	0.1927	0.4768	0.3304
k141_45677	0.4734	0.4129	0.1137
k141_122776	0.6894	0.1517	0.1589
k141_141187	0.2936	0.6294	0.0770
k141_104223	0.9620	0.0262	0.0119
k141_122781	0.6632	0.2056	0.1312
k141_12518	0.7167	0.1506	0.1326
k141_67422	0.3395	0.3579	0.3026
k141_12519	0.6771	0.2173	0.1055
k141_104225	0.9740	0.0182	0.0078
k141_141195	0.6732	0.2280	0.0988
k141_45681	0.9629	0.0262	0.0110
k141_122786	0.1105	0.4905	0.3990
k141_12521	0.6633	0.0657	0.2710
k141_141197	0.4729	0.3495	0.1776
k141_104229	0.0166	0.9691	0.0143
k141_85608	0.8468	0.1129	0.0403
k141_141198	0.7188	0.2061	0.0751
k141_67431	0.6811	0.1698	0.1491
k141_12526	0.4443	0.2922	0.2635
k141_104232	0.2458	0.6522	0.1020
k141_122793	0.8859	0.0832	0.0309
k141_45685	0.6946	0.1769	0.1285
k141_85613	0.0178	0.0252	0.9570
k141_141202	0.7810	0.1050	0.1140
k141_85614	0.7614	0.1068	0.1318
k141_122795	0.5228	0.1013	0.3759
k141_67439	0.2783	0.1200	0.6018
k141_141204	0.4487	0.3866	0.1647
k141_85615	0.7706	0.1638	0.0657
k141_67441	0.7422	0.1489	0.1089
k141_104239	0.8545	0.1169	0.0287
k141_67444	0.2988	0.2986	0.4027
k141_12540	0.4358	0.1522	0.4121
k141_122805	0.6127	0.2398	0.1474
k141_45696	0.9474	0.0361	0.0166
k141_104245	0.8495	0.0931	0.0574
k141_45697	0.7243	0.1177	0.1580
k141_104247	0.9799	0.0151	0.0050
k141_12548	0.6357	0.2082	0.1561
k141_67451	0.3911	0.0638	0.5452
k141_122813	0.7874	0.0950	0.1177
k141_12550	0.4537	0.0961	0.4502
k141_85630	0.0403	0.0538	0.9059
k141_104255	0.8655	0.1001	0.0343
k141_141230	0.2890	0.2427	0.4683
k141_122822	0.8722	0.0959	0.0319
k141_12561	0.4556	0.1880	0.3564
k141_122827	0.7565	0.1590	0.0846
k141_104262	0.1171	0.3662	0.5167
k141_122831	0.7125	0.1535	0.1341
k141_12567	0.0189	0.0424	0.9386
k141_104266	0.2072	0.2125	0.5803
k141_67475	0.4036	0.4198	0.1767
k141_104267	0.7568	0.1998	0.0433
k141_45722	0.7321	0.1082	0.1597
k141_141254	0.2930	0.4626	0.2444
k141_12580	0.3572	0.4471	0.1958
k141_122841	0.7786	0.1838	0.0376
k141_141258	0.5056	0.3293	0.1651
k141_122843	0.2976	0.3761	0.3262
k141_122844	0.3913	0.4533	0.1554
k141_12585	0.9761	0.0182	0.0057
k141_67498	0.2127	0.5040	0.2833
k141_122846	0.4705	0.3590	0.1705
k141_12586	0.4394	0.5165	0.0441
k141_12588	0.7530	0.1577	0.0894
k141_104293	0.9376	0.0463	0.0161
k141_67504	0.9194	0.0645	0.0161
k141_122853	0.9692	0.0204	0.0103
k141_12597	0.0606	0.0459	0.8936
k141_104299	0.0167	0.0262	0.9571
k141_67509	0.9480	0.0369	0.0151
k141_67512	0.8463	0.1178	0.0359
k141_122862	0.0172	0.0533	0.9296
k141_45751	0.9406	0.0459	0.0134
k141_141290	0.5281	0.1939	0.2780
k141_104311	0.7529	0.1511	0.0960
k141_122871	0.3439	0.2096	0.4465
k141_104313	0.7330	0.1722	0.0948
k141_141301	0.5415	0.2750	0.1835
k141_67527	0.1287	0.1195	0.7518
k141_122875	0.9410	0.0398	0.0192
k141_12622	0.6524	0.1745	0.1731
k141_45764	0.0635	0.0250	0.9115
k141_12623	0.6996	0.1476	0.1528
k141_104322	0.2865	0.6170	0.0966
k141_141307	0.8944	0.0791	0.0265
k141_104324	0.5822	0.2616	0.1562
k141_67537	0.5146	0.2208	0.2646
k141_122887	0.8415	0.1027	0.0559
k141_45767	0.9220	0.0580	0.0199
k141_104327	0.5624	0.3352	0.1023
k141_141313	0.1466	0.3155	0.5378
k141_45768	0.0470	0.0682	0.8849
k141_141316	0.7609	0.1185	0.1206
k141_67547	0.6452	0.2423	0.1125
k141_141319	0.1359	0.7421	0.1220
k141_85637	0.9599	0.0277	0.0124
k141_104333	0.8145	0.1296	0.0559
k141_12648	0.4355	0.2367	0.3278
k141_85642	0.3862	0.2871	0.3267
k141_12650	0.6588	0.1765	0.1647
k141_12653	0.6913	0.2710	0.0377
k141_122914	0.2029	0.3498	0.4474
k141_104342	0.3228	0.4192	0.2581
k141_45781	0.5051	0.3119	0.1830
k141_67559	0.8697	0.1043	0.0260
k141_141325	0.0210	0.0843	0.8947
k141_122917	0.0904	0.0652	0.8445
k141_12657	0.8039	0.1008	0.0953
k141_141331	0.3326	0.4495	0.2179
k141_104350	0.6413	0.1811	0.1775
k141_122924	0.3951	0.3377	0.2671
k141_67567	0.5744	0.1822	0.2433
k141_67570	0.5606	0.0674	0.3720
k141_12668	0.7518	0.1433	0.1048
k141_67572	0.9661	0.0254	0.0085
k141_141343	0.6772	0.2630	0.0598
k141_45793	0.9584	0.0341	0.0074
k141_85672	0.6051	0.2451	0.1497
k141_141345	0.3839	0.3401	0.2760
k141_12672	0.2313	0.5288	0.2400
k141_122929	0.0087	0.0139	0.9775
k141_67574	0.6319	0.1981	0.1700
k141_85673	0.6931	0.1837	0.1233
k141_122931	0.5656	0.3126	0.1217
k141_85674	0.0218	0.0512	0.9270
k141_12679	0.2027	0.6065	0.1907
k141_67577	0.8746	0.0742	0.0512
k141_45800	0.0447	0.2575	0.6978
k141_104370	0.7129	0.1694	0.1177
k141_122935	0.7191	0.1672	0.1136
k141_85678	0.0623	0.1356	0.8021
k141_67582	0.9411	0.0477	0.0112
k141_67583	0.9031	0.0762	0.0207
k141_141357	0.0191	0.0204	0.9605
k141_12685	0.9573	0.0299	0.0128
k141_141360	0.5477	0.2423	0.2099
k141_45808	0.6226	0.2453	0.1321
k141_85691	0.3810	0.3050	0.3140
k141_67592	0.9399	0.0413	0.0188
k141_141362	0.7542	0.1713	0.0745
k141_122937	0.9626	0.0260	0.0114
k141_104384	0.9095	0.0684	0.0221
k141_45810	0.3491	0.0347	0.6163
k141_12698	0.9630	0.0259	0.0111
k141_104389	0.3530	0.0704	0.5766
k141_67603	0.6717	0.1899	0.1384
k141_141366	0.9678	0.0226	0.0096
k141_104393	0.7549	0.1338	0.1113
k141_12705	0.5204	0.3825	0.0971
k141_85707	0.5988	0.2623	0.1390
k141_67609	0.4180	0.1530	0.4290
k141_12707	0.7362	0.1199	0.1439
k141_141370	0.7921	0.0644	0.1435
k141_122957	0.9620	0.0287	0.0094
k141_104400	0.3331	0.2504	0.4165
k141_122958	0.3080	0.4233	0.2686
k141_67616	0.7827	0.1041	0.1131
k141_104402	0.7231	0.1648	0.1121
k141_141378	0.6763	0.1652	0.1585
k141_45821	0.9379	0.0499	0.0121
k141_104405	0.0455	0.8229	0.1316
k141_85720	0.1980	0.1460	0.6560
k141_141379	0.9645	0.0261	0.0094
k141_85721	0.1912	0.0842	0.7246
k141_122968	0.4376	0.2250	0.3375
k141_104409	0.7066	0.1646	0.1288
k141_12723	0.6095	0.2938	0.0967
k141_104411	0.0119	0.0213	0.9668
k141_104413	0.6981	0.2588	0.0431
k141_12726	0.7428	0.1786	0.0786
k141_122977	0.2847	0.1962	0.5191
k141_141387	0.0105	0.0219	0.9676
k141_67637	0.1147	0.0966	0.7887
k141_12732	0.2573	0.1867	0.5560
k141_104417	0.4980	0.3633	0.1387
k141_85735	0.8375	0.1217	0.0408
k141_45834	0.8351	0.1291	0.0358
k141_141392	0.1016	0.7040	0.1944
k141_67639	0.5666	0.3710	0.0624
k141_85739	0.8553	0.0925	0.0522
k141_12739	0.1238	0.1329	0.7433
k141_67642	0.5831	0.2209	0.1960
k141_104427	0.9562	0.0317	0.0121
k141_141398	0.6261	0.1994	0.1745
k141_45843	0.8048	0.1583	0.0369
k141_104431	0.6628	0.1841	0.1531
k141_122998	0.6563	0.1023	0.2414
k141_67646	0.9530	0.0304	0.0166
k141_12748	0.9759	0.0167	0.0074
k141_85749	0.7273	0.1496	0.1230
k141_67647	0.5751	0.2791	0.1459
k141_45849	0.6842	0.2804	0.0354
k141_12752	0.4636	0.3489	0.1875
k141_104437	0.5886	0.3599	0.0515
k141_67650	0.0211	0.0787	0.9002
k141_12755	0.5733	0.2356	0.1911
k141_85757	0.8433	0.1163	0.0404
k141_104439	0.2260	0.4709	0.3031
k141_85760	0.1184	0.6544	0.2271
k141_104443	0.9033	0.0695	0.0271
k141_85763	0.7682	0.1042	0.1275
k141_123014	0.2939	0.2174	0.4887
k141_12763	0.4088	0.3254	0.2659
k141_123015	0.0172	0.0217	0.9611
k141_85767	0.5781	0.2590	0.1629
k141_104451	0.1698	0.3452	0.4850
k141_45862	0.5298	0.2071	0.2631
k141_85772	0.4553	0.2505	0.2942
k141_45863	0.8657	0.1086	0.0257
k141_12771	0.3589	0.3458	0.2953
k141_85773	0.1128	0.2673	0.6198
k141_67673	0.0668	0.9000	0.0332
k141_104458	0.3477	0.4837	0.1686
k141_45864	0.7899	0.1296	0.0805
k141_141400	0.9465	0.0389	0.0146
k141_85779	0.6707	0.2157	0.1136
k141_67679	0.8157	0.1249	0.0594
k141_104460	0.9744	0.0182	0.0074
k141_104463	0.6873	0.1657	0.1470
k141_67680	0.8475	0.0958	0.0567
k141_12789	0.8950	0.0826	0.0224
k141_67681	0.8032	0.1689	0.0280
k141_45874	0.7725	0.1921	0.0354
k141_123038	0.1398	0.0887	0.7716
k141_141421	0.7179	0.1879	0.0942
k141_85780	0.9267	0.0569	0.0163
k141_12797	0.5236	0.3807	0.0957
k141_45881	0.9170	0.0638	0.0192
k141_85784	0.0858	0.3461	0.5680
k141_67698	0.2894	0.1816	0.5290
k141_12807	0.9463	0.0322	0.0214
k141_104486	0.5342	0.2590	0.2069
k141_141429	0.7713	0.1873	0.0414
k141_123058	0.3097	0.5721	0.1182
k141_67704	0.7481	0.1352	0.1167
k141_45891	0.5356	0.2198	0.2446
k141_85793	0.9494	0.0380	0.0127
k141_12817	0.9171	0.0623	0.0206
k141_85794	0.2763	0.5184	0.2053
k141_123065	0.9464	0.0332	0.0204
k141_141435	0.0790	0.7144	0.2066
k141_104495	0.8091	0.1176	0.0733
k141_141436	0.7388	0.1295	0.1317
k141_85798	0.1062	0.0838	0.8100
k141_141438	0.9204	0.0544	0.0252
k141_67716	0.3694	0.3515	0.2792
k141_67717	0.9732	0.0198	0.0070
k141_104504	0.9516	0.0351	0.0133
k141_45905	0.7913	0.1671	0.0417
k141_85810	0.9398	0.0507	0.0095
k141_141450	0.7792	0.1537	0.0671
k141_67723	0.5179	0.2311	0.2510
k141_85811	0.2917	0.2365	0.4719
k141_12832	0.8199	0.1197	0.0604
k141_45909	0.4579	0.3774	0.1647
k141_104512	0.5262	0.2604	0.2133
k141_12834	0.1602	0.1691	0.6707
k141_67728	0.7270	0.2224	0.0506
k141_141453	0.2594	0.1336	0.6069
k141_85815	0.8936	0.0729	0.0335
k141_123084	0.9410	0.0407	0.0183
k141_67729	0.5259	0.3791	0.0949
k141_141457	0.0782	0.0674	0.8544
k141_104519	0.0181	0.0215	0.9604
k141_141458	0.6804	0.1886	0.1310
k141_45921	0.2318	0.3956	0.3726
k141_12846	0.6766	0.1692	0.1542
k141_123095	0.4086	0.2724	0.3190
k141_104527	0.7485	0.1681	0.0834
k141_123098	0.6597	0.3046	0.0356
k141_12850	0.3782	0.5190	0.1028
k141_141471	0.8871	0.0983	0.0146
k141_104532	0.9526	0.0335	0.0139
k141_141473	0.0285	0.0726	0.8989
k141_12852	0.0654	0.1015	0.8331
k141_85837	0.7901	0.1147	0.0953
k141_67755	0.4874	0.2599	0.2527
k141_45929	0.8154	0.1295	0.0551
k141_123108	0.8034	0.1116	0.0850
k141_104536	0.9350	0.0470	0.0180
k141_45933	0.0550	0.2252	0.7198
k141_141479	0.8259	0.1158	0.0583
k141_123114	0.8892	0.0853	0.0255
k141_85849	0.7111	0.1822	0.1067
k141_141480	0.8845	0.0667	0.0488
k141_104541	0.2665	0.6551	0.0784
k141_45935	0.9412	0.0439	0.0150
k141_67768	0.5759	0.3340	0.0902
k141_85855	0.5153	0.3289	0.1558
k141_104548	0.8855	0.0771	0.0373
k141_141489	0.9226	0.0578	0.0196
k141_12880	0.4515	0.3822	0.1662
k141_123126	0.2678	0.2766	0.4556
k141_85859	0.5472	0.1968	0.2560
k141_67772	0.8950	0.0794	0.0256
k141_85861	0.7194	0.2348	0.0458
k141_123128	0.2417	0.5389	0.2194
k141_12884	0.8818	0.0742	0.0440
k141_67779	0.3008	0.4156	0.2836
k141_12886	0.3908	0.5598	0.0494
k141_141503	0.1651	0.2115	0.6233
k141_141505	0.9083	0.0646	0.0271
k141_12889	0.0163	0.9719	0.0118
k141_123143	0.6167	0.2139	0.1694
k141_141509	0.5899	0.2233	0.1868
k141_104570	0.9192	0.0553	0.0255
k141_67786	0.9359	0.0464	0.0177
k141_45936	0.9801	0.0142	0.0057
k141_104573	0.6988	0.1998	0.1014
k141_12895	0.0202	0.0276	0.9522
k141_67791	0.9309	0.0507	0.0184
k141_123151	0.7449	0.1232	0.1319
k141_67796	0.5957	0.1962	0.2081
k141_141523	0.6420	0.3156	0.0424
k141_67798	0.9605	0.0284	0.0111
k141_12906	0.5960	0.2625	0.1415
k141_141527	0.4996	0.4226	0.0778
k141_67803	0.6222	0.2461	0.1316
k141_123161	0.9668	0.0223	0.0108
k141_12911	0.3609	0.4420	0.1971
k141_67805	0.9167	0.0672	0.0161
k141_45952	0.9600	0.0301	0.0099
k141_141532	0.1148	0.0873	0.7978
k141_30845	0.0251	0.0307	0.9442
k141_123167	0.0687	0.8540	0.0772
k141_104597	0.5230	0.3438	0.1332
k141_85909	0.8858	0.0904	0.0238
k141_12917	0.2222	0.1852	0.5927
k141_123168	0.7142	0.2365	0.0493
k141_45957	0.9166	0.0568	0.0266
k141_104599	0.8704	0.0848	0.0448
k141_12921	0.3357	0.3567	0.3076
k141_67813	0.8343	0.0986	0.0671
k141_12922	0.1676	0.7791	0.0533
k141_85915	0.9077	0.0712	0.0212
k141_141544	0.6053	0.2932	0.1016
k141_104604	0.5653	0.2254	0.2092
k141_12924	0.0215	0.0392	0.9394
k141_12930	0.2997	0.5912	0.1092
k141_141555	0.2240	0.1715	0.6044
k141_45971	0.9350	0.0494	0.0155
k141_12933	0.3438	0.4990	0.1572
k141_104613	0.9736	0.0190	0.0074
k141_123189	0.8405	0.0986	0.0609
k141_30876	0.4921	0.2661	0.2418
k141_67835	0.4959	0.2701	0.2341
k141_85932	0.5505	0.3137	0.1358
k141_104615	0.1621	0.5569	0.2810
k141_12935	0.9658	0.0284	0.0058
k141_123192	0.0211	0.9595	0.0195
k141_67837	0.7454	0.1474	0.1072
k141_141565	0.9709	0.0224	0.0067
k141_85937	0.8638	0.1162	0.0200
k141_141566	0.0385	0.0801	0.8813
k141_30883	0.6549	0.2384	0.1066
k141_123198	0.5330	0.2547	0.2123
k141_67841	0.3041	0.3657	0.3302
k141_123199	0.7552	0.1331	0.1117
k141_104624	0.7437	0.1528	0.1035
k141_12944	0.9741	0.0186	0.0073
k141_45982	0.6127	0.1677	0.2196
k141_141570	0.8895	0.0670	0.0435
k141_45984	0.0551	0.0706	0.8743
k141_12948	0.0282	0.0246	0.9472
k141_85946	0.2688	0.1897	0.5414
k141_67844	0.9271	0.0544	0.0185
k141_30890	0.9079	0.0654	0.0267
k141_123205	0.6219	0.2833	0.0949
k141_12950	0.0752	0.1223	0.8024
k141_104633	0.9639	0.0285	0.0076
k141_85950	0.3802	0.4128	0.2070
k141_30892	0.4177	0.3528	0.2295
k141_123208	0.7078	0.1849	0.1073
k141_141582	0.4415	0.4177	0.1408
k141_141584	0.1695	0.5845	0.2460
k141_123212	0.9329	0.0446	0.0225
k141_104639	0.7950	0.1418	0.0632
k141_141585	0.2383	0.3670	0.3947
k141_30903	0.6319	0.2299	0.1383
k141_67861	0.5535	0.2117	0.2348
k141_12966	0.4960	0.2780	0.2260
k141_67864	0.9292	0.0466	0.0241
k141_123224	0.9680	0.0253	0.0067
k141_104650	0.1161	0.0507	0.8332
k141_12970	0.8082	0.1299	0.0619
k141_30905	0.7153	0.2002	0.0845
k141_104651	0.4285	0.1754	0.3961
k141_141596	0.6711	0.1940	0.1350
k141_85972	0.1878	0.5330	0.2792
k141_46001	0.8112	0.1499	0.0389
k141_12971	0.9471	0.0353	0.0176
k141_123228	0.1890	0.4432	0.3678
k141_67865	0.9828	0.0126	0.0047
k141_30907	0.8077	0.0965	0.0958
k141_123229	0.0488	0.6364	0.3148
k141_85980	0.1999	0.5851	0.2150
k141_141606	0.6842	0.1598	0.1560
k141_123231	0.3809	0.2736	0.3455
k141_123232	0.3818	0.2778	0.3405
k141_67877	0.9437	0.0389	0.0173
k141_85984	0.5668	0.3081	0.1251
k141_141610	0.8972	0.0826	0.0202
k141_30919	0.6382	0.2342	0.1277
k141_67878	0.1762	0.6911	0.1327
k141_123238	0.7640	0.1481	0.0879
k141_30924	0.5995	0.2691	0.1314
k141_46019	0.8945	0.0947	0.0108
k141_85994	0.5365	0.1535	0.3100
k141_123241	0.2547	0.4903	0.2550
k141_85996	0.4612	0.0956	0.4432
k141_13000	0.5601	0.3253	0.1146
k141_30932	0.5395	0.3412	0.1192
k141_123248	0.3967	0.2964	0.3069
k141_86001	0.8005	0.1336	0.0659
k141_13005	0.9698	0.0218	0.0084
k141_67904	0.5102	0.1535	0.3363
k141_104692	0.9495	0.0370	0.0135
k141_141642	0.6428	0.1176	0.2396
k141_13014	0.6485	0.2030	0.1485
k141_46036	0.5775	0.2541	0.1684
k141_67906	0.6759	0.2171	0.1070
k141_104696	0.9069	0.0768	0.0163
k141_141649	0.5030	0.3154	0.1816
k141_30957	0.8420	0.1451	0.0129
k141_86007	0.7840	0.1927	0.0233
k141_67911	0.7658	0.1508	0.0835
k141_86008	0.5844	0.1810	0.2346
k141_104702	0.9443	0.0419	0.0138
k141_13025	0.5575	0.2322	0.2103
k141_141654	0.0513	0.0543	0.8944
k141_123269	0.9395	0.0447	0.0158
k141_46043	0.7007	0.2155	0.0838
k141_86011	0.3695	0.4762	0.1543
k141_67915	0.3258	0.4980	0.1762
k141_67916	0.7387	0.2095	0.0518
k141_141660	0.7558	0.1539	0.0902
k141_30973	0.1896	0.1408	0.6696
k141_86016	0.5252	0.0600	0.4148
k141_141662	0.9573	0.0309	0.0117
k141_46048	0.3191	0.6645	0.0164
k141_104716	0.0374	0.0527	0.9100
k141_67925	0.6675	0.2033	0.1292
k141_123284	0.1307	0.0948	0.7745
k141_13045	0.4508	0.2723	0.2769
k141_104722	0.6300	0.1881	0.1819
k141_141671	0.8520	0.0930	0.0550
k141_30982	0.7827	0.1803	0.0371
k141_46052	0.5453	0.3241	0.1306
k141_13047	0.2738	0.1751	0.5511
k141_141673	0.0963	0.2743	0.6294
k141_86031	0.0205	0.0192	0.9603
k141_46053	0.7281	0.1743	0.0975
k141_67933	0.9612	0.0283	0.0105
k141_30985	0.9762	0.0184	0.0054
k141_104729	0.9668	0.0255	0.0077
k141_30987	0.9718	0.0219	0.0063
k141_141678	0.3209	0.3774	0.3016
k141_86037	0.3177	0.5019	0.1804
k141_46057	0.9732	0.0195	0.0072
k141_104731	0.9293	0.0469	0.0239
k141_123299	0.7210	0.1515	0.1275
k141_46058	0.8978	0.0595	0.0427
k141_86039	0.6201	0.1488	0.2311
k141_141682	0.2874	0.6739	0.0386
k141_13060	0.3387	0.1381	0.5232
k141_123301	0.6985	0.2714	0.0301
k141_30993	0.9683	0.0246	0.0072
k141_46059	0.4852	0.3147	0.2001
k141_67946	0.3016	0.3587	0.3397
k141_86041	0.3054	0.1640	0.5305
k141_141684	0.6148	0.2572	0.1280
k141_13064	0.6930	0.2309	0.0761
k141_123303	0.2820	0.2491	0.4689
k141_141687	0.6307	0.2453	0.1241
k141_46062	0.8932	0.0697	0.0371
k141_123305	0.1025	0.1628	0.7347
k141_86046	0.9439	0.0422	0.0139
k141_31001	0.1550	0.1344	0.7106
k141_86047	0.2479	0.2563	0.4959
k141_67951	0.9589	0.0296	0.0115
k141_104745	0.4711	0.4269	0.1019
k141_13075	0.4962	0.2171	0.2866
k141_141694	0.2121	0.3901	0.3978
k141_46066	0.9715	0.0204	0.0081
k141_31007	0.6478	0.2972	0.0550
k141_104749	0.0385	0.1526	0.8089
k141_86055	0.6358	0.2331	0.1311
k141_13083	0.5543	0.2892	0.1564
k141_67956	0.9703	0.0222	0.0075
k141_104754	0.8952	0.0741	0.0306
k141_141702	0.5816	0.2473	0.1710
k141_123322	0.3497	0.5255	0.1248
k141_13089	0.4064	0.4580	0.1356
k141_46073	0.9726	0.0213	0.0061
k141_31013	0.9542	0.0329	0.0128
k141_141707	0.9113	0.0646	0.0241
k141_31014	0.4357	0.2798	0.2845
k141_46075	0.0008	0.9965	0.0027
k141_104766	0.6868	0.1622	0.1510
k141_141708	0.9568	0.0302	0.0130
k141_31018	0.6921	0.1241	0.1838
k141_141709	0.7148	0.1394	0.1458
k141_86070	0.0886	0.0645	0.8469
k141_123334	0.4610	0.2227	0.3162
k141_13103	0.2658	0.1934	0.5408
k141_13105	0.1144	0.6065	0.2791
k141_31023	0.0237	0.0323	0.9440
k141_123341	0.8675	0.1065	0.0260
k141_104776	0.1221	0.6192	0.2587
k141_141722	0.9374	0.0523	0.0103
k141_67974	0.6414	0.2782	0.0804
k141_46092	0.5330	0.3230	0.1440
k141_67977	0.9661	0.0247	0.0093
k141_86085	0.0170	0.0816	0.9013
k141_31037	0.9690	0.0224	0.0086
k141_67984	0.7112	0.1767	0.1121
k141_141728	0.9518	0.0354	0.0128
k141_67986	0.2178	0.3013	0.4809
k141_104780	0.9724	0.0196	0.0080
k141_31045	0.6233	0.2064	0.1704
k141_104782	0.2862	0.5467	0.1671
k141_86096	0.9369	0.0446	0.0185
k141_141734	0.9329	0.0485	0.0187
k141_104783	0.3026	0.0380	0.6593
k141_31050	0.3957	0.4939	0.1103
k141_123370	0.9745	0.0208	0.0047
k141_141743	0.0126	0.0638	0.9236
k141_31051	0.9297	0.0519	0.0184
k141_104791	0.8938	0.0748	0.0314
k141_141747	0.7674	0.1422	0.0904
k141_31053	0.1603	0.2881	0.5516
k141_104794	0.2825	0.5493	0.1682
k141_13153	0.7594	0.2138	0.0268
k141_67998	0.9557	0.0311	0.0133
k141_46119	0.9469	0.0396	0.0135
k141_123382	0.2607	0.5368	0.2025
k141_104795	0.9653	0.0251	0.0096
k141_46120	0.0382	0.0970	0.8648
k141_68001	0.0077	0.0122	0.9801
k141_104799	0.6060	0.2704	0.1236
k141_141762	0.5183	0.2233	0.2584
k141_104800	0.2961	0.5008	0.2031
k141_141764	0.5569	0.3361	0.1070
k141_31074	0.9571	0.0292	0.0137
k141_68008	0.4639	0.2328	0.3033
k141_104803	0.7130	0.2047	0.0822
k141_13172	0.6877	0.1540	0.1583
k141_31077	0.1755	0.1273	0.6972
k141_123394	0.1897	0.6278	0.1826
k141_68009	0.6387	0.2766	0.0847
k141_104804	0.7082	0.1686	0.1232
k141_68010	0.5407	0.2508	0.2085
k141_123395	0.5037	0.1786	0.3177
k141_86138	0.9147	0.0631	0.0222
k141_141772	0.5728	0.3073	0.1199
k141_86139	0.6601	0.2506	0.0893
k141_141775	0.9075	0.0682	0.0243
k141_46137	0.5997	0.2639	0.1364
k141_13182	0.6300	0.2686	0.1013
k141_104813	0.9094	0.0743	0.0164
k141_31088	0.5754	0.2702	0.1543
k141_123403	0.2327	0.5226	0.2446
k141_86145	0.3197	0.5147	0.1656
k141_141781	0.9780	0.0154	0.0066
k141_68020	0.9554	0.0327	0.0119
k141_31090	0.6472	0.1855	0.1673
k141_86146	0.6704	0.2907	0.0388
k141_13188	0.1768	0.3965	0.4267
k141_141783	0.0904	0.4524	0.4572
k141_104818	0.1320	0.3819	0.4861
k141_68023	0.0511	0.0453	0.9036
k141_141788	0.2105	0.6278	0.1617
k141_86155	0.3668	0.2338	0.3994
k141_31099	0.8718	0.1063	0.0219
k141_141791	0.8785	0.0830	0.0385
k141_104826	0.5585	0.2242	0.2173
k141_68032	0.1015	0.1722	0.7262
k141_13195	0.6177	0.3137	0.0686
k141_141794	0.3175	0.4456	0.2369
k141_86161	0.5126	0.2390	0.2483
k141_13196	0.8249	0.0796	0.0955
k141_46156	0.9684	0.0228	0.0089
k141_13197	0.0804	0.8278	0.0918
k141_31106	0.9319	0.0529	0.0152
k141_86164	0.5805	0.2621	0.1574
k141_86165	0.6915	0.1477	0.1608
k141_104835	0.8815	0.0914	0.0271
k141_31108	0.9035	0.0751	0.0214
k141_123434	0.5794	0.2511	0.1695
k141_13199	0.8870	0.0917	0.0213
k141_141804	0.1273	0.1774	0.6954
k141_46160	0.9158	0.0638	0.0204
k141_86173	0.7573	0.1680	0.0747
k141_141809	0.6619	0.2275	0.1106
k141_13207	0.5576	0.2359	0.2065
k141_104847	0.5603	0.1595	0.2802
k141_46162	0.3358	0.5132	0.1510
k141_86178	0.7152	0.2050	0.0798
k141_31121	0.1004	0.8361	0.0635
k141_123446	0.9037	0.0690	0.0273
k141_104848	0.0887	0.0530	0.8583
k141_13212	0.2057	0.3108	0.4835
k141_68060	0.0141	0.0393	0.9466
k141_104850	0.8853	0.0882	0.0265
k141_31130	0.6699	0.2520	0.0781
k141_141824	0.9039	0.0694	0.0267
k141_104857	0.7220	0.1881	0.0899
k141_68068	0.5153	0.2820	0.2027
k141_86193	0.5653	0.2721	0.1626
k141_46174	0.3880	0.4078	0.2042
k141_13225	0.8752	0.0727	0.0521
k141_123461	0.8764	0.1000	0.0236
k141_13226	0.6302	0.1805	0.1893
k141_46175	0.1815	0.1391	0.6794
k141_104864	0.9510	0.0364	0.0126
k141_68076	0.9410	0.0485	0.0105
k141_86199	0.7689	0.1558	0.0753
k141_123464	0.3828	0.0603	0.5570
k141_31143	0.8458	0.1281	0.0261
k141_68077	0.9389	0.0413	0.0198
k141_46178	0.8997	0.0814	0.0189
k141_13228	0.9690	0.0218	0.0092
k141_123467	0.4900	0.1953	0.3148
k141_141840	0.6871	0.2168	0.0961
k141_31149	0.8495	0.1191	0.0314
k141_123469	0.5680	0.2629	0.1691
k141_68084	0.1855	0.1532	0.6613
k141_46181	0.3862	0.1944	0.4194
k141_13233	0.4327	0.4045	0.1628
k141_31153	0.8528	0.1125	0.0347
k141_86216	0.7190	0.1557	0.1253
k141_68092	0.6961	0.1523	0.1515
k141_104882	0.4012	0.2639	0.3349
k141_31160	0.0231	0.0216	0.9552
k141_86219	0.2474	0.6047	0.1479
k141_123481	0.2516	0.4804	0.2680
k141_141858	0.8805	0.0699	0.0495
k141_31165	0.7896	0.1606	0.0497
k141_68095	0.9314	0.0498	0.0188
k141_86220	0.9261	0.0536	0.0203
k141_104891	0.1656	0.1252	0.7092
k141_86221	0.1455	0.6378	0.2166
k141_141865	0.9029	0.0708	0.0263
k141_68096	0.0429	0.9485	0.0086
k141_86222	0.9145	0.0608	0.0247
k141_31172	0.4060	0.3611	0.2329
k141_13260	0.0286	0.0275	0.9439
k141_104897	0.3398	0.4152	0.2450
k141_31178	0.7993	0.1109	0.0898
k141_46190	0.0107	0.0167	0.9726
k141_13261	0.5357	0.2837	0.1806
k141_68102	0.8847	0.0909	0.0243
k141_141873	0.8901	0.0895	0.0203
k141_86231	0.9243	0.0596	0.0161
k141_141874	0.8623	0.0900	0.0477
k141_104904	0.1752	0.5298	0.2949
k141_141875	0.0980	0.3848	0.5172
k141_68109	0.5430	0.2970	0.1601
k141_31188	0.9219	0.0610	0.0171
k141_13267	0.9626	0.0276	0.0098
k141_31189	0.3961	0.4852	0.1187
k141_86242	0.9619	0.0298	0.0083
k141_68116	0.6269	0.2897	0.0834
k141_13270	0.7764	0.1510	0.0726
k141_104919	0.9084	0.0679	0.0237
k141_13272	0.5165	0.1627	0.3208
k141_31197	0.5672	0.3367	0.0961
k141_123528	0.7040	0.1380	0.1579
k141_141883	0.0075	0.0138	0.9787
k141_86249	0.9192	0.0578	0.0230
k141_46208	0.4834	0.2243	0.2923
k141_104922	0.9774	0.0162	0.0063
k141_141886	0.0981	0.2168	0.6852
k141_31204	0.0165	0.0329	0.9506
k141_123535	0.8466	0.1314	0.0220
k141_86256	0.9061	0.0693	0.0245
k141_13282	0.0213	0.0258	0.9529
k141_141891	0.1557	0.6049	0.2393
k141_31205	0.9194	0.0621	0.0185
k141_141892	0.3938	0.3982	0.2080
k141_46213	0.0299	0.0464	0.9238
k141_31207	0.7229	0.1650	0.1121
k141_141894	0.6079	0.2012	0.1909
k141_86264	0.1687	0.3950	0.4363
k141_123546	0.0621	0.8279	0.1100
k141_13292	0.9212	0.0632	0.0156
k141_141896	0.9111	0.0659	0.0230
k141_31212	0.2940	0.5825	0.1235
k141_13293	0.0231	0.0440	0.9329
k141_68148	0.4774	0.2492	0.2734
k141_31214	0.5689	0.2915	0.1396
k141_104940	0.5599	0.3585	0.0816
k141_86271	0.2976	0.5961	0.1063
k141_46221	0.8208	0.1586	0.0206
k141_31215	0.8931	0.0809	0.0260
k141_141897	0.3214	0.6625	0.0160
k141_123554	0.7485	0.1361	0.1154
k141_104941	0.8489	0.1297	0.0214
k141_13300	0.5179	0.4278	0.0543
k141_13302	0.6996	0.2132	0.0872
k141_141898	0.9827	0.0125	0.0048
k141_46222	0.8935	0.0748	0.0318
k141_68160	0.4074	0.1827	0.4099
k141_86279	0.0096	0.0203	0.9701
k141_31226	0.9470	0.0364	0.0166
k141_104952	0.1593	0.6007	0.2400
k141_68163	0.6489	0.1929	0.1582
k141_141900	0.8207	0.1044	0.0750
k141_86282	0.4765	0.4364	0.0870
k141_104954	0.1022	0.0737	0.8242
k141_68166	0.6938	0.2028	0.1034
k141_141901	0.2466	0.6454	0.1080
k141_123573	0.7768	0.1673	0.0559
k141_31235	0.1384	0.5310	0.3306
k141_68172	0.5265	0.2054	0.2681
k141_13319	0.8984	0.0665	0.0351
k141_104959	0.0455	0.0698	0.8847
k141_123575	0.5422	0.2255	0.2323
k141_141903	0.9405	0.0444	0.0151
k141_86288	0.8759	0.0939	0.0302
k141_123576	0.0406	0.0234	0.9359
k141_13322	0.6369	0.2032	0.1600
k141_141905	0.6583	0.3189	0.0228
k141_104960	0.7608	0.1869	0.0523
k141_68178	0.9609	0.0294	0.0097
k141_123577	0.8311	0.0909	0.0780
k141_104962	0.8566	0.1213	0.0222
k141_86295	0.7822	0.1344	0.0835
k141_123580	0.3561	0.3682	0.2758
k141_104965	0.6788	0.1922	0.1290
k141_13330	0.6986	0.1556	0.1458
k141_68186	0.5634	0.2375	0.1991
k141_86301	0.7967	0.1440	0.0592
k141_31259	0.6023	0.2639	0.1337
k141_123583	0.0387	0.0468	0.9145
k141_141923	0.1843	0.2527	0.5630
k141_31263	0.3678	0.2717	0.3605
k141_86311	0.0709	0.6638	0.2653
k141_13343	0.7180	0.1320	0.1500
k141_104978	0.8277	0.1156	0.0566
k141_86313	0.9391	0.0451	0.0158
k141_141932	0.9516	0.0342	0.0142
k141_123592	0.2162	0.0504	0.7334
k141_13347	0.2882	0.4573	0.2545
k141_31273	0.7640	0.2082	0.0278
k141_86315	0.9541	0.0332	0.0127
k141_31274	0.2320	0.3730	0.3951
k141_141933	0.2058	0.6989	0.0953
k141_123594	0.7213	0.1507	0.1280
k141_31276	0.6879	0.2207	0.0914
k141_141935	0.1760	0.6483	0.1757
k141_13353	0.9583	0.0309	0.0108
k141_141936	0.0203	0.0274	0.9524
k141_68212	0.0146	0.0223	0.9631
k141_86321	0.9503	0.0373	0.0124
k141_104995	0.1478	0.1679	0.6843
k141_13361	0.4304	0.2886	0.2809
k141_141942	0.1845	0.6315	0.1840
k141_68219	0.5207	0.2856	0.1937
k141_13362	0.4476	0.2708	0.2815
k141_46269	0.0274	0.2708	0.7018
k141_13363	0.9405	0.0461	0.0134
k141_105000	0.8156	0.0968	0.0876
k141_86331	0.5295	0.2784	0.1920
k141_68225	0.3038	0.4522	0.2440
k141_31291	0.5984	0.2690	0.1326
k141_141946	0.9711	0.0220	0.0068
k141_46273	0.5919	0.2636	0.1445
k141_105002	0.3193	0.4190	0.2617
k141_68227	0.3541	0.4711	0.1748
k141_13368	0.9195	0.0588	0.0216
k141_31292	0.0407	0.0890	0.8703
k141_123617	0.9658	0.0248	0.0094
k141_123619	0.1417	0.2231	0.6352
k141_31295	0.9517	0.0314	0.0169
k141_141956	0.7901	0.1797	0.0302
k141_46279	0.8475	0.1204	0.0321
k141_68234	0.0499	0.0811	0.8690
k141_141957	0.2608	0.1837	0.5555
k141_68235	0.1773	0.1505	0.6723
k141_105009	0.9824	0.0129	0.0048
k141_31301	0.1843	0.5930	0.2227
k141_13379	0.0190	0.0236	0.9574
k141_123626	0.9577	0.0263	0.0161
k141_46284	0.6954	0.2044	0.1002
k141_141964	0.6218	0.2661	0.1121
k141_31305	0.5687	0.1814	0.2499
k141_68239	0.0796	0.8903	0.0301
k141_13383	0.9068	0.0840	0.0092
k141_105016	0.4801	0.3635	0.1564
k141_46288	0.9131	0.0634	0.0234
k141_105018	0.5062	0.3208	0.1730
k141_13390	0.3708	0.4436	0.1857
k141_123634	0.9249	0.0576	0.0174
k141_68245	0.9622	0.0275	0.0103
k141_141973	0.7079	0.2456	0.0464
k141_86357	0.7429	0.1836	0.0735
k141_123638	0.5521	0.2665	0.1814
k141_13392	0.1584	0.2553	0.5863
k141_13393	0.4190	0.3600	0.2210
k141_123640	0.8523	0.1074	0.0403
k141_13395	0.5035	0.1410	0.3555
k141_105030	0.3103	0.6417	0.0480
k141_123645	0.7799	0.1273	0.0928
k141_46301	0.5955	0.2130	0.1915
k141_68248	0.9635	0.0260	0.0105
k141_31319	0.0098	0.0337	0.9564
k141_141989	0.4970	0.3265	0.1765
k141_46303	0.6693	0.1843	0.1464
k141_68254	0.0919	0.0354	0.8727
k141_105038	0.0132	0.0218	0.9650
k141_46304	0.7855	0.1870	0.0275
k141_123654	0.0127	0.0233	0.9641
k141_123655	0.5955	0.2612	0.1433
k141_68260	0.8974	0.0719	0.0308
k141_123657	0.7823	0.1315	0.0862
k141_31331	0.0360	0.0657	0.8983
k141_46310	0.8860	0.0660	0.0480
k141_105050	0.4704	0.2768	0.2528
k141_13420	0.9327	0.0515	0.0158
k141_123663	0.3106	0.3199	0.3695
k141_142005	0.9679	0.0264	0.0057
k141_86393	0.1192	0.2019	0.6789
k141_13424	0.6389	0.1668	0.1943
k141_46314	0.9695	0.0223	0.0082
k141_68273	0.4340	0.4088	0.1573
k141_142013	0.0338	0.0283	0.9379
k141_13431	0.1993	0.6087	0.1920
k141_142014	0.4201	0.3418	0.2381
k141_105063	0.9726	0.0209	0.0064
k141_31351	0.3329	0.5568	0.1103
k141_142016	0.0225	0.0277	0.9498
k141_123678	0.0165	0.0206	0.9629
k141_142018	0.2114	0.1061	0.6825
k141_68278	0.8602	0.0901	0.0497
k141_46326	0.0603	0.0422	0.8975
k141_68280	0.4215	0.4480	0.1305
k141_13446	0.9224	0.0496	0.0280
k141_46329	0.9115	0.0652	0.0233
k141_13449	0.7030	0.1439	0.1531
k141_46331	0.7306	0.1971	0.0724
k141_13451	0.9151	0.0653	0.0196
k141_31371	0.0288	0.0297	0.9416
k141_68287	0.5399	0.3859	0.0743
k141_123702	0.3523	0.4225	0.2253
k141_142037	0.8150	0.1385	0.0465
k141_123703	0.5038	0.2908	0.2054
k141_68294	0.1084	0.1842	0.7074
k141_46337	0.9183	0.0649	0.0168
k141_31380	0.9357	0.0537	0.0106
k141_86436	0.8241	0.1189	0.0570
k141_31385	0.4672	0.3685	0.1643
k141_68299	0.4899	0.1954	0.3147
k141_46341	0.7218	0.2268	0.0514
k141_142048	0.7505	0.1381	0.1114
k141_13473	0.7968	0.1751	0.0282
k141_105105	0.8153	0.1456	0.0391
k141_13474	0.7101	0.1421	0.1478
k141_68304	0.7270	0.1932	0.0798
k141_13475	0.7792	0.1316	0.0892
k141_142052	0.8684	0.1052	0.0264
k141_31387	0.0074	0.0124	0.9802
k141_123724	0.5797	0.1635	0.2568
k141_105113	0.8794	0.0886	0.0321
k141_123726	0.5231	0.2371	0.2398
k141_142055	0.6058	0.3669	0.0272
k141_105116	0.0860	0.9039	0.0102
k141_142056	0.1875	0.1640	0.6485
k141_31397	0.7703	0.1272	0.1025
k141_46354	0.3298	0.5044	0.1659
k141_68314	0.7547	0.1934	0.0520
k141_86459	0.9767	0.0164	0.0069
k141_123735	0.5480	0.2197	0.2323
k141_86461	0.1928	0.4981	0.3092
k141_142067	0.5161	0.1957	0.2882
k141_123740	0.9493	0.0389	0.0118
k141_31409	0.1138	0.0791	0.8071
k141_142072	0.7574	0.1082	0.1344
k141_105135	0.0266	0.0227	0.9507
k141_13502	0.4365	0.2842	0.2792
k141_123748	0.7543	0.1466	0.0990
k141_68331	0.9099	0.0780	0.0121
k141_86477	0.5959	0.2309	0.1731
k141_105141	0.9534	0.0361	0.0105
k141_142076	0.8557	0.0982	0.0461
k141_13503	0.7705	0.1097	0.1198
k141_31410	0.9367	0.0446	0.0186
k141_86480	0.1754	0.6148	0.2097
k141_142078	0.4587	0.2099	0.3315
k141_142079	0.9250	0.0532	0.0218
k141_31415	0.0386	0.0739	0.8875
k141_86484	0.2633	0.4983	0.2384
k141_68341	0.1717	0.1509	0.6774
k141_105149	0.8375	0.1083	0.0542
k141_86485	0.9398	0.0451	0.0151
k141_31422	0.9619	0.0298	0.0083
k141_46383	0.6296	0.2268	0.1436
k141_123761	0.9597	0.0285	0.0118
k141_13521	0.6826	0.2578	0.0596
k141_105151	0.0855	0.7168	0.1976
k141_68353	0.9393	0.0424	0.0183
k141_31427	0.7930	0.0891	0.1179
k141_46386	0.0281	0.1442	0.8277
k141_142097	0.0181	0.0348	0.9471
k141_46387	0.8450	0.1165	0.0385
k141_123770	0.5193	0.2746	0.2061
k141_31430	0.7615	0.1104	0.1281
k141_46389	0.5189	0.1666	0.3145
k141_142103	0.9126	0.0555	0.0319
k141_123777	0.9247	0.0493	0.0260
k141_86505	0.7951	0.1607	0.0442
k141_105168	0.7082	0.2277	0.0641
k141_86506	0.7128	0.2012	0.0860
k141_68370	0.2899	0.4545	0.2556
k141_46395	0.8170	0.1328	0.0502
k141_123780	0.0084	0.0170	0.9745
k141_13526	0.9690	0.0217	0.0094
k141_31447	0.8217	0.1128	0.0656
k141_86512	0.3841	0.0723	0.5437
k141_46398	0.3295	0.4452	0.2254
k141_31448	0.0550	0.1627	0.7823
k141_86514	0.5326	0.2524	0.2150
k141_13531	0.9788	0.0151	0.0061
k141_105172	0.9779	0.0176	0.0045
k141_123788	0.2205	0.4972	0.2822
k141_68379	0.1899	0.0381	0.7720
k141_31449	0.6348	0.2750	0.0902
k141_13532	0.8506	0.1143	0.0350
k141_68385	0.6250	0.2594	0.1156
k141_86519	0.9091	0.0674	0.0235
k141_105181	0.7814	0.1783	0.0403
k141_142130	0.9336	0.0511	0.0153
k141_13541	0.9277	0.0483	0.0240
k141_31464	0.1165	0.1260	0.7576
k141_68393	0.8591	0.1066	0.0343
k141_13543	0.9405	0.0452	0.0143
k141_123805	0.6606	0.2646	0.0748
k141_142138	0.9678	0.0237	0.0085
k141_13546	0.4318	0.3519	0.2164
k141_31468	0.8797	0.0924	0.0279
k141_86532	0.9474	0.0389	0.0137
k141_123808	0.7676	0.1325	0.0999
k141_13548	0.8320	0.1331	0.0349
k141_105194	0.2659	0.5334	0.2007
k141_31470	0.3615	0.2018	0.4367
k141_86533	0.0527	0.0589	0.8884
k141_46423	0.6136	0.2818	0.1046
k141_142140	0.7555	0.1184	0.1262
k141_46424	0.2594	0.0998	0.6409
k141_142142	0.9665	0.0243	0.0091
k141_123813	0.5723	0.2316	0.1961
k141_31475	0.9592	0.0294	0.0114
k141_86537	0.9659	0.0242	0.0099
k141_142144	0.9164	0.0657	0.0179
k141_13562	0.9554	0.0322	0.0124
k141_86541	0.7571	0.1302	0.1127
k141_68411	0.6232	0.3047	0.0722
k141_123819	0.6977	0.2037	0.0986
k141_86542	0.5729	0.1768	0.2502
k141_31485	0.7837	0.1203	0.0960
k141_142150	0.4300	0.1855	0.3845
k141_68414	0.4316	0.2965	0.2719
k141_46431	0.8020	0.0934	0.1045
k141_68415	0.3494	0.1698	0.4808
k141_86543	0.9727	0.0215	0.0057
k141_31488	0.9535	0.0324	0.0141
k141_123825	0.0977	0.0418	0.8605
k141_142153	0.5627	0.1944	0.2428
k141_31489	0.8419	0.0992	0.0589
k141_13572	0.7127	0.2345	0.0528
k141_46434	0.4995	0.3549	0.1456
k141_142154	0.0400	0.1560	0.8040
k141_31491	0.7050	0.1419	0.1531
k141_86545	0.0073	0.0150	0.9777
k141_105223	0.7967	0.1320	0.0713
k141_46435	0.6830	0.2197	0.0974
k141_142161	0.5567	0.2506	0.1927
k141_123835	0.1499	0.3664	0.4838
k141_13578	0.9672	0.0236	0.0092
k141_68428	0.1993	0.1743	0.6264
k141_13579	0.7383	0.1579	0.1038
k141_142163	0.8369	0.1284	0.0346
k141_123836	0.8799	0.0841	0.0360
k141_123837	0.5850	0.2009	0.2141
k141_86547	0.9440	0.0367	0.0193
k141_68433	0.8524	0.0938	0.0538
k141_31506	0.7134	0.2261	0.0606
k141_68434	0.2385	0.5350	0.2265
k141_105237	0.5722	0.2275	0.2004
k141_13587	0.0505	0.0444	0.9050
k141_142170	0.8417	0.1248	0.0335
k141_46446	0.9812	0.0140	0.0048
k141_123839	0.9724	0.0199	0.0077
k141_13589	0.1335	0.1527	0.7137
k141_142171	0.7570	0.1267	0.1162
k141_13590	0.9591	0.0279	0.0131
k141_31514	0.7384	0.1702	0.0914
k141_123841	0.5513	0.1611	0.2876
k141_105249	0.9132	0.0614	0.0255
k141_68440	0.9026	0.0755	0.0219
k141_31515	0.0907	0.1688	0.7405
k141_142176	0.5761	0.1804	0.2434
k141_13599	0.7905	0.1248	0.0847
k141_142177	0.5123	0.2919	0.1958
k141_86569	0.9409	0.0442	0.0150
k141_68446	0.2371	0.5404	0.2225
k141_123849	0.9777	0.0159	0.0064
k141_105260	0.9036	0.0749	0.0215
k141_68448	0.9456	0.0396	0.0148
k141_142180	0.6553	0.2315	0.1133
k141_142181	0.2626	0.3973	0.3402
k141_86575	0.7811	0.1887	0.0302
k141_123854	0.0610	0.0956	0.8434
k141_31531	0.3240	0.4279	0.2481
k141_86578	0.8280	0.1011	0.0709
k141_46467	0.2086	0.1752	0.6161
k141_68462	0.7465	0.1236	0.1299
k141_31535	0.8897	0.0795	0.0308
k141_142188	0.8276	0.0821	0.0903
k141_86584	0.9205	0.0572	0.0223
k141_46471	0.0866	0.8124	0.1010
k141_68463	0.0344	0.0991	0.8665
k141_31536	0.5952	0.2161	0.1888
k141_105276	0.9231	0.0572	0.0197
k141_142193	0.5804	0.2673	0.1523
k141_86586	0.3555	0.5422	0.1023
k141_31538	0.9657	0.0264	0.0079
k141_68467	0.1936	0.0918	0.7145
k141_123869	0.8204	0.0862	0.0935
k141_13603	0.9707	0.0209	0.0085
k141_31540	0.1959	0.6735	0.1306
k141_46480	0.7845	0.1233	0.0921
k141_68474	0.8361	0.1150	0.0489
k141_13612	0.4133	0.4249	0.1618
k141_86599	0.2468	0.5384	0.2148
k141_142205	0.0537	0.0540	0.8923
k141_123880	0.9647	0.0275	0.0078
k141_46484	0.6934	0.2028	0.1037
k141_123884	0.9179	0.0684	0.0137
k141_68483	0.9810	0.0147	0.0043
k141_142214	0.6068	0.2164	0.1768
k141_31561	0.4708	0.3515	0.1777
k141_68487	0.0193	0.0318	0.9489
k141_31565	0.2384	0.7184	0.0432
k141_123895	0.6377	0.2476	0.1147
k141_142220	0.7321	0.1283	0.1396
k141_46494	0.9326	0.0497	0.0176
k141_123896	0.7904	0.1392	0.0704
k141_86619	0.6657	0.1928	0.1415
k141_13635	0.8997	0.0776	0.0227
k141_123897	0.4097	0.1781	0.4122
k141_68495	0.4095	0.2203	0.3702
k141_68496	0.8317	0.1293	0.0390
k141_123899	0.3936	0.2696	0.3368
k141_46502	0.9676	0.0232	0.0092
k141_68499	0.8071	0.0890	0.1039
k141_31579	0.9435	0.0464	0.0101
k141_13643	0.9854	0.0108	0.0038
k141_123905	0.0161	0.0220	0.9619
k141_86629	0.8271	0.1014	0.0715
k141_13649	0.8321	0.1354	0.0325
k141_31587	0.0338	0.0350	0.9312
k141_86632	0.6345	0.1650	0.2005
k141_13651	0.5639	0.2933	0.1427
k141_31589	0.9470	0.0367	0.0163
k141_142241	0.7679	0.1372	0.0949
k141_31594	0.5685	0.3019	0.1296
k141_68518	0.8490	0.1278	0.0232
k141_68519	0.7133	0.1579	0.1288
k141_86646	0.1190	0.7195	0.1615
k141_31600	0.6588	0.3031	0.0380
k141_46512	0.5850	0.3216	0.0934
k141_86651	0.8920	0.0419	0.0660
k141_13652	0.9594	0.0289	0.0117
k141_68531	0.9528	0.0295	0.0177
k141_142264	0.9443	0.0398	0.0159
k141_46519	0.7994	0.1521	0.0485
k141_13656	0.9467	0.0409	0.0124
k141_142266	0.8830	0.0855	0.0315
k141_13659	0.5902	0.1594	0.2504
k141_123942	0.7933	0.1861	0.0206
k141_13660	0.5968	0.2105	0.1927
k141_46524	0.9146	0.0549	0.0305
k141_142270	0.2665	0.6127	0.1208
k141_123947	0.8023	0.1564	0.0413
k141_142273	0.8625	0.0852	0.0523
k141_68552	0.6799	0.1713	0.1487
k141_31629	0.6501	0.2903	0.0597
k141_13669	0.9757	0.0172	0.0071
k141_142276	0.6293	0.3289	0.0418
k141_13672	0.7106	0.1702	0.1191
k141_123958	0.9790	0.0156	0.0054
k141_142279	0.8776	0.0982	0.0243
k141_46525	0.0069	0.9825	0.0106
k141_86681	0.8562	0.1139	0.0299
k141_13673	0.9637	0.0271	0.0092
k141_142280	0.8430	0.1002	0.0568
k141_31636	0.8430	0.1210	0.0360
k141_13675	0.7674	0.1245	0.1081
k141_123964	0.3504	0.3410	0.3086
k141_31639	0.9222	0.0668	0.0109
k141_46531	0.7083	0.1920	0.0997
k141_123967	0.6427	0.2822	0.0751
k141_13678	0.1529	0.1222	0.7248
k141_142285	0.0852	0.7731	0.1417
k141_86689	0.3504	0.4287	0.2208
k141_142286	0.1948	0.0597	0.7455
k141_31641	0.9509	0.0362	0.0128
k141_68571	0.3590	0.4784	0.1626
k141_123971	0.8046	0.1310	0.0643
k141_13680	0.9696	0.0218	0.0086
k141_142291	0.9642	0.0280	0.0078
k141_86698	0.5830	0.3105	0.1065
k141_123974	0.0176	0.0387	0.9437
k141_68574	0.7480	0.1592	0.0929
k141_105286	0.9255	0.0431	0.0313
k141_86699	0.8470	0.0907	0.0623
k141_142296	0.5362	0.3123	0.1515
k141_68575	0.8490	0.1042	0.0468
k141_13687	0.9455	0.0416	0.0130
k141_105290	0.8573	0.1150	0.0276
k141_86704	0.0343	0.0455	0.9203
k141_31655	0.7841	0.1340	0.0820
k141_13691	0.9076	0.0685	0.0239
k141_105295	0.2005	0.2781	0.5214
k141_86708	0.6878	0.2015	0.1107
k141_31659	0.0390	0.1994	0.7616
k141_123982	0.8874	0.0868	0.0258
k141_142307	0.6803	0.2567	0.0629
k141_142308	0.4600	0.3169	0.2231
k141_86709	0.3922	0.4087	0.1991
k141_123983	0.4346	0.4042	0.1612
k141_142309	0.8209	0.0948	0.0843
k141_68590	0.4386	0.2727	0.2887
k141_142315	0.7763	0.1204	0.1033
k141_123988	0.4518	0.4560	0.0922
k141_86713	0.8497	0.0962	0.0541
k141_105311	0.4080	0.2748	0.3171
k141_31668	0.8139	0.0954	0.0908
k141_46560	0.5529	0.0891	0.3579
k141_31669	0.3311	0.3691	0.2997
k141_68599	0.6142	0.3043	0.0814
k141_123992	0.6654	0.1290	0.2057
k141_13708	0.3181	0.2720	0.4099
k141_123996	0.3054	0.3385	0.3560
k141_13710	0.3156	0.1660	0.5183
k141_86724	0.6972	0.1189	0.1840
k141_46566	0.0786	0.8807	0.0406
k141_86726	0.6638	0.2096	0.1266
k141_124000	0.6991	0.2428	0.0581
k141_105327	0.8098	0.1267	0.0635
k141_68603	0.9641	0.0259	0.0100
k141_86728	0.8847	0.0876	0.0276
k141_46572	0.5383	0.2847	0.1771
k141_105332	0.5605	0.2663	0.1732
k141_13722	0.3752	0.5609	0.0640
k141_31694	0.9041	0.0705	0.0254
k141_68609	0.3263	0.3174	0.3563
k141_124011	0.9517	0.0346	0.0137
k141_68613	0.6145	0.2365	0.1490
k141_31699	0.4629	0.3224	0.2147
k141_68614	0.5918	0.2485	0.1597
k141_46581	0.8828	0.0937	0.0235
k141_105341	0.3633	0.5366	0.1001
k141_142356	0.0290	0.0227	0.9483
k141_13734	0.1061	0.3804	0.5135
k141_105342	0.8770	0.1012	0.0218
k141_142358	0.7731	0.1354	0.0916
k141_86751	0.5385	0.3004	0.1611
k141_86752	0.8047	0.0947	0.1006
k141_68626	0.2565	0.2062	0.5373
k141_105346	0.5796	0.2610	0.1594
k141_124012	0.9384	0.0446	0.0170
k141_105348	0.0636	0.0426	0.8938
k141_31719	0.2014	0.3685	0.4301
k141_142370	0.3632	0.6025	0.0343
k141_124020	0.7226	0.1342	0.1431
k141_13752	0.0107	0.0140	0.9753
k141_86763	0.2149	0.2262	0.5588
k141_105354	0.9780	0.0157	0.0063
k141_68640	0.5368	0.3147	0.1485
k141_46598	0.0295	0.0506	0.9199
k141_31724	0.8144	0.1554	0.0302
k141_46599	0.4391	0.4542	0.1067
k141_13762	0.9243	0.0525	0.0232
k141_105365	0.9384	0.0375	0.0240
k141_124034	0.8466	0.1008	0.0526
k141_31728	0.0516	0.9100	0.0384
k141_31731	0.8910	0.0799	0.0291
k141_124037	0.8118	0.1114	0.0768
k141_46601	0.9511	0.0380	0.0109
k141_142391	0.0133	0.0199	0.9668
k141_124041	0.3136	0.0368	0.6496
k141_86766	0.9716	0.0200	0.0084
k141_68641	0.9508	0.0351	0.0140
k141_142396	0.1141	0.7664	0.1195
k141_13779	0.1587	0.7255	0.1157
k141_86767	0.4298	0.3581	0.2121
k141_142398	0.5586	0.2261	0.2152
k141_105384	0.4899	0.2852	0.2248
k141_86769	0.9435	0.0389	0.0175
k141_13780	0.8254	0.1128	0.0618
k141_105385	0.1979	0.4491	0.3530
k141_105386	0.3997	0.3810	0.2194
k141_13784	0.1078	0.8486	0.0437
k141_46613	0.6761	0.1346	0.1893
k141_86773	0.7949	0.1127	0.0924
k141_142406	0.2562	0.5260	0.2178
k141_124056	0.3806	0.3178	0.3016
k141_31755	0.9619	0.0301	0.0080
k141_13791	0.1700	0.1637	0.6664
k141_46621	0.6794	0.1614	0.1592
k141_86782	0.8797	0.1012	0.0191
k141_68648	0.8029	0.1562	0.0409
k141_86783	0.9450	0.0294	0.0256
k141_31765	0.4756	0.2016	0.3227
k141_86786	0.6007	0.2081	0.1911
k141_124058	0.9586	0.0299	0.0115
k141_142427	0.8392	0.1357	0.0251
k141_46632	0.0784	0.2182	0.7033
k141_13811	0.6392	0.1432	0.2175
k141_31775	0.7962	0.1420	0.0618
k141_142429	0.8106	0.1624	0.0269
k141_31776	0.3796	0.1755	0.4448
k141_46633	0.7499	0.0524	0.1976
k141_31777	0.5495	0.2276	0.2229
k141_13814	0.1230	0.8502	0.0268
k141_142431	0.4988	0.1577	0.3434
k141_86800	0.7385	0.1841	0.0774
k141_142433	0.4629	0.3360	0.2011
k141_124072	0.1301	0.4022	0.4677
k141_31785	0.0776	0.0887	0.8337
k141_13822	0.9727	0.0201	0.0072
k141_46641	0.9537	0.0331	0.0132
k141_124074	0.1144	0.0928	0.7928
k141_142440	0.8768	0.0728	0.0504
k141_31789	0.3671	0.3384	0.2945
k141_142442	0.6796	0.1701	0.1504
k141_86813	0.4911	0.3570	0.1519
k141_124077	0.7383	0.1308	0.1309
k141_105435	0.9615	0.0271	0.0114
k141_86814	0.9423	0.0347	0.0229
k141_68685	0.2027	0.2945	0.5029
k141_31795	0.9685	0.0239	0.0076
k141_68686	0.4192	0.3627	0.2181
k141_124084	0.8929	0.0848	0.0223
k141_86816	0.3497	0.6165	0.0339
k141_31798	0.8568	0.1097	0.0335
k141_142455	0.1294	0.5040	0.3666
k141_68690	0.0112	0.0242	0.9646
k141_105446	0.8557	0.0782	0.0661
k141_68691	0.9047	0.0666	0.0286
k141_86822	0.3080	0.3446	0.3474
k141_31804	0.8616	0.0914	0.0470
k141_142458	0.4424	0.2432	0.3143
k141_31805	0.6979	0.1661	0.1360
k141_105447	0.8219	0.1516	0.0265
k141_124094	0.1644	0.2644	0.5712
k141_46663	0.7460	0.1300	0.1240
k141_31808	0.6297	0.2229	0.1473
k141_68695	0.0388	0.0426	0.9187
k141_86829	0.7066	0.1425	0.1509
k141_31809	0.1659	0.1800	0.6542
k141_142463	0.6157	0.1786	0.2057
k141_124096	0.9425	0.0384	0.0191
k141_86832	0.8691	0.0934	0.0374
k141_86833	0.5674	0.2379	0.1947
k141_86835	0.2302	0.5395	0.2303
k141_142470	0.9163	0.0650	0.0187
k141_105457	0.2165	0.1119	0.6715
k141_31817	0.4591	0.3244	0.2165
k141_142471	0.2863	0.5760	0.1377
k141_68708	0.7297	0.1746	0.0957
k141_105458	0.0981	0.0353	0.8666
k141_124107	0.7372	0.1342	0.1286
k141_46677	0.8169	0.1585	0.0246
k141_86847	0.2338	0.1551	0.6112
k141_31824	0.5570	0.2334	0.2096
k141_105468	0.9243	0.0492	0.0266
k141_142481	0.7404	0.1626	0.0970
k141_86849	0.9599	0.0303	0.0098
k141_31829	0.5229	0.2627	0.2144
k141_142482	0.9340	0.0503	0.0158
k141_68717	0.8333	0.1301	0.0365
k141_13837	0.9484	0.0360	0.0156
k141_31832	0.0717	0.0781	0.8502
k141_105473	0.5533	0.1678	0.2789
k141_142483	0.8805	0.0904	0.0291
k141_124125	0.5940	0.2935	0.1125
k141_46687	0.3130	0.3365	0.3505
k141_105474	0.0443	0.0629	0.8928
k141_124126	0.8440	0.1162	0.0399
k141_13839	0.9319	0.0532	0.0149
k141_46688	0.1406	0.1282	0.7311
k141_142487	0.2281	0.3229	0.4490
k141_86864	0.6098	0.2649	0.1253
k141_46690	0.9408	0.0367	0.0225
k141_31847	0.9616	0.0309	0.0075
k141_142496	0.5947	0.2331	0.1723
k141_13847	0.1503	0.4423	0.4074
k141_142497	0.9259	0.0551	0.0191
k141_105488	0.1048	0.0893	0.8059
k141_124138	0.0530	0.0691	0.8779
k141_13855	0.2286	0.2328	0.5386
k141_105490	0.1098	0.1914	0.6988
k141_68739	0.1563	0.4269	0.4169
k141_142503	0.6891	0.1925	0.1184
k141_86877	0.9722	0.0219	0.0059
k141_124144	0.1631	0.2075	0.6294
k141_13857	0.8539	0.0981	0.0480
k141_105494	0.9420	0.0448	0.0132
k141_142506	0.4991	0.2845	0.2164
k141_13859	0.9366	0.0497	0.0136
k141_86882	0.1845	0.3535	0.4620
k141_124147	0.0103	0.0158	0.9738
k141_86883	0.7709	0.1395	0.0896
k141_68749	0.4287	0.2233	0.3480
k141_46706	0.9339	0.0515	0.0146
k141_13869	0.8963	0.0767	0.0270
k141_142519	0.5768	0.2359	0.1874
k141_124152	0.9542	0.0342	0.0116
k141_142522	0.7935	0.1111	0.0954
k141_31881	0.7613	0.1458	0.0929
k141_68760	0.9084	0.0662	0.0254
k141_13876	0.3676	0.3406	0.2918
k141_105513	0.7744	0.1154	0.1102
k141_86890	0.0110	0.0204	0.9686
k141_124159	0.9564	0.0311	0.0124
k141_142526	0.6146	0.2309	0.1545
k141_124161	0.9140	0.0652	0.0207
k141_13880	0.6811	0.1825	0.1364
k141_31888	0.1143	0.6458	0.2399
k141_13883	0.3180	0.5976	0.0845
k141_31890	0.8228	0.1146	0.0626
k141_86898	0.3523	0.3513	0.2963
k141_124165	0.9678	0.0233	0.0089
k141_31891	0.0905	0.1269	0.7826
k141_124168	0.7990	0.1404	0.0606
k141_13888	0.9169	0.0598	0.0233
k141_31893	0.5462	0.4253	0.0285
k141_142540	0.5752	0.2728	0.1519
k141_124169	0.5168	0.3764	0.1068
k141_68770	0.9727	0.0197	0.0076
k141_124171	0.6296	0.2000	0.1704
k141_31897	0.7912	0.0881	0.1207
k141_13893	0.7036	0.1228	0.1736
k141_46730	0.3990	0.3455	0.2555
k141_142543	0.7139	0.2098	0.0763
k141_124174	0.7144	0.1809	0.1046
k141_142547	0.0449	0.0344	0.9207
k141_124178	0.6675	0.1860	0.1465
k141_68782	0.7746	0.1641	0.0614
k141_13900	0.6781	0.1695	0.1524
k141_46737	0.7173	0.2374	0.0453
k141_86920	0.7369	0.1143	0.1488
k141_124185	0.9259	0.0560	0.0182
k141_31915	0.5172	0.1913	0.2915
k141_13909	0.2641	0.0387	0.6972
k141_105551	0.7647	0.1979	0.0374
k141_68790	0.9515	0.0342	0.0143
k141_142562	0.9581	0.0338	0.0081
k141_46744	0.7518	0.1076	0.1406
k141_124194	0.8995	0.0786	0.0219
k141_13913	0.9722	0.0208	0.0071
k141_46746	0.2009	0.2430	0.5562
k141_68800	0.2343	0.3955	0.3703
k141_124198	0.1248	0.2429	0.6322
k141_86941	0.0349	0.0377	0.9274
k141_13923	0.6240	0.2213	0.1547
k141_105565	0.7167	0.1756	0.1077
k141_68807	0.9040	0.0738	0.0222
k141_46750	0.7901	0.1214	0.0886
k141_142583	0.1595	0.1625	0.6781
k141_13926	0.0694	0.1324	0.7983
k141_105570	0.6863	0.1484	0.1653
k141_31943	0.7928	0.1011	0.1061
k141_142588	0.3603	0.4578	0.1819
k141_86942	0.6928	0.2227	0.0845
k141_124212	0.9313	0.0520	0.0168
k141_68812	0.8183	0.1528	0.0289
k141_31945	0.8284	0.1514	0.0202
k141_124213	0.3188	0.4810	0.2002
k141_86943	0.6209	0.3288	0.0503
k141_86944	0.9205	0.0471	0.0325
k141_31947	0.5604	0.3175	0.1221
k141_13941	0.6141	0.2595	0.1264
k141_68818	0.9288	0.0551	0.0161
k141_31948	0.9482	0.0394	0.0125
k141_105572	0.9796	0.0146	0.0058
k141_142596	0.8704	0.0988	0.0308
k141_86950	0.1540	0.1054	0.7407
k141_124222	0.5569	0.2719	0.1713
k141_31949	0.2883	0.5606	0.1511
k141_13948	0.0196	0.0234	0.9570
k141_105577	0.9504	0.0354	0.0141
k141_124225	0.6292	0.3150	0.0559
k141_142607	0.1732	0.5039	0.3230
k141_105578	0.8801	0.0787	0.0412
k141_13951	0.9463	0.0374	0.0163
k141_31955	0.9823	0.0130	0.0047
k141_124228	0.5678	0.3354	0.0969
k141_142608	0.5366	0.2655	0.1978
k141_13953	0.9240	0.0640	0.0120
k141_86963	0.7742	0.1438	0.0820
k141_31957	0.9543	0.0322	0.0135
k141_13955	0.0893	0.0644	0.8463
k141_68835	0.7606	0.1607	0.0786
k141_105583	0.7751	0.1085	0.1165
k141_13956	0.4908	0.3179	0.1913
k141_68836	0.2374	0.1287	0.6339
k141_105587	0.7186	0.1266	0.1548
k141_68840	0.3220	0.2745	0.4036
k141_13958	0.9789	0.0152	0.0059
k141_46781	0.7669	0.1952	0.0380
k141_142623	0.3728	0.2562	0.3711
k141_46782	0.6726	0.1970	0.1304
k141_31971	0.7756	0.1412	0.0832
k141_68844	0.1598	0.4480	0.3922
k141_105592	0.9590	0.0293	0.0117
k141_142625	0.8190	0.1151	0.0659
k141_124230	0.9556	0.0305	0.0139
k141_68847	0.0416	0.9209	0.0375
k141_105593	0.8826	0.0934	0.0241
k141_142631	0.7698	0.1988	0.0314
k141_105599	0.8405	0.0944	0.0651
k141_142632	0.7783	0.1021	0.1196
k141_68855	0.2217	0.2377	0.5406
k141_124240	0.9469	0.0354	0.0177
k141_142634	0.8617	0.1217	0.0166
k141_86996	0.2634	0.5377	0.1988
k141_124243	0.9548	0.0309	0.0143
k141_142636	0.4715	0.1575	0.3710
k141_86997	0.5472	0.2431	0.2097
k141_46799	0.4408	0.2606	0.2986
k141_105608	0.9716	0.0194	0.0090
k141_142637	0.6360	0.1861	0.1779
k141_87001	0.0803	0.1017	0.8180
k141_68865	0.9798	0.0144	0.0057
k141_124252	0.8169	0.1441	0.0390
k141_13991	0.9128	0.0653	0.0219
k141_87003	0.9687	0.0228	0.0085
k141_13993	0.5313	0.2884	0.1803
k141_124254	0.1744	0.1030	0.7225
k141_68872	0.5878	0.0926	0.3196
k141_87004	0.1394	0.8499	0.0107
k141_31991	0.0217	0.0319	0.9464
k141_142651	0.0301	0.0394	0.9305
k141_13999	0.7331	0.1858	0.0810
k141_124262	0.9478	0.0366	0.0156
k141_46818	0.6034	0.2103	0.1863
k141_14001	0.6422	0.3030	0.0547
k141_87008	0.0675	0.0547	0.8778
k141_124266	0.0542	0.0811	0.8647
k141_14002	0.1728	0.2258	0.6014
k141_124267	0.4627	0.2972	0.2401
k141_32001	0.4116	0.2329	0.3555
k141_105640	0.9210	0.0606	0.0184
k141_124268	0.0115	0.0620	0.9265
k141_14015	0.9059	0.0648	0.0292
k141_68875	0.9398	0.0400	0.0202
k141_46832	0.7094	0.1863	0.1043
k141_105643	0.9696	0.0220	0.0083
k141_87025	0.1110	0.3770	0.5120
k141_142682	0.9387	0.0414	0.0199
k141_46838	0.1013	0.1182	0.7805
k141_68883	0.7551	0.2029	0.0419
k141_14025	0.9492	0.0387	0.0121
k141_105651	0.6298	0.1619	0.2083
k141_87030	0.6248	0.2319	0.1433
k141_68886	0.3750	0.3286	0.2964
k141_32028	0.4792	0.1833	0.3375
k141_124286	0.0276	0.0199	0.9525
k141_142687	0.4516	0.2195	0.3289
k141_14028	0.9252	0.0562	0.0186
k141_68887	0.9413	0.0371	0.0216
k141_124287	0.7998	0.1240	0.0763
k141_142690	0.0786	0.1164	0.8050
k141_68888	0.5553	0.2728	0.1719
k141_87034	0.9685	0.0260	0.0054
k141_14034	0.7615	0.1357	0.1028
k141_14037	0.8893	0.0868	0.0239
k141_68892	0.8325	0.0782	0.0893
k141_87038	0.5937	0.3088	0.0974
k141_32043	0.6407	0.1905	0.1687
k141_87043	0.0392	0.4263	0.5345
k141_142702	0.5276	0.0922	0.3802
k141_68898	0.6870	0.1760	0.1370
k141_32045	0.8901	0.0749	0.0350
k141_105672	0.5400	0.2067	0.2533
k141_32048	0.0730	0.1144	0.8126
k141_68901	0.6731	0.1668	0.1602
k141_46856	0.4910	0.4275	0.0815
k141_142710	0.0428	0.0862	0.8710
k141_87054	0.0999	0.0434	0.8567
k141_14055	0.7435	0.1495	0.1070
k141_68904	0.5439	0.3311	0.1250
k141_32056	0.3238	0.2313	0.4449
k141_14057	0.5901	0.2620	0.1479
k141_32057	0.8853	0.0964	0.0183
k141_32060	0.0124	0.0163	0.9713
k141_14062	0.5453	0.2278	0.2269
k141_87062	0.4054	0.4331	0.1614
k141_124323	0.9598	0.0274	0.0128
k141_46870	0.8460	0.1212	0.0328
k141_32065	0.2177	0.6005	0.1818
k141_105685	0.9273	0.0534	0.0193
k141_46871	0.6364	0.2147	0.1488
k141_105686	0.9299	0.0573	0.0128
k141_105688	0.6997	0.1936	0.1068
k141_142732	0.9285	0.0522	0.0194
k141_87068	0.7194	0.1522	0.1284
k141_68927	0.2221	0.2471	0.5309
k141_46875	0.3165	0.2649	0.4186
k141_32071	0.1046	0.1624	0.7330
k141_87070	0.1709	0.2091	0.6200
k141_68929	0.3208	0.4513	0.2279
k141_142736	0.0363	0.0395	0.9242
k141_46879	0.6871	0.2319	0.0810
k141_105698	0.7450	0.1429	0.1121
k141_124338	0.0160	0.0524	0.9316
k141_142745	0.2173	0.2341	0.5487
k141_14093	0.5241	0.3457	0.1301
k141_32077	0.9605	0.0283	0.0112
k141_68939	0.6647	0.2742	0.0611
k141_124345	0.7646	0.1700	0.0655
k141_46887	0.9741	0.0182	0.0077
k141_124346	0.9337	0.0490	0.0173
k141_105709	0.4698	0.4755	0.0547
k141_68940	0.9367	0.0460	0.0173
k141_32079	0.8695	0.0965	0.0340
k141_46891	0.0544	0.8012	0.1444
k141_105718	0.4257	0.3609	0.2134
k141_105720	0.7713	0.1155	0.1132
k141_14113	0.8980	0.0693	0.0327
k141_46892	0.8847	0.1000	0.0153
k141_32091	0.6980	0.1998	0.1023
k141_124361	0.2729	0.0686	0.6584
k141_68956	0.5333	0.3318	0.1349
k141_142770	0.5984	0.2792	0.1224
k141_14118	0.6540	0.1960	0.1500
k141_124366	0.8410	0.1069	0.0522
k141_87113	0.8817	0.0889	0.0294
k141_14124	0.3134	0.3025	0.3841
k141_68964	0.9654	0.0245	0.0101
k141_142779	0.0025	0.9886	0.0089
k141_14126	0.8549	0.1069	0.0382
k141_68965	0.5042	0.3628	0.1330
k141_105738	0.2868	0.2057	0.5075
k141_46907	0.6743	0.1850	0.1408
k141_105740	0.1598	0.0981	0.7421
k141_68968	0.9524	0.0358	0.0118
k141_32117	0.2694	0.3916	0.3390
k141_14135	0.7281	0.1471	0.1249
k141_142788	0.6861	0.2186	0.0953
k141_46909	0.0876	0.2362	0.6762
k141_87126	0.0786	0.8334	0.0880
k141_124387	0.7960	0.1029	0.1011
k141_105746	0.0215	0.0728	0.9056
k141_46911	0.3989	0.4662	0.1350
k141_142797	0.9806	0.0144	0.0050
k141_32130	0.7041	0.1774	0.1185
k141_14147	0.5712	0.1813	0.2475
k141_142799	0.9648	0.0233	0.0118
k141_105750	0.8737	0.1055	0.0208
k141_68988	0.2706	0.3301	0.3993
k141_142800	0.9193	0.0569	0.0239
k141_124400	0.8898	0.0762	0.0339
k141_68991	0.8961	0.0671	0.0368
k141_14153	0.6402	0.2312	0.1286
k141_105756	0.8513	0.1119	0.0368
k141_142801	0.9395	0.0452	0.0153
k141_124401	0.1253	0.7154	0.1594
k141_105759	0.6876	0.1781	0.1343
k141_14161	0.4890	0.2734	0.2376
k141_87152	0.0803	0.3978	0.5219
k141_46929	0.6208	0.1964	0.1828
k141_32150	0.5740	0.1622	0.2638
k141_105763	0.2314	0.6027	0.1658
k141_46930	0.9217	0.0535	0.0248
k141_142811	0.7641	0.1234	0.1125
k141_14165	0.9173	0.0594	0.0233
k141_32154	0.4756	0.4151	0.1093
k141_87158	0.2743	0.5518	0.1739
k141_142817	0.3075	0.2810	0.4115
k141_105767	0.9251	0.0614	0.0135
k141_32158	0.3976	0.4144	0.1881
k141_87161	0.8560	0.1096	0.0344
k141_105768	0.7159	0.1679	0.1162
k141_69012	0.7400	0.1508	0.1092
k141_69013	0.8261	0.1033	0.0706
k141_87165	0.9351	0.0428	0.0221
k141_14180	0.3458	0.4373	0.2169
k141_87166	0.6252	0.2240	0.1508
k141_32159	0.9745	0.0188	0.0066
k141_87167	0.0399	0.1260	0.8341
k141_87168	0.1117	0.0782	0.8101
k141_142831	0.9725	0.0221	0.0054
k141_14190	0.9202	0.0610	0.0188
k141_69027	0.5121	0.2463	0.2416
k141_124435	0.8013	0.1384	0.0603
k141_142835	0.6445	0.2089	0.1466
k141_32168	0.6623	0.2427	0.0949
k141_87179	0.5976	0.1803	0.2221
k141_124443	0.6450	0.2693	0.0857
k141_105793	0.1227	0.0874	0.7899
k141_87180	0.9571	0.0333	0.0095
k141_14198	0.7413	0.1733	0.0853
k141_46956	0.7991	0.1279	0.0730
k141_124447	0.7919	0.0936	0.1145
k141_87183	0.5655	0.2646	0.1698
k141_142848	0.8778	0.0925	0.0297
k141_14203	0.5819	0.1638	0.2543
k141_46958	0.5508	0.2434	0.2058
k141_124449	0.8684	0.1023	0.0293
k141_105804	0.7325	0.1746	0.0929
k141_87188	0.9493	0.0351	0.0155
k141_69051	0.6182	0.2938	0.0880
k141_124452	0.8075	0.1330	0.0596
k141_32184	0.6745	0.1935	0.1320
k141_14209	0.1768	0.6531	0.1701
k141_87189	0.1625	0.0621	0.7754
k141_14211	0.8793	0.0857	0.0351
k141_46964	0.2596	0.4687	0.2717
k141_32192	0.9280	0.0549	0.0171
k141_87199	0.4695	0.3516	0.1789
k141_142865	0.8665	0.1075	0.0260
k141_14217	0.1078	0.1139	0.7783
k141_69052	0.0382	0.0925	0.8693
k141_46968	0.0528	0.8326	0.1146
k141_14222	0.5142	0.2230	0.2628
k141_14227	0.6757	0.1491	0.1752
k141_46969	0.9694	0.0232	0.0074
k141_14229	0.9338	0.0503	0.0158
k141_142875	0.8094	0.1581	0.0325
k141_32207	0.6814	0.2458	0.0728
k141_14232	0.4415	0.3022	0.2562
k141_69064	0.5312	0.3053	0.1635
k141_87218	0.1291	0.0896	0.7813
k141_105840	0.3344	0.5077	0.1579
k141_142889	0.6870	0.1677	0.1453
k141_46978	0.9237	0.0524	0.0239
k141_124487	0.2298	0.6771	0.0931
k141_69068	0.9765	0.0169	0.0066
k141_87226	0.6510	0.2140	0.1350
k141_105849	0.0250	0.1097	0.8653
k141_105851	0.6864	0.1680	0.1457
k141_32227	0.7135	0.1510	0.1355
k141_124494	0.6439	0.2449	0.1112
k141_69075	0.2413	0.1842	0.5746
k141_142900	0.7101	0.2078	0.0822
k141_32230	0.1555	0.2907	0.5537
k141_69079	0.5504	0.2585	0.1910
k141_46987	0.5015	0.1521	0.3465
k141_32231	0.4876	0.4047	0.1076
k141_46989	0.9227	0.0617	0.0156
k141_124504	0.9778	0.0166	0.0056
k141_87243	0.9203	0.0576	0.0221
k141_69088	0.3898	0.2869	0.3232
k141_46991	0.7809	0.1140	0.1051
k141_142916	0.9546	0.0275	0.0179
k141_87246	0.4676	0.3191	0.2133
k141_142919	0.9731	0.0191	0.0078
k141_87249	0.4126	0.3762	0.2113
k141_46998	0.9582	0.0301	0.0117
k141_87250	0.0527	0.2619	0.6855
k141_142922	0.9277	0.0543	0.0180
k141_105880	0.7907	0.1534	0.0559
k141_47000	0.8053	0.1648	0.0300
k141_69101	0.9584	0.0292	0.0124
k141_87255	0.2697	0.5372	0.1931
k141_69104	0.8544	0.1069	0.0387
k141_69105	0.8518	0.1313	0.0170
k141_32262	0.9162	0.0639	0.0199
k141_47006	0.6474	0.2116	0.1410
k141_69110	0.2022	0.4414	0.3564
k141_32267	0.9192	0.0658	0.0150
k141_69111	0.3762	0.3746	0.2493
k141_142942	0.8581	0.1025	0.0394
k141_14247	0.9734	0.0189	0.0077
k141_47007	0.6487	0.2850	0.0663
k141_69116	0.3686	0.5639	0.0675
k141_69117	0.7607	0.1681	0.0712
k141_124515	0.9597	0.0282	0.0121
k141_142948	0.0687	0.0891	0.8422
k141_14249	0.0220	0.2310	0.7470
k141_69120	0.1923	0.2063	0.6014
k141_47009	0.5598	0.3397	0.1005
k141_32278	0.8007	0.1673	0.0320
k141_142952	0.3456	0.2248	0.4296
k141_14252	0.0258	0.0314	0.9429
k141_69122	0.2816	0.2228	0.4956
k141_87287	0.8273	0.1329	0.0397
k141_124522	0.5031	0.3549	0.1421
k141_142955	0.9311	0.0422	0.0267
k141_32281	0.0070	0.0115	0.9815
k141_14257	0.4802	0.2845	0.2353
k141_32285	0.5419	0.3744	0.0838
k141_124526	0.7507	0.1936	0.0557
k141_14263	0.9210	0.0616	0.0175
k141_142959	0.2078	0.6984	0.0938
k141_32288	0.8490	0.1197	0.0313
k141_69137	0.0433	0.0753	0.8814
k141_14267	0.5434	0.4057	0.0509
k141_105885	0.9620	0.0271	0.0108
k141_32291	0.2646	0.3026	0.4329
k141_47016	0.9463	0.0386	0.0151
k141_14270	0.5454	0.3091	0.1455
k141_105889	0.8029	0.0927	0.1044
k141_32295	0.8546	0.1073	0.0381
k141_14272	0.9207	0.0530	0.0264
k141_69141	0.9517	0.0361	0.0122
k141_47017	0.9829	0.0123	0.0048
k141_142969	0.2948	0.2453	0.4599
k141_14275	0.9361	0.0469	0.0169
k141_124543	0.6819	0.2002	0.1178
k141_32297	0.3104	0.5189	0.1707
k141_69147	0.0411	0.9470	0.0119
k141_142970	0.0084	0.0124	0.9792
k141_105897	0.0317	0.0396	0.9288
k141_14280	0.6076	0.1802	0.2122
k141_87324	0.9533	0.0329	0.0138
k141_47028	0.2040	0.0381	0.7579
k141_14282	0.0102	0.0157	0.9741
k141_142977	0.0100	0.0243	0.9656
k141_124555	0.0189	0.0185	0.9626
k141_14283	0.0187	0.0485	0.9328
k141_47029	0.5774	0.2567	0.1659
k141_87328	0.2271	0.4505	0.3224
k141_69166	0.6043	0.1287	0.2670
k141_32317	0.8968	0.0704	0.0328
k141_142982	0.7942	0.1545	0.0513
k141_14288	0.8997	0.0807	0.0196
k141_32318	0.9022	0.0573	0.0405
k141_14289	0.5093	0.3120	0.1787
k141_105915	0.9073	0.0714	0.0213
k141_87331	0.8943	0.0671	0.0386
k141_47034	0.2752	0.4916	0.2332
k141_32321	0.4303	0.3551	0.2146
k141_105917	0.0698	0.8930	0.0371
k141_47035	0.9636	0.0282	0.0082
k141_105918	0.0611	0.0985	0.8405
k141_32324	0.5474	0.2744	0.1782
k141_142992	0.1499	0.5108	0.3393
k141_124571	0.5615	0.2164	0.2221
k141_87339	0.6601	0.1802	0.1597
k141_14301	0.3544	0.1853	0.4602
k141_32332	0.2599	0.4957	0.2444
k141_105925	0.3462	0.4376	0.2162
k141_124579	0.3202	0.0369	0.6428
k141_105926	0.7290	0.1398	0.1312
k141_143003	0.7232	0.1914	0.0855
k141_32338	0.7496	0.1327	0.1177
k141_32340	0.9566	0.0325	0.0108
k141_14316	0.1240	0.6217	0.2543
k141_105936	0.4056	0.3735	0.2208
k141_143009	0.7741	0.1205	0.1055
k141_14318	0.4109	0.1901	0.3990
k141_87360	0.7696	0.1919	0.0385
k141_47053	0.5901	0.3149	0.0950
k141_124594	0.4805	0.2896	0.2298
k141_14320	0.0794	0.5714	0.3492
k141_87361	0.3308	0.4391	0.2301
k141_124595	0.9156	0.0654	0.0191
k141_143018	0.9117	0.0598	0.0285
k141_105938	0.7519	0.1714	0.0767
k141_87369	0.6380	0.2442	0.1178
k141_143020	0.8420	0.1318	0.0262
k141_87370	0.8881	0.0849	0.0270
k141_14335	0.5347	0.3439	0.1214
k141_47061	0.9386	0.0449	0.0165
k141_87375	0.0138	0.0208	0.9655
k141_124603	0.9655	0.0244	0.0102
k141_87377	0.0553	0.1130	0.8317
k141_124605	0.5034	0.1676	0.3290
k141_143029	0.7488	0.1350	0.1162
k141_124606	0.9200	0.0625	0.0176
k141_14338	0.9765	0.0171	0.0064
k141_87379	0.7271	0.1225	0.1504
k141_105956	0.7255	0.1617	0.1128
k141_14339	0.5708	0.1808	0.2484
k141_14340	0.6662	0.2938	0.0400
k141_69178	0.9765	0.0169	0.0066
k141_124611	0.2515	0.5612	0.1873
k141_143036	0.9190	0.0589	0.0222
k141_87384	0.6407	0.1832	0.1761
k141_69179	0.7197	0.1834	0.0969
k141_124614	0.7284	0.2322	0.0395
k141_47072	0.7947	0.1460	0.0593
k141_32342	0.0330	0.0211	0.9458
k141_105970	0.9470	0.0360	0.0170
k141_124623	0.9358	0.0465	0.0176
k141_105971	0.7341	0.1450	0.1209
k141_69192	0.9487	0.0373	0.0140
k141_124624	0.2789	0.3720	0.3491
k141_105972	0.8806	0.0738	0.0455
k141_143058	0.6468	0.2503	0.1029
k141_47084	0.5840	0.2610	0.1549
k141_143059	0.7870	0.1509	0.0621
k141_105975	0.7070	0.2121	0.0809
k141_32360	0.0732	0.0310	0.8957
k141_69203	0.5096	0.2733	0.2172
k141_124634	0.9717	0.0194	0.0088
k141_14357	0.7505	0.1686	0.0810
k141_143068	0.2313	0.4385	0.3301
k141_105984	0.8441	0.1196	0.0363
k141_32366	0.9657	0.0242	0.0101
k141_14362	0.1699	0.5864	0.2437
k141_124644	0.1216	0.6708	0.2076
k141_69220	0.8712	0.1011	0.0277
k141_32369	0.3553	0.4257	0.2189
k141_143078	0.7859	0.1311	0.0830
k141_105991	0.2547	0.3120	0.4333
k141_124649	0.1560	0.2308	0.6132
k141_87432	0.7399	0.1287	0.1313
k141_124650	0.6929	0.2688	0.0382
k141_69229	0.9325	0.0528	0.0147
k141_87439	0.6617	0.2392	0.0991
k141_14378	0.9706	0.0246	0.0048
k141_143091	0.7482	0.1646	0.0872
k141_87443	0.7485	0.1455	0.1059
k141_14384	0.8690	0.1085	0.0225
k141_14387	0.4444	0.2825	0.2732
k141_143100	0.9198	0.0606	0.0196
k141_106014	0.7487	0.1344	0.1169
k141_124671	0.9182	0.0629	0.0189
k141_106018	0.3508	0.2356	0.4136
k141_69247	0.7985	0.1131	0.0883
k141_143106	0.8398	0.1281	0.0321
k141_14392	0.2225	0.4719	0.3055
k141_106020	0.5909	0.1854	0.2237
k141_87458	0.5934	0.1760	0.2307
k141_14393	0.1280	0.1868	0.6852
k141_106022	0.7442	0.1239	0.1318
k141_143109	0.8303	0.1152	0.0545
k141_14396	0.7188	0.1501	0.1311
k141_124683	0.7942	0.1109	0.0949
k141_87460	0.9189	0.0621	0.0190
k141_106024	0.1320	0.7175	0.1505
k141_69253	0.8936	0.0733	0.0331
k141_87462	0.4176	0.4309	0.1515
k141_14400	0.5179	0.2006	0.2815
k141_106026	0.8309	0.1504	0.0186
k141_124687	0.9637	0.0244	0.0119
k141_14403	0.7430	0.1391	0.1179
k141_32421	0.6359	0.2395	0.1246
k141_106031	0.7718	0.1538	0.0744
k141_32422	0.5200	0.2669	0.2131
k141_47090	0.9687	0.0220	0.0094
k141_143117	0.6972	0.2161	0.0868
k141_87467	0.0108	0.0367	0.9525
k141_32424	0.6299	0.3081	0.0620
k141_47091	0.9415	0.0434	0.0151
k141_124698	0.1261	0.7770	0.0969
k141_106037	0.6191	0.1558	0.2251
k141_47092	0.2115	0.2569	0.5316
k141_32431	0.9429	0.0371	0.0200
k141_106041	0.2565	0.3042	0.4393
k141_87477	0.8913	0.0731	0.0356
k141_143120	0.9530	0.0340	0.0130
k141_47094	0.7189	0.1720	0.1091
k141_143121	0.9260	0.0526	0.0215
k141_32437	0.4236	0.2327	0.3437
k141_87481	0.1393	0.2557	0.6050
k141_47098	0.8802	0.0972	0.0226
k141_124722	0.9055	0.0705	0.0240
k141_32446	0.9738	0.0190	0.0071
k141_87486	0.1214	0.1291	0.7495
k141_69292	0.0944	0.7663	0.1392
k141_143129	0.1875	0.2718	0.5407
k141_14444	0.4539	0.3667	0.1793
k141_143135	0.8690	0.0975	0.0335
k141_143137	0.7048	0.2010	0.0942
k141_106068	0.5466	0.2688	0.1846
k141_124736	0.8059	0.1204	0.0738
k141_32455	0.9519	0.0357	0.0124
k141_106069	0.5956	0.2461	0.1582
k141_143139	0.4739	0.4455	0.0806
k141_124737	0.9304	0.0470	0.0225
k141_87500	0.8953	0.0387	0.0660
k141_32459	0.5263	0.3107	0.1630
k141_124739	0.9433	0.0382	0.0185
k141_14458	0.7458	0.1522	0.1020
k141_87501	0.1535	0.7006	0.1459
k141_69314	0.1480	0.5965	0.2555
k141_124740	0.0881	0.0829	0.8290
k141_143146	0.6988	0.1362	0.1650
k141_143148	0.3727	0.4060	0.2213
k141_106083	0.7917	0.1417	0.0666
k141_14470	0.8510	0.1001	0.0490
k141_143150	0.2175	0.5345	0.2480
k141_87510	0.9474	0.0342	0.0184
k141_32476	0.7089	0.1661	0.1251
k141_14472	0.9404	0.0450	0.0145
k141_106089	0.6172	0.2402	0.1426
k141_143157	0.9172	0.0587	0.0241
k141_124761	0.5027	0.2095	0.2878
k141_32483	0.0408	0.0919	0.8672
k141_106095	0.9580	0.0303	0.0117
k141_47134	0.6528	0.1550	0.1922
k141_69342	0.1979	0.2736	0.5285
k141_106097	0.4033	0.3214	0.2752
k141_143165	0.0788	0.0417	0.8795
k141_14489	0.3081	0.3296	0.3623
k141_87526	0.8759	0.0784	0.0457
k141_32486	0.8133	0.1112	0.0755
k141_124770	0.6027	0.2659	0.1314
k141_14491	0.5974	0.2637	0.1389
k141_106102	0.6323	0.2273	0.1404
k141_124773	0.2228	0.3706	0.4065
k141_32490	0.7304	0.2348	0.0347
k141_143172	0.9354	0.0464	0.0182
k141_32491	0.4775	0.2727	0.2498
k141_47142	0.8462	0.0812	0.0726
k141_14493	0.0710	0.1130	0.8160
k141_143173	0.6691	0.2372	0.0937
k141_87540	0.0269	0.0280	0.9451
k141_143177	0.4459	0.2398	0.3143
k141_32500	0.3590	0.5446	0.0964
k141_124789	0.0354	0.0273	0.9373
k141_47149	0.9761	0.0170	0.0069
k141_32505	0.8264	0.1010	0.0726
k141_14503	0.9557	0.0333	0.0110
k141_124793	0.3825	0.3492	0.2683
k141_106103	0.6213	0.2872	0.0915
k141_32506	0.8363	0.1317	0.0321
k141_143190	0.5717	0.1699	0.2584
k141_14505	0.2874	0.2037	0.5089
k141_47151	0.8106	0.1056	0.0838
k141_106106	0.4662	0.4543	0.0795
k141_87560	0.0130	0.0334	0.9536
k141_143194	0.1918	0.1424	0.6658
k141_106108	0.2647	0.3468	0.3885
k141_69347	0.9713	0.0204	0.0083
k141_143197	0.7385	0.1484	0.1131
k141_124807	0.4601	0.2472	0.2927
k141_87567	0.4775	0.3296	0.1928
k141_69348	0.6234	0.2365	0.1401
k141_32520	0.7839	0.1184	0.0977
k141_32521	0.2876	0.2594	0.4530
k141_14518	0.4872	0.2150	0.2978
k141_106115	0.7967	0.1698	0.0334
k141_143201	0.8386	0.0976	0.0638
k141_69352	0.5176	0.2361	0.2464
k141_106116	0.1028	0.5827	0.3145
k141_87575	0.2139	0.5442	0.2419
k141_106123	0.8088	0.1377	0.0536
k141_14528	0.3458	0.1656	0.4886
k141_87581	0.4112	0.1385	0.4503
k141_143211	0.2562	0.2972	0.4466
k141_124823	0.9058	0.0716	0.0226
k141_106129	0.7795	0.1064	0.1141
k141_47173	0.9216	0.0581	0.0203
k141_143214	0.8526	0.0932	0.0542
k141_14539	0.7487	0.1984	0.0529
k141_87592	0.7544	0.2103	0.0353
k141_143217	0.2952	0.6680	0.0368
k141_69372	0.1589	0.1305	0.7106
k141_47177	0.9194	0.0648	0.0158
k141_124834	0.8176	0.1127	0.0697
k141_47178	0.1724	0.1943	0.6333
k141_87593	0.9749	0.0177	0.0075
k141_69375	0.5162	0.2913	0.1925
k141_14547	0.7225	0.2036	0.0739
k141_32553	0.6804	0.1449	0.1747
k141_143225	0.9009	0.0725	0.0266
k141_87594	0.1811	0.7177	0.1012
k141_106144	0.9446	0.0382	0.0172
k141_14551	0.2806	0.2064	0.5131
k141_143226	0.6527	0.2100	0.1374
k141_69382	0.9479	0.0371	0.0151
k141_32559	0.0787	0.1130	0.8083
k141_87597	0.9585	0.0301	0.0113
k141_69383	0.9376	0.0428	0.0196
k141_47185	0.8774	0.0894	0.0332
k141_106149	0.9402	0.0423	0.0176
k141_124843	0.8808	0.0951	0.0242
k141_69386	0.8331	0.1082	0.0587
k141_143234	0.9496	0.0335	0.0169
k141_47187	0.0592	0.0717	0.8690
k141_143235	0.0116	0.0418	0.9467
k141_124847	0.6475	0.1953	0.1572
k141_106158	0.4491	0.1909	0.3599
k141_87608	0.1642	0.0758	0.7600
k141_47188	0.1988	0.6085	0.1927
k141_69401	0.3971	0.2029	0.4000
k141_32585	0.0161	0.0704	0.9135
k141_124856	0.0497	0.2026	0.7477
k141_124857	0.3577	0.2621	0.3802
k141_69407	0.2368	0.2087	0.5544
k141_143263	0.4367	0.3665	0.1968
k141_69410	0.0212	0.0230	0.9558
k141_47199	0.1574	0.2121	0.6305
k141_106163	0.9773	0.0162	0.0065
k141_124864	0.2898	0.4561	0.2541
k141_69412	0.9137	0.0658	0.0206
k141_143270	0.6167	0.2249	0.1584
k141_32600	0.2766	0.5170	0.2064
k141_106166	0.1634	0.0363	0.8003
k141_14601	0.7635	0.1740	0.0624
k141_124870	0.0584	0.0917	0.8499
k141_47206	0.7570	0.1961	0.0469
k141_143279	0.3314	0.4112	0.2574
k141_69418	0.7685	0.1593	0.0723
k141_124874	0.6389	0.1711	0.1900
k141_14605	0.9405	0.0452	0.0144
k141_32608	0.9101	0.0668	0.0231
k141_32609	0.9350	0.0459	0.0191
k141_106178	0.9640	0.0241	0.0120
k141_14607	0.8545	0.1216	0.0239
k141_87649	0.7179	0.1750	0.1071
k141_47211	0.2296	0.5959	0.1744
k141_106181	0.1393	0.8141	0.0466
k141_143291	0.2735	0.1967	0.5298
k141_47213	0.5920	0.2989	0.1091
k141_69430	0.1094	0.6882	0.2024
k141_87657	0.9258	0.0541	0.0201
k141_106184	0.9171	0.0627	0.0201
k141_87658	0.2914	0.3043	0.4043
k141_32624	0.4981	0.2415	0.2604
k141_47216	0.1649	0.6068	0.2282
k141_69437	0.2755	0.2745	0.4501
k141_32627	0.9074	0.0704	0.0222
k141_106189	0.5121	0.2282	0.2596
k141_143305	0.1872	0.2936	0.5191
k141_124900	0.0770	0.0748	0.8482
k141_32628	0.8886	0.0785	0.0329
k141_143307	0.2397	0.3730	0.3872
k141_87667	0.7916	0.1245	0.0839
k141_106193	0.9480	0.0385	0.0135
k141_69442	0.9356	0.0388	0.0256
k141_14634	0.7429	0.1594	0.0977
k141_32633	0.6479	0.2020	0.1500
k141_106196	0.8293	0.1360	0.0347
k141_143311	0.5172	0.3085	0.1743
k141_87673	0.0244	0.0918	0.8838
k141_69443	0.9661	0.0260	0.0079
k141_87674	0.3811	0.5100	0.1089
k141_106203	0.0190	0.0197	0.9612
k141_124913	0.9378	0.0449	0.0172
k141_32643	0.9534	0.0352	0.0114
k141_47232	0.9397	0.0446	0.0157
k141_69456	0.9222	0.0604	0.0174
k141_106214	0.9614	0.0270	0.0116
k141_143329	0.2934	0.3366	0.3701
k141_143330	0.1572	0.4849	0.3579
k141_14656	0.6356	0.1713	0.1931
k141_106217	0.3359	0.4517	0.2124
k141_124927	0.8755	0.0936	0.0309
k141_87689	0.5497	0.3054	0.1449
k141_69462	0.4415	0.3246	0.2338
k141_143331	0.2207	0.5882	0.1911
k141_14659	0.5753	0.2288	0.1959
k141_106218	0.0324	0.0431	0.9245
k141_47240	0.3380	0.4442	0.2177
k141_124935	0.8507	0.1262	0.0231
k141_106222	0.7791	0.1605	0.0603
k141_14664	0.1228	0.5317	0.3454
k141_32658	0.9821	0.0127	0.0052
k141_69472	0.1103	0.1315	0.7582
k141_143339	0.5475	0.4052	0.0472
k141_106225	0.9193	0.0542	0.0266
k141_47243	0.9587	0.0268	0.0145
k141_69474	0.7376	0.2263	0.0361
k141_124942	0.1276	0.1644	0.7081
k141_87701	0.8108	0.1251	0.0641
k141_47244	0.9292	0.0500	0.0207
k141_124943	0.6699	0.1866	0.1435
k141_87702	0.7706	0.1238	0.1056
k141_106228	0.9048	0.0739	0.0214
k141_32665	0.9614	0.0279	0.0106
k141_69479	0.8852	0.0842	0.0306
k141_124946	0.6774	0.1403	0.1823
k141_106229	0.0187	0.0625	0.9188
k141_14676	0.6483	0.2909	0.0608
k141_124952	0.6004	0.2195	0.1801
k141_14677	0.3252	0.4628	0.2120
k141_32671	0.6537	0.2187	0.1275
k141_47251	0.1748	0.3425	0.4828
k141_87703	0.7113	0.2001	0.0886
k141_32672	0.7513	0.1759	0.0728
k141_124955	0.3746	0.4244	0.2010
k141_106237	0.7889	0.1511	0.0599
k141_87706	0.6275	0.1830	0.1895
k141_106238	0.3777	0.2831	0.3393
k141_14684	0.4870	0.2496	0.2634
k141_32677	0.5606	0.2698	0.1697
k141_143350	0.8576	0.1114	0.0310
k141_124962	0.8661	0.0815	0.0524
k141_106241	0.9407	0.0436	0.0157
k141_32679	0.7869	0.1754	0.0377
k141_47253	0.9647	0.0252	0.0100
k141_14691	0.0630	0.8967	0.0403
k141_69499	0.0277	0.0434	0.9289
k141_106242	0.9576	0.0318	0.0106
k141_87716	0.3297	0.4812	0.1891
k141_69501	0.7675	0.1799	0.0526
k141_32683	0.9418	0.0447	0.0135
k141_14697	0.9284	0.0565	0.0151
k141_143356	0.9377	0.0452	0.0171
k141_14698	0.7389	0.1826	0.0785
k141_106251	0.1937	0.3803	0.4259
k141_69502	0.6528	0.2348	0.1124
k141_69503	0.6746	0.2012	0.1242
k141_47261	0.6336	0.2181	0.1483
k141_32690	0.5103	0.2666	0.2232
k141_106255	0.8914	0.0913	0.0173
k141_14702	0.0224	0.0275	0.9501
k141_69505	0.2325	0.5005	0.2670
k141_47262	0.9298	0.0555	0.0147
k141_32692	0.4945	0.2281	0.2775
k141_106259	0.6427	0.1989	0.1584
k141_143367	0.6408	0.2500	0.1092
k141_87729	0.9107	0.0684	0.0209
k141_47265	0.4438	0.2879	0.2683
k141_124989	0.7251	0.1401	0.1348
k141_69512	0.6608	0.1813	0.1579
k141_32699	0.3943	0.2382	0.3674
k141_47266	0.8695	0.0988	0.0317
k141_14712	0.4387	0.3243	0.2370
k141_106268	0.4004	0.2400	0.3595
k141_47267	0.2925	0.1725	0.5350
k141_87738	0.6993	0.1616	0.1391
k141_69515	0.9582	0.0305	0.0112
k141_143375	0.4062	0.3823	0.2115
k141_14717	0.9734	0.0198	0.0068
k141_125002	0.7303	0.1161	0.1536
k141_143378	0.9620	0.0274	0.0106
k141_69519	0.7279	0.1909	0.0813
k141_106277	0.2320	0.3164	0.4516
k141_14721	0.4073	0.3805	0.2122
k141_47270	0.6218	0.2515	0.1267
k141_69520	0.9194	0.0639	0.0167
k141_106278	0.5877	0.2744	0.1379
k141_32715	0.9811	0.0136	0.0053
k141_14724	0.5739	0.2820	0.1441
k141_106280	0.2703	0.3764	0.3534
k141_87753	0.5539	0.2183	0.2278
k141_125009	0.1921	0.2039	0.6040
k141_32718	0.8207	0.0853	0.0940
k141_14727	0.1910	0.3939	0.4152
k141_143390	0.7388	0.1755	0.0858
k141_69528	0.6038	0.2466	0.1496
k141_106284	0.0111	0.0232	0.9657
k141_32722	0.0513	0.9054	0.0433
k141_125015	0.4425	0.3634	0.1941
k141_47279	0.9352	0.0463	0.0185
k141_143394	0.9060	0.0693	0.0247
k141_69531	0.8803	0.0911	0.0286
k141_125019	0.2552	0.3542	0.3905
k141_32726	0.7405	0.1543	0.1052
k141_69533	0.4287	0.3715	0.1998
k141_87769	0.7970	0.1221	0.0809
k141_143396	0.9672	0.0234	0.0094
k141_32731	0.8708	0.1047	0.0246
k141_47283	0.7709	0.1144	0.1147
k141_125026	0.7716	0.1487	0.0797
k141_69539	0.0791	0.0823	0.8386
k141_32733	0.9480	0.0410	0.0110
k141_106302	0.4022	0.3619	0.2359
k141_143400	0.5479	0.2917	0.1604
k141_69541	0.7726	0.1276	0.0998
k141_125029	0.9653	0.0266	0.0081
k141_14752	0.9650	0.0251	0.0099
k141_47286	0.7670	0.1647	0.0682
k141_32737	0.4473	0.3661	0.1866
k141_87783	0.7961	0.1550	0.0489
k141_32739	0.7079	0.1237	0.1684
k141_143406	0.1105	0.7722	0.1173
k141_47288	0.9543	0.0292	0.0165
k141_87789	0.2417	0.4672	0.2911
k141_125037	0.5260	0.2828	0.1912
k141_106314	0.9399	0.0458	0.0143
k141_32743	0.7348	0.1821	0.0830
k141_143408	0.9333	0.0517	0.0150
k141_106318	0.6747	0.1459	0.1794
k141_14767	0.6414	0.2606	0.0980
k141_125043	0.9764	0.0182	0.0054
k141_32750	0.0112	0.9384	0.0504
k141_69546	0.9627	0.0287	0.0086
k141_125044	0.5628	0.2930	0.1442
k141_106319	0.7371	0.1521	0.1108
k141_125046	0.1130	0.5887	0.2983
k141_47299	0.8898	0.0945	0.0157
k141_106325	0.1372	0.4647	0.3981
k141_14775	0.1196	0.0961	0.7843
k141_69554	0.9655	0.0243	0.0102
k141_47301	0.4529	0.3635	0.1837
k141_125049	0.1238	0.7701	0.1061
k141_106328	0.4987	0.2707	0.2306
k141_87810	0.5425	0.2515	0.2060
k141_106329	0.9317	0.0552	0.0131
k141_47303	0.9539	0.0333	0.0128
k141_125052	0.7878	0.1404	0.0718
k141_14781	0.9398	0.0424	0.0178
k141_32769	0.6962	0.1425	0.1613
k141_87812	0.9357	0.0478	0.0165
k141_143437	0.1625	0.1341	0.7034
k141_125055	0.0608	0.0404	0.8988
k141_47306	0.6972	0.1444	0.1583
k141_87814	0.8836	0.0918	0.0247
k141_14782	0.0157	0.0207	0.9636
k141_106334	0.9770	0.0174	0.0056
k141_106336	0.2591	0.4537	0.2872
k141_14783	0.8521	0.0849	0.0630
k141_14784	0.0591	0.8514	0.0895
k141_69576	0.7950	0.1373	0.0677
k141_106338	0.0212	0.0384	0.9404
k141_143451	0.7376	0.2248	0.0376
k141_14788	0.0647	0.7314	0.2040
k141_87828	0.1397	0.2016	0.6587
k141_47317	0.0355	0.1069	0.8576
k141_125069	0.9623	0.0262	0.0115
k141_69588	0.5646	0.2861	0.1494
k141_106339	0.9657	0.0249	0.0094
k141_47318	0.8856	0.0858	0.0287
k141_14789	0.9134	0.0665	0.0201
k141_143464	0.4375	0.3237	0.2387
k141_143465	0.6714	0.1643	0.1643
k141_32802	0.5070	0.1909	0.3021
k141_106347	0.7410	0.1844	0.0746
k141_125081	0.8763	0.0976	0.0262
k141_87844	0.9147	0.0625	0.0229
k141_87845	0.7777	0.1422	0.0801
k141_106352	0.9789	0.0150	0.0062
k141_87846	0.1807	0.1835	0.6358
k141_143473	0.8995	0.0789	0.0216
k141_106357	0.0165	0.0508	0.9328
k141_14806	0.8116	0.0908	0.0976
k141_106358	0.3656	0.5412	0.0932
k141_69611	0.5295	0.2509	0.2196
k141_32817	0.5579	0.2708	0.1714
k141_69613	0.2898	0.1111	0.5990
k141_87853	0.7942	0.1366	0.0692
k141_32819	0.6498	0.1625	0.1877
k141_143483	0.4588	0.3867	0.1545
k141_106366	0.2045	0.4619	0.3336
k141_14815	0.9305	0.0477	0.0218
k141_143485	0.2312	0.1041	0.6647
k141_32821	0.9158	0.0632	0.0210
k141_87858	0.8490	0.1208	0.0302
k141_125105	0.8784	0.0888	0.0328
k141_47342	0.7580	0.1299	0.1121
k141_143487	0.8758	0.0865	0.0377
k141_32824	0.3798	0.4500	0.1702
k141_69626	0.8770	0.0876	0.0354
k141_125108	0.0179	0.0182	0.9639
k141_14822	0.0176	0.0650	0.9174
k141_32827	0.3412	0.3445	0.3143
k141_69631	0.5978	0.2120	0.1902
k141_143493	0.9334	0.0415	0.0251
k141_69632	0.1487	0.3221	0.5293
k141_47349	0.9310	0.0534	0.0156
k141_143494	0.6246	0.2450	0.1304
k141_14831	0.9171	0.0656	0.0173
k141_106387	0.9717	0.0225	0.0058
k141_32831	0.7763	0.1315	0.0922
k141_87876	0.9174	0.0635	0.0192
k141_125111	0.6645	0.2186	0.1170
k141_143498	0.6536	0.1941	0.1524
k141_106390	0.7167	0.1590	0.1243
k141_143499	0.5338	0.2876	0.1787
k141_125113	0.7861	0.1725	0.0414
k141_32835	0.1266	0.1784	0.6950
k141_69637	0.8691	0.1048	0.0261
k141_87878	0.0167	0.0251	0.9582
k141_47353	0.0323	0.0222	0.9455
k141_32838	0.3704	0.1642	0.4654
k141_69639	0.1964	0.6149	0.1887
k141_87882	0.8487	0.1048	0.0465
k141_14848	0.0468	0.1660	0.7872
k141_32842	0.3759	0.2671	0.3570
k141_143508	0.9604	0.0289	0.0107
k141_125121	0.4778	0.3655	0.1567
k141_106398	0.7182	0.0632	0.2186
k141_32845	0.0608	0.7423	0.1969
k141_87888	0.0935	0.4703	0.4362
k141_106400	0.2991	0.1771	0.5238
k141_69650	0.5271	0.3232	0.1497
k141_106402	0.0552	0.7711	0.1737
k141_87893	0.5262	0.3051	0.1686
k141_47366	0.1733	0.6855	0.1412
k141_69654	0.3527	0.2627	0.3846
k141_125132	0.1945	0.2066	0.5989
k141_14863	0.1014	0.0341	0.8645
k141_69657	0.5782	0.1509	0.2709
k141_87899	0.8480	0.1067	0.0453
k141_32859	0.6237	0.2448	0.1315
k141_106415	0.0895	0.0690	0.8416
k141_125139	0.8495	0.0936	0.0569
k141_14867	0.7536	0.1563	0.0900
k141_47372	0.8831	0.0787	0.0382
k141_87906	0.8497	0.0940	0.0563
k141_69671	0.9339	0.0459	0.0203
k141_14877	0.6824	0.1870	0.1306
k141_32872	0.7009	0.2015	0.0976
k141_14880	0.7752	0.1031	0.1217
k141_106428	0.9480	0.0378	0.0142
k141_14881	0.9017	0.0684	0.0298
k141_32878	0.6591	0.2211	0.1198
k141_47383	0.4197	0.4087	0.1716
k141_32879	0.4569	0.2291	0.3140
k141_125158	0.9596	0.0300	0.0104
k141_87928	0.9712	0.0214	0.0074
k141_69689	0.1276	0.7253	0.1471
k141_14888	0.9689	0.0245	0.0065
k141_125165	0.7134	0.1312	0.1554
k141_32888	0.0410	0.0220	0.9371
k141_106442	0.6139	0.2999	0.0863
k141_32889	0.9090	0.0674	0.0235
k141_14890	0.4698	0.3757	0.1545
k141_143527	0.9569	0.0317	0.0115
k141_125170	0.3364	0.4550	0.2086
k141_32893	0.8735	0.0901	0.0364
k141_106448	0.8519	0.1012	0.0469
k141_69700	0.4877	0.2493	0.2630
k141_125172	0.9794	0.0148	0.0058
k141_87940	0.7821	0.1529	0.0650
k141_14897	0.8652	0.1021	0.0326
k141_125176	0.4428	0.5051	0.0521
k141_32903	0.8832	0.0877	0.0292
k141_143535	0.0224	0.5960	0.3817
k141_143536	0.9768	0.0164	0.0067
k141_87949	0.6683	0.2321	0.0996
k141_32906	0.6053	0.2636	0.1311
k141_69711	0.9445	0.0407	0.0148
k141_14902	0.0570	0.0564	0.8866
k141_106465	0.5920	0.1785	0.2295
k141_32911	0.6955	0.1201	0.1845
k141_125190	0.8611	0.0947	0.0442
k141_69719	0.4275	0.2019	0.3705
k141_143540	0.3656	0.2042	0.4302
k141_125192	0.7782	0.1087	0.1131
k141_69721	0.8643	0.1068	0.0290
k141_14911	0.7628	0.1321	0.1051
k141_143544	0.0807	0.0851	0.8342
k141_14912	0.7087	0.1963	0.0950
k141_69723	0.6111	0.3031	0.0858
k141_125196	0.0444	0.0663	0.8893
k141_106481	0.1452	0.1408	0.7140
k141_143546	0.7760	0.1547	0.0693
k141_69724	0.2792	0.4562	0.2647
k141_69725	0.0737	0.0361	0.8903
k141_125197	0.8021	0.1264	0.0715
k141_47422	0.9650	0.0268	0.0082
k141_87976	0.8057	0.1482	0.0461
k141_32931	0.9514	0.0339	0.0147
k141_69728	0.7213	0.1816	0.0971
k141_87979	0.5029	0.2131	0.2840
k141_14921	0.6779	0.2335	0.0886
k141_69730	0.7316	0.2241	0.0443
k141_125205	0.6701	0.1725	0.1574
k141_32939	0.9187	0.0536	0.0277
k141_14925	0.1589	0.2360	0.6051
k141_143559	0.0068	0.0111	0.9821
k141_106496	0.0754	0.7832	0.1415
k141_69735	0.8853	0.0750	0.0397
k141_14926	0.3752	0.5725	0.0523
k141_47432	0.8357	0.1047	0.0596
k141_32943	0.6889	0.1670	0.1441
k141_14928	0.9576	0.0329	0.0096
k141_143566	0.9787	0.0159	0.0054
k141_87990	0.8086	0.0892	0.1022
k141_69741	0.9433	0.0411	0.0156
k141_14936	0.9544	0.0332	0.0124
k141_87994	0.6093	0.3452	0.0454
k141_106510	0.4808	0.2490	0.2702
k141_69742	0.8860	0.0883	0.0257
k141_143574	0.7272	0.1314	0.1414
k141_125228	0.9076	0.0671	0.0253
k141_14941	0.8579	0.1110	0.0311
k141_143576	0.9750	0.0184	0.0066
k141_47447	0.4916	0.3042	0.2042
k141_106520	0.7217	0.1657	0.1126
k141_88001	0.9382	0.0438	0.0180
k141_125233	0.0236	0.0440	0.9324
k141_143579	0.9763	0.0179	0.0058
k141_88004	0.9159	0.0605	0.0236
k141_32968	0.7633	0.1725	0.0642
k141_106525	0.5466	0.1874	0.2660
k141_32969	0.0773	0.0615	0.8612
k141_143581	0.4320	0.2622	0.3058
k141_88006	0.3825	0.4591	0.1584
k141_47450	0.8341	0.1338	0.0321
k141_14950	0.6565	0.2203	0.1232
k141_125242	0.7150	0.1593	0.1256
k141_88007	0.0870	0.0988	0.8142
k141_14954	0.5565	0.3484	0.0951
k141_88010	0.6928	0.1855	0.1216
k141_47453	0.8682	0.1015	0.0303
k141_143588	0.5565	0.3144	0.1292
k141_14955	0.9139	0.0652	0.0209
k141_32985	0.6581	0.0751	0.2668
k141_88019	0.9353	0.0359	0.0288
k141_125255	0.5505	0.2751	0.1745
k141_32986	0.9703	0.0218	0.0079
k141_143596	0.5691	0.2857	0.1452
k141_88020	0.3204	0.2018	0.4778
k141_125256	0.8289	0.1083	0.0628
k141_88022	0.5415	0.2797	0.1788
k141_32994	0.4608	0.2715	0.2678
k141_106547	0.3194	0.5610	0.1196
k141_69784	0.9087	0.0635	0.0278
k141_32997	0.8164	0.1387	0.0448
k141_106549	0.9329	0.0481	0.0191
k141_47462	0.8189	0.1105	0.0706
k141_14978	0.8737	0.1019	0.0244
k141_125267	0.9467	0.0380	0.0153
k141_47464	0.7200	0.1682	0.1119
k141_69792	0.2257	0.6027	0.1717
k141_33006	0.4800	0.4115	0.1085
k141_88042	0.9431	0.0452	0.0116
k141_106560	0.9123	0.0649	0.0228
k141_14986	0.9248	0.0474	0.0278
k141_33009	0.5666	0.2875	0.1458
k141_143620	0.1822	0.6396	0.1782
k141_47469	0.8588	0.1052	0.0361
k141_69799	0.0086	0.0230	0.9684
k141_88048	0.8162	0.1082	0.0756
k141_125288	0.2318	0.1823	0.5859
k141_106578	0.6449	0.2716	0.0835
k141_47481	0.9399	0.0429	0.0171
k141_88059	0.9166	0.0531	0.0303
k141_33025	0.0440	0.8377	0.1184
k141_106580	0.0138	0.0183	0.9678
k141_125293	0.7371	0.1721	0.0908
k141_15007	0.9426	0.0420	0.0154
k141_69814	0.4244	0.3898	0.1859
k141_88062	0.5966	0.2858	0.1176
k141_106582	0.3991	0.4531	0.1478
k141_88063	0.4765	0.3528	0.1708
k141_15010	0.7451	0.1360	0.1189
k141_125302	0.1960	0.3237	0.4803
k141_143648	0.1186	0.1012	0.7802
k141_125308	0.5533	0.1946	0.2520
k141_106591	0.3737	0.1943	0.4320
k141_125309	0.6852	0.2335	0.0813
k141_15020	0.4707	0.2217	0.3076
k141_33045	0.9324	0.0474	0.0202
k141_15022	0.6697	0.1681	0.1622
k141_69834	0.5197	0.2907	0.1896
k141_143660	0.9019	0.0765	0.0216
k141_33048	0.5525	0.2298	0.2177
k141_106601	0.2502	0.6006	0.1492
k141_125322	0.9688	0.0246	0.0066
k141_88086	0.8946	0.0887	0.0167
k141_106606	0.4366	0.1947	0.3686
k141_33053	0.9255	0.0480	0.0265
k141_125328	0.4796	0.3085	0.2118
k141_88089	0.0916	0.3571	0.5513
k141_143674	0.1227	0.6870	0.1903
k141_47509	0.6086	0.2312	0.1602
k141_106612	0.1204	0.5387	0.3409
k141_15040	0.8966	0.0823	0.0211
k141_88090	0.6725	0.1559	0.1716
k141_69849	0.4473	0.4968	0.0558
k141_88095	0.9346	0.0448	0.0206
k141_33066	0.9534	0.0345	0.0120
k141_47511	0.9508	0.0362	0.0130
k141_33068	0.7971	0.1588	0.0441
k141_143687	0.8406	0.1272	0.0322
k141_125342	0.7943	0.1767	0.0290
k141_88101	0.8979	0.0822	0.0200
k141_88103	0.8326	0.1338	0.0336
k141_125345	0.8223	0.1355	0.0423
k141_47515	0.4241	0.3203	0.2556
k141_33074	0.6032	0.1801	0.2166
k141_143693	0.8789	0.0719	0.0491
k141_106633	0.8621	0.1164	0.0214
k141_69871	0.9203	0.0518	0.0279
k141_88107	0.7527	0.1395	0.1078
k141_143695	0.9331	0.0496	0.0173
k141_33080	0.7420	0.1011	0.1569
k141_69877	0.4356	0.4020	0.1624
k141_47521	0.7465	0.1655	0.0880
k141_143703	0.8715	0.0948	0.0337
k141_33086	0.3526	0.5012	0.1462
k141_125363	0.0460	0.1985	0.7554
k141_69886	0.1551	0.2014	0.6435
k141_143705	0.7177	0.2440	0.0383
k141_33091	0.9234	0.0562	0.0203
k141_69891	0.0724	0.8777	0.0499
k141_69892	0.1182	0.4299	0.4520
k141_106657	0.5648	0.3811	0.0541
k141_15049	0.9699	0.0212	0.0089
k141_33096	0.8301	0.1267	0.0433
k141_88134	0.8354	0.1225	0.0421
k141_33097	0.8497	0.1083	0.0420
k141_47534	0.9676	0.0229	0.0094
k141_69899	0.2024	0.1314	0.6662
k141_106662	0.0080	0.9817	0.0102
k141_88142	0.1809	0.1625	0.6566
k141_125388	0.1365	0.2044	0.6591
k141_106668	0.1705	0.5055	0.3240
k141_69907	0.8988	0.0706	0.0305
k141_15063	0.0755	0.8019	0.1225
k141_143735	0.0483	0.0273	0.9244
k141_88147	0.7923	0.1303	0.0774
k141_15066	0.9397	0.0448	0.0154
k141_33115	0.1348	0.3450	0.5201
k141_47546	0.3093	0.2256	0.4651
k141_125401	0.8485	0.1149	0.0366
k141_69915	0.2560	0.6403	0.1037
k141_33120	0.7387	0.2132	0.0480
k141_106688	0.9582	0.0307	0.0111
k141_125405	0.0148	0.0187	0.9665
k141_143749	0.9521	0.0329	0.0151
k141_15075	0.9446	0.0384	0.0170
k141_47551	0.0616	0.0712	0.8671
k141_125407	0.9476	0.0386	0.0138
k141_69921	0.9378	0.0480	0.0142
k141_143750	0.9195	0.0594	0.0212
k141_69922	0.3572	0.3557	0.2870
k141_106689	0.0126	0.0188	0.9686
k141_125408	0.9289	0.0546	0.0166
k141_15079	0.9691	0.0234	0.0075
k141_88162	0.9373	0.0446	0.0181
k141_33129	0.7183	0.1683	0.1134
k141_69924	0.0335	0.2538	0.7127
k141_47555	0.4721	0.1906	0.3373
k141_69925	0.3798	0.1683	0.4519
k141_33133	0.8912	0.0937	0.0151
k141_15086	0.5689	0.2627	0.1684
k141_125418	0.3996	0.5092	0.0912
k141_88173	0.9554	0.0363	0.0082
k141_15087	0.9786	0.0164	0.0050
k141_125420	0.8453	0.1222	0.0326
k141_88177	0.5052	0.1983	0.2965
k141_15091	0.4733	0.2739	0.2528
k141_47562	0.9211	0.0635	0.0153
k141_106708	0.4008	0.2763	0.3229
k141_15092	0.1738	0.4587	0.3676
k141_106710	0.0112	0.0150	0.9739
k141_15093	0.7679	0.1072	0.1249
k141_33142	0.9656	0.0246	0.0098
k141_88183	0.8996	0.0704	0.0300
k141_143773	0.8480	0.1217	0.0304
k141_47565	0.7793	0.1678	0.0529
k141_69945	0.9712	0.0220	0.0068
k141_125433	0.3939	0.2540	0.3521
k141_33144	0.8632	0.1065	0.0302
k141_143778	0.9319	0.0530	0.0150
k141_125436	0.8804	0.0831	0.0366
k141_69948	0.9438	0.0440	0.0122
k141_47569	0.7924	0.1320	0.0756
k141_106715	0.9724	0.0210	0.0066
k141_33151	0.3156	0.2157	0.4687
k141_88192	0.7244	0.1500	0.1256
k141_143784	0.9082	0.0663	0.0254
k141_88193	0.6223	0.2687	0.1090
k141_33153	0.5752	0.2351	0.1897
k141_15101	0.3606	0.5698	0.0696
k141_143787	0.5465	0.3857	0.0678
k141_125445	0.0531	0.0293	0.9176
k141_69956	0.7803	0.1424	0.0773
k141_88195	0.8769	0.0947	0.0285
k141_143791	0.3455	0.2757	0.3788
k141_88197	0.9572	0.0309	0.0119
k141_33159	0.9483	0.0339	0.0178
k141_47576	0.8033	0.0973	0.0995
k141_15111	0.1645	0.5342	0.3013
k141_88199	0.9594	0.0292	0.0114
k141_69959	0.9746	0.0183	0.0071
k141_106722	0.9813	0.0134	0.0053
k141_47578	0.7054	0.1487	0.1459
k141_143798	0.5688	0.2354	0.1959
k141_125451	0.0765	0.3085	0.6150
k141_33167	0.9462	0.0395	0.0144
k141_125452	0.7805	0.1168	0.1027
k141_88209	0.7765	0.1404	0.0830
k141_15119	0.6235	0.2676	0.1089
k141_33169	0.7595	0.1447	0.0959
k141_47582	0.7697	0.1765	0.0539
k141_69965	0.0079	0.0146	0.9774
k141_106733	0.3559	0.3777	0.2665
k141_33172	0.8541	0.1089	0.0370
k141_143805	0.7193	0.2352	0.0455
k141_15127	0.7660	0.1103	0.1237
k141_125460	0.6377	0.2701	0.0922
k141_33174	0.9440	0.0439	0.0121
k141_88218	0.6051	0.2246	0.1703
k141_106735	0.7218	0.2123	0.0659
k141_69974	0.8740	0.0954	0.0306
k141_47587	0.5564	0.4002	0.0434
k141_15132	0.3913	0.4276	0.1811
k141_88223	0.5407	0.2349	0.2244
k141_106739	0.2235	0.2767	0.4999
k141_125466	0.6448	0.2663	0.0889
k141_69978	0.7090	0.1879	0.1031
k141_33182	0.9786	0.0165	0.0048
k141_125467	0.9011	0.0634	0.0355
k141_69980	0.1546	0.3713	0.4741
k141_106745	0.7215	0.1161	0.1625
k141_125469	0.9863	0.0100	0.0037
k141_15139	0.6176	0.2903	0.0921
k141_143822	0.9449	0.0397	0.0154
k141_15140	0.0630	0.7142	0.2228
k141_125474	0.7133	0.1941	0.0926
k141_88235	0.0475	0.8299	0.1226
k141_143825	0.9177	0.0530	0.0292
k141_15146	0.6989	0.1794	0.1217
k141_143828	0.2937	0.2024	0.5038
k141_106754	0.8705	0.0831	0.0464
k141_88241	0.8778	0.0976	0.0246
k141_69992	0.1686	0.7404	0.0910
k141_125480	0.6947	0.1841	0.1212
k141_125482	0.5345	0.2686	0.1969
k141_33211	0.6095	0.2503	0.1402
k141_88249	0.6920	0.1576	0.1504
k141_106763	0.6388	0.1833	0.1779
k141_47592	0.9688	0.0216	0.0096
k141_143842	0.7566	0.1410	0.1023
k141_125489	0.5674	0.2004	0.2322
k141_106768	0.6173	0.1753	0.2073
k141_47595	0.5776	0.2386	0.1838
k141_70011	0.3667	0.1532	0.4801
k141_33223	0.7053	0.1829	0.1117
k141_70014	0.7946	0.1610	0.0444
k141_15167	0.8841	0.0951	0.0208
k141_125497	0.1689	0.1443	0.6868
k141_143855	0.6866	0.1904	0.1230
k141_33229	0.6841	0.1585	0.1574
k141_15168	0.9859	0.0103	0.0038
k141_88271	0.0075	0.0201	0.9724
k141_33232	0.7782	0.1326	0.0892
k141_125501	0.0086	0.0172	0.9742
k141_70025	0.5492	0.2869	0.1639
k141_106777	0.9652	0.0264	0.0085
k141_143863	0.3524	0.3804	0.2672
k141_106778	0.9266	0.0486	0.0248
k141_70027	0.6593	0.1531	0.1876
k141_88278	0.3589	0.4153	0.2258
k141_125508	0.6621	0.2138	0.1241
k141_106779	0.9090	0.0682	0.0228
k141_143866	0.9548	0.0306	0.0146
k141_33238	0.0933	0.1077	0.7990
k141_15179	0.0122	0.0156	0.9722
k141_143870	0.4706	0.1819	0.3474
k141_88281	0.1290	0.6955	0.1755
k141_125513	0.1195	0.1803	0.7002
k141_143873	0.5653	0.2721	0.1625
k141_33247	0.9454	0.0401	0.0145
k141_15187	0.9428	0.0400	0.0172
k141_143875	0.7382	0.1232	0.1386
k141_106788	0.6390	0.2292	0.1319
k141_47616	0.0766	0.8514	0.0720
k141_143876	0.9076	0.0696	0.0229
k141_33249	0.8473	0.1131	0.0396
k141_143878	0.2952	0.4268	0.2780
k141_15191	0.9661	0.0269	0.0069
k141_88295	0.1932	0.2861	0.5207
k141_47619	0.8189	0.1272	0.0539
k141_125527	0.8971	0.0756	0.0273
k141_88298	0.1063	0.1388	0.7549
k141_143887	0.1193	0.0941	0.7866
k141_143888	0.2009	0.0411	0.7580
k141_125535	0.8251	0.1360	0.0389
k141_106805	0.0125	0.0202	0.9672
k141_70031	0.9652	0.0256	0.0092
k141_33274	0.6224	0.2245	0.1531
k141_88308	0.8241	0.1244	0.0516
k141_33275	0.4107	0.2021	0.3871
k141_106810	0.9554	0.0313	0.0133
k141_143899	0.9424	0.0391	0.0185
k141_15214	0.7875	0.1217	0.0907
k141_88312	0.7164	0.1417	0.1419
k141_47633	0.8329	0.0986	0.0685
k141_143902	0.1675	0.7275	0.1050
k141_88315	0.8301	0.1239	0.0460
k141_33283	0.4975	0.3333	0.1692
k141_106815	0.8985	0.0765	0.0250
k141_143904	0.7726	0.1392	0.0882
k141_125551	0.9319	0.0522	0.0159
k141_70033	0.9685	0.0224	0.0091
k141_125554	0.5691	0.2716	0.1592
k141_88324	0.3253	0.1866	0.4881
k141_33293	0.6429	0.2066	0.1505
k141_143918	0.7308	0.1586	0.1105
k141_125561	0.3677	0.4063	0.2260
k141_47647	0.6601	0.1983	0.1416
k141_143919	0.1436	0.5677	0.2887
k141_33302	0.6452	0.1900	0.1648
k141_47648	0.9480	0.0345	0.0176
k141_125565	0.5887	0.1976	0.2137
k141_88336	0.2368	0.4589	0.3043
k141_143924	0.9365	0.0459	0.0176
k141_70050	0.4569	0.4834	0.0597
k141_106842	0.8952	0.0778	0.0270
k141_33306	0.3364	0.4542	0.2095
k141_106843	0.1870	0.5860	0.2270
k141_70053	0.8905	0.0798	0.0297
k141_125566	0.0072	0.0118	0.9810
k141_47655	0.5981	0.1805	0.2215
k141_33310	0.9651	0.0260	0.0089
k141_143931	0.5927	0.2166	0.1907
k141_88339	0.9139	0.0639	0.0223
k141_106849	0.9769	0.0184	0.0047
k141_70061	0.8600	0.0819	0.0581
k141_47661	0.6731	0.1668	0.1601
k141_33322	0.7542	0.1311	0.1146
k141_125578	0.8745	0.0965	0.0290
k141_88348	0.7046	0.1577	0.1377
k141_125580	0.0157	0.0454	0.9389
k141_70069	0.7303	0.1786	0.0911
k141_88354	0.1119	0.3145	0.5736
k141_70072	0.2621	0.0857	0.6521
k141_47669	0.4301	0.3180	0.2519
k141_88356	0.7729	0.1077	0.1194
k141_33333	0.5427	0.3290	0.1282
k141_143952	0.9547	0.0379	0.0075
k141_125589	0.1455	0.3113	0.5433
k141_106874	0.1179	0.6457	0.2365
k141_88361	0.9436	0.0429	0.0134
k141_47672	0.4982	0.3318	0.1700
k141_70080	0.8511	0.1122	0.0367
k141_125596	0.9347	0.0494	0.0158
k141_33345	0.4569	0.4069	0.1362
k141_106875	0.8498	0.1216	0.0287
k141_33346	0.5781	0.2843	0.1376
k141_15221	0.9653	0.0240	0.0107
k141_125600	0.1830	0.0765	0.7406
k141_15223	0.7480	0.1637	0.0884
k141_88374	0.7333	0.1642	0.1025
k141_33351	0.8109	0.1063	0.0829
k141_15224	0.9280	0.0529	0.0192
k141_47682	0.7394	0.1798	0.0808
k141_143972	0.5517	0.2348	0.2134
k141_70088	0.8880	0.0913	0.0207
k141_15225	0.2198	0.2716	0.5086
k141_33354	0.9754	0.0172	0.0074
k141_106887	0.8617	0.1104	0.0279
k141_125612	0.1566	0.7976	0.0458
k141_106891	0.8704	0.0935	0.0361
k141_33361	0.8311	0.1190	0.0499
k141_143983	0.0137	0.0220	0.9643
k141_47690	0.7949	0.1481	0.0571
k141_106896	0.2425	0.4632	0.2943
k141_143985	0.0570	0.0941	0.8489
k141_15236	0.5294	0.2936	0.1770
k141_88395	0.2638	0.5905	0.1457
k141_47694	0.8858	0.0799	0.0343
k141_70109	0.9062	0.0754	0.0184
k141_143991	0.9527	0.0323	0.0150
k141_106903	0.4442	0.2064	0.3494
k141_33375	0.7979	0.1428	0.0593
k141_70110	0.1619	0.6117	0.2265
k141_143993	0.9505	0.0367	0.0128
k141_88405	0.6937	0.1656	0.1407
k141_143997	0.5480	0.3150	0.1370
k141_70117	0.8059	0.1727	0.0214
k141_88410	0.8380	0.1357	0.0263
k141_125642	0.2783	0.6134	0.1083
k141_106911	0.9595	0.0263	0.0142
k141_47700	0.5388	0.0829	0.3783
k141_15257	0.8953	0.0701	0.0347
k141_143998	0.5212	0.2169	0.2619
k141_33384	0.7078	0.1350	0.1572
k141_88411	0.9303	0.0567	0.0130
k141_106912	0.2372	0.1357	0.6270
k141_88412	0.7042	0.1606	0.1352
k141_106915	0.1891	0.3457	0.4652
k141_15264	0.2250	0.7097	0.0652
k141_70123	0.8867	0.0933	0.0200
k141_88413	0.9491	0.0372	0.0137
k141_144007	0.4893	0.1595	0.3511
k141_106918	0.7931	0.1072	0.0997
k141_15266	0.8832	0.0863	0.0304
k141_15267	0.6511	0.2913	0.0576
k141_125654	0.9751	0.0178	0.0070
k141_125655	0.5616	0.2212	0.2172
k141_106923	0.9580	0.0326	0.0094
k141_33399	0.9233	0.0628	0.0139
k141_88421	0.7178	0.1829	0.0993
k141_125657	0.9267	0.0541	0.0192
k141_33402	0.6697	0.1286	0.2016
k141_70137	0.9081	0.0713	0.0207
k141_15273	0.9673	0.0226	0.0101
k141_47716	0.8240	0.1165	0.0594
k141_144022	0.0999	0.7274	0.1728
k141_88425	0.0614	0.2030	0.7356
k141_33406	0.5095	0.2340	0.2566
k141_15274	0.0099	0.0203	0.9697
k141_144024	0.0732	0.0311	0.8957
k141_125663	0.9235	0.0558	0.0207
k141_88432	0.7561	0.1553	0.0886
k141_70146	0.6528	0.1770	0.1702
k141_125664	0.6021	0.2005	0.1974
k141_70147	0.3160	0.2576	0.4263
k141_15284	0.5659	0.2775	0.1566
k141_47721	0.8072	0.0893	0.1034
k141_125667	0.1192	0.7515	0.1294
k141_70150	0.7412	0.1933	0.0654
k141_15285	0.9576	0.0329	0.0095
k141_125669	0.0223	0.0185	0.9592
k141_106931	0.8489	0.1154	0.0357
k141_15287	0.0166	0.0278	0.9556
k141_70158	0.7325	0.1591	0.1083
k141_106933	0.3069	0.1230	0.5701
k141_15288	0.8773	0.0970	0.0256
k141_33427	0.9061	0.0656	0.0284
k141_88449	0.4210	0.3320	0.2470
k141_70159	0.5525	0.2197	0.2278
k141_144041	0.0887	0.8908	0.0205
k141_106939	0.8400	0.1102	0.0498
k141_125682	0.6263	0.2571	0.1166
k141_88455	0.6474	0.1420	0.2105
k141_70166	0.5816	0.1909	0.2276
k141_125683	0.9616	0.0267	0.0118
k141_144050	0.2831	0.2965	0.4204
k141_33441	0.1580	0.4718	0.3702
k141_47732	0.0145	0.0346	0.9509
k141_33442	0.6805	0.2260	0.0935
k141_144055	0.6953	0.2621	0.0426
k141_125688	0.5668	0.2582	0.1750
k141_88463	0.2710	0.3519	0.3772
k141_15306	0.9008	0.0834	0.0158
k141_15307	0.5914	0.2143	0.1943
k141_88466	0.0119	0.0304	0.9577
k141_106946	0.9722	0.0194	0.0085
k141_125693	0.6935	0.1965	0.1100
k141_144061	0.2842	0.5226	0.1932
k141_88467	0.1004	0.0436	0.8560
k141_15311	0.0964	0.7717	0.1319
k141_47734	0.8908	0.0921	0.0171
k141_106952	0.7151	0.1341	0.1507
k141_88472	0.5296	0.2281	0.2423
k141_125696	0.1422	0.7579	0.0999
k141_88475	0.7501	0.1321	0.1178
k141_144071	0.9517	0.0340	0.0143
k141_15317	0.6887	0.1708	0.1404
k141_33464	0.2337	0.4650	0.3013
k141_144072	0.9554	0.0305	0.0141
k141_88482	0.5325	0.2978	0.1697
k141_33467	0.5514	0.2867	0.1618
k141_144079	0.9199	0.0578	0.0223
k141_33468	0.0478	0.1924	0.7597
k141_106960	0.8275	0.1390	0.0334
k141_15326	0.1197	0.1152	0.7651
k141_125711	0.6446	0.1670	0.1884
k141_88487	0.5887	0.2382	0.1731
k141_70199	0.8481	0.1032	0.0487
k141_47750	0.9377	0.0511	0.0111
k141_70200	0.7218	0.2106	0.0676
k141_125714	0.5593	0.2699	0.1708
k141_15333	0.8949	0.0819	0.0232
k141_144088	0.9652	0.0275	0.0072
k141_88493	0.1658	0.5881	0.2461
k141_70205	0.1708	0.1383	0.6908
k141_15336	0.6961	0.1758	0.1281
k141_106968	0.7437	0.1582	0.0981
k141_33483	0.9543	0.0378	0.0080
k141_70208	0.1961	0.5838	0.2201
k141_33484	0.9563	0.0288	0.0150
k141_88498	0.5057	0.0984	0.3959
k141_15339	0.6520	0.3040	0.0439
k141_144094	0.7740	0.1961	0.0299
k141_88499	0.8384	0.1030	0.0586
k141_70211	0.7479	0.1374	0.1146
k141_106975	0.9408	0.0438	0.0153
k141_15344	0.3695	0.4398	0.1907
k141_106977	0.0199	0.0662	0.9139
k141_144101	0.1356	0.2853	0.5791
k141_33487	0.9415	0.0440	0.0145
k141_70220	0.6792	0.2720	0.0488
k141_15348	0.1269	0.8432	0.0299
k141_144102	0.9394	0.0446	0.0161
k141_106979	0.1126	0.5951	0.2923
k141_88511	0.9712	0.0217	0.0071
k141_70224	0.1027	0.3793	0.5180
k141_88512	0.0433	0.0273	0.9294
k141_144104	0.0081	0.0132	0.9788
k141_70225	0.0075	0.0126	0.9799
k141_33497	0.9219	0.0566	0.0215
k141_15359	0.9381	0.0446	0.0173
k141_144108	0.2189	0.2121	0.5690
k141_125753	0.2809	0.2042	0.5148
k141_88519	0.4441	0.2021	0.3538
k141_144111	0.5506	0.2946	0.1547
k141_125754	0.7495	0.1180	0.1325
k141_70232	0.8367	0.1379	0.0254
k141_33502	0.1367	0.8153	0.0479
k141_15367	0.2698	0.6074	0.1228
k141_125756	0.8531	0.1192	0.0278
k141_70236	0.8472	0.1201	0.0327
k141_47782	0.7531	0.1467	0.1002
k141_107004	0.0639	0.0499	0.8862
k141_33512	0.0171	0.0328	0.9500
k141_125761	0.6913	0.2504	0.0584
k141_15373	0.7934	0.1086	0.0980
k141_107005	0.7072	0.1364	0.1564
k141_125762	0.9096	0.0643	0.0261
k141_88535	0.9466	0.0408	0.0127
k141_47783	0.9338	0.0474	0.0189
k141_70238	0.0759	0.6517	0.2725
k141_125766	0.9147	0.0676	0.0177
k141_15376	0.9628	0.0270	0.0103
k141_107009	0.1653	0.2509	0.5838
k141_33521	0.6058	0.2004	0.1938
k141_125769	0.4180	0.4294	0.1525
k141_47788	0.6280	0.2205	0.1515
k141_125772	0.1718	0.1068	0.7214
k141_107013	0.5095	0.0622	0.4283
k141_15381	0.2695	0.5827	0.1478
k141_88548	0.1819	0.2946	0.5235
k141_70251	0.8951	0.0736	0.0313
k141_33528	0.7948	0.1662	0.0389
k141_15382	0.0278	0.0404	0.9317
k141_125776	0.7940	0.0964	0.1096
k141_107015	0.8529	0.1005	0.0466
k141_144145	0.8982	0.0797	0.0221
k141_15384	0.7318	0.1254	0.1428
k141_88550	0.0110	0.0165	0.9724
k141_107016	0.8512	0.1071	0.0418
k141_70256	0.0515	0.0499	0.8986
k141_33534	0.9805	0.0149	0.0046
k141_88553	0.7422	0.1334	0.1244
k141_144148	0.8172	0.1186	0.0641
k141_88554	0.9778	0.0158	0.0064
k141_33540	0.6654	0.1430	0.1916
k141_144155	0.0858	0.7090	0.2052
k141_33543	0.9600	0.0283	0.0116
k141_107027	0.1299	0.1566	0.7135
k141_88560	0.7174	0.1485	0.1340
k141_15399	0.5757	0.2500	0.1743
k141_144156	0.8984	0.0844	0.0172
k141_125793	0.9522	0.0367	0.0111
k141_47811	0.2955	0.5123	0.1922
k141_70277	0.2706	0.2813	0.4480
k141_33550	0.4589	0.4231	0.1180
k141_47813	0.3472	0.6287	0.0241
k141_70284	0.7520	0.1566	0.0914
k141_15402	0.1962	0.7716	0.0322
k141_88569	0.3730	0.0983	0.5287
k141_144170	0.0174	0.0163	0.9663
k141_15408	0.9791	0.0153	0.0056
k141_125810	0.8824	0.0675	0.0501
k141_144174	0.8854	0.0849	0.0297
k141_47818	0.8861	0.0919	0.0221
k141_70293	0.4094	0.3766	0.2140
k141_15411	0.4294	0.4120	0.1586
k141_107045	0.8020	0.1438	0.0542
k141_88570	0.9733	0.0192	0.0076
k141_15413	0.6719	0.1360	0.1922
k141_47820	0.0209	0.0214	0.9577
k141_107047	0.9745	0.0183	0.0073
k141_107049	0.9106	0.0610	0.0284
k141_88575	0.8581	0.1167	0.0252
k141_125816	0.0496	0.0289	0.9215
k141_144182	0.8246	0.1378	0.0376
k141_47824	0.0722	0.2677	0.6601
k141_70305	0.2940	0.5003	0.2057
k141_15421	0.7614	0.1497	0.0889
k141_107058	0.6910	0.1824	0.1266
k141_125823	0.1185	0.4109	0.4706
k141_70311	0.1313	0.6551	0.2136
k141_33562	0.9570	0.0309	0.0121
k141_88592	0.8719	0.0717	0.0564
k141_47831	0.4578	0.2925	0.2497
k141_144197	0.5066	0.3918	0.1016
k141_125829	0.8481	0.1123	0.0395
k141_125831	0.9043	0.0634	0.0324
k141_33565	0.8665	0.0991	0.0345
k141_70320	0.5631	0.3268	0.1101
k141_107073	0.2112	0.2362	0.5526
k141_33568	0.4464	0.4021	0.1515
k141_70321	0.1606	0.0478	0.7916
k141_125835	0.3672	0.3905	0.2423
k141_15445	0.1207	0.2741	0.6052
k141_47842	0.9225	0.0492	0.0284
k141_33569	0.0064	0.0113	0.9823
k141_70328	0.9382	0.0408	0.0210
k141_144217	0.3483	0.3247	0.3270
k141_47844	0.0298	0.0421	0.9281
k141_70329	0.7670	0.1676	0.0654
k141_107088	0.0152	0.0207	0.9641
k141_70330	0.6383	0.0938	0.2679
k141_125851	0.2737	0.4643	0.2620
k141_15459	0.9246	0.0577	0.0176
k141_125852	0.7936	0.0937	0.1126
k141_144222	0.9705	0.0209	0.0086
k141_107092	0.7918	0.1022	0.1060
k141_33586	0.6882	0.1687	0.1431
k141_88629	0.9263	0.0543	0.0194
k141_107094	0.5759	0.2398	0.1844
k141_47850	0.7944	0.1076	0.0979
k141_33587	0.1940	0.4708	0.3352
k141_70341	0.5984	0.2078	0.1938
k141_144229	0.6003	0.1853	0.2144
k141_125859	0.9308	0.0516	0.0176
k141_15472	0.6343	0.1744	0.1914
k141_70343	0.0309	0.0991	0.8700
k141_107097	0.4983	0.2200	0.2817
k141_33593	0.5619	0.3331	0.1049
k141_70346	0.9836	0.0119	0.0045
k141_15477	0.4080	0.1231	0.4688
k141_144238	0.6772	0.2102	0.1126
k141_125867	0.0999	0.1489	0.7512
k141_88645	0.8458	0.1160	0.0383
k141_33601	0.8447	0.1068	0.0485
k141_125870	0.5945	0.2301	0.1754
k141_88648	0.7805	0.1271	0.0924
k141_15484	0.8787	0.0715	0.0498
k141_70356	0.5384	0.2515	0.2101
k141_88649	0.7674	0.1464	0.0862
k141_15485	0.9318	0.0516	0.0167
k141_33607	0.7170	0.1784	0.1046
k141_88650	0.9600	0.0277	0.0123
k141_15486	0.9451	0.0370	0.0179
k141_107109	0.1728	0.7410	0.0862
k141_144251	0.5872	0.2321	0.1808
k141_70361	0.1712	0.5018	0.3271
k141_107113	0.4305	0.2622	0.3073
k141_33613	0.0178	0.0267	0.9555
k141_88657	0.4566	0.3050	0.2385
k141_144257	0.8745	0.0667	0.0588
k141_33615	0.3479	0.4892	0.1628
k141_15495	0.6597	0.1634	0.1769
k141_47871	0.9622	0.0266	0.0112
k141_70367	0.7231	0.2349	0.0420
k141_107119	0.8044	0.0861	0.1094
k141_88663	0.3904	0.3153	0.2944
k141_144262	0.8534	0.0951	0.0515
k141_125891	0.7733	0.1051	0.1216
k141_33620	0.7035	0.1742	0.1224
k141_70371	0.1125	0.2315	0.6559
k141_15502	0.1870	0.3822	0.4308
k141_88666	0.9197	0.0598	0.0205
k141_144264	0.0508	0.0820	0.8672
k141_107126	0.2015	0.3605	0.4380
k141_15505	0.2785	0.5421	0.1793
k141_47878	0.8584	0.0833	0.0583
k141_33627	0.7986	0.1007	0.1007
k141_88668	0.0207	0.3973	0.5821
k141_125901	0.1636	0.2698	0.5666
k141_33630	0.9100	0.0687	0.0213
k141_107131	0.9802	0.0143	0.0055
k141_70384	0.6850	0.2033	0.1117
k141_47883	0.9381	0.0405	0.0214
k141_15510	0.7340	0.1744	0.0916
k141_144274	0.8704	0.1022	0.0275
k141_107134	0.3522	0.3102	0.3376
k141_125908	0.5314	0.3439	0.1247
k141_33635	0.9309	0.0429	0.0262
k141_88677	0.9448	0.0373	0.0179
k141_47889	0.4034	0.2844	0.3122
k141_70392	0.8018	0.1115	0.0868
k141_125909	0.9707	0.0213	0.0080
k141_107145	0.6480	0.2077	0.1443
k141_144289	0.6870	0.2041	0.1089
k141_15514	0.9479	0.0413	0.0108
k141_47892	0.0444	0.0248	0.9308
k141_15516	0.2045	0.5601	0.2355
k141_88688	0.4692	0.3464	0.1844
k141_107147	0.6616	0.2445	0.0939
k141_70400	0.7418	0.1649	0.0933
k141_125915	0.1610	0.1346	0.7044
k141_88689	0.5004	0.3296	0.1699
k141_15518	0.8249	0.1342	0.0409
k141_33652	0.7758	0.1751	0.0490
k141_125916	0.5957	0.2010	0.2033
k141_107151	0.7785	0.1607	0.0608
k141_15520	0.6967	0.2443	0.0590
k141_88695	0.4926	0.3060	0.2014
k141_88696	0.2370	0.1973	0.5657
k141_125923	0.2354	0.5184	0.2462
k141_33657	0.6650	0.2786	0.0564
k141_107160	0.1244	0.0863	0.7893
k141_70419	0.9697	0.0229	0.0073
k141_47911	0.7044	0.1796	0.1160
k141_144314	0.8904	0.0838	0.0258
k141_107168	0.1864	0.2535	0.5601
k141_33666	0.2531	0.3888	0.3580
k141_144315	0.9679	0.0246	0.0075
k141_107170	0.8653	0.0750	0.0597
k141_88712	0.9211	0.0457	0.0332
k141_33669	0.9667	0.0243	0.0090
k141_33670	0.8663	0.0941	0.0396
k141_88715	0.7324	0.1601	0.1075
k141_70429	0.0334	0.9434	0.0233
k141_88717	0.2703	0.1777	0.5520
k141_144327	0.9128	0.0624	0.0249
k141_125950	0.1637	0.1943	0.6420
k141_47920	0.6431	0.3200	0.0369
k141_33674	0.6007	0.3043	0.0951
k141_70432	0.8057	0.1522	0.0421
k141_47921	0.9573	0.0302	0.0125
k141_125951	0.0935	0.2080	0.6985
k141_144335	0.0149	0.0215	0.9635
k141_88727	0.1005	0.1795	0.7200
k141_70436	0.6429	0.2067	0.1504
k141_33681	0.5569	0.2923	0.1508
k141_88728	0.6376	0.1495	0.2129
k141_107191	0.4099	0.3964	0.1937
k141_125954	0.5733	0.2550	0.1717
k141_144340	0.6621	0.1530	0.1849
k141_70437	0.9315	0.0541	0.0144
k141_125955	0.8546	0.0961	0.0493
k141_47927	0.4776	0.4101	0.1123
k141_107196	0.7877	0.1053	0.1070
k141_144343	0.9554	0.0312	0.0134
k141_70439	0.6646	0.1194	0.2160
k141_88735	0.9644	0.0260	0.0097
k141_107199	0.4094	0.4201	0.1705
k141_33692	0.2228	0.4055	0.3717
k141_125959	0.8340	0.1258	0.0401
k141_47929	0.1776	0.1471	0.6753
k141_88736	0.9684	0.0217	0.0099
k141_70442	0.8555	0.1194	0.0251
k141_144345	0.0801	0.0573	0.8626
k141_88737	0.5278	0.2802	0.1920
k141_15582	0.6774	0.1863	0.1363
k141_15583	0.1226	0.3744	0.5030
k141_144347	0.9661	0.0257	0.0082
k141_107209	0.1293	0.5788	0.2919
k141_88742	0.4534	0.3273	0.2192
k141_15587	0.8846	0.0943	0.0211
k141_33705	0.3722	0.0946	0.5332
k141_88745	0.9420	0.0441	0.0139
k141_144355	0.4134	0.3440	0.2427
k141_70458	0.6213	0.3354	0.0433
k141_125979	0.8619	0.1175	0.0206
k141_33710	0.6601	0.2316	0.1083
k141_144358	0.1633	0.4800	0.3568
k141_107220	0.2809	0.3866	0.3325
k141_47941	0.7122	0.1718	0.1160
k141_125986	0.8180	0.1164	0.0656
k141_15600	0.4126	0.3517	0.2357
k141_107222	0.9113	0.0637	0.0250
k141_88755	0.0212	0.0331	0.9457
k141_125987	0.7092	0.2431	0.0477
k141_88756	0.6678	0.1864	0.1458
k141_33717	0.9092	0.0638	0.0270
k141_47946	0.6779	0.1817	0.1404
k141_125988	0.9733	0.0187	0.0080
k141_70468	0.8541	0.0743	0.0716
k141_144372	0.4948	0.3802	0.1250
k141_88763	0.7860	0.1624	0.0516
k141_88764	0.5512	0.2141	0.2347
k141_107234	0.5763	0.2404	0.1834
k141_144375	0.6259	0.2651	0.1090
k141_33721	0.6587	0.2242	0.1171
k141_107236	0.9024	0.0793	0.0183
k141_144376	0.1071	0.0943	0.7987
k141_47952	0.1234	0.3669	0.5097
k141_33725	0.6241	0.2008	0.1751
k141_47953	0.1129	0.1491	0.7380
k141_15622	0.8997	0.0727	0.0276
k141_33728	0.7039	0.1794	0.1167
k141_107244	0.5274	0.1957	0.2769
k141_126006	0.7913	0.0936	0.1151
k141_47955	0.7501	0.1999	0.0499
k141_88775	0.0475	0.0706	0.8819
k141_70485	0.8190	0.0983	0.0826
k141_15629	0.5238	0.2854	0.1908
k141_88776	0.9652	0.0277	0.0071
k141_70486	0.4300	0.3989	0.1712
k141_33734	0.3845	0.4614	0.1541
k141_107250	0.4746	0.0476	0.4779
k141_15635	0.0609	0.1665	0.7726
k141_88782	0.0950	0.8293	0.0757
k141_126016	0.9336	0.0521	0.0143
k141_144395	0.7925	0.1268	0.0807
k141_88786	0.8881	0.0849	0.0271
k141_33745	0.4069	0.2347	0.3584
k141_47967	0.1804	0.6633	0.1563
k141_70498	0.6200	0.2699	0.1101
k141_107261	0.1541	0.1083	0.7376
k141_144402	0.5693	0.1954	0.2353
k141_126021	0.6978	0.1381	0.1641
k141_88792	0.6519	0.2966	0.0515
k141_15643	0.9137	0.0641	0.0222
k141_70504	0.5098	0.3949	0.0953
k141_15645	0.3353	0.4029	0.2618
k141_88794	0.8792	0.1005	0.0203
k141_126028	0.6673	0.2375	0.0953
k141_33760	0.9710	0.0204	0.0086
k141_15648	0.2289	0.5136	0.2575
k141_107270	0.3279	0.0971	0.5750
k141_144413	0.8930	0.0811	0.0259
k141_126032	0.7897	0.1825	0.0278
k141_47976	0.0195	0.1287	0.8518
k141_70514	0.6458	0.1342	0.2200
k141_15656	0.9407	0.0406	0.0187
k141_15658	0.5440	0.3102	0.1459
k141_107281	0.6366	0.1750	0.1884
k141_144424	0.9328	0.0473	0.0199
k141_33773	0.0256	0.0322	0.9422
k141_126041	0.7406	0.1292	0.1302
k141_70523	0.0515	0.0400	0.9086
k141_144429	0.8854	0.0818	0.0328
k141_70526	0.6618	0.1669	0.1712
k141_15663	0.1727	0.4002	0.4271
k141_88820	0.6671	0.2042	0.1287
k141_47978	0.9833	0.0119	0.0048
k141_15665	0.1233	0.7682	0.1085
k141_88822	0.1856	0.1507	0.6636
k141_144433	0.8245	0.1122	0.0633
k141_126054	0.2159	0.2122	0.5718
k141_70532	0.8983	0.0763	0.0254
k141_126057	0.4540	0.4773	0.0686
k141_33780	0.9512	0.0351	0.0137
k141_126060	0.5263	0.1647	0.3090
k141_33782	0.8086	0.1350	0.0563
k141_88833	0.0131	0.0211	0.9658
k141_107309	0.3838	0.1371	0.4792
k141_144443	0.6815	0.1415	0.1770
k141_33784	0.9741	0.0187	0.0072
k141_107313	0.4305	0.3987	0.1708
k141_144445	0.1184	0.3753	0.5063
k141_15682	0.5156	0.3799	0.1045
k141_70546	0.9372	0.0449	0.0179
k141_107314	0.1686	0.1625	0.6689
k141_15684	0.2765	0.4999	0.2236
k141_70547	0.8546	0.0968	0.0486
k141_33788	0.0210	0.0490	0.9299
k141_144450	0.7918	0.0978	0.1104
k141_88846	0.8090	0.1342	0.0568
k141_70549	0.6366	0.2080	0.1554
k141_15692	0.5418	0.2466	0.2116
k141_107322	0.5786	0.2950	0.1263
k141_15693	0.4129	0.1089	0.4782
k141_88851	0.6747	0.1807	0.1445
k141_126078	0.8050	0.1073	0.0877
k141_48001	0.9572	0.0323	0.0105
k141_144454	0.7384	0.2376	0.0240
k141_107327	0.5024	0.3570	0.1405
k141_33793	0.8803	0.0738	0.0459
k141_15694	0.9064	0.0679	0.0258
k141_144455	0.2481	0.1460	0.6059
k141_88857	0.8083	0.1084	0.0833
k141_126086	0.8604	0.0891	0.0505
k141_144456	0.9473	0.0382	0.0144
k141_70567	0.4958	0.2120	0.2922
k141_107333	0.1768	0.4645	0.3587
k141_107334	0.2000	0.1625	0.6375
k141_33799	0.0326	0.0382	0.9292
k141_126088	0.9095	0.0711	0.0194
k141_70572	0.2591	0.6121	0.1288
k141_15705	0.2231	0.2976	0.4792
k141_126093	0.1302	0.7809	0.0889
k141_48014	0.1714	0.1511	0.6774
k141_70573	0.2240	0.4892	0.2868
k141_126094	0.0077	0.0197	0.9727
k141_107343	0.0288	0.0233	0.9479
k141_33806	0.4257	0.4481	0.1262
k141_88873	0.6489	0.1686	0.1825
k141_144468	0.9171	0.0624	0.0204
k141_33807	0.6371	0.2565	0.1063
k141_126099	0.2748	0.2326	0.4926
k141_70582	0.0652	0.0574	0.8775
k141_88877	0.9032	0.0679	0.0289
k141_15711	0.6360	0.0585	0.3055
k141_107352	0.4996	0.3168	0.1835
k141_33809	0.9022	0.0745	0.0233
k141_88880	0.9260	0.0485	0.0256
k141_126106	0.0647	0.1694	0.7658
k141_33812	0.0180	0.0293	0.9527
k141_144473	0.0101	0.0168	0.9731
k141_33813	0.1507	0.5135	0.3358
k141_144475	0.4651	0.4110	0.1239
k141_107360	0.5914	0.2969	0.1117
k141_48031	0.9748	0.0178	0.0074
k141_88886	0.7777	0.1412	0.0811
k141_33817	0.6384	0.3310	0.0306
k141_48032	0.6280	0.2547	0.1172
k141_70603	0.4323	0.2771	0.2907
k141_88888	0.9413	0.0403	0.0184
k141_33818	0.6269	0.3322	0.0409
k141_70605	0.5524	0.2924	0.1552
k141_48035	0.3910	0.4697	0.1393
k141_144487	0.5860	0.2441	0.1700
k141_88896	0.9569	0.0286	0.0146
k141_107376	0.8882	0.0849	0.0269
k141_48037	0.8540	0.1133	0.0328
k141_33825	0.9308	0.0495	0.0198
k141_88901	0.6591	0.2051	0.1358
k141_33827	0.9257	0.0500	0.0243
k141_70618	0.9146	0.0620	0.0233
k141_88902	0.1398	0.1421	0.7181
k141_70621	0.8075	0.1533	0.0392
k141_15752	0.7105	0.1188	0.1707
k141_70623	0.9437	0.0409	0.0154
k141_48045	0.5402	0.2568	0.2030
k141_15755	0.4253	0.2377	0.3370
k141_70625	0.7359	0.1633	0.1009
k141_33836	0.7716	0.1164	0.1119
k141_144505	0.7435	0.1306	0.1259
k141_107395	0.5407	0.2216	0.2377
k141_88903	0.0385	0.2104	0.7511
k141_33838	0.9315	0.0497	0.0188
k141_48048	0.3964	0.2460	0.3576
k141_88905	0.0262	0.3009	0.6730
k141_33840	0.9221	0.0641	0.0138
k141_144512	0.6569	0.2264	0.1167
k141_15765	0.0892	0.1797	0.7311
k141_33843	0.4010	0.2812	0.3178
k141_107404	0.5159	0.1736	0.3105
k141_33846	0.8888	0.0875	0.0237
k141_48056	0.3515	0.4135	0.2350
k141_126161	0.7087	0.2541	0.0372
k141_107412	0.4787	0.2689	0.2523
k141_88918	0.8990	0.0733	0.0277
k141_144520	0.9351	0.0470	0.0179
k141_70645	0.4555	0.4024	0.1421
k141_48058	0.1586	0.3163	0.5251
k141_33849	0.7743	0.1544	0.0714
k141_70649	0.1970	0.2455	0.5576
k141_88920	0.6553	0.1951	0.1496
k141_70650	0.6134	0.2369	0.1497
k141_144524	0.4582	0.4015	0.1404
k141_33854	0.8879	0.0973	0.0148
k141_70653	0.8944	0.0784	0.0272
k141_88929	0.5094	0.3014	0.1892
k141_107428	0.8514	0.1148	0.0338
k141_144534	0.0643	0.1177	0.8180
k141_33860	0.3888	0.3793	0.2320
k141_15795	0.6771	0.2153	0.1076
k141_144538	0.7949	0.1256	0.0795
k141_15800	0.1335	0.5006	0.3659
k141_48077	0.1923	0.4476	0.3601
k141_33872	0.8775	0.1059	0.0166
k141_144545	0.1680	0.6309	0.2011
k141_70673	0.0615	0.1882	0.7503
k141_126194	0.9136	0.0646	0.0218
k141_88944	0.9329	0.0489	0.0182
k141_126196	0.3856	0.3285	0.2860
k141_48080	0.3933	0.4080	0.1986
k141_15806	0.7793	0.1038	0.1168
k141_33878	0.5650	0.2506	0.1844
k141_144550	0.9238	0.0537	0.0225
k141_70680	0.5875	0.1952	0.2173
k141_15808	0.2930	0.5202	0.1868
k141_107454	0.3288	0.0808	0.5904
k141_126204	0.4461	0.2996	0.2543
k141_144553	0.9794	0.0153	0.0053
k141_107458	0.9655	0.0270	0.0075
k141_144554	0.6249	0.1617	0.2133
k141_33889	0.6601	0.2354	0.1045
k141_88957	0.8804	0.0771	0.0425
k141_126208	0.8942	0.0663	0.0395
k141_144555	0.2218	0.2381	0.5401
k141_48089	0.6534	0.2195	0.1271
k141_88959	0.3585	0.4164	0.2251
k141_33892	0.2881	0.5794	0.1325
k141_48090	0.9327	0.0491	0.0182
k141_126212	0.8160	0.1490	0.0350
k141_144560	0.6185	0.1751	0.2064
k141_70698	0.3065	0.4760	0.2175
k141_88961	0.1751	0.1394	0.6855
k141_144561	0.3486	0.3602	0.2912
k141_15826	0.4070	0.3395	0.2535
k141_48095	0.4536	0.4121	0.1343
k141_107471	0.9616	0.0284	0.0100
k141_70702	0.2273	0.5756	0.1970
k141_144562	0.6532	0.2194	0.1274
k141_126219	0.0119	0.0206	0.9675
k141_88967	0.7291	0.2349	0.0361
k141_70707	0.5258	0.1987	0.2755
k141_107472	0.9132	0.0650	0.0219
k141_15835	0.4426	0.1459	0.4115
k141_15836	0.8403	0.1110	0.0487
k141_88971	0.9174	0.0647	0.0180
k141_33909	0.3079	0.3735	0.3186
k141_70712	0.2119	0.0720	0.7161
k141_126229	0.9546	0.0345	0.0109
k141_107474	0.9600	0.0289	0.0111
k141_33910	0.1087	0.2877	0.6036
k141_15840	0.8515	0.1229	0.0256
k141_126231	0.0206	0.0386	0.9408
k141_15841	0.1654	0.2641	0.5705
k141_70719	0.1128	0.6538	0.2334
k141_88977	0.7238	0.2233	0.0529
k141_48107	0.5573	0.2235	0.2191
k141_107482	0.1823	0.1497	0.6680
k141_33917	0.9594	0.0299	0.0107
k141_48109	0.0119	0.0200	0.9680
k141_88983	0.1155	0.5252	0.3593
k141_70731	0.2019	0.1778	0.6203
k141_33921	0.6408	0.2555	0.1037
k141_88987	0.0243	0.0266	0.9491
k141_48110	0.9424	0.0441	0.0135
k141_33924	0.6890	0.2366	0.0745
k141_107496	0.9071	0.0713	0.0216
k141_15861	0.8723	0.0909	0.0368
k141_126250	0.7617	0.1652	0.0732
k141_15863	0.8937	0.0864	0.0199
k141_107499	0.7726	0.1009	0.1265
k141_70739	0.7316	0.2143	0.0541
k141_33926	0.0276	0.0425	0.9299
k141_48114	0.5347	0.4108	0.0545
k141_144599	0.0261	0.0717	0.9022
k141_126255	0.1579	0.6235	0.2186
k141_15866	0.4202	0.1509	0.4290
k141_88998	0.8386	0.1272	0.0343
k141_107504	0.4703	0.2470	0.2826
k141_144603	0.4717	0.1835	0.3447
k141_126259	0.6783	0.2109	0.1108
k141_107507	0.2833	0.1566	0.5601
k141_15875	0.6005	0.2561	0.1433
k141_48119	0.1925	0.1933	0.6142
k141_70751	0.7018	0.1855	0.1127
k141_89005	0.2344	0.5347	0.2309
k141_48120	0.9775	0.0162	0.0064
k141_89006	0.0738	0.7565	0.1698
k141_107513	0.7370	0.1617	0.1014
k141_144609	0.9027	0.0713	0.0259
k141_70756	0.6659	0.1979	0.1362
k141_33946	0.9499	0.0359	0.0143
k141_15881	0.4404	0.3774	0.1822
k141_89010	0.9191	0.0594	0.0215
k141_33949	0.0564	0.1146	0.8290
k141_126280	0.5746	0.2169	0.2085
k141_48124	0.8053	0.0963	0.0984
k141_33950	0.8677	0.1040	0.0283
k141_144618	0.9544	0.0361	0.0095
k141_126281	0.9493	0.0378	0.0129
k141_15895	0.9256	0.0547	0.0197
k141_89011	0.9365	0.0498	0.0137
k141_144624	0.0932	0.8680	0.0388
k141_48128	0.0082	0.0129	0.9789
k141_89012	0.7248	0.1630	0.1122
k141_126289	0.0869	0.0523	0.8609
k141_70776	0.9728	0.0191	0.0081
k141_33961	0.7778	0.1127	0.1095
k141_107542	0.0875	0.0327	0.8798
k141_70779	0.9542	0.0347	0.0111
k141_144633	0.3419	0.4423	0.2158
k141_89020	0.1893	0.5934	0.2173
k141_107543	0.1118	0.1034	0.7848
k141_126296	0.1265	0.7227	0.1508
k141_48135	0.2242	0.2231	0.5527
k141_89022	0.4158	0.3789	0.2053
k141_33969	0.0210	0.0380	0.9411
k141_15908	0.1635	0.6195	0.2170
k141_144640	0.0983	0.1332	0.7684
k141_15909	0.6611	0.2561	0.0828
k141_89025	0.6789	0.1978	0.1233
k141_126303	0.4389	0.3771	0.1840
k141_144642	0.9181	0.0649	0.0171
k141_70790	0.6352	0.1903	0.1745
k141_107554	0.4097	0.4298	0.1605
k141_144645	0.1974	0.3615	0.4412
k141_126306	0.9628	0.0263	0.0109
k141_48142	0.8959	0.0802	0.0239
k141_126307	0.9300	0.0528	0.0172
k141_107558	0.3181	0.3360	0.3459
k141_144650	0.9152	0.0546	0.0302
k141_33987	0.5978	0.2636	0.1387
k141_89037	0.5583	0.3256	0.1161
k141_15925	0.3735	0.2026	0.4239
k141_144654	0.0387	0.8206	0.1407
k141_70806	0.8779	0.0905	0.0316
k141_48150	0.7529	0.1170	0.1302
k141_70807	0.7840	0.1657	0.0503
k141_107571	0.8107	0.1445	0.0448
k141_144660	0.3843	0.3691	0.2466
k141_33992	0.8602	0.1115	0.0283
k141_48154	0.1188	0.1167	0.7644
k141_89046	0.8799	0.0932	0.0269
k141_70814	0.9525	0.0335	0.0139
k141_126329	0.6761	0.2045	0.1194
k141_48155	0.5718	0.2382	0.1901
k141_144666	0.7778	0.1187	0.1035
k141_33995	0.6695	0.2916	0.0389
k141_126332	0.2487	0.1155	0.6358
k141_33996	0.6842	0.2364	0.0793
k141_70820	0.0215	0.0290	0.9495
k141_107589	0.5942	0.2325	0.1733
k141_70822	0.2863	0.3931	0.3205
k141_34000	0.5129	0.3167	0.1704
k141_15953	0.1478	0.1173	0.7349
k141_126341	0.1227	0.3418	0.5356
k141_144681	0.1992	0.6237	0.1770
k141_126342	0.2139	0.2593	0.5267
k141_89063	0.8019	0.1155	0.0825
k141_126345	0.8256	0.1035	0.0709
k141_144683	0.3994	0.2741	0.3264
k141_89066	0.4041	0.2385	0.3574
k141_107601	0.0145	0.0560	0.9295
k141_70824	0.0900	0.1469	0.7631
k141_34010	0.2345	0.2506	0.5150
k141_48169	0.9335	0.0474	0.0190
k141_107603	0.2682	0.5470	0.1848
k141_15967	0.9464	0.0419	0.0117
k141_70830	0.7826	0.1970	0.0203
k141_126352	0.9748	0.0181	0.0072
k141_34017	0.6491	0.2404	0.1106
k141_89074	0.6830	0.1859	0.1311
k141_48173	0.8814	0.0485	0.0701
k141_15971	0.5622	0.2733	0.1645
k141_107613	0.3275	0.4758	0.1967
k141_89075	0.9134	0.0522	0.0344
k141_70836	0.4396	0.0342	0.5263
k141_126353	0.9401	0.0448	0.0151
k141_144696	0.3438	0.2965	0.3596
k141_89076	0.6551	0.1951	0.1498
k141_126355	0.3406	0.4232	0.2363
k141_144697	0.9650	0.0240	0.0110
k141_70838	0.9262	0.0552	0.0186
k141_15973	0.9635	0.0240	0.0125
k141_107622	0.7226	0.1655	0.1119
k141_89082	0.3832	0.4181	0.1987
k141_144699	0.4518	0.3678	0.1804
k141_34033	0.6891	0.1832	0.1278
k141_144701	0.5074	0.2317	0.2609
k141_34034	0.9332	0.0511	0.0157
k141_89086	0.1807	0.1403	0.6790
k141_48175	0.9520	0.0373	0.0107
k141_144703	0.7661	0.1127	0.1211
k141_126367	0.9083	0.0691	0.0226
k141_15983	0.9540	0.0334	0.0126
k141_89090	0.5354	0.2824	0.1823
k141_15986	0.1140	0.3527	0.5334
k141_89093	0.0326	0.0184	0.9490
k141_15988	0.7790	0.1343	0.0868
k141_126375	0.9610	0.0296	0.0094
k141_34046	0.5309	0.4045	0.0646
k141_107642	0.1313	0.1293	0.7394
k141_15989	0.5014	0.1841	0.3145
k141_48181	0.1223	0.0565	0.8212
k141_15992	0.6858	0.2051	0.1091
k141_48182	0.2036	0.5555	0.2409
k141_107644	0.0812	0.0697	0.8490
k141_89101	0.3485	0.3752	0.2763
k141_15994	0.5186	0.2172	0.2642
k141_34049	0.1547	0.7910	0.0544
k141_144722	0.0899	0.4432	0.4668
k141_15995	0.9376	0.0465	0.0159
k141_70859	0.9788	0.0150	0.0062
k141_107648	0.8496	0.1255	0.0249
k141_34050	0.9415	0.0434	0.0152
k141_126378	0.9240	0.0512	0.0249
k141_89108	0.5326	0.3098	0.1576
k141_15998	0.1434	0.5766	0.2800
k141_48186	0.7410	0.2065	0.0525
k141_126380	0.8755	0.0740	0.0506
k141_34055	0.5328	0.2873	0.1799
k141_70867	0.8658	0.0964	0.0378
k141_107656	0.0178	0.0229	0.9593
k141_89116	0.8221	0.1441	0.0338
k141_70869	0.3041	0.5063	0.1897
k141_48191	0.9594	0.0322	0.0084
k141_34060	0.9802	0.0147	0.0051
k141_107659	0.4172	0.3897	0.1931
k141_144741	0.1345	0.5219	0.3436
k141_48194	0.6603	0.1895	0.1502
k141_107663	0.1060	0.0917	0.8024
k141_16014	0.1587	0.6799	0.1614
k141_70879	0.3483	0.4119	0.2398
k141_144747	0.7080	0.2086	0.0834
k141_16019	0.0249	0.0380	0.9370
k141_126400	0.9114	0.0387	0.0500
k141_70886	0.8082	0.1615	0.0302
k141_144750	0.9164	0.0655	0.0181
k141_34077	0.4553	0.2874	0.2573
k141_89135	0.2121	0.2354	0.5525
k141_126401	0.0448	0.0586	0.8966
k141_107672	0.3114	0.4929	0.1957
k141_126405	0.4044	0.4354	0.1602
k141_144755	0.9387	0.0438	0.0176
k141_48206	0.3531	0.1879	0.4590
k141_34081	0.1314	0.7621	0.1066
k141_70894	0.4499	0.3541	0.1960
k141_16030	0.0601	0.2056	0.7342
k141_107677	0.3142	0.4769	0.2088
k141_144757	0.9314	0.0452	0.0234
k141_16032	0.6109	0.1726	0.2165
k141_34084	0.0085	0.9873	0.0042
k141_70898	0.9475	0.0372	0.0153
k141_89146	0.0291	0.0196	0.9513
k141_70899	0.3756	0.4395	0.1850
k141_48212	0.8267	0.1142	0.0591
k141_16033	0.7513	0.1476	0.1012
k141_126411	0.9799	0.0145	0.0056
k141_16035	0.1550	0.1448	0.7001
k141_70903	0.4369	0.3192	0.2438
k141_48214	0.0370	0.0344	0.9286
k141_16036	0.4463	0.4219	0.1318
k141_16039	0.4308	0.4163	0.1529
k141_89154	0.8954	0.0825	0.0221
k141_126420	0.4148	0.4557	0.1294
k141_144780	0.9210	0.0587	0.0204
k141_16047	0.8934	0.0782	0.0284
k141_107700	0.5053	0.2792	0.2156
k141_107703	0.6063	0.1984	0.1953
k141_89163	0.4104	0.4807	0.1090
k141_34112	0.3073	0.2681	0.4246
k141_144787	0.3818	0.4255	0.1926
k141_107705	0.3061	0.2500	0.4440
k141_126432	0.9519	0.0340	0.0141
k141_70928	0.7260	0.1766	0.0974
k141_16056	0.0266	0.0502	0.9232
k141_126433	0.1040	0.8142	0.0818
k141_89166	0.0510	0.0276	0.9214
k141_16060	0.7317	0.1681	0.1002
k141_144794	0.8839	0.0868	0.0293
k141_89168	0.8145	0.1285	0.0569
k141_107715	0.2113	0.4201	0.3687
k141_126437	0.2272	0.0732	0.6996
k141_16065	0.6017	0.3750	0.0234
k141_70937	0.3985	0.2057	0.3959
k141_107717	0.2913	0.3489	0.3599
k141_34128	0.9462	0.0365	0.0173
k141_126440	0.1250	0.2636	0.6114
k141_107719	0.5241	0.2678	0.2081
k141_144808	0.8940	0.0815	0.0245
k141_16075	0.0428	0.0296	0.9276
k141_89176	0.9440	0.0422	0.0138
k141_34137	0.2900	0.3545	0.3556
k141_126444	0.2482	0.4418	0.3100
k141_16078	0.5221	0.3010	0.1769
k141_144815	0.7059	0.1780	0.1161
k141_70950	0.4576	0.3206	0.2217
k141_107726	0.0655	0.1545	0.7800
k141_48227	0.9350	0.0464	0.0186
k141_16083	0.1723	0.2355	0.5921
k141_70952	0.6862	0.1625	0.1513
k141_107727	0.9418	0.0413	0.0169
k141_126450	0.9343	0.0429	0.0228
k141_70953	0.1649	0.1304	0.7046
k141_16085	0.1467	0.4816	0.3717
k141_144821	0.0510	0.0363	0.9128
k141_34142	0.8994	0.0844	0.0162
k141_144825	0.7802	0.1539	0.0660
k141_107737	0.7125	0.1227	0.1649
k141_70964	0.8219	0.1225	0.0556
k141_89198	0.5400	0.2919	0.1681
k141_144834	0.7487	0.1838	0.0675
k141_126463	0.0734	0.0671	0.8595
k141_48241	0.6172	0.2325	0.1503
k141_70970	0.7606	0.1103	0.1291
k141_16105	0.5747	0.1688	0.2565
k141_144839	0.5328	0.1962	0.2709
k141_107748	0.9361	0.0470	0.0169
k141_70971	0.3421	0.5517	0.1062
k141_16109	0.9355	0.0454	0.0191
k141_48247	0.6860	0.1667	0.1473
k141_126475	0.3562	0.1570	0.4868
k141_89214	0.1641	0.1035	0.7324
k141_144843	0.2669	0.6618	0.0713
k141_70977	0.7802	0.1149	0.1049
k141_107756	0.2740	0.5101	0.2159
k141_48251	0.2660	0.3045	0.4295
k141_89218	0.5500	0.1985	0.2514
k141_144846	0.9574	0.0304	0.0122
k141_107760	0.8240	0.1361	0.0398
k141_34179	0.8816	0.0804	0.0380
k141_144850	0.0436	0.0372	0.9192
k141_89221	0.7560	0.1738	0.0701
k141_89223	0.4623	0.3173	0.2204
k141_48254	0.0698	0.0634	0.8668
k141_144857	0.6877	0.2419	0.0704
k141_70995	0.9384	0.0452	0.0164
k141_34188	0.5137	0.2827	0.2036
k141_144858	0.1290	0.1544	0.7165
k141_107771	0.0075	0.0139	0.9785
k141_48260	0.1694	0.4719	0.3588
k141_107774	0.9668	0.0233	0.0099
k141_70998	0.0866	0.3312	0.5821
k141_144863	0.0912	0.0695	0.8392
k141_48261	0.9345	0.0475	0.0179
k141_70999	0.5263	0.3422	0.1315
k141_34198	0.7420	0.1699	0.0880
k141_16137	0.1173	0.1210	0.7617
k141_89242	0.7927	0.1218	0.0855
k141_48266	0.9391	0.0454	0.0155
k141_107783	0.7666	0.1485	0.0848
k141_144873	0.1244	0.3700	0.5056
k141_48268	0.1375	0.3023	0.5602
k141_126518	0.7650	0.1571	0.0779
k141_89248	0.7649	0.2000	0.0352
k141_126519	0.3015	0.3525	0.3460
k141_89250	0.7029	0.2246	0.0725
k141_48271	0.4687	0.4326	0.0987
k141_144875	0.9588	0.0297	0.0115
k141_34204	0.9121	0.0692	0.0187
k141_71010	0.9459	0.0385	0.0155
k141_126526	0.4750	0.2919	0.2331
k141_89255	0.7658	0.1430	0.0911
k141_16158	0.4830	0.3311	0.1858
k141_107798	0.9424	0.0422	0.0154
k141_107801	0.0929	0.6112	0.2959
k141_71016	0.1238	0.7002	0.1761
k141_144887	0.6392	0.3251	0.0357
k141_34222	0.1865	0.2443	0.5692
k141_16162	0.9517	0.0338	0.0145
k141_89262	0.9357	0.0528	0.0115
k141_107804	0.9765	0.0168	0.0067
k141_126536	0.0078	0.0134	0.9788
k141_34226	0.4634	0.4120	0.1245
k141_48286	0.6704	0.2146	0.1150
k141_107807	0.9226	0.0566	0.0208
k141_144895	0.6779	0.2517	0.0703
k141_34230	0.9412	0.0397	0.0190
k141_107812	0.1074	0.2412	0.6513
k141_16172	0.1048	0.0761	0.8191
k141_48291	0.3381	0.5585	0.1034
k141_34233	0.0451	0.9014	0.0535
k141_126539	0.5003	0.4597	0.0400
k141_107813	0.6456	0.1752	0.1792
k141_144902	0.8117	0.1173	0.0709
k141_89277	0.9305	0.0497	0.0198
k141_107816	0.8347	0.1423	0.0230
k141_126546	0.8672	0.1017	0.0311
k141_48298	0.6389	0.2429	0.1182
k141_107817	0.8796	0.1005	0.0199
k141_34237	0.0335	0.0345	0.9320
k141_126548	0.6794	0.2510	0.0696
k141_144910	0.2384	0.3046	0.4570
k141_107818	0.5738	0.2850	0.1412
k141_107820	0.8803	0.0757	0.0439
k141_16186	0.0254	0.0465	0.9280
k141_48304	0.7082	0.2151	0.0767
k141_89291	0.8820	0.0868	0.0312
k141_126553	0.8545	0.1111	0.0344
k141_48305	0.5516	0.2301	0.2182
k141_126556	0.6827	0.2574	0.0599
k141_144923	0.7482	0.1547	0.0971
k141_48306	0.0028	0.9890	0.0082
k141_107826	0.5199	0.0696	0.4105
k141_126558	0.2303	0.4061	0.3636
k141_89300	0.8081	0.1114	0.0805
k141_34253	0.9616	0.0274	0.0110
k141_107829	0.6694	0.1857	0.1449
k141_107830	0.8430	0.0893	0.0677
k141_89303	0.9743	0.0197	0.0060
k141_126563	0.6449	0.1360	0.2191
k141_144931	0.3225	0.2714	0.4062
k141_16205	0.5989	0.2252	0.1759
k141_144933	0.6195	0.1793	0.2012
k141_107838	0.1132	0.6782	0.2086
k141_144938	0.2377	0.4434	0.3190
k141_107841	0.3125	0.2435	0.4440
k141_126567	0.9317	0.0518	0.0165
k141_144939	0.1062	0.0707	0.8230
k141_89313	0.9411	0.0411	0.0178
k141_107844	0.8828	0.0839	0.0333
k141_16216	0.0113	0.0266	0.9621
k141_34271	0.7360	0.1419	0.1221
k141_107846	0.4521	0.3172	0.2307
k141_144948	0.3306	0.4597	0.2097
k141_16219	0.8573	0.1081	0.0347
k141_89320	0.0437	0.2471	0.7092
k141_34274	0.7900	0.1201	0.0899
k141_107849	0.2097	0.2309	0.5594
k141_16221	0.6350	0.2650	0.1000
k141_126581	0.0135	0.0274	0.9591
k141_144957	0.0613	0.1596	0.7791
k141_126588	0.4427	0.3952	0.1621
k141_107853	0.8988	0.0765	0.0247
k141_34282	0.9162	0.0499	0.0339
k141_89334	0.1067	0.0350	0.8584
k141_48343	0.0462	0.0528	0.9010
k141_71034	0.0264	0.0204	0.9532
k141_126595	0.9251	0.0525	0.0224
k141_144968	0.8655	0.0893	0.0452
k141_107861	0.2578	0.2735	0.4687
k141_71037	0.7315	0.1224	0.1462
k141_48345	0.9553	0.0380	0.0067
k141_144972	0.3567	0.6019	0.0414
k141_71039	0.6282	0.2145	0.1574
k141_126602	0.3980	0.4976	0.1044
k141_89345	0.9082	0.0662	0.0256
k141_16250	0.7434	0.1587	0.0979
k141_89348	0.1526	0.1267	0.7207
k141_34297	0.9779	0.0175	0.0046
k141_107876	0.0120	0.0159	0.9721
k141_89350	0.7910	0.1686	0.0404
k141_107877	0.9373	0.0470	0.0158
k141_34303	0.7082	0.2098	0.0820
k141_71054	0.7092	0.2172	0.0737
k141_16259	0.4532	0.3780	0.1688
k141_34305	0.9550	0.0316	0.0134
k141_71056	0.8939	0.0797	0.0265
k141_107884	0.0116	0.0276	0.9608
k141_89357	0.7804	0.1612	0.0584
k141_71061	0.5154	0.2420	0.2426
k141_48347	0.9089	0.0681	0.0230
k141_107888	0.6246	0.2418	0.1336
k141_71062	0.6798	0.2020	0.1182
k141_126611	0.9658	0.0248	0.0094
k141_16268	0.2796	0.1258	0.5946
k141_89366	0.1371	0.2939	0.5690
k141_71063	0.2129	0.1379	0.6492
k141_107893	0.0155	0.0159	0.9686
k141_34320	0.8667	0.0943	0.0390
k141_126616	0.9786	0.0156	0.0058
k141_89370	0.3365	0.3850	0.2785
k141_145006	0.9455	0.0366	0.0179
k141_107900	0.1793	0.2157	0.6050
k141_34326	0.7580	0.1397	0.1022
k141_145011	0.7432	0.1084	0.1485
k141_89374	0.9375	0.0450	0.0175
k141_16278	0.7289	0.1803	0.0908
k141_145012	0.8392	0.1273	0.0335
k141_107905	0.1295	0.1882	0.6824
k141_34331	0.0606	0.0310	0.9084
k141_126628	0.7682	0.1662	0.0656
k141_71077	0.1070	0.0965	0.7966
k141_34332	0.1205	0.5879	0.2916
k141_89381	0.5922	0.1818	0.2260
k141_107912	0.8944	0.0803	0.0253
k141_89382	0.7921	0.1277	0.0801
k141_16288	0.5892	0.2279	0.1829
k141_48368	0.6259	0.2222	0.1519
k141_145019	0.7261	0.1718	0.1021
k141_34338	0.1355	0.2190	0.6454
k141_126639	0.1792	0.2581	0.5628
k141_48369	0.9609	0.0256	0.0134
k141_145024	0.2741	0.4445	0.2814
k141_16292	0.8022	0.0997	0.0981
k141_107919	0.3175	0.5141	0.1684
k141_34344	0.1309	0.1125	0.7565
k141_71092	0.8262	0.1284	0.0455
k141_89389	0.6889	0.2439	0.0672
k141_16294	0.1223	0.2206	0.6571
k141_89390	0.5130	0.4152	0.0718
k141_107923	0.9528	0.0371	0.0101
k141_145033	0.9395	0.0448	0.0157
k141_34351	0.4925	0.2928	0.2147
k141_126652	0.4601	0.5002	0.0397
k141_48381	0.5034	0.3565	0.1401
k141_89398	0.9195	0.0658	0.0146
k141_145035	0.7768	0.0918	0.1314
k141_16300	0.5547	0.3523	0.0930
k141_71095	0.0096	0.0148	0.9756
k141_16302	0.1446	0.3249	0.5305
k141_107932	0.7997	0.1602	0.0401
k141_34352	0.9221	0.0598	0.0181
k141_89405	0.5242	0.3123	0.1635
k141_16307	0.9375	0.0458	0.0167
k141_48386	0.5251	0.3657	0.1093
k141_34359	0.7363	0.1358	0.1279
k141_145046	0.0215	0.0241	0.9543
k141_126672	0.9431	0.0399	0.0170
k141_145047	0.7278	0.1298	0.1424
k141_34362	0.2403	0.7373	0.0224
k141_89414	0.5630	0.2481	0.1888
k141_71110	0.6709	0.1358	0.1933
k141_16316	0.7395	0.1361	0.1244
k141_107943	0.3483	0.5491	0.1025
k141_48389	0.5433	0.3170	0.1396
k141_126675	0.8892	0.0632	0.0476
k141_145051	0.0194	0.0198	0.9608
k141_107945	0.6146	0.2628	0.1226
k141_89418	0.5088	0.4314	0.0598
k141_71115	0.3378	0.3999	0.2623
k141_34370	0.3778	0.1942	0.4279
k141_126676	0.5286	0.1869	0.2845
k141_126677	0.3026	0.2318	0.4655
k141_107949	0.6412	0.2030	0.1558
k141_126679	0.3707	0.2907	0.3386
k141_145062	0.7457	0.2099	0.0444
k141_89431	0.6999	0.1626	0.1376
k141_16334	0.7627	0.1296	0.1077
k141_107958	0.5460	0.2195	0.2345
k141_145065	0.2378	0.4592	0.3030
k141_34383	0.6604	0.2297	0.1099
k141_71135	0.4404	0.4919	0.0677
k141_145072	0.6092	0.2446	0.1462
k141_71137	0.0216	0.9572	0.0212
k141_89445	0.7367	0.1428	0.1205
k141_71138	0.1691	0.1860	0.6449
k141_89446	0.6066	0.2527	0.1407
k141_126705	0.2469	0.1875	0.5657
k141_48392	0.9039	0.0719	0.0243
k141_71144	0.2286	0.1663	0.6052
k141_107977	0.9461	0.0447	0.0091
k141_34402	0.0655	0.0387	0.8958
k141_89449	0.0253	0.0941	0.8806
k141_145084	0.8930	0.0858	0.0212
k141_107978	0.9460	0.0395	0.0145
k141_71146	0.9703	0.0201	0.0096
k141_89450	0.1098	0.6366	0.2535
k141_16350	0.6831	0.1931	0.1239
k141_48397	0.1474	0.2096	0.6430
k141_34407	0.8758	0.0769	0.0473
k141_145093	0.3881	0.3214	0.2905
k141_48399	0.9383	0.0459	0.0159
k141_16355	0.0548	0.0650	0.8802
k141_71154	0.6348	0.2635	0.1017
k141_145095	0.9679	0.0254	0.0067
k141_34413	0.1400	0.6198	0.2402
k141_89463	0.8612	0.1041	0.0347
k141_107990	0.3498	0.2498	0.4004
k141_16360	0.8285	0.1279	0.0436
k141_71161	0.4672	0.3929	0.1399
k141_145099	0.4668	0.4261	0.1071
k141_89469	0.8867	0.0866	0.0266
k141_34423	0.4566	0.1983	0.3451
k141_145101	0.5272	0.3289	0.1439
k141_16367	0.6728	0.2334	0.0939
k141_89470	0.3078	0.4421	0.2500
k141_71162	0.3154	0.6423	0.0423
k141_108000	0.8516	0.1213	0.0271
k141_16370	0.3669	0.3584	0.2747
k141_89474	0.4570	0.3337	0.2093
k141_145107	0.7129	0.0924	0.1947
k141_34430	0.9560	0.0315	0.0125
k141_108006	0.3440	0.3395	0.3165
k141_89476	0.7172	0.1316	0.1512
k141_145112	0.8635	0.0942	0.0423
k141_89482	0.5257	0.1723	0.3020
k141_48411	0.8869	0.0862	0.0268
k141_89484	0.0302	0.0241	0.9457
k141_16380	0.0188	0.0270	0.9541
k141_108018	0.9117	0.0654	0.0230
k141_34440	0.8934	0.0868	0.0198
k141_108019	0.4578	0.3609	0.1813
k141_71183	0.9402	0.0404	0.0194
k141_126763	0.9535	0.0354	0.0112
k141_16387	0.5789	0.2287	0.1923
k141_71187	0.9124	0.0594	0.0282
k141_34449	0.9198	0.0548	0.0254
k141_71188	0.0251	0.0483	0.9265
k141_89499	0.9796	0.0149	0.0055
k141_48423	0.6476	0.2470	0.1054
k141_89501	0.2520	0.3712	0.3768
k141_126772	0.2529	0.3894	0.3577
k141_108033	0.4633	0.3319	0.2047
k141_145137	0.1824	0.1897	0.6279
k141_34457	0.7048	0.1405	0.1547
k141_126773	0.9291	0.0522	0.0187
k141_71193	0.0889	0.4673	0.4439
k141_89504	0.7476	0.1819	0.0705
k141_34461	0.0873	0.0363	0.8764
k141_89505	0.8846	0.0899	0.0255
k141_145142	0.1637	0.6889	0.1474
k141_108038	0.6097	0.1310	0.2593
k141_71197	0.1456	0.1737	0.6807
k141_126778	0.9712	0.0223	0.0065
k141_34464	0.1241	0.1021	0.7739
k141_108039	0.4823	0.2891	0.2286
k141_16407	0.9436	0.0393	0.0171
k141_126779	0.0501	0.7667	0.1832
k141_34465	0.6703	0.1039	0.2258
k141_108041	0.9326	0.0555	0.0119
k141_16408	0.0719	0.7750	0.1531
k141_34468	0.1664	0.1065	0.7271
k141_108043	0.2687	0.3684	0.3629
k141_71205	0.9095	0.0759	0.0146
k141_89513	0.6418	0.1833	0.1749
k141_48442	0.6050	0.1726	0.2224
k141_108050	0.5604	0.3593	0.0803
k141_16420	0.0537	0.0400	0.9063
k141_34480	0.6887	0.2338	0.0775
k141_48449	0.6276	0.2206	0.1518
k141_71209	0.6237	0.3165	0.0597
k141_89525	0.9325	0.0518	0.0158
k141_145167	0.7902	0.1392	0.0706
k141_71211	0.4749	0.0871	0.4380
k141_34485	0.7214	0.1748	0.1038
k141_89527	0.1487	0.1355	0.7159
k141_34486	0.0135	0.0199	0.9666
k141_89530	0.9585	0.0299	0.0116
k141_71218	0.7209	0.1594	0.1198
k141_126805	0.9719	0.0202	0.0079
k141_34489	0.0620	0.2560	0.6820
k141_71219	0.9054	0.0704	0.0242
k141_16441	0.9546	0.0354	0.0100
k141_48459	0.8099	0.1441	0.0459
k141_89533	0.6560	0.2154	0.1285
k141_71220	0.9567	0.0322	0.0111
k141_126811	0.9693	0.0245	0.0062
k141_34496	0.5560	0.3915	0.0524
k141_108077	0.0148	0.0317	0.9535
k141_48461	0.7835	0.1106	0.1058
k141_71226	0.2413	0.1674	0.5913
k141_145190	0.0353	0.0552	0.9095
k141_145192	0.3282	0.1826	0.4893
k141_89540	0.9695	0.0220	0.0084
k141_126820	0.7533	0.1307	0.1160
k141_108083	0.8552	0.1152	0.0296
k141_48465	0.3028	0.1149	0.5823
k141_89543	0.9179	0.0592	0.0229
k141_16460	0.3945	0.3469	0.2585
k141_71238	0.9597	0.0289	0.0113
k141_34509	0.7987	0.1519	0.0494
k141_126827	0.6233	0.2680	0.1087
k141_48468	0.3170	0.4358	0.2471
k141_16461	0.1972	0.2882	0.5146
k141_126829	0.5698	0.2274	0.2028
k141_34511	0.9464	0.0417	0.0120
k141_145203	0.2661	0.4256	0.3082
k141_89551	0.7568	0.2056	0.0376
k141_71244	0.6484	0.1927	0.1589
k141_108092	0.9705	0.0212	0.0083
k141_126832	0.9520	0.0342	0.0137
k141_89552	0.9521	0.0366	0.0114
k141_145211	0.3423	0.4699	0.1878
k141_71249	0.1032	0.1077	0.7891
k141_89553	0.9773	0.0168	0.0059
k141_108097	0.1578	0.0636	0.7786
k141_126838	0.9058	0.0658	0.0284
k141_145214	0.3264	0.6164	0.0572
k141_108101	0.0638	0.3373	0.5989
k141_89561	0.2938	0.5163	0.1899
k141_71259	0.7796	0.1434	0.0770
k141_126850	0.0917	0.3397	0.5685
k141_16467	0.9683	0.0225	0.0092
k141_34537	0.6174	0.1664	0.2162
k141_89565	0.9475	0.0394	0.0131
k141_48491	0.4894	0.4306	0.0800
k141_108110	0.8137	0.0952	0.0911
k141_145217	0.0582	0.8662	0.0756
k141_71268	0.3859	0.3301	0.2840
k141_89570	0.5300	0.4050	0.0650
k141_126855	0.8091	0.1187	0.0723
k141_34544	0.8830	0.0749	0.0421
k141_71275	0.2579	0.3235	0.4187
k141_48496	0.9626	0.0287	0.0086
k141_145225	0.9602	0.0287	0.0111
k141_126862	0.5797	0.2121	0.2082
k141_71280	0.6390	0.2700	0.0910
k141_34549	0.7890	0.0973	0.1137
k141_108125	0.0523	0.1598	0.7879
k141_89583	0.9591	0.0288	0.0121
k141_48501	0.7740	0.1171	0.1089
k141_108127	0.9197	0.0583	0.0220
k141_145234	0.2274	0.2035	0.5691
k141_126868	0.8947	0.0795	0.0258
k141_108130	0.9366	0.0460	0.0174
k141_16495	0.4986	0.2812	0.2201
k141_71289	0.7951	0.1392	0.0657
k141_16496	0.1469	0.1135	0.7396
k141_108131	0.9468	0.0389	0.0144
k141_48507	0.0659	0.0443	0.8898
k141_16499	0.6061	0.3284	0.0656
k141_89600	0.6660	0.1957	0.1384
k141_34566	0.6112	0.2277	0.1611
k141_16502	0.3588	0.5374	0.1038
k141_34567	0.5757	0.2543	0.1700
k141_89604	0.1665	0.1619	0.6716
k141_89607	0.7267	0.2011	0.0722
k141_71299	0.9202	0.0587	0.0211
k141_108145	0.3513	0.5632	0.0854
k141_34574	0.4577	0.5037	0.0387
k141_16511	0.8764	0.0984	0.0252
k141_71300	0.9435	0.0399	0.0166
k141_89608	0.9573	0.0318	0.0110
k141_108147	0.7526	0.1494	0.0979
k141_145260	0.2139	0.1535	0.6326
k141_16512	0.9749	0.0181	0.0071
k141_126898	0.0930	0.4068	0.5002
k141_34585	0.7161	0.1735	0.1105
k141_16519	0.9434	0.0413	0.0153
k141_71313	0.0227	0.0763	0.9010
k141_34587	0.8858	0.0672	0.0470
k141_145270	0.9277	0.0563	0.0161
k141_108162	0.9249	0.0559	0.0193
k141_145271	0.4590	0.3188	0.2222
k141_16526	0.6845	0.2378	0.0778
k141_34591	0.8363	0.0789	0.0848
k141_145274	0.6019	0.2713	0.1268
k141_16531	0.4566	0.1431	0.4004
k141_126918	0.9137	0.0651	0.0212
k141_71323	0.0223	0.0287	0.9490
k141_34602	0.8921	0.0747	0.0331
k141_48542	0.3881	0.2411	0.3708
k141_108180	0.9149	0.0563	0.0288
k141_34603	0.9581	0.0330	0.0088
k141_126929	0.0837	0.2913	0.6251
k141_71331	0.2223	0.3442	0.4336
k141_16542	0.3514	0.4770	0.1716
k141_108185	0.6758	0.1891	0.1351
k141_34606	0.9425	0.0418	0.0157
k141_126935	0.0286	0.1165	0.8549
k141_108188	0.6108	0.2377	0.1515
k141_145276	0.9420	0.0439	0.0141
k141_16547	0.0898	0.0488	0.8615
k141_48551	0.8537	0.1186	0.0277
k141_71344	0.0717	0.3813	0.5470
k141_16548	0.6320	0.1968	0.1711
k141_108194	0.3420	0.1201	0.5379
k141_71347	0.9027	0.0791	0.0182
k141_34617	0.4067	0.3932	0.2001
k141_145285	0.5679	0.2031	0.2290
k141_108197	0.9597	0.0308	0.0095
k141_71351	0.8451	0.0910	0.0639
k141_89625	0.9695	0.0216	0.0089
k141_126952	0.8734	0.0969	0.0298
k141_71352	0.6913	0.1387	0.1700
k141_145294	0.5963	0.2132	0.1905
k141_16563	0.6366	0.2711	0.0924
k141_108202	0.0010	0.9959	0.0031
k141_126956	0.5709	0.2622	0.1669
k141_145297	0.1995	0.5603	0.2402
k141_71365	0.9540	0.0346	0.0114
k141_126957	0.4318	0.3801	0.1881
k141_145303	0.7947	0.1095	0.0958
k141_108208	0.8456	0.1245	0.0299
k141_34638	0.9473	0.0373	0.0154
k141_48575	0.4053	0.3312	0.2635
k141_34641	0.9463	0.0445	0.0093
k141_89643	0.8264	0.1358	0.0378
k141_71371	0.6776	0.2154	0.1071
k141_16580	0.1838	0.6297	0.1865
k141_48578	0.2127	0.2051	0.5822
k141_71373	0.5342	0.3433	0.1225
k141_126967	0.2802	0.1845	0.5353
k141_108215	0.9262	0.0561	0.0177
k141_16584	0.9568	0.0332	0.0100
k141_108217	0.8909	0.0803	0.0288
k141_126969	0.8641	0.0899	0.0459
k141_48580	0.1116	0.1580	0.7304
k141_89653	0.9561	0.0310	0.0129
k141_71379	0.8598	0.1064	0.0338
k141_108222	0.1793	0.1848	0.6359
k141_16594	0.4566	0.4083	0.1351
k141_34662	0.5948	0.1925	0.2127
k141_108228	0.5887	0.2418	0.1695
k141_71386	0.7513	0.1472	0.1015
k141_126973	0.9629	0.0267	0.0104
k141_34663	0.9092	0.0633	0.0275
k141_71388	0.6079	0.2057	0.1864
k141_89663	0.3453	0.5500	0.1048
k141_126976	0.0224	0.0266	0.9510
k141_48589	0.3868	0.3585	0.2547
k141_145333	0.8718	0.0846	0.0436
k141_145336	0.5644	0.2807	0.1550
k141_126982	0.3440	0.3930	0.2629
k141_16610	0.3321	0.4557	0.2123
k141_126983	0.6915	0.1573	0.1512
k141_48590	0.9527	0.0338	0.0134
k141_145341	0.4355	0.4076	0.1569
k141_108247	0.5695	0.2147	0.2157
k141_89679	0.7050	0.1981	0.0969
k141_145345	0.5983	0.3541	0.0476
k141_126990	0.4695	0.1558	0.3746
k141_145346	0.3538	0.3947	0.2515
k141_108250	0.4531	0.3390	0.2078
k141_71408	0.7309	0.1436	0.1256
k141_48596	0.7480	0.1699	0.0821
k141_126994	0.9639	0.0267	0.0094
k141_145352	0.4458	0.3405	0.2138
k141_48598	0.8408	0.1012	0.0580
k141_16627	0.8181	0.1247	0.0572
k141_89694	0.8378	0.1036	0.0586
k141_71424	0.4846	0.2874	0.2281
k141_126998	0.9734	0.0181	0.0085
k141_145363	0.4464	0.3188	0.2348
k141_34700	0.1759	0.1149	0.7092
k141_89700	0.7997	0.1428	0.0575
k141_108267	0.7925	0.0907	0.1168
k141_145369	0.8616	0.1145	0.0239
k141_16642	0.2897	0.0358	0.6745
k141_108268	0.6009	0.2235	0.1755
k141_127002	0.0717	0.3673	0.5610
k141_16643	0.2212	0.4610	0.3178
k141_71432	0.4872	0.3539	0.1589
k141_89705	0.4999	0.2078	0.2923
k141_71433	0.8051	0.1350	0.0599
k141_16646	0.9369	0.0475	0.0156
k141_48615	0.1309	0.0302	0.8389
k141_34709	0.9131	0.0636	0.0233
k141_16649	0.9618	0.0259	0.0123
k141_48616	0.8162	0.1458	0.0380
k141_108282	0.9217	0.0623	0.0159
k141_145386	0.6836	0.1459	0.1706
k141_16652	0.5435	0.2714	0.1851
k141_34715	0.5980	0.2166	0.1854
k141_89718	0.9740	0.0189	0.0071
k141_89720	0.2513	0.4875	0.2612
k141_71452	0.9119	0.0634	0.0247
k141_108287	0.0217	0.0554	0.9230
k141_145391	0.9614	0.0277	0.0110
k141_71457	0.8313	0.1350	0.0336
k141_145393	0.2751	0.2121	0.5128
k141_89726	0.6945	0.1938	0.1117
k141_108294	0.6485	0.2657	0.0858
k141_34729	0.7467	0.1473	0.1059
k141_89728	0.9501	0.0356	0.0142
k141_48629	0.9669	0.0243	0.0088
k141_71459	0.9699	0.0213	0.0088
k141_89730	0.7448	0.1399	0.1153
k141_127040	0.9033	0.0732	0.0235
k141_34737	0.2441	0.1598	0.5961
k141_48631	0.9242	0.0561	0.0196
k141_89737	0.8729	0.0884	0.0387
k141_16681	0.2140	0.1524	0.6336
k141_34742	0.3707	0.5397	0.0895
k141_89739	0.2211	0.2170	0.5619
k141_71468	0.9731	0.0198	0.0070
k141_16687	0.6549	0.2251	0.1200
k141_127055	0.1553	0.0873	0.7574
k141_89748	0.7972	0.1741	0.0287
k141_108304	0.9520	0.0339	0.0141
k141_71477	0.9668	0.0257	0.0075
k141_127057	0.0374	0.2693	0.6932
k141_145425	0.0036	0.9881	0.0083
k141_127059	0.9457	0.0381	0.0162
k141_48646	0.9107	0.0511	0.0383
k141_71480	0.9712	0.0208	0.0079
k141_16700	0.7205	0.2036	0.0759
k141_34753	0.5294	0.0618	0.4088
k141_127062	0.0581	0.0458	0.8960
k141_108314	0.4205	0.5356	0.0439
k141_16702	0.5443	0.3054	0.1503
k141_34756	0.4025	0.3104	0.2870
k141_71487	0.8471	0.0989	0.0540
k141_127071	0.5656	0.2715	0.1629
k141_34762	0.9804	0.0144	0.0052
k141_71491	0.8062	0.1129	0.0809
k141_16710	0.9596	0.0290	0.0114
k141_34764	0.7848	0.1326	0.0826
k141_89761	0.0134	0.0151	0.9715
k141_145426	0.9601	0.0283	0.0116
k141_127072	0.6195	0.2029	0.1776
k141_16713	0.7412	0.1677	0.0910
k141_145427	0.5599	0.2992	0.1409
k141_34766	0.0202	0.0358	0.9441
k141_89765	0.6450	0.2116	0.1434
k141_145429	0.1009	0.1667	0.7324
k141_16717	0.9142	0.0636	0.0222
k141_71499	0.9781	0.0156	0.0063
k141_34776	0.1384	0.4891	0.3725
k141_71502	0.6226	0.2074	0.1700
k141_16723	0.1456	0.4611	0.3933
k141_89774	0.0683	0.7503	0.1814
k141_127081	0.9590	0.0288	0.0121
k141_34778	0.6104	0.2277	0.1619
k141_145435	0.2170	0.6981	0.0849
k141_89779	0.6810	0.2129	0.1061
k141_108350	0.4289	0.3779	0.1931
k141_71505	0.2714	0.2040	0.5246
k141_34780	0.5458	0.2224	0.2318
k141_127087	0.4060	0.4452	0.1488
k141_34781	0.4408	0.3685	0.1906
k141_108353	0.8806	0.0822	0.0372
k141_89784	0.6792	0.2964	0.0244
k141_48678	0.9233	0.0550	0.0218
k141_16736	0.5233	0.3117	0.1650
k141_108355	0.9504	0.0319	0.0177
k141_16739	0.7094	0.2092	0.0814
k141_89787	0.9489	0.0376	0.0135
k141_127097	0.7021	0.2040	0.0939
k141_48684	0.0873	0.0442	0.8685
k141_108361	0.7629	0.1668	0.0703
k141_127099	0.7263	0.1763	0.0974
k141_16746	0.7206	0.1901	0.0893
k141_71520	0.9637	0.0259	0.0105
k141_145460	0.8701	0.0836	0.0463
k141_127104	0.6086	0.1714	0.2200
k141_48691	0.8972	0.0689	0.0339
k141_16751	0.3955	0.4413	0.1632
k141_89800	0.7212	0.0641	0.2147
k141_145466	0.0403	0.1464	0.8132
k141_16752	0.7097	0.1727	0.1176
k141_108369	0.9429	0.0383	0.0189
k141_34816	0.5807	0.2460	0.1733
k141_127110	0.4733	0.4520	0.0747
k141_16757	0.3508	0.4751	0.1740
k141_71537	0.4881	0.3628	0.1490
k141_34820	0.8776	0.0969	0.0255
k141_145474	0.5513	0.2078	0.2409
k141_127117	0.8783	0.0730	0.0486
k141_16765	0.7111	0.2230	0.0659
k141_127118	0.2782	0.0930	0.6288
k141_48702	0.4763	0.3398	0.1839
k141_71543	0.4532	0.2709	0.2759
k141_108385	0.5270	0.2789	0.1942
k141_16768	0.2184	0.2284	0.5531
k141_145481	0.8949	0.0763	0.0288
k141_127120	0.9347	0.0441	0.0212
k141_89820	0.5660	0.3795	0.0545
k141_127121	0.6285	0.2198	0.1517
k141_71548	0.6853	0.2289	0.0857
k141_145484	0.4466	0.4115	0.1419
k141_16771	0.7015	0.1663	0.1322
k141_108391	0.6445	0.2523	0.1032
k141_145486	0.8167	0.1208	0.0625
k141_34837	0.0037	0.9934	0.0028
k141_48709	0.6371	0.2079	0.1550
k141_89826	0.7748	0.1244	0.1008
k141_34839	0.5166	0.3168	0.1666
k141_127124	0.9519	0.0332	0.0150
k141_16776	0.1898	0.7298	0.0804
k141_89828	0.9173	0.0586	0.0241
k141_145489	0.7242	0.2511	0.0247
k141_127126	0.1113	0.2312	0.6575
k141_34843	0.2107	0.3455	0.4438
k141_34844	0.8951	0.0840	0.0209
k141_48718	0.7388	0.1460	0.1152
k141_127130	0.0932	0.1935	0.7134
k141_127131	0.1197	0.7174	0.1629
k141_108410	0.9795	0.0144	0.0061
k141_48720	0.9189	0.0635	0.0175
k141_71562	0.9161	0.0688	0.0151
k141_34856	0.6614	0.1856	0.1530
k141_89846	0.6094	0.3141	0.0765
k141_34858	0.0855	0.8245	0.0900
k141_127142	0.7826	0.1546	0.0628
k141_89847	0.7482	0.1285	0.1233
k141_16800	0.4191	0.3635	0.2174
k141_48726	0.7974	0.1722	0.0303
k141_34860	0.5313	0.2721	0.1966
k141_71571	0.9673	0.0237	0.0090
k141_48727	0.2830	0.4557	0.2613
k141_108417	0.0162	0.0162	0.9676
k141_127147	0.9691	0.0224	0.0085
k141_145520	0.6495	0.2429	0.1077
k141_16807	0.4358	0.2636	0.3006
k141_108422	0.2626	0.1650	0.5724
k141_145523	0.1876	0.5338	0.2786
k141_108427	0.7986	0.1498	0.0516
k141_145528	0.6971	0.1824	0.1204
k141_48736	0.9824	0.0132	0.0044
k141_71587	0.3265	0.2653	0.4082
k141_16821	0.9627	0.0283	0.0090
k141_145529	0.5395	0.4303	0.0302
k141_71590	0.9372	0.0459	0.0169
k141_89877	0.9580	0.0290	0.0130
k141_108439	0.4132	0.2690	0.3178
k141_48741	0.6170	0.2627	0.1204
k141_71594	0.2831	0.3109	0.4060
k141_34893	0.6231	0.2248	0.1522
k141_145539	0.6261	0.3336	0.0403
k141_34894	0.7609	0.1763	0.0628
k141_108447	0.5526	0.1987	0.2487
k141_16835	0.8912	0.0846	0.0242
k141_89885	0.9080	0.0671	0.0250
k141_16837	0.7520	0.1283	0.1198
k141_71603	0.0505	0.9056	0.0439
k141_108452	0.6210	0.3563	0.0227
k141_48744	0.5771	0.3157	0.1072
k141_89890	0.0815	0.0282	0.8903
k141_34903	0.9757	0.0177	0.0065
k141_89891	0.8823	0.0750	0.0426
k141_71610	0.1634	0.1588	0.6779
k141_127166	0.9646	0.0244	0.0110
k141_34906	0.6197	0.2966	0.0837
k141_127167	0.9333	0.0501	0.0167
k141_108460	0.1353	0.1339	0.7308
k141_16846	0.9244	0.0514	0.0242
k141_145551	0.1620	0.0760	0.7620
k141_71614	0.4316	0.1782	0.3901
k141_34909	0.8323	0.1360	0.0317
k141_16847	0.7558	0.1138	0.1304
k141_71615	0.5783	0.2943	0.1274
k141_108463	0.9404	0.0427	0.0169
k141_127176	0.4224	0.2506	0.3270
k141_48756	0.9355	0.0483	0.0162
k141_34917	0.4518	0.2345	0.3137
k141_127179	0.5672	0.3107	0.1221
k141_16855	0.5450	0.1987	0.2562
k141_108467	0.0429	0.0400	0.9171
k141_108468	0.6472	0.1690	0.1838
k141_16860	0.5245	0.2119	0.2637
k141_48765	0.7404	0.1309	0.1287
k141_16861	0.2170	0.3559	0.4271
k141_108475	0.1609	0.5196	0.3195
k141_48768	0.6673	0.1643	0.1684
k141_127193	0.8058	0.1406	0.0536
k141_34926	0.9433	0.0407	0.0159
k141_145553	0.9818	0.0131	0.0051
k141_16866	0.0582	0.0930	0.8488
k141_34927	0.1830	0.5297	0.2872
k141_108480	0.2111	0.2387	0.5501
k141_71618	0.9629	0.0262	0.0109
k141_145556	0.3280	0.4283	0.2437
k141_34932	0.9171	0.0655	0.0174
k141_108483	0.5808	0.2947	0.1245
k141_127200	0.1135	0.6402	0.2463
k141_71623	0.8705	0.0936	0.0359
k141_34935	0.9433	0.0410	0.0157
k141_16877	0.8087	0.1456	0.0456
k141_48776	0.6246	0.3287	0.0467
k141_34940	0.6472	0.1780	0.1748
k141_145569	0.9301	0.0529	0.0169
k141_34941	0.0542	0.0866	0.8592
k141_127208	0.6892	0.2004	0.1104
k141_89946	0.3432	0.3346	0.3222
k141_71631	0.1111	0.7101	0.1788
k141_48781	0.9368	0.0477	0.0155
k141_16887	0.9211	0.0594	0.0195
k141_108498	0.5526	0.2006	0.2468
k141_71634	0.2587	0.5088	0.2325
k141_16890	0.6898	0.2097	0.1005
k141_127216	0.6669	0.2241	0.1089
k141_48787	0.7636	0.1858	0.0506
k141_89959	0.2033	0.0395	0.7571
k141_34952	0.8556	0.0935	0.0510
k141_16893	0.7797	0.1119	0.1084
k141_108502	0.9476	0.0376	0.0148
k141_71643	0.7154	0.1278	0.1568
k141_127222	0.6266	0.2832	0.0902
k141_89962	0.3755	0.4051	0.2194
k141_71645	0.0677	0.7939	0.1384
k141_48790	0.2740	0.6145	0.1115
k141_71647	0.1703	0.1576	0.6721
k141_108508	0.4523	0.3337	0.2140
k141_89966	0.6460	0.2291	0.1249
k141_127225	0.0175	0.0207	0.9618
k141_16896	0.8501	0.1195	0.0304
k141_48791	0.7906	0.1322	0.0772
k141_71649	0.2369	0.5207	0.2424
k141_48792	0.5811	0.3342	0.0847
k141_71652	0.0183	0.0169	0.9647
k141_16901	0.4522	0.2749	0.2729
k141_145588	0.8763	0.0896	0.0341
k141_108514	0.6439	0.2103	0.1459
k141_89974	0.7458	0.1844	0.0698
k141_127237	0.4848	0.2421	0.2731
k141_16904	0.0531	0.8887	0.0581
k141_127240	0.0149	0.0381	0.9470
k141_16906	0.1838	0.0616	0.7546
k141_71662	0.9659	0.0283	0.0058
k141_145602	0.9453	0.0318	0.0229
k141_127245	0.6822	0.2087	0.1091
k141_16909	0.7690	0.1196	0.1114
k141_145603	0.5837	0.2085	0.2078
k141_71668	0.9064	0.0696	0.0239
k141_16911	0.0288	0.0699	0.9013
k141_34991	0.9119	0.0557	0.0324
k141_89993	0.0100	0.0189	0.9712
k141_16914	0.1568	0.0434	0.7998
k141_127246	0.9588	0.0286	0.0126
k141_34994	0.6690	0.2212	0.1098
k141_16915	0.6914	0.1783	0.1303
k141_108534	0.5523	0.3632	0.0845
k141_48811	0.5455	0.2828	0.1718
k141_127250	0.2521	0.1492	0.5986
k141_71677	0.8000	0.0735	0.1265
k141_34995	0.8151	0.0571	0.1278
k141_71679	0.4126	0.4615	0.1258
k141_145621	0.5076	0.1922	0.3002
k141_16927	0.7596	0.1462	0.0942
k141_108545	0.5538	0.3048	0.1414
k141_71688	0.7958	0.1671	0.0371
k141_16928	0.4699	0.1934	0.3366
k141_48822	0.0324	0.0323	0.9353
k141_127266	0.6295	0.2847	0.0858
k141_90004	0.9692	0.0218	0.0090
k141_71691	0.0530	0.1077	0.8393
k141_108551	0.7577	0.1528	0.0895
k141_16935	0.1473	0.1084	0.7443
k141_90006	0.7775	0.1764	0.0461
k141_108555	0.5011	0.3598	0.1391
k141_145636	0.4401	0.4228	0.1371
k141_127273	0.8015	0.1396	0.0589
k141_35021	0.5504	0.3082	0.1414
k141_127274	0.5540	0.2422	0.2038
k141_71700	0.9011	0.0723	0.0267
k141_16941	0.2987	0.4495	0.2519
k141_35023	0.6487	0.1859	0.1655
k141_108560	0.9154	0.0657	0.0188
k141_16943	0.5303	0.2605	0.2092
k141_90016	0.9518	0.0349	0.0133
k141_35026	0.6013	0.3438	0.0549
k141_16947	0.7067	0.1438	0.1495
k141_90023	0.6641	0.2121	0.1238
k141_48839	0.7850	0.1228	0.0922
k141_35030	0.6030	0.2336	0.1634
k141_145650	0.6130	0.2724	0.1146
k141_108566	0.1023	0.7461	0.1517
k141_145653	0.9561	0.0332	0.0106
k141_71716	0.0662	0.7528	0.1810
k141_48842	0.0170	0.0231	0.9599
k141_127298	0.6569	0.2080	0.1351
k141_127299	0.9165	0.0639	0.0197
k141_145665	0.5810	0.2946	0.1244
k141_71724	0.1793	0.3398	0.4808
k141_16964	0.6808	0.2205	0.0987
k141_108574	0.7102	0.1248	0.1651
k141_35048	0.8870	0.0840	0.0290
k141_48847	0.0664	0.0555	0.8782
k141_90039	0.9296	0.0455	0.0248
k141_16966	0.8836	0.0871	0.0293
k141_145669	0.7822	0.1550	0.0629
k141_127304	0.6883	0.1687	0.1430
k141_35052	0.0176	0.9743	0.0082
k141_71732	0.1284	0.4380	0.4336
k141_145671	0.1723	0.4805	0.3472
k141_16971	0.6675	0.1338	0.1987
k141_71735	0.0319	0.2629	0.7052
k141_35057	0.7714	0.1432	0.0855
k141_48859	0.6542	0.2106	0.1352
k141_127313	0.0030	0.9915	0.0055
k141_90054	0.1283	0.6262	0.2455
k141_16977	0.0226	0.0266	0.9508
k141_71740	0.6851	0.2831	0.0318
k141_35061	0.8844	0.0889	0.0267
k141_108592	0.9245	0.0505	0.0250
k141_16979	0.7341	0.2238	0.0421
k141_48866	0.6030	0.2130	0.1840
k141_35067	0.8722	0.0887	0.0391
k141_90064	0.9293	0.0510	0.0196
k141_145689	0.0353	0.0793	0.8854
k141_48867	0.6977	0.1521	0.1502
k141_71752	0.8085	0.1456	0.0459
k141_35069	0.9463	0.0349	0.0188
k141_71757	0.8758	0.0916	0.0326
k141_145696	0.9372	0.0475	0.0153
k141_90073	0.5627	0.2115	0.2258
k141_71760	0.7452	0.2210	0.0338
k141_108611	0.7299	0.1712	0.0989
k141_145698	0.6723	0.1427	0.1850
k141_90074	0.6654	0.2079	0.1266
k141_16997	0.8913	0.0790	0.0296
k141_35075	0.9449	0.0377	0.0174
k141_145700	0.3849	0.4584	0.1567
k141_127338	0.8105	0.0802	0.1092
k141_108614	0.2584	0.1736	0.5680
k141_90081	0.6433	0.2519	0.1048
k141_35084	0.7690	0.1366	0.0945
k141_16999	0.9099	0.0668	0.0232
k141_145702	0.8076	0.1705	0.0219
k141_90084	0.3222	0.4862	0.1916
k141_127346	0.9643	0.0246	0.0111
k141_35087	0.1050	0.6920	0.2030
k141_108622	0.3052	0.1425	0.5523
k141_90085	0.8413	0.1069	0.0518
k141_71776	0.9483	0.0387	0.0130
k141_145708	0.9241	0.0588	0.0170
k141_48887	0.1512	0.1192	0.7295
k141_17011	0.5865	0.2254	0.1881
k141_35099	0.9060	0.0652	0.0288
k141_127357	0.9492	0.0391	0.0117
k141_145716	0.9573	0.0336	0.0092
k141_48892	0.9578	0.0325	0.0097
k141_71787	0.7134	0.1883	0.0982
k141_35100	0.9010	0.0759	0.0231
k141_145717	0.4626	0.2485	0.2890
k141_48893	0.7494	0.2079	0.0427
k141_71794	0.7454	0.1335	0.1211
k141_90106	0.6404	0.2046	0.1550
k141_108629	0.9563	0.0287	0.0150
k141_71796	0.2082	0.4354	0.3564
k141_35108	0.9778	0.0171	0.0051
k141_145720	0.0101	0.0178	0.9721
k141_71797	0.7671	0.1838	0.0491
k141_108633	0.7590	0.2153	0.0257
k141_48898	0.3561	0.4063	0.2376
k141_17014	0.9647	0.0250	0.0103
k141_35113	0.8307	0.0978	0.0715
k141_145722	0.6046	0.2641	0.1313
k141_35115	0.2920	0.3752	0.3328
k141_90115	0.8976	0.0786	0.0238
k141_17017	0.2174	0.0416	0.7410
k141_145724	0.9539	0.0353	0.0107
k141_17019	0.8506	0.1172	0.0322
k141_127380	0.3914	0.3255	0.2831
k141_71806	0.9822	0.0136	0.0042
k141_127382	0.9636	0.0292	0.0073
k141_17023	0.0092	0.0125	0.9783
k141_35124	0.6183	0.3022	0.0794
k141_17024	0.8756	0.0911	0.0333
k141_145729	0.7795	0.1330	0.0875
k141_108651	0.6062	0.2536	0.1402
k141_35133	0.4623	0.4158	0.1218
k141_90137	0.3595	0.1693	0.4712
k141_71820	0.6355	0.3130	0.0515
k141_108659	0.3754	0.2935	0.3311
k141_48915	0.7896	0.1305	0.0799
k141_145738	0.0991	0.7691	0.1319
k141_17037	0.4747	0.2871	0.2382
k141_127397	0.5642	0.3590	0.0769
k141_145739	0.9349	0.0489	0.0161
k141_90141	0.8954	0.0860	0.0186
k141_48917	0.8089	0.1055	0.0856
k141_108669	0.6646	0.1738	0.1616
k141_35147	0.6709	0.2127	0.1164
k141_108670	0.9701	0.0230	0.0069
k141_127399	0.9546	0.0373	0.0082
k141_48920	0.9308	0.0507	0.0184
k141_145748	0.4431	0.4161	0.1408
k141_35150	0.8581	0.1059	0.0361
k141_90143	0.9482	0.0371	0.0146
k141_17044	0.7856	0.0962	0.1182
k141_145749	0.7941	0.1266	0.0793
k141_71841	0.0035	0.9901	0.0064
k141_17045	0.9728	0.0203	0.0069
k141_35153	0.8788	0.0932	0.0280
k141_145752	0.6488	0.1798	0.1714
k141_108682	0.0871	0.1231	0.7898
k141_127408	0.1814	0.1968	0.6218
k141_17049	0.0967	0.1086	0.7946
k141_48929	0.9345	0.0491	0.0164
k141_35159	0.3955	0.3865	0.2181
k141_145759	0.7479	0.1583	0.0938
k141_17052	0.3506	0.4627	0.1868
k141_48930	0.9560	0.0351	0.0089
k141_90158	0.5813	0.1275	0.2912
k141_35163	0.0895	0.7279	0.1826
k141_145763	0.5365	0.3031	0.1604
k141_17056	0.9342	0.0502	0.0156
k141_108694	0.2272	0.2167	0.5560
k141_35166	0.3542	0.3474	0.2984
k141_145765	0.6726	0.1853	0.1421
k141_71861	0.5429	0.2991	0.1579
k141_127421	0.1581	0.2094	0.6325
k141_108697	0.8389	0.1259	0.0352
k141_35167	0.7868	0.1362	0.0770
k141_90166	0.9108	0.0669	0.0224
k141_71868	0.4480	0.4153	0.1367
k141_145772	0.5892	0.2052	0.2056
k141_48940	0.8196	0.0841	0.0962
k141_90172	0.5224	0.2782	0.1994
k141_108706	0.5394	0.2309	0.2297
k141_127434	0.7853	0.1642	0.0506
k141_17074	0.8783	0.0803	0.0414
k141_108708	0.0525	0.0414	0.9062
k141_127435	0.7049	0.1795	0.1156
k141_35184	0.0344	0.0564	0.9091
k141_90181	0.5332	0.3239	0.1429
k141_17077	0.4197	0.2308	0.3495
k141_48947	0.1444	0.1925	0.6631
k141_17079	0.9656	0.0291	0.0052
k141_48949	0.1099	0.5048	0.3853
k141_127436	0.9625	0.0281	0.0094
k141_17080	0.0076	0.0124	0.9800
k141_71891	0.1830	0.0506	0.7664
k141_90191	0.0516	0.1823	0.7662
k141_48952	0.9268	0.0565	0.0167
k141_71892	0.8833	0.0743	0.0423
k141_90194	0.9239	0.0597	0.0164
k141_108725	0.2580	0.5021	0.2399
k141_35205	0.8828	0.0928	0.0244
k141_145802	0.6241	0.2317	0.1442
k141_48957	0.9668	0.0243	0.0089
k141_35208	0.0900	0.0618	0.8481
k141_108732	0.9364	0.0529	0.0107
k141_48962	0.6601	0.1681	0.1718
k141_145812	0.5967	0.2680	0.1352
k141_127461	0.9346	0.0399	0.0255
k141_17100	0.7700	0.1407	0.0893
k141_48964	0.6596	0.1864	0.1539
k141_108738	0.9372	0.0460	0.0168
k141_71919	0.9645	0.0225	0.0129
k141_127465	0.9745	0.0181	0.0074
k141_90218	0.2888	0.5485	0.1627
k141_71920	0.1229	0.1677	0.7095
k141_17103	0.9099	0.0690	0.0211
k141_48969	0.9225	0.0616	0.0160
k141_35219	0.3113	0.5382	0.1505
k141_145820	0.7287	0.2245	0.0468
k141_90219	0.7476	0.1291	0.1233
k141_145821	0.4611	0.3656	0.1734
k141_17105	0.0698	0.2880	0.6422
k141_108745	0.8234	0.1509	0.0257
k141_90220	0.0766	0.8061	0.1172
k141_35227	0.1687	0.5617	0.2696
k141_71926	0.7673	0.0597	0.1730
k141_48977	0.9273	0.0479	0.0248
k141_90228	0.5625	0.2978	0.1397
k141_71931	0.1863	0.4348	0.3789
k141_145830	0.9352	0.0492	0.0157
k141_17114	0.9488	0.0364	0.0148
k141_90231	0.9677	0.0249	0.0075
k141_71934	0.9359	0.0459	0.0183
k141_17116	0.7705	0.1478	0.0817
k141_90232	0.6401	0.3082	0.0517
k141_145831	0.7348	0.1437	0.1215
k141_17118	0.7221	0.2324	0.0454
k141_71936	0.9002	0.0835	0.0164
k141_145833	0.7451	0.1499	0.1049
k141_71938	0.1785	0.1900	0.6316
k141_90238	0.1628	0.1408	0.6964
k141_108770	0.3294	0.5149	0.1557
k141_127498	0.1408	0.4959	0.3632
k141_17124	0.8641	0.1033	0.0326
k141_108776	0.7093	0.1719	0.1188
k141_35249	0.2752	0.1175	0.6073
k141_127505	0.5805	0.3050	0.1145
k141_71949	0.8806	0.0822	0.0371
k141_108779	0.1643	0.1874	0.6483
k141_145834	0.9665	0.0234	0.0101
k141_48996	0.9105	0.0703	0.0192
k141_108782	0.7668	0.1305	0.1028
k141_17129	0.0760	0.6088	0.3151
k141_90251	0.6302	0.1700	0.1998
k141_145836	0.8411	0.1214	0.0375
k141_108786	0.2585	0.2471	0.4944
k141_48998	0.4270	0.2481	0.3249
k141_71956	0.9146	0.0678	0.0176
k141_90254	0.7188	0.1295	0.1517
k141_49000	0.4666	0.2241	0.3093
k141_145842	0.3742	0.0341	0.5917
k141_17138	0.1440	0.1140	0.7420
k141_35266	0.9172	0.0642	0.0186
k141_71961	0.1589	0.3409	0.5002
k141_90260	0.0653	0.0680	0.8667
k141_71962	0.4330	0.3188	0.2482
k141_35269	0.0471	0.2245	0.7285
k141_17143	0.8992	0.0738	0.0270
k141_71964	0.5774	0.2711	0.1515
k141_127529	0.9318	0.0491	0.0191
k141_49009	0.7962	0.1154	0.0883
k141_90269	0.0538	0.8024	0.1437
k141_145856	0.6778	0.1825	0.1397
k141_49010	0.3673	0.4359	0.1968
k141_90270	0.6545	0.2189	0.1266
k141_71973	0.2891	0.2223	0.4886
k141_145861	0.9510	0.0350	0.0140
k141_35286	0.9499	0.0387	0.0114
k141_17160	0.5597	0.1259	0.3143
k141_108808	0.9206	0.0588	0.0206
k141_35288	0.9573	0.0325	0.0102
k141_17164	0.1699	0.5345	0.2957
k141_108813	0.8824	0.0828	0.0349
k141_35289	0.5967	0.2793	0.1239
k141_90285	0.1335	0.4691	0.3974
k141_145870	0.2240	0.1336	0.6424
k141_49022	0.3723	0.2042	0.4235
k141_71989	0.8969	0.0839	0.0192
k141_90289	0.9704	0.0229	0.0067
k141_145873	0.1776	0.5049	0.3176
k141_35295	0.7163	0.1467	0.1369
k141_17173	0.9562	0.0313	0.0125
k141_71994	0.5801	0.2794	0.1406
k141_35296	0.7903	0.1458	0.0639
k141_108823	0.8857	0.0730	0.0413
k141_17174	0.7956	0.1495	0.0549
k141_71997	0.1433	0.1144	0.7423
k141_17177	0.7319	0.1431	0.1250
k141_127571	0.1757	0.2871	0.5372
k141_35303	0.9057	0.0660	0.0283
k141_17180	0.6071	0.2249	0.1680
k141_90303	0.7751	0.1381	0.0868
k141_49036	0.6082	0.2158	0.1760
k141_72007	0.8364	0.0744	0.0892
k141_72008	0.0192	0.9337	0.0471
k141_17188	0.8292	0.1120	0.0588
k141_35312	0.7922	0.1108	0.0970
k141_108839	0.7757	0.1947	0.0296
k141_145893	0.7923	0.1343	0.0733
k141_127584	0.9827	0.0131	0.0042
k141_49042	0.8523	0.1141	0.0336
k141_108840	0.9476	0.0365	0.0159
k141_145895	0.9112	0.0691	0.0197
k141_49043	0.9285	0.0519	0.0195
k141_127587	0.3075	0.3269	0.3656
k141_108843	0.6766	0.2126	0.1108
k141_72019	0.7901	0.1288	0.0812
k141_127590	0.1205	0.4300	0.4495
k141_49044	0.1305	0.0470	0.8226
k141_108846	0.6927	0.1873	0.1200
k141_108847	0.9729	0.0206	0.0065
k141_145904	0.9459	0.0351	0.0190
k141_72024	0.1973	0.3606	0.4421
k141_90311	0.9301	0.0533	0.0166
k141_17204	0.9308	0.0484	0.0208
k141_72027	0.3618	0.4019	0.2363
k141_49051	0.9187	0.0625	0.0189
k141_108857	0.6149	0.2640	0.1211
k141_145911	0.8381	0.1153	0.0466
k141_49052	0.4374	0.3408	0.2217
k141_145913	0.1474	0.5923	0.2603
k141_108859	0.6773	0.1717	0.1510
k141_90318	0.7749	0.1178	0.1073
k141_145916	0.3301	0.2118	0.4581
k141_90320	0.4883	0.3570	0.1547
k141_108862	0.7734	0.1162	0.1103
k141_17207	0.9283	0.0424	0.0294
k141_49056	0.6360	0.2458	0.1182
k141_35314	0.0395	0.0250	0.9355
k141_127612	0.9314	0.0325	0.0361
k141_108865	0.7633	0.1255	0.1113
k141_127615	0.7265	0.1762	0.0973
k141_90326	0.9437	0.0404	0.0158
k141_108868	0.4774	0.2965	0.2261
k141_127616	0.9188	0.0657	0.0154
k141_49063	0.3139	0.1689	0.5172
k141_145928	0.6269	0.2292	0.1438
k141_72051	0.3935	0.1755	0.4310
k141_17215	0.8750	0.0832	0.0419
k141_108872	0.3477	0.4207	0.2316
k141_35323	0.9591	0.0294	0.0116
k141_90334	0.9249	0.0591	0.0159
k141_90335	0.7806	0.1187	0.1007
k141_35330	0.6241	0.2008	0.1751
k141_49070	0.4608	0.2513	0.2879
k141_72052	0.2441	0.4206	0.3353
k141_35331	0.5847	0.2260	0.1893
k141_90339	0.4604	0.3405	0.1991
k141_49073	0.0832	0.0408	0.8761
k141_145946	0.7954	0.1470	0.0576
k141_127634	0.0641	0.1090	0.8269
k141_17232	0.8201	0.0940	0.0859
k141_108877	0.9690	0.0221	0.0089
k141_49078	0.1883	0.1724	0.6393
k141_90347	0.0125	0.0670	0.9205
k141_108880	0.8029	0.1415	0.0556
k141_72065	0.9709	0.0208	0.0083
k141_17237	0.8500	0.0958	0.0542
k141_49080	0.5030	0.1637	0.3333
k141_35334	0.9596	0.0281	0.0123
k141_108882	0.5492	0.2867	0.1640
k141_127642	0.0648	0.8112	0.1240
k141_145956	0.3821	0.3743	0.2436
k141_145957	0.9180	0.0529	0.0290
k141_72067	0.9655	0.0244	0.0101
k141_145961	0.8615	0.1160	0.0225
k141_35347	0.2725	0.5233	0.2041
k141_145965	0.8643	0.1018	0.0338
k141_90366	0.7580	0.1703	0.0718
k141_72074	0.5043	0.2284	0.2673
k141_127646	0.9531	0.0328	0.0141
k141_108900	0.0250	0.0588	0.9162
k141_49094	0.1889	0.3710	0.4400
k141_145969	0.9414	0.0452	0.0134
k141_108901	0.4823	0.3562	0.1615
k141_35351	0.0367	0.0585	0.9048
k141_108902	0.9709	0.0203	0.0087
k141_49098	0.0916	0.0301	0.8783
k141_17264	0.9441	0.0379	0.0180
k141_72084	0.2704	0.2369	0.4928
k141_90375	0.0188	0.0184	0.9628
k141_127657	0.2188	0.2296	0.5516
k141_90377	0.4379	0.2944	0.2676
k141_90379	0.9525	0.0344	0.0130
k141_72092	0.9390	0.0433	0.0177
k141_35364	0.9269	0.0536	0.0195
k141_127668	0.7365	0.1421	0.1214
k141_145990	0.3793	0.4110	0.2097
k141_108917	0.8385	0.1144	0.0471
k141_127670	0.9308	0.0491	0.0201
k141_145991	0.9532	0.0347	0.0121
k141_72098	0.7377	0.1454	0.1169
k141_17283	0.6538	0.1562	0.1901
k141_35374	0.9052	0.0682	0.0266
k141_72104	0.9827	0.0123	0.0050
k141_127677	0.9126	0.0592	0.0282
k141_72105	0.5382	0.2142	0.2476
k141_90396	0.9733	0.0193	0.0073
k141_90397	0.9768	0.0166	0.0067
k141_35380	0.1734	0.2974	0.5292
k141_17296	0.1502	0.5191	0.3307
k141_146005	0.5285	0.2526	0.2189
k141_72115	0.0114	0.0194	0.9692
k141_90401	0.6642	0.2020	0.1337
k141_17298	0.8632	0.1016	0.0352
k141_108944	0.3040	0.1008	0.5953
k141_72119	0.1704	0.1416	0.6879
k141_17302	0.6776	0.1799	0.1424
k141_146014	0.8850	0.0908	0.0242
k141_35394	0.5211	0.2558	0.2231
k141_17307	0.1683	0.5074	0.3243
k141_108947	0.8586	0.0828	0.0585
k141_35397	0.3286	0.4468	0.2246
k141_72126	0.0489	0.0896	0.8615
k141_90421	0.7157	0.1376	0.1467
k141_17314	0.1640	0.2877	0.5482
k141_108954	0.9186	0.0591	0.0223
k141_127713	0.5005	0.2362	0.2633
k141_35411	0.9473	0.0392	0.0135
k141_146023	0.8365	0.1218	0.0417
k141_108957	0.7106	0.1756	0.1138
k141_127718	0.5851	0.2562	0.1587
k141_35413	0.1252	0.3061	0.5687
k141_90432	0.9067	0.0709	0.0225
k141_146028	0.0115	0.0314	0.9571
k141_49112	0.9720	0.0200	0.0081
k141_72148	0.6747	0.2075	0.1178
k141_17326	0.9638	0.0257	0.0105
k141_146029	0.4476	0.2904	0.2620
k141_127727	0.6768	0.2672	0.0560
k141_35423	0.4676	0.3645	0.1679
k141_49115	0.1833	0.2623	0.5544
k141_127730	0.6409	0.1977	0.1614
k141_72156	0.7268	0.1684	0.1048
k141_17332	0.0517	0.0490	0.8993
k141_146036	0.8933	0.0788	0.0279
k141_49117	0.7616	0.1499	0.0885
k141_90442	0.9588	0.0294	0.0118
k141_35427	0.9461	0.0402	0.0137
k141_108982	0.4054	0.2938	0.3007
k141_35432	0.9456	0.0394	0.0150
k141_49124	0.8170	0.1457	0.0374
k141_127740	0.9021	0.0752	0.0227
k141_72167	0.6147	0.2543	0.1310
k141_108985	0.7892	0.1586	0.0522
k141_90452	0.9294	0.0540	0.0166
k141_127741	0.6579	0.1363	0.2058
k141_146050	0.3594	0.1804	0.4603
k141_49128	0.1832	0.1289	0.6879
k141_146052	0.9474	0.0420	0.0106
k141_127747	0.6043	0.2520	0.1438
k141_146058	0.5958	0.2777	0.1266
k141_72183	0.4809	0.3083	0.2108
k141_72184	0.9331	0.0456	0.0213
k141_17352	0.9190	0.0590	0.0220
k141_109004	0.2975	0.2508	0.4517
k141_90471	0.5776	0.3094	0.1130
k141_127756	0.9587	0.0313	0.0100
k141_72186	0.5996	0.2261	0.1743
k141_109005	0.5264	0.1867	0.2869
k141_146063	0.4394	0.3839	0.1767
k141_17354	0.9466	0.0394	0.0140
k141_49140	0.2637	0.3528	0.3836
k141_109006	0.9239	0.0458	0.0303
k141_90476	0.6209	0.3090	0.0701
k141_146066	0.0786	0.2247	0.6967
k141_35462	0.6010	0.1738	0.2252
k141_90478	0.9174	0.0657	0.0170
k141_146069	0.8580	0.1228	0.0192
k141_109011	0.8227	0.1059	0.0714
k141_72196	0.8789	0.0962	0.0249
k141_127767	0.9308	0.0494	0.0198
k141_146071	0.7283	0.1544	0.1173
k141_49149	0.6589	0.2067	0.1344
k141_35467	0.0544	0.1076	0.8380
k141_90486	0.3082	0.0356	0.6562
k141_49150	0.5372	0.3623	0.1005
k141_127768	0.5396	0.2883	0.1722
k141_146079	0.5550	0.2257	0.2192
k141_17367	0.2853	0.5985	0.1163
k141_127771	0.2034	0.6403	0.1563
k141_49153	0.8993	0.0816	0.0191
k141_90492	0.5545	0.2847	0.1608
k141_109028	0.1122	0.7856	0.1022
k141_109029	0.1214	0.6042	0.2743
k141_127777	0.9042	0.0719	0.0239
k141_90499	0.6973	0.1427	0.1600
k141_72216	0.4128	0.4490	0.1382
k141_35482	0.0794	0.3475	0.5731
k141_109035	0.0793	0.1420	0.7787
k141_72217	0.0795	0.5971	0.3234
k141_17382	0.4638	0.2335	0.3027
k141_146095	0.1197	0.4431	0.4372
k141_72218	0.4734	0.2929	0.2336
k141_49167	0.3221	0.2972	0.3807
k141_35487	0.8304	0.1331	0.0365
k141_17387	0.2897	0.4374	0.2728
k141_109041	0.2201	0.1669	0.6130
k141_146102	0.6613	0.1993	0.1394
k141_72224	0.7276	0.1675	0.1049
k141_35492	0.8039	0.1577	0.0385
k141_127791	0.4122	0.3783	0.2095
k141_109049	0.1336	0.1170	0.7493
k141_17398	0.7408	0.1587	0.1005
k141_49171	0.8062	0.1562	0.0376
k141_127799	0.5481	0.2572	0.1947
k141_90526	0.9120	0.0658	0.0223
k141_35505	0.5983	0.2219	0.1798
k141_17406	0.5769	0.1840	0.2391
k141_72238	0.9466	0.0398	0.0136
k141_109058	0.0745	0.5019	0.4236
k141_35512	0.4327	0.5304	0.0369
k141_35513	0.7010	0.1413	0.1577
k141_49181	0.6328	0.2178	0.1493
k141_17418	0.2127	0.4748	0.3125
k141_146130	0.2351	0.5164	0.2485
k141_127814	0.5963	0.2765	0.1272
k141_17420	0.8614	0.0911	0.0475
k141_49182	0.9194	0.0581	0.0224
k141_35520	0.8467	0.0992	0.0541
k141_109063	0.7939	0.1649	0.0412
k141_127820	0.7638	0.1749	0.0614
k141_17426	0.0567	0.1560	0.7873
k141_72257	0.7566	0.1158	0.1276
k141_72258	0.9386	0.0471	0.0143
k141_17428	0.9692	0.0251	0.0058
k141_90535	0.9210	0.0578	0.0212
k141_35530	0.9130	0.0656	0.0214
k141_127826	0.9380	0.0419	0.0201
k141_146145	0.3415	0.4223	0.2362
k141_109074	0.5206	0.2857	0.1937
k141_49191	0.8238	0.0841	0.0921
k141_72263	0.7179	0.1277	0.1544
k141_127827	0.8829	0.0827	0.0344
k141_72264	0.5790	0.2149	0.2062
k141_109077	0.4068	0.3656	0.2276
k141_146147	0.2936	0.5039	0.2025
k141_90545	0.3263	0.5106	0.1631
k141_35534	0.8317	0.1348	0.0334
k141_127834	0.7378	0.1903	0.0719
k141_35539	0.8669	0.1024	0.0308
k141_90552	0.7929	0.1162	0.0910
k141_72274	0.1070	0.6789	0.2142
k141_49197	0.9398	0.0437	0.0165
k141_127840	0.5497	0.3349	0.1154
k141_72276	0.3802	0.4342	0.1857
k141_90555	0.3240	0.3241	0.3519
k141_17450	0.7846	0.1115	0.1039
k141_127841	0.8725	0.1041	0.0233
k141_109091	0.0744	0.1854	0.7402
k141_90557	0.9198	0.0616	0.0186
k141_72279	0.1362	0.4790	0.3848
k141_127842	0.1498	0.1312	0.7190
k141_17453	0.1505	0.2185	0.6310
k141_146167	0.1708	0.1322	0.6970
k141_35547	0.9739	0.0209	0.0052
k141_72281	0.6968	0.2500	0.0531
k141_127845	0.6876	0.2168	0.0956
k141_17454	0.8241	0.1417	0.0342
k141_90560	0.7335	0.1546	0.1119
k141_109099	0.3540	0.5282	0.1178
k141_72282	0.2772	0.0379	0.6849
k141_17457	0.8361	0.0948	0.0691
k141_49209	0.7642	0.1514	0.0844
k141_17459	0.7865	0.1167	0.0968
k141_72289	0.5921	0.3485	0.0593
k141_90565	0.6080	0.2994	0.0926
k141_35561	0.6355	0.1589	0.2057
k141_109109	0.0155	0.0208	0.9638
k141_72293	0.4810	0.1776	0.3414
k141_90570	0.5654	0.2089	0.2258
k141_109112	0.1663	0.0327	0.8010
k141_49214	0.0108	0.0153	0.9739
k141_146186	0.7460	0.1667	0.0873
k141_17465	0.9674	0.0240	0.0086
k141_146188	0.4761	0.3637	0.1602
k141_49215	0.4963	0.3652	0.1384
k141_35570	0.3243	0.3188	0.3569
k141_146191	0.3938	0.3901	0.2161
k141_127867	0.8965	0.0783	0.0252
k141_72304	0.5801	0.3403	0.0796
k141_17470	0.0160	0.0235	0.9605
k141_146195	0.1900	0.1779	0.6321
k141_35579	0.1498	0.4306	0.4195
k141_146196	0.0541	0.1043	0.8415
k141_35580	0.7624	0.1238	0.1137
k141_49223	0.9496	0.0347	0.0158
k141_72308	0.6700	0.1246	0.2054
k141_35581	0.7417	0.2218	0.0365
k141_49225	0.7573	0.1472	0.0955
k141_90591	0.4490	0.3859	0.1651
k141_146203	0.8715	0.1005	0.0280
k141_17479	0.0142	0.0195	0.9663
k141_109136	0.5596	0.2816	0.1588
k141_146204	0.8338	0.1280	0.0382
k141_90596	0.7796	0.1132	0.1072
k141_49227	0.6341	0.1841	0.1817
k141_72313	0.8087	0.1341	0.0572
k141_17484	0.2301	0.5827	0.1871
k141_90598	0.6892	0.1639	0.1469
k141_35590	0.0837	0.0881	0.8283
k141_146208	0.0561	0.1275	0.8164
k141_109145	0.5995	0.1859	0.2146
k141_72320	0.7898	0.1594	0.0508
k141_35596	0.4917	0.3395	0.1687
k141_17493	0.1419	0.1047	0.7535
k141_72323	0.4482	0.1725	0.3793
k141_109151	0.9563	0.0327	0.0110
k141_17495	0.0848	0.1096	0.8056
k141_72327	0.1981	0.3406	0.4614
k141_109152	0.5800	0.2115	0.2085
k141_35600	0.9348	0.0450	0.0201
k141_17496	0.9131	0.0649	0.0219
k141_90606	0.9368	0.0408	0.0224
k141_35602	0.6319	0.2098	0.1583
k141_146212	0.9767	0.0162	0.0071
k141_127910	0.9298	0.0545	0.0158
k141_146214	0.0081	0.9785	0.0134
k141_127911	0.3455	0.3050	0.3495
k141_146215	0.3311	0.6298	0.0391
k141_35608	0.8110	0.1127	0.0762
k141_90614	0.5214	0.2543	0.2243
k141_109166	0.8566	0.1153	0.0281
k141_127917	0.2091	0.5895	0.2013
k141_35613	0.7385	0.1657	0.0958
k141_109169	0.4276	0.4133	0.1591
k141_90621	0.9589	0.0321	0.0090
k141_109170	0.1256	0.0997	0.7748
k141_49228	0.9624	0.0265	0.0111
k141_127922	0.2507	0.5905	0.1588
k141_35619	0.9298	0.0549	0.0152
k141_90625	0.5928	0.2510	0.1561
k141_127924	0.1642	0.2107	0.6251
k141_72356	0.7707	0.1520	0.0773
k141_90626	0.3036	0.5203	0.1761
k141_109177	0.0279	0.0263	0.9458
k141_90630	0.4107	0.3911	0.1982
k141_109181	0.0894	0.1132	0.7974
k141_90631	0.7243	0.2124	0.0633
k141_146233	0.5144	0.3192	0.1664
k141_127932	0.4844	0.4636	0.0521
k141_90633	0.6144	0.2641	0.1215
k141_17532	0.7319	0.2191	0.0489
k141_109183	0.8341	0.0783	0.0876
k141_72367	0.7797	0.1391	0.0813
k141_127935	0.8786	0.0955	0.0259
k141_90635	0.2749	0.5691	0.1559
k141_35634	0.9463	0.0363	0.0175
k141_17537	0.6517	0.1816	0.1667
k141_35636	0.6912	0.1379	0.1709
k141_72371	0.7726	0.2038	0.0236
k141_146237	0.7551	0.1960	0.0489
k141_17539	0.8903	0.0803	0.0294
k141_127942	0.5913	0.1913	0.2174
k141_35637	0.0302	0.1240	0.8459
k141_49245	0.6573	0.1811	0.1615
k141_109191	0.4842	0.3685	0.1474
k141_146240	0.2877	0.1525	0.5598
k141_146241	0.7812	0.1538	0.0649
k141_109194	0.4373	0.5211	0.0417
k141_146242	0.2713	0.6941	0.0346
k141_90636	0.9052	0.0714	0.0234
k141_127952	0.0648	0.0414	0.8938
k141_17542	0.8538	0.1195	0.0267
k141_146247	0.0511	0.8097	0.1392
k141_72386	0.9064	0.0694	0.0242
k141_109195	0.9662	0.0253	0.0085
k141_127954	0.7015	0.2363	0.0622
k141_90641	0.7121	0.2262	0.0617
k141_72387	0.8769	0.0798	0.0433
k141_35654	0.6423	0.2093	0.1484
k141_146253	0.5451	0.2736	0.1813
k141_90645	0.7989	0.1578	0.0433
k141_146254	0.6674	0.2428	0.0897
k141_35661	0.1685	0.3742	0.4572
k141_90650	0.7415	0.1492	0.1093
k141_72400	0.5452	0.2826	0.1722
k141_146258	0.3240	0.4946	0.1814
k141_35664	0.9509	0.0346	0.0145
k141_109209	0.7878	0.1160	0.0962
k141_127967	0.2009	0.6987	0.1004
k141_35666	0.6206	0.2611	0.1183
k141_49270	0.4627	0.3474	0.1899
k141_109210	0.9665	0.0255	0.0081
k141_72407	0.8921	0.0857	0.0223
k141_35672	0.1874	0.1117	0.7009
k141_146266	0.4833	0.3276	0.1891
k141_90663	0.3521	0.1775	0.4703
k141_49271	0.6088	0.2634	0.1278
k141_127974	0.5000	0.2384	0.2616
k141_109219	0.3954	0.1479	0.4567
k141_127975	0.8091	0.0826	0.1083
k141_72416	0.5226	0.3181	0.1593
k141_127976	0.1871	0.2711	0.5418
k141_35683	0.7922	0.1472	0.0606
k141_109225	0.3966	0.0988	0.5046
k141_146273	0.7124	0.2085	0.0791
k141_17584	0.0818	0.2769	0.6413
k141_127989	0.5618	0.2886	0.1496
k141_35699	0.8279	0.1233	0.0488
k141_17593	0.5482	0.3499	0.1019
k141_127993	0.3830	0.2432	0.3738
k141_35700	0.9440	0.0336	0.0223
k141_49288	0.9612	0.0297	0.0092
k141_17594	0.8717	0.0788	0.0495
k141_109238	0.1086	0.0922	0.7992
k141_127996	0.1787	0.1529	0.6684
k141_109239	0.7442	0.1291	0.1267
k141_127997	0.3534	0.4683	0.1783
k141_35705	0.6134	0.1726	0.2140
k141_17603	0.8999	0.0727	0.0274
k141_128004	0.5522	0.1056	0.3421
k141_90669	0.9473	0.0374	0.0153
k141_72454	0.4831	0.4468	0.0701
k141_146305	0.3859	0.2735	0.3406
k141_35720	0.1620	0.3014	0.5366
k141_90675	0.5572	0.2870	0.1558
k141_128011	0.8335	0.1207	0.0458
k141_72455	0.0259	0.0817	0.8924
k141_146311	0.1603	0.1478	0.6919
k141_128014	0.1511	0.1913	0.6576
k141_109266	0.7513	0.2124	0.0362
k141_35730	0.7706	0.1673	0.0622
k141_72464	0.9442	0.0426	0.0132
k141_90687	0.0123	0.0186	0.9691
k141_90689	0.3293	0.4843	0.1864
k141_146318	0.0193	0.0392	0.9414
k141_109275	0.9282	0.0474	0.0244
k141_49312	0.8196	0.1552	0.0252
k141_128025	0.7830	0.1356	0.0814
k141_72466	0.9660	0.0240	0.0100
k141_109276	0.5409	0.3162	0.1428
k141_146321	0.1681	0.6576	0.1743
k141_49314	0.8003	0.0985	0.1012
k141_35743	0.7397	0.1706	0.0897
k141_128030	0.6580	0.2564	0.0856
k141_146325	0.8571	0.0970	0.0459
k141_128031	0.7518	0.1458	0.1025
k141_35744	0.2474	0.3510	0.4016
k141_109281	0.9312	0.0510	0.0177
k141_17621	0.9673	0.0232	0.0095
k141_109282	0.5596	0.2960	0.1444
k141_128033	0.9472	0.0381	0.0147
k141_90706	0.8733	0.1000	0.0267
k141_17626	0.1433	0.3987	0.4580
k141_72486	0.7424	0.1606	0.0970
k141_109286	0.0741	0.2052	0.7207
k141_146336	0.9005	0.0757	0.0237
k141_90712	0.6365	0.1799	0.1836
k141_49326	0.9579	0.0313	0.0107
k141_17634	0.2004	0.3991	0.4005
k141_72489	0.8726	0.0955	0.0319
k141_35767	0.6229	0.2961	0.0810
k141_72491	0.9519	0.0332	0.0148
k141_90719	0.3643	0.2053	0.4304
k141_146345	0.3872	0.4333	0.1795
k141_35769	0.1040	0.6416	0.2544
k141_49329	0.6179	0.1355	0.2466
k141_72494	0.8931	0.0732	0.0337
k141_128053	0.9444	0.0427	0.0129
k141_146349	0.9086	0.0698	0.0215
k141_17644	0.6463	0.1750	0.1787
k141_35775	0.8798	0.0886	0.0316
k141_72496	0.9616	0.0279	0.0105
k141_109294	0.9441	0.0443	0.0116
k141_90727	0.9559	0.0298	0.0143
k141_146359	0.5952	0.1836	0.2212
k141_17649	0.0156	0.0180	0.9664
k141_109299	0.7056	0.2431	0.0513
k141_90733	0.5960	0.1869	0.2170
k141_35788	0.7238	0.1404	0.1358
k141_109307	0.0127	0.0158	0.9716
k141_35791	0.2438	0.4768	0.2794
k141_72516	0.6780	0.2616	0.0604
k141_17651	0.9398	0.0442	0.0161
k141_90744	0.9406	0.0475	0.0119
k141_128088	0.4014	0.4151	0.1835
k141_49356	0.2702	0.1872	0.5427
k141_35803	0.1631	0.1548	0.6821
k141_146389	0.7223	0.2258	0.0518
k141_90754	0.1217	0.5648	0.3135
k141_128091	0.2957	0.4511	0.2532
k141_17663	0.8281	0.1382	0.0337
k141_35805	0.6484	0.2267	0.1250
k141_128094	0.5211	0.2645	0.2144
k141_109326	0.9504	0.0360	0.0136
k141_49361	0.6495	0.1762	0.1744
k141_90760	0.2742	0.4226	0.3032
k141_146395	0.7974	0.1583	0.0443
k141_49362	0.9069	0.0702	0.0229
k141_72538	0.5888	0.2300	0.1813
k141_90765	0.7548	0.1666	0.0787
k141_72539	0.7924	0.1477	0.0599
k141_146400	0.7946	0.1633	0.0421
k141_109335	0.9058	0.0532	0.0410
k141_128104	0.3141	0.5524	0.1335
k141_35818	0.5461	0.3458	0.1081
k141_109337	0.7034	0.1919	0.1047
k141_49371	0.7508	0.1254	0.1238
k141_35822	0.8865	0.0770	0.0365
k141_109339	0.0285	0.1190	0.8525
k141_128110	0.9186	0.0671	0.0143
k141_128112	0.4267	0.2035	0.3697
k141_128113	0.0116	0.9801	0.0083
k141_35828	0.6447	0.2125	0.1428
k141_109348	0.1380	0.7074	0.1546
k141_146418	0.9702	0.0228	0.0070
k141_72558	0.4803	0.2721	0.2477
k141_128118	0.9467	0.0364	0.0169
k141_17684	0.8964	0.0776	0.0260
k141_49385	0.0702	0.0725	0.8573
k141_146423	0.9280	0.0515	0.0205
k141_128120	0.8166	0.1051	0.0784
k141_90772	0.9200	0.0597	0.0202
k141_49388	0.2005	0.1145	0.6850
k141_128122	0.8536	0.1269	0.0195
k141_146427	0.2389	0.1853	0.5757
k141_109361	0.2613	0.0934	0.6453
k141_35836	0.9532	0.0370	0.0097
k141_49389	0.0503	0.0844	0.8653
k141_72572	0.6922	0.2289	0.0789
k141_17692	0.0351	0.1664	0.7985
k141_146428	0.9445	0.0388	0.0168
k141_128125	0.8538	0.1029	0.0433
k141_90779	0.0158	0.0187	0.9655
k141_109362	0.0014	0.9940	0.0047
k141_90780	0.7920	0.1933	0.0147
k141_109363	0.7969	0.1140	0.0891
k141_35843	0.6605	0.2096	0.1299
k141_128130	0.3141	0.3063	0.3796
k141_17701	0.9777	0.0159	0.0064
k141_49394	0.5410	0.2394	0.2197
k141_17702	0.5884	0.2019	0.2097
k141_35846	0.9549	0.0314	0.0137
k141_146436	0.1302	0.3104	0.5594
k141_128135	0.5971	0.1577	0.2452
k141_72583	0.8766	0.0657	0.0577
k141_146440	0.7486	0.1833	0.0682
k141_90791	0.8443	0.1241	0.0316
k141_17709	0.2644	0.1686	0.5669
k141_90792	0.5430	0.3151	0.1420
k141_72591	0.2726	0.5363	0.1911
k141_146448	0.7825	0.1854	0.0321
k141_72592	0.6246	0.3313	0.0442
k141_35861	0.2653	0.4492	0.2855
k141_17716	0.9781	0.0162	0.0057
k141_90795	0.8960	0.0820	0.0220
k141_109385	0.8327	0.1286	0.0387
k141_146451	0.4320	0.2185	0.3495
k141_35863	0.6909	0.1575	0.1516
k141_17717	0.8871	0.0800	0.0330
k141_72600	0.6946	0.2044	0.1010
k141_109392	0.4498	0.4422	0.1080
k141_146458	0.5057	0.2002	0.2941
k141_17726	0.9725	0.0222	0.0054
k141_35873	0.7484	0.1589	0.0927
k141_146460	0.0490	0.0760	0.8750
k141_49419	0.7424	0.1309	0.1267
k141_128165	0.0171	0.0287	0.9543
k141_35876	0.6545	0.2031	0.1424
k141_49421	0.1595	0.5071	0.3334
k141_72613	0.0726	0.0359	0.8915
k141_17737	0.0484	0.4364	0.5152
k141_109395	0.9679	0.0231	0.0090
k141_17738	0.3124	0.1620	0.5256
k141_72616	0.1067	0.0914	0.8019
k141_109399	0.1353	0.1346	0.7301
k141_35886	0.9230	0.0573	0.0197
k141_49424	0.9566	0.0296	0.0138
k141_72619	0.1882	0.6521	0.1597
k141_109407	0.9528	0.0351	0.0121
k141_72622	0.0169	0.9624	0.0207
k141_128185	0.9524	0.0332	0.0144
k141_72623	0.3568	0.1828	0.4604
k141_49428	0.9669	0.0234	0.0097
k141_146491	0.9547	0.0344	0.0108
k141_17755	0.7119	0.1739	0.1142
k141_72625	0.9408	0.0439	0.0153
k141_49429	0.9675	0.0267	0.0058
k141_90844	0.5155	0.2040	0.2804
k141_72626	0.8365	0.0696	0.0939
k141_146499	0.6779	0.2333	0.0888
k141_109420	0.3174	0.4722	0.2104
k141_128194	0.8174	0.0982	0.0844
k141_35912	0.3653	0.2557	0.3790
k141_72633	0.9147	0.0636	0.0217
k141_128196	0.7360	0.1835	0.0805
k141_146508	0.9240	0.0487	0.0272
k141_35919	0.8019	0.0577	0.1404
k141_49442	0.3904	0.1565	0.4531
k141_146510	0.5354	0.2354	0.2291
k141_35921	0.9489	0.0375	0.0135
k141_128207	0.6437	0.3192	0.0371
k141_35923	0.6630	0.2782	0.0588
k141_90863	0.9574	0.0310	0.0116
k141_146516	0.9332	0.0415	0.0253
k141_17765	0.9775	0.0160	0.0064
k141_72649	0.4262	0.2819	0.2919
k141_90868	0.4193	0.4185	0.1622
k141_109444	0.1042	0.0354	0.8604
k141_72654	0.6232	0.2486	0.1282
k141_128217	0.7867	0.1398	0.0735
k141_109445	0.2444	0.1840	0.5716
k141_72659	0.4569	0.4952	0.0479
k141_17771	0.8570	0.1119	0.0310
k141_109451	0.7875	0.1223	0.0902
k141_90879	0.8759	0.0984	0.0257
k141_128224	0.9332	0.0508	0.0160
k141_35941	0.7883	0.1311	0.0806
k141_49459	0.0030	0.9928	0.0042
k141_72663	0.8835	0.0935	0.0231
k141_109452	0.0168	0.0185	0.9647
k141_146534	0.1624	0.5491	0.2885
k141_17775	0.9668	0.0230	0.0102
k141_72664	0.2081	0.7254	0.0665
k141_109453	0.0490	0.1718	0.7792
k141_17777	0.7257	0.1452	0.1291
k141_72668	0.4921	0.2382	0.2697
k141_17779	0.6970	0.2399	0.0631
k141_128232	0.9836	0.0121	0.0043
k141_128235	0.1961	0.2576	0.5463
k141_72674	0.2763	0.5250	0.1987
k141_146548	0.6559	0.1887	0.1555
k141_128236	0.0599	0.0291	0.9110
k141_35960	0.5338	0.3387	0.1275
k141_49466	0.9167	0.0610	0.0222
k141_128237	0.5661	0.3241	0.1098
k141_90905	0.8982	0.0585	0.0433
k141_146558	0.5204	0.3500	0.1296
k141_72684	0.9365	0.0483	0.0152
k141_35969	0.9599	0.0328	0.0073
k141_49471	0.8635	0.0965	0.0400
k141_90908	0.2537	0.5277	0.2186
k141_146564	0.7609	0.1178	0.1213
k141_128250	0.7177	0.2108	0.0715
k141_146569	0.0414	0.0327	0.9259
k141_109491	0.6744	0.1572	0.1684
k141_109496	0.8576	0.1064	0.0361
k141_90916	0.9705	0.0209	0.0087
k141_128259	0.7503	0.1371	0.1126
k141_17785	0.7664	0.1778	0.0558
k141_146579	0.7381	0.1654	0.0964
k141_49483	0.4593	0.4434	0.0974
k141_72708	0.8027	0.1490	0.0483
k141_109499	0.7450	0.1257	0.1293
k141_90918	0.7898	0.1409	0.0693
k141_72712	0.5596	0.2793	0.1610
k141_90920	0.8950	0.0775	0.0276
k141_49486	0.0190	0.0254	0.9556
k141_146583	0.7075	0.1527	0.1398
k141_90921	0.5332	0.1978	0.2691
k141_72713	0.8654	0.1070	0.0275
k141_17791	0.5629	0.3737	0.0633
k141_72714	0.7559	0.2150	0.0291
k141_128266	0.9771	0.0179	0.0050
k141_109506	0.6102	0.1531	0.2366
k141_90925	0.2221	0.2784	0.4995
k141_72715	0.9446	0.0396	0.0159
k141_128268	0.6812	0.2389	0.0799
k141_49490	0.2662	0.3841	0.3497
k141_36000	0.9819	0.0131	0.0050
k141_146590	0.9226	0.0623	0.0151
k141_109512	0.9147	0.0622	0.0231
k141_72719	0.5691	0.3324	0.0985
k141_128271	0.8021	0.1242	0.0737
k141_49492	0.8392	0.1064	0.0545
k141_128273	0.9065	0.0679	0.0255
k141_109517	0.0403	0.0536	0.9061
k141_90934	0.6175	0.2061	0.1764
k141_17811	0.2897	0.2535	0.4568
k141_90939	0.6156	0.1789	0.2055
k141_17813	0.6138	0.2649	0.1214
k141_128282	0.4876	0.4244	0.0880
k141_90940	0.4671	0.4140	0.1190
k141_36018	0.3329	0.4034	0.2637
k141_90941	0.9335	0.0462	0.0203
k141_109526	0.1930	0.5157	0.2913
k141_128284	0.9001	0.0727	0.0272
k141_146606	0.9765	0.0170	0.0065
k141_109528	0.4437	0.3279	0.2283
k141_72744	0.0192	0.0209	0.9599
k141_90945	0.8549	0.1147	0.0305
k141_90946	0.6005	0.2137	0.1859
k141_109534	0.8968	0.0794	0.0238
k141_128291	0.8961	0.0774	0.0265
k141_72745	0.8080	0.0890	0.1030
k141_36030	0.6997	0.1462	0.1541
k141_146618	0.0887	0.0585	0.8528
k141_128295	0.7101	0.1943	0.0955
k141_72747	0.5823	0.2455	0.1721
k141_146623	0.9769	0.0164	0.0067
k141_128299	0.6287	0.2569	0.1143
k141_109544	0.1397	0.4659	0.3944
k141_72756	0.8156	0.1327	0.0516
k141_146625	0.8224	0.1222	0.0554
k141_49525	0.5922	0.2489	0.1589
k141_72761	0.8317	0.1248	0.0435
k141_36043	0.1331	0.0476	0.8194
k141_109552	0.6496	0.2472	0.1033
k141_49526	0.6916	0.2314	0.0770
k141_128308	0.7802	0.1368	0.0830
k141_90972	0.7412	0.1573	0.1015
k141_36046	0.5630	0.3004	0.1366
k141_17855	0.5548	0.2789	0.1663
k141_146635	0.0418	0.2623	0.6960
k141_109554	0.8069	0.1020	0.0911
k141_128310	0.0840	0.1383	0.7776
k141_72766	0.9751	0.0196	0.0053
k141_90973	0.0235	0.0238	0.9528
k141_128311	0.6855	0.2644	0.0501
k141_36051	0.4513	0.3984	0.1503
k141_72770	0.8080	0.1238	0.0683
k141_72772	0.9165	0.0570	0.0265
k141_128312	0.9588	0.0298	0.0114
k141_36058	0.1640	0.0715	0.7645
k141_128315	0.2508	0.4832	0.2660
k141_72779	0.4934	0.2839	0.2227
k141_36061	0.7855	0.1822	0.0323
k141_146651	0.5973	0.2266	0.1761
k141_17863	0.8879	0.0422	0.0699
k141_109573	0.9456	0.0447	0.0098
k141_72781	0.2188	0.4092	0.3720
k141_146652	0.9319	0.0517	0.0164
k141_49539	0.9439	0.0409	0.0152
k141_90993	0.8474	0.0826	0.0700
k141_128322	0.9796	0.0156	0.0048
k141_49540	0.2345	0.2419	0.5235
k141_146657	0.8769	0.0957	0.0274
k141_49541	0.0561	0.5968	0.3471
k141_49542	0.8369	0.1273	0.0359
k141_109588	0.9278	0.0617	0.0104
k141_146668	0.8696	0.1024	0.0281
k141_128337	0.1160	0.8014	0.0826
k141_72797	0.4974	0.2130	0.2896
k141_17883	0.9338	0.0548	0.0114
k141_146670	0.7995	0.1329	0.0675
k141_128338	0.8396	0.1042	0.0562
k141_49549	0.0591	0.0535	0.8874
k141_36089	0.9230	0.0571	0.0199
k141_91012	0.7251	0.1098	0.1651
k141_72806	0.7372	0.1785	0.0843
k141_91015	0.8735	0.0887	0.0378
k141_49551	0.6917	0.1872	0.1211
k141_109602	0.8718	0.1022	0.0259
k141_49552	0.8990	0.0705	0.0305
k141_128348	0.0494	0.0461	0.9045
k141_17902	0.4506	0.2879	0.2615
k141_36099	0.5838	0.2600	0.1563
k141_128352	0.9520	0.0320	0.0160
k141_17907	0.9431	0.0386	0.0183
k141_91016	0.9484	0.0364	0.0152
k141_36103	0.0359	0.1150	0.8491
k141_128355	0.7194	0.1676	0.1130
k141_91019	0.9474	0.0384	0.0142
k141_146684	0.9498	0.0366	0.0136
k141_128360	0.9285	0.0581	0.0135
k141_109614	0.0207	0.1253	0.8540
k141_91022	0.6322	0.2324	0.1354
k141_49564	0.8200	0.1035	0.0765
k141_17915	0.7674	0.1944	0.0383
k141_72833	0.8520	0.0995	0.0485
k141_36115	0.5926	0.2278	0.1796
k141_91025	0.7248	0.1703	0.1050
k141_17919	0.7321	0.1676	0.1003
k141_109621	0.7554	0.1537	0.0908
k141_49569	0.3865	0.3420	0.2714
k141_128370	0.0852	0.8951	0.0197
k141_109622	0.0382	0.0509	0.9109
k141_36116	0.8269	0.0802	0.0929
k141_17925	0.7063	0.1483	0.1454
k141_109626	0.2582	0.1455	0.5963
k141_72844	0.0154	0.0370	0.9476
k141_36120	0.0420	0.0628	0.8952
k141_146706	0.8184	0.1123	0.0693
k141_17928	0.0645	0.3305	0.6050
k141_72849	0.8301	0.1161	0.0538
k141_146712	0.5391	0.2538	0.2071
k141_17937	0.5499	0.2067	0.2435
k141_49584	0.3010	0.1296	0.5694
k141_72855	0.9626	0.0257	0.0117
k141_146714	0.4520	0.4684	0.0796
k141_109638	0.9756	0.0176	0.0068
k141_146716	0.5975	0.2387	0.1638
k141_49587	0.6541	0.2185	0.1275
k141_128394	0.7946	0.1429	0.0625
k141_36139	0.0276	0.0393	0.9331
k141_72856	0.9475	0.0367	0.0158
k141_17939	0.9355	0.0418	0.0227
k141_36141	0.6243	0.2559	0.1197
k141_146718	0.9639	0.0264	0.0097
k141_109646	0.8824	0.0821	0.0355
k141_36142	0.9642	0.0254	0.0105
k141_128401	0.1317	0.1382	0.7301
k141_36145	0.6887	0.1825	0.1288
k141_146723	0.9296	0.0578	0.0126
k141_109651	0.7295	0.2274	0.0431
k141_146724	0.8765	0.0956	0.0279
k141_72865	0.7874	0.1344	0.0782
k141_49596	0.1296	0.3584	0.5120
k141_146726	0.9219	0.0643	0.0138
k141_128411	0.6067	0.2217	0.1716
k141_109658	0.1841	0.0449	0.7710
k141_36153	0.9529	0.0340	0.0130
k141_128417	0.1653	0.1215	0.7132
k141_17963	0.0113	0.0225	0.9662
k141_146736	0.9499	0.0362	0.0139
k141_49601	0.0759	0.1972	0.7269
k141_91033	0.9737	0.0186	0.0077
k141_128420	0.6985	0.2017	0.0998
k141_17966	0.0133	0.0199	0.9668
k141_91036	0.6295	0.1755	0.1950
k141_36170	0.0571	0.0456	0.8973
k141_128427	0.8754	0.0914	0.0332
k141_146748	0.9627	0.0263	0.0110
k141_109679	0.7411	0.2008	0.0581
k141_128430	0.6858	0.1599	0.1543
k141_17977	0.5341	0.3400	0.1259
k141_72899	0.3869	0.1943	0.4189
k141_36181	0.4711	0.4338	0.0951
k141_128437	0.7651	0.1250	0.1099
k141_91050	0.3197	0.5042	0.1761
k141_109686	0.2905	0.6542	0.0554
k141_91051	0.9674	0.0220	0.0105
k141_49619	0.5203	0.1710	0.3088
k141_146762	0.7424	0.1877	0.0699
k141_72909	0.5163	0.2353	0.2484
k141_109691	0.1267	0.4209	0.4524
k141_109692	0.4774	0.3077	0.2150
k141_72912	0.6078	0.3486	0.0436
k141_128444	0.1128	0.1033	0.7839
k141_17996	0.9565	0.0328	0.0106
k141_128445	0.2059	0.2704	0.5237
k141_146773	0.9582	0.0306	0.0112
k141_109702	0.6296	0.1937	0.1767
k141_72921	0.1475	0.2865	0.5660
k141_36204	0.7355	0.1499	0.1146
k141_128452	0.9669	0.0252	0.0080
k141_91067	0.9348	0.0481	0.0171
k141_128453	0.5434	0.4069	0.0498
k141_36206	0.9387	0.0469	0.0143
k141_128455	0.1000	0.1454	0.7546
k141_109713	0.3731	0.4898	0.1371
k141_36211	0.6702	0.1868	0.1430
k141_128459	0.5370	0.2532	0.2098
k141_18003	0.9784	0.0153	0.0063
k141_91075	0.2409	0.2207	0.5385
k141_128460	0.9568	0.0269	0.0162
k141_128461	0.8386	0.1144	0.0470
k141_146791	0.7487	0.1551	0.0961
k141_49640	0.1391	0.1716	0.6894
k141_18010	0.1358	0.4324	0.4319
k141_72940	0.6584	0.2222	0.1193
k141_128463	0.4241	0.1927	0.3833
k141_49641	0.4619	0.2341	0.3040
k141_146793	0.9694	0.0229	0.0077
k141_109721	0.6195	0.2105	0.1700
k141_18013	0.4677	0.3551	0.1771
k141_72945	0.2564	0.2709	0.4727
k141_109724	0.3790	0.5707	0.0503
k141_18015	0.7767	0.1951	0.0282
k141_128473	0.0459	0.0724	0.8817
k141_49650	0.0644	0.1588	0.7768
k141_128478	0.1667	0.1475	0.6858
k141_146807	0.6332	0.2189	0.1480
k141_91099	0.0093	0.0143	0.9764
k141_109740	0.0973	0.0738	0.8289
k141_128481	0.6101	0.2711	0.1188
k141_18026	0.8542	0.1127	0.0331
k141_128485	0.9643	0.0265	0.0092
k141_49656	0.1631	0.2239	0.6130
k141_146815	0.2702	0.2672	0.4626
k141_36249	0.7675	0.1366	0.0959
k141_128487	0.9385	0.0444	0.0171
k141_36251	0.2277	0.5554	0.2169
k141_91106	0.9816	0.0141	0.0043
k141_128489	0.2429	0.4481	0.3090
k141_109750	0.8833	0.0994	0.0173
k141_72964	0.9738	0.0181	0.0080
k141_36252	0.7175	0.2132	0.0693
k141_72966	0.9283	0.0511	0.0206
k141_128495	0.2132	0.6679	0.1189
k141_109755	0.4752	0.2619	0.2630
k141_146825	0.7974	0.1619	0.0407
k141_49665	0.4242	0.4022	0.1736
k141_18040	0.8931	0.0789	0.0280
k141_36260	0.7473	0.1227	0.1300
k141_146828	0.5966	0.2638	0.1395
k141_128500	0.8552	0.1003	0.0446
k141_72972	0.9571	0.0313	0.0116
k141_109763	0.6441	0.1456	0.2103
k141_72973	0.9363	0.0500	0.0137
k141_128504	0.6348	0.3027	0.0625
k141_91122	0.0143	0.0373	0.9485
k141_91123	0.5885	0.2711	0.1404
k141_109769	0.6840	0.1669	0.1490
k141_72975	0.0424	0.0252	0.9324
k141_18052	0.0156	0.9715	0.0128
k141_36271	0.6411	0.1384	0.2205
k141_128509	0.0368	0.0387	0.9245
k141_91125	0.2845	0.2888	0.4267
k141_91126	0.4152	0.4251	0.1597
k141_72976	0.9823	0.0129	0.0048
k141_128515	0.8312	0.1199	0.0489
k141_91129	0.2555	0.4772	0.2673
k141_72979	0.7186	0.1557	0.1257
k141_36281	0.2171	0.6111	0.1718
k141_72983	0.3456	0.4044	0.2500
k141_146851	0.1622	0.2292	0.6086
k141_72988	0.4913	0.4125	0.0962
k141_109788	0.2689	0.2611	0.4700
k141_18072	0.1807	0.5030	0.3164
k141_72990	0.2529	0.5695	0.1776
k141_36288	0.9519	0.0337	0.0145
k141_36290	0.9634	0.0260	0.0107
k141_72992	0.9578	0.0305	0.0117
k141_146866	0.2148	0.3657	0.4196
k141_18082	0.2004	0.3878	0.4118
k141_128527	0.9413	0.0414	0.0173
k141_109797	0.9410	0.0462	0.0128
k141_146868	0.3983	0.1296	0.4721
k141_91153	0.0171	0.0245	0.9584
k141_109801	0.7132	0.1645	0.1223
k141_18093	0.1717	0.2434	0.5849
k141_109804	0.3034	0.5313	0.1653
k141_91158	0.5809	0.2256	0.1935
k141_128541	0.9008	0.0630	0.0362
k141_18099	0.5893	0.1647	0.2461
k141_146876	0.0081	0.0173	0.9747
k141_91160	0.2774	0.3951	0.3275
k141_109807	0.1236	0.1426	0.7339
k141_91161	0.8007	0.1240	0.0753
k141_109808	0.2629	0.5392	0.1979
k141_36292	0.9770	0.0162	0.0068
k141_128550	0.2974	0.4126	0.2901
k141_73010	0.0140	0.0515	0.9344
k141_18108	0.2813	0.1977	0.5210
k141_36296	0.7446	0.1158	0.1396
k141_109815	0.5752	0.3161	0.1087
k141_49676	0.9799	0.0143	0.0057
k141_128557	0.9849	0.0109	0.0041
k141_18111	0.8444	0.1152	0.0404
k141_73018	0.8021	0.1316	0.0663
k141_36303	0.3648	0.5345	0.1007
k141_128560	0.9556	0.0319	0.0126
k141_73022	0.7522	0.1548	0.0930
k141_128562	0.3517	0.5413	0.1070
k141_128565	0.7092	0.1394	0.1514
k141_18130	0.5672	0.1468	0.2860
k141_73034	0.3349	0.3765	0.2886
k141_128569	0.2018	0.3713	0.4269
k141_109839	0.9050	0.0746	0.0204
k141_18133	0.5820	0.2361	0.1819
k141_36324	0.1638	0.2540	0.5823
k141_91200	0.9460	0.0353	0.0187
k141_128573	0.6324	0.2763	0.0912
k141_49698	0.6460	0.1985	0.1555
k141_18143	0.8393	0.1034	0.0574
k141_128578	0.8846	0.0740	0.0414
k141_128579	0.6492	0.1700	0.1808
k141_36333	0.2164	0.1215	0.6621
k141_49701	0.6938	0.1739	0.1323
k141_18147	0.0174	0.0214	0.9612
k141_146936	0.9769	0.0159	0.0072
k141_91214	0.9316	0.0470	0.0213
k141_18152	0.6378	0.1622	0.2000
k141_146941	0.3578	0.4833	0.1588
k141_91215	0.4480	0.4342	0.1179
k141_36343	0.3479	0.5111	0.1410
k141_128586	0.8947	0.0825	0.0227
k141_18155	0.7380	0.1765	0.0856
k141_91216	0.7922	0.1012	0.1066
k141_146947	0.1511	0.2682	0.5808
k141_91219	0.5837	0.3123	0.1040
k141_128594	0.1619	0.3144	0.5237
k141_73058	0.9324	0.0430	0.0246
k141_18156	0.0096	0.0320	0.9584
k141_109875	0.4993	0.3291	0.1716
k141_73059	0.7363	0.1677	0.0960
k141_36356	0.8209	0.1051	0.0740
k141_128599	0.4210	0.3510	0.2280
k141_91231	0.1752	0.1271	0.6977
k141_91232	0.9523	0.0330	0.0147
k141_36362	0.9211	0.0495	0.0293
k141_18165	0.0036	0.9831	0.0133
k141_109885	0.7244	0.2173	0.0583
k141_128608	0.9418	0.0443	0.0139
k141_18168	0.1471	0.2051	0.6478
k141_128609	0.1553	0.2196	0.6251
k141_109886	0.8013	0.1289	0.0698
k141_36370	0.8139	0.1323	0.0538
k141_49734	0.6639	0.1414	0.1947
k141_109890	0.8846	0.0866	0.0288
k141_18173	0.7122	0.1571	0.1306
k141_49736	0.4988	0.2476	0.2536
k141_128611	0.6887	0.2081	0.1031
k141_91249	0.1166	0.5553	0.3281
k141_36373	0.6292	0.2790	0.0918
k141_49737	0.7758	0.1362	0.0880
k141_128613	0.4809	0.3814	0.1377
k141_73089	0.5394	0.1794	0.2813
k141_36375	0.1279	0.8351	0.0370
k141_49739	0.4331	0.0538	0.5131
k141_73092	0.7977	0.1344	0.0679
k141_109901	0.4092	0.1712	0.4196
k141_36377	0.9110	0.0653	0.0237
k141_91263	0.9664	0.0228	0.0109
k141_73095	0.2332	0.6425	0.1243
k141_18188	0.4069	0.4908	0.1023
k141_128625	0.4960	0.2925	0.2115
k141_36380	0.1139	0.8318	0.0543
k141_147002	0.1801	0.2509	0.5690
k141_36381	0.7406	0.1357	0.1237
k141_128628	0.3716	0.3330	0.2954
k141_109911	0.9598	0.0293	0.0109
k141_73098	0.2859	0.6847	0.0295
k141_36384	0.3219	0.4128	0.2653
k141_128632	0.6968	0.1678	0.1354
k141_18200	0.5157	0.2724	0.2119
k141_73104	0.0476	0.1362	0.8162
k141_128638	0.6188	0.1706	0.2106
k141_128640	0.7112	0.1403	0.1486
k141_109923	0.5847	0.0631	0.3521
k141_128644	0.7013	0.1629	0.1358
k141_91290	0.6378	0.1613	0.2010
k141_18213	0.5516	0.3207	0.1277
k141_109931	0.7658	0.1982	0.0360
k141_128648	0.0199	0.0364	0.9437
k141_49766	0.6188	0.1073	0.2739
k141_91294	0.0458	0.0719	0.8822
k141_73125	0.1129	0.0930	0.7941
k141_128652	0.5167	0.3227	0.1606
k141_49767	0.4720	0.3900	0.1380
k141_91298	0.1965	0.2718	0.5317
k141_109939	0.0770	0.8261	0.0969
k141_91299	0.3093	0.5264	0.1643
k141_36421	0.7962	0.1589	0.0449
k141_18225	0.6799	0.2115	0.1086
k141_109945	0.6891	0.1427	0.1682
k141_91304	0.4519	0.4300	0.1181
k141_18228	0.6836	0.1533	0.1631
k141_49776	0.3376	0.1423	0.5201
k141_128667	0.8738	0.0959	0.0303
k141_109949	0.9369	0.0456	0.0175
k141_128670	0.5068	0.3014	0.1918
k141_91310	0.9578	0.0298	0.0124
k141_36433	0.8701	0.0817	0.0482
k141_18233	0.8877	0.0903	0.0220
k141_36434	0.0193	0.0417	0.9390
k141_109962	0.0258	0.0287	0.9455
k141_36440	0.6958	0.1630	0.1413
k141_73129	0.9539	0.0324	0.0137
k141_128683	0.8799	0.0935	0.0266
k141_73133	0.4354	0.3812	0.1834
k141_91326	0.3489	0.5376	0.1135
k141_49791	0.0802	0.7970	0.1228
k141_36448	0.6900	0.1721	0.1379
k141_73138	0.8717	0.0842	0.0442
k141_36451	0.0243	0.0484	0.9273
k141_91334	0.8100	0.1142	0.0757
k141_128696	0.9286	0.0545	0.0169
k141_109974	0.9419	0.0369	0.0212
k141_18261	0.0779	0.0718	0.8503
k141_128697	0.3078	0.4266	0.2656
k141_18262	0.6934	0.2093	0.0974
k141_91338	0.1802	0.6254	0.1944
k141_109975	0.0970	0.0621	0.8409
k141_73148	0.7302	0.1613	0.1085
k141_91343	0.9161	0.0495	0.0345
k141_109978	0.6205	0.2193	0.1602
k141_73149	0.3493	0.2283	0.4223
k141_128707	0.6577	0.1559	0.1864
k141_73150	0.9171	0.0658	0.0171
k141_18266	0.7427	0.1259	0.1315
k141_109980	0.0925	0.0466	0.8610
k141_91347	0.1120	0.1536	0.7345
k141_36476	0.4886	0.2797	0.2316
k141_91352	0.4604	0.2493	0.2904
k141_109984	0.4495	0.4711	0.0794
k141_18272	0.3203	0.2532	0.4265
k141_73158	0.9588	0.0291	0.0121
k141_49814	0.0371	0.9284	0.0345
k141_18273	0.8457	0.1232	0.0311
k141_49816	0.0150	0.0245	0.9605
k141_18276	0.2033	0.1753	0.6213
k141_36478	0.3268	0.1307	0.5424
k141_128727	0.1963	0.4117	0.3920
k141_49821	0.1930	0.5979	0.2090
k141_128733	0.9144	0.0679	0.0177
k141_18281	0.6283	0.2448	0.1269
k141_73177	0.4281	0.3903	0.1816
k141_73179	0.5713	0.2500	0.1787
k141_128734	0.8148	0.1265	0.0587
k141_36489	0.0158	0.0292	0.9549
k141_18288	0.4045	0.3017	0.2938
k141_91378	0.2961	0.1893	0.5146
k141_49830	0.6180	0.2442	0.1378
k141_18289	0.6109	0.2617	0.1274
k141_36491	0.9268	0.0478	0.0254
k141_73187	0.8649	0.1003	0.0348
k141_110012	0.3133	0.3866	0.3001
k141_18290	0.6067	0.3438	0.0495
k141_73190	0.5955	0.2372	0.1674
k141_49837	0.0125	0.9827	0.0048
k141_73192	0.5710	0.2625	0.1665
k141_110013	0.8981	0.0795	0.0225
k141_110015	0.3544	0.4855	0.1601
k141_73195	0.7316	0.1720	0.0964
k141_18306	0.8252	0.1049	0.0699
k141_73199	0.8992	0.0734	0.0274
k141_110022	0.3642	0.1701	0.4657
k141_36516	0.8369	0.1219	0.0412
k141_49845	0.3142	0.5676	0.1182
k141_36517	0.1275	0.4959	0.3766
k141_110024	0.3534	0.4660	0.1805
k141_18310	0.4551	0.4349	0.1100
k141_91407	0.3941	0.3357	0.2702
k141_49846	0.4272	0.3905	0.1823
k141_73206	0.6639	0.1755	0.1606
k141_36522	0.5652	0.1413	0.2936
k141_18316	0.2748	0.1558	0.5695
k141_49849	0.6060	0.3465	0.0475
k141_110030	0.1489	0.3878	0.4633
k141_36524	0.8276	0.1208	0.0516
k141_73211	0.8857	0.0761	0.0382
k141_36525	0.1816	0.1642	0.6542
k141_73212	0.6330	0.1482	0.2188
k141_49852	0.7351	0.1795	0.0854
k141_110033	0.0729	0.1745	0.7526
k141_36531	0.1631	0.1284	0.7084
k141_110035	0.4639	0.2773	0.2588
k141_18327	0.2534	0.1394	0.6072
k141_36532	0.9761	0.0167	0.0073
k141_73227	0.6944	0.1679	0.1376
k141_49860	0.3361	0.4713	0.1926
k141_110042	0.9400	0.0452	0.0149
k141_49862	0.1284	0.1761	0.6956
k141_73229	0.9632	0.0255	0.0113
k141_36537	0.9689	0.0248	0.0063
k141_91440	0.9455	0.0455	0.0090
k141_73232	0.0172	0.0524	0.9305
k141_49869	0.8670	0.0956	0.0374
k141_110055	0.9500	0.0361	0.0139
k141_36550	0.0157	0.0172	0.9671
k141_110056	0.6596	0.1406	0.1998
k141_49873	0.1935	0.1506	0.6559
k141_73240	0.5121	0.4002	0.0877
k141_18344	0.0861	0.2484	0.6656
k141_73242	0.8798	0.0927	0.0275
k141_110057	0.5112	0.3821	0.1067
k141_91455	0.9357	0.0469	0.0174
k141_18351	0.6417	0.1789	0.1795
k141_36562	0.7367	0.1443	0.1190
k141_73243	0.0075	0.0134	0.9790
k141_18354	0.9464	0.0395	0.0142
k141_36565	0.9306	0.0482	0.0212
k141_110068	0.9484	0.0392	0.0124
k141_49880	0.9764	0.0170	0.0066
k141_91466	0.4452	0.4455	0.1092
k141_36572	0.7311	0.1449	0.1240
k141_110070	0.2910	0.2712	0.4379
k141_91467	0.6978	0.2083	0.0940
k141_73248	0.9601	0.0294	0.0105
k141_91469	0.1119	0.6256	0.2625
k141_110073	0.9401	0.0424	0.0175
k141_36579	0.1562	0.5395	0.3043
k141_91475	0.9454	0.0398	0.0147
k141_73263	0.0525	0.8554	0.0921
k141_36585	0.9301	0.0516	0.0184
k141_18381	0.7217	0.1376	0.1407
k141_110086	0.6886	0.1933	0.1181
k141_36586	0.6654	0.2918	0.0429
k141_49895	0.1010	0.1206	0.7784
k141_18386	0.6527	0.1439	0.2034
k141_110088	0.9575	0.0313	0.0111
k141_36590	0.9396	0.0448	0.0156
k141_49902	0.7504	0.1629	0.0867
k141_73281	0.6076	0.1355	0.2569
k141_110095	0.7623	0.1270	0.1107
k141_36595	0.9069	0.0662	0.0269
k141_49908	0.1588	0.6398	0.2014
k141_73286	0.8710	0.1037	0.0253
k141_36603	0.6239	0.1582	0.2179
k141_73287	0.3121	0.3855	0.3023
k141_110104	0.9538	0.0341	0.0121
k141_36610	0.0180	0.0353	0.9467
k141_73293	0.6387	0.2067	0.1546
k141_36613	0.0344	0.1677	0.7979
k141_91518	0.9742	0.0186	0.0072
k141_110113	0.9802	0.0149	0.0049
k141_49911	0.9409	0.0436	0.0156
k141_73300	0.8274	0.1133	0.0593
k141_18389	0.9366	0.0402	0.0232
k141_36619	0.5937	0.2168	0.1894
k141_91526	0.4786	0.2011	0.3203
k141_73305	0.2036	0.4814	0.3150
k141_110119	0.9773	0.0164	0.0063
k141_36627	0.8952	0.0805	0.0243
k141_49927	0.7317	0.1582	0.1100
k141_49931	0.7058	0.1321	0.1621
k141_36636	0.1029	0.0317	0.8654
k141_36637	0.0135	0.0207	0.9657
k141_91547	0.6217	0.2025	0.1758
k141_36642	0.7028	0.1557	0.1415
k141_36643	0.4268	0.3738	0.1994
k141_110142	0.6251	0.2219	0.1530
k141_91554	0.9405	0.0435	0.0159
k141_36647	0.6535	0.2080	0.1385
k141_110148	0.7090	0.1655	0.1255
k141_49939	0.7401	0.2308	0.0290
k141_73338	0.9817	0.0133	0.0050
k141_73340	0.8809	0.0733	0.0458
k141_91559	0.7343	0.1629	0.1028
k141_36652	0.0126	0.0158	0.9716
k141_110153	0.9527	0.0341	0.0133
k141_36654	0.5708	0.3352	0.0940
k141_49941	0.9585	0.0318	0.0097
k141_91564	0.7535	0.1633	0.0831
k141_49943	0.5466	0.2577	0.1956
k141_91567	0.1293	0.8480	0.0227
k141_73348	0.0032	0.9910	0.0059
k141_73349	0.2917	0.4334	0.2749
k141_36664	0.7322	0.1419	0.1259
k141_110168	0.0556	0.0450	0.8994
k141_49952	0.5919	0.2556	0.1525
k141_110169	0.9685	0.0219	0.0095
k141_91578	0.5723	0.2404	0.1873
k141_36669	0.9352	0.0460	0.0188
k141_49954	0.0431	0.0670	0.8899
k141_91579	0.5093	0.3182	0.1725
k141_73361	0.1566	0.1758	0.6675
k141_36678	0.1531	0.4179	0.4290
k141_91585	0.8558	0.1075	0.0367
k141_49960	0.3485	0.2633	0.3881
k141_73368	0.0968	0.4630	0.4401
k141_36687	0.8690	0.0487	0.0824
k141_49963	0.7900	0.1400	0.0700
k141_36688	0.3762	0.0924	0.5313
k141_91590	0.7707	0.1428	0.0865
k141_110193	0.2010	0.5400	0.2590
k141_73372	0.0092	0.0172	0.9736
k141_91591	0.6795	0.1832	0.1373
k141_49971	0.4583	0.2377	0.3040
k141_73377	0.6114	0.1965	0.1921
k141_110199	0.9028	0.0686	0.0286
k141_36699	0.6822	0.1809	0.1370
k141_91593	0.0573	0.8482	0.0945
k141_49972	0.5721	0.3011	0.1268
k141_36701	0.8953	0.0778	0.0268
k141_110200	0.9534	0.0338	0.0128
k141_49973	0.6791	0.1601	0.1608
k141_73379	0.9081	0.0746	0.0173
k141_91598	0.5920	0.2283	0.1797
k141_110204	0.0236	0.0534	0.9229
k141_36702	0.9790	0.0150	0.0060
k141_73380	0.7895	0.1749	0.0355
k141_36704	0.9000	0.0761	0.0240
k141_91602	0.0908	0.0818	0.8274
k141_36706	0.0643	0.0449	0.8909
k141_73384	0.9570	0.0327	0.0104
k141_110210	0.5275	0.2397	0.2327
k141_36707	0.2777	0.5596	0.1626
k141_49980	0.9295	0.0530	0.0176
k141_91607	0.0471	0.4364	0.5165
k141_91608	0.3183	0.6097	0.0720
k141_49981	0.2164	0.3369	0.4467
k141_36718	0.2963	0.1534	0.5503
k141_73402	0.1709	0.7754	0.0537
k141_91622	0.9103	0.0662	0.0235
k141_110226	0.9670	0.0260	0.0070
k141_49994	0.1349	0.7471	0.1180
k141_36726	0.9262	0.0541	0.0197
k141_91627	0.0371	0.1333	0.8296
k141_73407	0.2526	0.2493	0.4980
k141_36730	0.9670	0.0230	0.0100
k141_91629	0.9719	0.0196	0.0085
k141_73412	0.8001	0.1186	0.0813
k141_110236	0.8431	0.1064	0.0505
k141_49999	0.9023	0.0709	0.0269
k141_50000	0.2166	0.3492	0.4341
k141_73417	0.0304	0.0427	0.9268
k141_110244	0.8616	0.1060	0.0323
k141_91641	0.6743	0.1471	0.1786
k141_36743	0.9695	0.0211	0.0094
k141_50008	0.1619	0.5512	0.2869
k141_73425	0.1845	0.1656	0.6499
k141_110249	0.1010	0.1206	0.7784
k141_36747	0.9338	0.0476	0.0186
k141_73426	0.6747	0.1985	0.1268
k141_50010	0.7047	0.2545	0.0408
k141_110254	0.2107	0.6302	0.1590
k141_73434	0.7303	0.1310	0.1387
k141_73437	0.2970	0.3804	0.3226
k141_50015	0.8939	0.0834	0.0227
k141_36761	0.1787	0.6209	0.2004
k141_91661	0.9085	0.0674	0.0241
k141_50016	0.3409	0.2305	0.4286
k141_36762	0.5240	0.3235	0.1525
k141_36769	0.0099	0.0182	0.9719
k141_73449	0.6547	0.2006	0.1447
k141_50022	0.7398	0.1698	0.0904
k141_91675	0.0693	0.6696	0.2611
k141_36771	0.6764	0.1952	0.1284
k141_91680	0.9492	0.0411	0.0097
k141_73459	0.9232	0.0519	0.0249
k141_36776	0.9586	0.0297	0.0118
k141_50031	0.6788	0.2397	0.0815
k141_73462	0.5273	0.3141	0.1586
k141_36783	0.4825	0.4296	0.0879
k141_50045	0.7382	0.1117	0.1501
k141_73483	0.2065	0.2841	0.5094
k141_73488	0.8111	0.1304	0.0585
k141_50050	0.0220	0.0760	0.9020
k141_110267	0.9758	0.0172	0.0071
k141_73491	0.2275	0.5376	0.2350
k141_50054	0.4361	0.2025	0.3614
k141_50057	0.7263	0.1211	0.1526
k141_73503	0.5824	0.2161	0.2015
k141_91689	0.1147	0.8351	0.0502
k141_110284	0.2695	0.4942	0.2363
k141_50063	0.8923	0.0733	0.0345
k141_73509	0.6593	0.1399	0.2008
k141_91692	0.9194	0.0648	0.0158
k141_50064	0.7836	0.1361	0.0803
k141_73510	0.5148	0.2222	0.2630
k141_91694	0.5468	0.2685	0.1848
k141_91699	0.0876	0.0623	0.8500
k141_50068	0.3832	0.4457	0.1712
k141_73518	0.0635	0.0472	0.8893
k141_73522	0.4119	0.3751	0.2130
k141_73525	0.7503	0.1156	0.1340
k141_50074	0.1501	0.1754	0.6745
k141_73527	0.8913	0.0792	0.0295
k141_73528	0.3828	0.3323	0.2849
k141_110313	0.8764	0.0962	0.0274
k141_50076	0.1175	0.4042	0.4783
k141_73531	0.4089	0.5462	0.0449
k141_91721	0.9065	0.0620	0.0314
k141_73535	0.6385	0.1853	0.1762
k141_91723	0.4749	0.3475	0.1776
k141_50082	0.6141	0.1482	0.2377
k141_110325	0.3821	0.0393	0.5786
k141_73539	0.5701	0.3898	0.0401
k141_91725	0.6329	0.2207	0.1464
k141_110326	0.5143	0.2329	0.2529
k141_73545	0.9443	0.0466	0.0092
k141_50092	0.7777	0.1455	0.0768
k141_91735	0.3597	0.4601	0.1802
k141_91751	0.9768	0.0184	0.0048
k141_73566	0.6997	0.1390	0.1613
k141_110350	0.8217	0.0911	0.0871
k141_50110	0.3900	0.4465	0.1635
k141_73575	0.8568	0.1081	0.0351
k141_110364	0.3299	0.2753	0.3948
k141_91772	0.0269	0.0340	0.9391
k141_73578	0.0153	0.0203	0.9644
k141_91787	0.9363	0.0417	0.0220
k141_91789	0.9488	0.0379	0.0133
k141_50142	0.7939	0.1608	0.0453
k141_91794	0.7571	0.1272	0.1157
k141_91795	0.2986	0.4594	0.2420
k141_50143	0.4343	0.4981	0.0676
k141_50150	0.9601	0.0314	0.0085
k141_91810	0.8247	0.1387	0.0365
k141_91814	0.4749	0.2310	0.2941
k141_91818	0.9140	0.0507	0.0353
k141_91820	0.7402	0.1545	0.1053
k141_50166	0.8970	0.0848	0.0182
k141_50169	0.4236	0.1942	0.3822
k141_91834	0.9069	0.0720	0.0210
k141_50177	0.9291	0.0465	0.0244
k141_91859	0.6002	0.3528	0.0470
k141_50192	0.2466	0.4564	0.2971
k141_91861	0.6464	0.1708	0.1828
k141_91862	0.7862	0.0970	0.1167
k141_50197	0.9648	0.0257	0.0095
k141_91878	0.8251	0.1344	0.0405
k141_50204	0.9163	0.0645	0.0193
k141_91881	0.5919	0.2514	0.1567
k141_50209	0.7774	0.1396	0.0830
k141_91898	0.5250	0.1571	0.3179
k141_50224	0.9651	0.0270	0.0079
k141_50225	0.9233	0.0586	0.0181
k141_50235	0.9366	0.0429	0.0205
k141_91929	0.5527	0.2871	0.1602
k141_50236	0.6008	0.2484	0.1507
k141_91937	0.9598	0.0291	0.0111
k141_91939	0.9509	0.0368	0.0123
k141_91945	0.5585	0.3297	0.1118
k141_50251	0.5914	0.2013	0.2073
k141_50253	0.6084	0.2499	0.1417
k141_91957	0.5232	0.2366	0.2403
k141_91959	0.1121	0.6573	0.2305
k141_91967	0.8960	0.0644	0.0396
k141_91970	0.0643	0.1219	0.8138
k141_91971	0.7276	0.1712	0.1013
k141_50275	0.8616	0.1086	0.0298
k141_50289	0.1976	0.4318	0.3706
k141_50296	0.3404	0.1552	0.5044
k141_50298	0.8929	0.0794	0.0277
k141_50304	0.5022	0.4250	0.0728
k141_50308	0.4479	0.3719	0.1802
k141_50315	0.9455	0.0437	0.0108
k141_50326	0.9656	0.0248	0.0096
k141_50337	0.7497	0.1457	0.1046
k141_50342	0.2525	0.3521	0.3954
k141_50344	0.9571	0.0319	0.0110
k141_50347	0.0385	0.0355	0.9260
k141_50349	0.7567	0.1357	0.1077
k141_50354	0.9473	0.0393	0.0134
k141_50358	0.8962	0.0784	0.0253
k141_50362	0.7782	0.1096	0.1122
k141_50364	0.3643	0.2947	0.3410
k141_50367	0.1955	0.0465	0.7580
k141_50379	0.7040	0.1824	0.1136
k141_50380	0.6646	0.1794	0.1560
k141_50384	0.4337	0.2319	0.3344
k141_50398	0.6251	0.2851	0.0898
k141_50404	0.8921	0.0836	0.0243
k141_50413	0.5485	0.2443	0.2072
k141_50426	0.2435	0.5313	0.2253
k141_50438	0.9098	0.0632	0.0270
k141_50447	0.1321	0.6594	0.2085
k141_50448	0.1946	0.6798	0.1256
k141_50459	0.6328	0.2278	0.1394
k141_50465	0.7677	0.1900	0.0423
k141_50472	0.9187	0.0598	0.0215
k141_50484	0.9699	0.0221	0.0081
k141_50509	0.9699	0.0226	0.0075
k141_50525	0.4918	0.3386	0.1696
k141_50530	0.6097	0.2126	0.1777
k141_50544	0.0526	0.8160	0.1314
k141_50549	0.1327	0.0668	0.8005
k141_50552	0.9719	0.0199	0.0082
k141_50555	0.5974	0.2617	0.1409
k141_50568	0.1702	0.6152	0.2146
k141_50571	0.4706	0.4995	0.0299
k141_50574	0.7389	0.1678	0.0933
k141_50587	0.1345	0.3554	0.5100
k141_50595	0.4153	0.3643	0.2204
k141_50597	0.0445	0.9278	0.0278
k141_50600	0.7932	0.1298	0.0769
k141_50602	0.8331	0.0821	0.0848
k141_50619	0.9615	0.0273	0.0112
k141_50626	0.9557	0.0367	0.0076
k141_50642	0.0809	0.0944	0.8247
k141_50643	0.9135	0.0646	0.0220
k141_50666	0.1958	0.5444	0.2598
k141_50694	0.8977	0.0664	0.0359
k141_50708	0.4643	0.3153	0.2203
k141_50713	0.7960	0.1271	0.0770
k141_50715	0.0292	0.2641	0.7067
k141_50717	0.5439	0.2627	0.1934
k141_50719	0.4368	0.3070	0.2562
k141_50729	0.9126	0.0630	0.0244
k141_50739	0.0271	0.0340	0.9389
k141_50747	0.8522	0.0946	0.0532
k141_50760	0.0621	0.8129	0.1250
k141_50767	0.9618	0.0278	0.0103
k141_50770	0.7752	0.1410	0.0838
k141_50772	0.1778	0.2846	0.5376
k141_50783	0.0686	0.2340	0.6974
k141_50790	0.1659	0.5985	0.2356
k141_50800	0.1609	0.1226	0.7165
k141_50829	0.6854	0.1616	0.1530
k141_50870	0.5778	0.1715	0.2507
k141_50874	0.1849	0.1611	0.6539
k141_50875	0.6765	0.0889	0.2345
k141_50880	0.6394	0.2495	0.1112
k141_50881	0.8984	0.0774	0.0241
k141_50882	0.6216	0.2463	0.1321
k141_50883	0.2910	0.0870	0.6220
k141_50885	0.3844	0.4068	0.2088
k141_50896	0.8145	0.0954	0.0901
k141_50904	0.9481	0.0366	0.0153
k141_50911	0.2828	0.4261	0.2911
k141_50914	0.7312	0.1413	0.1275
k141_50922	0.0908	0.8274	0.0817
k141_50924	0.0182	0.0181	0.9638
k141_50927	0.0858	0.3570	0.5571
k141_50931	0.2230	0.0831	0.6938
k141_50944	0.5324	0.3298	0.1378
k141_50951	0.3500	0.4866	0.1634
k141_50965	0.5185	0.3084	0.1731
k141_50971	0.7800	0.0998	0.1202
k141_50986	0.0251	0.2626	0.7124
k141_50989	0.9028	0.0725	0.0247
k141_50994	0.2900	0.4171	0.2929
k141_51005	0.7313	0.1256	0.1431
k141_51007	0.9319	0.0535	0.0146
k141_51015	0.9145	0.0611	0.0244
k141_51018	0.3758	0.3247	0.2994
k141_51023	0.0098	0.0150	0.9752
k141_51034	0.0262	0.0386	0.9352
k141_51039	0.9655	0.0251	0.0094
k141_51041	0.9711	0.0196	0.0092
k141_51046	0.9152	0.0584	0.0264
k141_51047	0.3554	0.2775	0.3671
k141_51063	0.4799	0.3730	0.1471
k141_51070	0.4691	0.3088	0.2221
k141_51073	0.9084	0.0682	0.0234
k141_51078	0.1690	0.1413	0.6897
k141_51079	0.2532	0.3492	0.3976
k141_51081	0.7026	0.1689	0.1285
k141_51087	0.9219	0.0583	0.0198
k141_51093	0.1122	0.1631	0.7247
k141_51095	0.3587	0.4391	0.2021
k141_51105	0.9293	0.0535	0.0172
k141_51109	0.8179	0.0900	0.0921
k141_51122	0.0313	0.0527	0.9160
k141_51135	0.1052	0.0938	0.8010
k141_51138	0.7685	0.1730	0.0585
k141_51139	0.8857	0.0816	0.0327
k141_51140	0.7394	0.1598	0.1008
k141_51149	0.6494	0.1964	0.1542
k141_51158	0.5405	0.2164	0.2431
k141_51168	0.9727	0.0218	0.0056
k141_51175	0.9328	0.0531	0.0141
k141_51195	0.0444	0.1162	0.8394
k141_51200	0.5334	0.3100	0.1567
k141_51205	0.7019	0.1345	0.1637
k141_51212	0.7905	0.1398	0.0697
k141_51232	0.2696	0.6179	0.1125
k141_51237	0.9142	0.0612	0.0246
k141_51248	0.0181	0.0250	0.9569
k141_51257	0.3436	0.4078	0.2485
k141_51270	0.2280	0.6038	0.1682
k141_51311	0.0136	0.0325	0.9538
k141_51317	0.6514	0.1779	0.1708
k141_51330	0.6806	0.1847	0.1347
k141_51333	0.7785	0.1283	0.0932
k141_51340	0.9518	0.0349	0.0134
k141_51343	0.6580	0.1997	0.1423
k141_51345	0.9529	0.0331	0.0140
k141_51352	0.7902	0.1407	0.0691
k141_51356	0.6691	0.1966	0.1343
k141_51366	0.0755	0.0320	0.8925
k141_51371	0.9158	0.0606	0.0236
k141_51385	0.0419	0.0894	0.8687
k141_51389	0.1785	0.2194	0.6022
k141_51390	0.6238	0.2676	0.1085
k141_51391	0.8530	0.1186	0.0284
k141_51393	0.7486	0.2146	0.0369
k141_51398	0.1237	0.6537	0.2226
k141_51423	0.9719	0.0201	0.0080
k141_51432	0.1419	0.6038	0.2543
k141_51438	0.3716	0.4606	0.1678
k141_51439	0.6764	0.2208	0.1028
k141_51443	0.0120	0.0484	0.9396
k141_51446	0.5392	0.2736	0.1872
k141_51452	0.9705	0.0212	0.0083
k141_51458	0.8004	0.1375	0.0621
k141_51489	0.8518	0.1220	0.0262
k141_51509	0.0122	0.0219	0.9660
k141_51510	0.9480	0.0380	0.0140
k141_51524	0.1935	0.3852	0.4213
k141_51538	0.9647	0.0233	0.0120
k141_51550	0.6042	0.2853	0.1105
k141_51563	0.2378	0.2070	0.5552
k141_51567	0.5460	0.2295	0.2245
k141_51574	0.6938	0.2235	0.0827
k141_51580	0.3278	0.6084	0.0637
k141_51584	0.3500	0.5454	0.1046
k141_51595	0.3574	0.4869	0.1557
k141_51600	0.3814	0.3980	0.2206
k141_51622	0.5684	0.2363	0.1952
k141_51626	0.7382	0.1603	0.1015
k141_51631	0.8230	0.1320	0.0450
k141_51633	0.6951	0.1824	0.1226
k141_51634	0.6326	0.2410	0.1264
k141_51636	0.5106	0.2180	0.2713
k141_51637	0.6633	0.2803	0.0564
k141_51641	0.9650	0.0270	0.0081
k141_51642	0.9701	0.0199	0.0100
k141_51654	0.3042	0.3421	0.3537
k141_51659	0.1107	0.0907	0.7986
k141_51661	0.9377	0.0470	0.0153
k141_51669	0.0071	0.0145	0.9784
k141_51670	0.1525	0.6454	0.2021
k141_51677	0.7624	0.1080	0.1297
k141_51680	0.0112	0.0210	0.9678
k141_51681	0.7855	0.1142	0.1003
k141_51684	0.1740	0.3103	0.5157
k141_51687	0.9570	0.0308	0.0122
k141_51689	0.7239	0.2097	0.0663
k141_51694	0.8685	0.1119	0.0196
k141_51699	0.9707	0.0213	0.0080
k141_51704	0.8315	0.1306	0.0379
k141_51705	0.2982	0.3380	0.3638
k141_51706	0.1177	0.1374	0.7450
k141_51708	0.1224	0.3591	0.5185
k141_51732	0.9381	0.0383	0.0236
k141_51735	0.9390	0.0429	0.0181
k141_51738	0.0694	0.9035	0.0270
k141_51741	0.9122	0.0645	0.0233
k141_51747	0.1163	0.1020	0.7817
k141_51761	0.5466	0.2757	0.1777
k141_51772	0.0457	0.2089	0.7454
k141_51774	0.9541	0.0327	0.0132
k141_51776	0.1917	0.3872	0.4211
k141_51803	0.5283	0.3563	0.1154
k141_51808	0.7869	0.1713	0.0419
k141_51817	0.6921	0.2156	0.0922
k141_51818	0.4040	0.4349	0.1610
k141_51819	0.4629	0.3195	0.2176
k141_51821	0.9595	0.0292	0.0112
k141_51825	0.6660	0.2036	0.1303
k141_51833	0.5803	0.2496	0.1701
k141_51838	0.9311	0.0523	0.0167
k141_51853	0.8594	0.0555	0.0850
k141_51854	0.8494	0.1286	0.0220
k141_51860	0.2303	0.3614	0.4084
k141_51864	0.5787	0.2615	0.1598
k141_51869	0.1045	0.3541	0.5414
k141_51880	0.2663	0.1603	0.5735
k141_51882	0.5060	0.2147	0.2793
k141_51883	0.6357	0.2389	0.1254
k141_51887	0.9215	0.0540	0.0245
k141_51899	0.1500	0.1595	0.6905
k141_51917	0.1377	0.5716	0.2906
k141_51918	0.9329	0.0495	0.0177
k141_51937	0.8838	0.1000	0.0162
k141_51939	0.4923	0.2471	0.2606
k141_51944	0.1769	0.5889	0.2341
k141_51950	0.9233	0.0564	0.0203
k141_51956	0.2317	0.2401	0.5283
k141_51966	0.5836	0.2284	0.1880
k141_51971	0.5942	0.1703	0.2356
k141_51977	0.9445	0.0405	0.0150
k141_51978	0.6215	0.2082	0.1704
k141_51981	0.8524	0.1238	0.0237
k141_51997	0.8974	0.0700	0.0327
k141_52001	0.1740	0.6287	0.1974
k141_52009	0.3973	0.2819	0.3208
k141_52020	0.8267	0.1269	0.0463
k141_52030	0.7584	0.1280	0.1136
k141_52037	0.0569	0.1042	0.8389
k141_52041	0.4585	0.3049	0.2366
k141_52055	0.9468	0.0408	0.0124
k141_52062	0.1017	0.0806	0.8177
k141_52077	0.6815	0.2005	0.1180
k141_52092	0.6997	0.1665	0.1339
k141_52117	0.7683	0.1586	0.0730
k141_52120	0.7772	0.1299	0.0929
k141_52121	0.4877	0.3088	0.2035
k141_52123	0.9638	0.0251	0.0112
k141_52128	0.9699	0.0228	0.0073
k141_52129	0.6489	0.1843	0.1667
k141_52138	0.8339	0.1330	0.0331
k141_52150	0.3432	0.4288	0.2280
k141_52157	0.3746	0.4245	0.2009
k141_52161	0.9430	0.0402	0.0168
k141_52190	0.6929	0.1667	0.1403
k141_52196	0.4432	0.3813	0.1755
k141_52202	0.0551	0.1332	0.8117
k141_52209	0.1316	0.0761	0.7923
k141_52214	0.1939	0.5171	0.2890
k141_52225	0.7880	0.1873	0.0247
k141_52233	0.9681	0.0216	0.0103
k141_52234	0.2888	0.0505	0.6607
k141_52241	0.0826	0.3297	0.5877
k141_52248	0.0304	0.0853	0.8843
k141_52249	0.9713	0.0206	0.0081
k141_52267	0.8707	0.0819	0.0474
k141_52276	0.5883	0.3716	0.0401
k141_52291	0.7152	0.1797	0.1051
k141_52292	0.9509	0.0358	0.0134
k141_52304	0.5284	0.4004	0.0712
k141_52307	0.9749	0.0180	0.0071
k141_52308	0.3448	0.3580	0.2972
k141_52309	0.8875	0.0544	0.0581
k141_52313	0.7773	0.1582	0.0645
k141_52325	0.7305	0.1368	0.1327
k141_52336	0.1871	0.2179	0.5950
k141_52343	0.7739	0.1431	0.0830
k141_52358	0.9181	0.0667	0.0151
k141_52361	0.9495	0.0321	0.0184
k141_52364	0.9324	0.0538	0.0138
k141_52371	0.9611	0.0283	0.0106
k141_52373	0.7961	0.1279	0.0760
k141_52376	0.9304	0.0523	0.0172
k141_52378	0.6159	0.3012	0.0828
k141_52381	0.0606	0.8246	0.1148
k141_52399	0.9459	0.0390	0.0151
k141_52408	0.5776	0.2630	0.1594
k141_52417	0.0341	0.0234	0.9425
k141_52423	0.9499	0.0388	0.0113
k141_52424	0.5429	0.2654	0.1917
k141_52433	0.2705	0.4521	0.2774
k141_52439	0.6426	0.2297	0.1277
k141_52443	0.6719	0.2735	0.0546
k141_52453	0.9240	0.0533	0.0227
k141_52459	0.9811	0.0135	0.0054
k141_52472	0.9513	0.0345	0.0142
k141_52490	0.1199	0.1287	0.7514
k141_52493	0.5624	0.2365	0.2011
k141_52494	0.4803	0.2507	0.2690
k141_52515	0.6702	0.1578	0.1720
k141_52518	0.6046	0.2824	0.1131
k141_52519	0.6737	0.1959	0.1304
k141_52520	0.6882	0.2799	0.0319
k141_52527	0.7827	0.1061	0.1112
k141_52529	0.3949	0.3970	0.2081
k141_52531	0.1538	0.2329	0.6133
k141_52533	0.9429	0.0415	0.0156
k141_52549	0.2424	0.2260	0.5315
k141_52553	0.4762	0.3862	0.1376
k141_52574	0.0239	0.0295	0.9466
k141_52585	0.7839	0.1280	0.0881
k141_52616	0.7564	0.1842	0.0595
k141_52618	0.6629	0.3021	0.0351
k141_52662	0.9687	0.0222	0.0090
k141_52665	0.1549	0.1484	0.6967
k141_52691	0.7468	0.1552	0.0980
k141_52711	0.6999	0.1297	0.1704
k141_52731	0.1172	0.1427	0.7401
k141_52732	0.0588	0.1035	0.8377
k141_52743	0.7950	0.1226	0.0824
k141_52749	0.3427	0.3590	0.2984
k141_52751	0.8072	0.1526	0.0402
k141_52756	0.1626	0.1710	0.6664
k141_52764	0.9601	0.0288	0.0111
k141_52775	0.3714	0.3095	0.3191
k141_52781	0.2726	0.2057	0.5217
k141_52782	0.5122	0.1884	0.2994
k141_52793	0.4973	0.3761	0.1267
k141_52795	0.9013	0.0738	0.0249
k141_52803	0.3670	0.3121	0.3209
k141_52810	0.8579	0.0958	0.0464
k141_52812	0.2538	0.5990	0.1472
k141_52818	0.9596	0.0290	0.0114
k141_52824	0.0563	0.0351	0.9087
k141_52841	0.3135	0.3716	0.3149
k141_52849	0.6134	0.2323	0.1542
k141_52853	0.9520	0.0334	0.0145
k141_52854	0.7479	0.1950	0.0571
k141_52856	0.7522	0.1532	0.0947
k141_52860	0.9715	0.0206	0.0079
k141_52867	0.6165	0.3222	0.0613
k141_52868	0.3735	0.3698	0.2568
k141_52870	0.1391	0.3800	0.4809
k141_52872	0.9031	0.0619	0.0350
k141_52873	0.1096	0.0876	0.8028
k141_52881	0.9190	0.0671	0.0139
k141_52897	0.9521	0.0362	0.0118
k141_52912	0.2858	0.2821	0.4321
k141_52913	0.9340	0.0444	0.0216
k141_52926	0.9037	0.0611	0.0351
k141_52930	0.9596	0.0274	0.0131
k141_52935	0.2000	0.6092	0.1908
k141_52954	0.7309	0.1321	0.1370
k141_52964	0.9448	0.0440	0.0112
k141_52965	0.7043	0.2260	0.0696
k141_52969	0.2303	0.6556	0.1141
k141_52972	0.9441	0.0437	0.0122
k141_52977	0.9713	0.0200	0.0087
k141_52983	0.8685	0.0912	0.0404
k141_52984	0.3344	0.4143	0.2513
k141_52990	0.2356	0.5652	0.1992
k141_52996	0.5083	0.4124	0.0794
k141_53006	0.1486	0.1398	0.7116
k141_53010	0.7809	0.1822	0.0369
k141_53014	0.0312	0.0408	0.9279
k141_53030	0.2118	0.7719	0.0163
k141_53031	0.1870	0.5892	0.2237
k141_53037	0.6965	0.1357	0.1678
k141_53039	0.1544	0.2059	0.6397
k141_53048	0.1660	0.5571	0.2769
k141_53053	0.6338	0.2766	0.0896
k141_53061	0.2380	0.5449	0.2172
k141_53064	0.2059	0.4879	0.3062
k141_53078	0.6729	0.1679	0.1592
k141_53080	0.7440	0.1319	0.1241
k141_53082	0.9710	0.0238	0.0053
k141_53123	0.2123	0.6216	0.1661
k141_53141	0.9047	0.0670	0.0283
k141_53157	0.1455	0.4055	0.4490
k141_53160	0.3958	0.1760	0.4282
k141_53162	0.5957	0.1923	0.2120
k141_53165	0.9053	0.0658	0.0289
k141_53174	0.0355	0.0520	0.9126
k141_53186	0.6560	0.1734	0.1706
k141_53198	0.9570	0.0318	0.0112
k141_53223	0.6705	0.1967	0.1328
k141_53235	0.3485	0.3145	0.3370
k141_53237	0.8089	0.1562	0.0349
k141_53261	0.9488	0.0343	0.0169
k141_53263	0.7961	0.1149	0.0890
k141_53266	0.0126	0.0164	0.9709
k141_53273	0.6321	0.2393	0.1286
k141_53279	0.6568	0.2501	0.0931
k141_53295	0.7558	0.1686	0.0756
k141_53299	0.9591	0.0311	0.0099
k141_53314	0.4206	0.5396	0.0398
k141_53318	0.8153	0.1584	0.0263
k141_53332	0.1684	0.2646	0.5670
k141_53337	0.3928	0.5574	0.0499
k141_53339	0.0451	0.1263	0.8287
k141_53345	0.6549	0.1851	0.1601
k141_53346	0.9639	0.0261	0.0099
k141_53349	0.7498	0.1471	0.1031
k141_53350	0.2565	0.4215	0.3220
k141_53356	0.0269	0.9594	0.0138
k141_53369	0.9833	0.0121	0.0046
k141_53396	0.8701	0.0985	0.0315
k141_53403	0.8578	0.0887	0.0536
k141_53411	0.6603	0.2101	0.1295
k141_53419	0.9412	0.0410	0.0178
k141_53440	0.2788	0.3808	0.3404
k141_53447	0.8685	0.1142	0.0173
k141_53453	0.7185	0.1652	0.1163
k141_53463	0.5775	0.2492	0.1733
k141_53471	0.0225	0.0405	0.9369
k141_53483	0.6381	0.2395	0.1224
k141_53487	0.4286	0.1859	0.3855
k141_53496	0.6672	0.2226	0.1102
k141_53500	0.9780	0.0157	0.0062
k141_53509	0.2423	0.1800	0.5777
k141_53512	0.1702	0.1914	0.6384
k141_53516	0.4546	0.2513	0.2942
k141_53519	0.9523	0.0302	0.0175
k141_53540	0.8622	0.0867	0.0511
k141_53541	0.5046	0.3807	0.1148
k141_53543	0.5937	0.2270	0.1793
k141_53546	0.7637	0.1381	0.0983
k141_53552	0.9346	0.0480	0.0174
k141_53554	0.1568	0.1915	0.6517
k141_53557	0.9437	0.0422	0.0141
k141_53562	0.0339	0.0534	0.9127
k141_53573	0.2425	0.3547	0.4028
k141_53578	0.9348	0.0500	0.0152
k141_53582	0.8209	0.1246	0.0546
k141_53587	0.5817	0.2052	0.2131
k141_53591	0.5327	0.2459	0.2214
k141_53592	0.2864	0.3113	0.4022
k141_53601	0.7621	0.1524	0.0855
k141_53603	0.4823	0.3353	0.1824
k141_53609	0.8245	0.0833	0.0922
k141_53610	0.9261	0.0524	0.0215
k141_53613	0.5761	0.2679	0.1560
k141_53615	0.7057	0.1419	0.1524
k141_53625	0.1105	0.5844	0.3052
k141_53635	0.3184	0.1894	0.4921
k141_53649	0.9451	0.0436	0.0113
k141_53657	0.8404	0.0744	0.0853
k141_53666	0.8868	0.0902	0.0230
k141_53669	0.5773	0.2810	0.1417
k141_53673	0.2054	0.1785	0.6161
k141_53695	0.9280	0.0567	0.0153
k141_53727	0.4894	0.4538	0.0569
k141_53732	0.7054	0.1510	0.1436
k141_53738	0.4759	0.3706	0.1535
k141_53742	0.8089	0.0880	0.1031
k141_53760	0.9542	0.0330	0.0128
k141_53761	0.8978	0.0722	0.0300
k141_53773	0.8396	0.1331	0.0273
k141_53781	0.8370	0.1146	0.0484
k141_53784	0.8906	0.0837	0.0257
k141_53789	0.0152	0.0198	0.9650
k141_53791	0.2700	0.5344	0.1956
k141_53798	0.9380	0.0448	0.0172
k141_53813	0.9502	0.0360	0.0138
k141_53815	0.6307	0.2679	0.1014
k141_53817	0.0224	0.0467	0.9309
k141_53821	0.3025	0.2667	0.4308
k141_53829	0.0372	0.1107	0.8522
k141_53836	0.6185	0.3402	0.0414
k141_53848	0.8237	0.1500	0.0262
k141_53859	0.5755	0.2229	0.2016
k141_53865	0.0569	0.0345	0.9086
k141_53866	0.2891	0.5514	0.1594
k141_53870	0.0129	0.0223	0.9648
k141_53883	0.8988	0.0690	0.0322
k141_53885	0.6691	0.2514	0.0795
k141_53887	0.5460	0.2675	0.1865
k141_53898	0.6768	0.2376	0.0856
k141_53926	0.4671	0.3042	0.2287
k141_53957	0.8855	0.0846	0.0299
k141_53959	0.1537	0.1262	0.7201
k141_53961	0.8674	0.1040	0.0287
k141_53966	0.1591	0.1715	0.6693
k141_53972	0.2804	0.2393	0.4803
k141_53978	0.5805	0.2635	0.1561
k141_53986	0.0744	0.8819	0.0437
k141_53988	0.5578	0.2221	0.2201
k141_54005	0.7213	0.2318	0.0469
k141_54009	0.0178	0.0568	0.9255
k141_54018	0.6950	0.2449	0.0601
k141_54025	0.9225	0.0663	0.0112
k141_54028	0.7761	0.1930	0.0309
k141_54035	0.9776	0.0166	0.0059
k141_54045	0.2707	0.6226	0.1067
k141_54065	0.7779	0.1523	0.0699
k141_54070	0.7314	0.1888	0.0798
k141_54077	0.3991	0.4477	0.1532
k141_54080	0.0076	0.0147	0.9776
k141_54090	0.5803	0.2291	0.1906
k141_54096	0.1621	0.4130	0.4249
k141_54100	0.8099	0.1045	0.0856
k141_54101	0.5129	0.3388	0.1483
k141_54108	0.5150	0.3030	0.1820
k141_54119	0.3752	0.2241	0.4007
k141_54127	0.8403	0.0968	0.0629
k141_54136	0.1189	0.1385	0.7426
k141_54149	0.7961	0.0978	0.1061
k141_54155	0.6572	0.1538	0.1890
k141_54163	0.5518	0.0599	0.3883
k141_54167	0.9256	0.0584	0.0160
k141_54171	0.0874	0.0654	0.8472
k141_54176	0.8857	0.0647	0.0496
k141_54180	0.8940	0.0805	0.0255
k141_54181	0.8483	0.1150	0.0366
k141_54187	0.6689	0.1355	0.1956
k141_54195	0.8092	0.1239	0.0668
k141_54196	0.9555	0.0296	0.0149
k141_54197	0.0706	0.0373	0.8921
k141_54203	0.2878	0.5690	0.1432
k141_54205	0.9295	0.0534	0.0171
k141_54219	0.4898	0.3298	0.1805
k141_54233	0.0896	0.0575	0.8529
k141_54243	0.8817	0.0831	0.0353
k141_54245	0.5700	0.3171	0.1129
k141_54248	0.0315	0.0606	0.9079
k141_54249	0.6611	0.1904	0.1485
k141_54267	0.5159	0.3473	0.1368
k141_54268	0.8972	0.0821	0.0207
k141_54285	0.3302	0.3582	0.3116
k141_54289	0.9167	0.0505	0.0328
k141_54302	0.0056	0.9858	0.0085
k141_54304	0.3955	0.2466	0.3579
k141_54317	0.6565	0.2486	0.0949
k141_54320	0.8084	0.1183	0.0732
k141_54323	0.8484	0.1000	0.0516
k141_54325	0.2563	0.5790	0.1648
k141_54338	0.9256	0.0493	0.0251
k141_54348	0.4020	0.2828	0.3152
k141_54360	0.9518	0.0341	0.0141
k141_54366	0.5636	0.2591	0.1774
k141_54367	0.9455	0.0393	0.0151
k141_54369	0.6104	0.2135	0.1761
k141_54373	0.9061	0.0646	0.0293
k141_54385	0.7508	0.1403	0.1090
k141_54390	0.6916	0.1594	0.1489
k141_54394	0.1498	0.5215	0.3288
k141_54396	0.7586	0.1213	0.1201
k141_54413	0.7399	0.1759	0.0843
k141_54419	0.0447	0.1935	0.7618
k141_54433	0.8724	0.0975	0.0300
k141_54434	0.0583	0.0992	0.8426
k141_54467	0.5552	0.2355	0.2093
k141_54468	0.9423	0.0429	0.0147
k141_54469	0.8542	0.1153	0.0305
k141_54474	0.9855	0.0107	0.0037
k141_54478	0.9496	0.0342	0.0162
k141_54479	0.2455	0.2694	0.4851
k141_54481	0.0569	0.1178	0.8254
k141_54486	0.8897	0.0802	0.0301
k141_54489	0.6606	0.2356	0.1038
k141_54506	0.9135	0.0651	0.0214
k141_54511	0.7299	0.1253	0.1448
k141_54512	0.0126	0.0220	0.9655
k141_54518	0.1808	0.4083	0.4109
k141_54527	0.8170	0.1543	0.0287
k141_54545	0.5813	0.2677	0.1510
k141_54572	0.2763	0.5498	0.1739
k141_54580	0.5737	0.2439	0.1824
k141_54581	0.1107	0.1482	0.7411
k141_54607	0.6479	0.2700	0.0821
k141_54611	0.0161	0.0205	0.9634
k141_54613	0.0278	0.0833	0.8889
k141_54634	0.4635	0.3184	0.2181
k141_54636	0.7752	0.1519	0.0729
k141_54644	0.8970	0.0786	0.0244
k141_54653	0.9626	0.0295	0.0080
k141_54656	0.9615	0.0271	0.0114
k141_54667	0.8505	0.1166	0.0329
k141_54670	0.2221	0.3645	0.4134
k141_54680	0.7487	0.1234	0.1279
k141_54687	0.5561	0.2408	0.2031
k141_54688	0.8199	0.1538	0.0263
k141_54691	0.7481	0.1277	0.1242
k141_54692	0.3729	0.1993	0.4278
k141_54693	0.8797	0.0682	0.0521
k141_54697	0.9440	0.0392	0.0168
k141_54701	0.8017	0.1108	0.0875
k141_54703	0.4638	0.2553	0.2808
k141_54705	0.5215	0.3557	0.1228
k141_54718	0.1448	0.3020	0.5532
k141_54719	0.9745	0.0181	0.0074
k141_54721	0.9682	0.0229	0.0089
k141_54724	0.7374	0.1483	0.1143
k141_54726	0.7207	0.1658	0.1135
k141_54737	0.3892	0.3570	0.2537
k141_54741	0.1603	0.4266	0.4131
k141_54747	0.5100	0.3353	0.1547
k141_54751	0.1814	0.4276	0.3910
k141_54756	0.9507	0.0323	0.0171
k141_54767	0.3944	0.5003	0.1053
k141_54781	0.7925	0.1411	0.0665
k141_54797	0.8892	0.0829	0.0278
k141_54801	0.1977	0.3725	0.4298
k141_54809	0.9612	0.0285	0.0103
k141_54811	0.9241	0.0597	0.0163
k141_54813	0.9712	0.0227	0.0061
k141_54820	0.4747	0.1407	0.3846
k141_54822	0.9463	0.0385	0.0152
k141_54829	0.6832	0.2030	0.1138
k141_54832	0.1454	0.4229	0.4317
k141_54839	0.6682	0.2106	0.1212
k141_54841	0.8888	0.0961	0.0151
k141_54843	0.7233	0.1317	0.1449
k141_54846	0.9370	0.0455	0.0175
k141_54853	0.7668	0.1685	0.0646
k141_54855	0.9237	0.0540	0.0223
k141_54857	0.9613	0.0253	0.0134
k141_54873	0.9350	0.0449	0.0201
k141_54875	0.1786	0.6513	0.1701
k141_54882	0.7928	0.1401	0.0671
k141_54893	0.0557	0.0270	0.9173
k141_54899	0.6417	0.1437	0.2146
k141_54908	0.9203	0.0594	0.0202
k141_54911	0.7809	0.1459	0.0731
k141_54914	0.2701	0.2513	0.4786
k141_54915	0.9662	0.0243	0.0095
k141_54926	0.9397	0.0443	0.0160
k141_54936	0.9138	0.0624	0.0238
k141_54946	0.1981	0.5986	0.2032
k141_54947	0.9503	0.0353	0.0144
k141_54949	0.1151	0.0268	0.8581
k141_54971	0.1786	0.6173	0.2042
k141_54973	0.7259	0.1456	0.1285
k141_55006	0.9712	0.0189	0.0100
k141_55008	0.9665	0.0248	0.0086
k141_55027	0.3803	0.3083	0.3114
k141_55036	0.6593	0.2241	0.1166
k141_55049	0.3459	0.4559	0.1982
k141_55052	0.3912	0.1696	0.4391
k141_55067	0.9337	0.0494	0.0169
k141_55070	0.0064	0.0104	0.9832
k141_55084	0.9374	0.0433	0.0193
k141_55088	0.5843	0.2333	0.1824
k141_55095	0.9580	0.0296	0.0124
k141_55103	0.6175	0.2958	0.0867
k141_55111	0.6358	0.2670	0.0971
k141_55116	0.7119	0.1930	0.0952
k141_55118	0.5357	0.4108	0.0535
k141_55119	0.4714	0.2436	0.2850
k141_55123	0.4709	0.3931	0.1360
k141_55132	0.8369	0.1058	0.0573
k141_55146	0.7823	0.1303	0.0874
k141_55155	0.6345	0.1865	0.1790
k141_55172	0.9704	0.0218	0.0079
k141_55175	0.3928	0.5023	0.1049
k141_55177	0.2011	0.5848	0.2140
