set	sample_id	contig_id	ORF_ID	Best_Hit_ARO	ARO	Cut_Off	Best_Identities	Percentage_Length_of_Reference_Sequence	Drug_Class	Resistance_Mechanism	AMR_Gene_Family	Antibiotic	matched_to_genomad	genomad_context	chromosome_score	plasmid_score	virus_score
annual_wastewater_2017_2025	2023_SRR37365438	k141_916367	k141_916367_3 # 1709 # 2551 # 1 # ID=33_3;partial=00;start_type=ATG;rbs_motif=TAA;rbs_spacer=11bp;gc_cont=0.374	OXA-58	3001611	Perfect	100.0	100.0	carbapenem; cephalosporin; penam	antibiotic inactivation	OXA beta-lactamase	cloxacillin; oxacillin; cefalotin	True	plasmid_like		0.8072	
annual_wastewater_2017_2025	2023_SRR37365438	k141_1282981	k141_1282981_2 # 428 # 1180 # -1 # ID=175_2;partial=00;start_type=ATG;rbs_motif=3Base/5BMM;rbs_spacer=13-15bp;gc_cont=0.625	vanXY gene in vanG cluster	3003069	Strict	47.83	98.43	glycopeptide antibiotic	antibiotic target alteration	glycopeptide resistance gene cluster; vanXY	vancomycin	False	chromosome_like	1		
annual_wastewater_2017_2025	2023_SRR37365438	k141_1282981	k141_1282981_3 # 1177 # 2217 # -1 # ID=175_3;partial=00;start_type=ATG;rbs_motif=AGGAG;rbs_spacer=5-10bp;gc_cont=0.633	vanG	3002909	Strict	57.68	99.14	glycopeptide antibiotic	antibiotic target alteration	glycopeptide resistance gene cluster; Van ligase	vancomycin	False	chromosome_like	1		
annual_wastewater_2017_2025	2023_SRR37365438	k141_183595	k141_183595_2 # 941 # 1765 # 1 # ID=463_2;partial=00;start_type=ATG;rbs_motif=None;rbs_spacer=None;gc_cont=0.259	OXA-347	3001777	Perfect	100.0	100.0	carbapenem; cephalosporin; penam	antibiotic inactivation	OXA beta-lactamase	cloxacillin; oxacillin; cefalotin	False	chromosome_like	1		
annual_wastewater_2017_2025	2023_SRR37365438	k141_1283770	k141_1283770_2 # 211 # 1758 # -1 # ID=1126_2;partial=00;start_type=ATG;rbs_motif=AGGAG;rbs_spacer=5-10bp;gc_cont=0.618	Klebsiella pneumoniae KpnH	3004597	Strict	69.82	100.59	macrolide antibiotic; fluoroquinolone antibiotic; aminoglycoside antibiotic; carbapenem; cephalosporin; penam; peptide antibiotic; penem	antibiotic efflux	major facilitator superfamily (MFS) antibiotic efflux pump	erythromycin; gentamicin C; ciprofloxacin; spectinomycin; streptomycin; tobramycin; ceftazidime; ertapenem; piperacillin; azithromycin; imipenem; polymyxin B; polymyxin B1; polymyxin B2; polymyxin B3; polymyxin B4; norfloxacin; ticarcillin; gentamicin	False	chromosome_like	1		
annual_wastewater_2017_2025	2023_SRR37365438	k141_1167	k141_1167_4 # 1790 # 2629 # -1 # ID=1710_4;partial=00;start_type=ATG;rbs_motif=GGAGG;rbs_spacer=5-10bp;gc_cont=0.617	sul1	3000410	Perfect	100.0	100.0	sulfonamide antibiotic	antibiotic target replacement	sulfonamide resistant sul	sulfadiazine; sulfadimidine; sulfadoxine; sulfamethoxazole; sulfisoxazole; sulfacetamide; mafenide; sulfasalazine; sulfamethizole	True	plasmid_like		0.901	
annual_wastewater_2017_2025	2023_SRR37365438	k141_1167	k141_1167_5 # 2623 # 2970 # -1 # ID=1710_5;partial=00;start_type=ATG;rbs_motif=GGAG/GAGG;rbs_spacer=5-10bp;gc_cont=0.497	qacEdelta1	3005010	Perfect	100.0	100.0	disinfecting agents and antiseptics	antibiotic efflux	major facilitator superfamily (MFS) antibiotic efflux pump		True	plasmid_like		0.901	
annual_wastewater_2017_2025	2023_SRR37365438	k141_1101581	k141_1101581_2 # 246 # 590 # 1 # ID=2267_2;partial=00;start_type=ATG;rbs_motif=GGA/GAG/AGG;rbs_spacer=5-10bp;gc_cont=0.383	qacJ	3007014	Strict	44.34	106.54	disinfecting agents and antiseptics	antibiotic efflux	small multidrug resistance (SMR) antibiotic efflux pump	benzalkonium chloride	False	chromosome_like	1		
annual_wastewater_2017_2025	2023_SRR37365438	k141_368197	k141_368197_5 # 4518 # 5210 # -1 # ID=2460_5;partial=00;start_type=ATG;rbs_motif=TAA;rbs_spacer=7bp;gc_cont=0.306	vanW gene in vanG cluster	3002965	Strict	37.02	81.85	glycopeptide antibiotic	antibiotic target alteration	vanW; glycopeptide resistance gene cluster	vancomycin	False	chromosome_like	1		
annual_wastewater_2017_2025	2023_SRR37365438	k141_551883	k141_551883_5 # 4628 # 5311 # -1 # ID=2964_5;partial=01;start_type=Edge;rbs_motif=None;rbs_spacer=None;gc_cont=0.466	vanY gene in vanB cluster	3002956	Strict	26.14	84.7	glycopeptide antibiotic	antibiotic target alteration	vanY; glycopeptide resistance gene cluster	vancomycin	False	chromosome_like	1		
annual_wastewater_2017_2025	2023_SRR37365438	k141_735642	k141_735642_1 # 1 # 1509 # 1 # ID=3082_1;partial=10;start_type=Edge;rbs_motif=None;rbs_spacer=None;gc_cont=0.681	vanW gene in vanI cluster	3003724	Strict	34.36	134.58	glycopeptide antibiotic	antibiotic target alteration	vanW; glycopeptide resistance gene cluster	vancomycin; teicoplanin	False	chromosome_like	1		
annual_wastewater_2017_2025	2023_SRR37365438	k141_736224	k141_736224_3 # 1779 # 2306 # 1 # ID=3898_3;partial=00;start_type=GTG;rbs_motif=GGAG/GAGG;rbs_spacer=5-10bp;gc_cont=0.689	Pseudomonas aeruginosa soxR	3004107	Strict	70.42	112.18	fluoroquinolone antibiotic; cephalosporin; glycylcycline; penam; tetracycline antibiotic; rifamycin antibiotic; phenicol antibiotic; disinfecting agents and antiseptics	antibiotic target alteration; antibiotic efflux	ATP-binding cassette (ABC) antibiotic efflux pump; major facilitator superfamily (MFS) antibiotic efflux pump; resistance-nodulation-cell division (RND) antibiotic efflux pump	tigecycline; ciprofloxacin; acriflavine; tetracycline; rifampin; chloramphenicol; ampicillin; norfloxacin; cefalotin; triclosan	False	chromosome_like	1		
annual_wastewater_2017_2025	2023_SRR37365438	k141_552589	k141_552589_1 # 6 # 1925 # -1 # ID=3986_1;partial=00;start_type=ATG;rbs_motif=GGAGG;rbs_spacer=5-10bp;gc_cont=0.531	tet(W)	3000194	Perfect	100.0	100.0	tetracycline antibiotic	antibiotic target protection	tetracycline-resistant ribosomal protection protein	tetracycline; doxycycline; minocycline; chlortetracycline; demeclocycline; oxytetracycline	False	chromosome_like	1		
annual_wastewater_2017_2025	2023_SRR37365438	k141_1286051	k141_1286051_1 # 3 # 1007 # 1 # ID=4152_1;partial=10;start_type=Edge;rbs_motif=None;rbs_spacer=None;gc_cont=0.482	vanW gene in vanI cluster	3003724	Strict	38.54	89.54	glycopeptide antibiotic	antibiotic target alteration	vanW; glycopeptide resistance gene cluster	vancomycin; teicoplanin	False	chromosome_like	1		
annual_wastewater_2017_2025	2023_SRR37365438	k141_2929	k141_2929_1 # 1 # 288 # -1 # ID=4362_1;partial=10;start_type=ATG;rbs_motif=None;rbs_spacer=None;gc_cont=0.365	qacJ	3007014	Strict	45.78	89.72	disinfecting agents and antiseptics	antibiotic efflux	small multidrug resistance (SMR) antibiotic efflux pump	benzalkonium chloride	False	chromosome_like	1		
annual_wastewater_2017_2025	2023_SRR37365438	k141_2968	k141_2968_1 # 424 # 2343 # 1 # ID=4412_1;partial=00;start_type=ATG;rbs_motif=AAAA;rbs_spacer=4bp;gc_cont=0.406	tet(O)	3000190	Strict	98.9	100.0	tetracycline antibiotic	antibiotic target protection	tetracycline-resistant ribosomal protection protein	tetracycline; doxycycline; minocycline; chlortetracycline; demeclocycline; oxytetracycline	False	chromosome_like	1		
annual_wastewater_2017_2025	2023_SRR37365438	k141_370035	k141_370035_6 # 3783 # 4769 # -1 # ID=5368_6;partial=00;start_type=ATG;rbs_motif=AGGAG;rbs_spacer=5-10bp;gc_cont=0.610	vanH gene in vanO cluster	3002948	Strict	43.94	93.71	glycopeptide antibiotic	antibiotic target alteration	vanH; glycopeptide resistance gene cluster	vancomycin	False	chromosome_like	1		
annual_wastewater_2017_2025	2023_SRR37365438	k141_370054	k141_370054_1 # 161 # 985 # 1 # ID=5432_1;partial=00;start_type=ATG;rbs_motif=TTA;rbs_spacer=14bp;gc_cont=0.457	OXA-644	3005864	Strict	95.62	100.0	carbapenem; cephalosporin; penam	antibiotic inactivation	OXA beta-lactamase	cloxacillin; oxacillin; cefalotin	False	chromosome_like	1		
annual_wastewater_2017_2025	2023_SRR37365438	k141_4763	k141_4763_3 # 1415 # 1732 # 1 # ID=7007_3;partial=00;start_type=ATG;rbs_motif=AGGA;rbs_spacer=5-10bp;gc_cont=0.289	qacJ	3007014	Strict	43.88	98.13	disinfecting agents and antiseptics	antibiotic efflux	small multidrug resistance (SMR) antibiotic efflux pump	benzalkonium chloride	False	chromosome_like	1		
annual_wastewater_2017_2025	2023_SRR37365438	k141_371365	k141_371365_6 # 5177 # 6409 # -1 # ID=7462_6;partial=00;start_type=ATG;rbs_motif=None;rbs_spacer=None;gc_cont=0.526	Escherichia coli mdfA	3001328	Strict	97.07	100.0	tetracycline antibiotic; disinfecting agents and antiseptics	antibiotic efflux	major facilitator superfamily (MFS) antibiotic efflux pump	tetracycline; benzalkonium chloride	True	plasmid_like		0.8511	
annual_wastewater_2017_2025	2023_SRR37365438	k141_1105457	k141_1105457_2 # 403 # 1062 # 1 # ID=7739_2;partial=00;start_type=ATG;rbs_motif=AGGAGG;rbs_spacer=5-10bp;gc_cont=0.355	catQ	3002687	Strict	99.54	100.0	phenicol antibiotic	antibiotic inactivation	chloramphenicol acetyltransferase (CAT)	azidamfenicol; chloramphenicol; thiamphenicol	False	chromosome_like	1		
annual_wastewater_2017_2025	2023_SRR37365438	k141_371853	k141_371853_2 # 136 # 1050 # 1 # ID=8269_2;partial=01;start_type=ATG;rbs_motif=AGGAG;rbs_spacer=5-10bp;gc_cont=0.472	vanT gene in vanG cluster	3002972	Strict	35.2	42.84	glycopeptide antibiotic	antibiotic target alteration	glycopeptide resistance gene cluster; vanT	vancomycin	False	chromosome_like	1		
annual_wastewater_2017_2025	2023_SRR37365438	k141_740321	k141_740321_2 # 174 # 632 # 1 # ID=9189_2;partial=00;start_type=ATG;rbs_motif=None;rbs_spacer=None;gc_cont=0.678	Pseudomonas aeruginosa soxR	3004107	Strict	71.33	97.44	fluoroquinolone antibiotic; cephalosporin; glycylcycline; penam; tetracycline antibiotic; rifamycin antibiotic; phenicol antibiotic; disinfecting agents and antiseptics	antibiotic target alteration; antibiotic efflux	ATP-binding cassette (ABC) antibiotic efflux pump; major facilitator superfamily (MFS) antibiotic efflux pump; resistance-nodulation-cell division (RND) antibiotic efflux pump	tigecycline; ciprofloxacin; acriflavine; tetracycline; rifampin; chloramphenicol; ampicillin; norfloxacin; cefalotin; triclosan	False	chromosome_like	1		
annual_wastewater_2017_2025	2023_SRR37365438	k141_189683	k141_189683_3 # 796 # 1941 # -1 # ID=9387_3;partial=00;start_type=ATG;rbs_motif=GGA/GAG/AGG;rbs_spacer=5-10bp;gc_cont=0.581	vanT gene in vanG cluster	3002972	Strict	32.11	53.51	glycopeptide antibiotic	antibiotic target alteration	glycopeptide resistance gene cluster; vanT	vancomycin	False	chromosome_like	1		
annual_wastewater_2017_2025	2023_SRR37365438	k141_1107097	k141_1107097_8 # 8499 # 11618 # -1 # ID=10374_8;partial=00;start_type=ATG;rbs_motif=GGA/GAG/AGG;rbs_spacer=5-10bp;gc_cont=0.310	adeF	3000777	Strict	42.4	98.11	fluoroquinolone antibiotic; tetracycline antibiotic	antibiotic efflux	resistance-nodulation-cell division (RND) antibiotic efflux pump	tetracycline	False	chromosome_like	1		
annual_wastewater_2017_2025	2023_SRR37365438	k141_373405	k141_373405_4 # 3562 # 4482 # -1 # ID=10485_4;partial=00;start_type=ATG;rbs_motif=AGxAGG/AGGxGG;rbs_spacer=5-10bp;gc_cont=0.640	vanY gene in vanB cluster	3002956	Strict	36.76	114.18	glycopeptide antibiotic	antibiotic target alteration	vanY; glycopeptide resistance gene cluster	vancomycin	False	chromosome_like	1		
annual_wastewater_2017_2025	2023_SRR37365438	k141_7472	k141_7472_2 # 647 # 976 # 1 # ID=10831_2;partial=00;start_type=ATG;rbs_motif=3Base/5BMM;rbs_spacer=13-15bp;gc_cont=0.394	qacJ	3007014	Strict	37.74	101.87	disinfecting agents and antiseptics	antibiotic efflux	small multidrug resistance (SMR) antibiotic efflux pump	benzalkonium chloride	False	chromosome_like	1		
annual_wastewater_2017_2025	2023_SRR37365438	k141_190811	k141_190811_4 # 2225 # 5353 # -1 # ID=11190_4;partial=00;start_type=ATG;rbs_motif=AGGA;rbs_spacer=5-10bp;gc_cont=0.297	adeF	3000777	Strict	45.44	98.39	fluoroquinolone antibiotic; tetracycline antibiotic	antibiotic efflux	resistance-nodulation-cell division (RND) antibiotic efflux pump	tetracycline	False	chromosome_like	1		
annual_wastewater_2017_2025	2023_SRR37365438	k141_7943	k141_7943_2 # 387 # 1169 # -1 # ID=11715_2;partial=01;start_type=Edge;rbs_motif=None;rbs_spacer=None;gc_cont=0.521	aadA2	3002602	Strict	99.61	100.39	aminoglycoside antibiotic	antibiotic inactivation	ANT(3'')	spectinomycin; streptomycin	False	chromosome_like	1		
annual_wastewater_2017_2025	2023_SRR37365438	k141_1108040	k141_1108040_1 # 93 # 914 # 1 # ID=11822_1;partial=00;start_type=ATG;rbs_motif=AGGAG;rbs_spacer=5-10bp;gc_cont=0.658	vanY gene in vanB cluster	3002956	Strict	32.43	101.87	glycopeptide antibiotic	antibiotic target alteration	vanY; glycopeptide resistance gene cluster	vancomycin	False	chromosome_like	1		
annual_wastewater_2017_2025	2023_SRR37365438	k141_558895	k141_558895_2 # 258 # 992 # 1 # ID=12843_2;partial=00;start_type=ATG;rbs_motif=TAA;rbs_spacer=12bp;gc_cont=0.264	ErmG	3000522	Strict	99.18	100.0	macrolide antibiotic; lincosamide antibiotic; streptogramin antibiotic; streptogramin A antibiotic; streptogramin B antibiotic	antibiotic target alteration	Erm 23S ribosomal RNA methyltransferase	erythromycin; roxithromycin; lincomycin; telithromycin; clarithromycin; clindamycin; tylosin; spiramycin; azithromycin; dirithromycin; pristinamycin IA; quinupristin; virginiamycin M1; madumycin II; griseoviridin; dalfopristin; pristinamycin IB; virginiamycin S2; pristinamycin IC; vernamycin C; patricin A; patricin B; ostreogrycin B3; oleandomycin	False	chromosome_like	1		
annual_wastewater_2017_2025	2023_SRR37365438	k141_559401	k141_559401_2 # 542 # 1744 # -1 # ID=13473_2;partial=00;start_type=ATG;rbs_motif=AGGA;rbs_spacer=5-10bp;gc_cont=0.647	vanT gene in vanG cluster	3002972	Strict	33.86	56.18	glycopeptide antibiotic	antibiotic target alteration	glycopeptide resistance gene cluster; vanT	vancomycin	False	chromosome_like	1		
annual_wastewater_2017_2025	2023_SRR37365438	k141_1292718	k141_1292718_1 # 347 # 1117 # 1 # ID=13657_1;partial=00;start_type=ATG;rbs_motif=TAA;rbs_spacer=11bp;gc_cont=0.332	LnuH	3004600	Strict	84.38	98.46	lincosamide antibiotic	antibiotic inactivation	lincosamide nucleotidyltransferase (LNU)		False	chromosome_like	1		
annual_wastewater_2017_2025	2023_SRR37365438	k141_1109424	k141_1109424_13 # 13112 # 13441 # -1 # ID=13737_13;partial=00;start_type=ATG;rbs_motif=AGGAG;rbs_spacer=5-10bp;gc_cont=0.376	qacG	3007015	Strict	41.51	101.87	disinfecting agents and antiseptics	antibiotic efflux	small multidrug resistance (SMR) antibiotic efflux pump	benzalkonium chloride	True	plasmid_like		0.9005	
annual_wastewater_2017_2025	2023_SRR37365438	k141_744328	k141_744328_1 # 8 # 1678 # -1 # ID=14942_1;partial=00;start_type=ATG;rbs_motif=GGAG/GAGG;rbs_spacer=5-10bp;gc_cont=0.601	ArnT	3005053	Strict	45.32	100.91	peptide antibiotic	antibiotic target alteration	pmr phosphoethanolamine transferase	colistin A; colistin B	False	chromosome_like	1		
annual_wastewater_2017_2025	2023_SRR37365438	k141_745328	k141_745328_2 # 1132 # 4257 # -1 # ID=16158_2;partial=00;start_type=ATG;rbs_motif=GGA/GAG/AGG;rbs_spacer=5-10bp;gc_cont=0.608	adeF	3000777	Strict	46.67	98.3	fluoroquinolone antibiotic; tetracycline antibiotic	antibiotic efflux	resistance-nodulation-cell division (RND) antibiotic efflux pump	tetracycline	False	chromosome_like	1		
annual_wastewater_2017_2025	2023_SRR37365438	k141_561631	k141_561631_2 # 1346 # 2140 # -1 # ID=16454_2;partial=00;start_type=ATG;rbs_motif=AGGAG;rbs_spacer=5-10bp;gc_cont=0.631	OXA-917	3006103	Strict	100.0	100.0	carbapenem; cephalosporin; penam	antibiotic inactivation	OXA beta-lactamase	cloxacillin; oxacillin; cefalotin	False	chromosome_like	1		
annual_wastewater_2017_2025	2023_SRR37365438	k141_378188	k141_378188_2 # 537 # 878 # 1 # ID=17422_2;partial=00;start_type=ATG;rbs_motif=None;rbs_spacer=None;gc_cont=0.617	qacG	3007015	Strict	41.35	105.61	disinfecting agents and antiseptics	antibiotic efflux	small multidrug resistance (SMR) antibiotic efflux pump	benzalkonium chloride	False	chromosome_like	1		
annual_wastewater_2017_2025	2023_SRR37365438	k141_1295573	k141_1295573_3 # 2019 # 2909 # -1 # ID=17556_3;partial=00;start_type=ATG;rbs_motif=AGxAG;rbs_spacer=5-10bp;gc_cont=0.658	vanY gene in vanB cluster	3002956	Strict	36.32	110.45	glycopeptide antibiotic	antibiotic target alteration	vanY; glycopeptide resistance gene cluster	vancomycin	False	chromosome_like	1		
annual_wastewater_2017_2025	2023_SRR37365438	k141_196140	k141_196140_1 # 3 # 1715 # -1 # ID=18635_1;partial=11;start_type=Edge;rbs_motif=None;rbs_spacer=None;gc_cont=0.666	adeF	3000777	Strict	84.94	53.92	fluoroquinolone antibiotic; tetracycline antibiotic	antibiotic efflux	resistance-nodulation-cell division (RND) antibiotic efflux pump	tetracycline	False	chromosome_like	1		
annual_wastewater_2017_2025	2023_SRR37365438	k141_1113151	k141_1113151_2 # 278 # 1066 # -1 # ID=18967_2;partial=00;start_type=ATG;rbs_motif=None;rbs_spacer=None;gc_cont=0.426	ANT(3'')-IIc	3004091	Strict	84.82	101.16	aminoglycoside antibiotic	antibiotic inactivation	ANT(3'')	spectinomycin; streptomycin	False	chromosome_like	1		
annual_wastewater_2017_2025	2023_SRR37365438	k141_196544	k141_196544_23 # 23202 # 26318 # 1 # ID=19321_23;partial=00;start_type=ATG;rbs_motif=TAAA;rbs_spacer=13bp;gc_cont=0.473	adeF	3000777	Strict	42.9	98.02	fluoroquinolone antibiotic; tetracycline antibiotic	antibiotic efflux	resistance-nodulation-cell division (RND) antibiotic efflux pump	tetracycline	False	chromosome_like	1		
annual_wastewater_2017_2025	2023_SRR37365438	k141_563956	k141_563956_3 # 1843 # 4980 # 1 # ID=19493_3;partial=00;start_type=ATG;rbs_motif=GGAG/GAGG;rbs_spacer=5-10bp;gc_cont=0.612	adeF	3000777	Strict	47.33	98.68	fluoroquinolone antibiotic; tetracycline antibiotic	antibiotic efflux	resistance-nodulation-cell division (RND) antibiotic efflux pump	tetracycline	False	chromosome_like	1		
annual_wastewater_2017_2025	2023_SRR37365438	k141_13626	k141_13626_2 # 2092 # 2973 # 1 # ID=19895_2;partial=00;start_type=ATG;rbs_motif=GGA/GAG/AGG;rbs_spacer=5-10bp;gc_cont=0.424	vanW gene in vanG cluster	3002965	Strict	31.56	104.27	glycopeptide antibiotic	antibiotic target alteration	vanW; glycopeptide resistance gene cluster	vancomycin	False	chromosome_like	1		
annual_wastewater_2017_2025	2023_SRR37365438	k141_1297333	k141_1297333_1 # 1 # 1977 # 1 # ID=19896_1;partial=11;start_type=Edge;rbs_motif=None;rbs_spacer=None;gc_cont=0.638	adeF	3000777	Strict	70.02	62.23	fluoroquinolone antibiotic; tetracycline antibiotic	antibiotic efflux	resistance-nodulation-cell division (RND) antibiotic efflux pump	tetracycline	False	chromosome_like	1		
annual_wastewater_2017_2025	2023_SRR37365438	k141_14280	k141_14280_24 # 24693 # 25838 # -1 # ID=20725_24;partial=00;start_type=ATG;rbs_motif=GGAG/GAGG;rbs_spacer=5-10bp;gc_cont=0.449	vanT gene in vanG cluster	3002972	Strict	34.31	53.51	glycopeptide antibiotic	antibiotic target alteration	glycopeptide resistance gene cluster; vanT	vancomycin	False	chromosome_like	1		
annual_wastewater_2017_2025	2023_SRR37365438	k141_1298046	k141_1298046_1 # 298 # 495 # -1 # ID=21014_1;partial=00;start_type=ATG;rbs_motif=AGGAG;rbs_spacer=5-10bp;gc_cont=0.470	rsmA	3005069	Strict	87.93	106.56	fluoroquinolone antibiotic; diaminopyrimidine antibiotic; phenicol antibiotic	antibiotic efflux	resistance-nodulation-cell division (RND) antibiotic efflux pump	trimethoprim; chloramphenicol	False	chromosome_like	1		
annual_wastewater_2017_2025	2023_SRR37365438	k141_1115518	k141_1115518_2 # 579 # 1745 # -1 # ID=22167_2;partial=00;start_type=ATG;rbs_motif=None;rbs_spacer=None;gc_cont=0.374	tet(X)	3000205	Strict	99.74	100.0	glycylcycline; tetracycline antibiotic	antibiotic inactivation	tetracycline inactivation enzyme	tigecycline; tetracycline; doxycycline; minocycline; chlortetracycline; demeclocycline; oxytetracycline	False	chromosome_like	1		
annual_wastewater_2017_2025	2023_SRR37365438	k141_750033	k141_750033_3 # 1971 # 2957 # 1 # ID=22309_3;partial=00;start_type=ATG;rbs_motif=AGGAGG;rbs_spacer=11-12bp;gc_cont=0.403	vanH gene in vanO cluster	3002948	Strict	37.74	93.71	glycopeptide antibiotic	antibiotic target alteration	vanH; glycopeptide resistance gene cluster	vancomycin	False	chromosome_like	1		
annual_wastewater_2017_2025	2023_SRR37365438	k141_198882	k141_198882_11 # 9767 # 11077 # 1 # ID=22554_11;partial=00;start_type=ATG;rbs_motif=GGA/GAG/AGG;rbs_spacer=5-10bp;gc_cont=0.406	Acinetobacter baumannii AbaF	3004573	Strict	86.08	101.63	phosphonic acid antibiotic	antibiotic efflux	major facilitator superfamily (MFS) antibiotic efflux pump	fosfomycin	False	chromosome_like	1		
annual_wastewater_2017_2025	2023_SRR37365438	k141_1116516	k141_1116516_5 # 5432 # 6427 # -1 # ID=23445_5;partial=00;start_type=ATG;rbs_motif=GGAGG;rbs_spacer=5-10bp;gc_cont=0.589	vanH gene in vanO cluster	3002948	Strict	41.85	94.57	glycopeptide antibiotic	antibiotic target alteration	vanH; glycopeptide resistance gene cluster	vancomycin	False	chromosome_like	1		
annual_wastewater_2017_2025	2023_SRR37365438	k141_16320	k141_16320_1 # 253 # 585 # -1 # ID=23919_1;partial=00;start_type=ATG;rbs_motif=GGAG/GAGG;rbs_spacer=5-10bp;gc_cont=0.541	qacG	3007015	Strict	42.31	102.8	disinfecting agents and antiseptics	antibiotic efflux	small multidrug resistance (SMR) antibiotic efflux pump	benzalkonium chloride	False	chromosome_like	1		
annual_wastewater_2017_2025	2023_SRR37365438	k141_752188	k141_752188_5 # 2426 # 2755 # -1 # ID=25123_5;partial=00;start_type=TTG;rbs_motif=AGGAG;rbs_spacer=5-10bp;gc_cont=0.409	qacJ	3007014	Strict	43.4	101.87	disinfecting agents and antiseptics	antibiotic efflux	small multidrug resistance (SMR) antibiotic efflux pump	benzalkonium chloride	False	chromosome_like	1		
annual_wastewater_2017_2025	2023_SRR37365438	k141_17450	k141_17450_15 # 13304 # 16495 # -1 # ID=25758_15;partial=00;start_type=TTG;rbs_motif=None;rbs_spacer=None;gc_cont=0.607	adeF	3000777	Strict	42.18	100.38	fluoroquinolone antibiotic; tetracycline antibiotic	antibiotic efflux	resistance-nodulation-cell division (RND) antibiotic efflux pump	tetracycline	False	chromosome_like	1		
annual_wastewater_2017_2025	2023_SRR37365438	k141_752820	k141_752820_3 # 1017 # 1511 # -1 # ID=25884_3;partial=00;start_type=ATG;rbs_motif=GGAG/GAGG;rbs_spacer=5-10bp;gc_cont=0.325	dfrF	3002867	Perfect	100.0	100.0	diaminopyrimidine antibiotic	antibiotic target replacement	trimethoprim resistant dihydrofolate reductase dfr	trimethoprim	False	chromosome_like	1		
annual_wastewater_2017_2025	2023_SRR37365438	k141_752997	k141_752997_10 # 8276 # 8650 # -1 # ID=26144_10;partial=00;start_type=ATG;rbs_motif=GGAG/GAGG;rbs_spacer=5-10bp;gc_cont=0.523	marA	3000263	Strict	89.52	97.64	fluoroquinolone antibiotic; monobactam; carbapenem; cephalosporin; glycylcycline; cephamycin; penam; tetracycline antibiotic; rifamycin antibiotic; phenicol antibiotic; penem; disinfecting agents and antiseptics	antibiotic efflux; reduced permeability to antibiotic	resistance-nodulation-cell division (RND) antibiotic efflux pump; General Bacterial Porin with reduced permeability to beta-lactams	tigecycline; tetracycline; rifampin; chloramphenicol; ampicillin; cefalotin; triclosan	True	plasmid_like		0.9888	
annual_wastewater_2017_2025	2023_SRR37365438	k141_752997	k141_752997_11 # 8669 # 9106 # -1 # ID=26144_11;partial=00;start_type=ATG;rbs_motif=None;rbs_spacer=None;gc_cont=0.516	Escherichia coli AcrAB-TolC with MarR mutations conferring resistance to ciprofloxacin and tetracycline	3003378	Strict	86.81	100.69	fluoroquinolone antibiotic; cephalosporin; glycylcycline; penam; tetracycline antibiotic; rifamycin antibiotic; phenicol antibiotic; disinfecting agents and antiseptics	antibiotic target alteration; antibiotic efflux	resistance-nodulation-cell division (RND) antibiotic efflux pump	tigecycline; ciprofloxacin; tetracycline; rifampin; chloramphenicol; ampicillin; cefalotin; triclosan	True	plasmid_like		0.9888	
annual_wastewater_2017_2025	2023_SRR37365438	k141_1302055	k141_1302055_18 # 15877 # 16215 # 1 # ID=26570_18;partial=00;start_type=ATG;rbs_motif=None;rbs_spacer=None;gc_cont=0.605	qacG	3007015	Strict	40.95	104.67	disinfecting agents and antiseptics	antibiotic efflux	small multidrug resistance (SMR) antibiotic efflux pump	benzalkonium chloride	False	chromosome_like	1		
annual_wastewater_2017_2025	2023_SRR37365438	k141_202091	k141_202091_1 # 2 # 1015 # 1 # ID=27484_1;partial=11;start_type=Edge;rbs_motif=None;rbs_spacer=None;gc_cont=0.417	vanT gene in vanG cluster	3002972	Strict	35.45	47.47	glycopeptide antibiotic	antibiotic target alteration	glycopeptide resistance gene cluster; vanT	vancomycin	False	chromosome_like	1		
annual_wastewater_2017_2025	2023_SRR37365438	k141_1120822	k141_1120822_2 # 210 # 1058 # -1 # ID=29202_2;partial=01;start_type=Edge;rbs_motif=None;rbs_spacer=None;gc_cont=0.444	vanW gene in vanG cluster	3002965	Strict	31.65	100.36	glycopeptide antibiotic	antibiotic target alteration	vanW; glycopeptide resistance gene cluster	vancomycin	False	chromosome_like	1		
annual_wastewater_2017_2025	2023_SRR37365438	k141_1121148	k141_1121148_1 # 3 # 1082 # -1 # ID=29700_1;partial=11;start_type=Edge;rbs_motif=None;rbs_spacer=None;gc_cont=0.404	tet(32)	3000196	Strict	98.89	56.34	tetracycline antibiotic	antibiotic target protection	tetracycline-resistant ribosomal protection protein	tetracycline; doxycycline; minocycline; chlortetracycline; demeclocycline; oxytetracycline	False	chromosome_like	1		
annual_wastewater_2017_2025	2023_SRR37365438	k141_387754	k141_387754_1 # 1 # 522 # 1 # ID=30177_1;partial=10;start_type=Edge;rbs_motif=None;rbs_spacer=None;gc_cont=0.423	vanW gene in vanG cluster	3002965	Strict	29.8	61.57	glycopeptide antibiotic	antibiotic target alteration	vanW; glycopeptide resistance gene cluster	vancomycin	False	chromosome_like	1		
annual_wastewater_2017_2025	2023_SRR37365438	k141_1305109	k141_1305109_1 # 1 # 210 # -1 # ID=30822_1;partial=10;start_type=GTG;rbs_motif=None;rbs_spacer=None;gc_cont=0.662	FosI	3007370	Strict	68.12	52.24	phosphonic acid antibiotic	antibiotic inactivation	fosfomycin thiol transferase	fosfomycin	False	chromosome_like	1		
annual_wastewater_2017_2025	2023_SRR37365438	k141_572668	k141_572668_6 # 7062 # 8765 # 1 # ID=30848_6;partial=00;start_type=ATG;rbs_motif=GGA/GAG/AGG;rbs_spacer=5-10bp;gc_cont=0.434	vanW gene in vanI cluster	3003724	Strict	39.06	152.01	glycopeptide antibiotic	antibiotic target alteration	vanW; glycopeptide resistance gene cluster	vancomycin; teicoplanin	False	chromosome_like	1		
annual_wastewater_2017_2025	2023_SRR37365438	k141_21841	k141_21841_2 # 242 # 1405 # -1 # ID=32198_2;partial=00;start_type=ATG;rbs_motif=AGGAGG;rbs_spacer=5-10bp;gc_cont=0.373	vanT gene in vanG cluster	3002972	Strict	37.4	54.35	glycopeptide antibiotic	antibiotic target alteration	glycopeptide resistance gene cluster; vanT	vancomycin	False	chromosome_like	1		
annual_wastewater_2017_2025	2023_SRR37365438	k141_1306242	k141_1306242_10 # 6311 # 6958 # 1 # ID=32231_10;partial=01;start_type=ATG;rbs_motif=GGA/GAG/AGG;rbs_spacer=5-10bp;gc_cont=0.394	vanY gene in vanB cluster	3002956	Strict	50.86	80.6	glycopeptide antibiotic	antibiotic target alteration	vanY; glycopeptide resistance gene cluster	vancomycin	True	virus_like			0.8236
annual_wastewater_2017_2025	2023_SRR37365438	k141_1306850	k141_1306850_8 # 5074 # 6717 # -1 # ID=33090_8;partial=00;start_type=ATG;rbs_motif=GGAG/GAGG;rbs_spacer=5-10bp;gc_cont=0.555	MCR-5.1	3004332	Perfect	100.0	100.0	peptide antibiotic	antibiotic target alteration	MCR phosphoethanolamine transferase	colistin A; colistin B	False	chromosome_like	1		
annual_wastewater_2017_2025	2023_SRR37365438	k141_206278	k141_206278_1 # 2 # 724 # -1 # ID=33359_1;partial=10;start_type=ATG;rbs_motif=GGA/GAG/AGG;rbs_spacer=5-10bp;gc_cont=0.658	vanT gene in vanG cluster	3002972	Strict	40.17	33.85	glycopeptide antibiotic	antibiotic target alteration	glycopeptide resistance gene cluster; vanT	vancomycin	False	chromosome_like	1		
annual_wastewater_2017_2025	2023_SRR37365438	k141_390420	k141_390420_2 # 723 # 1874 # 1 # ID=33805_2;partial=00;start_type=ATG;rbs_motif=AGGAG;rbs_spacer=5-10bp;gc_cont=0.647	MOX-12	3006477	Strict	99.48	100.0	cephalosporin; cephamycin; penam	antibiotic inactivation	MOX beta-lactamase		False	chromosome_like	1		
annual_wastewater_2017_2025	2023_SRR37365438	k141_206666	k141_206666_1 # 3 # 338 # -1 # ID=33806_1;partial=10;start_type=ATG;rbs_motif=AGGAGG;rbs_spacer=3-4bp;gc_cont=0.601	vanW gene in vanB cluster	3002964	Strict	43.04	40.73	glycopeptide antibiotic	antibiotic target alteration	vanW; glycopeptide resistance gene cluster	vancomycin	False	chromosome_like	1		
annual_wastewater_2017_2025	2023_SRR37365438	k141_1307505	k141_1307505_23 # 18165 # 18797 # 1 # ID=34063_23;partial=00;start_type=ATG;rbs_motif=GGAG/GAGG;rbs_spacer=5-10bp;gc_cont=0.536	CRP	3000518	Strict	99.05	100.0	macrolide antibiotic; fluoroquinolone antibiotic; penam	antibiotic efflux	resistance-nodulation-cell division (RND) antibiotic efflux pump	erythromycin; cloxacillin; oxacillin; norfloxacin	False	chromosome_like	1		
annual_wastewater_2017_2025	2023_SRR37365438	k141_940792	k141_940792_2 # 212 # 1855 # -1 # ID=34813_2;partial=00;start_type=ATG;rbs_motif=GGAG/GAGG;rbs_spacer=5-10bp;gc_cont=0.659	ArnT	3005053	Strict	50.18	99.27	peptide antibiotic	antibiotic target alteration	pmr phosphoethanolamine transferase	colistin A; colistin B	False	chromosome_like	1		
annual_wastewater_2017_2025	2023_SRR37365438	k141_391344	k141_391344_17 # 20161 # 23271 # -1 # ID=35088_17;partial=00;start_type=ATG;rbs_motif=AATAA;rbs_spacer=4bp;gc_cont=0.455	adeF	3000777	Strict	42.51	97.83	fluoroquinolone antibiotic; tetracycline antibiotic	antibiotic efflux	resistance-nodulation-cell division (RND) antibiotic efflux pump	tetracycline	False	chromosome_like	1		
annual_wastewater_2017_2025	2023_SRR37365438	k141_1308803	k141_1308803_6 # 5306 # 8569 # -1 # ID=35905_6;partial=00;start_type=ATG;rbs_motif=GGAG/GAGG;rbs_spacer=5-10bp;gc_cont=0.473	adeF	3000777	Strict	42.98	102.64	fluoroquinolone antibiotic; tetracycline antibiotic	antibiotic efflux	resistance-nodulation-cell division (RND) antibiotic efflux pump	tetracycline	False	chromosome_like	1		
annual_wastewater_2017_2025	2023_SRR37365438	k141_25119	k141_25119_1 # 201 # 1016 # 1 # ID=37084_1;partial=00;start_type=ATG;rbs_motif=GGA/GAG/AGG;rbs_spacer=5-10bp;gc_cont=0.436	APH(3')-Ia	3002641	Strict	98.15	100.0	aminoglycoside antibiotic	antibiotic inactivation	APH(3')	neomycin; ribostamycin; kanamycin A; gentamicin B; paromomycin; lividomycin; gentamicin	False	chromosome_like	1		
annual_wastewater_2017_2025	2023_SRR37365438	k141_392966	k141_392966_1 # 3 # 422 # 1 # ID=37222_1;partial=10;start_type=Edge;rbs_motif=None;rbs_spacer=None;gc_cont=0.643	vanY gene in vanB cluster	3002956	Strict	38.4	51.87	glycopeptide antibiotic	antibiotic target alteration	vanY; glycopeptide resistance gene cluster	vancomycin	False	chromosome_like	1		
annual_wastewater_2017_2025	2023_SRR37365438	k141_209377	k141_209377_2 # 1667 # 2632 # -1 # ID=37296_2;partial=00;start_type=ATG;rbs_motif=TAA;rbs_spacer=11bp;gc_cont=0.356	CfxA2	3003002	Perfect	100.0	100.0	cephamycin	antibiotic inactivation	CfxA beta-lactamase		True	plasmid_like		0.9688	
annual_wastewater_2017_2025	2023_SRR37365438	k141_25385	k141_25385_4 # 3650 # 6754 # 1 # ID=37414_4;partial=00;start_type=ATG;rbs_motif=AATAA;rbs_spacer=3bp;gc_cont=0.454	adeF	3000777	Strict	42.36	97.64	fluoroquinolone antibiotic; tetracycline antibiotic	antibiotic efflux	resistance-nodulation-cell division (RND) antibiotic efflux pump	tetracycline	False	chromosome_like	1		
annual_wastewater_2017_2025	2023_SRR37365438	k141_393348	k141_393348_5 # 3002 # 3697 # -1 # ID=37621_5;partial=01;start_type=Edge;rbs_motif=None;rbs_spacer=None;gc_cont=0.636	vanW gene in vanI cluster	3003724	Strict	35.56	61.93	glycopeptide antibiotic	antibiotic target alteration	vanW; glycopeptide resistance gene cluster	vancomycin; teicoplanin	False	chromosome_like	1		
annual_wastewater_2017_2025	2023_SRR37365438	k141_1310204	k141_1310204_93 # 94410 # 95816 # -1 # ID=37826_93;partial=00;start_type=ATG;rbs_motif=AGGA/GGAG/GAGG;rbs_spacer=11-12bp;gc_cont=0.543	vanW gene in vanI cluster	3003724	Strict	29.66	125.47	glycopeptide antibiotic	antibiotic target alteration	vanW; glycopeptide resistance gene cluster	vancomycin; teicoplanin	False	chromosome_like	1		
annual_wastewater_2017_2025	2023_SRR37365438	k141_1126776	k141_1126776_1 # 1 # 648 # -1 # ID=38283_1;partial=10;start_type=ATG;rbs_motif=GGA/GAG/AGG;rbs_spacer=5-10bp;gc_cont=0.336	ErmB	3000375	Strict	98.15	87.1	macrolide antibiotic; lincosamide antibiotic; streptogramin antibiotic; streptogramin A antibiotic; streptogramin B antibiotic	antibiotic target alteration	Erm 23S ribosomal RNA methyltransferase	erythromycin; roxithromycin; lincomycin; telithromycin; clarithromycin; clindamycin; tylosin; spiramycin; azithromycin; dirithromycin; pristinamycin IA; quinupristin; virginiamycin M1; madumycin II; griseoviridin; dalfopristin; pristinamycin IB; virginiamycin S2; pristinamycin IC; vernamycin C; patricin A; patricin B; ostreogrycin B3; oleandomycin	False	chromosome_like	1		
annual_wastewater_2017_2025	2023_SRR37365438	k141_393948	k141_393948_2 # 368 # 3568 # 1 # ID=38380_2;partial=00;start_type=ATG;rbs_motif=GGAGG;rbs_spacer=5-10bp;gc_cont=0.549	adeF	3000777	Strict	41.71	100.66	fluoroquinolone antibiotic; tetracycline antibiotic	antibiotic efflux	resistance-nodulation-cell division (RND) antibiotic efflux pump	tetracycline	False	chromosome_like	1		
annual_wastewater_2017_2025	2023_SRR37365438	k141_1310989	k141_1310989_6 # 3005 # 3337 # -1 # ID=38850_6;partial=00;start_type=ATG;rbs_motif=GGAGG;rbs_spacer=5-10bp;gc_cont=0.640	qacG	3007015	Strict	39.42	102.8	disinfecting agents and antiseptics	antibiotic efflux	small multidrug resistance (SMR) antibiotic efflux pump	benzalkonium chloride	False	chromosome_like	1		
annual_wastewater_2017_2025	2023_SRR37365438	k141_763288	k141_763288_1 # 1 # 1074 # 1 # ID=39438_1;partial=10;start_type=Edge;rbs_motif=None;rbs_spacer=None;gc_cont=0.559	Escherichia coli EF-Tu mutants conferring resistance to Pulvomycin	3003369	Strict	98.32	87.29	elfamycin antibiotic	antibiotic target alteration	elfamycin resistant EF-Tu	pulvomycin	False	chromosome_like	1		
annual_wastewater_2017_2025	2023_SRR37365438	k141_944488	k141_944488_1 # 2 # 979 # -1 # ID=39886_1;partial=10;start_type=TTG;rbs_motif=None;rbs_spacer=None;gc_cont=0.294	vanW gene in vanG cluster	3002965	Strict	32.1	116.01	glycopeptide antibiotic	antibiotic target alteration	vanW; glycopeptide resistance gene cluster	vancomycin	False	chromosome_like	1		
annual_wastewater_2017_2025	2023_SRR37365438	k141_579941	k141_579941_1 # 3 # 1103 # 1 # ID=40460_1;partial=11;start_type=Edge;rbs_motif=None;rbs_spacer=None;gc_cont=0.522	tet(W/N/W)	3004442	Strict	95.37	57.43	tetracycline antibiotic	antibiotic target protection	tetracycline-resistant ribosomal protection protein	tetracycline; minocycline; chlortetracycline	False	chromosome_like	1		
annual_wastewater_2017_2025	2023_SRR37365438	k141_1312723	k141_1312723_2 # 772 # 1404 # 1 # ID=40984_2;partial=00;start_type=ATG;rbs_motif=GGAG/GAGG;rbs_spacer=5-10bp;gc_cont=0.506	CRP	3000518	Strict	99.05	100.0	macrolide antibiotic; fluoroquinolone antibiotic; penam	antibiotic efflux	resistance-nodulation-cell division (RND) antibiotic efflux pump	erythromycin; cloxacillin; oxacillin; norfloxacin	False	chromosome_like	1		
annual_wastewater_2017_2025	2023_SRR37365438	k141_1128990	k141_1128990_1 # 374 # 1258 # -1 # ID=41442_1;partial=00;start_type=ATG;rbs_motif=AAAAA;rbs_spacer=11bp;gc_cont=0.367	mphG	3003742	Strict	99.32	100.0	macrolide antibiotic	antibiotic inactivation	macrolide phosphotransferase (MPH)	erythromycin; clarithromycin; azithromycin	False	chromosome_like	1		
annual_wastewater_2017_2025	2023_SRR37365438	k141_1313023	k141_1313023_1 # 3 # 1901 # -1 # ID=41479_1;partial=11;start_type=Edge;rbs_motif=None;rbs_spacer=None;gc_cont=0.605	adeF	3000777	Strict	69.87	59.77	fluoroquinolone antibiotic; tetracycline antibiotic	antibiotic efflux	resistance-nodulation-cell division (RND) antibiotic efflux pump	tetracycline	False	chromosome_like	1		
annual_wastewater_2017_2025	2023_SRR37365438	k141_396596	k141_396596_2 # 2842 # 3915 # -1 # ID=41726_2;partial=00;start_type=ATG;rbs_motif=GGA/GAG/AGG;rbs_spacer=5-10bp;gc_cont=0.644	vanT gene in vanG cluster	3002972	Strict	33.42	50.14	glycopeptide antibiotic	antibiotic target alteration	glycopeptide resistance gene cluster; vanT	vancomycin	False	chromosome_like	1		
annual_wastewater_2017_2025	2023_SRR37365438	k141_1129787	k141_1129787_7 # 5441 # 6073 # -1 # ID=42706_7;partial=00;start_type=ATG;rbs_motif=GGAG/GAGG;rbs_spacer=5-10bp;gc_cont=0.499	CRP	3000518	Strict	99.52	100.0	macrolide antibiotic; fluoroquinolone antibiotic; penam	antibiotic efflux	resistance-nodulation-cell division (RND) antibiotic efflux pump	erythromycin; cloxacillin; oxacillin; norfloxacin	False	chromosome_like	1		
annual_wastewater_2017_2025	2023_SRR37365438	k141_766140	k141_766140_1 # 1 # 1632 # 1 # ID=42859_1;partial=10;start_type=Edge;rbs_motif=None;rbs_spacer=None;gc_cont=0.443	ICR-Mo	3004569	Strict	69.56	97.31	peptide antibiotic	antibiotic target alteration	intrinsic colistin resistant phosphoethanolamine transferase	colistin A; colistin B	True	virus_like			0.9214
annual_wastewater_2017_2025	2023_SRR37365438	k141_581787	k141_581787_1 # 1 # 903 # 1 # ID=43119_1;partial=10;start_type=Edge;rbs_motif=None;rbs_spacer=None;gc_cont=0.535	vanW gene in vanI cluster	3003724	Strict	35.83	80.43	glycopeptide antibiotic	antibiotic target alteration	vanW; glycopeptide resistance gene cluster	vancomycin; teicoplanin	False	chromosome_like	1		
annual_wastewater_2017_2025	2023_SRR37365438	k141_766900	k141_766900_1 # 428 # 1372 # 1 # ID=43817_1;partial=00;start_type=ATG;rbs_motif=GGAG/GAGG;rbs_spacer=5-10bp;gc_cont=0.458	leuO	3003843	Strict	99.36	100.0	nucleoside antibiotic; disinfecting agents and antiseptics	antibiotic efflux	major facilitator superfamily (MFS) antibiotic efflux pump	acriflavine; puromycin	False	chromosome_like	1		
annual_wastewater_2017_2025	2023_SRR37365438	k141_214869	k141_214869_2 # 393 # 1235 # -1 # ID=43943_2;partial=01;start_type=Edge;rbs_motif=None;rbs_spacer=None;gc_cont=0.485	vanW gene in vanI cluster	3003724	Strict	38.13	75.07	glycopeptide antibiotic	antibiotic target alteration	vanW; glycopeptide resistance gene cluster	vancomycin; teicoplanin	False	chromosome_like	1		
annual_wastewater_2017_2025	2023_SRR37365438	k141_400047	k141_400047_6 # 6652 # 7182 # 1 # ID=46222_6;partial=00;start_type=ATG;rbs_motif=GGAG/GAGG;rbs_spacer=5-10bp;gc_cont=0.527	emrR	3000516	Strict	89.71	100.0	fluoroquinolone antibiotic	antibiotic efflux	major facilitator superfamily (MFS) antibiotic efflux pump	nalidixic acid	False	chromosome_like	1		
annual_wastewater_2017_2025	2023_SRR37365438	k141_400047	k141_400047_8 # 8512 # 10050 # 1 # ID=46222_8;partial=00;start_type=ATG;rbs_motif=GGAGG;rbs_spacer=3-4bp;gc_cont=0.601	emrB	3000074	Strict	92.58	100.0	fluoroquinolone antibiotic	antibiotic efflux	major facilitator superfamily (MFS) antibiotic efflux pump	nalidixic acid	False	chromosome_like	1		
annual_wastewater_2017_2025	2023_SRR37365438	k141_400047	k141_400047_15 # 17425 # 17610 # -1 # ID=46222_15;partial=00;start_type=ATG;rbs_motif=AGGAG;rbs_spacer=5-10bp;gc_cont=0.495	rsmA	3005069	Strict	85.25	100.0	fluoroquinolone antibiotic; diaminopyrimidine antibiotic; phenicol antibiotic	antibiotic efflux	resistance-nodulation-cell division (RND) antibiotic efflux pump	trimethoprim; chloramphenicol	False	chromosome_like	1		
annual_wastewater_2017_2025	2023_SRR37365438	k141_584514	k141_584514_4 # 1774 # 2106 # 1 # ID=46379_4;partial=00;start_type=ATG;rbs_motif=GGA/GAG/AGG;rbs_spacer=5-10bp;gc_cont=0.529	qacJ	3007014	Strict	36.54	102.8	disinfecting agents and antiseptics	antibiotic efflux	small multidrug resistance (SMR) antibiotic efflux pump	benzalkonium chloride	False	chromosome_like	1		
annual_wastewater_2017_2025	2023_SRR37365438	k141_1132490	k141_1132490_3 # 1120 # 2214 # 1 # ID=46540_3;partial=00;start_type=ATG;rbs_motif=GGA/GAG/AGG;rbs_spacer=5-10bp;gc_cont=0.515	vanG	3002909	Strict	38.23	104.3	glycopeptide antibiotic	antibiotic target alteration	glycopeptide resistance gene cluster; Van ligase	vancomycin	False	chromosome_like	1		
annual_wastewater_2017_2025	2023_SRR37365438	k141_1132560	k141_1132560_6 # 6366 # 7553 # 1 # ID=46682_6;partial=00;start_type=ATG;rbs_motif=AGGAG/GGAGG;rbs_spacer=11-12bp;gc_cont=0.651	vanT gene in vanG cluster	3002972	Strict	37.53	55.48	glycopeptide antibiotic	antibiotic target alteration	glycopeptide resistance gene cluster; vanT	vancomycin	False	chromosome_like	1		
annual_wastewater_2017_2025	2023_SRR37365438	k141_400554	k141_400554_4 # 1611 # 4142 # -1 # ID=46898_4;partial=00;start_type=ATG;rbs_motif=AAAA;rbs_spacer=12bp;gc_cont=0.475	vanT gene in vanG cluster	3002972	Strict	33.7	118.4	glycopeptide antibiotic	antibiotic target alteration	glycopeptide resistance gene cluster; vanT	vancomycin	False	chromosome_like	1		
annual_wastewater_2017_2025	2023_SRR37365438	k141_400672	k141_400672_1 # 204 # 1166 # 1 # ID=47037_1;partial=00;start_type=ATG;rbs_motif=GGA/GAG/AGG;rbs_spacer=5-10bp;gc_cont=0.359	CfxA6	3003097	Strict	99.38	96.68	cephamycin	antibiotic inactivation	CfxA beta-lactamase		False	chromosome_like	1		
annual_wastewater_2017_2025	2023_SRR37365438	k141_585093	k141_585093_2 # 565 # 3687 # -1 # ID=47105_2;partial=00;start_type=ATG;rbs_motif=AGGA;rbs_spacer=5-10bp;gc_cont=0.630	adeF	3000777	Strict	46.18	98.21	fluoroquinolone antibiotic; tetracycline antibiotic	antibiotic efflux	resistance-nodulation-cell division (RND) antibiotic efflux pump	tetracycline	False	chromosome_like	1		
annual_wastewater_2017_2025	2023_SRR37365438	k141_1133078	k141_1133078_2 # 1076 # 4201 # 1 # ID=47341_2;partial=00;start_type=ATG;rbs_motif=GGA/GAG/AGG;rbs_spacer=5-10bp;gc_cont=0.609	adeF	3000777	Strict	46.18	98.3	fluoroquinolone antibiotic; tetracycline antibiotic	antibiotic efflux	resistance-nodulation-cell division (RND) antibiotic efflux pump	tetracycline	False	chromosome_like	1		
annual_wastewater_2017_2025	2023_SRR37365438	k141_585322	k141_585322_3 # 1046 # 1846 # 1 # ID=47376_3;partial=00;start_type=ATG;rbs_motif=None;rbs_spacer=None;gc_cont=0.356	Erm(35)	3000604	Strict	78.95	100.0	macrolide antibiotic; lincosamide antibiotic; streptogramin antibiotic; streptogramin A antibiotic; streptogramin B antibiotic	antibiotic target alteration	Erm 23S ribosomal RNA methyltransferase	erythromycin; roxithromycin; lincomycin; telithromycin; clarithromycin; clindamycin; tylosin; spiramycin; azithromycin; dirithromycin; pristinamycin IA; quinupristin; virginiamycin M1; madumycin II; griseoviridin; dalfopristin; pristinamycin IB; virginiamycin S2; pristinamycin IC; vernamycin C; patricin A; patricin B; ostreogrycin B3; oleandomycin	False	chromosome_like	1		
annual_wastewater_2017_2025	2023_SRR37365438	k141_32949	k141_32949_1 # 2 # 3154 # 1 # ID=47877_1;partial=10;start_type=Edge;rbs_motif=None;rbs_spacer=None;gc_cont=0.324	adeF	3000777	Strict	41.33	99.15	fluoroquinolone antibiotic; tetracycline antibiotic	antibiotic efflux	resistance-nodulation-cell division (RND) antibiotic efflux pump	tetracycline	False	chromosome_like	1		
annual_wastewater_2017_2025	2023_SRR37365438	k141_585956	k141_585956_1 # 1 # 468 # 1 # ID=48117_1;partial=10;start_type=Edge;rbs_motif=None;rbs_spacer=None;gc_cont=0.521	tet(W/N/W)	3004442	Strict	96.1	24.26	tetracycline antibiotic	antibiotic target protection	tetracycline-resistant ribosomal protection protein	tetracycline; minocycline; chlortetracycline	False	chromosome_like	1		
annual_wastewater_2017_2025	2023_SRR37365438	k141_586195	k141_586195_4 # 2392 # 4158 # 1 # ID=48397_4;partial=00;start_type=ATG;rbs_motif=AGGA/GGAG/GAGG;rbs_spacer=11-12bp;gc_cont=0.539	Haemophilus influenzae PBP3 conferring resistance to beta-lactam antibiotics	3004446	Strict	53.11	96.39	cephalosporin; cephamycin; penam	antibiotic target alteration	Penicillin-binding protein mutations conferring resistance to beta-lactam antibiotics	ceftriaxone; ampicillin; cefaclor; cefotaxime; cefditoren; cefdinir	False	chromosome_like	1		
annual_wastewater_2017_2025	2023_SRR37365438	k141_772040	k141_772040_2 # 274 # 1710 # 1 # ID=50471_2;partial=00;start_type=GTG;rbs_motif=None;rbs_spacer=None;gc_cont=0.489	vanW gene in vanI cluster	3003724	Strict	32.12	128.15	glycopeptide antibiotic	antibiotic target alteration	vanW; glycopeptide resistance gene cluster	vancomycin; teicoplanin	False	chromosome_like	1		
annual_wastewater_2017_2025	2023_SRR37365438	k141_403152	k141_403152_4 # 5033 # 6241 # -1 # ID=50625_4;partial=00;start_type=ATG;rbs_motif=GGxGG;rbs_spacer=5-10bp;gc_cont=0.599	vanT gene in vanG cluster	3002972	Strict	34.84	56.46	glycopeptide antibiotic	antibiotic target alteration	glycopeptide resistance gene cluster; vanT	vancomycin	False	chromosome_like	1		
annual_wastewater_2017_2025	2023_SRR37365438	k141_587912	k141_587912_5 # 2299 # 3429 # -1 # ID=50882_5;partial=00;start_type=ATG;rbs_motif=GGxGG;rbs_spacer=5-10bp;gc_cont=0.462	vanT gene in vanG cluster	3002972	Strict	37.46	52.81	glycopeptide antibiotic	antibiotic target alteration	glycopeptide resistance gene cluster; vanT	vancomycin	False	chromosome_like	1		
annual_wastewater_2017_2025	2023_SRR37365438	k141_1137118	k141_1137118_6 # 4623 # 4988 # -1 # ID=52974_6;partial=00;start_type=ATG;rbs_motif=None;rbs_spacer=None;gc_cont=0.366	qacJ	3007014	Strict	46.23	113.08	disinfecting agents and antiseptics	antibiotic efflux	small multidrug resistance (SMR) antibiotic efflux pump	benzalkonium chloride	True	plasmid_like		0.7559	
annual_wastewater_2017_2025	2023_SRR37365438	k141_1322094	k141_1322094_31 # 35495 # 36289 # 1 # ID=53446_31;partial=00;start_type=ATG;rbs_motif=AGGAG;rbs_spacer=5-10bp;gc_cont=0.634	OXA-504	3005734	Strict	98.86	100.0	carbapenem; cephalosporin; penam	antibiotic inactivation	OXA beta-lactamase	cloxacillin; oxacillin; cefalotin	True	plasmid_like		0.9431	
annual_wastewater_2017_2025	2023_SRR37365438	k141_954484	k141_954484_2 # 700 # 1029 # -1 # ID=53540_2;partial=00;start_type=ATG;rbs_motif=GGAG/GAGG;rbs_spacer=5-10bp;gc_cont=0.694	qacG	3007015	Strict	37.86	101.87	disinfecting agents and antiseptics	antibiotic efflux	small multidrug resistance (SMR) antibiotic efflux pump	benzalkonium chloride	False	chromosome_like	1		
annual_wastewater_2017_2025	2023_SRR37365438	k141_954484	k141_954484_3 # 1048 # 1377 # -1 # ID=53540_3;partial=00;start_type=ATG;rbs_motif=None;rbs_spacer=None;gc_cont=0.694	qacJ	3007014	Strict	37.74	101.87	disinfecting agents and antiseptics	antibiotic efflux	small multidrug resistance (SMR) antibiotic efflux pump	benzalkonium chloride	False	chromosome_like	1		
annual_wastewater_2017_2025	2023_SRR37365438	k141_774832	k141_774832_1 # 1 # 1842 # 1 # ID=54135_1;partial=11;start_type=Edge;rbs_motif=None;rbs_spacer=None;gc_cont=0.636	adeF	3000777	Strict	69.38	57.98	fluoroquinolone antibiotic; tetracycline antibiotic	antibiotic efflux	resistance-nodulation-cell division (RND) antibiotic efflux pump	tetracycline	False	chromosome_like	1		
annual_wastewater_2017_2025	2023_SRR37365438	k141_1138119	k141_1138119_5 # 4520 # 6286 # -1 # ID=54383_5;partial=00;start_type=ATG;rbs_motif=AGGA/GGAG/GAGG;rbs_spacer=11-12bp;gc_cont=0.578	Haemophilus influenzae PBP3 conferring resistance to beta-lactam antibiotics	3004446	Strict	52.22	96.39	cephalosporin; cephamycin; penam	antibiotic target alteration	Penicillin-binding protein mutations conferring resistance to beta-lactam antibiotics	ceftriaxone; ampicillin; cefaclor; cefotaxime; cefditoren; cefdinir	False	chromosome_like	1		
annual_wastewater_2017_2025	2023_SRR37365438	k141_775963	k141_775963_1 # 1 # 1278 # -1 # ID=55642_1;partial=10;start_type=TTG;rbs_motif=AGGAG;rbs_spacer=5-10bp;gc_cont=0.626	vanW gene in vanI cluster	3003724	Strict	31.94	114.21	glycopeptide antibiotic	antibiotic target alteration	vanW; glycopeptide resistance gene cluster	vancomycin; teicoplanin	False	chromosome_like	1		
annual_wastewater_2017_2025	2023_SRR37365438	k141_224284	k141_224284_2 # 179 # 1381 # -1 # ID=55760_2;partial=00;start_type=ATG;rbs_motif=AGGA;rbs_spacer=5-10bp;gc_cont=0.635	vanT gene in vanG cluster	3002972	Strict	35.11	56.18	glycopeptide antibiotic	antibiotic target alteration	glycopeptide resistance gene cluster; vanT	vancomycin	False	chromosome_like	1		
annual_wastewater_2017_2025	2023_SRR37365438	k141_957013	k141_957013_16 # 17702 # 19393 # -1 # ID=57088_16;partial=00;start_type=ATG;rbs_motif=GGA/GAG/AGG;rbs_spacer=5-10bp;gc_cont=0.465	ICR-Mo	3004569	Strict	96.09	100.9	peptide antibiotic	antibiotic target alteration	intrinsic colistin resistant phosphoethanolamine transferase	colistin A; colistin B	False	chromosome_like	1		
annual_wastewater_2017_2025	2023_SRR37365438	k141_1326247	k141_1326247_2 # 561 # 893 # 1 # ID=58757_2;partial=00;start_type=ATG;rbs_motif=GGAG/GAGG;rbs_spacer=5-10bp;gc_cont=0.622	qacJ	3007014	Strict	43.27	102.8	disinfecting agents and antiseptics	antibiotic efflux	small multidrug resistance (SMR) antibiotic efflux pump	benzalkonium chloride	False	chromosome_like	1		
annual_wastewater_2017_2025	2023_SRR37365438	k141_1326263	k141_1326263_7 # 7337 # 8446 # -1 # ID=58795_7;partial=00;start_type=ATG;rbs_motif=None;rbs_spacer=None;gc_cont=0.652	vanT gene in vanG cluster	3002972	Strict	38.96	51.83	glycopeptide antibiotic	antibiotic target alteration	glycopeptide resistance gene cluster; vanT	vancomycin	False	chromosome_like	1		
annual_wastewater_2017_2025	2023_SRR37365438	k141_1326604	k141_1326604_2 # 1524 # 1916 # -1 # ID=59274_2;partial=00;start_type=ATG;rbs_motif=None;rbs_spacer=None;gc_cont=0.517	qacG	3007015	Strict	52.88	121.5	disinfecting agents and antiseptics	antibiotic efflux	small multidrug resistance (SMR) antibiotic efflux pump	benzalkonium chloride	True	plasmid_like		0.9787	
annual_wastewater_2017_2025	2023_SRR37365438	k141_41333	k141_41333_1 # 429 # 2399 # 1 # ID=59282_1;partial=00;start_type=ATG;rbs_motif=GGAG/GAGG;rbs_spacer=5-10bp;gc_cont=0.403	tet(O)	3000190	Strict	52.02	102.66	tetracycline antibiotic	antibiotic target protection	tetracycline-resistant ribosomal protection protein	tetracycline; doxycycline; minocycline; chlortetracycline; demeclocycline; oxytetracycline	False	chromosome_like	1		
annual_wastewater_2017_2025	2023_SRR37365438	k141_1141927	k141_1141927_1 # 3 # 1190 # -1 # ID=59586_1;partial=10;start_type=ATG;rbs_motif=AGGAG;rbs_spacer=5-10bp;gc_cont=0.538	mdtM	3001214	Strict	97.73	96.59	fluoroquinolone antibiotic; lincosamide antibiotic; nucleoside antibiotic; phenicol antibiotic; disinfecting agents and antiseptics	antibiotic efflux	major facilitator superfamily (MFS) antibiotic efflux pump	acriflavine; lincomycin; puromycin; chloramphenicol; norfloxacin	False	chromosome_like	1		
annual_wastewater_2017_2025	2023_SRR37365438	k141_779416	k141_779416_4 # 3184 # 4968 # -1 # ID=59925_4;partial=00;start_type=ATG;rbs_motif=GGAG/GAGG;rbs_spacer=5-10bp;gc_cont=0.385	patB	3000025	Strict	67.68	101.02	fluoroquinolone antibiotic	antibiotic efflux	ATP-binding cassette (ABC) antibiotic efflux pump	ciprofloxacin; norfloxacin	False	chromosome_like	1		
annual_wastewater_2017_2025	2023_SRR37365438	k141_41842	k141_41842_14 # 11148 # 12824 # 1 # ID=60124_14;partial=00;start_type=ATG;rbs_motif=AGGA;rbs_spacer=5-10bp;gc_cont=0.444	vanW gene in vanI cluster	3003724	Strict	28.32	149.6	glycopeptide antibiotic	antibiotic target alteration	vanW; glycopeptide resistance gene cluster	vancomycin; teicoplanin	False	chromosome_like	1		
annual_wastewater_2017_2025	2023_SRR37365438	k141_228056	k141_228056_4 # 4020 # 6497 # -1 # ID=60286_4;partial=00;start_type=ATG;rbs_motif=TAA;rbs_spacer=11bp;gc_cont=0.519	vanT gene in vanG cluster	3002972	Strict	35.5	115.87	glycopeptide antibiotic	antibiotic target alteration	glycopeptide resistance gene cluster; vanT	vancomycin	False	chromosome_like	1		
annual_wastewater_2017_2025	2023_SRR37365438	k141_410606	k141_410606_2 # 176 # 991 # 1 # ID=60509_2;partial=00;start_type=ATG;rbs_motif=AGxAG;rbs_spacer=5-10bp;gc_cont=0.608	sul2	3000412	Perfect	100.0	100.0	sulfonamide antibiotic	antibiotic target replacement	sulfonamide resistant sul	sulfadiazine; sulfadimidine; sulfadoxine; sulfamethoxazole; sulfisoxazole; sulfacetamide; mafenide; sulfasalazine; sulfamethizole	True	plasmid_like		0.9906	
annual_wastewater_2017_2025	2023_SRR37365438	k141_959975	k141_959975_2 # 658 # 3789 # 1 # ID=61134_2;partial=00;start_type=GTG;rbs_motif=AGGAG;rbs_spacer=5-10bp;gc_cont=0.661	adeF	3000777	Strict	47.07	98.49	fluoroquinolone antibiotic; tetracycline antibiotic	antibiotic efflux	resistance-nodulation-cell division (RND) antibiotic efflux pump	tetracycline	False	chromosome_like	1		
annual_wastewater_2017_2025	2023_SRR37365438	k141_229491	k141_229491_3 # 1544 # 1918 # 1 # ID=62210_3;partial=00;start_type=GTG;rbs_motif=None;rbs_spacer=None;gc_cont=0.563	FosI	3007370	Strict	63.11	92.54	phosphonic acid antibiotic	antibiotic inactivation	fosfomycin thiol transferase	fosfomycin	False	chromosome_like	1		
annual_wastewater_2017_2025	2023_SRR37365438	k141_43443	k141_43443_7 # 3045 # 5510 # 1 # ID=62237_7;partial=00;start_type=TTG;rbs_motif=TAA;rbs_spacer=11bp;gc_cont=0.344	vanT gene in vanG cluster	3002972	Strict	35.28	115.31	glycopeptide antibiotic	antibiotic target alteration	glycopeptide resistance gene cluster; vanT	vancomycin	False	chromosome_like	1		
annual_wastewater_2017_2025	2023_SRR37365438	k141_229911	k141_229911_1 # 2 # 793 # 1 # ID=62750_1;partial=10;start_type=Edge;rbs_motif=None;rbs_spacer=None;gc_cont=0.471	vanY gene in vanF cluster	3002958	Strict	34.11	89.76	glycopeptide antibiotic	antibiotic target alteration	vanY; glycopeptide resistance gene cluster	vancomycin	False	chromosome_like	1		
annual_wastewater_2017_2025	2023_SRR37365438	k141_43899	k141_43899_12 # 7403 # 8026 # 1 # ID=62890_12;partial=00;start_type=ATG;rbs_motif=GGAGG;rbs_spacer=5-10bp;gc_cont=0.356	catS	3002688	Strict	98.78	126.22	phenicol antibiotic	antibiotic inactivation	chloramphenicol acetyltransferase (CAT)	azidamfenicol; chloramphenicol; thiamphenicol	False	chromosome_like	1		
annual_wastewater_2017_2025	2023_SRR37365438	k141_412593	k141_412593_13 # 11405 # 14551 # 1 # ID=63151_13;partial=00;start_type=ATG;rbs_motif=GGAG/GAGG;rbs_spacer=5-10bp;gc_cont=0.517	adeF	3000777	Strict	44.02	98.96	fluoroquinolone antibiotic; tetracycline antibiotic	antibiotic efflux	resistance-nodulation-cell division (RND) antibiotic efflux pump	tetracycline	False	chromosome_like	1		
annual_wastewater_2017_2025	2023_SRR37365438	k141_961929	k141_961929_3 # 2166 # 3710 # 1 # ID=63659_3;partial=00;start_type=ATG;rbs_motif=GGAG/GAGG;rbs_spacer=5-10bp;gc_cont=0.569	Klebsiella pneumoniae KpnH	3004597	Strict	68.51	100.39	macrolide antibiotic; fluoroquinolone antibiotic; aminoglycoside antibiotic; carbapenem; cephalosporin; penam; peptide antibiotic; penem	antibiotic efflux	major facilitator superfamily (MFS) antibiotic efflux pump	erythromycin; gentamicin C; ciprofloxacin; spectinomycin; streptomycin; tobramycin; ceftazidime; ertapenem; piperacillin; azithromycin; imipenem; polymyxin B; polymyxin B1; polymyxin B2; polymyxin B3; polymyxin B4; norfloxacin; ticarcillin; gentamicin	False	chromosome_like	1		
annual_wastewater_2017_2025	2023_SRR37365438	k141_1330529	k141_1330529_2 # 259 # 660 # 1 # ID=64414_2;partial=00;start_type=ATG;rbs_motif=GGA/GAG/AGG;rbs_spacer=5-10bp;gc_cont=0.600	FosA8	3007371	Strict	52.55	94.33	phosphonic acid antibiotic	antibiotic inactivation	fosfomycin thiol transferase	fosfomycin	False	chromosome_like	1		
annual_wastewater_2017_2025	2023_SRR37365438	k141_413701	k141_413701_21 # 17956 # 18693 # 1 # ID=64697_21;partial=00;start_type=ATG;rbs_motif=None;rbs_spacer=None;gc_cont=0.405	vanY gene in vanB cluster	3002956	Strict	42.06	91.42	glycopeptide antibiotic	antibiotic target alteration	vanY; glycopeptide resistance gene cluster	vancomycin	True	plasmid_like		0.7747	
annual_wastewater_2017_2025	2023_SRR37365438	k141_231958	k141_231958_1 # 1 # 414 # 1 # ID=65131_1;partial=10;start_type=Edge;rbs_motif=None;rbs_spacer=None;gc_cont=0.362	vanY gene in vanA cluster	3002955	Strict	42.52	45.21	glycopeptide antibiotic	antibiotic target alteration	vanY; glycopeptide resistance gene cluster	vancomycin; teicoplanin	False	chromosome_like	1		
annual_wastewater_2017_2025	2023_SRR37365438	k141_232275	k141_232275_2 # 683 # 1507 # -1 # ID=65516_2;partial=00;start_type=ATG;rbs_motif=None;rbs_spacer=None;gc_cont=0.462	OXA-211	3001710	Strict	97.45	100.0	carbapenem; cephalosporin; penam	antibiotic inactivation	OXA beta-lactamase	cloxacillin; oxacillin; cefalotin	False	chromosome_like	1		
annual_wastewater_2017_2025	2023_SRR37365438	k141_1332706	k141_1332706_3 # 1133 # 1996 # 1 # ID=67315_3;partial=00;start_type=ATG;rbs_motif=None;rbs_spacer=None;gc_cont=0.531	GES-5	3002334	Perfect	100.0	100.0	carbapenem; cephalosporin; penam	antibiotic inactivation	GES beta-lactamase		False	chromosome_like	1		
annual_wastewater_2017_2025	2023_SRR37365438	k141_601003	k141_601003_3 # 2221 # 2985 # 1 # ID=67661_3;partial=00;start_type=ATG;rbs_motif=GGAG/GAGG;rbs_spacer=5-10bp;gc_cont=0.616	imiH	3003094	Strict	96.85	100.0	carbapenem	antibiotic inactivation	CphA beta-lactamase		False	chromosome_like	1		
annual_wastewater_2017_2025	2023_SRR37365438	k141_47754	k141_47754_10 # 8803 # 9654 # 1 # ID=67757_10;partial=00;start_type=ATG;rbs_motif=GGAG/GAGG;rbs_spacer=5-10bp;gc_cont=0.458	vanY gene in vanG cluster	3002959	Strict	39.68	101.43	glycopeptide antibiotic	antibiotic target alteration	vanY; glycopeptide resistance gene cluster	vancomycin	False	chromosome_like	1		
annual_wastewater_2017_2025	2023_SRR37365438	k141_235016	k141_235016_7 # 5462 # 5794 # 1 # ID=68980_7;partial=00;start_type=ATG;rbs_motif=GGxGG;rbs_spacer=5-10bp;gc_cont=0.649	qacG	3007015	Strict	35.58	102.8	disinfecting agents and antiseptics	antibiotic efflux	small multidrug resistance (SMR) antibiotic efflux pump	benzalkonium chloride	False	chromosome_like	1		
annual_wastewater_2017_2025	2023_SRR37365438	k141_49082	k141_49082_15 # 15018 # 16145 # 1 # ID=69364_15;partial=00;start_type=ATG;rbs_motif=AGGAG;rbs_spacer=5-10bp;gc_cont=0.591	CSA-1	3006869	Strict	99.47	100.0	cephalosporin	antibiotic inactivation	CSA beta-lactamase		True	plasmid_like		0.9629	
annual_wastewater_2017_2025	2023_SRR37365438	k141_966921	k141_966921_1 # 1 # 654 # 1 # ID=69626_1;partial=10;start_type=Edge;rbs_motif=None;rbs_spacer=None;gc_cont=0.606	vanW gene in vanI cluster	3003724	Strict	39.81	58.18	glycopeptide antibiotic	antibiotic target alteration	vanW; glycopeptide resistance gene cluster	vancomycin; teicoplanin	False	chromosome_like	1		
annual_wastewater_2017_2025	2023_SRR37365438	k141_1150647	k141_1150647_1 # 532 # 864 # -1 # ID=71030_1;partial=00;start_type=ATG;rbs_motif=GGAG/GAGG;rbs_spacer=5-10bp;gc_cont=0.405	qacJ	3007014	Strict	40.38	102.8	disinfecting agents and antiseptics	antibiotic efflux	small multidrug resistance (SMR) antibiotic efflux pump	benzalkonium chloride	False	chromosome_like	1		
annual_wastewater_2017_2025	2023_SRR37365438	k141_1335500	k141_1335500_2 # 584 # 1264 # 1 # ID=71284_2;partial=00;start_type=ATG;rbs_motif=GGA/GAG/AGG;rbs_spacer=5-10bp;gc_cont=0.468	QnrB10	3002724	Strict	99.12	100.0	fluoroquinolone antibiotic	antibiotic target protection	quinolone resistance protein (qnr)	ciprofloxacin; levofloxacin; moxifloxacin; gatifloxacin; nalidixic acid; norfloxacin; sparfloxacin	False	chromosome_like	1		
annual_wastewater_2017_2025	2023_SRR37365438	k141_51073	k141_51073_2 # 1037 # 2257 # 1 # ID=71860_2;partial=00;start_type=ATG;rbs_motif=GGA/GAG/AGG;rbs_spacer=11-12bp;gc_cont=0.702	vanT gene in vanG cluster	3002972	Strict	33.07	57.02	glycopeptide antibiotic	antibiotic target alteration	glycopeptide resistance gene cluster; vanT	vancomycin	False	chromosome_like	1		
annual_wastewater_2017_2025	2023_SRR37365438	k141_420685	k141_420685_2 # 572 # 1453 # -1 # ID=73388_2;partial=00;start_type=ATG;rbs_motif=AGGA;rbs_spacer=5-10bp;gc_cont=0.688	RCP-1	3003563	Perfect	100.0	100.0	penam	antibiotic inactivation	RCP beta-lactamase		True	plasmid_like		0.9858	
annual_wastewater_2017_2025	2023_SRR37365438	k141_420690	k141_420690_1 # 1 # 942 # 1 # ID=73400_1;partial=10;start_type=Edge;rbs_motif=None;rbs_spacer=None;gc_cont=0.445	vanW gene in vanI cluster	3003724	Strict	41.48	83.91	glycopeptide antibiotic	antibiotic target alteration	vanW; glycopeptide resistance gene cluster	vancomycin; teicoplanin	False	chromosome_like	1		
annual_wastewater_2017_2025	2023_SRR37365438	k141_238905	k141_238905_3 # 884 # 1537 # -1 # ID=73986_3;partial=01;start_type=Edge;rbs_motif=None;rbs_spacer=None;gc_cont=0.702	vanY gene in vanB cluster	3002956	Strict	38.46	80.97	glycopeptide antibiotic	antibiotic target alteration	vanY; glycopeptide resistance gene cluster	vancomycin	False	chromosome_like	1		
annual_wastewater_2017_2025	2023_SRR37365438	k141_1153236	k141_1153236_2 # 2126 # 5263 # 1 # ID=74214_2;partial=00;start_type=ATG;rbs_motif=AGxAGG/AGGxGG;rbs_spacer=5-10bp;gc_cont=0.624	adeF	3000777	Strict	47.52	98.68	fluoroquinolone antibiotic; tetracycline antibiotic	antibiotic efflux	resistance-nodulation-cell division (RND) antibiotic efflux pump	tetracycline	False	chromosome_like	1		
annual_wastewater_2017_2025	2023_SRR37365438	k141_1337604	k141_1337604_10 # 7147 # 10302 # -1 # ID=74226_10;partial=00;start_type=ATG;rbs_motif=AGGA;rbs_spacer=5-10bp;gc_cont=0.574	adeF	3000777	Strict	43.23	99.24	fluoroquinolone antibiotic; tetracycline antibiotic	antibiotic efflux	resistance-nodulation-cell division (RND) antibiotic efflux pump	tetracycline	False	chromosome_like	1		
annual_wastewater_2017_2025	2023_SRR37365438	k141_52902	k141_52902_3 # 709 # 1035 # -1 # ID=74236_3;partial=00;start_type=ATG;rbs_motif=AGGAG;rbs_spacer=5-10bp;gc_cont=0.639	qacG	3007015	Strict	36.89	100.93	disinfecting agents and antiseptics	antibiotic efflux	small multidrug resistance (SMR) antibiotic efflux pump	benzalkonium chloride	False	chromosome_like	1		
annual_wastewater_2017_2025	2023_SRR37365438	k141_53147	k141_53147_2 # 84 # 806 # 1 # ID=74487_2;partial=00;start_type=ATG;rbs_motif=GGA/GAG/AGG;rbs_spacer=5-10bp;gc_cont=0.539	baeR	3000828	Perfect	100.0	100.0	aminoglycoside antibiotic; aminocoumarin antibiotic	antibiotic efflux	resistance-nodulation-cell division (RND) antibiotic efflux pump	novobiocin	False	chromosome_like	1		
annual_wastewater_2017_2025	2023_SRR37365438	k141_54208	k141_54208_43 # 27160 # 27816 # 1 # ID=75732_43;partial=00;start_type=ATG;rbs_motif=AGGAG;rbs_spacer=5-10bp;gc_cont=0.438	QnrS2	3002791	Perfect	100.0	100.0	fluoroquinolone antibiotic	antibiotic target protection	quinolone resistance protein (qnr)	ciprofloxacin; levofloxacin; moxifloxacin; gatifloxacin; nalidixic acid; norfloxacin; sparfloxacin	True	virus_like			0.9298
annual_wastewater_2017_2025	2023_SRR37365438	k141_240465	k141_240465_1 # 2 # 328 # 1 # ID=75950_1;partial=10;start_type=Edge;rbs_motif=None;rbs_spacer=None;gc_cont=0.581	qacG	3007015	Strict	42.31	100.93	disinfecting agents and antiseptics	antibiotic efflux	small multidrug resistance (SMR) antibiotic efflux pump	benzalkonium chloride	False	chromosome_like	1		
annual_wastewater_2017_2025	2023_SRR37365438	k141_608718	k141_608718_1 # 2 # 445 # -1 # ID=75982_1;partial=10;start_type=ATG;rbs_motif=GGAG/GAGG;rbs_spacer=5-10bp;gc_cont=0.694	qacG	3007015	Strict	36.79	138.32	disinfecting agents and antiseptics	antibiotic efflux	small multidrug resistance (SMR) antibiotic efflux pump	benzalkonium chloride	False	chromosome_like	1		
annual_wastewater_2017_2025	2023_SRR37365438	k141_608718	k141_608718_2 # 473 # 802 # -1 # ID=75982_2;partial=00;start_type=ATG;rbs_motif=None;rbs_spacer=None;gc_cont=0.697	qacJ	3007014	Strict	36.79	101.87	disinfecting agents and antiseptics	antibiotic efflux	small multidrug resistance (SMR) antibiotic efflux pump	benzalkonium chloride	False	chromosome_like	1		
annual_wastewater_2017_2025	2023_SRR37365438	k141_54871	k141_54871_3 # 1951 # 2292 # 1 # ID=76633_3;partial=00;start_type=ATG;rbs_motif=AGGAG;rbs_spacer=5-10bp;gc_cont=0.611	YajC	3005040	Strict	92.04	100.89	fluoroquinolone antibiotic; cephalosporin; glycylcycline; penam; tetracycline antibiotic; oxazolidinone antibiotic; glycopeptide antibiotic; rifamycin antibiotic; phenicol antibiotic; disinfecting agents and antiseptics	antibiotic efflux	resistance-nodulation-cell division (RND) antibiotic efflux pump	vancomycin; tigecycline; tetracycline; linezolid; rifampin; chloramphenicol; ampicillin; cefalotin; triclosan	False	chromosome_like	1		
annual_wastewater_2017_2025	2023_SRR37365438	k141_55267	k141_55267_1 # 1 # 1599 # 1 # ID=77067_1;partial=10;start_type=Edge;rbs_motif=None;rbs_spacer=None;gc_cont=0.373	tet(Q)	3000191	Strict	88.53	80.97	tetracycline antibiotic	antibiotic target protection	tetracycline-resistant ribosomal protection protein	tetracycline; doxycycline; minocycline; chlortetracycline; demeclocycline; oxytetracycline	False	chromosome_like	1		
annual_wastewater_2017_2025	2023_SRR37365438	k141_609905	k141_609905_6 # 3472 # 6627 # -1 # ID=77261_6;partial=00;start_type=ATG;rbs_motif=GGAG/GAGG;rbs_spacer=5-10bp;gc_cont=0.624	adeF	3000777	Strict	43.57	99.24	fluoroquinolone antibiotic; tetracycline antibiotic	antibiotic efflux	resistance-nodulation-cell division (RND) antibiotic efflux pump	tetracycline	False	chromosome_like	1		
annual_wastewater_2017_2025	2023_SRR37365438	k141_609958	k141_609958_3 # 709 # 1191 # -1 # ID=77344_3;partial=00;start_type=ATG;rbs_motif=None;rbs_spacer=None;gc_cont=0.462	dfrA14	3002859	Strict	99.36	101.91	diaminopyrimidine antibiotic	antibiotic target replacement	trimethoprim resistant dihydrofolate reductase dfr	trimethoprim	True	plasmid_like		0.9739	
annual_wastewater_2017_2025	2023_SRR37365438	k141_609958	k141_609958_4 # 1217 # 2008 # -1 # ID=77344_4;partial=00;start_type=ATG;rbs_motif=None;rbs_spacer=None;gc_cont=0.534	aadA	3002601	Strict	99.62	100.0	aminoglycoside antibiotic	antibiotic inactivation	ANT(3'')	spectinomycin; streptomycin	True	plasmid_like		0.9739	
annual_wastewater_2017_2025	2023_SRR37365438	k141_423818	k141_423818_1 # 468 # 1271 # -1 # ID=77467_1;partial=00;start_type=ATG;rbs_motif=GGA/GAG/AGG;rbs_spacer=5-10bp;gc_cont=0.310	lnuB	3002836	Strict	99.25	100.0	lincosamide antibiotic	antibiotic inactivation	lincosamide nucleotidyltransferase (LNU)	lincomycin; clindamycin	True	plasmid_like		0.9682	
annual_wastewater_2017_2025	2023_SRR37365438	k141_423818	k141_423818_2 # 1325 # 2809 # -1 # ID=77467_2;partial=00;start_type=ATG;rbs_motif=AGGAG;rbs_spacer=5-10bp;gc_cont=0.321	lsaE	3003206	Perfect	100.0	100.0	lincosamide antibiotic; streptogramin antibiotic; pleuromutilin antibiotic	antibiotic target protection	lsa-type ABC-F protein	lincomycin; pleuromutilin	True	plasmid_like		0.9682	
annual_wastewater_2017_2025	2023_SRR37365438	k141_1156227	k141_1156227_3 # 1086 # 1418 # -1 # ID=77739_3;partial=00;start_type=ATG;rbs_motif=AGGA;rbs_spacer=5-10bp;gc_cont=0.562	qacG	3007015	Strict	47.12	102.8	disinfecting agents and antiseptics	antibiotic efflux	small multidrug resistance (SMR) antibiotic efflux pump	benzalkonium chloride	False	chromosome_like	1		
annual_wastewater_2017_2025	2023_SRR37365438	k141_424210	k141_424210_2 # 1161 # 3608 # -1 # ID=77883_2;partial=00;start_type=ATG;rbs_motif=AATAA;rbs_spacer=6bp;gc_cont=0.310	vanT gene in vanG cluster	3002972	Strict	33.88	114.47	glycopeptide antibiotic	antibiotic target alteration	glycopeptide resistance gene cluster; vanT	vancomycin	False	chromosome_like	1		
annual_wastewater_2017_2025	2023_SRR37365438	k141_1340417	k141_1340417_2 # 179 # 997 # -1 # ID=78106_2;partial=00;start_type=ATG;rbs_motif=AGxAG;rbs_spacer=5-10bp;gc_cont=0.298	vanW gene in vanG cluster	3002965	Strict	36.18	96.8	glycopeptide antibiotic	antibiotic target alteration	vanW; glycopeptide resistance gene cluster	vancomycin	False	chromosome_like	1		
annual_wastewater_2017_2025	2023_SRR37365438	k141_1340767	k141_1340767_2 # 427 # 771 # -1 # ID=78512_2;partial=00;start_type=ATG;rbs_motif=AGGA/GGAG/GAGG;rbs_spacer=11-12bp;gc_cont=0.403	qacG	3007015	Strict	48.08	106.54	disinfecting agents and antiseptics	antibiotic efflux	small multidrug resistance (SMR) antibiotic efflux pump	benzalkonium chloride	False	chromosome_like	1		
annual_wastewater_2017_2025	2023_SRR37365438	k141_1340799	k141_1340799_2 # 426 # 890 # -1 # ID=78527_2;partial=00;start_type=ATG;rbs_motif=None;rbs_spacer=None;gc_cont=0.647	FosI	3007370	Strict	73.28	114.93	phosphonic acid antibiotic	antibiotic inactivation	fosfomycin thiol transferase	fosfomycin	False	chromosome_like	1		
annual_wastewater_2017_2025	2023_SRR37365438	k141_242899	k141_242899_8 # 11181 # 12251 # 1 # ID=78856_8;partial=00;start_type=ATG;rbs_motif=AGGAG;rbs_spacer=5-10bp;gc_cont=0.287	vanT gene in vanG cluster	3002972	Strict	34.07	50.0	glycopeptide antibiotic	antibiotic target alteration	glycopeptide resistance gene cluster; vanT	vancomycin	False	chromosome_like	1		
annual_wastewater_2017_2025	2023_SRR37365438	k141_242955	k141_242955_1 # 3 # 2795 # 1 # ID=78912_1;partial=10;start_type=Edge;rbs_motif=None;rbs_spacer=None;gc_cont=0.634	adeF	3000777	Strict	67.64	87.82	fluoroquinolone antibiotic; tetracycline antibiotic	antibiotic efflux	resistance-nodulation-cell division (RND) antibiotic efflux pump	tetracycline	False	chromosome_like	1		
annual_wastewater_2017_2025	2023_SRR37365438	k141_1157455	k141_1157455_3 # 3255 # 6392 # -1 # ID=79120_3;partial=00;start_type=ATG;rbs_motif=AGGAG;rbs_spacer=5-10bp;gc_cont=0.601	adeF	3000777	Strict	45.27	98.68	fluoroquinolone antibiotic; tetracycline antibiotic	antibiotic efflux	resistance-nodulation-cell division (RND) antibiotic efflux pump	tetracycline	False	chromosome_like	1		
annual_wastewater_2017_2025	2023_SRR37365438	k141_974950	k141_974950_14 # 9738 # 10922 # -1 # ID=79546_14;partial=00;start_type=ATG;rbs_motif=GGAG/GAGG;rbs_spacer=5-10bp;gc_cont=0.560	Escherichia coli EF-Tu mutants conferring resistance to Pulvomycin	3003369	Strict	91.86	96.33	elfamycin antibiotic	antibiotic target alteration	elfamycin resistant EF-Tu	pulvomycin	False	chromosome_like	1		
annual_wastewater_2017_2025	2023_SRR37365438	k141_795539	k141_795539_2 # 926 # 1255 # 1 # ID=79621_2;partial=00;start_type=ATG;rbs_motif=TAA;rbs_spacer=12bp;gc_cont=0.327	qacJ	3007014	Strict	48.11	101.87	disinfecting agents and antiseptics	antibiotic efflux	small multidrug resistance (SMR) antibiotic efflux pump	benzalkonium chloride	False	chromosome_like	1		
annual_wastewater_2017_2025	2023_SRR37365438	k141_1159915	k141_1159915_2 # 776 # 3889 # 1 # ID=82238_2;partial=00;start_type=ATG;rbs_motif=GGAG/GAGG;rbs_spacer=5-10bp;gc_cont=0.542	acrD	3000491	Strict	99.9	100.0	aminoglycoside antibiotic	antibiotic efflux	resistance-nodulation-cell division (RND) antibiotic efflux pump		False	chromosome_like	1		
annual_wastewater_2017_2025	2023_SRR37365438	k141_245969	k141_245969_3 # 1142 # 2299 # 1 # ID=82268_3;partial=00;start_type=ATG;rbs_motif=GGA/GAG/AGG;rbs_spacer=5-10bp;gc_cont=0.547	mdtE	3000795	Strict	98.96	100.0	macrolide antibiotic; fluoroquinolone antibiotic; penam	antibiotic efflux	resistance-nodulation-cell division (RND) antibiotic efflux pump	erythromycin; cloxacillin; oxacillin; norfloxacin	False	chromosome_like	1		
annual_wastewater_2017_2025	2023_SRR37365438	k141_247376	k141_247376_1 # 3 # 2222 # -1 # ID=83768_1;partial=10;start_type=ATG;rbs_motif=GGA/GAG/AGG;rbs_spacer=5-10bp;gc_cont=0.489	adeF	3000777	Strict	95.68	69.88	fluoroquinolone antibiotic; tetracycline antibiotic	antibiotic efflux	resistance-nodulation-cell division (RND) antibiotic efflux pump	tetracycline	False	chromosome_like	1		
annual_wastewater_2017_2025	2023_SRR37365438	k141_247421	k141_247421_2 # 843 # 3308 # 1 # ID=83836_2;partial=00;start_type=ATG;rbs_motif=AATAA;rbs_spacer=4bp;gc_cont=0.476	vanT gene in vanG cluster	3002972	Strict	35.22	115.31	glycopeptide antibiotic	antibiotic target alteration	glycopeptide resistance gene cluster; vanT	vancomycin	False	chromosome_like	1		
annual_wastewater_2017_2025	2023_SRR37365438	k141_248401	k141_248401_4 # 3628 # 4044 # 1 # ID=84979_4;partial=00;start_type=ATG;rbs_motif=3Base/5BMM;rbs_spacer=13-15bp;gc_cont=0.655	FosI	3007370	Strict	73.28	102.99	phosphonic acid antibiotic	antibiotic inactivation	fosfomycin thiol transferase	fosfomycin	False	chromosome_like	1		
annual_wastewater_2017_2025	2023_SRR37365438	k141_799737	k141_799737_3 # 542 # 1243 # -1 # ID=85057_3;partial=00;start_type=ATG;rbs_motif=None;rbs_spacer=None;gc_cont=0.577	vanY gene in vanB cluster	3002956	Strict	34.06	86.94	glycopeptide antibiotic	antibiotic target alteration	vanY; glycopeptide resistance gene cluster	vancomycin	False	chromosome_like	1		
annual_wastewater_2017_2025	2023_SRR37365438	k141_429894	k141_429894_2 # 815 # 1987 # -1 # ID=85436_2;partial=00;start_type=ATG;rbs_motif=GGAG/GAGG;rbs_spacer=5-10bp;gc_cont=0.592	Klebsiella pneumoniae KpnG	3004588	Strict	99.74	100.0	macrolide antibiotic; fluoroquinolone antibiotic; aminoglycoside antibiotic; carbapenem; cephalosporin; penam; peptide antibiotic; penem	antibiotic efflux	major facilitator superfamily (MFS) antibiotic efflux pump	erythromycin; gentamicin C; ciprofloxacin; spectinomycin; streptomycin; tobramycin; ceftazidime; ertapenem; piperacillin; azithromycin; imipenem; polymyxin B; polymyxin B1; polymyxin B2; polymyxin B3; polymyxin B4; norfloxacin; ticarcillin; gentamicin	False	chromosome_like	1		
annual_wastewater_2017_2025	2023_SRR37365438	k141_249139	k141_249139_3 # 980 # 1321 # -1 # ID=86034_3;partial=00;start_type=ATG;rbs_motif=GGA/GAG/AGG;rbs_spacer=5-10bp;gc_cont=0.556	qacG	3007015	Strict	43.27	105.61	disinfecting agents and antiseptics	antibiotic efflux	small multidrug resistance (SMR) antibiotic efflux pump	benzalkonium chloride	True	plasmid_like		0.9789	
annual_wastewater_2017_2025	2023_SRR37365438	k141_252135	k141_252135_17 # 22213 # 22458 # -1 # ID=89227_17;partial=01;start_type=Edge;rbs_motif=None;rbs_spacer=None;gc_cont=0.419	vanY gene in vanG cluster	3002959	Strict	37.66	29.03	glycopeptide antibiotic	antibiotic target alteration	vanY; glycopeptide resistance gene cluster	vancomycin	False	chromosome_like	1		
annual_wastewater_2017_2025	2023_SRR37365438	k141_252689	k141_252689_4 # 3672 # 4697 # -1 # ID=89792_4;partial=01;start_type=Edge;rbs_motif=None;rbs_spacer=None;gc_cont=0.307	vanT gene in vanG cluster	3002972	Strict	32.66	47.89	glycopeptide antibiotic	antibiotic target alteration	glycopeptide resistance gene cluster; vanT	vancomycin	False	chromosome_like	1		
annual_wastewater_2017_2025	2023_SRR37365438	k141_1167278	k141_1167278_2 # 408 # 1205 # 1 # ID=90942_2;partial=00;start_type=ATG;rbs_motif=None;rbs_spacer=None;gc_cont=0.549	aadA7	3002607	Strict	98.87	100.0	aminoglycoside antibiotic	antibiotic inactivation	ANT(3'')	spectinomycin; streptomycin	False	chromosome_like	1		
annual_wastewater_2017_2025	2023_SRR37365438	k141_805478	k141_805478_1 # 1 # 1665 # 1 # ID=91956_1;partial=10;start_type=Edge;rbs_motif=None;rbs_spacer=None;gc_cont=0.609	vanT gene in vanG cluster	3002972	Strict	46.81	77.81	glycopeptide antibiotic	antibiotic target alteration	glycopeptide resistance gene cluster; vanT	vancomycin	False	chromosome_like	1		
annual_wastewater_2017_2025	2023_SRR37365438	k141_68547	k141_68547_2 # 166 # 834 # -1 # ID=93158_2;partial=00;start_type=ATG;rbs_motif=GGA/GAG/AGG;rbs_spacer=5-10bp;gc_cont=0.716	vanY gene in vanB cluster	3002956	Strict	43.04	82.84	glycopeptide antibiotic	antibiotic target alteration	vanY; glycopeptide resistance gene cluster	vancomycin	False	chromosome_like	1		
annual_wastewater_2017_2025	2023_SRR37365438	k141_435915	k141_435915_3 # 686 # 1999 # -1 # ID=93225_3;partial=01;start_type=Edge;rbs_motif=None;rbs_spacer=None;gc_cont=0.434	vanW gene in vanI cluster	3003724	Strict	33.33	117.16	glycopeptide antibiotic	antibiotic target alteration	vanW; glycopeptide resistance gene cluster	vancomycin; teicoplanin	False	chromosome_like	1		
annual_wastewater_2017_2025	2023_SRR37365438	k141_436180	k141_436180_2 # 439 # 1161 # 1 # ID=93552_2;partial=00;start_type=ATG;rbs_motif=GGA/GAG/AGG;rbs_spacer=5-10bp;gc_cont=0.613	baeR	3000828	Strict	95.4	100.0	aminoglycoside antibiotic; aminocoumarin antibiotic	antibiotic efflux	resistance-nodulation-cell division (RND) antibiotic efflux pump	novobiocin	False	chromosome_like	1		
annual_wastewater_2017_2025	2023_SRR37365438	k141_986680	k141_986680_3 # 1167 # 1364 # 1 # ID=94060_3;partial=00;start_type=ATG;rbs_motif=AGGAG;rbs_spacer=5-10bp;gc_cont=0.475	rsmA	3005069	Strict	87.93	106.56	fluoroquinolone antibiotic; diaminopyrimidine antibiotic; phenicol antibiotic	antibiotic efflux	resistance-nodulation-cell division (RND) antibiotic efflux pump	trimethoprim; chloramphenicol	False	chromosome_like	1		
annual_wastewater_2017_2025	2023_SRR37365438	k141_623508	k141_623508_1 # 111 # 1004 # -1 # ID=94061_1;partial=00;start_type=ATG;rbs_motif=GGA/GAG/AGG;rbs_spacer=5-10bp;gc_cont=0.680	vanY gene in vanB cluster	3002956	Strict	33.76	110.82	glycopeptide antibiotic	antibiotic target alteration	vanY; glycopeptide resistance gene cluster	vancomycin	False	chromosome_like	1		
annual_wastewater_2017_2025	2023_SRR37365438	k141_438453	k141_438453_5 # 2270 # 3475 # -1 # ID=96387_5;partial=00;start_type=ATG;rbs_motif=None;rbs_spacer=None;gc_cont=0.413	Mef(En2)	3004659	Strict	99.5	100.0	macrolide antibiotic	antibiotic efflux	major facilitator superfamily (MFS) antibiotic efflux pump		True	plasmid_like		0.9917	
annual_wastewater_2017_2025	2023_SRR37365438	k141_625575	k141_625575_2 # 170 # 3322 # -1 # ID=96502_2;partial=00;start_type=ATG;rbs_motif=AGGAG;rbs_spacer=5-10bp;gc_cont=0.629	adeF	3000777	Strict	43.23	99.15	fluoroquinolone antibiotic; tetracycline antibiotic	antibiotic efflux	resistance-nodulation-cell division (RND) antibiotic efflux pump	tetracycline	False	chromosome_like	1		
annual_wastewater_2017_2025	2023_SRR37365438	k141_810590	k141_810590_2 # 329 # 661 # -1 # ID=98182_2;partial=00;start_type=GTG;rbs_motif=GGAGG;rbs_spacer=5-10bp;gc_cont=0.676	qacG	3007015	Strict	44.55	102.8	disinfecting agents and antiseptics	antibiotic efflux	small multidrug resistance (SMR) antibiotic efflux pump	benzalkonium chloride	False	chromosome_like	1		
annual_wastewater_2017_2025	2023_SRR37365438	k141_627179	k141_627179_17 # 17482 # 18957 # 1 # ID=98451_17;partial=00;start_type=ATG;rbs_motif=AGGAG;rbs_spacer=5-10bp;gc_cont=0.400	msrE	3003109	Perfect	100.0	100.0	macrolide antibiotic; streptogramin antibiotic	antibiotic target protection	msr-type ABC-F protein	erythromycin	False	chromosome_like	1		
annual_wastewater_2017_2025	2023_SRR37365438	k141_627179	k141_627179_18 # 19013 # 19897 # 1 # ID=98451_18;partial=00;start_type=ATG;rbs_motif=AGGA;rbs_spacer=5-10bp;gc_cont=0.365	mphE	3003741	Perfect	100.0	100.0	macrolide antibiotic	antibiotic inactivation	macrolide phosphotransferase (MPH)	erythromycin	False	chromosome_like	1		
annual_wastewater_2017_2025	2023_SRR37365438	k141_261365	k141_261365_1 # 2 # 634 # 1 # ID=99383_1;partial=10;start_type=Edge;rbs_motif=None;rbs_spacer=None;gc_cont=0.600	vanY gene in vanB cluster	3002956	Strict	37.98	78.36	glycopeptide antibiotic	antibiotic target alteration	vanY; glycopeptide resistance gene cluster	vancomycin	False	chromosome_like	1		
annual_wastewater_2017_2025	2023_SRR37365438	k141_261365	k141_261365_2 # 646 # 1581 # 1 # ID=99383_2;partial=01;start_type=GTG;rbs_motif=AGGAG;rbs_spacer=5-10bp;gc_cont=0.592	vanY gene in vanM cluster	3002961	Strict	34.18	133.91	glycopeptide antibiotic	antibiotic target alteration	vanY; glycopeptide resistance gene cluster	vancomycin; teicoplanin	False	chromosome_like	1		
annual_wastewater_2017_2025	2023_SRR37365438	k141_629787	k141_629787_2 # 709 # 1848 # -1 # ID=101073_2;partial=01;start_type=Edge;rbs_motif=None;rbs_spacer=None;gc_cont=0.634	vanW gene in vanI cluster	3003724	Strict	37.84	101.61	glycopeptide antibiotic	antibiotic target alteration	vanW; glycopeptide resistance gene cluster	vancomycin; teicoplanin	False	chromosome_like	1		
annual_wastewater_2017_2025	2023_SRR37365438	k141_630624	k141_630624_3 # 1042 # 2178 # 1 # ID=102078_3;partial=00;start_type=ATG;rbs_motif=AGGA;rbs_spacer=5-10bp;gc_cont=0.671	PRC-1	3007085	Strict	82.89	99.74	cephalosporin; penam	antibiotic inactivation	PRC beta-lactamase	cefazolin; ceftriaxone; amoxicillin; benzylpenicillin; ampicillin; cefotaxime	False	chromosome_like	1		
annual_wastewater_2017_2025	2023_SRR37365438	k141_1177521	k141_1177521_18 # 18486 # 18815 # 1 # ID=102990_18;partial=00;start_type=ATG;rbs_motif=AGGA;rbs_spacer=5-10bp;gc_cont=0.606	qacJ	3007014	Strict	42.45	101.87	disinfecting agents and antiseptics	antibiotic efflux	small multidrug resistance (SMR) antibiotic efflux pump	benzalkonium chloride	True	plasmid_like		0.9861	
annual_wastewater_2017_2025	2023_SRR37365438	k141_76988	k141_76988_6 # 3825 # 4163 # 1 # ID=103398_6;partial=00;start_type=ATG;rbs_motif=AGGAG;rbs_spacer=5-10bp;gc_cont=0.670	qacG	3007015	Strict	38.61	104.67	disinfecting agents and antiseptics	antibiotic efflux	small multidrug resistance (SMR) antibiotic efflux pump	benzalkonium chloride	False	chromosome_like	1		
annual_wastewater_2017_2025	2023_SRR37365438	k141_265334	k141_265334_10 # 9915 # 10244 # -1 # ID=103681_10;partial=00;start_type=ATG;rbs_motif=GGAGG;rbs_spacer=5-10bp;gc_cont=0.624	Klebsiella pneumoniae KpnF	3004583	Strict	74.31	100.0	macrolide antibiotic; aminoglycoside antibiotic; cephalosporin; tetracycline antibiotic; peptide antibiotic; rifamycin antibiotic; disinfecting agents and antiseptics	antibiotic efflux	small multidrug resistance (SMR) antibiotic efflux pump	erythromycin; streptomycin; tetracycline; cefepime; ceftriaxone; rifampin; colistin A; colistin B; triclosan; benzalkonium chloride; chlorhexidine	True	plasmid_like		0.8761	
annual_wastewater_2017_2025	2023_SRR37365438	k141_265334	k141_265334_11 # 10231 # 10590 # -1 # ID=103681_11;partial=00;start_type=ATG;rbs_motif=AGGAG;rbs_spacer=5-10bp;gc_cont=0.481	Klebsiella pneumoniae KpnE	3004580	Strict	68.91	99.17	macrolide antibiotic; aminoglycoside antibiotic; cephalosporin; tetracycline antibiotic; peptide antibiotic; rifamycin antibiotic; disinfecting agents and antiseptics	antibiotic efflux	small multidrug resistance (SMR) antibiotic efflux pump	erythromycin; streptomycin; tetracycline; cefepime; ceftriaxone; rifampin; colistin A; colistin B; triclosan; benzalkonium chloride; chlorhexidine	True	plasmid_like		0.8761	
annual_wastewater_2017_2025	2023_SRR37365438	k141_815813	k141_815813_1 # 102 # 434 # -1 # ID=103930_1;partial=00;start_type=ATG;rbs_motif=GGA/GAG/AGG;rbs_spacer=5-10bp;gc_cont=0.390	qacG	3007015	Strict	44.76	102.8	disinfecting agents and antiseptics	antibiotic efflux	small multidrug resistance (SMR) antibiotic efflux pump	benzalkonium chloride	False	chromosome_like	1		
annual_wastewater_2017_2025	2023_SRR37365438	k141_1362826	k141_1362826_4 # 1260 # 1556 # 1 # ID=106613_4;partial=01;start_type=ATG;rbs_motif=AGGA;rbs_spacer=5-10bp;gc_cont=0.579	qacG	3007015	Strict	32.98	92.52	disinfecting agents and antiseptics	antibiotic efflux	small multidrug resistance (SMR) antibiotic efflux pump	benzalkonium chloride	False	chromosome_like	1		
annual_wastewater_2017_2025	2023_SRR37365438	k141_1180693	k141_1180693_5 # 3065 # 4036 # -1 # ID=106748_5;partial=00;start_type=ATG;rbs_motif=AGGAG;rbs_spacer=5-10bp;gc_cont=0.497	vanH gene in vanM cluster	3002947	Strict	37.42	99.08	glycopeptide antibiotic	antibiotic target alteration	vanH; glycopeptide resistance gene cluster	vancomycin; teicoplanin	False	chromosome_like	1		
annual_wastewater_2017_2025	2023_SRR37365438	k141_447449	k141_447449_6 # 7405 # 9324 # 1 # ID=107333_6;partial=00;start_type=ATG;rbs_motif=AAAA;rbs_spacer=4bp;gc_cont=0.369	tet(M)	3000186	Strict	95.31	100.0	tetracycline antibiotic	antibiotic target protection	tetracycline-resistant ribosomal protection protein	tetracycline; doxycycline; minocycline; chlortetracycline; demeclocycline; oxytetracycline	False	chromosome_like	1		
annual_wastewater_2017_2025	2023_SRR37365438	k141_80685	k141_80685_4 # 2753 # 5194 # 1 # ID=107633_4;partial=00;start_type=ATG;rbs_motif=None;rbs_spacer=None;gc_cont=0.371	vanT gene in vanG cluster	3002972	Strict	35.15	114.19	glycopeptide antibiotic	antibiotic target alteration	glycopeptide resistance gene cluster; vanT	vancomycin	False	chromosome_like	1		
annual_wastewater_2017_2025	2023_SRR37365438	k141_1364516	k141_1364516_3 # 1213 # 3729 # -1 # ID=109033_3;partial=00;start_type=ATG;rbs_motif=AAAAA;rbs_spacer=11bp;gc_cont=0.479	vanT gene in vanG cluster	3002972	Strict	34.77	117.7	glycopeptide antibiotic	antibiotic target alteration	glycopeptide resistance gene cluster; vanT	vancomycin	False	chromosome_like	1		
annual_wastewater_2017_2025	2023_SRR37365438	k141_1364774	k141_1364774_11 # 6169 # 6513 # -1 # ID=109442_11;partial=00;start_type=ATG;rbs_motif=GGA/GAG/AGG;rbs_spacer=3-4bp;gc_cont=0.542	qacG	3007015	Strict	46.15	106.54	disinfecting agents and antiseptics	antibiotic efflux	small multidrug resistance (SMR) antibiotic efflux pump	benzalkonium chloride	False	chromosome_like	1		
annual_wastewater_2017_2025	2023_SRR37365438	k141_1183332	k141_1183332_3 # 1196 # 1450 # 1 # ID=109744_3;partial=01;start_type=ATG;rbs_motif=GGA/GAG/AGG;rbs_spacer=5-10bp;gc_cont=0.647	FosH	3007369	Strict	71.79	63.91	phosphonic acid antibiotic	antibiotic inactivation	fosfomycin thiol transferase	fosfomycin	False	chromosome_like	1		
annual_wastewater_2017_2025	2023_SRR37365438	k141_999781	k141_999781_2 # 756 # 2015 # 1 # ID=110141_2;partial=00;start_type=GTG;rbs_motif=AGGAG;rbs_spacer=5-10bp;gc_cont=0.554	cmlA5	3002695	Perfect	100.0	100.0	phenicol antibiotic	antibiotic efflux	major facilitator superfamily (MFS) antibiotic efflux pump	chloramphenicol	False	chromosome_like	1		
annual_wastewater_2017_2025	2023_SRR37365438	k141_1365437	k141_1365437_2 # 402 # 1268 # 1 # ID=110318_2;partial=00;start_type=ATG;rbs_motif=GGAG/GAGG;rbs_spacer=5-10bp;gc_cont=0.547	vanY gene in vanB cluster	3002956	Strict	37.43	107.46	glycopeptide antibiotic	antibiotic target alteration	vanY; glycopeptide resistance gene cluster	vancomycin	False	chromosome_like	1		
annual_wastewater_2017_2025	2023_SRR37365438	k141_821630	k141_821630_2 # 380 # 1477 # 1 # ID=110809_2;partial=00;start_type=ATG;rbs_motif=AGGAG;rbs_spacer=5-10bp;gc_cont=0.642	vanG	3002909	Strict	39.14	104.58	glycopeptide antibiotic	antibiotic target alteration	glycopeptide resistance gene cluster; Van ligase	vancomycin	False	chromosome_like	1		
annual_wastewater_2017_2025	2023_SRR37365438	k141_1184336	k141_1184336_2 # 356 # 1096 # -1 # ID=111012_2;partial=01;start_type=Edge;rbs_motif=None;rbs_spacer=None;gc_cont=0.644	vanY gene in vanB cluster	3002956	Strict	50.27	91.79	glycopeptide antibiotic	antibiotic target alteration	vanY; glycopeptide resistance gene cluster	vancomycin	False	chromosome_like	1		
annual_wastewater_2017_2025	2023_SRR37365438	k141_822954	k141_822954_5 # 4261 # 4593 # 1 # ID=112428_5;partial=00;start_type=ATG;rbs_motif=AGGA;rbs_spacer=5-10bp;gc_cont=0.550	qacJ	3007014	Strict	41.9	102.8	disinfecting agents and antiseptics	antibiotic efflux	small multidrug resistance (SMR) antibiotic efflux pump	benzalkonium chloride	True	plasmid_like		0.9945	
annual_wastewater_2017_2025	2023_SRR37365438	k141_1185387	k141_1185387_157 # 146482 # 147303 # -1 # ID=112536_157;partial=00;start_type=ATG;rbs_motif=None;rbs_spacer=None;gc_cont=0.270	vanW gene in vanG cluster	3002965	Strict	29.37	97.15	glycopeptide antibiotic	antibiotic target alteration	vanW; glycopeptide resistance gene cluster	vancomycin	False	chromosome_like	1		
annual_wastewater_2017_2025	2023_SRR37365438	k141_1185907	k141_1185907_17 # 18216 # 19964 # -1 # ID=113127_17;partial=00;start_type=ATG;rbs_motif=None;rbs_spacer=None;gc_cont=0.532	msbA	3003950	Strict	92.78	100.0	nitroimidazole antibiotic	antibiotic efflux	ATP-binding cassette (ABC) antibiotic efflux pump	metronidazole	False	chromosome_like	1		
annual_wastewater_2017_2025	2023_SRR37365438	k141_1185914	k141_1185914_1 # 37 # 714 # -1 # ID=113140_1;partial=00;start_type=GTG;rbs_motif=GGA/GAG/AGG;rbs_spacer=5-10bp;gc_cont=0.560	kdpE	3003841	Strict	99.56	100.0	aminoglycoside antibiotic	antibiotic efflux	kdpDE	kanamycin A	True	plasmid_like		0.7389	
annual_wastewater_2017_2025	2023_SRR37365438	k141_87425	k141_87425_1 # 319 # 975 # -1 # ID=115009_1;partial=00;start_type=ATG;rbs_motif=GGAG/GAGG;rbs_spacer=5-10bp;gc_cont=0.371	QnrVC1	3002799	Perfect	100.0	100.0	fluoroquinolone antibiotic	antibiotic target protection	quinolone resistance protein (qnr)	ciprofloxacin; levofloxacin; moxifloxacin; gatifloxacin; nalidixic acid; norfloxacin; sparfloxacin	False	chromosome_like	1		
annual_wastewater_2017_2025	2023_SRR37365438	k141_642834	k141_642834_2 # 318 # 1538 # -1 # ID=115425_2;partial=00;start_type=ATG;rbs_motif=AGGAGG;rbs_spacer=5-10bp;gc_cont=0.566	tet(40)	3000567	Strict	97.78	100.0	tetracycline antibiotic	antibiotic efflux	major facilitator superfamily (MFS) antibiotic efflux pump	tetracycline	False	chromosome_like	1		
annual_wastewater_2017_2025	2023_SRR37365438	k141_87934	k141_87934_1 # 146 # 991 # 1 # ID=115500_1;partial=00;start_type=ATG;rbs_motif=None;rbs_spacer=None;gc_cont=0.534	aadA11	3002611	Perfect	100.0	100.0	aminoglycoside antibiotic	antibiotic inactivation	ANT(3'')	spectinomycin; streptomycin	True	plasmid_like		0.7784	
annual_wastewater_2017_2025	2023_SRR37365438	k141_89329	k141_89329_2 # 298 # 1503 # 1 # ID=116940_2;partial=00;start_type=ATG;rbs_motif=AGGAG;rbs_spacer=5-10bp;gc_cont=0.667	vanT gene in vanG cluster	3002972	Strict	33.86	56.32	glycopeptide antibiotic	antibiotic target alteration	glycopeptide resistance gene cluster; vanT	vancomycin	False	chromosome_like	1		
annual_wastewater_2017_2025	2023_SRR37365438	k141_456614	k141_456614_4 # 2636 # 3727 # -1 # ID=118518_4;partial=00;start_type=ATG;rbs_motif=AGGAG;rbs_spacer=5-10bp;gc_cont=0.616	vanG	3002909	Strict	38.38	104.01	glycopeptide antibiotic	antibiotic target alteration	glycopeptide resistance gene cluster; Van ligase	vancomycin	False	chromosome_like	1		
annual_wastewater_2017_2025	2023_SRR37365438	k141_456631	k141_456631_2 # 412 # 1506 # -1 # ID=118537_2;partial=00;start_type=ATG;rbs_motif=AGGAG;rbs_spacer=5-10bp;gc_cont=0.613	vanG	3002909	Strict	39.14	104.3	glycopeptide antibiotic	antibiotic target alteration	glycopeptide resistance gene cluster; Van ligase	vancomycin	False	chromosome_like	1		
annual_wastewater_2017_2025	2023_SRR37365438	k141_90931	k141_90931_6 # 2594 # 3424 # 1 # ID=118676_6;partial=00;start_type=ATG;rbs_motif=AGxAGG/AGGxGG;rbs_spacer=5-10bp;gc_cont=0.626	vanY gene in vanB cluster	3002956	Strict	31.18	102.99	glycopeptide antibiotic	antibiotic target alteration	vanY; glycopeptide resistance gene cluster	vancomycin	False	chromosome_like	1		
annual_wastewater_2017_2025	2023_SRR37365438	k141_828538	k141_828538_2 # 993 # 1325 # 1 # ID=119062_2;partial=00;start_type=ATG;rbs_motif=GGAG/GAGG;rbs_spacer=5-10bp;gc_cont=0.471	qacG	3007015	Strict	43.81	102.8	disinfecting agents and antiseptics	antibiotic efflux	small multidrug resistance (SMR) antibiotic efflux pump	benzalkonium chloride	False	chromosome_like	1		
annual_wastewater_2017_2025	2023_SRR37365438	k141_279550	k141_279550_20 # 17766 # 20882 # -1 # ID=119136_20;partial=00;start_type=ATG;rbs_motif=AGGA/GGAG/GAGG;rbs_spacer=11-12bp;gc_cont=0.604	adeF	3000777	Strict	41.6	98.02	fluoroquinolone antibiotic; tetracycline antibiotic	antibiotic efflux	resistance-nodulation-cell division (RND) antibiotic efflux pump	tetracycline	False	chromosome_like	1		
annual_wastewater_2017_2025	2023_SRR37365438	k141_1372946	k141_1372946_2 # 340 # 1122 # 1 # ID=119532_2;partial=00;start_type=ATG;rbs_motif=TAA;rbs_spacer=3bp;gc_cont=0.448	ANT(3'')-IIc	3004091	Strict	89.11	100.39	aminoglycoside antibiotic	antibiotic inactivation	ANT(3'')	spectinomycin; streptomycin	False	chromosome_like	1		
annual_wastewater_2017_2025	2023_SRR37365438	k141_280067	k141_280067_2 # 518 # 1279 # 1 # ID=119735_2;partial=00;start_type=GTG;rbs_motif=GGAG/GAGG;rbs_spacer=5-10bp;gc_cont=0.374	vanW gene in vanG cluster	3002965	Strict	32.51	90.04	glycopeptide antibiotic	antibiotic target alteration	vanW; glycopeptide resistance gene cluster	vancomycin	False	chromosome_like	1		
annual_wastewater_2017_2025	2023_SRR37365438	k141_458173	k141_458173_2 # 480 # 1673 # 1 # ID=120281_2;partial=00;start_type=ATG;rbs_motif=AGGA/GGAG/GAGG;rbs_spacer=11-12bp;gc_cont=0.350	mefJ	3007049	Strict	99.75	100.0	macrolide antibiotic	antibiotic efflux	major facilitator superfamily (MFS) antibiotic efflux pump		False	chromosome_like	1		
annual_wastewater_2017_2025	2023_SRR37365438	k141_280749	k141_280749_4 # 2405 # 3505 # 1 # ID=120484_4;partial=00;start_type=ATG;rbs_motif=GGAG/GAGG;rbs_spacer=5-10bp;gc_cont=0.504	vanG	3002909	Strict	38.2	104.87	glycopeptide antibiotic	antibiotic target alteration	glycopeptide resistance gene cluster; Van ligase	vancomycin	False	chromosome_like	1		
annual_wastewater_2017_2025	2023_SRR37365438	k141_282094	k141_282094_1 # 2 # 1345 # 1 # ID=121921_1;partial=10;start_type=Edge;rbs_motif=None;rbs_spacer=None;gc_cont=0.462	vanY gene in vanF cluster	3002958	Strict	37.41	152.56	glycopeptide antibiotic	antibiotic target alteration	vanY; glycopeptide resistance gene cluster	vancomycin	False	chromosome_like	1		
annual_wastewater_2017_2025	2023_SRR37365438	k141_1009989	k141_1009989_1 # 23 # 757 # -1 # ID=122041_1;partial=00;start_type=ATG;rbs_motif=GGAG/GAGG;rbs_spacer=5-10bp;gc_cont=0.449	vanY gene in vanB cluster	3002956	Strict	41.53	91.04	glycopeptide antibiotic	antibiotic target alteration	vanY; glycopeptide resistance gene cluster	vancomycin	False	chromosome_like	1		
annual_wastewater_2017_2025	2023_SRR37365438	k141_459916	k141_459916_2 # 793 # 1980 # 1 # ID=122254_2;partial=00;start_type=GTG;rbs_motif=AGxAGG/AGGxGG;rbs_spacer=5-10bp;gc_cont=0.406	tet(39)	3000566	Perfect	100.0	100.0	tetracycline antibiotic	antibiotic efflux	major facilitator superfamily (MFS) antibiotic efflux pump	tetracycline	False	chromosome_like	1		
annual_wastewater_2017_2025	2023_SRR37365438	k141_1010225	k141_1010225_2 # 1300 # 2100 # 1 # ID=122413_2;partial=00;start_type=ATG;rbs_motif=None;rbs_spacer=None;gc_cont=0.571	vanW gene in vanI cluster	3003724	Strict	38.89	71.31	glycopeptide antibiotic	antibiotic target alteration	vanW; glycopeptide resistance gene cluster	vancomycin; teicoplanin	False	chromosome_like	1		
annual_wastewater_2017_2025	2023_SRR37365438	k141_1376053	k141_1376053_3 # 772 # 1095 # -1 # ID=123391_3;partial=00;start_type=ATG;rbs_motif=AGGA;rbs_spacer=5-10bp;gc_cont=0.333	qacG	3007015	Strict	40.2	100.0	disinfecting agents and antiseptics	antibiotic efflux	small multidrug resistance (SMR) antibiotic efflux pump	benzalkonium chloride	False	chromosome_like	1		
annual_wastewater_2017_2025	2023_SRR37365438	k141_95787	k141_95787_2 # 465 # 1655 # 1 # ID=124153_2;partial=00;start_type=ATG;rbs_motif=GGA/GAG/AGG;rbs_spacer=5-10bp;gc_cont=0.614	tet(C)	3000167	Strict	99.75	100.0	tetracycline antibiotic	antibiotic efflux	major facilitator superfamily (MFS) antibiotic efflux pump	tetracycline	False	chromosome_like	1		
annual_wastewater_2017_2025	2023_SRR37365438	k141_96061	k141_96061_5 # 4775 # 5098 # -1 # ID=124463_5;partial=00;start_type=ATG;rbs_motif=GGAG/GAGG;rbs_spacer=5-10bp;gc_cont=0.506	Escherichia coli soxS with mutation conferring antibiotic resistance	3003511	Strict	100.0	100.0	fluoroquinolone antibiotic; monobactam; carbapenem; cephalosporin; glycylcycline; cephamycin; penam; tetracycline antibiotic; rifamycin antibiotic; phenicol antibiotic; penem; disinfecting agents and antiseptics	antibiotic target alteration; antibiotic efflux; reduced permeability to antibiotic	ATP-binding cassette (ABC) antibiotic efflux pump; major facilitator superfamily (MFS) antibiotic efflux pump; resistance-nodulation-cell division (RND) antibiotic efflux pump; General Bacterial Porin with reduced permeability to beta-lactams	tigecycline; ciprofloxacin; tetracycline; rifampin; chloramphenicol; ampicillin; norfloxacin; cefalotin; triclosan; enrofloxacin	True	plasmid_like		0.9299	
annual_wastewater_2017_2025	2023_SRR37365438	k141_96061	k141_96061_6 # 5184 # 5648 # 1 # ID=124463_6;partial=00;start_type=ATG;rbs_motif=AGGA/GGAG/GAGG;rbs_spacer=11-12bp;gc_cont=0.520	Escherichia coli soxR with mutation conferring antibiotic resistance	3003381	Strict	100.0	100.0	fluoroquinolone antibiotic; cephalosporin; glycylcycline; penam; tetracycline antibiotic; rifamycin antibiotic; phenicol antibiotic; disinfecting agents and antiseptics	antibiotic target alteration; antibiotic efflux	ATP-binding cassette (ABC) antibiotic efflux pump; major facilitator superfamily (MFS) antibiotic efflux pump; resistance-nodulation-cell division (RND) antibiotic efflux pump	tigecycline; ciprofloxacin; tetracycline; rifampin; chloramphenicol; ampicillin; nalidixic acid; norfloxacin; cefalotin; triclosan	True	plasmid_like		0.9299	
annual_wastewater_2017_2025	2023_SRR37365438	k141_1378600	k141_1378600_2 # 637 # 3792 # 1 # ID=126181_2;partial=00;start_type=ATG;rbs_motif=GGAG/GAGG;rbs_spacer=5-10bp;gc_cont=0.614	adeF	3000777	Strict	42.99	99.24	fluoroquinolone antibiotic; tetracycline antibiotic	antibiotic efflux	resistance-nodulation-cell division (RND) antibiotic efflux pump	tetracycline	False	chromosome_like	1		
annual_wastewater_2017_2025	2023_SRR37365438	k141_834874	k141_834874_1 # 2 # 1312 # 1 # ID=126202_1;partial=11;start_type=Edge;rbs_motif=None;rbs_spacer=None;gc_cont=0.365	vanW gene in vanI cluster	3003724	Strict	26.81	117.16	glycopeptide antibiotic	antibiotic target alteration	vanW; glycopeptide resistance gene cluster	vancomycin; teicoplanin	False	chromosome_like	1		
annual_wastewater_2017_2025	2023_SRR37365438	k141_1198212	k141_1198212_7 # 7585 # 8694 # -1 # ID=127066_7;partial=00;start_type=ATG;rbs_motif=4Base/6BMM;rbs_spacer=13-15bp;gc_cont=0.596	vanG	3002909	Strict	40.0	105.73	glycopeptide antibiotic	antibiotic target alteration	glycopeptide resistance gene cluster; Van ligase	vancomycin	False	chromosome_like	1		
annual_wastewater_2017_2025	2023_SRR37365438	k141_286417	k141_286417_3 # 644 # 1471 # 1 # ID=127287_3;partial=01;start_type=ATG;rbs_motif=GGAGG;rbs_spacer=5-10bp;gc_cont=0.502	tet(W/N/W)	3004442	Strict	87.68	43.19	tetracycline antibiotic	antibiotic target protection	tetracycline-resistant ribosomal protection protein	tetracycline; minocycline; chlortetracycline	False	chromosome_like	1		
annual_wastewater_2017_2025	2023_SRR37365438	k141_464062	k141_464062_5 # 5208 # 5537 # -1 # ID=127360_5;partial=00;start_type=ATG;rbs_motif=GGAG/GAGG;rbs_spacer=5-10bp;gc_cont=0.558	qacG	3007015	Strict	42.45	101.87	disinfecting agents and antiseptics	antibiotic efflux	small multidrug resistance (SMR) antibiotic efflux pump	benzalkonium chloride	True	plasmid_like		0.9886	
annual_wastewater_2017_2025	2023_SRR37365438	k141_654650	k141_654650_1 # 201 # 1097 # 1 # ID=127862_1;partial=00;start_type=ATG;rbs_motif=TAA;rbs_spacer=6bp;gc_cont=0.420	CARB-16	3002255	Perfect	100.0	100.0	penam	antibiotic inactivation	CARB beta-lactamase		False	chromosome_like	1		
annual_wastewater_2017_2025	2023_SRR37365438	k141_286995	k141_286995_22 # 18267 # 21368 # 1 # ID=127976_22;partial=00;start_type=ATG;rbs_motif=AAAAA;rbs_spacer=12bp;gc_cont=0.452	adeF	3000777	Strict	41.87	97.54	fluoroquinolone antibiotic; tetracycline antibiotic	antibiotic efflux	resistance-nodulation-cell division (RND) antibiotic efflux pump	tetracycline	False	chromosome_like	1		
annual_wastewater_2017_2025	2023_SRR37365438	k141_656676	k141_656676_2 # 322 # 978 # -1 # ID=129934_2;partial=00;start_type=ATG;rbs_motif=GGAG/GAGG;rbs_spacer=5-10bp;gc_cont=0.381	QnrVC4	3002801	Perfect	100.0	100.0	fluoroquinolone antibiotic	antibiotic target protection	quinolone resistance protein (qnr)	ciprofloxacin; levofloxacin; moxifloxacin; gatifloxacin; nalidixic acid; norfloxacin; sparfloxacin	False	chromosome_like	1		
annual_wastewater_2017_2025	2023_SRR37365438	k141_1382262	k141_1382262_2 # 532 # 1263 # -1 # ID=130495_2;partial=01;start_type=Edge;rbs_motif=None;rbs_spacer=None;gc_cont=0.425	vanY gene in vanG cluster	3002959	Strict	36.41	87.1	glycopeptide antibiotic	antibiotic target alteration	vanY; glycopeptide resistance gene cluster	vancomycin	False	chromosome_like	1		
annual_wastewater_2017_2025	2023_SRR37365438	k141_1382457	k141_1382457_2 # 184 # 1065 # -1 # ID=130708_2;partial=00;start_type=ATG;rbs_motif=AGGA;rbs_spacer=5-10bp;gc_cont=0.615	KPC-2	3002312	Perfect	100.0	100.0	monobactam; carbapenem; cephalosporin; penam	antibiotic inactivation	KPC beta-lactamase		False	chromosome_like	1		
annual_wastewater_2017_2025	2023_SRR37365438	k141_1017993	k141_1017993_2 # 1391 # 1780 # -1 # ID=131561_2;partial=01;start_type=Edge;rbs_motif=None;rbs_spacer=None;gc_cont=0.577	vanY gene in vanA cluster	3002955	Strict	33.61	42.57	glycopeptide antibiotic	antibiotic target alteration	vanY; glycopeptide resistance gene cluster	vancomycin; teicoplanin	False	chromosome_like	1		
annual_wastewater_2017_2025	2023_SRR37365438	k141_1383590	k141_1383590_2 # 688 # 1032 # -1 # ID=132004_2;partial=00;start_type=ATG;rbs_motif=None;rbs_spacer=None;gc_cont=0.333	qacG	3007015	Strict	47.12	106.54	disinfecting agents and antiseptics	antibiotic efflux	small multidrug resistance (SMR) antibiotic efflux pump	benzalkonium chloride	True	plasmid_like		0.9927	
annual_wastewater_2017_2025	2023_SRR37365438	k141_103203	k141_103203_17 # 15645 # 18809 # 1 # ID=132101_17;partial=00;start_type=ATG;rbs_motif=GGA/GAG/AGG;rbs_spacer=5-10bp;gc_cont=0.442	adeF	3000777	Strict	59.05	99.53	fluoroquinolone antibiotic; tetracycline antibiotic	antibiotic efflux	resistance-nodulation-cell division (RND) antibiotic efflux pump	tetracycline	True	plasmid_like		0.9826	
annual_wastewater_2017_2025	2023_SRR37365438	k141_104204	k141_104204_1 # 1 # 1254 # -1 # ID=133286_1;partial=10;start_type=ATG;rbs_motif=GGAG/GAGG;rbs_spacer=5-10bp;gc_cont=0.309	tetB(P)	3000195	Strict	77.22	64.11	tetracycline antibiotic	antibiotic target protection	tetracycline-resistant ribosomal protection protein	tetracycline; doxycycline; minocycline; chlortetracycline; demeclocycline; oxytetracycline	False	chromosome_like	1		
annual_wastewater_2017_2025	2023_SRR37365438	k141_840834	k141_840834_7 # 6300 # 7736 # 1 # ID=133289_7;partial=00;start_type=ATG;rbs_motif=AGGAG;rbs_spacer=5-10bp;gc_cont=0.631	iri	3002884	Strict	95.58	99.79	rifamycin antibiotic	antibiotic inactivation	rifampin monooxygenase	rifampin; rifaximin; rifabutin; rifapentine	True	plasmid_like		0.832	
annual_wastewater_2017_2025	2023_SRR37365438	k141_469384	k141_469384_2 # 975 # 1316 # 1 # ID=133371_2;partial=00;start_type=ATG;rbs_motif=GGA/GAG/AGG;rbs_spacer=5-10bp;gc_cont=0.509	qacG	3007015	Strict	46.15	105.61	disinfecting agents and antiseptics	antibiotic efflux	small multidrug resistance (SMR) antibiotic efflux pump	benzalkonium chloride	True	plasmid_like		0.979	
annual_wastewater_2017_2025	2023_SRR37365438	k141_1384920	k141_1384920_2 # 1407 # 4559 # -1 # ID=133388_2;partial=00;start_type=GTG;rbs_motif=GGA/GAG/AGG;rbs_spacer=5-10bp;gc_cont=0.632	adeF	3000777	Strict	43.81	99.15	fluoroquinolone antibiotic; tetracycline antibiotic	antibiotic efflux	resistance-nodulation-cell division (RND) antibiotic efflux pump	tetracycline	False	chromosome_like	1		
annual_wastewater_2017_2025	2023_SRR37365438	k141_1204268	k141_1204268_2 # 762 # 1202 # -1 # ID=133440_2;partial=00;start_type=ATG;rbs_motif=GGA/GAG/AGG;rbs_spacer=5-10bp;gc_cont=0.626	FosG	3007368	Strict	64.8	110.61	phosphonic acid antibiotic	antibiotic inactivation	fosfomycin thiol transferase	fosfomycin	False	chromosome_like	1		
annual_wastewater_2017_2025	2023_SRR37365438	k141_660730	k141_660730_2 # 380 # 1408 # -1 # ID=133999_2;partial=00;start_type=ATG;rbs_motif=GGAGG;rbs_spacer=5-10bp;gc_cont=0.603	vanY gene in vanF cluster	3002958	Strict	35.79	116.72	glycopeptide antibiotic	antibiotic target alteration	vanY; glycopeptide resistance gene cluster	vancomycin	False	chromosome_like	1		
annual_wastewater_2017_2025	2023_SRR37365438	k141_662549	k141_662549_2 # 254 # 583 # 1 # ID=135769_2;partial=00;start_type=ATG;rbs_motif=None;rbs_spacer=None;gc_cont=0.664	qacG	3007015	Strict	36.79	101.87	disinfecting agents and antiseptics	antibiotic efflux	small multidrug resistance (SMR) antibiotic efflux pump	benzalkonium chloride	False	chromosome_like	1		
annual_wastewater_2017_2025	2023_SRR37365438	k141_662549	k141_662549_3 # 602 # 931 # 1 # ID=135769_3;partial=00;start_type=ATG;rbs_motif=GGAG/GAGG;rbs_spacer=5-10bp;gc_cont=0.673	qacJ	3007014	Strict	36.79	101.87	disinfecting agents and antiseptics	antibiotic efflux	small multidrug resistance (SMR) antibiotic efflux pump	benzalkonium chloride	False	chromosome_like	1		
annual_wastewater_2017_2025	2023_SRR37365438	k141_471657	k141_471657_19 # 21868 # 24240 # -1 # ID=136366_19;partial=00;start_type=ATG;rbs_motif=AGGA;rbs_spacer=5-10bp;gc_cont=0.610	vanT gene in vanG cluster	3002972	Strict	38.07	110.96	glycopeptide antibiotic	antibiotic target alteration	glycopeptide resistance gene cluster; vanT	vancomycin	False	chromosome_like	1		
annual_wastewater_2017_2025	2023_SRR37365438	k141_295003	k141_295003_1 # 275 # 748 # 1 # ID=137280_1;partial=00;start_type=GTG;rbs_motif=GGAG/GAGG;rbs_spacer=5-10bp;gc_cont=0.397	dfrA1	3002854	Strict	99.36	100.0	diaminopyrimidine antibiotic	antibiotic target replacement	trimethoprim resistant dihydrofolate reductase dfr	trimethoprim	False	chromosome_like	1		
annual_wastewater_2017_2025	2023_SRR37365438	k141_1023918	k141_1023918_2 # 163 # 816 # 1 # ID=139187_2;partial=00;start_type=ATG;rbs_motif=GGAG/GAGG;rbs_spacer=5-10bp;gc_cont=0.318	vanY gene in vanB cluster	3002956	Strict	49.44	80.97	glycopeptide antibiotic	antibiotic target alteration	vanY; glycopeptide resistance gene cluster	vancomycin	False	chromosome_like	1		
annual_wastewater_2017_2025	2023_SRR37365438	k141_109418	k141_109418_8 # 6976 # 10074 # 1 # ID=139420_8;partial=00;start_type=ATG;rbs_motif=AGGAGG;rbs_spacer=5-10bp;gc_cont=0.580	adeF	3000777	Strict	41.75	97.45	fluoroquinolone antibiotic; tetracycline antibiotic	antibiotic efflux	resistance-nodulation-cell division (RND) antibiotic efflux pump	tetracycline	False	chromosome_like	1		
annual_wastewater_2017_2025	2023_SRR37365438	k141_474691	k141_474691_3 # 1483 # 1896 # 1 # ID=139689_3;partial=00;start_type=ATG;rbs_motif=GGA/GAG/AGG;rbs_spacer=5-10bp;gc_cont=0.481	H-NS	3000676	Strict	91.91	100.0	macrolide antibiotic; fluoroquinolone antibiotic; cephalosporin; cephamycin; penam; tetracycline antibiotic	antibiotic efflux	major facilitator superfamily (MFS) antibiotic efflux pump; resistance-nodulation-cell division (RND) antibiotic efflux pump	erythromycin; cloxacillin; ciprofloxacin; tetracycline; oxacillin; norfloxacin	False	chromosome_like	1		
annual_wastewater_2017_2025	2023_SRR37365438	k141_1210238	k141_1210238_2 # 424 # 1164 # -1 # ID=139782_2;partial=01;start_type=Edge;rbs_motif=None;rbs_spacer=None;gc_cont=0.306	LnuH	3004600	Strict	96.34	94.62	lincosamide antibiotic	antibiotic inactivation	lincosamide nucleotidyltransferase (LNU)		False	chromosome_like	1		
annual_wastewater_2017_2025	2023_SRR37365438	k141_1390537	k141_1390537_21 # 17312 # 20488 # -1 # ID=139903_21;partial=00;start_type=ATG;rbs_motif=AGGAG;rbs_spacer=5-10bp;gc_cont=0.589	adeF	3000777	Strict	59.72	99.91	fluoroquinolone antibiotic; tetracycline antibiotic	antibiotic efflux	resistance-nodulation-cell division (RND) antibiotic efflux pump	tetracycline	True	plasmid_like		0.9909	
annual_wastewater_2017_2025	2023_SRR37365438	k141_1390800	k141_1390800_1 # 2 # 1003 # 1 # ID=140216_1;partial=10;start_type=Edge;rbs_motif=None;rbs_spacer=None;gc_cont=0.399	vanT gene in vanG cluster	3002972	Strict	38.51	46.77	glycopeptide antibiotic	antibiotic target alteration	glycopeptide resistance gene cluster; vanT	vancomycin	False	chromosome_like	1		
annual_wastewater_2017_2025	2023_SRR37365438	k141_1391616	k141_1391616_4 # 3866 # 4678 # -1 # ID=141072_4;partial=00;start_type=ATG;rbs_motif=AGGAG/GGAGG;rbs_spacer=11-12bp;gc_cont=0.598	vanY gene in vanF cluster	3002958	Strict	33.97	92.15	glycopeptide antibiotic	antibiotic target alteration	vanY; glycopeptide resistance gene cluster	vancomycin	False	chromosome_like	1		
annual_wastewater_2017_2025	2023_SRR37365438	k141_110968	k141_110968_2 # 784 # 969 # 1 # ID=141162_2;partial=00;start_type=ATG;rbs_motif=AGGAG;rbs_spacer=5-10bp;gc_cont=0.505	rsmA	3005069	Strict	98.36	100.0	fluoroquinolone antibiotic; diaminopyrimidine antibiotic; phenicol antibiotic	antibiotic efflux	resistance-nodulation-cell division (RND) antibiotic efflux pump	trimethoprim; chloramphenicol	False	chromosome_like	1		
annual_wastewater_2017_2025	2023_SRR37365438	k141_110980	k141_110980_2 # 777 # 962 # 1 # ID=141173_2;partial=00;start_type=ATG;rbs_motif=AGGAG;rbs_spacer=5-10bp;gc_cont=0.565	rsmA	3005069	Strict	95.08	100.0	fluoroquinolone antibiotic; diaminopyrimidine antibiotic; phenicol antibiotic	antibiotic efflux	resistance-nodulation-cell division (RND) antibiotic efflux pump	trimethoprim; chloramphenicol	False	chromosome_like	1		
annual_wastewater_2017_2025	2023_SRR37365438	k141_848234	k141_848234_3 # 1880 # 3031 # -1 # ID=141426_3;partial=00;start_type=ATG;rbs_motif=GGAG/GAGG;rbs_spacer=5-10bp;gc_cont=0.632	MOX-9	3002191	Strict	99.74	100.0	cephalosporin; cephamycin; penam	antibiotic inactivation	MOX beta-lactamase		False	chromosome_like	1		
annual_wastewater_2017_2025	2023_SRR37365438	k141_1025899	k141_1025899_8 # 7087 # 8220 # 1 # ID=141514_8;partial=00;start_type=ATG;rbs_motif=GGA/GAG/AGG;rbs_spacer=11-12bp;gc_cont=0.511	EC-15	3006876	Strict	98.41	100.0	cephalosporin	antibiotic inactivation	EC beta-lactamase		False	chromosome_like	1		
annual_wastewater_2017_2025	2023_SRR37365438	k141_477487	k141_477487_2 # 958 # 1959 # 1 # ID=142757_2;partial=00;start_type=ATG;rbs_motif=TAAAAA;rbs_spacer=10bp;gc_cont=0.478	vanH gene in vanB cluster	3002943	Strict	37.22	103.1	glycopeptide antibiotic	antibiotic target alteration	vanH; glycopeptide resistance gene cluster	vancomycin	False	chromosome_like	1		
annual_wastewater_2017_2025	2023_SRR37365438	k141_112378	k141_112378_2 # 652 # 1215 # -1 # ID=142758_2;partial=00;start_type=TTG;rbs_motif=None;rbs_spacer=None;gc_cont=0.523	vanY gene in vanF cluster	3002958	Strict	37.14	63.82	glycopeptide antibiotic	antibiotic target alteration	vanY; glycopeptide resistance gene cluster	vancomycin	False	chromosome_like	1		
annual_wastewater_2017_2025	2023_SRR37365438	k141_112396	k141_112396_5 # 3605 # 4312 # 1 # ID=142797_5;partial=00;start_type=ATG;rbs_motif=None;rbs_spacer=None;gc_cont=0.302	EBR-2	3004463	Perfect	100.0	100.0	carbapenem; cephalosporin; penam	antibiotic inactivation	EBR beta-lactamase		False	chromosome_like	1		
annual_wastewater_2017_2025	2023_SRR37365438	k141_1027252	k141_1027252_4 # 2027 # 2890 # 1 # ID=143016_4;partial=00;start_type=ATG;rbs_motif=AGGAG;rbs_spacer=5-10bp;gc_cont=0.329	ANT(6)-Ia	3002626	Perfect	100.0	100.0	aminoglycoside antibiotic	antibiotic inactivation	ANT(6)	streptomycin	False	chromosome_like	1		
annual_wastewater_2017_2025	2023_SRR37365438	k141_478305	k141_478305_3 # 1103 # 2002 # 1 # ID=143693_3;partial=00;start_type=ATG;rbs_motif=GGA/GAG/AGG;rbs_spacer=5-10bp;gc_cont=0.589	mphF	3003071	Perfect	100.0	100.0	macrolide antibiotic	antibiotic inactivation	macrolide phosphotransferase (MPH)	erythromycin; roxithromycin; clarithromycin; tylosin; azithromycin	True	plasmid_like		0.9625	
annual_wastewater_2017_2025	2023_SRR37365438	k141_1394322	k141_1394322_2 # 325 # 1386 # 1 # ID=144184_2;partial=00;start_type=ATG;rbs_motif=AGGAG;rbs_spacer=5-10bp;gc_cont=0.390	vanG	3002909	Strict	40.8	101.15	glycopeptide antibiotic	antibiotic target alteration	glycopeptide resistance gene cluster; Van ligase	vancomycin	False	chromosome_like	1		
annual_wastewater_2017_2025	2023_SRR37365438	k141_1214731	k141_1214731_1 # 1 # 3090 # 1 # ID=144384_1;partial=10;start_type=Edge;rbs_motif=None;rbs_spacer=None;gc_cont=0.532	mdtF	3000796	Strict	99.71	99.23	macrolide antibiotic; fluoroquinolone antibiotic; penam	antibiotic efflux	resistance-nodulation-cell division (RND) antibiotic efflux pump	erythromycin; cloxacillin; oxacillin; norfloxacin	False	chromosome_like	1		
annual_wastewater_2017_2025	2023_SRR37365438	k141_1215134	k141_1215134_2 # 392 # 3568 # 1 # ID=144794_2;partial=00;start_type=ATG;rbs_motif=GGAGG;rbs_spacer=5-10bp;gc_cont=0.643	adeF	3000777	Strict	61.27	99.91	fluoroquinolone antibiotic; tetracycline antibiotic	antibiotic efflux	resistance-nodulation-cell division (RND) antibiotic efflux pump	tetracycline	True	plasmid_like		0.8483	
annual_wastewater_2017_2025	2023_SRR37365438	k141_479478	k141_479478_2 # 219 # 593 # -1 # ID=145010_2;partial=00;start_type=ATG;rbs_motif=GGAG/GAGG;rbs_spacer=5-10bp;gc_cont=0.507	marA	3000263	Strict	92.74	97.64	fluoroquinolone antibiotic; monobactam; carbapenem; cephalosporin; glycylcycline; cephamycin; penam; tetracycline antibiotic; rifamycin antibiotic; phenicol antibiotic; penem; disinfecting agents and antiseptics	antibiotic efflux; reduced permeability to antibiotic	resistance-nodulation-cell division (RND) antibiotic efflux pump; General Bacterial Porin with reduced permeability to beta-lactams	tigecycline; tetracycline; rifampin; chloramphenicol; ampicillin; cefalotin; triclosan	False	chromosome_like	1		
annual_wastewater_2017_2025	2023_SRR37365438	k141_479478	k141_479478_3 # 614 # 1027 # -1 # ID=145010_3;partial=01;start_type=Edge;rbs_motif=None;rbs_spacer=None;gc_cont=0.541	Escherichia coli AcrAB-TolC with MarR mutations conferring resistance to ciprofloxacin and tetracycline	3003378	Strict	83.94	95.14	fluoroquinolone antibiotic; cephalosporin; glycylcycline; penam; tetracycline antibiotic; rifamycin antibiotic; phenicol antibiotic; disinfecting agents and antiseptics	antibiotic target alteration; antibiotic efflux	resistance-nodulation-cell division (RND) antibiotic efflux pump	tigecycline; ciprofloxacin; tetracycline; rifampin; chloramphenicol; ampicillin; cefalotin; triclosan	False	chromosome_like	1		
annual_wastewater_2017_2025	2023_SRR37365438	k141_1029574	k141_1029574_22 # 24450 # 26915 # 1 # ID=145472_22;partial=00;start_type=ATG;rbs_motif=AAAAA;rbs_spacer=11bp;gc_cont=0.428	vanT gene in vanG cluster	3002972	Strict	35.33	115.31	glycopeptide antibiotic	antibiotic target alteration	glycopeptide resistance gene cluster; vanT	vancomycin	False	chromosome_like	1		
annual_wastewater_2017_2025	2023_SRR37365438	k141_852182	k141_852182_1 # 270 # 1097 # -1 # ID=146013_1;partial=00;start_type=ATG;rbs_motif=None;rbs_spacer=None;gc_cont=0.675	vanY gene in vanB cluster	3002956	Strict	35.32	102.61	glycopeptide antibiotic	antibiotic target alteration	vanY; glycopeptide resistance gene cluster	vancomycin	False	chromosome_like	1		
annual_wastewater_2017_2025	2023_SRR37365438	k141_115191	k141_115191_3 # 1162 # 2400 # -1 # ID=146080_3;partial=00;start_type=ATG;rbs_motif=None;rbs_spacer=None;gc_cont=0.651	Mrx	3003839	Perfect	100.0	100.0	macrolide antibiotic	antibiotic inactivation	macrolide phosphotransferase (MPH)		True	plasmid_like		0.984	
annual_wastewater_2017_2025	2023_SRR37365438	k141_115191	k141_115191_4 # 2397 # 3302 # -1 # ID=146080_4;partial=00;start_type=ATG;rbs_motif=AGGAG;rbs_spacer=5-10bp;gc_cont=0.657	mphA	3000316	Perfect	100.0	100.0	macrolide antibiotic	antibiotic inactivation	macrolide phosphotransferase (MPH)	erythromycin; roxithromycin; telithromycin; clarithromycin; azithromycin; dirithromycin; oleandomycin	True	plasmid_like		0.984	
annual_wastewater_2017_2025	2023_SRR37365438	k141_115537	k141_115537_1 # 56 # 856 # 1 # ID=146437_1;partial=00;start_type=ATG;rbs_motif=AGxAGG/AGGxGG;rbs_spacer=3-4bp;gc_cont=0.421	OXA-17	3001412	Perfect	100.0	100.0	carbapenem; cephalosporin; penam	antibiotic inactivation	OXA beta-lactamase	cloxacillin; oxacillin; cefalotin	False	chromosome_like	1		
annual_wastewater_2017_2025	2023_SRR37365438	k141_673726	k141_673726_1 # 313 # 771 # -1 # ID=146483_1;partial=00;start_type=ATG;rbs_motif=GGA/GAG/AGG;rbs_spacer=5-10bp;gc_cont=0.588	AAC(6')-Il	3004635	Perfect	100.0	100.0	aminoglycoside antibiotic	antibiotic inactivation	AAC(6')	dibekacin; amikacin; sisomicin; netilmicin; tobramycin; 2'-N-ethylnetilmicin; 5-episisomicin	False	chromosome_like	1		
annual_wastewater_2017_2025	2023_SRR37365438	k141_674537	k141_674537_4 # 1629 # 2909 # -1 # ID=147250_4;partial=01;start_type=Edge;rbs_motif=None;rbs_spacer=None;gc_cont=0.643	vanT gene in vanG cluster	3002972	Strict	35.31	59.83	glycopeptide antibiotic	antibiotic target alteration	glycopeptide resistance gene cluster; vanT	vancomycin	False	chromosome_like	1		
annual_wastewater_2017_2025	2023_SRR37365438	k141_304101	k141_304101_15 # 12267 # 15386 # -1 # ID=147324_15;partial=00;start_type=ATG;rbs_motif=AAA;rbs_spacer=11bp;gc_cont=0.513	adeF	3000777	Strict	42.94	98.11	fluoroquinolone antibiotic; tetracycline antibiotic	antibiotic efflux	resistance-nodulation-cell division (RND) antibiotic efflux pump	tetracycline	False	chromosome_like	1		
annual_wastewater_2017_2025	2023_SRR37365438	k141_304498	k141_304498_2 # 528 # 1496 # -1 # ID=147767_2;partial=00;start_type=ATG;rbs_motif=AGGA;rbs_spacer=5-10bp;gc_cont=0.512	PmrF	3003578	Strict	98.14	100.0	peptide antibiotic	antibiotic target alteration	pmr phosphoethanolamine transferase	polymyxin B	False	chromosome_like	1		
annual_wastewater_2017_2025	2023_SRR37365438	k141_675133	k141_675133_1 # 1 # 852 # -1 # ID=147822_1;partial=10;start_type=ATG;rbs_motif=None;rbs_spacer=None;gc_cont=0.473	vanW gene in vanI cluster	3003724	Strict	26.76	76.14	glycopeptide antibiotic	antibiotic target alteration	vanW; glycopeptide resistance gene cluster	vancomycin; teicoplanin	False	chromosome_like	1		
annual_wastewater_2017_2025	2023_SRR37365438	k141_675140	k141_675140_1 # 1 # 852 # -1 # ID=147824_1;partial=10;start_type=ATG;rbs_motif=None;rbs_spacer=None;gc_cont=0.479	vanW gene in vanI cluster	3003724	Strict	25.75	76.14	glycopeptide antibiotic	antibiotic target alteration	vanW; glycopeptide resistance gene cluster	vancomycin; teicoplanin	False	chromosome_like	1		
annual_wastewater_2017_2025	2023_SRR37365438	k141_1219167	k141_1219167_16 # 9173 # 9532 # -1 # ID=148946_16;partial=00;start_type=ATG;rbs_motif=3Base/5BMM;rbs_spacer=13-15bp;gc_cont=0.619	qacG	3007015	Strict	41.35	111.21	disinfecting agents and antiseptics	antibiotic efflux	small multidrug resistance (SMR) antibiotic efflux pump	benzalkonium chloride	False	chromosome_like	1		
annual_wastewater_2017_2025	2023_SRR37365438	k141_1032228	k141_1032228_9 # 9870 # 11423 # -1 # ID=148953_9;partial=00;start_type=ATG;rbs_motif=GGAG/GAGG;rbs_spacer=5-10bp;gc_cont=0.536	vanW gene in vanI cluster	3003724	Strict	38.83	138.61	glycopeptide antibiotic	antibiotic target alteration	vanW; glycopeptide resistance gene cluster	vancomycin; teicoplanin	False	chromosome_like	1		
annual_wastewater_2017_2025	2023_SRR37365438	k141_676646	k141_676646_5 # 2556 # 3281 # -1 # ID=149397_5;partial=00;start_type=ATG;rbs_motif=GGAG/GAGG;rbs_spacer=5-10bp;gc_cont=0.328	vanY gene in vanB cluster	3002956	Strict	47.37	89.93	glycopeptide antibiotic	antibiotic target alteration	vanY; glycopeptide resistance gene cluster	vancomycin	False	chromosome_like	1		
annual_wastewater_2017_2025	2023_SRR37365438	k141_1034221	k141_1034221_1 # 2 # 340 # -1 # ID=151466_1;partial=10;start_type=ATG;rbs_motif=AGGAG;rbs_spacer=5-10bp;gc_cont=0.413	Klebsiella pneumoniae KpnE	3004580	Strict	87.62	94.17	macrolide antibiotic; aminoglycoside antibiotic; cephalosporin; tetracycline antibiotic; peptide antibiotic; rifamycin antibiotic; disinfecting agents and antiseptics	antibiotic efflux	small multidrug resistance (SMR) antibiotic efflux pump	erythromycin; streptomycin; tetracycline; cefepime; ceftriaxone; rifampin; colistin A; colistin B; triclosan; benzalkonium chloride; chlorhexidine	False	chromosome_like	1		
annual_wastewater_2017_2025	2023_SRR37365438	k141_308860	k141_308860_2 # 798 # 1922 # 1 # ID=152578_2;partial=00;start_type=GTG;rbs_motif=AGxAGG/AGGxGG;rbs_spacer=5-10bp;gc_cont=0.539	vanT gene in vanG cluster	3002972	Strict	40.0	52.53	glycopeptide antibiotic	antibiotic target alteration	glycopeptide resistance gene cluster; vanT	vancomycin	False	chromosome_like	1		
annual_wastewater_2017_2025	2023_SRR37365438	k141_1222701	k141_1222701_2 # 541 # 1110 # -1 # ID=152938_2;partial=00;start_type=ATG;rbs_motif=GGAG/GAGG;rbs_spacer=5-10bp;gc_cont=0.463	dfrA19	3003015	Strict	99.47	100.0	diaminopyrimidine antibiotic	antibiotic target replacement	trimethoprim resistant dihydrofolate reductase dfr	trimethoprim	False	chromosome_like	1		
annual_wastewater_2017_2025	2023_SRR37365438	k141_680605	k141_680605_2 # 475 # 1947 # -1 # ID=153532_2;partial=01;start_type=Edge;rbs_motif=None;rbs_spacer=None;gc_cont=0.477	vanW gene in vanI cluster	3003724	Strict	29.17	131.37	glycopeptide antibiotic	antibiotic target alteration	vanW; glycopeptide resistance gene cluster	vancomycin; teicoplanin	False	chromosome_like	1		
annual_wastewater_2017_2025	2023_SRR37365438	k141_486685	k141_486685_2 # 1289 # 2782 # -1 # ID=153716_2;partial=00;start_type=ATG;rbs_motif=None;rbs_spacer=None;gc_cont=0.443	vanY gene in vanB cluster	3002956	Strict	31.39	185.45	glycopeptide antibiotic	antibiotic target alteration	vanY; glycopeptide resistance gene cluster	vancomycin	True	plasmid_like		0.9901	
annual_wastewater_2017_2025	2023_SRR37365438	k141_1403669	k141_1403669_5 # 2882 # 3205 # -1 # ID=154595_5;partial=00;start_type=ATG;rbs_motif=GGA/GAG/AGG;rbs_spacer=5-10bp;gc_cont=0.373	qacJ	3007014	Strict	52.34	100.0	disinfecting agents and antiseptics	antibiotic efflux	small multidrug resistance (SMR) antibiotic efflux pump	benzalkonium chloride	True	plasmid_like		0.991	
annual_wastewater_2017_2025	2023_SRR37365438	k141_681673	k141_681673_9 # 9229 # 12339 # -1 # ID=154743_9;partial=00;start_type=ATG;rbs_motif=AAA;rbs_spacer=11bp;gc_cont=0.498	adeF	3000777	Strict	42.42	97.83	fluoroquinolone antibiotic; tetracycline antibiotic	antibiotic efflux	resistance-nodulation-cell division (RND) antibiotic efflux pump	tetracycline	False	chromosome_like	1		
annual_wastewater_2017_2025	2023_SRR37365438	k141_1039464	k141_1039464_1 # 2 # 1093 # 1 # ID=157525_1;partial=10;start_type=Edge;rbs_motif=None;rbs_spacer=None;gc_cont=0.533	Escherichia coli EF-Tu mutants conferring resistance to Pulvomycin	3003369	Strict	98.62	88.75	elfamycin antibiotic	antibiotic target alteration	elfamycin resistant EF-Tu	pulvomycin	False	chromosome_like	1		
annual_wastewater_2017_2025	2023_SRR37365438	k141_490141	k141_490141_4 # 9020 # 10993 # 1 # ID=157573_4;partial=00;start_type=GTG;rbs_motif=AGGAGG;rbs_spacer=5-10bp;gc_cont=0.398	tet(Q)	3000191	Strict	96.19	100.0	tetracycline antibiotic	antibiotic target protection	tetracycline-resistant ribosomal protection protein	tetracycline; doxycycline; minocycline; chlortetracycline; demeclocycline; oxytetracycline	True	plasmid_like		0.8963	
annual_wastewater_2017_2025	2023_SRR37365438	k141_490154	k141_490154_1 # 1 # 1197 # -1 # ID=157591_1;partial=11;start_type=Edge;rbs_motif=None;rbs_spacer=None;gc_cont=0.396	tet(Q)	3000191	Strict	99.75	60.73	tetracycline antibiotic	antibiotic target protection	tetracycline-resistant ribosomal protection protein	tetracycline; doxycycline; minocycline; chlortetracycline; demeclocycline; oxytetracycline	False	chromosome_like	1		
annual_wastewater_2017_2025	2023_SRR37365438	k141_862240	k141_862240_1 # 78 # 3227 # -1 # ID=157687_1;partial=00;start_type=ATG;rbs_motif=AGGAG;rbs_spacer=5-10bp;gc_cont=0.537	acrB	3000216	Perfect	100.0	100.0	fluoroquinolone antibiotic; cephalosporin; glycylcycline; penam; tetracycline antibiotic; rifamycin antibiotic; phenicol antibiotic; disinfecting agents and antiseptics	antibiotic efflux	resistance-nodulation-cell division (RND) antibiotic efflux pump	tigecycline; tetracycline; rifampin; chloramphenicol; ampicillin; cefalotin; triclosan	False	chromosome_like	1		
annual_wastewater_2017_2025	2023_SRR37365438	k141_313344	k141_313344_8 # 6379 # 7149 # -1 # ID=157834_8;partial=00;start_type=ATG;rbs_motif=None;rbs_spacer=None;gc_cont=0.680	vanW gene in vanB cluster	3002964	Strict	29.13	93.09	glycopeptide antibiotic	antibiotic target alteration	vanW; glycopeptide resistance gene cluster	vancomycin	False	chromosome_like	1		
annual_wastewater_2017_2025	2023_SRR37365438	k141_1039743	k141_1039743_8 # 4959 # 5723 # -1 # ID=157894_8;partial=00;start_type=ATG;rbs_motif=TAA;rbs_spacer=11bp;gc_cont=0.328	vanY gene in vanM cluster	3002961	Strict	26.01	109.01	glycopeptide antibiotic	antibiotic target alteration	vanY; glycopeptide resistance gene cluster	vancomycin; teicoplanin	False	chromosome_like	1		
annual_wastewater_2017_2025	2023_SRR37365438	k141_490762	k141_490762_1 # 3 # 1058 # -1 # ID=158260_1;partial=11;start_type=Edge;rbs_motif=None;rbs_spacer=None;gc_cont=0.532	vanT gene in vanG cluster	3002972	Strict	37.36	49.44	glycopeptide antibiotic	antibiotic target alteration	glycopeptide resistance gene cluster; vanT	vancomycin	False	chromosome_like	1		
annual_wastewater_2017_2025	2023_SRR37365438	k141_863085	k141_863085_2 # 1735 # 2061 # -1 # ID=158777_2;partial=00;start_type=ATG;rbs_motif=GGA/GAG/AGG;rbs_spacer=5-10bp;gc_cont=0.523	qacJ	3007014	Strict	45.28	100.93	disinfecting agents and antiseptics	antibiotic efflux	small multidrug resistance (SMR) antibiotic efflux pump	benzalkonium chloride	False	chromosome_like	1		
annual_wastewater_2017_2025	2023_SRR37365438	k141_685956	k141_685956_1 # 3 # 2165 # 1 # ID=159185_1;partial=10;start_type=Edge;rbs_motif=None;rbs_spacer=None;gc_cont=0.490	vanT gene in vanG cluster	3002972	Strict	34.54	101.12	glycopeptide antibiotic	antibiotic target alteration	glycopeptide resistance gene cluster; vanT	vancomycin	False	chromosome_like	1		
annual_wastewater_2017_2025	2023_SRR37365438	k141_686272	k141_686272_1 # 124 # 621 # 1 # ID=159519_1;partial=00;start_type=ATG;rbs_motif=None;rbs_spacer=None;gc_cont=0.512	dfrA12	3002858	Perfect	100.0	100.0	diaminopyrimidine antibiotic	antibiotic target replacement	trimethoprim resistant dihydrofolate reductase dfr	trimethoprim	False	chromosome_like	1		
annual_wastewater_2017_2025	2023_SRR37365438	k141_1408805	k141_1408805_5 # 3389 # 3601 # 1 # ID=160184_5;partial=00;start_type=ATG;rbs_motif=GGAGG;rbs_spacer=5-10bp;gc_cont=0.408	vanU gene in vanG cluster	3004253	Strict	80.6	93.33	glycopeptide antibiotic	antibiotic target alteration	glycopeptide resistance gene cluster; vanU	vancomycin	False	chromosome_like	1		
annual_wastewater_2017_2025	2023_SRR37365438	k141_1409555	k141_1409555_7 # 6116 # 7108 # -1 # ID=160941_7;partial=00;start_type=ATG;rbs_motif=AGGAG;rbs_spacer=5-10bp;gc_cont=0.504	vanH gene in vanB cluster	3002943	Strict	39.1	102.17	glycopeptide antibiotic	antibiotic target alteration	vanH; glycopeptide resistance gene cluster	vancomycin	True	virus_like			0.7822
annual_wastewater_2017_2025	2023_SRR37365438	k141_493608	k141_493608_1 # 3 # 1286 # -1 # ID=161668_1;partial=11;start_type=Edge;rbs_motif=None;rbs_spacer=None;gc_cont=0.396	tet(Q)	3000191	Strict	96.26	65.14	tetracycline antibiotic	antibiotic target protection	tetracycline-resistant ribosomal protection protein	tetracycline; doxycycline; minocycline; chlortetracycline; demeclocycline; oxytetracycline	False	chromosome_like	1		
annual_wastewater_2017_2025	2023_SRR37365438	k141_493843	k141_493843_1 # 2 # 1210 # 1 # ID=161936_1;partial=11;start_type=Edge;rbs_motif=None;rbs_spacer=None;gc_cont=0.610	Klebsiella pneumoniae KpnH	3004597	Strict	93.8	78.71	macrolide antibiotic; fluoroquinolone antibiotic; aminoglycoside antibiotic; carbapenem; cephalosporin; penam; peptide antibiotic; penem	antibiotic efflux	major facilitator superfamily (MFS) antibiotic efflux pump	erythromycin; gentamicin C; ciprofloxacin; spectinomycin; streptomycin; tobramycin; ceftazidime; ertapenem; piperacillin; azithromycin; imipenem; polymyxin B; polymyxin B1; polymyxin B2; polymyxin B3; polymyxin B4; norfloxacin; ticarcillin; gentamicin	False	chromosome_like	1		
annual_wastewater_2017_2025	2023_SRR37365438	k141_688570	k141_688570_5 # 5078 # 8236 # 1 # ID=162039_5;partial=00;start_type=ATG;rbs_motif=AGGA;rbs_spacer=5-10bp;gc_cont=0.640	adeF	3000777	Strict	42.42	99.34	fluoroquinolone antibiotic; tetracycline antibiotic	antibiotic efflux	resistance-nodulation-cell division (RND) antibiotic efflux pump	tetracycline	False	chromosome_like	1		
annual_wastewater_2017_2025	2023_SRR37365438	k141_866272	k141_866272_2 # 279 # 1361 # -1 # ID=162374_2;partial=00;start_type=ATG;rbs_motif=GGA/GAG/AGG;rbs_spacer=5-10bp;gc_cont=0.436	vanG	3002909	Strict	44.92	103.15	glycopeptide antibiotic	antibiotic target alteration	glycopeptide resistance gene cluster; Van ligase	vancomycin	False	chromosome_like	1		
annual_wastewater_2017_2025	2023_SRR37365438	k141_689393	k141_689393_8 # 7872 # 9050 # -1 # ID=162857_8;partial=00;start_type=ATG;rbs_motif=GGAG/GAGG;rbs_spacer=5-10bp;gc_cont=0.413	vanT gene in vanG cluster	3002972	Strict	39.04	55.06	glycopeptide antibiotic	antibiotic target alteration	glycopeptide resistance gene cluster; vanT	vancomycin	False	chromosome_like	1		
annual_wastewater_2017_2025	2023_SRR37365438	k141_494860	k141_494860_27 # 38525 # 41725 # 1 # ID=163184_27;partial=00;start_type=ATG;rbs_motif=AGGA;rbs_spacer=5-10bp;gc_cont=0.639	adeF	3000777	Strict	67.63	100.66	fluoroquinolone antibiotic; tetracycline antibiotic	antibiotic efflux	resistance-nodulation-cell division (RND) antibiotic efflux pump	tetracycline	False	chromosome_like	1		
annual_wastewater_2017_2025	2023_SRR37365438	k141_1233390	k141_1233390_3 # 1898 # 2548 # -1 # ID=164547_3;partial=01;start_type=Edge;rbs_motif=None;rbs_spacer=None;gc_cont=0.656	vanY gene in vanB cluster	3002956	Strict	30.27	80.6	glycopeptide antibiotic	antibiotic target alteration	vanY; glycopeptide resistance gene cluster	vancomycin	False	chromosome_like	1		
annual_wastewater_2017_2025	2023_SRR37365438	k141_1234254	k141_1234254_6 # 3304 # 3633 # 1 # ID=165489_6;partial=00;start_type=ATG;rbs_motif=TAA;rbs_spacer=11bp;gc_cont=0.315	qacJ	3007014	Strict	47.52	101.87	disinfecting agents and antiseptics	antibiotic efflux	small multidrug resistance (SMR) antibiotic efflux pump	benzalkonium chloride	True	plasmid_like		0.8443	
annual_wastewater_2017_2025	2023_SRR37365438	k141_1047181	k141_1047181_3 # 1201 # 2010 # 1 # ID=166258_3;partial=00;start_type=ATG;rbs_motif=GGAG/GAGG;rbs_spacer=5-10bp;gc_cont=0.568	vanW gene in vanG cluster	3002965	Strict	30.13	95.73	glycopeptide antibiotic	antibiotic target alteration	vanW; glycopeptide resistance gene cluster	vancomycin	False	chromosome_like	1		
annual_wastewater_2017_2025	2023_SRR37365438	k141_322557	k141_322557_1 # 2 # 1408 # 1 # ID=167729_1;partial=11;start_type=Edge;rbs_motif=None;rbs_spacer=None;gc_cont=0.491	vanT gene in vanG cluster	3002972	Strict	35.28	65.87	glycopeptide antibiotic	antibiotic target alteration	glycopeptide resistance gene cluster; vanT	vancomycin	False	chromosome_like	1		
annual_wastewater_2017_2025	2023_SRR37365438	k141_694884	k141_694884_120 # 130153 # 131145 # -1 # ID=168419_120;partial=00;start_type=ATG;rbs_motif=AATAA;rbs_spacer=4bp;gc_cont=0.336	vanH gene in vanA cluster	3002942	Strict	35.29	102.48	glycopeptide antibiotic	antibiotic target alteration	vanH; glycopeptide resistance gene cluster	vancomycin; teicoplanin	False	chromosome_like	1		
annual_wastewater_2017_2025	2023_SRR37365438	k141_323388	k141_323388_2 # 407 # 745 # -1 # ID=168655_2;partial=00;start_type=ATG;rbs_motif=GGAG/GAGG;rbs_spacer=5-10bp;gc_cont=0.625	RbpA	3000245	Strict	86.49	98.25	rifamycin antibiotic	antibiotic target protection	RbpA bacterial RNA polymerase-binding protein	rifampin; rifaximin; rifabutin; rifapentine	False	chromosome_like	1		
annual_wastewater_2017_2025	2023_SRR37365438	k141_138485	k141_138485_2 # 630 # 1499 # 1 # ID=170826_2;partial=00;start_type=ATG;rbs_motif=GGA/GAG/AGG;rbs_spacer=11-12bp;gc_cont=0.728	vanY gene in vanM cluster	3002961	Strict	36.81	124.03	glycopeptide antibiotic	antibiotic target alteration	vanY; glycopeptide resistance gene cluster	vancomycin; teicoplanin	False	chromosome_like	1		
annual_wastewater_2017_2025	2023_SRR37365438	k141_1051722	k141_1051722_15 # 10399 # 13536 # -1 # ID=170933_15;partial=00;start_type=ATG;rbs_motif=AGGAG;rbs_spacer=5-10bp;gc_cont=0.535	adeF	3000777	Strict	43.17	98.68	fluoroquinolone antibiotic; tetracycline antibiotic	antibiotic efflux	resistance-nodulation-cell division (RND) antibiotic efflux pump	tetracycline	False	chromosome_like	1		
annual_wastewater_2017_2025	2023_SRR37365438	k141_1051722	k141_1051722_27 # 23900 # 24235 # -1 # ID=170933_27;partial=00;start_type=ATG;rbs_motif=AGGA;rbs_spacer=5-10bp;gc_cont=0.542	qacG	3007015	Strict	37.5	103.74	disinfecting agents and antiseptics	antibiotic efflux	small multidrug resistance (SMR) antibiotic efflux pump	benzalkonium chloride	False	chromosome_like	1		
annual_wastewater_2017_2025	2023_SRR37365438	k141_327241	k141_327241_2 # 313 # 1851 # -1 # ID=172851_2;partial=00;start_type=ATG;rbs_motif=GGAG/GAGG;rbs_spacer=5-10bp;gc_cont=0.564	emrB	3000074	Perfect	100.0	100.0	fluoroquinolone antibiotic	antibiotic efflux	major facilitator superfamily (MFS) antibiotic efflux pump	nalidixic acid	True	plasmid_like		0.7389	
annual_wastewater_2017_2025	2023_SRR37365438	k141_327241	k141_327241_3 # 1868 # 3040 # -1 # ID=172851_3;partial=00;start_type=ATG;rbs_motif=GGAG/GAGG;rbs_spacer=5-10bp;gc_cont=0.533	emrA	3000027	Strict	99.74	100.0	fluoroquinolone antibiotic	antibiotic efflux	major facilitator superfamily (MFS) antibiotic efflux pump	nalidixic acid	True	plasmid_like		0.7389	
annual_wastewater_2017_2025	2023_SRR37365438	k141_327241	k141_327241_4 # 3167 # 3697 # -1 # ID=172851_4;partial=00;start_type=ATG;rbs_motif=GGAG/GAGG;rbs_spacer=5-10bp;gc_cont=0.490	emrR	3000516	Perfect	100.0	100.0	fluoroquinolone antibiotic	antibiotic efflux	major facilitator superfamily (MFS) antibiotic efflux pump	nalidixic acid	True	plasmid_like		0.7389	
annual_wastewater_2017_2025	2023_SRR37365438	k141_504609	k141_504609_33 # 33319 # 35541 # -1 # ID=174270_33;partial=00;start_type=GTG;rbs_motif=AGGAG;rbs_spacer=5-10bp;gc_cont=0.642	vanW gene in vanI cluster	3003724	Strict	30.6	198.39	glycopeptide antibiotic	antibiotic target alteration	vanW; glycopeptide resistance gene cluster	vancomycin; teicoplanin	False	chromosome_like	1		
annual_wastewater_2017_2025	2023_SRR37365438	k141_1055196	k141_1055196_1 # 2 # 982 # -1 # ID=174846_1;partial=10;start_type=ATG;rbs_motif=GGA/GAG/AGG;rbs_spacer=5-10bp;gc_cont=0.509	catB3	3002676	Strict	98.56	155.71	phenicol antibiotic	antibiotic inactivation	chloramphenicol acetyltransferase (CAT)	azidamfenicol; chloramphenicol; thiamphenicol	False	chromosome_like	1		
annual_wastewater_2017_2025	2023_SRR37365438	k141_1424445	k141_1424445_5 # 2209 # 3861 # -1 # ID=175759_5;partial=00;start_type=ATG;rbs_motif=None;rbs_spacer=None;gc_cont=0.511	ArnT	3005053	Strict	63.7	99.82	peptide antibiotic	antibiotic target alteration	pmr phosphoethanolamine transferase	colistin A; colistin B	False	chromosome_like	1		
annual_wastewater_2017_2025	2023_SRR37365438	k141_505981	k141_505981_1 # 1 # 1857 # 1 # ID=175862_1;partial=11;start_type=Edge;rbs_motif=None;rbs_spacer=None;gc_cont=0.358	tet(44)	3000556	Strict	50.73	96.72	tetracycline antibiotic	antibiotic target protection	tetracycline-resistant ribosomal protection protein	tetracycline; doxycycline; minocycline; chlortetracycline; demeclocycline; oxytetracycline	False	chromosome_like	1		
annual_wastewater_2017_2025	2023_SRR37365438	k141_143656	k141_143656_5 # 3095 # 3916 # 1 # ID=176113_5;partial=00;start_type=ATG;rbs_motif=GGA/GAG/AGG;rbs_spacer=5-10bp;gc_cont=0.524	bacA	3002986	Perfect	100.0	100.0	peptide antibiotic	antibiotic target alteration	undecaprenyl pyrophosphate related proteins	bacitracin; bacitracin A; bacitracin B; bacitracin F	False	chromosome_like	1		
annual_wastewater_2017_2025	2023_SRR37365438	k141_1244080	k141_1244080_1 # 3 # 2513 # -1 # ID=176508_1;partial=10;start_type=ATG;rbs_motif=None;rbs_spacer=None;gc_cont=0.461	tet(Q)	3000191	Strict	29.8	127.4	tetracycline antibiotic	antibiotic target protection	tetracycline-resistant ribosomal protection protein	tetracycline; doxycycline; minocycline; chlortetracycline; demeclocycline; oxytetracycline	False	chromosome_like	1		
annual_wastewater_2017_2025	2023_SRR37365438	k141_506742	k141_506742_1 # 1 # 1149 # 1 # ID=176646_1;partial=10;start_type=Edge;rbs_motif=None;rbs_spacer=None;gc_cont=0.656	vanW gene in vanI cluster	3003724	Strict	39.52	102.41	glycopeptide antibiotic	antibiotic target alteration	vanW; glycopeptide resistance gene cluster	vancomycin; teicoplanin	False	chromosome_like	1		
annual_wastewater_2017_2025	2023_SRR37365438	k141_1425507	k141_1425507_1 # 189 # 1415 # -1 # ID=176881_1;partial=00;start_type=ATG;rbs_motif=GGA/GAG/AGG;rbs_spacer=5-10bp;gc_cont=0.311	EreD	3004608	Strict	95.59	100.0	macrolide antibiotic	antibiotic inactivation	macrolide esterase	erythromycin	False	chromosome_like	1		
annual_wastewater_2017_2025	2023_SRR37365438	k141_1425507	k141_1425507_2 # 1788 # 2651 # 1 # ID=176881_2;partial=00;start_type=ATG;rbs_motif=None;rbs_spacer=None;gc_cont=0.317	aadS	3004683	Perfect	100.0	100.0	aminoglycoside antibiotic	antibiotic inactivation	ANT(6)	streptomycin	False	chromosome_like	1		
annual_wastewater_2017_2025	2023_SRR37365438	k141_1058244	k141_1058244_2 # 739 # 1050 # -1 # ID=178345_2;partial=01;start_type=Edge;rbs_motif=None;rbs_spacer=None;gc_cont=0.510	Klebsiella pneumoniae KpnF	3004583	Strict	84.47	94.5	macrolide antibiotic; aminoglycoside antibiotic; cephalosporin; tetracycline antibiotic; peptide antibiotic; rifamycin antibiotic; disinfecting agents and antiseptics	antibiotic efflux	small multidrug resistance (SMR) antibiotic efflux pump	erythromycin; streptomycin; tetracycline; cefepime; ceftriaxone; rifampin; colistin A; colistin B; triclosan; benzalkonium chloride; chlorhexidine	False	chromosome_like	1		
annual_wastewater_2017_2025	2023_SRR37365438	k141_508322	k141_508322_8 # 4544 # 5254 # -1 # ID=178380_8;partial=01;start_type=Edge;rbs_motif=None;rbs_spacer=None;gc_cont=0.349	tetB(P)	3000195	Strict	83.05	36.2	tetracycline antibiotic	antibiotic target protection	tetracycline-resistant ribosomal protection protein	tetracycline; doxycycline; minocycline; chlortetracycline; demeclocycline; oxytetracycline	True	plasmid_like		0.9604	
annual_wastewater_2017_2025	2023_SRR37365438	k141_1246268	k141_1246268_1 # 600 # 1400 # -1 # ID=179017_1;partial=00;start_type=ATG;rbs_motif=AGGA;rbs_spacer=5-10bp;gc_cont=0.496	OXA-119	3001775	Perfect	100.0	100.0	carbapenem; cephalosporin; penam	antibiotic inactivation	OXA beta-lactamase	cloxacillin; oxacillin; cefalotin	False	chromosome_like	1		
annual_wastewater_2017_2025	2023_SRR37365438	k141_146523	k141_146523_4 # 2068 # 3792 # -1 # ID=179019_4;partial=01;start_type=Edge;rbs_motif=None;rbs_spacer=None;gc_cont=0.684	vanW gene in vanI cluster	3003724	Strict	35.16	153.89	glycopeptide antibiotic	antibiotic target alteration	vanW; glycopeptide resistance gene cluster	vancomycin; teicoplanin	False	chromosome_like	1		
annual_wastewater_2017_2025	2023_SRR37365438	k141_1058742	k141_1058742_5 # 4023 # 4862 # -1 # ID=179106_5;partial=00;start_type=GTG;rbs_motif=GGA/GAG/AGG;rbs_spacer=5-10bp;gc_cont=0.688	vanY gene in vanA cluster	3002955	Strict	36.49	92.08	glycopeptide antibiotic	antibiotic target alteration	vanY; glycopeptide resistance gene cluster	vancomycin; teicoplanin	False	chromosome_like	1		
annual_wastewater_2017_2025	2023_SRR37365438	k141_1059535	k141_1059535_16 # 15007 # 18126 # 1 # ID=179981_16;partial=00;start_type=ATG;rbs_motif=GGAG/GAGG;rbs_spacer=5-10bp;gc_cont=0.675	adeF	3000777	Strict	44.24	98.11	fluoroquinolone antibiotic; tetracycline antibiotic	antibiotic efflux	resistance-nodulation-cell division (RND) antibiotic efflux pump	tetracycline	False	chromosome_like	1		
annual_wastewater_2017_2025	2023_SRR37365438	k141_147696	k141_147696_3 # 2227 # 2634 # -1 # ID=180308_3;partial=00;start_type=ATG;rbs_motif=AGxAGG/AGGxGG;rbs_spacer=5-10bp;gc_cont=0.632	FosA8	3007371	Strict	61.03	95.74	phosphonic acid antibiotic	antibiotic inactivation	fosfomycin thiol transferase	fosfomycin	True	plasmid_like		0.9221	
annual_wastewater_2017_2025	2023_SRR37365438	k141_1429382	k141_1429382_3 # 1466 # 2692 # 1 # ID=180833_3;partial=00;start_type=ATG;rbs_motif=GGA/GAG/AGG;rbs_spacer=5-10bp;gc_cont=0.521	mdtG	3001329	Perfect	100.0	100.0	phosphonic acid antibiotic	antibiotic efflux	major facilitator superfamily (MFS) antibiotic efflux pump	fosfomycin	False	chromosome_like	1		
annual_wastewater_2017_2025	2023_SRR37365438	k141_335489	k141_335489_2 # 208 # 789 # 1 # ID=181905_2;partial=00;start_type=ATG;rbs_motif=None;rbs_spacer=None;gc_cont=0.536	AAC(6')-IIc	3002596	Perfect	100.0	100.0	aminoglycoside antibiotic	antibiotic inactivation	AAC(6')	dibekacin; sisomicin; netilmicin; tobramycin; 2'-N-ethylnetilmicin; 5-episisomicin; gentamicin	False	chromosome_like	1		
annual_wastewater_2017_2025	2023_SRR37365438	k141_335498	k141_335498_1 # 101 # 1327 # -1 # ID=181921_1;partial=00;start_type=ATG;rbs_motif=AGGA;rbs_spacer=5-10bp;gc_cont=0.500	EreA2	3002826	Perfect	100.0	100.0	macrolide antibiotic	antibiotic inactivation	macrolide esterase	erythromycin	False	chromosome_like	1		
annual_wastewater_2017_2025	2023_SRR37365438	k141_149743	k141_149743_3 # 5040 # 8306 # 1 # ID=182400_3;partial=00;start_type=ATG;rbs_motif=AGGAG;rbs_spacer=5-10bp;gc_cont=0.644	adeF	3000777	Strict	42.09	102.74	fluoroquinolone antibiotic; tetracycline antibiotic	antibiotic efflux	resistance-nodulation-cell division (RND) antibiotic efflux pump	tetracycline	False	chromosome_like	1		
annual_wastewater_2017_2025	2023_SRR37365438	k141_1250249	k141_1250249_1 # 2 # 568 # 1 # ID=183596_1;partial=10;start_type=Edge;rbs_motif=None;rbs_spacer=None;gc_cont=0.459	qacG	3007015	Strict	41.35	175.7	disinfecting agents and antiseptics	antibiotic efflux	small multidrug resistance (SMR) antibiotic efflux pump	benzalkonium chloride	False	chromosome_like	1		
annual_wastewater_2017_2025	2023_SRR37365438	k141_1063350	k141_1063350_2 # 299 # 862 # 1 # ID=184371_2;partial=00;start_type=ATG;rbs_motif=AGxAGG/AGGxGG;rbs_spacer=5-10bp;gc_cont=0.541	vanY gene in vanF cluster	3002958	Strict	35.96	63.82	glycopeptide antibiotic	antibiotic target alteration	vanY; glycopeptide resistance gene cluster	vancomycin	False	chromosome_like	1		
annual_wastewater_2017_2025	2023_SRR37365438	k141_1433360	k141_1433360_2 # 1246 # 2466 # -1 # ID=184887_2;partial=00;start_type=ATG;rbs_motif=None;rbs_spacer=None;gc_cont=0.468	vanT gene in vanG cluster	3002972	Strict	37.6	57.02	glycopeptide antibiotic	antibiotic target alteration	glycopeptide resistance gene cluster; vanT	vancomycin	False	chromosome_like	1		
annual_wastewater_2017_2025	2023_SRR37365438	k141_338203	k141_338203_7 # 4986 # 6458 # -1 # ID=184927_7;partial=00;start_type=ATG;rbs_motif=AGGA;rbs_spacer=5-10bp;gc_cont=0.458	vanW gene in vanI cluster	3003724	Strict	33.33	131.37	glycopeptide antibiotic	antibiotic target alteration	vanW; glycopeptide resistance gene cluster	vancomycin; teicoplanin	False	chromosome_like	1		
annual_wastewater_2017_2025	2023_SRR37365438	k141_153929	k141_153929_1 # 2 # 1021 # -1 # ID=186875_1;partial=10;start_type=ATG;rbs_motif=AGGAG;rbs_spacer=5-10bp;gc_cont=0.272	vanT gene in vanG cluster	3002972	Strict	36.86	47.75	glycopeptide antibiotic	antibiotic target alteration	glycopeptide resistance gene cluster; vanT	vancomycin	False	chromosome_like	1		
annual_wastewater_2017_2025	2023_SRR37365438	k141_154075	k141_154075_1 # 2 # 802 # 1 # ID=187040_1;partial=10;start_type=Edge;rbs_motif=None;rbs_spacer=None;gc_cont=0.424	vanY gene in vanB cluster	3002956	Strict	39.59	99.25	glycopeptide antibiotic	antibiotic target alteration	vanY; glycopeptide resistance gene cluster	vancomycin	False	chromosome_like	1		
annual_wastewater_2017_2025	2023_SRR37365438	k141_1065956	k141_1065956_1 # 2 # 2413 # 1 # ID=187200_1;partial=11;start_type=Edge;rbs_motif=None;rbs_spacer=None;gc_cont=0.488	vanT gene in vanG cluster	3002972	Strict	34.54	112.92	glycopeptide antibiotic	antibiotic target alteration	glycopeptide resistance gene cluster; vanT	vancomycin	False	chromosome_like	1		
annual_wastewater_2017_2025	2023_SRR37365438	k141_1257469	k141_1257469_1 # 2 # 1819 # -1 # ID=191216_1;partial=11;start_type=Edge;rbs_motif=None;rbs_spacer=None;gc_cont=0.663	adeF	3000777	Strict	66.56	57.22	fluoroquinolone antibiotic; tetracycline antibiotic	antibiotic efflux	resistance-nodulation-cell division (RND) antibiotic efflux pump	tetracycline	False	chromosome_like	1		
annual_wastewater_2017_2025	2023_SRR37365438	k141_521492	k141_521492_2 # 295 # 1113 # 1 # ID=192285_2;partial=00;start_type=ATG;rbs_motif=AGxAGG/AGGxGG;rbs_spacer=5-10bp;gc_cont=0.639	vanY gene in vanB cluster	3002956	Strict	32.95	101.49	glycopeptide antibiotic	antibiotic target alteration	vanY; glycopeptide resistance gene cluster	vancomycin	False	chromosome_like	1		
annual_wastewater_2017_2025	2023_SRR37365438	k141_893403	k141_893403_5 # 2591 # 3481 # -1 # ID=193761_5;partial=00;start_type=ATG;rbs_motif=TAAA;rbs_spacer=12bp;gc_cont=0.485	CblA-1	3002999	Strict	99.66	100.0	cephalosporin	antibiotic inactivation	CblA beta-lactamase	cephaloridine	False	chromosome_like	1		
annual_wastewater_2017_2025	2023_SRR37365438	k141_160947	k141_160947_2 # 1450 # 1782 # -1 # ID=193967_2;partial=00;start_type=ATG;rbs_motif=None;rbs_spacer=None;gc_cont=0.625	qacJ	3007014	Strict	33.33	102.8	disinfecting agents and antiseptics	antibiotic efflux	small multidrug resistance (SMR) antibiotic efflux pump	benzalkonium chloride	False	chromosome_like	1		
annual_wastewater_2017_2025	2023_SRR37365438	k141_1072221	k141_1072221_3 # 1299 # 2468 # -1 # ID=194035_3;partial=00;start_type=ATG;rbs_motif=None;rbs_spacer=None;gc_cont=0.474	vanT gene in vanG cluster	3002972	Strict	31.54	54.63	glycopeptide antibiotic	antibiotic target alteration	glycopeptide resistance gene cluster; vanT	vancomycin	False	chromosome_like	1		
annual_wastewater_2017_2025	2023_SRR37365438	k141_523421	k141_523421_4 # 2450 # 3658 # 1 # ID=194269_4;partial=00;start_type=ATG;rbs_motif=GGAGG;rbs_spacer=3-4bp;gc_cont=0.556	mdtH	3001216	Perfect	100.0	100.0	fluoroquinolone antibiotic	antibiotic efflux	major facilitator superfamily (MFS) antibiotic efflux pump	enoxacin; norfloxacin	True	plasmid_like		0.7874	
annual_wastewater_2017_2025	2023_SRR37365438	k141_348117	k141_348117_1 # 1 # 1143 # 1 # ID=195150_1;partial=10;start_type=Edge;rbs_motif=None;rbs_spacer=None;gc_cont=0.437	ugd	3003577	Strict	98.95	97.94	peptide antibiotic	antibiotic target alteration	pmr phosphoethanolamine transferase	polymyxin B	False	chromosome_like	1		
annual_wastewater_2017_2025	2023_SRR37365438	k141_895061	k141_895061_2 # 487 # 819 # 1 # ID=195443_2;partial=00;start_type=ATG;rbs_motif=GGA/GAG/AGG;rbs_spacer=5-10bp;gc_cont=0.607	qacG	3007015	Strict	54.81	102.8	disinfecting agents and antiseptics	antibiotic efflux	small multidrug resistance (SMR) antibiotic efflux pump	benzalkonium chloride	False	chromosome_like	1		
annual_wastewater_2017_2025	2023_SRR37365438	k141_524720	k141_524720_2 # 1291 # 1953 # -1 # ID=195594_2;partial=00;start_type=ATG;rbs_motif=AATAA;rbs_spacer=6bp;gc_cont=0.440	AcrS	3000656	Perfect	100.0	100.0	fluoroquinolone antibiotic; cephalosporin; glycylcycline; cephamycin; penam; tetracycline antibiotic; rifamycin antibiotic; phenicol antibiotic; disinfecting agents and antiseptics	antibiotic efflux	resistance-nodulation-cell division (RND) antibiotic efflux pump	tigecycline; ciprofloxacin; tetracycline; rifampin; chloramphenicol; ampicillin; cefalotin; triclosan	False	chromosome_like	1		
annual_wastewater_2017_2025	2023_SRR37365438	k141_1073656	k141_1073656_3 # 1359 # 1853 # 1 # ID=195654_3;partial=00;start_type=ATG;rbs_motif=GGAG/GAGG;rbs_spacer=5-10bp;gc_cont=0.335	lnuC	3002837	Strict	98.17	100.0	lincosamide antibiotic	antibiotic inactivation	lincosamide nucleotidyltransferase (LNU)	lincomycin	False	chromosome_like	1		
annual_wastewater_2017_2025	2023_SRR37365438	k141_349522	k141_349522_1 # 2 # 985 # 1 # ID=196708_1;partial=10;start_type=Edge;rbs_motif=None;rbs_spacer=None;gc_cont=0.410	CARB-3	3002242	Strict	99.67	107.57	penam	antibiotic inactivation	CARB beta-lactamase		False	chromosome_like	1		
annual_wastewater_2017_2025	2023_SRR37365438	k141_1262315	k141_1262315_1 # 3 # 392 # 1 # ID=196789_1;partial=10;start_type=Edge;rbs_motif=None;rbs_spacer=None;gc_cont=0.664	qacG	3007015	Strict	41.35	120.56	disinfecting agents and antiseptics	antibiotic efflux	small multidrug resistance (SMR) antibiotic efflux pump	benzalkonium chloride	False	chromosome_like	1		
annual_wastewater_2017_2025	2023_SRR37365438	k141_1447045	k141_1447045_1 # 3 # 890 # -1 # ID=198852_1;partial=10;start_type=ATG;rbs_motif=None;rbs_spacer=None;gc_cont=0.536	vanW gene in vanI cluster	3003724	Strict	46.39	79.36	glycopeptide antibiotic	antibiotic target alteration	vanW; glycopeptide resistance gene cluster	vancomycin; teicoplanin	False	chromosome_like	1		
annual_wastewater_2017_2025	2023_SRR37365438	k141_1076779	k141_1076779_1 # 1 # 1134 # -1 # ID=199133_1;partial=10;start_type=GTG;rbs_motif=GGA/GAG/AGG;rbs_spacer=5-10bp;gc_cont=0.425	emrK	3000206	Strict	100.0	107.69	tetracycline antibiotic	antibiotic efflux	major facilitator superfamily (MFS) antibiotic efflux pump	tetracycline	False	chromosome_like	1		
annual_wastewater_2017_2025	2023_SRR37365438	k141_898968	k141_898968_1 # 2 # 1021 # 1 # ID=199678_1;partial=10;start_type=Edge;rbs_motif=None;rbs_spacer=None;gc_cont=0.612	ArnT	3005053	Strict	99.71	61.52	peptide antibiotic	antibiotic target alteration	pmr phosphoethanolamine transferase	colistin A; colistin B	False	chromosome_like	1		
annual_wastewater_2017_2025	2023_SRR37365438	k141_530008	k141_530008_2 # 186 # 728 # -1 # ID=201189_2;partial=00;start_type=GTG;rbs_motif=AGxAGG/AGGxGG;rbs_spacer=5-10bp;gc_cont=0.379	SAT-4	3002897	Strict	99.44	100.0	nucleoside antibiotic	antibiotic inactivation	streptothricin acetyltransferase (SAT)	streptothricin	False	chromosome_like	1		
annual_wastewater_2017_2025	2023_SRR37365438	k141_900429	k141_900429_1 # 41 # 3145 # -1 # ID=201310_1;partial=00;start_type=ATG;rbs_motif=AGGAG;rbs_spacer=5-10bp;gc_cont=0.643	adeF	3000777	Strict	48.94	97.64	fluoroquinolone antibiotic; tetracycline antibiotic	antibiotic efflux	resistance-nodulation-cell division (RND) antibiotic efflux pump	tetracycline	False	chromosome_like	1		
annual_wastewater_2017_2025	2023_SRR37365438	k141_530202	k141_530202_2 # 419 # 751 # -1 # ID=201426_2;partial=00;start_type=ATG;rbs_motif=None;rbs_spacer=None;gc_cont=0.637	qacG	3007015	Strict	43.4	102.8	disinfecting agents and antiseptics	antibiotic efflux	small multidrug resistance (SMR) antibiotic efflux pump	benzalkonium chloride	False	chromosome_like	1		
annual_wastewater_2017_2025	2023_SRR37365438	k141_1450071	k141_1450071_1 # 155 # 1357 # 1 # ID=202214_1;partial=01;start_type=ATG;rbs_motif=AGGA;rbs_spacer=5-10bp;gc_cont=0.433	vanW gene in vanI cluster	3003724	Strict	31.93	107.51	glycopeptide antibiotic	antibiotic target alteration	vanW; glycopeptide resistance gene cluster	vancomycin; teicoplanin	False	chromosome_like	1		
annual_wastewater_2017_2025	2023_SRR37365438	k141_354744	k141_354744_1 # 2 # 1498 # 1 # ID=202449_1;partial=10;start_type=Edge;rbs_motif=None;rbs_spacer=None;gc_cont=0.464	vanT gene in vanG cluster	3002972	Strict	34.69	69.94	glycopeptide antibiotic	antibiotic target alteration	glycopeptide resistance gene cluster; vanT	vancomycin	False	chromosome_like	1		
annual_wastewater_2017_2025	2023_SRR37365438	k141_355203	k141_355203_4 # 4244 # 5887 # 1 # ID=203009_4;partial=00;start_type=ATG;rbs_motif=GGA/GAG/AGG;rbs_spacer=5-10bp;gc_cont=0.495	eptA	3003576	Strict	99.45	100.0	peptide antibiotic	antibiotic target alteration	pmr phosphoethanolamine transferase	polymyxin B	True	plasmid_like		0.923	
annual_wastewater_2017_2025	2023_SRR37365438	k141_531816	k141_531816_2 # 479 # 2023 # -1 # ID=203050_2;partial=00;start_type=ATG;rbs_motif=None;rbs_spacer=None;gc_cont=0.568	Klebsiella pneumoniae KpnH	3004597	Strict	68.12	100.39	macrolide antibiotic; fluoroquinolone antibiotic; aminoglycoside antibiotic; carbapenem; cephalosporin; penam; peptide antibiotic; penem	antibiotic efflux	major facilitator superfamily (MFS) antibiotic efflux pump	erythromycin; gentamicin C; ciprofloxacin; spectinomycin; streptomycin; tobramycin; ceftazidime; ertapenem; piperacillin; azithromycin; imipenem; polymyxin B; polymyxin B1; polymyxin B2; polymyxin B3; polymyxin B4; norfloxacin; ticarcillin; gentamicin	False	chromosome_like	1		
annual_wastewater_2017_2025	2023_SRR37365438	k141_1451032	k141_1451032_2 # 499 # 2964 # -1 # ID=203221_2;partial=00;start_type=ATG;rbs_motif=AAAA;rbs_spacer=11bp;gc_cont=0.454	vanT gene in vanG cluster	3002972	Strict	34.42	115.31	glycopeptide antibiotic	antibiotic target alteration	glycopeptide resistance gene cluster; vanT	vancomycin	False	chromosome_like	1		
annual_wastewater_2017_2025	2023_SRR37365438	k141_1451306	k141_1451306_2 # 554 # 1333 # -1 # ID=203548_2;partial=00;start_type=ATG;rbs_motif=GGAG/GAGG;rbs_spacer=5-10bp;gc_cont=0.447	ANT(3'')-IIc	3004091	Strict	99.23	100.0	aminoglycoside antibiotic	antibiotic inactivation	ANT(3'')	spectinomycin; streptomycin	False	chromosome_like	1		
annual_wastewater_2017_2025	2023_SRR37365438	k141_1273520	k141_1273520_6 # 6522 # 6854 # 1 # ID=208123_6;partial=00;start_type=ATG;rbs_motif=AGGAGG;rbs_spacer=5-10bp;gc_cont=0.514	qacG	3007015	Strict	52.88	102.8	disinfecting agents and antiseptics	antibiotic efflux	small multidrug resistance (SMR) antibiotic efflux pump	benzalkonium chloride	True	plasmid_like		0.895	
annual_wastewater_2017_2025	2023_SRR37365438	k141_1085299	k141_1085299_2 # 209 # 1108 # -1 # ID=208285_2;partial=01;start_type=Edge;rbs_motif=None;rbs_spacer=None;gc_cont=0.428	tet(32)	3000196	Strict	99.33	46.79	tetracycline antibiotic	antibiotic target protection	tetracycline-resistant ribosomal protection protein	tetracycline; doxycycline; minocycline; chlortetracycline; demeclocycline; oxytetracycline	False	chromosome_like	1		
annual_wastewater_2017_2025	2023_SRR37365438	k141_537663	k141_537663_7 # 6473 # 6961 # -1 # ID=208741_7;partial=00;start_type=ATG;rbs_motif=GGA/GAG/AGG;rbs_spacer=5-10bp;gc_cont=0.554	dfrA3	3003105	Strict	91.98	100.0	diaminopyrimidine antibiotic	antibiotic target replacement	trimethoprim resistant dihydrofolate reductase dfr	trimethoprim	False	chromosome_like	1		
annual_wastewater_2017_2025	2023_SRR37365438	k141_176299	k141_176299_68 # 79517 # 82726 # -1 # ID=208742_68;partial=00;start_type=ATG;rbs_motif=GGAG/GAGG;rbs_spacer=5-10bp;gc_cont=0.674	adeF	3000777	Strict	60.09	100.94	fluoroquinolone antibiotic; tetracycline antibiotic	antibiotic efflux	resistance-nodulation-cell division (RND) antibiotic efflux pump	tetracycline	False	chromosome_like	1		
annual_wastewater_2017_2025	2023_SRR37365438	k141_176985	k141_176985_1 # 3 # 1073 # -1 # ID=209431_1;partial=11;start_type=Edge;rbs_motif=None;rbs_spacer=None;gc_cont=0.612	vanW gene in vanI cluster	3003724	Strict	32.8	95.71	glycopeptide antibiotic	antibiotic target alteration	vanW; glycopeptide resistance gene cluster	vancomycin; teicoplanin	False	chromosome_like	1		
annual_wastewater_2017_2025	2023_SRR37365438	k141_177407	k141_177407_3 # 1257 # 1583 # -1 # ID=209791_3;partial=00;start_type=ATG;rbs_motif=GGAG/GAGG;rbs_spacer=5-10bp;gc_cont=0.636	qacG	3007015	Strict	36.89	100.93	disinfecting agents and antiseptics	antibiotic efflux	small multidrug resistance (SMR) antibiotic efflux pump	benzalkonium chloride	False	chromosome_like	1		
annual_wastewater_2017_2025	2023_SRR37365438	k141_539671	k141_539671_2 # 213 # 1124 # 1 # ID=210551_2;partial=00;start_type=ATG;rbs_motif=None;rbs_spacer=None;gc_cont=0.559	vanY gene in vanB cluster	3002956	Strict	38.42	113.06	glycopeptide antibiotic	antibiotic target alteration	vanY; glycopeptide resistance gene cluster	vancomycin	False	chromosome_like	1		
annual_wastewater_2017_2025	2023_SRR37365438	k141_1458603	k141_1458603_5 # 6059 # 9199 # 1 # ID=210717_5;partial=00;start_type=ATG;rbs_motif=AGxAGG/AGGxGG;rbs_spacer=3-4bp;gc_cont=0.632	adeF	3000777	Strict	44.12	98.77	fluoroquinolone antibiotic; tetracycline antibiotic	antibiotic efflux	resistance-nodulation-cell division (RND) antibiotic efflux pump	tetracycline	False	chromosome_like	1		
annual_wastewater_2017_2025	2023_SRR37365438	k141_178541	k141_178541_2 # 299 # 1438 # -1 # ID=210813_2;partial=00;start_type=ATG;rbs_motif=None;rbs_spacer=None;gc_cont=0.375	tet(X1)	3005166	Strict	99.72	105.57	tetracycline antibiotic	antibiotic inactivation	tetracycline inactivation enzyme	tetracycline; minocycline; oxytetracycline	False	chromosome_like	1		
annual_wastewater_2017_2025	2023_SRR37365438	k141_541027	k141_541027_3 # 2740 # 3771 # 1 # ID=211758_3;partial=00;start_type=ATG;rbs_motif=GGA/GAG/AGG;rbs_spacer=5-10bp;gc_cont=0.558	mdtN	3003548	Perfect	100.0	100.0	nucleoside antibiotic; disinfecting agents and antiseptics	antibiotic efflux	major facilitator superfamily (MFS) antibiotic efflux pump	acriflavine; puromycin	True	plasmid_like		0.8545	
annual_wastewater_2017_2025	2023_SRR37365438	k141_541027	k141_541027_4 # 3771 # 5822 # 1 # ID=211758_4;partial=00;start_type=ATG;rbs_motif=GGA/GAG/AGG;rbs_spacer=5-10bp;gc_cont=0.547	mdtO	3003549	Strict	99.41	100.0	nucleoside antibiotic; disinfecting agents and antiseptics	antibiotic efflux	major facilitator superfamily (MFS) antibiotic efflux pump	acriflavine; puromycin	True	plasmid_like		0.8545	
annual_wastewater_2017_2025	2023_SRR37365438	k141_541027	k141_541027_5 # 5819 # 7285 # 1 # ID=211758_5;partial=00;start_type=ATG;rbs_motif=AGGAG;rbs_spacer=5-10bp;gc_cont=0.560	mdtP	3003550	Strict	98.36	100.0	nucleoside antibiotic; disinfecting agents and antiseptics	antibiotic efflux	major facilitator superfamily (MFS) antibiotic efflux pump	acriflavine; puromycin	True	plasmid_like		0.8545	
annual_wastewater_2017_2025	2023_SRR37365438	k141_1091016	k141_1091016_1 # 336 # 950 # 1 # ID=213613_1;partial=00;start_type=ATG;rbs_motif=AATAA;rbs_spacer=3bp;gc_cont=0.400	evgA	3000832	Perfect	100.0	100.0	macrolide antibiotic; fluoroquinolone antibiotic; penam; tetracycline antibiotic	antibiotic efflux	major facilitator superfamily (MFS) antibiotic efflux pump; resistance-nodulation-cell division (RND) antibiotic efflux pump	erythromycin; cloxacillin; tetracycline; oxacillin; norfloxacin	False	chromosome_like	1		
annual_wastewater_2017_2025	2023_SRR37365438	k141_1462499	k141_1462499_4 # 1273 # 2109 # -1 # ID=214393_4;partial=00;start_type=ATG;rbs_motif=None;rbs_spacer=None;gc_cont=0.559	APH(6)-Id	3002660	Strict	99.64	100.0	aminoglycoside antibiotic	antibiotic inactivation	APH(6)	streptomycin	True	plasmid_like		0.9886	
annual_wastewater_2017_2025	2023_SRR37365438	k141_1462499	k141_1462499_5 # 2109 # 2912 # -1 # ID=214393_5;partial=00;start_type=TTG;rbs_motif=AGGA;rbs_spacer=5-10bp;gc_cont=0.562	APH(3'')-Ib	3002639	Strict	99.63	100.0	aminoglycoside antibiotic	antibiotic inactivation	APH(3'')	streptomycin	True	plasmid_like		0.9886	
annual_wastewater_2017_2025	2023_SRR37365438	k141_1281172	k141_1281172_2 # 193 # 990 # -1 # ID=214988_2;partial=00;start_type=ATG;rbs_motif=None;rbs_spacer=None;gc_cont=0.406	vanY gene in vanB cluster	3002956	Strict	29.56	98.88	glycopeptide antibiotic	antibiotic target alteration	vanY; glycopeptide resistance gene cluster	vancomycin	False	chromosome_like	1		
annual_wastewater_2017_2025	2023_SRR37365438	k141_182633	k141_182633_12 # 13766 # 15721 # -1 # ID=215314_12;partial=00;start_type=ATG;rbs_motif=GGA/GAG/AGG;rbs_spacer=5-10bp;gc_cont=0.688	vanW gene in vanG cluster	3002965	Strict	31.25	231.67	glycopeptide antibiotic	antibiotic target alteration	vanW; glycopeptide resistance gene cluster	vancomycin	False	chromosome_like	1		
annual_wastewater_2017_2025	2023_SRR37365438	k141_1282252	k141_1282252_1 # 80 # 265 # -1 # ID=215829_1;partial=00;start_type=ATG;rbs_motif=AGGAG;rbs_spacer=5-10bp;gc_cont=0.495	rsmA	3005069	Strict	83.61	100.0	fluoroquinolone antibiotic; diaminopyrimidine antibiotic; phenicol antibiotic	antibiotic efflux	resistance-nodulation-cell division (RND) antibiotic efflux pump	trimethoprim; chloramphenicol	False	chromosome_like	1		
annual_wastewater_2017_2025	2023_SRR37365438	k141_1465511	k141_1465511_11 # 6041 # 6385 # 1 # ID=216610_11;partial=00;start_type=ATG;rbs_motif=GGAG/GAGG;rbs_spacer=5-10bp;gc_cont=0.545	qacJ	3007014	Strict	46.15	106.54	disinfecting agents and antiseptics	antibiotic efflux	small multidrug resistance (SMR) antibiotic efflux pump	benzalkonium chloride	True	plasmid_like		0.9947	
annual_wastewater_2017_2025	2023_SRR37365438	k141_1465540	k141_1465540_2 # 832 # 1167 # 1 # ID=216657_2;partial=00;start_type=ATG;rbs_motif=TAA;rbs_spacer=15bp;gc_cont=0.387	qacG	3007015	Strict	49.5	103.74	disinfecting agents and antiseptics	antibiotic efflux	small multidrug resistance (SMR) antibiotic efflux pump	benzalkonium chloride	True	plasmid_like		0.9933	
annual_wastewater_2017_2025	2023_SRR37365438	k141_549572	k141_549572_1 # 311 # 1468 # 1 # ID=217264_1;partial=00;start_type=ATG;rbs_motif=GGAG/GAGG;rbs_spacer=5-10bp;gc_cont=0.524	AcrE	3000499	Perfect	100.0	100.0	fluoroquinolone antibiotic; cephalosporin; cephamycin; penam	antibiotic efflux	resistance-nodulation-cell division (RND) antibiotic efflux pump	ciprofloxacin	True	plasmid_like		0.8864	
annual_wastewater_2017_2025	2023_SRR37365438	k141_549572	k141_549572_2 # 1480 # 4584 # 1 # ID=217264_2;partial=00;start_type=ATG;rbs_motif=GGA/GAG/AGG;rbs_spacer=5-10bp;gc_cont=0.515	AcrF	3000502	Strict	99.52	100.0	fluoroquinolone antibiotic; cephalosporin; cephamycin; penam	antibiotic efflux	resistance-nodulation-cell division (RND) antibiotic efflux pump	ciprofloxacin	True	plasmid_like		0.8864	
annual_wastewater_2017_2025	2023_SRR37365438	k141_1098845	k141_1098845_6 # 3663 # 4406 # 1 # ID=217442_6;partial=00;start_type=ATG;rbs_motif=None;rbs_spacer=None;gc_cont=0.367	vanY gene in vanB cluster	3002956	Strict	60.45	92.16	glycopeptide antibiotic	antibiotic target alteration	vanY; glycopeptide resistance gene cluster	vancomycin	False	chromosome_like	1		
annual_wastewater_2017_2025	2023_SRR37365438	k141_741719	k141_741719_5 # 2972 # 4324 # -1 # ID=11261_5;partial=00;start_type=ATG;rbs_motif=AGGAG;rbs_spacer=5-10bp;gc_cont=0.566	Escherichia coli GlpT with mutation conferring resistance to fosfomycin	3003889	Strict	92.87	99.56	phosphonic acid antibiotic	antibiotic target alteration	antibiotic-resistant GlpT	fosfomycin	False	chromosome_like	1		
annual_wastewater_2017_2025	2023_SRR37365438	k141_891419	k141_891419_1 # 49 # 2268 # 1 # ID=191607_1;partial=00;start_type=ATG;rbs_motif=3Base/5BMM;rbs_spacer=13-15bp;gc_cont=0.427	Acinetobacter baumannii parC conferring resistance to fluoroquinolones	3003818	Strict	99.32	100.0	fluoroquinolone antibiotic	antibiotic target alteration	fluoroquinolone resistant parC	enoxacin; ciprofloxacin; levofloxacin; moxifloxacin; gatifloxacin; lomefloxacin; nalidixic acid; norfloxacin; ofloxacin; trovafloxacin; grepafloxacin; sparfloxacin; pefloxacin	False	chromosome_like	1		
annual_wastewater_2017_2025	2023_SRR37365438	k141_720805	k141_720805_4 # 4113 # 5552 # -1 # ID=193854_4;partial=00;start_type=GTG;rbs_motif=AGGAG/GGAGG;rbs_spacer=11-12bp;gc_cont=0.646	Mycobacterium tuberculosis folC with mutation conferring resistance to para-aminosalicylic acid	3004157	Strict	67.77	98.36	salicylic acid antibiotic	antibiotic target alteration	aminosalicylate resistant dihydrofolate synthase	para-aminosalicylic acid	False	chromosome_like	1		
