set	sample_id	contig_id	ORF_ID	Best_Hit_ARO	ARO	Cut_Off	Best_Identities	Percentage_Length_of_Reference_Sequence	Drug_Class	Resistance_Mechanism	AMR_Gene_Family	Antibiotic	matched_to_genomad	genomad_context	chromosome_score	plasmid_score	virus_score
batch02	ERR1713349	k141_428043	k141_428043_3 # 1178 # 2272 # 1 # ID=5_3;partial=00;start_type=ATG;rbs_motif=GGA/GAG/AGG;rbs_spacer=5-10bp;gc_cont=0.517	vanG	3002909	Strict	38.23	104.30	glycopeptide antibiotic	antibiotic target alteration	glycopeptide resistance gene cluster; Van ligase	vancomycin	yes	plasmid_like	0.0877	0.8432	0.0691
batch02	ERR1713349	k141_82	k141_82_2 # 961 # 1290 # 1 # ID=123_2;partial=00;start_type=ATG;rbs_motif=None;rbs_spacer=None;gc_cont=0.545	qacG	3007015	Strict	40.57	101.87	disinfecting agents and antiseptics	antibiotic efflux	small multidrug resistance (SMR) antibiotic efflux pump	benzalkonium chloride	yes	chromosome_like	0.9105	0.0662	0.0233
batch02	ERR1713349	k141_856283	k141_856283_2 # 538 # 882 # 1 # ID=311_2;partial=00;start_type=ATG;rbs_motif=GGA/GAG/AGG;rbs_spacer=5-10bp;gc_cont=0.380	qacG	3007015	Strict	48.11	106.54	disinfecting agents and antiseptics	antibiotic efflux	small multidrug resistance (SMR) antibiotic efflux pump	benzalkonium chloride	yes	plasmid_like	0.1364	0.8236	0.0400
batch02	ERR1713349	k141_571438	k141_571438_2 # 202 # 1065 # -1 # ID=873_2;partial=00;start_type=ATG;rbs_motif=GGA/GAG/AGG;rbs_spacer=5-10bp;gc_cont=0.534	GES-5	3002334	Perfect	100.0	100.00	carbapenem; cephalosporin; penam	antibiotic inactivation	GES beta-lactamase		yes	plasmid_like	0.1715	0.6787	0.1498
batch02	ERR1713349	k141_428870	k141_428870_3 # 768 # 1298 # 1 # ID=1316_3;partial=00;start_type=ATG;rbs_motif=GGAG/GAGG;rbs_spacer=5-10bp;gc_cont=0.493	emrR	3000516	Strict	97.73	100.00	fluoroquinolone antibiotic	antibiotic efflux	major facilitator superfamily (MFS) antibiotic efflux pump	nalidixic acid	yes	plasmid_like	0.1568	0.7046	0.1386
batch02	ERR1713349	k141_574098	k141_574098_3 # 1606 # 1950 # -1 # ID=5170_3;partial=00;start_type=ATG;rbs_motif=GGA/GAG/AGG;rbs_spacer=5-10bp;gc_cont=0.400	qacG	3007015	Strict	50.0	106.54	disinfecting agents and antiseptics	antibiotic efflux	small multidrug resistance (SMR) antibiotic efflux pump	benzalkonium chloride	yes	chromosome_like	0.5126	0.4116	0.0757
batch02	ERR1713349	k141_1001772	k141_1001772_2 # 1355 # 1540 # 1 # ID=5292_2;partial=00;start_type=ATG;rbs_motif=AGGAG;rbs_spacer=5-10bp;gc_cont=0.478	rsmA	3005069	Strict	85.25	100.00	fluoroquinolone antibiotic; diaminopyrimidine antibiotic; phenicol antibiotic	antibiotic efflux	resistance-nodulation-cell division (RND) antibiotic efflux pump	trimethoprim; chloramphenicol	yes	plasmid_like	0.1350	0.7402	0.1248
batch02	ERR1713349	k141_716795	k141_716795_6 # 8523 # 11084 # 1 # ID=5737_6;partial=00;start_type=GTG;rbs_motif=AAAA;rbs_spacer=3bp;gc_cont=0.366	vanT gene in vanG cluster	3002972	Strict	35.31	119.80	glycopeptide antibiotic	antibiotic target alteration	glycopeptide resistance gene cluster; vanT	vancomycin	yes	chromosome_like	0.9468	0.0384	0.0148
batch02	ERR1713349	k141_717196	k141_717196_4 # 3324 # 6509 # -1 # ID=6372_4;partial=00;start_type=ATG;rbs_motif=AGGAG;rbs_spacer=5-10bp;gc_cont=0.627	adeF	3000777	Strict	43.09	100.19	fluoroquinolone antibiotic; tetracycline antibiotic	antibiotic efflux	resistance-nodulation-cell division (RND) antibiotic efflux pump	tetracycline	yes	plasmid_like	0.0766	0.8772	0.0462
batch02	ERR1713349	k141_1002472	k141_1002472_5 # 3769 # 4740 # -1 # ID=6596_5;partial=00;start_type=ATG;rbs_motif=AGGAG;rbs_spacer=5-10bp;gc_cont=0.495	vanH gene in vanM cluster	3002947	Strict	38.06	99.08	glycopeptide antibiotic	antibiotic target alteration	vanH; glycopeptide resistance gene cluster	vancomycin; teicoplanin	yes	chromosome_like	0.6558	0.3049	0.0394
batch02	ERR1713349	k141_719693	k141_719693_7 # 6065 # 9247 # 1 # ID=10563_7;partial=00;start_type=ATG;rbs_motif=GGA/GAG/AGG;rbs_spacer=5-10bp;gc_cont=0.663	adeF	3000777	Strict	60.09	100.09	fluoroquinolone antibiotic; tetracycline antibiotic	antibiotic efflux	resistance-nodulation-cell division (RND) antibiotic efflux pump	tetracycline	yes	plasmid_like	0.0208	0.9666	0.0126
batch02	ERR1713349	k141_292229	k141_292229_2 # 874 # 1338 # 1 # ID=10912_2;partial=00;start_type=ATG;rbs_motif=AGxAGG/AGGxGG;rbs_spacer=5-10bp;gc_cont=0.647	FosI	3007370	Strict	73.28	114.93	phosphonic acid antibiotic	antibiotic inactivation	fosfomycin thiol transferase	fosfomycin	yes	plasmid_like	0.2321	0.7231	0.0448
batch02	ERR1713349	k141_8070	k141_8070_1 # 2 # 610 # 1 # ID=13430_1;partial=10;start_type=Edge;rbs_motif=None;rbs_spacer=None;gc_cont=0.521	vanW gene in vanI cluster	3003724	Strict	45.45	54.16	glycopeptide antibiotic	antibiotic target alteration	vanW; glycopeptide resistance gene cluster	vancomycin; teicoplanin	yes	chromosome_like	0.6893	0.2187	0.0921
batch02	ERR1713349	k141_721690	k141_721690_4 # 5089 # 5973 # -1 # ID=13644_4;partial=00;start_type=ATG;rbs_motif=TAA;rbs_spacer=12bp;gc_cont=0.365	mphE	3003741	Perfect	100.0	100.00	macrolide antibiotic	antibiotic inactivation	macrolide phosphotransferase (MPH)	erythromycin	yes	plasmid_like	0.0119	0.8805	0.1077
batch02	ERR1713349	k141_721690	k141_721690_5 # 6029 # 7504 # -1 # ID=13644_5;partial=00;start_type=ATG;rbs_motif=TAAA;rbs_spacer=5bp;gc_cont=0.399	msrE	3003109	Perfect	100.0	100.00	macrolide antibiotic; streptogramin antibiotic	antibiotic target protection	msr-type ABC-F protein	erythromycin	yes	plasmid_like	0.0119	0.8805	0.1077
batch02	ERR1713349	k141_150355	k141_150355_2 # 247 # 1065 # -1 # ID=14164_2;partial=00;start_type=ATG;rbs_motif=AGxAG;rbs_spacer=5-10bp;gc_cont=0.293	vanW gene in vanG cluster	3002965	Strict	36.68	96.80	glycopeptide antibiotic	antibiotic target alteration	vanW; glycopeptide resistance gene cluster	vancomycin	yes	chromosome_like	0.9758	0.0175	0.0067
batch02	ERR1713349	k141_436482	k141_436482_5 # 3217 # 6372 # -1 # ID=14495_5;partial=00;start_type=ATG;rbs_motif=GGAG/GAGG;rbs_spacer=5-10bp;gc_cont=0.609	adeF	3000777	Strict	43.38	99.24	fluoroquinolone antibiotic; tetracycline antibiotic	antibiotic efflux	resistance-nodulation-cell division (RND) antibiotic efflux pump	tetracycline	yes	chromosome_like	0.8719	0.0893	0.0389
batch02	ERR1713349	k141_864670	k141_864670_1 # 3 # 686 # 1 # ID=14792_1;partial=10;start_type=Edge;rbs_motif=None;rbs_spacer=None;gc_cont=0.420	vanW gene in vanI cluster	3003724	Strict	43.09	60.86	glycopeptide antibiotic	antibiotic target alteration	vanW; glycopeptide resistance gene cluster	vancomycin; teicoplanin	yes	chromosome_like	0.4912	0.2216	0.2871
batch02	ERR1713349	k141_10067	k141_10067_5 # 2890 # 3291 # -1 # ID=16693_5;partial=01;start_type=Edge;rbs_motif=None;rbs_spacer=None;gc_cont=0.400	vanW gene in vanG cluster	3002965	Strict	31.65	47.33	glycopeptide antibiotic	antibiotic target alteration	vanW; glycopeptide resistance gene cluster	vancomycin	yes	plasmid_like	0.4247	0.4830	0.0923
batch02	ERR1713349	k141_10658	k141_10658_3 # 829 # 1158 # 1 # ID=17715_3;partial=00;start_type=ATG;rbs_motif=TAA;rbs_spacer=12bp;gc_cont=0.330	qacJ	3007014	Strict	49.06	101.87	disinfecting agents and antiseptics	antibiotic efflux	small multidrug resistance (SMR) antibiotic efflux pump	benzalkonium chloride	yes	plasmid_like	0.0871	0.8928	0.0201
batch02	ERR1713349	k141_296504	k141_296504_2 # 1720 # 2604 # 1 # ID=17848_2;partial=00;start_type=ATG;rbs_motif=AAAA;rbs_spacer=11bp;gc_cont=0.376	mphG	3003742	Strict	89.46	100.00	macrolide antibiotic	antibiotic inactivation	macrolide phosphotransferase (MPH)	erythromycin; clarithromycin; azithromycin	yes	plasmid_like	0.0657	0.9053	0.0290
batch02	ERR1713349	k141_866958	k141_866958_3 # 2592 # 2924 # 1 # ID=18940_3;partial=00;start_type=ATG;rbs_motif=GGA/GAG/AGG;rbs_spacer=5-10bp;gc_cont=0.429	qacG	3007015	Strict	47.12	102.80	disinfecting agents and antiseptics	antibiotic efflux	small multidrug resistance (SMR) antibiotic efflux pump	benzalkonium chloride	yes	chromosome_like	0.8488	0.1279	0.0233
batch02	ERR1713349	k141_869332	k141_869332_2 # 996 # 2024 # -1 # ID=22881_2;partial=00;start_type=ATG;rbs_motif=AGGAG;rbs_spacer=5-10bp;gc_cont=0.326	cfrC	3004146	Strict	94.15	99.42	lincosamide antibiotic; streptogramin antibiotic; oxazolidinone antibiotic; phenicol antibiotic	antibiotic target alteration	Cfr 23S ribosomal RNA methyltransferase	chloramphenicol; florfenicol	yes	plasmid_like	0.1149	0.7743	0.1108
batch02	ERR1713349	k141_586021	k141_586021_4 # 2362 # 3507 # -1 # ID=24285_4;partial=00;start_type=ATG;rbs_motif=GGA/GAG/AGG;rbs_spacer=5-10bp;gc_cont=0.579	vanT gene in vanG cluster	3002972	Strict	32.11	53.51	glycopeptide antibiotic	antibiotic target alteration	glycopeptide resistance gene cluster; vanT	vancomycin	yes	chromosome_like	0.9644	0.0246	0.0110
batch02	ERR1713349	k141_14791	k141_14791_3 # 1066 # 2985 # -1 # ID=24759_3;partial=00;start_type=ATG;rbs_motif=AGGAGG;rbs_spacer=5-10bp;gc_cont=0.411	tet(32)	3000196	Strict	99.22	100.00	tetracycline antibiotic	antibiotic target protection	tetracycline-resistant ribosomal protection protein	tetracycline; doxycycline; minocycline; chlortetracycline; demeclocycline; oxytetracycline	yes	plasmid_like	0.0387	0.8685	0.0928
batch02	ERR1713349	k141_300998	k141_300998_1 # 1 # 234 # 1 # ID=25070_1;partial=10;start_type=Edge;rbs_motif=None;rbs_spacer=None;gc_cont=0.641	vanY gene in vanM cluster	3002961	Strict	40.91	33.05	glycopeptide antibiotic	antibiotic target alteration	vanY; glycopeptide resistance gene cluster	vancomycin; teicoplanin	yes	chromosome_like	0.5542	0.2533	0.1925
batch02	ERR1713349	k141_586718	k141_586718_2 # 1022 # 1354 # 1 # ID=25290_2;partial=00;start_type=ATG;rbs_motif=AGGA;rbs_spacer=5-10bp;gc_cont=0.535	qacG	3007015	Strict	43.27	102.80	disinfecting agents and antiseptics	antibiotic efflux	small multidrug resistance (SMR) antibiotic efflux pump	benzalkonium chloride	yes	plasmid_like	0.2193	0.6674	0.1133
batch02	ERR1713349	k141_870759	k141_870759_2 # 2357 # 2560 # 1 # ID=25398_2;partial=00;start_type=ATG;rbs_motif=GGAG/GAGG;rbs_spacer=5-10bp;gc_cont=0.569	rsmA	3005069	Strict	80.0	109.84	fluoroquinolone antibiotic; diaminopyrimidine antibiotic; phenicol antibiotic	antibiotic efflux	resistance-nodulation-cell division (RND) antibiotic efflux pump	trimethoprim; chloramphenicol	yes	chromosome_like	0.8930	0.0826	0.0244
batch02	ERR1713349	k141_443303	k141_443303_5 # 1751 # 3721 # -1 # ID=25931_5;partial=00;start_type=ATG;rbs_motif=GGAG/GAGG;rbs_spacer=5-10bp;gc_cont=0.402	tet(M)	3000186	Strict	52.48	102.66	tetracycline antibiotic	antibiotic target protection	tetracycline-resistant ribosomal protection protein	tetracycline; doxycycline; minocycline; chlortetracycline; demeclocycline; oxytetracycline	yes	plasmid_like	0.0479	0.6025	0.3496
batch02	ERR1713349	k141_871248	k141_871248_2 # 1901 # 3037 # 1 # ID=26208_2;partial=00;start_type=ATG;rbs_motif=AAA;rbs_spacer=3bp;gc_cont=0.376	tet(X)	3000205	Strict	99.47	97.42	glycylcycline; tetracycline antibiotic	antibiotic inactivation	tetracycline inactivation enzyme	tigecycline; tetracycline; doxycycline; minocycline; chlortetracycline; demeclocycline; oxytetracycline	yes	plasmid_like	0.3681	0.5962	0.0357
batch02	ERR1713349	k141_871248	k141_871248_3 # 3250 # 4050 # -1 # ID=26208_3;partial=00;start_type=ATG;rbs_motif=TAA;rbs_spacer=10bp;gc_cont=0.341	ErmF	3000498	Strict	99.62	100.00	macrolide antibiotic; lincosamide antibiotic; streptogramin antibiotic; streptogramin A antibiotic; streptogramin B antibiotic	antibiotic target alteration	Erm 23S ribosomal RNA methyltransferase	erythromycin; roxithromycin; lincomycin; telithromycin; clarithromycin; clindamycin; tylosin; spiramycin; azithromycin; dirithromycin; pristinamycin IA; quinupristin; virginiamycin M1; madumycin II; griseoviridin; dalfopristin; pristinamycin IB; virginiamycin S2; pristinamycin IC; vernamycin C; patricin A; patricin B; ostreogrycin B3; oleandomycin	yes	plasmid_like	0.3681	0.5962	0.0357
batch02	ERR1713349	k141_871248	k141_871248_8 # 8422 # 9285 # 1 # ID=26208_8;partial=00;start_type=ATG;rbs_motif=TAAAA;rbs_spacer=14bp;gc_cont=0.317	aadS	3004683	Perfect	100.0	100.00	aminoglycoside antibiotic	antibiotic inactivation	ANT(6)	streptomycin	yes	plasmid_like	0.3681	0.5962	0.0357
batch02	ERR1713349	k141_873388	k141_873388_2 # 1316 # 2206 # 1 # ID=30022_2;partial=00;start_type=ATG;rbs_motif=None;rbs_spacer=None;gc_cont=0.486	CblA-1	3002999	Strict	99.66	100.00	cephalosporin	antibiotic inactivation	CblA beta-lactamase	cephaloridine	yes	plasmid_like	0.3555	0.4447	0.1998
batch02	ERR1713349	k141_17952	k141_17952_1 # 3 # 725 # 1 # ID=30325_1;partial=10;start_type=Edge;rbs_motif=None;rbs_spacer=None;gc_cont=0.355	vanY gene in vanG cluster	3002959	Strict	26.43	86.02	glycopeptide antibiotic	antibiotic target alteration	vanY; glycopeptide resistance gene cluster	vancomycin	yes	chromosome_like	0.9423	0.0415	0.0162
batch02	ERR1713349	k141_590182	k141_590182_3 # 1363 # 3039 # -1 # ID=30605_3;partial=00;start_type=ATG;rbs_motif=GGA/GAG/AGG;rbs_spacer=5-10bp;gc_cont=0.465	ICR-Mo	3004569	Strict	96.95	100.00	peptide antibiotic	antibiotic target alteration	intrinsic colistin resistant phosphoethanolamine transferase	colistin A; colistin B	yes	chromosome_like	0.6380	0.2991	0.0628
batch02	ERR1713349	k141_445826	k141_445826_6 # 7748 # 8080 # 1 # ID=30613_6;partial=00;start_type=ATG;rbs_motif=AGGAG;rbs_spacer=5-10bp;gc_cont=0.511	qacG	3007015	Strict	52.88	102.80	disinfecting agents and antiseptics	antibiotic efflux	small multidrug resistance (SMR) antibiotic efflux pump	benzalkonium chloride	yes	plasmid_like	0.2127	0.7358	0.0515
batch02	ERR1713349	k141_18491	k141_18491_1 # 176 # 670 # -1 # ID=31169_1;partial=00;start_type=ATG;rbs_motif=GGAG/GAGG;rbs_spacer=5-10bp;gc_cont=0.335	lnuC	3002837	Strict	98.17	100.00	lincosamide antibiotic	antibiotic inactivation	lincosamide nucleotidyltransferase (LNU)	lincomycin	yes	plasmid_like	0.1321	0.5172	0.3507
batch02	ERR1713349	k141_732659	k141_732659_4 # 2078 # 3073 # -1 # ID=32030_4;partial=00;start_type=ATG;rbs_motif=None;rbs_spacer=None;gc_cont=0.604	vanH gene in vanB cluster	3002943	Strict	35.99	102.48	glycopeptide antibiotic	antibiotic target alteration	vanH; glycopeptide resistance gene cluster	vancomycin	yes	chromosome_like	0.9315	0.0538	0.0148
batch02	ERR1713349	k141_447633	k141_447633_3 # 1169 # 2353 # -1 # ID=33758_3;partial=00;start_type=ATG;rbs_motif=None;rbs_spacer=None;gc_cont=0.594	vanG	3002909	Strict	40.0	112.89	glycopeptide antibiotic	antibiotic target alteration	glycopeptide resistance gene cluster; Van ligase	vancomycin	yes	chromosome_like	0.8967	0.0774	0.0260
batch02	ERR1713349	k141_447748	k141_447748_2 # 391 # 1191 # 1 # ID=33938_2;partial=00;start_type=TTG;rbs_motif=GGAGG;rbs_spacer=3-4bp;gc_cont=0.451	OXA-20	3001415	Perfect	100.0	100.00	carbapenem; cephalosporin; penam	antibiotic inactivation	OXA beta-lactamase	cloxacillin; oxacillin; cefalotin	yes	plasmid_like	0.0585	0.8758	0.0657
batch02	ERR1713349	k141_449707	k141_449707_5 # 2980 # 3312 # -1 # ID=37228_5;partial=00;start_type=ATG;rbs_motif=GGAG/GAGG;rbs_spacer=5-10bp;gc_cont=0.517	qacJ	3007014	Strict	43.81	102.80	disinfecting agents and antiseptics	antibiotic efflux	small multidrug resistance (SMR) antibiotic efflux pump	benzalkonium chloride	yes	chromosome_like	0.8286	0.1329	0.0384
batch02	ERR1713349	k141_735997	k141_735997_2 # 1257 # 2618 # 1 # ID=37359_2;partial=01;start_type=ATG;rbs_motif=GGAGG;rbs_spacer=5-10bp;gc_cont=0.637	vanW gene in vanI cluster	3003724	Strict	26.82	121.72	glycopeptide antibiotic	antibiotic target alteration	vanW; glycopeptide resistance gene cluster	vancomycin; teicoplanin	yes	chromosome_like	0.7591	0.1776	0.0633
batch02	ERR1713349	k141_736158	k141_736158_1 # 3 # 227 # 1 # ID=37615_1;partial=10;start_type=Edge;rbs_motif=None;rbs_spacer=None;gc_cont=0.569	vanY gene in vanF cluster	3002958	Strict	45.0	25.26	glycopeptide antibiotic	antibiotic target alteration	vanY; glycopeptide resistance gene cluster	vancomycin	yes	chromosome_like	0.4361	0.3793	0.1845
batch02	ERR1713349	k141_736158	k141_736158_2 # 224 # 1036 # 1 # ID=37615_2;partial=00;start_type=GTG;rbs_motif=GGAGG;rbs_spacer=5-10bp;gc_cont=0.583	vanY gene in vanM cluster	3002961	Strict	32.98	115.88	glycopeptide antibiotic	antibiotic target alteration	vanY; glycopeptide resistance gene cluster	vancomycin; teicoplanin	yes	chromosome_like	0.4361	0.3793	0.1845
batch02	ERR1713349	k141_450266	k141_450266_6 # 5384 # 6493 # -1 # ID=38152_6;partial=00;start_type=ATG;rbs_motif=None;rbs_spacer=None;gc_cont=0.368	vanT gene in vanG cluster	3002972	Strict	35.77	51.83	glycopeptide antibiotic	antibiotic target alteration	glycopeptide resistance gene cluster; vanT	vancomycin	yes	chromosome_like	0.9412	0.0410	0.0178
batch02	ERR1713349	k141_878892	k141_878892_3 # 1068 # 2990 # 1 # ID=39099_3;partial=00;start_type=ATG;rbs_motif=GGAG/GAGG;rbs_spacer=5-10bp;gc_cont=0.309	tet(44)	3000556	Strict	97.5	100.00	tetracycline antibiotic	antibiotic target protection	tetracycline-resistant ribosomal protection protein	tetracycline; doxycycline; minocycline; chlortetracycline; demeclocycline; oxytetracycline	yes	plasmid_like	0.2532	0.6559	0.0909
batch02	ERR1713349	k141_879051	k141_879051_1 # 59 # 391 # 1 # ID=39328_1;partial=00;start_type=ATG;rbs_motif=GGAG/GAGG;rbs_spacer=5-10bp;gc_cont=0.532	qacG	3007015	Strict	41.35	102.80	disinfecting agents and antiseptics	antibiotic efflux	small multidrug resistance (SMR) antibiotic efflux pump	benzalkonium chloride	yes	plasmid_like	0.0382	0.9478	0.0141
batch02	ERR1713349	k141_24411	k141_24411_1 # 1 # 900 # 1 # ID=40990_1;partial=10;start_type=Edge;rbs_motif=None;rbs_spacer=None;gc_cont=0.244	vanT gene in vanG cluster	3002972	Strict	44.9	41.99	glycopeptide antibiotic	antibiotic target alteration	glycopeptide resistance gene cluster; vanT	vancomycin	yes	chromosome_like	0.3586	0.3120	0.3294
batch02	ERR1713349	k141_598841	k141_598841_1 # 2 # 697 # -1 # ID=44076_1;partial=10;start_type=ATG;rbs_motif=AATAA;rbs_spacer=15bp;gc_cont=0.287	vanW gene in vanG cluster	3002965	Strict	39.82	82.56	glycopeptide antibiotic	antibiotic target alteration	vanW; glycopeptide resistance gene cluster	vancomycin	yes	chromosome_like	0.6048	0.2829	0.1123
batch02	ERR1713349	k141_313347	k141_313347_2 # 209 # 1897 # 1 # ID=44811_2;partial=00;start_type=ATG;rbs_motif=AGGAG;rbs_spacer=5-10bp;gc_cont=0.673	vanW gene in vanI cluster	3003724	Strict	32.53	150.67	glycopeptide antibiotic	antibiotic target alteration	vanW; glycopeptide resistance gene cluster	vancomycin; teicoplanin	yes	chromosome_like	0.4451	0.3800	0.1748
batch02	ERR1713349	k141_27433	k141_27433_18 # 17910 # 18749 # -1 # ID=46215_18;partial=00;start_type=ATG;rbs_motif=None;rbs_spacer=None;gc_cont=0.717	vanY gene in vanM cluster	3002961	Strict	31.65	119.74	glycopeptide antibiotic	antibiotic target alteration	vanY; glycopeptide resistance gene cluster	vancomycin; teicoplanin	yes	chromosome_like	0.8393	0.1194	0.0414
batch02	ERR1713349	k141_27543	k141_27543_15 # 15279 # 18479 # 1 # ID=46386_15;partial=00;start_type=ATG;rbs_motif=GGAGG;rbs_spacer=5-10bp;gc_cont=0.549	adeF	3000777	Strict	41.71	100.66	fluoroquinolone antibiotic; tetracycline antibiotic	antibiotic efflux	resistance-nodulation-cell division (RND) antibiotic efflux pump	tetracycline	yes	chromosome_like	0.9432	0.0411	0.0157
batch02	ERR1713349	k141_315222	k141_315222_2 # 284 # 1045 # -1 # ID=47846_2;partial=00;start_type=ATG;rbs_motif=GGAGG;rbs_spacer=5-10bp;gc_cont=0.630	vanY gene in vanG cluster	3002959	Strict	32.97	90.68	glycopeptide antibiotic	antibiotic target alteration	vanY; glycopeptide resistance gene cluster	vancomycin	yes	plasmid_like	0.1163	0.7229	0.1609
batch02	ERR1713349	k141_601829	k141_601829_2 # 625 # 2040 # 1 # ID=48946_2;partial=01;start_type=ATG;rbs_motif=None;rbs_spacer=None;gc_cont=0.607	Klebsiella pneumoniae KpnH	3004597	Strict	94.07	92.19	macrolide antibiotic; fluoroquinolone antibiotic; aminoglycoside antibiotic; carbapenem; cephalosporin; penam; peptide antibiotic; penem	antibiotic efflux	major facilitator superfamily (MFS) antibiotic efflux pump	erythromycin; gentamicin C; ciprofloxacin; spectinomycin; streptomycin; tobramycin; ceftazidime; ertapenem; piperacillin; azithromycin; imipenem; polymyxin B; polymyxin B1; polymyxin B2; polymyxin B3; polymyxin B4; norfloxacin; ticarcillin; gentamicin	yes	chromosome_like	0.8764	0.1036	0.0200
batch02	ERR1713349	k141_1027035	k141_1027035_4 # 4050 # 7214 # 1 # ID=49612_4;partial=00;start_type=ATG;rbs_motif=AGGA;rbs_spacer=5-10bp;gc_cont=0.652	adeF	3000777	Strict	42.28	99.53	fluoroquinolone antibiotic; tetracycline antibiotic	antibiotic efflux	resistance-nodulation-cell division (RND) antibiotic efflux pump	tetracycline	yes	chromosome_like	0.6549	0.3085	0.0366
batch02	ERR1713349	k141_457547	k141_457547_3 # 1873 # 2970 # 1 # ID=50590_3;partial=00;start_type=ATG;rbs_motif=None;rbs_spacer=None;gc_cont=0.624	vanY gene in vanB cluster	3002956	Strict	35.9	136.19	glycopeptide antibiotic	antibiotic target alteration	vanY; glycopeptide resistance gene cluster	vancomycin	yes	plasmid_like	0.2433	0.6529	0.1038
batch02	ERR1713349	k141_744102	k141_744102_6 # 3999 # 6443 # 1 # ID=50740_6;partial=00;start_type=ATG;rbs_motif=TAA;rbs_spacer=3bp;gc_cont=0.335	vanT gene in vanG cluster	3002972	Strict	33.96	114.33	glycopeptide antibiotic	antibiotic target alteration	glycopeptide resistance gene cluster; vanT	vancomycin	yes	chromosome_like	0.9754	0.0173	0.0073
batch02	ERR1713349	k141_1027966	k141_1027966_75 # 83501 # 84292 # 1 # ID=51558_75;partial=00;start_type=ATG;rbs_motif=None;rbs_spacer=None;gc_cont=0.731	vanY gene in vanM cluster	3002961	Strict	32.85	112.88	glycopeptide antibiotic	antibiotic target alteration	vanY; glycopeptide resistance gene cluster	vancomycin; teicoplanin	yes	chromosome_like	0.9396	0.0443	0.0160
batch02	ERR1713349	k141_745033	k141_745033_1 # 2 # 652 # 1 # ID=52214_1;partial=10;start_type=Edge;rbs_motif=None;rbs_spacer=None;gc_cont=0.399	tet(Q)	3000191	Strict	97.22	32.88	tetracycline antibiotic	antibiotic target protection	tetracycline-resistant ribosomal protection protein	tetracycline; doxycycline; minocycline; chlortetracycline; demeclocycline; oxytetracycline	yes	chromosome_like	0.4844	0.3068	0.2088
batch02	ERR1713349	k141_172623	k141_172623_10 # 9141 # 9998 # -1 # ID=52606_10;partial=00;start_type=ATG;rbs_motif=None;rbs_spacer=None;gc_cont=0.373	vanW gene in vanG cluster	3002965	Strict	31.29	101.42	glycopeptide antibiotic	antibiotic target alteration	vanW; glycopeptide resistance gene cluster	vancomycin	yes	chromosome_like	0.7890	0.1513	0.0597
batch02	ERR1713349	k141_1029116	k141_1029116_8 # 4789 # 5121 # 1 # ID=53501_8;partial=00;start_type=ATG;rbs_motif=GGAGG;rbs_spacer=5-10bp;gc_cont=0.637	qacG	3007015	Strict	39.42	102.80	disinfecting agents and antiseptics	antibiotic efflux	small multidrug resistance (SMR) antibiotic efflux pump	benzalkonium chloride	yes	plasmid_like	0.3335	0.6178	0.0487
batch02	ERR1713349	k141_746115	k141_746115_2 # 1629 # 3575 # 1 # ID=53904_2;partial=00;start_type=ATG;rbs_motif=TAA;rbs_spacer=5bp;gc_cont=0.390	tet(Q)	3000191	Strict	97.34	98.63	tetracycline antibiotic	antibiotic target protection	tetracycline-resistant ribosomal protection protein	tetracycline; doxycycline; minocycline; chlortetracycline; demeclocycline; oxytetracycline	yes	plasmid_like	0.1098	0.6833	0.2069
batch02	ERR1713349	k141_605087	k141_605087_2 # 1977 # 2759 # -1 # ID=53986_2;partial=00;start_type=ATG;rbs_motif=GGA/GAG/AGG;rbs_spacer=11-12bp;gc_cont=0.524	NPS-1	3004239	Perfect	100.0	100.00	cephalosporin; penam	antibiotic inactivation	NPS beta-lactamase		yes	chromosome_like	0.7359	0.2173	0.0468
batch02	ERR1713349	k141_32412	k141_32412_1 # 162 # 1112 # 1 # ID=54154_1;partial=00;start_type=ATG;rbs_motif=GGAG/GAGG;rbs_spacer=5-10bp;gc_cont=0.475	leuO	3003843	Strict	78.48	100.64	nucleoside antibiotic; disinfecting agents and antiseptics	antibiotic efflux	major facilitator superfamily (MFS) antibiotic efflux pump	acriflavine; puromycin	yes	plasmid_like	0.2870	0.4400	0.2730
batch02	ERR1713349	k141_319299	k141_319299_3 # 776 # 1687 # 1 # ID=54158_3;partial=00;start_type=ATG;rbs_motif=GGA/GAG/AGG;rbs_spacer=5-10bp;gc_cont=0.707	AIM-1	3000853	Perfect	100.0	100.00	cephalosporin; cephamycin; penam	antibiotic inactivation	AIM beta-lactamase		yes	chromosome_like	0.9197	0.0556	0.0247
batch02	ERR1713349	k141_174440	k141_174440_2 # 1217 # 2479 # -1 # ID=55900_2;partial=00;start_type=TTG;rbs_motif=GGA/GAG/AGG;rbs_spacer=5-10bp;gc_cont=0.662	vanT gene in vanG cluster	3002972	Strict	33.33	58.99	glycopeptide antibiotic	antibiotic target alteration	glycopeptide resistance gene cluster; vanT	vancomycin	yes	chromosome_like	0.7117	0.2102	0.0781
batch02	ERR1713349	k141_34023	k141_34023_23 # 18674 # 19621 # -1 # ID=56980_23;partial=00;start_type=ATG;rbs_motif=GGAG/GAGG;rbs_spacer=5-10bp;gc_cont=0.666	FosI	3007370	Strict	73.68	235.07	phosphonic acid antibiotic	antibiotic inactivation	fosfomycin thiol transferase	fosfomycin	yes	chromosome_like	0.9376	0.0460	0.0164
batch02	ERR1713349	k141_35222	k141_35222_4 # 3969 # 4865 # -1 # ID=58980_4;partial=00;start_type=ATG;rbs_motif=4Base/6BMM;rbs_spacer=13-15bp;gc_cont=0.423	CARB-16	3002255	Strict	99.66	100.00	penam	antibiotic inactivation	CARB beta-lactamase		yes	chromosome_like	0.5732	0.3283	0.0985
batch02	ERR1713349	k141_749641	k141_749641_1 # 2 # 1057 # -1 # ID=59539_1;partial=10;start_type=ATG;rbs_motif=None;rbs_spacer=None;gc_cont=0.299	vanT gene in vanG cluster	3002972	Strict	36.63	49.44	glycopeptide antibiotic	antibiotic target alteration	glycopeptide resistance gene cluster; vanT	vancomycin	yes	chromosome_like	0.5100	0.3449	0.1451
batch02	ERR1713349	k141_892155	k141_892155_2 # 852 # 1688 # 1 # ID=60844_2;partial=00;start_type=GTG;rbs_motif=GGAG/GAGG;rbs_spacer=5-10bp;gc_cont=0.388	vanY gene in vanB cluster	3002956	Strict	36.41	103.73	glycopeptide antibiotic	antibiotic target alteration	vanY; glycopeptide resistance gene cluster	vancomycin	yes	chromosome_like	0.7813	0.1338	0.0849
batch02	ERR1713349	k141_463981	k141_463981_1 # 325 # 657 # -1 # ID=61096_1;partial=00;start_type=ATG;rbs_motif=GGAG/GAGG;rbs_spacer=5-10bp;gc_cont=0.459	qacE	3005009	Strict	98.18	100.00	disinfecting agents and antiseptics	antibiotic efflux	major facilitator superfamily (MFS) antibiotic efflux pump		yes	plasmid_like	0.1332	0.8218	0.0450
batch02	ERR1713349	k141_610247	k141_610247_20 # 25792 # 26988 # -1 # ID=62680_20;partial=00;start_type=ATG;rbs_motif=None;rbs_spacer=None;gc_cont=0.677	vanT gene in vanG cluster	3002972	Strict	32.23	55.90	glycopeptide antibiotic	antibiotic target alteration	glycopeptide resistance gene cluster; vanT	vancomycin	yes	plasmid_like	0.1023	0.8678	0.0299
batch02	ERR1713349	k141_37961	k141_37961_2 # 428 # 1585 # -1 # ID=63344_2;partial=00;start_type=ATG;rbs_motif=GGA/GAG/AGG;rbs_spacer=5-10bp;gc_cont=0.546	mdtE	3000795	Perfect	100.0	100.00	macrolide antibiotic; fluoroquinolone antibiotic; penam	antibiotic efflux	resistance-nodulation-cell division (RND) antibiotic efflux pump	erythromycin; cloxacillin; oxacillin; norfloxacin	yes	plasmid_like	0.4046	0.4916	0.1038
batch02	ERR1713349	k141_466132	k141_466132_2 # 860 # 1972 # -1 # ID=64812_2;partial=00;start_type=ATG;rbs_motif=GGAGG;rbs_spacer=5-10bp;gc_cont=0.573	vanW gene in vanI cluster	3003724	Strict	31.98	99.20	glycopeptide antibiotic	antibiotic target alteration	vanW; glycopeptide resistance gene cluster	vancomycin; teicoplanin	yes	virus_like	0.0629	0.1616	0.7756
batch02	ERR1713349	k141_895039	k141_895039_2 # 866 # 3310 # -1 # ID=65758_2;partial=00;start_type=ATG;rbs_motif=AAAA;rbs_spacer=3bp;gc_cont=0.335	vanT gene in vanG cluster	3002972	Strict	32.0	114.33	glycopeptide antibiotic	antibiotic target alteration	glycopeptide resistance gene cluster; vanT	vancomycin	yes	chromosome_like	0.9604	0.0280	0.0116
batch02	ERR1713349	k141_754344	k141_754344_5 # 2209 # 3339 # -1 # ID=67038_5;partial=00;start_type=GTG;rbs_motif=GGAG/GAGG;rbs_spacer=5-10bp;gc_cont=0.626	vanT gene in vanG cluster	3002972	Strict	36.87	52.81	glycopeptide antibiotic	antibiotic target alteration	glycopeptide resistance gene cluster; vanT	vancomycin	yes	chromosome_like	0.6238	0.3141	0.0621
batch02	ERR1713349	k141_754566	k141_754566_4 # 1634 # 1978 # -1 # ID=67430_4;partial=00;start_type=ATG;rbs_motif=None;rbs_spacer=None;gc_cont=0.328	qacG	3007015	Strict	49.04	106.54	disinfecting agents and antiseptics	antibiotic efflux	small multidrug resistance (SMR) antibiotic efflux pump	benzalkonium chloride	yes	plasmid_like	0.0058	0.9847	0.0095
batch02	ERR1713349	k141_754584	k141_754584_2 # 337 # 1524 # -1 # ID=67442_2;partial=00;start_type=GTG;rbs_motif=AGxAGG/AGGxGG;rbs_spacer=5-10bp;gc_cont=0.405	tet(39)	3000566	Perfect	100.0	100.00	tetracycline antibiotic	antibiotic efflux	major facilitator superfamily (MFS) antibiotic efflux pump	tetracycline	yes	plasmid_like	0.1575	0.8006	0.0419
batch02	ERR1713349	k141_181291	k141_181291_3 # 2652 # 5117 # 1 # ID=67547_3;partial=00;start_type=ATG;rbs_motif=TAA;rbs_spacer=11bp;gc_cont=0.422	vanT gene in vanG cluster	3002972	Strict	35.77	115.31	glycopeptide antibiotic	antibiotic target alteration	glycopeptide resistance gene cluster; vanT	vancomycin	yes	chromosome_like	0.7962	0.1515	0.0523
batch02	ERR1713349	k141_181959	k141_181959_1 # 3 # 320 # -1 # ID=68624_1;partial=10;start_type=ATG;rbs_motif=GGA/GAG/AGG;rbs_spacer=11-12bp;gc_cont=0.657	qacJ	3007014	Strict	42.16	99.07	disinfecting agents and antiseptics	antibiotic efflux	small multidrug resistance (SMR) antibiotic efflux pump	benzalkonium chloride	yes	chromosome_like	0.6875	0.2537	0.0588
batch02	ERR1713349	k141_896909	k141_896909_11 # 12456 # 13910 # -1 # ID=68854_11;partial=00;start_type=ATG;rbs_motif=None;rbs_spacer=None;gc_cont=0.386	msr(G)	3007042	Strict	76.3	99.79	macrolide antibiotic; streptogramin antibiotic	antibiotic target protection	msr-type ABC-F protein	erythromycin; azithromycin	yes	plasmid_like	0.0055	0.9851	0.0094
batch02	ERR1713349	k141_896909	k141_896909_12 # 14019 # 15209 # -1 # ID=68854_12;partial=00;start_type=ATG;rbs_motif=None;rbs_spacer=None;gc_cont=0.410	mefF	3007044	Strict	70.28	99.75	macrolide antibiotic	antibiotic efflux	major facilitator superfamily (MFS) antibiotic efflux pump		yes	plasmid_like	0.0055	0.9851	0.0094
batch02	ERR1713349	k141_1038439	k141_1038439_1 # 2 # 1495 # -1 # ID=69296_1;partial=11;start_type=Edge;rbs_motif=None;rbs_spacer=None;gc_cont=0.304	vanT gene in vanG cluster	3002972	Strict	36.81	69.94	glycopeptide antibiotic	antibiotic target alteration	glycopeptide resistance gene cluster; vanT	vancomycin	yes	chromosome_like	0.9698	0.0231	0.0070
batch02	ERR1713349	k141_755853	k141_755853_11 # 10619 # 11686 # 1 # ID=69471_11;partial=00;start_type=ATG;rbs_motif=None;rbs_spacer=None;gc_cont=0.513	vanG	3002909	Strict	41.88	101.72	glycopeptide antibiotic	antibiotic target alteration	glycopeptide resistance gene cluster; Van ligase	vancomycin	yes	chromosome_like	0.9715	0.0195	0.0090
batch02	ERR1713349	k141_182762	k141_182762_5 # 3634 # 4629 # 1 # ID=69894_5;partial=00;start_type=ATG;rbs_motif=TATAA;rbs_spacer=3bp;gc_cont=0.357	CfxA6	3003097	Strict	99.09	100.00	cephamycin	antibiotic inactivation	CfxA beta-lactamase		yes	plasmid_like	0.0473	0.8618	0.0909
batch02	ERR1713349	k141_42464	k141_42464_15 # 17548 # 17895 # -1 # ID=70650_15;partial=00;start_type=ATG;rbs_motif=GGA/GAG/AGG;rbs_spacer=5-10bp;gc_cont=0.635	qacG	3007015	Strict	40.38	107.48	disinfecting agents and antiseptics	antibiotic efflux	small multidrug resistance (SMR) antibiotic efflux pump	benzalkonium chloride	yes	chromosome_like	0.8688	0.0996	0.0317
batch02	ERR1713349	k141_42564	k141_42564_3 # 852 # 3461 # -1 # ID=70826_3;partial=00;start_type=ATG;rbs_motif=None;rbs_spacer=None;gc_cont=0.456	tet(Q)	3000191	Strict	29.8	132.27	tetracycline antibiotic	antibiotic target protection	tetracycline-resistant ribosomal protection protein	tetracycline; doxycycline; minocycline; chlortetracycline; demeclocycline; oxytetracycline	yes	chromosome_like	0.6563	0.1767	0.1670
batch02	ERR1713349	k141_183421	k141_183421_3 # 1101 # 1433 # 1 # ID=70886_3;partial=00;start_type=ATG;rbs_motif=AGxAGG/AGGxGG;rbs_spacer=5-10bp;gc_cont=0.580	qacG	3007015	Strict	45.19	102.80	disinfecting agents and antiseptics	antibiotic efflux	small multidrug resistance (SMR) antibiotic efflux pump	benzalkonium chloride	yes	plasmid_like	0.0091	0.9771	0.0138
batch02	ERR1713349	k141_43908	k141_43908_2 # 293 # 2788 # 1 # ID=72823_2;partial=00;start_type=GTG;rbs_motif=TAA;rbs_spacer=3bp;gc_cont=0.346	vanT gene in vanG cluster	3002972	Strict	34.59	116.71	glycopeptide antibiotic	antibiotic target alteration	glycopeptide resistance gene cluster; vanT	vancomycin	yes	chromosome_like	0.9308	0.0518	0.0174
batch02	ERR1713349	k141_1040623	k141_1040623_2 # 426 # 1658 # 1 # ID=73182_2;partial=00;start_type=ATG;rbs_motif=None;rbs_spacer=None;gc_cont=0.525	Escherichia coli mdfA	3001328	Strict	96.59	100.00	tetracycline antibiotic; disinfecting agents and antiseptics	antibiotic efflux	major facilitator superfamily (MFS) antibiotic efflux pump	tetracycline; benzalkonium chloride	yes	chromosome_like	0.5232	0.3864	0.0904
batch02	ERR1713349	k141_618416	k141_618416_11 # 8414 # 11533 # -1 # ID=75307_11;partial=00;start_type=ATG;rbs_motif=GGA/GAG/AGG;rbs_spacer=5-10bp;gc_cont=0.301	adeF	3000777	Strict	41.21	98.11	fluoroquinolone antibiotic; tetracycline antibiotic	antibiotic efflux	resistance-nodulation-cell division (RND) antibiotic efflux pump	tetracycline	yes	chromosome_like	0.8625	0.1074	0.0301
batch02	ERR1713349	k141_760263	k141_760263_3 # 2846 # 6121 # 1 # ID=76515_3;partial=00;start_type=ATG;rbs_motif=GGA/GAG/AGG;rbs_spacer=5-10bp;gc_cont=0.504	adeF	3000777	Strict	41.8	103.02	fluoroquinolone antibiotic; tetracycline antibiotic	antibiotic efflux	resistance-nodulation-cell division (RND) antibiotic efflux pump	tetracycline	yes	chromosome_like	0.9742	0.0183	0.0074
batch02	ERR1713349	k141_760689	k141_760689_3 # 1300 # 2172 # -1 # ID=77123_3;partial=01;start_type=Edge;rbs_motif=None;rbs_spacer=None;gc_cont=0.584	vanY gene in vanF cluster	3002958	Strict	25.09	98.98	glycopeptide antibiotic	antibiotic target alteration	vanY; glycopeptide resistance gene cluster	vancomycin	yes	plasmid_like	0.1496	0.6828	0.1676
batch02	ERR1713349	k141_334758	k141_334758_3 # 734 # 1840 # -1 # ID=77907_3;partial=00;start_type=ATG;rbs_motif=AAAA;rbs_spacer=4bp;gc_cont=0.310	vanT gene in vanG cluster	3002972	Strict	33.51	51.69	glycopeptide antibiotic	antibiotic target alteration	glycopeptide resistance gene cluster; vanT	vancomycin	yes	chromosome_like	0.8100	0.1309	0.0590
batch02	ERR1713349	k141_334893	k141_334893_2 # 1935 # 2729 # 1 # ID=78188_2;partial=00;start_type=ATG;rbs_motif=GGAGG;rbs_spacer=5-10bp;gc_cont=0.434	vanY gene in vanB cluster	3002956	Strict	30.41	98.51	glycopeptide antibiotic	antibiotic target alteration	vanY; glycopeptide resistance gene cluster	vancomycin	yes	chromosome_like	0.9493	0.0349	0.0158
batch02	ERR1713349	k141_903015	k141_903015_3 # 1308 # 1643 # -1 # ID=78709_3;partial=00;start_type=ATG;rbs_motif=None;rbs_spacer=None;gc_cont=0.545	qacG	3007015	Strict	47.12	103.74	disinfecting agents and antiseptics	antibiotic efflux	small multidrug resistance (SMR) antibiotic efflux pump	benzalkonium chloride	yes	chromosome_like	0.5419	0.3505	0.1076
batch02	ERR1713349	k141_475814	k141_475814_3 # 3013 # 3999 # 1 # ID=80468_3;partial=00;start_type=ATG;rbs_motif=AGGAG;rbs_spacer=5-10bp;gc_cont=0.574	vanH gene in vanO cluster	3002948	Strict	41.81	93.71	glycopeptide antibiotic	antibiotic target alteration	vanH; glycopeptide resistance gene cluster	vancomycin	yes	chromosome_like	0.4758	0.4210	0.1031
batch02	ERR1713349	k141_476736	k141_476736_1 # 748 # 1692 # 1 # ID=81842_1;partial=00;start_type=ATG;rbs_motif=GGAG/GAGG;rbs_spacer=5-10bp;gc_cont=0.461	leuO	3003843	Strict	99.04	100.00	nucleoside antibiotic; disinfecting agents and antiseptics	antibiotic efflux	major facilitator superfamily (MFS) antibiotic efflux pump	acriflavine; puromycin	yes	plasmid_like	0.0577	0.7865	0.1558
batch02	ERR1713349	k141_477068	k141_477068_2 # 550 # 1806 # 1 # ID=82369_2;partial=01;start_type=ATG;rbs_motif=GGAG/GAGG;rbs_spacer=5-10bp;gc_cont=0.477	vanW gene in vanI cluster	3003724	Strict	31.62	112.33	glycopeptide antibiotic	antibiotic target alteration	vanW; glycopeptide resistance gene cluster	vancomycin; teicoplanin	yes	plasmid_like	0.2348	0.6354	0.1297
batch02	ERR1713349	k141_905373	k141_905373_9 # 11560 # 12630 # 1 # ID=82771_9;partial=00;start_type=ATG;rbs_motif=AGGAG;rbs_spacer=5-10bp;gc_cont=0.287	vanT gene in vanG cluster	3002972	Strict	33.79	50.00	glycopeptide antibiotic	antibiotic target alteration	glycopeptide resistance gene cluster; vanT	vancomycin	yes	chromosome_like	0.5851	0.3005	0.1144
batch02	ERR1713349	k141_623667	k141_623667_2 # 226 # 1608 # -1 # ID=83511_2;partial=01;start_type=Edge;rbs_motif=None;rbs_spacer=None;gc_cont=0.308	vanT gene in vanG cluster	3002972	Strict	34.57	64.61	glycopeptide antibiotic	antibiotic target alteration	glycopeptide resistance gene cluster; vanT	vancomycin	yes	chromosome_like	0.7248	0.1435	0.1317
batch02	ERR1713349	k141_478832	k141_478832_3 # 1362 # 2480 # 1 # ID=85310_3;partial=01;start_type=ATG;rbs_motif=None;rbs_spacer=None;gc_cont=0.610	ArnT	3005053	Strict	91.42	67.70	peptide antibiotic	antibiotic target alteration	pmr phosphoethanolamine transferase	colistin A; colistin B	yes	chromosome_like	0.8282	0.1410	0.0308
batch02	ERR1713349	k141_478894	k141_478894_2 # 278 # 1147 # -1 # ID=85441_2;partial=01;start_type=Edge;rbs_motif=None;rbs_spacer=None;gc_cont=0.540	aadA6	3002606	Strict	96.8	102.85	aminoglycoside antibiotic	antibiotic inactivation	ANT(3'')	spectinomycin; streptomycin	yes	plasmid_like	0.1332	0.7224	0.1444
batch02	ERR1713349	k141_1048447	k141_1048447_2 # 525 # 1223 # -1 # ID=86166_2;partial=01;start_type=Edge;rbs_motif=None;rbs_spacer=None;gc_cont=0.240	vanW gene in vanG cluster	3002965	Strict	51.34	82.56	glycopeptide antibiotic	antibiotic target alteration	vanW; glycopeptide resistance gene cluster	vancomycin	yes	plasmid_like	0.2768	0.4272	0.2960
batch02	ERR1713349	k141_625415	k141_625415_2 # 575 # 787 # 1 # ID=86216_2;partial=00;start_type=ATG;rbs_motif=GGAGG;rbs_spacer=5-10bp;gc_cont=0.408	vanU gene in vanG cluster	3004253	Strict	80.6	93.33	glycopeptide antibiotic	antibiotic target alteration	glycopeptide resistance gene cluster; vanU	vancomycin	yes	plasmid_like	0.0875	0.7947	0.1178
batch02	ERR1713349	k141_340411	k141_340411_5 # 3041 # 3823 # 1 # ID=86515_5;partial=00;start_type=ATG;rbs_motif=AAAA;rbs_spacer=12bp;gc_cont=0.323	lnuG	3004085	Strict	97.69	97.38	lincosamide antibiotic	antibiotic inactivation	lincosamide nucleotidyltransferase (LNU)	lincomycin	yes	plasmid_like	0.0026	0.9906	0.0068
batch02	ERR1713349	k141_907908	k141_907908_1 # 1 # 1452 # 1 # ID=86815_1;partial=10;start_type=Edge;rbs_motif=None;rbs_spacer=None;gc_cont=0.551	vanT gene in vanG cluster	3002972	Strict	32.16	67.84	glycopeptide antibiotic	antibiotic target alteration	glycopeptide resistance gene cluster; vanT	vancomycin	yes	chromosome_like	0.5182	0.3142	0.1676
batch02	ERR1713349	k141_1049242	k141_1049242_1 # 1 # 1269 # 1 # ID=87437_1;partial=10;start_type=Edge;rbs_motif=None;rbs_spacer=None;gc_cont=0.532	vanT gene in vanG cluster	3002972	Strict	35.5	59.27	glycopeptide antibiotic	antibiotic target alteration	glycopeptide resistance gene cluster; vanT	vancomycin	yes	chromosome_like	0.7772	0.1936	0.0292
batch02	ERR1713349	k141_909202	k141_909202_2 # 403 # 1035 # -1 # ID=88956_2;partial=00;start_type=ATG;rbs_motif=GGAG/GAGG;rbs_spacer=5-10bp;gc_cont=0.513	CRP	3000518	Strict	99.05	100.00	macrolide antibiotic; fluoroquinolone antibiotic; penam	antibiotic efflux	resistance-nodulation-cell division (RND) antibiotic efflux pump	erythromycin; cloxacillin; oxacillin; norfloxacin	yes	plasmid_like	0.3689	0.4524	0.1787
batch02	ERR1713349	k141_627929	k141_627929_2 # 1044 # 1487 # -1 # ID=90162_2;partial=00;start_type=ATG;rbs_motif=GGAG/GAGG;rbs_spacer=5-10bp;gc_cont=0.619	fosA5	3003209	Strict	87.05	105.76	fluoroquinolone antibiotic; aminoglycoside antibiotic; phosphonic acid antibiotic	antibiotic inactivation	fosfomycin thiol transferase	ciprofloxacin; gentamicin	yes	plasmid_like	0.1682	0.7795	0.0524
batch02	ERR1713349	k141_195741	k141_195741_1 # 249 # 1025 # -1 # ID=91127_1;partial=01;start_type=Edge;rbs_motif=None;rbs_spacer=None;gc_cont=0.541	aadA6	3002606	Strict	89.15	91.81	aminoglycoside antibiotic	antibiotic inactivation	ANT(3'')	spectinomycin; streptomycin	yes	plasmid_like	0.1426	0.6229	0.2345
batch02	ERR1713349	k141_55598	k141_55598_3 # 2979 # 3767 # 1 # ID=92000_3;partial=00;start_type=ATG;rbs_motif=GGAG/GAGG;rbs_spacer=5-10bp;gc_cont=0.444	aadA27	3004682	Perfect	100.0	100.00	aminoglycoside antibiotic	antibiotic inactivation	ANT(3'')	spectinomycin; streptomycin	yes	plasmid_like	0.0012	0.9947	0.0040
batch02	ERR1713349	k141_56453	k141_56453_2 # 514 # 1359 # 1 # ID=93357_2;partial=00;start_type=ATG;rbs_motif=None;rbs_spacer=None;gc_cont=0.455	vanY gene in vanM cluster	3002961	Strict	41.27	120.60	glycopeptide antibiotic	antibiotic target alteration	vanY; glycopeptide resistance gene cluster	vancomycin; teicoplanin	yes	plasmid_like	0.4031	0.4074	0.1895
batch02	ERR1713349	k141_631672	k141_631672_2 # 1141 # 2193 # 1 # ID=96071_2;partial=01;start_type=ATG;rbs_motif=GGxGG;rbs_spacer=5-10bp;gc_cont=0.601	vanT gene in vanG cluster	3002972	Strict	36.23	49.30	glycopeptide antibiotic	antibiotic target alteration	glycopeptide resistance gene cluster; vanT	vancomycin	yes	plasmid_like	0.3922	0.4469	0.1608
batch02	ERR1713349	k141_913734	k141_913734_2 # 814 # 1686 # -1 # ID=96268_2;partial=00;start_type=ATG;rbs_motif=None;rbs_spacer=None;gc_cont=0.494	vanY gene in vanB cluster	3002956	Strict	34.56	108.21	glycopeptide antibiotic	antibiotic target alteration	vanY; glycopeptide resistance gene cluster	vancomycin	yes	chromosome_like	0.9265	0.0454	0.0281
batch02	ERR1713349	k141_58404	k141_58404_9 # 4781 # 5116 # -1 # ID=96631_9;partial=00;start_type=ATG;rbs_motif=None;rbs_spacer=None;gc_cont=0.577	qacG	3007015	Strict	43.27	103.74	disinfecting agents and antiseptics	antibiotic efflux	small multidrug resistance (SMR) antibiotic efflux pump	benzalkonium chloride	yes	chromosome_like	0.8689	0.1030	0.0281
batch02	ERR1713349	k141_1055651	k141_1055651_6 # 3428 # 4543 # -1 # ID=98412_6;partial=00;start_type=ATG;rbs_motif=None;rbs_spacer=None;gc_cont=0.404	vanT gene in vanG cluster	3002972	Strict	31.52	52.11	glycopeptide antibiotic	antibiotic target alteration	glycopeptide resistance gene cluster; vanT	vancomycin	yes	plasmid_like	0.2297	0.7067	0.0636
batch02	ERR1713349	k141_200089	k141_200089_5 # 2704 # 5133 # -1 # ID=98740_5;partial=01;start_type=Edge;rbs_motif=None;rbs_spacer=None;gc_cont=0.459	vanT gene in vanG cluster	3002972	Strict	35.48	113.62	glycopeptide antibiotic	antibiotic target alteration	glycopeptide resistance gene cluster; vanT	vancomycin	yes	chromosome_like	0.9796	0.0147	0.0056
batch02	ERR1713349	k141_1055951	k141_1055951_2 # 311 # 1435 # -1 # ID=99149_2;partial=00;start_type=ATG;rbs_motif=GGAG/GAGG;rbs_spacer=5-10bp;gc_cont=0.366	vanT gene in vanG cluster	3002972	Strict	34.23	52.53	glycopeptide antibiotic	antibiotic target alteration	glycopeptide resistance gene cluster; vanT	vancomycin	yes	virus_like	0.2261	0.1636	0.6103
batch02	ERR1713349	k141_915944	k141_915944_1 # 3 # 887 # 1 # ID=99775_1;partial=10;start_type=Edge;rbs_motif=None;rbs_spacer=None;gc_cont=0.296	vanW gene in vanI cluster	3003724	Strict	38.71	78.82	glycopeptide antibiotic	antibiotic target alteration	vanW; glycopeptide resistance gene cluster	vancomycin; teicoplanin	yes	virus_like	0.2438	0.2228	0.5334
batch02	ERR1713349	k141_775078	k141_775078_1 # 2 # 760 # 1 # ID=99818_1;partial=10;start_type=Edge;rbs_motif=None;rbs_spacer=None;gc_cont=0.539	vanW gene in vanI cluster	3003724	Strict	37.5	67.56	glycopeptide antibiotic	antibiotic target alteration	vanW; glycopeptide resistance gene cluster	vancomycin; teicoplanin	yes	chromosome_like	0.8951	0.0811	0.0238
batch02	ERR1713349	k141_1058141	k141_1058141_1 # 111 # 2030 # 1 # ID=102555_1;partial=00;start_type=ATG;rbs_motif=GGAGG;rbs_spacer=5-10bp;gc_cont=0.531	tet(W)	3000194	Perfect	100.0	100.00	tetracycline antibiotic	antibiotic target protection	tetracycline-resistant ribosomal protection protein	tetracycline; doxycycline; minocycline; chlortetracycline; demeclocycline; oxytetracycline	yes	plasmid_like	0.0019	0.9917	0.0064
batch02	ERR1713349	k141_1058203	k141_1058203_4 # 3443 # 4630 # 1 # ID=102698_4;partial=00;start_type=ATG;rbs_motif=None;rbs_spacer=None;gc_cont=0.682	vanT gene in vanG cluster	3002972	Strict	32.05	55.48	glycopeptide antibiotic	antibiotic target alteration	glycopeptide resistance gene cluster; vanT	vancomycin	yes	plasmid_like	0.3110	0.6222	0.0668
batch02	ERR1713349	k141_918044	k141_918044_1 # 3 # 260 # 1 # ID=103000_1;partial=10;start_type=Edge;rbs_motif=None;rbs_spacer=None;gc_cont=0.357	qacG	3007015	Strict	48.78	79.44	disinfecting agents and antiseptics	antibiotic efflux	small multidrug resistance (SMR) antibiotic efflux pump	benzalkonium chloride	yes	plasmid_like	0.0780	0.8841	0.0378
batch02	ERR1713349	k141_777383	k141_777383_2 # 268 # 1176 # 1 # ID=103447_2;partial=01;start_type=ATG;rbs_motif=None;rbs_spacer=None;gc_cont=0.459	vanY gene in vanB cluster	3002956	Strict	30.46	113.06	glycopeptide antibiotic	antibiotic target alteration	vanY; glycopeptide resistance gene cluster	vancomycin	yes	virus_like	0.3153	0.2208	0.4639
batch02	ERR1713349	k141_351592	k141_351592_3 # 1706 # 2023 # 1 # ID=104142_3;partial=00;start_type=ATG;rbs_motif=AGGA;rbs_spacer=5-10bp;gc_cont=0.286	qacJ	3007014	Strict	43.88	98.13	disinfecting agents and antiseptics	antibiotic efflux	small multidrug resistance (SMR) antibiotic efflux pump	benzalkonium chloride	yes	chromosome_like	0.7436	0.2272	0.0292
batch02	ERR1713349	k141_62882	k141_62882_1 # 316 # 948 # 1 # ID=104205_1;partial=00;start_type=ATG;rbs_motif=GGAG/GAGG;rbs_spacer=5-10bp;gc_cont=0.496	CRP	3000518	Strict	99.52	100.00	macrolide antibiotic; fluoroquinolone antibiotic; penam	antibiotic efflux	resistance-nodulation-cell division (RND) antibiotic efflux pump	erythromycin; cloxacillin; oxacillin; norfloxacin	yes	plasmid_like	0.2743	0.6346	0.0911
batch02	ERR1713349	k141_203347	k141_203347_2 # 152 # 1378 # 1 # ID=104273_2;partial=00;start_type=ATG;rbs_motif=AGGA;rbs_spacer=5-10bp;gc_cont=0.500	EreA2	3002826	Perfect	100.0	100.00	macrolide antibiotic	antibiotic inactivation	macrolide esterase	erythromycin	yes	plasmid_like	0.4160	0.4453	0.1388
batch02	ERR1713349	k141_351997	k141_351997_2 # 524 # 856 # 1 # ID=104694_2;partial=00;start_type=GTG;rbs_motif=GGA/GAG/AGG;rbs_spacer=5-10bp;gc_cont=0.643	qacJ	3007014	Strict	37.5	102.80	disinfecting agents and antiseptics	antibiotic efflux	small multidrug resistance (SMR) antibiotic efflux pump	benzalkonium chloride	yes	chromosome_like	0.5120	0.3557	0.1322
batch02	ERR1713349	k141_491781	k141_491781_2 # 157 # 1152 # 1 # ID=105623_2;partial=00;start_type=ATG;rbs_motif=AGGAG;rbs_spacer=5-10bp;gc_cont=0.234	vanT gene in vanG cluster	3002972	Strict	42.02	46.49	glycopeptide antibiotic	antibiotic target alteration	glycopeptide resistance gene cluster; vanT	vancomycin	yes	virus_like	0.2416	0.2976	0.4608
batch02	ERR1713349	k141_64230	k141_64230_64 # 64338 # 66782 # -1 # ID=106601_64;partial=00;start_type=TTG;rbs_motif=AATAA;rbs_spacer=10bp;gc_cont=0.311	vanT gene in vanG cluster	3002972	Strict	36.9	114.33	glycopeptide antibiotic	antibiotic target alteration	glycopeptide resistance gene cluster; vanT	vancomycin	yes	chromosome_like	0.9571	0.0303	0.0127
batch02	ERR1713349	k141_493679	k141_493679_8 # 7756 # 8934 # -1 # ID=108809_8;partial=00;start_type=ATG;rbs_motif=GGAG/GAGG;rbs_spacer=5-10bp;gc_cont=0.412	vanT gene in vanG cluster	3002972	Strict	39.04	55.06	glycopeptide antibiotic	antibiotic target alteration	glycopeptide resistance gene cluster; vanT	vancomycin	yes	chromosome_like	0.9333	0.0474	0.0193
batch02	ERR1713349	k141_1062706	k141_1062706_1 # 3 # 1148 # 1 # ID=110053_1;partial=11;start_type=Edge;rbs_motif=None;rbs_spacer=None;gc_cont=0.363	tet(M)	3000186	Strict	93.98	59.78	tetracycline antibiotic	antibiotic target protection	tetracycline-resistant ribosomal protection protein	tetracycline; doxycycline; minocycline; chlortetracycline; demeclocycline; oxytetracycline	yes	plasmid_like	0.2328	0.4414	0.3258
batch02	ERR1713349	k141_782042	k141_782042_1 # 2 # 1237 # 1 # ID=110530_1;partial=10;start_type=Edge;rbs_motif=None;rbs_spacer=None;gc_cont=0.424	vanT gene in vanG cluster	3002972	Strict	35.05	57.72	glycopeptide antibiotic	antibiotic target alteration	glycopeptide resistance gene cluster; vanT	vancomycin	yes	plasmid_like	0.2570	0.5562	0.1868
batch02	ERR1713349	k141_923835	k141_923835_4 # 2185 # 3189 # -1 # ID=112207_4;partial=00;start_type=ATG;rbs_motif=AGGA;rbs_spacer=5-10bp;gc_cont=0.621	vanH gene in vanO cluster	3002948	Strict	38.06	95.43	glycopeptide antibiotic	antibiotic target alteration	vanH; glycopeptide resistance gene cluster	vancomycin	yes	plasmid_like	0.0646	0.9024	0.0330
batch02	ERR1713349	k141_783460	k141_783460_2 # 711 # 3872 # 1 # ID=112719_2;partial=00;start_type=ATG;rbs_motif=AGGAG;rbs_spacer=5-10bp;gc_cont=0.654	adeF	3000777	Strict	42.39	99.43	fluoroquinolone antibiotic; tetracycline antibiotic	antibiotic efflux	resistance-nodulation-cell division (RND) antibiotic efflux pump	tetracycline	yes	plasmid_like	0.1167	0.8267	0.0566
batch02	ERR1713349	k141_783463	k141_783463_1 # 1 # 987 # 1 # ID=112722_1;partial=10;start_type=Edge;rbs_motif=None;rbs_spacer=None;gc_cont=0.363	vanW gene in vanI cluster	3003724	Strict	36.44	87.94	glycopeptide antibiotic	antibiotic target alteration	vanW; glycopeptide resistance gene cluster	vancomycin; teicoplanin	yes	virus_like	0.2591	0.2381	0.5028
batch02	ERR1713349	k141_208433	k141_208433_2 # 1210 # 2013 # 1 # ID=113127_2;partial=00;start_type=ATG;rbs_motif=GGA/GAG/AGG;rbs_spacer=5-10bp;gc_cont=0.312	lnuB	3002836	Strict	95.88	100.00	lincosamide antibiotic	antibiotic inactivation	lincosamide nucleotidyltransferase (LNU)	lincomycin; clindamycin	yes	plasmid_like	0.0506	0.9292	0.0202
batch02	ERR1713349	k141_358388	k141_358388_2 # 621 # 1607 # 1 # ID=114395_2;partial=00;start_type=ATG;rbs_motif=AGGAG;rbs_spacer=5-10bp;gc_cont=0.604	vanH gene in vanO cluster	3002948	Strict	43.6	93.71	glycopeptide antibiotic	antibiotic target alteration	vanH; glycopeptide resistance gene cluster	vancomycin	yes	plasmid_like	0.1885	0.5790	0.2326
batch02	ERR1713349	k141_925391	k141_925391_4 # 2357 # 3460 # 1 # ID=114570_4;partial=00;start_type=ATG;rbs_motif=GGAG/GAGG;rbs_spacer=5-10bp;gc_cont=0.440	vanT gene in vanG cluster	3002972	Strict	32.14	51.54	glycopeptide antibiotic	antibiotic target alteration	glycopeptide resistance gene cluster; vanT	vancomycin	yes	chromosome_like	0.4522	0.3963	0.1514
batch02	ERR1713349	k141_925705	k141_925705_1 # 137 # 1123 # -1 # ID=114970_1;partial=00;start_type=ATG;rbs_motif=AGGAGG;rbs_spacer=11-12bp;gc_cont=0.401	vanH gene in vanO cluster	3002948	Strict	37.74	93.71	glycopeptide antibiotic	antibiotic target alteration	vanH; glycopeptide resistance gene cluster	vancomycin	yes	virus_like	0.1553	0.2566	0.5881
batch02	ERR1713349	k141_926800	k141_926800_3 # 2812 # 3996 # 1 # ID=116817_3;partial=00;start_type=GTG;rbs_motif=AGGAG;rbs_spacer=5-10bp;gc_cont=0.273	vanT gene in vanG cluster	3002972	Strict	35.68	55.34	glycopeptide antibiotic	antibiotic target alteration	glycopeptide resistance gene cluster; vanT	vancomycin	yes	chromosome_like	0.8573	0.1133	0.0294
batch02	ERR1713349	k141_360064	k141_360064_4 # 3048 # 4148 # -1 # ID=117061_4;partial=00;start_type=ATG;rbs_motif=GGAG/GAGG;rbs_spacer=5-10bp;gc_cont=0.502	vanG	3002909	Strict	39.39	104.87	glycopeptide antibiotic	antibiotic target alteration	glycopeptide resistance gene cluster; Van ligase	vancomycin	yes	chromosome_like	0.9191	0.0563	0.0245
batch02	ERR1713349	k141_787033	k141_787033_3 # 742 # 1107 # -1 # ID=118394_3;partial=00;start_type=ATG;rbs_motif=GGA/GAG/AGG;rbs_spacer=3-4bp;gc_cont=0.385	qacJ	3007014	Strict	44.34	113.08	disinfecting agents and antiseptics	antibiotic efflux	small multidrug resistance (SMR) antibiotic efflux pump	benzalkonium chloride	yes	plasmid_like	0.2351	0.7002	0.0646
batch02	ERR1713349	k141_72188	k141_72188_1 # 3 # 1517 # -1 # ID=118738_1;partial=11;start_type=Edge;rbs_motif=None;rbs_spacer=None;gc_cont=0.354	vanT gene in vanG cluster	3002972	Strict	35.88	70.93	glycopeptide antibiotic	antibiotic target alteration	glycopeptide resistance gene cluster; vanT	vancomycin	yes	chromosome_like	0.7540	0.1041	0.1419
batch02	ERR1713349	k141_72210	k141_72210_34 # 32683 # 33018 # -1 # ID=118817_34;partial=00;start_type=ATG;rbs_motif=GGAG/GAGG;rbs_spacer=5-10bp;gc_cont=0.616	qacG	3007015	Strict	39.62	103.74	disinfecting agents and antiseptics	antibiotic efflux	small multidrug resistance (SMR) antibiotic efflux pump	benzalkonium chloride	yes	chromosome_like	0.8311	0.1323	0.0366
batch02	ERR1713349	k141_647894	k141_647894_2 # 583 # 2121 # 1 # ID=120414_2;partial=00;start_type=ATG;rbs_motif=GGAG/GAGG;rbs_spacer=5-10bp;gc_cont=0.566	emrB	3000074	Strict	99.61	100.00	fluoroquinolone antibiotic	antibiotic efflux	major facilitator superfamily (MFS) antibiotic efflux pump	nalidixic acid	yes	plasmid_like	0.2747	0.6399	0.0854
batch02	ERR1713349	k141_929808	k141_929808_10 # 5923 # 6255 # 1 # ID=121401_10;partial=00;start_type=ATG;rbs_motif=None;rbs_spacer=None;gc_cont=0.625	qacG	3007015	Strict	43.27	102.80	disinfecting agents and antiseptics	antibiotic efflux	small multidrug resistance (SMR) antibiotic efflux pump	benzalkonium chloride	yes	chromosome_like	0.8438	0.1209	0.0353
batch02	ERR1713349	k141_363079	k141_363079_1 # 153 # 995 # -1 # ID=121604_1;partial=00;start_type=ATG;rbs_motif=TAA;rbs_spacer=11bp;gc_cont=0.375	OXA-58	3001611	Perfect	100.0	100.00	carbapenem; cephalosporin; penam	antibiotic inactivation	OXA beta-lactamase	cloxacillin; oxacillin; cefalotin	yes	plasmid_like	0.1701	0.8018	0.0281
batch02	ERR1713349	k141_790172	k141_790172_5 # 4437 # 5663 # 1 # ID=123092_5;partial=00;start_type=ATG;rbs_motif=GGA/GAG/AGG;rbs_spacer=5-10bp;gc_cont=0.306	EreD	3004608	Strict	98.77	100.00	macrolide antibiotic	antibiotic inactivation	macrolide esterase	erythromycin	yes	chromosome_like	0.4715	0.4356	0.0930
batch02	ERR1713349	k141_790852	k141_790852_1 # 167 # 991 # 1 # ID=124116_1;partial=00;start_type=ATG;rbs_motif=None;rbs_spacer=None;gc_cont=0.259	OXA-347	3001777	Perfect	100.0	100.00	carbapenem; cephalosporin; penam	antibiotic inactivation	OXA beta-lactamase	cloxacillin; oxacillin; cefalotin	yes	plasmid_like	0.3996	0.5793	0.0211
batch02	ERR1713349	k141_1071553	k141_1071553_7 # 8452 # 9645 # 1 # ID=124354_7;partial=00;start_type=ATG;rbs_motif=AGGA/GGAG/GAGG;rbs_spacer=11-12bp;gc_cont=0.351	mefJ	3007049	Strict	99.5	100.00	macrolide antibiotic	antibiotic efflux	major facilitator superfamily (MFS) antibiotic efflux pump		yes	plasmid_like	0.0683	0.8835	0.0482
batch02	ERR1713349	k141_651086	k141_651086_6 # 3920 # 4645 # -1 # ID=124997_6;partial=00;start_type=ATG;rbs_motif=GGAG/GAGG;rbs_spacer=5-10bp;gc_cont=0.326	vanY gene in vanB cluster	3002956	Strict	47.37	89.93	glycopeptide antibiotic	antibiotic target alteration	vanY; glycopeptide resistance gene cluster	vancomycin	yes	plasmid_like	0.0425	0.8264	0.1311
batch02	ERR1713349	k141_651632	k141_651632_3 # 1434 # 1760 # 1 # ID=125825_3;partial=00;start_type=ATG;rbs_motif=GGA/GAG/AGG;rbs_spacer=5-10bp;gc_cont=0.514	qacJ	3007014	Strict	42.45	100.93	disinfecting agents and antiseptics	antibiotic efflux	small multidrug resistance (SMR) antibiotic efflux pump	benzalkonium chloride	yes	chromosome_like	0.9345	0.0492	0.0163
batch02	ERR1713349	k141_791954	k141_791954_1 # 204 # 1028 # 1 # ID=126074_1;partial=00;start_type=ATG;rbs_motif=None;rbs_spacer=None;gc_cont=0.408	gadX	3000508	Strict	96.35	100.00	macrolide antibiotic; fluoroquinolone antibiotic; penam	antibiotic efflux	resistance-nodulation-cell division (RND) antibiotic efflux pump	erythromycin; cloxacillin; oxacillin; norfloxacin	yes	chromosome_like	0.5371	0.2735	0.1894
batch02	ERR1713349	k141_933082	k141_933082_2 # 966 # 1298 # -1 # ID=126232_2;partial=00;start_type=ATG;rbs_motif=AGGA;rbs_spacer=5-10bp;gc_cont=0.547	qacJ	3007014	Strict	40.95	102.80	disinfecting agents and antiseptics	antibiotic efflux	small multidrug resistance (SMR) antibiotic efflux pump	benzalkonium chloride	yes	plasmid_like	0.0011	0.9953	0.0036
batch02	ERR1713349	k141_651960	k141_651960_2 # 1027 # 1377 # -1 # ID=126331_2;partial=00;start_type=ATG;rbs_motif=None;rbs_spacer=None;gc_cont=0.655	qacG	3007015	Strict	41.35	108.41	disinfecting agents and antiseptics	antibiotic efflux	small multidrug resistance (SMR) antibiotic efflux pump	benzalkonium chloride	yes	chromosome_like	0.9170	0.0637	0.0193
batch02	ERR1713349	k141_792423	k141_792423_2 # 384 # 728 # -1 # ID=126821_2;partial=00;start_type=ATG;rbs_motif=GGA/GAG/AGG;rbs_spacer=5-10bp;gc_cont=0.464	qacG	3007015	Strict	48.08	106.54	disinfecting agents and antiseptics	antibiotic efflux	small multidrug resistance (SMR) antibiotic efflux pump	benzalkonium chloride	yes	chromosome_like	0.7880	0.1521	0.0599
batch02	ERR1713349	k141_77650	k141_77650_2 # 983 # 1834 # 1 # ID=126988_2;partial=00;start_type=ATG;rbs_motif=GGAG/GAGG;rbs_spacer=5-10bp;gc_cont=0.478	vanY gene in vanB cluster	3002956	Strict	37.93	105.60	glycopeptide antibiotic	antibiotic target alteration	vanY; glycopeptide resistance gene cluster	vancomycin	yes	chromosome_like	0.6943	0.1911	0.1147
batch02	ERR1713349	k141_792722	k141_792722_1 # 61 # 1527 # 1 # ID=127280_1;partial=00;start_type=ATG;rbs_motif=AGGAG;rbs_spacer=5-10bp;gc_cont=0.563	mdtP	3003550	Strict	98.36	100.00	nucleoside antibiotic; disinfecting agents and antiseptics	antibiotic efflux	major facilitator superfamily (MFS) antibiotic efflux pump	acriflavine; puromycin	yes	plasmid_like	0.2214	0.6990	0.0796
batch02	ERR1713349	k141_367503	k141_367503_19 # 14520 # 15344 # -1 # ID=128297_19;partial=00;start_type=ATG;rbs_motif=GGAG/GAGG;rbs_spacer=5-10bp;gc_cont=0.407	vanY gene in vanM cluster	3002961	Strict	30.41	117.60	glycopeptide antibiotic	antibiotic target alteration	vanY; glycopeptide resistance gene cluster	vancomycin; teicoplanin	yes	chromosome_like	0.5021	0.4118	0.0861
batch02	ERR1713349	k141_793505	k141_793505_1 # 445 # 1179 # 1 # ID=128591_1;partial=00;start_type=ATG;rbs_motif=GGA/GAG/AGG;rbs_spacer=5-10bp;gc_cont=0.269	ErmG	3000522	Strict	99.18	100.00	macrolide antibiotic; lincosamide antibiotic; streptogramin antibiotic; streptogramin A antibiotic; streptogramin B antibiotic	antibiotic target alteration	Erm 23S ribosomal RNA methyltransferase	erythromycin; roxithromycin; lincomycin; telithromycin; clarithromycin; clindamycin; tylosin; spiramycin; azithromycin; dirithromycin; pristinamycin IA; quinupristin; virginiamycin M1; madumycin II; griseoviridin; dalfopristin; pristinamycin IB; virginiamycin S2; pristinamycin IC; vernamycin C; patricin A; patricin B; ostreogrycin B3; oleandomycin	yes	plasmid_like	0.0983	0.7153	0.1864
batch02	ERR1713349	k141_793887	k141_793887_6 # 2915 # 3670 # 1 # ID=129240_6;partial=01;start_type=GTG;rbs_motif=GGA/GAG/AGG;rbs_spacer=5-10bp;gc_cont=0.331	vanW gene in vanG cluster	3002965	Strict	28.57	89.68	glycopeptide antibiotic	antibiotic target alteration	vanW; glycopeptide resistance gene cluster	vancomycin	yes	chromosome_like	0.4732	0.4672	0.0596
batch02	ERR1713349	k141_654118	k141_654118_3 # 1856 # 2041 # 1 # ID=129482_3;partial=00;start_type=ATG;rbs_motif=AGGAG;rbs_spacer=5-10bp;gc_cont=0.516	rsmA	3005069	Strict	93.44	100.00	fluoroquinolone antibiotic; diaminopyrimidine antibiotic; phenicol antibiotic	antibiotic efflux	resistance-nodulation-cell division (RND) antibiotic efflux pump	trimethoprim; chloramphenicol	yes	chromosome_like	0.9244	0.0578	0.0178
batch02	ERR1713349	k141_935455	k141_935455_2 # 335 # 1165 # -1 # ID=129893_2;partial=00;start_type=GTG;rbs_motif=None;rbs_spacer=None;gc_cont=0.323	vanW gene in vanG cluster	3002965	Strict	31.93	98.22	glycopeptide antibiotic	antibiotic target alteration	vanW; glycopeptide resistance gene cluster	vancomycin	yes	plasmid_like	0.3534	0.4076	0.2390
batch02	ERR1713349	k141_507101	k141_507101_1 # 158 # 1018 # -1 # ID=130338_1;partial=01;start_type=Edge;rbs_motif=None;rbs_spacer=None;gc_cont=0.525	vanT gene in vanG cluster	3002972	Strict	36.3	40.17	glycopeptide antibiotic	antibiotic target alteration	glycopeptide resistance gene cluster; vanT	vancomycin	yes	chromosome_like	0.3753	0.3427	0.2820
batch02	ERR1713349	k141_937399	k141_937399_9 # 7458 # 10613 # -1 # ID=132812_9;partial=00;start_type=ATG;rbs_motif=GGA/GAG/AGG;rbs_spacer=5-10bp;gc_cont=0.603	adeF	3000777	Strict	43.55	99.24	fluoroquinolone antibiotic; tetracycline antibiotic	antibiotic efflux	resistance-nodulation-cell division (RND) antibiotic efflux pump	tetracycline	yes	chromosome_like	0.6453	0.2850	0.0697
batch02	ERR1713349	k141_508717	k141_508717_2 # 324 # 1364 # -1 # ID=133039_2;partial=00;start_type=ATG;rbs_motif=AGGTG;rbs_spacer=5bp;gc_cont=0.466	vanG	3002909	Strict	39.94	99.14	glycopeptide antibiotic	antibiotic target alteration	glycopeptide resistance gene cluster; Van ligase	vancomycin	yes	chromosome_like	0.9468	0.0383	0.0149
batch02	ERR1713349	k141_509016	k141_509016_9 # 8630 # 9790 # -1 # ID=133505_9;partial=00;start_type=ATG;rbs_motif=AGxAGG/AGGxGG;rbs_spacer=5-10bp;gc_cont=0.447	vanT gene in vanG cluster	3002972	Strict	38.11	54.21	glycopeptide antibiotic	antibiotic target alteration	glycopeptide resistance gene cluster; vanT	vancomycin	yes	chromosome_like	0.9657	0.0233	0.0110
batch02	ERR1713349	k141_221446	k141_221446_2 # 588 # 1388 # -1 # ID=135227_2;partial=00;start_type=ATG;rbs_motif=AGxAGG/AGGxGG;rbs_spacer=3-4bp;gc_cont=0.419	OXA-10	3001405	Perfect	100.0	100.00	carbapenem; cephalosporin; penam	antibiotic inactivation	OXA beta-lactamase	cloxacillin; oxacillin; cefalotin	yes	plasmid_like	0.2336	0.6618	0.1046
batch02	ERR1713349	k141_221446	k141_221446_3 # 1512 # 1844 # -1 # ID=135227_3;partial=00;start_type=ATG;rbs_motif=GGAG/GAGG;rbs_spacer=5-10bp;gc_cont=0.477	qacG	3007015	Strict	41.9	102.80	disinfecting agents and antiseptics	antibiotic efflux	small multidrug resistance (SMR) antibiotic efflux pump	benzalkonium chloride	yes	plasmid_like	0.2336	0.6618	0.1046
batch02	ERR1713349	k141_83490	k141_83490_12 # 10941 # 11273 # -1 # ID=136360_12;partial=00;start_type=ATG;rbs_motif=GGA/GAG/AGG;rbs_spacer=5-10bp;gc_cont=0.511	qacG	3007015	Strict	44.66	102.80	disinfecting agents and antiseptics	antibiotic efflux	small multidrug resistance (SMR) antibiotic efflux pump	benzalkonium chloride	yes	plasmid_like	0.4473	0.4832	0.0695
batch02	ERR1713349	k141_83794	k141_83794_1 # 1 # 423 # 1 # ID=136794_1;partial=10;start_type=Edge;rbs_motif=None;rbs_spacer=None;gc_cont=0.345	vanY gene in vanA cluster	3002955	Strict	46.32	46.20	glycopeptide antibiotic	antibiotic target alteration	vanY; glycopeptide resistance gene cluster	vancomycin; teicoplanin	yes	plasmid_like	0.0616	0.8089	0.1295
batch02	ERR1713349	k141_222573	k141_222573_4 # 2275 # 2607 # 1 # ID=136942_4;partial=00;start_type=ATG;rbs_motif=GGA/GAG/AGG;rbs_spacer=5-10bp;gc_cont=0.532	qacJ	3007014	Strict	36.54	102.80	disinfecting agents and antiseptics	antibiotic efflux	small multidrug resistance (SMR) antibiotic efflux pump	benzalkonium chloride	yes	chromosome_like	0.9584	0.0308	0.0107
batch02	ERR1713349	k141_511213	k141_511213_5 # 1603 # 2322 # 1 # ID=136974_5;partial=00;start_type=ATG;rbs_motif=AGGAGG;rbs_spacer=5-10bp;gc_cont=0.603	vanY gene in vanF cluster	3002958	Strict	33.12	81.57	glycopeptide antibiotic	antibiotic target alteration	vanY; glycopeptide resistance gene cluster	vancomycin	yes	chromosome_like	0.9556	0.0313	0.0131
batch02	ERR1713349	k141_511213	k141_511213_6 # 2319 # 3143 # 1 # ID=136974_6;partial=00;start_type=ATG;rbs_motif=GGAGG;rbs_spacer=5-10bp;gc_cont=0.592	vanY gene in vanF cluster	3002958	Strict	38.67	93.52	glycopeptide antibiotic	antibiotic target alteration	vanY; glycopeptide resistance gene cluster	vancomycin	yes	chromosome_like	0.9556	0.0313	0.0131
batch02	ERR1713349	k141_374240	k141_374240_1 # 309 # 1181 # -1 # ID=138003_1;partial=01;start_type=Edge;rbs_motif=None;rbs_spacer=None;gc_cont=0.688	RCP-1	3003563	Strict	99.31	98.98	penam	antibiotic inactivation	RCP beta-lactamase		yes	plasmid_like	0.2632	0.4571	0.2797
batch02	ERR1713349	k141_374396	k141_374396_6 # 5236 # 8403 # -1 # ID=138201_6;partial=00;start_type=ATG;rbs_motif=GGAG/GAGG;rbs_spacer=5-10bp;gc_cont=0.628	adeF	3000777	Strict	41.51	99.62	fluoroquinolone antibiotic; tetracycline antibiotic	antibiotic efflux	resistance-nodulation-cell division (RND) antibiotic efflux pump	tetracycline	yes	plasmid_like	0.3104	0.5577	0.1319
batch02	ERR1713349	k141_800230	k141_800230_2 # 182 # 556 # -1 # ID=139196_2;partial=00;start_type=ATG;rbs_motif=AGGAG;rbs_spacer=5-10bp;gc_cont=0.461	Klebsiella pneumoniae KpnE	3004580	Strict	78.23	103.33	macrolide antibiotic; aminoglycoside antibiotic; cephalosporin; tetracycline antibiotic; peptide antibiotic; rifamycin antibiotic; disinfecting agents and antiseptics	antibiotic efflux	small multidrug resistance (SMR) antibiotic efflux pump	erythromycin; streptomycin; tetracycline; cefepime; ceftriaxone; rifampin; colistin A; colistin B; triclosan; benzalkonium chloride; chlorhexidine	yes	plasmid_like	0.2368	0.6054	0.1578
batch02	ERR1713349	k141_661002	k141_661002_2 # 540 # 1406 # 1 # ID=139712_2;partial=00;start_type=ATG;rbs_motif=GGAG/GAGG;rbs_spacer=5-10bp;gc_cont=0.548	vanY gene in vanB cluster	3002956	Strict	35.71	107.46	glycopeptide antibiotic	antibiotic target alteration	vanY; glycopeptide resistance gene cluster	vancomycin	yes	chromosome_like	0.8389	0.1086	0.0525
batch02	ERR1713349	k141_942103	k141_942103_2 # 3069 # 3725 # 1 # ID=140218_2;partial=01;start_type=ATG;rbs_motif=GGA/GAG/AGG;rbs_spacer=5-10bp;gc_cont=0.428	vanW gene in vanG cluster	3002965	Strict	33.95	77.94	glycopeptide antibiotic	antibiotic target alteration	vanW; glycopeptide resistance gene cluster	vancomycin	yes	chromosome_like	0.5009	0.3956	0.1035
batch02	ERR1713349	k141_227428	k141_227428_2 # 1688 # 3514 # -1 # ID=144881_2;partial=01;start_type=Edge;rbs_motif=None;rbs_spacer=None;gc_cont=0.633	adeF	3000777	Strict	66.95	57.41	fluoroquinolone antibiotic; tetracycline antibiotic	antibiotic efflux	resistance-nodulation-cell division (RND) antibiotic efflux pump	tetracycline	yes	chromosome_like	0.4681	0.4148	0.1171
batch02	ERR1713349	k141_946183	k141_946183_1 # 2 # 430 # 1 # ID=146272_1;partial=10;start_type=Edge;rbs_motif=None;rbs_spacer=None;gc_cont=0.641	vanY gene in vanB cluster	3002956	Strict	33.09	52.99	glycopeptide antibiotic	antibiotic target alteration	vanY; glycopeptide resistance gene cluster	vancomycin	yes	chromosome_like	0.4197	0.3727	0.2075
batch02	ERR1713349	k141_517412	k141_517412_7 # 8590 # 10293 # 1 # ID=146761_7;partial=00;start_type=ATG;rbs_motif=GGA/GAG/AGG;rbs_spacer=5-10bp;gc_cont=0.434	vanW gene in vanI cluster	3003724	Strict	27.33	152.01	glycopeptide antibiotic	antibiotic target alteration	vanW; glycopeptide resistance gene cluster	vancomycin; teicoplanin	yes	chromosome_like	0.8381	0.1185	0.0435
batch02	ERR1713349	k141_518407	k141_518407_2 # 505 # 837 # -1 # ID=148245_2;partial=00;start_type=ATG;rbs_motif=GGAG/GAGG;rbs_spacer=5-10bp;gc_cont=0.580	qacG	3007015	Strict	40.38	102.80	disinfecting agents and antiseptics	antibiotic efflux	small multidrug resistance (SMR) antibiotic efflux pump	benzalkonium chloride	yes	plasmid_like	0.2145	0.6900	0.0954
batch02	ERR1713349	k141_806188	k141_806188_5 # 2751 # 3080 # -1 # ID=148398_5;partial=00;start_type=ATG;rbs_motif=4Base/6BMM;rbs_spacer=13-15bp;gc_cont=0.400	qacJ	3007014	Strict	37.74	101.87	disinfecting agents and antiseptics	antibiotic efflux	small multidrug resistance (SMR) antibiotic efflux pump	benzalkonium chloride	yes	plasmid_like	0.0924	0.8552	0.0525
batch02	ERR1713349	k141_91668	k141_91668_2 # 1878 # 2909 # -1 # ID=149268_2;partial=00;start_type=ATG;rbs_motif=GGA/GAG/AGG;rbs_spacer=5-10bp;gc_cont=0.561	mdtN	3003548	Perfect	100.0	100.00	nucleoside antibiotic; disinfecting agents and antiseptics	antibiotic efflux	major facilitator superfamily (MFS) antibiotic efflux pump	acriflavine; puromycin	yes	plasmid_like	0.0264	0.9488	0.0248
batch02	ERR1713349	k141_668358	k141_668358_5 # 2130 # 2459 # -1 # ID=150414_5;partial=00;start_type=ATG;rbs_motif=None;rbs_spacer=None;gc_cont=0.458	qacG	3007015	Strict	40.95	101.87	disinfecting agents and antiseptics	antibiotic efflux	small multidrug resistance (SMR) antibiotic efflux pump	benzalkonium chloride	yes	chromosome_like	0.9574	0.0304	0.0121
batch02	ERR1713349	k141_382849	k141_382849_1 # 3 # 872 # -1 # ID=150952_1;partial=10;start_type=ATG;rbs_motif=AGGA;rbs_spacer=5-10bp;gc_cont=0.602	vanY gene in vanF cluster	3002958	Strict	24.73	98.98	glycopeptide antibiotic	antibiotic target alteration	vanY; glycopeptide resistance gene cluster	vancomycin	yes	chromosome_like	0.4701	0.3776	0.1523
batch02	ERR1713349	k141_950723	k141_950723_1 # 1 # 348 # -1 # ID=153076_1;partial=10;start_type=ATG;rbs_motif=None;rbs_spacer=None;gc_cont=0.356	vanW gene in vanG cluster	3002965	Strict	37.07	41.28	glycopeptide antibiotic	antibiotic target alteration	vanW; glycopeptide resistance gene cluster	vancomycin	yes	chromosome_like	0.9824	0.0128	0.0048
batch02	ERR1713349	k141_809609	k141_809609_6 # 2640 # 3560 # 1 # ID=153698_6;partial=00;start_type=ATG;rbs_motif=AGxAGG/AGGxGG;rbs_spacer=5-10bp;gc_cont=0.647	vanY gene in vanB cluster	3002956	Strict	36.76	114.18	glycopeptide antibiotic	antibiotic target alteration	vanY; glycopeptide resistance gene cluster	vancomycin	yes	chromosome_like	0.5282	0.3882	0.0836
batch02	ERR1713349	k141_233065	k141_233065_2 # 384 # 719 # -1 # ID=153951_2;partial=00;start_type=ATG;rbs_motif=None;rbs_spacer=None;gc_cont=0.598	qacJ	3007014	Strict	45.19	103.74	disinfecting agents and antiseptics	antibiotic efflux	small multidrug resistance (SMR) antibiotic efflux pump	benzalkonium chloride	yes	chromosome_like	0.6138	0.2610	0.1253
batch02	ERR1713349	k141_670857	k141_670857_1 # 236 # 1024 # -1 # ID=154244_1;partial=00;start_type=ATG;rbs_motif=None;rbs_spacer=None;gc_cont=0.583	aadA5	3002605	Perfect	100.0	100.00	aminoglycoside antibiotic	antibiotic inactivation	ANT(3'')	spectinomycin; streptomycin	yes	plasmid_like	0.0752	0.8055	0.1192
batch02	ERR1713349	k141_96198	k141_96198_1 # 2 # 1900 # 1 # ID=156115_1;partial=10;start_type=Edge;rbs_motif=None;rbs_spacer=None;gc_cont=0.310	vanT gene in vanG cluster	3002972	Strict	35.28	88.76	glycopeptide antibiotic	antibiotic target alteration	glycopeptide resistance gene cluster; vanT	vancomycin	yes	chromosome_like	0.6528	0.2274	0.1198
batch02	ERR1713349	k141_1092086	k141_1092086_2 # 519 # 851 # 1 # ID=157679_2;partial=00;start_type=ATG;rbs_motif=GGA/GAG/AGG;rbs_spacer=5-10bp;gc_cont=0.685	qacJ	3007014	Strict	36.54	102.80	disinfecting agents and antiseptics	antibiotic efflux	small multidrug resistance (SMR) antibiotic efflux pump	benzalkonium chloride	yes	chromosome_like	0.4889	0.3601	0.1510
batch02	ERR1713349	k141_673680	k141_673680_1 # 3 # 1328 # -1 # ID=158362_1;partial=10;start_type=ATG;rbs_motif=GGA/GAG/AGG;rbs_spacer=5-10bp;gc_cont=0.573	ArnT	3005053	Strict	79.41	80.22	peptide antibiotic	antibiotic target alteration	pmr phosphoethanolamine transferase	colistin A; colistin B	yes	chromosome_like	0.5597	0.3737	0.0666
batch02	ERR1713349	k141_674200	k141_674200_4 # 1317 # 1646 # 1 # ID=159119_4;partial=00;start_type=ATG;rbs_motif=AGGA;rbs_spacer=5-10bp;gc_cont=0.561	qacJ	3007014	Strict	36.89	101.87	disinfecting agents and antiseptics	antibiotic efflux	small multidrug resistance (SMR) antibiotic efflux pump	benzalkonium chloride	yes	chromosome_like	0.7690	0.1869	0.0442
batch02	ERR1713349	k141_674323	k141_674323_2 # 570 # 893 # -1 # ID=159263_2;partial=00;start_type=ATG;rbs_motif=AGGAGG;rbs_spacer=5-10bp;gc_cont=0.460	qacG	3007015	Strict	49.53	100.00	disinfecting agents and antiseptics	antibiotic efflux	small multidrug resistance (SMR) antibiotic efflux pump	benzalkonium chloride	yes	chromosome_like	0.7870	0.1761	0.0369
batch02	ERR1713349	k141_813179	k141_813179_2 # 504 # 836 # 1 # ID=159278_2;partial=00;start_type=ATG;rbs_motif=None;rbs_spacer=None;gc_cont=0.595	qacJ	3007014	Strict	44.23	102.80	disinfecting agents and antiseptics	antibiotic efflux	small multidrug resistance (SMR) antibiotic efflux pump	benzalkonium chloride	yes	plasmid_like	0.4513	0.4961	0.0526
batch02	ERR1713349	k141_674828	k141_674828_3 # 625 # 1026 # 1 # ID=160025_3;partial=01;start_type=ATG;rbs_motif=AGGAG;rbs_spacer=5-10bp;gc_cont=0.637	fosA5	3003209	Strict	97.01	96.40	fluoroquinolone antibiotic; aminoglycoside antibiotic; phosphonic acid antibiotic	antibiotic inactivation	fosfomycin thiol transferase	ciprofloxacin; gentamicin	yes	plasmid_like	0.4392	0.5071	0.0537
batch02	ERR1713349	k141_1093686	k141_1093686_4 # 2868 # 3332 # 1 # ID=160346_4;partial=00;start_type=ATG;rbs_motif=GGAG/GAGG;rbs_spacer=5-10bp;gc_cont=0.686	Pseudomonas aeruginosa soxR	3004107	Strict	71.43	98.72	fluoroquinolone antibiotic; cephalosporin; glycylcycline; penam; tetracycline antibiotic; rifamycin antibiotic; phenicol antibiotic; disinfecting agents and antiseptics	antibiotic target alteration; antibiotic efflux	ATP-binding cassette (ABC) antibiotic efflux pump; major facilitator superfamily (MFS) antibiotic efflux pump; resistance-nodulation-cell division (RND) antibiotic efflux pump	tigecycline; ciprofloxacin; acriflavine; tetracycline; rifampin; chloramphenicol; ampicillin; norfloxacin; cefalotin; triclosan	yes	chromosome_like	0.8664	0.1022	0.0314
batch02	ERR1713349	k141_237372	k141_237372_2 # 406 # 738 # 1 # ID=160568_2;partial=00;start_type=ATG;rbs_motif=GGAG/GAGG;rbs_spacer=5-10bp;gc_cont=0.408	qacJ	3007014	Strict	40.38	102.80	disinfecting agents and antiseptics	antibiotic efflux	small multidrug resistance (SMR) antibiotic efflux pump	benzalkonium chloride	yes	plasmid_like	0.0079	0.9778	0.0143
batch02	ERR1713349	k141_238114	k141_238114_10 # 9699 # 10739 # 1 # ID=161732_10;partial=00;start_type=ATG;rbs_motif=AGGAG;rbs_spacer=5-10bp;gc_cont=0.631	vanG	3002909	Strict	57.68	99.14	glycopeptide antibiotic	antibiotic target alteration	glycopeptide resistance gene cluster; Van ligase	vancomycin	yes	plasmid_like	0.0299	0.9233	0.0468
batch02	ERR1713349	k141_238114	k141_238114_11 # 10736 # 11488 # 1 # ID=161732_11;partial=00;start_type=ATG;rbs_motif=3Base/5BMM;rbs_spacer=13-15bp;gc_cont=0.625	vanXY gene in vanG cluster	3003069	Strict	47.83	98.43	glycopeptide antibiotic	antibiotic target alteration	glycopeptide resistance gene cluster; vanXY	vancomycin	yes	plasmid_like	0.0299	0.9233	0.0468
batch02	ERR1713349	k141_238114	k141_238114_12 # 11475 # 13556 # 1 # ID=161732_12;partial=00;start_type=ATG;rbs_motif=GGA/GAG/AGG;rbs_spacer=5-10bp;gc_cont=0.607	vanT gene in vanG cluster	3002972	Strict	46.05	97.33	glycopeptide antibiotic	antibiotic target alteration	glycopeptide resistance gene cluster; vanT	vancomycin	yes	plasmid_like	0.0299	0.9233	0.0468
batch02	ERR1713349	k141_238517	k141_238517_2 # 709 # 1254 # 1 # ID=162380_2;partial=01;start_type=ATG;rbs_motif=None;rbs_spacer=None;gc_cont=0.604	vanW gene in vanI cluster	3003724	Strict	41.9	48.79	glycopeptide antibiotic	antibiotic target alteration	vanW; glycopeptide resistance gene cluster	vancomycin; teicoplanin	yes	chromosome_like	0.5930	0.2030	0.2040
batch02	ERR1713349	k141_956797	k141_956797_22 # 19898 # 21085 # 1 # ID=162929_22;partial=00;start_type=ATG;rbs_motif=None;rbs_spacer=None;gc_cont=0.714	vanT gene in vanG cluster	3002972	Strict	34.25	55.48	glycopeptide antibiotic	antibiotic target alteration	glycopeptide resistance gene cluster; vanT	vancomycin	yes	chromosome_like	0.9247	0.0561	0.0191
batch02	ERR1713349	k141_391125	k141_391125_2 # 559 # 882 # 1 # ID=163734_2;partial=00;start_type=ATG;rbs_motif=TAA;rbs_spacer=4bp;gc_cont=0.370	qacJ	3007014	Strict	53.27	100.00	disinfecting agents and antiseptics	antibiotic efflux	small multidrug resistance (SMR) antibiotic efflux pump	benzalkonium chloride	yes	plasmid_like	0.1156	0.7187	0.1657
batch02	ERR1713349	k141_102827	k141_102827_3 # 1833 # 2162 # -1 # ID=166320_3;partial=00;start_type=ATG;rbs_motif=AGGAGG;rbs_spacer=5-10bp;gc_cont=0.355	qacG	3007015	Strict	43.4	101.87	disinfecting agents and antiseptics	antibiotic efflux	small multidrug resistance (SMR) antibiotic efflux pump	benzalkonium chloride	yes	plasmid_like	0.1390	0.6487	0.2123
batch02	ERR1713349	k141_818199	k141_818199_2 # 473 # 910 # 1 # ID=167155_2;partial=00;start_type=ATG;rbs_motif=AGxAGG/AGGxGG;rbs_spacer=5-10bp;gc_cont=0.701	FosI	3007370	Strict	70.0	108.21	phosphonic acid antibiotic	antibiotic inactivation	fosfomycin thiol transferase	fosfomycin	yes	chromosome_like	0.8591	0.1110	0.0299
batch02	ERR1713349	k141_105125	k141_105125_4 # 3175 # 3519 # 1 # ID=169750_4;partial=00;start_type=ATG;rbs_motif=AGGA/GGAG/GAGG;rbs_spacer=11-12bp;gc_cont=0.388	qacG	3007015	Strict	47.12	106.54	disinfecting agents and antiseptics	antibiotic efflux	small multidrug resistance (SMR) antibiotic efflux pump	benzalkonium chloride	yes	chromosome_like	0.8205	0.1377	0.0418
batch02	ERR1713349	k141_682169	k141_682169_1 # 3 # 545 # -1 # ID=170657_1;partial=10;start_type=ATG;rbs_motif=GGAGG;rbs_spacer=5-10bp;gc_cont=0.372	Campylobacter coli chloramphenicol acetyltransferase	3004454	Strict	95.58	87.44	phenicol antibiotic	antibiotic inactivation	chloramphenicol acetyltransferase (CAT)	chloramphenicol	yes	plasmid_like	0.0070	0.9598	0.0331
batch02	ERR1713349	k141_245049	k141_245049_2 # 551 # 886 # -1 # ID=172677_2;partial=00;start_type=ATG;rbs_motif=GGAG/GAGG;rbs_spacer=5-10bp;gc_cont=0.646	qacG	3007015	Strict	42.31	103.74	disinfecting agents and antiseptics	antibiotic efflux	small multidrug resistance (SMR) antibiotic efflux pump	benzalkonium chloride	yes	chromosome_like	0.8717	0.0979	0.0305
batch02	ERR1713349	k141_398590	k141_398590_3 # 1392 # 2243 # 1 # ID=174616_3;partial=00;start_type=ATG;rbs_motif=GGAG/GAGG;rbs_spacer=5-10bp;gc_cont=0.459	vanY gene in vanB cluster	3002956	Strict	40.67	105.60	glycopeptide antibiotic	antibiotic target alteration	vanY; glycopeptide resistance gene cluster	vancomycin	yes	chromosome_like	0.6615	0.2091	0.1294
batch02	ERR1713349	k141_108955	k141_108955_11 # 8580 # 9686 # -1 # ID=176201_11;partial=00;start_type=ATG;rbs_motif=AAAA;rbs_spacer=4bp;gc_cont=0.314	vanT gene in vanG cluster	3002972	Strict	33.79	51.69	glycopeptide antibiotic	antibiotic target alteration	glycopeptide resistance gene cluster; vanT	vancomycin	yes	chromosome_like	0.9504	0.0352	0.0144
batch02	ERR1713349	k141_247461	k141_247461_2 # 388 # 1047 # 1 # ID=176202_2;partial=00;start_type=ATG;rbs_motif=AGGAGG;rbs_spacer=5-10bp;gc_cont=0.353	catQ	3002687	Strict	99.09	100.00	phenicol antibiotic	antibiotic inactivation	chloramphenicol acetyltransferase (CAT)	azidamfenicol; chloramphenicol; thiamphenicol	yes	virus_like	0.1707	0.2104	0.6189
batch02	ERR1713349	k141_685908	k141_685908_1 # 2 # 1315 # 1 # ID=176219_1;partial=10;start_type=Edge;rbs_motif=None;rbs_spacer=None;gc_cont=0.449	vanT gene in vanG cluster	3002972	Strict	33.96	61.38	glycopeptide antibiotic	antibiotic target alteration	glycopeptide resistance gene cluster; vanT	vancomycin	yes	chromosome_like	0.7452	0.1602	0.0946
batch02	ERR1713349	k141_1104557	k141_1104557_2 # 879 # 1085 # -1 # ID=176712_2;partial=01;start_type=Edge;rbs_motif=None;rbs_spacer=None;gc_cont=0.657	vanY gene in vanM cluster	3002961	Strict	48.33	29.18	glycopeptide antibiotic	antibiotic target alteration	vanY; glycopeptide resistance gene cluster	vancomycin; teicoplanin	yes	chromosome_like	0.6013	0.2331	0.1657
batch02	ERR1713349	k141_686484	k141_686484_2 # 122 # 1498 # -1 # ID=177024_2;partial=01;start_type=Edge;rbs_motif=None;rbs_spacer=None;gc_cont=0.433	vanY gene in vanB cluster	3002956	Strict	25.36	170.90	glycopeptide antibiotic	antibiotic target alteration	vanY; glycopeptide resistance gene cluster	vancomycin	yes	plasmid_like	0.1546	0.4258	0.4196
batch02	ERR1713349	k141_537835	k141_537835_2 # 349 # 963 # -1 # ID=177727_2;partial=00;start_type=ATG;rbs_motif=GGA/GAG/AGG;rbs_spacer=5-10bp;gc_cont=0.400	evgA	3000832	Perfect	100.0	100.00	macrolide antibiotic; fluoroquinolone antibiotic; penam; tetracycline antibiotic	antibiotic efflux	major facilitator superfamily (MFS) antibiotic efflux pump; resistance-nodulation-cell division (RND) antibiotic efflux pump	erythromycin; cloxacillin; tetracycline; oxacillin; norfloxacin	yes	plasmid_like	0.1647	0.7287	0.1067
batch02	ERR1713349	k141_687153	k141_687153_2 # 358 # 693 # -1 # ID=177918_2;partial=00;start_type=ATG;rbs_motif=GGA/GAG/AGG;rbs_spacer=11-12bp;gc_cont=0.658	qacG	3007015	Strict	44.76	103.74	disinfecting agents and antiseptics	antibiotic efflux	small multidrug resistance (SMR) antibiotic efflux pump	benzalkonium chloride	yes	chromosome_like	0.4142	0.4071	0.1787
batch02	ERR1713349	k141_688536	k141_688536_4 # 2315 # 2647 # -1 # ID=179896_4;partial=00;start_type=ATG;rbs_motif=GGAGG;rbs_spacer=5-10bp;gc_cont=0.595	qacG	3007015	Strict	40.38	102.80	disinfecting agents and antiseptics	antibiotic efflux	small multidrug resistance (SMR) antibiotic efflux pump	benzalkonium chloride	yes	chromosome_like	0.8541	0.1052	0.0408
batch02	ERR1713349	k141_249917	k141_249917_2 # 308 # 1156 # -1 # ID=180112_2;partial=00;start_type=ATG;rbs_motif=None;rbs_spacer=None;gc_cont=0.662	vanY gene in vanM cluster	3002961	Strict	30.99	121.03	glycopeptide antibiotic	antibiotic target alteration	vanY; glycopeptide resistance gene cluster	vancomycin; teicoplanin	yes	chromosome_like	0.6969	0.2034	0.0997
batch02	ERR1713349	k141_968767	k141_968767_2 # 1388 # 1948 # -1 # ID=180364_2;partial=01;start_type=Edge;rbs_motif=None;rbs_spacer=None;gc_cont=0.376	tet(Q)	3000191	Strict	91.94	28.31	tetracycline antibiotic	antibiotic target protection	tetracycline-resistant ribosomal protection protein	tetracycline; doxycycline; minocycline; chlortetracycline; demeclocycline; oxytetracycline	yes	plasmid_like	0.1128	0.6249	0.2623
batch02	ERR1713349	k141_969330	k141_969330_5 # 2070 # 3275 # -1 # ID=181302_5;partial=00;start_type=ATG;rbs_motif=None;rbs_spacer=None;gc_cont=0.413	Mef(En2)	3004659	Strict	99.5	100.00	macrolide antibiotic	antibiotic efflux	major facilitator superfamily (MFS) antibiotic efflux pump		yes	plasmid_like	0.0260	0.9520	0.0220
batch02	ERR1713349	k141_403593	k141_403593_2 # 799 # 1131 # 1 # ID=181648_2;partial=00;start_type=ATG;rbs_motif=GGAG/GAGG;rbs_spacer=5-10bp;gc_cont=0.498	qacL	3005098	Strict	83.64	100.00	disinfecting agents and antiseptics	antibiotic efflux	small multidrug resistance (SMR) antibiotic efflux pump		yes	plasmid_like	0.1518	0.6356	0.2125
batch02	ERR1713349	k141_403638	k141_403638_12 # 8120 # 11275 # -1 # ID=181749_12;partial=00;start_type=ATG;rbs_motif=AGGA;rbs_spacer=5-10bp;gc_cont=0.580	adeF	3000777	Strict	42.71	99.24	fluoroquinolone antibiotic; tetracycline antibiotic	antibiotic efflux	resistance-nodulation-cell division (RND) antibiotic efflux pump	tetracycline	yes	chromosome_like	0.5153	0.3956	0.0891
batch02	ERR1713349	k141_969821	k141_969821_2 # 430 # 765 # 1 # ID=181962_2;partial=00;start_type=ATG;rbs_motif=None;rbs_spacer=None;gc_cont=0.571	qacJ	3007014	Strict	44.76	103.74	disinfecting agents and antiseptics	antibiotic efflux	small multidrug resistance (SMR) antibiotic efflux pump	benzalkonium chloride	yes	chromosome_like	0.6101	0.2892	0.1007
batch02	ERR1713349	k141_540913	k141_540913_1 # 327 # 512 # -1 # ID=182265_1;partial=00;start_type=ATG;rbs_motif=AGGAG;rbs_spacer=5-10bp;gc_cont=0.522	rsmA	3005069	Strict	98.36	100.00	fluoroquinolone antibiotic; diaminopyrimidine antibiotic; phenicol antibiotic	antibiotic efflux	resistance-nodulation-cell division (RND) antibiotic efflux pump	trimethoprim; chloramphenicol	yes	chromosome_like	0.8668	0.0979	0.0352
batch02	ERR1713349	k141_404763	k141_404763_1 # 195 # 596 # 1 # ID=183518_1;partial=00;start_type=ATG;rbs_motif=AGGA;rbs_spacer=5-10bp;gc_cont=0.348	FosXCC	3003208	Strict	66.92	94.33	phosphonic acid antibiotic	antibiotic inactivation	fosfomycin thiol transferase	fosfomycin	yes	chromosome_like	0.4509	0.3663	0.1828
batch02	ERR1713349	k141_253106	k141_253106_2 # 440 # 1363 # -1 # ID=185132_2;partial=01;start_type=Edge;rbs_motif=None;rbs_spacer=None;gc_cont=0.446	vanT gene in vanG cluster	3002972	Strict	36.59	43.12	glycopeptide antibiotic	antibiotic target alteration	glycopeptide resistance gene cluster; vanT	vancomycin	yes	plasmid_like	0.3047	0.4828	0.2124
batch02	ERR1713349	k141_830283	k141_830283_2 # 586 # 1407 # -1 # ID=185177_2;partial=00;start_type=ATG;rbs_motif=GGA/GAG/AGG;rbs_spacer=5-10bp;gc_cont=0.528	bacA	3002986	Strict	99.63	100.00	peptide antibiotic	antibiotic target alteration	undecaprenyl pyrophosphate related proteins	bacitracin; bacitracin A; bacitracin B; bacitracin F	yes	chromosome_like	0.5388	0.3424	0.1188
batch02	ERR1713349	k141_543160	k141_543160_4 # 2750 # 3889 # 1 # ID=185648_4;partial=00;start_type=ATG;rbs_motif=None;rbs_spacer=None;gc_cont=0.667	vanT gene in vanG cluster	3002972	Strict	31.13	53.23	glycopeptide antibiotic	antibiotic target alteration	glycopeptide resistance gene cluster; vanT	vancomycin	yes	chromosome_like	0.9694	0.0219	0.0087
batch02	ERR1713349	k141_1112797	k141_1112797_2 # 332 # 2251 # -1 # ID=188995_2;partial=00;start_type=ATG;rbs_motif=AGGAGG;rbs_spacer=5-10bp;gc_cont=0.405	tet(O)	3000190	Strict	98.75	100.00	tetracycline antibiotic	antibiotic target protection	tetracycline-resistant ribosomal protection protein	tetracycline; doxycycline; minocycline; chlortetracycline; demeclocycline; oxytetracycline	yes	plasmid_like	0.0574	0.8250	0.1176
batch02	ERR1713349	k141_257166	k141_257166_1 # 1 # 1581 # 1 # ID=191455_1;partial=10;start_type=Edge;rbs_motif=None;rbs_spacer=None;gc_cont=0.344	vanT gene in vanG cluster	3002972	Strict	34.77	73.88	glycopeptide antibiotic	antibiotic target alteration	glycopeptide resistance gene cluster; vanT	vancomycin	yes	chromosome_like	0.8086	0.1067	0.0847
batch02	ERR1713349	k141_119094	k141_119094_3 # 2464 # 3936 # 1 # ID=191705_3;partial=00;start_type=ATG;rbs_motif=GGAG/GAGG;rbs_spacer=5-10bp;gc_cont=0.485	vanW gene in vanI cluster	3003724	Strict	31.82	131.37	glycopeptide antibiotic	antibiotic target alteration	vanW; glycopeptide resistance gene cluster	vancomycin; teicoplanin	yes	chromosome_like	0.9304	0.0488	0.0208
batch02	ERR1713349	k141_977622	k141_977622_4 # 1778 # 2095 # 1 # ID=193459_4;partial=00;start_type=ATG;rbs_motif=GGA/GAG/AGG;rbs_spacer=5-10bp;gc_cont=0.274	qacJ	3007014	Strict	42.16	98.13	disinfecting agents and antiseptics	antibiotic efflux	small multidrug resistance (SMR) antibiotic efflux pump	benzalkonium chloride	yes	chromosome_like	0.6976	0.2700	0.0324
batch02	ERR1713349	k141_1116552	k141_1116552_2 # 132 # 1256 # -1 # ID=194483_2;partial=00;start_type=GTG;rbs_motif=None;rbs_spacer=None;gc_cont=0.377	vanT gene in vanG cluster	3002972	Strict	33.75	52.53	glycopeptide antibiotic	antibiotic target alteration	glycopeptide resistance gene cluster; vanT	vancomycin	yes	chromosome_like	0.8122	0.0906	0.0972
batch02	ERR1713349	k141_121515	k141_121515_3 # 855 # 1919 # -1 # ID=195382_3;partial=00;start_type=ATG;rbs_motif=AGGAG;rbs_spacer=5-10bp;gc_cont=0.566	vanG	3002909	Strict	38.98	101.43	glycopeptide antibiotic	antibiotic target alteration	glycopeptide resistance gene cluster; Van ligase	vancomycin	yes	chromosome_like	0.9599	0.0286	0.0115
batch02	ERR1713349	k141_1117664	k141_1117664_1 # 202 # 534 # -1 # ID=196092_1;partial=00;start_type=GTG;rbs_motif=AGGAG;rbs_spacer=5-10bp;gc_cont=0.520	qacL	3005098	Strict	93.64	100.00	disinfecting agents and antiseptics	antibiotic efflux	small multidrug resistance (SMR) antibiotic efflux pump		yes	plasmid_like	0.1557	0.7759	0.0685
batch02	ERR1713349	k141_981105	k141_981105_5 # 4264 # 5064 # -1 # ID=198604_5;partial=00;start_type=ATG;rbs_motif=GGAG/GAGG;rbs_spacer=5-10bp;gc_cont=0.408	vanY gene in vanM cluster	3002961	Strict	28.28	114.16	glycopeptide antibiotic	antibiotic target alteration	vanY; glycopeptide resistance gene cluster	vancomycin; teicoplanin	yes	chromosome_like	0.7213	0.1892	0.0894
batch02	ERR1713349	k141_1119429	k141_1119429_1 # 151 # 636 # 1 # ID=198668_1;partial=00;start_type=ATG;rbs_motif=GGxGG;rbs_spacer=5-10bp;gc_cont=0.370	nimA	3007104	Strict	49.69	91.48	nitroimidazole antibiotic	antibiotic inactivation	nitroimidazole reductase	metronidazole	yes	chromosome_like	0.9178	0.0548	0.0274
batch02	ERR1713349	k141_1119603	k141_1119603_4 # 1835 # 2719 # -1 # ID=199006_4;partial=00;start_type=ATG;rbs_motif=None;rbs_spacer=None;gc_cont=0.367	mphG	3003742	Strict	99.32	100.00	macrolide antibiotic	antibiotic inactivation	macrolide phosphotransferase (MPH)	erythromycin; clarithromycin; azithromycin	yes	chromosome_like	0.6197	0.3166	0.0637
batch02	ERR1713349	k141_124690	k141_124690_2 # 435 # 779 # -1 # ID=200213_2;partial=00;start_type=ATG;rbs_motif=None;rbs_spacer=None;gc_cont=0.394	qacG	3007015	Strict	50.0	106.54	disinfecting agents and antiseptics	antibiotic efflux	small multidrug resistance (SMR) antibiotic efflux pump	benzalkonium chloride	yes	chromosome_like	0.5038	0.4326	0.0636
batch02	ERR1713349	k141_416255	k141_416255_8 # 5553 # 7337 # -1 # ID=200269_8;partial=00;start_type=ATG;rbs_motif=GGAG/GAGG;rbs_spacer=5-10bp;gc_cont=0.387	patB	3000025	Strict	67.68	101.02	fluoroquinolone antibiotic	antibiotic efflux	ATP-binding cassette (ABC) antibiotic efflux pump	ciprofloxacin; norfloxacin	yes	virus_like	0.0995	0.4011	0.4994
batch02	ERR1713349	k141_416389	k141_416389_8 # 6415 # 7212 # -1 # ID=200521_8;partial=00;start_type=ATG;rbs_motif=TAA;rbs_spacer=12bp;gc_cont=0.402	vanY gene in vanB cluster	3002956	Strict	31.9	98.88	glycopeptide antibiotic	antibiotic target alteration	vanY; glycopeptide resistance gene cluster	vancomycin	yes	chromosome_like	0.9121	0.0517	0.0362
batch02	ERR1713349	k141_263606	k141_263606_2 # 132 # 2372 # 1 # ID=201322_2;partial=01;start_type=ATG;rbs_motif=AATAA;rbs_spacer=6bp;gc_cont=0.316	vanT gene in vanG cluster	3002972	Strict	34.77	104.92	glycopeptide antibiotic	antibiotic target alteration	glycopeptide resistance gene cluster; vanT	vancomycin	yes	chromosome_like	0.9617	0.0281	0.0102
batch02	ERR1713349	k141_704090	k141_704090_1 # 144 # 866 # -1 # ID=202203_1;partial=00;start_type=ATG;rbs_motif=AAA;rbs_spacer=12bp;gc_cont=0.506	AAC(6')-Ib9	3002580	Strict	98.99	118.23	aminoglycoside antibiotic	antibiotic inactivation	AAC(6')	amikacin; kanamycin A; tobramycin	yes	plasmid_like	0.1892	0.4562	0.3546
batch02	ERR1713349	k141_842492	k141_842492_2 # 464 # 1651 # 1 # ID=203935_2;partial=00;start_type=ATG;rbs_motif=AGGAG/GGAGG;rbs_spacer=11-12bp;gc_cont=0.651	vanT gene in vanG cluster	3002972	Strict	37.53	55.48	glycopeptide antibiotic	antibiotic target alteration	glycopeptide resistance gene cluster; vanT	vancomycin	yes	chromosome_like	0.4412	0.4205	0.1383
batch02	ERR1713349	k141_984936	k141_984936_2 # 769 # 1554 # 1 # ID=204137_2;partial=00;start_type=ATG;rbs_motif=None;rbs_spacer=None;gc_cont=0.370	vanY gene in vanB cluster	3002956	Strict	34.23	97.39	glycopeptide antibiotic	antibiotic target alteration	vanY; glycopeptide resistance gene cluster	vancomycin	yes	chromosome_like	0.7662	0.1482	0.0856
batch02	ERR1713349	k141_418984	k141_418984_1 # 2 # 1510 # 1 # ID=204265_1;partial=10;start_type=Edge;rbs_motif=None;rbs_spacer=None;gc_cont=0.276	vanW gene in vanI cluster	3003724	Strict	31.27	134.58	glycopeptide antibiotic	antibiotic target alteration	vanW; glycopeptide resistance gene cluster	vancomycin; teicoplanin	yes	virus_like	0.2411	0.3197	0.4392
batch02	ERR1713349	k141_419005	k141_419005_1 # 1 # 1080 # -1 # ID=204305_1;partial=10;start_type=ATG;rbs_motif=None;rbs_spacer=None;gc_cont=0.320	tet(S)	3000192	Strict	99.72	56.16	tetracycline antibiotic	antibiotic target protection	tetracycline-resistant ribosomal protection protein	tetracycline; doxycycline; minocycline; chlortetracycline; demeclocycline; oxytetracycline	yes	plasmid_like	0.2023	0.5888	0.2090
batch02	ERR1713349	k141_843041	k141_843041_3 # 1732 # 2424 # 1 # ID=204711_3;partial=00;start_type=ATG;rbs_motif=TAA;rbs_spacer=7bp;gc_cont=0.312	vanW gene in vanG cluster	3002965	Strict	36.08	81.85	glycopeptide antibiotic	antibiotic target alteration	vanW; glycopeptide resistance gene cluster	vancomycin	yes	chromosome_like	0.9564	0.0305	0.0131
batch02	ERR1713349	k141_128395	k141_128395_1 # 114 # 1007 # -1 # ID=205751_1;partial=01;start_type=Edge;rbs_motif=None;rbs_spacer=None;gc_cont=0.602	vanW gene in vanI cluster	3003724	Strict	36.97	79.62	glycopeptide antibiotic	antibiotic target alteration	vanW; glycopeptide resistance gene cluster	vancomycin; teicoplanin	yes	plasmid_like	0.2895	0.4087	0.3019
batch02	ERR1713349	k141_986258	k141_986258_3 # 586 # 1806 # -1 # ID=205986_3;partial=00;start_type=ATG;rbs_motif=AGGAG/GGAGG;rbs_spacer=11-12bp;gc_cont=0.566	tet(40)	3000567	Strict	99.01	100.00	tetracycline antibiotic	antibiotic efflux	major facilitator superfamily (MFS) antibiotic efflux pump	tetracycline	yes	chromosome_like	0.5442	0.3682	0.0876
batch02	ERR1713349	k141_986457	k141_986457_2 # 379 # 564 # 1 # ID=206270_2;partial=00;start_type=ATG;rbs_motif=AGGAG;rbs_spacer=5-10bp;gc_cont=0.505	rsmA	3005069	Strict	85.25	100.00	fluoroquinolone antibiotic; diaminopyrimidine antibiotic; phenicol antibiotic	antibiotic efflux	resistance-nodulation-cell division (RND) antibiotic efflux pump	trimethoprim; chloramphenicol	yes	plasmid_like	0.2019	0.4042	0.3939
batch02	ERR1713349	k141_556743	k141_556743_3 # 1449 # 3890 # -1 # ID=206374_3;partial=00;start_type=ATG;rbs_motif=None;rbs_spacer=None;gc_cont=0.371	vanT gene in vanG cluster	3002972	Strict	33.6	114.19	glycopeptide antibiotic	antibiotic target alteration	glycopeptide resistance gene cluster; vanT	vancomycin	yes	chromosome_like	0.9742	0.0181	0.0077
batch02	ERR1713349	k141_129052	k141_129052_1 # 231 # 1010 # 1 # ID=206736_1;partial=01;start_type=ATG;rbs_motif=TATAA;rbs_spacer=11bp;gc_cont=0.327	LnuH	3004600	Strict	93.08	100.00	lincosamide antibiotic	antibiotic inactivation	lincosamide nucleotidyltransferase (LNU)		yes	plasmid_like	0.1035	0.8584	0.0380
batch02	ERR1713349	k141_268510	k141_268510_1 # 2 # 493 # -1 # ID=209093_1;partial=10;start_type=ATG;rbs_motif=AGGA/GGAG/GAGG;rbs_spacer=11-12bp;gc_cont=0.533	emrR	3000516	Strict	95.73	93.18	fluoroquinolone antibiotic	antibiotic efflux	major facilitator superfamily (MFS) antibiotic efflux pump	nalidixic acid	yes	plasmid_like	0.1131	0.7792	0.1077
batch02	ERR1713349	k141_268592	k141_268592_3 # 827 # 1237 # -1 # ID=209207_3;partial=00;start_type=ATG;rbs_motif=GGA/GAG/AGG;rbs_spacer=11-12bp;gc_cont=0.538	FosI	3007370	Strict	75.0	101.49	phosphonic acid antibiotic	antibiotic inactivation	fosfomycin thiol transferase	fosfomycin	yes	plasmid_like	0.0994	0.5253	0.3753
batch02	ERR1713349	k141_1126749	k141_1126749_3 # 465 # 1550 # -1 # ID=209252_3;partial=01;start_type=Edge;rbs_motif=None;rbs_spacer=None;gc_cont=0.456	vanW gene in vanI cluster	3003724	Strict	33.33	96.78	glycopeptide antibiotic	antibiotic target alteration	vanW; glycopeptide resistance gene cluster	vancomycin; teicoplanin	yes	chromosome_like	0.5927	0.2646	0.1427
batch02	ERR1713349	k141_269857	k141_269857_2 # 1334 # 3706 # 1 # ID=211083_2;partial=00;start_type=ATG;rbs_motif=AGGA;rbs_spacer=5-10bp;gc_cont=0.610	vanT gene in vanG cluster	3002972	Strict	38.07	110.96	glycopeptide antibiotic	antibiotic target alteration	glycopeptide resistance gene cluster; vanT	vancomycin	yes	chromosome_like	0.9571	0.0312	0.0117
batch02	ERR1713349	k141_710835	k141_710835_5 # 3831 # 4961 # -1 # ID=212040_5;partial=00;start_type=ATG;rbs_motif=GGxGG;rbs_spacer=5-10bp;gc_cont=0.457	vanT gene in vanG cluster	3002972	Strict	37.18	52.81	glycopeptide antibiotic	antibiotic target alteration	glycopeptide resistance gene cluster; vanT	vancomycin	yes	chromosome_like	0.8821	0.0906	0.0273
batch02	ERR1713349	k141_132504	k141_132504_17 # 17575 # 20748 # 1 # ID=212069_17;partial=00;start_type=ATG;rbs_motif=AGGAG;rbs_spacer=5-10bp;gc_cont=0.618	adeF	3000777	Strict	42.36	99.81	fluoroquinolone antibiotic; tetracycline antibiotic	antibiotic efflux	resistance-nodulation-cell division (RND) antibiotic efflux pump	tetracycline	yes	chromosome_like	0.8328	0.1327	0.0346
batch02	ERR1713349	k141_848847	k141_848847_5 # 5186 # 5515 # 1 # ID=213271_5;partial=00;start_type=ATG;rbs_motif=None;rbs_spacer=None;gc_cont=0.658	qacJ	3007014	Strict	40.0	101.87	disinfecting agents and antiseptics	antibiotic efflux	small multidrug resistance (SMR) antibiotic efflux pump	benzalkonium chloride	yes	chromosome_like	0.5198	0.4004	0.0798
batch02	ERR1713349	k141_561547	k141_561547_3 # 1048 # 4197 # -1 # ID=213417_3;partial=00;start_type=ATG;rbs_motif=AGGAG;rbs_spacer=5-10bp;gc_cont=0.538	acrB	3000216	Perfect	100.0	100.00	fluoroquinolone antibiotic; cephalosporin; glycylcycline; penam; tetracycline antibiotic; rifamycin antibiotic; phenicol antibiotic; disinfecting agents and antiseptics	antibiotic efflux	resistance-nodulation-cell division (RND) antibiotic efflux pump	tigecycline; tetracycline; rifampin; chloramphenicol; ampicillin; cefalotin; triclosan	yes	plasmid_like	0.0255	0.9143	0.0602
batch02	ERR1713349	k141_561570	k141_561570_3 # 1619 # 3022 # 1 # ID=213464_3;partial=01;start_type=ATG;rbs_motif=TAA;rbs_spacer=4bp;gc_cont=0.387	tet(Q)	3000191	Strict	88.68	71.23	tetracycline antibiotic	antibiotic target protection	tetracycline-resistant ribosomal protection protein	tetracycline; doxycycline; minocycline; chlortetracycline; demeclocycline; oxytetracycline	yes	chromosome_like	0.4253	0.4089	0.1658
batch02	ERR1713349	k141_563212	k141_563212_3 # 1020 # 1247 # -1 # ID=215816_3;partial=01;start_type=Edge;rbs_motif=None;rbs_spacer=None;gc_cont=0.645	vanY gene in vanB cluster	3002956	Strict	51.85	27.99	glycopeptide antibiotic	antibiotic target alteration	vanY; glycopeptide resistance gene cluster	vancomycin	yes	plasmid_like	0.2177	0.6375	0.1448
batch02	ERR1713349	k141_851559	k141_851559_1 # 184 # 516 # 1 # ID=216944_1;partial=00;start_type=ATG;rbs_motif=GGA/GAG/AGG;rbs_spacer=5-10bp;gc_cont=0.411	qacG	3007015	Strict	43.81	102.80	disinfecting agents and antiseptics	antibiotic efflux	small multidrug resistance (SMR) antibiotic efflux pump	benzalkonium chloride	yes	chromosome_like	0.6478	0.2961	0.0561
batch02	ERR1713349	k141_1132609	k141_1132609_2 # 1143 # 1550 # 1 # ID=217513_2;partial=00;start_type=ATG;rbs_motif=GGA/GAG/AGG;rbs_spacer=5-10bp;gc_cont=0.483	H-NS	3000676	Strict	94.07	98.54	macrolide antibiotic; fluoroquinolone antibiotic; cephalosporin; cephamycin; penam; tetracycline antibiotic	antibiotic efflux	major facilitator superfamily (MFS) antibiotic efflux pump; resistance-nodulation-cell division (RND) antibiotic efflux pump	erythromycin; cloxacillin; ciprofloxacin; tetracycline; oxacillin; norfloxacin	yes	chromosome_like	0.4174	0.2619	0.3207
batch02	ERR1713349	k141_996625	k141_996625_1 # 87 # 1187 # -1 # ID=220409_1;partial=01;start_type=Edge;rbs_motif=None;rbs_spacer=None;gc_cont=0.433	vanW gene in vanI cluster	3003724	Strict	35.93	98.12	glycopeptide antibiotic	antibiotic target alteration	vanW; glycopeptide resistance gene cluster	vancomycin; teicoplanin	yes	chromosome_like	0.6318	0.2051	0.1631
batch02	ERR1713349	k141_569176	k141_569176_3 # 1596 # 2780 # -1 # ID=222498_3;partial=00;start_type=GTG;rbs_motif=AGGAG;rbs_spacer=5-10bp;gc_cont=0.273	vanT gene in vanG cluster	3002972	Strict	36.76	55.34	glycopeptide antibiotic	antibiotic target alteration	glycopeptide resistance gene cluster; vanT	vancomycin	yes	chromosome_like	0.8161	0.1549	0.0289
batch02	ERR1713349	k141_280509	k141_280509_2 # 1239 # 2204 # -1 # ID=223788_2;partial=00;start_type=ATG;rbs_motif=TAA;rbs_spacer=11bp;gc_cont=0.356	CfxA2	3003002	Perfect	100.0	100.00	cephamycin	antibiotic inactivation	CfxA beta-lactamase		yes	plasmid_like	0.0028	0.9877	0.0095
batch02	ERR1713349	k141_1140090	k141_1140090_5 # 4104 # 4850 # -1 # ID=224279_5;partial=00;start_type=ATG;rbs_motif=None;rbs_spacer=None;gc_cont=0.406	vanY gene in vanB cluster	3002956	Strict	42.06	92.54	glycopeptide antibiotic	antibiotic target alteration	vanY; glycopeptide resistance gene cluster	vancomycin	yes	chromosome_like	0.5340	0.3901	0.0759
batch02	ERR1713349	k141_876848	k141_876848_1 # 8 # 1192 # -1 # ID=35879_1;partial=00;start_type=GTG;rbs_motif=AGGA;rbs_spacer=5-10bp;gc_cont=0.573	Escherichia coli EF-Tu mutants conferring resistance to Pulvomycin	3003369	Strict	88.04	96.33	elfamycin antibiotic	antibiotic target alteration	elfamycin resistant EF-Tu	pulvomycin	yes	chromosome_like	0.7637	0.1274	0.1089
batch02	ERR1713349	k141_308113	k141_308113_2 # 310 # 744 # -1 # ID=36234_2;partial=00;start_type=GTG;rbs_motif=None;rbs_spacer=None;gc_cont=0.501	Escherichia coli AcrAB-TolC with MarR mutations conferring resistance to ciprofloxacin and tetracycline	3003378	Strict	83.92	100.00	fluoroquinolone antibiotic; cephalosporin; glycylcycline; penam; tetracycline antibiotic; rifamycin antibiotic; phenicol antibiotic; disinfecting agents and antiseptics	antibiotic target alteration; antibiotic efflux	resistance-nodulation-cell division (RND) antibiotic efflux pump	tigecycline; ciprofloxacin; tetracycline; rifampin; chloramphenicol; ampicillin; cefalotin; triclosan	yes	plasmid_like	0.1967	0.6960	0.1073
batch02	ERR1713349	k141_837104	k141_837104_2 # 455 # 778 # 1 # ID=195904_2;partial=00;start_type=ATG;rbs_motif=GGAG/GAGG;rbs_spacer=5-10bp;gc_cont=0.509	Escherichia coli soxS with mutation conferring antibiotic resistance	3003511	Strict	99.07	100.00	fluoroquinolone antibiotic; monobactam; carbapenem; cephalosporin; glycylcycline; cephamycin; penam; tetracycline antibiotic; rifamycin antibiotic; phenicol antibiotic; penem; disinfecting agents and antiseptics	antibiotic target alteration; antibiotic efflux; reduced permeability to antibiotic	ATP-binding cassette (ABC) antibiotic efflux pump; major facilitator superfamily (MFS) antibiotic efflux pump; resistance-nodulation-cell division (RND) antibiotic efflux pump; General Bacterial Porin with reduced permeability to beta-lactams	tigecycline; ciprofloxacin; tetracycline; rifampin; chloramphenicol; ampicillin; norfloxacin; cefalotin; triclosan; enrofloxacin	yes	chromosome_like	0.5899	0.3551	0.0550
batch02	ERR1713349	k141_426138	k141_426138_2 # 339 # 986 # 1 # ID=214271_2;partial=00;start_type=ATG;rbs_motif=None;rbs_spacer=None;gc_cont=0.458	Escherichia coli AcrAB-TolC with AcrR mutation conferring resistance to ciprofloxacin, tetracycline, and ceftazidime	3003807	Strict	100.0	100.00	fluoroquinolone antibiotic; cephalosporin; glycylcycline; penam; tetracycline antibiotic; rifamycin antibiotic; phenicol antibiotic; disinfecting agents and antiseptics	antibiotic target alteration; antibiotic efflux	resistance-nodulation-cell division (RND) antibiotic efflux pump	tigecycline; ciprofloxacin; tetracycline; ceftazidime; rifampin; chloramphenicol; ampicillin; cefalotin; triclosan	yes	plasmid_like	0.2564	0.6361	0.1074
