set	sample_id	contig_id	ORF_ID	Best_Hit_ARO	ARO	Cut_Off	Best_Identities	Percentage_Length_of_Reference_Sequence	Drug_Class	Resistance_Mechanism	AMR_Gene_Family	Antibiotic	matched_to_genomad	genomad_context	chromosome_score	plasmid_score	virus_score
RM2016_USA_crossstudy_additional8	ERR1713405	k141_145	k141_145_1 # 2 # 478 # 1 # ID=178_1;partial=10;start_type=Edge;rbs_motif=None;rbs_spacer=None;gc_cont=0.470	vanY gene in vanG cluster	3002959	Strict	44.44	56.63	glycopeptide antibiotic	antibiotic target alteration	vanY; glycopeptide resistance gene cluster	vancomycin	False	chromosome_like	1		
RM2016_USA_crossstudy_additional8	ERR1713405	k141_149	k141_149_1 # 1 # 501 # 1 # ID=185_1;partial=10;start_type=Edge;rbs_motif=None;rbs_spacer=None;gc_cont=0.477	vanY gene in vanB cluster	3002956	Strict	42.48	61.94	glycopeptide antibiotic	antibiotic target alteration	vanY; glycopeptide resistance gene cluster	vancomycin	False	chromosome_like	1		
RM2016_USA_crossstudy_additional8	ERR1713405	k141_681138	k141_681138_4 # 4020 # 5723 # 1 # ID=779_4;partial=00;start_type=ATG;rbs_motif=GGA/GAG/AGG;rbs_spacer=5-10bp;gc_cont=0.435	vanW gene in vanI cluster	3003724	Strict	39.06	152.01	glycopeptide antibiotic	antibiotic target alteration	vanW; glycopeptide resistance gene cluster	vancomycin; teicoplanin	False	chromosome_like	1		
RM2016_USA_crossstudy_additional8	ERR1713405	k141_171204	k141_171204_3 # 1487 # 2338 # 1 # ID=1447_3;partial=00;start_type=ATG;rbs_motif=GGAG/GAGG;rbs_spacer=5-10bp;gc_cont=0.459	vanY gene in vanG cluster	3002959	Strict	40.31	101.43	glycopeptide antibiotic	antibiotic target alteration	vanY; glycopeptide resistance gene cluster	vancomycin	False	chromosome_like	1		
RM2016_USA_crossstudy_additional8	ERR1713405	k141_681724	k141_681724_2 # 619 # 1383 # -1 # ID=1603_2;partial=00;start_type=ATG;rbs_motif=AAAA;rbs_spacer=4bp;gc_cont=0.361	tet(36)	3000197	Strict	92.13	39.69	tetracycline antibiotic	antibiotic target protection	tetracycline-resistant ribosomal protection protein	tetracycline; doxycycline; minocycline; chlortetracycline; demeclocycline; oxytetracycline	False	chromosome_like	1		
RM2016_USA_crossstudy_additional8	ERR1713405	k141_341651	k141_341651_3 # 3434 # 4837 # 1 # ID=2457_3;partial=00;start_type=ATG;rbs_motif=AGGAG;rbs_spacer=5-10bp;gc_cont=0.537	baeS	3000829	Strict	99.79	100.0	aminoglycoside antibiotic; aminocoumarin antibiotic	antibiotic efflux	resistance-nodulation-cell division (RND) antibiotic efflux pump	novobiocin	False	chromosome_like	1		
RM2016_USA_crossstudy_additional8	ERR1713405	k141_341651	k141_341651_4 # 4834 # 5556 # 1 # ID=2457_4;partial=00;start_type=ATG;rbs_motif=GGA/GAG/AGG;rbs_spacer=5-10bp;gc_cont=0.538	baeR	3000828	Strict	99.58	100.0	aminoglycoside antibiotic; aminocoumarin antibiotic	antibiotic efflux	resistance-nodulation-cell division (RND) antibiotic efflux pump	novobiocin	False	chromosome_like	1		
RM2016_USA_crossstudy_additional8	ERR1713405	k141_1193501	k141_1193501_11 # 8872 # 9204 # 1 # ID=3391_11;partial=00;start_type=ATG;rbs_motif=AGGA;rbs_spacer=5-10bp;gc_cont=0.610	qacG	3007015	Strict	38.1	102.8	disinfecting agents and antiseptics	antibiotic efflux	small multidrug resistance (SMR) antibiotic efflux pump	benzalkonium chloride	False	chromosome_like	1		
RM2016_USA_crossstudy_additional8	ERR1713405	k141_172760	k141_172760_2 # 384 # 1265 # 1 # ID=3915_2;partial=00;start_type=ATG;rbs_motif=GGA/GAG/AGG;rbs_spacer=5-10bp;gc_cont=0.429	vanW gene in vanG cluster	3002965	Strict	31.97	104.27	glycopeptide antibiotic	antibiotic target alteration	vanW; glycopeptide resistance gene cluster	vancomycin	False	chromosome_like	1		
RM2016_USA_crossstudy_additional8	ERR1713405	k141_342644	k141_342644_2 # 1176 # 1538 # 1 # ID=4300_2;partial=00;start_type=ATG;rbs_motif=AGGAG;rbs_spacer=5-10bp;gc_cont=0.444	Klebsiella pneumoniae KpnE	3004580	Strict	80.0	100.0	macrolide antibiotic; aminoglycoside antibiotic; cephalosporin; tetracycline antibiotic; peptide antibiotic; rifamycin antibiotic; disinfecting agents and antiseptics	antibiotic efflux	small multidrug resistance (SMR) antibiotic efflux pump	erythromycin; streptomycin; tetracycline; cefepime; ceftriaxone; rifampin; colistin A; colistin B; triclosan; benzalkonium chloride; chlorhexidine	False	chromosome_like	1		
RM2016_USA_crossstudy_additional8	ERR1713405	k141_342644	k141_342644_3 # 1525 # 1854 # 1 # ID=4300_3;partial=00;start_type=ATG;rbs_motif=GGAG/GAGG;rbs_spacer=5-10bp;gc_cont=0.509	Klebsiella pneumoniae KpnF	3004583	Strict	87.16	100.0	macrolide antibiotic; aminoglycoside antibiotic; cephalosporin; tetracycline antibiotic; peptide antibiotic; rifamycin antibiotic; disinfecting agents and antiseptics	antibiotic efflux	small multidrug resistance (SMR) antibiotic efflux pump	erythromycin; streptomycin; tetracycline; cefepime; ceftriaxone; rifampin; colistin A; colistin B; triclosan; benzalkonium chloride; chlorhexidine	False	chromosome_like	1		
RM2016_USA_crossstudy_additional8	ERR1713405	k141_175211	k141_175211_5 # 5373 # 7838 # -1 # ID=7660_5;partial=00;start_type=ATG;rbs_motif=AAAAA;rbs_spacer=12bp;gc_cont=0.433	vanT gene in vanG cluster	3002972	Strict	36.93	115.31	glycopeptide antibiotic	antibiotic target alteration	glycopeptide resistance gene cluster; vanT	vancomycin	False	chromosome_like	1		
RM2016_USA_crossstudy_additional8	ERR1713405	k141_4716	k141_4716_3 # 1852 # 2316 # 1 # ID=8071_3;partial=00;start_type=ATG;rbs_motif=GGAG/GAGG;rbs_spacer=5-10bp;gc_cont=0.686	Pseudomonas aeruginosa soxR	3004107	Strict	71.43	98.72	fluoroquinolone antibiotic; cephalosporin; glycylcycline; penam; tetracycline antibiotic; rifamycin antibiotic; phenicol antibiotic; disinfecting agents and antiseptics	antibiotic target alteration; antibiotic efflux	ATP-binding cassette (ABC) antibiotic efflux pump; major facilitator superfamily (MFS) antibiotic efflux pump; resistance-nodulation-cell division (RND) antibiotic efflux pump	tigecycline; ciprofloxacin; acriflavine; tetracycline; rifampin; chloramphenicol; ampicillin; norfloxacin; cefalotin; triclosan	False	chromosome_like	1		
RM2016_USA_crossstudy_additional8	ERR1713405	k141_1026193	k141_1026193_1 # 1 # 1299 # 1 # ID=8412_1;partial=10;start_type=Edge;rbs_motif=None;rbs_spacer=None;gc_cont=0.517	vanT gene in vanG cluster	3002972	Strict	34.32	60.67	glycopeptide antibiotic	antibiotic target alteration	glycopeptide resistance gene cluster; vanT	vancomycin	False	chromosome_like	1		
RM2016_USA_crossstudy_additional8	ERR1713405	k141_686454	k141_686454_16 # 16777 # 17907 # -1 # ID=8658_16;partial=00;start_type=ATG;rbs_motif=GGxGG;rbs_spacer=5-10bp;gc_cont=0.463	vanT gene in vanG cluster	3002972	Strict	36.9	52.81	glycopeptide antibiotic	antibiotic target alteration	glycopeptide resistance gene cluster; vanT	vancomycin	False	chromosome_like	1		
RM2016_USA_crossstudy_additional8	ERR1713405	k141_5637	k141_5637_2 # 2229 # 3341 # 1 # ID=9442_2;partial=00;start_type=GTG;rbs_motif=AGGAG;rbs_spacer=5-10bp;gc_cont=0.395	vanT gene in vanG cluster	3002972	Strict	38.52	51.97	glycopeptide antibiotic	antibiotic target alteration	glycopeptide resistance gene cluster; vanT	vancomycin	False	chromosome_like	1		
RM2016_USA_crossstudy_additional8	ERR1713405	k141_345530	k141_345530_3 # 833 # 1159 # -1 # ID=9962_3;partial=01;start_type=Edge;rbs_motif=None;rbs_spacer=None;gc_cont=0.425	qacJ	3007014	Strict	38.46	100.93	disinfecting agents and antiseptics	antibiotic efflux	small multidrug resistance (SMR) antibiotic efflux pump	benzalkonium chloride	False	chromosome_like	1		
RM2016_USA_crossstudy_additional8	ERR1713405	k141_687422	k141_687422_3 # 1386 # 2573 # 1 # ID=10114_3;partial=00;start_type=GTG;rbs_motif=AGxAGG/AGGxGG;rbs_spacer=5-10bp;gc_cont=0.406	tet(39)	3000566	Perfect	100.0	100.0	tetracycline antibiotic	antibiotic efflux	major facilitator superfamily (MFS) antibiotic efflux pump	tetracycline	True	plasmid_like		0.7939	
RM2016_USA_crossstudy_additional8	ERR1713405	k141_176844	k141_176844_3 # 1993 # 2316 # 1 # ID=10414_3;partial=00;start_type=ATG;rbs_motif=AGGAGG;rbs_spacer=5-10bp;gc_cont=0.364	qacJ	3007014	Strict	41.12	100.0	disinfecting agents and antiseptics	antibiotic efflux	small multidrug resistance (SMR) antibiotic efflux pump	benzalkonium chloride	False	chromosome_like	1		
RM2016_USA_crossstudy_additional8	ERR1713405	k141_1198319	k141_1198319_3 # 1815 # 2735 # -1 # ID=10969_3;partial=00;start_type=ATG;rbs_motif=AGxAGG/AGGxGG;rbs_spacer=5-10bp;gc_cont=0.647	vanY gene in vanB cluster	3002956	Strict	36.76	114.18	glycopeptide antibiotic	antibiotic target alteration	vanY; glycopeptide resistance gene cluster	vancomycin	False	chromosome_like	1		
RM2016_USA_crossstudy_additional8	ERR1713405	k141_519410	k141_519410_27 # 23349 # 24389 # 1 # ID=13010_27;partial=00;start_type=ATG;rbs_motif=GGA/GAG/AGG;rbs_spacer=5-10bp;gc_cont=0.467	vanG	3002909	Strict	40.29	99.14	glycopeptide antibiotic	antibiotic target alteration	glycopeptide resistance gene cluster; Van ligase	vancomycin	False	chromosome_like	1		
RM2016_USA_crossstudy_additional8	ERR1713405	k141_1028997	k141_1028997_27 # 25612 # 26931 # 1 # ID=13023_27;partial=00;start_type=ATG;rbs_motif=AGGAG(G)/GGAGG;rbs_spacer=13-15bp;gc_cont=0.366	vanW gene in vanI cluster	3003724	Strict	33.19	117.69	glycopeptide antibiotic	antibiotic target alteration	vanW; glycopeptide resistance gene cluster	vancomycin; teicoplanin	False	chromosome_like	1		
RM2016_USA_crossstudy_additional8	ERR1713405	k141_8397	k141_8397_9 # 6970 # 7182 # -1 # ID=13715_9;partial=00;start_type=ATG;rbs_motif=GGAGG;rbs_spacer=5-10bp;gc_cont=0.399	vanU gene in vanG cluster	3004253	Strict	80.6	93.33	glycopeptide antibiotic	antibiotic target alteration	glycopeptide resistance gene cluster; vanU	vancomycin	False	chromosome_like	1		
RM2016_USA_crossstudy_additional8	ERR1713405	k141_520553	k141_520553_5 # 3090 # 4193 # -1 # ID=14939_5;partial=00;start_type=ATG;rbs_motif=AACAA;rbs_spacer=8bp;gc_cont=0.485	vanT gene in vanG cluster	3002972	Strict	33.78	51.54	glycopeptide antibiotic	antibiotic target alteration	glycopeptide resistance gene cluster; vanT	vancomycin	False	chromosome_like	1		
RM2016_USA_crossstudy_additional8	ERR1713405	k141_1201051	k141_1201051_2 # 1080 # 1424 # 1 # ID=15473_2;partial=00;start_type=ATG;rbs_motif=None;rbs_spacer=None;gc_cont=0.588	qacG	3007015	Strict	32.69	106.54	disinfecting agents and antiseptics	antibiotic efflux	small multidrug resistance (SMR) antibiotic efflux pump	benzalkonium chloride	False	chromosome_like	1		
RM2016_USA_crossstudy_additional8	ERR1713405	k141_521526	k141_521526_7 # 5331 # 6248 # -1 # ID=16558_7;partial=01;start_type=Edge;rbs_motif=None;rbs_spacer=None;gc_cont=0.514	vanW gene in vanI cluster	3003724	Strict	36.2	81.77	glycopeptide antibiotic	antibiotic target alteration	vanW; glycopeptide resistance gene cluster	vancomycin; teicoplanin	False	chromosome_like	1		
RM2016_USA_crossstudy_additional8	ERR1713405	k141_1201982	k141_1201982_33 # 28839 # 30245 # -1 # ID=16918_33;partial=00;start_type=GTG;rbs_motif=AGGA;rbs_spacer=5-10bp;gc_cont=0.339	vanW gene in vanI cluster	3003724	Strict	34.2	125.47	glycopeptide antibiotic	antibiotic target alteration	vanW; glycopeptide resistance gene cluster	vancomycin; teicoplanin	False	chromosome_like	1		
RM2016_USA_crossstudy_additional8	ERR1713405	k141_692340	k141_692340_8 # 8625 # 8972 # -1 # ID=17330_8;partial=00;start_type=ATG;rbs_motif=GGA/GAG/AGG;rbs_spacer=5-10bp;gc_cont=0.629	qacG	3007015	Strict	40.38	107.48	disinfecting agents and antiseptics	antibiotic efflux	small multidrug resistance (SMR) antibiotic efflux pump	benzalkonium chloride	False	chromosome_like	1		
RM2016_USA_crossstudy_additional8	ERR1713405	k141_181487	k141_181487_2 # 346 # 1551 # -1 # ID=17704_2;partial=00;start_type=ATG;rbs_motif=AGGAG;rbs_spacer=5-10bp;gc_cont=0.667	vanT gene in vanG cluster	3002972	Strict	33.86	56.32	glycopeptide antibiotic	antibiotic target alteration	glycopeptide resistance gene cluster; vanT	vancomycin	False	chromosome_like	1		
RM2016_USA_crossstudy_additional8	ERR1713405	k141_522739	k141_522739_1 # 514 # 1458 # 1 # ID=18498_1;partial=00;start_type=ATG;rbs_motif=GGAG/GAGG;rbs_spacer=5-10bp;gc_cont=0.459	leuO	3003843	Strict	99.36	100.0	nucleoside antibiotic; disinfecting agents and antiseptics	antibiotic efflux	major facilitator superfamily (MFS) antibiotic efflux pump	acriflavine; puromycin	False	chromosome_like	1		
RM2016_USA_crossstudy_additional8	ERR1713405	k141_182013	k141_182013_46 # 48628 # 51765 # -1 # ID=18611_46;partial=00;start_type=ATG;rbs_motif=GGAG/GAGG;rbs_spacer=5-10bp;gc_cont=0.511	adeF	3000777	Strict	42.29	98.68	fluoroquinolone antibiotic; tetracycline antibiotic	antibiotic efflux	resistance-nodulation-cell division (RND) antibiotic efflux pump	tetracycline	False	chromosome_like	1		
RM2016_USA_crossstudy_additional8	ERR1713405	k141_1202981	k141_1202981_2 # 712 # 1092 # 1 # ID=18633_2;partial=00;start_type=ATG;rbs_motif=GGAG/GAGG;rbs_spacer=5-10bp;gc_cont=0.470	marA	3000263	Strict	94.35	99.21	fluoroquinolone antibiotic; monobactam; carbapenem; cephalosporin; glycylcycline; cephamycin; penam; tetracycline antibiotic; rifamycin antibiotic; phenicol antibiotic; penem; disinfecting agents and antiseptics	antibiotic efflux; reduced permeability to antibiotic	resistance-nodulation-cell division (RND) antibiotic efflux pump; General Bacterial Porin with reduced permeability to beta-lactams	tigecycline; tetracycline; rifampin; chloramphenicol; ampicillin; cefalotin; triclosan	False	chromosome_like	1		
RM2016_USA_crossstudy_additional8	ERR1713405	k141_1032799	k141_1032799_2 # 440 # 1330 # 1 # ID=19615_2;partial=00;start_type=ATG;rbs_motif=TAAA;rbs_spacer=12bp;gc_cont=0.484	CblA-1	3002999	Strict	99.66	100.0	cephalosporin	antibiotic inactivation	CblA beta-lactamase	cephaloridine	False	chromosome_like	1		
RM2016_USA_crossstudy_additional8	ERR1713405	k141_1204983	k141_1204983_2 # 524 # 1180 # 1 # ID=21668_2;partial=00;start_type=ATG;rbs_motif=AGGAG;rbs_spacer=5-10bp;gc_cont=0.438	QnrS2	3002791	Perfect	100.0	100.0	fluoroquinolone antibiotic	antibiotic target protection	quinolone resistance protein (qnr)	ciprofloxacin; levofloxacin; moxifloxacin; gatifloxacin; nalidixic acid; norfloxacin; sparfloxacin	False	chromosome_like	1		
RM2016_USA_crossstudy_additional8	ERR1713405	k141_695698	k141_695698_2 # 448 # 1050 # 1 # ID=22436_2;partial=01;start_type=ATG;rbs_motif=None;rbs_spacer=None;gc_cont=0.337	vanW gene in vanG cluster	3002965	Strict	30.81	71.53	glycopeptide antibiotic	antibiotic target alteration	vanW; glycopeptide resistance gene cluster	vancomycin	False	chromosome_like	1		
RM2016_USA_crossstudy_additional8	ERR1713405	k141_14363	k141_14363_5 # 4152 # 4964 # 1 # ID=23169_5;partial=01;start_type=ATG;rbs_motif=None;rbs_spacer=None;gc_cont=0.465	OXA-211	3001710	Strict	98.52	98.91	carbapenem; cephalosporin; penam	antibiotic inactivation	OXA beta-lactamase	cloxacillin; oxacillin; cefalotin	True	plasmid_like		0.7365	
RM2016_USA_crossstudy_additional8	ERR1713405	k141_696615	k141_696615_1 # 456 # 641 # -1 # ID=23895_1;partial=00;start_type=ATG;rbs_motif=AGGAG;rbs_spacer=5-10bp;gc_cont=0.495	rsmA	3005069	Strict	85.25	100.0	fluoroquinolone antibiotic; diaminopyrimidine antibiotic; phenicol antibiotic	antibiotic efflux	resistance-nodulation-cell division (RND) antibiotic efflux pump	trimethoprim; chloramphenicol	False	chromosome_like	1		
RM2016_USA_crossstudy_additional8	ERR1713405	k141_696627	k141_696627_2 # 827 # 1012 # 1 # ID=23917_2;partial=00;start_type=ATG;rbs_motif=AGGAG;rbs_spacer=5-10bp;gc_cont=0.511	rsmA	3005069	Strict	85.25	100.0	fluoroquinolone antibiotic; diaminopyrimidine antibiotic; phenicol antibiotic	antibiotic efflux	resistance-nodulation-cell division (RND) antibiotic efflux pump	trimethoprim; chloramphenicol	False	chromosome_like	1		
RM2016_USA_crossstudy_additional8	ERR1713405	k141_352806	k141_352806_1 # 184 # 528 # 1 # ID=24805_1;partial=00;start_type=ATG;rbs_motif=GGA/GAG/AGG;rbs_spacer=5-10bp;gc_cont=0.383	qacJ	3007014	Strict	44.34	106.54	disinfecting agents and antiseptics	antibiotic efflux	small multidrug resistance (SMR) antibiotic efflux pump	benzalkonium chloride	True	plasmid_like		0.8247	
RM2016_USA_crossstudy_additional8	ERR1713405	k141_353283	k141_353283_2 # 1367 # 1699 # 1 # ID=25765_2;partial=00;start_type=TTG;rbs_motif=GGAG/GAGG;rbs_spacer=5-10bp;gc_cont=0.471	qacG	3007015	Strict	40.0	102.8	disinfecting agents and antiseptics	antibiotic efflux	small multidrug resistance (SMR) antibiotic efflux pump	benzalkonium chloride	False	chromosome_like	1		
RM2016_USA_crossstudy_additional8	ERR1713405	k141_353283	k141_353283_3 # 1823 # 2623 # 1 # ID=25765_3;partial=00;start_type=ATG;rbs_motif=AGGA;rbs_spacer=5-10bp;gc_cont=0.462	OXA-46	3001797	Strict	98.12	100.0	carbapenem; cephalosporin; penam	antibiotic inactivation	OXA beta-lactamase	cloxacillin; oxacillin; cefalotin	False	chromosome_like	1		
RM2016_USA_crossstudy_additional8	ERR1713405	k141_1036911	k141_1036911_2 # 723 # 3998 # -1 # ID=26208_2;partial=00;start_type=ATG;rbs_motif=GGA/GAG/AGG;rbs_spacer=5-10bp;gc_cont=0.505	adeF	3000777	Strict	42.09	103.02	fluoroquinolone antibiotic; tetracycline antibiotic	antibiotic efflux	resistance-nodulation-cell division (RND) antibiotic efflux pump	tetracycline	False	chromosome_like	1		
RM2016_USA_crossstudy_additional8	ERR1713405	k141_1208171	k141_1208171_3 # 1340 # 1669 # 1 # ID=26520_3;partial=00;start_type=ATG;rbs_motif=AATAA;rbs_spacer=6bp;gc_cont=0.300	qacJ	3007014	Strict	50.0	101.87	disinfecting agents and antiseptics	antibiotic efflux	small multidrug resistance (SMR) antibiotic efflux pump	benzalkonium chloride	False	chromosome_like	1		
RM2016_USA_crossstudy_additional8	ERR1713405	k141_1208547	k141_1208547_1 # 289 # 1395 # -1 # ID=27152_1;partial=00;start_type=ATG;rbs_motif=AGGAG;rbs_spacer=5-10bp;gc_cont=0.350	vanW gene in vanI cluster	3003724	Strict	33.57	98.66	glycopeptide antibiotic	antibiotic target alteration	vanW; glycopeptide resistance gene cluster	vancomycin; teicoplanin	False	chromosome_like	1		
RM2016_USA_crossstudy_additional8	ERR1713405	k141_187685	k141_187685_5 # 3266 # 4369 # -1 # ID=27461_5;partial=00;start_type=ATG;rbs_motif=GGAG/GAGG;rbs_spacer=5-10bp;gc_cont=0.334	vanT gene in vanG cluster	3002972	Strict	29.35	51.54	glycopeptide antibiotic	antibiotic target alteration	glycopeptide resistance gene cluster; vanT	vancomycin	False	chromosome_like	1		
RM2016_USA_crossstudy_additional8	ERR1713405	k141_354250	k141_354250_1 # 1 # 492 # -1 # ID=27734_1;partial=10;start_type=ATG;rbs_motif=GGAG/GAGG;rbs_spacer=5-10bp;gc_cont=0.478	vanY gene in vanG cluster	3002959	Strict	36.14	58.78	glycopeptide antibiotic	antibiotic target alteration	vanY; glycopeptide resistance gene cluster	vancomycin	False	chromosome_like	1		
RM2016_USA_crossstudy_additional8	ERR1713405	k141_1038515	k141_1038515_2 # 555 # 1835 # 1 # ID=28759_2;partial=01;start_type=ATG;rbs_motif=AGGA;rbs_spacer=5-10bp;gc_cont=0.383	vanW gene in vanI cluster	3003724	Strict	30.05	114.48	glycopeptide antibiotic	antibiotic target alteration	vanW; glycopeptide resistance gene cluster	vancomycin; teicoplanin	False	chromosome_like	1		
RM2016_USA_crossstudy_additional8	ERR1713405	k141_864645	k141_864645_2 # 184 # 714 # 1 # ID=28986_2;partial=00;start_type=ATG;rbs_motif=GGAG/GAGG;rbs_spacer=5-10bp;gc_cont=0.495	emrR	3000516	Perfect	100.0	100.0	fluoroquinolone antibiotic	antibiotic efflux	major facilitator superfamily (MFS) antibiotic efflux pump	nalidixic acid	False	chromosome_like	1		
RM2016_USA_crossstudy_additional8	ERR1713405	k141_189614	k141_189614_13 # 20698 # 21768 # 1 # ID=30547_13;partial=00;start_type=ATG;rbs_motif=AGGAG;rbs_spacer=5-10bp;gc_cont=0.345	vanT gene in vanG cluster	3002972	Strict	33.24	50.0	glycopeptide antibiotic	antibiotic target alteration	glycopeptide resistance gene cluster; vanT	vancomycin	False	chromosome_like	1		
RM2016_USA_crossstudy_additional8	ERR1713405	k141_1211560	k141_1211560_3 # 3262 # 3501 # -1 # ID=31826_3;partial=01;start_type=Edge;rbs_motif=None;rbs_spacer=None;gc_cont=0.492	vanY gene in vanM cluster	3002961	Strict	48.39	33.91	glycopeptide antibiotic	antibiotic target alteration	vanY; glycopeptide resistance gene cluster	vancomycin; teicoplanin	False	chromosome_like	1		
RM2016_USA_crossstudy_additional8	ERR1713405	k141_702109	k141_702109_1 # 3 # 101 # 1 # ID=32007_1;partial=10;start_type=Edge;rbs_motif=None;rbs_spacer=None;gc_cont=0.545	vanY gene in vanG cluster	3002959	Strict	64.52	11.47	glycopeptide antibiotic	antibiotic target alteration	vanY; glycopeptide resistance gene cluster	vancomycin	False	chromosome_like	1		
RM2016_USA_crossstudy_additional8	ERR1713405	k141_533813	k141_533813_4 # 1701 # 2033 # -1 # ID=34793_4;partial=00;start_type=ATG;rbs_motif=GGA/GAG/AGG;rbs_spacer=5-10bp;gc_cont=0.538	qacJ	3007014	Strict	36.54	102.8	disinfecting agents and antiseptics	antibiotic efflux	small multidrug resistance (SMR) antibiotic efflux pump	benzalkonium chloride	False	chromosome_like	1		
RM2016_USA_crossstudy_additional8	ERR1713405	k141_1042420	k141_1042420_2 # 707 # 1039 # 1 # ID=35118_2;partial=00;start_type=ATG;rbs_motif=None;rbs_spacer=None;gc_cont=0.520	qacG	3007015	Strict	44.23	102.8	disinfecting agents and antiseptics	antibiotic efflux	small multidrug resistance (SMR) antibiotic efflux pump	benzalkonium chloride	False	chromosome_like	1		
RM2016_USA_crossstudy_additional8	ERR1713405	k141_1042582	k141_1042582_8 # 9251 # 10237 # -1 # ID=35403_8;partial=01;start_type=Edge;rbs_motif=None;rbs_spacer=None;gc_cont=0.315	EreD	3004608	Strict	99.09	80.39	macrolide antibiotic	antibiotic inactivation	macrolide esterase	erythromycin	False	chromosome_like	1		
RM2016_USA_crossstudy_additional8	ERR1713405	k141_358645	k141_358645_1 # 1 # 1125 # -1 # ID=36728_1;partial=11;start_type=Edge;rbs_motif=None;rbs_spacer=None;gc_cont=0.403	vanW gene in vanI cluster	3003724	Strict	33.67	100.54	glycopeptide antibiotic	antibiotic target alteration	vanW; glycopeptide resistance gene cluster	vancomycin; teicoplanin	False	chromosome_like	1		
RM2016_USA_crossstudy_additional8	ERR1713405	k141_1043501	k141_1043501_2 # 983 # 1807 # 1 # ID=36832_2;partial=00;start_type=ATG;rbs_motif=None;rbs_spacer=None;gc_cont=0.392	vanW gene in vanG cluster	3002965	Strict	29.26	97.51	glycopeptide antibiotic	antibiotic target alteration	vanW; glycopeptide resistance gene cluster	vancomycin	False	chromosome_like	1		
RM2016_USA_crossstudy_additional8	ERR1713405	k141_358788	k141_358788_1 # 2 # 565 # 1 # ID=37023_1;partial=10;start_type=Edge;rbs_motif=None;rbs_spacer=None;gc_cont=0.518	vanY gene in vanB cluster	3002956	Strict	42.62	69.78	glycopeptide antibiotic	antibiotic target alteration	vanY; glycopeptide resistance gene cluster	vancomycin	False	chromosome_like	1		
RM2016_USA_crossstudy_additional8	ERR1713405	k141_194408	k141_194408_2 # 624 # 953 # 1 # ID=37915_2;partial=00;start_type=ATG;rbs_motif=3Base/5BMM;rbs_spacer=13-15bp;gc_cont=0.397	qacJ	3007014	Strict	37.74	101.87	disinfecting agents and antiseptics	antibiotic efflux	small multidrug resistance (SMR) antibiotic efflux pump	benzalkonium chloride	False	chromosome_like	1		
RM2016_USA_crossstudy_additional8	ERR1713405	k141_359595	k141_359595_2 # 1390 # 2199 # 1 # ID=38749_2;partial=00;start_type=ATG;rbs_motif=4Base/6BMM;rbs_spacer=13-15bp;gc_cont=0.422	vanY gene in vanB cluster	3002956	Strict	39.5	100.37	glycopeptide antibiotic	antibiotic target alteration	vanY; glycopeptide resistance gene cluster	vancomycin	False	chromosome_like	1		
RM2016_USA_crossstudy_additional8	ERR1713405	k141_706633	k141_706633_3 # 1270 # 4383 # -1 # ID=38849_3;partial=00;start_type=ATG;rbs_motif=GGAG/GAGG;rbs_spacer=5-10bp;gc_cont=0.545	acrD	3000491	Strict	99.9	100.0	aminoglycoside antibiotic	antibiotic efflux	resistance-nodulation-cell division (RND) antibiotic efflux pump		False	chromosome_like	1		
RM2016_USA_crossstudy_additional8	ERR1713405	k141_869537	k141_869537_10 # 6451 # 7776 # -1 # ID=39520_10;partial=00;start_type=TTG;rbs_motif=GGA/GAG/AGG;rbs_spacer=11-12bp;gc_cont=0.400	vanW gene in vanI cluster	3003724	Strict	32.27	118.23	glycopeptide antibiotic	antibiotic target alteration	vanW; glycopeptide resistance gene cluster	vancomycin; teicoplanin	False	chromosome_like	1		
RM2016_USA_crossstudy_additional8	ERR1713405	k141_25461	k141_25461_1 # 115 # 1827 # -1 # ID=40290_1;partial=00;start_type=ATG;rbs_motif=None;rbs_spacer=None;gc_cont=0.539	vanW gene in vanI cluster	3003724	Strict	35.35	152.82	glycopeptide antibiotic	antibiotic target alteration	vanW; glycopeptide resistance gene cluster	vancomycin; teicoplanin	False	chromosome_like	1		
RM2016_USA_crossstudy_additional8	ERR1713405	k141_25925	k141_25925_4 # 1198 # 1998 # -1 # ID=40984_4;partial=00;start_type=ATG;rbs_motif=AGGA;rbs_spacer=5-10bp;gc_cont=0.494	OXA-119	3001775	Perfect	100.0	100.0	carbapenem; cephalosporin; penam	antibiotic inactivation	OXA beta-lactamase	cloxacillin; oxacillin; cefalotin	False	chromosome_like	1		
RM2016_USA_crossstudy_additional8	ERR1713405	k141_1045930	k141_1045930_1 # 1 # 1194 # 1 # ID=41017_1;partial=10;start_type=Edge;rbs_motif=None;rbs_spacer=None;gc_cont=0.597	vanW gene in vanI cluster	3003724	Strict	35.26	106.43	glycopeptide antibiotic	antibiotic target alteration	vanW; glycopeptide resistance gene cluster	vancomycin; teicoplanin	False	chromosome_like	1		
RM2016_USA_crossstudy_additional8	ERR1713405	k141_361242	k141_361242_3 # 917 # 1261 # -1 # ID=41827_3;partial=00;start_type=ATG;rbs_motif=None;rbs_spacer=None;gc_cont=0.330	qacG	3007015	Strict	48.08	106.54	disinfecting agents and antiseptics	antibiotic efflux	small multidrug resistance (SMR) antibiotic efflux pump	benzalkonium chloride	True	plasmid_like		0.9956	
RM2016_USA_crossstudy_additional8	ERR1713405	k141_197031	k141_197031_3 # 4624 # 5508 # 1 # ID=41924_3;partial=00;start_type=ATG;rbs_motif=None;rbs_spacer=None;gc_cont=0.368	mphG	3003742	Strict	99.32	100.0	macrolide antibiotic	antibiotic inactivation	macrolide phosphotransferase (MPH)	erythromycin; clarithromycin; azithromycin	False	chromosome_like	1		
RM2016_USA_crossstudy_additional8	ERR1713405	k141_1047361	k141_1047361_2 # 808 # 1608 # -1 # ID=43130_2;partial=00;start_type=ATG;rbs_motif=TAA;rbs_spacer=10bp;gc_cont=0.341	ErmF	3000498	Strict	99.25	100.0	macrolide antibiotic; lincosamide antibiotic; streptogramin antibiotic; streptogramin A antibiotic; streptogramin B antibiotic	antibiotic target alteration	Erm 23S ribosomal RNA methyltransferase	erythromycin; roxithromycin; lincomycin; telithromycin; clarithromycin; clindamycin; tylosin; spiramycin; azithromycin; dirithromycin; pristinamycin IA; quinupristin; virginiamycin M1; madumycin II; griseoviridin; dalfopristin; pristinamycin IB; virginiamycin S2; pristinamycin IC; vernamycin C; patricin A; patricin B; ostreogrycin B3; oleandomycin	False	chromosome_like	1		
RM2016_USA_crossstudy_additional8	ERR1713405	k141_709897	k141_709897_3 # 2414 # 5560 # -1 # ID=43728_3;partial=01;start_type=Edge;rbs_motif=None;rbs_spacer=None;gc_cont=0.532	adeF	3000777	Strict	44.28	98.96	fluoroquinolone antibiotic; tetracycline antibiotic	antibiotic efflux	resistance-nodulation-cell division (RND) antibiotic efflux pump	tetracycline	False	chromosome_like	1		
RM2016_USA_crossstudy_additional8	ERR1713405	k141_198527	k141_198527_2 # 892 # 1953 # 1 # ID=44054_2;partial=00;start_type=ATG;rbs_motif=AGGAG;rbs_spacer=5-10bp;gc_cont=0.389	vanG	3002909	Strict	41.09	101.15	glycopeptide antibiotic	antibiotic target alteration	glycopeptide resistance gene cluster; Van ligase	vancomycin	False	chromosome_like	1		
RM2016_USA_crossstudy_additional8	ERR1713405	k141_198999	k141_198999_9 # 9179 # 9991 # 1 # ID=44751_9;partial=00;start_type=ATG;rbs_motif=AGGAG/GGAGG;rbs_spacer=11-12bp;gc_cont=0.601	vanY gene in vanF cluster	3002958	Strict	34.62	92.15	glycopeptide antibiotic	antibiotic target alteration	vanY; glycopeptide resistance gene cluster	vancomycin	False	chromosome_like	1		
RM2016_USA_crossstudy_additional8	ERR1713405	k141_711443	k141_711443_8 # 11262 # 14303 # 1 # ID=45999_8;partial=01;start_type=ATG;rbs_motif=GGAG/GAGG;rbs_spacer=5-10bp;gc_cont=0.676	adeF	3000777	Strict	44.97	95.75	fluoroquinolone antibiotic; tetracycline antibiotic	antibiotic efflux	resistance-nodulation-cell division (RND) antibiotic efflux pump	tetracycline	False	chromosome_like	1		
RM2016_USA_crossstudy_additional8	ERR1713405	k141_29045	k141_29045_3 # 618 # 2588 # -1 # ID=46195_3;partial=00;start_type=ATG;rbs_motif=GGAG/GAGG;rbs_spacer=5-10bp;gc_cont=0.358	tet(44)	3000556	Strict	52.49	102.5	tetracycline antibiotic	antibiotic target protection	tetracycline-resistant ribosomal protection protein	tetracycline; doxycycline; minocycline; chlortetracycline; demeclocycline; oxytetracycline	True	plasmid_like		0.9111	
RM2016_USA_crossstudy_additional8	ERR1713405	k141_541976	k141_541976_2 # 385 # 1248 # -1 # ID=46541_2;partial=00;start_type=ATG;rbs_motif=GGA/GAG/AGG;rbs_spacer=5-10bp;gc_cont=0.534	GES-5	3002334	Perfect	100.0	100.0	carbapenem; cephalosporin; penam	antibiotic inactivation	GES beta-lactamase		False	chromosome_like	1		
RM2016_USA_crossstudy_additional8	ERR1713405	k141_200791	k141_200791_1 # 3 # 1106 # 1 # ID=47276_1;partial=10;start_type=Edge;rbs_motif=None;rbs_spacer=None;gc_cont=0.468	vanW gene in vanI cluster	3003724	Strict	33.33	98.39	glycopeptide antibiotic	antibiotic target alteration	vanW; glycopeptide resistance gene cluster	vancomycin; teicoplanin	False	chromosome_like	1		
RM2016_USA_crossstudy_additional8	ERR1713405	k141_543351	k141_543351_3 # 875 # 1720 # -1 # ID=48400_3;partial=00;start_type=ATG;rbs_motif=None;rbs_spacer=None;gc_cont=0.539	aadA10	3004692	Strict	99.26	101.44	aminoglycoside antibiotic	antibiotic inactivation	ANT(3'')	spectinomycin; streptomycin	False	chromosome_like	1		
RM2016_USA_crossstudy_additional8	ERR1713405	k141_874072	k141_874072_2 # 156 # 482 # 1 # ID=49038_2;partial=00;start_type=ATG;rbs_motif=GGAG/GAGG;rbs_spacer=5-10bp;gc_cont=0.489	qacJ	3007014	Strict	43.4	100.93	disinfecting agents and antiseptics	antibiotic efflux	small multidrug resistance (SMR) antibiotic efflux pump	benzalkonium chloride	False	chromosome_like	1		
RM2016_USA_crossstudy_additional8	ERR1713405	k141_874273	k141_874273_4 # 3769 # 6330 # 1 # ID=49453_4;partial=00;start_type=GTG;rbs_motif=AAAA;rbs_spacer=3bp;gc_cont=0.365	vanT gene in vanG cluster	3002972	Strict	35.31	119.8	glycopeptide antibiotic	antibiotic target alteration	glycopeptide resistance gene cluster; vanT	vancomycin	False	chromosome_like	1		
RM2016_USA_crossstudy_additional8	ERR1713405	k141_544346	k141_544346_65 # 65003 # 66208 # -1 # ID=49987_65;partial=00;start_type=ATG;rbs_motif=AGGAG;rbs_spacer=5-10bp;gc_cont=0.519	vanT gene in vanG cluster	3002972	Strict	34.14	56.32	glycopeptide antibiotic	antibiotic target alteration	glycopeptide resistance gene cluster; vanT	vancomycin	False	chromosome_like	1		
RM2016_USA_crossstudy_additional8	ERR1713405	k141_1223620	k141_1223620_1 # 396 # 884 # -1 # ID=50152_1;partial=00;start_type=ATG;rbs_motif=AAA;rbs_spacer=15bp;gc_cont=0.444	nimJ	3007112	Strict	51.57	98.18	nitroimidazole antibiotic	antibiotic inactivation	nitroimidazole reductase	metronidazole	False	chromosome_like	1		
RM2016_USA_crossstudy_additional8	ERR1713405	k141_1052492	k141_1052492_2 # 658 # 1350 # -1 # ID=50927_2;partial=00;start_type=ATG;rbs_motif=TAA;rbs_spacer=7bp;gc_cont=0.306	vanW gene in vanG cluster	3002965	Strict	36.22	81.85	glycopeptide antibiotic	antibiotic target alteration	vanW; glycopeptide resistance gene cluster	vancomycin	False	chromosome_like	1		
RM2016_USA_crossstudy_additional8	ERR1713405	k141_204622	k141_204622_4 # 2522 # 4114 # -1 # ID=52725_4;partial=00;start_type=ATG;rbs_motif=None;rbs_spacer=None;gc_cont=0.505	vanW gene in vanI cluster	3003724	Strict	29.07	142.09	glycopeptide antibiotic	antibiotic target alteration	vanW; glycopeptide resistance gene cluster	vancomycin; teicoplanin	False	chromosome_like	1		
RM2016_USA_crossstudy_additional8	ERR1713405	k141_717114	k141_717114_4 # 2472 # 3239 # 1 # ID=53960_4;partial=01;start_type=TTG;rbs_motif=GGAG/GAGG;rbs_spacer=5-10bp;gc_cont=0.527	vanW gene in vanI cluster	3003724	Strict	26.32	68.63	glycopeptide antibiotic	antibiotic target alteration	vanW; glycopeptide resistance gene cluster	vancomycin; teicoplanin	False	chromosome_like	1		
RM2016_USA_crossstudy_additional8	ERR1713405	k141_547092	k141_547092_3 # 1473 # 1886 # 1 # ID=54123_3;partial=00;start_type=ATG;rbs_motif=GGA/GAG/AGG;rbs_spacer=5-10bp;gc_cont=0.464	H-NS	3000676	Strict	99.27	100.0	macrolide antibiotic; fluoroquinolone antibiotic; cephalosporin; cephamycin; penam; tetracycline antibiotic	antibiotic efflux	major facilitator superfamily (MFS) antibiotic efflux pump; resistance-nodulation-cell division (RND) antibiotic efflux pump	erythromycin; cloxacillin; ciprofloxacin; tetracycline; oxacillin; norfloxacin	False	chromosome_like	1		
RM2016_USA_crossstudy_additional8	ERR1713405	k141_1054529	k141_1054529_2 # 315 # 1856 # -1 # ID=54405_2;partial=00;start_type=ATG;rbs_motif=TAA;rbs_spacer=13bp;gc_cont=0.387	vanT gene in vanG cluster	3002972	Strict	35.47	72.05	glycopeptide antibiotic	antibiotic target alteration	glycopeptide resistance gene cluster; vanT	vancomycin	False	chromosome_like	1		
RM2016_USA_crossstudy_additional8	ERR1713405	k141_1054546	k141_1054546_1 # 578 # 907 # -1 # ID=54441_1;partial=00;start_type=ATG;rbs_motif=AGGAG;rbs_spacer=5-10bp;gc_cont=0.421	qacJ	3007014	Strict	35.92	101.87	disinfecting agents and antiseptics	antibiotic efflux	small multidrug resistance (SMR) antibiotic efflux pump	benzalkonium chloride	False	chromosome_like	1		
RM2016_USA_crossstudy_additional8	ERR1713405	k141_717872	k141_717872_5 # 3571 # 4464 # 1 # ID=55055_5;partial=00;start_type=TTG;rbs_motif=AGGA/GGAG/GAGG;rbs_spacer=11-12bp;gc_cont=0.499	vanY gene in vanG cluster	3002959	Strict	42.19	106.45	glycopeptide antibiotic	antibiotic target alteration	vanY; glycopeptide resistance gene cluster	vancomycin	False	chromosome_like	1		
RM2016_USA_crossstudy_additional8	ERR1713405	k141_35276	k141_35276_19 # 19019 # 20311 # 1 # ID=55719_19;partial=00;start_type=ATG;rbs_motif=AGGAGG;rbs_spacer=5-10bp;gc_cont=0.305	vanW gene in vanI cluster	3003724	Strict	27.25	115.28	glycopeptide antibiotic	antibiotic target alteration	vanW; glycopeptide resistance gene cluster	vancomycin; teicoplanin	False	chromosome_like	1		
RM2016_USA_crossstudy_additional8	ERR1713405	k141_718376	k141_718376_2 # 321 # 641 # 1 # ID=55751_2;partial=00;start_type=ATG;rbs_motif=AGGAG;rbs_spacer=5-10bp;gc_cont=0.642	qacJ	3007014	Strict	40.78	99.07	disinfecting agents and antiseptics	antibiotic efflux	small multidrug resistance (SMR) antibiotic efflux pump	benzalkonium chloride	False	chromosome_like	1		
RM2016_USA_crossstudy_additional8	ERR1713405	k141_206655	k141_206655_2 # 243 # 1127 # 1 # ID=55792_2;partial=00;start_type=ATG;rbs_motif=None;rbs_spacer=None;gc_cont=0.382	mphG	3003742	Strict	90.82	100.0	macrolide antibiotic	antibiotic inactivation	macrolide phosphotransferase (MPH)	erythromycin; clarithromycin; azithromycin	False	chromosome_like	1		
RM2016_USA_crossstudy_additional8	ERR1713405	k141_548386	k141_548386_7 # 5960 # 6451 # -1 # ID=55845_7;partial=00;start_type=ATG;rbs_motif=TAAA;rbs_spacer=9bp;gc_cont=0.457	nimJ	3007112	Strict	62.96	98.79	nitroimidazole antibiotic	antibiotic inactivation	nitroimidazole reductase	metronidazole	False	chromosome_like	1		
RM2016_USA_crossstudy_additional8	ERR1713405	k141_207173	k141_207173_2 # 1049 # 2968 # 1 # ID=56566_2;partial=00;start_type=ATG;rbs_motif=AAAA;rbs_spacer=4bp;gc_cont=0.383	tet(36)	3000197	Strict	71.07	99.84	tetracycline antibiotic	antibiotic target protection	tetracycline-resistant ribosomal protection protein	tetracycline; doxycycline; minocycline; chlortetracycline; demeclocycline; oxytetracycline	False	chromosome_like	1		
RM2016_USA_crossstudy_additional8	ERR1713405	k141_549150	k141_549150_1 # 391 # 1500 # 1 # ID=57036_1;partial=00;start_type=ATG;rbs_motif=4Base/6BMM;rbs_spacer=13-15bp;gc_cont=0.597	vanG	3002909	Strict	39.94	105.73	glycopeptide antibiotic	antibiotic target alteration	glycopeptide resistance gene cluster; Van ligase	vancomycin	False	chromosome_like	1		
RM2016_USA_crossstudy_additional8	ERR1713405	k141_1056443	k141_1056443_15 # 14727 # 17927 # 1 # ID=57459_15;partial=00;start_type=ATG;rbs_motif=GGAGG;rbs_spacer=5-10bp;gc_cont=0.550	adeF	3000777	Strict	41.71	100.66	fluoroquinolone antibiotic; tetracycline antibiotic	antibiotic efflux	resistance-nodulation-cell division (RND) antibiotic efflux pump	tetracycline	False	chromosome_like	1		
RM2016_USA_crossstudy_additional8	ERR1713405	k141_36461	k141_36461_2 # 796 # 1125 # 1 # ID=57529_2;partial=00;start_type=ATG;rbs_motif=None;rbs_spacer=None;gc_cont=0.315	qacJ	3007014	Strict	47.52	101.87	disinfecting agents and antiseptics	antibiotic efflux	small multidrug resistance (SMR) antibiotic efflux pump	benzalkonium chloride	False	chromosome_like	1		
RM2016_USA_crossstudy_additional8	ERR1713405	k141_209097	k141_209097_1 # 185 # 1171 # -1 # ID=59219_1;partial=01;start_type=Edge;rbs_motif=None;rbs_spacer=None;gc_cont=0.315	EreD	3004608	Strict	94.51	80.39	macrolide antibiotic	antibiotic inactivation	macrolide esterase	erythromycin	False	chromosome_like	1		
RM2016_USA_crossstudy_additional8	ERR1713405	k141_370161	k141_370161_7 # 5252 # 6382 # 1 # ID=59313_7;partial=00;start_type=GTG;rbs_motif=GGAG/GAGG;rbs_spacer=5-10bp;gc_cont=0.624	vanT gene in vanG cluster	3002972	Strict	36.59	52.81	glycopeptide antibiotic	antibiotic target alteration	glycopeptide resistance gene cluster; vanT	vancomycin	False	chromosome_like	1		
RM2016_USA_crossstudy_additional8	ERR1713405	k141_1230246	k141_1230246_2 # 547 # 1029 # 1 # ID=60445_2;partial=01;start_type=TTG;rbs_motif=AGGAG;rbs_spacer=5-10bp;gc_cont=0.532	vanY gene in vanG cluster	3002959	Strict	35.0	57.71	glycopeptide antibiotic	antibiotic target alteration	vanY; glycopeptide resistance gene cluster	vancomycin	False	chromosome_like	1		
RM2016_USA_crossstudy_additional8	ERR1713405	k141_1230315	k141_1230315_1 # 204 # 1361 # 1 # ID=60576_1;partial=00;start_type=ATG;rbs_motif=GGAG/GAGG;rbs_spacer=5-10bp;gc_cont=0.526	AcrE	3000499	Perfect	100.0	100.0	fluoroquinolone antibiotic; cephalosporin; cephamycin; penam	antibiotic efflux	resistance-nodulation-cell division (RND) antibiotic efflux pump	ciprofloxacin	True	plasmid_like		0.8218	
RM2016_USA_crossstudy_additional8	ERR1713405	k141_1230537	k141_1230537_2 # 1004 # 2161 # -1 # ID=60867_2;partial=00;start_type=ATG;rbs_motif=GGA/GAG/AGG;rbs_spacer=5-10bp;gc_cont=0.544	mdtE	3000795	Perfect	100.0	100.0	macrolide antibiotic; fluoroquinolone antibiotic; penam	antibiotic efflux	resistance-nodulation-cell division (RND) antibiotic efflux pump	erythromycin; cloxacillin; oxacillin; norfloxacin	False	chromosome_like	1		
RM2016_USA_crossstudy_additional8	ERR1713405	k141_1230544	k141_1230544_3 # 1744 # 2940 # 1 # ID=60886_3;partial=00;start_type=TTG;rbs_motif=GGAGG;rbs_spacer=5-10bp;gc_cont=0.566	vanT gene in vanG cluster	3002972	Strict	35.04	55.9	glycopeptide antibiotic	antibiotic target alteration	glycopeptide resistance gene cluster; vanT	vancomycin	False	chromosome_like	1		
RM2016_USA_crossstudy_additional8	ERR1713405	k141_1058701	k141_1058701_2 # 491 # 1033 # 1 # ID=60915_2;partial=00;start_type=GTG;rbs_motif=AGxAGG/AGGxGG;rbs_spacer=5-10bp;gc_cont=0.378	SAT-4	3002897	Strict	99.44	100.0	nucleoside antibiotic	antibiotic inactivation	streptothricin acetyltransferase (SAT)	streptothricin	False	chromosome_like	1		
RM2016_USA_crossstudy_additional8	ERR1713405	k141_210536	k141_210536_7 # 4957 # 5754 # -1 # ID=61492_7;partial=00;start_type=ATG;rbs_motif=None;rbs_spacer=None;gc_cont=0.648	vanY gene in vanM cluster	3002961	Strict	32.35	113.73	glycopeptide antibiotic	antibiotic target alteration	vanY; glycopeptide resistance gene cluster	vancomycin; teicoplanin	False	chromosome_like	1		
RM2016_USA_crossstudy_additional8	ERR1713405	k141_722757	k141_722757_2 # 818 # 1003 # 1 # ID=61996_2;partial=00;start_type=ATG;rbs_motif=AGGAG;rbs_spacer=5-10bp;gc_cont=0.484	rsmA	3005069	Strict	85.25	100.0	fluoroquinolone antibiotic; diaminopyrimidine antibiotic; phenicol antibiotic	antibiotic efflux	resistance-nodulation-cell division (RND) antibiotic efflux pump	trimethoprim; chloramphenicol	False	chromosome_like	1		
RM2016_USA_crossstudy_additional8	ERR1713405	k141_39774	k141_39774_10 # 7479 # 8684 # -1 # ID=62611_10;partial=00;start_type=ATG;rbs_motif=AAA;rbs_spacer=10bp;gc_cont=0.413	Mef(En2)	3004659	Strict	99.5	100.0	macrolide antibiotic	antibiotic efflux	major facilitator superfamily (MFS) antibiotic efflux pump		True	plasmid_like		0.9716	
RM2016_USA_crossstudy_additional8	ERR1713405	k141_553182	k141_553182_1 # 1 # 318 # 1 # ID=62768_1;partial=10;start_type=Edge;rbs_motif=None;rbs_spacer=None;gc_cont=0.365	vanY gene in vanG cluster	3002959	Strict	36.56	37.63	glycopeptide antibiotic	antibiotic target alteration	vanY; glycopeptide resistance gene cluster	vancomycin	False	chromosome_like	1		
RM2016_USA_crossstudy_additional8	ERR1713405	k141_1059890	k141_1059890_1 # 348 # 2789 # 1 # ID=62955_1;partial=00;start_type=ATG;rbs_motif=None;rbs_spacer=None;gc_cont=0.370	vanT gene in vanG cluster	3002972	Strict	34.88	114.19	glycopeptide antibiotic	antibiotic target alteration	glycopeptide resistance gene cluster; vanT	vancomycin	False	chromosome_like	1		
RM2016_USA_crossstudy_additional8	ERR1713405	k141_40429	k141_40429_1 # 145 # 1107 # 1 # ID=63644_1;partial=00;start_type=ATG;rbs_motif=GGA/GAG/AGG;rbs_spacer=5-10bp;gc_cont=0.359	CfxA6	3003097	Strict	99.38	96.68	cephamycin	antibiotic inactivation	CfxA beta-lactamase		False	chromosome_like	1		
RM2016_USA_crossstudy_additional8	ERR1713405	k141_553918	k141_553918_2 # 463 # 1137 # -1 # ID=63893_2;partial=00;start_type=ATG;rbs_motif=None;rbs_spacer=None;gc_cont=0.499	vanY gene in vanF cluster	3002958	Strict	33.68	76.45	glycopeptide antibiotic	antibiotic target alteration	vanY; glycopeptide resistance gene cluster	vancomycin	False	chromosome_like	1		
RM2016_USA_crossstudy_additional8	ERR1713405	k141_41240	k141_41240_2 # 730 # 1224 # 1 # ID=64841_2;partial=00;start_type=ATG;rbs_motif=GGAGG;rbs_spacer=5-10bp;gc_cont=0.323	dfrF	3002867	Perfect	100.0	100.0	diaminopyrimidine antibiotic	antibiotic target replacement	trimethoprim resistant dihydrofolate reductase dfr	trimethoprim	False	chromosome_like	1		
RM2016_USA_crossstudy_additional8	ERR1713405	k141_558042	k141_558042_3 # 957 # 1424 # -1 # ID=69888_3;partial=01;start_type=Edge;rbs_motif=None;rbs_spacer=None;gc_cont=0.524	tet(W/N/W)	3004442	Strict	96.1	24.26	tetracycline antibiotic	antibiotic target protection	tetracycline-resistant ribosomal protection protein	tetracycline; minocycline; chlortetracycline	False	chromosome_like	1		
RM2016_USA_crossstudy_additional8	ERR1713405	k141_1236594	k141_1236594_8 # 10553 # 11539 # -1 # ID=70406_8;partial=00;start_type=ATG;rbs_motif=AGGAG;rbs_spacer=5-10bp;gc_cont=0.572	vanH gene in vanO cluster	3002948	Strict	41.47	93.71	glycopeptide antibiotic	antibiotic target alteration	vanH; glycopeptide resistance gene cluster	vancomycin	False	chromosome_like	1		
RM2016_USA_crossstudy_additional8	ERR1713405	k141_376016	k141_376016_3 # 1463 # 1795 # -1 # ID=70448_3;partial=00;start_type=ATG;rbs_motif=GGA/GAG/AGG;rbs_spacer=5-10bp;gc_cont=0.438	qacJ	3007014	Strict	42.31	102.8	disinfecting agents and antiseptics	antibiotic efflux	small multidrug resistance (SMR) antibiotic efflux pump	benzalkonium chloride	False	chromosome_like	1		
RM2016_USA_crossstudy_additional8	ERR1713405	k141_728817	k141_728817_3 # 871 # 1623 # 1 # ID=70676_3;partial=00;start_type=ATG;rbs_motif=None;rbs_spacer=None;gc_cont=0.470	OXA-50	3001796	Strict	62.4	95.42	carbapenem; cephalosporin; penam	antibiotic inactivation	OXA beta-lactamase	cloxacillin; oxacillin; ampicillin; cefalotin	False	chromosome_like	1		
RM2016_USA_crossstudy_additional8	ERR1713405	k141_217538	k141_217538_10 # 11292 # 12092 # 1 # ID=71674_10;partial=00;start_type=ATG;rbs_motif=GGAG/GAGG;rbs_spacer=5-10bp;gc_cont=0.409	vanY gene in vanM cluster	3002961	Strict	28.28	114.16	glycopeptide antibiotic	antibiotic target alteration	vanY; glycopeptide resistance gene cluster	vancomycin; teicoplanin	False	chromosome_like	1		
RM2016_USA_crossstudy_additional8	ERR1713405	k141_730230	k141_730230_2 # 356 # 1897 # -1 # ID=72691_2;partial=00;start_type=ATG;rbs_motif=None;rbs_spacer=None;gc_cont=0.386	vanT gene in vanG cluster	3002972	Strict	35.87	72.05	glycopeptide antibiotic	antibiotic target alteration	glycopeptide resistance gene cluster; vanT	vancomycin	False	chromosome_like	1		
RM2016_USA_crossstudy_additional8	ERR1713405	k141_1238424	k141_1238424_2 # 906 # 2057 # -1 # ID=72902_2;partial=00;start_type=ATG;rbs_motif=GGAG/GAGG;rbs_spacer=5-10bp;gc_cont=0.633	MOX-9	3002191	Perfect	100.0	100.0	cephalosporin; cephamycin; penam	antibiotic inactivation	MOX beta-lactamase		False	chromosome_like	1		
RM2016_USA_crossstudy_additional8	ERR1713405	k141_1239132	k141_1239132_8 # 6569 # 8122 # -1 # ID=73863_8;partial=00;start_type=ATG;rbs_motif=AGGA;rbs_spacer=5-10bp;gc_cont=0.515	vanW gene in vanI cluster	3003724	Strict	29.19	138.61	glycopeptide antibiotic	antibiotic target alteration	vanW; glycopeptide resistance gene cluster	vancomycin; teicoplanin	False	chromosome_like	1		
RM2016_USA_crossstudy_additional8	ERR1713405	k141_47660	k141_47660_4 # 2737 # 5892 # -1 # ID=74206_4;partial=00;start_type=ATG;rbs_motif=GGAG/GAGG;rbs_spacer=5-10bp;gc_cont=0.607	adeF	3000777	Strict	43.57	99.24	fluoroquinolone antibiotic; tetracycline antibiotic	antibiotic efflux	resistance-nodulation-cell division (RND) antibiotic efflux pump	tetracycline	False	chromosome_like	1		
RM2016_USA_crossstudy_additional8	ERR1713405	k141_561135	k141_561135_3 # 1569 # 2660 # 1 # ID=74299_3;partial=00;start_type=ATG;rbs_motif=AGxAGG/AGGxGG;rbs_spacer=5-10bp;gc_cont=0.405	vanT gene in vanG cluster	3002972	Strict	32.34	50.98	glycopeptide antibiotic	antibiotic target alteration	glycopeptide resistance gene cluster; vanT	vancomycin	False	chromosome_like	1		
RM2016_USA_crossstudy_additional8	ERR1713405	k141_48981	k141_48981_2 # 851 # 1177 # 1 # ID=76179_2;partial=00;start_type=ATG;rbs_motif=GGA/GAG/AGG;rbs_spacer=5-10bp;gc_cont=0.511	qacJ	3007014	Strict	43.4	100.93	disinfecting agents and antiseptics	antibiotic efflux	small multidrug resistance (SMR) antibiotic efflux pump	benzalkonium chloride	False	chromosome_like	1		
RM2016_USA_crossstudy_additional8	ERR1713405	k141_1241250	k141_1241250_27 # 21564 # 24746 # -1 # ID=76978_27;partial=00;start_type=ATG;rbs_motif=GGA/GAG/AGG;rbs_spacer=5-10bp;gc_cont=0.663	adeF	3000777	Strict	60.0	100.09	fluoroquinolone antibiotic; tetracycline antibiotic	antibiotic efflux	resistance-nodulation-cell division (RND) antibiotic efflux pump	tetracycline	True	plasmid_like		0.9397	
RM2016_USA_crossstudy_additional8	ERR1713405	k141_221922	k141_221922_3 # 4209 # 5081 # 1 # ID=78004_3;partial=00;start_type=ATG;rbs_motif=None;rbs_spacer=None;gc_cont=0.493	vanY gene in vanB cluster	3002956	Strict	35.02	108.21	glycopeptide antibiotic	antibiotic target alteration	vanY; glycopeptide resistance gene cluster	vancomycin	False	chromosome_like	1		
RM2016_USA_crossstudy_additional8	ERR1713405	k141_888842	k141_888842_2 # 743 # 1606 # 1 # ID=79218_2;partial=00;start_type=ATG;rbs_motif=AGGAG;rbs_spacer=5-10bp;gc_cont=0.329	ANT(6)-Ia	3002626	Perfect	100.0	100.0	aminoglycoside antibiotic	antibiotic inactivation	ANT(6)	streptomycin	False	chromosome_like	1		
RM2016_USA_crossstudy_additional8	ERR1713405	k141_734956	k141_734956_10 # 9863 # 12340 # -1 # ID=79434_10;partial=00;start_type=ATG;rbs_motif=TAA;rbs_spacer=11bp;gc_cont=0.517	vanT gene in vanG cluster	3002972	Strict	35.5	115.87	glycopeptide antibiotic	antibiotic target alteration	glycopeptide resistance gene cluster; vanT	vancomycin	False	chromosome_like	1		
RM2016_USA_crossstudy_additional8	ERR1713405	k141_223822	k141_223822_3 # 551 # 1078 # -1 # ID=80730_3;partial=00;start_type=GTG;rbs_motif=AGxAGG/AGGxGG;rbs_spacer=5-10bp;gc_cont=0.498	vanW gene in vanI cluster	3003724	Strict	41.8	46.92	glycopeptide antibiotic	antibiotic target alteration	vanW; glycopeptide resistance gene cluster	vancomycin; teicoplanin	False	chromosome_like	1		
RM2016_USA_crossstudy_additional8	ERR1713405	k141_52227	k141_52227_1 # 3 # 779 # 1 # ID=80945_1;partial=10;start_type=Edge;rbs_motif=None;rbs_spacer=None;gc_cont=0.646	vanY gene in vanB cluster	3002956	Strict	36.36	96.27	glycopeptide antibiotic	antibiotic target alteration	vanY; glycopeptide resistance gene cluster	vancomycin	False	chromosome_like	1		
RM2016_USA_crossstudy_additional8	ERR1713405	k141_224185	k141_224185_3 # 1508 # 2002 # 1 # ID=81202_3;partial=00;start_type=ATG;rbs_motif=GGAG/GAGG;rbs_spacer=5-10bp;gc_cont=0.335	lnuC	3002837	Strict	98.17	100.0	lincosamide antibiotic	antibiotic inactivation	lincosamide nucleotidyltransferase (LNU)	lincomycin	False	chromosome_like	1		
RM2016_USA_crossstudy_additional8	ERR1713405	k141_381954	k141_381954_2 # 288 # 1475 # 1 # ID=81467_2;partial=00;start_type=ATG;rbs_motif=None;rbs_spacer=None;gc_cont=0.526	vanT gene in vanG cluster	3002972	Strict	37.17	55.48	glycopeptide antibiotic	antibiotic target alteration	glycopeptide resistance gene cluster; vanT	vancomycin	False	chromosome_like	1		
RM2016_USA_crossstudy_additional8	ERR1713405	k141_1071545	k141_1071545_21 # 17049 # 18233 # -1 # ID=81691_21;partial=00;start_type=GTG;rbs_motif=AGGAG;rbs_spacer=5-10bp;gc_cont=0.271	vanT gene in vanG cluster	3002972	Strict	35.14	55.34	glycopeptide antibiotic	antibiotic target alteration	glycopeptide resistance gene cluster; vanT	vancomycin	False	chromosome_like	1		
RM2016_USA_crossstudy_additional8	ERR1713405	k141_566536	k141_566536_3 # 1502 # 2812 # -1 # ID=82097_3;partial=00;start_type=ATG;rbs_motif=None;rbs_spacer=None;gc_cont=0.468	Acinetobacter baumannii AbaF	3004573	Strict	87.03	101.63	phosphonic acid antibiotic	antibiotic efflux	major facilitator superfamily (MFS) antibiotic efflux pump	fosfomycin	False	chromosome_like	1		
RM2016_USA_crossstudy_additional8	ERR1713405	k141_890437	k141_890437_1 # 3 # 2657 # -1 # ID=82443_1;partial=10;start_type=ATG;rbs_motif=AGGA;rbs_spacer=5-10bp;gc_cont=0.667	adeF	3000777	Strict	59.23	83.57	fluoroquinolone antibiotic; tetracycline antibiotic	antibiotic efflux	resistance-nodulation-cell division (RND) antibiotic efflux pump	tetracycline	False	chromosome_like	1		
RM2016_USA_crossstudy_additional8	ERR1713405	k141_383143	k141_383143_4 # 1528 # 2355 # -1 # ID=83963_4;partial=00;start_type=ATG;rbs_motif=AGGA;rbs_spacer=5-10bp;gc_cont=0.499	OXA-2	3001397	Perfect	100.0	100.0	carbapenem; cephalosporin; penam	antibiotic inactivation	OXA beta-lactamase	cloxacillin; oxacillin; ceftazidime; amoxicillin; meropenem; ampicillin; cefalotin	True	plasmid_like		0.7765	
RM2016_USA_crossstudy_additional8	ERR1713405	k141_54658	k141_54658_1 # 3 # 1592 # -1 # ID=84631_1;partial=10;start_type=ATG;rbs_motif=GGAGG;rbs_spacer=5-10bp;gc_cont=0.529	tet(W)	3000194	Strict	99.81	82.94	tetracycline antibiotic	antibiotic target protection	tetracycline-resistant ribosomal protection protein	tetracycline; doxycycline; minocycline; chlortetracycline; demeclocycline; oxytetracycline	False	chromosome_like	1		
RM2016_USA_crossstudy_additional8	ERR1713405	k141_383607	k141_383607_8 # 6464 # 6865 # -1 # ID=84903_8;partial=00;start_type=ATG;rbs_motif=TAA;rbs_spacer=12bp;gc_cont=0.346	FosXCC	3003208	Strict	68.42	94.33	phosphonic acid antibiotic	antibiotic inactivation	fosfomycin thiol transferase	fosfomycin	False	chromosome_like	1		
RM2016_USA_crossstudy_additional8	ERR1713405	k141_384798	k141_384798_44 # 33121 # 33852 # -1 # ID=87131_44;partial=01;start_type=Edge;rbs_motif=None;rbs_spacer=None;gc_cont=0.419	tet(M)	3000186	Strict	62.39	38.03	tetracycline antibiotic	antibiotic target protection	tetracycline-resistant ribosomal protection protein	tetracycline; doxycycline; minocycline; chlortetracycline; demeclocycline; oxytetracycline	False	chromosome_like	1		
RM2016_USA_crossstudy_additional8	ERR1713405	k141_229613	k141_229613_7 # 7382 # 8455 # -1 # ID=89328_7;partial=01;start_type=Edge;rbs_motif=None;rbs_spacer=None;gc_cont=0.533	vanW gene in vanI cluster	3003724	Strict	39.01	95.71	glycopeptide antibiotic	antibiotic target alteration	vanW; glycopeptide resistance gene cluster	vancomycin; teicoplanin	False	chromosome_like	1		
RM2016_USA_crossstudy_additional8	ERR1713405	k141_59007	k141_59007_1 # 20 # 1186 # 1 # ID=91178_1;partial=00;start_type=ATG;rbs_motif=None;rbs_spacer=None;gc_cont=0.374	tet(X)	3000205	Strict	99.48	100.0	glycylcycline; tetracycline antibiotic	antibiotic inactivation	tetracycline inactivation enzyme	tigecycline; tetracycline; doxycycline; minocycline; chlortetracycline; demeclocycline; oxytetracycline	False	chromosome_like	1		
RM2016_USA_crossstudy_additional8	ERR1713405	k141_1251012	k141_1251012_2 # 656 # 1963 # 1 # ID=91502_2;partial=00;start_type=ATG;rbs_motif=GGA/GAG/AGG;rbs_spacer=5-10bp;gc_cont=0.343	vanW gene in vanI cluster	3003724	Strict	32.07	116.62	glycopeptide antibiotic	antibiotic target alteration	vanW; glycopeptide resistance gene cluster	vancomycin; teicoplanin	False	chromosome_like	1		
RM2016_USA_crossstudy_additional8	ERR1713405	k141_1251661	k141_1251661_2 # 1010 # 2122 # -1 # ID=92434_2;partial=00;start_type=ATG;rbs_motif=GGA/GAG/AGG;rbs_spacer=5-10bp;gc_cont=0.575	vanT gene in vanG cluster	3002972	Strict	33.61	51.97	glycopeptide antibiotic	antibiotic target alteration	glycopeptide resistance gene cluster; vanT	vancomycin	False	chromosome_like	1		
RM2016_USA_crossstudy_additional8	ERR1713405	k141_573808	k141_573808_4 # 5272 # 5598 # 1 # ID=92897_4;partial=00;start_type=ATG;rbs_motif=GGA/GAG/AGG;rbs_spacer=5-10bp;gc_cont=0.514	qacJ	3007014	Strict	43.4	100.93	disinfecting agents and antiseptics	antibiotic efflux	small multidrug resistance (SMR) antibiotic efflux pump	benzalkonium chloride	False	chromosome_like	1		
RM2016_USA_crossstudy_additional8	ERR1713405	k141_1078903	k141_1078903_2 # 1274 # 2446 # 1 # ID=92954_2;partial=00;start_type=ATG;rbs_motif=GGA/GAG/AGG;rbs_spacer=11-12bp;gc_cont=0.591	vanY gene in vanF cluster	3002958	Strict	25.09	133.11	glycopeptide antibiotic	antibiotic target alteration	vanY; glycopeptide resistance gene cluster	vancomycin	False	chromosome_like	1		
RM2016_USA_crossstudy_additional8	ERR1713405	k141_387958	k141_387958_1 # 2 # 1021 # -1 # ID=92973_1;partial=10;start_type=ATG;rbs_motif=GGAG/GAGG;rbs_spacer=5-10bp;gc_cont=0.522	vanT gene in vanG cluster	3002972	Strict	35.71	47.75	glycopeptide antibiotic	antibiotic target alteration	glycopeptide resistance gene cluster; vanT	vancomycin	False	chromosome_like	1		
RM2016_USA_crossstudy_additional8	ERR1713405	k141_232117	k141_232117_1 # 81 # 1238 # 1 # ID=93068_1;partial=01;start_type=ATG;rbs_motif=AGGAG;rbs_spacer=5-10bp;gc_cont=0.364	vanW gene in vanI cluster	3003724	Strict	39.13	103.49	glycopeptide antibiotic	antibiotic target alteration	vanW; glycopeptide resistance gene cluster	vancomycin; teicoplanin	False	chromosome_like	1		
RM2016_USA_crossstudy_additional8	ERR1713405	k141_61734	k141_61734_1 # 1 # 3156 # 1 # ID=95352_1;partial=10;start_type=Edge;rbs_motif=None;rbs_spacer=None;gc_cont=0.639	Bifidobacterium adolescentis rpoB mutants conferring resistance to rifampicin	3004480	Strict	99.81	88.62	rifamycin antibiotic	antibiotic target alteration; antibiotic target replacement	rifamycin-resistant beta-subunit of RNA polymerase (rpoB)	rifampin	False	chromosome_like	1		
RM2016_USA_crossstudy_additional8	ERR1713405	k141_746653	k141_746653_4 # 2405 # 4855 # 1 # ID=96103_4;partial=00;start_type=ATG;rbs_motif=AATAA;rbs_spacer=6bp;gc_cont=0.305	vanT gene in vanG cluster	3002972	Strict	33.33	114.61	glycopeptide antibiotic	antibiotic target alteration	glycopeptide resistance gene cluster; vanT	vancomycin	False	chromosome_like	1		
RM2016_USA_crossstudy_additional8	ERR1713405	k141_746782	k141_746782_1 # 2 # 1432 # -1 # ID=96303_1;partial=10;start_type=ATG;rbs_motif=TATAA;rbs_spacer=3bp;gc_cont=0.345	vanT gene in vanG cluster	3002972	Strict	33.88	66.99	glycopeptide antibiotic	antibiotic target alteration	glycopeptide resistance gene cluster; vanT	vancomycin	False	chromosome_like	1		
RM2016_USA_crossstudy_additional8	ERR1713405	k141_1255438	k141_1255438_7 # 4822 # 5559 # -1 # ID=97505_7;partial=00;start_type=ATG;rbs_motif=None;rbs_spacer=None;gc_cont=0.332	ErmB	3000375	Strict	97.96	98.79	macrolide antibiotic; lincosamide antibiotic; streptogramin antibiotic; streptogramin A antibiotic; streptogramin B antibiotic	antibiotic target alteration	Erm 23S ribosomal RNA methyltransferase	erythromycin; roxithromycin; lincomycin; telithromycin; clarithromycin; clindamycin; tylosin; spiramycin; azithromycin; dirithromycin; pristinamycin IA; quinupristin; virginiamycin M1; madumycin II; griseoviridin; dalfopristin; pristinamycin IB; virginiamycin S2; pristinamycin IC; vernamycin C; patricin A; patricin B; ostreogrycin B3; oleandomycin	True	plasmid_like		0.9877	
RM2016_USA_crossstudy_additional8	ERR1713405	k141_390226	k141_390226_3 # 970 # 1308 # 1 # ID=97589_3;partial=00;start_type=ATG;rbs_motif=None;rbs_spacer=None;gc_cont=0.664	qacG	3007015	Strict	40.38	104.67	disinfecting agents and antiseptics	antibiotic efflux	small multidrug resistance (SMR) antibiotic efflux pump	benzalkonium chloride	False	chromosome_like	1		
RM2016_USA_crossstudy_additional8	ERR1713405	k141_236123	k141_236123_3 # 1226 # 2320 # -1 # ID=98510_3;partial=00;start_type=ATG;rbs_motif=None;rbs_spacer=None;gc_cont=0.400	vanT gene in vanG cluster	3002972	Strict	35.95	51.12	glycopeptide antibiotic	antibiotic target alteration	glycopeptide resistance gene cluster; vanT	vancomycin	False	chromosome_like	1		
RM2016_USA_crossstudy_additional8	ERR1713405	k141_63716	k141_63716_8 # 8518 # 9672 # -1 # ID=98601_8;partial=00;start_type=ATG;rbs_motif=GGA/GAG/AGG;rbs_spacer=5-10bp;gc_cont=0.365	vanT gene in vanG cluster	3002972	Strict	33.51	53.93	glycopeptide antibiotic	antibiotic target alteration	glycopeptide resistance gene cluster; vanT	vancomycin	False	chromosome_like	1		
RM2016_USA_crossstudy_additional8	ERR1713405	k141_1256403	k141_1256403_3 # 1511 # 2611 # -1 # ID=98909_3;partial=00;start_type=ATG;rbs_motif=GGAG/GAGG;rbs_spacer=5-10bp;gc_cont=0.503	vanG	3002909	Strict	38.48	104.87	glycopeptide antibiotic	antibiotic target alteration	glycopeptide resistance gene cluster; Van ligase	vancomycin	False	chromosome_like	1		
RM2016_USA_crossstudy_additional8	ERR1713405	k141_1083870	k141_1083870_1 # 1 # 321 # -1 # ID=100570_1;partial=10;start_type=ATG;rbs_motif=GGAGG;rbs_spacer=5-10bp;gc_cont=0.355	qacG	3007015	Strict	43.4	100.0	disinfecting agents and antiseptics	antibiotic efflux	small multidrug resistance (SMR) antibiotic efflux pump	benzalkonium chloride	True	plasmid_like		0.9769	
RM2016_USA_crossstudy_additional8	ERR1713405	k141_66014	k141_66014_5 # 3820 # 5295 # 1 # ID=101959_5;partial=00;start_type=ATG;rbs_motif=TAAA;rbs_spacer=5bp;gc_cont=0.400	msrE	3003109	Perfect	100.0	100.0	macrolide antibiotic; streptogramin antibiotic	antibiotic target protection	msr-type ABC-F protein	erythromycin	True	plasmid_like		0.9942	
RM2016_USA_crossstudy_additional8	ERR1713405	k141_66014	k141_66014_6 # 5351 # 6235 # 1 # ID=101959_6;partial=00;start_type=ATG;rbs_motif=TAA;rbs_spacer=12bp;gc_cont=0.365	mphE	3003741	Perfect	100.0	100.0	macrolide antibiotic	antibiotic inactivation	macrolide phosphotransferase (MPH)	erythromycin	True	plasmid_like		0.9942	
RM2016_USA_crossstudy_additional8	ERR1713405	k141_240840	k141_240840_2 # 632 # 1402 # -1 # ID=105125_2;partial=00;start_type=ATG;rbs_motif=TAAA;rbs_spacer=8bp;gc_cont=0.335	LnuH	3004600	Strict	83.2	98.46	lincosamide antibiotic	antibiotic inactivation	lincosamide nucleotidyltransferase (LNU)		True	plasmid_like		0.9516	
RM2016_USA_crossstudy_additional8	ERR1713405	k141_752869	k141_752869_5 # 2984 # 3301 # 1 # ID=105130_5;partial=00;start_type=ATG;rbs_motif=GGA/GAG/AGG;rbs_spacer=5-10bp;gc_cont=0.274	qacJ	3007014	Strict	42.16	98.13	disinfecting agents and antiseptics	antibiotic efflux	small multidrug resistance (SMR) antibiotic efflux pump	benzalkonium chloride	False	chromosome_like	1		
RM2016_USA_crossstudy_additional8	ERR1713405	k141_583583	k141_583583_2 # 417 # 767 # -1 # ID=106952_2;partial=00;start_type=ATG;rbs_motif=GGxGG;rbs_spacer=5-10bp;gc_cont=0.652	qacG	3007015	Strict	41.35	108.41	disinfecting agents and antiseptics	antibiotic efflux	small multidrug resistance (SMR) antibiotic efflux pump	benzalkonium chloride	False	chromosome_like	1		
RM2016_USA_crossstudy_additional8	ERR1713405	k141_242624	k141_242624_5 # 3631 # 5604 # 1 # ID=107766_5;partial=00;start_type=GTG;rbs_motif=AGGAGG;rbs_spacer=5-10bp;gc_cont=0.397	tet(Q)	3000191	Strict	96.5	100.0	tetracycline antibiotic	antibiotic target protection	tetracycline-resistant ribosomal protection protein	tetracycline; doxycycline; minocycline; chlortetracycline; demeclocycline; oxytetracycline	False	chromosome_like	1		
RM2016_USA_crossstudy_additional8	ERR1713405	k141_395996	k141_395996_7 # 4751 # 5803 # 1 # ID=108738_7;partial=00;start_type=ATG;rbs_motif=GGAG/GAGG;rbs_spacer=5-10bp;gc_cont=0.445	vanG	3002909	Strict	39.89	100.29	glycopeptide antibiotic	antibiotic target alteration	glycopeptide resistance gene cluster; Van ligase	vancomycin	False	chromosome_like	1		
RM2016_USA_crossstudy_additional8	ERR1713405	k141_396120	k141_396120_1 # 214 # 1077 # -1 # ID=108991_1;partial=00;start_type=ATG;rbs_motif=TAAA;rbs_spacer=15bp;gc_cont=0.319	aadS	3004683	Strict	84.32	100.0	aminoglycoside antibiotic	antibiotic inactivation	ANT(6)	streptomycin	False	chromosome_like	1		
RM2016_USA_crossstudy_additional8	ERR1713405	k141_70983	k141_70983_2 # 742 # 1476 # 1 # ID=109144_2;partial=00;start_type=ATG;rbs_motif=GGAG/GAGG;rbs_spacer=5-10bp;gc_cont=0.454	vanY gene in vanB cluster	3002956	Strict	41.13	91.04	glycopeptide antibiotic	antibiotic target alteration	vanY; glycopeptide resistance gene cluster	vancomycin	False	chromosome_like	1		
RM2016_USA_crossstudy_additional8	ERR1713405	k141_71749	k141_71749_2 # 1620 # 2504 # 1 # ID=110249_2;partial=00;start_type=ATG;rbs_motif=None;rbs_spacer=None;gc_cont=0.368	mphG	3003742	Strict	89.12	100.0	macrolide antibiotic	antibiotic inactivation	macrolide phosphotransferase (MPH)	erythromycin; clarithromycin; azithromycin	False	chromosome_like	1		
RM2016_USA_crossstudy_additional8	ERR1713405	k141_756655	k141_756655_4 # 1567 # 3039 # 1 # ID=110455_4;partial=00;start_type=ATG;rbs_motif=GGAG/GAGG;rbs_spacer=5-10bp;gc_cont=0.481	vanW gene in vanI cluster	3003724	Strict	32.42	131.37	glycopeptide antibiotic	antibiotic target alteration	vanW; glycopeptide resistance gene cluster	vancomycin; teicoplanin	False	chromosome_like	1		
RM2016_USA_crossstudy_additional8	ERR1713405	k141_1264724	k141_1264724_1 # 148 # 993 # 1 # ID=110539_1;partial=00;start_type=ATG;rbs_motif=None;rbs_spacer=None;gc_cont=0.537	aadA6	3002606	Strict	99.64	100.0	aminoglycoside antibiotic	antibiotic inactivation	ANT(3'')	spectinomycin; streptomycin	False	chromosome_like	1		
RM2016_USA_crossstudy_additional8	ERR1713405	k141_1092898	k141_1092898_3 # 1693 # 2076 # 1 # ID=113910_3;partial=00;start_type=ATG;rbs_motif=None;rbs_spacer=None;gc_cont=0.344	qacJ	3007014	Strict	53.27	118.69	disinfecting agents and antiseptics	antibiotic efflux	small multidrug resistance (SMR) antibiotic efflux pump	benzalkonium chloride	True	plasmid_like		0.989	
RM2016_USA_crossstudy_additional8	ERR1713405	k141_588769	k141_588769_5 # 2206 # 3378 # -1 # ID=114246_5;partial=00;start_type=ATG;rbs_motif=GGA/GAG/AGG;rbs_spacer=5-10bp;gc_cont=0.583	LHK-6	3006940	Strict	97.18	100.0	carbapenem; cephalosporin	antibiotic inactivation	LHK beta-lactamase		False	chromosome_like	1		
RM2016_USA_crossstudy_additional8	ERR1713405	k141_74804	k141_74804_2 # 794 # 1600 # -1 # ID=114530_2;partial=00;start_type=ATG;rbs_motif=AGGAG;rbs_spacer=5-10bp;gc_cont=0.400	vanY gene in vanM cluster	3002961	Strict	33.5	115.02	glycopeptide antibiotic	antibiotic target alteration	vanY; glycopeptide resistance gene cluster	vancomycin; teicoplanin	False	chromosome_like	1		
RM2016_USA_crossstudy_additional8	ERR1713405	k141_1093382	k141_1093382_4 # 774 # 1538 # -1 # ID=114629_4;partial=00;start_type=ATG;rbs_motif=AGGAG;rbs_spacer=5-10bp;gc_cont=0.622	vanY gene in vanM cluster	3002961	Strict	33.03	109.01	glycopeptide antibiotic	antibiotic target alteration	vanY; glycopeptide resistance gene cluster	vancomycin; teicoplanin	False	chromosome_like	1		
RM2016_USA_crossstudy_additional8	ERR1713405	k141_1093914	k141_1093914_7 # 2552 # 3685 # -1 # ID=115519_7;partial=00;start_type=ATG;rbs_motif=GGA/GAG/AGG;rbs_spacer=11-12bp;gc_cont=0.503	Escherichia coli ampC beta-lactamase	3004290	Strict	98.94	100.0	cephalosporin; penam	antibiotic inactivation	ampC-type beta-lactamase	penicillin	False	chromosome_like	1		
RM2016_USA_crossstudy_additional8	ERR1713405	k141_590519	k141_590519_4 # 2304 # 3395 # -1 # ID=116843_4;partial=00;start_type=ATG;rbs_motif=AGGAG;rbs_spacer=5-10bp;gc_cont=0.616	vanG	3002909	Strict	38.38	104.01	glycopeptide antibiotic	antibiotic target alteration	glycopeptide resistance gene cluster; Van ligase	vancomycin	False	chromosome_like	1		
RM2016_USA_crossstudy_additional8	ERR1713405	k141_908378	k141_908378_1 # 2 # 1009 # -1 # ID=117866_1;partial=11;start_type=Edge;rbs_motif=None;rbs_spacer=None;gc_cont=0.522	vanW gene in vanI cluster	3003724	Strict	38.79	90.08	glycopeptide antibiotic	antibiotic target alteration	vanW; glycopeptide resistance gene cluster	vancomycin; teicoplanin	False	chromosome_like	1		
RM2016_USA_crossstudy_additional8	ERR1713405	k141_762286	k141_762286_1 # 3 # 1025 # 1 # ID=118702_1;partial=10;start_type=Edge;rbs_motif=None;rbs_spacer=None;gc_cont=0.480	vanT gene in vanG cluster	3002972	Strict	34.67	47.75	glycopeptide antibiotic	antibiotic target alteration	glycopeptide resistance gene cluster; vanT	vancomycin	False	chromosome_like	1		
RM2016_USA_crossstudy_additional8	ERR1713405	k141_1096531	k141_1096531_6 # 4952 # 5581 # -1 # ID=119123_6;partial=01;start_type=Edge;rbs_motif=None;rbs_spacer=None;gc_cont=0.340	vanW gene in vanG cluster	3002965	Strict	28.72	74.38	glycopeptide antibiotic	antibiotic target alteration	vanW; glycopeptide resistance gene cluster	vancomycin	False	chromosome_like	1		
RM2016_USA_crossstudy_additional8	ERR1713405	k141_1097483	k141_1097483_1 # 274 # 1056 # 1 # ID=120711_1;partial=00;start_type=ATG;rbs_motif=None;rbs_spacer=None;gc_cont=0.303	LnuH	3004600	Perfect	100.0	100.0	lincosamide antibiotic	antibiotic inactivation	lincosamide nucleotidyltransferase (LNU)		False	chromosome_like	1		
RM2016_USA_crossstudy_additional8	ERR1713405	k141_764067	k141_764067_1 # 247 # 1086 # -1 # ID=121105_1;partial=01;start_type=Edge;rbs_motif=None;rbs_spacer=None;gc_cont=0.399	mphG	3003742	Strict	88.13	94.9	macrolide antibiotic	antibiotic inactivation	macrolide phosphotransferase (MPH)	erythromycin; clarithromycin; azithromycin	False	chromosome_like	1		
RM2016_USA_crossstudy_additional8	ERR1713405	k141_1275273	k141_1275273_2 # 1089 # 1907 # -1 # ID=125013_2;partial=00;start_type=ATG;rbs_motif=None;rbs_spacer=None;gc_cont=0.694	vanY gene in vanM cluster	3002961	Strict	32.35	116.74	glycopeptide antibiotic	antibiotic target alteration	vanY; glycopeptide resistance gene cluster	vancomycin; teicoplanin	False	chromosome_like	1		
RM2016_USA_crossstudy_additional8	ERR1713405	k141_255787	k141_255787_3 # 700 # 1161 # -1 # ID=126368_3;partial=01;start_type=Edge;rbs_motif=None;rbs_spacer=None;gc_cont=0.340	vanW gene in vanI cluster	3003724	Strict	36.26	41.02	glycopeptide antibiotic	antibiotic target alteration	vanW; glycopeptide resistance gene cluster	vancomycin; teicoplanin	False	chromosome_like	1		
RM2016_USA_crossstudy_additional8	ERR1713405	k141_913358	k141_913358_1 # 64 # 1260 # -1 # ID=127399_1;partial=01;start_type=Edge;rbs_motif=None;rbs_spacer=None;gc_cont=0.549	CMY-82	3002095	Strict	98.67	104.46	cephamycin	antibiotic inactivation	CMY beta-lactamase		False	chromosome_like	1		
RM2016_USA_crossstudy_additional8	ERR1713405	k141_1277524	k141_1277524_1 # 3 # 1499 # 1 # ID=127925_1;partial=11;start_type=Edge;rbs_motif=None;rbs_spacer=None;gc_cont=0.489	tet(W/N/W)	3004442	Strict	78.56	78.09	tetracycline antibiotic	antibiotic target protection	tetracycline-resistant ribosomal protection protein	tetracycline; minocycline; chlortetracycline	False	chromosome_like	1		
RM2016_USA_crossstudy_additional8	ERR1713405	k141_598444	k141_598444_1 # 220 # 1635 # -1 # ID=128059_1;partial=00;start_type=ATG;rbs_motif=GGxGG;rbs_spacer=3-4bp;gc_cont=0.332	tetB(P)	3000195	Strict	72.34	72.24	tetracycline antibiotic	antibiotic target protection	tetracycline-resistant ribosomal protection protein	tetracycline; doxycycline; minocycline; chlortetracycline; demeclocycline; oxytetracycline	False	chromosome_like	1		
RM2016_USA_crossstudy_additional8	ERR1713405	k141_769445	k141_769445_2 # 811 # 1659 # -1 # ID=128387_2;partial=01;start_type=Edge;rbs_motif=None;rbs_spacer=None;gc_cont=0.564	vanW gene in vanI cluster	3003724	Strict	31.4	75.6	glycopeptide antibiotic	antibiotic target alteration	vanW; glycopeptide resistance gene cluster	vancomycin; teicoplanin	False	chromosome_like	1		
RM2016_USA_crossstudy_additional8	ERR1713405	k141_84775	k141_84775_2 # 339 # 674 # 1 # ID=129018_2;partial=00;start_type=ATG;rbs_motif=None;rbs_spacer=None;gc_cont=0.685	qacJ	3007014	Strict	40.0	103.74	disinfecting agents and antiseptics	antibiotic efflux	small multidrug resistance (SMR) antibiotic efflux pump	benzalkonium chloride	False	chromosome_like	1		
RM2016_USA_crossstudy_additional8	ERR1713405	k141_599511	k141_599511_3 # 1138 # 2850 # 1 # ID=129625_3;partial=00;start_type=ATG;rbs_motif=None;rbs_spacer=None;gc_cont=0.508	vanY gene in vanB cluster	3002956	Strict	34.19	212.69	glycopeptide antibiotic	antibiotic target alteration	vanY; glycopeptide resistance gene cluster	vancomycin	False	chromosome_like	1		
RM2016_USA_crossstudy_additional8	ERR1713405	k141_1279168	k141_1279168_2 # 994 # 2478 # 1 # ID=130060_2;partial=00;start_type=ATG;rbs_motif=AGGAG;rbs_spacer=5-10bp;gc_cont=0.325	lsaE	3003206	Strict	96.76	100.0	lincosamide antibiotic; streptogramin antibiotic; pleuromutilin antibiotic	antibiotic target protection	lsa-type ABC-F protein	lincomycin; pleuromutilin	True	plasmid_like		0.8256	
RM2016_USA_crossstudy_additional8	ERR1713405	k141_407276	k141_407276_4 # 4456 # 5580 # 1 # ID=130289_4;partial=00;start_type=ATG;rbs_motif=AGxAGG/AGGxGG;rbs_spacer=5-10bp;gc_cont=0.536	vanT gene in vanG cluster	3002972	Strict	36.51	52.53	glycopeptide antibiotic	antibiotic target alteration	glycopeptide resistance gene cluster; vanT	vancomycin	False	chromosome_like	1		
RM2016_USA_crossstudy_additional8	ERR1713405	k141_1279544	k141_1279544_2 # 721 # 1605 # -1 # ID=130656_2;partial=00;start_type=ATG;rbs_motif=None;rbs_spacer=None;gc_cont=0.375	mphG	3003742	Strict	89.46	100.0	macrolide antibiotic	antibiotic inactivation	macrolide phosphotransferase (MPH)	erythromycin; clarithromycin; azithromycin	False	chromosome_like	1		
RM2016_USA_crossstudy_additional8	ERR1713405	k141_259499	k141_259499_2 # 700 # 966 # -1 # ID=131258_2;partial=00;start_type=ATG;rbs_motif=None;rbs_spacer=None;gc_cont=0.655	FosI	3007370	Strict	73.44	65.67	phosphonic acid antibiotic	antibiotic inactivation	fosfomycin thiol transferase	fosfomycin	False	chromosome_like	1		
RM2016_USA_crossstudy_additional8	ERR1713405	k141_407856	k141_407856_2 # 1816 # 2577 # -1 # ID=131339_2;partial=00;start_type=GTG;rbs_motif=GGAG/GAGG;rbs_spacer=5-10bp;gc_cont=0.373	vanW gene in vanG cluster	3002965	Strict	32.51	90.04	glycopeptide antibiotic	antibiotic target alteration	vanW; glycopeptide resistance gene cluster	vancomycin	False	chromosome_like	1		
RM2016_USA_crossstudy_additional8	ERR1713405	k141_1280363	k141_1280363_33 # 34647 # 37112 # 1 # ID=131720_33;partial=00;start_type=ATG;rbs_motif=TAA;rbs_spacer=12bp;gc_cont=0.348	vanT gene in vanG cluster	3002972	Strict	38.38	115.31	glycopeptide antibiotic	antibiotic target alteration	glycopeptide resistance gene cluster; vanT	vancomycin	False	chromosome_like	1		
RM2016_USA_crossstudy_additional8	ERR1713405	k141_86766	k141_86766_2 # 1227 # 1895 # -1 # ID=131945_2;partial=01;start_type=Edge;rbs_motif=None;rbs_spacer=None;gc_cont=0.528	vanW gene in vanI cluster	3003724	Strict	38.57	59.52	glycopeptide antibiotic	antibiotic target alteration	vanW; glycopeptide resistance gene cluster	vancomycin; teicoplanin	False	chromosome_like	1		
RM2016_USA_crossstudy_additional8	ERR1713405	k141_87106	k141_87106_2 # 148 # 591 # -1 # ID=132489_2;partial=00;start_type=ATG;rbs_motif=GGAGG;rbs_spacer=5-10bp;gc_cont=0.619	fosA5	3003209	Strict	87.05	105.76	fluoroquinolone antibiotic; aminoglycoside antibiotic; phosphonic acid antibiotic	antibiotic inactivation	fosfomycin thiol transferase	ciprofloxacin; gentamicin	False	chromosome_like	1		
RM2016_USA_crossstudy_additional8	ERR1713405	k141_1280832	k141_1280832_9 # 7341 # 10502 # -1 # ID=132543_9;partial=00;start_type=ATG;rbs_motif=GGAG/GAGG;rbs_spacer=5-10bp;gc_cont=0.619	adeF	3000777	Strict	42.61	99.43	fluoroquinolone antibiotic; tetracycline antibiotic	antibiotic efflux	resistance-nodulation-cell division (RND) antibiotic efflux pump	tetracycline	False	chromosome_like	1		
RM2016_USA_crossstudy_additional8	ERR1713405	k141_1282191	k141_1282191_3 # 762 # 1094 # -1 # ID=134377_3;partial=00;start_type=GTG;rbs_motif=AGGAG;rbs_spacer=5-10bp;gc_cont=0.514	qacL	3005098	Strict	99.09	100.0	disinfecting agents and antiseptics	antibiotic efflux	small multidrug resistance (SMR) antibiotic efflux pump		False	chromosome_like	1		
RM2016_USA_crossstudy_additional8	ERR1713405	k141_262058	k141_262058_2 # 235 # 1314 # -1 # ID=134929_2;partial=00;start_type=ATG;rbs_motif=GGA/GAG/AGG;rbs_spacer=5-10bp;gc_cont=0.250	vanT gene in vanG cluster	3002972	Strict	30.6	50.42	glycopeptide antibiotic	antibiotic target alteration	glycopeptide resistance gene cluster; vanT	vancomycin	False	chromosome_like	1		
RM2016_USA_crossstudy_additional8	ERR1713405	k141_603761	k141_603761_1 # 122 # 904 # -1 # ID=135773_1;partial=00;start_type=ATG;rbs_motif=GGA/GAG/AGG;rbs_spacer=11-12bp;gc_cont=0.522	NPS-1	3004239	Perfect	100.0	100.0	cephalosporin; penam	antibiotic inactivation	NPS beta-lactamase		False	chromosome_like	1		
RM2016_USA_crossstudy_additional8	ERR1713405	k141_776057	k141_776057_3 # 2017 # 3324 # -1 # ID=137287_3;partial=00;start_type=ATG;rbs_motif=None;rbs_spacer=None;gc_cont=0.336	vanW gene in vanI cluster	3003724	Strict	28.53	116.62	glycopeptide antibiotic	antibiotic target alteration	vanW; glycopeptide resistance gene cluster	vancomycin; teicoplanin	False	chromosome_like	1		
RM2016_USA_crossstudy_additional8	ERR1713405	k141_1108877	k141_1108877_6 # 4991 # 5326 # -1 # ID=137434_6;partial=00;start_type=ATG;rbs_motif=GGAG/GAGG;rbs_spacer=5-10bp;gc_cont=0.565	qacG	3007015	Strict	41.35	103.74	disinfecting agents and antiseptics	antibiotic efflux	small multidrug resistance (SMR) antibiotic efflux pump	benzalkonium chloride	True	plasmid_like		0.8231	
RM2016_USA_crossstudy_additional8	ERR1713405	k141_776419	k141_776419_4 # 1943 # 2260 # -1 # ID=137789_4;partial=00;start_type=ATG;rbs_motif=AGGA;rbs_spacer=5-10bp;gc_cont=0.289	qacJ	3007014	Strict	43.88	98.13	disinfecting agents and antiseptics	antibiotic efflux	small multidrug resistance (SMR) antibiotic efflux pump	benzalkonium chloride	False	chromosome_like	1		
RM2016_USA_crossstudy_additional8	ERR1713405	k141_605235	k141_605235_9 # 8566 # 9531 # -1 # ID=137809_9;partial=00;start_type=ATG;rbs_motif=TAA;rbs_spacer=11bp;gc_cont=0.356	CfxA2	3003002	Perfect	100.0	100.0	cephamycin	antibiotic inactivation	CfxA beta-lactamase		False	chromosome_like	1		
RM2016_USA_crossstudy_additional8	ERR1713405	k141_605835	k141_605835_5 # 4332 # 5318 # -1 # ID=138604_5;partial=00;start_type=ATG;rbs_motif=AGGAGG;rbs_spacer=11-12bp;gc_cont=0.405	vanH gene in vanB cluster	3002943	Strict	40.25	101.55	glycopeptide antibiotic	antibiotic target alteration	vanH; glycopeptide resistance gene cluster	vancomycin	False	chromosome_like	1		
RM2016_USA_crossstudy_additional8	ERR1713405	k141_265314	k141_265314_1 # 50 # 1201 # -1 # ID=139331_1;partial=01;start_type=Edge;rbs_motif=None;rbs_spacer=None;gc_cont=0.468	ICR-Mo	3004569	Strict	96.87	68.64	peptide antibiotic	antibiotic target alteration	intrinsic colistin resistant phosphoethanolamine transferase	colistin A; colistin B	False	chromosome_like	1		
RM2016_USA_crossstudy_additional8	ERR1713405	k141_777694	k141_777694_2 # 520 # 1245 # 1 # ID=139581_2;partial=00;start_type=ATG;rbs_motif=GGAG/GAGG;rbs_spacer=5-10bp;gc_cont=0.326	vanY gene in vanB cluster	3002956	Strict	47.37	89.93	glycopeptide antibiotic	antibiotic target alteration	vanY; glycopeptide resistance gene cluster	vancomycin	False	chromosome_like	1		
RM2016_USA_crossstudy_additional8	ERR1713405	k141_265658	k141_265658_1 # 387 # 1490 # 1 # ID=139804_1;partial=01;start_type=GTG;rbs_motif=GGA/GAG/AGG;rbs_spacer=5-10bp;gc_cont=0.421	emrK	3000206	Strict	99.4	104.84	tetracycline antibiotic	antibiotic efflux	major facilitator superfamily (MFS) antibiotic efflux pump	tetracycline	False	chromosome_like	1		
RM2016_USA_crossstudy_additional8	ERR1713405	k141_920237	k141_920237_1 # 13 # 501 # -1 # ID=140873_1;partial=00;start_type=ATG;rbs_motif=GGAG/GAGG;rbs_spacer=5-10bp;gc_cont=0.460	nimG	3007109	Strict	53.05	98.78	nitroimidazole antibiotic	antibiotic inactivation	nitroimidazole reductase	metronidazole	False	chromosome_like	1		
RM2016_USA_crossstudy_additional8	ERR1713405	k141_609444	k141_609444_3 # 978 # 1403 # -1 # ID=143836_3;partial=00;start_type=ATG;rbs_motif=None;rbs_spacer=None;gc_cont=0.563	vanY gene in vanG cluster	3002959	Strict	38.78	50.54	glycopeptide antibiotic	antibiotic target alteration	vanY; glycopeptide resistance gene cluster	vancomycin	False	chromosome_like	1		
RM2016_USA_crossstudy_additional8	ERR1713405	k141_95972	k141_95972_5 # 3670 # 6786 # 1 # ID=145141_5;partial=00;start_type=ATG;rbs_motif=TAAA;rbs_spacer=13bp;gc_cont=0.474	adeF	3000777	Strict	42.9	98.02	fluoroquinolone antibiotic; tetracycline antibiotic	antibiotic efflux	resistance-nodulation-cell division (RND) antibiotic efflux pump	tetracycline	False	chromosome_like	1		
RM2016_USA_crossstudy_additional8	ERR1713405	k141_781845	k141_781845_3 # 2106 # 2339 # 1 # ID=145341_3;partial=01;start_type=ATG;rbs_motif=GGA/GAG/AGG;rbs_spacer=5-10bp;gc_cont=0.645	FosH	3007369	Strict	73.97	58.65	phosphonic acid antibiotic	antibiotic inactivation	fosfomycin thiol transferase	fosfomycin	False	chromosome_like	1		
RM2016_USA_crossstudy_additional8	ERR1713405	k141_96416	k141_96416_6 # 2473 # 2805 # -1 # ID=145779_6;partial=00;start_type=ATG;rbs_motif=GGAG/GAGG;rbs_spacer=5-10bp;gc_cont=0.592	qacG	3007015	Strict	41.75	102.8	disinfecting agents and antiseptics	antibiotic efflux	small multidrug resistance (SMR) antibiotic efflux pump	benzalkonium chloride	True	plasmid_like		0.9714	
RM2016_USA_crossstudy_additional8	ERR1713405	k141_415538	k141_415538_1 # 2 # 1042 # -1 # ID=145979_1;partial=10;start_type=ATG;rbs_motif=AGGAGG;rbs_spacer=5-10bp;gc_cont=0.457	vanW gene in vanI cluster	3003724	Strict	28.03	93.03	glycopeptide antibiotic	antibiotic target alteration	vanW; glycopeptide resistance gene cluster	vancomycin; teicoplanin	False	chromosome_like	1		
RM2016_USA_crossstudy_additional8	ERR1713405	k141_782507	k141_782507_1 # 3 # 350 # -1 # ID=146231_1;partial=10;start_type=GTG;rbs_motif=GGA/GAG/AGG;rbs_spacer=5-10bp;gc_cont=0.322	vanW gene in vanB cluster	3002964	Strict	39.47	42.18	glycopeptide antibiotic	antibiotic target alteration	vanW; glycopeptide resistance gene cluster	vancomycin	False	chromosome_like	1		
RM2016_USA_crossstudy_additional8	ERR1713405	k141_270497	k141_270497_1 # 3 # 872 # -1 # ID=146286_1;partial=10;start_type=ATG;rbs_motif=GGAG/GAGG;rbs_spacer=5-10bp;gc_cont=0.536	vanW gene in vanI cluster	3003724	Strict	40.59	77.75	glycopeptide antibiotic	antibiotic target alteration	vanW; glycopeptide resistance gene cluster	vancomycin; teicoplanin	False	chromosome_like	1		
RM2016_USA_crossstudy_additional8	ERR1713405	k141_415977	k141_415977_2 # 2055 # 2918 # 1 # ID=146865_2;partial=00;start_type=ATG;rbs_motif=None;rbs_spacer=None;gc_cont=0.317	aadS	3004683	Perfect	100.0	100.0	aminoglycoside antibiotic	antibiotic inactivation	ANT(6)	streptomycin	False	chromosome_like	1		
RM2016_USA_crossstudy_additional8	ERR1713405	k141_611783	k141_611783_4 # 4183 # 5178 # 1 # ID=146930_4;partial=00;start_type=ATG;rbs_motif=GGAGG;rbs_spacer=5-10bp;gc_cont=0.589	vanH gene in vanO cluster	3002948	Strict	41.53	94.57	glycopeptide antibiotic	antibiotic target alteration	vanH; glycopeptide resistance gene cluster	vancomycin	False	chromosome_like	1		
RM2016_USA_crossstudy_additional8	ERR1713405	k141_611886	k141_611886_6 # 5169 # 6359 # 1 # ID=147088_6;partial=00;start_type=ATG;rbs_motif=None;rbs_spacer=None;gc_cont=0.410	mefF	3007044	Strict	70.28	99.75	macrolide antibiotic	antibiotic efflux	major facilitator superfamily (MFS) antibiotic efflux pump		True	plasmid_like		0.9845	
RM2016_USA_crossstudy_additional8	ERR1713405	k141_611886	k141_611886_7 # 6468 # 7922 # 1 # ID=147088_7;partial=00;start_type=ATG;rbs_motif=None;rbs_spacer=None;gc_cont=0.386	msr(G)	3007042	Strict	76.3	99.79	macrolide antibiotic; streptogramin antibiotic	antibiotic target protection	msr-type ABC-F protein	erythromycin; azithromycin	True	plasmid_like		0.9845	
RM2016_USA_crossstudy_additional8	ERR1713405	k141_923918	k141_923918_2 # 876 # 1757 # -1 # ID=147918_2;partial=00;start_type=ATG;rbs_motif=AGGA;rbs_spacer=5-10bp;gc_cont=0.688	RCP-1	3003563	Perfect	100.0	100.0	penam	antibiotic inactivation	RCP beta-lactamase		False	chromosome_like	1		
RM2016_USA_crossstudy_additional8	ERR1713405	k141_98128	k141_98128_10 # 8526 # 9311 # 1 # ID=148240_10;partial=00;start_type=GTG;rbs_motif=AGGA;rbs_spacer=5-10bp;gc_cont=0.476	vanY gene in vanM cluster	3002961	Strict	33.59	112.02	glycopeptide antibiotic	antibiotic target alteration	vanY; glycopeptide resistance gene cluster	vancomycin; teicoplanin	False	chromosome_like	1		
RM2016_USA_crossstudy_additional8	ERR1713405	k141_272194	k141_272194_2 # 157 # 483 # 1 # ID=148663_2;partial=00;start_type=ATG;rbs_motif=GGA/GAG/AGG;rbs_spacer=5-10bp;gc_cont=0.502	qacJ	3007014	Strict	43.4	100.93	disinfecting agents and antiseptics	antibiotic efflux	small multidrug resistance (SMR) antibiotic efflux pump	benzalkonium chloride	False	chromosome_like	1		
RM2016_USA_crossstudy_additional8	ERR1713405	k141_1118347	k141_1118347_1 # 2 # 1024 # -1 # ID=150853_1;partial=11;start_type=Edge;rbs_motif=None;rbs_spacer=None;gc_cont=0.372	vanW gene in vanI cluster	3003724	Strict	25.39	91.42	glycopeptide antibiotic	antibiotic target alteration	vanW; glycopeptide resistance gene cluster	vancomycin; teicoplanin	False	chromosome_like	1		
RM2016_USA_crossstudy_additional8	ERR1713405	k141_418327	k141_418327_2 # 226 # 1764 # 1 # ID=151326_2;partial=00;start_type=ATG;rbs_motif=GGA/GAG/AGG;rbs_spacer=5-10bp;gc_cont=0.418	emrY	3000254	Perfect	100.0	100.0	tetracycline antibiotic	antibiotic efflux	major facilitator superfamily (MFS) antibiotic efflux pump	tetracycline	False	chromosome_like	1		
RM2016_USA_crossstudy_additional8	ERR1713405	k141_617462	k141_617462_4 # 2519 # 3589 # 1 # ID=154446_4;partial=00;start_type=ATG;rbs_motif=AGGAG;rbs_spacer=5-10bp;gc_cont=0.288	vanT gene in vanG cluster	3002972	Strict	34.07	50.0	glycopeptide antibiotic	antibiotic target alteration	glycopeptide resistance gene cluster; vanT	vancomycin	False	chromosome_like	1		
RM2016_USA_crossstudy_additional8	ERR1713405	k141_1121245	k141_1121245_4 # 2298 # 4217 # 1 # ID=154985_4;partial=00;start_type=ATG;rbs_motif=GGAGG;rbs_spacer=5-10bp;gc_cont=0.414	tet(32)	3000196	Strict	99.37	100.0	tetracycline antibiotic	antibiotic target protection	tetracycline-resistant ribosomal protection protein	tetracycline; doxycycline; minocycline; chlortetracycline; demeclocycline; oxytetracycline	True	plasmid_like		0.9491	
RM2016_USA_crossstudy_additional8	ERR1713405	k141_102898	k141_102898_1 # 194 # 928 # 1 # ID=155281_1;partial=00;start_type=ATG;rbs_motif=AGGAG;rbs_spacer=5-10bp;gc_cont=0.265	ErmG	3000522	Strict	99.18	100.0	macrolide antibiotic; lincosamide antibiotic; streptogramin antibiotic; streptogramin A antibiotic; streptogramin B antibiotic	antibiotic target alteration	Erm 23S ribosomal RNA methyltransferase	erythromycin; roxithromycin; lincomycin; telithromycin; clarithromycin; clindamycin; tylosin; spiramycin; azithromycin; dirithromycin; pristinamycin IA; quinupristin; virginiamycin M1; madumycin II; griseoviridin; dalfopristin; pristinamycin IB; virginiamycin S2; pristinamycin IC; vernamycin C; patricin A; patricin B; ostreogrycin B3; oleandomycin	False	chromosome_like	1		
RM2016_USA_crossstudy_additional8	ERR1713405	k141_927842	k141_927842_3 # 1556 # 2350 # 1 # ID=155767_3;partial=00;start_type=ATG;rbs_motif=AGGAG;rbs_spacer=5-10bp;gc_cont=0.631	OXA-917	3006103	Perfect	100.0	100.0	carbapenem; cephalosporin; penam	antibiotic inactivation	OXA beta-lactamase	cloxacillin; oxacillin; cefalotin	False	chromosome_like	1		
RM2016_USA_crossstudy_additional8	ERR1713405	k141_618621	k141_618621_4 # 1605 # 2324 # 1 # ID=155860_4;partial=00;start_type=ATG;rbs_motif=AGGAGG;rbs_spacer=5-10bp;gc_cont=0.604	vanY gene in vanF cluster	3002958	Strict	33.75	81.57	glycopeptide antibiotic	antibiotic target alteration	vanY; glycopeptide resistance gene cluster	vancomycin	False	chromosome_like	1		
RM2016_USA_crossstudy_additional8	ERR1713405	k141_618621	k141_618621_5 # 2321 # 3145 # 1 # ID=155860_5;partial=00;start_type=ATG;rbs_motif=GGAGG;rbs_spacer=5-10bp;gc_cont=0.589	vanY gene in vanF cluster	3002958	Strict	38.67	93.52	glycopeptide antibiotic	antibiotic target alteration	vanY; glycopeptide resistance gene cluster	vancomycin	False	chromosome_like	1		
RM2016_USA_crossstudy_additional8	ERR1713405	k141_1122007	k141_1122007_1 # 55 # 240 # -1 # ID=156029_1;partial=00;start_type=ATG;rbs_motif=AGGAG;rbs_spacer=5-10bp;gc_cont=0.495	rsmA	3005069	Strict	85.25	100.0	fluoroquinolone antibiotic; diaminopyrimidine antibiotic; phenicol antibiotic	antibiotic efflux	resistance-nodulation-cell division (RND) antibiotic efflux pump	trimethoprim; chloramphenicol	False	chromosome_like	1		
RM2016_USA_crossstudy_additional8	ERR1713405	k141_277939	k141_277939_7 # 3863 # 4267 # 1 # ID=156289_7;partial=00;start_type=ATG;rbs_motif=None;rbs_spacer=None;gc_cont=0.548	FosI	3007370	Strict	80.45	100.0	phosphonic acid antibiotic	antibiotic inactivation	fosfomycin thiol transferase	fosfomycin	False	chromosome_like	1		
RM2016_USA_crossstudy_additional8	ERR1713405	k141_790290	k141_790290_5 # 2898 # 3227 # 1 # ID=156318_5;partial=00;start_type=ATG;rbs_motif=TAA;rbs_spacer=12bp;gc_cont=0.330	qacJ	3007014	Strict	49.06	101.87	disinfecting agents and antiseptics	antibiotic efflux	small multidrug resistance (SMR) antibiotic efflux pump	benzalkonium chloride	False	chromosome_like	1		
RM2016_USA_crossstudy_additional8	ERR1713405	k141_1298851	k141_1298851_1 # 3 # 1097 # 1 # ID=156804_1;partial=10;start_type=Edge;rbs_motif=None;rbs_spacer=None;gc_cont=0.310	vanW gene in vanI cluster	3003724	Strict	36.73	97.59	glycopeptide antibiotic	antibiotic target alteration	vanW; glycopeptide resistance gene cluster	vancomycin; teicoplanin	False	chromosome_like	1		
RM2016_USA_crossstudy_additional8	ERR1713405	k141_1123882	k141_1123882_2 # 591 # 1409 # -1 # ID=158710_2;partial=00;start_type=ATG;rbs_motif=TAA;rbs_spacer=3bp;gc_cont=0.295	vanW gene in vanG cluster	3002965	Strict	36.68	96.8	glycopeptide antibiotic	antibiotic target alteration	vanW; glycopeptide resistance gene cluster	vancomycin	False	chromosome_like	1		
RM2016_USA_crossstudy_additional8	ERR1713405	k141_792797	k141_792797_1 # 173 # 502 # -1 # ID=159734_1;partial=00;start_type=TTG;rbs_motif=AGGAG;rbs_spacer=5-10bp;gc_cont=0.409	qacJ	3007014	Strict	43.4	101.87	disinfecting agents and antiseptics	antibiotic efflux	small multidrug resistance (SMR) antibiotic efflux pump	benzalkonium chloride	False	chromosome_like	1		
RM2016_USA_crossstudy_additional8	ERR1713405	k141_423074	k141_423074_3 # 2134 # 2463 # -1 # ID=159899_3;partial=00;start_type=ATG;rbs_motif=AGGA;rbs_spacer=5-10bp;gc_cont=0.455	qacG	3007015	Strict	46.67	101.87	disinfecting agents and antiseptics	antibiotic efflux	small multidrug resistance (SMR) antibiotic efflux pump	benzalkonium chloride	False	chromosome_like	1		
RM2016_USA_crossstudy_additional8	ERR1713405	k141_423177	k141_423177_4 # 1853 # 2335 # -1 # ID=160097_4;partial=00;start_type=ATG;rbs_motif=GGAG/GAGG;rbs_spacer=5-10bp;gc_cont=0.410	nimE	3007107	Strict	54.32	94.12	nitroimidazole antibiotic	antibiotic inactivation	nitroimidazole reductase	metronidazole	False	chromosome_like	1		
RM2016_USA_crossstudy_additional8	ERR1713405	k141_793376	k141_793376_1 # 230 # 1126 # -1 # ID=160556_1;partial=00;start_type=ATG;rbs_motif=TAA;rbs_spacer=6bp;gc_cont=0.426	CARB-5	3002244	Strict	96.64	100.0	penam	antibiotic inactivation	CARB beta-lactamase		False	chromosome_like	1		
RM2016_USA_crossstudy_additional8	ERR1713405	k141_107799	k141_107799_1 # 145 # 975 # 1 # ID=162159_1;partial=00;start_type=GTG;rbs_motif=None;rbs_spacer=None;gc_cont=0.323	vanW gene in vanG cluster	3002965	Strict	31.93	98.22	glycopeptide antibiotic	antibiotic target alteration	vanW; glycopeptide resistance gene cluster	vancomycin	False	chromosome_like	1		
RM2016_USA_crossstudy_additional8	ERR1713405	k141_1303072	k141_1303072_4 # 3079 # 3933 # -1 # ID=162326_4;partial=00;start_type=GTG;rbs_motif=TATAA;rbs_spacer=12bp;gc_cont=0.320	vanW gene in vanG cluster	3002965	Strict	30.28	101.07	glycopeptide antibiotic	antibiotic target alteration	vanW; glycopeptide resistance gene cluster	vancomycin	False	chromosome_like	1		
RM2016_USA_crossstudy_additional8	ERR1713405	k141_623936	k141_623936_4 # 3363 # 4556 # 1 # ID=162993_4;partial=00;start_type=ATG;rbs_motif=GGAG/GAGG;rbs_spacer=5-10bp;gc_cont=0.539	Escherichia coli acrA	3004043	Perfect	100.0	100.0	fluoroquinolone antibiotic; cephalosporin; glycylcycline; penam; tetracycline antibiotic; rifamycin antibiotic; phenicol antibiotic; disinfecting agents and antiseptics	antibiotic efflux	resistance-nodulation-cell division (RND) antibiotic efflux pump	tigecycline; tetracycline; rifampin; chloramphenicol; ampicillin; cefalotin; triclosan	False	chromosome_like	1		
RM2016_USA_crossstudy_additional8	ERR1713405	k141_283004	k141_283004_1 # 3 # 1430 # -1 # ID=163311_1;partial=11;start_type=Edge;rbs_motif=None;rbs_spacer=None;gc_cont=0.491	vanT gene in vanG cluster	3002972	Strict	36.5	66.85	glycopeptide antibiotic	antibiotic target alteration	glycopeptide resistance gene cluster; vanT	vancomycin	False	chromosome_like	1		
RM2016_USA_crossstudy_additional8	ERR1713405	k141_795909	k141_795909_2 # 672 # 1778 # 1 # ID=164129_2;partial=00;start_type=ATG;rbs_motif=None;rbs_spacer=None;gc_cont=0.502	vanT gene in vanG cluster	3002972	Strict	35.09	51.69	glycopeptide antibiotic	antibiotic target alteration	glycopeptide resistance gene cluster; vanT	vancomycin	False	chromosome_like	1		
RM2016_USA_crossstudy_additional8	ERR1713405	k141_796131	k141_796131_7 # 4790 # 5113 # -1 # ID=164494_7;partial=00;start_type=ATG;rbs_motif=AGGAGG;rbs_spacer=5-10bp;gc_cont=0.463	qacG	3007015	Strict	49.53	100.0	disinfecting agents and antiseptics	antibiotic efflux	small multidrug resistance (SMR) antibiotic efflux pump	benzalkonium chloride	False	chromosome_like	1		
RM2016_USA_crossstudy_additional8	ERR1713405	k141_110254	k141_110254_3 # 1185 # 1460 # 1 # ID=165515_3;partial=01;start_type=ATG;rbs_motif=None;rbs_spacer=None;gc_cont=0.612	qacJ	3007014	Strict	51.39	85.98	disinfecting agents and antiseptics	antibiotic efflux	small multidrug resistance (SMR) antibiotic efflux pump	benzalkonium chloride	False	chromosome_like	1		
RM2016_USA_crossstudy_additional8	ERR1713405	k141_1306059	k141_1306059_3 # 399 # 1556 # -1 # ID=166281_3;partial=01;start_type=Edge;rbs_motif=None;rbs_spacer=None;gc_cont=0.624	vanY gene in vanB cluster	3002956	Strict	39.9	143.66	glycopeptide antibiotic	antibiotic target alteration	vanY; glycopeptide resistance gene cluster	vancomycin	False	chromosome_like	1		
RM2016_USA_crossstudy_additional8	ERR1713405	k141_935094	k141_935094_3 # 1652 # 3382 # -1 # ID=169639_3;partial=00;start_type=GTG;rbs_motif=GGAG/GAGG;rbs_spacer=5-10bp;gc_cont=0.670	vanW gene in vanI cluster	3003724	Strict	35.4	154.42	glycopeptide antibiotic	antibiotic target alteration	vanW; glycopeptide resistance gene cluster	vancomycin; teicoplanin	False	chromosome_like	1		
RM2016_USA_crossstudy_additional8	ERR1713405	k141_1131577	k141_1131577_2 # 1443 # 2243 # 1 # ID=169778_2;partial=00;start_type=GTG;rbs_motif=AGGA;rbs_spacer=5-10bp;gc_cont=0.687	vanY gene in vanM cluster	3002961	Strict	29.69	114.16	glycopeptide antibiotic	antibiotic target alteration	vanY; glycopeptide resistance gene cluster	vancomycin; teicoplanin	False	chromosome_like	1		
RM2016_USA_crossstudy_additional8	ERR1713405	k141_630143	k141_630143_4 # 4884 # 8045 # -1 # ID=171378_4;partial=00;start_type=ATG;rbs_motif=GGA/GAG/AGG;rbs_spacer=5-10bp;gc_cont=0.581	adeF	3000777	Strict	43.62	99.43	fluoroquinolone antibiotic; tetracycline antibiotic	antibiotic efflux	resistance-nodulation-cell division (RND) antibiotic efflux pump	tetracycline	False	chromosome_like	1		
RM2016_USA_crossstudy_additional8	ERR1713405	k141_1133429	k141_1133429_6 # 2647 # 3477 # 1 # ID=172496_6;partial=00;start_type=ATG;rbs_motif=AGxAGG/AGGxGG;rbs_spacer=5-10bp;gc_cont=0.627	vanY gene in vanB cluster	3002956	Strict	31.18	102.99	glycopeptide antibiotic	antibiotic target alteration	vanY; glycopeptide resistance gene cluster	vancomycin	False	chromosome_like	1		
RM2016_USA_crossstudy_additional8	ERR1713405	k141_116656	k141_116656_1 # 1 # 1194 # -1 # ID=174020_1;partial=10;start_type=ATG;rbs_motif=GGAG/GAGG;rbs_spacer=5-10bp;gc_cont=0.302	tet(Q)	3000191	Strict	47.62	60.58	tetracycline antibiotic	antibiotic target protection	tetracycline-resistant ribosomal protection protein	tetracycline; doxycycline; minocycline; chlortetracycline; demeclocycline; oxytetracycline	False	chromosome_like	1		
RM2016_USA_crossstudy_additional8	ERR1713405	k141_291557	k141_291557_1 # 2 # 1042 # 1 # ID=174897_1;partial=10;start_type=Edge;rbs_motif=None;rbs_spacer=None;gc_cont=0.581	vanW gene in vanI cluster	3003724	Strict	36.36	92.76	glycopeptide antibiotic	antibiotic target alteration	vanW; glycopeptide resistance gene cluster	vancomycin; teicoplanin	False	chromosome_like	1		
RM2016_USA_crossstudy_additional8	ERR1713405	k141_291743	k141_291743_2 # 223 # 567 # 1 # ID=175173_2;partial=00;start_type=ATG;rbs_motif=GGAG/GAGG;rbs_spacer=5-10bp;gc_cont=0.530	qacG	3007015	Strict	38.46	106.54	disinfecting agents and antiseptics	antibiotic efflux	small multidrug resistance (SMR) antibiotic efflux pump	benzalkonium chloride	False	chromosome_like	1		
RM2016_USA_crossstudy_additional8	ERR1713405	k141_939729	k141_939729_3 # 1014 # 1880 # -1 # ID=178890_3;partial=00;start_type=ATG;rbs_motif=GGAG/GAGG;rbs_spacer=5-10bp;gc_cont=0.547	vanY gene in vanB cluster	3002956	Strict	37.43	107.46	glycopeptide antibiotic	antibiotic target alteration	vanY; glycopeptide resistance gene cluster	vancomycin	False	chromosome_like	1		
RM2016_USA_crossstudy_additional8	ERR1713405	k141_294670	k141_294670_4 # 2183 # 3391 # 1 # ID=178922_4;partial=00;start_type=ATG;rbs_motif=GGA/GAG/AGG;rbs_spacer=5-10bp;gc_cont=0.602	vanT gene in vanG cluster	3002972	Strict	34.84	56.46	glycopeptide antibiotic	antibiotic target alteration	glycopeptide resistance gene cluster; vanT	vancomycin	False	chromosome_like	1		
RM2016_USA_crossstudy_additional8	ERR1713405	k141_1138651	k141_1138651_5 # 3881 # 4201 # 1 # ID=179896_5;partial=00;start_type=ATG;rbs_motif=AGGAG;rbs_spacer=5-10bp;gc_cont=0.327	qacJ	3007014	Strict	43.69	99.07	disinfecting agents and antiseptics	antibiotic efflux	small multidrug resistance (SMR) antibiotic efflux pump	benzalkonium chloride	False	chromosome_like	1		
RM2016_USA_crossstudy_additional8	ERR1713405	k141_1139397	k141_1139397_1 # 3 # 1142 # 1 # ID=180994_1;partial=10;start_type=Edge;rbs_motif=None;rbs_spacer=None;gc_cont=0.546	mdtM	3001214	Strict	97.63	92.44	fluoroquinolone antibiotic; lincosamide antibiotic; nucleoside antibiotic; phenicol antibiotic; disinfecting agents and antiseptics	antibiotic efflux	major facilitator superfamily (MFS) antibiotic efflux pump	acriflavine; lincomycin; puromycin; chloramphenicol; norfloxacin	False	chromosome_like	1		
RM2016_USA_crossstudy_additional8	ERR1713405	k141_122548	k141_122548_1 # 2 # 292 # -1 # ID=182145_1;partial=10;start_type=GTG;rbs_motif=AGGAG;rbs_spacer=5-10bp;gc_cont=0.515	qacG	3007015	Strict	46.32	90.65	disinfecting agents and antiseptics	antibiotic efflux	small multidrug resistance (SMR) antibiotic efflux pump	benzalkonium chloride	False	chromosome_like	1		
RM2016_USA_crossstudy_additional8	ERR1713405	k141_941507	k141_941507_2 # 544 # 1608 # 1 # ID=182237_2;partial=01;start_type=ATG;rbs_motif=AAAA;rbs_spacer=4bp;gc_cont=0.360	tet(M)	3000186	Strict	86.48	55.56	tetracycline antibiotic	antibiotic target protection	tetracycline-resistant ribosomal protection protein	tetracycline; doxycycline; minocycline; chlortetracycline; demeclocycline; oxytetracycline	False	chromosome_like	1		
RM2016_USA_crossstudy_additional8	ERR1713405	k141_941531	k141_941531_2 # 429 # 1496 # 1 # ID=182283_2;partial=00;start_type=ATG;rbs_motif=GGTG;rbs_spacer=7bp;gc_cont=0.509	vanG	3002909	Strict	42.17	101.72	glycopeptide antibiotic	antibiotic target alteration	glycopeptide resistance gene cluster; Van ligase	vancomycin	False	chromosome_like	1		
RM2016_USA_crossstudy_additional8	ERR1713405	k141_435161	k141_435161_2 # 115 # 981 # -1 # ID=182546_2;partial=00;start_type=ATG;rbs_motif=AGGTG;rbs_spacer=5bp;gc_cont=0.552	vanY gene in vanA cluster	3002955	Strict	33.02	95.05	glycopeptide antibiotic	antibiotic target alteration	vanY; glycopeptide resistance gene cluster	vancomycin; teicoplanin	False	chromosome_like	1		
RM2016_USA_crossstudy_additional8	ERR1713405	k141_1318616	k141_1318616_3 # 2133 # 2465 # 1 # ID=182699_3;partial=00;start_type=ATG;rbs_motif=AGGA/GGAG/GAGG;rbs_spacer=11-12bp;gc_cont=0.432	Escherichia coli emrE	3004039	Strict	98.18	100.0	macrolide antibiotic	antibiotic efflux	small multidrug resistance (SMR) antibiotic efflux pump	erythromycin	False	chromosome_like	1		
RM2016_USA_crossstudy_additional8	ERR1713405	k141_1319086	k141_1319086_1 # 63 # 1982 # -1 # ID=183332_1;partial=00;start_type=ATG;rbs_motif=AAAA;rbs_spacer=4bp;gc_cont=0.406	tet(O)	3000190	Strict	98.9	100.0	tetracycline antibiotic	antibiotic target protection	tetracycline-resistant ribosomal protection protein	tetracycline; doxycycline; minocycline; chlortetracycline; demeclocycline; oxytetracycline	False	chromosome_like	1		
RM2016_USA_crossstudy_additional8	ERR1713405	k141_1141439	k141_1141439_2 # 311 # 1033 # 1 # ID=184038_2;partial=00;start_type=ATG;rbs_motif=GGA/GAG/AGG;rbs_spacer=5-10bp;gc_cont=0.546	baeR	3000828	Strict	97.07	100.0	aminoglycoside antibiotic; aminocoumarin antibiotic	antibiotic efflux	resistance-nodulation-cell division (RND) antibiotic efflux pump	novobiocin	False	chromosome_like	1		
RM2016_USA_crossstudy_additional8	ERR1713405	k141_639816	k141_639816_5 # 2664 # 4634 # 1 # ID=184187_5;partial=00;start_type=ATG;rbs_motif=GGAG/GAGG;rbs_spacer=5-10bp;gc_cont=0.401	tet(O)	3000190	Strict	51.56	102.66	tetracycline antibiotic	antibiotic target protection	tetracycline-resistant ribosomal protection protein	tetracycline; doxycycline; minocycline; chlortetracycline; demeclocycline; oxytetracycline	False	chromosome_like	1		
RM2016_USA_crossstudy_additional8	ERR1713405	k141_943074	k141_943074_1 # 3 # 716 # -1 # ID=185115_1;partial=10;start_type=ATG;rbs_motif=GGxGG;rbs_spacer=5-10bp;gc_cont=0.604	vanT gene in vanG cluster	3002972	Strict	45.12	33.43	glycopeptide antibiotic	antibiotic target alteration	glycopeptide resistance gene cluster; vanT	vancomycin	False	chromosome_like	1		
RM2016_USA_crossstudy_additional8	ERR1713405	k141_943074	k141_943074_2 # 703 # 1455 # -1 # ID=185115_2;partial=00;start_type=ATG;rbs_motif=GGxGG;rbs_spacer=5-10bp;gc_cont=0.625	vanXY gene in vanG cluster	3003069	Strict	47.83	98.43	glycopeptide antibiotic	antibiotic target alteration	glycopeptide resistance gene cluster; vanXY	vancomycin	False	chromosome_like	1		
RM2016_USA_crossstudy_additional8	ERR1713405	k141_943074	k141_943074_3 # 1452 # 2492 # -1 # ID=185115_3;partial=00;start_type=ATG;rbs_motif=AGGAGG;rbs_spacer=5-10bp;gc_cont=0.634	vanG	3002909	Strict	57.68	99.14	glycopeptide antibiotic	antibiotic target alteration	glycopeptide resistance gene cluster; Van ligase	vancomycin	False	chromosome_like	1		
RM2016_USA_crossstudy_additional8	ERR1713405	k141_641494	k141_641494_1 # 457 # 1716 # 1 # ID=186504_1;partial=00;start_type=ATG;rbs_motif=AGGAG;rbs_spacer=5-10bp;gc_cont=0.367	EreB	3000363	Strict	86.16	100.0	macrolide antibiotic	antibiotic inactivation	macrolide esterase	erythromycin; roxithromycin; clarithromycin; azithromycin	False	chromosome_like	1		
RM2016_USA_crossstudy_additional8	ERR1713405	k141_813601	k141_813601_1 # 1 # 1014 # 1 # ID=187714_1;partial=10;start_type=Edge;rbs_motif=None;rbs_spacer=None;gc_cont=0.544	aadA7	3002607	Strict	98.87	127.17	aminoglycoside antibiotic	antibiotic inactivation	ANT(3'')	spectinomycin; streptomycin	False	chromosome_like	1		
RM2016_USA_crossstudy_additional8	ERR1713405	k141_1144149	k141_1144149_2 # 102 # 1250 # 1 # ID=188102_2;partial=00;start_type=ATG;rbs_motif=None;rbs_spacer=None;gc_cont=0.513	vanT gene in vanG cluster	3002972	Strict	33.97	53.65	glycopeptide antibiotic	antibiotic target alteration	glycopeptide resistance gene cluster; vanT	vancomycin	False	chromosome_like	1		
RM2016_USA_crossstudy_additional8	ERR1713405	k141_127146	k141_127146_3 # 3425 # 4213 # 1 # ID=188582_3;partial=00;start_type=ATG;rbs_motif=GGAG/GAGG;rbs_spacer=5-10bp;gc_cont=0.440	aadA27	3004682	Strict	99.24	100.0	aminoglycoside antibiotic	antibiotic inactivation	ANT(3'')	spectinomycin; streptomycin	True	plasmid_like		0.9948	
RM2016_USA_crossstudy_additional8	ERR1713405	k141_815073	k141_815073_2 # 1209 # 2507 # -1 # ID=189730_2;partial=00;start_type=ATG;rbs_motif=AGGAGG;rbs_spacer=5-10bp;gc_cont=0.326	vanW gene in vanI cluster	3003724	Strict	31.65	115.82	glycopeptide antibiotic	antibiotic target alteration	vanW; glycopeptide resistance gene cluster	vancomycin; teicoplanin	False	chromosome_like	1		
RM2016_USA_crossstudy_additional8	ERR1713405	k141_439121	k141_439121_4 # 1828 # 3054 # -1 # ID=189987_4;partial=00;start_type=ATG;rbs_motif=GGA/GAG/AGG;rbs_spacer=5-10bp;gc_cont=0.525	mdtG	3001329	Perfect	100.0	100.0	phosphonic acid antibiotic	antibiotic efflux	major facilitator superfamily (MFS) antibiotic efflux pump	fosfomycin	False	chromosome_like	1		
RM2016_USA_crossstudy_additional8	ERR1713405	k141_644518	k141_644518_2 # 339 # 722 # 1 # ID=190607_2;partial=00;start_type=ATG;rbs_motif=GGAG/GAGG;rbs_spacer=5-10bp;gc_cont=0.430	marA	3000263	Strict	94.44	100.0	fluoroquinolone antibiotic; monobactam; carbapenem; cephalosporin; glycylcycline; cephamycin; penam; tetracycline antibiotic; rifamycin antibiotic; phenicol antibiotic; penem; disinfecting agents and antiseptics	antibiotic efflux; reduced permeability to antibiotic	resistance-nodulation-cell division (RND) antibiotic efflux pump; General Bacterial Porin with reduced permeability to beta-lactams	tigecycline; tetracycline; rifampin; chloramphenicol; ampicillin; cefalotin; triclosan	False	chromosome_like	1		
RM2016_USA_crossstudy_additional8	ERR1713405	k141_815872	k141_815872_1 # 235 # 1374 # 1 # ID=190825_1;partial=00;start_type=ATG;rbs_motif=None;rbs_spacer=None;gc_cont=0.679	vanT gene in vanG cluster	3002972	Strict	32.69	53.23	glycopeptide antibiotic	antibiotic target alteration	glycopeptide resistance gene cluster; vanT	vancomycin	False	chromosome_like	1		
RM2016_USA_crossstudy_additional8	ERR1713405	k141_644702	k141_644702_2 # 955 # 2265 # -1 # ID=190888_2;partial=00;start_type=ATG;rbs_motif=GGAG/GAGG;rbs_spacer=5-10bp;gc_cont=0.406	Acinetobacter baumannii AbaF	3004573	Strict	86.32	101.63	phosphonic acid antibiotic	antibiotic efflux	major facilitator superfamily (MFS) antibiotic efflux pump	fosfomycin	False	chromosome_like	1		
RM2016_USA_crossstudy_additional8	ERR1713405	k141_129155	k141_129155_7 # 4661 # 5455 # -1 # ID=191553_7;partial=00;start_type=ATG;rbs_motif=GGxGG;rbs_spacer=5-10bp;gc_cont=0.435	vanY gene in vanB cluster	3002956	Strict	29.9	98.51	glycopeptide antibiotic	antibiotic target alteration	vanY; glycopeptide resistance gene cluster	vancomycin	False	chromosome_like	1		
RM2016_USA_crossstudy_additional8	ERR1713405	k141_817125	k141_817125_1 # 3 # 1961 # 1 # ID=192573_1;partial=10;start_type=Edge;rbs_motif=None;rbs_spacer=None;gc_cont=0.352	vanT gene in vanG cluster	3002972	Strict	36.61	91.57	glycopeptide antibiotic	antibiotic target alteration	glycopeptide resistance gene cluster; vanT	vancomycin	False	chromosome_like	1		
RM2016_USA_crossstudy_additional8	ERR1713405	k141_947562	k141_947562_3 # 2389 # 3480 # 1 # ID=193719_3;partial=00;start_type=ATG;rbs_motif=AGGAG;rbs_spacer=5-10bp;gc_cont=0.304	vanG	3002909	Strict	41.53	104.01	glycopeptide antibiotic	antibiotic target alteration	glycopeptide resistance gene cluster; Van ligase	vancomycin	False	chromosome_like	1		
RM2016_USA_crossstudy_additional8	ERR1713405	k141_947943	k141_947943_3 # 2350 # 5481 # 1 # ID=194327_3;partial=00;start_type=GTG;rbs_motif=AGxAGG/AGGxGG;rbs_spacer=5-10bp;gc_cont=0.386	adeF	3000777	Strict	43.13	98.49	fluoroquinolone antibiotic; tetracycline antibiotic	antibiotic efflux	resistance-nodulation-cell division (RND) antibiotic efflux pump	tetracycline	False	chromosome_like	1		
RM2016_USA_crossstudy_additional8	ERR1713405	k141_307313	k141_307313_2 # 765 # 1553 # -1 # ID=196500_2;partial=00;start_type=ATG;rbs_motif=None;rbs_spacer=None;gc_cont=0.582	aadA5	3002605	Strict	99.62	100.0	aminoglycoside antibiotic	antibiotic inactivation	ANT(3'')	spectinomycin; streptomycin	False	chromosome_like	1		
RM2016_USA_crossstudy_additional8	ERR1713405	k141_949250	k141_949250_2 # 1048 # 3099 # -1 # ID=196786_2;partial=00;start_type=ATG;rbs_motif=GGA/GAG/AGG;rbs_spacer=5-10bp;gc_cont=0.546	mdtO	3003549	Strict	99.27	100.0	nucleoside antibiotic; disinfecting agents and antiseptics	antibiotic efflux	major facilitator superfamily (MFS) antibiotic efflux pump	acriflavine; puromycin	True	plasmid_like		0.9221	
RM2016_USA_crossstudy_additional8	ERR1713405	k141_949250	k141_949250_3 # 3099 # 4130 # -1 # ID=196786_3;partial=00;start_type=ATG;rbs_motif=GGA/GAG/AGG;rbs_spacer=5-10bp;gc_cont=0.560	mdtN	3003548	Perfect	100.0	100.0	nucleoside antibiotic; disinfecting agents and antiseptics	antibiotic efflux	major facilitator superfamily (MFS) antibiotic efflux pump	acriflavine; puromycin	True	plasmid_like		0.9221	
RM2016_USA_crossstudy_additional8	ERR1713405	k141_307762	k141_307762_2 # 417 # 1655 # -1 # ID=197117_2;partial=00;start_type=ATG;rbs_motif=GGA/GAG/AGG;rbs_spacer=5-10bp;gc_cont=0.561	tet(40)	3000567	Strict	98.52	101.48	tetracycline antibiotic	antibiotic efflux	major facilitator superfamily (MFS) antibiotic efflux pump	tetracycline	False	chromosome_like	1		
RM2016_USA_crossstudy_additional8	ERR1713405	k141_649612	k141_649612_2 # 943 # 2307 # -1 # ID=197262_2;partial=01;start_type=Edge;rbs_motif=None;rbs_spacer=None;gc_cont=0.607	vanT gene in vanG cluster	3002972	Strict	46.61	63.76	glycopeptide antibiotic	antibiotic target alteration	glycopeptide resistance gene cluster; vanT	vancomycin	False	chromosome_like	1		
RM2016_USA_crossstudy_additional8	ERR1713405	k141_820468	k141_820468_3 # 1474 # 2841 # 1 # ID=197612_3;partial=00;start_type=ATG;rbs_motif=GGAG/GAGG;rbs_spacer=5-10bp;gc_cont=0.399	mdeA	3007011	Strict	44.98	100.44	fluoroquinolone antibiotic; aminoglycoside antibiotic; penam; tetracycline antibiotic; disinfecting agents and antiseptics	antibiotic efflux	major facilitator superfamily (MFS) antibiotic efflux pump	ciprofloxacin; acriflavine; kanamycin A; tetracycline; oxacillin; ampicillin; nalidixic acid	False	chromosome_like	1		
RM2016_USA_crossstudy_additional8	ERR1713405	k141_1151581	k141_1151581_4 # 2643 # 3788 # -1 # ID=199163_4;partial=00;start_type=ATG;rbs_motif=GGA/GAG/AGG;rbs_spacer=5-10bp;gc_cont=0.582	vanT gene in vanG cluster	3002972	Strict	31.84	53.51	glycopeptide antibiotic	antibiotic target alteration	glycopeptide resistance gene cluster; vanT	vancomycin	False	chromosome_like	1		
RM2016_USA_crossstudy_additional8	ERR1713405	k141_1331392	k141_1331392_4 # 1209 # 2021 # 1 # ID=200502_4;partial=00;start_type=ATG;rbs_motif=AGxAGG/AGGxGG;rbs_spacer=11-12bp;gc_cont=0.662	vanY gene in vanB cluster	3002956	Strict	30.81	100.75	glycopeptide antibiotic	antibiotic target alteration	vanY; glycopeptide resistance gene cluster	vancomycin	False	chromosome_like	1		
RM2016_USA_crossstudy_additional8	ERR1713405	k141_822826	k141_822826_1 # 103 # 306 # -1 # ID=200894_1;partial=00;start_type=ATG;rbs_motif=AGGAG;rbs_spacer=5-10bp;gc_cont=0.422	rsmA	3005069	Strict	91.38	109.84	fluoroquinolone antibiotic; diaminopyrimidine antibiotic; phenicol antibiotic	antibiotic efflux	resistance-nodulation-cell division (RND) antibiotic efflux pump	trimethoprim; chloramphenicol	False	chromosome_like	1		
RM2016_USA_crossstudy_additional8	ERR1713405	k141_1331976	k141_1331976_10 # 11588 # 12658 # 1 # ID=201284_10;partial=00;start_type=ATG;rbs_motif=AGGAG;rbs_spacer=5-10bp;gc_cont=0.282	vanT gene in vanG cluster	3002972	Strict	33.88	50.0	glycopeptide antibiotic	antibiotic target alteration	glycopeptide resistance gene cluster; vanT	vancomycin	False	chromosome_like	1		
RM2016_USA_crossstudy_additional8	ERR1713405	k141_823315	k141_823315_5 # 1842 # 2675 # 1 # ID=201492_5;partial=00;start_type=ATG;rbs_motif=AGxAGG/AGGxGG;rbs_spacer=5-10bp;gc_cont=0.471	vanY gene in vanB cluster	3002956	Strict	37.3	103.36	glycopeptide antibiotic	antibiotic target alteration	vanY; glycopeptide resistance gene cluster	vancomycin	False	chromosome_like	1		
RM2016_USA_crossstudy_additional8	ERR1713405	k141_653197	k141_653197_1 # 3 # 785 # 1 # ID=202015_1;partial=10;start_type=Edge;rbs_motif=None;rbs_spacer=None;gc_cont=0.441	vanW gene in vanI cluster	3003724	Strict	45.92	69.71	glycopeptide antibiotic	antibiotic target alteration	vanW; glycopeptide resistance gene cluster	vancomycin; teicoplanin	False	chromosome_like	1		
RM2016_USA_crossstudy_additional8	ERR1713405	k141_1332710	k141_1332710_4 # 2716 # 3810 # -1 # ID=202393_4;partial=00;start_type=ATG;rbs_motif=AGGAGG;rbs_spacer=5-10bp;gc_cont=0.407	vanT gene in vanG cluster	3002972	Strict	32.88	51.12	glycopeptide antibiotic	antibiotic target alteration	glycopeptide resistance gene cluster; vanT	vancomycin	False	chromosome_like	1		
RM2016_USA_crossstudy_additional8	ERR1713405	k141_446856	k141_446856_3 # 1689 # 2033 # -1 # ID=203914_3;partial=00;start_type=ATG;rbs_motif=AGGAG;rbs_spacer=5-10bp;gc_cont=0.383	qacG	3007015	Strict	41.35	106.54	disinfecting agents and antiseptics	antibiotic efflux	small multidrug resistance (SMR) antibiotic efflux pump	benzalkonium chloride	False	chromosome_like	1		
RM2016_USA_crossstudy_additional8	ERR1713405	k141_139187	k141_139187_2 # 633 # 1457 # -1 # ID=205475_2;partial=00;start_type=ATG;rbs_motif=None;rbs_spacer=None;gc_cont=0.259	OXA-347	3001777	Perfect	100.0	100.0	carbapenem; cephalosporin; penam	antibiotic inactivation	OXA beta-lactamase	cloxacillin; oxacillin; cefalotin	False	chromosome_like	1		
RM2016_USA_crossstudy_additional8	ERR1713405	k141_1156085	k141_1156085_1 # 2 # 289 # 1 # ID=205538_1;partial=10;start_type=Edge;rbs_motif=None;rbs_spacer=None;gc_cont=0.309	qacG	3007015	Strict	48.42	88.79	disinfecting agents and antiseptics	antibiotic efflux	small multidrug resistance (SMR) antibiotic efflux pump	benzalkonium chloride	False	chromosome_like	1		
RM2016_USA_crossstudy_additional8	ERR1713405	k141_953916	k141_953916_3 # 1622 # 3505 # -1 # ID=205584_3;partial=00;start_type=ATG;rbs_motif=AGxAGG/AGGxGG;rbs_spacer=5-10bp;gc_cont=0.464	vanY gene in vanB cluster	3002956	Strict	43.09	233.96	glycopeptide antibiotic	antibiotic target alteration	vanY; glycopeptide resistance gene cluster	vancomycin	False	chromosome_like	1		
RM2016_USA_crossstudy_additional8	ERR1713405	k141_315063	k141_315063_3 # 1693 # 2064 # -1 # ID=206526_3;partial=00;start_type=ATG;rbs_motif=None;rbs_spacer=None;gc_cont=0.411	qacJ	3007014	Strict	43.56	114.95	disinfecting agents and antiseptics	antibiotic efflux	small multidrug resistance (SMR) antibiotic efflux pump	benzalkonium chloride	False	chromosome_like	1		
RM2016_USA_crossstudy_additional8	ERR1713405	k141_315429	k141_315429_1 # 50 # 1177 # 1 # ID=207094_1;partial=00;start_type=ATG;rbs_motif=GGxGG;rbs_spacer=5-10bp;gc_cont=0.398	vanT gene in vanG cluster	3002972	Strict	35.52	52.67	glycopeptide antibiotic	antibiotic target alteration	glycopeptide resistance gene cluster; vanT	vancomycin	False	chromosome_like	1		
RM2016_USA_crossstudy_additional8	ERR1713405	k141_1338013	k141_1338013_2 # 490 # 2274 # -1 # ID=209367_2;partial=00;start_type=ATG;rbs_motif=GGAG/GAGG;rbs_spacer=5-10bp;gc_cont=0.385	patB	3000025	Strict	67.68	101.02	fluoroquinolone antibiotic	antibiotic efflux	ATP-binding cassette (ABC) antibiotic efflux pump	ciprofloxacin; norfloxacin	False	chromosome_like	1		
RM2016_USA_crossstudy_additional8	ERR1713405	k141_142822	k141_142822_2 # 666 # 1322 # 1 # ID=210395_2;partial=00;start_type=ATG;rbs_motif=GGAG/GAGG;rbs_spacer=5-10bp;gc_cont=0.382	QnrVC4	3002801	Perfect	100.0	100.0	fluoroquinolone antibiotic	antibiotic target protection	quinolone resistance protein (qnr)	ciprofloxacin; levofloxacin; moxifloxacin; gatifloxacin; nalidixic acid; norfloxacin; sparfloxacin	False	chromosome_like	1		
RM2016_USA_crossstudy_additional8	ERR1713405	k141_142822	k141_142822_3 # 1405 # 2043 # 1 # ID=210395_3;partial=00;start_type=GTG;rbs_motif=GGA/GAG/AGG;rbs_spacer=5-10bp;gc_cont=0.545	AAC(6')-Ib9	3002580	Strict	100.0	104.43	aminoglycoside antibiotic	antibiotic inactivation	AAC(6')	amikacin; kanamycin A; tobramycin	False	chromosome_like	1		
RM2016_USA_crossstudy_additional8	ERR1713405	k141_659697	k141_659697_2 # 531 # 1697 # -1 # ID=210508_2;partial=00;start_type=ATG;rbs_motif=AGGAG/GGAGG;rbs_spacer=11-12bp;gc_cont=0.410	vanT gene in vanG cluster	3002972	Strict	33.51	54.49	glycopeptide antibiotic	antibiotic target alteration	glycopeptide resistance gene cluster; vanT	vancomycin	False	chromosome_like	1		
RM2016_USA_crossstudy_additional8	ERR1713405	k141_956907	k141_956907_2 # 165 # 545 # -1 # ID=210860_2;partial=00;start_type=ATG;rbs_motif=GGAG/GAGG;rbs_spacer=5-10bp;gc_cont=0.501	marA	3000263	Strict	91.13	99.21	fluoroquinolone antibiotic; monobactam; carbapenem; cephalosporin; glycylcycline; cephamycin; penam; tetracycline antibiotic; rifamycin antibiotic; phenicol antibiotic; penem; disinfecting agents and antiseptics	antibiotic efflux; reduced permeability to antibiotic	resistance-nodulation-cell division (RND) antibiotic efflux pump; General Bacterial Porin with reduced permeability to beta-lactams	tigecycline; tetracycline; rifampin; chloramphenicol; ampicillin; cefalotin; triclosan	False	chromosome_like	1		
RM2016_USA_crossstudy_additional8	ERR1713405	k141_318325	k141_318325_4 # 1919 # 3151 # 1 # ID=210871_4;partial=00;start_type=ATG;rbs_motif=None;rbs_spacer=None;gc_cont=0.528	Escherichia coli mdfA	3001328	Strict	96.83	100.0	tetracycline antibiotic; disinfecting agents and antiseptics	antibiotic efflux	major facilitator superfamily (MFS) antibiotic efflux pump	tetracycline; benzalkonium chloride	True	plasmid_like		0.8184	
RM2016_USA_crossstudy_additional8	ERR1713405	k141_143287	k141_143287_1 # 150 # 821 # -1 # ID=210991_1;partial=00;start_type=ATG;rbs_motif=GGAG/GAGG;rbs_spacer=5-10bp;gc_cont=0.458	ANT(3'')-IIc	3004091	Strict	98.65	86.1	aminoglycoside antibiotic	antibiotic inactivation	ANT(3'')	spectinomycin; streptomycin	False	chromosome_like	1		
RM2016_USA_crossstudy_additional8	ERR1713405	k141_832200	k141_832200_10 # 10158 # 12626 # 1 # ID=212990_10;partial=00;start_type=ATG;rbs_motif=None;rbs_spacer=None;gc_cont=0.389	vanT gene in vanG cluster	3002972	Strict	32.79	115.45	glycopeptide antibiotic	antibiotic target alteration	glycopeptide resistance gene cluster; vanT	vancomycin	False	chromosome_like	1		
RM2016_USA_crossstudy_additional8	ERR1713405	k141_452592	k141_452592_18 # 14842 # 15597 # 1 # ID=214324_18;partial=00;start_type=ATG;rbs_motif=GGAG/GAGG;rbs_spacer=5-10bp;gc_cont=0.458	vanY gene in vanB cluster	3002956	Strict	30.8	93.66	glycopeptide antibiotic	antibiotic target alteration	vanY; glycopeptide resistance gene cluster	vancomycin	False	chromosome_like	1		
RM2016_USA_crossstudy_additional8	ERR1713405	k141_662579	k141_662579_2 # 167 # 1000 # -1 # ID=214344_2;partial=01;start_type=Edge;rbs_motif=None;rbs_spacer=None;gc_cont=0.687	vanW gene in vanB cluster	3002964	Strict	31.19	100.73	glycopeptide antibiotic	antibiotic target alteration	vanW; glycopeptide resistance gene cluster	vancomycin	False	chromosome_like	1		
RM2016_USA_crossstudy_additional8	ERR1713405	k141_663019	k141_663019_2 # 903 # 1271 # 1 # ID=214988_2;partial=00;start_type=ATG;rbs_motif=None;rbs_spacer=None;gc_cont=0.488	qacJ	3007014	Strict	43.4	114.02	disinfecting agents and antiseptics	antibiotic efflux	small multidrug resistance (SMR) antibiotic efflux pump	benzalkonium chloride	False	chromosome_like	1		
RM2016_USA_crossstudy_additional8	ERR1713405	k141_1343060	k141_1343060_12 # 9108 # 9740 # 1 # ID=216076_12;partial=00;start_type=ATG;rbs_motif=GGAG/GAGG;rbs_spacer=5-10bp;gc_cont=0.494	CRP	3000518	Strict	99.52	100.0	macrolide antibiotic; fluoroquinolone antibiotic; penam	antibiotic efflux	resistance-nodulation-cell division (RND) antibiotic efflux pump	erythromycin; cloxacillin; oxacillin; norfloxacin	False	chromosome_like	1		
RM2016_USA_crossstudy_additional8	ERR1713405	k141_664440	k141_664440_1 # 217 # 1020 # -1 # ID=216799_1;partial=00;start_type=ATG;rbs_motif=None;rbs_spacer=None;gc_cont=0.398	OXA-129	3001811	Perfect	100.0	100.0	carbapenem; cephalosporin; penam	antibiotic inactivation	OXA beta-lactamase	cloxacillin; oxacillin; cefalotin	False	chromosome_like	1		
RM2016_USA_crossstudy_additional8	ERR1713405	k141_151814	k141_151814_2 # 944 # 1354 # 1 # ID=222806_2;partial=00;start_type=ATG;rbs_motif=GGA/GAG/AGG;rbs_spacer=5-10bp;gc_cont=0.414	FosI	3007370	Strict	67.69	101.49	phosphonic acid antibiotic	antibiotic inactivation	fosfomycin thiol transferase	fosfomycin	True	plasmid_like		0.7878	
RM2016_USA_crossstudy_additional8	ERR1713405	k141_327251	k141_327251_4 # 2650 # 3774 # -1 # ID=222866_4;partial=00;start_type=ATG;rbs_motif=GGA/GAG/AGG;rbs_spacer=5-10bp;gc_cont=0.336	vanT gene in vanG cluster	3002972	Strict	34.45	52.53	glycopeptide antibiotic	antibiotic target alteration	glycopeptide resistance gene cluster; vanT	vancomycin	False	chromosome_like	1		
RM2016_USA_crossstudy_additional8	ERR1713405	k141_668968	k141_668968_4 # 1156 # 3621 # -1 # ID=223037_4;partial=00;start_type=ATG;rbs_motif=AAAAA;rbs_spacer=11bp;gc_cont=0.427	vanT gene in vanG cluster	3002972	Strict	35.33	115.31	glycopeptide antibiotic	antibiotic target alteration	glycopeptide resistance gene cluster; vanT	vancomycin	False	chromosome_like	1		
RM2016_USA_crossstudy_additional8	ERR1713405	k141_457359	k141_457359_1 # 3 # 1025 # -1 # ID=223300_1;partial=11;start_type=Edge;rbs_motif=None;rbs_spacer=None;gc_cont=0.487	vanT gene in vanG cluster	3002972	Strict	37.36	47.89	glycopeptide antibiotic	antibiotic target alteration	glycopeptide resistance gene cluster; vanT	vancomycin	False	chromosome_like	1		
RM2016_USA_crossstudy_additional8	ERR1713405	k141_457776	k141_457776_6 # 1896 # 2735 # 1 # ID=224238_6;partial=00;start_type=ATG;rbs_motif=None;rbs_spacer=None;gc_cont=0.715	vanY gene in vanM cluster	3002961	Strict	31.65	119.74	glycopeptide antibiotic	antibiotic target alteration	vanY; glycopeptide resistance gene cluster	vancomycin; teicoplanin	False	chromosome_like	1		
RM2016_USA_crossstudy_additional8	ERR1713405	k141_841435	k141_841435_4 # 2128 # 3027 # 1 # ID=225401_4;partial=00;start_type=ATG;rbs_motif=AGGAG;rbs_spacer=5-10bp;gc_cont=0.314	VEB-9	3002378	Perfect	100.0	100.0	monobactam; cephalosporin	antibiotic inactivation	VEB beta-lactamase		False	chromosome_like	1		
RM2016_USA_crossstudy_additional8	ERR1713405	k141_670891	k141_670891_2 # 387 # 1157 # -1 # ID=225589_2;partial=00;start_type=ATG;rbs_motif=TAA;rbs_spacer=11bp;gc_cont=0.319	LnuH	3004600	Strict	82.35	98.46	lincosamide antibiotic	antibiotic inactivation	lincosamide nucleotidyltransferase (LNU)		False	chromosome_like	1		
RM2016_USA_crossstudy_additional8	ERR1713405	k141_841626	k141_841626_3 # 747 # 1235 # -1 # ID=225632_3;partial=00;start_type=ATG;rbs_motif=GGAG/GAGG;rbs_spacer=5-10bp;gc_cont=0.380	nimJ	3007112	Strict	54.43	98.18	nitroimidazole antibiotic	antibiotic inactivation	nitroimidazole reductase	metronidazole	False	chromosome_like	1		
RM2016_USA_crossstudy_additional8	ERR1713405	k141_154314	k141_154314_5 # 1302 # 2954 # -1 # ID=226154_5;partial=00;start_type=ATG;rbs_motif=GGxGG;rbs_spacer=5-10bp;gc_cont=0.509	ArnT	3005053	Strict	63.7	99.82	peptide antibiotic	antibiotic target alteration	pmr phosphoethanolamine transferase	colistin A; colistin B	True	plasmid_like		0.9857	
RM2016_USA_crossstudy_additional8	ERR1713405	k141_154314	k141_154314_8 # 5823 # 6791 # -1 # ID=226154_8;partial=00;start_type=ATG;rbs_motif=AGGA;rbs_spacer=5-10bp;gc_cont=0.504	PmrF	3003578	Perfect	100.0	100.0	peptide antibiotic	antibiotic target alteration	pmr phosphoethanolamine transferase	polymyxin B	True	plasmid_like		0.9857	
RM2016_USA_crossstudy_additional8	ERR1713405	k141_671985	k141_671985_1 # 71 # 415 # -1 # ID=227060_1;partial=00;start_type=ATG;rbs_motif=None;rbs_spacer=None;gc_cont=0.420	qacG	3007015	Strict	44.76	106.54	disinfecting agents and antiseptics	antibiotic efflux	small multidrug resistance (SMR) antibiotic efflux pump	benzalkonium chloride	False	chromosome_like	1		
RM2016_USA_crossstudy_additional8	ERR1713405	k141_843192	k141_843192_1 # 360 # 1142 # -1 # ID=227796_1;partial=00;start_type=ATG;rbs_motif=AAAA;rbs_spacer=12bp;gc_cont=0.323	lnuG	3004085	Strict	97.69	97.38	lincosamide antibiotic	antibiotic inactivation	lincosamide nucleotidyltransferase (LNU)	lincomycin	True	plasmid_like		0.9923	
RM2016_USA_crossstudy_additional8	ERR1713405	k141_966692	k141_966692_4 # 2193 # 3317 # -1 # ID=229168_4;partial=00;start_type=ATG;rbs_motif=AGGAG;rbs_spacer=5-10bp;gc_cont=0.320	vanT gene in vanG cluster	3002972	Strict	35.83	52.53	glycopeptide antibiotic	antibiotic target alteration	glycopeptide resistance gene cluster; vanT	vancomycin	False	chromosome_like	1		
RM2016_USA_crossstudy_additional8	ERR1713405	k141_674334	k141_674334_2 # 535 # 1167 # -1 # ID=230199_2;partial=00;start_type=ATG;rbs_motif=GGAG/GAGG;rbs_spacer=5-10bp;gc_cont=0.498	CRP	3000518	Strict	99.05	100.0	macrolide antibiotic; fluoroquinolone antibiotic; penam	antibiotic efflux	resistance-nodulation-cell division (RND) antibiotic efflux pump	erythromycin; cloxacillin; oxacillin; norfloxacin	False	chromosome_like	1		
RM2016_USA_crossstudy_additional8	ERR1713405	k141_845424	k141_845424_3 # 2303 # 2722 # 1 # ID=230887_3;partial=00;start_type=ATG;rbs_motif=GGAG/GAGG;rbs_spacer=5-10bp;gc_cont=0.362	FosXCC	3003208	Strict	66.67	98.58	phosphonic acid antibiotic	antibiotic inactivation	fosfomycin thiol transferase	fosfomycin	False	chromosome_like	1		
RM2016_USA_crossstudy_additional8	ERR1713405	k141_158074	k141_158074_1 # 3 # 737 # 1 # ID=231036_1;partial=10;start_type=Edge;rbs_motif=None;rbs_spacer=None;gc_cont=0.389	vanW gene in vanI cluster	3003724	Strict	38.83	65.42	glycopeptide antibiotic	antibiotic target alteration	vanW; glycopeptide resistance gene cluster	vancomycin; teicoplanin	False	chromosome_like	1		
RM2016_USA_crossstudy_additional8	ERR1713405	k141_1354252	k141_1354252_2 # 293 # 1129 # -1 # ID=231178_2;partial=01;start_type=Edge;rbs_motif=None;rbs_spacer=None;gc_cont=0.345	OXA-1	3001396	Strict	99.64	100.72	carbapenem; cephalosporin; penam	antibiotic inactivation	OXA beta-lactamase	cloxacillin; oxacillin; amoxicillin; piperacillin; ampicillin; cefalotin	False	chromosome_like	1		
RM2016_USA_crossstudy_additional8	ERR1713405	k141_461995	k141_461995_2 # 763 # 1527 # -1 # ID=231956_2;partial=00;start_type=ATG;rbs_motif=AGGAG;rbs_spacer=5-10bp;gc_cont=0.489	vanY gene in vanF cluster	3002958	Strict	39.6	86.69	glycopeptide antibiotic	antibiotic target alteration	vanY; glycopeptide resistance gene cluster	vancomycin	False	chromosome_like	1		
RM2016_USA_crossstudy_additional8	ERR1713405	k141_1176832	k141_1176832_2 # 1006 # 2244 # -1 # ID=233940_2;partial=00;start_type=ATG;rbs_motif=None;rbs_spacer=None;gc_cont=0.651	Mrx	3003839	Perfect	100.0	100.0	macrolide antibiotic	antibiotic inactivation	macrolide phosphotransferase (MPH)		True	plasmid_like		0.9839	
RM2016_USA_crossstudy_additional8	ERR1713405	k141_1176832	k141_1176832_3 # 2241 # 3146 # -1 # ID=233940_3;partial=00;start_type=ATG;rbs_motif=AGGAG;rbs_spacer=5-10bp;gc_cont=0.657	mphA	3000316	Perfect	100.0	100.0	macrolide antibiotic	antibiotic inactivation	macrolide phosphotransferase (MPH)	erythromycin; roxithromycin; telithromycin; clarithromycin; azithromycin; dirithromycin; oleandomycin	True	plasmid_like		0.9839	
RM2016_USA_crossstudy_additional8	ERR1713405	k141_336328	k141_336328_2 # 881 # 2362 # 1 # ID=234782_2;partial=00;start_type=ATG;rbs_motif=AGGA;rbs_spacer=5-10bp;gc_cont=0.513	TolC	3000237	Strict	99.8	99.6	macrolide antibiotic; fluoroquinolone antibiotic; aminoglycoside antibiotic; carbapenem; cephalosporin; glycylcycline; cephamycin; penam; tetracycline antibiotic; peptide antibiotic; aminocoumarin antibiotic; rifamycin antibiotic; phenicol antibiotic; penem; disinfecting agents and antiseptics	antibiotic efflux	ATP-binding cassette (ABC) antibiotic efflux pump; major facilitator superfamily (MFS) antibiotic efflux pump; resistance-nodulation-cell division (RND) antibiotic efflux pump	erythromycin; cloxacillin; gentamicin C; tigecycline; ciprofloxacin; spectinomycin; streptomycin; tetracycline; tobramycin; oxacillin; ceftazidime; ertapenem; piperacillin; novobiocin; azithromycin; rifampin; imipenem; chloramphenicol; polymyxin B; polymyxin B1; polymyxin B2; polymyxin B3; polymyxin B4; ampicillin; nalidixic acid; norfloxacin; cefalotin; triclosan; ticarcillin; gentamicin	False	chromosome_like	1		
RM2016_USA_crossstudy_additional8	ERR1713405	k141_848912	k141_848912_2 # 1173 # 2411 # 1 # ID=235848_2;partial=00;start_type=ATG;rbs_motif=AGxAGG/AGGxGG;rbs_spacer=5-10bp;gc_cont=0.520	vanG	3002909	Strict	37.12	118.05	glycopeptide antibiotic	antibiotic target alteration	glycopeptide resistance gene cluster; Van ligase	vancomycin	False	chromosome_like	1		
RM2016_USA_crossstudy_additional8	ERR1713405	k141_337272	k141_337272_3 # 1049 # 1381 # 1 # ID=236043_3;partial=00;start_type=ATG;rbs_motif=AGGA;rbs_spacer=5-10bp;gc_cont=0.550	qacJ	3007014	Strict	41.9	102.8	disinfecting agents and antiseptics	antibiotic efflux	small multidrug resistance (SMR) antibiotic efflux pump	benzalkonium chloride	False	chromosome_like	1		
RM2016_USA_crossstudy_additional8	ERR1713405	k141_163687	k141_163687_1 # 3 # 443 # 1 # ID=238064_1;partial=10;start_type=Edge;rbs_motif=None;rbs_spacer=None;gc_cont=0.569	qacG	3007015	Strict	39.42	136.45	disinfecting agents and antiseptics	antibiotic efflux	small multidrug resistance (SMR) antibiotic efflux pump	benzalkonium chloride	False	chromosome_like	1		
RM2016_USA_crossstudy_additional8	ERR1713405	k141_1359850	k141_1359850_2 # 1294 # 1623 # 1 # ID=238501_2;partial=00;start_type=ATG;rbs_motif=None;rbs_spacer=None;gc_cont=0.579	qacG	3007015	Strict	45.28	101.87	disinfecting agents and antiseptics	antibiotic efflux	small multidrug resistance (SMR) antibiotic efflux pump	benzalkonium chloride	False	chromosome_like	1		
RM2016_USA_crossstudy_additional8	ERR1713405	k141_164304	k141_164304_2 # 827 # 2752 # -1 # ID=238701_2;partial=00;start_type=ATG;rbs_motif=None;rbs_spacer=None;gc_cont=0.585	vanW gene in vanI cluster	3003724	Strict	32.29	171.85	glycopeptide antibiotic	antibiotic target alteration	vanW; glycopeptide resistance gene cluster	vancomycin; teicoplanin	False	chromosome_like	1		
RM2016_USA_crossstudy_additional8	ERR1713405	k141_974631	k141_974631_1 # 101 # 1321 # -1 # ID=241316_1;partial=00;start_type=ATG;rbs_motif=TAAAAA;rbs_spacer=3bp;gc_cont=0.504	EreA	3000361	Strict	97.29	100.0	macrolide antibiotic	antibiotic inactivation	macrolide esterase	erythromycin; roxithromycin; clarithromycin	False	chromosome_like	1		
RM2016_USA_crossstudy_additional8	ERR1713405	k141_1184607	k141_1184607_1 # 3 # 1367 # 1 # ID=241600_1;partial=10;start_type=Edge;rbs_motif=None;rbs_spacer=None;gc_cont=0.606	vanW gene in vanI cluster	3003724	Strict	27.35	121.72	glycopeptide antibiotic	antibiotic target alteration	vanW; glycopeptide resistance gene cluster	vancomycin; teicoplanin	False	chromosome_like	1		
RM2016_USA_crossstudy_additional8	ERR1713405	k141_975541	k141_975541_58 # 75242 # 76420 # -1 # ID=242161_58;partial=00;start_type=GTG;rbs_motif=AGGAGG;rbs_spacer=5-10bp;gc_cont=0.539	vanT gene in vanG cluster	3002972	Strict	34.57	55.06	glycopeptide antibiotic	antibiotic target alteration	glycopeptide resistance gene cluster; vanT	vancomycin	False	chromosome_like	1		
RM2016_USA_crossstudy_additional8	ERR1713405	k141_169995	k141_169995_3 # 1565 # 2428 # 1 # ID=242562_3;partial=00;start_type=ATG;rbs_motif=None;rbs_spacer=None;gc_cont=0.324	aadS	3004683	Strict	86.71	100.0	aminoglycoside antibiotic	antibiotic inactivation	ANT(6)	streptomycin	False	chromosome_like	1		
RM2016_USA_crossstudy_additional8	ERR1713405	k141_1186271	k141_1186271_2 # 174 # 1169 # 1 # ID=242584_2;partial=01;start_type=ATG;rbs_motif=AGGA;rbs_spacer=5-10bp;gc_cont=0.658	vanT gene in vanG cluster	3002972	Strict	33.85	46.63	glycopeptide antibiotic	antibiotic target alteration	glycopeptide resistance gene cluster; vanT	vancomycin	False	chromosome_like	1		
RM2016_USA_crossstudy_additional8	ERR1713405	k141_472121	k141_472121_1 # 485 # 1591 # 1 # ID=243692_1;partial=00;start_type=ATG;rbs_motif=AGGAG;rbs_spacer=5-10bp;gc_cont=0.297	vanT gene in vanG cluster	3002972	Strict	34.91	51.69	glycopeptide antibiotic	antibiotic target alteration	glycopeptide resistance gene cluster; vanT	vancomycin	False	chromosome_like	1		
RM2016_USA_crossstudy_additional8	ERR1713405	k141_472255	k141_472255_2 # 1544 # 2731 # -1 # ID=243762_2;partial=00;start_type=ATG;rbs_motif=None;rbs_spacer=None;gc_cont=0.682	vanT gene in vanG cluster	3002972	Strict	32.05	55.48	glycopeptide antibiotic	antibiotic target alteration	glycopeptide resistance gene cluster; vanT	vancomycin	False	chromosome_like	1		
RM2016_USA_crossstudy_additional8	ERR1713405	k141_978275	k141_978275_1 # 805 # 1137 # -1 # ID=243973_1;partial=00;start_type=ATG;rbs_motif=GGAG/GAGG;rbs_spacer=5-10bp;gc_cont=0.405	qacJ	3007014	Strict	40.38	102.8	disinfecting agents and antiseptics	antibiotic efflux	small multidrug resistance (SMR) antibiotic efflux pump	benzalkonium chloride	False	chromosome_like	1		
RM2016_USA_crossstudy_additional8	ERR1713405	k141_1189408	k141_1189408_1 # 121 # 1494 # -1 # ID=244001_1;partial=00;start_type=ATG;rbs_motif=None;rbs_spacer=None;gc_cont=0.547	cpxA	3000830	Perfect	100.0	100.0	aminoglycoside antibiotic; aminocoumarin antibiotic	antibiotic efflux	resistance-nodulation-cell division (RND) antibiotic efflux pump	novobiocin	False	chromosome_like	1		
RM2016_USA_crossstudy_additional8	ERR1713405	k141_473893	k141_473893_4 # 2303 # 2686 # 1 # ID=244731_4;partial=00;start_type=ATG;rbs_motif=GGAG/GAGG;rbs_spacer=5-10bp;gc_cont=0.453	marA	3000263	Perfect	100.0	100.0	fluoroquinolone antibiotic; monobactam; carbapenem; cephalosporin; glycylcycline; cephamycin; penam; tetracycline antibiotic; rifamycin antibiotic; phenicol antibiotic; penem; disinfecting agents and antiseptics	antibiotic efflux; reduced permeability to antibiotic	resistance-nodulation-cell division (RND) antibiotic efflux pump; General Bacterial Porin with reduced permeability to beta-lactams	tigecycline; tetracycline; rifampin; chloramphenicol; ampicillin; cefalotin; triclosan	False	chromosome_like	1		
RM2016_USA_crossstudy_additional8	ERR1713405	k141_478223	k141_478223_4 # 1964 # 2299 # 1 # ID=246154_4;partial=00;start_type=ATG;rbs_motif=GGA/GAG/AGG;rbs_spacer=11-12bp;gc_cont=0.652	qacG	3007015	Strict	44.76	103.74	disinfecting agents and antiseptics	antibiotic efflux	small multidrug resistance (SMR) antibiotic efflux pump	benzalkonium chloride	False	chromosome_like	1		
RM2016_USA_crossstudy_additional8	ERR1713405	k141_478640	k141_478640_5 # 3695 # 4864 # -1 # ID=246316_5;partial=00;start_type=ATG;rbs_motif=None;rbs_spacer=None;gc_cont=0.597	vanT gene in vanG cluster	3002972	Strict	33.06	54.63	glycopeptide antibiotic	antibiotic target alteration	glycopeptide resistance gene cluster; vanT	vancomycin	False	chromosome_like	1		
RM2016_USA_crossstudy_additional8	ERR1713405	k141_479893	k141_479893_2 # 674 # 1078 # -1 # ID=246732_2;partial=01;start_type=Edge;rbs_motif=None;rbs_spacer=None;gc_cont=0.585	vanY gene in vanA cluster	3002955	Strict	34.43	44.22	glycopeptide antibiotic	antibiotic target alteration	vanY; glycopeptide resistance gene cluster	vancomycin; teicoplanin	False	chromosome_like	1		
RM2016_USA_crossstudy_additional8	ERR1713405	k141_987013	k141_987013_4 # 1966 # 3168 # 1 # ID=247384_4;partial=00;start_type=ATG;rbs_motif=AGGA;rbs_spacer=5-10bp;gc_cont=0.638	vanT gene in vanG cluster	3002972	Strict	35.37	56.18	glycopeptide antibiotic	antibiotic target alteration	glycopeptide resistance gene cluster; vanT	vancomycin	False	chromosome_like	1		
RM2016_USA_crossstudy_additional8	ERR1713405	k141_481925	k141_481925_6 # 3786 # 4718 # 1 # ID=247515_6;partial=01;start_type=ATG;rbs_motif=AGGAG;rbs_spacer=5-10bp;gc_cont=0.268	vanT gene in vanG cluster	3002972	Strict	36.31	43.68	glycopeptide antibiotic	antibiotic target alteration	glycopeptide resistance gene cluster; vanT	vancomycin	False	chromosome_like	1		
RM2016_USA_crossstudy_additional8	ERR1713405	k141_483107	k141_483107_3 # 2996 # 4918 # 1 # ID=247917_3;partial=00;start_type=ATG;rbs_motif=AAA;rbs_spacer=4bp;gc_cont=0.331	tet(Q)	3000191	Strict	69.84	97.41	tetracycline antibiotic	antibiotic target protection	tetracycline-resistant ribosomal protection protein	tetracycline; doxycycline; minocycline; chlortetracycline; demeclocycline; oxytetracycline	False	chromosome_like	1		
RM2016_USA_crossstudy_additional8	ERR1713405	k141_989459	k141_989459_1 # 2 # 1030 # 1 # ID=248316_1;partial=10;start_type=Edge;rbs_motif=None;rbs_spacer=None;gc_cont=0.510	tet(W/N/W)	3004442	Strict	95.61	53.52	tetracycline antibiotic	antibiotic target protection	tetracycline-resistant ribosomal protection protein	tetracycline; minocycline; chlortetracycline	False	chromosome_like	1		
RM2016_USA_crossstudy_additional8	ERR1713405	k141_486326	k141_486326_2 # 1567 # 2745 # 1 # ID=249062_2;partial=00;start_type=ATG;rbs_motif=GGAG/GAGG;rbs_spacer=5-10bp;gc_cont=0.411	vanT gene in vanG cluster	3002972	Strict	39.04	55.06	glycopeptide antibiotic	antibiotic target alteration	glycopeptide resistance gene cluster; vanT	vancomycin	False	chromosome_like	1		
RM2016_USA_crossstudy_additional8	ERR1713405	k141_992140	k141_992140_1 # 11 # 1858 # -1 # ID=249328_1;partial=01;start_type=Edge;rbs_motif=None;rbs_spacer=None;gc_cont=0.305	tet(44)	3000556	Strict	97.24	96.09	tetracycline antibiotic	antibiotic target protection	tetracycline-resistant ribosomal protection protein	tetracycline; doxycycline; minocycline; chlortetracycline; demeclocycline; oxytetracycline	False	chromosome_like	1		
RM2016_USA_crossstudy_additional8	ERR1713405	k141_993352	k141_993352_4 # 4039 # 5232 # 1 # ID=249754_4;partial=00;start_type=ATG;rbs_motif=AGGAG/GGAGG;rbs_spacer=11-12bp;gc_cont=0.350	mefJ	3007049	Strict	99.75	100.0	macrolide antibiotic	antibiotic efflux	major facilitator superfamily (MFS) antibiotic efflux pump		False	chromosome_like	1		
RM2016_USA_crossstudy_additional8	ERR1713405	k141_1003822	k141_1003822_4 # 2267 # 3385 # 1 # ID=253695_4;partial=00;start_type=GTG;rbs_motif=AGGAG;rbs_spacer=5-10bp;gc_cont=0.528	vanT gene in vanG cluster	3002972	Strict	37.6	52.25	glycopeptide antibiotic	antibiotic target alteration	glycopeptide resistance gene cluster; vanT	vancomycin	False	chromosome_like	1		
RM2016_USA_crossstudy_additional8	ERR1713405	k141_502674	k141_502674_2 # 234 # 2018 # 1 # ID=254807_2;partial=00;start_type=ATG;rbs_motif=AGGAG;rbs_spacer=5-10bp;gc_cont=0.475	patB	3000025	Strict	67.11	101.02	fluoroquinolone antibiotic	antibiotic efflux	ATP-binding cassette (ABC) antibiotic efflux pump	ciprofloxacin; norfloxacin	False	chromosome_like	1		
RM2016_USA_crossstudy_additional8	ERR1713405	k141_1009249	k141_1009249_2 # 867 # 1481 # -1 # ID=255748_2;partial=00;start_type=ATG;rbs_motif=GGA/GAG/AGG;rbs_spacer=5-10bp;gc_cont=0.398	evgA	3000832	Perfect	100.0	100.0	macrolide antibiotic; fluoroquinolone antibiotic; penam; tetracycline antibiotic	antibiotic efflux	major facilitator superfamily (MFS) antibiotic efflux pump; resistance-nodulation-cell division (RND) antibiotic efflux pump	erythromycin; cloxacillin; tetracycline; oxacillin; norfloxacin	False	chromosome_like	1		
RM2016_USA_crossstudy_additional8	ERR1713405	k141_509447	k141_509447_2 # 660 # 1772 # -1 # ID=257191_2;partial=00;start_type=TTG;rbs_motif=GGAG/GAGG;rbs_spacer=5-10bp;gc_cont=0.612	vanT gene in vanG cluster	3002972	Strict	33.79	51.97	glycopeptide antibiotic	antibiotic target alteration	glycopeptide resistance gene cluster; vanT	vancomycin	False	chromosome_like	1		
RM2016_USA_crossstudy_additional8	ERR1713405	k141_509568	k141_509568_2 # 351 # 677 # 1 # ID=257238_2;partial=00;start_type=ATG;rbs_motif=None;rbs_spacer=None;gc_cont=0.517	qacJ	3007014	Strict	45.28	100.93	disinfecting agents and antiseptics	antibiotic efflux	small multidrug resistance (SMR) antibiotic efflux pump	benzalkonium chloride	False	chromosome_like	1		
RM2016_USA_crossstudy_additional8	ERR1713405	k141_1017593	k141_1017593_2 # 380 # 1447 # -1 # ID=258138_2;partial=00;start_type=ATG;rbs_motif=AGGAG;rbs_spacer=5-10bp;gc_cont=0.323	vanT gene in vanG cluster	3002972	Strict	32.97	49.86	glycopeptide antibiotic	antibiotic target alteration	glycopeptide resistance gene cluster; vanT	vancomycin	False	chromosome_like	1		
RM2016_USA_crossstudy_additional8	ERR1713405	k141_811337	k141_811337_1 # 49 # 1815 # -1 # ID=184719_1;partial=00;start_type=ATG;rbs_motif=AGGA/GGAG/GAGG;rbs_spacer=11-12bp;gc_cont=0.541	Haemophilus influenzae PBP3 conferring resistance to beta-lactam antibiotics	3004446	Strict	52.93	96.39	cephalosporin; cephamycin; penam	antibiotic target alteration	Penicillin-binding protein mutations conferring resistance to beta-lactam antibiotics	ceftriaxone; ampicillin; cefaclor; cefotaxime; cefditoren; cefdinir	False	chromosome_like	1		
RM2016_USA_crossstudy_additional8	ERR1713405	k141_658515	k141_658515_2 # 174 # 1358 # 1 # ID=208899_2;partial=00;start_type=GTG;rbs_motif=AGGA;rbs_spacer=5-10bp;gc_cont=0.473	Escherichia coli EF-Tu mutants conferring resistance to Pulvomycin	3003369	Strict	92.37	96.33	elfamycin antibiotic	antibiotic target alteration	elfamycin resistant EF-Tu	pulvomycin	False	chromosome_like	1		
RM2016_USA_crossstudy_additional8	ERR1713405	k141_324558	k141_324558_3 # 2002 # 3360 # 1 # ID=219235_3;partial=00;start_type=ATG;rbs_motif=GGAGG;rbs_spacer=5-10bp;gc_cont=0.526	Escherichia coli GlpT with mutation conferring resistance to fosfomycin	3003889	Strict	99.78	100.0	phosphonic acid antibiotic	antibiotic target alteration	antibiotic-resistant GlpT	fosfomycin	False	chromosome_like	1		
RM2016_USA_crossstudy_additional8	ERR1713405	k141_849020	k141_849020_1 # 3 # 1856 # -1 # ID=236054_1;partial=10;start_type=ATG;rbs_motif=GGA/GAG/AGG;rbs_spacer=5-10bp;gc_cont=0.464	Haemophilus influenzae PBP3 conferring resistance to beta-lactam antibiotics	3004446	Strict	63.05	101.31	cephalosporin; cephamycin; penam	antibiotic target alteration	Penicillin-binding protein mutations conferring resistance to beta-lactam antibiotics	ceftriaxone; ampicillin; cefaclor; cefotaxime; cefditoren; cefdinir	False	chromosome_like	1		
RM2016_USA_crossstudy_additional8	ERR1713405	k141_1202981	k141_1202981_1 # 258 # 692 # 1 # ID=18633_1;partial=00;start_type=GTG;rbs_motif=GGA/GAG/AGG;rbs_spacer=5-10bp;gc_cont=0.483	Escherichia coli AcrAB-TolC with MarR mutations conferring resistance to ciprofloxacin and tetracycline	3003378	Strict	90.97	100.0	fluoroquinolone antibiotic; cephalosporin; glycylcycline; penam; tetracycline antibiotic; rifamycin antibiotic; phenicol antibiotic; disinfecting agents and antiseptics	antibiotic target alteration; antibiotic efflux	resistance-nodulation-cell division (RND) antibiotic efflux pump	tigecycline; ciprofloxacin; tetracycline; rifampin; chloramphenicol; ampicillin; cefalotin; triclosan	False	chromosome_like	1		
RM2016_USA_crossstudy_additional8	ERR1713405	k141_786612	k141_786612_2 # 1416 # 1739 # -1 # ID=151489_2;partial=00;start_type=ATG;rbs_motif=GGAG/GAGG;rbs_spacer=5-10bp;gc_cont=0.500	Escherichia coli soxS with mutation conferring antibiotic resistance	3003511	Strict	100.0	100.0	fluoroquinolone antibiotic; monobactam; carbapenem; cephalosporin; glycylcycline; cephamycin; penam; tetracycline antibiotic; rifamycin antibiotic; phenicol antibiotic; penem; disinfecting agents and antiseptics	antibiotic target alteration; antibiotic efflux; reduced permeability to antibiotic	ATP-binding cassette (ABC) antibiotic efflux pump; major facilitator superfamily (MFS) antibiotic efflux pump; resistance-nodulation-cell division (RND) antibiotic efflux pump; General Bacterial Porin with reduced permeability to beta-lactams	tigecycline; ciprofloxacin; tetracycline; rifampin; chloramphenicol; ampicillin; norfloxacin; cefalotin; triclosan; enrofloxacin	True	plasmid_like		0.945	
RM2016_USA_crossstudy_additional8	ERR1713405	k141_786612	k141_786612_3 # 1825 # 2289 # 1 # ID=151489_3;partial=00;start_type=ATG;rbs_motif=AGGA/GGAG/GAGG;rbs_spacer=11-12bp;gc_cont=0.520	Escherichia coli soxR with mutation conferring antibiotic resistance	3003381	Strict	100.0	100.0	fluoroquinolone antibiotic; cephalosporin; glycylcycline; penam; tetracycline antibiotic; rifamycin antibiotic; phenicol antibiotic; disinfecting agents and antiseptics	antibiotic target alteration; antibiotic efflux	ATP-binding cassette (ABC) antibiotic efflux pump; major facilitator superfamily (MFS) antibiotic efflux pump; resistance-nodulation-cell division (RND) antibiotic efflux pump	tigecycline; ciprofloxacin; tetracycline; rifampin; chloramphenicol; ampicillin; nalidixic acid; norfloxacin; cefalotin; triclosan	True	plasmid_like		0.945	
RM2016_USA_crossstudy_additional8	ERR1713405	k141_623936	k141_623936_3 # 2574 # 3221 # -1 # ID=162993_3;partial=00;start_type=ATG;rbs_motif=None;rbs_spacer=None;gc_cont=0.455	Escherichia coli AcrAB-TolC with AcrR mutation conferring resistance to ciprofloxacin, tetracycline, and ceftazidime	3003807	Strict	100.0	100.0	fluoroquinolone antibiotic; cephalosporin; glycylcycline; penam; tetracycline antibiotic; rifamycin antibiotic; phenicol antibiotic; disinfecting agents and antiseptics	antibiotic target alteration; antibiotic efflux	resistance-nodulation-cell division (RND) antibiotic efflux pump	tigecycline; ciprofloxacin; tetracycline; ceftazidime; rifampin; chloramphenicol; ampicillin; cefalotin; triclosan	False	chromosome_like	1		
RM2016_USA_crossstudy_additional8	ERR1713405	k141_956907	k141_956907_3 # 566 # 1000 # -1 # ID=210860_3;partial=00;start_type=ATG;rbs_motif=None;rbs_spacer=None;gc_cont=0.554	Escherichia coli AcrAB-TolC with MarR mutations conferring resistance to ciprofloxacin and tetracycline	3003378	Strict	83.33	100.0	fluoroquinolone antibiotic; cephalosporin; glycylcycline; penam; tetracycline antibiotic; rifamycin antibiotic; phenicol antibiotic; disinfecting agents and antiseptics	antibiotic target alteration; antibiotic efflux	resistance-nodulation-cell division (RND) antibiotic efflux pump	tigecycline; ciprofloxacin; tetracycline; rifampin; chloramphenicol; ampicillin; cefalotin; triclosan	False	chromosome_like	1		
RM2016_USA_crossstudy_additional8	ERR1713405	k141_973289	k141_973289_2 # 362 # 685 # 1 # ID=240262_2;partial=00;start_type=ATG;rbs_motif=GGAG/GAGG;rbs_spacer=5-10bp;gc_cont=0.512	Escherichia coli soxS with mutation conferring antibiotic resistance	3003511	Strict	91.59	100.0	fluoroquinolone antibiotic; monobactam; carbapenem; cephalosporin; glycylcycline; cephamycin; penam; tetracycline antibiotic; rifamycin antibiotic; phenicol antibiotic; penem; disinfecting agents and antiseptics	antibiotic target alteration; antibiotic efflux; reduced permeability to antibiotic	ATP-binding cassette (ABC) antibiotic efflux pump; major facilitator superfamily (MFS) antibiotic efflux pump; resistance-nodulation-cell division (RND) antibiotic efflux pump; General Bacterial Porin with reduced permeability to beta-lactams	tigecycline; ciprofloxacin; tetracycline; rifampin; chloramphenicol; ampicillin; norfloxacin; cefalotin; triclosan; enrofloxacin	True	plasmid_like		0.956	
RM2016_USA_crossstudy_additional8	ERR1713405	k141_473893	k141_473893_3 # 1849 # 2283 # 1 # ID=244731_3;partial=00;start_type=GTG;rbs_motif=GGA/GAG/AGG;rbs_spacer=5-10bp;gc_cont=0.492	Escherichia coli AcrAB-TolC with MarR mutations conferring resistance to ciprofloxacin and tetracycline	3003378	Strict	99.31	100.0	fluoroquinolone antibiotic; cephalosporin; glycylcycline; penam; tetracycline antibiotic; rifamycin antibiotic; phenicol antibiotic; disinfecting agents and antiseptics	antibiotic target alteration; antibiotic efflux	resistance-nodulation-cell division (RND) antibiotic efflux pump	tigecycline; ciprofloxacin; tetracycline; rifampin; chloramphenicol; ampicillin; cefalotin; triclosan	False	chromosome_like	1		
