ORF_ID	Contig	Start	Stop	Orientation	Cut_Off	Pass_Bitscore	Best_Hit_Bitscore	Best_Hit_ARO	Best_Identities	ARO	Model_type	SNPs_in_Best_Hit_ARO	Other_SNPs	Drug Class	Resistance Mechanism	AMR Gene Family	Percentage Length of Reference Sequence	ID	Model_ID	Nudged	Note	Hit_Start	Hit_End	Antibiotic	AST_Source
k141_341_2 # 1073 # 1948 # 1 # ID=714_2;partial=00;start_type=ATG;rbs_motif=GGAG/GAGG;rbs_spacer=5-10bp;gc_cont=0.643	k141_341	1073	1948	+	Strict	50	121.7	vanY gene in vanB cluster	39.11	3002956	protein homolog model	n/a	n/a	glycopeptide antibiotic	antibiotic target alteration	vanY; glycopeptide resistance gene cluster	108.58	gnl|BL_ORD_ID|603|hsp_num:0	556			270	792	vancomycin	
k141_89612_3 # 901 # 1245 # -1 # ID=1081_3;partial=00;start_type=ATG;rbs_motif=GGA/GAG/AGG;rbs_spacer=5-10bp;gc_cont=0.383	k141_89612	901	1245	-	Strict	75	95.9	qacJ	44.34	3007014	protein homolog model	n/a	n/a	disinfecting agents and antiseptics	antibiotic efflux	small multidrug resistance (SMR) antibiotic efflux pump	106.54	gnl|BL_ORD_ID|4661|hsp_num:0	5730			0	318	benzalkonium chloride	
k141_624030_1 # 20 # 1939 # 1 # ID=2322_1;partial=00;start_type=ATG;rbs_motif=GGAGG;rbs_spacer=5-10bp;gc_cont=0.531	k141_624030	20	1939	+	Perfect	300	1255.4	tet(W)	100.0	3000194	protein homolog model	n/a	n/a	tetracycline antibiotic	antibiotic target protection	tetracycline-resistant ribosomal protection protein	100.00	gnl|BL_ORD_ID|457|hsp_num:0	389			0	1917	tetracycline; doxycycline; minocycline; chlortetracycline; demeclocycline; oxytetracycline	
k141_90341_2 # 781 # 1887 # 1 # ID=2375_2;partial=01;start_type=ATG;rbs_motif=GGAG/GAGG;rbs_spacer=5-10bp;gc_cont=0.396	k141_90341	781	1887	+	Strict	300	326.6	tet(44)	46.63	3000556	protein homolog model	n/a	n/a	tetracycline antibiotic	antibiotic target protection	tetracycline-resistant ribosomal protection protein	57.66	gnl|BL_ORD_ID|1198|hsp_num:0	1171			0	1101	tetracycline; doxycycline; minocycline; chlortetracycline; demeclocycline; oxytetracycline	
k141_445960_15 # 14555 # 16363 # 1 # ID=2509_15;partial=00;start_type=ATG;rbs_motif=None;rbs_spacer=None;gc_cont=0.511	k141_445960	14555	16363	+	Strict	50	112.5	vanW gene in vanI cluster	28.85	3003724	protein homolog model	n/a	n/a	glycopeptide antibiotic	antibiotic target alteration	vanW; glycopeptide resistance gene cluster	161.39	gnl|BL_ORD_ID|4747|hsp_num:0	2242			63	1050	vancomycin; teicoplanin	
k141_535670_3 # 1615 # 2379 # 1 # ID=3938_3;partial=00;start_type=ATG;rbs_motif=TAA;rbs_spacer=11bp;gc_cont=0.305	k141_535670	1615	2379	+	Strict	50	111.3	vanY gene in vanB cluster	31.99	3002956	protein homolog model	n/a	n/a	glycopeptide antibiotic	antibiotic target alteration	vanY; glycopeptide resistance gene cluster	94.78	gnl|BL_ORD_ID|603|hsp_num:0	556			45	795	vancomycin	
k141_535677_3 # 1802 # 2119 # -1 # ID=3956_3;partial=00;start_type=ATG;rbs_motif=AGGA;rbs_spacer=5-10bp;gc_cont=0.286	k141_535677	1802	2119	-	Strict	75	75.9	qacJ	43.88	3007014	protein homolog model	n/a	n/a	disinfecting agents and antiseptics	antibiotic efflux	small multidrug resistance (SMR) antibiotic efflux pump	98.13	gnl|BL_ORD_ID|4661|hsp_num:0	5730			0	294	benzalkonium chloride	
k141_91304_5 # 4596 # 8117 # 1 # ID=4272_5;partial=00;start_type=ATG;rbs_motif=GGAG/GAGG;rbs_spacer=5-10bp;gc_cont=0.596	k141_91304	4596	8117	+	Strict	750	863.2	adeF	46.99	3000777	protein homolog model	n/a	n/a	fluoroquinolone antibiotic; tetracycline antibiotic	antibiotic efflux	resistance-nodulation-cell division (RND) antibiotic efflux pump	110.76	gnl|BL_ORD_ID|133|hsp_num:0	153			6	3126	tetracycline	
k141_180798_4 # 2142 # 2471 # 1 # ID=5654_4;partial=00;start_type=ATG;rbs_motif=3Base/5BMM;rbs_spacer=13-15bp;gc_cont=0.394	k141_180798	2142	2471	+	Strict	75	83.2	qacJ	37.74	3007014	protein homolog model	n/a	n/a	disinfecting agents and antiseptics	antibiotic efflux	small multidrug resistance (SMR) antibiotic efflux pump	101.87	gnl|BL_ORD_ID|4661|hsp_num:0	5730			0	318	benzalkonium chloride	
k141_447650_1 # 2 # 1072 # 1 # ID=5893_1;partial=10;start_type=Edge;rbs_motif=None;rbs_spacer=None;gc_cont=0.329	k141_447650	2	1072	+	Strict	175	191.0	vanT gene in vanG cluster	31.87	3002972	protein homolog model	n/a	n/a	glycopeptide antibiotic	antibiotic target alteration	glycopeptide resistance gene cluster; vanT	50.00	gnl|BL_ORD_ID|1523|hsp_num:0	1561			1053	2127	vancomycin	
k141_270139_11 # 8421 # 8753 # -1 # ID=5982_11;partial=00;start_type=ATG;rbs_motif=None;rbs_spacer=None;gc_cont=0.697	k141_270139	8421	8753	-	Strict	75	79.7	qacG	35.24	3007015	protein homolog model	n/a	n/a	disinfecting agents and antiseptics	antibiotic efflux	small multidrug resistance (SMR) antibiotic efflux pump	102.80	gnl|BL_ORD_ID|4662|hsp_num:0	5731			3	318	benzalkonium chloride	
k141_3323_6 # 10133 # 11284 # -1 # ID=6219_6;partial=00;start_type=ATG;rbs_motif=AGGT;rbs_spacer=5bp;gc_cont=0.512	k141_3323	10133	11284	-	Strict	50	99.4	vanW gene in vanI cluster	46.67	3003724	protein homolog model	n/a	n/a	glycopeptide antibiotic	antibiotic target alteration	vanW; glycopeptide resistance gene cluster	102.68	gnl|BL_ORD_ID|4747|hsp_num:0	2242			666	981	vancomycin; teicoplanin	
k141_626431_1 # 40 # 492 # 1 # ID=7312_1;partial=00;start_type=ATG;rbs_motif=GGA/GAG/AGG;rbs_spacer=5-10bp;gc_cont=0.466	k141_626431	40	492	+	Perfect	250	324.3	arr-3	100.0	3002848	protein homolog model	n/a	n/a	rifamycin antibiotic	antibiotic inactivation	rifampin ADP-ribosyltransferase (Arr)	100.00	gnl|BL_ORD_ID|686|hsp_num:0	743			0	450	rifampin; rifaximin; rifabutin; rifapentine	
k141_626431_2 # 715 # 1047 # 1 # ID=7312_2;partial=00;start_type=ATG;rbs_motif=GGAG/GAGG;rbs_spacer=5-10bp;gc_cont=0.459	k141_626431	715	1047	+	Strict	190	206.5	qacE	98.18	3005009	protein homolog model	n/a	n/a	disinfecting agents and antiseptics	antibiotic efflux	major facilitator superfamily (MFS) antibiotic efflux pump	100.00	gnl|BL_ORD_ID|2744|hsp_num:0	3754			0	330		
k141_272090_3 # 893 # 1681 # 1 # ID=10031_3;partial=00;start_type=ATG;rbs_motif=GGA/GAG/AGG;rbs_spacer=11-12bp;gc_cont=0.582	k141_272090	893	1681	+	Strict	450	527.3	aadA5	99.62	3002605	protein homolog model	n/a	n/a	aminoglycoside antibiotic	antibiotic inactivation	ANT(3'')	100.00	gnl|BL_ORD_ID|1303|hsp_num:0	1420			0	786	spectinomycin; streptomycin	
k141_183002_1 # 235 # 1008 # 1 # ID=10195_1;partial=00;start_type=ATG;rbs_motif=None;rbs_spacer=None;gc_cont=0.469	k141_183002	235	1008	+	Strict	500	511.1	OXA-641	99.22	3005333	protein homolog model	n/a	n/a	carbapenem; cephalosporin; penam	antibiotic inactivation	OXA beta-lactamase	100.00	gnl|BL_ORD_ID|3041|hsp_num:0	4065			0	771	cloxacillin; oxacillin; cefalotin	
k141_272196_2 # 2852 # 3172 # -1 # ID=10240_2;partial=00;start_type=ATG;rbs_motif=GGAG/GAGG;rbs_spacer=5-10bp;gc_cont=0.670	k141_272196	2852	3172	-	Strict	75	75.9	qacG	37.74	3007015	protein homolog model	n/a	n/a	disinfecting agents and antiseptics	antibiotic efflux	small multidrug resistance (SMR) antibiotic efflux pump	99.07	gnl|BL_ORD_ID|4662|hsp_num:0	5731			0	318	benzalkonium chloride	
k141_361263_3 # 1026 # 1970 # 1 # ID=11348_3;partial=01;start_type=ATG;rbs_motif=None;rbs_spacer=None;gc_cont=0.485	k141_361263	1026	1970	+	Strict	50	89.4	vanW gene in vanI cluster	29.19	3003724	protein homolog model	n/a	n/a	glycopeptide antibiotic	antibiotic target alteration	vanW; glycopeptide resistance gene cluster	84.45	gnl|BL_ORD_ID|4747|hsp_num:0	2242			414	945	vancomycin; teicoplanin	
k141_183676_4 # 2151 # 3353 # 1 # ID=11401_4;partial=00;start_type=ATG;rbs_motif=AGGA;rbs_spacer=5-10bp;gc_cont=0.639	k141_183676	2151	3353	+	Strict	175	219.5	vanT gene in vanG cluster	35.37	3002972	protein homolog model	n/a	n/a	glycopeptide antibiotic	antibiotic target alteration	glycopeptide resistance gene cluster; vanT	56.18	gnl|BL_ORD_ID|1523|hsp_num:0	1561			1035	2118	vancomycin	
k141_183820_1 # 272 # 904 # -1 # ID=11764_1;partial=00;start_type=ATG;rbs_motif=GGAG/GAGG;rbs_spacer=5-10bp;gc_cont=0.502	k141_183820	272	904	-	Strict	400	411.0	CRP	98.1	3000518	protein homolog model	n/a	n/a	macrolide antibiotic; fluoroquinolone antibiotic; penam	antibiotic efflux	resistance-nodulation-cell division (RND) antibiotic efflux pump	100.00	gnl|BL_ORD_ID|804|hsp_num:0	869			0	630	erythromycin; cloxacillin; oxacillin; norfloxacin	
k141_628870_4 # 2172 # 3992 # -1 # ID=12185_4;partial=01;start_type=Edge;rbs_motif=None;rbs_spacer=None;gc_cont=0.643	k141_628870	2172	3992	-	Strict	50	86.7	vanW gene in vanI cluster	31.21	3003724	protein homolog model	n/a	n/a	glycopeptide antibiotic	antibiotic target alteration	vanW; glycopeptide resistance gene cluster	162.47	gnl|BL_ORD_ID|4747|hsp_num:0	2242			579	1047	vancomycin; teicoplanin	
k141_361953_6 # 5360 # 6472 # -1 # ID=12948_6;partial=00;start_type=GTG;rbs_motif=AGxAGG/AGGxGG;rbs_spacer=5-10bp;gc_cont=0.422	k141_361953	5360	6472	-	Strict	175	235.7	vanT gene in vanG cluster	38.42	3002972	protein homolog model	n/a	n/a	glycopeptide antibiotic	antibiotic target alteration	glycopeptide resistance gene cluster; vanT	51.97	gnl|BL_ORD_ID|1523|hsp_num:0	1561			1032	2118	vancomycin	
k141_451784_7 # 5291 # 6361 # -1 # ID=13346_7;partial=00;start_type=ATG;rbs_motif=AGGAG;rbs_spacer=5-10bp;gc_cont=0.289	k141_451784	5291	6361	-	Strict	175	176.8	vanT gene in vanG cluster	34.07	3002972	protein homolog model	n/a	n/a	glycopeptide antibiotic	antibiotic target alteration	glycopeptide resistance gene cluster; vanT	50.00	gnl|BL_ORD_ID|1523|hsp_num:0	1561			1029	2118	vancomycin	
k141_96301_1 # 126 # 1694 # 1 # ID=13423_1;partial=01;start_type=ATG;rbs_motif=GGA/GAG/AGG;rbs_spacer=5-10bp;gc_cont=0.495	k141_96301	126	1694	+	Strict	50	117.5	vanW gene in vanI cluster	28.53	3003724	protein homolog model	n/a	n/a	glycopeptide antibiotic	antibiotic target alteration	vanW; glycopeptide resistance gene cluster	140.21	gnl|BL_ORD_ID|4747|hsp_num:0	2242			24	1050	vancomycin; teicoplanin	
k141_630251_2 # 1821 # 3293 # -1 # ID=14948_2;partial=00;start_type=ATG;rbs_motif=GGAG/GAGG;rbs_spacer=5-10bp;gc_cont=0.483	k141_630251	1821	3293	-	Strict	50	129.0	vanW gene in vanI cluster	32.12	3003724	protein homolog model	n/a	n/a	glycopeptide antibiotic	antibiotic target alteration	vanW; glycopeptide resistance gene cluster	131.37	gnl|BL_ORD_ID|4747|hsp_num:0	2242			51	978	vancomycin; teicoplanin	
k141_363645_2 # 1656 # 4784 # -1 # ID=16159_2;partial=00;start_type=GTG;rbs_motif=None;rbs_spacer=None;gc_cont=0.652	k141_363645	1656	4784	-	Strict	750	938.3	adeF	52.9	3000777	protein homolog model	n/a	n/a	fluoroquinolone antibiotic; tetracycline antibiotic	antibiotic efflux	resistance-nodulation-cell division (RND) antibiotic efflux pump	98.39	gnl|BL_ORD_ID|133|hsp_num:0	153			132	3153	tetracycline	
k141_631590_2 # 234 # 1085 # -1 # ID=17310_2;partial=00;start_type=ATG;rbs_motif=GGAG/GAGG;rbs_spacer=5-10bp;gc_cont=0.480	k141_631590	234	1085	-	Strict	50	137.9	vanY gene in vanB cluster	37.93	3002956	protein homolog model	n/a	n/a	glycopeptide antibiotic	antibiotic target alteration	vanY; glycopeptide resistance gene cluster	105.60	gnl|BL_ORD_ID|603|hsp_num:0	556			216	792	vancomycin	
k141_9811_1 # 248 # 1126 # 1 # ID=18278_1;partial=01;start_type=GTG;rbs_motif=AGGAG;rbs_spacer=5-10bp;gc_cont=0.519	k141_9811	248	1126	+	Strict	175	186.8	vanT gene in vanG cluster	36.64	3002972	protein homolog model	n/a	n/a	glycopeptide antibiotic	antibiotic target alteration	glycopeptide resistance gene cluster; vanT	41.15	gnl|BL_ORD_ID|1523|hsp_num:0	1561			1032	1893	vancomycin	
k141_454518_19 # 20666 # 23950 # 1 # ID=18607_19;partial=00;start_type=ATG;rbs_motif=GGAG/GAGG;rbs_spacer=5-10bp;gc_cont=0.600	k141_454518	20666	23950	+	Strict	750	830.1	adeF	44.28	3000777	protein homolog model	n/a	n/a	fluoroquinolone antibiotic; tetracycline antibiotic	antibiotic efflux	resistance-nodulation-cell division (RND) antibiotic efflux pump	103.31	gnl|BL_ORD_ID|133|hsp_num:0	153			6	3147	tetracycline	
k141_364692_1 # 251 # 1228 # -1 # ID=18677_1;partial=00;start_type=ATG;rbs_motif=None;rbs_spacer=None;gc_cont=0.528	k141_364692	251	1228	-	Strict	450	536.6	aadA11	96.8	3002611	protein homolog model	n/a	n/a	aminoglycoside antibiotic	antibiotic inactivation	ANT(3'')	115.66	gnl|BL_ORD_ID|1626|hsp_num:0	1772			0	843	spectinomycin; streptomycin	
k141_364692_2 # 1369 # 2169 # -1 # ID=18677_2;partial=00;start_type=TTG;rbs_motif=AGGAG;rbs_spacer=5-10bp;gc_cont=0.452	k141_364692	1369	2169	-	Perfect	500	547.4	OXA-20	100.0	3001415	protein homolog model	n/a	n/a	carbapenem; cephalosporin; penam	antibiotic inactivation	OXA beta-lactamase	100.00	gnl|BL_ORD_ID|1712|hsp_num:0	1853			0	798	cloxacillin; oxacillin; cefalotin	
k141_187808_2 # 682 # 1314 # -1 # ID=19445_2;partial=00;start_type=ATG;rbs_motif=GGA/GAG/AGG;rbs_spacer=5-10bp;gc_cont=0.493	k141_187808	682	1314	-	Perfect	350	442.6	catB3	100.0	3002676	protein homolog model	n/a	n/a	phenicol antibiotic	antibiotic inactivation	chloramphenicol acetyltransferase (CAT)	100.00	gnl|BL_ORD_ID|130|hsp_num:0	150			0	630	azidamfenicol; chloramphenicol; thiamphenicol	
k141_187808_3 # 1456 # 2250 # -1 # ID=19445_3;partial=00;start_type=ATG;rbs_motif=GGA/GAG/AGG;rbs_spacer=11-12bp;gc_cont=0.498	k141_187808	1456	2250	-	Perfect	500	530.4	aphA15	100.0	3004675	protein homolog model	n/a	n/a	aminoglycoside antibiotic	antibiotic inactivation	APH(3')	100.00	gnl|BL_ORD_ID|2215|hsp_num:0	3374			0	792	neomycin; amikacin; netilmicin; streptomycin; kanamycin A	
k141_99964_1 # 133 # 1029 # 1 # ID=19686_1;partial=00;start_type=ATG;rbs_motif=TAA;rbs_spacer=6bp;gc_cont=0.419	k141_99964	133	1029	+	Perfect	500	585.5	CARB-8	100.0	3002247	protein homolog model	n/a	n/a	penam	antibiotic inactivation	CARB beta-lactamase	100.00	gnl|BL_ORD_ID|1534|hsp_num:0	1661			0	894		
k141_455303_2 # 138 # 1550 # -1 # ID=20137_2;partial=01;start_type=Edge;rbs_motif=None;rbs_spacer=None;gc_cont=0.326	k141_455303	138	1550	-	Strict	800	933.7	lsaE	99.15	3003206	protein homolog model	n/a	n/a	lincosamide antibiotic; streptogramin antibiotic; pleuromutilin antibiotic	antibiotic target protection	lsa-type ABC-F protein	95.14	gnl|BL_ORD_ID|237|hsp_num:0	264			72	1482	lincomycin; pleuromutilin	
k141_10961_5 # 2234 # 3235 # -1 # ID=20369_5;partial=01;start_type=Edge;rbs_motif=None;rbs_spacer=None;gc_cont=0.411	k141_10961	2234	3235	-	Strict	300	371.7	tet(M)	56.29	3000186	protein homolog model	n/a	n/a	tetracycline antibiotic	antibiotic target protection	tetracycline-resistant ribosomal protection protein	52.11	gnl|BL_ORD_ID|1675|hsp_num:0	1692			960	1911	tetracycline; doxycycline; minocycline; chlortetracycline; demeclocycline; oxytetracycline	
k141_11042_3 # 1731 # 4892 # -1 # ID=20513_3;partial=00;start_type=ATG;rbs_motif=GGAG/GAGG;rbs_spacer=5-10bp;gc_cont=0.619	k141_11042	1731	4892	-	Strict	750	755.4	adeF	42.61	3000777	protein homolog model	n/a	n/a	fluoroquinolone antibiotic; tetracycline antibiotic	antibiotic efflux	resistance-nodulation-cell division (RND) antibiotic efflux pump	99.43	gnl|BL_ORD_ID|133|hsp_num:0	153			6	3111	tetracycline	
k141_544241_1 # 29 # 358 # -1 # ID=20574_1;partial=00;start_type=ATG;rbs_motif=TAA;rbs_spacer=12bp;gc_cont=0.330	k141_544241	29	358	-	Strict	75	110.5	qacJ	49.06	3007014	protein homolog model	n/a	n/a	disinfecting agents and antiseptics	antibiotic efflux	small multidrug resistance (SMR) antibiotic efflux pump	101.87	gnl|BL_ORD_ID|4661|hsp_num:0	5730			0	318	benzalkonium chloride	
k141_366078_4 # 4602 # 6485 # -1 # ID=21247_4;partial=00;start_type=ATG;rbs_motif=AGGAG;rbs_spacer=5-10bp;gc_cont=0.463	k141_366078	4602	6485	-	Strict	50	84.7	vanY gene in vanB cluster	43.09	3002956	protein homolog model	n/a	n/a	glycopeptide antibiotic	antibiotic target alteration	vanY; glycopeptide resistance gene cluster	233.96	gnl|BL_ORD_ID|603|hsp_num:0	556			426	789	vancomycin	
k141_100895_2 # 505 # 915 # 1 # ID=21620_2;partial=00;start_type=TTG;rbs_motif=GGxGG;rbs_spacer=5-10bp;gc_cont=0.302	k141_100895	505	915	+	Strict	150	274.6	FosXCC	99.26	3003208	protein homolog model	n/a	n/a	phosphonic acid antibiotic	antibiotic inactivation	fosfomycin thiol transferase	96.45	gnl|BL_ORD_ID|4903|hsp_num:0	5895			15	423	fosfomycin	
k141_101589_4 # 3044 # 6175 # 1 # ID=22886_4;partial=00;start_type=ATG;rbs_motif=GGAG/GAGG;rbs_spacer=5-10bp;gc_cont=0.617	k141_101589	3044	6175	+	Strict	750	832.8	adeF	45.43	3000777	protein homolog model	n/a	n/a	fluoroquinolone antibiotic; tetracycline antibiotic	antibiotic efflux	resistance-nodulation-cell division (RND) antibiotic efflux pump	98.49	gnl|BL_ORD_ID|133|hsp_num:0	153			6	3165	tetracycline	
k141_278082_195 # 193118 # 196303 # 1 # ID=23155_195;partial=00;start_type=ATG;rbs_motif=GGA/GAG/AGG;rbs_spacer=5-10bp;gc_cont=0.663	k141_278082	193118	196303	+	Strict	750	798.1	adeF	43.27	3000777	protein homolog model	n/a	n/a	fluoroquinolone antibiotic; tetracycline antibiotic	antibiotic efflux	resistance-nodulation-cell division (RND) antibiotic efflux pump	100.19	gnl|BL_ORD_ID|133|hsp_num:0	153			6	3168	tetracycline	
k141_367419_1 # 1 # 1065 # 1 # ID=23842_1;partial=11;start_type=Edge;rbs_motif=None;rbs_spacer=None;gc_cont=0.286	k141_367419	1	1065	+	Strict	50	119.0	vanW gene in vanI cluster	31.27	3003724	protein homolog model	n/a	n/a	glycopeptide antibiotic	antibiotic target alteration	vanW; glycopeptide resistance gene cluster	95.17	gnl|BL_ORD_ID|4747|hsp_num:0	2242			285	1056	vancomycin; teicoplanin	
k141_457496_1 # 3 # 1448 # -1 # ID=23875_1;partial=10;start_type=ATG;rbs_motif=AGGAG;rbs_spacer=5-10bp;gc_cont=0.712	k141_457496	3	1448	-	Strict	50	79.3	vanW gene in vanI cluster	29.54	3003724	protein homolog model	n/a	n/a	glycopeptide antibiotic	antibiotic target alteration	vanW; glycopeptide resistance gene cluster	129.22	gnl|BL_ORD_ID|4747|hsp_num:0	2242			333	1011	vancomycin; teicoplanin	
k141_634914_7 # 3877 # 5751 # -1 # ID=23887_7;partial=00;start_type=ATG;rbs_motif=None;rbs_spacer=None;gc_cont=0.546	k141_634914	3877	5751	-	Strict	300	347.4	tet(W/N/W)	34.54	3004442	protein homolog model	n/a	n/a	tetracycline antibiotic	antibiotic target protection	tetracycline-resistant ribosomal protection protein	97.65	gnl|BL_ORD_ID|2493|hsp_num:0	2882			24	1911	tetracycline; minocycline; chlortetracycline	
k141_457802_1 # 295 # 1515 # -1 # ID=24522_1;partial=00;start_type=ATG;rbs_motif=AGGAG/GGAGG;rbs_spacer=11-12bp;gc_cont=0.566	k141_457802	295	1515	-	Strict	750	764.2	tet(40)	98.28	3000567	protein homolog model	n/a	n/a	tetracycline antibiotic	antibiotic efflux	major facilitator superfamily (MFS) antibiotic efflux pump	100.00	gnl|BL_ORD_ID|892|hsp_num:0	945			0	1218	tetracycline	
k141_190958_4 # 2781 # 4256 # 1 # ID=24846_4;partial=00;start_type=ATG;rbs_motif=TAAA;rbs_spacer=5bp;gc_cont=0.400	k141_190958	2781	4256	+	Perfect	950	941.4	msrE	100.0	3003109	protein homolog model	n/a	n/a	macrolide antibiotic; streptogramin antibiotic	antibiotic target protection	msr-type ABC-F protein	100.00	gnl|BL_ORD_ID|28|hsp_num:0	33			0	1473	erythromycin	
k141_190958_5 # 4312 # 5196 # 1 # ID=24846_5;partial=00;start_type=ATG;rbs_motif=TAA;rbs_spacer=12bp;gc_cont=0.365	k141_190958	4312	5196	+	Perfect	500	587.8	mphE	100.0	3003741	protein homolog model	n/a	n/a	macrolide antibiotic	antibiotic inactivation	macrolide phosphotransferase (MPH)	100.00	gnl|BL_ORD_ID|2688|hsp_num:0	2614			0	882	erythromycin	
k141_191363_5 # 3514 # 5244 # 1 # ID=25797_5;partial=00;start_type=ATG;rbs_motif=GGAG/GAGG;rbs_spacer=5-10bp;gc_cont=0.681	k141_191363	3514	5244	+	Strict	50	99.0	vanW gene in vanI cluster	32.12	3003724	protein homolog model	n/a	n/a	glycopeptide antibiotic	antibiotic target alteration	vanW; glycopeptide resistance gene cluster	154.42	gnl|BL_ORD_ID|4747|hsp_num:0	2242			543	1116	vancomycin; teicoplanin	
k141_103190_4 # 3870 # 4208 # -1 # ID=25927_4;partial=00;start_type=ATG;rbs_motif=GGA/GAG/AGG;rbs_spacer=5-10bp;gc_cont=0.422	k141_103190	3870	4208	-	Strict	75	102.1	qacJ	48.08	3007014	protein homolog model	n/a	n/a	disinfecting agents and antiseptics	antibiotic efflux	small multidrug resistance (SMR) antibiotic efflux pump	104.67	gnl|BL_ORD_ID|4661|hsp_num:0	5730			6	318	benzalkonium chloride	
k141_191551_2 # 258 # 1286 # -1 # ID=26106_2;partial=00;start_type=ATG;rbs_motif=GGAGG;rbs_spacer=5-10bp;gc_cont=0.594	k141_191551	258	1286	-	Strict	50	110.2	vanY gene in vanB cluster	38.1	3002956	protein homolog model	n/a	n/a	glycopeptide antibiotic	antibiotic target alteration	vanY; glycopeptide resistance gene cluster	127.61	gnl|BL_ORD_ID|603|hsp_num:0	556			273	792	vancomycin	
k141_547695_7 # 4168 # 5013 # -1 # ID=26792_7;partial=00;start_type=GTG;rbs_motif=GGAG/GAGG;rbs_spacer=5-10bp;gc_cont=0.382	k141_547695	4168	5013	-	Strict	50	123.2	vanY gene in vanB cluster	36.92	3002956	protein homolog model	n/a	n/a	glycopeptide antibiotic	antibiotic target alteration	vanY; glycopeptide resistance gene cluster	104.85	gnl|BL_ORD_ID|603|hsp_num:0	556			249	795	vancomycin	
k141_636476_3 # 1434 # 1766 # 1 # ID=27107_3;partial=00;start_type=ATG;rbs_motif=GGA/GAG/AGG;rbs_spacer=5-10bp;gc_cont=0.703	k141_636476	1434	1766	+	Strict	75	79.3	qacJ	37.04	3007014	protein homolog model	n/a	n/a	disinfecting agents and antiseptics	antibiotic efflux	small multidrug resistance (SMR) antibiotic efflux pump	102.80	gnl|BL_ORD_ID|4661|hsp_num:0	5730			3	321	benzalkonium chloride	
k141_103876_2 # 306 # 1457 # 1 # ID=27198_2;partial=01;start_type=ATG;rbs_motif=GGA/GAG/AGG;rbs_spacer=5-10bp;gc_cont=0.363	k141_103876	306	1457	+	Strict	175	219.5	vanT gene in vanG cluster	33.51	3002972	protein homolog model	n/a	n/a	glycopeptide antibiotic	antibiotic target alteration	glycopeptide resistance gene cluster; vanT	53.93	gnl|BL_ORD_ID|1523|hsp_num:0	1561			1035	2118	vancomycin	
k141_280617_10 # 12618 # 15782 # -1 # ID=27810_10;partial=00;start_type=ATG;rbs_motif=None;rbs_spacer=None;gc_cont=0.593	k141_280617	12618	15782	-	Strict	750	761.1	adeF	42.12	3000777	protein homolog model	n/a	n/a	fluoroquinolone antibiotic; tetracycline antibiotic	antibiotic efflux	resistance-nodulation-cell division (RND) antibiotic efflux pump	99.53	gnl|BL_ORD_ID|133|hsp_num:0	153			6	3147	tetracycline	
k141_192903_2 # 626 # 1933 # 1 # ID=28469_2;partial=00;start_type=ATG;rbs_motif=None;rbs_spacer=None;gc_cont=0.341	k141_192903	626	1933	+	Strict	50	130.6	vanW gene in vanI cluster	28.83	3003724	protein homolog model	n/a	n/a	glycopeptide antibiotic	antibiotic target alteration	vanW; glycopeptide resistance gene cluster	116.62	gnl|BL_ORD_ID|4747|hsp_num:0	2242			114	1047	vancomycin; teicoplanin	
k141_548585_50 # 34195 # 34527 # 1 # ID=28500_50;partial=00;start_type=ATG;rbs_motif=GGA/GAG/AGG;rbs_spacer=5-10bp;gc_cont=0.435	k141_548585	34195	34527	+	Strict	75	89.0	qacJ	43.27	3007014	protein homolog model	n/a	n/a	disinfecting agents and antiseptics	antibiotic efflux	small multidrug resistance (SMR) antibiotic efflux pump	102.80	gnl|BL_ORD_ID|4661|hsp_num:0	5730			6	318	benzalkonium chloride	
k141_193030_7 # 3967 # 5751 # -1 # ID=28824_7;partial=00;start_type=ATG;rbs_motif=AGGAG;rbs_spacer=5-10bp;gc_cont=0.475	k141_193030	3967	5751	-	Strict	750	772.3	patB	67.11	3000025	protein homolog model	n/a	n/a	fluoroquinolone antibiotic	antibiotic efflux	ATP-binding cassette (ABC) antibiotic efflux pump	101.02	gnl|BL_ORD_ID|1912|hsp_num:0	2112			0	1764	ciprofloxacin; norfloxacin	
k141_548940_12 # 11264 # 11716 # 1 # ID=29274_12;partial=00;start_type=ATG;rbs_motif=AGGA;rbs_spacer=5-10bp;gc_cont=0.506	k141_548940	11264	11716	+	Strict	250	258.8	arr-4	76.0	3002849	protein homolog model	n/a	n/a	rifamycin antibiotic	antibiotic inactivation	rifampin ADP-ribosyltransferase (Arr)	100.00	gnl|BL_ORD_ID|158|hsp_num:0	173			0	450	rifampin; rifaximin; rifabutin; rifapentine	
k141_194907_3 # 983 # 1768 # 1 # ID=32018_3;partial=00;start_type=GTG;rbs_motif=GGAG/GAGG;rbs_spacer=5-10bp;gc_cont=0.515	k141_194907	983	1768	+	Strict	450	518.8	aadA13	99.62	3002613	protein homolog model	n/a	n/a	aminoglycoside antibiotic	antibiotic inactivation	ANT(3'')	98.49	gnl|BL_ORD_ID|1909|hsp_num:0	2087			12	795	spectinomycin; streptomycin	
k141_372956_2 # 314 # 1429 # 1 # ID=34181_2;partial=00;start_type=ATG;rbs_motif=None;rbs_spacer=None;gc_cont=0.595	k141_372956	314	1429	+	Strict	175	199.9	vanT gene in vanG cluster	34.42	3002972	protein homolog model	n/a	n/a	glycopeptide antibiotic	antibiotic target alteration	glycopeptide resistance gene cluster; vanT	52.11	gnl|BL_ORD_ID|1523|hsp_num:0	1561			1029	2118	vancomycin	
k141_196234_4 # 1101 # 1445 # -1 # ID=34491_4;partial=00;start_type=ATG;rbs_motif=None;rbs_spacer=None;gc_cont=0.333	k141_196234	1101	1445	-	Strict	75	100.5	qacG	49.04	3007015	protein homolog model	n/a	n/a	disinfecting agents and antiseptics	antibiotic efflux	small multidrug resistance (SMR) antibiotic efflux pump	106.54	gnl|BL_ORD_ID|4662|hsp_num:0	5731			6	318	benzalkonium chloride	
k141_107911_2 # 2016 # 3125 # 1 # ID=34564_2;partial=00;start_type=ATG;rbs_motif=AGxAGG/AGGxGG;rbs_spacer=5-10bp;gc_cont=0.538	k141_107911	2016	3125	+	Strict	175	214.9	vanT gene in vanG cluster	36.51	3002972	protein homolog model	n/a	n/a	glycopeptide antibiotic	antibiotic target alteration	glycopeptide resistance gene cluster; vanT	51.83	gnl|BL_ORD_ID|1523|hsp_num:0	1561			1032	2118	vancomycin	
k141_196597_1 # 1 # 1293 # -1 # ID=35137_1;partial=10;start_type=ATG;rbs_motif=GGAGG;rbs_spacer=5-10bp;gc_cont=0.391	k141_196597	1	1293	-	Strict	600	649.4	msr(G)	77.73	3007042	protein homolog model	n/a	n/a	macrolide antibiotic; streptogramin antibiotic	antibiotic target protection	msr-type ABC-F protein	88.87	gnl|BL_ORD_ID|4750|hsp_num:0	5743			0	1293	erythromycin; azithromycin	
k141_196597_2 # 1402 # 2592 # -1 # ID=35137_2;partial=00;start_type=ATG;rbs_motif=AGGAG/GGAGG;rbs_spacer=11-12bp;gc_cont=0.410	k141_196597	1402	2592	-	Strict	500	538.5	mefF	70.28	3007044	protein homolog model	n/a	n/a	macrolide antibiotic	antibiotic efflux	major facilitator superfamily (MFS) antibiotic efflux pump	99.75	gnl|BL_ORD_ID|4752|hsp_num:0	5745			0	1191		
k141_19717_2 # 1290 # 2141 # 1 # ID=37325_2;partial=00;start_type=ATG;rbs_motif=GGAG/GAGG;rbs_spacer=5-10bp;gc_cont=0.458	k141_19717	1290	2141	+	Strict	50	140.2	vanY gene in vanG cluster	39.6	3002959	protein homolog model	n/a	n/a	glycopeptide antibiotic	antibiotic target alteration	vanY; glycopeptide resistance gene cluster	101.43	gnl|BL_ORD_ID|4731|hsp_num:0	298			279	834	vancomycin	
k141_286350_46 # 52451 # 52780 # -1 # ID=38628_46;partial=00;start_type=ATG;rbs_motif=None;rbs_spacer=None;gc_cont=0.609	k141_286350	52451	52780	-	Strict	75	87.0	qacJ	41.51	3007014	protein homolog model	n/a	n/a	disinfecting agents and antiseptics	antibiotic efflux	small multidrug resistance (SMR) antibiotic efflux pump	101.87	gnl|BL_ORD_ID|4661|hsp_num:0	5730			0	318	benzalkonium chloride	
k141_553807_12 # 9735 # 10499 # -1 # ID=39064_12;partial=00;start_type=ATG;rbs_motif=None;rbs_spacer=None;gc_cont=0.535	k141_553807	9735	10499	-	Strict	50	111.7	vanY gene in vanB cluster	38.22	3002956	protein homolog model	n/a	n/a	glycopeptide antibiotic	antibiotic target alteration	vanY; glycopeptide resistance gene cluster	94.78	gnl|BL_ORD_ID|603|hsp_num:0	556			345	792	vancomycin	
k141_553807_14 # 11772 # 12581 # -1 # ID=39064_14;partial=00;start_type=ATG;rbs_motif=None;rbs_spacer=None;gc_cont=0.541	k141_553807	11772	12581	-	Strict	50	98.2	vanY gene in vanM cluster	32.8	3002961	protein homolog model	n/a	n/a	glycopeptide antibiotic	antibiotic target alteration	vanY; glycopeptide resistance gene cluster	115.45	gnl|BL_ORD_ID|1674|hsp_num:0	1713			21	546	vancomycin; teicoplanin	
k141_466104_4 # 3474 # 3794 # -1 # ID=40122_4;partial=00;start_type=ATG;rbs_motif=None;rbs_spacer=None;gc_cont=0.626	k141_466104	3474	3794	-	Strict	75	76.6	qacJ	32.35	3007014	protein homolog model	n/a	n/a	disinfecting agents and antiseptics	antibiotic efflux	small multidrug resistance (SMR) antibiotic efflux pump	99.07	gnl|BL_ORD_ID|4661|hsp_num:0	5730			0	306	benzalkonium chloride	
k141_111028_5 # 3361 # 3693 # 1 # ID=40292_5;partial=00;start_type=ATG;rbs_motif=GGA/GAG/AGG;rbs_spacer=5-10bp;gc_cont=0.532	k141_111028	3361	3693	+	Strict	75	81.6	qacJ	36.54	3007014	protein homolog model	n/a	n/a	disinfecting agents and antiseptics	antibiotic efflux	small multidrug resistance (SMR) antibiotic efflux pump	102.80	gnl|BL_ORD_ID|4661|hsp_num:0	5730			6	318	benzalkonium chloride	
k141_199855_2 # 369 # 1997 # -1 # ID=41446_2;partial=00;start_type=TTG;rbs_motif=AGGAG;rbs_spacer=5-10bp;gc_cont=0.624	k141_199855	369	1997	-	Strict	50	112.8	vanW gene in vanI cluster	31.88	3003724	protein homolog model	n/a	n/a	glycopeptide antibiotic	antibiotic target alteration	vanW; glycopeptide resistance gene cluster	145.31	gnl|BL_ORD_ID|4747|hsp_num:0	2242			159	1050	vancomycin; teicoplanin	
k141_200093_1 # 3 # 983 # 1 # ID=41792_1;partial=10;start_type=Edge;rbs_motif=None;rbs_spacer=None;gc_cont=0.462	k141_200093	3	983	+	Strict	175	208.0	vanT gene in vanG cluster	39.26	3002972	protein homolog model	n/a	n/a	glycopeptide antibiotic	antibiotic target alteration	glycopeptide resistance gene cluster; vanT	45.79	gnl|BL_ORD_ID|1523|hsp_num:0	1561			1194	2067	vancomycin	
k141_377075_2 # 1228 # 2016 # -1 # ID=42349_2;partial=00;start_type=ATG;rbs_motif=GGAG/GAGG;rbs_spacer=5-10bp;gc_cont=0.445	k141_377075	1228	2016	-	Perfect	400	518.8	aadA27	100.0	3004682	protein homolog model	n/a	n/a	aminoglycoside antibiotic	antibiotic inactivation	ANT(3'')	100.00	gnl|BL_ORD_ID|2242|hsp_num:0	3381			0	786	spectinomycin; streptomycin	
k141_22767_2 # 2213 # 2995 # 1 # ID=42891_2;partial=00;start_type=ATG;rbs_motif=TAA;rbs_spacer=12bp;gc_cont=0.305	k141_22767	2213	2995	+	Strict	400	494.6	LnuH	93.85	3004600	protein homolog model	n/a	n/a	lincosamide antibiotic	antibiotic inactivation	lincosamide nucleotidyltransferase (LNU)	100.00	gnl|BL_ORD_ID|4923|hsp_num:0	5916			0	780		
k141_201091_3 # 888 # 2711 # 1 # ID=43712_3;partial=00;start_type=ATG;rbs_motif=GGA/GAG/AGG;rbs_spacer=5-10bp;gc_cont=0.629	k141_201091	888	2711	+	Strict	50	92.0	vanW gene in vanI cluster	30.09	3003724	protein homolog model	n/a	n/a	glycopeptide antibiotic	antibiotic target alteration	vanW; glycopeptide resistance gene cluster	162.73	gnl|BL_ORD_ID|4747|hsp_num:0	2242			435	1047	vancomycin; teicoplanin	
k141_201130_1 # 207 # 701 # 1 # ID=43776_1;partial=00;start_type=ATG;rbs_motif=GGAG/GAGG;rbs_spacer=5-10bp;gc_cont=0.564	k141_201130	207	701	+	Strict	150	186.4	nimJ	57.59	3007112	protein homolog model	n/a	n/a	nitroimidazole antibiotic	antibiotic inactivation	nitroimidazole reductase	99.39	gnl|BL_ORD_ID|4790|hsp_num:0	5785			9	483	metronidazole	
k141_112929_51 # 57380 # 60520 # 1 # ID=43968_51;partial=00;start_type=ATG;rbs_motif=GGA/GAG/AGG;rbs_spacer=5-10bp;gc_cont=0.604	k141_112929	57380	60520	+	Strict	750	833.6	adeF	45.81	3000777	protein homolog model	n/a	n/a	fluoroquinolone antibiotic; tetracycline antibiotic	antibiotic efflux	resistance-nodulation-cell division (RND) antibiotic efflux pump	98.77	gnl|BL_ORD_ID|133|hsp_num:0	153			6	3093	tetracycline	
k141_646561_3 # 1609 # 4863 # 1 # ID=45760_3;partial=00;start_type=ATG;rbs_motif=GGAG/GAGG;rbs_spacer=5-10bp;gc_cont=0.696	k141_646561	1609	4863	+	Strict	750	778.1	adeF	43.82	3000777	protein homolog model	n/a	n/a	fluoroquinolone antibiotic; tetracycline antibiotic	antibiotic efflux	resistance-nodulation-cell division (RND) antibiotic efflux pump	102.36	gnl|BL_ORD_ID|133|hsp_num:0	153			6	3111	tetracycline	
k141_202434_4 # 5231 # 5557 # 1 # ID=45889_4;partial=00;start_type=ATG;rbs_motif=GGA/GAG/AGG;rbs_spacer=5-10bp;gc_cont=0.520	k141_202434	5231	5557	+	Strict	75	101.3	qacJ	45.28	3007014	protein homolog model	n/a	n/a	disinfecting agents and antiseptics	antibiotic efflux	small multidrug resistance (SMR) antibiotic efflux pump	100.93	gnl|BL_ORD_ID|4661|hsp_num:0	5730			0	318	benzalkonium chloride	
k141_470199_7 # 7373 # 8581 # -1 # ID=47571_7;partial=00;start_type=ATG;rbs_motif=GGAG/GAGG;rbs_spacer=5-10bp;gc_cont=0.428	k141_470199	7373	8581	-	Strict	175	232.3	vanT gene in vanG cluster	36.19	3002972	protein homolog model	n/a	n/a	glycopeptide antibiotic	antibiotic target alteration	glycopeptide resistance gene cluster; vanT	56.46	gnl|BL_ORD_ID|1523|hsp_num:0	1561			1029	2118	vancomycin	
k141_647922_1 # 2 # 1933 # 1 # ID=48009_1;partial=10;start_type=Edge;rbs_motif=None;rbs_spacer=None;gc_cont=0.413	k141_647922	2	1933	+	Strict	300	1276.5	tet(32)	99.69	3000196	protein homolog model	n/a	n/a	tetracycline antibiotic	antibiotic target protection	tetracycline-resistant ribosomal protection protein	100.63	gnl|BL_ORD_ID|1221|hsp_num:0	1233			0	1917	tetracycline; doxycycline; minocycline; chlortetracycline; demeclocycline; oxytetracycline	
k141_203882_25 # 28530 # 29717 # 1 # ID=48583_25;partial=00;start_type=ATG;rbs_motif=None;rbs_spacer=None;gc_cont=0.614	k141_203882	28530	29717	+	Strict	175	179.1	vanT gene in vanG cluster	30.95	3002972	protein homolog model	n/a	n/a	glycopeptide antibiotic	antibiotic target alteration	glycopeptide resistance gene cluster; vanT	55.48	gnl|BL_ORD_ID|1523|hsp_num:0	1561			1029	2106	vancomycin	
k141_26078_1 # 3 # 1118 # 1 # ID=48608_1;partial=11;start_type=Edge;rbs_motif=None;rbs_spacer=None;gc_cont=0.608	k141_26078	3	1118	+	Strict	50	105.1	vanW gene in vanI cluster	32.67	3003724	protein homolog model	n/a	n/a	glycopeptide antibiotic	antibiotic target alteration	vanW; glycopeptide resistance gene cluster	99.73	gnl|BL_ORD_ID|4747|hsp_num:0	2242			483	1077	vancomycin; teicoplanin	
k141_380851_1 # 444 # 1100 # 1 # ID=49966_1;partial=00;start_type=ATG;rbs_motif=AGGAG;rbs_spacer=5-10bp;gc_cont=0.438	k141_380851	444	1100	+	Perfect	400	459.1	QnrS2	100.0	3002791	protein homolog model	n/a	n/a	fluoroquinolone antibiotic	antibiotic target protection	quinolone resistance protein (qnr)	100.00	gnl|BL_ORD_ID|1693|hsp_num:0	1832			0	654	ciprofloxacin; levofloxacin; moxifloxacin; gatifloxacin; nalidixic acid; norfloxacin; sparfloxacin	
k141_205124_1 # 51 # 830 # 1 # ID=50681_1;partial=00;start_type=TTG;rbs_motif=GGAGG;rbs_spacer=5-10bp;gc_cont=0.621	k141_205124	51	830	+	Strict	50	57.8	vanY gene in vanF cluster	32.11	3002958	protein homolog model	n/a	n/a	glycopeptide antibiotic	antibiotic target alteration	vanY; glycopeptide resistance gene cluster	88.40	gnl|BL_ORD_ID|1809|hsp_num:0	1899			312	639	vancomycin	
k141_206224_3 # 1421 # 2185 # -1 # ID=52694_3;partial=00;start_type=ATG;rbs_motif=TAA;rbs_spacer=11bp;gc_cont=0.318	k141_206224	1421	2185	-	Strict	50	104.8	vanY gene in vanB cluster	32.72	3002956	protein homolog model	n/a	n/a	glycopeptide antibiotic	antibiotic target alteration	vanY; glycopeptide resistance gene cluster	94.78	gnl|BL_ORD_ID|603|hsp_num:0	556			45	795	vancomycin	
k141_118260_30 # 33539 # 33754 # 1 # ID=53125_30;partial=00;start_type=ATG;rbs_motif=AGGAG;rbs_spacer=5-10bp;gc_cont=0.583	k141_118260	33539	33754	+	Strict	100	100.5	rsmA	83.05	3005069	protein homolog model	n/a	n/a	fluoroquinolone antibiotic; diaminopyrimidine antibiotic; phenicol antibiotic	antibiotic efflux	resistance-nodulation-cell division (RND) antibiotic efflux pump	116.39	gnl|BL_ORD_ID|2793|hsp_num:0	3807			0	177	trimethoprim; chloramphenicol	
k141_383095_134 # 125398 # 128547 # -1 # ID=53890_134;partial=00;start_type=ATG;rbs_motif=None;rbs_spacer=None;gc_cont=0.639	k141_383095	125398	128547	-	Strict	750	786.9	adeF	42.18	3000777	protein homolog model	n/a	n/a	fluoroquinolone antibiotic; tetracycline antibiotic	antibiotic efflux	resistance-nodulation-cell division (RND) antibiotic efflux pump	99.06	gnl|BL_ORD_ID|133|hsp_num:0	153			12	3153	tetracycline	
k141_118819_4 # 1657 # 2460 # 1 # ID=53949_4;partial=00;start_type=ATG;rbs_motif=GGA/GAG/AGG;rbs_spacer=5-10bp;gc_cont=0.312	k141_118819	1657	2460	+	Strict	500	520.4	lnuB	98.88	3002836	protein homolog model	n/a	n/a	lincosamide antibiotic	antibiotic inactivation	lincosamide nucleotidyltransferase (LNU)	100.00	gnl|BL_ORD_ID|742|hsp_num:0	809			0	801	lincomycin; clindamycin	
k141_206875_1 # 10 # 789 # -1 # ID=54019_1;partial=00;start_type=ATG;rbs_motif=AGGA;rbs_spacer=5-10bp;gc_cont=0.331	k141_206875	10	789	-	Strict	500	506.9	APH(3')-VIa	98.46	3002652	protein homolog model	n/a	n/a	aminoglycoside antibiotic	antibiotic inactivation	APH(3')	100.00	gnl|BL_ORD_ID|1026|hsp_num:0	1121			0	777	neomycin; amikacin; ribostamycin; butirosin; kanamycin A; isepamicin; gentamicin B; paromomycin; gentamicin	
k141_383425_9 # 5575 # 8667 # -1 # ID=54511_9;partial=00;start_type=ATG;rbs_motif=GGAG/GAGG;rbs_spacer=5-10bp;gc_cont=0.568	k141_383425	5575	8667	-	Strict	750	822.0	adeF	44.85	3000777	protein homolog model	n/a	n/a	fluoroquinolone antibiotic; tetracycline antibiotic	antibiotic efflux	resistance-nodulation-cell division (RND) antibiotic efflux pump	97.26	gnl|BL_ORD_ID|133|hsp_num:0	153			0	3093	tetracycline	
k141_207858_4 # 2823 # 4262 # 1 # ID=55851_4;partial=00;start_type=ATG;rbs_motif=GGA/GAG/AGG;rbs_spacer=5-10bp;gc_cont=0.247	k141_207858	2823	4262	+	Perfect	900	984.6	AAC(6')-Ie-APH(2'')-Ia bifunctional protein	100.0	3002597	protein homolog model	n/a	n/a	aminoglycoside antibiotic	antibiotic inactivation	aminoglycoside bifunctional resistance protein	100.00	gnl|BL_ORD_ID|4824|hsp_num:0	1814			0	1437	dibekacin; amikacin; sisomicin; netilmicin; kanamycin A; tobramycin; gentamicin A; 2'-N-ethylnetilmicin; 5-episisomicin; gentamicin	
k141_208239_6 # 2776 # 4695 # -1 # ID=56442_6;partial=00;start_type=ATG;rbs_motif=AGGAGG;rbs_spacer=5-10bp;gc_cont=0.404	k141_208239	2776	4695	-	Strict	300	1267.3	tet(O)	99.22	3000190	protein homolog model	n/a	n/a	tetracycline antibiotic	antibiotic target protection	tetracycline-resistant ribosomal protection protein	100.00	gnl|BL_ORD_ID|1954|hsp_num:0	2020			0	1917	tetracycline; doxycycline; minocycline; chlortetracycline; demeclocycline; oxytetracycline	
k141_475690_8 # 4229 # 4693 # -1 # ID=57078_8;partial=00;start_type=ATG;rbs_motif=AGxAGG/AGGxGG;rbs_spacer=5-10bp;gc_cont=0.645	k141_475690	4229	4693	-	Strict	100	204.1	FosI	71.76	3007370	protein homolog model	n/a	n/a	phosphonic acid antibiotic	antibiotic inactivation	fosfomycin thiol transferase	114.93	gnl|BL_ORD_ID|4906|hsp_num:0	5898			6	399	fosfomycin	
k141_475706_3 # 1407 # 2327 # 1 # ID=57107_3;partial=00;start_type=ATG;rbs_motif=AGxAGG/AGGxGG;rbs_spacer=5-10bp;gc_cont=0.649	k141_475706	1407	2327	+	Strict	50	120.2	vanY gene in vanB cluster	36.76	3002956	protein homolog model	n/a	n/a	glycopeptide antibiotic	antibiotic target alteration	vanY; glycopeptide resistance gene cluster	114.18	gnl|BL_ORD_ID|603|hsp_num:0	556			270	792	vancomycin	
k141_475756_7 # 8050 # 11616 # 1 # ID=57208_7;partial=00;start_type=ATG;rbs_motif=GGAG/GAGG;rbs_spacer=5-10bp;gc_cont=0.601	k141_475756	8050	11616	+	Strict	750	840.1	adeF	45.11	3000777	protein homolog model	n/a	n/a	fluoroquinolone antibiotic; tetracycline antibiotic	antibiotic efflux	resistance-nodulation-cell division (RND) antibiotic efflux pump	112.18	gnl|BL_ORD_ID|133|hsp_num:0	153			6	3120	tetracycline	
k141_121143_2 # 973 # 1473 # -1 # ID=58103_2;partial=00;start_type=ATG;rbs_motif=AGGAG;rbs_spacer=5-10bp;gc_cont=0.329	k141_121143	973	1473	-	Strict	150	203.8	nimJ	60.76	3007112	protein homolog model	n/a	n/a	nitroimidazole antibiotic	antibiotic inactivation	nitroimidazole reductase	100.61	gnl|BL_ORD_ID|4790|hsp_num:0	5785			9	483	metronidazole	
k141_209495_1 # 142 # 987 # -1 # ID=58832_1;partial=00;start_type=ATG;rbs_motif=None;rbs_spacer=None;gc_cont=0.538	k141_209495	142	987	-	Strict	535	537.3	aadA10	100.0	3004692	protein homolog model	n/a	n/a	aminoglycoside antibiotic	antibiotic inactivation	ANT(3'')	101.44	gnl|BL_ORD_ID|2154|hsp_num:0	3398			0	804	spectinomycin; streptomycin	
k141_653959_1 # 161 # 985 # 1 # ID=58841_1;partial=00;start_type=ATG;rbs_motif=None;rbs_spacer=None;gc_cont=0.461	k141_653959	161	985	+	Strict	500	535.8	OXA-644	97.81	3005864	protein homolog model	n/a	n/a	carbapenem; cephalosporin; penam	antibiotic inactivation	OXA beta-lactamase	100.00	gnl|BL_ORD_ID|3900|hsp_num:0	4969			0	822	cloxacillin; oxacillin; cefalotin	
k141_121603_2 # 1308 # 1808 # 1 # ID=58865_2;partial=00;start_type=ATG;rbs_motif=GGAGG;rbs_spacer=5-10bp;gc_cont=0.439	k141_121603	1308	1808	+	Strict	150	154.8	nimJ	49.36	3007112	protein homolog model	n/a	n/a	nitroimidazole antibiotic	antibiotic inactivation	nitroimidazole reductase	100.61	gnl|BL_ORD_ID|4790|hsp_num:0	5785			15	483	metronidazole	
k141_209632_3 # 551 # 886 # 1 # ID=59043_3;partial=00;start_type=ATG;rbs_motif=None;rbs_spacer=None;gc_cont=0.688	k141_209632	551	886	+	Strict	75	85.9	qacJ	40.0	3007014	protein homolog model	n/a	n/a	disinfecting agents and antiseptics	antibiotic efflux	small multidrug resistance (SMR) antibiotic efflux pump	103.74	gnl|BL_ORD_ID|4661|hsp_num:0	5730			3	318	benzalkonium chloride	
k141_210451_1 # 489 # 1289 # -1 # ID=60417_1;partial=00;start_type=ATG;rbs_motif=AGxAGG/AGGxGG;rbs_spacer=3-4bp;gc_cont=0.418	k141_210451	489	1289	-	Strict	500	526.6	OXA-10	99.25	3001405	protein homolog model	n/a	n/a	carbapenem; cephalosporin; penam	antibiotic inactivation	OXA beta-lactamase	100.00	gnl|BL_ORD_ID|1453|hsp_num:0	1587			0	798	cloxacillin; oxacillin; cefalotin	
k141_122497_2 # 301 # 636 # -1 # ID=60486_2;partial=00;start_type=ATG;rbs_motif=AGGAG;rbs_spacer=5-10bp;gc_cont=0.658	k141_122497	301	636	-	Strict	200	214.5	RbpA	90.99	3000245	protein homolog model	n/a	n/a	rifamycin antibiotic	antibiotic target protection	RbpA bacterial RNA polymerase-binding protein	97.37	gnl|BL_ORD_ID|1308|hsp_num:0	1425			0	333	rifampin; rifaximin; rifabutin; rifapentine	
k141_122814_2 # 385 # 1209 # -1 # ID=61084_2;partial=00;start_type=ATG;rbs_motif=None;rbs_spacer=None;gc_cont=0.456	k141_122814	385	1209	-	Strict	500	543.1	OXA-333	99.27	3001521	protein homolog model	n/a	n/a	carbapenem; cephalosporin; penam	antibiotic inactivation	OXA beta-lactamase	100.00	gnl|BL_ORD_ID|886|hsp_num:0	965			0	822	cloxacillin; oxacillin; cefalotin	
k141_477660_39 # 38542 # 41697 # -1 # ID=61175_39;partial=00;start_type=ATG;rbs_motif=AGGA;rbs_spacer=5-10bp;gc_cont=0.604	k141_477660	38542	41697	-	Strict	750	884.8	adeF	46.83	3000777	protein homolog model	n/a	n/a	fluoroquinolone antibiotic; tetracycline antibiotic	antibiotic efflux	resistance-nodulation-cell division (RND) antibiotic efflux pump	99.24	gnl|BL_ORD_ID|133|hsp_num:0	153			6	3165	tetracycline	
k141_211031_3 # 908 # 1750 # -1 # ID=61459_3;partial=00;start_type=ATG;rbs_motif=TAA;rbs_spacer=11bp;gc_cont=0.375	k141_211031	908	1750	-	Perfect	500	560.8	OXA-58	100.0	3001611	protein homolog model	n/a	n/a	carbapenem; cephalosporin; penam	antibiotic inactivation	OXA beta-lactamase	100.00	gnl|BL_ORD_ID|1018|hsp_num:0	1112			0	840	cloxacillin; oxacillin; cefalotin	
k141_211610_4 # 1873 # 3060 # 1 # ID=62460_4;partial=00;start_type=GTG;rbs_motif=AGxAGG/AGGxGG;rbs_spacer=5-10bp;gc_cont=0.406	k141_211610	1873	3060	+	Perfect	750	746.5	tet(39)	100.0	3000566	protein homolog model	n/a	n/a	tetracycline antibiotic	antibiotic efflux	major facilitator superfamily (MFS) antibiotic efflux pump	100.00	gnl|BL_ORD_ID|1038|hsp_num:0	1092			0	1185	tetracycline	
k141_123408_2 # 401 # 1282 # -1 # ID=62477_2;partial=00;start_type=ATG;rbs_motif=AGGA;rbs_spacer=5-10bp;gc_cont=0.688	k141_123408	401	1282	-	Perfect	500	574.3	RCP-1	100.0	3003563	protein homolog model	n/a	n/a	penam	antibiotic inactivation	RCP beta-lactamase	100.00	gnl|BL_ORD_ID|896|hsp_num:0	882			0	879		
k141_212004_2 # 1590 # 2474 # 1 # ID=63411_2;partial=00;start_type=ATG;rbs_motif=AAAAA;rbs_spacer=11bp;gc_cont=0.369	k141_212004	1590	2474	+	Strict	500	592.0	mphG	99.66	3003742	protein homolog model	n/a	n/a	macrolide antibiotic	antibiotic inactivation	macrolide phosphotransferase (MPH)	100.00	gnl|BL_ORD_ID|2042|hsp_num:0	2259			0	882	erythromycin; clarithromycin; azithromycin	
k141_566701_1 # 92 # 862 # 1 # ID=63592_1;partial=00;start_type=ATG;rbs_motif=TAAAAA;rbs_spacer=9bp;gc_cont=0.326	k141_566701	92	862	+	Strict	400	483.4	LnuH	93.75	3004600	protein homolog model	n/a	n/a	lincosamide antibiotic	antibiotic inactivation	lincosamide nucleotidyltransferase (LNU)	98.46	gnl|BL_ORD_ID|4923|hsp_num:0	5916			0	768		
k141_300572_1 # 2 # 745 # 1 # ID=63727_1;partial=10;start_type=Edge;rbs_motif=None;rbs_spacer=None;gc_cont=0.478	k141_300572	2	745	+	Strict	50	89.0	vanW gene in vanI cluster	38.13	3003724	protein homolog model	n/a	n/a	glycopeptide antibiotic	antibiotic target alteration	vanW; glycopeptide resistance gene cluster	66.22	gnl|BL_ORD_ID|4747|hsp_num:0	2242			657	1047	vancomycin; teicoplanin	
k141_212256_5 # 2887 # 3222 # 1 # ID=63847_5;partial=00;start_type=ATG;rbs_motif=GGAGG;rbs_spacer=5-10bp;gc_cont=0.661	k141_212256	2887	3222	+	Strict	75	79.7	qacG	35.92	3007015	protein homolog model	n/a	n/a	disinfecting agents and antiseptics	antibiotic efflux	small multidrug resistance (SMR) antibiotic efflux pump	103.74	gnl|BL_ORD_ID|4662|hsp_num:0	5731			9	318	benzalkonium chloride	
k141_566882_3 # 1570 # 2382 # -1 # ID=63872_3;partial=00;start_type=ATG;rbs_motif=None;rbs_spacer=None;gc_cont=0.738	k141_566882	1570	2382	-	Strict	50	65.1	vanY gene in vanM cluster	31.88	3002961	protein homolog model	n/a	n/a	glycopeptide antibiotic	antibiotic target alteration	vanY; glycopeptide resistance gene cluster	115.88	gnl|BL_ORD_ID|1674|hsp_num:0	1713			108	480	vancomycin; teicoplanin	
k141_301227_4 # 2688 # 3827 # 1 # ID=64926_4;partial=00;start_type=TTG;rbs_motif=GGAG/GAGG;rbs_spacer=5-10bp;gc_cont=0.665	k141_301227	2688	3827	+	Strict	175	218.0	vanT gene in vanG cluster	35.58	3002972	protein homolog model	n/a	n/a	glycopeptide antibiotic	antibiotic target alteration	glycopeptide resistance gene cluster; vanT	53.23	gnl|BL_ORD_ID|1523|hsp_num:0	1561			1029	2118	vancomycin	
k141_568448_6 # 2882 # 4753 # -1 # ID=66187_6;partial=00;start_type=ATG;rbs_motif=TAA;rbs_spacer=3bp;gc_cont=0.440	k141_568448	2882	4753	-	Strict	300	365.5	tet(M)	35.76	3000186	protein homolog model	n/a	n/a	tetracycline antibiotic	antibiotic target protection	tetracycline-resistant ribosomal protection protein	97.50	gnl|BL_ORD_ID|1675|hsp_num:0	1692			0	1908	tetracycline; doxycycline; minocycline; chlortetracycline; demeclocycline; oxytetracycline	
k141_568605_1 # 125 # 586 # 1 # ID=66397_1;partial=00;start_type=ATG;rbs_motif=None;rbs_spacer=None;gc_cont=0.487	k141_568605	125	586	+	Strict	75	75.1	qacJ	39.22	3007014	protein homolog model	n/a	n/a	disinfecting agents and antiseptics	antibiotic efflux	small multidrug resistance (SMR) antibiotic efflux pump	142.99	gnl|BL_ORD_ID|4661|hsp_num:0	5730			0	306	benzalkonium chloride	
k141_569011_3 # 4046 # 4255 # 1 # ID=67197_3;partial=00;start_type=ATG;rbs_motif=AGGAG;rbs_spacer=5-10bp;gc_cont=0.576	k141_569011	4046	4255	+	Strict	100	100.9	rsmA	83.05	3005069	protein homolog model	n/a	n/a	fluoroquinolone antibiotic; diaminopyrimidine antibiotic; phenicol antibiotic	antibiotic efflux	resistance-nodulation-cell division (RND) antibiotic efflux pump	113.11	gnl|BL_ORD_ID|2793|hsp_num:0	3807			0	177	trimethoprim; chloramphenicol	
k141_302681_2 # 358 # 690 # -1 # ID=67399_2;partial=00;start_type=ATG;rbs_motif=TAAAA;rbs_spacer=13bp;gc_cont=0.441	k141_302681	358	690	-	Strict	75	88.6	qacJ	42.31	3007014	protein homolog model	n/a	n/a	disinfecting agents and antiseptics	antibiotic efflux	small multidrug resistance (SMR) antibiotic efflux pump	102.80	gnl|BL_ORD_ID|4661|hsp_num:0	5730			6	318	benzalkonium chloride	
k141_569440_2 # 309 # 1058 # -1 # ID=67949_2;partial=00;start_type=ATG;rbs_motif=GGA/GAG/AGG;rbs_spacer=5-10bp;gc_cont=0.465	k141_569440	309	1058	-	Strict	50	102.1	vanY gene in vanM cluster	38.67	3002961	protein homolog model	n/a	n/a	glycopeptide antibiotic	antibiotic target alteration	vanY; glycopeptide resistance gene cluster	106.87	gnl|BL_ORD_ID|1674|hsp_num:0	1713			126	531	vancomycin; teicoplanin	
k141_303311_16 # 16927 # 18186 # -1 # ID=68680_16;partial=00;start_type=ATG;rbs_motif=AGGAG;rbs_spacer=5-10bp;gc_cont=0.553	k141_303311	16927	18186	-	Strict	50	132.9	vanW gene in vanI cluster	29.2	3003724	protein homolog model	n/a	n/a	glycopeptide antibiotic	antibiotic target alteration	vanW; glycopeptide resistance gene cluster	112.33	gnl|BL_ORD_ID|4747|hsp_num:0	2242			21	1047	vancomycin; teicoplanin	
k141_390953_1 # 293 # 1552 # -1 # ID=69289_1;partial=00;start_type=GTG;rbs_motif=AGGAG;rbs_spacer=5-10bp;gc_cont=0.553	k141_390953	293	1552	-	Strict	800	801.2	cmlA1	99.76	3002693	protein homolog model	n/a	n/a	phenicol antibiotic	antibiotic efflux	major facilitator superfamily (MFS) antibiotic efflux pump	100.00	gnl|BL_ORD_ID|954|hsp_num:0	1037			0	1257	chloramphenicol	
k141_570415_3 # 998 # 1312 # -1 # ID=69551_3;partial=01;start_type=Edge;rbs_motif=None;rbs_spacer=None;gc_cont=0.663	k141_570415	998	1312	-	Strict	50	52.4	vanY gene in vanM cluster	38.24	3002961	protein homolog model	n/a	n/a	glycopeptide antibiotic	antibiotic target alteration	vanY; glycopeptide resistance gene cluster	44.64	gnl|BL_ORD_ID|1674|hsp_num:0	1713			291	480	vancomycin; teicoplanin	
k141_127487_1 # 27 # 1949 # -1 # ID=69734_1;partial=00;start_type=ATG;rbs_motif=GGAG/GAGG;rbs_spacer=5-10bp;gc_cont=0.308	k141_127487	27	1949	-	Strict	300	1252.7	tet(44)	97.5	3000556	protein homolog model	n/a	n/a	tetracycline antibiotic	antibiotic target protection	tetracycline-resistant ribosomal protection protein	100.00	gnl|BL_ORD_ID|1198|hsp_num:0	1171			0	1920	tetracycline; doxycycline; minocycline; chlortetracycline; demeclocycline; oxytetracycline	
k141_659894_4 # 5968 # 6780 # -1 # ID=70035_4;partial=00;start_type=ATG;rbs_motif=TAAA;rbs_spacer=9bp;gc_cont=0.373	k141_659894	5968	6780	-	Strict	50	56.2	vanY gene in vanB cluster	28.19	3002956	protein homolog model	n/a	n/a	glycopeptide antibiotic	antibiotic target alteration	vanY; glycopeptide resistance gene cluster	100.75	gnl|BL_ORD_ID|603|hsp_num:0	556			381	768	vancomycin	
k141_37633_3 # 1388 # 2113 # -1 # ID=71463_3;partial=00;start_type=ATG;rbs_motif=GGA/GAG/AGG;rbs_spacer=5-10bp;gc_cont=0.328	k141_37633	1388	2113	-	Strict	50	223.8	vanY gene in vanB cluster	47.37	3002956	protein homolog model	n/a	n/a	glycopeptide antibiotic	antibiotic target alteration	vanY; glycopeptide resistance gene cluster	89.93	gnl|BL_ORD_ID|603|hsp_num:0	556			66	804	vancomycin	
k141_660721_2 # 278 # 1183 # 1 # ID=71894_2;partial=00;start_type=ATG;rbs_motif=AGGAG;rbs_spacer=5-10bp;gc_cont=0.656	k141_660721	278	1183	+	Perfect	500	594.7	mphA	100.0	3000316	protein homolog model	n/a	n/a	macrolide antibiotic	antibiotic inactivation	macrolide phosphotransferase (MPH)	100.00	gnl|BL_ORD_ID|1140|hsp_num:0	1243			0	903	erythromycin; roxithromycin; telithromycin; clarithromycin; azithromycin; dirithromycin; oleandomycin	
k141_660721_3 # 1180 # 2418 # 1 # ID=71894_3;partial=00;start_type=ATG;rbs_motif=None;rbs_spacer=None;gc_cont=0.651	k141_660721	1180	2418	+	Perfect	600	740.0	Mrx	100.0	3003839	protein homolog model	n/a	n/a	macrolide antibiotic	antibiotic inactivation	macrolide phosphotransferase (MPH)	100.00	gnl|BL_ORD_ID|4924|hsp_num:0	5917			0	1236		
k141_217173_6 # 4819 # 5154 # -1 # ID=72272_6;partial=00;start_type=ATG;rbs_motif=AGGAG;rbs_spacer=5-10bp;gc_cont=0.667	k141_217173	4819	5154	-	Strict	200	222.2	RbpA	94.59	3000245	protein homolog model	n/a	n/a	rifamycin antibiotic	antibiotic target protection	RbpA bacterial RNA polymerase-binding protein	97.37	gnl|BL_ORD_ID|1308|hsp_num:0	1425			0	333	rifampin; rifaximin; rifabutin; rifapentine	
k141_572319_25 # 23198 # 23953 # 1 # ID=72813_25;partial=00;start_type=ATG;rbs_motif=GGAG/GAGG;rbs_spacer=5-10bp;gc_cont=0.452	k141_572319	23198	23953	+	Strict	50	79.0	vanY gene in vanB cluster	31.14	3002956	protein homolog model	n/a	n/a	glycopeptide antibiotic	antibiotic target alteration	vanY; glycopeptide resistance gene cluster	93.66	gnl|BL_ORD_ID|603|hsp_num:0	556			153	789	vancomycin	
k141_573098_1 # 332 # 1498 # 1 # ID=74317_1;partial=00;start_type=ATG;rbs_motif=None;rbs_spacer=None;gc_cont=0.374	k141_573098	332	1498	+	Strict	750	786.2	tet(X)	99.74	3000205	protein homolog model	n/a	n/a	glycylcycline; tetracycline antibiotic	antibiotic inactivation	tetracycline inactivation enzyme	100.00	gnl|BL_ORD_ID|764|hsp_num:0	776			0	1164	tigecycline; tetracycline; doxycycline; minocycline; chlortetracycline; demeclocycline; oxytetracycline	
k141_573098_2 # 1711 # 2511 # -1 # ID=74317_2;partial=00;start_type=ATG;rbs_motif=TAA;rbs_spacer=10bp;gc_cont=0.341	k141_573098	1711	2511	-	Strict	500	527.3	ErmF	99.25	3000498	protein homolog model	n/a	n/a	macrolide antibiotic; lincosamide antibiotic; streptogramin antibiotic; streptogramin A antibiotic; streptogramin B antibiotic	antibiotic target alteration	Erm 23S ribosomal RNA methyltransferase	100.00	gnl|BL_ORD_ID|569|hsp_num:0	621			0	798	erythromycin; roxithromycin; lincomycin; telithromycin; clarithromycin; clindamycin; tylosin; spiramycin; azithromycin; dirithromycin; pristinamycin IA; quinupristin; virginiamycin M1; madumycin II; griseoviridin; dalfopristin; pristinamycin IB; virginiamycin S2; pristinamycin IC; vernamycin C; patricin A; patricin B; ostreogrycin B3; oleandomycin	
k141_662554_1 # 74 # 904 # 1 # ID=75355_1;partial=00;start_type=ATG;rbs_motif=ATA;rbs_spacer=6bp;gc_cont=0.345	k141_662554	74	904	+	Perfect	500	546.6	OXA-1	100.0	3001396	protein homolog model	n/a	n/a	carbapenem; cephalosporin; penam	antibiotic inactivation	OXA beta-lactamase	100.00	gnl|BL_ORD_ID|1804|hsp_num:0	1952			0	828	cloxacillin; oxacillin; amoxicillin; piperacillin; ampicillin; cefalotin	
k141_662943_15 # 13390 # 16767 # -1 # ID=76041_15;partial=00;start_type=ATG;rbs_motif=GGA/GAG/AGG;rbs_spacer=5-10bp;gc_cont=0.600	k141_662943	13390	16767	-	Strict	750	802.0	adeF	43.13	3000777	protein homolog model	n/a	n/a	fluoroquinolone antibiotic; tetracycline antibiotic	antibiotic efflux	resistance-nodulation-cell division (RND) antibiotic efflux pump	106.23	gnl|BL_ORD_ID|133|hsp_num:0	153			6	3165	tetracycline	
k141_41004_3 # 543 # 1007 # -1 # ID=77375_3;partial=01;start_type=Edge;rbs_motif=None;rbs_spacer=None;gc_cont=0.535	k141_41004	543	1007	-	Strict	50	98.6	vanY gene in vanB cluster	36.84	3002956	protein homolog model	n/a	n/a	glycopeptide antibiotic	antibiotic target alteration	vanY; glycopeptide resistance gene cluster	57.46	gnl|BL_ORD_ID|603|hsp_num:0	556			360	792	vancomycin	
k141_486380_2 # 280 # 1044 # -1 # ID=77774_2;partial=01;start_type=Edge;rbs_motif=None;rbs_spacer=None;gc_cont=0.583	k141_486380	280	1044	-	Strict	50	69.7	vanW gene in vanI cluster	31.4	3003724	protein homolog model	n/a	n/a	glycopeptide antibiotic	antibiotic target alteration	vanW; glycopeptide resistance gene cluster	68.10	gnl|BL_ORD_ID|4747|hsp_num:0	2242			525	1023	vancomycin; teicoplanin	
k141_309195_1 # 3 # 770 # -1 # ID=78883_1;partial=10;start_type=ATG;rbs_motif=GGA/GAG/AGG;rbs_spacer=5-10bp;gc_cont=0.430	k141_309195	3	770	-	Strict	50	143.3	vanW gene in vanG cluster	31.97	3002965	protein homolog model	n/a	n/a	glycopeptide antibiotic	antibiotic target alteration	vanW; glycopeptide resistance gene cluster	91.10	gnl|BL_ORD_ID|4742|hsp_num:0	1622			15	747	vancomycin	
k141_487052_1 # 1 # 2820 # -1 # ID=79014_1;partial=11;start_type=Edge;rbs_motif=None;rbs_spacer=None;gc_cont=0.592	k141_487052	1	2820	-	Strict	750	784.6	adeF	46.47	3000777	protein homolog model	n/a	n/a	fluoroquinolone antibiotic; tetracycline antibiotic	antibiotic efflux	resistance-nodulation-cell division (RND) antibiotic efflux pump	88.76	gnl|BL_ORD_ID|133|hsp_num:0	153			201	3036	tetracycline	
k141_664789_2 # 345 # 1079 # 1 # ID=79324_2;partial=00;start_type=ATG;rbs_motif=AGGAG;rbs_spacer=5-10bp;gc_cont=0.265	k141_664789	345	1079	+	Strict	400	465.7	ErmG	93.85	3000522	protein homolog model	n/a	n/a	macrolide antibiotic; lincosamide antibiotic; streptogramin antibiotic; streptogramin A antibiotic; streptogramin B antibiotic	antibiotic target alteration	Erm 23S ribosomal RNA methyltransferase	100.00	gnl|BL_ORD_ID|916|hsp_num:0	989			0	732	erythromycin; roxithromycin; lincomycin; telithromycin; clarithromycin; clindamycin; tylosin; spiramycin; azithromycin; dirithromycin; pristinamycin IA; quinupristin; virginiamycin M1; madumycin II; griseoviridin; dalfopristin; pristinamycin IB; virginiamycin S2; pristinamycin IC; vernamycin C; patricin A; patricin B; ostreogrycin B3; oleandomycin	
k141_309702_3 # 1353 # 1847 # 1 # ID=79824_3;partial=00;start_type=ATG;rbs_motif=GGAG/GAGG;rbs_spacer=5-10bp;gc_cont=0.335	k141_309702	1353	1847	+	Strict	300	343.6	lnuC	98.17	3002837	protein homolog model	n/a	n/a	lincosamide antibiotic	antibiotic inactivation	lincosamide nucleotidyltransferase (LNU)	100.00	gnl|BL_ORD_ID|344|hsp_num:0	376			0	492	lincomycin	
k141_133529_2 # 626 # 1852 # -1 # ID=80522_2;partial=00;start_type=ATG;rbs_motif=GGA/GAG/AGG;rbs_spacer=5-10bp;gc_cont=0.306	k141_133529	626	1852	-	Strict	400	810.1	EreD	98.77	3004608	protein homolog model	n/a	n/a	macrolide antibiotic	antibiotic inactivation	macrolide esterase	100.00	gnl|BL_ORD_ID|1194|hsp_num:0	3305			0	1224	erythromycin	
k141_397398_4 # 3618 # 4745 # -1 # ID=80678_4;partial=00;start_type=ATG;rbs_motif=None;rbs_spacer=None;gc_cont=0.716	k141_397398	3618	4745	-	Strict	175	183.0	vanT gene in vanG cluster	32.84	3002972	protein homolog model	n/a	n/a	glycopeptide antibiotic	antibiotic target alteration	glycopeptide resistance gene cluster; vanT	52.67	gnl|BL_ORD_ID|1523|hsp_num:0	1561			1110	2118	vancomycin	
k141_665896_2 # 715 # 924 # -1 # ID=81298_2;partial=00;start_type=ATG;rbs_motif=AGGAG;rbs_spacer=5-10bp;gc_cont=0.557	k141_665896	715	924	-	Strict	100	100.9	rsmA	83.05	3005069	protein homolog model	n/a	n/a	fluoroquinolone antibiotic; diaminopyrimidine antibiotic; phenicol antibiotic	antibiotic efflux	resistance-nodulation-cell division (RND) antibiotic efflux pump	113.11	gnl|BL_ORD_ID|2793|hsp_num:0	3807			0	177	trimethoprim; chloramphenicol	
k141_310611_1 # 3 # 1097 # -1 # ID=81539_1;partial=10;start_type=GTG;rbs_motif=AGxAGG/AGGxGG;rbs_spacer=5-10bp;gc_cont=0.480	k141_310611	3	1097	-	Strict	50	75.9	vanW gene in vanI cluster	31.46	3003724	protein homolog model	n/a	n/a	glycopeptide antibiotic	antibiotic target alteration	vanW; glycopeptide resistance gene cluster	97.86	gnl|BL_ORD_ID|4747|hsp_num:0	2242			336	939	vancomycin; teicoplanin	
k141_310611_2 # 1287 # 2789 # -1 # ID=81539_2;partial=00;start_type=ATG;rbs_motif=AGGA/GGAG/GAGG;rbs_spacer=11-12bp;gc_cont=0.505	k141_310611	1287	2789	-	Strict	50	103.6	vanW gene in vanI cluster	35.08	3003724	protein homolog model	n/a	n/a	glycopeptide antibiotic	antibiotic target alteration	vanW; glycopeptide resistance gene cluster	134.05	gnl|BL_ORD_ID|4747|hsp_num:0	2242			462	1008	vancomycin; teicoplanin	
k141_134414_2 # 367 # 699 # -1 # ID=82049_2;partial=00;start_type=ATG;rbs_motif=AGGA;rbs_spacer=5-10bp;gc_cont=0.535	k141_134414	367	699	-	Strict	75	94.0	qacG	43.27	3007015	protein homolog model	n/a	n/a	disinfecting agents and antiseptics	antibiotic efflux	small multidrug resistance (SMR) antibiotic efflux pump	102.80	gnl|BL_ORD_ID|4662|hsp_num:0	5731			6	318	benzalkonium chloride	
k141_666664_1 # 351 # 1088 # 1 # ID=82846_1;partial=01;start_type=ATG;rbs_motif=TAA;rbs_spacer=4bp;gc_cont=0.404	k141_666664	351	1088	+	Strict	300	431.4	tet(Q)	89.43	3000191	protein homolog model	n/a	n/a	tetracycline antibiotic	antibiotic target protection	tetracycline-resistant ribosomal protection protein	37.44	gnl|BL_ORD_ID|1220|hsp_num:0	1183			48	786	tetracycline; doxycycline; minocycline; chlortetracycline; demeclocycline; oxytetracycline	
k141_135418_239 # 234672 # 237830 # -1 # ID=84660_239;partial=00;start_type=ATG;rbs_motif=None;rbs_spacer=None;gc_cont=0.686	k141_135418	234672	237830	-	Strict	750	750.0	adeF	42.08	3000777	protein homolog model	n/a	n/a	fluoroquinolone antibiotic; tetracycline antibiotic	antibiotic efflux	resistance-nodulation-cell division (RND) antibiotic efflux pump	99.34	gnl|BL_ORD_ID|133|hsp_num:0	153			0	3096	tetracycline	
k141_45120_3 # 868 # 1188 # -1 # ID=84734_3;partial=00;start_type=ATG;rbs_motif=GGAGG;rbs_spacer=5-10bp;gc_cont=0.380	k141_45120	868	1188	-	Strict	75	81.3	qacJ	38.1	3007014	protein homolog model	n/a	n/a	disinfecting agents and antiseptics	antibiotic efflux	small multidrug resistance (SMR) antibiotic efflux pump	99.07	gnl|BL_ORD_ID|4661|hsp_num:0	5730			0	315	benzalkonium chloride	
k141_490702_3 # 1054 # 2196 # 1 # ID=85424_3;partial=00;start_type=ATG;rbs_motif=AGGA;rbs_spacer=5-10bp;gc_cont=0.601	k141_490702	1054	2196	+	Strict	50	110.5	vanY gene in vanF cluster	27.3	3002958	protein homolog model	n/a	n/a	glycopeptide antibiotic	antibiotic target alteration	vanY; glycopeptide resistance gene cluster	129.69	gnl|BL_ORD_ID|1809|hsp_num:0	1899			141	867	vancomycin	
k141_579683_3 # 2938 # 4095 # -1 # ID=85599_3;partial=00;start_type=ATG;rbs_motif=AGxAGG/AGGxGG;rbs_spacer=5-10bp;gc_cont=0.442	k141_579683	2938	4095	-	Strict	175	217.6	vanT gene in vanG cluster	37.67	3002972	protein homolog model	n/a	n/a	glycopeptide antibiotic	antibiotic target alteration	glycopeptide resistance gene cluster; vanT	54.07	gnl|BL_ORD_ID|1523|hsp_num:0	1561			1035	2118	vancomycin	
k141_400308_3 # 1049 # 1318 # -1 # ID=85662_3;partial=01;start_type=Edge;rbs_motif=None;rbs_spacer=None;gc_cont=0.504	k141_400308	1049	1318	-	Strict	75	78.6	qacG	42.53	3007015	protein homolog model	n/a	n/a	disinfecting agents and antiseptics	antibiotic efflux	small multidrug resistance (SMR) antibiotic efflux pump	83.18	gnl|BL_ORD_ID|4662|hsp_num:0	5731			57	318	benzalkonium chloride	
k141_46289_33 # 35970 # 37154 # -1 # ID=86598_33;partial=00;start_type=ATG;rbs_motif=GGAG/GAGG;rbs_spacer=5-10bp;gc_cont=0.469	k141_46289	35970	37154	-	Strict	175	197.6	vanT gene in vanG cluster	34.78	3002972	protein homolog model	n/a	n/a	glycopeptide antibiotic	antibiotic target alteration	glycopeptide resistance gene cluster; vanT	55.34	gnl|BL_ORD_ID|1523|hsp_num:0	1561			1044	2049	vancomycin	
k141_668895_3 # 458 # 1378 # 1 # ID=86890_3;partial=00;start_type=ATG;rbs_motif=AGGAG;rbs_spacer=5-10bp;gc_cont=0.439	k141_668895	458	1378	+	Strict	550	616.7	APH(2'')-IIIa	99.67	3002636	protein homolog model	n/a	n/a	aminoglycoside antibiotic	antibiotic inactivation	APH(2'')	100.00	gnl|BL_ORD_ID|935|hsp_num:0	1013			0	918	amikacin; kanamycin A; tobramycin; gentamicin A; gentamicin	
k141_491862_3 # 3219 # 3878 # -1 # ID=87490_3;partial=00;start_type=ATG;rbs_motif=AGGAGG;rbs_spacer=5-10bp;gc_cont=0.355	k141_491862	3219	3878	-	Strict	400	465.7	catQ	99.54	3002687	protein homolog model	n/a	n/a	phenicol antibiotic	antibiotic inactivation	chloramphenicol acetyltransferase (CAT)	100.00	gnl|BL_ORD_ID|1498|hsp_num:0	1633			0	657	azidamfenicol; chloramphenicol; thiamphenicol	
k141_671295_2 # 741 # 1433 # 1 # ID=90905_2;partial=00;start_type=ATG;rbs_motif=TAA;rbs_spacer=7bp;gc_cont=0.307	k141_671295	741	1433	+	Strict	50	118.2	vanW gene in vanG cluster	36.08	3002965	protein homolog model	n/a	n/a	glycopeptide antibiotic	antibiotic target alteration	vanW; glycopeptide resistance gene cluster	81.85	gnl|BL_ORD_ID|4742|hsp_num:0	1622			126	708	vancomycin	
k141_403229_3 # 1098 # 1562 # 1 # ID=91656_3;partial=00;start_type=ATG;rbs_motif=GGAG/GAGG;rbs_spacer=5-10bp;gc_cont=0.682	k141_403229	1098	1562	+	Strict	200	205.7	Pseudomonas aeruginosa soxR	69.72	3004107	protein homolog model	n/a	n/a	fluoroquinolone antibiotic; cephalosporin; glycylcycline; penam; tetracycline antibiotic; rifamycin antibiotic; phenicol antibiotic; disinfecting agents and antiseptics	antibiotic target alteration; antibiotic efflux	ATP-binding cassette (ABC) antibiotic efflux pump; major facilitator superfamily (MFS) antibiotic efflux pump; resistance-nodulation-cell division (RND) antibiotic efflux pump	98.72	gnl|BL_ORD_ID|2396|hsp_num:0	2775			24	450	tigecycline; ciprofloxacin; acriflavine; tetracycline; rifampin; chloramphenicol; ampicillin; norfloxacin; cefalotin; triclosan	
k141_49022_8 # 5483 # 8689 # -1 # ID=91823_8;partial=00;start_type=ATG;rbs_motif=AGxAGG/AGGxGG;rbs_spacer=5-10bp;gc_cont=0.576	k141_49022	5483	8689	-	Strict	750	795.4	adeF	43.74	3000777	protein homolog model	n/a	n/a	fluoroquinolone antibiotic; tetracycline antibiotic	antibiotic efflux	resistance-nodulation-cell division (RND) antibiotic efflux pump	100.85	gnl|BL_ORD_ID|133|hsp_num:0	153			15	3120	tetracycline	
k141_672214_2 # 1642 # 2505 # 1 # ID=92521_2;partial=00;start_type=ATG;rbs_motif=TAAA;rbs_spacer=15bp;gc_cont=0.316	k141_672214	1642	2505	+	Perfect	500	587.0	aadS	100.0	3004683	protein homolog model	n/a	n/a	aminoglycoside antibiotic	antibiotic inactivation	ANT(6)	100.00	gnl|BL_ORD_ID|2238|hsp_num:0	3382			0	861	streptomycin	
k141_229507_1 # 3 # 1031 # -1 # ID=93528_1;partial=11;start_type=Edge;rbs_motif=None;rbs_spacer=None;gc_cont=0.560	k141_229507	3	1031	-	Strict	50	81.3	vanW gene in vanI cluster	27.65	3003724	protein homolog model	n/a	n/a	glycopeptide antibiotic	antibiotic target alteration	vanW; glycopeptide resistance gene cluster	91.96	gnl|BL_ORD_ID|4747|hsp_num:0	2242			291	1107	vancomycin; teicoplanin	
k141_49888_2 # 523 # 1017 # -1 # ID=93554_2;partial=00;start_type=ATG;rbs_motif=GGAG/GAGG;rbs_spacer=5-10bp;gc_cont=0.325	k141_49888	523	1017	-	Perfect	300	332.4	dfrF	100.0	3002867	protein homolog model	n/a	n/a	diaminopyrimidine antibiotic	antibiotic target replacement	trimethoprim resistant dihydrofolate reductase dfr	100.00	gnl|BL_ORD_ID|3|hsp_num:0	5			0	492	trimethoprim	
k141_496145_14 # 14828 # 18028 # 1 # ID=94997_14;partial=00;start_type=ATG;rbs_motif=GGAGG;rbs_spacer=5-10bp;gc_cont=0.545	k141_496145	14828	18028	+	Strict	750	760.4	adeF	41.8	3000777	protein homolog model	n/a	n/a	fluoroquinolone antibiotic; tetracycline antibiotic	antibiotic efflux	resistance-nodulation-cell division (RND) antibiotic efflux pump	100.66	gnl|BL_ORD_ID|133|hsp_num:0	153			6	3177	tetracycline	
k141_405225_7 # 4824 # 6608 # -1 # ID=95345_7;partial=00;start_type=ATG;rbs_motif=GGAG/GAGG;rbs_spacer=5-10bp;gc_cont=0.385	k141_405225	4824	6608	-	Strict	750	779.6	patB	67.68	3000025	protein homolog model	n/a	n/a	fluoroquinolone antibiotic	antibiotic efflux	ATP-binding cassette (ABC) antibiotic efflux pump	101.02	gnl|BL_ORD_ID|1912|hsp_num:0	2112			0	1764	ciprofloxacin; norfloxacin	
k141_141873_5 # 5112 # 6191 # 1 # ID=96346_5;partial=00;start_type=ATG;rbs_motif=GGA/GAG/AGG;rbs_spacer=5-10bp;gc_cont=0.250	k141_141873	5112	6191	+	Strict	175	179.5	vanT gene in vanG cluster	30.6	3002972	protein homolog model	n/a	n/a	glycopeptide antibiotic	antibiotic target alteration	glycopeptide resistance gene cluster; vanT	50.42	gnl|BL_ORD_ID|1523|hsp_num:0	1561			1029	2118	vancomycin	
k141_405845_4 # 2395 # 5550 # -1 # ID=96442_4;partial=00;start_type=ATG;rbs_motif=GGAG/GAGG;rbs_spacer=5-10bp;gc_cont=0.609	k141_405845	2395	5550	-	Strict	750	784.6	adeF	43.67	3000777	protein homolog model	n/a	n/a	fluoroquinolone antibiotic; tetracycline antibiotic	antibiotic efflux	resistance-nodulation-cell division (RND) antibiotic efflux pump	99.24	gnl|BL_ORD_ID|133|hsp_num:0	153			6	3111	tetracycline	
k141_318519_2 # 210 # 2321 # 1 # ID=96816_2;partial=01;start_type=ATG;rbs_motif=GGA/GAG/AGG;rbs_spacer=5-10bp;gc_cont=0.444	k141_318519	210	2321	+	Strict	750	788.9	adeF	59.06	3000777	protein homolog model	n/a	n/a	fluoroquinolone antibiotic; tetracycline antibiotic	antibiotic efflux	resistance-nodulation-cell division (RND) antibiotic efflux pump	66.48	gnl|BL_ORD_ID|133|hsp_num:0	153			3	2103	tetracycline	
k141_52421_51 # 59649 # 62780 # 1 # ID=98120_51;partial=00;start_type=ATG;rbs_motif=GGA/GAG/AGG;rbs_spacer=5-10bp;gc_cont=0.645	k141_52421	59649	62780	+	Strict	750	817.8	adeF	44.01	3000777	protein homolog model	n/a	n/a	fluoroquinolone antibiotic; tetracycline antibiotic	antibiotic efflux	resistance-nodulation-cell division (RND) antibiotic efflux pump	98.49	gnl|BL_ORD_ID|133|hsp_num:0	153			6	3120	tetracycline	
k141_143046_1 # 3 # 884 # -1 # ID=98329_1;partial=10;start_type=ATG;rbs_motif=GGAG/GAGG;rbs_spacer=5-10bp;gc_cont=0.430	k141_143046	3	884	-	Strict	500	513.1	leuO	86.05	3003843	protein homolog model	n/a	n/a	nucleoside antibiotic; disinfecting agents and antiseptics	antibiotic efflux	major facilitator superfamily (MFS) antibiotic efflux pump	93.63	gnl|BL_ORD_ID|4927|hsp_num:0	5921			0	879	acriflavine; puromycin	
k141_319971_29 # 33949 # 34848 # 1 # ID=99498_29;partial=00;start_type=ATG;rbs_motif=None;rbs_spacer=None;gc_cont=0.398	k141_319971	33949	34848	+	Strict	500	526.2	CARB-9	94.1	3002248	protein homolog model	n/a	n/a	penam	antibiotic inactivation	CARB beta-lactamase	103.82	gnl|BL_ORD_ID|717|hsp_num:0	780			0	864		
k141_53928_3 # 1514 # 2410 # 1 # ID=100520_3;partial=00;start_type=ATG;rbs_motif=TAA;rbs_spacer=6bp;gc_cont=0.426	k141_53928	1514	2410	+	Strict	500	568.9	CARB-5	96.64	3002244	protein homolog model	n/a	n/a	penam	antibiotic inactivation	CARB beta-lactamase	100.00	gnl|BL_ORD_ID|7|hsp_num:0	10			0	894		
k141_53946_2 # 255 # 1013 # 1 # ID=100560_2;partial=00;start_type=ATG;rbs_motif=None;rbs_spacer=None;gc_cont=0.403	k141_53946	255	1013	+	Strict	50	86.7	vanY gene in vanB cluster	42.06	3002956	protein homolog model	n/a	n/a	glycopeptide antibiotic	antibiotic target alteration	vanY; glycopeptide resistance gene cluster	94.03	gnl|BL_ORD_ID|603|hsp_num:0	556			426	789	vancomycin	
k141_144418_1 # 3 # 605 # 1 # ID=100769_1;partial=10;start_type=Edge;rbs_motif=None;rbs_spacer=None;gc_cont=0.443	k141_144418	3	605	+	Strict	200	405.2	ANT(3'')-IIc	99.5	3004091	protein homolog model	n/a	n/a	aminoglycoside antibiotic	antibiotic inactivation	ANT(3'')	77.22	gnl|BL_ORD_ID|2358|hsp_num:0	2755			177	777	spectinomycin; streptomycin	
k141_234128_2 # 900 # 1430 # -1 # ID=101505_2;partial=00;start_type=ATG;rbs_motif=GGAG/GAGG;rbs_spacer=5-10bp;gc_cont=0.493	k141_234128	900	1430	-	Perfect	280	349.0	emrR	100.0	3000516	protein homolog model	n/a	n/a	fluoroquinolone antibiotic	antibiotic efflux	major facilitator superfamily (MFS) antibiotic efflux pump	100.00	gnl|BL_ORD_ID|1226|hsp_num:0	1330			0	528	nalidixic acid	
k141_234326_2 # 388 # 1281 # -1 # ID=101803_2;partial=00;start_type=TTG;rbs_motif=AGGA/GGAG/GAGG;rbs_spacer=11-12bp;gc_cont=0.496	k141_234326	388	1281	-	Strict	50	144.4	vanY gene in vanG cluster	42.19	3002959	protein homolog model	n/a	n/a	glycopeptide antibiotic	antibiotic target alteration	vanY; glycopeptide resistance gene cluster	106.45	gnl|BL_ORD_ID|4731|hsp_num:0	298			291	834	vancomycin	
k141_678190_4 # 1849 # 4959 # 1 # ID=103165_4;partial=00;start_type=ATG;rbs_motif=GGxGG;rbs_spacer=5-10bp;gc_cont=0.644	k141_678190	1849	4959	+	Strict	750	807.0	adeF	43.73	3000777	protein homolog model	n/a	n/a	fluoroquinolone antibiotic; tetracycline antibiotic	antibiotic efflux	resistance-nodulation-cell division (RND) antibiotic efflux pump	97.83	gnl|BL_ORD_ID|133|hsp_num:0	153			6	3141	tetracycline	
k141_678412_2 # 1187 # 2401 # 1 # ID=103551_2;partial=00;start_type=ATG;rbs_motif=GGAG/GAGG;rbs_spacer=5-10bp;gc_cont=0.587	k141_678412	1187	2401	+	Perfect	750	750.0	cmlA9	100.0	3005043	protein homolog model	n/a	n/a	phenicol antibiotic	antibiotic efflux	major facilitator superfamily (MFS) antibiotic efflux pump	100.00	gnl|BL_ORD_ID|2774|hsp_num:0	3786			0	1212	chloramphenicol	
k141_501003_1 # 26 # 1108 # -1 # ID=103714_1;partial=01;start_type=Edge;rbs_motif=None;rbs_spacer=None;gc_cont=0.429	k141_501003	26	1108	-	Strict	200	201.4	vanH gene in vanB cluster	36.59	3002943	protein homolog model	n/a	n/a	glycopeptide antibiotic	antibiotic target alteration	vanH; glycopeptide resistance gene cluster	111.46	gnl|BL_ORD_ID|4674|hsp_num:0	626			12	948	vancomycin	
k141_410088_3 # 1226 # 2431 # 1 # ID=103792_3;partial=00;start_type=ATG;rbs_motif=AGGAG;rbs_spacer=5-10bp;gc_cont=0.664	k141_410088	1226	2431	+	Strict	175	196.4	vanT gene in vanG cluster	34.13	3002972	protein homolog model	n/a	n/a	glycopeptide antibiotic	antibiotic target alteration	glycopeptide resistance gene cluster; vanT	56.32	gnl|BL_ORD_ID|1523|hsp_num:0	1561			1035	2118	vancomycin	
k141_56212_1 # 3 # 1187 # -1 # ID=104333_1;partial=10;start_type=ATG;rbs_motif=GGAG/GAGG;rbs_spacer=5-10bp;gc_cont=0.330	k141_56212	3	1187	-	Strict	200	399.1	vanT gene in vanE cluster	54.29	3002971	protein homolog model	n/a	n/a	glycopeptide antibiotic	antibiotic target alteration	glycopeptide resistance gene cluster; vanT	56.27	gnl|BL_ORD_ID|4681|hsp_num:0	1308			0	1176	vancomycin	
k141_56212_2 # 1177 # 1755 # -1 # ID=104333_2;partial=00;start_type=ATG;rbs_motif=GGAGG;rbs_spacer=5-10bp;gc_cont=0.370	k141_56212	1177	1755	-	Strict	125	258.5	vanXY gene in vanE cluster	61.7	3002967	protein homolog model	n/a	n/a	glycopeptide antibiotic	antibiotic target alteration	glycopeptide resistance gene cluster; vanXY	99.48	gnl|BL_ORD_ID|604|hsp_num:0	559			12	576	vancomycin	
k141_323081_1 # 2 # 814 # 1 # ID=105121_1;partial=10;start_type=Edge;rbs_motif=None;rbs_spacer=None;gc_cont=0.426	k141_323081	2	814	+	Strict	50	119.4	vanY gene in vanB cluster	34.8	3002956	protein homolog model	n/a	n/a	glycopeptide antibiotic	antibiotic target alteration	vanY; glycopeptide resistance gene cluster	100.75	gnl|BL_ORD_ID|603|hsp_num:0	556			204	792	vancomycin	
k141_58681_3 # 2526 # 2930 # -1 # ID=108317_3;partial=00;start_type=GTG;rbs_motif=GGAGG;rbs_spacer=5-10bp;gc_cont=0.360	k141_58681	2526	2930	-	Strict	150	178.7	FosXCC	61.94	3003208	protein homolog model	n/a	n/a	phosphonic acid antibiotic	antibiotic inactivation	fosfomycin thiol transferase	95.04	gnl|BL_ORD_ID|4903|hsp_num:0	5895			15	414	fosfomycin	
k141_239147_1 # 103 # 966 # 1 # ID=109519_1;partial=00;start_type=ATG;rbs_motif=None;rbs_spacer=None;gc_cont=0.531	k141_239147	103	966	+	Perfect	550	565.8	GES-5	100.0	3002334	protein homolog model	n/a	n/a	carbapenem; cephalosporin; penam	antibiotic inactivation	GES beta-lactamase	100.00	gnl|BL_ORD_ID|1242|hsp_num:0	1353			0	861		
k141_682486_3 # 2275 # 3108 # -1 # ID=110341_3;partial=00;start_type=ATG;rbs_motif=AGGAG/GGAGG;rbs_spacer=11-12bp;gc_cont=0.602	k141_682486	2275	3108	-	Strict	50	88.2	vanY gene in vanF cluster	33.97	3002958	protein homolog model	n/a	n/a	glycopeptide antibiotic	antibiotic target alteration	vanY; glycopeptide resistance gene cluster	94.54	gnl|BL_ORD_ID|1809|hsp_num:0	1899			306	708	vancomycin	
k141_59960_2 # 269 # 1123 # 1 # ID=110735_2;partial=00;start_type=ATG;rbs_motif=AGGAGG;rbs_spacer=5-10bp;gc_cont=0.421	k141_59960	269	1123	+	Perfect	400	572.0	ACI-1	100.0	3004359	protein homolog model	n/a	n/a	cephalosporin; penam; penem	antibiotic inactivation	ACI beta-lactamase	100.00	gnl|BL_ORD_ID|2483|hsp_num:0	2874			0	852	penicillin; ceftazidime; amoxicillin; cefotaxime; ticarcillin	
k141_59960_4 # 2524 # 3000 # 1 # ID=110735_4;partial=00;start_type=GTG;rbs_motif=GGAGG;rbs_spacer=5-10bp;gc_cont=0.327	k141_59960	2524	3000	+	Strict	150	176.0	FosXCC	62.88	3003208	protein homolog model	n/a	n/a	phosphonic acid antibiotic	antibiotic inactivation	fosfomycin thiol transferase	112.06	gnl|BL_ORD_ID|4903|hsp_num:0	5895			15	408	fosfomycin	
k141_682773_2 # 448 # 3246 # 1 # ID=110893_2;partial=01;start_type=ATG;rbs_motif=GGA/GAG/AGG;rbs_spacer=5-10bp;gc_cont=0.660	k141_682773	448	3246	+	Strict	750	1033.5	adeF	59.72	3000777	protein homolog model	n/a	n/a	fluoroquinolone antibiotic; tetracycline antibiotic	antibiotic efflux	resistance-nodulation-cell division (RND) antibiotic efflux pump	88.10	gnl|BL_ORD_ID|133|hsp_num:0	153			0	2796	tetracycline	
k141_326476_3 # 2184 # 3149 # 1 # ID=111529_3;partial=00;start_type=ATG;rbs_motif=TAA;rbs_spacer=11bp;gc_cont=0.356	k141_326476	2184	3149	+	Strict	600	627.5	CfxA2	99.69	3003002	protein homolog model	n/a	n/a	cephamycin	antibiotic inactivation	CfxA beta-lactamase	100.00	gnl|BL_ORD_ID|159|hsp_num:0	174			0	963		
k141_61217_2 # 144 # 476 # 1 # ID=112682_2;partial=00;start_type=ATG;rbs_motif=None;rbs_spacer=None;gc_cont=0.649	k141_61217	144	476	+	Strict	75	94.0	qacG	43.27	3007015	protein homolog model	n/a	n/a	disinfecting agents and antiseptics	antibiotic efflux	small multidrug resistance (SMR) antibiotic efflux pump	102.80	gnl|BL_ORD_ID|4662|hsp_num:0	5731			6	318	benzalkonium chloride	
k141_596292_7 # 5297 # 5893 # 1 # ID=114598_7;partial=01;start_type=ATG;rbs_motif=AGGAG/GGAGG;rbs_spacer=11-12bp;gc_cont=0.358	k141_596292	5297	5893	+	Strict	50	83.6	vanY gene in vanB cluster	31.95	3002956	protein homolog model	n/a	n/a	glycopeptide antibiotic	antibiotic target alteration	vanY; glycopeptide resistance gene cluster	74.25	gnl|BL_ORD_ID|603|hsp_num:0	556			201	663	vancomycin	
k141_152236_4 # 3669 # 4736 # -1 # ID=114899_4;partial=00;start_type=ATG;rbs_motif=GGTG;rbs_spacer=7bp;gc_cont=0.508	k141_152236	3669	4736	-	Strict	250	290.8	vanG	42.17	3002909	protein homolog model	n/a	n/a	glycopeptide antibiotic	antibiotic target alteration	glycopeptide resistance gene cluster; Van ligase	101.72	gnl|BL_ORD_ID|1070|hsp_num:0	1157			9	1047	vancomycin	
k141_596553_1 # 269 # 892 # -1 # ID=115023_1;partial=00;start_type=ATG;rbs_motif=GGAGG;rbs_spacer=5-10bp;gc_cont=0.373	k141_596553	269	892	-	Strict	350	434.9	Campylobacter coli chloramphenicol acetyltransferase	96.62	3004454	protein homolog model	n/a	n/a	phenicol antibiotic	antibiotic inactivation	chloramphenicol acetyltransferase (CAT)	100.00	gnl|BL_ORD_ID|2502|hsp_num:0	2893			0	621	chloramphenicol	
k141_152409_2 # 514 # 1035 # -1 # ID=115197_2;partial=01;start_type=Edge;rbs_motif=None;rbs_spacer=None;gc_cont=0.567	k141_152409	514	1035	-	Strict	50	62.4	vanW gene in vanI cluster	33.59	3003724	protein homolog model	n/a	n/a	glycopeptide antibiotic	antibiotic target alteration	vanW; glycopeptide resistance gene cluster	46.38	gnl|BL_ORD_ID|4747|hsp_num:0	2242			612	978	vancomycin; teicoplanin	
k141_416911_3 # 1135 # 1854 # 1 # ID=115503_3;partial=00;start_type=ATG;rbs_motif=GGAGG;rbs_spacer=5-10bp;gc_cont=0.657	k141_416911	1135	1854	+	Strict	50	52.0	vanY gene in vanF cluster	31.62	3002958	protein homolog model	n/a	n/a	glycopeptide antibiotic	antibiotic target alteration	vanY; glycopeptide resistance gene cluster	81.57	gnl|BL_ORD_ID|1809|hsp_num:0	1899			312	654	vancomycin	
k141_685533_1 # 416 # 1642 # -1 # ID=115790_1;partial=00;start_type=ATG;rbs_motif=AGGA;rbs_spacer=5-10bp;gc_cont=0.500	k141_685533	416	1642	-	Perfect	700	800.8	EreA2	100.0	3002826	protein homolog model	n/a	n/a	macrolide antibiotic	antibiotic inactivation	macrolide esterase	100.00	gnl|BL_ORD_ID|1398|hsp_num:0	1518			0	1224	erythromycin	
k141_685533_2 # 1757 # 2557 # -1 # ID=115790_2;partial=00;start_type=ATG;rbs_motif=AGGA;rbs_spacer=5-10bp;gc_cont=0.491	k141_685533	1757	2557	-	Perfect	500	548.5	OXA-205	100.0	3001483	protein homolog model	n/a	n/a	carbapenem; cephalosporin; penam	antibiotic inactivation	OXA beta-lactamase	100.00	gnl|BL_ORD_ID|1440|hsp_num:0	1572			0	798	cloxacillin; oxacillin; cefalotin	
k141_63194_1 # 220 # 1017 # 1 # ID=116091_1;partial=00;start_type=ATG;rbs_motif=GGA/GAG/AGG;rbs_spacer=11-12bp;gc_cont=0.546	k141_63194	220	1017	+	Strict	450	512.3	aadA7	98.87	3002607	protein homolog model	n/a	n/a	aminoglycoside antibiotic	antibiotic inactivation	ANT(3'')	100.00	gnl|BL_ORD_ID|1342|hsp_num:0	1464			0	795	spectinomycin; streptomycin	
k141_63194_2 # 1094 # 1894 # 1 # ID=116091_2;partial=00;start_type=ATG;rbs_motif=AGGA;rbs_spacer=5-10bp;gc_cont=0.472	k141_63194	1094	1894	+	Perfect	500	551.2	OXA-732	100.0	3005937	protein homolog model	n/a	n/a	carbapenem; cephalosporin; penam	antibiotic inactivation	OXA beta-lactamase	100.00	gnl|BL_ORD_ID|3973|hsp_num:0	5042			0	798	cloxacillin; oxacillin; cefalotin	
k141_63194_3 # 2048 # 2380 # 1 # ID=116091_3;partial=00;start_type=GTG;rbs_motif=AGGAG;rbs_spacer=5-10bp;gc_cont=0.517	k141_63194	2048	2380	+	Strict	180	203.4	qacL	93.64	3005098	protein homolog model	n/a	n/a	disinfecting agents and antiseptics	antibiotic efflux	small multidrug resistance (SMR) antibiotic efflux pump	100.00	gnl|BL_ORD_ID|2815|hsp_num:0	3830			0	330		
k141_508433_2 # 402 # 1202 # 1 # ID=116634_2;partial=00;start_type=ATG;rbs_motif=AGxAG;rbs_spacer=5-10bp;gc_cont=0.409	k141_508433	402	1202	+	Strict	500	528.1	OXA-35	99.62	3001429	protein homolog model	n/a	n/a	carbapenem; cephalosporin; penam	antibiotic inactivation	OXA beta-lactamase	100.00	gnl|BL_ORD_ID|64|hsp_num:0	73			0	798	cloxacillin; oxacillin; cefalotin	
k141_509669_38 # 43913 # 45469 # 1 # ID=118762_38;partial=00;start_type=ATG;rbs_motif=None;rbs_spacer=None;gc_cont=0.451	k141_509669	43913	45469	+	Strict	50	122.5	vanW gene in vanI cluster	31.12	3003724	protein homolog model	n/a	n/a	glycopeptide antibiotic	antibiotic target alteration	vanW; glycopeptide resistance gene cluster	138.87	gnl|BL_ORD_ID|4747|hsp_num:0	2242			114	1050	vancomycin; teicoplanin	
k141_331098_2 # 1136 # 1375 # -1 # ID=119530_2;partial=01;start_type=Edge;rbs_motif=None;rbs_spacer=None;gc_cont=0.454	k141_331098	1136	1375	-	Strict	50	77.4	vanY gene in vanM cluster	56.14	3002961	protein homolog model	n/a	n/a	glycopeptide antibiotic	antibiotic target alteration	vanY; glycopeptide resistance gene cluster	33.91	gnl|BL_ORD_ID|1674|hsp_num:0	1713			360	531	vancomycin; teicoplanin	
k141_154856_1 # 3 # 1271 # -1 # ID=119598_1;partial=11;start_type=Edge;rbs_motif=None;rbs_spacer=None;gc_cont=0.384	k141_154856	3	1271	-	Strict	300	589.3	tet(36)	67.46	3000197	protein homolog model	n/a	n/a	tetracycline antibiotic	antibiotic target protection	tetracycline-resistant ribosomal protection protein	66.09	gnl|BL_ORD_ID|1676|hsp_num:0	1708			471	1734	tetracycline; doxycycline; minocycline; chlortetracycline; demeclocycline; oxytetracycline	
k141_155650_1 # 1 # 1011 # 1 # ID=120969_1;partial=10;start_type=Edge;rbs_motif=None;rbs_spacer=None;gc_cont=0.645	k141_155650	1	1011	+	Strict	175	181.4	vanT gene in vanG cluster	35.4	3002972	protein homolog model	n/a	n/a	glycopeptide antibiotic	antibiotic target alteration	glycopeptide resistance gene cluster; vanT	47.19	gnl|BL_ORD_ID|1523|hsp_num:0	1561			1197	2118	vancomycin	
k141_245730_2 # 610 # 927 # -1 # ID=121116_2;partial=00;start_type=ATG;rbs_motif=GGA/GAG/AGG;rbs_spacer=5-10bp;gc_cont=0.274	k141_245730	610	927	-	Strict	75	77.0	qacJ	42.16	3007014	protein homolog model	n/a	n/a	disinfecting agents and antiseptics	antibiotic efflux	small multidrug resistance (SMR) antibiotic efflux pump	98.13	gnl|BL_ORD_ID|4661|hsp_num:0	5730			0	306	benzalkonium chloride	
k141_600011_7 # 4115 # 7246 # 1 # ID=121133_7;partial=00;start_type=ATG;rbs_motif=GGAG/GAGG;rbs_spacer=5-10bp;gc_cont=0.623	k141_600011	4115	7246	+	Strict	750	827.0	adeF	45.15	3000777	protein homolog model	n/a	n/a	fluoroquinolone antibiotic; tetracycline antibiotic	antibiotic efflux	resistance-nodulation-cell division (RND) antibiotic efflux pump	98.49	gnl|BL_ORD_ID|133|hsp_num:0	153			6	3165	tetracycline	
k141_332999_2 # 512 # 847 # -1 # ID=122982_2;partial=00;start_type=ATG;rbs_motif=GGA/GAG/AGG;rbs_spacer=11-12bp;gc_cont=0.658	k141_332999	512	847	-	Strict	75	102.4	qacG	44.76	3007015	protein homolog model	n/a	n/a	disinfecting agents and antiseptics	antibiotic efflux	small multidrug resistance (SMR) antibiotic efflux pump	103.74	gnl|BL_ORD_ID|4662|hsp_num:0	5731			3	318	benzalkonium chloride	
k141_67407_4 # 1839 # 3194 # 1 # ID=123251_4;partial=00;start_type=ATG;rbs_motif=None;rbs_spacer=None;gc_cont=0.550	k141_67407	1839	3194	+	Strict	50	112.1	vanW gene in vanI cluster	35.4	3003724	protein homolog model	n/a	n/a	glycopeptide antibiotic	antibiotic target alteration	vanW; glycopeptide resistance gene cluster	120.91	gnl|BL_ORD_ID|4747|hsp_num:0	2242			603	1083	vancomycin; teicoplanin	
k141_512231_2 # 1948 # 2865 # 1 # ID=123311_2;partial=01;start_type=ATG;rbs_motif=GGAGG;rbs_spacer=5-10bp;gc_cont=0.419	k141_512231	1948	2865	+	Strict	300	460.7	tet(M)	73.53	3000186	protein homolog model	n/a	n/a	tetracycline antibiotic	antibiotic target protection	tetracycline-resistant ribosomal protection protein	47.89	gnl|BL_ORD_ID|1675|hsp_num:0	1692			0	918	tetracycline; doxycycline; minocycline; chlortetracycline; demeclocycline; oxytetracycline	
k141_157105_18 # 21138 # 21479 # -1 # ID=123430_18;partial=00;start_type=ATG;rbs_motif=GGA/GAG/AGG;rbs_spacer=5-10bp;gc_cont=0.436	k141_157105	21138	21479	-	Strict	75	100.5	qacJ	47.12	3007014	protein homolog model	n/a	n/a	disinfecting agents and antiseptics	antibiotic efflux	small multidrug resistance (SMR) antibiotic efflux pump	105.61	gnl|BL_ORD_ID|4661|hsp_num:0	5730			6	318	benzalkonium chloride	
k141_247766_7 # 3708 # 4040 # -1 # ID=124448_7;partial=00;start_type=ATG;rbs_motif=GGAG/GAGG;rbs_spacer=5-10bp;gc_cont=0.589	k141_247766	3708	4040	-	Strict	75	86.7	qacG	42.72	3007015	protein homolog model	n/a	n/a	disinfecting agents and antiseptics	antibiotic efflux	small multidrug resistance (SMR) antibiotic efflux pump	102.80	gnl|BL_ORD_ID|4662|hsp_num:0	5731			6	315	benzalkonium chloride	
k141_690304_4 # 2525 # 3637 # -1 # ID=124723_4;partial=00;start_type=GTG;rbs_motif=AGGAG;rbs_spacer=5-10bp;gc_cont=0.394	k141_690304	2525	3637	-	Strict	175	233.8	vanT gene in vanG cluster	38.52	3002972	protein homolog model	n/a	n/a	glycopeptide antibiotic	antibiotic target alteration	glycopeptide resistance gene cluster; vanT	51.97	gnl|BL_ORD_ID|1523|hsp_num:0	1561			1035	2118	vancomycin	
k141_248046_187 # 184666 # 187851 # -1 # ID=125401_187;partial=00;start_type=ATG;rbs_motif=GGA/GAG/AGG;rbs_spacer=5-10bp;gc_cont=0.672	k141_248046	184666	187851	-	Strict	750	998.0	adeF	53.51	3000777	protein homolog model	n/a	n/a	fluoroquinolone antibiotic; tetracycline antibiotic	antibiotic efflux	resistance-nodulation-cell division (RND) antibiotic efflux pump	100.19	gnl|BL_ORD_ID|133|hsp_num:0	153			0	3099	tetracycline	
k141_513693_2 # 424 # 2505 # -1 # ID=125573_2;partial=00;start_type=ATG;rbs_motif=GGxGG;rbs_spacer=5-10bp;gc_cont=0.606	k141_513693	424	2505	-	Strict	175	595.1	vanT gene in vanG cluster	45.9	3002972	protein homolog model	n/a	n/a	glycopeptide antibiotic	antibiotic target alteration	glycopeptide resistance gene cluster; vanT	97.33	gnl|BL_ORD_ID|1523|hsp_num:0	1561			3	2127	vancomycin	
k141_513693_3 # 2492 # 3244 # -1 # ID=125573_3;partial=00;start_type=ATG;rbs_motif=GGxGG;rbs_spacer=5-10bp;gc_cont=0.625	k141_513693	2492	3244	-	Strict	125	249.6	vanXY gene in vanG cluster	47.83	3003069	protein homolog model	n/a	n/a	glycopeptide antibiotic	antibiotic target alteration	glycopeptide resistance gene cluster; vanXY	98.43	gnl|BL_ORD_ID|305|hsp_num:0	253			3	762	vancomycin	
k141_513693_4 # 3241 # 4053 # -1 # ID=125573_4;partial=01;start_type=Edge;rbs_motif=None;rbs_spacer=None;gc_cont=0.637	k141_513693	3241	4053	-	Strict	250	340.1	vanG	65.49	3002909	protein homolog model	n/a	n/a	glycopeptide antibiotic	antibiotic target alteration	glycopeptide resistance gene cluster; Van ligase	77.36	gnl|BL_ORD_ID|1070|hsp_num:0	1157			279	1044	vancomycin	
k141_691311_2 # 1016 # 2179 # 1 # ID=126587_2;partial=00;start_type=ATG;rbs_motif=None;rbs_spacer=None;gc_cont=0.537	k141_691311	1016	2179	+	Strict	50	94.7	vanW gene in vanI cluster	38.3	3003724	protein homolog model	n/a	n/a	glycopeptide antibiotic	antibiotic target alteration	vanW; glycopeptide resistance gene cluster	103.75	gnl|BL_ORD_ID|4747|hsp_num:0	2242			618	1041	vancomycin; teicoplanin	
k141_423950_1 # 3 # 3104 # -1 # ID=127253_1;partial=10;start_type=ATG;rbs_motif=GGAG/GAGG;rbs_spacer=5-10bp;gc_cont=0.690	k141_423950	3	3104	-	Strict	750	795.0	adeF	44.05	3000777	protein homolog model	n/a	n/a	fluoroquinolone antibiotic; tetracycline antibiotic	antibiotic efflux	resistance-nodulation-cell division (RND) antibiotic efflux pump	97.64	gnl|BL_ORD_ID|133|hsp_num:0	153			9	3126	tetracycline	
k141_514754_70 # 79538 # 80620 # -1 # ID=127677_70;partial=00;start_type=TTG;rbs_motif=GGA/GAG/AGG;rbs_spacer=5-10bp;gc_cont=0.393	k141_514754	79538	80620	-	Strict	50	160.2	vanY gene in vanB cluster	42.16	3002956	protein homolog model	n/a	n/a	glycopeptide antibiotic	antibiotic target alteration	vanY; glycopeptide resistance gene cluster	134.33	gnl|BL_ORD_ID|603|hsp_num:0	556			252	789	vancomycin	
k141_692465_1 # 24 # 908 # 1 # ID=128401_1;partial=00;start_type=ATG;rbs_motif=AAAA;rbs_spacer=11bp;gc_cont=0.368	k141_692465	24	908	+	Strict	500	540.8	mphG	89.12	3003742	protein homolog model	n/a	n/a	macrolide antibiotic	antibiotic inactivation	macrolide phosphotransferase (MPH)	100.00	gnl|BL_ORD_ID|2042|hsp_num:0	2259			0	882	erythromycin; clarithromycin; azithromycin	
k141_160335_3 # 1068 # 1412 # 1 # ID=128571_3;partial=00;start_type=ATG;rbs_motif=None;rbs_spacer=None;gc_cont=0.429	k141_160335	1068	1412	+	Strict	75	97.8	qacG	47.62	3007015	protein homolog model	n/a	n/a	disinfecting agents and antiseptics	antibiotic efflux	small multidrug resistance (SMR) antibiotic efflux pump	106.54	gnl|BL_ORD_ID|4662|hsp_num:0	5731			0	315	benzalkonium chloride	
k141_516168_22 # 17940 # 19100 # 1 # ID=129986_22;partial=00;start_type=ATG;rbs_motif=AGxAGG/AGGxGG;rbs_spacer=5-10bp;gc_cont=0.444	k141_516168	17940	19100	+	Strict	175	246.5	vanT gene in vanG cluster	38.11	3002972	protein homolog model	n/a	n/a	glycopeptide antibiotic	antibiotic target alteration	glycopeptide resistance gene cluster; vanT	54.21	gnl|BL_ORD_ID|1523|hsp_num:0	1561			1029	2118	vancomycin	
k141_161650_1 # 3 # 794 # 1 # ID=131036_1;partial=10;start_type=Edge;rbs_motif=None;rbs_spacer=None;gc_cont=0.641	k141_161650	3	794	+	Strict	50	114.4	vanW gene in vanI cluster	41.36	3003724	protein homolog model	n/a	n/a	glycopeptide antibiotic	antibiotic target alteration	vanW; glycopeptide resistance gene cluster	70.51	gnl|BL_ORD_ID|4747|hsp_num:0	2242			615	1101	vancomycin; teicoplanin	
k141_72404_2 # 205 # 3360 # 1 # ID=132624_2;partial=00;start_type=ATG;rbs_motif=GGAG/GAGG;rbs_spacer=5-10bp;gc_cont=0.671	k141_72404	205	3360	+	Strict	750	768.5	adeF	41.23	3000777	protein homolog model	n/a	n/a	fluoroquinolone antibiotic; tetracycline antibiotic	antibiotic efflux	resistance-nodulation-cell division (RND) antibiotic efflux pump	99.24	gnl|BL_ORD_ID|133|hsp_num:0	153			6	3105	tetracycline	
k141_517781_1 # 154 # 648 # 1 # ID=132801_1;partial=00;start_type=ATG;rbs_motif=GGAGG;rbs_spacer=5-10bp;gc_cont=0.349	k141_517781	154	648	+	Strict	300	300.1	lnuD	84.15	3002838	protein homolog model	n/a	n/a	lincosamide antibiotic	antibiotic inactivation	lincosamide nucleotidyltransferase (LNU)	100.00	gnl|BL_ORD_ID|1784|hsp_num:0	1934			0	492	lincomycin; clindamycin	
k141_72487_9 # 5395 # 7284 # 1 # ID=132829_9;partial=00;start_type=ATG;rbs_motif=None;rbs_spacer=None;gc_cont=0.362	k141_72487	5395	7284	+	Strict	275	443.4	Streptomyces rimosus otr(A)	41.01	3002891	protein homolog model	n/a	n/a	tetracycline antibiotic	antibiotic target protection	tetracycline-resistant ribosomal protection protein	94.87	gnl|BL_ORD_ID|4808|hsp_num:0	1273			0	1986	oxytetracycline	
k141_338910_3 # 1754 # 2476 # 1 # ID=132877_3;partial=00;start_type=ATG;rbs_motif=GGAGG;rbs_spacer=5-10bp;gc_cont=0.627	k141_338910	1754	2476	+	Strict	50	55.8	vanY gene in vanF cluster	30.7	3002958	protein homolog model	n/a	n/a	glycopeptide antibiotic	antibiotic target alteration	vanY; glycopeptide resistance gene cluster	81.91	gnl|BL_ORD_ID|1809|hsp_num:0	1899			312	654	vancomycin	
k141_162871_3 # 1728 # 2558 # -1 # ID=132895_3;partial=00;start_type=ATG;rbs_motif=AGxAGG/AGGxGG;rbs_spacer=5-10bp;gc_cont=0.627	k141_162871	1728	2558	-	Strict	50	117.1	vanY gene in vanB cluster	31.18	3002956	protein homolog model	n/a	n/a	glycopeptide antibiotic	antibiotic target alteration	vanY; glycopeptide resistance gene cluster	102.99	gnl|BL_ORD_ID|603|hsp_num:0	556			33	786	vancomycin	
k141_252734_4 # 2068 # 2520 # -1 # ID=133024_4;partial=00;start_type=GTG;rbs_motif=GGAG/GAGG;rbs_spacer=5-10bp;gc_cont=0.450	k141_252734	2068	2520	-	Strict	75	89.0	qacG	40.0	3007015	protein homolog model	n/a	n/a	disinfecting agents and antiseptics	antibiotic efflux	small multidrug resistance (SMR) antibiotic efflux pump	140.19	gnl|BL_ORD_ID|4662|hsp_num:0	5731			3	318	benzalkonium chloride	
k141_72686_1 # 2 # 505 # 1 # ID=133188_1;partial=10;start_type=Edge;rbs_motif=None;rbs_spacer=None;gc_cont=0.690	k141_72686	2	505	+	Strict	50	52.0	vanY gene in vanB cluster	33.78	3002956	protein homolog model	n/a	n/a	glycopeptide antibiotic	antibiotic target alteration	vanY; glycopeptide resistance gene cluster	62.31	gnl|BL_ORD_ID|603|hsp_num:0	556			516	738	vancomycin	
k141_695895_2 # 243 # 1151 # 1 # ID=133957_2;partial=01;start_type=ATG;rbs_motif=GGA/GAG/AGG;rbs_spacer=5-10bp;gc_cont=0.433	k141_695895	243	1151	+	Strict	50	145.2	vanW gene in vanG cluster	31.97	3002965	protein homolog model	n/a	n/a	glycopeptide antibiotic	antibiotic target alteration	vanW; glycopeptide resistance gene cluster	107.83	gnl|BL_ORD_ID|4742|hsp_num:0	1622			15	747	vancomycin	
k141_518482_2 # 644 # 1660 # -1 # ID=133989_2;partial=00;start_type=GTG;rbs_motif=AGGAG;rbs_spacer=5-10bp;gc_cont=0.606	k141_518482	644	1660	-	Strict	50	98.6	vanY gene in vanM cluster	33.16	3002961	protein homolog model	n/a	n/a	glycopeptide antibiotic	antibiotic target alteration	vanY; glycopeptide resistance gene cluster	145.06	gnl|BL_ORD_ID|1674|hsp_num:0	1713			0	549	vancomycin; teicoplanin	
k141_518482_3 # 1672 # 2484 # -1 # ID=133989_3;partial=00;start_type=GTG;rbs_motif=GGAGG;rbs_spacer=5-10bp;gc_cont=0.583	k141_518482	1672	2484	-	Strict	50	95.9	vanY gene in vanM cluster	31.38	3002961	protein homolog model	n/a	n/a	glycopeptide antibiotic	antibiotic target alteration	vanY; glycopeptide resistance gene cluster	115.88	gnl|BL_ORD_ID|1674|hsp_num:0	1713			9	531	vancomycin; teicoplanin	
k141_518482_4 # 2481 # 3170 # -1 # ID=133989_4;partial=00;start_type=ATG;rbs_motif=GGA/GAG/AGG;rbs_spacer=5-10bp;gc_cont=0.596	k141_518482	2481	3170	-	Strict	50	98.2	vanY gene in vanF cluster	30.41	3002958	protein homolog model	n/a	n/a	glycopeptide antibiotic	antibiotic target alteration	vanY; glycopeptide resistance gene cluster	78.16	gnl|BL_ORD_ID|1809|hsp_num:0	1899			186	720	vancomycin	
k141_518760_1 # 151 # 933 # -1 # ID=134489_1;partial=00;start_type=ATG;rbs_motif=GGA/GAG/AGG;rbs_spacer=11-12bp;gc_cont=0.524	k141_518760	151	933	-	Perfect	450	525.8	NPS-1	100.0	3004239	protein homolog model	n/a	n/a	cephalosporin; penam	antibiotic inactivation	NPS beta-lactamase	100.00	gnl|BL_ORD_ID|2428|hsp_num:0	2840			0	780		
k141_608026_1 # 1 # 954 # 1 # ID=135374_1;partial=10;start_type=Edge;rbs_motif=None;rbs_spacer=None;gc_cont=0.501	k141_608026	1	954	+	Strict	175	189.5	vanT gene in vanG cluster	35.05	3002972	protein homolog model	n/a	n/a	glycopeptide antibiotic	antibiotic target alteration	glycopeptide resistance gene cluster; vanT	44.52	gnl|BL_ORD_ID|1523|hsp_num:0	1561			1206	2118	vancomycin	
k141_75922_1 # 3 # 1241 # -1 # ID=138335_1;partial=10;start_type=ATG;rbs_motif=AGGA;rbs_spacer=5-10bp;gc_cont=0.500	k141_75922	3	1241	-	Strict	50	104.4	vanW gene in vanI cluster	29.19	3003724	protein homolog model	n/a	n/a	glycopeptide antibiotic	antibiotic target alteration	vanW; glycopeptide resistance gene cluster	110.72	gnl|BL_ORD_ID|4747|hsp_num:0	2242			0	1050	vancomycin; teicoplanin	
k141_342463_20 # 22030 # 25323 # -1 # ID=138439_20;partial=00;start_type=ATG;rbs_motif=None;rbs_spacer=None;gc_cont=0.602	k141_342463	22030	25323	-	Strict	750	827.4	adeF	43.97	3000777	protein homolog model	n/a	n/a	fluoroquinolone antibiotic; tetracycline antibiotic	antibiotic efflux	resistance-nodulation-cell division (RND) antibiotic efflux pump	103.59	gnl|BL_ORD_ID|133|hsp_num:0	153			6	3105	tetracycline	
k141_429595_2 # 209 # 3370 # 1 # ID=138509_2;partial=00;start_type=ATG;rbs_motif=GGxGG;rbs_spacer=5-10bp;gc_cont=0.663	k141_429595	209	3370	+	Strict	750	752.3	adeF	40.83	3000777	protein homolog model	n/a	n/a	fluoroquinolone antibiotic; tetracycline antibiotic	antibiotic efflux	resistance-nodulation-cell division (RND) antibiotic efflux pump	99.43	gnl|BL_ORD_ID|133|hsp_num:0	153			6	3177	tetracycline	
k141_429863_38 # 36809 # 37531 # -1 # ID=139072_38;partial=00;start_type=ATG;rbs_motif=GGAGG;rbs_spacer=5-10bp;gc_cont=0.639	k141_429863	36809	37531	-	Strict	50	52.0	vanY gene in vanF cluster	31.62	3002958	protein homolog model	n/a	n/a	glycopeptide antibiotic	antibiotic target alteration	vanY; glycopeptide resistance gene cluster	81.91	gnl|BL_ORD_ID|1809|hsp_num:0	1899			312	654	vancomycin	
k141_522712_10 # 12450 # 13571 # 1 # ID=140918_10;partial=00;start_type=ATG;rbs_motif=None;rbs_spacer=None;gc_cont=0.444	k141_522712	12450	13571	+	Strict	50	105.9	vanW gene in vanI cluster	31.19	3003724	protein homolog model	n/a	n/a	glycopeptide antibiotic	antibiotic target alteration	vanW; glycopeptide resistance gene cluster	100.00	gnl|BL_ORD_ID|4747|hsp_num:0	2242			435	1056	vancomycin; teicoplanin	
k141_257552_3 # 1316 # 1861 # 1 # ID=141339_3;partial=01;start_type=ATG;rbs_motif=GGAGG;rbs_spacer=5-10bp;gc_cont=0.711	k141_257552	1316	1861	+	Strict	50	59.3	vanY gene in vanB cluster	34.31	3002956	protein homolog model	n/a	n/a	glycopeptide antibiotic	antibiotic target alteration	vanY; glycopeptide resistance gene cluster	67.91	gnl|BL_ORD_ID|603|hsp_num:0	556			426	723	vancomycin	
k141_167567_62 # 70062 # 73226 # -1 # ID=141425_62;partial=00;start_type=ATG;rbs_motif=GGA/GAG/AGG;rbs_spacer=5-10bp;gc_cont=0.595	k141_167567	70062	73226	-	Strict	750	819.3	adeF	44.58	3000777	protein homolog model	n/a	n/a	fluoroquinolone antibiotic; tetracycline antibiotic	antibiotic efflux	resistance-nodulation-cell division (RND) antibiotic efflux pump	99.53	gnl|BL_ORD_ID|133|hsp_num:0	153			0	3093	tetracycline	
k141_344912_2 # 2328 # 4301 # 1 # ID=142558_2;partial=00;start_type=GTG;rbs_motif=AGGAGG;rbs_spacer=5-10bp;gc_cont=0.394	k141_344912	2328	4301	+	Strict	300	1269.2	tet(Q)	96.5	3000191	protein homolog model	n/a	n/a	tetracycline antibiotic	antibiotic target protection	tetracycline-resistant ribosomal protection protein	100.00	gnl|BL_ORD_ID|1220|hsp_num:0	1183			0	1971	tetracycline; doxycycline; minocycline; chlortetracycline; demeclocycline; oxytetracycline	
k141_432097_2 # 289 # 1785 # -1 # ID=142906_2;partial=00;start_type=ATG;rbs_motif=AGxAGG/AGGxGG;rbs_spacer=5-10bp;gc_cont=0.376	k141_432097	289	1785	-	Strict	50	102.8	vanW gene in vanI cluster	24.23	3003724	protein homolog model	n/a	n/a	glycopeptide antibiotic	antibiotic target alteration	vanW; glycopeptide resistance gene cluster	133.51	gnl|BL_ORD_ID|4747|hsp_num:0	2242			3	1047	vancomycin; teicoplanin	
k141_258405_3 # 1818 # 2888 # 1 # ID=143065_3;partial=00;start_type=ATG;rbs_motif=GGAG/GAGG;rbs_spacer=5-10bp;gc_cont=0.345	k141_258405	1818	2888	+	Strict	175	192.2	vanT gene in vanG cluster	32.97	3002972	protein homolog model	n/a	n/a	glycopeptide antibiotic	antibiotic target alteration	glycopeptide resistance gene cluster; vanT	50.00	gnl|BL_ORD_ID|1523|hsp_num:0	1561			1029	2127	vancomycin	
k141_259199_1 # 3 # 827 # 1 # ID=144317_1;partial=10;start_type=Edge;rbs_motif=None;rbs_spacer=None;gc_cont=0.336	k141_259199	3	827	+	Strict	275	355.5	vanE	62.04	3002907	protein homolog model	n/a	n/a	glycopeptide antibiotic	antibiotic target alteration	glycopeptide resistance gene cluster; Van ligase	77.84	gnl|BL_ORD_ID|1479|hsp_num:0	1617			219	1038	vancomycin	
k141_259199_2 # 817 # 1398 # 1 # ID=144317_2;partial=00;start_type=ATG;rbs_motif=GGA/GAG/AGG;rbs_spacer=5-10bp;gc_cont=0.357	k141_259199	817	1398	+	Strict	125	255.4	vanXY gene in vanE cluster	58.85	3002967	protein homolog model	n/a	n/a	glycopeptide antibiotic	antibiotic target alteration	glycopeptide resistance gene cluster; vanXY	100.00	gnl|BL_ORD_ID|604|hsp_num:0	559			0	576	vancomycin	
k141_702414_2 # 984 # 2303 # -1 # ID=144671_2;partial=00;start_type=ATG;rbs_motif=AGGAGG;rbs_spacer=11-12bp;gc_cont=0.364	k141_702414	984	2303	-	Strict	50	138.3	vanW gene in vanI cluster	33.19	3003724	protein homolog model	n/a	n/a	glycopeptide antibiotic	antibiotic target alteration	vanW; glycopeptide resistance gene cluster	117.69	gnl|BL_ORD_ID|4747|hsp_num:0	2242			342	1047	vancomycin; teicoplanin	
k141_433356_3 # 2271 # 3743 # -1 # ID=144909_3;partial=01;start_type=Edge;rbs_motif=None;rbs_spacer=None;gc_cont=0.443	k141_433356	2271	3743	-	Strict	275	298.9	Streptomyces rimosus otr(A)	39.91	3002891	protein homolog model	n/a	n/a	tetracycline antibiotic	antibiotic target protection	tetracycline-resistant ribosomal protection protein	73.91	gnl|BL_ORD_ID|4808|hsp_num:0	1273			672	1986	oxytetracycline	
k141_346734_2 # 404 # 1015 # -1 # ID=145751_2;partial=01;start_type=Edge;rbs_motif=None;rbs_spacer=None;gc_cont=0.458	k141_346734	404	1015	-	Strict	50	59.7	vanY gene in vanM cluster	30.0	3002961	protein homolog model	n/a	n/a	glycopeptide antibiotic	antibiotic target alteration	vanY; glycopeptide resistance gene cluster	87.12	gnl|BL_ORD_ID|1674|hsp_num:0	1713			81	501	vancomycin; teicoplanin	
k141_81822_2 # 541 # 1692 # 1 # ID=147771_2;partial=00;start_type=ATG;rbs_motif=AGxAGG/AGGxGG;rbs_spacer=5-10bp;gc_cont=0.437	k141_81822	541	1692	+	Strict	175	235.0	vanT gene in vanG cluster	37.16	3002972	protein homolog model	n/a	n/a	glycopeptide antibiotic	antibiotic target alteration	glycopeptide resistance gene cluster; vanT	53.79	gnl|BL_ORD_ID|1523|hsp_num:0	1561			1035	2118	vancomycin	
k141_615500_1 # 356 # 541 # 1 # ID=148209_1;partial=00;start_type=ATG;rbs_motif=AGGAG;rbs_spacer=5-10bp;gc_cont=0.495	k141_615500	356	541	+	Strict	100	102.4	rsmA	85.25	3005069	protein homolog model	n/a	n/a	fluoroquinolone antibiotic; diaminopyrimidine antibiotic; phenicol antibiotic	antibiotic efflux	resistance-nodulation-cell division (RND) antibiotic efflux pump	100.00	gnl|BL_ORD_ID|2793|hsp_num:0	3807			0	183	trimethoprim; chloramphenicol	
k141_435323_1 # 2 # 3052 # -1 # ID=148549_1;partial=10;start_type=GTG;rbs_motif=AGxAGG/AGGxGG;rbs_spacer=5-10bp;gc_cont=0.387	k141_435323	2	3052	-	Strict	750	784.6	adeF	43.46	3000777	protein homolog model	n/a	n/a	fluoroquinolone antibiotic; tetracycline antibiotic	antibiotic efflux	resistance-nodulation-cell division (RND) antibiotic efflux pump	96.03	gnl|BL_ORD_ID|133|hsp_num:0	153			6	3069	tetracycline	
k141_262084_1 # 60 # 839 # -1 # ID=149002_1;partial=00;start_type=GTG;rbs_motif=GGAG/GAGG;rbs_spacer=5-10bp;gc_cont=0.522	k141_262084	60	839	-	Perfect	450	516.5	aadA2	100.0	3002602	protein homolog model	n/a	n/a	aminoglycoside antibiotic	antibiotic inactivation	ANT(3'')	100.00	gnl|BL_ORD_ID|1127|hsp_num:0	1227			0	777	spectinomycin; streptomycin	
k141_171662_1 # 1 # 306 # 1 # ID=149022_1;partial=10;start_type=Edge;rbs_motif=None;rbs_spacer=None;gc_cont=0.670	k141_171662	1	306	+	Strict	50	50.1	vanY gene in vanM cluster	39.39	3002961	protein homolog model	n/a	n/a	glycopeptide antibiotic	antibiotic target alteration	vanY; glycopeptide resistance gene cluster	43.35	gnl|BL_ORD_ID|1674|hsp_num:0	1713			291	474	vancomycin; teicoplanin	
k141_615956_10 # 11298 # 14462 # -1 # ID=149047_10;partial=00;start_type=GTG;rbs_motif=GGAG/GAGG;rbs_spacer=5-10bp;gc_cont=0.639	k141_615956	11298	14462	-	Strict	750	1050.4	adeF	54.34	3000777	protein homolog model	n/a	n/a	fluoroquinolone antibiotic; tetracycline antibiotic	antibiotic efflux	resistance-nodulation-cell division (RND) antibiotic efflux pump	99.53	gnl|BL_ORD_ID|133|hsp_num:0	153			0	3105	tetracycline	
k141_705317_2 # 1434 # 2573 # 1 # ID=149326_2;partial=00;start_type=ATG;rbs_motif=None;rbs_spacer=None;gc_cont=0.683	k141_705317	1434	2573	+	Strict	175	188.3	vanT gene in vanG cluster	31.4	3002972	protein homolog model	n/a	n/a	glycopeptide antibiotic	antibiotic target alteration	glycopeptide resistance gene cluster; vanT	53.23	gnl|BL_ORD_ID|1523|hsp_num:0	1561			1044	2118	vancomycin	
k141_82901_7 # 4972 # 5319 # -1 # ID=149601_7;partial=00;start_type=ATG;rbs_motif=GGA/GAG/AGG;rbs_spacer=5-10bp;gc_cont=0.632	k141_82901	4972	5319	-	Strict	75	87.0	qacG	40.38	3007015	protein homolog model	n/a	n/a	disinfecting agents and antiseptics	antibiotic efflux	small multidrug resistance (SMR) antibiotic efflux pump	107.48	gnl|BL_ORD_ID|4662|hsp_num:0	5731			6	318	benzalkonium chloride	
k141_706423_2 # 395 # 1222 # -1 # ID=151141_2;partial=00;start_type=ATG;rbs_motif=AGGA;rbs_spacer=5-10bp;gc_cont=0.499	k141_706423	395	1222	-	Perfect	500	563.5	OXA-2	100.0	3001397	protein homolog model	n/a	n/a	carbapenem; cephalosporin; penam	antibiotic inactivation	OXA beta-lactamase	100.00	gnl|BL_ORD_ID|1024|hsp_num:0	1118			0	825	cloxacillin; oxacillin; ceftazidime; amoxicillin; meropenem; ampicillin; cefalotin	
k141_263819_2 # 2369 # 2713 # 1 # ID=151745_2;partial=00;start_type=ATG;rbs_motif=GGAG/GAGG;rbs_spacer=5-10bp;gc_cont=0.530	k141_263819	2369	2713	+	Strict	75	85.5	qacG	38.46	3007015	protein homolog model	n/a	n/a	disinfecting agents and antiseptics	antibiotic efflux	small multidrug resistance (SMR) antibiotic efflux pump	106.54	gnl|BL_ORD_ID|4662|hsp_num:0	5731			6	318	benzalkonium chloride	
k141_351267_2 # 853 # 1467 # -1 # ID=152882_2;partial=01;start_type=Edge;rbs_motif=None;rbs_spacer=None;gc_cont=0.680	k141_351267	853	1467	-	Strict	50	82.8	vanW gene in vanI cluster	37.69	3003724	protein homolog model	n/a	n/a	glycopeptide antibiotic	antibiotic target alteration	vanW; glycopeptide resistance gene cluster	54.69	gnl|BL_ORD_ID|4747|hsp_num:0	2242			660	1047	vancomycin; teicoplanin	
k141_351271_181 # 180935 # 184105 # 1 # ID=153253_181;partial=00;start_type=ATG;rbs_motif=None;rbs_spacer=None;gc_cont=0.674	k141_351271	180935	184105	+	Strict	750	769.2	adeF	42.86	3000777	protein homolog model	n/a	n/a	fluoroquinolone antibiotic; tetracycline antibiotic	antibiotic efflux	resistance-nodulation-cell division (RND) antibiotic efflux pump	99.72	gnl|BL_ORD_ID|133|hsp_num:0	153			0	3096	tetracycline	
k141_618745_4 # 1452 # 1784 # -1 # ID=153830_4;partial=00;start_type=ATG;rbs_motif=GGAG/GAGG;rbs_spacer=5-10bp;gc_cont=0.511	k141_618745	1452	1784	-	Strict	75	85.5	qacJ	37.5	3007014	protein homolog model	n/a	n/a	disinfecting agents and antiseptics	antibiotic efflux	small multidrug resistance (SMR) antibiotic efflux pump	102.80	gnl|BL_ORD_ID|4661|hsp_num:0	5730			6	318	benzalkonium chloride	
k141_85440_131 # 146180 # 146509 # 1 # ID=153983_131;partial=00;start_type=ATG;rbs_motif=None;rbs_spacer=None;gc_cont=0.452	k141_85440	146180	146509	+	Strict	75	101.7	qacG	43.81	3007015	protein homolog model	n/a	n/a	disinfecting agents and antiseptics	antibiotic efflux	small multidrug resistance (SMR) antibiotic efflux pump	101.87	gnl|BL_ORD_ID|4662|hsp_num:0	5731			0	315	benzalkonium chloride	
k141_174995_1 # 2 # 607 # 1 # ID=154676_1;partial=10;start_type=Edge;rbs_motif=None;rbs_spacer=None;gc_cont=0.627	k141_174995	2	607	+	Strict	50	111.3	vanY gene in vanB cluster	34.43	3002956	protein homolog model	n/a	n/a	glycopeptide antibiotic	antibiotic target alteration	vanY; glycopeptide resistance gene cluster	75.00	gnl|BL_ORD_ID|603|hsp_num:0	556			270	786	vancomycin	
k141_86418_1 # 193 # 1050 # -1 # ID=155544_1;partial=01;start_type=Edge;rbs_motif=None;rbs_spacer=None;gc_cont=0.376	k141_86418	193	1050	-	Strict	500	515.0	mphG	88.07	3003742	protein homolog model	n/a	n/a	macrolide antibiotic	antibiotic inactivation	macrolide phosphotransferase (MPH)	96.94	gnl|BL_ORD_ID|2042|hsp_num:0	2259			27	882	erythromycin; clarithromycin; azithromycin	
k141_87811_2 # 289 # 1284 # -1 # ID=157344_2;partial=00;start_type=ATG;rbs_motif=TATAA;rbs_spacer=3bp;gc_cont=0.360	k141_87811	289	1284	-	Strict	600	639.8	CfxA6	99.4	3003097	protein homolog model	n/a	n/a	cephamycin	antibiotic inactivation	CfxA beta-lactamase	100.00	gnl|BL_ORD_ID|241|hsp_num:0	268			0	993		
k141_354083_6 # 6326 # 6823 # -1 # ID=157689_6;partial=00;start_type=ATG;rbs_motif=None;rbs_spacer=None;gc_cont=0.701	k141_354083	6326	6823	-	Strict	50	51.6	vanY gene in vanB cluster	33.05	3002956	protein homolog model	n/a	n/a	glycopeptide antibiotic	antibiotic target alteration	vanY; glycopeptide resistance gene cluster	61.57	gnl|BL_ORD_ID|603|hsp_num:0	556			372	726	vancomycin	
k141_354403_3 # 2581 # 3453 # -1 # ID=158168_3;partial=00;start_type=ATG;rbs_motif=None;rbs_spacer=None;gc_cont=0.495	k141_354403	2581	3453	-	Strict	50	127.9	vanY gene in vanB cluster	35.02	3002956	protein homolog model	n/a	n/a	glycopeptide antibiotic	antibiotic target alteration	vanY; glycopeptide resistance gene cluster	108.21	gnl|BL_ORD_ID|603|hsp_num:0	556			147	792	vancomycin	
k141_710536_2 # 575 # 1237 # -1 # ID=158372_2;partial=00;start_type=ATG;rbs_motif=None;rbs_spacer=None;gc_cont=0.442	k141_710536	575	1237	-	Strict	380	432.6	AcrS	98.18	3000656	protein homolog model	n/a	n/a	fluoroquinolone antibiotic; cephalosporin; glycylcycline; cephamycin; penam; tetracycline antibiotic; rifamycin antibiotic; phenicol antibiotic; disinfecting agents and antiseptics	antibiotic efflux	resistance-nodulation-cell division (RND) antibiotic efflux pump	100.00	gnl|BL_ORD_ID|602|hsp_num:0	520			0	660	tigecycline; ciprofloxacin; tetracycline; rifampin; chloramphenicol; ampicillin; cefalotin; triclosan	
k141_444347_1 # 2 # 1267 # 1 # ID=159894_1;partial=10;start_type=Edge;rbs_motif=None;rbs_spacer=None;gc_cont=0.473	k141_444347	2	1267	+	Strict	700	730.3	Acinetobacter baumannii AbaF	86.12	3004573	protein homolog model	n/a	n/a	phosphonic acid antibiotic	antibiotic efflux	major facilitator superfamily (MFS) antibiotic efflux pump	98.14	gnl|BL_ORD_ID|2717|hsp_num:0	3277			30	1284	fosfomycin	
k141_26566_12 # 15051 # 15425 # 1 # ID=49494_12;partial=00;start_type=GTG;rbs_motif=AGGA;rbs_spacer=5-10bp;gc_cont=0.677	k141_26566	15051	15425	+	Strict	200	222.6	Mycobacterium tuberculosis rpsL mutations conferring resistance to Streptomycin	88.71	3003395	protein variant model	K88R	n/a	aminoglycoside antibiotic	antibiotic target alteration	antibiotic-resistant rpsL	100.00	gnl|BL_ORD_ID|1957|hsp_num:0	1197			0	372	streptomycin	
k141_156664_1 # 331 # 1515 # -1 # ID=122574_1;partial=00;start_type=ATG;rbs_motif=GGAG/GAGG;rbs_spacer=5-10bp;gc_cont=0.531	k141_156664	331	1515	-	Strict	700	786.9	Escherichia coli EF-Tu mutants conferring resistance to Pulvomycin	99.49	3003369	protein variant model	R234F	n/a	elfamycin antibiotic	antibiotic target alteration	elfamycin resistant EF-Tu	96.33	gnl|BL_ORD_ID|1971|hsp_num:0	2158			45	1227	pulvomycin	
k141_77614_2 # 568 # 891 # -1 # ID=140914_2;partial=00;start_type=ATG;rbs_motif=GGAG/GAGG;rbs_spacer=5-10bp;gc_cont=0.506	k141_77614	568	891	-	Strict	200	219.2	Escherichia coli soxS with mutation conferring antibiotic resistance	100.0	3003511	protein overexpression model	n/a	n/a	fluoroquinolone antibiotic; monobactam; carbapenem; cephalosporin; glycylcycline; cephamycin; penam; tetracycline antibiotic; rifamycin antibiotic; phenicol antibiotic; penem; disinfecting agents and antiseptics	antibiotic target alteration; antibiotic efflux; reduced permeability to antibiotic	ATP-binding cassette (ABC) antibiotic efflux pump; major facilitator superfamily (MFS) antibiotic efflux pump; resistance-nodulation-cell division (RND) antibiotic efflux pump; General Bacterial Porin with reduced permeability to beta-lactams	100.00	gnl|BL_ORD_ID|1976|hsp_num:0	2066			0	321	tigecycline; ciprofloxacin; tetracycline; rifampin; chloramphenicol; ampicillin; norfloxacin; cefalotin; triclosan; enrofloxacin	
k141_77614_3 # 977 # 1441 # 1 # ID=140914_3;partial=00;start_type=ATG;rbs_motif=AGGA/GGAG/GAGG;rbs_spacer=11-12bp;gc_cont=0.520	k141_77614	977	1441	+	Strict	300	308.5	Escherichia coli soxR with mutation conferring antibiotic resistance	99.35	3003381	protein overexpression model	n/a	n/a	fluoroquinolone antibiotic; cephalosporin; glycylcycline; penam; tetracycline antibiotic; rifamycin antibiotic; phenicol antibiotic; disinfecting agents and antiseptics	antibiotic target alteration; antibiotic efflux	ATP-binding cassette (ABC) antibiotic efflux pump; major facilitator superfamily (MFS) antibiotic efflux pump; resistance-nodulation-cell division (RND) antibiotic efflux pump	100.00	gnl|BL_ORD_ID|1974|hsp_num:0	1005			0	462	tigecycline; ciprofloxacin; tetracycline; rifampin; chloramphenicol; ampicillin; nalidixic acid; norfloxacin; cefalotin; triclosan	
k141_523989_2 # 859 # 1452 # -1 # ID=143102_2;partial=00;start_type=GTG;rbs_motif=None;rbs_spacer=None;gc_cont=0.449	k141_523989	859	1452	-	Strict	375	387.5	Escherichia coli AcrAB-TolC with AcrR mutation conferring resistance to ciprofloxacin, tetracycline, and ceftazidime	98.98	3003807	protein overexpression model	n/a	n/a	fluoroquinolone antibiotic; cephalosporin; glycylcycline; penam; tetracycline antibiotic; rifamycin antibiotic; phenicol antibiotic; disinfecting agents and antiseptics	antibiotic target alteration; antibiotic efflux	resistance-nodulation-cell division (RND) antibiotic efflux pump	91.63	gnl|BL_ORD_ID|2091|hsp_num:0	2306			54	645	tigecycline; ciprofloxacin; tetracycline; ceftazidime; rifampin; chloramphenicol; ampicillin; cefalotin; triclosan	
