set	sample_id	contig_id	ORF_ID	Best_Hit_ARO	ARO	Cut_Off	Best_Identities	Percentage_Length_of_Reference_Sequence	Drug_Class	Resistance_Mechanism	AMR_Gene_Family	Antibiotic	matched_to_genomad	genomad_context	chromosome_score	plasmid_score	virus_score
annual_wastewater_2017_2025	2024_ERR17001293	k141_291890	k141_291890_1 # 29 # 1213 # -1 # ID=323_1;partial=01;start_type=Edge;rbs_motif=None;rbs_spacer=None;gc_cont=0.376	vanW gene in vanI cluster	3003724	Strict	35.76	105.63	glycopeptide antibiotic	antibiotic target alteration	vanW; glycopeptide resistance gene cluster	vancomycin; teicoplanin	False	chromosome_like	1		
annual_wastewater_2017_2025	2024_ERR17001293	k141_584343	k141_584343_2 # 1770 # 2579 # 1 # ID=1348_2;partial=00;start_type=ATG;rbs_motif=4Base/6BMM;rbs_spacer=13-15bp;gc_cont=0.415	vanY gene in vanB cluster	3002956	Strict	39.9	100.37	glycopeptide antibiotic	antibiotic target alteration	vanY; glycopeptide resistance gene cluster	vancomycin	False	chromosome_like	1		
annual_wastewater_2017_2025	2024_ERR17001293	k141_850	k141_850_2 # 441 # 1223 # 1 # ID=1350_2;partial=00;start_type=ATG;rbs_motif=4Base/6BMM;rbs_spacer=13-15bp;gc_cont=0.415	ANT(3'')-IIc	3004091	Strict	48.24	100.39	aminoglycoside antibiotic	antibiotic inactivation	ANT(3'')	spectinomycin; streptomycin	False	chromosome_like	1		
annual_wastewater_2017_2025	2024_ERR17001293	k141_146898	k141_146898_10 # 14307 # 15293 # -1 # ID=1423_10;partial=00;start_type=ATG;rbs_motif=AGGAG;rbs_spacer=5-10bp;gc_cont=0.573	vanH gene in vanO cluster	3002948	Strict	41.14	93.71	glycopeptide antibiotic	antibiotic target alteration	vanH; glycopeptide resistance gene cluster	vancomycin	False	chromosome_like	1		
annual_wastewater_2017_2025	2024_ERR17001293	k141_584488	k141_584488_3 # 2030 # 2854 # -1 # ID=1551_3;partial=00;start_type=ATG;rbs_motif=None;rbs_spacer=None;gc_cont=0.469	OXA-644	3005864	Strict	97.45	100.0	carbapenem; cephalosporin; penam	antibiotic inactivation	OXA beta-lactamase	cloxacillin; oxacillin; cefalotin	True	plasmid_like		0.8743	
annual_wastewater_2017_2025	2024_ERR17001293	k141_584708	k141_584708_3 # 2074 # 5175 # -1 # ID=1817_3;partial=00;start_type=ATG;rbs_motif=GGA/GAG/AGG;rbs_spacer=5-10bp;gc_cont=0.604	adeF	3000777	Strict	43.56	97.54	fluoroquinolone antibiotic; tetracycline antibiotic	antibiotic efflux	resistance-nodulation-cell division (RND) antibiotic efflux pump	tetracycline	False	chromosome_like	1		
annual_wastewater_2017_2025	2024_ERR17001293	k141_293474	k141_293474_1 # 272 # 1492 # 1 # ID=2819_1;partial=00;start_type=ATG;rbs_motif=AGGAG/GGAGG;rbs_spacer=11-12bp;gc_cont=0.565	tet(40)	3000567	Strict	99.01	100.0	tetracycline antibiotic	antibiotic efflux	major facilitator superfamily (MFS) antibiotic efflux pump	tetracycline	True	plasmid_like		0.9504	
annual_wastewater_2017_2025	2024_ERR17001293	k141_1023139	k141_1023139_18 # 19088 # 20560 # -1 # ID=3319_18;partial=00;start_type=ATG;rbs_motif=AGGA;rbs_spacer=5-10bp;gc_cont=0.458	vanW gene in vanI cluster	3003724	Strict	33.33	131.37	glycopeptide antibiotic	antibiotic target alteration	vanW; glycopeptide resistance gene cluster	vancomycin; teicoplanin	False	chromosome_like	1		
annual_wastewater_2017_2025	2024_ERR17001293	k141_1024199	k141_1024199_1 # 1 # 1923 # 1 # ID=4946_1;partial=11;start_type=Edge;rbs_motif=None;rbs_spacer=None;gc_cont=0.605	adeF	3000777	Strict	66.3	60.53	fluoroquinolone antibiotic; tetracycline antibiotic	antibiotic efflux	resistance-nodulation-cell division (RND) antibiotic efflux pump	tetracycline	False	chromosome_like	1		
annual_wastewater_2017_2025	2024_ERR17001293	k141_732221	k141_732221_2 # 812 # 1663 # 1 # ID=4947_2;partial=00;start_type=ATG;rbs_motif=GGAG/GAGG;rbs_spacer=5-10bp;gc_cont=0.478	vanY gene in vanB cluster	3002956	Strict	37.93	105.6	glycopeptide antibiotic	antibiotic target alteration	vanY; glycopeptide resistance gene cluster	vancomycin	False	chromosome_like	1		
annual_wastewater_2017_2025	2024_ERR17001293	k141_1024292	k141_1024292_6 # 4549 # 5112 # 1 # ID=5097_6;partial=00;start_type=TTG;rbs_motif=AGxAGG/AGGxGG;rbs_spacer=5-10bp;gc_cont=0.530	vanY gene in vanF cluster	3002958	Strict	37.14	63.82	glycopeptide antibiotic	antibiotic target alteration	vanY; glycopeptide resistance gene cluster	vancomycin	False	chromosome_like	1		
annual_wastewater_2017_2025	2024_ERR17001293	k141_295038	k141_295038_2 # 1200 # 3665 # 1 # ID=5516_2;partial=00;start_type=ATG;rbs_motif=TAA;rbs_spacer=14bp;gc_cont=0.483	vanT gene in vanG cluster	3002972	Strict	34.54	115.31	glycopeptide antibiotic	antibiotic target alteration	glycopeptide resistance gene cluster; vanT	vancomycin	False	chromosome_like	1		
annual_wastewater_2017_2025	2024_ERR17001293	k141_441353	k141_441353_2 # 1194 # 2396 # -1 # ID=5929_2;partial=00;start_type=ATG;rbs_motif=AGGA;rbs_spacer=5-10bp;gc_cont=0.636	vanT gene in vanG cluster	3002972	Strict	35.37	56.18	glycopeptide antibiotic	antibiotic target alteration	glycopeptide resistance gene cluster; vanT	vancomycin	False	chromosome_like	1		
annual_wastewater_2017_2025	2024_ERR17001293	k141_441426	k141_441426_2 # 472 # 1458 # 1 # ID=6071_2;partial=00;start_type=ATG;rbs_motif=AGGAG;rbs_spacer=5-10bp;gc_cont=0.612	vanH gene in vanO cluster	3002948	Strict	43.94	93.71	glycopeptide antibiotic	antibiotic target alteration	vanH; glycopeptide resistance gene cluster	vancomycin	False	chromosome_like	1		
annual_wastewater_2017_2025	2024_ERR17001293	k141_441608	k141_441608_2 # 718 # 1779 # -1 # ID=6351_2;partial=00;start_type=ATG;rbs_motif=AGGAG;rbs_spacer=5-10bp;gc_cont=0.387	vanG	3002909	Strict	41.09	101.15	glycopeptide antibiotic	antibiotic target alteration	glycopeptide resistance gene cluster; Van ligase	vancomycin	False	chromosome_like	1		
annual_wastewater_2017_2025	2024_ERR17001293	k141_5227	k141_5227_13 # 9424 # 10797 # 1 # ID=8797_13;partial=00;start_type=ATG;rbs_motif=None;rbs_spacer=None;gc_cont=0.547	cpxA	3000830	Perfect	100.0	100.0	aminoglycoside antibiotic; aminocoumarin antibiotic	antibiotic efflux	resistance-nodulation-cell division (RND) antibiotic efflux pump	novobiocin	False	chromosome_like	1		
annual_wastewater_2017_2025	2024_ERR17001293	k141_152242	k141_152242_4 # 1579 # 1995 # 1 # ID=9555_4;partial=00;start_type=ATG;rbs_motif=GGA/GAG/AGG;rbs_spacer=5-10bp;gc_cont=0.616	FosA8	3007371	Strict	60.29	97.87	phosphonic acid antibiotic	antibiotic inactivation	fosfomycin thiol transferase	fosfomycin	False	chromosome_like	1		
annual_wastewater_2017_2025	2024_ERR17001293	k141_1027164	k141_1027164_1 # 2 # 1417 # 1 # ID=9865_1;partial=10;start_type=Edge;rbs_motif=None;rbs_spacer=None;gc_cont=0.512	ArnT	3005053	Strict	61.02	85.48	peptide antibiotic	antibiotic target alteration	pmr phosphoethanolamine transferase	colistin A; colistin B	False	chromosome_like	1		
annual_wastewater_2017_2025	2024_ERR17001293	k141_444003	k141_444003_19 # 22208 # 24580 # -1 # ID=9950_19;partial=00;start_type=ATG;rbs_motif=AGGA;rbs_spacer=5-10bp;gc_cont=0.610	vanT gene in vanG cluster	3002972	Strict	38.07	110.96	glycopeptide antibiotic	antibiotic target alteration	glycopeptide resistance gene cluster; vanT	vancomycin	False	chromosome_like	1		
annual_wastewater_2017_2025	2024_ERR17001293	k141_298393	k141_298393_2 # 875 # 3247 # -1 # ID=10845_2;partial=01;start_type=Edge;rbs_motif=None;rbs_spacer=None;gc_cont=0.659	adeF	3000777	Strict	60.54	74.6	fluoroquinolone antibiotic; tetracycline antibiotic	antibiotic efflux	resistance-nodulation-cell division (RND) antibiotic efflux pump	tetracycline	False	chromosome_like	1		
annual_wastewater_2017_2025	2024_ERR17001293	k141_736669	k141_736669_18 # 22755 # 24077 # -1 # ID=11931_18;partial=00;start_type=ATG;rbs_motif=GGAG/GAGG;rbs_spacer=5-10bp;gc_cont=0.577	Acinetobacter baumannii AbaQ	3004574	Strict	72.81	101.38	fluoroquinolone antibiotic	antibiotic efflux	major facilitator superfamily (MFS) antibiotic efflux pump		False	chromosome_like	1		
annual_wastewater_2017_2025	2024_ERR17001293	k141_154026	k141_154026_2 # 821 # 3991 # -1 # ID=12389_2;partial=00;start_type=ATG;rbs_motif=None;rbs_spacer=None;gc_cont=0.583	adeF	3000777	Strict	41.27	99.72	fluoroquinolone antibiotic; tetracycline antibiotic	antibiotic efflux	resistance-nodulation-cell division (RND) antibiotic efflux pump	tetracycline	False	chromosome_like	1		
annual_wastewater_2017_2025	2024_ERR17001293	k141_883964	k141_883964_1 # 1 # 606 # 1 # ID=13084_1;partial=10;start_type=Edge;rbs_motif=None;rbs_spacer=None;gc_cont=0.386	vanW gene in vanG cluster	3002965	Strict	33.33	71.53	glycopeptide antibiotic	antibiotic target alteration	vanW; glycopeptide resistance gene cluster	vancomycin	False	chromosome_like	1		
annual_wastewater_2017_2025	2024_ERR17001293	k141_1029281	k141_1029281_2 # 260 # 2179 # -1 # ID=13116_2;partial=00;start_type=ATG;rbs_motif=GGAGG;rbs_spacer=5-10bp;gc_cont=0.428	tet(32)	3000196	Strict	79.78	100.0	tetracycline antibiotic	antibiotic target protection	tetracycline-resistant ribosomal protection protein	tetracycline; doxycycline; minocycline; chlortetracycline; demeclocycline; oxytetracycline	False	chromosome_like	1		
annual_wastewater_2017_2025	2024_ERR17001293	k141_299999	k141_299999_3 # 1413 # 4055 # 1 # ID=13658_3;partial=00;start_type=ATG;rbs_motif=AAAAA;rbs_spacer=7bp;gc_cont=0.402	tet(Q)	3000191	Strict	31.22	133.94	tetracycline antibiotic	antibiotic target protection	tetracycline-resistant ribosomal protection protein	tetracycline; doxycycline; minocycline; chlortetracycline; demeclocycline; oxytetracycline	False	chromosome_like	1		
annual_wastewater_2017_2025	2024_ERR17001293	k141_300098	k141_300098_3 # 1221 # 3737 # -1 # ID=13819_3;partial=00;start_type=ATG;rbs_motif=AAAAA;rbs_spacer=11bp;gc_cont=0.481	vanT gene in vanG cluster	3002972	Strict	34.77	117.7	glycopeptide antibiotic	antibiotic target alteration	glycopeptide resistance gene cluster; vanT	vancomycin	False	chromosome_like	1		
annual_wastewater_2017_2025	2024_ERR17001293	k141_884794	k141_884794_1 # 3 # 3053 # -1 # ID=14284_1;partial=10;start_type=ATG;rbs_motif=GGA/GAG/AGG;rbs_spacer=11-12bp;gc_cont=0.591	adeF	3000777	Strict	66.83	96.03	fluoroquinolone antibiotic; tetracycline antibiotic	antibiotic efflux	resistance-nodulation-cell division (RND) antibiotic efflux pump	tetracycline	False	chromosome_like	1		
annual_wastewater_2017_2025	2024_ERR17001293	k141_738405	k141_738405_1 # 328 # 2004 # -1 # ID=14505_1;partial=00;start_type=ATG;rbs_motif=GGA/GAG/AGG;rbs_spacer=5-10bp;gc_cont=0.462	ICR-Mo	3004569	Strict	96.95	100.0	peptide antibiotic	antibiotic target alteration	intrinsic colistin resistant phosphoethanolamine transferase	colistin A; colistin B	False	chromosome_like	1		
annual_wastewater_2017_2025	2024_ERR17001293	k141_155490	k141_155490_1 # 77 # 901 # -1 # ID=14613_1;partial=00;start_type=ATG;rbs_motif=None;rbs_spacer=None;gc_cont=0.412	gadX	3000508	Strict	93.07	100.0	macrolide antibiotic; fluoroquinolone antibiotic; penam	antibiotic efflux	resistance-nodulation-cell division (RND) antibiotic efflux pump	erythromycin; cloxacillin; oxacillin; norfloxacin	False	chromosome_like	1		
annual_wastewater_2017_2025	2024_ERR17001293	k141_885323	k141_885323_10 # 9454 # 9798 # 1 # ID=15121_10;partial=00;start_type=ATG;rbs_motif=GGA/GAG/AGG;rbs_spacer=5-10bp;gc_cont=0.406	qacG	3007015	Strict	46.15	106.54	disinfecting agents and antiseptics	antibiotic efflux	small multidrug resistance (SMR) antibiotic efflux pump	benzalkonium chloride	True	plasmid_like		0.9584	
annual_wastewater_2017_2025	2024_ERR17001293	k141_449670	k141_449670_4 # 2575 # 2985 # -1 # ID=17813_4;partial=01;start_type=Edge;rbs_motif=None;rbs_spacer=None;gc_cont=0.482	vanY gene in vanB cluster	3002956	Strict	45.16	50.75	glycopeptide antibiotic	antibiotic target alteration	vanY; glycopeptide resistance gene cluster	vancomycin	False	chromosome_like	1		
annual_wastewater_2017_2025	2024_ERR17001293	k141_302558	k141_302558_29 # 23553 # 25025 # 1 # ID=18052_29;partial=00;start_type=ATG;rbs_motif=AAA;rbs_spacer=14bp;gc_cont=0.484	vanW gene in vanI cluster	3003724	Strict	31.82	131.37	glycopeptide antibiotic	antibiotic target alteration	vanW; glycopeptide resistance gene cluster	vancomycin; teicoplanin	False	chromosome_like	1		
annual_wastewater_2017_2025	2024_ERR17001293	k141_11343	k141_11343_7 # 7766 # 8992 # -1 # ID=18483_7;partial=00;start_type=ATG;rbs_motif=GGA/GAG/AGG;rbs_spacer=5-10bp;gc_cont=0.524	mdtG	3001329	Perfect	100.0	100.0	phosphonic acid antibiotic	antibiotic efflux	major facilitator superfamily (MFS) antibiotic efflux pump	fosfomycin	False	chromosome_like	1		
annual_wastewater_2017_2025	2024_ERR17001293	k141_741124	k141_741124_1 # 1 # 1677 # -1 # ID=18581_1;partial=10;start_type=GTG;rbs_motif=AGGAGG;rbs_spacer=5-10bp;gc_cont=0.406	tet(Q)	3000191	Strict	96.96	85.08	tetracycline antibiotic	antibiotic target protection	tetracycline-resistant ribosomal protection protein	tetracycline; doxycycline; minocycline; chlortetracycline; demeclocycline; oxytetracycline	False	chromosome_like	1		
annual_wastewater_2017_2025	2024_ERR17001293	k141_888255	k141_888255_2 # 535 # 1215 # 1 # ID=19617_2;partial=01;start_type=TTG;rbs_motif=AGGAG;rbs_spacer=5-10bp;gc_cont=0.355	vanY gene in vanB cluster	3002956	Strict	32.35	84.7	glycopeptide antibiotic	antibiotic target alteration	vanY; glycopeptide resistance gene cluster	vancomycin	False	chromosome_like	1		
annual_wastewater_2017_2025	2024_ERR17001293	k141_741744	k141_741744_29 # 29661 # 30806 # -1 # ID=19658_29;partial=00;start_type=ATG;rbs_motif=GGAG/GAGG;rbs_spacer=5-10bp;gc_cont=0.449	vanT gene in vanG cluster	3002972	Strict	34.6	53.51	glycopeptide antibiotic	antibiotic target alteration	glycopeptide resistance gene cluster; vanT	vancomycin	False	chromosome_like	1		
annual_wastewater_2017_2025	2024_ERR17001293	k141_597309	k141_597309_3 # 1313 # 2158 # -1 # ID=19829_3;partial=00;start_type=ATG;rbs_motif=None;rbs_spacer=None;gc_cont=0.548	aadA6	3002606	Strict	93.95	100.0	aminoglycoside antibiotic	antibiotic inactivation	ANT(3'')	spectinomycin; streptomycin	True	plasmid_like		0.8946	
annual_wastewater_2017_2025	2024_ERR17001293	k141_13038	k141_13038_6 # 3629 # 4816 # -1 # ID=21096_6;partial=00;start_type=GTG;rbs_motif=GGA/GAG/AGG;rbs_spacer=5-10bp;gc_cont=0.405	tet(39)	3000566	Perfect	100.0	100.0	tetracycline antibiotic	antibiotic efflux	major facilitator superfamily (MFS) antibiotic efflux pump	tetracycline	True	plasmid_like		0.9915	
annual_wastewater_2017_2025	2024_ERR17001293	k141_742679	k141_742679_3 # 2306 # 3472 # 1 # ID=21162_3;partial=00;start_type=ATG;rbs_motif=AGGAG/GGAGG;rbs_spacer=11-12bp;gc_cont=0.409	vanT gene in vanG cluster	3002972	Strict	35.45	54.49	glycopeptide antibiotic	antibiotic target alteration	glycopeptide resistance gene cluster; vanT	vancomycin	False	chromosome_like	1		
annual_wastewater_2017_2025	2024_ERR17001293	k141_598664	k141_598664_7 # 5561 # 6298 # -1 # ID=21792_7;partial=00;start_type=ATG;rbs_motif=GGA/GAG/AGG;rbs_spacer=5-10bp;gc_cont=0.332	ErmB	3000375	Strict	97.96	98.79	macrolide antibiotic; lincosamide antibiotic; streptogramin antibiotic; streptogramin A antibiotic; streptogramin B antibiotic	antibiotic target alteration	Erm 23S ribosomal RNA methyltransferase	erythromycin; roxithromycin; lincomycin; telithromycin; clarithromycin; clindamycin; tylosin; spiramycin; azithromycin; dirithromycin; pristinamycin IA; quinupristin; virginiamycin M1; madumycin II; griseoviridin; dalfopristin; pristinamycin IB; virginiamycin S2; pristinamycin IC; vernamycin C; patricin A; patricin B; ostreogrycin B3; oleandomycin	True	plasmid_like		0.9789	
annual_wastewater_2017_2025	2024_ERR17001293	k141_13480	k141_13480_3 # 1802 # 2965 # 1 # ID=21835_3;partial=00;start_type=ATG;rbs_motif=GGAGG;rbs_spacer=5-10bp;gc_cont=0.463	vanT gene in vanG cluster	3002972	Strict	35.89	54.35	glycopeptide antibiotic	antibiotic target alteration	glycopeptide resistance gene cluster; vanT	vancomycin	False	chromosome_like	1		
annual_wastewater_2017_2025	2024_ERR17001293	k141_13506	k141_13506_3 # 1300 # 1755 # -1 # ID=21893_3;partial=00;start_type=ATG;rbs_motif=GGAG/GAGG;rbs_spacer=5-10bp;gc_cont=0.616	Pseudomonas aeruginosa soxR	3004107	Strict	69.72	96.79	fluoroquinolone antibiotic; cephalosporin; glycylcycline; penam; tetracycline antibiotic; rifamycin antibiotic; phenicol antibiotic; disinfecting agents and antiseptics	antibiotic target alteration; antibiotic efflux	ATP-binding cassette (ABC) antibiotic efflux pump; major facilitator superfamily (MFS) antibiotic efflux pump; resistance-nodulation-cell division (RND) antibiotic efflux pump	tigecycline; ciprofloxacin; acriflavine; tetracycline; rifampin; chloramphenicol; ampicillin; norfloxacin; cefalotin; triclosan	False	chromosome_like	1		
annual_wastewater_2017_2025	2024_ERR17001293	k141_305415	k141_305415_3 # 876 # 1796 # 1 # ID=22459_3;partial=00;start_type=ATG;rbs_motif=AGxAGG/AGGxGG;rbs_spacer=5-10bp;gc_cont=0.648	vanY gene in vanB cluster	3002956	Strict	37.3	114.18	glycopeptide antibiotic	antibiotic target alteration	vanY; glycopeptide resistance gene cluster	vancomycin	False	chromosome_like	1		
annual_wastewater_2017_2025	2024_ERR17001293	k141_599119	k141_599119_7 # 4739 # 7894 # -1 # ID=22540_7;partial=00;start_type=ATG;rbs_motif=GGAG/GAGG;rbs_spacer=5-10bp;gc_cont=0.608	adeF	3000777	Strict	43.57	99.24	fluoroquinolone antibiotic; tetracycline antibiotic	antibiotic efflux	resistance-nodulation-cell division (RND) antibiotic efflux pump	tetracycline	False	chromosome_like	1		
annual_wastewater_2017_2025	2024_ERR17001293	k141_453153	k141_453153_5 # 3943 # 7059 # 1 # ID=22658_5;partial=00;start_type=ATG;rbs_motif=AATAA;rbs_spacer=3bp;gc_cont=0.493	adeF	3000777	Strict	42.9	98.02	fluoroquinolone antibiotic; tetracycline antibiotic	antibiotic efflux	resistance-nodulation-cell division (RND) antibiotic efflux pump	tetracycline	False	chromosome_like	1		
annual_wastewater_2017_2025	2024_ERR17001293	k141_305799	k141_305799_2 # 852 # 1631 # 1 # ID=22979_2;partial=01;start_type=ATG;rbs_motif=GGAG/GAGG;rbs_spacer=5-10bp;gc_cont=0.464	vanY gene in vanB cluster	3002956	Strict	41.03	97.01	glycopeptide antibiotic	antibiotic target alteration	vanY; glycopeptide resistance gene cluster	vancomycin	False	chromosome_like	1		
annual_wastewater_2017_2025	2024_ERR17001293	k141_744068	k141_744068_10 # 7021 # 7992 # -1 # ID=23254_10;partial=00;start_type=ATG;rbs_motif=AGGAG;rbs_spacer=5-10bp;gc_cont=0.495	vanH gene in vanM cluster	3002947	Strict	38.06	99.08	glycopeptide antibiotic	antibiotic target alteration	vanH; glycopeptide resistance gene cluster	vancomycin; teicoplanin	False	chromosome_like	1		
annual_wastewater_2017_2025	2024_ERR17001293	k141_890745	k141_890745_2 # 779 # 2698 # -1 # ID=23297_2;partial=00;start_type=ATG;rbs_motif=AGGAGG;rbs_spacer=5-10bp;gc_cont=0.413	tet(32)	3000196	Strict	98.75	100.0	tetracycline antibiotic	antibiotic target protection	tetracycline-resistant ribosomal protection protein	tetracycline; doxycycline; minocycline; chlortetracycline; demeclocycline; oxytetracycline	False	chromosome_like	1		
annual_wastewater_2017_2025	2024_ERR17001293	k141_1036151	k141_1036151_2 # 1331 # 1666 # -1 # ID=23534_2;partial=00;start_type=ATG;rbs_motif=None;rbs_spacer=None;gc_cont=0.652	qacJ	3007014	Strict	43.27	103.74	disinfecting agents and antiseptics	antibiotic efflux	small multidrug resistance (SMR) antibiotic efflux pump	benzalkonium chloride	False	chromosome_like	1		
annual_wastewater_2017_2025	2024_ERR17001293	k141_599736	k141_599736_2 # 578 # 907 # -1 # ID=23537_2;partial=00;start_type=ATG;rbs_motif=AGGA/GGAG/GAGG;rbs_spacer=11-12bp;gc_cont=0.397	qacJ	3007014	Strict	36.79	101.87	disinfecting agents and antiseptics	antibiotic efflux	small multidrug resistance (SMR) antibiotic efflux pump	benzalkonium chloride	False	chromosome_like	1		
annual_wastewater_2017_2025	2024_ERR17001293	k141_14824	k141_14824_5 # 4922 # 7399 # 1 # ID=24050_5;partial=00;start_type=ATG;rbs_motif=TAA;rbs_spacer=11bp;gc_cont=0.518	vanT gene in vanG cluster	3002972	Strict	35.5	115.87	glycopeptide antibiotic	antibiotic target alteration	glycopeptide resistance gene cluster; vanT	vancomycin	False	chromosome_like	1		
annual_wastewater_2017_2025	2024_ERR17001293	k141_744677	k141_744677_7 # 5193 # 6674 # 1 # ID=24290_7;partial=00;start_type=ATG;rbs_motif=AGGA;rbs_spacer=5-10bp;gc_cont=0.515	TolC	3000237	Strict	99.8	99.6	macrolide antibiotic; fluoroquinolone antibiotic; aminoglycoside antibiotic; carbapenem; cephalosporin; glycylcycline; cephamycin; penam; tetracycline antibiotic; peptide antibiotic; aminocoumarin antibiotic; rifamycin antibiotic; phenicol antibiotic; penem; disinfecting agents and antiseptics	antibiotic efflux	ATP-binding cassette (ABC) antibiotic efflux pump; major facilitator superfamily (MFS) antibiotic efflux pump; resistance-nodulation-cell division (RND) antibiotic efflux pump	erythromycin; cloxacillin; gentamicin C; tigecycline; ciprofloxacin; spectinomycin; streptomycin; tetracycline; tobramycin; oxacillin; ceftazidime; ertapenem; piperacillin; novobiocin; azithromycin; rifampin; imipenem; chloramphenicol; polymyxin B; polymyxin B1; polymyxin B2; polymyxin B3; polymyxin B4; ampicillin; nalidixic acid; norfloxacin; cefalotin; triclosan; ticarcillin; gentamicin	False	chromosome_like	1		
annual_wastewater_2017_2025	2024_ERR17001293	k141_744892	k141_744892_4 # 1471 # 2604 # 1 # ID=24576_4;partial=00;start_type=ATG;rbs_motif=GGA/GAG/AGG;rbs_spacer=11-12bp;gc_cont=0.504	EC-5	3006880	Strict	99.47	100.0	cephalosporin	antibiotic inactivation	EC beta-lactamase		False	chromosome_like	1		
annual_wastewater_2017_2025	2024_ERR17001293	k141_745397	k141_745397_2 # 1129 # 1314 # 1 # ID=25525_2;partial=00;start_type=ATG;rbs_motif=AGGAG;rbs_spacer=5-10bp;gc_cont=0.495	rsmA	3005069	Strict	85.25	100.0	fluoroquinolone antibiotic; diaminopyrimidine antibiotic; phenicol antibiotic	antibiotic efflux	resistance-nodulation-cell division (RND) antibiotic efflux pump	trimethoprim; chloramphenicol	True	plasmid_like		0.7525	
annual_wastewater_2017_2025	2024_ERR17001293	k141_745397	k141_745397_7 # 5707 # 7245 # -1 # ID=25525_7;partial=00;start_type=ATG;rbs_motif=GGAG/GAGG;rbs_spacer=5-10bp;gc_cont=0.563	emrB	3000074	Perfect	100.0	100.0	fluoroquinolone antibiotic	antibiotic efflux	major facilitator superfamily (MFS) antibiotic efflux pump	nalidixic acid	True	plasmid_like		0.7525	
annual_wastewater_2017_2025	2024_ERR17001293	k141_745397	k141_745397_8 # 7262 # 8434 # -1 # ID=25525_8;partial=00;start_type=ATG;rbs_motif=GGAG/GAGG;rbs_spacer=5-10bp;gc_cont=0.529	emrA	3000027	Strict	99.74	100.0	fluoroquinolone antibiotic	antibiotic efflux	major facilitator superfamily (MFS) antibiotic efflux pump	nalidixic acid	True	plasmid_like		0.7525	
annual_wastewater_2017_2025	2024_ERR17001293	k141_601507	k141_601507_1 # 1 # 921 # 1 # ID=26089_1;partial=10;start_type=Edge;rbs_motif=None;rbs_spacer=None;gc_cont=0.535	vanT gene in vanG cluster	3002972	Strict	33.57	42.98	glycopeptide antibiotic	antibiotic target alteration	glycopeptide resistance gene cluster; vanT	vancomycin	False	chromosome_like	1		
annual_wastewater_2017_2025	2024_ERR17001293	k141_164239	k141_164239_1 # 3 # 635 # 1 # ID=26540_1;partial=10;start_type=Edge;rbs_motif=None;rbs_spacer=None;gc_cont=0.619	vanY gene in vanA cluster	3002955	Strict	34.44	69.31	glycopeptide antibiotic	antibiotic target alteration	vanY; glycopeptide resistance gene cluster	vancomycin; teicoplanin	False	chromosome_like	1		
annual_wastewater_2017_2025	2024_ERR17001293	k141_746354	k141_746354_3 # 1679 # 3379 # 1 # ID=27101_3;partial=00;start_type=ATG;rbs_motif=GGA/GAG/AGG;rbs_spacer=5-10bp;gc_cont=0.594	ArnT	3005053	Strict	43.0	102.72	peptide antibiotic	antibiotic target alteration	pmr phosphoethanolamine transferase	colistin A; colistin B	False	chromosome_like	1		
annual_wastewater_2017_2025	2024_ERR17001293	k141_602665	k141_602665_5 # 3726 # 4520 # -1 # ID=27601_5;partial=00;start_type=ATG;rbs_motif=GGAGG;rbs_spacer=5-10bp;gc_cont=0.435	vanY gene in vanB cluster	3002956	Strict	30.41	98.51	glycopeptide antibiotic	antibiotic target alteration	vanY; glycopeptide resistance gene cluster	vancomycin	False	chromosome_like	1		
annual_wastewater_2017_2025	2024_ERR17001293	k141_165520	k141_165520_5 # 6835 # 8220 # -1 # ID=28270_5;partial=00;start_type=GTG;rbs_motif=None;rbs_spacer=None;gc_cont=0.499	vanW gene in vanI cluster	3003724	Strict	36.75	123.59	glycopeptide antibiotic	antibiotic target alteration	vanW; glycopeptide resistance gene cluster	vancomycin; teicoplanin	False	chromosome_like	1		
annual_wastewater_2017_2025	2024_ERR17001293	k141_1039330	k141_1039330_10 # 8770 # 10002 # 1 # ID=28350_10;partial=00;start_type=ATG;rbs_motif=None;rbs_spacer=None;gc_cont=0.524	Escherichia coli mdfA	3001328	Strict	96.83	100.0	tetracycline antibiotic; disinfecting agents and antiseptics	antibiotic efflux	major facilitator superfamily (MFS) antibiotic efflux pump	tetracycline; benzalkonium chloride	True	plasmid_like		0.8862	
annual_wastewater_2017_2025	2024_ERR17001293	k141_747439	k141_747439_1 # 3 # 701 # -1 # ID=28729_1;partial=10;start_type=ATG;rbs_motif=GGAGG;rbs_spacer=5-10bp;gc_cont=0.585	vanY gene in vanF cluster	3002958	Strict	41.41	79.52	glycopeptide antibiotic	antibiotic target alteration	vanY; glycopeptide resistance gene cluster	vancomycin	False	chromosome_like	1		
annual_wastewater_2017_2025	2024_ERR17001293	k141_747439	k141_747439_2 # 698 # 1417 # -1 # ID=28729_2;partial=00;start_type=ATG;rbs_motif=AGGAGG;rbs_spacer=5-10bp;gc_cont=0.604	vanY gene in vanF cluster	3002958	Strict	33.75	81.57	glycopeptide antibiotic	antibiotic target alteration	vanY; glycopeptide resistance gene cluster	vancomycin	False	chromosome_like	1		
annual_wastewater_2017_2025	2024_ERR17001293	k141_309655	k141_309655_2 # 288 # 611 # 1 # ID=28730_2;partial=00;start_type=ATG;rbs_motif=GGAG/GAGG;rbs_spacer=5-10bp;gc_cont=0.509	Escherichia coli soxS with mutation conferring antibiotic resistance	3003511	Strict	100.0	100.0	fluoroquinolone antibiotic; monobactam; carbapenem; cephalosporin; glycylcycline; cephamycin; penam; tetracycline antibiotic; rifamycin antibiotic; phenicol antibiotic; penem; disinfecting agents and antiseptics	antibiotic target alteration; antibiotic efflux; reduced permeability to antibiotic	ATP-binding cassette (ABC) antibiotic efflux pump; major facilitator superfamily (MFS) antibiotic efflux pump; resistance-nodulation-cell division (RND) antibiotic efflux pump; General Bacterial Porin with reduced permeability to beta-lactams	tigecycline; ciprofloxacin; tetracycline; rifampin; chloramphenicol; ampicillin; norfloxacin; cefalotin; triclosan; enrofloxacin	False	chromosome_like	1		
annual_wastewater_2017_2025	2024_ERR17001293	k141_166464	k141_166464_2 # 471 # 800 # 1 # ID=29654_2;partial=00;start_type=ATG;rbs_motif=AGGAG;rbs_spacer=5-10bp;gc_cont=0.352	qacG	3007015	Strict	43.4	101.87	disinfecting agents and antiseptics	antibiotic efflux	small multidrug resistance (SMR) antibiotic efflux pump	benzalkonium chloride	True	plasmid_like		0.9814	
annual_wastewater_2017_2025	2024_ERR17001293	k141_19430	k141_19430_1 # 113 # 2542 # 1 # ID=30979_1;partial=00;start_type=ATG;rbs_motif=None;rbs_spacer=None;gc_cont=0.403	vanT gene in vanG cluster	3002972	Strict	34.49	113.62	glycopeptide antibiotic	antibiotic target alteration	glycopeptide resistance gene cluster; vanT	vancomycin	False	chromosome_like	1		
annual_wastewater_2017_2025	2024_ERR17001293	k141_896256	k141_896256_2 # 247 # 1713 # 1 # ID=31895_2;partial=00;start_type=ATG;rbs_motif=AGGAG;rbs_spacer=5-10bp;gc_cont=0.560	mdtP	3003550	Strict	98.57	100.0	nucleoside antibiotic; disinfecting agents and antiseptics	antibiotic efflux	major facilitator superfamily (MFS) antibiotic efflux pump	acriflavine; puromycin	False	chromosome_like	1		
annual_wastewater_2017_2025	2024_ERR17001293	k141_896749	k141_896749_3 # 967 # 1323 # -1 # ID=32514_3;partial=01;start_type=Edge;rbs_motif=None;rbs_spacer=None;gc_cont=0.518	FosA8	3007371	Strict	57.63	83.69	phosphonic acid antibiotic	antibiotic inactivation	fosfomycin thiol transferase	fosfomycin	False	chromosome_like	1		
annual_wastewater_2017_2025	2024_ERR17001293	k141_750123	k141_750123_2 # 400 # 1473 # -1 # ID=32775_2;partial=00;start_type=ATG;rbs_motif=GGA/GAG/AGG;rbs_spacer=5-10bp;gc_cont=0.646	vanT gene in vanG cluster	3002972	Strict	33.15	50.14	glycopeptide antibiotic	antibiotic target alteration	glycopeptide resistance gene cluster; vanT	vancomycin	False	chromosome_like	1		
annual_wastewater_2017_2025	2024_ERR17001293	k141_168951	k141_168951_2 # 229 # 1410 # -1 # ID=33150_2;partial=00;start_type=ATG;rbs_motif=AGGAG/GGAGG;rbs_spacer=11-12bp;gc_cont=0.615	vanT gene in vanG cluster	3002972	Strict	37.03	55.2	glycopeptide antibiotic	antibiotic target alteration	glycopeptide resistance gene cluster; vanT	vancomycin	False	chromosome_like	1		
annual_wastewater_2017_2025	2024_ERR17001293	k141_1042771	k141_1042771_5 # 1561 # 1920 # -1 # ID=33274_5;partial=01;start_type=Edge;rbs_motif=None;rbs_spacer=None;gc_cont=0.497	nimD	3007106	Strict	99.16	72.56	nitroimidazole antibiotic	antibiotic inactivation	nitroimidazole reductase	metronidazole	False	chromosome_like	1		
annual_wastewater_2017_2025	2024_ERR17001293	k141_169114	k141_169114_2 # 418 # 3027 # -1 # ID=33358_2;partial=00;start_type=ATG;rbs_motif=None;rbs_spacer=None;gc_cont=0.456	tet(Q)	3000191	Strict	29.97	132.27	tetracycline antibiotic	antibiotic target protection	tetracycline-resistant ribosomal protection protein	tetracycline; doxycycline; minocycline; chlortetracycline; demeclocycline; oxytetracycline	False	chromosome_like	1		
annual_wastewater_2017_2025	2024_ERR17001293	k141_312908	k141_312908_2 # 2054 # 2686 # -1 # ID=33659_2;partial=00;start_type=ATG;rbs_motif=GGAG/GAGG;rbs_spacer=5-10bp;gc_cont=0.499	CRP	3000518	Strict	99.52	100.0	macrolide antibiotic; fluoroquinolone antibiotic; penam	antibiotic efflux	resistance-nodulation-cell division (RND) antibiotic efflux pump	erythromycin; cloxacillin; oxacillin; norfloxacin	False	chromosome_like	1		
annual_wastewater_2017_2025	2024_ERR17001293	k141_313121	k141_313121_1 # 233 # 802 # -1 # ID=33924_1;partial=00;start_type=ATG;rbs_motif=AGGAGG;rbs_spacer=5-10bp;gc_cont=0.526	vanY gene in vanB cluster	3002956	Strict	34.57	70.52	glycopeptide antibiotic	antibiotic target alteration	vanY; glycopeptide resistance gene cluster	vancomycin	False	chromosome_like	1		
annual_wastewater_2017_2025	2024_ERR17001293	k141_461915	k141_461915_4 # 2622 # 2882 # -1 # ID=34421_4;partial=01;start_type=Edge;rbs_motif=None;rbs_spacer=None;gc_cont=0.628	vanY gene in vanB cluster	3002956	Strict	48.53	32.09	glycopeptide antibiotic	antibiotic target alteration	vanY; glycopeptide resistance gene cluster	vancomycin	False	chromosome_like	1		
annual_wastewater_2017_2025	2024_ERR17001293	k141_751461	k141_751461_1 # 3 # 266 # 1 # ID=34631_1;partial=10;start_type=Edge;rbs_motif=None;rbs_spacer=None;gc_cont=0.545	qacJ	3007014	Strict	47.13	81.31	disinfecting agents and antiseptics	antibiotic efflux	small multidrug resistance (SMR) antibiotic efflux pump	benzalkonium chloride	False	chromosome_like	1		
annual_wastewater_2017_2025	2024_ERR17001293	k141_462348	k141_462348_2 # 1158 # 1502 # 1 # ID=34977_2;partial=00;start_type=ATG;rbs_motif=GGA/GAG/AGG;rbs_spacer=5-10bp;gc_cont=0.397	qacG	3007015	Strict	50.0	106.54	disinfecting agents and antiseptics	antibiotic efflux	small multidrug resistance (SMR) antibiotic efflux pump	benzalkonium chloride	False	chromosome_like	1		
annual_wastewater_2017_2025	2024_ERR17001293	k141_22225	k141_22225_3 # 2741 # 4444 # 1 # ID=35314_3;partial=00;start_type=ATG;rbs_motif=GGA/GAG/AGG;rbs_spacer=5-10bp;gc_cont=0.433	vanW gene in vanI cluster	3003724	Strict	39.06	152.01	glycopeptide antibiotic	antibiotic target alteration	vanW; glycopeptide resistance gene cluster	vancomycin; teicoplanin	False	chromosome_like	1		
annual_wastewater_2017_2025	2024_ERR17001293	k141_462813	k141_462813_2 # 263 # 1081 # 1 # ID=35585_2;partial=00;start_type=ATG;rbs_motif=GGA/GAG/AGG;rbs_spacer=5-10bp;gc_cont=0.650	vanY gene in vanB cluster	3002956	Strict	38.01	101.49	glycopeptide antibiotic	antibiotic target alteration	vanY; glycopeptide resistance gene cluster	vancomycin	False	chromosome_like	1		
annual_wastewater_2017_2025	2024_ERR17001293	k141_608832	k141_608832_1 # 3 # 554 # -1 # ID=35705_1;partial=10;start_type=ATG;rbs_motif=AGGAG;rbs_spacer=5-10bp;gc_cont=0.621	vanY gene in vanM cluster	3002961	Strict	33.03	78.97	glycopeptide antibiotic	antibiotic target alteration	vanY; glycopeptide resistance gene cluster	vancomycin; teicoplanin	False	chromosome_like	1		
annual_wastewater_2017_2025	2024_ERR17001293	k141_609766	k141_609766_3 # 2248 # 6615 # 1 # ID=36897_3;partial=00;start_type=ATG;rbs_motif=TAA;rbs_spacer=12bp;gc_cont=0.446	adeF	3000777	Strict	41.77	137.39	fluoroquinolone antibiotic; tetracycline antibiotic	antibiotic efflux	resistance-nodulation-cell division (RND) antibiotic efflux pump	tetracycline	False	chromosome_like	1		
annual_wastewater_2017_2025	2024_ERR17001293	k141_464005	k141_464005_3 # 1108 # 1452 # 1 # ID=37013_3;partial=00;start_type=ATG;rbs_motif=None;rbs_spacer=None;gc_cont=0.333	qacG	3007015	Strict	49.04	106.54	disinfecting agents and antiseptics	antibiotic efflux	small multidrug resistance (SMR) antibiotic efflux pump	benzalkonium chloride	True	plasmid_like		0.9947	
annual_wastewater_2017_2025	2024_ERR17001293	k141_1046069	k141_1046069_2 # 563 # 907 # -1 # ID=37792_2;partial=00;start_type=ATG;rbs_motif=GGA/GAG/AGG;rbs_spacer=5-10bp;gc_cont=0.380	qacG	3007015	Strict	48.11	106.54	disinfecting agents and antiseptics	antibiotic efflux	small multidrug resistance (SMR) antibiotic efflux pump	benzalkonium chloride	False	chromosome_like	1		
annual_wastewater_2017_2025	2024_ERR17001293	k141_611207	k141_611207_1 # 3 # 956 # -1 # ID=38673_1;partial=10;start_type=ATG;rbs_motif=None;rbs_spacer=None;gc_cont=0.543	vanW gene in vanI cluster	3003724	Strict	42.5	85.25	glycopeptide antibiotic	antibiotic target alteration	vanW; glycopeptide resistance gene cluster	vancomycin; teicoplanin	False	chromosome_like	1		
annual_wastewater_2017_2025	2024_ERR17001293	k141_465237	k141_465237_2 # 1312 # 3432 # 1 # ID=38736_2;partial=01;start_type=ATG;rbs_motif=GGA/GAG/AGG;rbs_spacer=5-10bp;gc_cont=0.445	adeF	3000777	Strict	59.2	66.76	fluoroquinolone antibiotic; tetracycline antibiotic	antibiotic efflux	resistance-nodulation-cell division (RND) antibiotic efflux pump	tetracycline	False	chromosome_like	1		
annual_wastewater_2017_2025	2024_ERR17001293	k141_173699	k141_173699_2 # 249 # 1304 # -1 # ID=39410_2;partial=00;start_type=ATG;rbs_motif=AGxAGG/AGGxGG;rbs_spacer=5-10bp;gc_cont=0.348	vanG	3002909	Strict	42.45	100.57	glycopeptide antibiotic	antibiotic target alteration	glycopeptide resistance gene cluster; Van ligase	vancomycin	False	chromosome_like	1		
annual_wastewater_2017_2025	2024_ERR17001293	k141_466552	k141_466552_2 # 339 # 1061 # 1 # ID=40335_2;partial=00;start_type=ATG;rbs_motif=GGA/GAG/AGG;rbs_spacer=5-10bp;gc_cont=0.531	baeR	3000828	Strict	99.17	100.0	aminoglycoside antibiotic; aminocoumarin antibiotic	antibiotic efflux	resistance-nodulation-cell division (RND) antibiotic efflux pump	novobiocin	False	chromosome_like	1		
annual_wastewater_2017_2025	2024_ERR17001293	k141_902178	k141_902178_1 # 2 # 2824 # -1 # ID=40569_1;partial=10;start_type=ATG;rbs_motif=GGA/GAG/AGG;rbs_spacer=11-12bp;gc_cont=0.584	adeF	3000777	Strict	65.99	88.86	fluoroquinolone antibiotic; tetracycline antibiotic	antibiotic efflux	resistance-nodulation-cell division (RND) antibiotic efflux pump	tetracycline	True	plasmid_like		0.8688	
annual_wastewater_2017_2025	2024_ERR17001293	k141_755880	k141_755880_4 # 1207 # 2760 # 1 # ID=40948_4;partial=00;start_type=ATG;rbs_motif=GGAG/GAGG;rbs_spacer=5-10bp;gc_cont=0.536	vanW gene in vanI cluster	3003724	Strict	38.83	138.61	glycopeptide antibiotic	antibiotic target alteration	vanW; glycopeptide resistance gene cluster	vancomycin; teicoplanin	False	chromosome_like	1		
annual_wastewater_2017_2025	2024_ERR17001293	k141_755955	k141_755955_4 # 2955 # 3764 # 1 # ID=41102_4;partial=00;start_type=ATG;rbs_motif=GGAG/GAGG;rbs_spacer=5-10bp;gc_cont=0.573	vanW gene in vanG cluster	3002965	Strict	30.54	95.73	glycopeptide antibiotic	antibiotic target alteration	vanW; glycopeptide resistance gene cluster	vancomycin	False	chromosome_like	1		
annual_wastewater_2017_2025	2024_ERR17001293	k141_176123	k141_176123_2 # 1031 # 1474 # -1 # ID=42431_2;partial=01;start_type=Edge;rbs_motif=None;rbs_spacer=None;gc_cont=0.595	Pseudomonas aeruginosa soxR	3004107	Strict	71.13	94.23	fluoroquinolone antibiotic; cephalosporin; glycylcycline; penam; tetracycline antibiotic; rifamycin antibiotic; phenicol antibiotic; disinfecting agents and antiseptics	antibiotic target alteration; antibiotic efflux	ATP-binding cassette (ABC) antibiotic efflux pump; major facilitator superfamily (MFS) antibiotic efflux pump; resistance-nodulation-cell division (RND) antibiotic efflux pump	tigecycline; ciprofloxacin; acriflavine; tetracycline; rifampin; chloramphenicol; ampicillin; norfloxacin; cefalotin; triclosan	False	chromosome_like	1		
annual_wastewater_2017_2025	2024_ERR17001293	k141_176363	k141_176363_2 # 695 # 1018 # 1 # ID=42775_2;partial=00;start_type=ATG;rbs_motif=GGA/GAG/AGG;rbs_spacer=5-10bp;gc_cont=0.370	qacJ	3007014	Strict	53.27	100.0	disinfecting agents and antiseptics	antibiotic efflux	small multidrug resistance (SMR) antibiotic efflux pump	benzalkonium chloride	True	plasmid_like		0.9925	
annual_wastewater_2017_2025	2024_ERR17001293	k141_176435	k141_176435_2 # 434 # 1264 # -1 # ID=42842_2;partial=00;start_type=ATG;rbs_motif=AGxAGG/AGGxGG;rbs_spacer=5-10bp;gc_cont=0.626	vanY gene in vanB cluster	3002956	Strict	31.18	102.99	glycopeptide antibiotic	antibiotic target alteration	vanY; glycopeptide resistance gene cluster	vancomycin	False	chromosome_like	1		
annual_wastewater_2017_2025	2024_ERR17001293	k141_1049972	k141_1049972_2 # 474 # 1667 # 1 # ID=42863_2;partial=00;start_type=ATG;rbs_motif=AGGAG/GGAGG;rbs_spacer=11-12bp;gc_cont=0.350	mefJ	3007049	Strict	99.24	100.0	macrolide antibiotic	antibiotic efflux	major facilitator superfamily (MFS) antibiotic efflux pump		False	chromosome_like	1		
annual_wastewater_2017_2025	2024_ERR17001293	k141_320142	k141_320142_1 # 137 # 979 # 1 # ID=43770_1;partial=00;start_type=ATG;rbs_motif=TAA;rbs_spacer=11bp;gc_cont=0.374	OXA-58	3001611	Perfect	100.0	100.0	carbapenem; cephalosporin; penam	antibiotic inactivation	OXA beta-lactamase	cloxacillin; oxacillin; cefalotin	False	chromosome_like	1		
annual_wastewater_2017_2025	2024_ERR17001293	k141_28261	k141_28261_3 # 2429 # 3457 # 1 # ID=43962_3;partial=00;start_type=ATG;rbs_motif=AGGAG;rbs_spacer=5-10bp;gc_cont=0.326	cfrC	3004146	Strict	94.44	99.42	lincosamide antibiotic; streptogramin antibiotic; oxazolidinone antibiotic; phenicol antibiotic	antibiotic target alteration	Cfr 23S ribosomal RNA methyltransferase	chloramphenicol; florfenicol	False	chromosome_like	1		
annual_wastewater_2017_2025	2024_ERR17001293	k141_28437	k141_28437_9 # 7286 # 8380 # -1 # ID=44192_9;partial=00;start_type=ATG;rbs_motif=GGA/GAG/AGG;rbs_spacer=5-10bp;gc_cont=0.512	vanG	3002909	Strict	38.23	104.3	glycopeptide antibiotic	antibiotic target alteration	glycopeptide resistance gene cluster; Van ligase	vancomycin	False	chromosome_like	1		
annual_wastewater_2017_2025	2024_ERR17001293	k141_320525	k141_320525_7 # 3149 # 4363 # -1 # ID=44235_7;partial=00;start_type=TTG;rbs_motif=TAAAAA;rbs_spacer=9bp;gc_cont=0.532	vanT gene in vanG cluster	3002972	Strict	36.51	56.74	glycopeptide antibiotic	antibiotic target alteration	glycopeptide resistance gene cluster; vanT	vancomycin	False	chromosome_like	1		
annual_wastewater_2017_2025	2024_ERR17001293	k141_320604	k141_320604_1 # 86 # 907 # -1 # ID=44300_1;partial=00;start_type=ATG;rbs_motif=GGA/GAG/AGG;rbs_spacer=5-10bp;gc_cont=0.528	bacA	3002986	Perfect	100.0	100.0	peptide antibiotic	antibiotic target alteration	undecaprenyl pyrophosphate related proteins	bacitracin; bacitracin A; bacitracin B; bacitracin F	False	chromosome_like	1		
annual_wastewater_2017_2025	2024_ERR17001293	k141_321632	k141_321632_5 # 6921 # 8129 # -1 # ID=45781_5;partial=00;start_type=ATG;rbs_motif=GGA/GAG/AGG;rbs_spacer=5-10bp;gc_cont=0.599	vanT gene in vanG cluster	3002972	Strict	35.11	56.46	glycopeptide antibiotic	antibiotic target alteration	glycopeptide resistance gene cluster; vanT	vancomycin	False	chromosome_like	1		
annual_wastewater_2017_2025	2024_ERR17001293	k141_321881	k141_321881_3 # 1376 # 1909 # -1 # ID=46100_3;partial=01;start_type=Edge;rbs_motif=None;rbs_spacer=None;gc_cont=0.530	tet(W)	3000194	Strict	98.87	27.7	tetracycline antibiotic	antibiotic target protection	tetracycline-resistant ribosomal protection protein	tetracycline; doxycycline; minocycline; chlortetracycline; demeclocycline; oxytetracycline	False	chromosome_like	1		
annual_wastewater_2017_2025	2024_ERR17001293	k141_617918	k141_617918_1 # 177 # 1499 # 1 # ID=47348_1;partial=00;start_type=ATG;rbs_motif=GGAG/GAGG;rbs_spacer=5-10bp;gc_cont=0.613	Acinetobacter baumannii AbaQ	3004574	Strict	72.81	101.38	fluoroquinolone antibiotic	antibiotic efflux	major facilitator superfamily (MFS) antibiotic efflux pump		False	chromosome_like	1		
annual_wastewater_2017_2025	2024_ERR17001293	k141_1053940	k141_1053940_1 # 3 # 464 # 1 # ID=48518_1;partial=10;start_type=Edge;rbs_motif=None;rbs_spacer=None;gc_cont=0.515	Escherichia coli soxR with mutation conferring antibiotic resistance	3003381	Strict	99.35	99.35	fluoroquinolone antibiotic; cephalosporin; glycylcycline; penam; tetracycline antibiotic; rifamycin antibiotic; phenicol antibiotic; disinfecting agents and antiseptics	antibiotic target alteration; antibiotic efflux	ATP-binding cassette (ABC) antibiotic efflux pump; major facilitator superfamily (MFS) antibiotic efflux pump; resistance-nodulation-cell division (RND) antibiotic efflux pump	tigecycline; ciprofloxacin; tetracycline; rifampin; chloramphenicol; ampicillin; nalidixic acid; norfloxacin; cefalotin; triclosan	False	chromosome_like	1		
annual_wastewater_2017_2025	2024_ERR17001293	k141_181631	k141_181631_1 # 3 # 1109 # 1 # ID=49704_1;partial=11;start_type=Edge;rbs_motif=None;rbs_spacer=None;gc_cont=0.312	EreD	3004608	Strict	98.92	90.44	macrolide antibiotic	antibiotic inactivation	macrolide esterase	erythromycin	False	chromosome_like	1		
annual_wastewater_2017_2025	2024_ERR17001293	k141_1054965	k141_1054965_2 # 1440 # 4619 # 1 # ID=49822_2;partial=00;start_type=ATG;rbs_motif=GGA/GAG/AGG;rbs_spacer=11-12bp;gc_cont=0.577	adeF	3000777	Strict	66.25	100.0	fluoroquinolone antibiotic; tetracycline antibiotic	antibiotic efflux	resistance-nodulation-cell division (RND) antibiotic efflux pump	tetracycline	False	chromosome_like	1		
annual_wastewater_2017_2025	2024_ERR17001293	k141_181716	k141_181716_1 # 150 # 953 # -1 # ID=49823_1;partial=00;start_type=ATG;rbs_motif=GGA/GAG/AGG;rbs_spacer=3-4bp;gc_cont=0.398	OXA-129	3001811	Perfect	100.0	100.0	carbapenem; cephalosporin; penam	antibiotic inactivation	OXA beta-lactamase	cloxacillin; oxacillin; cefalotin	False	chromosome_like	1		
annual_wastewater_2017_2025	2024_ERR17001293	k141_1055269	k141_1055269_1 # 3 # 467 # -1 # ID=50189_1;partial=10;start_type=ATG;rbs_motif=GGA/GAG/AGG;rbs_spacer=5-10bp;gc_cont=0.432	vanW gene in vanG cluster	3002965	Strict	34.53	55.16	glycopeptide antibiotic	antibiotic target alteration	vanW; glycopeptide resistance gene cluster	vancomycin	False	chromosome_like	1		
annual_wastewater_2017_2025	2024_ERR17001293	k141_325378	k141_325378_3 # 2840 # 5938 # -1 # ID=50583_3;partial=00;start_type=ATG;rbs_motif=AGGAGG;rbs_spacer=5-10bp;gc_cont=0.581	adeF	3000777	Strict	42.03	97.45	fluoroquinolone antibiotic; tetracycline antibiotic	antibiotic efflux	resistance-nodulation-cell division (RND) antibiotic efflux pump	tetracycline	False	chromosome_like	1		
annual_wastewater_2017_2025	2024_ERR17001293	k141_909864	k141_909864_3 # 1092 # 1931 # -1 # ID=51593_3;partial=00;start_type=ATG;rbs_motif=GGAGG;rbs_spacer=5-10bp;gc_cont=0.617	sul1	3000410	Perfect	100.0	100.0	sulfonamide antibiotic	antibiotic target replacement	sulfonamide resistant sul	sulfadiazine; sulfadimidine; sulfadoxine; sulfamethoxazole; sulfisoxazole; sulfacetamide; mafenide; sulfasalazine; sulfamethizole	True	plasmid_like		0.8789	
annual_wastewater_2017_2025	2024_ERR17001293	k141_909864	k141_909864_4 # 1925 # 2272 # -1 # ID=51593_4;partial=00;start_type=ATG;rbs_motif=GGAG/GAGG;rbs_spacer=5-10bp;gc_cont=0.497	qacEdelta1	3005010	Perfect	100.0	100.0	disinfecting agents and antiseptics	antibiotic efflux	major facilitator superfamily (MFS) antibiotic efflux pump		True	plasmid_like		0.8789	
annual_wastewater_2017_2025	2024_ERR17001293	k141_911002	k141_911002_17 # 13692 # 14015 # 1 # ID=53214_17;partial=00;start_type=ATG;rbs_motif=AGGAGG;rbs_spacer=5-10bp;gc_cont=0.463	qacG	3007015	Strict	49.53	100.0	disinfecting agents and antiseptics	antibiotic efflux	small multidrug resistance (SMR) antibiotic efflux pump	benzalkonium chloride	False	chromosome_like	1		
annual_wastewater_2017_2025	2024_ERR17001293	k141_327531	k141_327531_3 # 1380 # 4517 # -1 # ID=53405_3;partial=00;start_type=ATG;rbs_motif=TAAA;rbs_spacer=11bp;gc_cont=0.511	adeF	3000777	Strict	43.5	98.68	fluoroquinolone antibiotic; tetracycline antibiotic	antibiotic efflux	resistance-nodulation-cell division (RND) antibiotic efflux pump	tetracycline	False	chromosome_like	1		
annual_wastewater_2017_2025	2024_ERR17001293	k141_477490	k141_477490_2 # 141 # 1034 # 1 # ID=54231_2;partial=00;start_type=TTG;rbs_motif=AGGA/GGAG/GAGG;rbs_spacer=11-12bp;gc_cont=0.496	vanY gene in vanG cluster	3002959	Strict	42.19	106.45	glycopeptide antibiotic	antibiotic target alteration	vanY; glycopeptide resistance gene cluster	vancomycin	False	chromosome_like	1		
annual_wastewater_2017_2025	2024_ERR17001293	k141_185075	k141_185075_4 # 1763 # 2947 # -1 # ID=54389_4;partial=00;start_type=ATG;rbs_motif=GGAG/GAGG;rbs_spacer=5-10bp;gc_cont=0.533	Escherichia coli EF-Tu mutants conferring resistance to Pulvomycin	3003369	Strict	99.75	96.33	elfamycin antibiotic	antibiotic target alteration	elfamycin resistant EF-Tu	pulvomycin	False	chromosome_like	1		
annual_wastewater_2017_2025	2024_ERR17001293	k141_477702	k141_477702_3 # 2637 # 4403 # -1 # ID=54528_3;partial=00;start_type=ATG;rbs_motif=AGGA/GGAG/GAGG;rbs_spacer=11-12bp;gc_cont=0.539	Haemophilus influenzae PBP3 conferring resistance to beta-lactam antibiotics	3004446	Strict	53.29	96.39	cephalosporin; cephamycin; penam	antibiotic target alteration	Penicillin-binding protein mutations conferring resistance to beta-lactam antibiotics	ceftriaxone; ampicillin; cefaclor; cefotaxime; cefditoren; cefdinir	False	chromosome_like	1		
annual_wastewater_2017_2025	2024_ERR17001293	k141_912627	k141_912627_2 # 355 # 855 # -1 # ID=55504_2;partial=00;start_type=ATG;rbs_motif=AGGAG;rbs_spacer=5-10bp;gc_cont=0.331	nimJ	3007112	Strict	60.13	100.61	nitroimidazole antibiotic	antibiotic inactivation	nitroimidazole reductase	metronidazole	False	chromosome_like	1		
annual_wastewater_2017_2025	2024_ERR17001293	k141_1059250	k141_1059250_3 # 402 # 1499 # -1 # ID=55650_3;partial=00;start_type=ATG;rbs_motif=GGAG/GAGG;rbs_spacer=5-10bp;gc_cont=0.617	vanG	3002909	Strict	37.4	104.58	glycopeptide antibiotic	antibiotic target alteration	glycopeptide resistance gene cluster; Van ligase	vancomycin	False	chromosome_like	1		
annual_wastewater_2017_2025	2024_ERR17001293	k141_912772	k141_912772_5 # 2283 # 4844 # -1 # ID=55854_5;partial=00;start_type=GTG;rbs_motif=AAAA;rbs_spacer=3bp;gc_cont=0.365	vanT gene in vanG cluster	3002972	Strict	35.31	119.8	glycopeptide antibiotic	antibiotic target alteration	glycopeptide resistance gene cluster; vanT	vancomycin	False	chromosome_like	1		
annual_wastewater_2017_2025	2024_ERR17001293	k141_186831	k141_186831_3 # 1055 # 2293 # -1 # ID=56705_3;partial=00;start_type=ATG;rbs_motif=None;rbs_spacer=None;gc_cont=0.467	Escherichia coli EF-Tu mutants conferring resistance to Pulvomycin	3003369	Strict	87.53	100.73	elfamycin antibiotic	antibiotic target alteration	elfamycin resistant EF-Tu	pulvomycin	False	chromosome_like	1		
annual_wastewater_2017_2025	2024_ERR17001293	k141_1060584	k141_1060584_4 # 1332 # 1955 # 1 # ID=57324_4;partial=00;start_type=ATG;rbs_motif=GGAGG;rbs_spacer=5-10bp;gc_cont=0.356	catS	3002688	Strict	98.17	126.22	phenicol antibiotic	antibiotic inactivation	chloramphenicol acetyltransferase (CAT)	azidamfenicol; chloramphenicol; thiamphenicol	True	plasmid_like		0.772	
annual_wastewater_2017_2025	2024_ERR17001293	k141_37844	k141_37844_2 # 306 # 1478 # 1 # ID=57781_2;partial=00;start_type=ATG;rbs_motif=GGA/GAG/AGG;rbs_spacer=11-12bp;gc_cont=0.593	vanY gene in vanF cluster	3002958	Strict	25.09	133.11	glycopeptide antibiotic	antibiotic target alteration	vanY; glycopeptide resistance gene cluster	vancomycin	False	chromosome_like	1		
annual_wastewater_2017_2025	2024_ERR17001293	k141_38132	k141_38132_2 # 153 # 695 # 1 # ID=58208_2;partial=00;start_type=GTG;rbs_motif=AGxAGG/AGGxGG;rbs_spacer=5-10bp;gc_cont=0.378	SAT-4	3002897	Strict	99.44	100.0	nucleoside antibiotic	antibiotic inactivation	streptothricin acetyltransferase (SAT)	streptothricin	False	chromosome_like	1		
annual_wastewater_2017_2025	2024_ERR17001293	k141_38132	k141_38132_3 # 788 # 1582 # 1 # ID=58208_3;partial=00;start_type=ATG;rbs_motif=AGGA;rbs_spacer=5-10bp;gc_cont=0.449	APH(3')-IIIa	3002647	Perfect	100.0	100.0	aminoglycoside antibiotic	antibiotic inactivation	APH(3')	neomycin; amikacin; ribostamycin; butirosin; kanamycin A; isepamicin; gentamicin B; paromomycin; lividomycin; gentamicin	False	chromosome_like	1		
annual_wastewater_2017_2025	2024_ERR17001293	k141_481459	k141_481459_1 # 41 # 913 # 1 # ID=59103_1;partial=00;start_type=ATG;rbs_motif=AGGA;rbs_spacer=5-10bp;gc_cont=0.490	vanY gene in vanB cluster	3002956	Strict	34.56	108.21	glycopeptide antibiotic	antibiotic target alteration	vanY; glycopeptide resistance gene cluster	vancomycin	False	chromosome_like	1		
annual_wastewater_2017_2025	2024_ERR17001293	k141_38885	k141_38885_1 # 2 # 1411 # -1 # ID=59411_1;partial=10;start_type=ATG;rbs_motif=GGAGG;rbs_spacer=5-10bp;gc_cont=0.365	tet(M)	3000186	Strict	95.53	73.55	tetracycline antibiotic	antibiotic target protection	tetracycline-resistant ribosomal protection protein	tetracycline; doxycycline; minocycline; chlortetracycline; demeclocycline; oxytetracycline	False	chromosome_like	1		
annual_wastewater_2017_2025	2024_ERR17001293	k141_189142	k141_189142_1 # 47 # 3175 # -1 # ID=59865_1;partial=00;start_type=ATG;rbs_motif=None;rbs_spacer=None;gc_cont=0.470	adeF	3000777	Strict	42.15	98.39	fluoroquinolone antibiotic; tetracycline antibiotic	antibiotic efflux	resistance-nodulation-cell division (RND) antibiotic efflux pump	tetracycline	False	chromosome_like	1		
annual_wastewater_2017_2025	2024_ERR17001293	k141_189221	k141_189221_2 # 622 # 939 # -1 # ID=60002_2;partial=00;start_type=ATG;rbs_motif=GGA/GAG/AGG;rbs_spacer=5-10bp;gc_cont=0.274	qacJ	3007014	Strict	42.16	98.13	disinfecting agents and antiseptics	antibiotic efflux	small multidrug resistance (SMR) antibiotic efflux pump	benzalkonium chloride	False	chromosome_like	1		
annual_wastewater_2017_2025	2024_ERR17001293	k141_39731	k141_39731_5 # 2556 # 3761 # -1 # ID=60606_5;partial=00;start_type=ATG;rbs_motif=None;rbs_spacer=None;gc_cont=0.413	Mef(En2)	3004659	Strict	99.5	100.0	macrolide antibiotic	antibiotic efflux	major facilitator superfamily (MFS) antibiotic efflux pump		True	plasmid_like		0.9822	
annual_wastewater_2017_2025	2024_ERR17001293	k141_917081	k141_917081_4 # 1694 # 4477 # -1 # ID=61697_4;partial=00;start_type=ATG;rbs_motif=GGA/GAG/AGG;rbs_spacer=11-12bp;gc_cont=0.487	tet(36)	3000197	Strict	29.95	144.84	tetracycline antibiotic	antibiotic target protection	tetracycline-resistant ribosomal protection protein	tetracycline; doxycycline; minocycline; chlortetracycline; demeclocycline; oxytetracycline	False	chromosome_like	1		
annual_wastewater_2017_2025	2024_ERR17001293	k141_770596	k141_770596_2 # 359 # 769 # 1 # ID=62004_2;partial=00;start_type=ATG;rbs_motif=AGGA;rbs_spacer=5-10bp;gc_cont=0.613	FosA8	3007371	Strict	60.29	96.45	phosphonic acid antibiotic	antibiotic inactivation	fosfomycin thiol transferase	fosfomycin	False	chromosome_like	1		
annual_wastewater_2017_2025	2024_ERR17001293	k141_40979	k141_40979_2 # 1002 # 1778 # -1 # ID=62128_2;partial=01;start_type=Edge;rbs_motif=None;rbs_spacer=None;gc_cont=0.516	vanW gene in vanI cluster	3003724	Strict	42.73	69.17	glycopeptide antibiotic	antibiotic target alteration	vanW; glycopeptide resistance gene cluster	vancomycin; teicoplanin	False	chromosome_like	1		
annual_wastewater_2017_2025	2024_ERR17001293	k141_483890	k141_483890_7 # 9453 # 10448 # 1 # ID=62310_7;partial=00;start_type=ATG;rbs_motif=None;rbs_spacer=None;gc_cont=0.602	vanH gene in vanB cluster	3002943	Strict	35.99	102.48	glycopeptide antibiotic	antibiotic target alteration	vanH; glycopeptide resistance gene cluster	vancomycin	False	chromosome_like	1		
annual_wastewater_2017_2025	2024_ERR17001293	k141_484859	k141_484859_3 # 1981 # 2937 # 1 # ID=63548_3;partial=01;start_type=ATG;rbs_motif=GGAG/GAGG;rbs_spacer=5-10bp;gc_cont=0.440	vanT gene in vanG cluster	3002972	Strict	36.02	44.8	glycopeptide antibiotic	antibiotic target alteration	glycopeptide resistance gene cluster; vanT	vancomycin	False	chromosome_like	1		
annual_wastewater_2017_2025	2024_ERR17001293	k141_42194	k141_42194_2 # 261 # 2060 # -1 # ID=63689_2;partial=01;start_type=Edge;rbs_motif=None;rbs_spacer=None;gc_cont=0.372	vanT gene in vanG cluster	3002972	Strict	35.15	84.13	glycopeptide antibiotic	antibiotic target alteration	glycopeptide resistance gene cluster; vanT	vancomycin	False	chromosome_like	1		
annual_wastewater_2017_2025	2024_ERR17001293	k141_42629	k141_42629_9 # 11560 # 12630 # 1 # ID=64258_9;partial=00;start_type=ATG;rbs_motif=AGGAG;rbs_spacer=5-10bp;gc_cont=0.287	vanT gene in vanG cluster	3002972	Strict	33.79	50.0	glycopeptide antibiotic	antibiotic target alteration	glycopeptide resistance gene cluster; vanT	vancomycin	False	chromosome_like	1		
annual_wastewater_2017_2025	2024_ERR17001293	k141_43554	k141_43554_3 # 2219 # 3103 # -1 # ID=65525_3;partial=00;start_type=ATG;rbs_motif=TAA;rbs_spacer=12bp;gc_cont=0.365	mphE	3003741	Perfect	100.0	100.0	macrolide antibiotic	antibiotic inactivation	macrolide phosphotransferase (MPH)	erythromycin	True	plasmid_like		0.9826	
annual_wastewater_2017_2025	2024_ERR17001293	k141_43554	k141_43554_4 # 3159 # 4634 # -1 # ID=65525_4;partial=00;start_type=ATG;rbs_motif=TAAA;rbs_spacer=5bp;gc_cont=0.399	msrE	3003109	Perfect	100.0	100.0	macrolide antibiotic; streptogramin antibiotic	antibiotic target protection	msr-type ABC-F protein	erythromycin	True	plasmid_like		0.9826	
annual_wastewater_2017_2025	2024_ERR17001293	k141_919828	k141_919828_2 # 1202 # 4312 # -1 # ID=65658_2;partial=00;start_type=ATG;rbs_motif=AAA;rbs_spacer=11bp;gc_cont=0.474	adeF	3000777	Strict	42.42	97.83	fluoroquinolone antibiotic; tetracycline antibiotic	antibiotic efflux	resistance-nodulation-cell division (RND) antibiotic efflux pump	tetracycline	False	chromosome_like	1		
annual_wastewater_2017_2025	2024_ERR17001293	k141_773604	k141_773604_2 # 1050 # 1862 # -1 # ID=66199_2;partial=00;start_type=ATG;rbs_motif=GGA/GAG/AGG;rbs_spacer=5-10bp;gc_cont=0.659	vanY gene in vanB cluster	3002956	Strict	30.81	100.75	glycopeptide antibiotic	antibiotic target alteration	vanY; glycopeptide resistance gene cluster	vancomycin	False	chromosome_like	1		
annual_wastewater_2017_2025	2024_ERR17001293	k141_194338	k141_194338_2 # 129 # 1163 # 1 # ID=66534_2;partial=00;start_type=ATG;rbs_motif=AGGAG;rbs_spacer=5-10bp;gc_cont=0.437	cfrE	3005023	Perfect	100.0	100.0	lincosamide antibiotic; streptogramin antibiotic; oxazolidinone antibiotic; phenicol antibiotic	antibiotic target alteration	Cfr 23S ribosomal RNA methyltransferase		True	plasmid_like		0.835	
annual_wastewater_2017_2025	2024_ERR17001293	k141_195047	k141_195047_11 # 7257 # 10355 # 1 # ID=67444_11;partial=00;start_type=ATG;rbs_motif=TAAAAA;rbs_spacer=6bp;gc_cont=0.522	adeF	3000777	Strict	42.16	97.45	fluoroquinolone antibiotic; tetracycline antibiotic	antibiotic efflux	resistance-nodulation-cell division (RND) antibiotic efflux pump	tetracycline	False	chromosome_like	1		
annual_wastewater_2017_2025	2024_ERR17001293	k141_45128	k141_45128_3 # 3075 # 4253 # 1 # ID=67518_3;partial=00;start_type=ATG;rbs_motif=GGAG/GAGG;rbs_spacer=5-10bp;gc_cont=0.414	vanT gene in vanG cluster	3002972	Strict	39.04	55.06	glycopeptide antibiotic	antibiotic target alteration	glycopeptide resistance gene cluster; vanT	vancomycin	False	chromosome_like	1		
annual_wastewater_2017_2025	2024_ERR17001293	k141_45279	k141_45279_6 # 5007 # 6164 # -1 # ID=67722_6;partial=00;start_type=ATG;rbs_motif=GGAG/GAGG;rbs_spacer=5-10bp;gc_cont=0.525	AcrE	3000499	Perfect	100.0	100.0	fluoroquinolone antibiotic; cephalosporin; cephamycin; penam	antibiotic efflux	resistance-nodulation-cell division (RND) antibiotic efflux pump	ciprofloxacin	False	chromosome_like	1		
annual_wastewater_2017_2025	2024_ERR17001293	k141_45279	k141_45279_7 # 6563 # 7225 # 1 # ID=67722_7;partial=00;start_type=ATG;rbs_motif=None;rbs_spacer=None;gc_cont=0.440	AcrS	3000656	Strict	99.55	100.0	fluoroquinolone antibiotic; cephalosporin; glycylcycline; cephamycin; penam; tetracycline antibiotic; rifamycin antibiotic; phenicol antibiotic; disinfecting agents and antiseptics	antibiotic efflux	resistance-nodulation-cell division (RND) antibiotic efflux pump	tigecycline; ciprofloxacin; tetracycline; rifampin; chloramphenicol; ampicillin; cefalotin; triclosan	False	chromosome_like	1		
annual_wastewater_2017_2025	2024_ERR17001293	k141_338655	k141_338655_4 # 2560 # 2883 # 1 # ID=67762_4;partial=00;start_type=ATG;rbs_motif=AGGAG;rbs_spacer=5-10bp;gc_cont=0.475	qacJ	3007014	Strict	37.74	100.0	disinfecting agents and antiseptics	antibiotic efflux	small multidrug resistance (SMR) antibiotic efflux pump	benzalkonium chloride	False	chromosome_like	1		
annual_wastewater_2017_2025	2024_ERR17001293	k141_635086	k141_635086_3 # 1660 # 2496 # -1 # ID=68975_3;partial=00;start_type=ATG;rbs_motif=None;rbs_spacer=None;gc_cont=0.559	APH(6)-Id	3002660	Strict	99.64	100.0	aminoglycoside antibiotic	antibiotic inactivation	APH(6)	streptomycin	True	plasmid_like		0.9711	
annual_wastewater_2017_2025	2024_ERR17001293	k141_635086	k141_635086_4 # 2496 # 3299 # -1 # ID=68975_4;partial=00;start_type=TTG;rbs_motif=AGGA;rbs_spacer=5-10bp;gc_cont=0.562	APH(3'')-Ib	3002639	Strict	99.63	100.0	aminoglycoside antibiotic	antibiotic inactivation	APH(3'')	streptomycin	True	plasmid_like		0.9711	
annual_wastewater_2017_2025	2024_ERR17001293	k141_777233	k141_777233_5 # 2688 # 3824 # -1 # ID=70813_5;partial=01;start_type=Edge;rbs_motif=None;rbs_spacer=None;gc_cont=0.423	vanT gene in vanG cluster	3002972	Strict	35.33	53.09	glycopeptide antibiotic	antibiotic target alteration	glycopeptide resistance gene cluster; vanT	vancomycin	False	chromosome_like	1		
annual_wastewater_2017_2025	2024_ERR17001293	k141_777420	k141_777420_7 # 5924 # 7075 # 1 # ID=71105_7;partial=00;start_type=ATG;rbs_motif=GGAG/GAGG;rbs_spacer=5-10bp;gc_cont=0.632	MOX-9	3002191	Strict	99.48	100.0	cephalosporin; cephamycin; penam	antibiotic inactivation	MOX beta-lactamase		False	chromosome_like	1		
annual_wastewater_2017_2025	2024_ERR17001293	k141_47989	k141_47989_2 # 281 # 2362 # -1 # ID=71154_2;partial=00;start_type=ATG;rbs_motif=GGA/GAG/AGG;rbs_spacer=5-10bp;gc_cont=0.607	vanT gene in vanG cluster	3002972	Strict	45.9	97.33	glycopeptide antibiotic	antibiotic target alteration	glycopeptide resistance gene cluster; vanT	vancomycin	False	chromosome_like	1		
annual_wastewater_2017_2025	2024_ERR17001293	k141_47989	k141_47989_3 # 2349 # 3101 # -1 # ID=71154_3;partial=00;start_type=ATG;rbs_motif=3Base/5BMM;rbs_spacer=13-15bp;gc_cont=0.625	vanXY gene in vanG cluster	3003069	Strict	47.83	98.43	glycopeptide antibiotic	antibiotic target alteration	glycopeptide resistance gene cluster; vanXY	vancomycin	False	chromosome_like	1		
annual_wastewater_2017_2025	2024_ERR17001293	k141_47989	k141_47989_4 # 3098 # 4138 # -1 # ID=71154_4;partial=00;start_type=ATG;rbs_motif=AGGAG;rbs_spacer=5-10bp;gc_cont=0.634	vanG	3002909	Strict	57.68	99.14	glycopeptide antibiotic	antibiotic target alteration	glycopeptide resistance gene cluster; Van ligase	vancomycin	False	chromosome_like	1		
annual_wastewater_2017_2025	2024_ERR17001293	k141_198715	k141_198715_4 # 2033 # 2449 # 1 # ID=71931_4;partial=00;start_type=ATG;rbs_motif=GGA/GAG/AGG;rbs_spacer=5-10bp;gc_cont=0.616	FosA8	3007371	Strict	60.29	97.87	phosphonic acid antibiotic	antibiotic inactivation	fosfomycin thiol transferase	fosfomycin	False	chromosome_like	1		
annual_wastewater_2017_2025	2024_ERR17001293	k141_924383	k141_924383_1 # 3 # 2387 # -1 # ID=71957_1;partial=10;start_type=ATG;rbs_motif=None;rbs_spacer=None;gc_cont=0.598	adeF	3000777	Strict	70.88	75.07	fluoroquinolone antibiotic; tetracycline antibiotic	antibiotic efflux	resistance-nodulation-cell division (RND) antibiotic efflux pump	tetracycline	False	chromosome_like	1		
annual_wastewater_2017_2025	2024_ERR17001293	k141_199021	k141_199021_1 # 1 # 1119 # 1 # ID=72236_1;partial=10;start_type=Edge;rbs_motif=None;rbs_spacer=None;gc_cont=0.442	vanW gene in vanI cluster	3003724	Strict	38.27	99.73	glycopeptide antibiotic	antibiotic target alteration	vanW; glycopeptide resistance gene cluster	vancomycin; teicoplanin	False	chromosome_like	1		
annual_wastewater_2017_2025	2024_ERR17001293	k141_199265	k141_199265_3 # 1063 # 1560 # -1 # ID=72595_3;partial=01;start_type=Edge;rbs_motif=None;rbs_spacer=None;gc_cont=0.373	vanY gene in vanM cluster	3002961	Strict	27.81	70.82	glycopeptide antibiotic	antibiotic target alteration	vanY; glycopeptide resistance gene cluster	vancomycin; teicoplanin	False	chromosome_like	1		
annual_wastewater_2017_2025	2024_ERR17001293	k141_49322	k141_49322_1 # 3 # 830 # 1 # ID=72809_1;partial=10;start_type=Edge;rbs_motif=None;rbs_spacer=None;gc_cont=0.434	vanW gene in vanG cluster	3002965	Strict	32.88	97.86	glycopeptide antibiotic	antibiotic target alteration	vanW; glycopeptide resistance gene cluster	vancomycin	False	chromosome_like	1		
annual_wastewater_2017_2025	2024_ERR17001293	k141_199570	k141_199570_2 # 460 # 1086 # 1 # ID=73013_2;partial=00;start_type=ATG;rbs_motif=GGAGG;rbs_spacer=3-4bp;gc_cont=0.368	Campylobacter coli chloramphenicol acetyltransferase	3004454	Strict	96.14	100.48	phenicol antibiotic	antibiotic inactivation	chloramphenicol acetyltransferase (CAT)	chloramphenicol	True	plasmid_like		0.9899	
annual_wastewater_2017_2025	2024_ERR17001293	k141_199639	k141_199639_3 # 2661 # 4304 # -1 # ID=73116_3;partial=00;start_type=ATG;rbs_motif=None;rbs_spacer=None;gc_cont=0.540	YojI	3003952	Strict	99.63	100.0	peptide antibiotic	antibiotic efflux	ATP-binding cassette (ABC) antibiotic efflux pump	microcin J25	False	chromosome_like	1		
annual_wastewater_2017_2025	2024_ERR17001293	k141_1073053	k141_1073053_3 # 2859 # 4508 # 1 # ID=73455_3;partial=00;start_type=ATG;rbs_motif=GGAG/GAGG;rbs_spacer=5-10bp;gc_cont=0.571	ArnT	3005053	Strict	40.77	99.64	peptide antibiotic	antibiotic target alteration	pmr phosphoethanolamine transferase	colistin A; colistin B	False	chromosome_like	1		
annual_wastewater_2017_2025	2024_ERR17001293	k141_343926	k141_343926_2 # 2560 # 3120 # 1 # ID=74211_2;partial=01;start_type=GTG;rbs_motif=4Base/6BMM;rbs_spacer=13-15bp;gc_cont=0.476	vanY gene in vanB cluster	3002956	Strict	56.82	69.78	glycopeptide antibiotic	antibiotic target alteration	vanY; glycopeptide resistance gene cluster	vancomycin	False	chromosome_like	1		
annual_wastewater_2017_2025	2024_ERR17001293	k141_50845	k141_50845_9 # 7163 # 10261 # -1 # ID=74699_9;partial=00;start_type=ATG;rbs_motif=TAAAAA;rbs_spacer=10bp;gc_cont=0.439	adeF	3000777	Strict	42.06	97.45	fluoroquinolone antibiotic; tetracycline antibiotic	antibiotic efflux	resistance-nodulation-cell division (RND) antibiotic efflux pump	tetracycline	True	virus_like			0.7135
annual_wastewater_2017_2025	2024_ERR17001293	k141_1075353	k141_1075353_3 # 2418 # 3563 # 1 # ID=76341_3;partial=00;start_type=ATG;rbs_motif=GGA/GAG/AGG;rbs_spacer=5-10bp;gc_cont=0.581	vanT gene in vanG cluster	3002972	Strict	32.11	53.51	glycopeptide antibiotic	antibiotic target alteration	glycopeptide resistance gene cluster; vanT	vancomycin	False	chromosome_like	1		
annual_wastewater_2017_2025	2024_ERR17001293	k141_495426	k141_495426_1 # 3 # 1637 # 1 # ID=76419_1;partial=10;start_type=Edge;rbs_motif=None;rbs_spacer=None;gc_cont=0.619	ArnT	3005053	Strict	42.75	98.73	peptide antibiotic	antibiotic target alteration	pmr phosphoethanolamine transferase	colistin A; colistin B	False	chromosome_like	1		
annual_wastewater_2017_2025	2024_ERR17001293	k141_782976	k141_782976_4 # 3320 # 4132 # -1 # ID=78132_4;partial=00;start_type=ATG;rbs_motif=AGGAG/GGAGG;rbs_spacer=11-12bp;gc_cont=0.604	vanY gene in vanF cluster	3002958	Strict	34.62	92.15	glycopeptide antibiotic	antibiotic target alteration	vanY; glycopeptide resistance gene cluster	vancomycin	False	chromosome_like	1		
annual_wastewater_2017_2025	2024_ERR17001293	k141_783117	k141_783117_2 # 1361 # 2467 # 1 # ID=78298_2;partial=00;start_type=ATG;rbs_motif=AGGAGG;rbs_spacer=5-10bp;gc_cont=0.482	vanT gene in vanG cluster	3002972	Strict	32.5	51.69	glycopeptide antibiotic	antibiotic target alteration	glycopeptide resistance gene cluster; vanT	vancomycin	False	chromosome_like	1		
annual_wastewater_2017_2025	2024_ERR17001293	k141_497604	k141_497604_1 # 1 # 1506 # 1 # ID=78834_1;partial=10;start_type=Edge;rbs_motif=None;rbs_spacer=None;gc_cont=0.638	vanT gene in vanG cluster	3002972	Strict	35.31	70.37	glycopeptide antibiotic	antibiotic target alteration	glycopeptide resistance gene cluster; vanT	vancomycin	False	chromosome_like	1		
annual_wastewater_2017_2025	2024_ERR17001293	k141_55685	k141_55685_2 # 1011 # 3476 # 1 # ID=80750_2;partial=00;start_type=ATG;rbs_motif=AAAAA;rbs_spacer=11bp;gc_cont=0.436	vanT gene in vanG cluster	3002972	Strict	36.14	115.31	glycopeptide antibiotic	antibiotic target alteration	glycopeptide resistance gene cluster; vanT	vancomycin	False	chromosome_like	1		
annual_wastewater_2017_2025	2024_ERR17001293	k141_785320	k141_785320_3 # 1443 # 2327 # -1 # ID=81360_3;partial=00;start_type=ATG;rbs_motif=AAAA;rbs_spacer=11bp;gc_cont=0.375	mphG	3003742	Strict	89.46	100.0	macrolide antibiotic	antibiotic inactivation	macrolide phosphotransferase (MPH)	erythromycin; clarithromycin; azithromycin	True	plasmid_like		0.9293	
annual_wastewater_2017_2025	2024_ERR17001293	k141_786048	k141_786048_6 # 4885 # 8037 # -1 # ID=82404_6;partial=00;start_type=ATG;rbs_motif=TAAAAA;rbs_spacer=9bp;gc_cont=0.492	adeF	3000777	Strict	43.8	99.15	fluoroquinolone antibiotic; tetracycline antibiotic	antibiotic efflux	resistance-nodulation-cell division (RND) antibiotic efflux pump	tetracycline	False	chromosome_like	1		
annual_wastewater_2017_2025	2024_ERR17001293	k141_500704	k141_500704_2 # 448 # 1635 # 1 # ID=82745_2;partial=00;start_type=ATG;rbs_motif=AGGAG/GGAGG;rbs_spacer=11-12bp;gc_cont=0.651	vanT gene in vanG cluster	3002972	Strict	37.53	55.48	glycopeptide antibiotic	antibiotic target alteration	glycopeptide resistance gene cluster; vanT	vancomycin	False	chromosome_like	1		
annual_wastewater_2017_2025	2024_ERR17001293	k141_786372	k141_786372_2 # 1301 # 1558 # -1 # ID=82869_2;partial=00;start_type=ATG;rbs_motif=None;rbs_spacer=None;gc_cont=0.500	vanY gene in vanB cluster	3002956	Strict	45.45	31.72	glycopeptide antibiotic	antibiotic target alteration	vanY; glycopeptide resistance gene cluster	vancomycin	False	chromosome_like	1		
annual_wastewater_2017_2025	2024_ERR17001293	k141_207541	k141_207541_1 # 1 # 1428 # -1 # ID=82934_1;partial=11;start_type=Edge;rbs_motif=None;rbs_spacer=None;gc_cont=0.413	tet(Q)	3000191	Strict	95.8	72.45	tetracycline antibiotic	antibiotic target protection	tetracycline-resistant ribosomal protection protein	tetracycline; doxycycline; minocycline; chlortetracycline; demeclocycline; oxytetracycline	False	chromosome_like	1		
annual_wastewater_2017_2025	2024_ERR17001293	k141_351362	k141_351362_3 # 1830 # 2927 # 1 # ID=82991_3;partial=00;start_type=ATG;rbs_motif=GGAG/GAGG;rbs_spacer=5-10bp;gc_cont=0.621	vanG	3002909	Strict	37.95	104.58	glycopeptide antibiotic	antibiotic target alteration	glycopeptide resistance gene cluster; Van ligase	vancomycin	False	chromosome_like	1		
annual_wastewater_2017_2025	2024_ERR17001293	k141_207972	k141_207972_1 # 1 # 1611 # 1 # ID=83507_1;partial=10;start_type=Edge;rbs_motif=None;rbs_spacer=None;gc_cont=0.517	tet(W/N/W)	3004442	Strict	93.1	83.88	tetracycline antibiotic	antibiotic target protection	tetracycline-resistant ribosomal protection protein	tetracycline; minocycline; chlortetracycline	False	chromosome_like	1		
annual_wastewater_2017_2025	2024_ERR17001293	k141_352631	k141_352631_2 # 228 # 1295 # -1 # ID=84623_2;partial=00;start_type=ATG;rbs_motif=GGTG;rbs_spacer=7bp;gc_cont=0.508	vanG	3002909	Strict	42.17	101.72	glycopeptide antibiotic	antibiotic target alteration	glycopeptide resistance gene cluster; Van ligase	vancomycin	False	chromosome_like	1		
annual_wastewater_2017_2025	2024_ERR17001293	k141_934310	k141_934310_7 # 10628 # 13093 # 1 # ID=85203_7;partial=00;start_type=ATG;rbs_motif=AATAA;rbs_spacer=4bp;gc_cont=0.476	vanT gene in vanG cluster	3002972	Strict	35.22	115.31	glycopeptide antibiotic	antibiotic target alteration	glycopeptide resistance gene cluster; vanT	vancomycin	False	chromosome_like	1		
annual_wastewater_2017_2025	2024_ERR17001293	k141_934507	k141_934507_1 # 424 # 2262 # 1 # ID=85402_1;partial=01;start_type=ATG;rbs_motif=AAAA;rbs_spacer=4bp;gc_cont=0.406	tet(O)	3000190	Strict	98.53	95.93	tetracycline antibiotic	antibiotic target protection	tetracycline-resistant ribosomal protection protein	tetracycline; doxycycline; minocycline; chlortetracycline; demeclocycline; oxytetracycline	False	chromosome_like	1		
annual_wastewater_2017_2025	2024_ERR17001293	k141_649216	k141_649216_1 # 1 # 642 # -1 # ID=85812_1;partial=10;start_type=ATG;rbs_motif=GGAGG;rbs_spacer=5-10bp;gc_cont=0.620	vanW gene in vanB cluster	3002964	Strict	35.9	77.82	glycopeptide antibiotic	antibiotic target alteration	vanW; glycopeptide resistance gene cluster	vancomycin	False	chromosome_like	1		
annual_wastewater_2017_2025	2024_ERR17001293	k141_354043	k141_354043_2 # 820 # 2022 # -1 # ID=86099_2;partial=00;start_type=ATG;rbs_motif=AGGA;rbs_spacer=5-10bp;gc_cont=0.646	vanT gene in vanG cluster	3002972	Strict	33.86	56.18	glycopeptide antibiotic	antibiotic target alteration	glycopeptide resistance gene cluster; vanT	vancomycin	False	chromosome_like	1		
annual_wastewater_2017_2025	2024_ERR17001293	k141_212207	k141_212207_2 # 245 # 1354 # -1 # ID=89107_2;partial=00;start_type=ATG;rbs_motif=GGAG/GAGG;rbs_spacer=5-10bp;gc_cont=0.663	vanG	3002909	Strict	38.38	105.73	glycopeptide antibiotic	antibiotic target alteration	glycopeptide resistance gene cluster; Van ligase	vancomycin	False	chromosome_like	1		
annual_wastewater_2017_2025	2024_ERR17001293	k141_791451	k141_791451_4 # 3228 # 6344 # -1 # ID=89696_4;partial=00;start_type=ATG;rbs_motif=TAAA;rbs_spacer=13bp;gc_cont=0.448	adeF	3000777	Strict	43.28	98.02	fluoroquinolone antibiotic; tetracycline antibiotic	antibiotic efflux	resistance-nodulation-cell division (RND) antibiotic efflux pump	tetracycline	False	chromosome_like	1		
annual_wastewater_2017_2025	2024_ERR17001293	k141_791563	k141_791563_6 # 4901 # 5896 # -1 # ID=89848_6;partial=00;start_type=ATG;rbs_motif=TATAA;rbs_spacer=3bp;gc_cont=0.357	CfxA6	3003097	Strict	99.4	100.0	cephamycin	antibiotic inactivation	CfxA beta-lactamase		False	chromosome_like	1		
annual_wastewater_2017_2025	2024_ERR17001293	k141_792164	k141_792164_1 # 2 # 1015 # 1 # ID=90557_1;partial=10;start_type=Edge;rbs_motif=None;rbs_spacer=None;gc_cont=0.494	vanW gene in vanI cluster	3003724	Strict	32.42	90.35	glycopeptide antibiotic	antibiotic target alteration	vanW; glycopeptide resistance gene cluster	vancomycin; teicoplanin	False	chromosome_like	1		
annual_wastewater_2017_2025	2024_ERR17001293	k141_653986	k141_653986_4 # 5933 # 6787 # -1 # ID=91676_4;partial=00;start_type=ATG;rbs_motif=GGA/GAG/AGG;rbs_spacer=5-10bp;gc_cont=0.411	OXA-296	3001751	Strict	97.18	100.0	carbapenem; cephalosporin; penam	antibiotic inactivation	OXA beta-lactamase	cloxacillin; oxacillin; cefalotin	True	plasmid_like		0.9525	
annual_wastewater_2017_2025	2024_ERR17001293	k141_358513	k141_358513_6 # 5119 # 8229 # -1 # ID=91845_6;partial=00;start_type=ATG;rbs_motif=AAA;rbs_spacer=11bp;gc_cont=0.497	adeF	3000777	Strict	42.42	97.83	fluoroquinolone antibiotic; tetracycline antibiotic	antibiotic efflux	resistance-nodulation-cell division (RND) antibiotic efflux pump	tetracycline	False	chromosome_like	1		
annual_wastewater_2017_2025	2024_ERR17001293	k141_508555	k141_508555_2 # 1299 # 1931 # 1 # ID=91882_2;partial=00;start_type=ATG;rbs_motif=None;rbs_spacer=None;gc_cont=0.537	AAC(6')-Ib9	3002580	Strict	98.51	103.45	aminoglycoside antibiotic	antibiotic inactivation	AAC(6')	amikacin; kanamycin A; tobramycin	False	chromosome_like	1		
annual_wastewater_2017_2025	2024_ERR17001293	k141_1087590	k141_1087590_1 # 1 # 1224 # -1 # ID=92160_1;partial=10;start_type=ATG;rbs_motif=AGGAG;rbs_spacer=5-10bp;gc_cont=0.683	vanW gene in vanI cluster	3003724	Strict	34.86	109.38	glycopeptide antibiotic	antibiotic target alteration	vanW; glycopeptide resistance gene cluster	vancomycin; teicoplanin	False	chromosome_like	1		
annual_wastewater_2017_2025	2024_ERR17001293	k141_793964	k141_793964_1 # 2 # 2719 # -1 # ID=92803_1;partial=10;start_type=ATG;rbs_motif=GGA/GAG/AGG;rbs_spacer=5-10bp;gc_cont=0.442	tet(Q)	3000191	Strict	31.34	137.9	tetracycline antibiotic	antibiotic target protection	tetracycline-resistant ribosomal protection protein	tetracycline; doxycycline; minocycline; chlortetracycline; demeclocycline; oxytetracycline	False	chromosome_like	1		
annual_wastewater_2017_2025	2024_ERR17001293	k141_65337	k141_65337_1 # 3 # 146 # 1 # ID=92951_1;partial=10;start_type=Edge;rbs_motif=None;rbs_spacer=None;gc_cont=0.306	vanY gene in vanB cluster	3002956	Strict	58.7	17.54	glycopeptide antibiotic	antibiotic target alteration	vanY; glycopeptide resistance gene cluster	vancomycin	False	chromosome_like	1		
annual_wastewater_2017_2025	2024_ERR17001293	k141_1088646	k141_1088646_1 # 485 # 2410 # 1 # ID=93486_1;partial=00;start_type=ATG;rbs_motif=TAA;rbs_spacer=4bp;gc_cont=0.381	tet(Q)	3000191	Strict	88.92	97.56	tetracycline antibiotic	antibiotic target protection	tetracycline-resistant ribosomal protection protein	tetracycline; doxycycline; minocycline; chlortetracycline; demeclocycline; oxytetracycline	True	plasmid_like		0.7336	
annual_wastewater_2017_2025	2024_ERR17001293	k141_1088646	k141_1088646_2 # 3118 # 4284 # 1 # ID=93486_2;partial=00;start_type=ATG;rbs_motif=None;rbs_spacer=None;gc_cont=0.374	tet(X)	3000205	Strict	99.74	100.0	glycylcycline; tetracycline antibiotic	antibiotic inactivation	tetracycline inactivation enzyme	tigecycline; tetracycline; doxycycline; minocycline; chlortetracycline; demeclocycline; oxytetracycline	True	plasmid_like		0.7336	
annual_wastewater_2017_2025	2024_ERR17001293	k141_655817	k141_655817_3 # 1740 # 2909 # 1 # ID=93890_3;partial=00;start_type=ATG;rbs_motif=AGGAGG;rbs_spacer=11-12bp;gc_cont=0.404	vanT gene in vanG cluster	3002972	Strict	34.25	54.63	glycopeptide antibiotic	antibiotic target alteration	glycopeptide resistance gene cluster; vanT	vancomycin	False	chromosome_like	1		
annual_wastewater_2017_2025	2024_ERR17001293	k141_656052	k141_656052_2 # 534 # 2222 # 1 # ID=94218_2;partial=00;start_type=ATG;rbs_motif=AGxAGG/AGGxGG;rbs_spacer=5-10bp;gc_cont=0.589	ArnT	3005053	Strict	41.48	102.0	peptide antibiotic	antibiotic target alteration	pmr phosphoethanolamine transferase	colistin A; colistin B	False	chromosome_like	1		
annual_wastewater_2017_2025	2024_ERR17001293	k141_941354	k141_941354_5 # 3959 # 4759 # 1 # ID=94614_5;partial=00;start_type=ATG;rbs_motif=GGAG/GAGG;rbs_spacer=5-10bp;gc_cont=0.409	vanY gene in vanM cluster	3002961	Strict	28.28	114.16	glycopeptide antibiotic	antibiotic target alteration	vanY; glycopeptide resistance gene cluster	vancomycin; teicoplanin	False	chromosome_like	1		
annual_wastewater_2017_2025	2024_ERR17001293	k141_361025	k141_361025_2 # 1297 # 1482 # 1 # ID=94872_2;partial=00;start_type=ATG;rbs_motif=AGGAG;rbs_spacer=5-10bp;gc_cont=0.522	rsmA	3005069	Strict	93.44	100.0	fluoroquinolone antibiotic; diaminopyrimidine antibiotic; phenicol antibiotic	antibiotic efflux	resistance-nodulation-cell division (RND) antibiotic efflux pump	trimethoprim; chloramphenicol	False	chromosome_like	1		
annual_wastewater_2017_2025	2024_ERR17001293	k141_218054	k141_218054_1 # 1 # 1578 # 1 # ID=95934_1;partial=10;start_type=Edge;rbs_motif=None;rbs_spacer=None;gc_cont=0.606	ArnT	3005053	Strict	42.13	95.28	peptide antibiotic	antibiotic target alteration	pmr phosphoethanolamine transferase	colistin A; colistin B	False	chromosome_like	1		
annual_wastewater_2017_2025	2024_ERR17001293	k141_219494	k141_219494_4 # 2065 # 3603 # -1 # ID=97631_4;partial=00;start_type=ATG;rbs_motif=GGA/GAG/AGG;rbs_spacer=5-10bp;gc_cont=0.413	emrY	3000254	Strict	99.8	100.0	tetracycline antibiotic	antibiotic efflux	major facilitator superfamily (MFS) antibiotic efflux pump	tetracycline	False	chromosome_like	1		
annual_wastewater_2017_2025	2024_ERR17001293	k141_219494	k141_219494_5 # 3603 # 4766 # -1 # ID=97631_5;partial=00;start_type=GTG;rbs_motif=GGA/GAG/AGG;rbs_spacer=5-10bp;gc_cont=0.419	emrK	3000206	Strict	99.72	110.26	tetracycline antibiotic	antibiotic efflux	major facilitator superfamily (MFS) antibiotic efflux pump	tetracycline	False	chromosome_like	1		
annual_wastewater_2017_2025	2024_ERR17001293	k141_219494	k141_219494_6 # 5182 # 5796 # 1 # ID=97631_6;partial=00;start_type=ATG;rbs_motif=GGA/GAG/AGG;rbs_spacer=5-10bp;gc_cont=0.400	evgA	3000832	Perfect	100.0	100.0	macrolide antibiotic; fluoroquinolone antibiotic; penam; tetracycline antibiotic	antibiotic efflux	major facilitator superfamily (MFS) antibiotic efflux pump; resistance-nodulation-cell division (RND) antibiotic efflux pump	erythromycin; cloxacillin; tetracycline; oxacillin; norfloxacin	False	chromosome_like	1		
annual_wastewater_2017_2025	2024_ERR17001293	k141_798085	k141_798085_2 # 342 # 1076 # 1 # ID=97905_2;partial=00;start_type=ATG;rbs_motif=AGGAG;rbs_spacer=5-10bp;gc_cont=0.268	ErmG	3000522	Strict	97.95	100.0	macrolide antibiotic; lincosamide antibiotic; streptogramin antibiotic; streptogramin A antibiotic; streptogramin B antibiotic	antibiotic target alteration	Erm 23S ribosomal RNA methyltransferase	erythromycin; roxithromycin; lincomycin; telithromycin; clarithromycin; clindamycin; tylosin; spiramycin; azithromycin; dirithromycin; pristinamycin IA; quinupristin; virginiamycin M1; madumycin II; griseoviridin; dalfopristin; pristinamycin IB; virginiamycin S2; pristinamycin IC; vernamycin C; patricin A; patricin B; ostreogrycin B3; oleandomycin	False	chromosome_like	1		
annual_wastewater_2017_2025	2024_ERR17001293	k141_363696	k141_363696_1 # 1 # 1515 # -1 # ID=98008_1;partial=10;start_type=ATG;rbs_motif=GGA/GAG/AGG;rbs_spacer=5-10bp;gc_cont=0.500	eptA	3003576	Strict	99.6	92.32	peptide antibiotic	antibiotic target alteration	pmr phosphoethanolamine transferase	polymyxin B	False	chromosome_like	1		
annual_wastewater_2017_2025	2024_ERR17001293	k141_69331	k141_69331_2 # 515 # 1258 # -1 # ID=98069_2;partial=00;start_type=ATG;rbs_motif=None;rbs_spacer=None;gc_cont=0.364	vanY gene in vanB cluster	3002956	Strict	59.89	92.16	glycopeptide antibiotic	antibiotic target alteration	vanY; glycopeptide resistance gene cluster	vancomycin	False	chromosome_like	1		
annual_wastewater_2017_2025	2024_ERR17001293	k141_1091902	k141_1091902_1 # 1 # 1938 # 1 # ID=98185_1;partial=11;start_type=Edge;rbs_motif=None;rbs_spacer=None;gc_cont=0.588	adeF	3000777	Strict	64.3	61.0	fluoroquinolone antibiotic; tetracycline antibiotic	antibiotic efflux	resistance-nodulation-cell division (RND) antibiotic efflux pump	tetracycline	False	chromosome_like	1		
annual_wastewater_2017_2025	2024_ERR17001293	k141_69727	k141_69727_1 # 239 # 574 # -1 # ID=98614_1;partial=00;start_type=ATG;rbs_motif=GGAG/GAGG;rbs_spacer=5-10bp;gc_cont=0.571	qacG	3007015	Strict	42.31	103.74	disinfecting agents and antiseptics	antibiotic efflux	small multidrug resistance (SMR) antibiotic efflux pump	benzalkonium chloride	False	chromosome_like	1		
annual_wastewater_2017_2025	2024_ERR17001293	k141_71123	k141_71123_2 # 757 # 1704 # -1 # ID=100357_2;partial=01;start_type=Edge;rbs_motif=None;rbs_spacer=None;gc_cont=0.401	vanT gene in vanG cluster	3002972	Strict	37.58	44.24	glycopeptide antibiotic	antibiotic target alteration	glycopeptide resistance gene cluster; vanT	vancomycin	False	chromosome_like	1		
annual_wastewater_2017_2025	2024_ERR17001293	k141_71741	k141_71741_1 # 1 # 906 # -1 # ID=101077_1;partial=10;start_type=ATG;rbs_motif=GGAG/GAGG;rbs_spacer=5-10bp;gc_cont=0.464	leuO	3003843	Strict	99.67	96.18	nucleoside antibiotic; disinfecting agents and antiseptics	antibiotic efflux	major facilitator superfamily (MFS) antibiotic efflux pump	acriflavine; puromycin	False	chromosome_like	1		
annual_wastewater_2017_2025	2024_ERR17001293	k141_517110	k141_517110_2 # 505 # 1098 # -1 # ID=101845_2;partial=01;start_type=Edge;rbs_motif=None;rbs_spacer=None;gc_cont=0.630	vanW gene in vanB cluster	3002964	Strict	34.48	71.64	glycopeptide antibiotic	antibiotic target alteration	vanW; glycopeptide resistance gene cluster	vancomycin	False	chromosome_like	1		
annual_wastewater_2017_2025	2024_ERR17001293	k141_947319	k141_947319_2 # 913 # 2037 # 1 # ID=102445_2;partial=00;start_type=GTG;rbs_motif=AGxAGG/AGGxGG;rbs_spacer=5-10bp;gc_cont=0.540	vanT gene in vanG cluster	3002972	Strict	40.0	52.53	glycopeptide antibiotic	antibiotic target alteration	glycopeptide resistance gene cluster; vanT	vancomycin	False	chromosome_like	1		
annual_wastewater_2017_2025	2024_ERR17001293	k141_948806	k141_948806_1 # 20 # 1120 # -1 # ID=104358_1;partial=00;start_type=ATG;rbs_motif=None;rbs_spacer=None;gc_cont=0.530	vanT gene in vanG cluster	3002972	Strict	33.7	51.4	glycopeptide antibiotic	antibiotic target alteration	glycopeptide resistance gene cluster; vanT	vancomycin	False	chromosome_like	1		
annual_wastewater_2017_2025	2024_ERR17001293	k141_803022	k141_803022_2 # 181 # 1656 # -1 # ID=104379_2;partial=00;start_type=ATG;rbs_motif=GGAG/GAGG;rbs_spacer=5-10bp;gc_cont=0.480	vanW gene in vanI cluster	3003724	Strict	31.62	131.64	glycopeptide antibiotic	antibiotic target alteration	vanW; glycopeptide resistance gene cluster	vancomycin; teicoplanin	False	chromosome_like	1		
annual_wastewater_2017_2025	2024_ERR17001293	k141_226167	k141_226167_5 # 3219 # 4070 # -1 # ID=105288_5;partial=00;start_type=ATG;rbs_motif=GGAG/GAGG;rbs_spacer=5-10bp;gc_cont=0.474	vanY gene in vanG cluster	3002959	Strict	38.61	101.43	glycopeptide antibiotic	antibiotic target alteration	vanY; glycopeptide resistance gene cluster	vancomycin	False	chromosome_like	1		
annual_wastewater_2017_2025	2024_ERR17001293	k141_1097802	k141_1097802_2 # 520 # 1536 # 1 # ID=105516_2;partial=00;start_type=ATG;rbs_motif=4Base/6BMM;rbs_spacer=13-15bp;gc_cont=0.597	vanH gene in vanB cluster	3002943	Strict	36.45	104.64	glycopeptide antibiotic	antibiotic target alteration	vanH; glycopeptide resistance gene cluster	vancomycin	False	chromosome_like	1		
annual_wastewater_2017_2025	2024_ERR17001293	k141_805155	k141_805155_3 # 2489 # 2821 # 1 # ID=106966_3;partial=00;start_type=ATG;rbs_motif=AGGA/GGAG/GAGG;rbs_spacer=11-12bp;gc_cont=0.435	Escherichia coli emrE	3004039	Strict	97.27	100.0	macrolide antibiotic	antibiotic efflux	small multidrug resistance (SMR) antibiotic efflux pump	erythromycin	False	chromosome_like	1		
annual_wastewater_2017_2025	2024_ERR17001293	k141_522251	k141_522251_1 # 3 # 581 # -1 # ID=107410_1;partial=10;start_type=ATG;rbs_motif=GGAG/GAGG;rbs_spacer=5-10bp;gc_cont=0.656	vanY gene in vanB cluster	3002956	Strict	41.51	72.01	glycopeptide antibiotic	antibiotic target alteration	vanY; glycopeptide resistance gene cluster	vancomycin	False	chromosome_like	1		
annual_wastewater_2017_2025	2024_ERR17001293	k141_76998	k141_76998_2 # 509 # 1204 # -1 # ID=107671_2;partial=01;start_type=Edge;rbs_motif=None;rbs_spacer=None;gc_cont=0.352	vanY gene in vanM cluster	3002961	Strict	25.53	99.14	glycopeptide antibiotic	antibiotic target alteration	vanY; glycopeptide resistance gene cluster	vancomycin; teicoplanin	False	chromosome_like	1		
annual_wastewater_2017_2025	2024_ERR17001293	k141_228685	k141_228685_4 # 1547 # 2677 # -1 # ID=108105_4;partial=00;start_type=ATG;rbs_motif=GGxGG;rbs_spacer=5-10bp;gc_cont=0.459	vanT gene in vanG cluster	3002972	Strict	37.75	52.81	glycopeptide antibiotic	antibiotic target alteration	glycopeptide resistance gene cluster; vanT	vancomycin	False	chromosome_like	1		
annual_wastewater_2017_2025	2024_ERR17001293	k141_228836	k141_228836_3 # 1308 # 1640 # 1 # ID=108358_3;partial=00;start_type=ATG;rbs_motif=AGGA;rbs_spacer=5-10bp;gc_cont=0.547	qacJ	3007014	Strict	40.95	102.8	disinfecting agents and antiseptics	antibiotic efflux	small multidrug resistance (SMR) antibiotic efflux pump	benzalkonium chloride	True	plasmid_like		0.9831	
annual_wastewater_2017_2025	2024_ERR17001293	k141_808028	k141_808028_2 # 1409 # 4519 # -1 # ID=110576_2;partial=00;start_type=ATG;rbs_motif=AATAA;rbs_spacer=4bp;gc_cont=0.454	adeF	3000777	Strict	42.61	97.83	fluoroquinolone antibiotic; tetracycline antibiotic	antibiotic efflux	resistance-nodulation-cell division (RND) antibiotic efflux pump	tetracycline	False	chromosome_like	1		
annual_wastewater_2017_2025	2024_ERR17001293	k141_374719	k141_374719_1 # 1 # 561 # 1 # ID=110603_1;partial=10;start_type=Edge;rbs_motif=None;rbs_spacer=None;gc_cont=0.401	tet(Q)	3000191	Strict	99.46	28.31	tetracycline antibiotic	antibiotic target protection	tetracycline-resistant ribosomal protection protein	tetracycline; doxycycline; minocycline; chlortetracycline; demeclocycline; oxytetracycline	False	chromosome_like	1		
annual_wastewater_2017_2025	2024_ERR17001293	k141_808284	k141_808284_2 # 312 # 1166 # 1 # ID=110930_2;partial=00;start_type=ATG;rbs_motif=AGGAG;rbs_spacer=5-10bp;gc_cont=0.563	ErmX	3000596	Strict	90.14	100.0	macrolide antibiotic; lincosamide antibiotic; streptogramin antibiotic; streptogramin A antibiotic; streptogramin B antibiotic	antibiotic target alteration	Erm 23S ribosomal RNA methyltransferase	erythromycin; roxithromycin; lincomycin; telithromycin; clarithromycin; clindamycin; tylosin; spiramycin; azithromycin; dirithromycin; pristinamycin IA; quinupristin; virginiamycin M1; madumycin II; griseoviridin; dalfopristin; pristinamycin IB; virginiamycin S2; pristinamycin IC; vernamycin C; patricin A; patricin B; ostreogrycin B3; oleandomycin	True	plasmid_like		0.9843	
annual_wastewater_2017_2025	2024_ERR17001293	k141_808523	k141_808523_1 # 1 # 1089 # -1 # ID=111235_1;partial=10;start_type=ATG;rbs_motif=AGGAG;rbs_spacer=5-10bp;gc_cont=0.613	vanG	3002909	Strict	38.29	104.01	glycopeptide antibiotic	antibiotic target alteration	glycopeptide resistance gene cluster; Van ligase	vancomycin	False	chromosome_like	1		
annual_wastewater_2017_2025	2024_ERR17001293	k141_525739	k141_525739_1 # 1 # 1866 # 1 # ID=111403_1;partial=10;start_type=Edge;rbs_motif=None;rbs_spacer=None;gc_cont=0.404	vanY gene in vanG cluster	3002959	Strict	26.09	222.58	glycopeptide antibiotic	antibiotic target alteration	vanY; glycopeptide resistance gene cluster	vancomycin	False	chromosome_like	1		
annual_wastewater_2017_2025	2024_ERR17001293	k141_954850	k141_954850_3 # 1959 # 2408 # -1 # ID=111460_3;partial=00;start_type=ATG;rbs_motif=GGAG/GAGG;rbs_spacer=5-10bp;gc_cont=0.600	Pseudomonas aeruginosa soxR	3004107	Strict	69.01	95.51	fluoroquinolone antibiotic; cephalosporin; glycylcycline; penam; tetracycline antibiotic; rifamycin antibiotic; phenicol antibiotic; disinfecting agents and antiseptics	antibiotic target alteration; antibiotic efflux	ATP-binding cassette (ABC) antibiotic efflux pump; major facilitator superfamily (MFS) antibiotic efflux pump; resistance-nodulation-cell division (RND) antibiotic efflux pump	tigecycline; ciprofloxacin; acriflavine; tetracycline; rifampin; chloramphenicol; ampicillin; norfloxacin; cefalotin; triclosan	False	chromosome_like	1		
annual_wastewater_2017_2025	2024_ERR17001293	k141_526942	k141_526942_3 # 2258 # 2914 # -1 # ID=112892_3;partial=00;start_type=ATG;rbs_motif=AGGAG;rbs_spacer=5-10bp;gc_cont=0.438	QnrS2	3002791	Perfect	100.0	100.0	fluoroquinolone antibiotic	antibiotic target protection	quinolone resistance protein (qnr)	ciprofloxacin; levofloxacin; moxifloxacin; gatifloxacin; nalidixic acid; norfloxacin; sparfloxacin	False	chromosome_like	1		
annual_wastewater_2017_2025	2024_ERR17001293	k141_377417	k141_377417_1 # 2 # 976 # 1 # ID=113906_1;partial=10;start_type=Edge;rbs_motif=None;rbs_spacer=None;gc_cont=0.402	vanG	3002909	Strict	43.12	92.84	glycopeptide antibiotic	antibiotic target alteration	glycopeptide resistance gene cluster; Van ligase	vancomycin	False	chromosome_like	1		
annual_wastewater_2017_2025	2024_ERR17001293	k141_82496	k141_82496_1 # 3 # 1103 # -1 # ID=114550_1;partial=10;start_type=ATG;rbs_motif=None;rbs_spacer=None;gc_cont=0.386	vanT gene in vanG cluster	3002972	Strict	38.8	51.54	glycopeptide antibiotic	antibiotic target alteration	glycopeptide resistance gene cluster; vanT	vancomycin	False	chromosome_like	1		
annual_wastewater_2017_2025	2024_ERR17001293	k141_1105711	k141_1105711_8 # 6074 # 6286 # -1 # ID=114822_8;partial=00;start_type=ATG;rbs_motif=GGAGG;rbs_spacer=5-10bp;gc_cont=0.404	vanU gene in vanG cluster	3004253	Strict	80.6	93.33	glycopeptide antibiotic	antibiotic target alteration	glycopeptide resistance gene cluster; vanU	vancomycin	False	chromosome_like	1		
annual_wastewater_2017_2025	2024_ERR17001293	k141_378140	k141_378140_2 # 1904 # 2935 # -1 # ID=114829_2;partial=00;start_type=ATG;rbs_motif=GGA/GAG/AGG;rbs_spacer=5-10bp;gc_cont=0.561	mdtN	3003548	Perfect	100.0	100.0	nucleoside antibiotic; disinfecting agents and antiseptics	antibiotic efflux	major facilitator superfamily (MFS) antibiotic efflux pump	acriflavine; puromycin	True	plasmid_like		0.9292	
annual_wastewater_2017_2025	2024_ERR17001293	k141_811859	k141_811859_1 # 27 # 1196 # 1 # ID=115166_1;partial=00;start_type=ATG;rbs_motif=AGGAG;rbs_spacer=5-10bp;gc_cont=0.475	vanT gene in vanG cluster	3002972	Strict	31.54	54.63	glycopeptide antibiotic	antibiotic target alteration	glycopeptide resistance gene cluster; vanT	vancomycin	False	chromosome_like	1		
annual_wastewater_2017_2025	2024_ERR17001293	k141_84645	k141_84645_1 # 1 # 1698 # 1 # ID=117022_1;partial=10;start_type=Edge;rbs_motif=None;rbs_spacer=None;gc_cont=0.514	vanT gene in vanG cluster	3002972	Strict	34.96	79.35	glycopeptide antibiotic	antibiotic target alteration	glycopeptide resistance gene cluster; vanT	vancomycin	False	chromosome_like	1		
annual_wastewater_2017_2025	2024_ERR17001293	k141_676292	k141_676292_2 # 738 # 1943 # -1 # ID=117534_2;partial=00;start_type=ATG;rbs_motif=AGGAG;rbs_spacer=5-10bp;gc_cont=0.662	vanT gene in vanG cluster	3002972	Strict	34.13	56.32	glycopeptide antibiotic	antibiotic target alteration	glycopeptide resistance gene cluster; vanT	vancomycin	False	chromosome_like	1		
annual_wastewater_2017_2025	2024_ERR17001293	k141_85177	k141_85177_1 # 3 # 1619 # -1 # ID=117725_1;partial=10;start_type=ATG;rbs_motif=TAA;rbs_spacer=15bp;gc_cont=0.479	vanW gene in vanI cluster	3003724	Strict	33.12	144.5	glycopeptide antibiotic	antibiotic target alteration	vanW; glycopeptide resistance gene cluster	vancomycin; teicoplanin	False	chromosome_like	1		
annual_wastewater_2017_2025	2024_ERR17001293	k141_85247	k141_85247_1 # 21 # 1016 # -1 # ID=117833_1;partial=00;start_type=ATG;rbs_motif=AGGAGG;rbs_spacer=5-10bp;gc_cont=0.602	vanH gene in vanO cluster	3002948	Strict	41.99	94.57	glycopeptide antibiotic	antibiotic target alteration	vanH; glycopeptide resistance gene cluster	vancomycin	False	chromosome_like	1		
annual_wastewater_2017_2025	2024_ERR17001293	k141_814489	k141_814489_1 # 3 # 1367 # -1 # ID=118378_1;partial=11;start_type=Edge;rbs_motif=None;rbs_spacer=None;gc_cont=0.497	vanW gene in vanI cluster	3003724	Strict	38.12	121.98	glycopeptide antibiotic	antibiotic target alteration	vanW; glycopeptide resistance gene cluster	vancomycin; teicoplanin	False	chromosome_like	1		
annual_wastewater_2017_2025	2024_ERR17001293	k141_532390	k141_532390_1 # 524 # 847 # 1 # ID=119203_1;partial=00;start_type=ATG;rbs_motif=AGGAG;rbs_spacer=5-10bp;gc_cont=0.367	qacJ	3007014	Strict	41.12	100.0	disinfecting agents and antiseptics	antibiotic efflux	small multidrug resistance (SMR) antibiotic efflux pump	benzalkonium chloride	False	chromosome_like	1		
annual_wastewater_2017_2025	2024_ERR17001293	k141_238658	k141_238658_3 # 1384 # 4497 # 1 # ID=119691_3;partial=00;start_type=ATG;rbs_motif=TAA;rbs_spacer=11bp;gc_cont=0.530	adeF	3000777	Strict	42.46	97.92	fluoroquinolone antibiotic; tetracycline antibiotic	antibiotic efflux	resistance-nodulation-cell division (RND) antibiotic efflux pump	tetracycline	False	chromosome_like	1		
annual_wastewater_2017_2025	2024_ERR17001293	k141_238658	k141_238658_4 # 4634 # 5524 # 1 # ID=119691_4;partial=00;start_type=ATG;rbs_motif=TAAA;rbs_spacer=12bp;gc_cont=0.486	CblA-1	3002999	Strict	99.66	100.0	cephalosporin	antibiotic inactivation	CblA beta-lactamase	cephaloridine	False	chromosome_like	1		
annual_wastewater_2017_2025	2024_ERR17001293	k141_963983	k141_963983_3 # 1043 # 4156 # -1 # ID=122119_3;partial=00;start_type=ATG;rbs_motif=GGA/GAG/AGG;rbs_spacer=5-10bp;gc_cont=0.531	mdtF	3000796	Strict	99.71	100.0	macrolide antibiotic; fluoroquinolone antibiotic; penam	antibiotic efflux	resistance-nodulation-cell division (RND) antibiotic efflux pump	erythromycin; cloxacillin; oxacillin; norfloxacin	False	chromosome_like	1		
annual_wastewater_2017_2025	2024_ERR17001293	k141_963983	k141_963983_4 # 4181 # 5338 # -1 # ID=122119_4;partial=00;start_type=ATG;rbs_motif=GGA/GAG/AGG;rbs_spacer=5-10bp;gc_cont=0.546	mdtE	3000795	Perfect	100.0	100.0	macrolide antibiotic; fluoroquinolone antibiotic; penam	antibiotic efflux	resistance-nodulation-cell division (RND) antibiotic efflux pump	erythromycin; cloxacillin; oxacillin; norfloxacin	False	chromosome_like	1		
annual_wastewater_2017_2025	2024_ERR17001293	k141_818123	k141_818123_4 # 2574 # 5066 # -1 # ID=122585_4;partial=00;start_type=ATG;rbs_motif=AAAAA;rbs_spacer=11bp;gc_cont=0.438	vanT gene in vanG cluster	3002972	Strict	33.6	116.57	glycopeptide antibiotic	antibiotic target alteration	glycopeptide resistance gene cluster; vanT	vancomycin	False	chromosome_like	1		
annual_wastewater_2017_2025	2024_ERR17001293	k141_680704	k141_680704_3 # 578 # 1318 # -1 # ID=122651_3;partial=01;start_type=Edge;rbs_motif=None;rbs_spacer=None;gc_cont=0.614	vanY gene in vanG cluster	3002959	Strict	40.4	88.17	glycopeptide antibiotic	antibiotic target alteration	vanY; glycopeptide resistance gene cluster	vancomycin	False	chromosome_like	1		
annual_wastewater_2017_2025	2024_ERR17001293	k141_965338	k141_965338_3 # 1308 # 2171 # -1 # ID=123719_3;partial=00;start_type=ATG;rbs_motif=TAAAA;rbs_spacer=14bp;gc_cont=0.316	aadS	3004683	Perfect	100.0	100.0	aminoglycoside antibiotic	antibiotic inactivation	ANT(6)	streptomycin	False	chromosome_like	1		
annual_wastewater_2017_2025	2024_ERR17001293	k141_682642	k141_682642_2 # 1649 # 2614 # -1 # ID=124697_2;partial=00;start_type=ATG;rbs_motif=TAA;rbs_spacer=11bp;gc_cont=0.356	CfxA2	3003002	Perfect	100.0	100.0	cephamycin	antibiotic inactivation	CfxA beta-lactamase		True	plasmid_like		0.9803	
annual_wastewater_2017_2025	2024_ERR17001293	k141_820223	k141_820223_3 # 2358 # 3173 # -1 # ID=125115_3;partial=00;start_type=ATG;rbs_motif=AGxAG;rbs_spacer=5-10bp;gc_cont=0.609	sul2	3000412	Perfect	100.0	100.0	sulfonamide antibiotic	antibiotic target replacement	sulfonamide resistant sul	sulfadiazine; sulfadimidine; sulfadoxine; sulfamethoxazole; sulfisoxazole; sulfacetamide; mafenide; sulfasalazine; sulfamethizole	True	plasmid_like		0.9666	
annual_wastewater_2017_2025	2024_ERR17001293	k141_386954	k141_386954_4 # 3789 # 4931 # 1 # ID=125502_4;partial=00;start_type=ATG;rbs_motif=AGGAGG;rbs_spacer=5-10bp;gc_cont=0.469	vanT gene in vanG cluster	3002972	Strict	32.88	53.37	glycopeptide antibiotic	antibiotic target alteration	glycopeptide resistance gene cluster; vanT	vancomycin	False	chromosome_like	1		
annual_wastewater_2017_2025	2024_ERR17001293	k141_244591	k141_244591_2 # 298 # 3075 # 1 # ID=126238_2;partial=00;start_type=GTG;rbs_motif=GGAG/GAGG;rbs_spacer=5-10bp;gc_cont=0.478	tet(36)	3000197	Strict	30.37	144.53	tetracycline antibiotic	antibiotic target protection	tetracycline-resistant ribosomal protection protein	tetracycline; doxycycline; minocycline; chlortetracycline; demeclocycline; oxytetracycline	False	chromosome_like	1		
annual_wastewater_2017_2025	2024_ERR17001293	k141_538812	k141_538812_2 # 204 # 569 # -1 # ID=126572_2;partial=00;start_type=ATG;rbs_motif=AGGAG;rbs_spacer=5-10bp;gc_cont=0.426	Klebsiella pneumoniae KpnE	3004580	Strict	82.2	100.83	macrolide antibiotic; aminoglycoside antibiotic; cephalosporin; tetracycline antibiotic; peptide antibiotic; rifamycin antibiotic; disinfecting agents and antiseptics	antibiotic efflux	small multidrug resistance (SMR) antibiotic efflux pump	erythromycin; streptomycin; tetracycline; cefepime; ceftriaxone; rifampin; colistin A; colistin B; triclosan; benzalkonium chloride; chlorhexidine	False	chromosome_like	1		
annual_wastewater_2017_2025	2024_ERR17001293	k141_539838	k141_539838_5 # 5624 # 6619 # -1 # ID=127786_5;partial=00;start_type=ATG;rbs_motif=GGAGG;rbs_spacer=5-10bp;gc_cont=0.592	vanH gene in vanO cluster	3002948	Strict	41.85	94.57	glycopeptide antibiotic	antibiotic target alteration	vanH; glycopeptide resistance gene cluster	vancomycin	False	chromosome_like	1		
annual_wastewater_2017_2025	2024_ERR17001293	k141_93720	k141_93720_5 # 1480 # 2574 # 1 # ID=128272_5;partial=00;start_type=ATG;rbs_motif=AGGAG;rbs_spacer=5-10bp;gc_cont=0.643	vanG	3002909	Strict	39.14	104.3	glycopeptide antibiotic	antibiotic target alteration	glycopeptide resistance gene cluster; Van ligase	vancomycin	False	chromosome_like	1		
annual_wastewater_2017_2025	2024_ERR17001293	k141_1117353	k141_1117353_1 # 251 # 1114 # -1 # ID=128904_1;partial=00;start_type=ATG;rbs_motif=None;rbs_spacer=None;gc_cont=0.534	GES-5	3002334	Perfect	100.0	100.0	carbapenem; cephalosporin; penam	antibiotic inactivation	GES beta-lactamase		False	chromosome_like	1		
annual_wastewater_2017_2025	2024_ERR17001293	k141_969962	k141_969962_3 # 1833 # 2810 # -1 # ID=129335_3;partial=01;start_type=Edge;rbs_motif=None;rbs_spacer=None;gc_cont=0.496	vanT gene in vanG cluster	3002972	Strict	36.39	45.65	glycopeptide antibiotic	antibiotic target alteration	glycopeptide resistance gene cluster; vanT	vancomycin	False	chromosome_like	1		
annual_wastewater_2017_2025	2024_ERR17001293	k141_247614	k141_247614_2 # 484 # 1278 # 1 # ID=129757_2;partial=00;start_type=ATG;rbs_motif=AGGAG;rbs_spacer=5-10bp;gc_cont=0.631	OXA-917	3006103	Perfect	100.0	100.0	carbapenem; cephalosporin; penam	antibiotic inactivation	OXA beta-lactamase	cloxacillin; oxacillin; cefalotin	False	chromosome_like	1		
annual_wastewater_2017_2025	2024_ERR17001293	k141_541568	k141_541568_1 # 2 # 1033 # 1 # ID=129829_1;partial=11;start_type=Edge;rbs_motif=None;rbs_spacer=None;gc_cont=0.642	vanW gene in vanI cluster	3003724	Strict	33.89	92.23	glycopeptide antibiotic	antibiotic target alteration	vanW; glycopeptide resistance gene cluster	vancomycin; teicoplanin	False	chromosome_like	1		
annual_wastewater_2017_2025	2024_ERR17001293	k141_824946	k141_824946_1 # 1 # 1653 # 1 # ID=130800_1;partial=11;start_type=Edge;rbs_motif=None;rbs_spacer=None;gc_cont=0.390	vanY gene in vanM cluster	3002961	Strict	29.17	236.48	glycopeptide antibiotic	antibiotic target alteration	vanY; glycopeptide resistance gene cluster	vancomycin; teicoplanin	False	chromosome_like	1		
annual_wastewater_2017_2025	2024_ERR17001293	k141_688716	k141_688716_2 # 117 # 701 # 1 # ID=131319_2;partial=00;start_type=GTG;rbs_motif=AAAA;rbs_spacer=12bp;gc_cont=0.373	vanY gene in vanB cluster	3002956	Strict	34.48	72.39	glycopeptide antibiotic	antibiotic target alteration	vanY; glycopeptide resistance gene cluster	vancomycin	False	chromosome_like	1		
annual_wastewater_2017_2025	2024_ERR17001293	k141_392700	k141_392700_2 # 516 # 2591 # -1 # ID=132091_2;partial=01;start_type=Edge;rbs_motif=None;rbs_spacer=None;gc_cont=0.624	vanT gene in vanG cluster	3002972	Strict	34.95	97.05	glycopeptide antibiotic	antibiotic target alteration	glycopeptide resistance gene cluster; vanT	vancomycin	False	chromosome_like	1		
annual_wastewater_2017_2025	2024_ERR17001293	k141_97048	k141_97048_2 # 398 # 2047 # 1 # ID=132323_2;partial=00;start_type=ATG;rbs_motif=GGAG/GAGG;rbs_spacer=5-10bp;gc_cont=0.582	ArnT	3005053	Strict	41.36	99.64	peptide antibiotic	antibiotic target alteration	pmr phosphoethanolamine transferase	colistin A; colistin B	False	chromosome_like	1		
annual_wastewater_2017_2025	2024_ERR17001293	k141_393279	k141_393279_2 # 449 # 1240 # -1 # ID=132875_2;partial=01;start_type=Edge;rbs_motif=None;rbs_spacer=None;gc_cont=0.303	vanY gene in vanA cluster	3002955	Strict	31.11	86.8	glycopeptide antibiotic	antibiotic target alteration	vanY; glycopeptide resistance gene cluster	vancomycin; teicoplanin	False	chromosome_like	1		
annual_wastewater_2017_2025	2024_ERR17001293	k141_690700	k141_690700_2 # 826 # 2145 # -1 # ID=133406_2;partial=01;start_type=Edge;rbs_motif=None;rbs_spacer=None;gc_cont=0.433	vanW gene in vanI cluster	3003724	Strict	33.17	117.69	glycopeptide antibiotic	antibiotic target alteration	vanW; glycopeptide resistance gene cluster	vancomycin; teicoplanin	False	chromosome_like	1		
annual_wastewater_2017_2025	2024_ERR17001293	k141_251325	k141_251325_2 # 503 # 1036 # -1 # ID=133799_2;partial=01;start_type=Edge;rbs_motif=None;rbs_spacer=None;gc_cont=0.524	tet(W)	3000194	Strict	97.18	27.7	tetracycline antibiotic	antibiotic target protection	tetracycline-resistant ribosomal protection protein	tetracycline; doxycycline; minocycline; chlortetracycline; demeclocycline; oxytetracycline	False	chromosome_like	1		
annual_wastewater_2017_2025	2024_ERR17001293	k141_976372	k141_976372_2 # 509 # 2023 # -1 # ID=136783_2;partial=00;start_type=ATG;rbs_motif=AAA;rbs_spacer=13bp;gc_cont=0.560	vanW gene in vanI cluster	3003724	Strict	27.92	135.12	glycopeptide antibiotic	antibiotic target alteration	vanW; glycopeptide resistance gene cluster	vancomycin; teicoplanin	False	chromosome_like	1		
annual_wastewater_2017_2025	2024_ERR17001293	k141_547614	k141_547614_1 # 78 # 1037 # 1 # ID=136784_1;partial=01;start_type=ATG;rbs_motif=GGA/GAG/AGG;rbs_spacer=5-10bp;gc_cont=0.405	vanW gene in vanI cluster	3003724	Strict	29.85	85.79	glycopeptide antibiotic	antibiotic target alteration	vanW; glycopeptide resistance gene cluster	vancomycin; teicoplanin	False	chromosome_like	1		
annual_wastewater_2017_2025	2024_ERR17001293	k141_254140	k141_254140_2 # 482 # 976 # -1 # ID=137000_2;partial=00;start_type=ATG;rbs_motif=GGAG/GAGG;rbs_spacer=5-10bp;gc_cont=0.325	dfrF	3002867	Perfect	100.0	100.0	diaminopyrimidine antibiotic	antibiotic target replacement	trimethoprim resistant dihydrofolate reductase dfr	trimethoprim	False	chromosome_like	1		
annual_wastewater_2017_2025	2024_ERR17001293	k141_397402	k141_397402_4 # 4182 # 5900 # -1 # ID=137565_4;partial=01;start_type=Edge;rbs_motif=None;rbs_spacer=None;gc_cont=0.483	vanT gene in vanG cluster	3002972	Strict	34.15	80.34	glycopeptide antibiotic	antibiotic target alteration	glycopeptide resistance gene cluster; vanT	vancomycin	False	chromosome_like	1		
annual_wastewater_2017_2025	2024_ERR17001293	k141_101589	k141_101589_1 # 167 # 1594 # -1 # ID=137718_1;partial=01;start_type=Edge;rbs_motif=None;rbs_spacer=None;gc_cont=0.525	vanT gene in vanG cluster	3002972	Strict	35.04	66.71	glycopeptide antibiotic	antibiotic target alteration	glycopeptide resistance gene cluster; vanT	vancomycin	False	chromosome_like	1		
annual_wastewater_2017_2025	2024_ERR17001293	k141_255520	k141_255520_3 # 1408 # 2259 # -1 # ID=138395_3;partial=00;start_type=GTG;rbs_motif=GGAG/GAGG;rbs_spacer=5-10bp;gc_cont=0.390	vanY gene in vanB cluster	3002956	Strict	37.76	105.6	glycopeptide antibiotic	antibiotic target alteration	vanY; glycopeptide resistance gene cluster	vancomycin	False	chromosome_like	1		
annual_wastewater_2017_2025	2024_ERR17001293	k141_553349	k141_553349_2 # 251 # 1075 # -1 # ID=143099_2;partial=00;start_type=ATG;rbs_motif=None;rbs_spacer=None;gc_cont=0.464	OXA-211	3001710	Strict	96.72	100.0	carbapenem; cephalosporin; penam	antibiotic inactivation	OXA beta-lactamase	cloxacillin; oxacillin; cefalotin	False	chromosome_like	1		
annual_wastewater_2017_2025	2024_ERR17001293	k141_1128978	k141_1128978_2 # 487 # 1680 # -1 # ID=143263_2;partial=00;start_type=ATG;rbs_motif=GGAG/GAGG;rbs_spacer=5-10bp;gc_cont=0.538	Escherichia coli acrA	3004043	Perfect	100.0	100.0	fluoroquinolone antibiotic; cephalosporin; glycylcycline; penam; tetracycline antibiotic; rifamycin antibiotic; phenicol antibiotic; disinfecting agents and antiseptics	antibiotic efflux	resistance-nodulation-cell division (RND) antibiotic efflux pump	tigecycline; tetracycline; rifampin; chloramphenicol; ampicillin; cefalotin; triclosan	False	chromosome_like	1		
annual_wastewater_2017_2025	2024_ERR17001293	k141_1128978	k141_1128978_3 # 1822 # 2469 # 1 # ID=143263_3;partial=00;start_type=ATG;rbs_motif=None;rbs_spacer=None;gc_cont=0.455	Escherichia coli AcrAB-TolC with AcrR mutation conferring resistance to ciprofloxacin, tetracycline, and ceftazidime	3003807	Strict	100.0	100.0	fluoroquinolone antibiotic; cephalosporin; glycylcycline; penam; tetracycline antibiotic; rifamycin antibiotic; phenicol antibiotic; disinfecting agents and antiseptics	antibiotic target alteration; antibiotic efflux	resistance-nodulation-cell division (RND) antibiotic efflux pump	tigecycline; ciprofloxacin; tetracycline; ceftazidime; rifampin; chloramphenicol; ampicillin; cefalotin; triclosan	False	chromosome_like	1		
annual_wastewater_2017_2025	2024_ERR17001293	k141_836064	k141_836064_1 # 505 # 708 # -1 # ID=143325_1;partial=00;start_type=ATG;rbs_motif=AGGAG;rbs_spacer=5-10bp;gc_cont=0.461	rsmA	3005069	Strict	90.91	109.84	fluoroquinolone antibiotic; diaminopyrimidine antibiotic; phenicol antibiotic	antibiotic efflux	resistance-nodulation-cell division (RND) antibiotic efflux pump	trimethoprim; chloramphenicol	False	chromosome_like	1		
annual_wastewater_2017_2025	2024_ERR17001293	k141_553570	k141_553570_1 # 176 # 1801 # -1 # ID=143339_1;partial=01;start_type=Edge;rbs_motif=None;rbs_spacer=None;gc_cont=0.618	vanT gene in vanG cluster	3002972	Strict	38.99	75.98	glycopeptide antibiotic	antibiotic target alteration	glycopeptide resistance gene cluster; vanT	vancomycin	False	chromosome_like	1		
annual_wastewater_2017_2025	2024_ERR17001293	k141_1131622	k141_1131622_1 # 107 # 919 # -1 # ID=146206_1;partial=00;start_type=GTG;rbs_motif=GGAG/GAGG;rbs_spacer=5-10bp;gc_cont=0.526	ANT(3'')-IIa	3004089	Strict	99.63	83.59	aminoglycoside antibiotic	antibiotic inactivation	ANT(3'')	spectinomycin; streptomycin	False	chromosome_like	1		
annual_wastewater_2017_2025	2024_ERR17001293	k141_1131622	k141_1131622_2 # 912 # 1712 # -1 # ID=146206_2;partial=00;start_type=ATG;rbs_motif=AGxAGG/AGGxGG;rbs_spacer=3-4bp;gc_cont=0.418	OXA-10	3001405	Strict	99.62	100.0	carbapenem; cephalosporin; penam	antibiotic inactivation	OXA beta-lactamase	cloxacillin; oxacillin; cefalotin	False	chromosome_like	1		
annual_wastewater_2017_2025	2024_ERR17001293	k141_263420	k141_263420_4 # 953 # 1249 # -1 # ID=146772_4;partial=01;start_type=Edge;rbs_motif=None;rbs_spacer=None;gc_cont=0.623	vanY gene in vanB cluster	3002956	Strict	61.11	36.57	glycopeptide antibiotic	antibiotic target alteration	vanY; glycopeptide resistance gene cluster	vancomycin	False	chromosome_like	1		
annual_wastewater_2017_2025	2024_ERR17001293	k141_265297	k141_265297_5 # 3080 # 4051 # -1 # ID=148861_5;partial=00;start_type=ATG;rbs_motif=AGGAG;rbs_spacer=5-10bp;gc_cont=0.475	vanH gene in vanM cluster	3002947	Strict	38.39	99.08	glycopeptide antibiotic	antibiotic target alteration	vanH; glycopeptide resistance gene cluster	vancomycin; teicoplanin	False	chromosome_like	1		
annual_wastewater_2017_2025	2024_ERR17001293	k141_267070	k141_267070_2 # 1015 # 4128 # 1 # ID=150761_2;partial=00;start_type=ATG;rbs_motif=GGAG/GAGG;rbs_spacer=5-10bp;gc_cont=0.547	acrD	3000491	Perfect	100.0	100.0	aminoglycoside antibiotic	antibiotic efflux	resistance-nodulation-cell division (RND) antibiotic efflux pump		False	chromosome_like	1		
annual_wastewater_2017_2025	2024_ERR17001293	k141_1135862	k141_1135862_1 # 16 # 1056 # 1 # ID=150893_1;partial=01;start_type=ATG;rbs_motif=GGAGG;rbs_spacer=5-10bp;gc_cont=0.664	vanT gene in vanG cluster	3002972	Strict	35.12	48.74	glycopeptide antibiotic	antibiotic target alteration	glycopeptide resistance gene cluster; vanT	vancomycin	False	chromosome_like	1		
annual_wastewater_2017_2025	2024_ERR17001293	k141_1136426	k141_1136426_4 # 2272 # 3051 # 1 # ID=151547_4;partial=00;start_type=ATG;rbs_motif=GGAG/GAGG;rbs_spacer=5-10bp;gc_cont=0.609	vanY gene in vanG cluster	3002959	Strict	48.62	92.83	glycopeptide antibiotic	antibiotic target alteration	vanY; glycopeptide resistance gene cluster	vancomycin	False	chromosome_like	1		
annual_wastewater_2017_2025	2024_ERR17001293	k141_409730	k141_409730_2 # 285 # 1154 # -1 # ID=151597_2;partial=01;start_type=Edge;rbs_motif=None;rbs_spacer=None;gc_cont=0.415	vanW gene in vanI cluster	3003724	Strict	40.14	77.48	glycopeptide antibiotic	antibiotic target alteration	vanW; glycopeptide resistance gene cluster	vancomycin; teicoplanin	False	chromosome_like	1		
annual_wastewater_2017_2025	2024_ERR17001293	k141_560873	k141_560873_1 # 465 # 878 # -1 # ID=151626_1;partial=00;start_type=ATG;rbs_motif=GGA/GAG/AGG;rbs_spacer=5-10bp;gc_cont=0.471	H-NS	3000676	Perfect	100.0	100.0	macrolide antibiotic; fluoroquinolone antibiotic; cephalosporin; cephamycin; penam; tetracycline antibiotic	antibiotic efflux	major facilitator superfamily (MFS) antibiotic efflux pump; resistance-nodulation-cell division (RND) antibiotic efflux pump	erythromycin; cloxacillin; ciprofloxacin; tetracycline; oxacillin; norfloxacin	False	chromosome_like	1		
annual_wastewater_2017_2025	2024_ERR17001293	k141_708224	k141_708224_1 # 3 # 473 # 1 # ID=151675_1;partial=10;start_type=Edge;rbs_motif=None;rbs_spacer=None;gc_cont=0.669	vanY gene in vanB cluster	3002956	Strict	34.46	58.21	glycopeptide antibiotic	antibiotic target alteration	vanY; glycopeptide resistance gene cluster	vancomycin	False	chromosome_like	1		
annual_wastewater_2017_2025	2024_ERR17001293	k141_990030	k141_990030_3 # 988 # 1437 # 1 # ID=152039_3;partial=00;start_type=ATG;rbs_motif=GGAG/GAGG;rbs_spacer=5-10bp;gc_cont=0.616	Pseudomonas aeruginosa soxR	3004107	Strict	69.72	95.51	fluoroquinolone antibiotic; cephalosporin; glycylcycline; penam; tetracycline antibiotic; rifamycin antibiotic; phenicol antibiotic; disinfecting agents and antiseptics	antibiotic target alteration; antibiotic efflux	ATP-binding cassette (ABC) antibiotic efflux pump; major facilitator superfamily (MFS) antibiotic efflux pump; resistance-nodulation-cell division (RND) antibiotic efflux pump	tigecycline; ciprofloxacin; acriflavine; tetracycline; rifampin; chloramphenicol; ampicillin; norfloxacin; cefalotin; triclosan	False	chromosome_like	1		
annual_wastewater_2017_2025	2024_ERR17001293	k141_1137456	k141_1137456_3 # 1347 # 1715 # 1 # ID=152745_3;partial=00;start_type=GTG;rbs_motif=GGA/GAG/AGG;rbs_spacer=5-10bp;gc_cont=0.322	vanW gene in vanB cluster	3002964	Strict	37.35	44.36	glycopeptide antibiotic	antibiotic target alteration	vanW; glycopeptide resistance gene cluster	vancomycin	False	chromosome_like	1		
annual_wastewater_2017_2025	2024_ERR17001293	k141_1137456	k141_1137456_4 # 1719 # 2045 # 1 # ID=152745_4;partial=01;start_type=TTG;rbs_motif=None;rbs_spacer=None;gc_cont=0.361	vanW gene in vanG cluster	3002965	Strict	25.71	38.79	glycopeptide antibiotic	antibiotic target alteration	vanW; glycopeptide resistance gene cluster	vancomycin	False	chromosome_like	1		
annual_wastewater_2017_2025	2024_ERR17001293	k141_270839	k141_270839_2 # 1195 # 4305 # 1 # ID=154991_2;partial=00;start_type=GTG;rbs_motif=AGGAGG;rbs_spacer=5-10bp;gc_cont=0.451	adeF	3000777	Strict	40.84	97.83	fluoroquinolone antibiotic; tetracycline antibiotic	antibiotic efflux	resistance-nodulation-cell division (RND) antibiotic efflux pump	tetracycline	False	chromosome_like	1		
annual_wastewater_2017_2025	2024_ERR17001293	k141_847069	k141_847069_2 # 516 # 1667 # -1 # ID=155807_2;partial=00;start_type=ATG;rbs_motif=AGGA;rbs_spacer=5-10bp;gc_cont=0.346	vanT gene in vanE cluster	3002971	Strict	40.48	54.56	glycopeptide antibiotic	antibiotic target alteration	glycopeptide resistance gene cluster; vanT	vancomycin	False	chromosome_like	1		
annual_wastewater_2017_2025	2024_ERR17001293	k141_564808	k141_564808_2 # 579 # 2096 # -1 # ID=155999_2;partial=00;start_type=ATG;rbs_motif=4Base/6BMM;rbs_spacer=13-15bp;gc_cont=0.449	vanW gene in vanI cluster	3003724	Strict	30.09	135.39	glycopeptide antibiotic	antibiotic target alteration	vanW; glycopeptide resistance gene cluster	vancomycin; teicoplanin	False	chromosome_like	1		
annual_wastewater_2017_2025	2024_ERR17001293	k141_564833	k141_564833_2 # 248 # 577 # 1 # ID=156019_2;partial=00;start_type=ATG;rbs_motif=AAA;rbs_spacer=11bp;gc_cont=0.403	qacG	3007015	Strict	49.06	101.87	disinfecting agents and antiseptics	antibiotic efflux	small multidrug resistance (SMR) antibiotic efflux pump	benzalkonium chloride	False	chromosome_like	1		
annual_wastewater_2017_2025	2024_ERR17001293	k141_1141329	k141_1141329_1 # 102 # 443 # 1 # ID=157271_1;partial=00;start_type=ATG;rbs_motif=AGGA;rbs_spacer=5-10bp;gc_cont=0.608	qacG	3007015	Strict	45.28	105.61	disinfecting agents and antiseptics	antibiotic efflux	small multidrug resistance (SMR) antibiotic efflux pump	benzalkonium chloride	False	chromosome_like	1		
annual_wastewater_2017_2025	2024_ERR17001293	k141_994611	k141_994611_3 # 972 # 1541 # -1 # ID=157397_3;partial=01;start_type=Edge;rbs_motif=None;rbs_spacer=None;gc_cont=0.516	vanY gene in vanB cluster	3002956	Strict	35.75	70.52	glycopeptide antibiotic	antibiotic target alteration	vanY; glycopeptide resistance gene cluster	vancomycin	False	chromosome_like	1		
annual_wastewater_2017_2025	2024_ERR17001293	k141_1141579	k141_1141579_2 # 697 # 1665 # -1 # ID=157610_2;partial=00;start_type=ATG;rbs_motif=AGGA;rbs_spacer=5-10bp;gc_cont=0.502	PmrF	3003578	Perfect	100.0	100.0	peptide antibiotic	antibiotic target alteration	pmr phosphoethanolamine transferase	polymyxin B	False	chromosome_like	1		
annual_wastewater_2017_2025	2024_ERR17001293	k141_416006	k141_416006_1 # 1 # 840 # -1 # ID=158522_1;partial=10;start_type=ATG;rbs_motif=None;rbs_spacer=None;gc_cont=0.611	ArnT	3005053	Strict	98.57	50.82	peptide antibiotic	antibiotic target alteration	pmr phosphoethanolamine transferase	colistin A; colistin B	False	chromosome_like	1		
annual_wastewater_2017_2025	2024_ERR17001293	k141_120126	k141_120126_4 # 2260 # 2952 # 1 # ID=159534_4;partial=01;start_type=ATG;rbs_motif=None;rbs_spacer=None;gc_cont=0.410	vanY gene in vanB cluster	3002956	Strict	28.8	86.19	glycopeptide antibiotic	antibiotic target alteration	vanY; glycopeptide resistance gene cluster	vancomycin	False	chromosome_like	1		
annual_wastewater_2017_2025	2024_ERR17001293	k141_417683	k141_417683_2 # 596 # 1417 # -1 # ID=160295_2;partial=00;start_type=ATG;rbs_motif=AGGAG;rbs_spacer=5-10bp;gc_cont=0.653	vanY gene in vanB cluster	3002956	Strict	32.43	101.87	glycopeptide antibiotic	antibiotic target alteration	vanY; glycopeptide resistance gene cluster	vancomycin	False	chromosome_like	1		
annual_wastewater_2017_2025	2024_ERR17001293	k141_997401	k141_997401_2 # 1284 # 1778 # -1 # ID=160812_2;partial=00;start_type=ATG;rbs_motif=GGAG/GAGG;rbs_spacer=5-10bp;gc_cont=0.335	lnuC	3002837	Strict	98.17	100.0	lincosamide antibiotic	antibiotic inactivation	lincosamide nucleotidyltransferase (LNU)	lincomycin	False	chromosome_like	1		
annual_wastewater_2017_2025	2024_ERR17001293	k141_418739	k141_418739_1 # 3 # 1343 # 1 # ID=161404_1;partial=11;start_type=Edge;rbs_motif=None;rbs_spacer=None;gc_cont=0.421	vanW gene in vanI cluster	3003724	Strict	33.33	119.84	glycopeptide antibiotic	antibiotic target alteration	vanW; glycopeptide resistance gene cluster	vancomycin; teicoplanin	False	chromosome_like	1		
annual_wastewater_2017_2025	2024_ERR17001293	k141_277796	k141_277796_1 # 1 # 1674 # 1 # ID=162419_1;partial=11;start_type=Edge;rbs_motif=None;rbs_spacer=None;gc_cont=0.545	vanW gene in vanI cluster	3003724	Strict	30.65	149.6	glycopeptide antibiotic	antibiotic target alteration	vanW; glycopeptide resistance gene cluster	vancomycin; teicoplanin	False	chromosome_like	1		
annual_wastewater_2017_2025	2024_ERR17001293	k141_278793	k141_278793_3 # 845 # 2083 # -1 # ID=163437_3;partial=01;start_type=Edge;rbs_motif=None;rbs_spacer=None;gc_cont=0.459	vanT gene in vanG cluster	3002972	Strict	35.87	57.87	glycopeptide antibiotic	antibiotic target alteration	glycopeptide resistance gene cluster; vanT	vancomycin	False	chromosome_like	1		
annual_wastewater_2017_2025	2024_ERR17001293	k141_572179	k141_572179_3 # 2026 # 3264 # -1 # ID=163614_3;partial=00;start_type=ATG;rbs_motif=None;rbs_spacer=None;gc_cont=0.651	Mrx	3003839	Perfect	100.0	100.0	macrolide antibiotic	antibiotic inactivation	macrolide phosphotransferase (MPH)		True	plasmid_like		0.9914	
annual_wastewater_2017_2025	2024_ERR17001293	k141_572179	k141_572179_4 # 3261 # 4166 # -1 # ID=163614_4;partial=00;start_type=ATG;rbs_motif=AGGAG;rbs_spacer=5-10bp;gc_cont=0.657	mphA	3000316	Perfect	100.0	100.0	macrolide antibiotic	antibiotic inactivation	macrolide phosphotransferase (MPH)	erythromycin; roxithromycin; telithromycin; clarithromycin; azithromycin; dirithromycin; oleandomycin	True	plasmid_like		0.9914	
annual_wastewater_2017_2025	2024_ERR17001293	k141_1146728	k141_1146728_7 # 6480 # 7442 # -1 # ID=163681_7;partial=01;start_type=Edge;rbs_motif=None;rbs_spacer=None;gc_cont=0.509	vanH gene in vanB cluster	3002943	Strict	39.1	99.07	glycopeptide antibiotic	antibiotic target alteration	vanH; glycopeptide resistance gene cluster	vancomycin	False	chromosome_like	1		
annual_wastewater_2017_2025	2024_ERR17001293	k141_421098	k141_421098_2 # 1047 # 3515 # 1 # ID=163803_2;partial=00;start_type=ATG;rbs_motif=AAGAA;rbs_spacer=10bp;gc_cont=0.448	vanT gene in vanG cluster	3002972	Strict	34.58	115.45	glycopeptide antibiotic	antibiotic target alteration	glycopeptide resistance gene cluster; vanT	vancomycin	False	chromosome_like	1		
annual_wastewater_2017_2025	2024_ERR17001293	k141_124183	k141_124183_2 # 244 # 1434 # -1 # ID=164295_2;partial=01;start_type=Edge;rbs_motif=None;rbs_spacer=None;gc_cont=0.599	vanW gene in vanI cluster	3003724	Strict	27.64	106.17	glycopeptide antibiotic	antibiotic target alteration	vanW; glycopeptide resistance gene cluster	vancomycin; teicoplanin	False	chromosome_like	1		
annual_wastewater_2017_2025	2024_ERR17001293	k141_124711	k141_124711_1 # 1 # 807 # 1 # ID=164833_1;partial=10;start_type=Edge;rbs_motif=None;rbs_spacer=None;gc_cont=0.414	gadX	3000508	Strict	95.9	97.81	macrolide antibiotic; fluoroquinolone antibiotic; penam	antibiotic efflux	resistance-nodulation-cell division (RND) antibiotic efflux pump	erythromycin; cloxacillin; oxacillin; norfloxacin	False	chromosome_like	1		
annual_wastewater_2017_2025	2024_ERR17001293	k141_280415	k141_280415_1 # 200 # 1318 # -1 # ID=165211_1;partial=00;start_type=GTG;rbs_motif=AGGAGG;rbs_spacer=5-10bp;gc_cont=0.529	vanT gene in vanG cluster	3002972	Strict	37.6	52.25	glycopeptide antibiotic	antibiotic target alteration	glycopeptide resistance gene cluster; vanT	vancomycin	False	chromosome_like	1		
annual_wastewater_2017_2025	2024_ERR17001293	k141_1002074	k141_1002074_2 # 325 # 1572 # -1 # ID=165537_2;partial=00;start_type=ATG;rbs_motif=GGA/GAG/AGG;rbs_spacer=11-12bp;gc_cont=0.552	mdtA	3000792	Strict	99.28	100.0	aminocoumarin antibiotic	antibiotic efflux	resistance-nodulation-cell division (RND) antibiotic efflux pump	novobiocin	False	chromosome_like	1		
annual_wastewater_2017_2025	2024_ERR17001293	k141_855566	k141_855566_2 # 811 # 1143 # 1 # ID=165885_2;partial=00;start_type=ATG;rbs_motif=None;rbs_spacer=None;gc_cont=0.589	qacJ	3007014	Strict	40.38	102.8	disinfecting agents and antiseptics	antibiotic efflux	small multidrug resistance (SMR) antibiotic efflux pump	benzalkonium chloride	False	chromosome_like	1		
annual_wastewater_2017_2025	2024_ERR17001293	k141_425144	k141_425144_8 # 7700 # 10816 # -1 # ID=167821_8;partial=00;start_type=ATG;rbs_motif=TAAA;rbs_spacer=13bp;gc_cont=0.474	adeF	3000777	Strict	42.9	98.02	fluoroquinolone antibiotic; tetracycline antibiotic	antibiotic efflux	resistance-nodulation-cell division (RND) antibiotic efflux pump	tetracycline	False	chromosome_like	1		
annual_wastewater_2017_2025	2024_ERR17001293	k141_724445	k141_724445_1 # 67 # 792 # -1 # ID=168660_1;partial=00;start_type=ATG;rbs_motif=GGAG/GAGG;rbs_spacer=5-10bp;gc_cont=0.326	vanY gene in vanB cluster	3002956	Strict	47.37	89.93	glycopeptide antibiotic	antibiotic target alteration	vanY; glycopeptide resistance gene cluster	vancomycin	False	chromosome_like	1		
annual_wastewater_2017_2025	2024_ERR17001293	k141_858792	k141_858792_1 # 2 # 1120 # -1 # ID=169597_1;partial=10;start_type=ATG;rbs_motif=None;rbs_spacer=None;gc_cont=0.447	vanW gene in vanI cluster	3003724	Strict	28.94	100.0	glycopeptide antibiotic	antibiotic target alteration	vanW; glycopeptide resistance gene cluster	vancomycin; teicoplanin	False	chromosome_like	1		
annual_wastewater_2017_2025	2024_ERR17001293	k141_286819	k141_286819_2 # 404 # 1579 # -1 # ID=171884_2;partial=01;start_type=Edge;rbs_motif=None;rbs_spacer=None;gc_cont=0.597	vanW gene in vanI cluster	3003724	Strict	35.26	104.83	glycopeptide antibiotic	antibiotic target alteration	vanW; glycopeptide resistance gene cluster	vancomycin; teicoplanin	False	chromosome_like	1		
annual_wastewater_2017_2025	2024_ERR17001293	k141_131457	k141_131457_1 # 2 # 1033 # 1 # ID=172212_1;partial=10;start_type=Edge;rbs_motif=None;rbs_spacer=None;gc_cont=0.479	vanT gene in vanG cluster	3002972	Strict	36.31	48.17	glycopeptide antibiotic	antibiotic target alteration	glycopeptide resistance gene cluster; vanT	vancomycin	False	chromosome_like	1		
annual_wastewater_2017_2025	2024_ERR17001293	k141_1008896	k141_1008896_2 # 1118 # 2179 # 1 # ID=172514_2;partial=00;start_type=TTG;rbs_motif=AGGA;rbs_spacer=5-10bp;gc_cont=0.419	vanG	3002909	Strict	40.34	101.15	glycopeptide antibiotic	antibiotic target alteration	glycopeptide resistance gene cluster; Van ligase	vancomycin	False	chromosome_like	1		
annual_wastewater_2017_2025	2024_ERR17001293	k141_1155167	k141_1155167_1 # 3 # 857 # 1 # ID=173869_1;partial=10;start_type=Edge;rbs_motif=None;rbs_spacer=None;gc_cont=0.647	vanY gene in vanB cluster	3002956	Strict	31.84	105.97	glycopeptide antibiotic	antibiotic target alteration	vanY; glycopeptide resistance gene cluster	vancomycin	False	chromosome_like	1		
annual_wastewater_2017_2025	2024_ERR17001293	k141_1156686	k141_1156686_1 # 134 # 3253 # -1 # ID=175501_1;partial=00;start_type=ATG;rbs_motif=AAA;rbs_spacer=11bp;gc_cont=0.511	adeF	3000777	Strict	43.04	98.11	fluoroquinolone antibiotic; tetracycline antibiotic	antibiotic efflux	resistance-nodulation-cell division (RND) antibiotic efflux pump	tetracycline	False	chromosome_like	1		
annual_wastewater_2017_2025	2024_ERR17001293	k141_1158193	k141_1158193_4 # 2270 # 2833 # -1 # ID=176842_4;partial=00;start_type=ATG;rbs_motif=AGxAGG/AGGxGG;rbs_spacer=5-10bp;gc_cont=0.537	vanY gene in vanF cluster	3002958	Strict	35.96	63.82	glycopeptide antibiotic	antibiotic target alteration	vanY; glycopeptide resistance gene cluster	vancomycin	False	chromosome_like	1		
annual_wastewater_2017_2025	2024_ERR17001293	k141_1015119	k141_1015119_2 # 1420 # 1791 # -1 # ID=177567_2;partial=00;start_type=ATG;rbs_motif=None;rbs_spacer=None;gc_cont=0.341	qacJ	3007014	Strict	42.31	114.95	disinfecting agents and antiseptics	antibiotic efflux	small multidrug resistance (SMR) antibiotic efflux pump	benzalkonium chloride	False	chromosome_like	1		
annual_wastewater_2017_2025	2024_ERR17001293	k141_1015534	k141_1015534_4 # 2493 # 3638 # -1 # ID=177862_4;partial=00;start_type=ATG;rbs_motif=AAA;rbs_spacer=12bp;gc_cont=0.533	vanT gene in vanG cluster	3002972	Strict	36.89	53.51	glycopeptide antibiotic	antibiotic target alteration	glycopeptide resistance gene cluster; vanT	vancomycin	False	chromosome_like	1		
annual_wastewater_2017_2025	2024_ERR17001293	k141_1159445	k141_1159445_4 # 3441 # 3824 # -1 # ID=177883_4;partial=00;start_type=ATG;rbs_motif=GGAG/GAGG;rbs_spacer=5-10bp;gc_cont=0.458	marA	3000263	Perfect	100.0	100.0	fluoroquinolone antibiotic; monobactam; carbapenem; cephalosporin; glycylcycline; cephamycin; penam; tetracycline antibiotic; rifamycin antibiotic; phenicol antibiotic; penem; disinfecting agents and antiseptics	antibiotic efflux; reduced permeability to antibiotic	resistance-nodulation-cell division (RND) antibiotic efflux pump; General Bacterial Porin with reduced permeability to beta-lactams	tigecycline; tetracycline; rifampin; chloramphenicol; ampicillin; cefalotin; triclosan	False	chromosome_like	1		
annual_wastewater_2017_2025	2024_ERR17001293	k141_1159445	k141_1159445_5 # 3845 # 4279 # -1 # ID=177883_5;partial=00;start_type=GTG;rbs_motif=GGA/GAG/AGG;rbs_spacer=5-10bp;gc_cont=0.492	Escherichia coli AcrAB-TolC with MarR mutations conferring resistance to ciprofloxacin and tetracycline	3003378	Strict	99.31	100.0	fluoroquinolone antibiotic; cephalosporin; glycylcycline; penam; tetracycline antibiotic; rifamycin antibiotic; phenicol antibiotic; disinfecting agents and antiseptics	antibiotic target alteration; antibiotic efflux	resistance-nodulation-cell division (RND) antibiotic efflux pump	tigecycline; ciprofloxacin; tetracycline; rifampin; chloramphenicol; ampicillin; cefalotin; triclosan	False	chromosome_like	1		
annual_wastewater_2017_2025	2024_ERR17001293	k141_1017505	k141_1017505_1 # 89 # 877 # 1 # ID=179135_1;partial=00;start_type=ATG;rbs_motif=GGA/GAG/AGG;rbs_spacer=11-12bp;gc_cont=0.583	aadA5	3002605	Perfect	100.0	100.0	aminoglycoside antibiotic	antibiotic inactivation	ANT(3'')	spectinomycin; streptomycin	False	chromosome_like	1		
annual_wastewater_2017_2025	2024_ERR17001293	k141_1162154	k141_1162154_3 # 2045 # 2833 # 1 # ID=179668_3;partial=00;start_type=ATG;rbs_motif=GGAG/GAGG;rbs_spacer=5-10bp;gc_cont=0.444	aadA27	3004682	Perfect	100.0	100.0	aminoglycoside antibiotic	antibiotic inactivation	ANT(3'')	spectinomycin; streptomycin	True	plasmid_like		0.9943	
annual_wastewater_2017_2025	2024_ERR17001293	k141_870298	k141_870298_4 # 1248 # 2030 # 1 # ID=179808_4;partial=01;start_type=ATG;rbs_motif=None;rbs_spacer=None;gc_cont=0.471	vanW gene in vanI cluster	3003724	Strict	26.01	69.97	glycopeptide antibiotic	antibiotic target alteration	vanW; glycopeptide resistance gene cluster	vancomycin; teicoplanin	False	chromosome_like	1		
annual_wastewater_2017_2025	2024_ERR17001293	k141_1019001	k141_1019001_1 # 3 # 1196 # 1 # ID=179929_1;partial=10;start_type=Edge;rbs_motif=None;rbs_spacer=None;gc_cont=0.412	vanW gene in vanI cluster	3003724	Strict	31.42	106.43	glycopeptide antibiotic	antibiotic target alteration	vanW; glycopeptide resistance gene cluster	vancomycin; teicoplanin	False	chromosome_like	1		
annual_wastewater_2017_2025	2024_ERR17001293	k141_870798	k141_870798_1 # 1 # 567 # 1 # ID=180096_1;partial=10;start_type=Edge;rbs_motif=None;rbs_spacer=None;gc_cont=0.399	vanY gene in vanG cluster	3002959	Strict	37.91	67.38	glycopeptide antibiotic	antibiotic target alteration	vanY; glycopeptide resistance gene cluster	vancomycin	False	chromosome_like	1		
annual_wastewater_2017_2025	2024_ERR17001293	k141_1164827	k141_1164827_2 # 794 # 1210 # 1 # ID=181172_2;partial=00;start_type=ATG;rbs_motif=AGGA/GGAG/GAGG;rbs_spacer=11-12bp;gc_cont=0.600	FosA8	3007371	Strict	61.76	97.87	phosphonic acid antibiotic	antibiotic inactivation	fosfomycin thiol transferase	fosfomycin	False	chromosome_like	1		
annual_wastewater_2017_2025	2024_ERR17001293	k141_1165286	k141_1165286_3 # 1471 # 2655 # -1 # ID=181391_3;partial=00;start_type=ATG;rbs_motif=None;rbs_spacer=None;gc_cont=0.594	vanG	3002909	Strict	40.0	112.89	glycopeptide antibiotic	antibiotic target alteration	glycopeptide resistance gene cluster; Van ligase	vancomycin	False	chromosome_like	1		
annual_wastewater_2017_2025	2024_ERR17001293	k141_1165524	k141_1165524_1 # 3 # 989 # 1 # ID=181514_1;partial=10;start_type=Edge;rbs_motif=None;rbs_spacer=None;gc_cont=0.375	vanW gene in vanI cluster	3003724	Strict	38.06	87.94	glycopeptide antibiotic	antibiotic target alteration	vanW; glycopeptide resistance gene cluster	vancomycin; teicoplanin	False	chromosome_like	1		
