set	sample_id	contig_id	ORF_ID	Best_Hit_ARO	ARO	Cut_Off	Best_Identities	Percentage_Length_of_Reference_Sequence	Drug_Class	Resistance_Mechanism	AMR_Gene_Family	Antibiotic	matched_to_genomad	genomad_context	chromosome_score	plasmid_score	virus_score
RM2016_batch04B_newcountries12	ERR1713407	k141_147554	k141_147554_2 # 1071 # 1895 # 1 # ID=506_2;partial=00;start_type=ATG;rbs_motif=None;rbs_spacer=None;gc_cont=0.259	OXA-347	3001777	Perfect	100.0	100.0	carbapenem; cephalosporin; penam	antibiotic inactivation	OXA beta-lactamase	cloxacillin; oxacillin; cefalotin	False	chromosome_like	1		
RM2016_batch04B_newcountries12	ERR1713407	k141_1031097	k141_1031097_1 # 1 # 1992 # 1 # ID=1488_1;partial=10;start_type=Edge;rbs_motif=None;rbs_spacer=None;gc_cont=0.607	adeF	3000777	Strict	65.75	62.61	fluoroquinolone antibiotic; tetracycline antibiotic	antibiotic efflux	resistance-nodulation-cell division (RND) antibiotic efflux pump	tetracycline	False	chromosome_like	1		
RM2016_batch04B_newcountries12	ERR1713407	k141_442653	k141_442653_1 # 772 # 957 # -1 # ID=1597_1;partial=00;start_type=ATG;rbs_motif=AGGAG;rbs_spacer=5-10bp;gc_cont=0.495	rsmA	3005069	Strict	85.25	100.0	fluoroquinolone antibiotic; diaminopyrimidine antibiotic; phenicol antibiotic	antibiotic efflux	resistance-nodulation-cell division (RND) antibiotic efflux pump	trimethoprim; chloramphenicol	False	chromosome_like	1		
RM2016_batch04B_newcountries12	ERR1713407	k141_884377	k141_884377_1 # 1 # 810 # -1 # ID=1980_1;partial=10;start_type=ATG;rbs_motif=AGGAG;rbs_spacer=5-10bp;gc_cont=0.474	OXA-551	3005775	Strict	96.67	91.53	carbapenem; cephalosporin; penam	antibiotic inactivation	OXA beta-lactamase	cloxacillin; oxacillin; cefalotin	False	chromosome_like	1		
RM2016_batch04B_newcountries12	ERR1713407	k141_737616	k141_737616_3 # 2420 # 4765 # 1 # ID=2162_3;partial=01;start_type=ATG;rbs_motif=None;rbs_spacer=None;gc_cont=0.436	adeF	3000777	Strict	93.22	73.84	fluoroquinolone antibiotic; tetracycline antibiotic	antibiotic efflux	resistance-nodulation-cell division (RND) antibiotic efflux pump	tetracycline	False	chromosome_like	1		
RM2016_batch04B_newcountries12	ERR1713407	k141_296693	k141_296693_1 # 1254 # 2108 # 1 # ID=3669_1;partial=00;start_type=ATG;rbs_motif=GGA/GAG/AGG;rbs_spacer=5-10bp;gc_cont=0.414	OXA-296	3001751	Strict	97.18	100.0	carbapenem; cephalosporin; penam	antibiotic inactivation	OXA beta-lactamase	cloxacillin; oxacillin; cefalotin	False	chromosome_like	1		
RM2016_batch04B_newcountries12	ERR1713407	k141_296712	k141_296712_1 # 2 # 1354 # -1 # ID=3688_1;partial=11;start_type=Edge;rbs_motif=None;rbs_spacer=None;gc_cont=0.453	adeF	3000777	Strict	91.8	42.59	fluoroquinolone antibiotic; tetracycline antibiotic	antibiotic efflux	resistance-nodulation-cell division (RND) antibiotic efflux pump	tetracycline	False	chromosome_like	1		
RM2016_batch04B_newcountries12	ERR1713407	k141_885557	k141_885557_2 # 316 # 930 # -1 # ID=3879_2;partial=00;start_type=ATG;rbs_motif=GGA/GAG/AGG;rbs_spacer=5-10bp;gc_cont=0.403	evgA	3000832	Perfect	100.0	100.0	macrolide antibiotic; fluoroquinolone antibiotic; penam; tetracycline antibiotic	antibiotic efflux	major facilitator superfamily (MFS) antibiotic efflux pump; resistance-nodulation-cell division (RND) antibiotic efflux pump	erythromycin; cloxacillin; tetracycline; oxacillin; norfloxacin	True	plasmid_like		0.8035	
RM2016_batch04B_newcountries12	ERR1713407	k141_885557	k141_885557_4 # 2509 # 4047 # 1 # ID=3879_4;partial=00;start_type=ATG;rbs_motif=GGA/GAG/AGG;rbs_spacer=5-10bp;gc_cont=0.418	emrY	3000254	Strict	99.8	100.0	tetracycline antibiotic	antibiotic efflux	major facilitator superfamily (MFS) antibiotic efflux pump	tetracycline	True	plasmid_like		0.8035	
RM2016_batch04B_newcountries12	ERR1713407	k141_2722	k141_2722_13 # 10015 # 10647 # 1 # ID=4018_13;partial=00;start_type=ATG;rbs_motif=GGAG/GAGG;rbs_spacer=5-10bp;gc_cont=0.496	CRP	3000518	Strict	99.52	100.0	macrolide antibiotic; fluoroquinolone antibiotic; penam	antibiotic efflux	resistance-nodulation-cell division (RND) antibiotic efflux pump	erythromycin; cloxacillin; oxacillin; norfloxacin	False	chromosome_like	1		
RM2016_batch04B_newcountries12	ERR1713407	k141_3362	k141_3362_6 # 4651 # 7881 # -1 # ID=4977_6;partial=00;start_type=ATG;rbs_motif=None;rbs_spacer=None;gc_cont=0.664	adeF	3000777	Strict	70.79	101.61	fluoroquinolone antibiotic; tetracycline antibiotic	antibiotic efflux	resistance-nodulation-cell division (RND) antibiotic efflux pump	tetracycline	False	chromosome_like	1		
RM2016_batch04B_newcountries12	ERR1713407	k141_3681	k141_3681_11 # 9592 # 12750 # 1 # ID=5505_11;partial=00;start_type=ATG;rbs_motif=AGGA;rbs_spacer=5-10bp;gc_cont=0.503	adeF	3000777	Strict	65.03	99.34	fluoroquinolone antibiotic; tetracycline antibiotic	antibiotic efflux	resistance-nodulation-cell division (RND) antibiotic efflux pump	tetracycline	False	chromosome_like	1		
RM2016_batch04B_newcountries12	ERR1713407	k141_592924	k141_592924_6 # 3953 # 7108 # -1 # ID=5650_6;partial=00;start_type=ATG;rbs_motif=GGAG/GAGG;rbs_spacer=5-10bp;gc_cont=0.610	adeF	3000777	Strict	43.47	99.24	fluoroquinolone antibiotic; tetracycline antibiotic	antibiotic efflux	resistance-nodulation-cell division (RND) antibiotic efflux pump	tetracycline	False	chromosome_like	1		
RM2016_batch04B_newcountries12	ERR1713407	k141_151606	k141_151606_2 # 551 # 1198 # -1 # ID=6618_2;partial=01;start_type=Edge;rbs_motif=None;rbs_spacer=None;gc_cont=0.585	vanW gene in vanG cluster	3002965	Strict	35.44	76.51	glycopeptide antibiotic	antibiotic target alteration	vanW; glycopeptide resistance gene cluster	vancomycin	False	chromosome_like	1		
RM2016_batch04B_newcountries12	ERR1713407	k141_298805	k141_298805_3 # 2741 # 3703 # -1 # ID=6625_3;partial=00;start_type=GTG;rbs_motif=GGAG/GAGG;rbs_spacer=5-10bp;gc_cont=0.491	leuO	3003843	Strict	80.57	101.91	nucleoside antibiotic; disinfecting agents and antiseptics	antibiotic efflux	major facilitator superfamily (MFS) antibiotic efflux pump	acriflavine; puromycin	False	chromosome_like	1		
RM2016_batch04B_newcountries12	ERR1713407	k141_299431	k141_299431_2 # 372 # 1283 # 1 # ID=7547_2;partial=00;start_type=ATG;rbs_motif=GGA/GAG/AGG;rbs_spacer=5-10bp;gc_cont=0.697	AIM-1	3000853	Strict	97.36	100.0	cephalosporin; cephamycin; penam	antibiotic inactivation	AIM beta-lactamase		False	chromosome_like	1		
RM2016_batch04B_newcountries12	ERR1713407	k141_447099	k141_447099_1 # 3 # 3095 # -1 # ID=8307_1;partial=10;start_type=ATG;rbs_motif=GGAG/GAGG;rbs_spacer=5-10bp;gc_cont=0.612	adeF	3000777	Strict	44.26	97.36	fluoroquinolone antibiotic; tetracycline antibiotic	antibiotic efflux	resistance-nodulation-cell division (RND) antibiotic efflux pump	tetracycline	False	chromosome_like	1		
RM2016_batch04B_newcountries12	ERR1713407	k141_741980	k141_741980_4 # 4737 # 7895 # -1 # ID=8750_4;partial=00;start_type=ATG;rbs_motif=AGGA;rbs_spacer=5-10bp;gc_cont=0.503	adeF	3000777	Strict	65.03	99.34	fluoroquinolone antibiotic; tetracycline antibiotic	antibiotic efflux	resistance-nodulation-cell division (RND) antibiotic efflux pump	tetracycline	False	chromosome_like	1		
RM2016_batch04B_newcountries12	ERR1713407	k141_300336	k141_300336_3 # 739 # 1122 # -1 # ID=8820_3;partial=01;start_type=Edge;rbs_motif=None;rbs_spacer=None;gc_cont=0.471	marA	3000263	Strict	94.35	100.0	fluoroquinolone antibiotic; monobactam; carbapenem; cephalosporin; glycylcycline; cephamycin; penam; tetracycline antibiotic; rifamycin antibiotic; phenicol antibiotic; penem; disinfecting agents and antiseptics	antibiotic efflux; reduced permeability to antibiotic	resistance-nodulation-cell division (RND) antibiotic efflux pump; General Bacterial Porin with reduced permeability to beta-lactams	tigecycline; tetracycline; rifampin; chloramphenicol; ampicillin; cefalotin; triclosan	False	chromosome_like	1		
RM2016_batch04B_newcountries12	ERR1713407	k141_742342	k141_742342_3 # 1214 # 2050 # -1 # ID=9353_3;partial=00;start_type=GTG;rbs_motif=GGA/GAG/AGG;rbs_spacer=5-10bp;gc_cont=0.490	Escherichia coli AcrAB-TolC with MarR mutations conferring resistance to ciprofloxacin and tetracycline	3003378	Strict	86.81	193.06	fluoroquinolone antibiotic; cephalosporin; glycylcycline; penam; tetracycline antibiotic; rifamycin antibiotic; phenicol antibiotic; disinfecting agents and antiseptics	antibiotic target alteration; antibiotic efflux	resistance-nodulation-cell division (RND) antibiotic efflux pump	tigecycline; ciprofloxacin; tetracycline; rifampin; chloramphenicol; ampicillin; cefalotin; triclosan	False	chromosome_like	1		
RM2016_batch04B_newcountries12	ERR1713407	k141_448432	k141_448432_3 # 1425 # 1919 # -1 # ID=10315_3;partial=00;start_type=ATG;rbs_motif=GGAG/GAGG;rbs_spacer=5-10bp;gc_cont=0.335	lnuC	3002837	Strict	98.17	100.0	lincosamide antibiotic	antibiotic inactivation	lincosamide nucleotidyltransferase (LNU)	lincomycin	False	chromosome_like	1		
RM2016_batch04B_newcountries12	ERR1713407	k141_1035506	k141_1035506_2 # 1183 # 1971 # 1 # ID=10472_2;partial=00;start_type=ATG;rbs_motif=None;rbs_spacer=None;gc_cont=0.373	ANT(3'')-IIc	3004091	Strict	69.77	101.16	aminoglycoside antibiotic	antibiotic inactivation	ANT(3'')	spectinomycin; streptomycin	False	chromosome_like	1		
RM2016_batch04B_newcountries12	ERR1713407	k141_743110	k141_743110_2 # 988 # 1740 # -1 # ID=10486_2;partial=01;start_type=Edge;rbs_motif=None;rbs_spacer=None;gc_cont=0.432	vanW gene in vanG cluster	3002965	Strict	33.33	88.97	glycopeptide antibiotic	antibiotic target alteration	vanW; glycopeptide resistance gene cluster	vancomycin	False	chromosome_like	1		
RM2016_batch04B_newcountries12	ERR1713407	k141_448846	k141_448846_2 # 961 # 4074 # -1 # ID=10837_2;partial=00;start_type=ATG;rbs_motif=AGGA;rbs_spacer=5-10bp;gc_cont=0.548	adeF	3000777	Strict	41.45	97.92	fluoroquinolone antibiotic; tetracycline antibiotic	antibiotic efflux	resistance-nodulation-cell division (RND) antibiotic efflux pump	tetracycline	True	plasmid_like		0.9234	
RM2016_batch04B_newcountries12	ERR1713407	k141_156069	k141_156069_3 # 3420 # 6599 # -1 # ID=13072_3;partial=00;start_type=ATG;rbs_motif=GGA/GAG/AGG;rbs_spacer=11-12bp;gc_cont=0.586	adeF	3000777	Strict	66.63	100.0	fluoroquinolone antibiotic; tetracycline antibiotic	antibiotic efflux	resistance-nodulation-cell division (RND) antibiotic efflux pump	tetracycline	False	chromosome_like	1		
RM2016_batch04B_newcountries12	ERR1713407	k141_9235	k141_9235_2 # 548 # 1627 # -1 # ID=13501_2;partial=01;start_type=Edge;rbs_motif=None;rbs_spacer=None;gc_cont=0.318	vanT gene in vanG cluster	3002972	Strict	34.33	50.42	glycopeptide antibiotic	antibiotic target alteration	glycopeptide resistance gene cluster; vanT	vancomycin	False	chromosome_like	1		
RM2016_batch04B_newcountries12	ERR1713407	k141_745327	k141_745327_1 # 359 # 772 # 1 # ID=13995_1;partial=00;start_type=ATG;rbs_motif=GGA/GAG/AGG;rbs_spacer=5-10bp;gc_cont=0.464	H-NS	3000676	Strict	91.97	100.0	macrolide antibiotic; fluoroquinolone antibiotic; cephalosporin; cephamycin; penam; tetracycline antibiotic	antibiotic efflux	major facilitator superfamily (MFS) antibiotic efflux pump; resistance-nodulation-cell division (RND) antibiotic efflux pump	erythromycin; cloxacillin; ciprofloxacin; tetracycline; oxacillin; norfloxacin	False	chromosome_like	1		
RM2016_batch04B_newcountries12	ERR1713407	k141_9568	k141_9568_2 # 2306 # 2638 # 1 # ID=14064_2;partial=00;start_type=ATG;rbs_motif=None;rbs_spacer=None;gc_cont=0.634	qacG	3007015	Strict	49.04	102.8	disinfecting agents and antiseptics	antibiotic efflux	small multidrug resistance (SMR) antibiotic efflux pump	benzalkonium chloride	False	chromosome_like	1		
RM2016_batch04B_newcountries12	ERR1713407	k141_1037586	k141_1037586_1 # 302 # 934 # 1 # ID=14344_1;partial=00;start_type=ATG;rbs_motif=GGA/GAG/AGG;rbs_spacer=5-10bp;gc_cont=0.649	catB3	3002676	Strict	80.0	100.0	phenicol antibiotic	antibiotic inactivation	chloramphenicol acetyltransferase (CAT)	azidamfenicol; chloramphenicol; thiamphenicol	False	chromosome_like	1		
RM2016_batch04B_newcountries12	ERR1713407	k141_599049	k141_599049_1 # 1 # 324 # 1 # ID=14682_1;partial=10;start_type=Edge;rbs_motif=None;rbs_spacer=None;gc_cont=0.404	qacG	3007015	Strict	48.08	100.0	disinfecting agents and antiseptics	antibiotic efflux	small multidrug resistance (SMR) antibiotic efflux pump	benzalkonium chloride	False	chromosome_like	1		
RM2016_batch04B_newcountries12	ERR1713407	k141_157814	k141_157814_4 # 3529 # 5010 # -1 # ID=15591_4;partial=01;start_type=Edge;rbs_motif=None;rbs_spacer=None;gc_cont=0.323	vanT gene in vanG cluster	3002972	Strict	32.52	69.24	glycopeptide antibiotic	antibiotic target alteration	glycopeptide resistance gene cluster; vanT	vancomycin	False	chromosome_like	1		
RM2016_batch04B_newcountries12	ERR1713407	k141_599637	k141_599637_19 # 21028 # 21675 # -1 # ID=15696_19;partial=00;start_type=ATG;rbs_motif=None;rbs_spacer=None;gc_cont=0.455	Escherichia coli AcrAB-TolC with AcrR mutation conferring resistance to ciprofloxacin, tetracycline, and ceftazidime	3003807	Strict	100.0	100.0	fluoroquinolone antibiotic; cephalosporin; glycylcycline; penam; tetracycline antibiotic; rifamycin antibiotic; phenicol antibiotic; disinfecting agents and antiseptics	antibiotic target alteration; antibiotic efflux	resistance-nodulation-cell division (RND) antibiotic efflux pump	tigecycline; ciprofloxacin; tetracycline; ceftazidime; rifampin; chloramphenicol; ampicillin; cefalotin; triclosan	False	chromosome_like	1		
RM2016_batch04B_newcountries12	ERR1713407	k141_599637	k141_599637_20 # 21817 # 23010 # 1 # ID=15696_20;partial=00;start_type=ATG;rbs_motif=GGAG/GAGG;rbs_spacer=5-10bp;gc_cont=0.538	Escherichia coli acrA	3004043	Perfect	100.0	100.0	fluoroquinolone antibiotic; cephalosporin; glycylcycline; penam; tetracycline antibiotic; rifamycin antibiotic; phenicol antibiotic; disinfecting agents and antiseptics	antibiotic efflux	resistance-nodulation-cell division (RND) antibiotic efflux pump	tigecycline; tetracycline; rifampin; chloramphenicol; ampicillin; cefalotin; triclosan	False	chromosome_like	1		
RM2016_batch04B_newcountries12	ERR1713407	k141_157850	k141_157850_10 # 7464 # 8597 # 1 # ID=15729_10;partial=00;start_type=ATG;rbs_motif=GGA/GAG/AGG;rbs_spacer=11-12bp;gc_cont=0.507	EC-15	3006876	Strict	98.41	100.0	cephalosporin	antibiotic inactivation	EC beta-lactamase		False	chromosome_like	1		
RM2016_batch04B_newcountries12	ERR1713407	k141_157850	k141_157850_48 # 50809 # 52452 # 1 # ID=15729_48;partial=00;start_type=ATG;rbs_motif=GGA/GAG/AGG;rbs_spacer=5-10bp;gc_cont=0.496	eptA	3003576	Strict	99.63	100.0	peptide antibiotic	antibiotic target alteration	pmr phosphoethanolamine transferase	polymyxin B	False	chromosome_like	1		
RM2016_batch04B_newcountries12	ERR1713407	k141_453314	k141_453314_9 # 6414 # 7508 # -1 # ID=16877_9;partial=00;start_type=ATG;rbs_motif=GGA/GAG/AGG;rbs_spacer=5-10bp;gc_cont=0.513	vanG	3002909	Strict	38.23	104.3	glycopeptide antibiotic	antibiotic target alteration	glycopeptide resistance gene cluster; Van ligase	vancomycin	False	chromosome_like	1		
RM2016_batch04B_newcountries12	ERR1713407	k141_453331	k141_453331_7 # 5052 # 6278 # 1 # ID=16949_7;partial=00;start_type=ATG;rbs_motif=GGA/GAG/AGG;rbs_spacer=5-10bp;gc_cont=0.524	mdtG	3001329	Perfect	100.0	100.0	phosphonic acid antibiotic	antibiotic efflux	major facilitator superfamily (MFS) antibiotic efflux pump	fosfomycin	False	chromosome_like	1		
RM2016_batch04B_newcountries12	ERR1713407	k141_747375	k141_747375_6 # 4340 # 5137 # 1 # ID=17272_6;partial=00;start_type=ATG;rbs_motif=GGA/GAG/AGG;rbs_spacer=5-10bp;gc_cont=0.471	OXA-436	3003128	Strict	98.11	100.0	carbapenem; cephalosporin; penam	antibiotic inactivation	OXA beta-lactamase	cloxacillin; oxacillin; cefalotin	False	chromosome_like	1		
RM2016_batch04B_newcountries12	ERR1713407	k141_453766	k141_453766_3 # 2457 # 3341 # 1 # ID=17594_3;partial=00;start_type=ATG;rbs_motif=None;rbs_spacer=None;gc_cont=0.368	mphG	3003742	Strict	99.32	100.0	macrolide antibiotic	antibiotic inactivation	macrolide phosphotransferase (MPH)	erythromycin; clarithromycin; azithromycin	False	chromosome_like	1		
RM2016_batch04B_newcountries12	ERR1713407	k141_453954	k141_453954_1 # 2 # 970 # 1 # ID=17893_1;partial=10;start_type=Edge;rbs_motif=None;rbs_spacer=None;gc_cont=0.535	PmrF	3003578	Strict	87.66	100.0	peptide antibiotic	antibiotic target alteration	pmr phosphoethanolamine transferase	polymyxin B	False	chromosome_like	1		
RM2016_batch04B_newcountries12	ERR1713407	k141_894704	k141_894704_1 # 208 # 1434 # -1 # ID=18119_1;partial=00;start_type=ATG;rbs_motif=GGA/GAG/AGG;rbs_spacer=5-10bp;gc_cont=0.311	EreD	3004608	Strict	99.51	100.0	macrolide antibiotic	antibiotic inactivation	macrolide esterase	erythromycin	False	chromosome_like	1		
RM2016_batch04B_newcountries12	ERR1713407	k141_601248	k141_601248_21 # 16678 # 17208 # 1 # ID=18188_21;partial=00;start_type=ATG;rbs_motif=GGAG/GAGG;rbs_spacer=5-10bp;gc_cont=0.492	emrR	3000516	Perfect	100.0	100.0	fluoroquinolone antibiotic	antibiotic efflux	major facilitator superfamily (MFS) antibiotic efflux pump	nalidixic acid	False	chromosome_like	1		
RM2016_batch04B_newcountries12	ERR1713407	k141_601248	k141_601248_22 # 17335 # 18507 # 1 # ID=18188_22;partial=00;start_type=ATG;rbs_motif=GGAG/GAGG;rbs_spacer=5-10bp;gc_cont=0.532	emrA	3000027	Strict	99.74	100.0	fluoroquinolone antibiotic	antibiotic efflux	major facilitator superfamily (MFS) antibiotic efflux pump	nalidixic acid	False	chromosome_like	1		
RM2016_batch04B_newcountries12	ERR1713407	k141_601248	k141_601248_23 # 18524 # 20062 # 1 # ID=18188_23;partial=00;start_type=ATG;rbs_motif=GGAG/GAGG;rbs_spacer=5-10bp;gc_cont=0.567	emrB	3000074	Strict	99.8	100.0	fluoroquinolone antibiotic	antibiotic efflux	major facilitator superfamily (MFS) antibiotic efflux pump	nalidixic acid	False	chromosome_like	1		
RM2016_batch04B_newcountries12	ERR1713407	k141_601248	k141_601248_28 # 24202 # 24387 # -1 # ID=18188_28;partial=00;start_type=ATG;rbs_motif=AGGAG;rbs_spacer=5-10bp;gc_cont=0.511	rsmA	3005069	Strict	85.25	100.0	fluoroquinolone antibiotic; diaminopyrimidine antibiotic; phenicol antibiotic	antibiotic efflux	resistance-nodulation-cell division (RND) antibiotic efflux pump	trimethoprim; chloramphenicol	False	chromosome_like	1		
RM2016_batch04B_newcountries12	ERR1713407	k141_306852	k141_306852_1 # 2 # 1840 # -1 # ID=18621_1;partial=10;start_type=GTG;rbs_motif=AGGAGG;rbs_spacer=5-10bp;gc_cont=0.405	tet(Q)	3000191	Strict	97.23	93.3	tetracycline antibiotic	antibiotic target protection	tetracycline-resistant ribosomal protection protein	tetracycline; doxycycline; minocycline; chlortetracycline; demeclocycline; oxytetracycline	False	chromosome_like	1		
RM2016_batch04B_newcountries12	ERR1713407	k141_454443	k141_454443_3 # 842 # 2485 # -1 # ID=18666_3;partial=00;start_type=ATG;rbs_motif=GGAG/GAGG;rbs_spacer=5-10bp;gc_cont=0.656	ArnT	3005053	Strict	50.37	99.27	peptide antibiotic	antibiotic target alteration	pmr phosphoethanolamine transferase	colistin A; colistin B	False	chromosome_like	1		
RM2016_batch04B_newcountries12	ERR1713407	k141_602166	k141_602166_1 # 285 # 629 # 1 # ID=19278_1;partial=00;start_type=ATG;rbs_motif=GGA/GAG/AGG;rbs_spacer=5-10bp;gc_cont=0.351	qacG	3007015	Strict	48.08	106.54	disinfecting agents and antiseptics	antibiotic efflux	small multidrug resistance (SMR) antibiotic efflux pump	benzalkonium chloride	False	chromosome_like	1		
RM2016_batch04B_newcountries12	ERR1713407	k141_308099	k141_308099_1 # 43 # 1809 # -1 # ID=20562_1;partial=00;start_type=ATG;rbs_motif=AGGA/GGAG/GAGG;rbs_spacer=11-12bp;gc_cont=0.559	Haemophilus influenzae PBP3 conferring resistance to beta-lactam antibiotics	3004446	Strict	51.85	96.39	cephalosporin; cephamycin; penam	antibiotic target alteration	Penicillin-binding protein mutations conferring resistance to beta-lactam antibiotics	ceftriaxone; ampicillin; cefaclor; cefotaxime; cefditoren; cefdinir	False	chromosome_like	1		
RM2016_batch04B_newcountries12	ERR1713407	k141_1041469	k141_1041469_2 # 949 # 2085 # -1 # ID=21640_2;partial=01;start_type=Edge;rbs_motif=None;rbs_spacer=None;gc_cont=0.569	Escherichia coli EF-Tu mutants conferring resistance to Pulvomycin	3003369	Strict	91.25	92.42	elfamycin antibiotic	antibiotic target alteration	elfamycin resistant EF-Tu	pulvomycin	False	chromosome_like	1		
RM2016_batch04B_newcountries12	ERR1713407	k141_604068	k141_604068_1 # 288 # 1127 # -1 # ID=21983_1;partial=00;start_type=ATG;rbs_motif=GGA/GAG/AGG;rbs_spacer=11-12bp;gc_cont=0.529	aadA11	3002611	Strict	98.55	99.29	aminoglycoside antibiotic	antibiotic inactivation	ANT(3'')	spectinomycin; streptomycin	False	chromosome_like	1		
RM2016_batch04B_newcountries12	ERR1713407	k141_604095	k141_604095_12 # 10428 # 10850 # -1 # ID=22024_12;partial=01;start_type=Edge;rbs_motif=None;rbs_spacer=None;gc_cont=0.603	FosA8	3007371	Strict	56.62	99.29	phosphonic acid antibiotic	antibiotic inactivation	fosfomycin thiol transferase	fosfomycin	False	chromosome_like	1		
RM2016_batch04B_newcountries12	ERR1713407	k141_310129	k141_310129_2 # 1317 # 4484 # 1 # ID=23432_2;partial=00;start_type=ATG;rbs_motif=GGAG/GAGG;rbs_spacer=5-10bp;gc_cont=0.596	adeF	3000777	Strict	41.42	99.62	fluoroquinolone antibiotic; tetracycline antibiotic	antibiotic efflux	resistance-nodulation-cell division (RND) antibiotic efflux pump	tetracycline	True	plasmid_like		0.877	
RM2016_batch04B_newcountries12	ERR1713407	k141_459201	k141_459201_2 # 282 # 938 # -1 # ID=25756_2;partial=00;start_type=ATG;rbs_motif=GGAG/GAGG;rbs_spacer=5-10bp;gc_cont=0.381	QnrVC4	3002801	Perfect	100.0	100.0	fluoroquinolone antibiotic	antibiotic target protection	quinolone resistance protein (qnr)	ciprofloxacin; levofloxacin; moxifloxacin; gatifloxacin; nalidixic acid; norfloxacin; sparfloxacin	False	chromosome_like	1		
RM2016_batch04B_newcountries12	ERR1713407	k141_752882	k141_752882_2 # 1054 # 2205 # -1 # ID=26376_2;partial=01;start_type=Edge;rbs_motif=None;rbs_spacer=None;gc_cont=0.609	Klebsiella pneumoniae KpnH	3004597	Strict	93.21	74.8	macrolide antibiotic; fluoroquinolone antibiotic; aminoglycoside antibiotic; carbapenem; cephalosporin; penam; peptide antibiotic; penem	antibiotic efflux	major facilitator superfamily (MFS) antibiotic efflux pump	erythromycin; gentamicin C; ciprofloxacin; spectinomycin; streptomycin; tobramycin; ceftazidime; ertapenem; piperacillin; azithromycin; imipenem; polymyxin B; polymyxin B1; polymyxin B2; polymyxin B3; polymyxin B4; norfloxacin; ticarcillin; gentamicin	False	chromosome_like	1		
RM2016_batch04B_newcountries12	ERR1713407	k141_459585	k141_459585_5 # 3461 # 5902 # 1 # ID=26838_5;partial=00;start_type=ATG;rbs_motif=None;rbs_spacer=None;gc_cont=0.371	vanT gene in vanG cluster	3002972	Strict	35.69	114.19	glycopeptide antibiotic	antibiotic target alteration	glycopeptide resistance gene cluster; vanT	vancomycin	False	chromosome_like	1		
RM2016_batch04B_newcountries12	ERR1713407	k141_901326	k141_901326_3 # 752 # 1642 # 1 # ID=27520_3;partial=00;start_type=ATG;rbs_motif=None;rbs_spacer=None;gc_cont=0.723	vanY gene in vanM cluster	3002961	Strict	32.62	127.04	glycopeptide antibiotic	antibiotic target alteration	vanY; glycopeptide resistance gene cluster	vancomycin; teicoplanin	False	chromosome_like	1		
RM2016_batch04B_newcountries12	ERR1713407	k141_753668	k141_753668_5 # 3506 # 4879 # 1 # ID=27563_5;partial=00;start_type=ATG;rbs_motif=None;rbs_spacer=None;gc_cont=0.548	cpxA	3000830	Perfect	100.0	100.0	aminoglycoside antibiotic; aminocoumarin antibiotic	antibiotic efflux	resistance-nodulation-cell division (RND) antibiotic efflux pump	novobiocin	False	chromosome_like	1		
RM2016_batch04B_newcountries12	ERR1713407	k141_1044268	k141_1044268_1 # 2 # 745 # 1 # ID=27757_1;partial=10;start_type=Edge;rbs_motif=None;rbs_spacer=None;gc_cont=0.426	tet(32)	3000196	Strict	99.6	38.65	tetracycline antibiotic	antibiotic target protection	tetracycline-resistant ribosomal protection protein	tetracycline; doxycycline; minocycline; chlortetracycline; demeclocycline; oxytetracycline	True	plasmid_like		0.99	
RM2016_batch04B_newcountries12	ERR1713407	k141_1044346	k141_1044346_3 # 1714 # 1911 # 1 # ID=27942_3;partial=00;start_type=ATG;rbs_motif=AGGAG;rbs_spacer=5-10bp;gc_cont=0.434	rsmA	3005069	Strict	86.67	106.56	fluoroquinolone antibiotic; diaminopyrimidine antibiotic; phenicol antibiotic	antibiotic efflux	resistance-nodulation-cell division (RND) antibiotic efflux pump	trimethoprim; chloramphenicol	False	chromosome_like	1		
RM2016_batch04B_newcountries12	ERR1713407	k141_313450	k141_313450_2 # 547 # 1050 # -1 # ID=28137_2;partial=00;start_type=ATG;rbs_motif=AGxAGG/AGGxGG;rbs_spacer=5-10bp;gc_cont=0.603	nimG	3007109	Strict	56.44	101.83	nitroimidazole antibiotic	antibiotic inactivation	nitroimidazole reductase	metronidazole	False	chromosome_like	1		
RM2016_batch04B_newcountries12	ERR1713407	k141_460649	k141_460649_1 # 1 # 462 # 1 # ID=28356_1;partial=10;start_type=Edge;rbs_motif=None;rbs_spacer=None;gc_cont=0.626	Pseudomonas aeruginosa soxR	3004107	Strict	70.42	98.08	fluoroquinolone antibiotic; cephalosporin; glycylcycline; penam; tetracycline antibiotic; rifamycin antibiotic; phenicol antibiotic; disinfecting agents and antiseptics	antibiotic target alteration; antibiotic efflux	ATP-binding cassette (ABC) antibiotic efflux pump; major facilitator superfamily (MFS) antibiotic efflux pump; resistance-nodulation-cell division (RND) antibiotic efflux pump	tigecycline; ciprofloxacin; acriflavine; tetracycline; rifampin; chloramphenicol; ampicillin; norfloxacin; cefalotin; triclosan	False	chromosome_like	1		
RM2016_batch04B_newcountries12	ERR1713407	k141_313914	k141_313914_3 # 921 # 4022 # -1 # ID=28672_3;partial=00;start_type=ATG;rbs_motif=GGA/GAG/AGG;rbs_spacer=5-10bp;gc_cont=0.592	adeF	3000777	Strict	43.65	97.54	fluoroquinolone antibiotic; tetracycline antibiotic	antibiotic efflux	resistance-nodulation-cell division (RND) antibiotic efflux pump	tetracycline	False	chromosome_like	1		
RM2016_batch04B_newcountries12	ERR1713407	k141_754601	k141_754601_1 # 2 # 646 # 1 # ID=28866_1;partial=10;start_type=Edge;rbs_motif=None;rbs_spacer=None;gc_cont=0.313	vanW gene in vanG cluster	3002965	Strict	40.79	76.16	glycopeptide antibiotic	antibiotic target alteration	vanW; glycopeptide resistance gene cluster	vancomycin	False	chromosome_like	1		
RM2016_batch04B_newcountries12	ERR1713407	k141_166222	k141_166222_75 # 77715 # 80888 # 1 # ID=29057_75;partial=00;start_type=ATG;rbs_motif=None;rbs_spacer=None;gc_cont=0.377	adeF	3000777	Strict	42.73	99.81	fluoroquinolone antibiotic; tetracycline antibiotic	antibiotic efflux	resistance-nodulation-cell division (RND) antibiotic efflux pump	tetracycline	False	chromosome_like	1		
RM2016_batch04B_newcountries12	ERR1713407	k141_166222	k141_166222_422 # 481483 # 483954 # 1 # ID=29057_422;partial=00;start_type=ATG;rbs_motif=None;rbs_spacer=None;gc_cont=0.325	vanT gene in vanG cluster	3002972	Strict	32.61	115.59	glycopeptide antibiotic	antibiotic target alteration	glycopeptide resistance gene cluster; vanT	vancomycin	False	chromosome_like	1		
RM2016_batch04B_newcountries12	ERR1713407	k141_755440	k141_755440_1 # 127 # 3270 # -1 # ID=30117_1;partial=00;start_type=ATG;rbs_motif=TAA;rbs_spacer=11bp;gc_cont=0.394	adeF	3000777	Strict	41.83	98.87	fluoroquinolone antibiotic; tetracycline antibiotic	antibiotic efflux	resistance-nodulation-cell division (RND) antibiotic efflux pump	tetracycline	False	chromosome_like	1		
RM2016_batch04B_newcountries12	ERR1713407	k141_166897	k141_166897_1 # 1 # 615 # 1 # ID=30217_1;partial=10;start_type=Edge;rbs_motif=None;rbs_spacer=None;gc_cont=0.361	vanW gene in vanG cluster	3002965	Strict	39.24	72.6	glycopeptide antibiotic	antibiotic target alteration	vanW; glycopeptide resistance gene cluster	vancomycin	False	chromosome_like	1		
RM2016_batch04B_newcountries12	ERR1713407	k141_610317	k141_610317_1 # 308 # 964 # 1 # ID=31104_1;partial=00;start_type=ATG;rbs_motif=AGGAG;rbs_spacer=5-10bp;gc_cont=0.438	QnrS2	3002791	Perfect	100.0	100.0	fluoroquinolone antibiotic	antibiotic target protection	quinolone resistance protein (qnr)	ciprofloxacin; levofloxacin; moxifloxacin; gatifloxacin; nalidixic acid; norfloxacin; sparfloxacin	False	chromosome_like	1		
RM2016_batch04B_newcountries12	ERR1713407	k141_463021	k141_463021_1 # 28 # 348 # -1 # ID=31517_1;partial=00;start_type=ATG;rbs_motif=GGAG/GAGG;rbs_spacer=5-10bp;gc_cont=0.654	qacJ	3007014	Strict	37.38	99.07	disinfecting agents and antiseptics	antibiotic efflux	small multidrug resistance (SMR) antibiotic efflux pump	benzalkonium chloride	False	chromosome_like	1		
RM2016_batch04B_newcountries12	ERR1713407	k141_463031	k141_463031_2 # 389 # 1540 # 1 # ID=31532_2;partial=01;start_type=ATG;rbs_motif=GGA/GAG/AGG;rbs_spacer=5-10bp;gc_cont=0.437	ugd	3003577	Strict	99.22	98.97	peptide antibiotic	antibiotic target alteration	pmr phosphoethanolamine transferase	polymyxin B	False	chromosome_like	1		
RM2016_batch04B_newcountries12	ERR1713407	k141_168663	k141_168663_2 # 875 # 1819 # 1 # ID=32981_2;partial=00;start_type=ATG;rbs_motif=GGAG/GAGG;rbs_spacer=5-10bp;gc_cont=0.520	leuO	3003843	Strict	81.46	100.0	nucleoside antibiotic; disinfecting agents and antiseptics	antibiotic efflux	major facilitator superfamily (MFS) antibiotic efflux pump	acriflavine; puromycin	False	chromosome_like	1		
RM2016_batch04B_newcountries12	ERR1713407	k141_905297	k141_905297_2 # 149 # 2575 # -1 # ID=33074_2;partial=00;start_type=ATG;rbs_motif=None;rbs_spacer=None;gc_cont=0.348	vanT gene in vanG cluster	3002972	Strict	35.03	113.48	glycopeptide antibiotic	antibiotic target alteration	glycopeptide resistance gene cluster; vanT	vancomycin	False	chromosome_like	1		
RM2016_batch04B_newcountries12	ERR1713407	k141_1047069	k141_1047069_5 # 4287 # 7457 # -1 # ID=33205_5;partial=00;start_type=ATG;rbs_motif=GGAGG;rbs_spacer=5-10bp;gc_cont=0.449	adeF	3000777	Strict	60.82	99.72	fluoroquinolone antibiotic; tetracycline antibiotic	antibiotic efflux	resistance-nodulation-cell division (RND) antibiotic efflux pump	tetracycline	True	plasmid_like		0.9683	
RM2016_batch04B_newcountries12	ERR1713407	k141_464269	k141_464269_7 # 3721 # 4929 # -1 # ID=33231_7;partial=00;start_type=ATG;rbs_motif=GGAGG;rbs_spacer=3-4bp;gc_cont=0.553	mdtH	3001216	Perfect	100.0	100.0	fluoroquinolone antibiotic	antibiotic efflux	major facilitator superfamily (MFS) antibiotic efflux pump	enoxacin; norfloxacin	False	chromosome_like	1		
RM2016_batch04B_newcountries12	ERR1713407	k141_757800	k141_757800_2 # 388 # 1182 # 1 # ID=33571_2;partial=00;start_type=ATG;rbs_motif=GGA/GAG/AGG;rbs_spacer=11-12bp;gc_cont=0.523	NPS-1	3004239	Strict	100.0	101.54	cephalosporin; penam	antibiotic inactivation	NPS beta-lactamase		False	chromosome_like	1		
RM2016_batch04B_newcountries12	ERR1713407	k141_317483	k141_317483_5 # 4985 # 5317 # 1 # ID=33643_5;partial=00;start_type=ATG;rbs_motif=None;rbs_spacer=None;gc_cont=0.321	qacG	3007015	Strict	47.62	102.8	disinfecting agents and antiseptics	antibiotic efflux	small multidrug resistance (SMR) antibiotic efflux pump	benzalkonium chloride	False	chromosome_like	1		
RM2016_batch04B_newcountries12	ERR1713407	k141_23100	k141_23100_2 # 1320 # 3068 # 1 # ID=34009_2;partial=00;start_type=ATG;rbs_motif=None;rbs_spacer=None;gc_cont=0.541	msbA	3003950	Strict	94.5	100.0	nitroimidazole antibiotic	antibiotic efflux	ATP-binding cassette (ABC) antibiotic efflux pump	metronidazole	False	chromosome_like	1		
RM2016_batch04B_newcountries12	ERR1713407	k141_23202	k141_23202_1 # 205 # 1005 # -1 # ID=34124_1;partial=00;start_type=ATG;rbs_motif=AGxAG;rbs_spacer=5-10bp;gc_cont=0.342	ErmF	3000498	Strict	98.87	100.0	macrolide antibiotic; lincosamide antibiotic; streptogramin antibiotic; streptogramin A antibiotic; streptogramin B antibiotic	antibiotic target alteration	Erm 23S ribosomal RNA methyltransferase	erythromycin; roxithromycin; lincomycin; telithromycin; clarithromycin; clindamycin; tylosin; spiramycin; azithromycin; dirithromycin; pristinamycin IA; quinupristin; virginiamycin M1; madumycin II; griseoviridin; dalfopristin; pristinamycin IB; virginiamycin S2; pristinamycin IC; vernamycin C; patricin A; patricin B; ostreogrycin B3; oleandomycin	False	chromosome_like	1		
RM2016_batch04B_newcountries12	ERR1713407	k141_318263	k141_318263_1 # 221 # 1051 # -1 # ID=34752_1;partial=00;start_type=ATG;rbs_motif=None;rbs_spacer=None;gc_cont=0.341	OXA-1	3001396	Strict	99.64	100.0	carbapenem; cephalosporin; penam	antibiotic inactivation	OXA beta-lactamase	cloxacillin; oxacillin; amoxicillin; piperacillin; ampicillin; cefalotin	False	chromosome_like	1		
RM2016_batch04B_newcountries12	ERR1713407	k141_23887	k141_23887_75 # 86041 # 89154 # 1 # ID=35264_75;partial=00;start_type=ATG;rbs_motif=TAA;rbs_spacer=11bp;gc_cont=0.382	adeF	3000777	Strict	41.72	97.92	fluoroquinolone antibiotic; tetracycline antibiotic	antibiotic efflux	resistance-nodulation-cell division (RND) antibiotic efflux pump	tetracycline	False	chromosome_like	1		
RM2016_batch04B_newcountries12	ERR1713407	k141_907294	k141_907294_8 # 7984 # 9306 # 1 # ID=35963_8;partial=00;start_type=ATG;rbs_motif=GGAG/GAGG;rbs_spacer=5-10bp;gc_cont=0.611	Acinetobacter baumannii AbaQ	3004574	Strict	72.34	101.38	fluoroquinolone antibiotic	antibiotic efflux	major facilitator superfamily (MFS) antibiotic efflux pump		False	chromosome_like	1		
RM2016_batch04B_newcountries12	ERR1713407	k141_614404	k141_614404_1 # 3 # 2312 # -1 # ID=36634_1;partial=11;start_type=Edge;rbs_motif=None;rbs_spacer=None;gc_cont=0.487	adeF	3000777	Strict	64.2	72.71	fluoroquinolone antibiotic; tetracycline antibiotic	antibiotic efflux	resistance-nodulation-cell division (RND) antibiotic efflux pump	tetracycline	False	chromosome_like	1		
RM2016_batch04B_newcountries12	ERR1713407	k141_907822	k141_907822_4 # 2394 # 4142 # -1 # ID=36644_4;partial=00;start_type=ATG;rbs_motif=None;rbs_spacer=None;gc_cont=0.545	msbA	3003950	Strict	95.19	100.0	nitroimidazole antibiotic	antibiotic efflux	ATP-binding cassette (ABC) antibiotic efflux pump	metronidazole	False	chromosome_like	1		
RM2016_batch04B_newcountries12	ERR1713407	k141_467015	k141_467015_20 # 20629 # 21741 # 1 # ID=37198_20;partial=00;start_type=GTG;rbs_motif=AGGAG;rbs_spacer=5-10bp;gc_cont=0.395	vanT gene in vanG cluster	3002972	Strict	38.52	51.97	glycopeptide antibiotic	antibiotic target alteration	glycopeptide resistance gene cluster; vanT	vancomycin	False	chromosome_like	1		
RM2016_batch04B_newcountries12	ERR1713407	k141_909221	k141_909221_2 # 290 # 619 # -1 # ID=38422_2;partial=00;start_type=ATG;rbs_motif=4Base/6BMM;rbs_spacer=13-15bp;gc_cont=0.397	qacJ	3007014	Strict	35.85	101.87	disinfecting agents and antiseptics	antibiotic efflux	small multidrug resistance (SMR) antibiotic efflux pump	benzalkonium chloride	False	chromosome_like	1		
RM2016_batch04B_newcountries12	ERR1713407	k141_761544	k141_761544_9 # 7272 # 8504 # 1 # ID=38700_9;partial=00;start_type=ATG;rbs_motif=None;rbs_spacer=None;gc_cont=0.522	Escherichia coli mdfA	3001328	Strict	96.83	100.0	tetracycline antibiotic; disinfecting agents and antiseptics	antibiotic efflux	major facilitator superfamily (MFS) antibiotic efflux pump	tetracycline; benzalkonium chloride	False	chromosome_like	1		
RM2016_batch04B_newcountries12	ERR1713407	k141_1049607	k141_1049607_1 # 3 # 2150 # -1 # ID=38846_1;partial=11;start_type=Edge;rbs_motif=None;rbs_spacer=None;gc_cont=0.545	adeF	3000777	Strict	63.97	67.61	fluoroquinolone antibiotic; tetracycline antibiotic	antibiotic efflux	resistance-nodulation-cell division (RND) antibiotic efflux pump	tetracycline	False	chromosome_like	1		
RM2016_batch04B_newcountries12	ERR1713407	k141_321409	k141_321409_54 # 65269 # 66009 # -1 # ID=39548_54;partial=00;start_type=ATG;rbs_motif=None;rbs_spacer=None;gc_cont=0.333	JOHN-1	3000840	Strict	82.79	99.19	carbapenem; cephalosporin; penam	antibiotic inactivation	JOHN beta-lactamase		False	chromosome_like	1		
RM2016_batch04B_newcountries12	ERR1713407	k141_26907	k141_26907_1 # 82 # 3240 # 1 # ID=39843_1;partial=00;start_type=ATG;rbs_motif=AGGA;rbs_spacer=5-10bp;gc_cont=0.496	adeF	3000777	Strict	65.03	99.34	fluoroquinolone antibiotic; tetracycline antibiotic	antibiotic efflux	resistance-nodulation-cell division (RND) antibiotic efflux pump	tetracycline	False	chromosome_like	1		
RM2016_batch04B_newcountries12	ERR1713407	k141_762477	k141_762477_2 # 272 # 2977 # 1 # ID=39955_2;partial=01;start_type=ATG;rbs_motif=GGA/GAG/AGG;rbs_spacer=11-12bp;gc_cont=0.577	adeF	3000777	Strict	65.41	85.17	fluoroquinolone antibiotic; tetracycline antibiotic	antibiotic efflux	resistance-nodulation-cell division (RND) antibiotic efflux pump	tetracycline	False	chromosome_like	1		
RM2016_batch04B_newcountries12	ERR1713407	k141_1050347	k141_1050347_2 # 2048 # 5125 # 1 # ID=40396_2;partial=00;start_type=GTG;rbs_motif=AGGAG;rbs_spacer=5-10bp;gc_cont=0.563	mdtC	3000794	Strict	99.9	100.0	aminocoumarin antibiotic	antibiotic efflux	resistance-nodulation-cell division (RND) antibiotic efflux pump	novobiocin	True	plasmid_like		0.9219	
RM2016_batch04B_newcountries12	ERR1713407	k141_1050347	k141_1050347_4 # 6538 # 7941 # 1 # ID=40396_4;partial=00;start_type=ATG;rbs_motif=AGGAG;rbs_spacer=5-10bp;gc_cont=0.538	baeS	3000829	Perfect	100.0	100.0	aminoglycoside antibiotic; aminocoumarin antibiotic	antibiotic efflux	resistance-nodulation-cell division (RND) antibiotic efflux pump	novobiocin	True	plasmid_like		0.9219	
RM2016_batch04B_newcountries12	ERR1713407	k141_1050347	k141_1050347_5 # 7938 # 8660 # 1 # ID=40396_5;partial=00;start_type=ATG;rbs_motif=GGA/GAG/AGG;rbs_spacer=5-10bp;gc_cont=0.542	baeR	3000828	Strict	99.58	100.0	aminoglycoside antibiotic; aminocoumarin antibiotic	antibiotic efflux	resistance-nodulation-cell division (RND) antibiotic efflux pump	novobiocin	True	plasmid_like		0.9219	
RM2016_batch04B_newcountries12	ERR1713407	k141_910625	k141_910625_4 # 2456 # 4222 # 1 # ID=40426_4;partial=00;start_type=ATG;rbs_motif=AGGA/GGAG/GAGG;rbs_spacer=11-12bp;gc_cont=0.540	Haemophilus influenzae PBP3 conferring resistance to beta-lactam antibiotics	3004446	Strict	52.06	96.39	cephalosporin; cephamycin; penam	antibiotic target alteration	Penicillin-binding protein mutations conferring resistance to beta-lactam antibiotics	ceftriaxone; ampicillin; cefaclor; cefotaxime; cefditoren; cefdinir	False	chromosome_like	1		
RM2016_batch04B_newcountries12	ERR1713407	k141_174378	k141_174378_27 # 23550 # 26663 # -1 # ID=40994_27;partial=00;start_type=ATG;rbs_motif=GGAG/GAGG;rbs_spacer=5-10bp;gc_cont=0.542	acrD	3000491	Perfect	100.0	100.0	aminoglycoside antibiotic	antibiotic efflux	resistance-nodulation-cell division (RND) antibiotic efflux pump		False	chromosome_like	1		
RM2016_batch04B_newcountries12	ERR1713407	k141_174655	k141_174655_6 # 6476 # 9625 # -1 # ID=41452_6;partial=00;start_type=ATG;rbs_motif=AGGA;rbs_spacer=5-10bp;gc_cont=0.615	adeF	3000777	Strict	41.43	99.06	fluoroquinolone antibiotic; tetracycline antibiotic	antibiotic efflux	resistance-nodulation-cell division (RND) antibiotic efflux pump	tetracycline	False	chromosome_like	1		
RM2016_batch04B_newcountries12	ERR1713407	k141_763670	k141_763670_1 # 1 # 1416 # 1 # ID=41588_1;partial=11;start_type=Edge;rbs_motif=None;rbs_spacer=None;gc_cont=0.316	vanT gene in vanG cluster	3002972	Strict	34.11	66.29	glycopeptide antibiotic	antibiotic target alteration	glycopeptide resistance gene cluster; vanT	vancomycin	False	chromosome_like	1		
RM2016_batch04B_newcountries12	ERR1713407	k141_1052217	k141_1052217_1 # 11 # 331 # -1 # ID=43768_1;partial=00;start_type=ATG;rbs_motif=GGAG/GAGG;rbs_spacer=5-10bp;gc_cont=0.648	qacJ	3007014	Strict	37.38	99.07	disinfecting agents and antiseptics	antibiotic efflux	small multidrug resistance (SMR) antibiotic efflux pump	benzalkonium chloride	False	chromosome_like	1		
RM2016_batch04B_newcountries12	ERR1713407	k141_176352	k141_176352_2 # 463 # 1638 # -1 # ID=43991_2;partial=00;start_type=ATG;rbs_motif=None;rbs_spacer=None;gc_cont=0.481	tet(Y)	3000182	Perfect	100.0	100.0	tetracycline antibiotic	antibiotic efflux	major facilitator superfamily (MFS) antibiotic efflux pump	tetracycline	False	chromosome_like	1		
RM2016_batch04B_newcountries12	ERR1713407	k141_1052458	k141_1052458_2 # 483 # 3638 # -1 # ID=44216_2;partial=00;start_type=ATG;rbs_motif=GGA/GAG/AGG;rbs_spacer=5-10bp;gc_cont=0.444	adeF	3000777	Strict	44.48	99.24	fluoroquinolone antibiotic; tetracycline antibiotic	antibiotic efflux	resistance-nodulation-cell division (RND) antibiotic efflux pump	tetracycline	False	chromosome_like	1		
RM2016_batch04B_newcountries12	ERR1713407	k141_177563	k141_177563_4 # 3233 # 4699 # -1 # ID=45669_4;partial=00;start_type=ATG;rbs_motif=AGGAG;rbs_spacer=5-10bp;gc_cont=0.559	mdtP	3003550	Strict	98.77	100.0	nucleoside antibiotic; disinfecting agents and antiseptics	antibiotic efflux	major facilitator superfamily (MFS) antibiotic efflux pump	acriflavine; puromycin	True	plasmid_like		0.823	
RM2016_batch04B_newcountries12	ERR1713407	k141_177563	k141_177563_5 # 4696 # 6747 # -1 # ID=45669_5;partial=00;start_type=ATG;rbs_motif=GGA/GAG/AGG;rbs_spacer=5-10bp;gc_cont=0.547	mdtO	3003549	Strict	99.56	100.0	nucleoside antibiotic; disinfecting agents and antiseptics	antibiotic efflux	major facilitator superfamily (MFS) antibiotic efflux pump	acriflavine; puromycin	True	plasmid_like		0.823	
RM2016_batch04B_newcountries12	ERR1713407	k141_177563	k141_177563_6 # 6747 # 7778 # -1 # ID=45669_6;partial=00;start_type=ATG;rbs_motif=GGA/GAG/AGG;rbs_spacer=5-10bp;gc_cont=0.560	mdtN	3003548	Strict	99.71	100.0	nucleoside antibiotic; disinfecting agents and antiseptics	antibiotic efflux	major facilitator superfamily (MFS) antibiotic efflux pump	acriflavine; puromycin	True	plasmid_like		0.823	
RM2016_batch04B_newcountries12	ERR1713407	k141_327172	k141_327172_2 # 379 # 708 # -1 # ID=47659_2;partial=00;start_type=ATG;rbs_motif=AGGAG;rbs_spacer=5-10bp;gc_cont=0.585	Klebsiella pneumoniae KpnF	3004583	Perfect	100.0	100.0	macrolide antibiotic; aminoglycoside antibiotic; cephalosporin; tetracycline antibiotic; peptide antibiotic; rifamycin antibiotic; disinfecting agents and antiseptics	antibiotic efflux	small multidrug resistance (SMR) antibiotic efflux pump	erythromycin; streptomycin; tetracycline; cefepime; ceftriaxone; rifampin; colistin A; colistin B; triclosan; benzalkonium chloride; chlorhexidine	False	chromosome_like	1		
RM2016_batch04B_newcountries12	ERR1713407	k141_327172	k141_327172_3 # 695 # 1057 # -1 # ID=47659_3;partial=00;start_type=ATG;rbs_motif=AGGAG;rbs_spacer=5-10bp;gc_cont=0.471	Klebsiella pneumoniae KpnE	3004580	Strict	99.17	100.0	macrolide antibiotic; aminoglycoside antibiotic; cephalosporin; tetracycline antibiotic; peptide antibiotic; rifamycin antibiotic; disinfecting agents and antiseptics	antibiotic efflux	small multidrug resistance (SMR) antibiotic efflux pump	erythromycin; streptomycin; tetracycline; cefepime; ceftriaxone; rifampin; colistin A; colistin B; triclosan; benzalkonium chloride; chlorhexidine	False	chromosome_like	1		
RM2016_batch04B_newcountries12	ERR1713407	k141_622285	k141_622285_2 # 158 # 487 # 1 # ID=47748_2;partial=00;start_type=ATG;rbs_motif=GGAG/GAGG;rbs_spacer=5-10bp;gc_cont=0.515	Klebsiella pneumoniae KpnF	3004583	Strict	88.99	100.0	macrolide antibiotic; aminoglycoside antibiotic; cephalosporin; tetracycline antibiotic; peptide antibiotic; rifamycin antibiotic; disinfecting agents and antiseptics	antibiotic efflux	small multidrug resistance (SMR) antibiotic efflux pump	erythromycin; streptomycin; tetracycline; cefepime; ceftriaxone; rifampin; colistin A; colistin B; triclosan; benzalkonium chloride; chlorhexidine	False	chromosome_like	1		
RM2016_batch04B_newcountries12	ERR1713407	k141_179184	k141_179184_2 # 386 # 1570 # -1 # ID=48240_2;partial=01;start_type=Edge;rbs_motif=None;rbs_spacer=None;gc_cont=0.388	vanT gene in vanG cluster	3002972	Strict	31.71	55.34	glycopeptide antibiotic	antibiotic target alteration	glycopeptide resistance gene cluster; vanT	vancomycin	False	chromosome_like	1		
RM2016_batch04B_newcountries12	ERR1713407	k141_622731	k141_622731_3 # 1246 # 1578 # -1 # ID=48496_3;partial=00;start_type=TTG;rbs_motif=AGxAGG/AGGxGG;rbs_spacer=5-10bp;gc_cont=0.414	qacG	3007015	Strict	38.46	102.8	disinfecting agents and antiseptics	antibiotic efflux	small multidrug resistance (SMR) antibiotic efflux pump	benzalkonium chloride	False	chromosome_like	1		
RM2016_batch04B_newcountries12	ERR1713407	k141_476001	k141_476001_2 # 554 # 1780 # -1 # ID=49403_2;partial=00;start_type=ATG;rbs_motif=AGGA;rbs_spacer=5-10bp;gc_cont=0.493	EreA2	3002826	Strict	97.06	100.0	macrolide antibiotic	antibiotic inactivation	macrolide esterase	erythromycin	False	chromosome_like	1		
RM2016_batch04B_newcountries12	ERR1713407	k141_33398	k141_33398_24 # 22249 # 22578 # -1 # ID=49629_24;partial=00;start_type=ATG;rbs_motif=GGAGG;rbs_spacer=5-10bp;gc_cont=0.515	Klebsiella pneumoniae KpnF	3004583	Strict	84.4	100.0	macrolide antibiotic; aminoglycoside antibiotic; cephalosporin; tetracycline antibiotic; peptide antibiotic; rifamycin antibiotic; disinfecting agents and antiseptics	antibiotic efflux	small multidrug resistance (SMR) antibiotic efflux pump	erythromycin; streptomycin; tetracycline; cefepime; ceftriaxone; rifampin; colistin A; colistin B; triclosan; benzalkonium chloride; chlorhexidine	False	chromosome_like	1		
RM2016_batch04B_newcountries12	ERR1713407	k141_33398	k141_33398_25 # 22565 # 22930 # -1 # ID=49629_25;partial=00;start_type=ATG;rbs_motif=AGGAG;rbs_spacer=5-10bp;gc_cont=0.426	Klebsiella pneumoniae KpnE	3004580	Strict	82.2	100.83	macrolide antibiotic; aminoglycoside antibiotic; cephalosporin; tetracycline antibiotic; peptide antibiotic; rifamycin antibiotic; disinfecting agents and antiseptics	antibiotic efflux	small multidrug resistance (SMR) antibiotic efflux pump	erythromycin; streptomycin; tetracycline; cefepime; ceftriaxone; rifampin; colistin A; colistin B; triclosan; benzalkonium chloride; chlorhexidine	False	chromosome_like	1		
RM2016_batch04B_newcountries12	ERR1713407	k141_180172	k141_180172_2 # 698 # 1297 # 1 # ID=49941_2;partial=00;start_type=ATG;rbs_motif=GGAG/GAGG;rbs_spacer=5-10bp;gc_cont=0.535	AAC(6')-Ib9	3002580	Strict	98.99	98.03	aminoglycoside antibiotic	antibiotic inactivation	AAC(6')	amikacin; kanamycin A; tobramycin	False	chromosome_like	1		
RM2016_batch04B_newcountries12	ERR1713407	k141_180193	k141_180193_5 # 2771 # 3631 # -1 # ID=49969_5;partial=00;start_type=ATG;rbs_motif=AGGAG;rbs_spacer=5-10bp;gc_cont=0.599	AAC(3)-IId	3004623	Perfect	100.0	100.0	aminoglycoside antibiotic	antibiotic inactivation	AAC(3)	dibekacin; sisomicin; netilmicin; tobramycin; 6'-N-ethylnetilmicin; 2'-N-ethylnetilmicin; gentamicin	True	plasmid_like		0.9668	
RM2016_batch04B_newcountries12	ERR1713407	k141_917579	k141_917579_1 # 1 # 1227 # 1 # ID=50105_1;partial=11;start_type=Edge;rbs_motif=None;rbs_spacer=None;gc_cont=0.586	oqxA	3003922	Strict	90.79	104.6	fluoroquinolone antibiotic; glycylcycline; tetracycline antibiotic; diaminopyrimidine antibiotic; nitrofuran antibiotic	antibiotic efflux	resistance-nodulation-cell division (RND) antibiotic efflux pump	tigecycline; ciprofloxacin; nitrofurantoin; trimethoprim	False	chromosome_like	1		
RM2016_batch04B_newcountries12	ERR1713407	k141_1056320	k141_1056320_2 # 859 # 1653 # 1 # ID=51286_2;partial=00;start_type=ATG;rbs_motif=AGGAG;rbs_spacer=5-10bp;gc_cont=0.636	OXA-780	3005983	Strict	99.62	100.0	carbapenem; cephalosporin; penam	antibiotic inactivation	OXA beta-lactamase	cloxacillin; oxacillin; cefalotin	False	chromosome_like	1		
RM2016_batch04B_newcountries12	ERR1713407	k141_1056789	k141_1056789_1 # 149 # 478 # -1 # ID=52135_1;partial=00;start_type=ATG;rbs_motif=AGGA/GGAG/GAGG;rbs_spacer=11-12bp;gc_cont=0.391	qacJ	3007014	Strict	34.91	101.87	disinfecting agents and antiseptics	antibiotic efflux	small multidrug resistance (SMR) antibiotic efflux pump	benzalkonium chloride	False	chromosome_like	1		
RM2016_batch04B_newcountries12	ERR1713407	k141_625546	k141_625546_2 # 783 # 2432 # 1 # ID=52309_2;partial=00;start_type=ATG;rbs_motif=GGAG/GAGG;rbs_spacer=5-10bp;gc_cont=0.584	ArnT	3005053	Strict	41.54	99.64	peptide antibiotic	antibiotic target alteration	pmr phosphoethanolamine transferase	colistin A; colistin B	False	chromosome_like	1		
RM2016_batch04B_newcountries12	ERR1713407	k141_771515	k141_771515_1 # 380 # 1555 # 1 # ID=52562_1;partial=00;start_type=ATG;rbs_motif=GGA/GAG/AGG;rbs_spacer=5-10bp;gc_cont=0.612	oqxA	3003922	Strict	92.84	100.0	fluoroquinolone antibiotic; glycylcycline; tetracycline antibiotic; diaminopyrimidine antibiotic; nitrofuran antibiotic	antibiotic efflux	resistance-nodulation-cell division (RND) antibiotic efflux pump	tigecycline; ciprofloxacin; nitrofurantoin; trimethoprim	False	chromosome_like	1		
RM2016_batch04B_newcountries12	ERR1713407	k141_771515	k141_771515_2 # 1580 # 3682 # 1 # ID=52562_2;partial=01;start_type=ATG;rbs_motif=GGA/GAG/AGG;rbs_spacer=5-10bp;gc_cont=0.607	adeF	3000777	Strict	61.88	66.19	fluoroquinolone antibiotic; tetracycline antibiotic	antibiotic efflux	resistance-nodulation-cell division (RND) antibiotic efflux pump	tetracycline	False	chromosome_like	1		
RM2016_batch04B_newcountries12	ERR1713407	k141_182151	k141_182151_1 # 2 # 1414 # -1 # ID=52652_1;partial=11;start_type=Edge;rbs_motif=None;rbs_spacer=None;gc_cont=0.601	ArnT	3005053	Strict	73.04	85.48	peptide antibiotic	antibiotic target alteration	pmr phosphoethanolamine transferase	colistin A; colistin B	False	chromosome_like	1		
RM2016_batch04B_newcountries12	ERR1713407	k141_478249	k141_478249_2 # 331 # 2772 # -1 # ID=52864_2;partial=00;start_type=TTG;rbs_motif=TAA;rbs_spacer=11bp;gc_cont=0.360	vanT gene in vanG cluster	3002972	Strict	36.29	114.19	glycopeptide antibiotic	antibiotic target alteration	glycopeptide resistance gene cluster; vanT	vancomycin	False	chromosome_like	1		
RM2016_batch04B_newcountries12	ERR1713407	k141_772199	k141_772199_2 # 384 # 1271 # 1 # ID=53830_2;partial=00;start_type=ATG;rbs_motif=TAAAAA;rbs_spacer=3bp;gc_cont=0.462	vanW gene in vanG cluster	3002965	Strict	32.22	104.98	glycopeptide antibiotic	antibiotic target alteration	vanW; glycopeptide resistance gene cluster	vancomycin	False	chromosome_like	1		
RM2016_batch04B_newcountries12	ERR1713407	k141_479004	k141_479004_4 # 1903 # 2202 # -1 # ID=54028_4;partial=01;start_type=Edge;rbs_motif=None;rbs_spacer=None;gc_cont=0.650	FosA8	3007371	Strict	63.92	70.21	phosphonic acid antibiotic	antibiotic inactivation	fosfomycin thiol transferase	fosfomycin	False	chromosome_like	1		
RM2016_batch04B_newcountries12	ERR1713407	k141_920456	k141_920456_28 # 24876 # 25070 # -1 # ID=54347_28;partial=00;start_type=ATG;rbs_motif=AGGAG;rbs_spacer=5-10bp;gc_cont=0.451	rsmA	3005069	Strict	86.21	104.92	fluoroquinolone antibiotic; diaminopyrimidine antibiotic; phenicol antibiotic	antibiotic efflux	resistance-nodulation-cell division (RND) antibiotic efflux pump	trimethoprim; chloramphenicol	False	chromosome_like	1		
RM2016_batch04B_newcountries12	ERR1713407	k141_627245	k141_627245_1 # 2 # 3130 # 1 # ID=54613_1;partial=10;start_type=Edge;rbs_motif=None;rbs_spacer=None;gc_cont=0.612	adeF	3000777	Strict	42.82	98.39	fluoroquinolone antibiotic; tetracycline antibiotic	antibiotic efflux	resistance-nodulation-cell division (RND) antibiotic efflux pump	tetracycline	False	chromosome_like	1		
RM2016_batch04B_newcountries12	ERR1713407	k141_773035	k141_773035_2 # 759 # 1121 # 1 # ID=54905_2;partial=00;start_type=ATG;rbs_motif=AGGAG;rbs_spacer=5-10bp;gc_cont=0.424	Klebsiella pneumoniae KpnE	3004580	Strict	80.83	100.0	macrolide antibiotic; aminoglycoside antibiotic; cephalosporin; tetracycline antibiotic; peptide antibiotic; rifamycin antibiotic; disinfecting agents and antiseptics	antibiotic efflux	small multidrug resistance (SMR) antibiotic efflux pump	erythromycin; streptomycin; tetracycline; cefepime; ceftriaxone; rifampin; colistin A; colistin B; triclosan; benzalkonium chloride; chlorhexidine	False	chromosome_like	1		
RM2016_batch04B_newcountries12	ERR1713407	k141_773035	k141_773035_3 # 1108 # 1437 # 1 # ID=54905_3;partial=00;start_type=ATG;rbs_motif=GGAG/GAGG;rbs_spacer=5-10bp;gc_cont=0.542	Klebsiella pneumoniae KpnF	3004583	Strict	88.99	100.0	macrolide antibiotic; aminoglycoside antibiotic; cephalosporin; tetracycline antibiotic; peptide antibiotic; rifamycin antibiotic; disinfecting agents and antiseptics	antibiotic efflux	small multidrug resistance (SMR) antibiotic efflux pump	erythromycin; streptomycin; tetracycline; cefepime; ceftriaxone; rifampin; colistin A; colistin B; triclosan; benzalkonium chloride; chlorhexidine	False	chromosome_like	1		
RM2016_batch04B_newcountries12	ERR1713407	k141_773345	k141_773345_3 # 1448 # 2587 # 1 # ID=55271_3;partial=00;start_type=ATG;rbs_motif=GGA/GAG/AGG;rbs_spacer=5-10bp;gc_cont=0.528	DHA-1	3002132	Perfect	100.0	100.0	cephalosporin; cephamycin	antibiotic inactivation	DHA beta-lactamase		True	plasmid_like		0.9848	
RM2016_batch04B_newcountries12	ERR1713407	k141_480064	k141_480064_1 # 98 # 1846 # 1 # ID=55478_1;partial=00;start_type=ATG;rbs_motif=None;rbs_spacer=None;gc_cont=0.551	msbA	3003950	Strict	94.49	100.0	nitroimidazole antibiotic	antibiotic efflux	ATP-binding cassette (ABC) antibiotic efflux pump	metronidazole	False	chromosome_like	1		
RM2016_batch04B_newcountries12	ERR1713407	k141_481327	k141_481327_6 # 4661 # 7795 # 1 # ID=57251_6;partial=00;start_type=ATG;rbs_motif=GGA/GAG/AGG;rbs_spacer=5-10bp;gc_cont=0.498	adeF	3000777	Strict	42.43	98.58	fluoroquinolone antibiotic; tetracycline antibiotic	antibiotic efflux	resistance-nodulation-cell division (RND) antibiotic efflux pump	tetracycline	False	chromosome_like	1		
RM2016_batch04B_newcountries12	ERR1713407	k141_922922	k141_922922_2 # 535 # 870 # -1 # ID=58001_2;partial=00;start_type=ATG;rbs_motif=GGA/GAG/AGG;rbs_spacer=5-10bp;gc_cont=0.512	qacJ	3007014	Strict	35.0	103.74	disinfecting agents and antiseptics	antibiotic efflux	small multidrug resistance (SMR) antibiotic efflux pump	benzalkonium chloride	False	chromosome_like	1		
RM2016_batch04B_newcountries12	ERR1713407	k141_922956	k141_922956_4 # 3396 # 6560 # -1 # ID=58088_4;partial=00;start_type=ATG;rbs_motif=AATAA;rbs_spacer=6bp;gc_cont=0.348	adeF	3000777	Strict	40.98	99.53	fluoroquinolone antibiotic; tetracycline antibiotic	antibiotic efflux	resistance-nodulation-cell division (RND) antibiotic efflux pump	tetracycline	False	chromosome_like	1		
RM2016_batch04B_newcountries12	ERR1713407	k141_481964	k141_481964_2 # 621 # 950 # 1 # ID=58148_2;partial=00;start_type=ATG;rbs_motif=GGA/GAG/AGG;rbs_spacer=5-10bp;gc_cont=0.412	qacG	3007015	Strict	45.28	101.87	disinfecting agents and antiseptics	antibiotic efflux	small multidrug resistance (SMR) antibiotic efflux pump	benzalkonium chloride	False	chromosome_like	1		
RM2016_batch04B_newcountries12	ERR1713407	k141_923191	k141_923191_2 # 327 # 1541 # -1 # ID=58461_2;partial=00;start_type=ATG;rbs_motif=AGGA/GGAG/GAGG;rbs_spacer=11-12bp;gc_cont=0.584	floR	3002705	Strict	99.5	100.0	phenicol antibiotic	antibiotic efflux	major facilitator superfamily (MFS) antibiotic efflux pump	chloramphenicol; florfenicol	True	plasmid_like		0.9419	
RM2016_batch04B_newcountries12	ERR1713407	k141_40432	k141_40432_5 # 4298 # 4627 # -1 # ID=59125_5;partial=00;start_type=ATG;rbs_motif=AGGAG;rbs_spacer=5-10bp;gc_cont=0.576	Klebsiella pneumoniae KpnF	3004583	Strict	84.4	100.0	macrolide antibiotic; aminoglycoside antibiotic; cephalosporin; tetracycline antibiotic; peptide antibiotic; rifamycin antibiotic; disinfecting agents and antiseptics	antibiotic efflux	small multidrug resistance (SMR) antibiotic efflux pump	erythromycin; streptomycin; tetracycline; cefepime; ceftriaxone; rifampin; colistin A; colistin B; triclosan; benzalkonium chloride; chlorhexidine	False	chromosome_like	1		
RM2016_batch04B_newcountries12	ERR1713407	k141_40432	k141_40432_6 # 4614 # 4976 # -1 # ID=59125_6;partial=00;start_type=ATG;rbs_motif=AGGAG;rbs_spacer=5-10bp;gc_cont=0.460	Klebsiella pneumoniae KpnE	3004580	Strict	80.83	100.0	macrolide antibiotic; aminoglycoside antibiotic; cephalosporin; tetracycline antibiotic; peptide antibiotic; rifamycin antibiotic; disinfecting agents and antiseptics	antibiotic efflux	small multidrug resistance (SMR) antibiotic efflux pump	erythromycin; streptomycin; tetracycline; cefepime; ceftriaxone; rifampin; colistin A; colistin B; triclosan; benzalkonium chloride; chlorhexidine	False	chromosome_like	1		
RM2016_batch04B_newcountries12	ERR1713407	k141_483136	k141_483136_1 # 134 # 1276 # -1 # ID=59777_1;partial=00;start_type=ATG;rbs_motif=None;rbs_spacer=None;gc_cont=0.618	ACT-8	3001831	Strict	70.98	99.74	carbapenem; cephalosporin; cephamycin; penam	antibiotic inactivation	ACT beta-lactamase		False	chromosome_like	1		
RM2016_batch04B_newcountries12	ERR1713407	k141_924433	k141_924433_7 # 5581 # 7056 # 1 # ID=60062_7;partial=00;start_type=ATG;rbs_motif=AGGAG;rbs_spacer=5-10bp;gc_cont=0.400	msrE	3003109	Perfect	100.0	100.0	macrolide antibiotic; streptogramin antibiotic	antibiotic target protection	msr-type ABC-F protein	erythromycin	True	plasmid_like		0.9942	
RM2016_batch04B_newcountries12	ERR1713407	k141_924433	k141_924433_8 # 7112 # 7996 # 1 # ID=60062_8;partial=00;start_type=ATG;rbs_motif=AGGA;rbs_spacer=5-10bp;gc_cont=0.365	mphE	3003741	Perfect	100.0	100.0	macrolide antibiotic	antibiotic inactivation	macrolide phosphotransferase (MPH)	erythromycin	True	plasmid_like		0.9942	
RM2016_batch04B_newcountries12	ERR1713407	k141_41361	k141_41361_7 # 6267 # 7892 # -1 # ID=60486_7;partial=00;start_type=GTG;rbs_motif=GGA/GAG/AGG;rbs_spacer=5-10bp;gc_cont=0.402	MCR-4.3	3004695	Strict	99.82	100.0	peptide antibiotic	antibiotic target alteration	MCR phosphoethanolamine transferase	colistin A; colistin B	True	plasmid_like		0.879	
RM2016_batch04B_newcountries12	ERR1713407	k141_777458	k141_777458_1 # 1 # 285 # 1 # ID=60591_1;partial=10;start_type=Edge;rbs_motif=None;rbs_spacer=None;gc_cont=0.530	qacG	3007015	Strict	45.45	87.85	disinfecting agents and antiseptics	antibiotic efflux	small multidrug resistance (SMR) antibiotic efflux pump	benzalkonium chloride	False	chromosome_like	1		
RM2016_batch04B_newcountries12	ERR1713407	k141_777458	k141_777458_3 # 837 # 1664 # 1 # ID=60591_3;partial=00;start_type=ATG;rbs_motif=AGGA;rbs_spacer=5-10bp;gc_cont=0.502	OXA-21	3001416	Perfect	100.0	100.0	carbapenem; cephalosporin; penam	antibiotic inactivation	OXA beta-lactamase	cloxacillin; oxacillin; cefalotin	False	chromosome_like	1		
RM2016_batch04B_newcountries12	ERR1713407	k141_777479	k141_777479_7 # 4782 # 5111 # 1 # ID=60623_7;partial=00;start_type=ATG;rbs_motif=AGGA;rbs_spacer=5-10bp;gc_cont=0.570	qacJ	3007014	Strict	36.89	101.87	disinfecting agents and antiseptics	antibiotic efflux	small multidrug resistance (SMR) antibiotic efflux pump	benzalkonium chloride	False	chromosome_like	1		
RM2016_batch04B_newcountries12	ERR1713407	k141_631989	k141_631989_3 # 1479 # 1667 # 1 # ID=61383_3;partial=00;start_type=ATG;rbs_motif=AGGAG;rbs_spacer=5-10bp;gc_cont=0.534	rsmA	3005069	Strict	92.73	101.64	fluoroquinolone antibiotic; diaminopyrimidine antibiotic; phenicol antibiotic	antibiotic efflux	resistance-nodulation-cell division (RND) antibiotic efflux pump	trimethoprim; chloramphenicol	False	chromosome_like	1		
RM2016_batch04B_newcountries12	ERR1713407	k141_778276	k141_778276_35 # 34317 # 36746 # -1 # ID=61675_35;partial=00;start_type=TTG;rbs_motif=None;rbs_spacer=None;gc_cont=0.275	vanT gene in vanG cluster	3002972	Strict	36.1	113.62	glycopeptide antibiotic	antibiotic target alteration	glycopeptide resistance gene cluster; vanT	vancomycin	False	chromosome_like	1		
RM2016_batch04B_newcountries12	ERR1713407	k141_484650	k141_484650_1 # 274 # 462 # -1 # ID=61861_1;partial=00;start_type=ATG;rbs_motif=AGGAG;rbs_spacer=5-10bp;gc_cont=0.540	rsmA	3005069	Strict	92.73	101.64	fluoroquinolone antibiotic; diaminopyrimidine antibiotic; phenicol antibiotic	antibiotic efflux	resistance-nodulation-cell division (RND) antibiotic efflux pump	trimethoprim; chloramphenicol	False	chromosome_like	1		
RM2016_batch04B_newcountries12	ERR1713407	k141_632996	k141_632996_4 # 2232 # 3008 # 1 # ID=62782_4;partial=01;start_type=ATG;rbs_motif=TAA;rbs_spacer=12bp;gc_cont=0.305	LnuH	3004600	Strict	93.82	99.62	lincosamide antibiotic	antibiotic inactivation	lincosamide nucleotidyltransferase (LNU)		True	plasmid_like		0.748	
RM2016_batch04B_newcountries12	ERR1713407	k141_337521	k141_337521_1 # 1 # 780 # -1 # ID=63282_1;partial=10;start_type=ATG;rbs_motif=GGA/GAG/AGG;rbs_spacer=5-10bp;gc_cont=0.683	AAC(3)-VIa	3002540	Strict	71.98	86.96	aminoglycoside antibiotic	antibiotic inactivation	AAC(3)	sisomicin; 6'-N-ethylnetilmicin; gentamicin	False	chromosome_like	1		
RM2016_batch04B_newcountries12	ERR1713407	k141_338008	k141_338008_1 # 283 # 2733 # 1 # ID=63854_1;partial=00;start_type=ATG;rbs_motif=TAAA;rbs_spacer=5bp;gc_cont=0.304	vanT gene in vanG cluster	3002972	Strict	33.33	114.61	glycopeptide antibiotic	antibiotic target alteration	glycopeptide resistance gene cluster; vanT	vancomycin	False	chromosome_like	1		
RM2016_batch04B_newcountries12	ERR1713407	k141_486261	k141_486261_10 # 9768 # 12902 # -1 # ID=64061_10;partial=00;start_type=ATG;rbs_motif=GGA/GAG/AGG;rbs_spacer=5-10bp;gc_cont=0.500	adeF	3000777	Strict	43.05	98.58	fluoroquinolone antibiotic; tetracycline antibiotic	antibiotic efflux	resistance-nodulation-cell division (RND) antibiotic efflux pump	tetracycline	False	chromosome_like	1		
RM2016_batch04B_newcountries12	ERR1713407	k141_44919	k141_44919_1 # 71 # 703 # 1 # ID=65315_1;partial=00;start_type=ATG;rbs_motif=GGAG/GAGG;rbs_spacer=5-10bp;gc_cont=0.499	CRP	3000518	Strict	99.05	100.0	macrolide antibiotic; fluoroquinolone antibiotic; penam	antibiotic efflux	resistance-nodulation-cell division (RND) antibiotic efflux pump	erythromycin; cloxacillin; oxacillin; norfloxacin	False	chromosome_like	1		
RM2016_batch04B_newcountries12	ERR1713407	k141_486636	k141_486636_299 # 351760 # 351957 # 1 # ID=65540_299;partial=00;start_type=ATG;rbs_motif=AGGAG;rbs_spacer=5-10bp;gc_cont=0.419	rsmA	3005069	Strict	86.67	106.56	fluoroquinolone antibiotic; diaminopyrimidine antibiotic; phenicol antibiotic	antibiotic efflux	resistance-nodulation-cell division (RND) antibiotic efflux pump	trimethoprim; chloramphenicol	False	chromosome_like	1		
RM2016_batch04B_newcountries12	ERR1713407	k141_45835	k141_45835_2 # 256 # 1083 # -1 # ID=66610_2;partial=00;start_type=ATG;rbs_motif=AGGA;rbs_spacer=5-10bp;gc_cont=0.499	OXA-2	3001397	Perfect	100.0	100.0	carbapenem; cephalosporin; penam	antibiotic inactivation	OXA beta-lactamase	cloxacillin; oxacillin; ceftazidime; amoxicillin; meropenem; ampicillin; cefalotin	False	chromosome_like	1		
RM2016_batch04B_newcountries12	ERR1713407	k141_1064859	k141_1064859_4 # 2379 # 4349 # 1 # ID=66730_4;partial=00;start_type=ATG;rbs_motif=GGAG/GAGG;rbs_spacer=5-10bp;gc_cont=0.401	tet(O)	3000190	Strict	52.02	102.66	tetracycline antibiotic	antibiotic target protection	tetracycline-resistant ribosomal protection protein	tetracycline; doxycycline; minocycline; chlortetracycline; demeclocycline; oxytetracycline	False	chromosome_like	1		
RM2016_batch04B_newcountries12	ERR1713407	k141_930686	k141_930686_2 # 285 # 482 # -1 # ID=68615_2;partial=00;start_type=ATG;rbs_motif=AGGAG;rbs_spacer=5-10bp;gc_cont=0.424	rsmA	3005069	Strict	86.67	106.56	fluoroquinolone antibiotic; diaminopyrimidine antibiotic; phenicol antibiotic	antibiotic efflux	resistance-nodulation-cell division (RND) antibiotic efflux pump	trimethoprim; chloramphenicol	False	chromosome_like	1		
RM2016_batch04B_newcountries12	ERR1713407	k141_194453	k141_194453_8 # 7263 # 10433 # 1 # ID=70140_8;partial=00;start_type=ATG;rbs_motif=AGGA;rbs_spacer=5-10bp;gc_cont=0.637	adeF	3000777	Strict	60.44	99.72	fluoroquinolone antibiotic; tetracycline antibiotic	antibiotic efflux	resistance-nodulation-cell division (RND) antibiotic efflux pump	tetracycline	False	chromosome_like	1		
RM2016_batch04B_newcountries12	ERR1713407	k141_194458	k141_194458_1 # 251 # 583 # 1 # ID=70148_1;partial=00;start_type=GTG;rbs_motif=AGGAG;rbs_spacer=5-10bp;gc_cont=0.514	qacL	3005098	Strict	92.73	100.0	disinfecting agents and antiseptics	antibiotic efflux	small multidrug resistance (SMR) antibiotic efflux pump		False	chromosome_like	1		
RM2016_batch04B_newcountries12	ERR1713407	k141_194458	k141_194458_3 # 1763 # 2554 # -1 # ID=70148_3;partial=00;start_type=ATG;rbs_motif=None;rbs_spacer=None;gc_cont=0.376	sul3	3000413	Perfect	100.0	100.0	sulfonamide antibiotic	antibiotic target replacement	sulfonamide resistant sul	sulfadiazine; sulfadimidine; sulfadoxine; sulfamethoxazole; sulfisoxazole; sulfacetamide; mafenide; sulfasalazine; sulfamethizole	False	chromosome_like	1		
RM2016_batch04B_newcountries12	ERR1713407	k141_195279	k141_195279_2 # 540 # 902 # 1 # ID=71522_2;partial=00;start_type=ATG;rbs_motif=AGGAG;rbs_spacer=5-10bp;gc_cont=0.446	Klebsiella pneumoniae KpnE	3004580	Strict	82.5	100.0	macrolide antibiotic; aminoglycoside antibiotic; cephalosporin; tetracycline antibiotic; peptide antibiotic; rifamycin antibiotic; disinfecting agents and antiseptics	antibiotic efflux	small multidrug resistance (SMR) antibiotic efflux pump	erythromycin; streptomycin; tetracycline; cefepime; ceftriaxone; rifampin; colistin A; colistin B; triclosan; benzalkonium chloride; chlorhexidine	False	chromosome_like	1		
RM2016_batch04B_newcountries12	ERR1713407	k141_195279	k141_195279_3 # 889 # 1218 # 1 # ID=71522_3;partial=00;start_type=ATG;rbs_motif=AGGAG;rbs_spacer=5-10bp;gc_cont=0.567	Klebsiella pneumoniae KpnF	3004583	Strict	86.24	100.0	macrolide antibiotic; aminoglycoside antibiotic; cephalosporin; tetracycline antibiotic; peptide antibiotic; rifamycin antibiotic; disinfecting agents and antiseptics	antibiotic efflux	small multidrug resistance (SMR) antibiotic efflux pump	erythromycin; streptomycin; tetracycline; cefepime; ceftriaxone; rifampin; colistin A; colistin B; triclosan; benzalkonium chloride; chlorhexidine	False	chromosome_like	1		
RM2016_batch04B_newcountries12	ERR1713407	k141_639584	k141_639584_4 # 2846 # 3178 # -1 # ID=71914_4;partial=00;start_type=ATG;rbs_motif=AGGA/GGAG/GAGG;rbs_spacer=11-12bp;gc_cont=0.435	Escherichia coli emrE	3004039	Strict	98.18	100.0	macrolide antibiotic	antibiotic efflux	small multidrug resistance (SMR) antibiotic efflux pump	erythromycin	False	chromosome_like	1		
RM2016_batch04B_newcountries12	ERR1713407	k141_49923	k141_49923_4 # 2930 # 6100 # -1 # ID=72048_4;partial=00;start_type=ATG;rbs_motif=AGGA;rbs_spacer=5-10bp;gc_cont=0.677	adeF	3000777	Strict	60.44	99.72	fluoroquinolone antibiotic; tetracycline antibiotic	antibiotic efflux	resistance-nodulation-cell division (RND) antibiotic efflux pump	tetracycline	False	chromosome_like	1		
RM2016_batch04B_newcountries12	ERR1713407	k141_345234	k141_345234_2 # 876 # 1820 # 1 # ID=73221_2;partial=00;start_type=ATG;rbs_motif=GGAG/GAGG;rbs_spacer=5-10bp;gc_cont=0.512	leuO	3003843	Strict	78.98	100.0	nucleoside antibiotic; disinfecting agents and antiseptics	antibiotic efflux	major facilitator superfamily (MFS) antibiotic efflux pump	acriflavine; puromycin	False	chromosome_like	1		
RM2016_batch04B_newcountries12	ERR1713407	k141_640778	k141_640778_2 # 570 # 914 # 1 # ID=73422_2;partial=00;start_type=ATG;rbs_motif=GGA/GAG/AGG;rbs_spacer=5-10bp;gc_cont=0.388	qacJ	3007014	Strict	44.34	106.54	disinfecting agents and antiseptics	antibiotic efflux	small multidrug resistance (SMR) antibiotic efflux pump	benzalkonium chloride	False	chromosome_like	1		
RM2016_batch04B_newcountries12	ERR1713407	k141_345674	k141_345674_2 # 111 # 1766 # -1 # ID=73738_2;partial=00;start_type=ATG;rbs_motif=GGA/GAG/AGG;rbs_spacer=5-10bp;gc_cont=0.606	ArnT	3005053	Strict	70.42	100.0	peptide antibiotic	antibiotic target alteration	pmr phosphoethanolamine transferase	colistin A; colistin B	False	chromosome_like	1		
RM2016_batch04B_newcountries12	ERR1713407	k141_934995	k141_934995_13 # 9745 # 10104 # -1 # ID=74129_13;partial=01;start_type=Edge;rbs_motif=None;rbs_spacer=None;gc_cont=0.472	marA	3000263	Strict	94.07	93.7	fluoroquinolone antibiotic; monobactam; carbapenem; cephalosporin; glycylcycline; cephamycin; penam; tetracycline antibiotic; rifamycin antibiotic; phenicol antibiotic; penem; disinfecting agents and antiseptics	antibiotic efflux; reduced permeability to antibiotic	resistance-nodulation-cell division (RND) antibiotic efflux pump; General Bacterial Porin with reduced permeability to beta-lactams	tigecycline; tetracycline; rifampin; chloramphenicol; ampicillin; cefalotin; triclosan	True	plasmid_like		0.9439	
RM2016_batch04B_newcountries12	ERR1713407	k141_196971	k141_196971_3 # 1506 # 2300 # -1 # ID=74316_3;partial=00;start_type=TTG;rbs_motif=GGA/GAG/AGG;rbs_spacer=5-10bp;gc_cont=0.327	APH(3')-IXa	3004087	Strict	58.08	99.25	aminoglycoside antibiotic	antibiotic inactivation	APH(3')	amikacin; kanamycin A	False	chromosome_like	1		
RM2016_batch04B_newcountries12	ERR1713407	k141_1069441	k141_1069441_2 # 1005 # 1307 # -1 # ID=74771_2;partial=01;start_type=Edge;rbs_motif=None;rbs_spacer=None;gc_cont=0.611	qacG	3007015	Strict	38.14	93.46	disinfecting agents and antiseptics	antibiotic efflux	small multidrug resistance (SMR) antibiotic efflux pump	benzalkonium chloride	False	chromosome_like	1		
RM2016_batch04B_newcountries12	ERR1713407	k141_788385	k141_788385_2 # 1000 # 3348 # 1 # ID=74896_2;partial=00;start_type=ATG;rbs_motif=None;rbs_spacer=None;gc_cont=0.559	LptD	3005059	Strict	99.87	100.0	peptide antibiotic; aminocoumarin antibiotic; rifamycin antibiotic	antibiotic efflux	ATP-binding cassette (ABC) antibiotic efflux pump		False	chromosome_like	1		
RM2016_batch04B_newcountries12	ERR1713407	k141_197536	k141_197536_4 # 3729 # 4058 # -1 # ID=75065_4;partial=00;start_type=ATG;rbs_motif=GGAGG;rbs_spacer=5-10bp;gc_cont=0.567	Klebsiella pneumoniae KpnF	3004583	Strict	86.24	100.0	macrolide antibiotic; aminoglycoside antibiotic; cephalosporin; tetracycline antibiotic; peptide antibiotic; rifamycin antibiotic; disinfecting agents and antiseptics	antibiotic efflux	small multidrug resistance (SMR) antibiotic efflux pump	erythromycin; streptomycin; tetracycline; cefepime; ceftriaxone; rifampin; colistin A; colistin B; triclosan; benzalkonium chloride; chlorhexidine	False	chromosome_like	1		
RM2016_batch04B_newcountries12	ERR1713407	k141_197536	k141_197536_5 # 4045 # 4407 # -1 # ID=75065_5;partial=00;start_type=ATG;rbs_motif=AGGAG;rbs_spacer=5-10bp;gc_cont=0.490	Klebsiella pneumoniae KpnE	3004580	Strict	83.33	100.0	macrolide antibiotic; aminoglycoside antibiotic; cephalosporin; tetracycline antibiotic; peptide antibiotic; rifamycin antibiotic; disinfecting agents and antiseptics	antibiotic efflux	small multidrug resistance (SMR) antibiotic efflux pump	erythromycin; streptomycin; tetracycline; cefepime; ceftriaxone; rifampin; colistin A; colistin B; triclosan; benzalkonium chloride; chlorhexidine	False	chromosome_like	1		
RM2016_batch04B_newcountries12	ERR1713407	k141_935739	k141_935739_1 # 292 # 1074 # 1 # ID=75174_1;partial=00;start_type=ATG;rbs_motif=TAA;rbs_spacer=12bp;gc_cont=0.301	LnuH	3004600	Strict	99.62	100.0	lincosamide antibiotic	antibiotic inactivation	lincosamide nucleotidyltransferase (LNU)		False	chromosome_like	1		
RM2016_batch04B_newcountries12	ERR1713407	k141_52420	k141_52420_18 # 16163 # 19270 # -1 # ID=75244_18;partial=01;start_type=Edge;rbs_motif=None;rbs_spacer=None;gc_cont=0.541	acrB	3000216	Strict	98.94	98.67	fluoroquinolone antibiotic; cephalosporin; glycylcycline; penam; tetracycline antibiotic; rifamycin antibiotic; phenicol antibiotic; disinfecting agents and antiseptics	antibiotic efflux	resistance-nodulation-cell division (RND) antibiotic efflux pump	tigecycline; tetracycline; rifampin; chloramphenicol; ampicillin; cefalotin; triclosan	True	plasmid_like		0.966	
RM2016_batch04B_newcountries12	ERR1713407	k141_52749	k141_52749_3 # 552 # 2210 # -1 # ID=75707_3;partial=00;start_type=ATG;rbs_motif=GGA/GAG/AGG;rbs_spacer=5-10bp;gc_cont=0.532	ArnT	3005053	Strict	64.53	100.18	peptide antibiotic	antibiotic target alteration	pmr phosphoethanolamine transferase	colistin A; colistin B	False	chromosome_like	1		
RM2016_batch04B_newcountries12	ERR1713407	k141_347395	k141_347395_2 # 398 # 832 # 1 # ID=76034_2;partial=00;start_type=GTG;rbs_motif=GGA/GAG/AGG;rbs_spacer=5-10bp;gc_cont=0.494	Escherichia coli AcrAB-TolC with MarR mutations conferring resistance to ciprofloxacin and tetracycline	3003378	Strict	99.31	100.0	fluoroquinolone antibiotic; cephalosporin; glycylcycline; penam; tetracycline antibiotic; rifamycin antibiotic; phenicol antibiotic; disinfecting agents and antiseptics	antibiotic target alteration; antibiotic efflux	resistance-nodulation-cell division (RND) antibiotic efflux pump	tigecycline; ciprofloxacin; tetracycline; rifampin; chloramphenicol; ampicillin; cefalotin; triclosan	True	plasmid_like		0.9423	
RM2016_batch04B_newcountries12	ERR1713407	k141_347395	k141_347395_3 # 852 # 1235 # 1 # ID=76034_3;partial=00;start_type=ATG;rbs_motif=GGAG/GAGG;rbs_spacer=5-10bp;gc_cont=0.453	marA	3000263	Perfect	100.0	100.0	fluoroquinolone antibiotic; monobactam; carbapenem; cephalosporin; glycylcycline; cephamycin; penam; tetracycline antibiotic; rifamycin antibiotic; phenicol antibiotic; penem; disinfecting agents and antiseptics	antibiotic efflux; reduced permeability to antibiotic	resistance-nodulation-cell division (RND) antibiotic efflux pump; General Bacterial Porin with reduced permeability to beta-lactams	tigecycline; tetracycline; rifampin; chloramphenicol; ampicillin; cefalotin; triclosan	True	plasmid_like		0.9423	
RM2016_batch04B_newcountries12	ERR1713407	k141_347435	k141_347435_2 # 340 # 1332 # -1 # ID=76114_2;partial=00;start_type=ATG;rbs_motif=AATAA;rbs_spacer=4bp;gc_cont=0.338	vanH gene in vanA cluster	3002942	Strict	38.55	102.48	glycopeptide antibiotic	antibiotic target alteration	vanH; glycopeptide resistance gene cluster	vancomycin; teicoplanin	False	chromosome_like	1		
RM2016_batch04B_newcountries12	ERR1713407	k141_348427	k141_348427_2 # 426 # 1340 # 1 # ID=77380_2;partial=00;start_type=ATG;rbs_motif=GGA/GAG/AGG;rbs_spacer=5-10bp;gc_cont=0.402	CARB-3	3002242	Strict	99.67	100.0	penam	antibiotic inactivation	CARB beta-lactamase		False	chromosome_like	1		
RM2016_batch04B_newcountries12	ERR1713407	k141_348596	k141_348596_2 # 607 # 999 # 1 # ID=77615_2;partial=00;start_type=ATG;rbs_motif=GGA/GAG/AGG;rbs_spacer=5-10bp;gc_cont=0.427	Klebsiella pneumoniae KpnE	3004580	Strict	84.17	108.33	macrolide antibiotic; aminoglycoside antibiotic; cephalosporin; tetracycline antibiotic; peptide antibiotic; rifamycin antibiotic; disinfecting agents and antiseptics	antibiotic efflux	small multidrug resistance (SMR) antibiotic efflux pump	erythromycin; streptomycin; tetracycline; cefepime; ceftriaxone; rifampin; colistin A; colistin B; triclosan; benzalkonium chloride; chlorhexidine	False	chromosome_like	1		
RM2016_batch04B_newcountries12	ERR1713407	k141_348596	k141_348596_3 # 986 # 1315 # 1 # ID=77615_3;partial=00;start_type=ATG;rbs_motif=AGGAG;rbs_spacer=5-10bp;gc_cont=0.512	Klebsiella pneumoniae KpnF	3004583	Strict	85.32	100.0	macrolide antibiotic; aminoglycoside antibiotic; cephalosporin; tetracycline antibiotic; peptide antibiotic; rifamycin antibiotic; disinfecting agents and antiseptics	antibiotic efflux	small multidrug resistance (SMR) antibiotic efflux pump	erythromycin; streptomycin; tetracycline; cefepime; ceftriaxone; rifampin; colistin A; colistin B; triclosan; benzalkonium chloride; chlorhexidine	False	chromosome_like	1		
RM2016_batch04B_newcountries12	ERR1713407	k141_644481	k141_644481_1 # 1 # 1140 # 1 # ID=78668_1;partial=11;start_type=Edge;rbs_motif=None;rbs_spacer=None;gc_cont=0.599	Klebsiella pneumoniae KpnH	3004597	Strict	94.47	74.22	macrolide antibiotic; fluoroquinolone antibiotic; aminoglycoside antibiotic; carbapenem; cephalosporin; penam; peptide antibiotic; penem	antibiotic efflux	major facilitator superfamily (MFS) antibiotic efflux pump	erythromycin; gentamicin C; ciprofloxacin; spectinomycin; streptomycin; tobramycin; ceftazidime; ertapenem; piperacillin; azithromycin; imipenem; polymyxin B; polymyxin B1; polymyxin B2; polymyxin B3; polymyxin B4; norfloxacin; ticarcillin; gentamicin	False	chromosome_like	1		
RM2016_batch04B_newcountries12	ERR1713407	k141_644949	k141_644949_2 # 877 # 1410 # 1 # ID=79252_2;partial=00;start_type=ATG;rbs_motif=None;rbs_spacer=None;gc_cont=0.577	ANT(2'')-Ia	3000230	Perfect	100.0	100.0	aminoglycoside antibiotic	antibiotic inactivation	ANT(2'')	dibekacin; sisomicin; kanamycin A; tobramycin; gentamicin	False	chromosome_like	1		
RM2016_batch04B_newcountries12	ERR1713407	k141_349998	k141_349998_2 # 683 # 1471 # -1 # ID=79523_2;partial=00;start_type=ATG;rbs_motif=GGAG/GAGG;rbs_spacer=5-10bp;gc_cont=0.442	aadA27	3004682	Strict	98.09	100.0	aminoglycoside antibiotic	antibiotic inactivation	ANT(3'')	spectinomycin; streptomycin	False	chromosome_like	1		
RM2016_batch04B_newcountries12	ERR1713407	k141_55701	k141_55701_4 # 1605 # 2792 # 1 # ID=79586_4;partial=00;start_type=GTG;rbs_motif=AGxAGG/AGGxGG;rbs_spacer=5-10bp;gc_cont=0.406	tet(39)	3000566	Perfect	100.0	100.0	tetracycline antibiotic	antibiotic efflux	major facilitator superfamily (MFS) antibiotic efflux pump	tetracycline	True	plasmid_like		0.864	
RM2016_batch04B_newcountries12	ERR1713407	k141_350607	k141_350607_4 # 1756 # 2922 # 1 # ID=80233_4;partial=00;start_type=ATG;rbs_motif=None;rbs_spacer=None;gc_cont=0.374	tet(X)	3000205	Strict	99.48	100.0	glycylcycline; tetracycline antibiotic	antibiotic inactivation	tetracycline inactivation enzyme	tigecycline; tetracycline; doxycycline; minocycline; chlortetracycline; demeclocycline; oxytetracycline	False	chromosome_like	1		
RM2016_batch04B_newcountries12	ERR1713407	k141_202031	k141_202031_1 # 478 # 885 # 1 # ID=81523_1;partial=00;start_type=ATG;rbs_motif=GGA/GAG/AGG;rbs_spacer=5-10bp;gc_cont=0.485	H-NS	3000676	Strict	94.07	98.54	macrolide antibiotic; fluoroquinolone antibiotic; cephalosporin; cephamycin; penam; tetracycline antibiotic	antibiotic efflux	major facilitator superfamily (MFS) antibiotic efflux pump; resistance-nodulation-cell division (RND) antibiotic efflux pump	erythromycin; cloxacillin; ciprofloxacin; tetracycline; oxacillin; norfloxacin	False	chromosome_like	1		
RM2016_batch04B_newcountries12	ERR1713407	k141_940613	k141_940613_1 # 287 # 1057 # 1 # ID=81714_1;partial=00;start_type=ATG;rbs_motif=TAA;rbs_spacer=11bp;gc_cont=0.318	LnuH	3004600	Strict	82.35	98.46	lincosamide antibiotic	antibiotic inactivation	lincosamide nucleotidyltransferase (LNU)		False	chromosome_like	1		
RM2016_batch04B_newcountries12	ERR1713407	k141_647089	k141_647089_2 # 230 # 3355 # 1 # ID=82443_2;partial=00;start_type=ATG;rbs_motif=GGAG/GAGG;rbs_spacer=5-10bp;gc_cont=0.656	adeF	3000777	Strict	44.4	98.3	fluoroquinolone antibiotic; tetracycline antibiotic	antibiotic efflux	resistance-nodulation-cell division (RND) antibiotic efflux pump	tetracycline	False	chromosome_like	1		
RM2016_batch04B_newcountries12	ERR1713407	k141_648061	k141_648061_12 # 14398 # 16146 # 1 # ID=83818_12;partial=00;start_type=ATG;rbs_motif=None;rbs_spacer=None;gc_cont=0.509	msbA	3003950	Perfect	100.0	100.0	nitroimidazole antibiotic	antibiotic efflux	ATP-binding cassette (ABC) antibiotic efflux pump	metronidazole	False	chromosome_like	1		
RM2016_batch04B_newcountries12	ERR1713407	k141_60037	k141_60037_1 # 567 # 1019 # -1 # ID=85257_1;partial=00;start_type=ATG;rbs_motif=AACAA;rbs_spacer=14bp;gc_cont=0.459	arr-2	3002847	Perfect	100.0	100.0	rifamycin antibiotic	antibiotic inactivation	rifampin ADP-ribosyltransferase (Arr)	rifampin; rifaximin; rifabutin; rifapentine	False	chromosome_like	1		
RM2016_batch04B_newcountries12	ERR1713407	k141_500832	k141_500832_2 # 1046 # 1870 # -1 # ID=85331_2;partial=00;start_type=ATG;rbs_motif=None;rbs_spacer=None;gc_cont=0.452	OXA-650	3005866	Strict	91.24	100.0	carbapenem; cephalosporin; penam	antibiotic inactivation	OXA beta-lactamase	cloxacillin; oxacillin; cefalotin	False	chromosome_like	1		
RM2016_batch04B_newcountries12	ERR1713407	k141_354670	k141_354670_3 # 1137 # 1469 # 1 # ID=85671_3;partial=00;start_type=ATG;rbs_motif=None;rbs_spacer=None;gc_cont=0.631	qacG	3007015	Strict	44.76	102.8	disinfecting agents and antiseptics	antibiotic efflux	small multidrug resistance (SMR) antibiotic efflux pump	benzalkonium chloride	False	chromosome_like	1		
RM2016_batch04B_newcountries12	ERR1713407	k141_1075485	k141_1075485_3 # 1084 # 1878 # 1 # ID=85835_3;partial=00;start_type=ATG;rbs_motif=None;rbs_spacer=None;gc_cont=0.381	ANT(3'')-IIc	3004091	Strict	52.99	101.93	aminoglycoside antibiotic	antibiotic inactivation	ANT(3'')	spectinomycin; streptomycin	False	chromosome_like	1		
RM2016_batch04B_newcountries12	ERR1713407	k141_650391	k141_650391_2 # 1722 # 4898 # -1 # ID=87061_2;partial=00;start_type=ATG;rbs_motif=GGAG/GAGG;rbs_spacer=5-10bp;gc_cont=0.657	adeF	3000777	Strict	58.6	99.91	fluoroquinolone antibiotic; tetracycline antibiotic	antibiotic efflux	resistance-nodulation-cell division (RND) antibiotic efflux pump	tetracycline	False	chromosome_like	1		
RM2016_batch04B_newcountries12	ERR1713407	k141_1076224	k141_1076224_34 # 51368 # 52477 # 1 # ID=87345_34;partial=00;start_type=ATG;rbs_motif=AAAA;rbs_spacer=12bp;gc_cont=0.386	vanT gene in vanG cluster	3002972	Strict	36.19	51.83	glycopeptide antibiotic	antibiotic target alteration	glycopeptide resistance gene cluster; vanT	vancomycin	False	chromosome_like	1		
RM2016_batch04B_newcountries12	ERR1713407	k141_207061	k141_207061_2 # 1203 # 1733 # 1 # ID=88347_2;partial=00;start_type=ATG;rbs_motif=GGAG/GAGG;rbs_spacer=5-10bp;gc_cont=0.512	emrR	3000516	Strict	93.14	100.0	fluoroquinolone antibiotic	antibiotic efflux	major facilitator superfamily (MFS) antibiotic efflux pump	nalidixic acid	True	plasmid_like		0.8069	
RM2016_batch04B_newcountries12	ERR1713407	k141_798872	k141_798872_1 # 2 # 1726 # 1 # ID=88489_1;partial=11;start_type=Edge;rbs_motif=None;rbs_spacer=None;gc_cont=0.442	adeF	3000777	Strict	92.35	54.3	fluoroquinolone antibiotic; tetracycline antibiotic	antibiotic efflux	resistance-nodulation-cell division (RND) antibiotic efflux pump	tetracycline	False	chromosome_like	1		
RM2016_batch04B_newcountries12	ERR1713407	k141_62489	k141_62489_13 # 13092 # 16193 # 1 # ID=88677_13;partial=00;start_type=ATG;rbs_motif=GGA/GAG/AGG;rbs_spacer=5-10bp;gc_cont=0.602	adeF	3000777	Strict	43.94	97.54	fluoroquinolone antibiotic; tetracycline antibiotic	antibiotic efflux	resistance-nodulation-cell division (RND) antibiotic efflux pump	tetracycline	False	chromosome_like	1		
RM2016_batch04B_newcountries12	ERR1713407	k141_62489	k141_62489_30 # 34870 # 36519 # 1 # ID=88677_30;partial=00;start_type=ATG;rbs_motif=GGAG/GAGG;rbs_spacer=5-10bp;gc_cont=0.589	ArnT	3005053	Strict	41.33	99.64	peptide antibiotic	antibiotic target alteration	pmr phosphoethanolamine transferase	colistin A; colistin B	False	chromosome_like	1		
RM2016_batch04B_newcountries12	ERR1713407	k141_945995	k141_945995_2 # 1091 # 2305 # 1 # ID=88736_2;partial=00;start_type=ATG;rbs_motif=3Base/5BMM;rbs_spacer=13-15bp;gc_cont=0.587	cmlA9	3005043	Perfect	100.0	100.0	phenicol antibiotic	antibiotic efflux	major facilitator superfamily (MFS) antibiotic efflux pump	chloramphenicol	True	plasmid_like		0.9812	
RM2016_batch04B_newcountries12	ERR1713407	k141_207403	k141_207403_2 # 1012 # 1344 # -1 # ID=88854_2;partial=00;start_type=ATG;rbs_motif=GGA/GAG/AGG;rbs_spacer=5-10bp;gc_cont=0.387	qacG	3007015	Strict	45.71	102.8	disinfecting agents and antiseptics	antibiotic efflux	small multidrug resistance (SMR) antibiotic efflux pump	benzalkonium chloride	False	chromosome_like	1		
RM2016_batch04B_newcountries12	ERR1713407	k141_946342	k141_946342_12 # 9608 # 12769 # -1 # ID=89216_12;partial=00;start_type=ATG;rbs_motif=AGGA;rbs_spacer=5-10bp;gc_cont=0.585	adeF	3000777	Strict	43.06	99.43	fluoroquinolone antibiotic; tetracycline antibiotic	antibiotic efflux	resistance-nodulation-cell division (RND) antibiotic efflux pump	tetracycline	False	chromosome_like	1		
RM2016_batch04B_newcountries12	ERR1713407	k141_1077497	k141_1077497_1 # 51 # 1235 # -1 # ID=89781_1;partial=00;start_type=ATG;rbs_motif=GGAG/GAGG;rbs_spacer=5-10bp;gc_cont=0.469	Escherichia coli EF-Tu mutants conferring resistance to Pulvomycin	3003369	Strict	87.28	96.33	elfamycin antibiotic	antibiotic target alteration	elfamycin resistant EF-Tu	pulvomycin	False	chromosome_like	1		
RM2016_batch04B_newcountries12	ERR1713407	k141_1077845	k141_1077845_2 # 845 # 1915 # -1 # ID=90416_2;partial=00;start_type=ATG;rbs_motif=GGAG/GAGG;rbs_spacer=5-10bp;gc_cont=0.554	OmpA	3005044	Strict	99.44	95.19	peptide antibiotic	reduced permeability to antibiotic	General Bacterial Porin with reduced permeability to peptide antibiotics	polymyxin B; defensin	False	chromosome_like	1		
RM2016_batch04B_newcountries12	ERR1713407	k141_505000	k141_505000_6 # 5050 # 5463 # -1 # ID=90722_6;partial=00;start_type=ATG;rbs_motif=GGA/GAG/AGG;rbs_spacer=5-10bp;gc_cont=0.466	H-NS	3000676	Strict	93.38	100.0	macrolide antibiotic; fluoroquinolone antibiotic; cephalosporin; cephamycin; penam; tetracycline antibiotic	antibiotic efflux	major facilitator superfamily (MFS) antibiotic efflux pump; resistance-nodulation-cell division (RND) antibiotic efflux pump	erythromycin; cloxacillin; ciprofloxacin; tetracycline; oxacillin; norfloxacin	False	chromosome_like	1		
RM2016_batch04B_newcountries12	ERR1713407	k141_209253	k141_209253_12 # 12503 # 12835 # 1 # ID=91241_12;partial=00;start_type=ATG;rbs_motif=AGxAGG/AGGxGG;rbs_spacer=5-10bp;gc_cont=0.366	qacG	3007015	Strict	43.27	102.8	disinfecting agents and antiseptics	antibiotic efflux	small multidrug resistance (SMR) antibiotic efflux pump	benzalkonium chloride	False	chromosome_like	1		
RM2016_batch04B_newcountries12	ERR1713407	k141_1078627	k141_1078627_2 # 1318 # 2205 # -1 # ID=91922_2;partial=00;start_type=ATG;rbs_motif=None;rbs_spacer=None;gc_cont=0.419	vanW gene in vanG cluster	3002965	Strict	33.05	104.98	glycopeptide antibiotic	antibiotic target alteration	vanW; glycopeptide resistance gene cluster	vancomycin	False	chromosome_like	1		
RM2016_batch04B_newcountries12	ERR1713407	k141_801840	k141_801840_2 # 116 # 541 # 1 # ID=92214_2;partial=00;start_type=ATG;rbs_motif=AGGA;rbs_spacer=5-10bp;gc_cont=0.559	FosA8	3007371	Strict	97.87	100.0	phosphonic acid antibiotic	antibiotic inactivation	fosfomycin thiol transferase	fosfomycin	False	chromosome_like	1		
RM2016_batch04B_newcountries12	ERR1713407	k141_210257	k141_210257_2 # 1200 # 1529 # -1 # ID=92404_2;partial=00;start_type=ATG;rbs_motif=GGA/GAG/AGG;rbs_spacer=5-10bp;gc_cont=0.458	qacG	3007015	Strict	43.4	101.87	disinfecting agents and antiseptics	antibiotic efflux	small multidrug resistance (SMR) antibiotic efflux pump	benzalkonium chloride	False	chromosome_like	1		
RM2016_batch04B_newcountries12	ERR1713407	k141_361832	k141_361832_1 # 2 # 1525 # -1 # ID=94823_1;partial=10;start_type=ATG;rbs_motif=GGAG/GAGG;rbs_spacer=5-10bp;gc_cont=0.594	ArnT	3005053	Strict	41.81	92.2	peptide antibiotic	antibiotic target alteration	pmr phosphoethanolamine transferase	colistin A; colistin B	False	chromosome_like	1		
RM2016_batch04B_newcountries12	ERR1713407	k141_67701	k141_67701_1 # 85 # 981 # 1 # ID=95642_1;partial=00;start_type=ATG;rbs_motif=4Base/6BMM;rbs_spacer=13-15bp;gc_cont=0.419	CARB-16	3002255	Perfect	100.0	100.0	penam	antibiotic inactivation	CARB beta-lactamase		False	chromosome_like	1		
RM2016_batch04B_newcountries12	ERR1713407	k141_1081195	k141_1081195_4 # 3267 # 4451 # 1 # ID=96130_4;partial=00;start_type=GTG;rbs_motif=AGGA;rbs_spacer=5-10bp;gc_cont=0.464	Escherichia coli EF-Tu mutants conferring resistance to Pulvomycin	3003369	Strict	86.73	96.33	elfamycin antibiotic	antibiotic target alteration	elfamycin resistant EF-Tu	pulvomycin	False	chromosome_like	1		
RM2016_batch04B_newcountries12	ERR1713407	k141_951202	k141_951202_2 # 730 # 1062 # -1 # ID=96182_2;partial=00;start_type=GTG;rbs_motif=AGxAGG/AGGxGG;rbs_spacer=5-10bp;gc_cont=0.402	qacG	3007015	Strict	38.46	102.8	disinfecting agents and antiseptics	antibiotic efflux	small multidrug resistance (SMR) antibiotic efflux pump	benzalkonium chloride	False	chromosome_like	1		
RM2016_batch04B_newcountries12	ERR1713407	k141_213288	k141_213288_3 # 1868 # 3190 # -1 # ID=96426_3;partial=00;start_type=ATG;rbs_motif=GGAG/GAGG;rbs_spacer=5-10bp;gc_cont=0.615	Acinetobacter baumannii AbaQ	3004574	Strict	72.81	101.38	fluoroquinolone antibiotic	antibiotic efflux	major facilitator superfamily (MFS) antibiotic efflux pump		False	chromosome_like	1		
RM2016_batch04B_newcountries12	ERR1713407	k141_363697	k141_363697_12 # 11692 # 14826 # -1 # ID=97241_12;partial=00;start_type=ATG;rbs_motif=GGA/GAG/AGG;rbs_spacer=5-10bp;gc_cont=0.488	adeF	3000777	Strict	42.86	98.58	fluoroquinolone antibiotic; tetracycline antibiotic	antibiotic efflux	resistance-nodulation-cell division (RND) antibiotic efflux pump	tetracycline	False	chromosome_like	1		
RM2016_batch04B_newcountries12	ERR1713407	k141_1083073	k141_1083073_2 # 844 # 1569 # 1 # ID=99305_2;partial=00;start_type=ATG;rbs_motif=GGA/GAG/AGG;rbs_spacer=5-10bp;gc_cont=0.572	baeR	3000828	Strict	96.65	100.42	aminoglycoside antibiotic; aminocoumarin antibiotic	antibiotic efflux	resistance-nodulation-cell division (RND) antibiotic efflux pump	novobiocin	True	plasmid_like		0.9937	
RM2016_batch04B_newcountries12	ERR1713407	k141_70365	k141_70365_2 # 1120 # 1533 # 1 # ID=99659_2;partial=00;start_type=ATG;rbs_motif=GGA/GAG/AGG;rbs_spacer=5-10bp;gc_cont=0.459	H-NS	3000676	Strict	95.62	100.0	macrolide antibiotic; fluoroquinolone antibiotic; cephalosporin; cephamycin; penam; tetracycline antibiotic	antibiotic efflux	major facilitator superfamily (MFS) antibiotic efflux pump; resistance-nodulation-cell division (RND) antibiotic efflux pump	erythromycin; cloxacillin; ciprofloxacin; tetracycline; oxacillin; norfloxacin	False	chromosome_like	1		
RM2016_batch04B_newcountries12	ERR1713407	k141_660090	k141_660090_3 # 2675 # 4375 # -1 # ID=99747_3;partial=00;start_type=ATG;rbs_motif=GGA/GAG/AGG;rbs_spacer=5-10bp;gc_cont=0.594	ArnT	3005053	Strict	43.19	102.72	peptide antibiotic	antibiotic target alteration	pmr phosphoethanolamine transferase	colistin A; colistin B	False	chromosome_like	1		
RM2016_batch04B_newcountries12	ERR1713407	k141_662119	k141_662119_2 # 651 # 1448 # 1 # ID=102365_2;partial=00;start_type=ATG;rbs_motif=GGA/GAG/AGG;rbs_spacer=5-10bp;gc_cont=0.445	OXA-48	3001782	Perfect	100.0	100.0	carbapenem; cephalosporin; penam	antibiotic inactivation	OXA beta-lactamase	cloxacillin; oxacillin; cefalotin; temocillin	False	chromosome_like	1		
RM2016_batch04B_newcountries12	ERR1713407	k141_217691	k141_217691_1 # 94 # 894 # 1 # ID=102450_1;partial=00;start_type=ATG;rbs_motif=AGGA;rbs_spacer=5-10bp;gc_cont=0.468	OXA-732	3005937	Strict	98.12	100.0	carbapenem; cephalosporin; penam	antibiotic inactivation	OXA beta-lactamase	cloxacillin; oxacillin; cefalotin	False	chromosome_like	1		
RM2016_batch04B_newcountries12	ERR1713407	k141_217691	k141_217691_2 # 978 # 1535 # 1 # ID=102450_2;partial=00;start_type=ATG;rbs_motif=GGAG/GAGG;rbs_spacer=5-10bp;gc_cont=0.323	AAC(6')-Ia	3002545	Strict	99.46	100.0	aminoglycoside antibiotic	antibiotic inactivation	AAC(6')	dibekacin; amikacin; sisomicin; netilmicin; tobramycin; 2'-N-ethylnetilmicin; 5-episisomicin	False	chromosome_like	1		
RM2016_batch04B_newcountries12	ERR1713407	k141_514166	k141_514166_3 # 1871 # 2305 # 1 # ID=102713_3;partial=00;start_type=GTG;rbs_motif=GGA/GAG/AGG;rbs_spacer=5-10bp;gc_cont=0.474	Escherichia coli AcrAB-TolC with MarR mutations conferring resistance to ciprofloxacin and tetracycline	3003378	Strict	91.67	100.0	fluoroquinolone antibiotic; cephalosporin; glycylcycline; penam; tetracycline antibiotic; rifamycin antibiotic; phenicol antibiotic; disinfecting agents and antiseptics	antibiotic target alteration; antibiotic efflux	resistance-nodulation-cell division (RND) antibiotic efflux pump	tigecycline; ciprofloxacin; tetracycline; rifampin; chloramphenicol; ampicillin; cefalotin; triclosan	False	chromosome_like	1		
RM2016_batch04B_newcountries12	ERR1713407	k141_514293	k141_514293_1 # 898 # 1884 # -1 # ID=102870_1;partial=01;start_type=Edge;rbs_motif=None;rbs_spacer=None;gc_cont=0.315	EreD	3004608	Strict	94.51	80.39	macrolide antibiotic	antibiotic inactivation	macrolide esterase	erythromycin	False	chromosome_like	1		
RM2016_batch04B_newcountries12	ERR1713407	k141_217920	k141_217920_23 # 24178 # 24510 # 1 # ID=102890_23;partial=00;start_type=ATG;rbs_motif=None;rbs_spacer=None;gc_cont=0.393	qacJ	3007014	Strict	39.81	102.8	disinfecting agents and antiseptics	antibiotic efflux	small multidrug resistance (SMR) antibiotic efflux pump	benzalkonium chloride	False	chromosome_like	1		
RM2016_batch04B_newcountries12	ERR1713407	k141_72779	k141_72779_1 # 40 # 927 # -1 # ID=103049_1;partial=00;start_type=ATG;rbs_motif=None;rbs_spacer=None;gc_cont=0.385	mphG	3003742	Strict	91.16	100.34	macrolide antibiotic	antibiotic inactivation	macrolide phosphotransferase (MPH)	erythromycin; clarithromycin; azithromycin	False	chromosome_like	1		
RM2016_batch04B_newcountries12	ERR1713407	k141_514882	k141_514882_2 # 174 # 1637 # 1 # ID=103697_2;partial=01;start_type=ATG;rbs_motif=GGA/GAG/AGG;rbs_spacer=5-10bp;gc_cont=0.567	Klebsiella pneumoniae KpnH	3004597	Strict	92.62	95.31	macrolide antibiotic; fluoroquinolone antibiotic; aminoglycoside antibiotic; carbapenem; cephalosporin; penam; peptide antibiotic; penem	antibiotic efflux	major facilitator superfamily (MFS) antibiotic efflux pump	erythromycin; gentamicin C; ciprofloxacin; spectinomycin; streptomycin; tobramycin; ceftazidime; ertapenem; piperacillin; azithromycin; imipenem; polymyxin B; polymyxin B1; polymyxin B2; polymyxin B3; polymyxin B4; norfloxacin; ticarcillin; gentamicin	False	chromosome_like	1		
RM2016_batch04B_newcountries12	ERR1713407	k141_368637	k141_368637_2 # 448 # 1290 # 1 # ID=103724_2;partial=00;start_type=ATG;rbs_motif=TAA;rbs_spacer=11bp;gc_cont=0.374	OXA-58	3001611	Perfect	100.0	100.0	carbapenem; cephalosporin; penam	antibiotic inactivation	OXA beta-lactamase	cloxacillin; oxacillin; cefalotin	False	chromosome_like	1		
RM2016_batch04B_newcountries12	ERR1713407	k141_1085499	k141_1085499_2 # 720 # 1064 # 1 # ID=103906_2;partial=00;start_type=ATG;rbs_motif=GGA/GAG/AGG;rbs_spacer=5-10bp;gc_cont=0.394	qacJ	3007014	Strict	42.31	106.54	disinfecting agents and antiseptics	antibiotic efflux	small multidrug resistance (SMR) antibiotic efflux pump	benzalkonium chloride	False	chromosome_like	1		
RM2016_batch04B_newcountries12	ERR1713407	k141_811886	k141_811886_3 # 1005 # 1721 # 1 # ID=104250_3;partial=00;start_type=ATG;rbs_motif=TAA;rbs_spacer=12bp;gc_cont=0.335	vanW gene in vanG cluster	3002965	Strict	39.39	84.7	glycopeptide antibiotic	antibiotic target alteration	vanW; glycopeptide resistance gene cluster	vancomycin	False	chromosome_like	1		
RM2016_batch04B_newcountries12	ERR1713407	k141_1085900	k141_1085900_4 # 1400 # 2110 # 1 # ID=104570_4;partial=00;start_type=ATG;rbs_motif=AGGA;rbs_spacer=5-10bp;gc_cont=0.338	vanW gene in vanG cluster	3002965	Strict	37.12	83.99	glycopeptide antibiotic	antibiotic target alteration	vanW; glycopeptide resistance gene cluster	vancomycin	False	chromosome_like	1		
RM2016_batch04B_newcountries12	ERR1713407	k141_813202	k141_813202_2 # 536 # 1360 # 1 # ID=105726_2;partial=00;start_type=ATG;rbs_motif=None;rbs_spacer=None;gc_cont=0.412	gadX	3000508	Strict	98.54	100.0	macrolide antibiotic; fluoroquinolone antibiotic; penam	antibiotic efflux	resistance-nodulation-cell division (RND) antibiotic efflux pump	erythromycin; cloxacillin; oxacillin; norfloxacin	False	chromosome_like	1		
RM2016_batch04B_newcountries12	ERR1713407	k141_813202	k141_813202_5 # 2819 # 5932 # -1 # ID=105726_5;partial=00;start_type=ATG;rbs_motif=GGA/GAG/AGG;rbs_spacer=5-10bp;gc_cont=0.529	mdtF	3000796	Strict	99.81	100.0	macrolide antibiotic; fluoroquinolone antibiotic; penam	antibiotic efflux	resistance-nodulation-cell division (RND) antibiotic efflux pump	erythromycin; cloxacillin; oxacillin; norfloxacin	False	chromosome_like	1		
RM2016_batch04B_newcountries12	ERR1713407	k141_813202	k141_813202_6 # 5957 # 7114 # -1 # ID=105726_6;partial=00;start_type=ATG;rbs_motif=GGA/GAG/AGG;rbs_spacer=5-10bp;gc_cont=0.545	mdtE	3000795	Perfect	100.0	100.0	macrolide antibiotic; fluoroquinolone antibiotic; penam	antibiotic efflux	resistance-nodulation-cell division (RND) antibiotic efflux pump	erythromycin; cloxacillin; oxacillin; norfloxacin	False	chromosome_like	1		
RM2016_batch04B_newcountries12	ERR1713407	k141_75229	k141_75229_2 # 587 # 1060 # -1 # ID=106214_2;partial=00;start_type=TTG;rbs_motif=AGGA;rbs_spacer=5-10bp;gc_cont=0.462	dfrA14	3002859	Perfect	100.0	100.0	diaminopyrimidine antibiotic	antibiotic target replacement	trimethoprim resistant dihydrofolate reductase dfr	trimethoprim	True	plasmid_like		0.9883	
RM2016_batch04B_newcountries12	ERR1713407	k141_220718	k141_220718_39 # 44568 # 47762 # -1 # ID=106572_39;partial=00;start_type=ATG;rbs_motif=GGA/GAG/AGG;rbs_spacer=5-10bp;gc_cont=0.667	adeF	3000777	Strict	58.26	100.47	fluoroquinolone antibiotic; tetracycline antibiotic	antibiotic efflux	resistance-nodulation-cell division (RND) antibiotic efflux pump	tetracycline	False	chromosome_like	1		
RM2016_batch04B_newcountries12	ERR1713407	k141_75875	k141_75875_1 # 2 # 622 # 1 # ID=107030_1;partial=10;start_type=Edge;rbs_motif=None;rbs_spacer=None;gc_cont=0.509	CRP	3000518	Strict	99.03	98.1	macrolide antibiotic; fluoroquinolone antibiotic; penam	antibiotic efflux	resistance-nodulation-cell division (RND) antibiotic efflux pump	erythromycin; cloxacillin; oxacillin; norfloxacin	False	chromosome_like	1		
RM2016_batch04B_newcountries12	ERR1713407	k141_959430	k141_959430_2 # 274 # 1137 # 1 # ID=107547_2;partial=00;start_type=ATG;rbs_motif=AGGA;rbs_spacer=5-10bp;gc_cont=0.557	sul4	3004361	Perfect	100.0	100.0	sulfonamide antibiotic	antibiotic target replacement	sulfonamide resistant sul	sulfamethoxazole	False	chromosome_like	1		
RM2016_batch04B_newcountries12	ERR1713407	k141_518624	k141_518624_2 # 812 # 1984 # -1 # ID=108596_2;partial=00;start_type=ATG;rbs_motif=GGAG/GAGG;rbs_spacer=5-10bp;gc_cont=0.598	Klebsiella pneumoniae KpnG	3004588	Strict	99.74	100.0	macrolide antibiotic; fluoroquinolone antibiotic; aminoglycoside antibiotic; carbapenem; cephalosporin; penam; peptide antibiotic; penem	antibiotic efflux	major facilitator superfamily (MFS) antibiotic efflux pump	erythromycin; gentamicin C; ciprofloxacin; spectinomycin; streptomycin; tobramycin; ceftazidime; ertapenem; piperacillin; azithromycin; imipenem; polymyxin B; polymyxin B1; polymyxin B2; polymyxin B3; polymyxin B4; norfloxacin; ticarcillin; gentamicin	True	plasmid_like		0.7973	
RM2016_batch04B_newcountries12	ERR1713407	k141_518624	k141_518624_3 # 2110 # 2640 # -1 # ID=108596_3;partial=00;start_type=ATG;rbs_motif=GGAG/GAGG;rbs_spacer=5-10bp;gc_cont=0.516	emrR	3000516	Strict	92.57	100.0	fluoroquinolone antibiotic	antibiotic efflux	major facilitator superfamily (MFS) antibiotic efflux pump	nalidixic acid	True	plasmid_like		0.7973	
RM2016_batch04B_newcountries12	ERR1713407	k141_222577	k141_222577_2 # 865 # 1209 # -1 # ID=109161_2;partial=00;start_type=ATG;rbs_motif=GGA/GAG/AGG;rbs_spacer=5-10bp;gc_cont=0.394	qacJ	3007014	Strict	41.51	106.54	disinfecting agents and antiseptics	antibiotic efflux	small multidrug resistance (SMR) antibiotic efflux pump	benzalkonium chloride	False	chromosome_like	1		
RM2016_batch04B_newcountries12	ERR1713407	k141_78340	k141_78340_5 # 2489 # 2833 # 1 # ID=110215_5;partial=00;start_type=ATG;rbs_motif=None;rbs_spacer=None;gc_cont=0.365	qacG	3007015	Strict	46.15	106.54	disinfecting agents and antiseptics	antibiotic efflux	small multidrug resistance (SMR) antibiotic efflux pump	benzalkonium chloride	False	chromosome_like	1		
RM2016_batch04B_newcountries12	ERR1713407	k141_961847	k141_961847_4 # 3101 # 6274 # 1 # ID=110694_4;partial=00;start_type=ATG;rbs_motif=GGA/GAG/AGG;rbs_spacer=5-10bp;gc_cont=0.430	adeF	3000777	Strict	92.53	99.81	fluoroquinolone antibiotic; tetracycline antibiotic	antibiotic efflux	resistance-nodulation-cell division (RND) antibiotic efflux pump	tetracycline	True	plasmid_like		0.8518	
RM2016_batch04B_newcountries12	ERR1713407	k141_374726	k141_374726_2 # 234 # 884 # 1 # ID=111508_2;partial=00;start_type=ATG;rbs_motif=AGGAG;rbs_spacer=5-10bp;gc_cont=0.389	Vibrio anguillarum chloramphenicol acetyltransferase	3004460	Perfect	100.0	100.0	phenicol antibiotic	antibiotic inactivation	chloramphenicol acetyltransferase (CAT)	chloramphenicol	False	chromosome_like	1		
RM2016_batch04B_newcountries12	ERR1713407	k141_962938	k141_962938_2 # 820 # 2475 # 1 # ID=112006_2;partial=00;start_type=ATG;rbs_motif=GGAG/GAGG;rbs_spacer=5-10bp;gc_cont=0.621	ArnT	3005053	Strict	40.59	100.0	peptide antibiotic	antibiotic target alteration	pmr phosphoethanolamine transferase	colistin A; colistin B	True	plasmid_like		0.9544	
RM2016_batch04B_newcountries12	ERR1713407	k141_522048	k141_522048_7 # 7932 # 8276 # 1 # ID=113683_7;partial=00;start_type=ATG;rbs_motif=GGA/GAG/AGG;rbs_spacer=5-10bp;gc_cont=0.380	qacG	3007015	Strict	48.11	106.54	disinfecting agents and antiseptics	antibiotic efflux	small multidrug resistance (SMR) antibiotic efflux pump	benzalkonium chloride	False	chromosome_like	1		
RM2016_batch04B_newcountries12	ERR1713407	k141_1091931	k141_1091931_6 # 6209 # 6610 # 1 # ID=115289_6;partial=00;start_type=ATG;rbs_motif=GGA/GAG/AGG;rbs_spacer=5-10bp;gc_cont=0.597	FosG	3007368	Strict	57.25	100.76	phosphonic acid antibiotic	antibiotic inactivation	fosfomycin thiol transferase	fosfomycin	False	chromosome_like	1		
RM2016_batch04B_newcountries12	ERR1713407	k141_821236	k141_821236_1 # 105 # 1082 # 1 # ID=115551_1;partial=01;start_type=GTG;rbs_motif=GGA/GAG/AGG;rbs_spacer=5-10bp;gc_cont=0.541	aadA16	3002616	Strict	96.99	116.01	aminoglycoside antibiotic	antibiotic inactivation	ANT(3'')	spectinomycin; streptomycin	False	chromosome_like	1		
RM2016_batch04B_newcountries12	ERR1713407	k141_227973	k141_227973_50 # 47982 # 51113 # -1 # ID=115883_50;partial=00;start_type=GTG;rbs_motif=AGxAGG/AGGxGG;rbs_spacer=5-10bp;gc_cont=0.384	adeF	3000777	Strict	43.04	98.49	fluoroquinolone antibiotic; tetracycline antibiotic	antibiotic efflux	resistance-nodulation-cell division (RND) antibiotic efflux pump	tetracycline	False	chromosome_like	1		
RM2016_batch04B_newcountries12	ERR1713407	k141_672790	k141_672790_1 # 286 # 1170 # -1 # ID=116547_1;partial=00;start_type=ATG;rbs_motif=AAAA;rbs_spacer=11bp;gc_cont=0.385	mphG	3003742	Strict	87.76	100.0	macrolide antibiotic	antibiotic inactivation	macrolide phosphotransferase (MPH)	erythromycin; clarithromycin; azithromycin	False	chromosome_like	1		
RM2016_batch04B_newcountries12	ERR1713407	k141_524320	k141_524320_8 # 6938 # 7906 # 1 # ID=116585_8;partial=00;start_type=ATG;rbs_motif=AGGA;rbs_spacer=5-10bp;gc_cont=0.499	PmrF	3003578	Perfect	100.0	100.0	peptide antibiotic	antibiotic target alteration	pmr phosphoethanolamine transferase	polymyxin B	False	chromosome_like	1		
RM2016_batch04B_newcountries12	ERR1713407	k141_524320	k141_524320_11 # 10775 # 12427 # 1 # ID=116585_11;partial=00;start_type=ATG;rbs_motif=None;rbs_spacer=None;gc_cont=0.510	ArnT	3005053	Strict	63.7	99.82	peptide antibiotic	antibiotic target alteration	pmr phosphoethanolamine transferase	colistin A; colistin B	False	chromosome_like	1		
RM2016_batch04B_newcountries12	ERR1713407	k141_524448	k141_524448_2 # 294 # 623 # -1 # ID=116755_2;partial=00;start_type=ATG;rbs_motif=AGGA;rbs_spacer=5-10bp;gc_cont=0.409	qacG	3007015	Strict	42.45	101.87	disinfecting agents and antiseptics	antibiotic efflux	small multidrug resistance (SMR) antibiotic efflux pump	benzalkonium chloride	False	chromosome_like	1		
RM2016_batch04B_newcountries12	ERR1713407	k141_1092763	k141_1092763_8 # 8263 # 9207 # 1 # ID=116775_8;partial=00;start_type=ATG;rbs_motif=GGAG/GAGG;rbs_spacer=5-10bp;gc_cont=0.459	leuO	3003843	Strict	99.04	100.0	nucleoside antibiotic; disinfecting agents and antiseptics	antibiotic efflux	major facilitator superfamily (MFS) antibiotic efflux pump	acriflavine; puromycin	False	chromosome_like	1		
RM2016_batch04B_newcountries12	ERR1713407	k141_524459	k141_524459_1 # 22 # 351 # -1 # ID=116777_1;partial=00;start_type=ATG;rbs_motif=AGGA;rbs_spacer=5-10bp;gc_cont=0.412	qacG	3007015	Strict	42.45	101.87	disinfecting agents and antiseptics	antibiotic efflux	small multidrug resistance (SMR) antibiotic efflux pump	benzalkonium chloride	False	chromosome_like	1		
RM2016_batch04B_newcountries12	ERR1713407	k141_380532	k141_380532_2 # 772 # 1110 # -1 # ID=118894_2;partial=00;start_type=ATG;rbs_motif=GGA/GAG/AGG;rbs_spacer=5-10bp;gc_cont=0.646	qacG	3007015	Strict	40.82	104.67	disinfecting agents and antiseptics	antibiotic efflux	small multidrug resistance (SMR) antibiotic efflux pump	benzalkonium chloride	False	chromosome_like	1		
RM2016_batch04B_newcountries12	ERR1713407	k141_674643	k141_674643_2 # 276 # 608 # 1 # ID=119045_2;partial=00;start_type=ATG;rbs_motif=GGAG/GAGG;rbs_spacer=5-10bp;gc_cont=0.667	qacJ	3007014	Strict	39.42	102.8	disinfecting agents and antiseptics	antibiotic efflux	small multidrug resistance (SMR) antibiotic efflux pump	benzalkonium chloride	False	chromosome_like	1		
RM2016_batch04B_newcountries12	ERR1713407	k141_674744	k141_674744_8 # 5565 # 6368 # 1 # ID=119170_8;partial=01;start_type=ATG;rbs_motif=GGA/GAG/AGG;rbs_spacer=5-10bp;gc_cont=0.531	bacA	3002986	Strict	99.63	98.17	peptide antibiotic	antibiotic target alteration	undecaprenyl pyrophosphate related proteins	bacitracin; bacitracin A; bacitracin B; bacitracin F	False	chromosome_like	1		
RM2016_batch04B_newcountries12	ERR1713407	k141_824597	k141_824597_4 # 6294 # 9458 # 1 # ID=119595_4;partial=00;start_type=ATG;rbs_motif=GGA/GAG/AGG;rbs_spacer=5-10bp;gc_cont=0.655	adeF	3000777	Strict	42.9	99.53	fluoroquinolone antibiotic; tetracycline antibiotic	antibiotic efflux	resistance-nodulation-cell division (RND) antibiotic efflux pump	tetracycline	False	chromosome_like	1		
RM2016_batch04B_newcountries12	ERR1713407	k141_824916	k141_824916_2 # 773 # 1303 # -1 # ID=120100_2;partial=00;start_type=ATG;rbs_motif=GGAG/GAGG;rbs_spacer=5-10bp;gc_cont=0.492	emrR	3000516	Strict	94.29	100.0	fluoroquinolone antibiotic	antibiotic efflux	major facilitator superfamily (MFS) antibiotic efflux pump	nalidixic acid	False	chromosome_like	1		
RM2016_batch04B_newcountries12	ERR1713407	k141_1094787	k141_1094787_1 # 102 # 1808 # -1 # ID=120108_1;partial=00;start_type=ATG;rbs_motif=GGA/GAG/AGG;rbs_spacer=5-10bp;gc_cont=0.454	ICR-Mo	3004569	Strict	94.54	101.79	peptide antibiotic	antibiotic target alteration	intrinsic colistin resistant phosphoethanolamine transferase	colistin A; colistin B	False	chromosome_like	1		
RM2016_batch04B_newcountries12	ERR1713407	k141_825202	k141_825202_4 # 975 # 2642 # -1 # ID=120518_4;partial=01;start_type=Edge;rbs_motif=None;rbs_spacer=None;gc_cont=0.606	ArnT	3005053	Strict	96.19	100.73	peptide antibiotic	antibiotic target alteration	pmr phosphoethanolamine transferase	colistin A; colistin B	False	chromosome_like	1		
RM2016_batch04B_newcountries12	ERR1713407	k141_86984	k141_86984_8 # 5664 # 8768 # -1 # ID=121333_8;partial=00;start_type=ATG;rbs_motif=GGA/GAG/AGG;rbs_spacer=5-10bp;gc_cont=0.513	AcrF	3000502	Strict	99.71	100.0	fluoroquinolone antibiotic; cephalosporin; cephamycin; penam	antibiotic efflux	resistance-nodulation-cell division (RND) antibiotic efflux pump	ciprofloxacin	True	plasmid_like		0.8631	
RM2016_batch04B_newcountries12	ERR1713407	k141_86984	k141_86984_9 # 8780 # 9937 # -1 # ID=121333_9;partial=00;start_type=ATG;rbs_motif=GGAG/GAGG;rbs_spacer=5-10bp;gc_cont=0.522	AcrE	3000499	Perfect	100.0	100.0	fluoroquinolone antibiotic; cephalosporin; cephamycin; penam	antibiotic efflux	resistance-nodulation-cell division (RND) antibiotic efflux pump	ciprofloxacin	True	plasmid_like		0.8631	
RM2016_batch04B_newcountries12	ERR1713407	k141_87006	k141_87006_2 # 942 # 1274 # 1 # ID=121370_2;partial=00;start_type=ATG;rbs_motif=GGA/GAG/AGG;rbs_spacer=5-10bp;gc_cont=0.601	qacG	3007015	Strict	42.31	102.8	disinfecting agents and antiseptics	antibiotic efflux	small multidrug resistance (SMR) antibiotic efflux pump	benzalkonium chloride	False	chromosome_like	1		
RM2016_batch04B_newcountries12	ERR1713407	k141_825935	k141_825935_2 # 342 # 677 # 1 # ID=121431_2;partial=00;start_type=ATG;rbs_motif=None;rbs_spacer=None;gc_cont=0.688	qacJ	3007014	Strict	37.14	103.74	disinfecting agents and antiseptics	antibiotic efflux	small multidrug resistance (SMR) antibiotic efflux pump	benzalkonium chloride	False	chromosome_like	1		
RM2016_batch04B_newcountries12	ERR1713407	k141_382513	k141_382513_15 # 18334 # 21513 # 1 # ID=121640_15;partial=00;start_type=ATG;rbs_motif=GGA/GAG/AGG;rbs_spacer=11-12bp;gc_cont=0.598	adeF	3000777	Strict	66.92	100.0	fluoroquinolone antibiotic; tetracycline antibiotic	antibiotic efflux	resistance-nodulation-cell division (RND) antibiotic efflux pump	tetracycline	False	chromosome_like	1		
RM2016_batch04B_newcountries12	ERR1713407	k141_87695	k141_87695_2 # 578 # 2230 # 1 # ID=122155_2;partial=00;start_type=ATG;rbs_motif=GGAG/GAGG;rbs_spacer=5-10bp;gc_cont=0.612	ArnT	3005053	Strict	41.7	99.82	peptide antibiotic	antibiotic target alteration	pmr phosphoethanolamine transferase	colistin A; colistin B	False	chromosome_like	1		
RM2016_batch04B_newcountries12	ERR1713407	k141_87789	k141_87789_2 # 389 # 817 # 1 # ID=122286_2;partial=00;start_type=ATG;rbs_motif=None;rbs_spacer=None;gc_cont=0.354	qacG	3007015	Strict	50.0	132.71	disinfecting agents and antiseptics	antibiotic efflux	small multidrug resistance (SMR) antibiotic efflux pump	benzalkonium chloride	False	chromosome_like	1		
RM2016_batch04B_newcountries12	ERR1713407	k141_677391	k141_677391_2 # 830 # 1255 # -1 # ID=122487_2;partial=00;start_type=ATG;rbs_motif=GGA/GAG/AGG;rbs_spacer=5-10bp;gc_cont=0.629	FosA2	3002804	Strict	95.74	100.0	phosphonic acid antibiotic	antibiotic inactivation	fosfomycin thiol transferase	fosfomycin	False	chromosome_like	1		
RM2016_batch04B_newcountries12	ERR1713407	k141_233681	k141_233681_1 # 355 # 1011 # 1 # ID=123218_1;partial=00;start_type=ATG;rbs_motif=GGAG/GAGG;rbs_spacer=5-10bp;gc_cont=0.370	QnrVC1	3002799	Perfect	100.0	100.0	fluoroquinolone antibiotic	antibiotic target protection	quinolone resistance protein (qnr)	ciprofloxacin; levofloxacin; moxifloxacin; gatifloxacin; nalidixic acid; norfloxacin; sparfloxacin	False	chromosome_like	1		
RM2016_batch04B_newcountries12	ERR1713407	k141_971867	k141_971867_3 # 1098 # 2195 # 1 # ID=123451_3;partial=01;start_type=ATG;rbs_motif=GGA/GAG/AGG;rbs_spacer=5-10bp;gc_cont=0.571	vanG	3002909	Strict	39.09	104.87	glycopeptide antibiotic	antibiotic target alteration	glycopeptide resistance gene cluster; Van ligase	vancomycin	False	chromosome_like	1		
RM2016_batch04B_newcountries12	ERR1713407	k141_89673	k141_89673_1 # 3 # 1073 # -1 # ID=124564_1;partial=10;start_type=ATG;rbs_motif=GGAG/GAGG;rbs_spacer=5-10bp;gc_cont=0.530	Escherichia coli EF-Tu mutants conferring resistance to Pulvomycin	3003369	Strict	97.2	87.29	elfamycin antibiotic	antibiotic target alteration	elfamycin resistant EF-Tu	pulvomycin	False	chromosome_like	1		
RM2016_batch04B_newcountries12	ERR1713407	k141_90549	k141_90549_4 # 1160 # 2815 # -1 # ID=125737_4;partial=00;start_type=ATG;rbs_motif=GGAG/GAGG;rbs_spacer=5-10bp;gc_cont=0.626	ArnT	3005053	Strict	42.36	100.0	peptide antibiotic	antibiotic target alteration	pmr phosphoethanolamine transferase	colistin A; colistin B	False	chromosome_like	1		
RM2016_batch04B_newcountries12	ERR1713407	k141_830089	k141_830089_5 # 3616 # 4074 # -1 # ID=126130_5;partial=00;start_type=ATG;rbs_motif=GGAG/GAGG;rbs_spacer=5-10bp;gc_cont=0.621	Pseudomonas aeruginosa soxR	3004107	Strict	72.54	97.44	fluoroquinolone antibiotic; cephalosporin; glycylcycline; penam; tetracycline antibiotic; rifamycin antibiotic; phenicol antibiotic; disinfecting agents and antiseptics	antibiotic target alteration; antibiotic efflux	ATP-binding cassette (ABC) antibiotic efflux pump; major facilitator superfamily (MFS) antibiotic efflux pump; resistance-nodulation-cell division (RND) antibiotic efflux pump	tigecycline; ciprofloxacin; acriflavine; tetracycline; rifampin; chloramphenicol; ampicillin; norfloxacin; cefalotin; triclosan	True	plasmid_like		0.7861	
RM2016_batch04B_newcountries12	ERR1713407	k141_974713	k141_974713_3 # 1731 # 3380 # 1 # ID=127012_3;partial=00;start_type=ATG;rbs_motif=GGAG/GAGG;rbs_spacer=5-10bp;gc_cont=0.613	ArnT	3005053	Strict	43.67	99.64	peptide antibiotic	antibiotic target alteration	pmr phosphoethanolamine transferase	colistin A; colistin B	False	chromosome_like	1		
RM2016_batch04B_newcountries12	ERR1713407	k141_92738	k141_92738_1 # 49 # 1194 # 1 # ID=128256_1;partial=00;start_type=ATG;rbs_motif=GGA/GAG/AGG;rbs_spacer=5-10bp;gc_cont=0.540	CMY-2	3002013	Strict	98.95	100.0	carbapenem; cephalosporin; cephamycin; penam	antibiotic inactivation	CMY beta-lactamase	cefoxitin; cefazolin; ceftazidime; ceftriaxone; ertapenem; ampicillin; cefixime; cefalotin	False	chromosome_like	1		
RM2016_batch04B_newcountries12	ERR1713407	k141_832164	k141_832164_2 # 702 # 1151 # -1 # ID=128664_2;partial=00;start_type=ATG;rbs_motif=GGA/GAG/AGG;rbs_spacer=11-12bp;gc_cont=0.640	Pseudomonas aeruginosa soxR	3004107	Strict	70.0	95.51	fluoroquinolone antibiotic; cephalosporin; glycylcycline; penam; tetracycline antibiotic; rifamycin antibiotic; phenicol antibiotic; disinfecting agents and antiseptics	antibiotic target alteration; antibiotic efflux	ATP-binding cassette (ABC) antibiotic efflux pump; major facilitator superfamily (MFS) antibiotic efflux pump; resistance-nodulation-cell division (RND) antibiotic efflux pump	tigecycline; ciprofloxacin; acriflavine; tetracycline; rifampin; chloramphenicol; ampicillin; norfloxacin; cefalotin; triclosan	False	chromosome_like	1		
RM2016_batch04B_newcountries12	ERR1713407	k141_238300	k141_238300_1 # 3 # 2735 # 1 # ID=128725_1;partial=10;start_type=Edge;rbs_motif=None;rbs_spacer=None;gc_cont=0.598	adeF	3000777	Strict	65.89	85.93	fluoroquinolone antibiotic; tetracycline antibiotic	antibiotic efflux	resistance-nodulation-cell division (RND) antibiotic efflux pump	tetracycline	False	chromosome_like	1		
RM2016_batch04B_newcountries12	ERR1713407	k141_388566	k141_388566_1 # 2 # 1321 # 1 # ID=129165_1;partial=10;start_type=Edge;rbs_motif=None;rbs_spacer=None;gc_cont=0.346	vanT gene in vanG cluster	3002972	Strict	35.14	61.66	glycopeptide antibiotic	antibiotic target alteration	glycopeptide resistance gene cluster; vanT	vancomycin	False	chromosome_like	1		
RM2016_batch04B_newcountries12	ERR1713407	k141_976367	k141_976367_1 # 142 # 639 # 1 # ID=129221_1;partial=00;start_type=ATG;rbs_motif=None;rbs_spacer=None;gc_cont=0.512	dfrA12	3002858	Perfect	100.0	100.0	diaminopyrimidine antibiotic	antibiotic target replacement	trimethoprim resistant dihydrofolate reductase dfr	trimethoprim	False	chromosome_like	1		
RM2016_batch04B_newcountries12	ERR1713407	k141_976606	k141_976606_1 # 1 # 258 # 1 # ID=129522_1;partial=10;start_type=Edge;rbs_motif=None;rbs_spacer=None;gc_cont=0.636	qacG	3007015	Strict	41.98	79.44	disinfecting agents and antiseptics	antibiotic efflux	small multidrug resistance (SMR) antibiotic efflux pump	benzalkonium chloride	False	chromosome_like	1		
RM2016_batch04B_newcountries12	ERR1713407	k141_1100345	k141_1100345_4 # 2809 # 5967 # -1 # ID=129887_4;partial=00;start_type=ATG;rbs_motif=AGGA;rbs_spacer=5-10bp;gc_cont=0.669	adeF	3000777	Strict	60.55	99.34	fluoroquinolone antibiotic; tetracycline antibiotic	antibiotic efflux	resistance-nodulation-cell division (RND) antibiotic efflux pump	tetracycline	False	chromosome_like	1		
RM2016_batch04B_newcountries12	ERR1713407	k141_683693	k141_683693_1 # 454 # 1359 # 1 # ID=130307_1;partial=00;start_type=ATG;rbs_motif=AGGAG;rbs_spacer=5-10bp;gc_cont=0.656	mphA	3000316	Perfect	100.0	100.0	macrolide antibiotic	antibiotic inactivation	macrolide phosphotransferase (MPH)	erythromycin; roxithromycin; telithromycin; clarithromycin; azithromycin; dirithromycin; oleandomycin	True	plasmid_like		0.9759	
RM2016_batch04B_newcountries12	ERR1713407	k141_683693	k141_683693_2 # 1356 # 2594 # 1 # ID=130307_2;partial=00;start_type=ATG;rbs_motif=None;rbs_spacer=None;gc_cont=0.651	Mrx	3003839	Perfect	100.0	100.0	macrolide antibiotic	antibiotic inactivation	macrolide phosphotransferase (MPH)		True	plasmid_like		0.9759	
RM2016_batch04B_newcountries12	ERR1713407	k141_978094	k141_978094_1 # 158 # 631 # 1 # ID=131592_1;partial=00;start_type=GTG;rbs_motif=AGGA;rbs_spacer=5-10bp;gc_cont=0.401	dfrA15	3003013	Perfect	100.0	100.0	diaminopyrimidine antibiotic	antibiotic target replacement	trimethoprim resistant dihydrofolate reductase dfr	trimethoprim	False	chromosome_like	1		
RM2016_batch04B_newcountries12	ERR1713407	k141_978094	k141_978094_2 # 733 # 1521 # 1 # ID=131592_2;partial=00;start_type=ATG;rbs_motif=GGA/GAG/AGG;rbs_spacer=11-12bp;gc_cont=0.582	aadA5	3002605	Perfect	100.0	100.0	aminoglycoside antibiotic	antibiotic inactivation	ANT(3'')	spectinomycin; streptomycin	False	chromosome_like	1		
RM2016_batch04B_newcountries12	ERR1713407	k141_834826	k141_834826_1 # 2 # 1195 # -1 # ID=131966_1;partial=10;start_type=ATG;rbs_motif=GGAG/GAGG;rbs_spacer=5-10bp;gc_cont=0.612	Acinetobacter baumannii AbaQ	3004574	Strict	72.93	91.71	fluoroquinolone antibiotic	antibiotic efflux	major facilitator superfamily (MFS) antibiotic efflux pump		False	chromosome_like	1		
RM2016_batch04B_newcountries12	ERR1713407	k141_95762	k141_95762_1 # 2 # 2620 # 1 # ID=132206_1;partial=10;start_type=Edge;rbs_motif=None;rbs_spacer=None;gc_cont=0.577	adeF	3000777	Strict	59.05	82.34	fluoroquinolone antibiotic; tetracycline antibiotic	antibiotic efflux	resistance-nodulation-cell division (RND) antibiotic efflux pump	tetracycline	False	chromosome_like	1		
RM2016_batch04B_newcountries12	ERR1713407	k141_835550	k141_835550_4 # 3385 # 6555 # -1 # ID=132823_4;partial=00;start_type=ATG;rbs_motif=AGGA;rbs_spacer=5-10bp;gc_cont=0.666	adeF	3000777	Strict	60.34	99.72	fluoroquinolone antibiotic; tetracycline antibiotic	antibiotic efflux	resistance-nodulation-cell division (RND) antibiotic efflux pump	tetracycline	True	plasmid_like		0.9477	
RM2016_batch04B_newcountries12	ERR1713407	k141_537565	k141_537565_2 # 494 # 907 # -1 # ID=133437_2;partial=00;start_type=ATG;rbs_motif=GGA/GAG/AGG;rbs_spacer=5-10bp;gc_cont=0.659	FosI	3007370	Strict	71.76	102.24	phosphonic acid antibiotic	antibiotic inactivation	fosfomycin thiol transferase	fosfomycin	False	chromosome_like	1		
RM2016_batch04B_newcountries12	ERR1713407	k141_538611	k141_538611_1 # 1 # 282 # -1 # ID=134823_1;partial=10;start_type=ATG;rbs_motif=GGA/GAG/AGG;rbs_spacer=5-10bp;gc_cont=0.663	qacG	3007015	Strict	40.24	87.85	disinfecting agents and antiseptics	antibiotic efflux	small multidrug resistance (SMR) antibiotic efflux pump	benzalkonium chloride	False	chromosome_like	1		
RM2016_batch04B_newcountries12	ERR1713407	k141_98152	k141_98152_3 # 1988 # 5134 # -1 # ID=135225_3;partial=00;start_type=ATG;rbs_motif=GGAG/GAGG;rbs_spacer=5-10bp;gc_cont=0.515	adeF	3000777	Strict	43.5	98.96	fluoroquinolone antibiotic; tetracycline antibiotic	antibiotic efflux	resistance-nodulation-cell division (RND) antibiotic efflux pump	tetracycline	False	chromosome_like	1		
RM2016_batch04B_newcountries12	ERR1713407	k141_393659	k141_393659_2 # 848 # 3961 # -1 # ID=135303_2;partial=00;start_type=ATG;rbs_motif=GGAG/GAGG;rbs_spacer=5-10bp;gc_cont=0.592	adeF	3000777	Strict	41.04	97.92	fluoroquinolone antibiotic; tetracycline antibiotic	antibiotic efflux	resistance-nodulation-cell division (RND) antibiotic efflux pump	tetracycline	False	chromosome_like	1		
RM2016_batch04B_newcountries12	ERR1713407	k141_980829	k141_980829_1 # 2 # 1168 # -1 # ID=135310_1;partial=11;start_type=Edge;rbs_motif=None;rbs_spacer=None;gc_cont=0.545	tet(W)	3000194	Strict	99.74	60.88	tetracycline antibiotic	antibiotic target protection	tetracycline-resistant ribosomal protection protein	tetracycline; doxycycline; minocycline; chlortetracycline; demeclocycline; oxytetracycline	False	chromosome_like	1		
RM2016_batch04B_newcountries12	ERR1713407	k141_1104231	k141_1104231_3 # 1703 # 2932 # -1 # ID=136901_3;partial=00;start_type=ATG;rbs_motif=GGAG/GAGG;rbs_spacer=5-10bp;gc_cont=0.559	vanT gene in vanG cluster	3002972	Strict	33.33	57.44	glycopeptide antibiotic	antibiotic target alteration	glycopeptide resistance gene cluster; vanT	vancomycin	False	chromosome_like	1		
RM2016_batch04B_newcountries12	ERR1713407	k141_245527	k141_245527_4 # 2135 # 2482 # 1 # ID=137341_4;partial=00;start_type=ATG;rbs_motif=None;rbs_spacer=None;gc_cont=0.359	qacG	3007015	Strict	49.04	107.48	disinfecting agents and antiseptics	antibiotic efflux	small multidrug resistance (SMR) antibiotic efflux pump	benzalkonium chloride	True	plasmid_like		0.9621	
RM2016_batch04B_newcountries12	ERR1713407	k141_245973	k141_245973_2 # 706 # 1428 # 1 # ID=137934_2;partial=00;start_type=ATG;rbs_motif=GGA/GAG/AGG;rbs_spacer=5-10bp;gc_cont=0.592	baeR	3000828	Strict	95.4	100.0	aminoglycoside antibiotic; aminocoumarin antibiotic	antibiotic efflux	resistance-nodulation-cell division (RND) antibiotic efflux pump	novobiocin	False	chromosome_like	1		
RM2016_batch04B_newcountries12	ERR1713407	k141_100595	k141_100595_2 # 1290 # 2087 # -1 # ID=138076_2;partial=00;start_type=ATG;rbs_motif=GGA/GAG/AGG;rbs_spacer=5-10bp;gc_cont=0.461	OXA-731	3005936	Strict	97.74	100.0	carbapenem; cephalosporin; penam	antibiotic inactivation	OXA beta-lactamase	cloxacillin; oxacillin; cefalotin	False	chromosome_like	1		
RM2016_batch04B_newcountries12	ERR1713407	k141_543570	k141_543570_3 # 1622 # 4762 # -1 # ID=141049_3;partial=00;start_type=ATG;rbs_motif=GGAG/GAGG;rbs_spacer=5-10bp;gc_cont=0.642	adeF	3000777	Strict	47.26	98.77	fluoroquinolone antibiotic; tetracycline antibiotic	antibiotic efflux	resistance-nodulation-cell division (RND) antibiotic efflux pump	tetracycline	False	chromosome_like	1		
RM2016_batch04B_newcountries12	ERR1713407	k141_103323	k141_103323_1 # 3 # 1844 # -1 # ID=141457_1;partial=10;start_type=ATG;rbs_motif=GGA/GAG/AGG;rbs_spacer=11-12bp;gc_cont=0.627	adeF	3000777	Strict	67.92	57.98	fluoroquinolone antibiotic; tetracycline antibiotic	antibiotic efflux	resistance-nodulation-cell division (RND) antibiotic efflux pump	tetracycline	False	chromosome_like	1		
RM2016_batch04B_newcountries12	ERR1713407	k141_399039	k141_399039_1 # 141 # 533 # 1 # ID=142107_1;partial=00;start_type=ATG;rbs_motif=GGA/GAG/AGG;rbs_spacer=5-10bp;gc_cont=0.461	Klebsiella pneumoniae KpnE	3004580	Strict	83.33	108.33	macrolide antibiotic; aminoglycoside antibiotic; cephalosporin; tetracycline antibiotic; peptide antibiotic; rifamycin antibiotic; disinfecting agents and antiseptics	antibiotic efflux	small multidrug resistance (SMR) antibiotic efflux pump	erythromycin; streptomycin; tetracycline; cefepime; ceftriaxone; rifampin; colistin A; colistin B; triclosan; benzalkonium chloride; chlorhexidine	False	chromosome_like	1		
RM2016_batch04B_newcountries12	ERR1713407	k141_399039	k141_399039_2 # 520 # 849 # 1 # ID=142107_2;partial=00;start_type=ATG;rbs_motif=AGGAG;rbs_spacer=5-10bp;gc_cont=0.561	Klebsiella pneumoniae KpnF	3004583	Strict	88.07	100.0	macrolide antibiotic; aminoglycoside antibiotic; cephalosporin; tetracycline antibiotic; peptide antibiotic; rifamycin antibiotic; disinfecting agents and antiseptics	antibiotic efflux	small multidrug resistance (SMR) antibiotic efflux pump	erythromycin; streptomycin; tetracycline; cefepime; ceftriaxone; rifampin; colistin A; colistin B; triclosan; benzalkonium chloride; chlorhexidine	False	chromosome_like	1		
RM2016_batch04B_newcountries12	ERR1713407	k141_249819	k141_249819_1 # 36 # 1058 # -1 # ID=142610_1;partial=00;start_type=ATG;rbs_motif=GGA/GAG/AGG;rbs_spacer=5-10bp;gc_cont=0.479	leuO	3003843	Strict	82.35	108.28	nucleoside antibiotic; disinfecting agents and antiseptics	antibiotic efflux	major facilitator superfamily (MFS) antibiotic efflux pump	acriflavine; puromycin	False	chromosome_like	1		
RM2016_batch04B_newcountries12	ERR1713407	k141_545023	k141_545023_5 # 2389 # 2721 # -1 # ID=143080_5;partial=00;start_type=ATG;rbs_motif=GGA/GAG/AGG;rbs_spacer=5-10bp;gc_cont=0.619	qacG	3007015	Strict	44.23	102.8	disinfecting agents and antiseptics	antibiotic efflux	small multidrug resistance (SMR) antibiotic efflux pump	benzalkonium chloride	False	chromosome_like	1		
RM2016_batch04B_newcountries12	ERR1713407	k141_250387	k141_250387_1 # 67 # 405 # 1 # ID=143339_1;partial=00;start_type=ATG;rbs_motif=AGGAG;rbs_spacer=5-10bp;gc_cont=0.667	qacG	3007015	Strict	38.61	104.67	disinfecting agents and antiseptics	antibiotic efflux	small multidrug resistance (SMR) antibiotic efflux pump	benzalkonium chloride	False	chromosome_like	1		
RM2016_batch04B_newcountries12	ERR1713407	k141_988345	k141_988345_1 # 2 # 2737 # -1 # ID=144751_1;partial=10;start_type=GTG;rbs_motif=GGAGG;rbs_spacer=5-10bp;gc_cont=0.670	adeF	3000777	Strict	47.94	86.12	fluoroquinolone antibiotic; tetracycline antibiotic	antibiotic efflux	resistance-nodulation-cell division (RND) antibiotic efflux pump	tetracycline	False	chromosome_like	1		
RM2016_batch04B_newcountries12	ERR1713407	k141_845361	k141_845361_156 # 179344 # 182505 # 1 # ID=144879_156;partial=00;start_type=ATG;rbs_motif=AGGA;rbs_spacer=5-10bp;gc_cont=0.446	adeF	3000777	Strict	64.85	99.43	fluoroquinolone antibiotic; tetracycline antibiotic	antibiotic efflux	resistance-nodulation-cell division (RND) antibiotic efflux pump	tetracycline	False	chromosome_like	1		
RM2016_batch04B_newcountries12	ERR1713407	k141_696832	k141_696832_1 # 158 # 502 # 1 # ID=145857_1;partial=00;start_type=ATG;rbs_motif=GGA/GAG/AGG;rbs_spacer=5-10bp;gc_cont=0.441	qacJ	3007014	Strict	42.31	106.54	disinfecting agents and antiseptics	antibiotic efflux	small multidrug resistance (SMR) antibiotic efflux pump	benzalkonium chloride	False	chromosome_like	1		
RM2016_batch04B_newcountries12	ERR1713407	k141_989444	k141_989444_4 # 2819 # 3142 # -1 # ID=146193_4;partial=00;start_type=ATG;rbs_motif=GGAG/GAGG;rbs_spacer=5-10bp;gc_cont=0.515	Escherichia coli soxS with mutation conferring antibiotic resistance	3003511	Strict	91.59	100.0	fluoroquinolone antibiotic; monobactam; carbapenem; cephalosporin; glycylcycline; cephamycin; penam; tetracycline antibiotic; rifamycin antibiotic; phenicol antibiotic; penem; disinfecting agents and antiseptics	antibiotic target alteration; antibiotic efflux; reduced permeability to antibiotic	ATP-binding cassette (ABC) antibiotic efflux pump; major facilitator superfamily (MFS) antibiotic efflux pump; resistance-nodulation-cell division (RND) antibiotic efflux pump; General Bacterial Porin with reduced permeability to beta-lactams	tigecycline; ciprofloxacin; tetracycline; rifampin; chloramphenicol; ampicillin; norfloxacin; cefalotin; triclosan; enrofloxacin	True	plasmid_like		0.9652	
RM2016_batch04B_newcountries12	ERR1713407	k141_846554	k141_846554_6 # 4868 # 5278 # 1 # ID=146203_6;partial=00;start_type=ATG;rbs_motif=GGAG/GAGG;rbs_spacer=5-10bp;gc_cont=0.550	FosI	3007370	Strict	65.15	101.49	phosphonic acid antibiotic	antibiotic inactivation	fosfomycin thiol transferase	fosfomycin	False	chromosome_like	1		
RM2016_batch04B_newcountries12	ERR1713407	k141_253280	k141_253280_1 # 1 # 1497 # 1 # ID=146839_1;partial=10;start_type=Edge;rbs_motif=None;rbs_spacer=None;gc_cont=0.607	emrB	3000074	Strict	93.78	97.27	fluoroquinolone antibiotic	antibiotic efflux	major facilitator superfamily (MFS) antibiotic efflux pump	nalidixic acid	False	chromosome_like	1		
RM2016_batch04B_newcountries12	ERR1713407	k141_254077	k141_254077_1 # 18 # 1667 # -1 # ID=147788_1;partial=00;start_type=ATG;rbs_motif=AGGAG;rbs_spacer=5-10bp;gc_cont=0.624	ArnT	3005053	Strict	39.93	99.64	peptide antibiotic	antibiotic target alteration	pmr phosphoethanolamine transferase	colistin A; colistin B	False	chromosome_like	1		
RM2016_batch04B_newcountries12	ERR1713407	k141_847790	k141_847790_22 # 22836 # 23168 # 1 # ID=147898_22;partial=00;start_type=ATG;rbs_motif=None;rbs_spacer=None;gc_cont=0.604	qacJ	3007014	Strict	39.42	102.8	disinfecting agents and antiseptics	antibiotic efflux	small multidrug resistance (SMR) antibiotic efflux pump	benzalkonium chloride	False	chromosome_like	1		
RM2016_batch04B_newcountries12	ERR1713407	k141_1111339	k141_1111339_2 # 158 # 568 # 1 # ID=148302_2;partial=00;start_type=ATG;rbs_motif=AGGA;rbs_spacer=5-10bp;gc_cont=0.603	FosA8	3007371	Strict	56.62	96.45	phosphonic acid antibiotic	antibiotic inactivation	fosfomycin thiol transferase	fosfomycin	False	chromosome_like	1		
RM2016_batch04B_newcountries12	ERR1713407	k141_109352	k141_109352_3 # 1712 # 1897 # 1 # ID=148595_3;partial=00;start_type=ATG;rbs_motif=AGGAG;rbs_spacer=5-10bp;gc_cont=0.511	rsmA	3005069	Strict	98.36	100.0	fluoroquinolone antibiotic; diaminopyrimidine antibiotic; phenicol antibiotic	antibiotic efflux	resistance-nodulation-cell division (RND) antibiotic efflux pump	trimethoprim; chloramphenicol	False	chromosome_like	1		
RM2016_batch04B_newcountries12	ERR1713407	k141_110449	k141_110449_5 # 2296 # 2628 # -1 # ID=150070_5;partial=00;start_type=ATG;rbs_motif=None;rbs_spacer=None;gc_cont=0.604	qacG	3007015	Strict	44.23	102.8	disinfecting agents and antiseptics	antibiotic efflux	small multidrug resistance (SMR) antibiotic efflux pump	benzalkonium chloride	False	chromosome_like	1		
RM2016_batch04B_newcountries12	ERR1713407	k141_406222	k141_406222_6 # 4960 # 8124 # -1 # ID=150248_6;partial=00;start_type=ATG;rbs_motif=GGA/GAG/AGG;rbs_spacer=5-10bp;gc_cont=0.443	adeF	3000777	Strict	59.05	99.53	fluoroquinolone antibiotic; tetracycline antibiotic	antibiotic efflux	resistance-nodulation-cell division (RND) antibiotic efflux pump	tetracycline	True	plasmid_like		0.9465	
RM2016_batch04B_newcountries12	ERR1713407	k141_851055	k141_851055_2 # 320 # 1000 # 1 # ID=151774_2;partial=00;start_type=ATG;rbs_motif=GGA/GAG/AGG;rbs_spacer=5-10bp;gc_cont=0.470	QnrB76	3003188	Perfect	100.0	100.0	fluoroquinolone antibiotic	antibiotic target protection	quinolone resistance protein (qnr)	ciprofloxacin; levofloxacin; moxifloxacin; gatifloxacin; nalidixic acid; norfloxacin; sparfloxacin	False	chromosome_like	1		
RM2016_batch04B_newcountries12	ERR1713407	k141_1113798	k141_1113798_1 # 2 # 412 # 1 # ID=152237_1;partial=10;start_type=Edge;rbs_motif=None;rbs_spacer=None;gc_cont=0.467	H-NS	3000676	Strict	95.56	99.27	macrolide antibiotic; fluoroquinolone antibiotic; cephalosporin; cephamycin; penam; tetracycline antibiotic	antibiotic efflux	major facilitator superfamily (MFS) antibiotic efflux pump; resistance-nodulation-cell division (RND) antibiotic efflux pump	erythromycin; cloxacillin; ciprofloxacin; tetracycline; oxacillin; norfloxacin	False	chromosome_like	1		
RM2016_batch04B_newcountries12	ERR1713407	k141_553265	k141_553265_13 # 14419 # 17589 # -1 # ID=153400_13;partial=00;start_type=ATG;rbs_motif=AGGA;rbs_spacer=5-10bp;gc_cont=0.623	adeF	3000777	Strict	60.53	99.72	fluoroquinolone antibiotic; tetracycline antibiotic	antibiotic efflux	resistance-nodulation-cell division (RND) antibiotic efflux pump	tetracycline	False	chromosome_like	1		
RM2016_batch04B_newcountries12	ERR1713407	k141_258955	k141_258955_18 # 18946 # 22038 # -1 # ID=153609_18;partial=00;start_type=ATG;rbs_motif=AGGA;rbs_spacer=5-10bp;gc_cont=0.628	adeF	3000777	Strict	43.39	97.26	fluoroquinolone antibiotic; tetracycline antibiotic	antibiotic efflux	resistance-nodulation-cell division (RND) antibiotic efflux pump	tetracycline	False	chromosome_like	1		
RM2016_batch04B_newcountries12	ERR1713407	k141_703375	k141_703375_4 # 3915 # 4916 # 1 # ID=153674_4;partial=00;start_type=ATG;rbs_motif=GGA/GAG/AGG;rbs_spacer=5-10bp;gc_cont=0.451	vanH gene in vanO cluster	3002948	Strict	37.72	95.14	glycopeptide antibiotic	antibiotic target alteration	vanH; glycopeptide resistance gene cluster	vancomycin	False	chromosome_like	1		
RM2016_batch04B_newcountries12	ERR1713407	k141_1115053	k141_1115053_3 # 3220 # 4167 # 1 # ID=154367_3;partial=00;start_type=ATG;rbs_motif=GGAG/GAGG;rbs_spacer=5-10bp;gc_cont=0.440	leuO	3003843	Strict	85.4	100.32	nucleoside antibiotic; disinfecting agents and antiseptics	antibiotic efflux	major facilitator superfamily (MFS) antibiotic efflux pump	acriflavine; puromycin	False	chromosome_like	1		
RM2016_batch04B_newcountries12	ERR1713407	k141_703967	k141_703967_1 # 3 # 836 # -1 # ID=154440_1;partial=10;start_type=ATG;rbs_motif=AGGA;rbs_spacer=5-10bp;gc_cont=0.424	vanW gene in vanG cluster	3002965	Strict	32.38	98.93	glycopeptide antibiotic	antibiotic target alteration	vanW; glycopeptide resistance gene cluster	vancomycin	False	chromosome_like	1		
RM2016_batch04B_newcountries12	ERR1713407	k141_410297	k141_410297_2 # 724 # 1134 # 1 # ID=155118_2;partial=00;start_type=ATG;rbs_motif=GGA/GAG/AGG;rbs_spacer=5-10bp;gc_cont=0.501	FosA8	3007371	Strict	59.56	96.45	phosphonic acid antibiotic	antibiotic inactivation	fosfomycin thiol transferase	fosfomycin	False	chromosome_like	1		
RM2016_batch04B_newcountries12	ERR1713407	k141_555412	k141_555412_3 # 1579 # 2382 # 1 # ID=156245_3;partial=00;start_type=ATG;rbs_motif=None;rbs_spacer=None;gc_cont=0.685	vanY gene in vanM cluster	3002961	Strict	32.37	114.59	glycopeptide antibiotic	antibiotic target alteration	vanY; glycopeptide resistance gene cluster	vancomycin; teicoplanin	False	chromosome_like	1		
RM2016_batch04B_newcountries12	ERR1713407	k141_997530	k141_997530_2 # 1138 # 1482 # 1 # ID=156814_2;partial=00;start_type=ATG;rbs_motif=AGGA/GGAG/GAGG;rbs_spacer=11-12bp;gc_cont=0.368	qacG	3007015	Strict	44.23	106.54	disinfecting agents and antiseptics	antibiotic efflux	small multidrug resistance (SMR) antibiotic efflux pump	benzalkonium chloride	False	chromosome_like	1		
RM2016_batch04B_newcountries12	ERR1713407	k141_556088	k141_556088_17 # 12480 # 14123 # -1 # ID=157143_17;partial=00;start_type=ATG;rbs_motif=None;rbs_spacer=None;gc_cont=0.531	YojI	3003952	Strict	99.82	100.0	peptide antibiotic	antibiotic efflux	ATP-binding cassette (ABC) antibiotic efflux pump	microcin J25	False	chromosome_like	1		
RM2016_batch04B_newcountries12	ERR1713407	k141_262651	k141_262651_1 # 306 # 1190 # -1 # ID=158213_1;partial=00;start_type=ATG;rbs_motif=AAAA;rbs_spacer=11bp;gc_cont=0.388	mphG	3003742	Strict	89.8	100.0	macrolide antibiotic	antibiotic inactivation	macrolide phosphotransferase (MPH)	erythromycin; clarithromycin; azithromycin	False	chromosome_like	1		
RM2016_batch04B_newcountries12	ERR1713407	k141_262888	k141_262888_2 # 345 # 677 # 1 # ID=158505_2;partial=00;start_type=TTG;rbs_motif=AGxAGG/AGGxGG;rbs_spacer=5-10bp;gc_cont=0.381	qacG	3007015	Strict	38.46	102.8	disinfecting agents and antiseptics	antibiotic efflux	small multidrug resistance (SMR) antibiotic efflux pump	benzalkonium chloride	False	chromosome_like	1		
RM2016_batch04B_newcountries12	ERR1713407	k141_414508	k141_414508_2 # 272 # 691 # -1 # ID=160217_2;partial=00;start_type=ATG;rbs_motif=AATAA;rbs_spacer=5bp;gc_cont=0.381	qacJ	3007014	Strict	44.34	129.91	disinfecting agents and antiseptics	antibiotic efflux	small multidrug resistance (SMR) antibiotic efflux pump	benzalkonium chloride	False	chromosome_like	1		
RM2016_batch04B_newcountries12	ERR1713407	k141_558774	k141_558774_2 # 571 # 915 # 1 # ID=160505_2;partial=00;start_type=ATG;rbs_motif=AGGA/GGAG/GAGG;rbs_spacer=11-12bp;gc_cont=0.374	qacG	3007015	Strict	46.15	106.54	disinfecting agents and antiseptics	antibiotic efflux	small multidrug resistance (SMR) antibiotic efflux pump	benzalkonium chloride	False	chromosome_like	1		
RM2016_batch04B_newcountries12	ERR1713407	k141_709122	k141_709122_3 # 1650 # 2762 # 1 # ID=160536_3;partial=00;start_type=ATG;rbs_motif=GGA/GAG/AGG;rbs_spacer=5-10bp;gc_cont=0.577	vanG	3002909	Strict	38.66	106.02	glycopeptide antibiotic	antibiotic target alteration	glycopeptide resistance gene cluster; Van ligase	vancomycin	False	chromosome_like	1		
RM2016_batch04B_newcountries12	ERR1713407	k141_560147	k141_560147_1 # 22 # 351 # -1 # ID=162113_1;partial=00;start_type=ATG;rbs_motif=GGA/GAG/AGG;rbs_spacer=5-10bp;gc_cont=0.418	qacG	3007015	Strict	45.28	101.87	disinfecting agents and antiseptics	antibiotic efflux	small multidrug resistance (SMR) antibiotic efflux pump	benzalkonium chloride	False	chromosome_like	1		
RM2016_batch04B_newcountries12	ERR1713407	k141_711238	k141_711238_5 # 4400 # 7513 # -1 # ID=163100_5;partial=00;start_type=ATG;rbs_motif=AGGA;rbs_spacer=5-10bp;gc_cont=0.568	adeF	3000777	Strict	41.37	97.92	fluoroquinolone antibiotic; tetracycline antibiotic	antibiotic efflux	resistance-nodulation-cell division (RND) antibiotic efflux pump	tetracycline	True	plasmid_like		0.9562	
RM2016_batch04B_newcountries12	ERR1713407	k141_417643	k141_417643_5 # 2834 # 3247 # 1 # ID=164167_5;partial=00;start_type=ATG;rbs_motif=GGA/GAG/AGG;rbs_spacer=5-10bp;gc_cont=0.469	H-NS	3000676	Perfect	100.0	100.0	macrolide antibiotic; fluoroquinolone antibiotic; cephalosporin; cephamycin; penam; tetracycline antibiotic	antibiotic efflux	major facilitator superfamily (MFS) antibiotic efflux pump; resistance-nodulation-cell division (RND) antibiotic efflux pump	erythromycin; cloxacillin; ciprofloxacin; tetracycline; oxacillin; norfloxacin	False	chromosome_like	1		
RM2016_batch04B_newcountries12	ERR1713407	k141_712300	k141_712300_2 # 321 # 1970 # 1 # ID=164431_2;partial=00;start_type=ATG;rbs_motif=GGAG/GAGG;rbs_spacer=5-10bp;gc_cont=0.587	ArnT	3005053	Strict	41.51	99.64	peptide antibiotic	antibiotic target alteration	pmr phosphoethanolamine transferase	colistin A; colistin B	False	chromosome_like	1		
RM2016_batch04B_newcountries12	ERR1713407	k141_563458	k141_563458_1 # 221 # 562 # -1 # ID=166079_1;partial=00;start_type=ATG;rbs_motif=None;rbs_spacer=None;gc_cont=0.626	qacG	3007015	Strict	41.35	105.61	disinfecting agents and antiseptics	antibiotic efflux	small multidrug resistance (SMR) antibiotic efflux pump	benzalkonium chloride	False	chromosome_like	1		
RM2016_batch04B_newcountries12	ERR1713407	k141_419334	k141_419334_2 # 962 # 2881 # 1 # ID=166313_2;partial=00;start_type=ATG;rbs_motif=AAAA;rbs_spacer=4bp;gc_cont=0.368	tet(36)	3000197	Strict	93.09	99.84	tetracycline antibiotic	antibiotic target protection	tetracycline-resistant ribosomal protection protein	tetracycline; doxycycline; minocycline; chlortetracycline; demeclocycline; oxytetracycline	False	chromosome_like	1		
RM2016_batch04B_newcountries12	ERR1713407	k141_863771	k141_863771_2 # 611 # 955 # -1 # ID=166630_2;partial=00;start_type=ATG;rbs_motif=TAA;rbs_spacer=7bp;gc_cont=0.464	qacJ	3007014	Strict	45.19	106.54	disinfecting agents and antiseptics	antibiotic efflux	small multidrug resistance (SMR) antibiotic efflux pump	benzalkonium chloride	False	chromosome_like	1		
RM2016_batch04B_newcountries12	ERR1713407	k141_1122671	k141_1122671_6 # 4869 # 5201 # -1 # ID=166787_6;partial=00;start_type=ATG;rbs_motif=GGAG/GAGG;rbs_spacer=5-10bp;gc_cont=0.598	qacG	3007015	Strict	33.65	102.8	disinfecting agents and antiseptics	antibiotic efflux	small multidrug resistance (SMR) antibiotic efflux pump	benzalkonium chloride	False	chromosome_like	1		
RM2016_batch04B_newcountries12	ERR1713407	k141_1122937	k141_1122937_11 # 8238 # 9545 # -1 # ID=167238_11;partial=00;start_type=ATG;rbs_motif=GGAG/GAGG;rbs_spacer=5-10bp;gc_cont=0.646	Acinetobacter baumannii AbaQ	3004574	Strict	71.73	100.23	fluoroquinolone antibiotic	antibiotic efflux	major facilitator superfamily (MFS) antibiotic efflux pump		False	chromosome_like	1		
RM2016_batch04B_newcountries12	ERR1713407	k141_1005871	k141_1005871_1 # 2 # 1252 # 1 # ID=167420_1;partial=11;start_type=Edge;rbs_motif=None;rbs_spacer=None;gc_cont=0.446	vanY gene in vanB cluster	3002956	Strict	26.8	155.6	glycopeptide antibiotic	antibiotic target alteration	vanY; glycopeptide resistance gene cluster	vancomycin	False	chromosome_like	1		
RM2016_batch04B_newcountries12	ERR1713407	k141_126909	k141_126909_2 # 556 # 870 # -1 # ID=170727_2;partial=00;start_type=GTG;rbs_motif=AGGAG;rbs_spacer=5-10bp;gc_cont=0.679	qacJ	3007014	Strict	37.5	97.2	disinfecting agents and antiseptics	antibiotic efflux	small multidrug resistance (SMR) antibiotic efflux pump	benzalkonium chloride	False	chromosome_like	1		
RM2016_batch04B_newcountries12	ERR1713407	k141_272919	k141_272919_7 # 6794 # 7123 # -1 # ID=170829_7;partial=00;start_type=ATG;rbs_motif=AGGAG;rbs_spacer=5-10bp;gc_cont=0.376	qacG	3007015	Strict	41.51	101.87	disinfecting agents and antiseptics	antibiotic efflux	small multidrug resistance (SMR) antibiotic efflux pump	benzalkonium chloride	True	plasmid_like		0.9401	
RM2016_batch04B_newcountries12	ERR1713407	k141_423746	k141_423746_2 # 1268 # 2380 # 1 # ID=171513_2;partial=00;start_type=ATG;rbs_motif=None;rbs_spacer=None;gc_cont=0.516	vanG	3002909	Strict	37.4	106.02	glycopeptide antibiotic	antibiotic target alteration	glycopeptide resistance gene cluster; Van ligase	vancomycin	False	chromosome_like	1		
RM2016_batch04B_newcountries12	ERR1713407	k141_868046	k141_868046_2 # 1603 # 3000 # 1 # ID=171544_2;partial=00;start_type=ATG;rbs_motif=GGAG/GAGG;rbs_spacer=5-10bp;gc_cont=0.700	OprZ	3004142	Strict	82.43	100.43	macrolide antibiotic; fluoroquinolone antibiotic; aminoglycoside antibiotic; cephalosporin	antibiotic efflux	resistance-nodulation-cell division (RND) antibiotic efflux pump	erythromycin; cefepime	False	chromosome_like	1		
RM2016_batch04B_newcountries12	ERR1713407	k141_423789	k141_423789_4 # 2215 # 3834 # -1 # ID=171555_4;partial=00;start_type=ATG;rbs_motif=GGAG/GAGG;rbs_spacer=5-10bp;gc_cont=0.504	mcr-10.1	3007137	Perfect	100.0	100.0	peptide antibiotic	antibiotic target alteration	MCR phosphoethanolamine transferase	colistin A; colistin B	True	plasmid_like		0.9939	
RM2016_batch04B_newcountries12	ERR1713407	k141_869415	k141_869415_3 # 2777 # 4099 # -1 # ID=173197_3;partial=00;start_type=ATG;rbs_motif=GGAG/GAGG;rbs_spacer=5-10bp;gc_cont=0.592	Acinetobacter baumannii AbaQ	3004574	Strict	72.58	101.38	fluoroquinolone antibiotic	antibiotic efflux	major facilitator superfamily (MFS) antibiotic efflux pump		False	chromosome_like	1		
RM2016_batch04B_newcountries12	ERR1713407	k141_275201	k141_275201_4 # 872 # 1246 # -1 # ID=173480_4;partial=00;start_type=ATG;rbs_motif=GGxGG;rbs_spacer=5-10bp;gc_cont=0.555	ramA	3000823	Strict	94.35	100.0	fluoroquinolone antibiotic; monobactam; carbapenem; cephalosporin; glycylcycline; cephamycin; penam; tetracycline antibiotic; rifamycin antibiotic; phenicol antibiotic; penem; disinfecting agents and antiseptics	antibiotic efflux; reduced permeability to antibiotic	resistance-nodulation-cell division (RND) antibiotic efflux pump; General Bacterial Porin with reduced permeability to beta-lactams	tigecycline; tetracycline; rifampin; chloramphenicol; ampicillin; cefalotin; triclosan	True	plasmid_like		0.9798	
RM2016_batch04B_newcountries12	ERR1713407	k141_1011523	k141_1011523_3 # 2228 # 2569 # 1 # ID=174044_3;partial=00;start_type=ATG;rbs_motif=GGA/GAG/AGG;rbs_spacer=5-10bp;gc_cont=0.444	qacG	3007015	Strict	50.0	105.61	disinfecting agents and antiseptics	antibiotic efflux	small multidrug resistance (SMR) antibiotic efflux pump	benzalkonium chloride	False	chromosome_like	1		
RM2016_batch04B_newcountries12	ERR1713407	k141_275967	k141_275967_1 # 31 # 1578 # -1 # ID=174320_1;partial=01;start_type=Edge;rbs_motif=None;rbs_spacer=None;gc_cont=0.658	ArnT	3005053	Strict	49.61	93.47	peptide antibiotic	antibiotic target alteration	pmr phosphoethanolamine transferase	colistin A; colistin B	False	chromosome_like	1		
RM2016_batch04B_newcountries12	ERR1713407	k141_1012147	k141_1012147_2 # 611 # 1045 # 1 # ID=174957_2;partial=00;start_type=GTG;rbs_motif=GGA/GAG/AGG;rbs_spacer=5-10bp;gc_cont=0.490	Escherichia coli AcrAB-TolC with MarR mutations conferring resistance to ciprofloxacin and tetracycline	3003378	Strict	90.97	100.0	fluoroquinolone antibiotic; cephalosporin; glycylcycline; penam; tetracycline antibiotic; rifamycin antibiotic; phenicol antibiotic; disinfecting agents and antiseptics	antibiotic target alteration; antibiotic efflux	resistance-nodulation-cell division (RND) antibiotic efflux pump	tigecycline; ciprofloxacin; tetracycline; rifampin; chloramphenicol; ampicillin; cefalotin; triclosan	False	chromosome_like	1		
RM2016_batch04B_newcountries12	ERR1713407	k141_276723	k141_276723_1 # 1 # 300 # 1 # ID=175240_1;partial=10;start_type=Edge;rbs_motif=None;rbs_spacer=None;gc_cont=0.653	FosA8	3007371	Strict	62.63	70.21	phosphonic acid antibiotic	antibiotic inactivation	fosfomycin thiol transferase	fosfomycin	False	chromosome_like	1		
RM2016_batch04B_newcountries12	ERR1713407	k141_1012617	k141_1012617_2 # 361 # 813 # 1 # ID=175519_2;partial=00;start_type=ATG;rbs_motif=GGA/GAG/AGG;rbs_spacer=5-10bp;gc_cont=0.605	Pseudomonas aeruginosa soxR	3004107	Strict	68.09	96.15	fluoroquinolone antibiotic; cephalosporin; glycylcycline; penam; tetracycline antibiotic; rifamycin antibiotic; phenicol antibiotic; disinfecting agents and antiseptics	antibiotic target alteration; antibiotic efflux	ATP-binding cassette (ABC) antibiotic efflux pump; major facilitator superfamily (MFS) antibiotic efflux pump; resistance-nodulation-cell division (RND) antibiotic efflux pump	tigecycline; ciprofloxacin; acriflavine; tetracycline; rifampin; chloramphenicol; ampicillin; norfloxacin; cefalotin; triclosan	False	chromosome_like	1		
RM2016_batch04B_newcountries12	ERR1713407	k141_277352	k141_277352_3 # 2358 # 3215 # 1 # ID=176026_3;partial=00;start_type=ATG;rbs_motif=AGGA;rbs_spacer=5-10bp;gc_cont=0.437	LAP-2	3004826	Perfect	100.0	100.0	cephalosporin; penam; penem	antibiotic inactivation	LAP beta-lactamase	cefepime; cefuroxime; amoxicillin; piperacillin; benzylpenicillin; cefalotin; ticarcillin	True	plasmid_like		0.9837	
RM2016_batch04B_newcountries12	ERR1713407	k141_277352	k141_277352_6 # 4812 # 5468 # 1 # ID=176026_6;partial=00;start_type=ATG;rbs_motif=AGGAG;rbs_spacer=5-10bp;gc_cont=0.438	QnrS1	3002790	Perfect	100.0	100.0	fluoroquinolone antibiotic	antibiotic target protection	quinolone resistance protein (qnr)	ciprofloxacin; levofloxacin; moxifloxacin; gatifloxacin; nalidixic acid; norfloxacin; sparfloxacin	True	plasmid_like		0.9837	
RM2016_batch04B_newcountries12	ERR1713407	k141_132577	k141_132577_1 # 465 # 1268 # -1 # ID=177365_1;partial=01;start_type=Edge;rbs_motif=None;rbs_spacer=None;gc_cont=0.417	tet(O)	3000190	Strict	98.88	41.78	tetracycline antibiotic	antibiotic target protection	tetracycline-resistant ribosomal protection protein	tetracycline; doxycycline; minocycline; chlortetracycline; demeclocycline; oxytetracycline	False	chromosome_like	1		
RM2016_batch04B_newcountries12	ERR1713407	k141_725386	k141_725386_1 # 1 # 2151 # 1 # ID=179975_1;partial=10;start_type=Edge;rbs_motif=None;rbs_spacer=None;gc_cont=0.625	adeF	3000777	Strict	59.65	67.61	fluoroquinolone antibiotic; tetracycline antibiotic	antibiotic efflux	resistance-nodulation-cell division (RND) antibiotic efflux pump	tetracycline	False	chromosome_like	1		
RM2016_batch04B_newcountries12	ERR1713407	k141_135218	k141_135218_1 # 2 # 2353 # 1 # ID=180671_1;partial=11;start_type=Edge;rbs_motif=None;rbs_spacer=None;gc_cont=0.591	adeF	3000777	Strict	65.05	74.03	fluoroquinolone antibiotic; tetracycline antibiotic	antibiotic efflux	resistance-nodulation-cell division (RND) antibiotic efflux pump	tetracycline	False	chromosome_like	1		
RM2016_batch04B_newcountries12	ERR1713407	k141_1018253	k141_1018253_2 # 858 # 2045 # -1 # ID=182566_2;partial=00;start_type=ATG;rbs_motif=None;rbs_spacer=None;gc_cont=0.682	vanT gene in vanG cluster	3002972	Strict	32.23	55.48	glycopeptide antibiotic	antibiotic target alteration	glycopeptide resistance gene cluster; vanT	vancomycin	False	chromosome_like	1		
RM2016_batch04B_newcountries12	ERR1713407	k141_1132224	k141_1132224_3 # 1191 # 1520 # -1 # ID=182906_3;partial=00;start_type=ATG;rbs_motif=AGGA;rbs_spacer=5-10bp;gc_cont=0.403	qacJ	3007014	Strict	36.89	101.87	disinfecting agents and antiseptics	antibiotic efflux	small multidrug resistance (SMR) antibiotic efflux pump	benzalkonium chloride	False	chromosome_like	1		
RM2016_batch04B_newcountries12	ERR1713407	k141_577678	k141_577678_1 # 399 # 1010 # 1 # ID=182918_1;partial=01;start_type=ATG;rbs_motif=GGAG/GAGG;rbs_spacer=5-10bp;gc_cont=0.480	CRP	3000518	Strict	98.53	97.14	macrolide antibiotic; fluoroquinolone antibiotic; penam	antibiotic efflux	resistance-nodulation-cell division (RND) antibiotic efflux pump	erythromycin; cloxacillin; oxacillin; norfloxacin	False	chromosome_like	1		
RM2016_batch04B_newcountries12	ERR1713407	k141_1019003	k141_1019003_1 # 1052 # 2017 # 1 # ID=183566_1;partial=00;start_type=ATG;rbs_motif=None;rbs_spacer=None;gc_cont=0.357	CfxA3	3003003	Strict	99.69	100.0	cephamycin	antibiotic inactivation	CfxA beta-lactamase		False	chromosome_like	1		
RM2016_batch04B_newcountries12	ERR1713407	k141_433898	k141_433898_1 # 2 # 1282 # 1 # ID=183688_1;partial=10;start_type=Edge;rbs_motif=None;rbs_spacer=None;gc_cont=0.600	Klebsiella pneumoniae KpnH	3004597	Strict	92.24	83.2	macrolide antibiotic; fluoroquinolone antibiotic; aminoglycoside antibiotic; carbapenem; cephalosporin; penam; peptide antibiotic; penem	antibiotic efflux	major facilitator superfamily (MFS) antibiotic efflux pump	erythromycin; gentamicin C; ciprofloxacin; spectinomycin; streptomycin; tobramycin; ceftazidime; ertapenem; piperacillin; azithromycin; imipenem; polymyxin B; polymyxin B1; polymyxin B2; polymyxin B3; polymyxin B4; norfloxacin; ticarcillin; gentamicin	True	plasmid_like		0.8394	
RM2016_batch04B_newcountries12	ERR1713407	k141_1019194	k141_1019194_1 # 210 # 644 # 1 # ID=183802_1;partial=00;start_type=ATG;rbs_motif=None;rbs_spacer=None;gc_cont=0.547	Escherichia coli AcrAB-TolC with MarR mutations conferring resistance to ciprofloxacin and tetracycline	3003378	Strict	84.03	100.0	fluoroquinolone antibiotic; cephalosporin; glycylcycline; penam; tetracycline antibiotic; rifamycin antibiotic; phenicol antibiotic; disinfecting agents and antiseptics	antibiotic target alteration; antibiotic efflux	resistance-nodulation-cell division (RND) antibiotic efflux pump	tigecycline; ciprofloxacin; tetracycline; rifampin; chloramphenicol; ampicillin; cefalotin; triclosan	False	chromosome_like	1		
RM2016_batch04B_newcountries12	ERR1713407	k141_1019194	k141_1019194_2 # 665 # 1039 # 1 # ID=183802_2;partial=00;start_type=ATG;rbs_motif=GGAG/GAGG;rbs_spacer=5-10bp;gc_cont=0.512	marA	3000263	Strict	92.74	97.64	fluoroquinolone antibiotic; monobactam; carbapenem; cephalosporin; glycylcycline; cephamycin; penam; tetracycline antibiotic; rifamycin antibiotic; phenicol antibiotic; penem; disinfecting agents and antiseptics	antibiotic efflux; reduced permeability to antibiotic	resistance-nodulation-cell division (RND) antibiotic efflux pump; General Bacterial Porin with reduced permeability to beta-lactams	tigecycline; tetracycline; rifampin; chloramphenicol; ampicillin; cefalotin; triclosan	False	chromosome_like	1		
RM2016_batch04B_newcountries12	ERR1713407	k141_434822	k141_434822_1 # 139 # 471 # -1 # ID=184713_1;partial=00;start_type=TTG;rbs_motif=AGxAGG/AGGxGG;rbs_spacer=5-10bp;gc_cont=0.357	qacG	3007015	Strict	38.46	102.8	disinfecting agents and antiseptics	antibiotic efflux	small multidrug resistance (SMR) antibiotic efflux pump	benzalkonium chloride	False	chromosome_like	1		
RM2016_batch04B_newcountries12	ERR1713407	k141_1022629	k141_1022629_5 # 4979 # 5806 # 1 # ID=187832_5;partial=00;start_type=GTG;rbs_motif=None;rbs_spacer=None;gc_cont=0.347	vanW gene in vanG cluster	3002965	Strict	34.39	97.86	glycopeptide antibiotic	antibiotic target alteration	vanW; glycopeptide resistance gene cluster	vancomycin	False	chromosome_like	1		
RM2016_batch04B_newcountries12	ERR1713407	k141_733021	k141_733021_2 # 931 # 1404 # -1 # ID=188791_2;partial=00;start_type=ATG;rbs_motif=AGGAG;rbs_spacer=5-10bp;gc_cont=0.388	dfrA6	3004547	Strict	99.36	100.0	diaminopyrimidine antibiotic	antibiotic target replacement	trimethoprim resistant dihydrofolate reductase dfr	trimethoprim	False	chromosome_like	1		
RM2016_batch04B_newcountries12	ERR1713407	k141_1136668	k141_1136668_3 # 649 # 1122 # -1 # ID=189458_3;partial=00;start_type=GTG;rbs_motif=GGAG/GAGG;rbs_spacer=5-10bp;gc_cont=0.397	dfrA1	3002854	Strict	98.73	100.0	diaminopyrimidine antibiotic	antibiotic target replacement	trimethoprim resistant dihydrofolate reductase dfr	trimethoprim	False	chromosome_like	1		
RM2016_batch04B_newcountries12	ERR1713407	k141_1136668	k141_1136668_5 # 1930 # 2562 # -1 # ID=189458_5;partial=00;start_type=ATG;rbs_motif=GGA/GAG/AGG;rbs_spacer=5-10bp;gc_cont=0.441	catB11	3004660	Strict	99.52	100.0	phenicol antibiotic	antibiotic inactivation	chloramphenicol acetyltransferase (CAT)	chloramphenicol	False	chromosome_like	1		
RM2016_batch04B_newcountries12	ERR1713407	k141_734286	k141_734286_1 # 329 # 1132 # -1 # ID=190127_1;partial=00;start_type=ATG;rbs_motif=GGA/GAG/AGG;rbs_spacer=5-10bp;gc_cont=0.308	lnuB	3002836	Strict	99.25	100.0	lincosamide antibiotic	antibiotic inactivation	lincosamide nucleotidyltransferase (LNU)	lincomycin; clindamycin	True	plasmid_like		0.9684	
RM2016_batch04B_newcountries12	ERR1713407	k141_734286	k141_734286_2 # 1186 # 2670 # -1 # ID=190127_2;partial=00;start_type=ATG;rbs_motif=GGAG/GAGG;rbs_spacer=5-10bp;gc_cont=0.322	lsaE	3003206	Strict	98.38	100.0	lincosamide antibiotic; streptogramin antibiotic; pleuromutilin antibiotic	antibiotic target protection	lsa-type ABC-F protein	lincomycin; pleuromutilin	True	plasmid_like		0.9684	
RM2016_batch04B_newcountries12	ERR1713407	k141_1025167	k141_1025167_2 # 566 # 1429 # -1 # ID=190537_2;partial=00;start_type=ATG;rbs_motif=GGA/GAG/AGG;rbs_spacer=5-10bp;gc_cont=0.532	GES-2	3002331	Perfect	100.0	100.0	carbapenem; cephalosporin; penam	antibiotic inactivation	GES beta-lactamase		False	chromosome_like	1		
RM2016_batch04B_newcountries12	ERR1713407	k141_1026023	k141_1026023_2 # 1399 # 2343 # 1 # ID=191509_2;partial=00;start_type=ATG;rbs_motif=GGAG/GAGG;rbs_spacer=5-10bp;gc_cont=0.471	leuO	3003843	Strict	82.48	100.0	nucleoside antibiotic; disinfecting agents and antiseptics	antibiotic efflux	major facilitator superfamily (MFS) antibiotic efflux pump	acriflavine; puromycin	False	chromosome_like	1		
RM2016_batch04B_newcountries12	ERR1713407	k141_735654	k141_735654_4 # 1232 # 2107 # -1 # ID=191576_4;partial=00;start_type=ATG;rbs_motif=AGGA;rbs_spacer=5-10bp;gc_cont=0.549	CTX-M-3	3001866	Perfect	100.0	100.0	cephalosporin; cephamycin; penam	antibiotic inactivation	CTX-M beta-lactamase	cefoxitin; cefazolin; ceftazidime; ceftriaxone; ampicillin; cefixime; cefalotin	False	chromosome_like	1		
RM2016_batch04B_newcountries12	ERR1713407	k141_587168	k141_587168_2 # 312 # 1190 # -1 # ID=192940_2;partial=01;start_type=Edge;rbs_motif=None;rbs_spacer=None;gc_cont=0.605	imiH	3003094	Strict	96.06	114.96	carbapenem	antibiotic inactivation	CphA beta-lactamase		False	chromosome_like	1		
RM2016_batch04B_newcountries12	ERR1713407	k141_1139891	k141_1139891_3 # 1420 # 2220 # 1 # ID=193034_3;partial=00;start_type=ATG;rbs_motif=AGxAGG/AGGxGG;rbs_spacer=3-4bp;gc_cont=0.419	OXA-10	3001405	Perfect	100.0	100.0	carbapenem; cephalosporin; penam	antibiotic inactivation	OXA beta-lactamase	cloxacillin; oxacillin; cefalotin	False	chromosome_like	1		
RM2016_batch04B_newcountries12	ERR1713407	k141_1028557	k141_1028557_2 # 688 # 1020 # -1 # ID=193626_2;partial=00;start_type=ATG;rbs_motif=AGGA;rbs_spacer=5-10bp;gc_cont=0.550	qacJ	3007014	Strict	41.9	102.8	disinfecting agents and antiseptics	antibiotic efflux	small multidrug resistance (SMR) antibiotic efflux pump	benzalkonium chloride	True	plasmid_like		0.9847	
RM2016_batch04B_newcountries12	ERR1713407	k141_1142032	k141_1142032_1 # 118 # 762 # 1 # ID=194300_1;partial=00;start_type=ATG;rbs_motif=GGA/GAG/AGG;rbs_spacer=5-10bp;gc_cont=0.476	QnrB4	3002718	Perfect	100.0	100.0	fluoroquinolone antibiotic	antibiotic target protection	quinolone resistance protein (qnr)	ciprofloxacin; levofloxacin; moxifloxacin; gatifloxacin; nalidixic acid; norfloxacin; sparfloxacin	False	chromosome_like	1		
RM2016_batch04B_newcountries12	ERR1713407	k141_1142193	k141_1142193_2 # 495 # 761 # -1 # ID=194328_2;partial=00;start_type=GTG;rbs_motif=None;rbs_spacer=None;gc_cont=0.667	FosI	3007370	Strict	68.97	65.67	phosphonic acid antibiotic	antibiotic inactivation	fosfomycin thiol transferase	fosfomycin	False	chromosome_like	1		
RM2016_batch04B_newcountries12	ERR1713407	k141_1153734	k141_1153734_2 # 275 # 1450 # -1 # ID=196194_2;partial=00;start_type=ATG;rbs_motif=GGA/GAG/AGG;rbs_spacer=5-10bp;gc_cont=0.599	oqxA	3003922	Strict	97.7	100.0	fluoroquinolone antibiotic; glycylcycline; tetracycline antibiotic; diaminopyrimidine antibiotic; nitrofuran antibiotic	antibiotic efflux	resistance-nodulation-cell division (RND) antibiotic efflux pump	tigecycline; ciprofloxacin; nitrofurantoin; trimethoprim	False	chromosome_like	1		
RM2016_batch04B_newcountries12	ERR1713407	k141_1157379	k141_1157379_4 # 3307 # 3729 # 1 # ID=196771_4;partial=00;start_type=ATG;rbs_motif=GGA/GAG/AGG;rbs_spacer=5-10bp;gc_cont=0.530	FosI	3007370	Strict	61.36	104.48	phosphonic acid antibiotic	antibiotic inactivation	fosfomycin thiol transferase	fosfomycin	False	chromosome_like	1		
RM2016_batch04B_newcountries12	ERR1713407	k141_1159462	k141_1159462_2 # 722 # 1096 # -1 # ID=197102_2;partial=00;start_type=ATG;rbs_motif=GGxGG;rbs_spacer=5-10bp;gc_cont=0.544	ramA	3000823	Strict	92.74	100.0	fluoroquinolone antibiotic; monobactam; carbapenem; cephalosporin; glycylcycline; cephamycin; penam; tetracycline antibiotic; rifamycin antibiotic; phenicol antibiotic; penem; disinfecting agents and antiseptics	antibiotic efflux; reduced permeability to antibiotic	resistance-nodulation-cell division (RND) antibiotic efflux pump; General Bacterial Porin with reduced permeability to beta-lactams	tigecycline; tetracycline; rifampin; chloramphenicol; ampicillin; cefalotin; triclosan	False	chromosome_like	1		
RM2016_batch04B_newcountries12	ERR1713407	k141_1162534	k141_1162534_2 # 272 # 979 # -1 # ID=197560_2;partial=00;start_type=ATG;rbs_motif=GGA/GAG/AGG;rbs_spacer=5-10bp;gc_cont=0.306	EBR-1	3000842	Strict	99.15	100.0	carbapenem; cephalosporin; penam	antibiotic inactivation	EBR beta-lactamase		False	chromosome_like	1		
RM2016_batch04B_newcountries12	ERR1713407	k141_1167185	k141_1167185_2 # 1048 # 1740 # -1 # ID=198265_2;partial=00;start_type=ATG;rbs_motif=TAA;rbs_spacer=7bp;gc_cont=0.312	vanW gene in vanG cluster	3002965	Strict	37.02	81.85	glycopeptide antibiotic	antibiotic target alteration	vanW; glycopeptide resistance gene cluster	vancomycin	False	chromosome_like	1		
RM2016_batch04B_newcountries12	ERR1713407	k141_1171734	k141_1171734_3 # 3813 # 4277 # -1 # ID=199003_3;partial=00;start_type=ATG;rbs_motif=AGGA/GGAG/GAGG;rbs_spacer=11-12bp;gc_cont=0.518	Escherichia coli soxR with mutation conferring antibiotic resistance	3003381	Strict	100.0	100.0	fluoroquinolone antibiotic; cephalosporin; glycylcycline; penam; tetracycline antibiotic; rifamycin antibiotic; phenicol antibiotic; disinfecting agents and antiseptics	antibiotic target alteration; antibiotic efflux	ATP-binding cassette (ABC) antibiotic efflux pump; major facilitator superfamily (MFS) antibiotic efflux pump; resistance-nodulation-cell division (RND) antibiotic efflux pump	tigecycline; ciprofloxacin; tetracycline; rifampin; chloramphenicol; ampicillin; nalidixic acid; norfloxacin; cefalotin; triclosan	True	plasmid_like		0.8978	
RM2016_batch04B_newcountries12	ERR1713407	k141_1171734	k141_1171734_4 # 4363 # 4686 # 1 # ID=199003_4;partial=00;start_type=ATG;rbs_motif=GGAG/GAGG;rbs_spacer=5-10bp;gc_cont=0.509	Escherichia coli soxS with mutation conferring antibiotic resistance	3003511	Strict	100.0	100.0	fluoroquinolone antibiotic; monobactam; carbapenem; cephalosporin; glycylcycline; cephamycin; penam; tetracycline antibiotic; rifamycin antibiotic; phenicol antibiotic; penem; disinfecting agents and antiseptics	antibiotic target alteration; antibiotic efflux; reduced permeability to antibiotic	ATP-binding cassette (ABC) antibiotic efflux pump; major facilitator superfamily (MFS) antibiotic efflux pump; resistance-nodulation-cell division (RND) antibiotic efflux pump; General Bacterial Porin with reduced permeability to beta-lactams	tigecycline; ciprofloxacin; tetracycline; rifampin; chloramphenicol; ampicillin; norfloxacin; cefalotin; triclosan; enrofloxacin	True	plasmid_like		0.8978	
RM2016_batch04B_newcountries12	ERR1713407	k141_1172354	k141_1172354_1 # 59 # 1291 # -1 # ID=199097_1;partial=00;start_type=ATG;rbs_motif=None;rbs_spacer=None;gc_cont=0.601	TRU-1	3004450	Strict	73.23	107.33	cephalosporin; penam	antibiotic inactivation	TRU beta-lactamase	cefalotin	False	chromosome_like	1		
RM2016_batch04B_newcountries12	ERR1713407	k141_1172460	k141_1172460_3 # 2948 # 3145 # 1 # ID=199111_3;partial=00;start_type=ATG;rbs_motif=AGGAG;rbs_spacer=5-10bp;gc_cont=0.419	rsmA	3005069	Strict	86.67	106.56	fluoroquinolone antibiotic; diaminopyrimidine antibiotic; phenicol antibiotic	antibiotic efflux	resistance-nodulation-cell division (RND) antibiotic efflux pump	trimethoprim; chloramphenicol	False	chromosome_like	1		
RM2016_batch04B_newcountries12	ERR1713407	k141_1106652	k141_1106652_4 # 1817 # 3175 # -1 # ID=140846_4;partial=00;start_type=ATG;rbs_motif=GGAGG;rbs_spacer=5-10bp;gc_cont=0.525	Escherichia coli GlpT with mutation conferring resistance to fosfomycin	3003889	Strict	99.78	100.0	phosphonic acid antibiotic	antibiotic target alteration	antibiotic-resistant GlpT	fosfomycin	False	chromosome_like	1		
RM2016_batch04B_newcountries12	ERR1713407	k141_696975	k141_696975_4 # 1864 # 3768 # -1 # ID=146054_4;partial=00;start_type=ATG;rbs_motif=GGA/GAG/AGG;rbs_spacer=5-10bp;gc_cont=0.637	Pseudomonas aeruginosa parE conferring resistance to fluoroquinolones	3003685	Strict	89.49	100.79	fluoroquinolone antibiotic	antibiotic target alteration	fluoroquinolone resistant parE	ciprofloxacin	False	chromosome_like	1		
RM2016_batch04B_newcountries12	ERR1713407	k141_433806	k141_433806_2 # 409 # 1767 # -1 # ID=183578_2;partial=00;start_type=ATG;rbs_motif=GGAGG;rbs_spacer=5-10bp;gc_cont=0.533	Escherichia coli GlpT with mutation conferring resistance to fosfomycin	3003889	Strict	95.35	100.0	phosphonic acid antibiotic	antibiotic target alteration	antibiotic-resistant GlpT	fosfomycin	False	chromosome_like	1		
