ORF_ID	Contig	Start	Stop	Orientation	Cut_Off	Pass_Bitscore	Best_Hit_Bitscore	Best_Hit_ARO	Best_Identities	ARO	Model_type	SNPs_in_Best_Hit_ARO	Other_SNPs	Drug Class	Resistance Mechanism	AMR Gene Family	Percentage Length of Reference Sequence	ID	Model_ID	Nudged	Note	Hit_Start	Hit_End	Antibiotic	AST_Source
k141_258271_8 # 7694 # 9133 # -1 # ID=624_8;partial=00;start_type=ATG;rbs_motif=GGA/GAG/AGG;rbs_spacer=5-10bp;gc_cont=0.247	k141_258271	7694	9133	-	Perfect	900	984.6	AAC(6')-Ie-APH(2'')-Ia bifunctional protein	100.0	3002597	protein homolog model	n/a	n/a	aminoglycoside antibiotic	antibiotic inactivation	aminoglycoside bifunctional resistance protein	100.00	gnl|BL_ORD_ID|4824|hsp_num:0	1814			0	1437	dibekacin; amikacin; sisomicin; netilmicin; kanamycin A; tobramycin; gentamicin A; 2'-N-ethylnetilmicin; 5-episisomicin; gentamicin	
k141_430206_1 # 455 # 1372 # -1 # ID=718_1;partial=00;start_type=ATG;rbs_motif=AGGA;rbs_spacer=5-10bp;gc_cont=0.428	k141_430206	455	1372	-	Perfect	600	597.8	ROB-1	100.0	3002995	protein homolog model	n/a	n/a	cephalosporin; penam	antibiotic inactivation	ROB beta-lactamase	100.00	gnl|BL_ORD_ID|545|hsp_num:0	596			0	915		
k141_668_3 # 758 # 2017 # 1 # ID=1000_3;partial=00;start_type=ATG;rbs_motif=AGGAG;rbs_spacer=5-10bp;gc_cont=0.367	k141_668	758	2017	+	Strict	700	762.7	EreB	86.16	3000363	protein homolog model	n/a	n/a	macrolide antibiotic	antibiotic inactivation	macrolide esterase	100.00	gnl|BL_ORD_ID|1772|hsp_num:0	1921			0	1257	erythromycin; roxithromycin; clarithromycin; azithromycin	
k141_344488_2 # 320 # 1390 # -1 # ID=1158_2;partial=00;start_type=ATG;rbs_motif=AGGAG;rbs_spacer=5-10bp;gc_cont=0.287	k141_344488	320	1390	-	Strict	175	176.8	vanT gene in vanG cluster	33.79	3002972	protein homolog model	n/a	n/a	glycopeptide antibiotic	antibiotic target alteration	glycopeptide resistance gene cluster; vanT	50.00	gnl|BL_ORD_ID|1523|hsp_num:0	1561			1029	2118	vancomycin	
k141_344613_1 # 2 # 1126 # -1 # ID=1314_1;partial=11;start_type=Edge;rbs_motif=None;rbs_spacer=None;gc_cont=0.403	k141_344613	2	1126	-	Strict	50	95.5	vanW gene in vanI cluster	36.26	3003724	protein homolog model	n/a	n/a	glycopeptide antibiotic	antibiotic target alteration	vanW; glycopeptide resistance gene cluster	100.54	gnl|BL_ORD_ID|4747|hsp_num:0	2242			483	984	vancomycin; teicoplanin	
k141_258915_1 # 32 # 928 # -1 # ID=1579_1;partial=00;start_type=ATG;rbs_motif=None;rbs_spacer=None;gc_cont=0.419	k141_258915	32	928	-	Perfect	500	585.5	CARB-16	100.0	3002255	protein homolog model	n/a	n/a	penam	antibiotic inactivation	CARB beta-lactamase	100.00	gnl|BL_ORD_ID|488|hsp_num:0	533			0	894		
k141_172928_2 # 1494 # 2117 # -1 # ID=1646_2;partial=00;start_type=ATG;rbs_motif=GGAGG;rbs_spacer=5-10bp;gc_cont=0.370	k141_172928	1494	2117	-	Strict	350	433.7	Campylobacter coli chloramphenicol acetyltransferase	96.14	3004454	protein homolog model	n/a	n/a	phenicol antibiotic	antibiotic inactivation	chloramphenicol acetyltransferase (CAT)	100.00	gnl|BL_ORD_ID|2502|hsp_num:0	2893			0	621	chloramphenicol	
k141_344904_1 # 3 # 1133 # -1 # ID=1840_1;partial=11;start_type=Edge;rbs_motif=None;rbs_spacer=None;gc_cont=0.643	k141_344904	3	1133	-	Strict	50	115.9	vanW gene in vanI cluster	34.87	3003724	protein homolog model	n/a	n/a	glycopeptide antibiotic	antibiotic target alteration	vanW; glycopeptide resistance gene cluster	101.07	gnl|BL_ORD_ID|4747|hsp_num:0	2242			462	987	vancomycin; teicoplanin	
k141_603653_1 # 2 # 1141 # 1 # ID=2816_1;partial=11;start_type=Edge;rbs_motif=None;rbs_spacer=None;gc_cont=0.413	k141_603653	2	1141	+	Strict	175	210.3	vanT gene in vanG cluster	34.05	3002972	protein homolog model	n/a	n/a	glycopeptide antibiotic	antibiotic target alteration	glycopeptide resistance gene cluster; vanT	53.37	gnl|BL_ORD_ID|1523|hsp_num:0	1561			1044	2118	vancomycin	
k141_87023_4 # 2459 # 3313 # 1 # ID=2828_4;partial=00;start_type=ATG;rbs_motif=AGGAGG;rbs_spacer=5-10bp;gc_cont=0.421	k141_87023	2459	3313	+	Perfect	400	572.0	ACI-1	100.0	3004359	protein homolog model	n/a	n/a	cephalosporin; penam; penem	antibiotic inactivation	ACI beta-lactamase	100.00	gnl|BL_ORD_ID|2483|hsp_num:0	2874			0	852	penicillin; ceftazidime; amoxicillin; cefotaxime; ticarcillin	
k141_87035_1 # 1 # 984 # -1 # ID=2859_1;partial=10;start_type=ATG;rbs_motif=None;rbs_spacer=None;gc_cont=0.601	k141_87035	1	984	-	Strict	50	110.9	vanW gene in vanI cluster	41.3	3003724	protein homolog model	n/a	n/a	glycopeptide antibiotic	antibiotic target alteration	vanW; glycopeptide resistance gene cluster	87.94	gnl|BL_ORD_ID|4747|hsp_num:0	2242			582	987	vancomycin; teicoplanin	
k141_260560_2 # 183 # 1835 # -1 # ID=4094_2;partial=00;start_type=ATG;rbs_motif=None;rbs_spacer=None;gc_cont=0.510	k141_260560	183	1835	-	Strict	400	739.6	ArnT	63.7	3005053	protein homolog model	n/a	n/a	peptide antibiotic	antibiotic target alteration	pmr phosphoethanolamine transferase	99.82	gnl|BL_ORD_ID|2784|hsp_num:0	3795			0	1653	colistin A; colistin B	
k141_432751_2 # 347 # 1069 # -1 # ID=4466_2;partial=01;start_type=Edge;rbs_motif=None;rbs_spacer=None;gc_cont=0.296	k141_432751	347	1069	-	Strict	50	141.4	vanW gene in vanG cluster	36.46	3002965	protein homolog model	n/a	n/a	glycopeptide antibiotic	antibiotic target alteration	vanW; glycopeptide resistance gene cluster	85.41	gnl|BL_ORD_ID|4742|hsp_num:0	1622			126	666	vancomycin	
k141_176232_1 # 3 # 1001 # -1 # ID=6272_1;partial=10;start_type=ATG;rbs_motif=AGGAG;rbs_spacer=5-10bp;gc_cont=0.527	k141_176232	3	1001	-	Strict	175	186.4	vanT gene in vanG cluster	33.84	3002972	protein homolog model	n/a	n/a	glycopeptide antibiotic	antibiotic target alteration	glycopeptide resistance gene cluster; vanT	46.77	gnl|BL_ORD_ID|1523|hsp_num:0	1561			1029	1986	vancomycin	
k141_262386_1 # 1 # 501 # 1 # ID=6659_1;partial=10;start_type=Edge;rbs_motif=None;rbs_spacer=None;gc_cont=0.483	k141_262386	1	501	+	Strict	50	120.6	vanY gene in vanB cluster	43.05	3002956	protein homolog model	n/a	n/a	glycopeptide antibiotic	antibiotic target alteration	vanY; glycopeptide resistance gene cluster	61.94	gnl|BL_ORD_ID|603|hsp_num:0	556			351	789	vancomycin	
k141_176552_6 # 4597 # 5727 # -1 # ID=6788_6;partial=00;start_type=ATG;rbs_motif=GGxGG;rbs_spacer=5-10bp;gc_cont=0.460	k141_176552	4597	5727	-	Strict	175	227.3	vanT gene in vanG cluster	37.18	3002972	protein homolog model	n/a	n/a	glycopeptide antibiotic	antibiotic target alteration	glycopeptide resistance gene cluster; vanT	52.81	gnl|BL_ORD_ID|1523|hsp_num:0	1561			1026	2067	vancomycin	
k141_89343_1 # 2 # 991 # -1 # ID=8128_1;partial=10;start_type=ATG;rbs_motif=AGxAGG/AGGxGG;rbs_spacer=5-10bp;gc_cont=0.349	k141_89343	2	991	-	Strict	250	285.4	vanG	42.56	3002909	protein homolog model	n/a	n/a	glycopeptide antibiotic	antibiotic target alteration	glycopeptide resistance gene cluster; Van ligase	94.56	gnl|BL_ORD_ID|1070|hsp_num:0	1157			0	1002	vancomycin	
k141_177591_2 # 296 # 1156 # -1 # ID=8287_2;partial=01;start_type=Edge;rbs_motif=None;rbs_spacer=None;gc_cont=0.318	k141_177591	296	1156	-	Strict	50	109.4	vanW gene in vanI cluster	32.41	3003724	protein homolog model	n/a	n/a	glycopeptide antibiotic	antibiotic target alteration	vanW; glycopeptide resistance gene cluster	76.68	gnl|BL_ORD_ID|4747|hsp_num:0	2242			447	1083	vancomycin; teicoplanin	
k141_607541_3 # 459 # 1508 # 1 # ID=8537_3;partial=00;start_type=ATG;rbs_motif=AGGAG;rbs_spacer=5-10bp;gc_cont=0.333	k141_607541	459	1508	+	Strict	200	200.3	vanH gene in vanB cluster	37.38	3002943	protein homolog model	n/a	n/a	glycopeptide antibiotic	antibiotic target alteration	vanH; glycopeptide resistance gene cluster	108.05	gnl|BL_ORD_ID|4674|hsp_num:0	626			12	954	vancomycin	
k141_178432_5 # 4319 # 4813 # -1 # ID=9635_5;partial=00;start_type=ATG;rbs_motif=GGAG/GAGG;rbs_spacer=5-10bp;gc_cont=0.347	k141_178432	4319	4813	-	Strict	300	344.7	lnuD	99.39	3002838	protein homolog model	n/a	n/a	lincosamide antibiotic	antibiotic inactivation	lincosamide nucleotidyltransferase (LNU)	100.00	gnl|BL_ORD_ID|1784|hsp_num:0	1934			0	492	lincomycin; clindamycin	
k141_178699_1 # 462 # 1619 # 1 # ID=9979_1;partial=00;start_type=ATG;rbs_motif=GGAG/GAGG;rbs_spacer=5-10bp;gc_cont=0.522	k141_178699	462	1619	+	Perfect	675	735.3	AcrE	100.0	3000499	protein homolog model	n/a	n/a	fluoroquinolone antibiotic; cephalosporin; cephamycin; penam	antibiotic efflux	resistance-nodulation-cell division (RND) antibiotic efflux pump	100.00	gnl|BL_ORD_ID|1355|hsp_num:0	1445			0	1155	ciprofloxacin	
k141_265199_3 # 2355 # 3149 # -1 # ID=10812_3;partial=00;start_type=ATG;rbs_motif=AGGAG;rbs_spacer=5-10bp;gc_cont=0.636	k141_265199	2355	3149	-	Strict	500	537.3	OXA-504	98.86	3005734	protein homolog model	n/a	n/a	carbapenem; cephalosporin; penam	antibiotic inactivation	OXA beta-lactamase	100.00	gnl|BL_ORD_ID|3770|hsp_num:0	4839			0	792	cloxacillin; oxacillin; cefalotin	
k141_351443_6 # 3092 # 3493 # -1 # ID=11307_6;partial=00;start_type=ATG;rbs_motif=GGA/GAG/AGG;rbs_spacer=5-10bp;gc_cont=0.597	k141_351443	3092	3493	-	Strict	175	179.1	FosG	57.25	3007368	protein homolog model	n/a	n/a	phosphonic acid antibiotic	antibiotic inactivation	fosfomycin thiol transferase	100.76	gnl|BL_ORD_ID|4904|hsp_num:0	5896			0	393	fosfomycin	
k141_7358_2 # 536 # 1420 # 1 # ID=11546_2;partial=00;start_type=ATG;rbs_motif=AAAAA;rbs_spacer=11bp;gc_cont=0.367	k141_7358	536	1420	+	Strict	500	591.3	mphG	99.66	3003742	protein homolog model	n/a	n/a	macrolide antibiotic	antibiotic inactivation	macrolide phosphotransferase (MPH)	100.00	gnl|BL_ORD_ID|2042|hsp_num:0	2259			0	882	erythromycin; clarithromycin; azithromycin	
k141_7787_1 # 104 # 829 # 1 # ID=12342_1;partial=00;start_type=ATG;rbs_motif=GGA/GAG/AGG;rbs_spacer=5-10bp;gc_cont=0.325	k141_7787	104	829	+	Strict	50	223.8	vanY gene in vanB cluster	46.77	3002956	protein homolog model	n/a	n/a	glycopeptide antibiotic	antibiotic target alteration	vanY; glycopeptide resistance gene cluster	89.93	gnl|BL_ORD_ID|603|hsp_num:0	556			63	804	vancomycin	
k141_352876_1 # 1 # 1446 # 1 # ID=13518_1;partial=10;start_type=Edge;rbs_motif=None;rbs_spacer=None;gc_cont=0.447	k141_352876	1	1446	+	Strict	50	123.6	vanW gene in vanI cluster	28.93	3003724	protein homolog model	n/a	n/a	glycopeptide antibiotic	antibiotic target alteration	vanW; glycopeptide resistance gene cluster	128.95	gnl|BL_ORD_ID|4747|hsp_num:0	2242			126	1023	vancomycin; teicoplanin	
k141_91646_1 # 72 # 902 # 1 # ID=13678_1;partial=00;start_type=ATG;rbs_motif=ATA;rbs_spacer=6bp;gc_cont=0.345	k141_91646	72	902	+	Perfect	500	546.6	OXA-4	100.0	3001399	protein homolog model	n/a	n/a	carbapenem; cephalosporin; penam	antibiotic inactivation	OXA beta-lactamase	100.00	gnl|BL_ORD_ID|424|hsp_num:0	470			0	828	cloxacillin; oxacillin; cefalotin	
k141_8853_2 # 611 # 1711 # 1 # ID=13809_2;partial=00;start_type=ATG;rbs_motif=GGAG/GAGG;rbs_spacer=5-10bp;gc_cont=0.503	k141_8853	611	1711	+	Strict	250	256.9	vanG	38.2	3002909	protein homolog model	n/a	n/a	glycopeptide antibiotic	antibiotic target alteration	glycopeptide resistance gene cluster; Van ligase	104.87	gnl|BL_ORD_ID|1070|hsp_num:0	1157			0	1047	vancomycin	
k141_91978_1 # 337 # 993 # -1 # ID=14330_1;partial=00;start_type=ATG;rbs_motif=GGAG/GAGG;rbs_spacer=5-10bp;gc_cont=0.371	k141_91978	337	993	-	Perfect	400	461.8	QnrVC1	100.0	3002799	protein homolog model	n/a	n/a	fluoroquinolone antibiotic	antibiotic target protection	quinolone resistance protein (qnr)	100.00	gnl|BL_ORD_ID|1240|hsp_num:0	1351			0	654	ciprofloxacin; levofloxacin; moxifloxacin; gatifloxacin; nalidixic acid; norfloxacin; sparfloxacin	
k141_91978_3 # 2712 # 3185 # -1 # ID=14330_3;partial=00;start_type=ATG;rbs_motif=AGGAGG;rbs_spacer=3-4bp;gc_cont=0.390	k141_91978	2712	3185	-	Strict	300	318.2	dfrA6	98.73	3004547	protein homolog model	n/a	n/a	diaminopyrimidine antibiotic	antibiotic target replacement	trimethoprim resistant dihydrofolate reductase dfr	100.00	gnl|BL_ORD_ID|2703|hsp_num:0	3255			0	471	trimethoprim	
k141_9422_2 # 2034 # 3506 # -1 # ID=14663_2;partial=00;start_type=ATG;rbs_motif=GGAG/GAGG;rbs_spacer=5-10bp;gc_cont=0.485	k141_9422	2034	3506	-	Strict	50	127.9	vanW gene in vanI cluster	31.82	3003724	protein homolog model	n/a	n/a	glycopeptide antibiotic	antibiotic target alteration	vanW; glycopeptide resistance gene cluster	131.37	gnl|BL_ORD_ID|4747|hsp_num:0	2242			51	978	vancomycin; teicoplanin	
k141_612519_1 # 2 # 1123 # -1 # ID=15730_1;partial=11;start_type=Edge;rbs_motif=None;rbs_spacer=None;gc_cont=0.676	k141_612519	2	1123	-	Strict	175	359.8	vanT gene in vanG cluster	53.17	3002972	protein homolog model	n/a	n/a	glycopeptide antibiotic	antibiotic target alteration	glycopeptide resistance gene cluster; vanT	52.53	gnl|BL_ORD_ID|1523|hsp_num:0	1561			1017	2106	vancomycin	
k141_269255_1 # 2 # 877 # 1 # ID=16475_1;partial=10;start_type=Edge;rbs_motif=None;rbs_spacer=None;gc_cont=0.596	k141_269255	2	877	+	Strict	50	100.9	vanY gene in vanB cluster	35.98	3002956	protein homolog model	n/a	n/a	glycopeptide antibiotic	antibiotic target alteration	vanY; glycopeptide resistance gene cluster	108.58	gnl|BL_ORD_ID|603|hsp_num:0	556			270	789	vancomycin	
k141_614270_2 # 321 # 1085 # -1 # ID=18278_2;partial=01;start_type=Edge;rbs_motif=None;rbs_spacer=None;gc_cont=0.357	k141_614270	321	1085	-	Strict	50	58.5	vanY gene in vanM cluster	26.06	3002961	protein homolog model	n/a	n/a	glycopeptide antibiotic	antibiotic target alteration	vanY; glycopeptide resistance gene cluster	109.01	gnl|BL_ORD_ID|1674|hsp_num:0	1713			102	528	vancomycin; teicoplanin	
k141_184561_1 # 82 # 429 # 1 # ID=18350_1;partial=00;start_type=ATG;rbs_motif=GGAG/GAGG;rbs_spacer=5-10bp;gc_cont=0.500	k141_184561	82	429	+	Perfect	190	224.9	qacEdelta1	100.0	3005010	protein homolog model	n/a	n/a	disinfecting agents and antiseptics	antibiotic efflux	major facilitator superfamily (MFS) antibiotic efflux pump	100.00	gnl|BL_ORD_ID|2745|hsp_num:0	3755			0	345		
k141_184561_2 # 423 # 1262 # 1 # ID=18350_2;partial=00;start_type=ATG;rbs_motif=GGAGG;rbs_spacer=5-10bp;gc_cont=0.617	k141_184561	423	1262	+	Perfect	500	549.7	sul1	100.0	3000410	protein homolog model	n/a	n/a	sulfonamide antibiotic	antibiotic target replacement	sulfonamide resistant sul	100.00	gnl|BL_ORD_ID|980|hsp_num:0	1070			0	837	sulfadiazine; sulfadimidine; sulfadoxine; sulfamethoxazole; sulfisoxazole; sulfacetamide; mafenide; sulfasalazine; sulfamethizole	
k141_523731_2 # 766 # 1296 # -1 # ID=18631_2;partial=00;start_type=ATG;rbs_motif=GGAG/GAGG;rbs_spacer=5-10bp;gc_cont=0.524	k141_523731	766	1296	-	Strict	280	329.7	emrR	92.57	3000516	protein homolog model	n/a	n/a	fluoroquinolone antibiotic	antibiotic efflux	major facilitator superfamily (MFS) antibiotic efflux pump	100.00	gnl|BL_ORD_ID|1226|hsp_num:0	1330			0	525	nalidixic acid	
k141_93775_2 # 866 # 1648 # -1 # ID=18895_2;partial=00;start_type=ATG;rbs_motif=None;rbs_spacer=None;gc_cont=0.300	k141_93775	866	1648	-	Perfect	400	519.2	LnuH	100.0	3004600	protein homolog model	n/a	n/a	lincosamide antibiotic	antibiotic inactivation	lincosamide nucleotidyltransferase (LNU)	100.00	gnl|BL_ORD_ID|4923|hsp_num:0	5916			0	780		
k141_271373_10 # 7146 # 7358 # -1 # ID=19474_10;partial=00;start_type=ATG;rbs_motif=GGAGG;rbs_spacer=5-10bp;gc_cont=0.404	k141_271373	7146	7358	-	Strict	100	114.0	vanU gene in vanG cluster	80.6	3004253	protein homolog model	n/a	n/a	glycopeptide antibiotic	antibiotic target alteration	glycopeptide resistance gene cluster; vanU	93.33	gnl|BL_ORD_ID|4737|hsp_num:0	943			0	201	vancomycin	
k141_615100_1 # 2 # 805 # 1 # ID=19490_1;partial=10;start_type=Edge;rbs_motif=None;rbs_spacer=None;gc_cont=0.350	k141_615100	2	805	+	Strict	50	102.8	vanY gene in vanB cluster	36.07	3002956	protein homolog model	n/a	n/a	glycopeptide antibiotic	antibiotic target alteration	vanY; glycopeptide resistance gene cluster	99.63	gnl|BL_ORD_ID|603|hsp_num:0	556			273	789	vancomycin	
k141_443131_2 # 523 # 2319 # 1 # ID=19675_2;partial=00;start_type=ATG;rbs_motif=TAAAA;rbs_spacer=4bp;gc_cont=0.489	k141_443131	523	2319	+	Strict	750	785.0	patB	68.39	3000025	protein homolog model	n/a	n/a	fluoroquinolone antibiotic	antibiotic efflux	ATP-binding cassette (ABC) antibiotic efflux pump	101.70	gnl|BL_ORD_ID|1912|hsp_num:0	2112			0	1764	ciprofloxacin; norfloxacin	
k141_615273_4 # 2293 # 4218 # 1 # ID=19699_4;partial=00;start_type=ATG;rbs_motif=TAA;rbs_spacer=5bp;gc_cont=0.398	k141_615273	2293	4218	+	Strict	300	1234.6	tet(Q)	96.41	3000191	protein homolog model	n/a	n/a	tetracycline antibiotic	antibiotic target protection	tetracycline-resistant ribosomal protection protein	97.56	gnl|BL_ORD_ID|1220|hsp_num:0	1183			48	1971	tetracycline; doxycycline; minocycline; chlortetracycline; demeclocycline; oxytetracycline	
k141_12937_3 # 800 # 2719 # 1 # ID=19717_3;partial=00;start_type=ATG;rbs_motif=AGGAGG;rbs_spacer=5-10bp;gc_cont=0.406	k141_12937	800	2719	+	Strict	300	1260.7	tet(O)	98.75	3000190	protein homolog model	n/a	n/a	tetracycline antibiotic	antibiotic target protection	tetracycline-resistant ribosomal protection protein	100.00	gnl|BL_ORD_ID|1954|hsp_num:0	2020			0	1917	tetracycline; doxycycline; minocycline; chlortetracycline; demeclocycline; oxytetracycline	
k141_94324_1 # 251 # 583 # 1 # ID=20292_1;partial=00;start_type=GTG;rbs_motif=AGGAG;rbs_spacer=5-10bp;gc_cont=0.502	k141_94324	251	583	+	Strict	180	208.8	qacL	99.09	3005098	protein homolog model	n/a	n/a	disinfecting agents and antiseptics	antibiotic efflux	small multidrug resistance (SMR) antibiotic efflux pump	100.00	gnl|BL_ORD_ID|2815|hsp_num:0	3830			0	330		
k141_186305_21 # 20883 # 21215 # 1 # ID=20900_21;partial=00;start_type=ATG;rbs_motif=GGAG/GAGG;rbs_spacer=5-10bp;gc_cont=0.381	k141_186305	20883	21215	+	Strict	75	94.4	qacG	42.31	3007015	protein homolog model	n/a	n/a	disinfecting agents and antiseptics	antibiotic efflux	small multidrug resistance (SMR) antibiotic efflux pump	102.80	gnl|BL_ORD_ID|4662|hsp_num:0	5731			6	318	benzalkonium chloride	
k141_444129_5 # 3914 # 4801 # -1 # ID=20968_5;partial=00;start_type=ATG;rbs_motif=None;rbs_spacer=None;gc_cont=0.447	k141_444129	3914	4801	-	Strict	50	61.6	vanY gene in vanM cluster	31.33	3002961	protein homolog model	n/a	n/a	glycopeptide antibiotic	antibiotic target alteration	vanY; glycopeptide resistance gene cluster	126.61	gnl|BL_ORD_ID|1674|hsp_num:0	1713			81	501	vancomycin; teicoplanin	
k141_524865_2 # 556 # 2475 # 1 # ID=21541_2;partial=00;start_type=ATG;rbs_motif=GGAGG;rbs_spacer=5-10bp;gc_cont=0.412	k141_524865	556	2475	+	Strict	300	1279.6	tet(32)	99.84	3000196	protein homolog model	n/a	n/a	tetracycline antibiotic	antibiotic target protection	tetracycline-resistant ribosomal protection protein	100.00	gnl|BL_ORD_ID|1221|hsp_num:0	1233			0	1917	tetracycline; doxycycline; minocycline; chlortetracycline; demeclocycline; oxytetracycline	
k141_94782_33 # 33803 # 34873 # -1 # ID=21699_33;partial=00;start_type=ATG;rbs_motif=AGGAG;rbs_spacer=5-10bp;gc_cont=0.345	k141_94782	33803	34873	-	Strict	175	194.1	vanT gene in vanG cluster	33.24	3002972	protein homolog model	n/a	n/a	glycopeptide antibiotic	antibiotic target alteration	glycopeptide resistance gene cluster; vanT	50.00	gnl|BL_ORD_ID|1523|hsp_num:0	1561			1029	2127	vancomycin	
k141_445082_1 # 1 # 1362 # -1 # ID=22099_1;partial=11;start_type=Edge;rbs_motif=None;rbs_spacer=None;gc_cont=0.607	k141_445082	1	1362	-	Strict	50	88.6	vanW gene in vanI cluster	35.12	3003724	protein homolog model	n/a	n/a	glycopeptide antibiotic	antibiotic target alteration	vanW; glycopeptide resistance gene cluster	121.72	gnl|BL_ORD_ID|4747|hsp_num:0	2242			543	1023	vancomycin; teicoplanin	
k141_445107_2 # 447 # 1673 # 1 # ID=22122_2;partial=00;start_type=ATG;rbs_motif=GGA/GAG/AGG;rbs_spacer=5-10bp;gc_cont=0.306	k141_445107	447	1673	+	Strict	400	810.1	EreD	98.77	3004608	protein homolog model	n/a	n/a	macrolide antibiotic	antibiotic inactivation	macrolide esterase	100.00	gnl|BL_ORD_ID|1194|hsp_num:0	3305			0	1224	erythromycin	
k141_273343_2 # 285 # 3461 # 1 # ID=22186_2;partial=00;start_type=ATG;rbs_motif=GGAGG;rbs_spacer=5-10bp;gc_cont=0.659	k141_273343	285	3461	+	Strict	750	1225.3	adeF	61.11	3000777	protein homolog model	n/a	n/a	fluoroquinolone antibiotic; tetracycline antibiotic	antibiotic efflux	resistance-nodulation-cell division (RND) antibiotic efflux pump	99.91	gnl|BL_ORD_ID|133|hsp_num:0	153			0	3138	tetracycline	
k141_187089_17 # 14152 # 15255 # 1 # ID=22304_17;partial=00;start_type=ATG;rbs_motif=GGAG/GAGG;rbs_spacer=5-10bp;gc_cont=0.334	k141_187089	14152	15255	+	Strict	175	180.6	vanT gene in vanG cluster	29.35	3002972	protein homolog model	n/a	n/a	glycopeptide antibiotic	antibiotic target alteration	glycopeptide resistance gene cluster; vanT	51.54	gnl|BL_ORD_ID|1523|hsp_num:0	1561			1038	2127	vancomycin	
k141_359535_2 # 426 # 1601 # 1 # ID=23066_2;partial=00;start_type=ATG;rbs_motif=GGAG/GAGG;rbs_spacer=5-10bp;gc_cont=0.636	k141_359535	426	1601	+	Perfect	700	687.6	cmx	100.0	3002703	protein homolog model	n/a	n/a	phenicol antibiotic	antibiotic efflux	major facilitator superfamily (MFS) antibiotic efflux pump	100.00	gnl|BL_ORD_ID|1253|hsp_num:0	1366			0	1173	chloramphenicol	
k141_16140_3 # 2046 # 2834 # 1 # ID=24341_3;partial=00;start_type=ATG;rbs_motif=GGAG/GAGG;rbs_spacer=5-10bp;gc_cont=0.440	k141_16140	2046	2834	+	Strict	400	513.8	aadA27	99.24	3004682	protein homolog model	n/a	n/a	aminoglycoside antibiotic	antibiotic inactivation	ANT(3'')	100.00	gnl|BL_ORD_ID|2242|hsp_num:0	3381			0	786	spectinomycin; streptomycin	
k141_618678_1 # 31 # 1164 # -1 # ID=24516_1;partial=00;start_type=ATG;rbs_motif=GGA/GAG/AGG;rbs_spacer=11-12bp;gc_cont=0.505	k141_618678	31	1164	-	Strict	725	771.2	EC-15	98.67	3006876	protein homolog model	n/a	n/a	cephalosporin	antibiotic inactivation	EC beta-lactamase	100.00	gnl|BL_ORD_ID|3522|hsp_num:0	4590			0	1131		
k141_361439_1 # 82 # 2559 # 1 # ID=25825_1;partial=00;start_type=ATG;rbs_motif=TAA;rbs_spacer=11bp;gc_cont=0.520	k141_361439	82	2559	+	Strict	175	197.2	vanT gene in vanG cluster	35.5	3002972	protein homolog model	n/a	n/a	glycopeptide antibiotic	antibiotic target alteration	glycopeptide resistance gene cluster; vanT	115.87	gnl|BL_ORD_ID|1523|hsp_num:0	1561			1038	2118	vancomycin	
k141_17387_3 # 524 # 1357 # -1 # ID=26192_3;partial=01;start_type=Edge;rbs_motif=None;rbs_spacer=None;gc_cont=0.622	k141_17387	524	1357	-	Strict	400	555.8	ArnT	98.92	3005053	protein homolog model	n/a	n/a	peptide antibiotic	antibiotic target alteration	pmr phosphoethanolamine transferase	50.27	gnl|BL_ORD_ID|2784|hsp_num:0	3795			822	1653	colistin A; colistin B	
k141_361827_2 # 426 # 770 # -1 # ID=26328_2;partial=00;start_type=ATG;rbs_motif=GGA/GAG/AGG;rbs_spacer=5-10bp;gc_cont=0.394	k141_361827	426	770	-	Strict	75	95.9	qacJ	44.34	3007014	protein homolog model	n/a	n/a	disinfecting agents and antiseptics	antibiotic efflux	small multidrug resistance (SMR) antibiotic efflux pump	106.54	gnl|BL_ORD_ID|4661|hsp_num:0	5730			0	318	benzalkonium chloride	
k141_276218_2 # 192 # 926 # 1 # ID=26524_2;partial=00;start_type=ATG;rbs_motif=AGGAG;rbs_spacer=5-10bp;gc_cont=0.264	k141_276218	192	926	+	Strict	400	478.8	ErmG	98.77	3000522	protein homolog model	n/a	n/a	macrolide antibiotic; lincosamide antibiotic; streptogramin antibiotic; streptogramin A antibiotic; streptogramin B antibiotic	antibiotic target alteration	Erm 23S ribosomal RNA methyltransferase	100.00	gnl|BL_ORD_ID|916|hsp_num:0	989			0	732	erythromycin; roxithromycin; lincomycin; telithromycin; clarithromycin; clindamycin; tylosin; spiramycin; azithromycin; dirithromycin; pristinamycin IA; quinupristin; virginiamycin M1; madumycin II; griseoviridin; dalfopristin; pristinamycin IB; virginiamycin S2; pristinamycin IC; vernamycin C; patricin A; patricin B; ostreogrycin B3; oleandomycin	
k141_449055_8 # 5444 # 6664 # -1 # ID=27639_8;partial=00;start_type=ATG;rbs_motif=AGGAGG;rbs_spacer=5-10bp;gc_cont=0.565	k141_449055	5444	6664	-	Strict	750	771.5	tet(40)	99.26	3000567	protein homolog model	n/a	n/a	tetracycline antibiotic	antibiotic efflux	major facilitator superfamily (MFS) antibiotic efflux pump	100.00	gnl|BL_ORD_ID|892|hsp_num:0	945			0	1218	tetracycline	
k141_18917_4 # 2006 # 3166 # 1 # ID=28447_4;partial=00;start_type=ATG;rbs_motif=AGGAG;rbs_spacer=5-10bp;gc_cont=0.285	k141_18917	2006	3166	+	Strict	50	100.5	vanY gene in vanF cluster	34.69	3002958	protein homolog model	n/a	n/a	glycopeptide antibiotic	antibiotic target alteration	vanY; glycopeptide resistance gene cluster	131.74	gnl|BL_ORD_ID|1809|hsp_num:0	1899			294	705	vancomycin	
k141_621826_2 # 223 # 606 # -1 # ID=28954_2;partial=00;start_type=ATG;rbs_motif=GGAG/GAGG;rbs_spacer=5-10bp;gc_cont=0.458	k141_621826	223	606	-	Strict	230	260.0	marA	99.21	3000263	protein homolog model	n/a	n/a	fluoroquinolone antibiotic; monobactam; carbapenem; cephalosporin; glycylcycline; cephamycin; penam; tetracycline antibiotic; rifamycin antibiotic; phenicol antibiotic; penem; disinfecting agents and antiseptics	antibiotic efflux; reduced permeability to antibiotic	resistance-nodulation-cell division (RND) antibiotic efflux pump; General Bacterial Porin with reduced permeability to beta-lactams	100.00	gnl|BL_ORD_ID|1773|hsp_num:0	1922			0	381	tigecycline; tetracycline; rifampin; chloramphenicol; ampicillin; cefalotin; triclosan	
k141_278270_2 # 239 # 2158 # -1 # ID=29407_2;partial=00;start_type=ATG;rbs_motif=GGAGG;rbs_spacer=5-10bp;gc_cont=0.532	k141_278270	239	2158	-	Strict	300	1248.4	tet(W)	99.37	3000194	protein homolog model	n/a	n/a	tetracycline antibiotic	antibiotic target protection	tetracycline-resistant ribosomal protection protein	100.00	gnl|BL_ORD_ID|457|hsp_num:0	389			0	1917	tetracycline; doxycycline; minocycline; chlortetracycline; demeclocycline; oxytetracycline	
k141_20199_3 # 828 # 1691 # -1 # ID=30335_3;partial=00;start_type=ATG;rbs_motif=None;rbs_spacer=None;gc_cont=0.535	k141_20199	828	1691	-	Perfect	550	567.0	GES-1	100.0	3002330	protein homolog model	n/a	n/a	carbapenem; cephalosporin; penam	antibiotic inactivation	GES beta-lactamase	100.00	gnl|BL_ORD_ID|867|hsp_num:0	941			0	861		
k141_20199_4 # 1765 # 2223 # -1 # ID=30335_4;partial=00;start_type=ATG;rbs_motif=None;rbs_spacer=None;gc_cont=0.588	k141_20199	1765	2223	-	Perfect	275	310.8	AAC(6')-Il	100.0	3004635	protein homolog model	n/a	n/a	aminoglycoside antibiotic	antibiotic inactivation	AAC(6')	100.00	gnl|BL_ORD_ID|2118|hsp_num:0	3334			0	456	dibekacin; amikacin; sisomicin; netilmicin; tobramycin; 2'-N-ethylnetilmicin; 5-episisomicin	
k141_451243_1 # 82 # 1299 # -1 # ID=30773_1;partial=01;start_type=Edge;rbs_motif=None;rbs_spacer=None;gc_cont=0.603	k141_451243	82	1299	-	Strict	50	83.6	vanW gene in vanI cluster	29.71	3003724	protein homolog model	n/a	n/a	glycopeptide antibiotic	antibiotic target alteration	vanW; glycopeptide resistance gene cluster	108.58	gnl|BL_ORD_ID|4747|hsp_num:0	2242			312	1101	vancomycin; teicoplanin	
k141_279338_2 # 1302 # 2072 # -1 # ID=30883_2;partial=00;start_type=ATG;rbs_motif=TAA;rbs_spacer=11bp;gc_cont=0.318	k141_279338	1302	2072	-	Strict	400	422.2	LnuH	82.35	3004600	protein homolog model	n/a	n/a	lincosamide antibiotic	antibiotic inactivation	lincosamide nucleotidyltransferase (LNU)	98.46	gnl|BL_ORD_ID|4923|hsp_num:0	5916			0	765		
k141_365117_1 # 3 # 1031 # -1 # ID=30904_1;partial=11;start_type=Edge;rbs_motif=None;rbs_spacer=None;gc_cont=0.470	k141_365117	3	1031	-	Strict	600	650.2	ICR-Mo	97.96	3004569	protein homolog model	n/a	n/a	peptide antibiotic	antibiotic target alteration	intrinsic colistin resistant phosphoethanolamine transferase	61.47	gnl|BL_ORD_ID|2715|hsp_num:0	3271			69	1098	colistin A; colistin B	
k141_452085_1 # 50 # 1138 # -1 # ID=32045_1;partial=01;start_type=Edge;rbs_motif=None;rbs_spacer=None;gc_cont=0.578	k141_452085	50	1138	-	Strict	450	527.3	aadA5	99.62	3002605	protein homolog model	n/a	n/a	aminoglycoside antibiotic	antibiotic inactivation	ANT(3'')	138.17	gnl|BL_ORD_ID|1303|hsp_num:0	1420			0	786	spectinomycin; streptomycin	
k141_452314_1 # 73 # 873 # -1 # ID=32396_1;partial=00;start_type=ATG;rbs_motif=TAA;rbs_spacer=10bp;gc_cont=0.340	k141_452314	73	873	-	Strict	500	524.6	ErmF	99.25	3000498	protein homolog model	n/a	n/a	macrolide antibiotic; lincosamide antibiotic; streptogramin antibiotic; streptogramin A antibiotic; streptogramin B antibiotic	antibiotic target alteration	Erm 23S ribosomal RNA methyltransferase	100.00	gnl|BL_ORD_ID|569|hsp_num:0	621			0	798	erythromycin; roxithromycin; lincomycin; telithromycin; clarithromycin; clindamycin; tylosin; spiramycin; azithromycin; dirithromycin; pristinamycin IA; quinupristin; virginiamycin M1; madumycin II; griseoviridin; dalfopristin; pristinamycin IB; virginiamycin S2; pristinamycin IC; vernamycin C; patricin A; patricin B; ostreogrycin B3; oleandomycin	
k141_452314_6 # 5245 # 6108 # 1 # ID=32396_6;partial=00;start_type=ATG;rbs_motif=TAAAA;rbs_spacer=14bp;gc_cont=0.317	k141_452314	5245	6108	+	Perfect	500	587.0	aadS	100.0	3004683	protein homolog model	n/a	n/a	aminoglycoside antibiotic	antibiotic inactivation	ANT(6)	100.00	gnl|BL_ORD_ID|2238|hsp_num:0	3382			0	861	streptomycin	
k141_280488_4 # 2985 # 4358 # -1 # ID=32621_4;partial=00;start_type=ATG;rbs_motif=None;rbs_spacer=None;gc_cont=0.543	k141_280488	2985	4358	-	Perfect	890	891.3	cpxA	100.0	3000830	protein homolog model	n/a	n/a	aminoglycoside antibiotic; aminocoumarin antibiotic	antibiotic efflux	resistance-nodulation-cell division (RND) antibiotic efflux pump	100.00	gnl|BL_ORD_ID|132|hsp_num:0	152			0	1371	novobiocin	
k141_452931_2 # 887 # 1705 # -1 # ID=33272_2;partial=00;start_type=ATG;rbs_motif=GGAG/GAGG;rbs_spacer=5-10bp;gc_cont=0.300	k141_452931	887	1705	-	Strict	50	87.8	vanY gene in vanM cluster	31.15	3002961	protein homolog model	n/a	n/a	glycopeptide antibiotic	antibiotic target alteration	vanY; glycopeptide resistance gene cluster	116.74	gnl|BL_ORD_ID|1674|hsp_num:0	1713			15	531	vancomycin; teicoplanin	
k141_99929_3 # 1475 # 2941 # -1 # ID=33968_3;partial=00;start_type=ATG;rbs_motif=AGGAG;rbs_spacer=5-10bp;gc_cont=0.558	k141_99929	1475	2941	-	Strict	875	927.9	mdtP	99.8	3003550	protein homolog model	n/a	n/a	nucleoside antibiotic; disinfecting agents and antiseptics	antibiotic efflux	major facilitator superfamily (MFS) antibiotic efflux pump	100.00	gnl|BL_ORD_ID|37|hsp_num:0	45			0	1464	acriflavine; puromycin	
k141_99929_4 # 2938 # 4989 # -1 # ID=33968_4;partial=00;start_type=ATG;rbs_motif=GGA/GAG/AGG;rbs_spacer=5-10bp;gc_cont=0.546	k141_99929	2938	4989	-	Strict	1300	1324.3	mdtO	99.27	3003549	protein homolog model	n/a	n/a	nucleoside antibiotic; disinfecting agents and antiseptics	antibiotic efflux	major facilitator superfamily (MFS) antibiotic efflux pump	100.00	gnl|BL_ORD_ID|1894|hsp_num:0	2056			0	2049	acriflavine; puromycin	
k141_99929_5 # 4989 # 6020 # -1 # ID=33968_5;partial=00;start_type=ATG;rbs_motif=GGA/GAG/AGG;rbs_spacer=5-10bp;gc_cont=0.559	k141_99929	4989	6020	-	Strict	600	642.1	mdtN	99.71	3003548	protein homolog model	n/a	n/a	nucleoside antibiotic; disinfecting agents and antiseptics	antibiotic efflux	major facilitator superfamily (MFS) antibiotic efflux pump	100.00	gnl|BL_ORD_ID|1322|hsp_num:0	1442			0	1029	acriflavine; puromycin	
k141_626151_1 # 302 # 1096 # 1 # ID=35276_1;partial=01;start_type=ATG;rbs_motif=AGGAG;rbs_spacer=5-10bp;gc_cont=0.445	k141_626151	302	1096	+	Strict	50	76.6	vanW gene in vanI cluster	31.25	3003724	protein homolog model	n/a	n/a	glycopeptide antibiotic	antibiotic target alteration	vanW; glycopeptide resistance gene cluster	71.05	gnl|BL_ORD_ID|4747|hsp_num:0	2242			51	744	vancomycin; teicoplanin	
k141_196354_1 # 2 # 670 # 1 # ID=35306_1;partial=10;start_type=Edge;rbs_motif=None;rbs_spacer=None;gc_cont=0.288	k141_196354	2	670	+	Strict	50	107.1	vanY gene in vanG cluster	37.91	3002959	protein homolog model	n/a	n/a	glycopeptide antibiotic	antibiotic target alteration	vanY; glycopeptide resistance gene cluster	79.57	gnl|BL_ORD_ID|4731|hsp_num:0	298			303	822	vancomycin	
k141_368437_1 # 197 # 1117 # 1 # ID=35610_1;partial=01;start_type=ATG;rbs_motif=GGAG/GAGG;rbs_spacer=5-10bp;gc_cont=0.428	k141_368437	197	1117	+	Strict	175	191.4	vanT gene in vanG cluster	32.68	3002972	protein homolog model	n/a	n/a	glycopeptide antibiotic	antibiotic target alteration	glycopeptide resistance gene cluster; vanT	43.12	gnl|BL_ORD_ID|1523|hsp_num:0	1561			1029	1926	vancomycin	
k141_196719_2 # 211 # 891 # 1 # ID=35797_2;partial=00;start_type=ATG;rbs_motif=GGA/GAG/AGG;rbs_spacer=5-10bp;gc_cont=0.468	k141_196719	211	891	+	Strict	400	460.7	QnrB10	99.12	3002724	protein homolog model	n/a	n/a	fluoroquinolone antibiotic	antibiotic target protection	quinolone resistance protein (qnr)	100.00	gnl|BL_ORD_ID|121|hsp_num:0	139			0	678	ciprofloxacin; levofloxacin; moxifloxacin; gatifloxacin; nalidixic acid; norfloxacin; sparfloxacin	
k141_282980_1 # 35 # 1021 # -1 # ID=35862_1;partial=00;start_type=ATG;rbs_motif=AGGAG;rbs_spacer=5-10bp;gc_cont=0.570	k141_282980	35	1021	-	Strict	200	237.3	vanH gene in vanO cluster	41.47	3002948	protein homolog model	n/a	n/a	glycopeptide antibiotic	antibiotic target alteration	vanH; glycopeptide resistance gene cluster	93.71	gnl|BL_ORD_ID|762|hsp_num:0	786			126	1011	vancomycin	
k141_197655_3 # 1701 # 2201 # 1 # ID=37161_3;partial=00;start_type=ATG;rbs_motif=AGGAG;rbs_spacer=5-10bp;gc_cont=0.325	k141_197655	1701	2201	+	Strict	150	203.8	nimJ	60.76	3007112	protein homolog model	n/a	n/a	nitroimidazole antibiotic	antibiotic inactivation	nitroimidazole reductase	100.61	gnl|BL_ORD_ID|4790|hsp_num:0	5785			9	483	metronidazole	
k141_369778_10 # 9340 # 9684 # -1 # ID=37537_10;partial=00;start_type=ATG;rbs_motif=GGA/GAG/AGG;rbs_spacer=5-10bp;gc_cont=0.391	k141_369778	9340	9684	-	Strict	75	88.6	qacJ	41.51	3007014	protein homolog model	n/a	n/a	disinfecting agents and antiseptics	antibiotic efflux	small multidrug resistance (SMR) antibiotic efflux pump	106.54	gnl|BL_ORD_ID|4661|hsp_num:0	5730			0	318	benzalkonium chloride	
k141_25659_3 # 1445 # 2563 # -1 # ID=37957_3;partial=00;start_type=GTG;rbs_motif=AGGAG;rbs_spacer=5-10bp;gc_cont=0.527	k141_25659	1445	2563	-	Strict	175	242.3	vanT gene in vanG cluster	37.6	3002972	protein homolog model	n/a	n/a	glycopeptide antibiotic	antibiotic target alteration	glycopeptide resistance gene cluster; vanT	52.25	gnl|BL_ORD_ID|1523|hsp_num:0	1561			1032	2118	vancomycin	
k141_102357_2 # 232 # 1401 # -1 # ID=39302_2;partial=00;start_type=ATG;rbs_motif=GGAG/GAGG;rbs_spacer=5-10bp;gc_cont=0.379	k141_102357	232	1401	-	Strict	200	209.5	vanTr gene in vanL cluster	33.51	3002974	protein homolog model	n/a	n/a	glycopeptide antibiotic	antibiotic target alteration	glycopeptide resistance gene cluster; vanT	106.28	gnl|BL_ORD_ID|4741|hsp_num:0	1510			18	1083	vancomycin	
k141_199135_2 # 1197 # 2162 # 1 # ID=39383_2;partial=00;start_type=ATG;rbs_motif=TAA;rbs_spacer=11bp;gc_cont=0.357	k141_199135	1197	2162	+	Perfect	600	629.0	CfxA3	100.0	3003003	protein homolog model	n/a	n/a	cephamycin	antibiotic inactivation	CfxA beta-lactamase	100.00	gnl|BL_ORD_ID|1751|hsp_num:0	1895			0	963		
k141_199678_2 # 448 # 1290 # 1 # ID=40113_2;partial=00;start_type=ATG;rbs_motif=TAA;rbs_spacer=11bp;gc_cont=0.374	k141_199678	448	1290	+	Perfect	500	560.8	OXA-58	100.0	3001611	protein homolog model	n/a	n/a	carbapenem; cephalosporin; penam	antibiotic inactivation	OXA beta-lactamase	100.00	gnl|BL_ORD_ID|1018|hsp_num:0	1112			0	840	cloxacillin; oxacillin; cefalotin	
k141_199851_2 # 115 # 1242 # 1 # ID=40346_2;partial=00;start_type=ATG;rbs_motif=None;rbs_spacer=None;gc_cont=0.686	k141_199851	115	1242	+	Strict	175	194.9	vanT gene in vanG cluster	33.33	3002972	protein homolog model	n/a	n/a	glycopeptide antibiotic	antibiotic target alteration	glycopeptide resistance gene cluster; vanT	52.67	gnl|BL_ORD_ID|1523|hsp_num:0	1561			1044	2118	vancomycin	
k141_200384_44 # 39440 # 40759 # -1 # ID=41106_44;partial=00;start_type=ATG;rbs_motif=AGGAG(G)/GGAGG;rbs_spacer=13-15bp;gc_cont=0.365	k141_200384	39440	40759	-	Strict	50	138.3	vanW gene in vanI cluster	33.19	3003724	protein homolog model	n/a	n/a	glycopeptide antibiotic	antibiotic target alteration	vanW; glycopeptide resistance gene cluster	117.69	gnl|BL_ORD_ID|4747|hsp_num:0	2242			342	1047	vancomycin; teicoplanin	
k141_458478_1 # 30 # 1832 # 1 # ID=41393_1;partial=00;start_type=ATG;rbs_motif=TAAA;rbs_spacer=13bp;gc_cont=0.313	k141_458478	30	1832	+	Strict	300	538.1	tet(36)	47.7	3000197	protein homolog model	n/a	n/a	tetracycline antibiotic	antibiotic target protection	tetracycline-resistant ribosomal protection protein	93.75	gnl|BL_ORD_ID|1676|hsp_num:0	1708			183	1911	tetracycline; doxycycline; minocycline; chlortetracycline; demeclocycline; oxytetracycline	
k141_630799_1 # 183 # 1259 # 1 # ID=42082_1;partial=01;start_type=ATG;rbs_motif=GGAG/GAGG;rbs_spacer=5-10bp;gc_cont=0.537	k141_630799	183	1259	+	Strict	50	93.6	vanW gene in vanI cluster	37.59	3003724	protein homolog model	n/a	n/a	glycopeptide antibiotic	antibiotic target alteration	vanW; glycopeptide resistance gene cluster	96.25	gnl|BL_ORD_ID|4747|hsp_num:0	2242			618	1041	vancomycin; teicoplanin	
k141_104516_2 # 161 # 982 # 1 # ID=43949_2;partial=00;start_type=ATG;rbs_motif=GGAGG;rbs_spacer=5-10bp;gc_cont=0.618	k141_104516	161	982	+	Strict	50	130.6	vanW gene in vanB cluster	34.43	3002964	protein homolog model	n/a	n/a	glycopeptide antibiotic	antibiotic target alteration	vanW; glycopeptide resistance gene cluster	99.27	gnl|BL_ORD_ID|4679|hsp_num:0	1036			54	690	vancomycin	
k141_534716_5 # 2958 # 4880 # 1 # ID=44580_5;partial=00;start_type=ATG;rbs_motif=GGAG/GAGG;rbs_spacer=5-10bp;gc_cont=0.306	k141_534716	2958	4880	+	Strict	300	1236.5	tet(44)	96.41	3000556	protein homolog model	n/a	n/a	tetracycline antibiotic	antibiotic target protection	tetracycline-resistant ribosomal protection protein	100.00	gnl|BL_ORD_ID|1198|hsp_num:0	1171			0	1920	tetracycline; doxycycline; minocycline; chlortetracycline; demeclocycline; oxytetracycline	
k141_633175_2 # 1039 # 1530 # 1 # ID=45299_2;partial=00;start_type=ATG;rbs_motif=GGAG/GAGG;rbs_spacer=5-10bp;gc_cont=0.366	k141_633175	1039	1530	+	Strict	150	167.2	nimA	50.62	3007104	protein homolog model	n/a	n/a	nitroimidazole antibiotic	antibiotic inactivation	nitroimidazole reductase	92.61	gnl|BL_ORD_ID|4783|hsp_num:0	5777			0	480	metronidazole	
k141_461653_1 # 239 # 1072 # -1 # ID=45427_1;partial=01;start_type=Edge;rbs_motif=None;rbs_spacer=None;gc_cont=0.415	k141_461653	239	1072	-	Strict	500	538.5	CARB-12	99.28	3002250	protein homolog model	n/a	n/a	penam	antibiotic inactivation	CARB beta-lactamase	96.18	gnl|BL_ORD_ID|1369|hsp_num:0	1486			33	864		
k141_461800_2 # 1122 # 2354 # -1 # ID=45637_2;partial=00;start_type=ATG;rbs_motif=AGGAG;rbs_spacer=5-10bp;gc_cont=0.548	k141_461800	1122	2354	-	Strict	700	768.1	mdtM	97.32	3001214	protein homolog model	n/a	n/a	fluoroquinolone antibiotic; lincosamide antibiotic; nucleoside antibiotic; phenicol antibiotic; disinfecting agents and antiseptics	antibiotic efflux	major facilitator superfamily (MFS) antibiotic efflux pump	100.00	gnl|BL_ORD_ID|1099|hsp_num:0	1191			0	1230	acriflavine; lincomycin; puromycin; chloramphenicol; norfloxacin	
k141_203666_1 # 187 # 1299 # -1 # ID=45672_1;partial=00;start_type=ATG;rbs_motif=GGAGG;rbs_spacer=5-10bp;gc_cont=0.577	k141_203666	187	1299	-	Strict	50	71.6	vanW gene in vanI cluster	30.81	3003724	protein homolog model	n/a	n/a	glycopeptide antibiotic	antibiotic target alteration	vanW; glycopeptide resistance gene cluster	99.20	gnl|BL_ORD_ID|4747|hsp_num:0	2242			525	1023	vancomycin; teicoplanin	
k141_633900_1 # 2 # 1228 # 1 # ID=46335_1;partial=10;start_type=Edge;rbs_motif=None;rbs_spacer=None;gc_cont=0.370	k141_633900	2	1228	+	Strict	300	735.3	tet(Q)	88.97	3000191	protein homolog model	n/a	n/a	tetracycline antibiotic	antibiotic target protection	tetracycline-resistant ribosomal protection protein	62.10	gnl|BL_ORD_ID|1220|hsp_num:0	1183			747	1971	tetracycline; doxycycline; minocycline; chlortetracycline; demeclocycline; oxytetracycline	
k141_633900_2 # 1936 # 3102 # 1 # ID=46335_2;partial=00;start_type=ATG;rbs_motif=None;rbs_spacer=None;gc_cont=0.374	k141_633900	1936	3102	+	Strict	750	786.2	tet(X)	99.74	3000205	protein homolog model	n/a	n/a	glycylcycline; tetracycline antibiotic	antibiotic inactivation	tetracycline inactivation enzyme	100.00	gnl|BL_ORD_ID|764|hsp_num:0	776			0	1164	tigecycline; tetracycline; doxycycline; minocycline; chlortetracycline; demeclocycline; oxytetracycline	
k141_462644_4 # 3720 # 4706 # -1 # ID=46759_4;partial=00;start_type=ATG;rbs_motif=AGGAGG;rbs_spacer=11-12bp;gc_cont=0.410	k141_462644	3720	4706	-	Strict	200	227.3	vanH gene in vanB cluster	39.94	3002943	protein homolog model	n/a	n/a	glycopeptide antibiotic	antibiotic target alteration	vanH; glycopeptide resistance gene cluster	101.55	gnl|BL_ORD_ID|4674|hsp_num:0	626			12	948	vancomycin	
k141_536798_5 # 2366 # 3151 # -1 # ID=49236_5;partial=00;start_type=GTG;rbs_motif=GGAG/GAGG;rbs_spacer=5-10bp;gc_cont=0.515	k141_536798	2366	3151	-	Strict	450	518.8	aadA13	99.62	3002613	protein homolog model	n/a	n/a	aminoglycoside antibiotic	antibiotic inactivation	ANT(3'')	98.49	gnl|BL_ORD_ID|1909|hsp_num:0	2087			12	795	spectinomycin; streptomycin	
k141_33446_5 # 1894 # 2223 # -1 # ID=49278_5;partial=00;start_type=ATG;rbs_motif=AGGAG;rbs_spacer=5-10bp;gc_cont=0.445	k141_33446	1894	2223	-	Strict	75	99.0	qacG	44.34	3007015	protein homolog model	n/a	n/a	disinfecting agents and antiseptics	antibiotic efflux	small multidrug resistance (SMR) antibiotic efflux pump	101.87	gnl|BL_ORD_ID|4662|hsp_num:0	5731			0	318	benzalkonium chloride	
k141_464493_10 # 8645 # 9805 # 1 # ID=49307_10;partial=00;start_type=ATG;rbs_motif=AGxAGG/AGGxGG;rbs_spacer=5-10bp;gc_cont=0.444	k141_464493	8645	9805	+	Strict	175	246.1	vanT gene in vanG cluster	38.11	3002972	protein homolog model	n/a	n/a	glycopeptide antibiotic	antibiotic target alteration	glycopeptide resistance gene cluster; vanT	54.21	gnl|BL_ORD_ID|1523|hsp_num:0	1561			1029	2118	vancomycin	
k141_537090_2 # 267 # 1964 # 1 # ID=50006_2;partial=01;start_type=ATG;rbs_motif=AGGAG;rbs_spacer=5-10bp;gc_cont=0.665	k141_537090	267	1964	+	Strict	50	117.9	vanW gene in vanI cluster	34.29	3003724	protein homolog model	n/a	n/a	glycopeptide antibiotic	antibiotic target alteration	vanW; glycopeptide resistance gene cluster	151.74	gnl|BL_ORD_ID|4747|hsp_num:0	2242			423	1047	vancomycin; teicoplanin	
k141_293340_4 # 2287 # 2844 # 1 # ID=50022_4;partial=00;start_type=ATG;rbs_motif=AGGAG;rbs_spacer=5-10bp;gc_cont=0.272	k141_293340	2287	2844	+	Strict	50	105.9	vanY gene in vanB cluster	37.77	3002956	protein homolog model	n/a	n/a	glycopeptide antibiotic	antibiotic target alteration	vanY; glycopeptide resistance gene cluster	69.03	gnl|BL_ORD_ID|603|hsp_num:0	556			273	801	vancomycin	
k141_34244_3 # 803 # 1639 # 1 # ID=50264_3;partial=00;start_type=ATG;rbs_motif=AGGAG;rbs_spacer=5-10bp;gc_cont=0.274	k141_34244	803	1639	+	Strict	50	123.6	vanW gene in vanG cluster	32.03	3002965	protein homolog model	n/a	n/a	glycopeptide antibiotic	antibiotic target alteration	vanW; glycopeptide resistance gene cluster	98.93	gnl|BL_ORD_ID|4742|hsp_num:0	1622			87	777	vancomycin	
k141_465362_2 # 465 # 1670 # 1 # ID=50460_2;partial=00;start_type=ATG;rbs_motif=AAA;rbs_spacer=10bp;gc_cont=0.413	k141_465362	465	1670	+	Strict	700	762.7	Mef(En2)	99.5	3004659	protein homolog model	n/a	n/a	macrolide antibiotic	antibiotic efflux	major facilitator superfamily (MFS) antibiotic efflux pump	100.00	gnl|BL_ORD_ID|2201|hsp_num:0	3359			0	1203		
k141_637130_2 # 470 # 1129 # 1 # ID=50677_2;partial=00;start_type=ATG;rbs_motif=AGGAGG;rbs_spacer=5-10bp;gc_cont=0.355	k141_637130	470	1129	+	Strict	400	465.7	catQ	99.54	3002687	protein homolog model	n/a	n/a	phenicol antibiotic	antibiotic inactivation	chloramphenicol acetyltransferase (CAT)	100.00	gnl|BL_ORD_ID|1498|hsp_num:0	1633			0	657	azidamfenicol; chloramphenicol; thiamphenicol	
k141_108292_3 # 2026 # 3264 # -1 # ID=52352_3;partial=00;start_type=ATG;rbs_motif=None;rbs_spacer=None;gc_cont=0.651	k141_108292	2026	3264	-	Perfect	600	740.0	Mrx	100.0	3003839	protein homolog model	n/a	n/a	macrolide antibiotic	antibiotic inactivation	macrolide phosphotransferase (MPH)	100.00	gnl|BL_ORD_ID|4924|hsp_num:0	5917			0	1236		
k141_108292_4 # 3261 # 4166 # -1 # ID=52352_4;partial=00;start_type=ATG;rbs_motif=AGGAG;rbs_spacer=5-10bp;gc_cont=0.657	k141_108292	3261	4166	-	Perfect	500	594.7	mphA	100.0	3000316	protein homolog model	n/a	n/a	macrolide antibiotic	antibiotic inactivation	macrolide phosphotransferase (MPH)	100.00	gnl|BL_ORD_ID|1140|hsp_num:0	1243			0	903	erythromycin; roxithromycin; telithromycin; clarithromycin; azithromycin; dirithromycin; oleandomycin	
k141_36383_3 # 1462 # 1782 # 1 # ID=53243_3;partial=01;start_type=ATG;rbs_motif=GGA/GAG/AGG;rbs_spacer=5-10bp;gc_cont=0.517	k141_36383	1462	1782	+	Strict	75	112.5	qacG	52.38	3007015	protein homolog model	n/a	n/a	disinfecting agents and antiseptics	antibiotic efflux	small multidrug resistance (SMR) antibiotic efflux pump	100.00	gnl|BL_ORD_ID|4662|hsp_num:0	5731			0	315	benzalkonium chloride	
k141_538665_9 # 8091 # 8744 # 1 # ID=53716_9;partial=00;start_type=ATG;rbs_motif=GGAG/GAGG;rbs_spacer=5-10bp;gc_cont=0.332	k141_538665	8091	8744	+	Strict	50	192.2	vanY gene in vanB cluster	50.0	3002956	protein homolog model	n/a	n/a	glycopeptide antibiotic	antibiotic target alteration	vanY; glycopeptide resistance gene cluster	80.97	gnl|BL_ORD_ID|603|hsp_num:0	556			264	798	vancomycin	
k141_296944_1 # 316 # 1500 # 1 # ID=54839_1;partial=00;start_type=ATG;rbs_motif=None;rbs_spacer=None;gc_cont=0.594	k141_296944	316	1500	+	Strict	250	259.6	vanG	40.0	3002909	protein homolog model	n/a	n/a	glycopeptide antibiotic	antibiotic target alteration	glycopeptide resistance gene cluster; Van ligase	112.89	gnl|BL_ORD_ID|1070|hsp_num:0	1157			12	1038	vancomycin	
k141_210901_2 # 386 # 1645 # -1 # ID=55675_2;partial=00;start_type=GTG;rbs_motif=AGGAG;rbs_spacer=5-10bp;gc_cont=0.553	k141_210901	386	1645	-	Perfect	750	805.8	cmlA5	100.0	3002695	protein homolog model	n/a	n/a	phenicol antibiotic	antibiotic efflux	major facilitator superfamily (MFS) antibiotic efflux pump	100.00	gnl|BL_ORD_ID|222|hsp_num:0	245			0	1257	chloramphenicol	
k141_211004_1 # 27 # 434 # -1 # ID=55813_1;partial=00;start_type=ATG;rbs_motif=GGA/GAG/AGG;rbs_spacer=5-10bp;gc_cont=0.478	k141_211004	27	434	-	Strict	240	241.9	H-NS	92.59	3000676	protein homolog model	n/a	n/a	macrolide antibiotic; fluoroquinolone antibiotic; cephalosporin; cephamycin; penam; tetracycline antibiotic	antibiotic efflux	major facilitator superfamily (MFS) antibiotic efflux pump; resistance-nodulation-cell division (RND) antibiotic efflux pump	98.54	gnl|BL_ORD_ID|1145|hsp_num:0	1248			0	405	erythromycin; cloxacillin; ciprofloxacin; tetracycline; oxacillin; norfloxacin	
k141_382736_2 # 197 # 1426 # -1 # ID=55822_2;partial=00;start_type=ATG;rbs_motif=None;rbs_spacer=None;gc_cont=0.507	k141_382736	197	1426	-	Strict	50	96.3	vanW gene in vanI cluster	32.63	3003724	protein homolog model	n/a	n/a	glycopeptide antibiotic	antibiotic target alteration	vanW; glycopeptide resistance gene cluster	109.65	gnl|BL_ORD_ID|4747|hsp_num:0	2242			354	1047	vancomycin; teicoplanin	
k141_298998_2 # 919 # 1881 # -1 # ID=57674_2;partial=00;start_type=ATG;rbs_motif=GGA/GAG/AGG;rbs_spacer=5-10bp;gc_cont=0.359	k141_298998	919	1881	-	Strict	600	620.9	CfxA6	99.38	3003097	protein homolog model	n/a	n/a	cephamycin	antibiotic inactivation	CfxA beta-lactamase	96.68	gnl|BL_ORD_ID|241|hsp_num:0	268			33	993		
k141_471901_2 # 645 # 1181 # -1 # ID=59731_2;partial=01;start_type=Edge;rbs_motif=None;rbs_spacer=None;gc_cont=0.670	k141_471901	645	1181	-	Strict	50	85.9	vanY gene in vanB cluster	33.33	3002956	protein homolog model	n/a	n/a	glycopeptide antibiotic	antibiotic target alteration	vanY; glycopeptide resistance gene cluster	66.42	gnl|BL_ORD_ID|603|hsp_num:0	556			333	804	vancomycin	
k141_471945_2 # 639 # 1190 # 1 # ID=59778_2;partial=01;start_type=GTG;rbs_motif=GGA/GAG/AGG;rbs_spacer=11-12bp;gc_cont=0.578	k141_471945	639	1190	+	Strict	50	71.2	vanY gene in vanB cluster	35.85	3002956	protein homolog model	n/a	n/a	glycopeptide antibiotic	antibiotic target alteration	vanY; glycopeptide resistance gene cluster	68.66	gnl|BL_ORD_ID|603|hsp_num:0	556			270	702	vancomycin	
k141_214344_22 # 20636 # 21499 # 1 # ID=60472_22;partial=00;start_type=ATG;rbs_motif=GGAG/GAGG;rbs_spacer=5-10bp;gc_cont=0.322	k141_214344	20636	21499	+	Strict	500	526.9	ANT(6)-Ia	86.06	3002626	protein homolog model	n/a	n/a	aminoglycoside antibiotic	antibiotic inactivation	ANT(6)	100.00	gnl|BL_ORD_ID|842|hsp_num:0	914			0	861	streptomycin	
k141_541513_35 # 36161 # 37228 # -1 # ID=60601_35;partial=00;start_type=ATG;rbs_motif=None;rbs_spacer=None;gc_cont=0.507	k141_541513	36161	37228	-	Strict	250	291.2	vanG	42.17	3002909	protein homolog model	n/a	n/a	glycopeptide antibiotic	antibiotic target alteration	glycopeptide resistance gene cluster; Van ligase	101.72	gnl|BL_ORD_ID|1070|hsp_num:0	1157			9	1047	vancomycin	
k141_541694_1 # 1 # 1218 # -1 # ID=61080_1;partial=10;start_type=GTG;rbs_motif=GGA/GAG/AGG;rbs_spacer=5-10bp;gc_cont=0.340	k141_541694	1	1218	-	Strict	50	87.8	vanY gene in vanB cluster	36.51	3002956	protein homolog model	n/a	n/a	glycopeptide antibiotic	antibiotic target alteration	vanY; glycopeptide resistance gene cluster	151.49	gnl|BL_ORD_ID|603|hsp_num:0	556			390	750	vancomycin	
k141_214889_4 # 2774 # 3691 # -1 # ID=61254_4;partial=01;start_type=Edge;rbs_motif=None;rbs_spacer=None;gc_cont=0.644	k141_214889	2774	3691	-	Strict	50	110.5	vanW gene in vanI cluster	42.13	3003724	protein homolog model	n/a	n/a	glycopeptide antibiotic	antibiotic target alteration	vanW; glycopeptide resistance gene cluster	81.77	gnl|BL_ORD_ID|4747|hsp_num:0	2242			471	981	vancomycin; teicoplanin	
k141_386830_1 # 52 # 2013 # -1 # ID=61325_1;partial=00;start_type=ATG;rbs_motif=AAA;rbs_spacer=3bp;gc_cont=0.401	k141_386830	52	2013	-	Strict	300	653.3	tet(M)	52.26	3000186	protein homolog model	n/a	n/a	tetracycline antibiotic	antibiotic target protection	tetracycline-resistant ribosomal protection protein	102.19	gnl|BL_ORD_ID|1675|hsp_num:0	1692			9	1911	tetracycline; doxycycline; minocycline; chlortetracycline; demeclocycline; oxytetracycline	
k141_387018_2 # 92 # 409 # -1 # ID=61590_2;partial=00;start_type=ATG;rbs_motif=AGGA;rbs_spacer=5-10bp;gc_cont=0.289	k141_387018	92	409	-	Strict	75	77.0	qacJ	43.88	3007014	protein homolog model	n/a	n/a	disinfecting agents and antiseptics	antibiotic efflux	small multidrug resistance (SMR) antibiotic efflux pump	98.13	gnl|BL_ORD_ID|4661|hsp_num:0	5730			0	294	benzalkonium chloride	
k141_645500_6 # 4953 # 5993 # 1 # ID=61615_6;partial=00;start_type=ATG;rbs_motif=AGGAGG;rbs_spacer=5-10bp;gc_cont=0.632	k141_645500	4953	5993	+	Strict	250	397.1	vanG	57.68	3002909	protein homolog model	n/a	n/a	glycopeptide antibiotic	antibiotic target alteration	glycopeptide resistance gene cluster; Van ligase	99.14	gnl|BL_ORD_ID|1070|hsp_num:0	1157			9	1044	vancomycin	
k141_645500_7 # 5990 # 6742 # 1 # ID=61615_7;partial=00;start_type=ATG;rbs_motif=GGxGG;rbs_spacer=5-10bp;gc_cont=0.625	k141_645500	5990	6742	+	Strict	125	249.6	vanXY gene in vanG cluster	47.83	3003069	protein homolog model	n/a	n/a	glycopeptide antibiotic	antibiotic target alteration	glycopeptide resistance gene cluster; vanXY	98.43	gnl|BL_ORD_ID|305|hsp_num:0	253			3	762	vancomycin	
k141_645500_8 # 6729 # 8810 # 1 # ID=61615_8;partial=00;start_type=ATG;rbs_motif=GGxGG;rbs_spacer=5-10bp;gc_cont=0.607	k141_645500	6729	8810	+	Strict	175	598.2	vanT gene in vanG cluster	46.05	3002972	protein homolog model	n/a	n/a	glycopeptide antibiotic	antibiotic target alteration	glycopeptide resistance gene cluster; vanT	97.33	gnl|BL_ORD_ID|1523|hsp_num:0	1561			3	2127	vancomycin	
k141_303324_1 # 1 # 1278 # 1 # ID=63217_1;partial=10;start_type=Edge;rbs_motif=None;rbs_spacer=None;gc_cont=0.444	k141_303324	1	1278	+	Strict	50	101.7	vanW gene in vanI cluster	35.91	3003724	protein homolog model	n/a	n/a	glycopeptide antibiotic	antibiotic target alteration	vanW; glycopeptide resistance gene cluster	113.94	gnl|BL_ORD_ID|4747|hsp_num:0	2242			447	978	vancomycin; teicoplanin	
k141_113627_2 # 256 # 888 # -1 # ID=63575_2;partial=00;start_type=ATG;rbs_motif=GGAG/GAGG;rbs_spacer=5-10bp;gc_cont=0.509	k141_113627	256	888	-	Strict	400	411.0	CRP	97.62	3000518	protein homolog model	n/a	n/a	macrolide antibiotic; fluoroquinolone antibiotic; penam	antibiotic efflux	resistance-nodulation-cell division (RND) antibiotic efflux pump	100.00	gnl|BL_ORD_ID|804|hsp_num:0	869			0	630	erythromycin; cloxacillin; oxacillin; norfloxacin	
k141_388641_1 # 3 # 749 # 1 # ID=63827_1;partial=10;start_type=Edge;rbs_motif=None;rbs_spacer=None;gc_cont=0.632	k141_388641	3	749	+	Strict	50	159.1	vanY gene in vanB cluster	44.55	3002956	protein homolog model	n/a	n/a	glycopeptide antibiotic	antibiotic target alteration	vanY; glycopeptide resistance gene cluster	92.54	gnl|BL_ORD_ID|603|hsp_num:0	556			201	792	vancomycin	
k141_474784_2 # 569 # 913 # -1 # ID=64000_2;partial=00;start_type=ATG;rbs_motif=None;rbs_spacer=None;gc_cont=0.330	k141_474784	569	913	-	Strict	75	99.0	qacG	48.08	3007015	protein homolog model	n/a	n/a	disinfecting agents and antiseptics	antibiotic efflux	small multidrug resistance (SMR) antibiotic efflux pump	106.54	gnl|BL_ORD_ID|4662|hsp_num:0	5731			6	318	benzalkonium chloride	
k141_647873_1 # 2 # 457 # -1 # ID=64832_1;partial=10;start_type=ATG;rbs_motif=None;rbs_spacer=None;gc_cont=0.654	k141_647873	2	457	-	Strict	100	204.5	FosI	73.44	3007370	protein homolog model	n/a	n/a	phosphonic acid antibiotic	antibiotic inactivation	fosfomycin thiol transferase	113.43	gnl|BL_ORD_ID|4906|hsp_num:0	5898			6	390	fosfomycin	
k141_217846_1 # 1 # 855 # -1 # ID=65387_1;partial=10;start_type=ATG;rbs_motif=GGA/GAG/AGG;rbs_spacer=5-10bp;gc_cont=0.426	k141_217846	1	855	-	Strict	50	141.4	vanW gene in vanG cluster	31.56	3002965	protein homolog model	n/a	n/a	glycopeptide antibiotic	antibiotic target alteration	vanW; glycopeptide resistance gene cluster	101.42	gnl|BL_ORD_ID|4742|hsp_num:0	1622			15	747	vancomycin	
k141_45533_6 # 5439 # 5771 # 1 # ID=66371_6;partial=00;start_type=ATG;rbs_motif=GGA/GAG/AGG;rbs_spacer=5-10bp;gc_cont=0.532	k141_45533	5439	5771	+	Strict	75	81.6	qacJ	36.54	3007014	protein homolog model	n/a	n/a	disinfecting agents and antiseptics	antibiotic efflux	small multidrug resistance (SMR) antibiotic efflux pump	102.80	gnl|BL_ORD_ID|4661|hsp_num:0	5730			6	318	benzalkonium chloride	
k141_544244_2 # 800 # 1432 # 1 # ID=66911_2;partial=00;start_type=ATG;rbs_motif=AAA;rbs_spacer=4bp;gc_cont=0.501	k141_544244	800	1432	+	Strict	400	441.8	catB2	99.52	3002675	protein homolog model	n/a	n/a	phenicol antibiotic	antibiotic inactivation	chloramphenicol acetyltransferase (CAT)	100.00	gnl|BL_ORD_ID|658|hsp_num:0	712			0	630	azidamfenicol; chloramphenicol; thiamphenicol	
k141_544244_3 # 1567 # 2388 # 1 # ID=66911_3;partial=00;start_type=ATG;rbs_motif=AACAA;rbs_spacer=12bp;gc_cont=0.507	k141_544244	1567	2388	+	Strict	550	554.3	lnuF	98.9	3002839	protein homolog model	n/a	n/a	lincosamide antibiotic	antibiotic inactivation	lincosamide nucleotidyltransferase (LNU)	100.00	gnl|BL_ORD_ID|1374|hsp_num:0	1491			0	819	lincomycin; clindamycin	
k141_544244_4 # 2504 # 3730 # 1 # ID=66911_4;partial=00;start_type=ATG;rbs_motif=AAA;rbs_spacer=12bp;gc_cont=0.502	k141_544244	2504	3730	+	Strict	700	777.7	EreA2	96.57	3002826	protein homolog model	n/a	n/a	macrolide antibiotic	antibiotic inactivation	macrolide esterase	100.00	gnl|BL_ORD_ID|1398|hsp_num:0	1518			0	1224	erythromycin	
k141_391283_1 # 178 # 510 # -1 # ID=67269_1;partial=00;start_type=TTG;rbs_motif=GGAG/GAGG;rbs_spacer=5-10bp;gc_cont=0.465	k141_391283	178	510	-	Strict	75	88.6	qacG	40.0	3007015	protein homolog model	n/a	n/a	disinfecting agents and antiseptics	antibiotic efflux	small multidrug resistance (SMR) antibiotic efflux pump	102.80	gnl|BL_ORD_ID|4662|hsp_num:0	5731			3	318	benzalkonium chloride	
k141_219544_2 # 145 # 1317 # -1 # ID=67539_2;partial=00;start_type=ATG;rbs_motif=GGAG/GAGG;rbs_spacer=5-10bp;gc_cont=0.532	k141_219544	145	1317	-	Perfect	675	740.0	emrA	100.0	3000027	protein homolog model	n/a	n/a	fluoroquinolone antibiotic	antibiotic efflux	major facilitator superfamily (MFS) antibiotic efflux pump	100.00	gnl|BL_ORD_ID|1611|hsp_num:0	1757			0	1170	nalidixic acid	
k141_219544_3 # 1444 # 1974 # -1 # ID=67539_3;partial=00;start_type=ATG;rbs_motif=GGAG/GAGG;rbs_spacer=5-10bp;gc_cont=0.488	k141_219544	1444	1974	-	Perfect	280	349.0	emrR	100.0	3000516	protein homolog model	n/a	n/a	fluoroquinolone antibiotic	antibiotic efflux	major facilitator superfamily (MFS) antibiotic efflux pump	100.00	gnl|BL_ORD_ID|1226|hsp_num:0	1330			0	528	nalidixic acid	
k141_308118_1 # 1 # 363 # -1 # ID=69609_1;partial=10;start_type=TTG;rbs_motif=None;rbs_spacer=None;gc_cont=0.377	k141_308118	1	363	-	Strict	50	100.9	vanY gene in vanB cluster	51.09	3002956	protein homolog model	n/a	n/a	glycopeptide antibiotic	antibiotic target alteration	vanY; glycopeptide resistance gene cluster	45.15	gnl|BL_ORD_ID|603|hsp_num:0	556			216	492	vancomycin	
k141_546146_2 # 392 # 577 # 1 # ID=71322_2;partial=00;start_type=ATG;rbs_motif=AGGAG;rbs_spacer=5-10bp;gc_cont=0.484	k141_546146	392	577	+	Strict	100	102.4	rsmA	85.25	3005069	protein homolog model	n/a	n/a	fluoroquinolone antibiotic; diaminopyrimidine antibiotic; phenicol antibiotic	antibiotic efflux	resistance-nodulation-cell division (RND) antibiotic efflux pump	100.00	gnl|BL_ORD_ID|2793|hsp_num:0	3807			0	183	trimethoprim; chloramphenicol	
k141_222583_6 # 5404 # 6597 # 1 # ID=71804_6;partial=00;start_type=ATG;rbs_motif=GGAG/GAGG;rbs_spacer=5-10bp;gc_cont=0.539	k141_222583	5404	6597	+	Perfect	670	751.1	Escherichia coli acrA	100.0	3004043	protein homolog model	n/a	n/a	fluoroquinolone antibiotic; cephalosporin; glycylcycline; penam; tetracycline antibiotic; rifamycin antibiotic; phenicol antibiotic; disinfecting agents and antiseptics	antibiotic efflux	resistance-nodulation-cell division (RND) antibiotic efflux pump	100.00	gnl|BL_ORD_ID|2322|hsp_num:0	2661			0	1191	tigecycline; tetracycline; rifampin; chloramphenicol; ampicillin; cefalotin; triclosan	
k141_309933_1 # 92 # 952 # 1 # ID=72046_1;partial=00;start_type=ATG;rbs_motif=AGGAG;rbs_spacer=5-10bp;gc_cont=0.599	k141_309933	92	952	+	Strict	570	578.2	AAC(3)-IId	98.6	3004623	protein homolog model	n/a	n/a	aminoglycoside antibiotic	antibiotic inactivation	AAC(3)	100.00	gnl|BL_ORD_ID|2107|hsp_num:0	3322			0	858	dibekacin; sisomicin; netilmicin; tobramycin; 6'-N-ethylnetilmicin; 2'-N-ethylnetilmicin; gentamicin	
k141_222809_2 # 623 # 1393 # 1 # ID=72112_2;partial=00;start_type=ATG;rbs_motif=TAA;rbs_spacer=12bp;gc_cont=0.322	k141_222809	623	1393	+	Strict	400	483.8	LnuH	94.14	3004600	protein homolog model	n/a	n/a	lincosamide antibiotic	antibiotic inactivation	lincosamide nucleotidyltransferase (LNU)	98.46	gnl|BL_ORD_ID|4923|hsp_num:0	5916			0	768		
k141_310468_1 # 247 # 1146 # -1 # ID=72709_1;partial=00;start_type=ATG;rbs_motif=AGGAG;rbs_spacer=5-10bp;gc_cont=0.312	k141_310468	247	1146	-	Strict	550	586.3	VEB-3	99.67	3002372	protein homolog model	n/a	n/a	monobactam; cephalosporin	antibiotic inactivation	VEB beta-lactamase	100.00	gnl|BL_ORD_ID|22|hsp_num:0	26			0	897		
k141_481056_3 # 1493 # 3970 # 1 # ID=72846_3;partial=00;start_type=ATG;rbs_motif=None;rbs_spacer=None;gc_cont=0.524	k141_481056	1493	3970	+	Strict	175	194.1	vanT gene in vanG cluster	34.96	3002972	protein homolog model	n/a	n/a	glycopeptide antibiotic	antibiotic target alteration	glycopeptide resistance gene cluster; vanT	115.87	gnl|BL_ORD_ID|1523|hsp_num:0	1561			1038	2118	vancomycin	
k141_223797_1 # 286 # 1041 # -1 # ID=73478_1;partial=00;start_type=ATG;rbs_motif=AATAA;rbs_spacer=14bp;gc_cont=0.311	k141_223797	286	1041	-	Strict	400	411.4	LnuH	81.2	3004600	protein homolog model	n/a	n/a	lincosamide antibiotic	antibiotic inactivation	lincosamide nucleotidyltransferase (LNU)	96.54	gnl|BL_ORD_ID|4923|hsp_num:0	5916			15	765		
k141_654501_4 # 2047 # 3249 # 1 # ID=73511_4;partial=00;start_type=ATG;rbs_motif=AGGAG;rbs_spacer=5-10bp;gc_cont=0.661	k141_654501	2047	3249	+	Strict	175	209.9	vanT gene in vanG cluster	34.31	3002972	protein homolog model	n/a	n/a	glycopeptide antibiotic	antibiotic target alteration	glycopeptide resistance gene cluster; vanT	56.18	gnl|BL_ORD_ID|1523|hsp_num:0	1561			1035	2118	vancomycin	
k141_396628_10 # 14379 # 16262 # -1 # ID=74338_10;partial=00;start_type=ATG;rbs_motif=AGGAG;rbs_spacer=5-10bp;gc_cont=0.462	k141_396628	14379	16262	-	Strict	50	84.7	vanY gene in vanB cluster	43.09	3002956	protein homolog model	n/a	n/a	glycopeptide antibiotic	antibiotic target alteration	vanY; glycopeptide resistance gene cluster	233.96	gnl|BL_ORD_ID|603|hsp_num:0	556			426	789	vancomycin	
k141_224404_3 # 1371 # 2225 # -1 # ID=74351_3;partial=00;start_type=ATG;rbs_motif=AGGAG;rbs_spacer=5-10bp;gc_cont=0.561	k141_224404	1371	2225	-	Strict	400	511.1	ErmX	90.14	3000596	protein homolog model	n/a	n/a	macrolide antibiotic; lincosamide antibiotic; streptogramin antibiotic; streptogramin A antibiotic; streptogramin B antibiotic	antibiotic target alteration	Erm 23S ribosomal RNA methyltransferase	100.00	gnl|BL_ORD_ID|873|hsp_num:0	950			0	852	erythromycin; roxithromycin; lincomycin; telithromycin; clarithromycin; clindamycin; tylosin; spiramycin; azithromycin; dirithromycin; pristinamycin IA; quinupristin; virginiamycin M1; madumycin II; griseoviridin; dalfopristin; pristinamycin IB; virginiamycin S2; pristinamycin IC; vernamycin C; patricin A; patricin B; ostreogrycin B3; oleandomycin	
k141_397170_1 # 3 # 719 # -1 # ID=75113_1;partial=10;start_type=ATG;rbs_motif=None;rbs_spacer=None;gc_cont=0.614	k141_397170	3	719	-	Strict	50	273.5	vanW gene in vanG cluster	55.93	3002965	protein homolog model	n/a	n/a	glycopeptide antibiotic	antibiotic target alteration	vanW; glycopeptide resistance gene cluster	85.05	gnl|BL_ORD_ID|4742|hsp_num:0	1622			27	732	vancomycin	
k141_656811_2 # 118 # 954 # -1 # ID=76498_2;partial=00;start_type=ATG;rbs_motif=TAAA;rbs_spacer=11bp;gc_cont=0.545	k141_656811	118	954	-	Strict	450	526.6	aadA16	98.15	3002616	protein homolog model	n/a	n/a	aminoglycoside antibiotic	antibiotic inactivation	ANT(3'')	98.93	gnl|BL_ORD_ID|1616|hsp_num:0	1762			0	813	spectinomycin; streptomycin	
k141_120025_2 # 505 # 3666 # -1 # ID=77045_2;partial=00;start_type=TTG;rbs_motif=AGxAGG/AGGxGG;rbs_spacer=5-10bp;gc_cont=0.372	k141_120025	505	3666	-	Strict	750	780.0	adeF	42.76	3000777	protein homolog model	n/a	n/a	fluoroquinolone antibiotic; tetracycline antibiotic	antibiotic efflux	resistance-nodulation-cell division (RND) antibiotic efflux pump	99.43	gnl|BL_ORD_ID|133|hsp_num:0	153			6	3120	tetracycline	
k141_657332_2 # 353 # 1159 # -1 # ID=77226_2;partial=01;start_type=Edge;rbs_motif=None;rbs_spacer=None;gc_cont=0.544	k141_657332	353	1159	-	Strict	450	510.0	aadA7	98.49	3002607	protein homolog model	n/a	n/a	aminoglycoside antibiotic	antibiotic inactivation	ANT(3'')	101.13	gnl|BL_ORD_ID|1342|hsp_num:0	1464			0	795	spectinomycin; streptomycin	
k141_484576_2 # 317 # 1243 # -1 # ID=77654_2;partial=01;start_type=Edge;rbs_motif=None;rbs_spacer=None;gc_cont=0.341	k141_484576	317	1243	-	Strict	50	101.7	vanY gene in vanM cluster	40.69	3002961	protein homolog model	n/a	n/a	glycopeptide antibiotic	antibiotic target alteration	vanY; glycopeptide resistance gene cluster	132.19	gnl|BL_ORD_ID|1674|hsp_num:0	1713			138	531	vancomycin; teicoplanin	
k141_54010_1 # 116 # 940 # -1 # ID=77796_1;partial=00;start_type=ATG;rbs_motif=None;rbs_spacer=None;gc_cont=0.259	k141_54010	116	940	-	Strict	500	549.7	OXA-347	99.64	3001777	protein homolog model	n/a	n/a	carbapenem; cephalosporin; penam	antibiotic inactivation	OXA beta-lactamase	100.00	gnl|BL_ORD_ID|638|hsp_num:0	690			0	822	cloxacillin; oxacillin; cefalotin	
k141_658007_1 # 38 # 670 # 1 # ID=78230_1;partial=00;start_type=ATG;rbs_motif=GGAG/GAGG;rbs_spacer=5-10bp;gc_cont=0.496	k141_658007	38	670	+	Strict	400	419.5	CRP	99.52	3000518	protein homolog model	n/a	n/a	macrolide antibiotic; fluoroquinolone antibiotic; penam	antibiotic efflux	resistance-nodulation-cell division (RND) antibiotic efflux pump	100.00	gnl|BL_ORD_ID|804|hsp_num:0	869			0	630	erythromycin; cloxacillin; oxacillin; norfloxacin	
k141_486532_1 # 2 # 1054 # -1 # ID=80375_1;partial=11;start_type=Edge;rbs_motif=None;rbs_spacer=None;gc_cont=0.447	k141_486532	2	1054	-	Strict	175	246.1	vanT gene in vanG cluster	39.7	3002972	protein homolog model	n/a	n/a	glycopeptide antibiotic	antibiotic target alteration	glycopeptide resistance gene cluster; vanT	49.30	gnl|BL_ORD_ID|1523|hsp_num:0	1561			1065	2049	vancomycin	
k141_123232_2 # 278 # 1273 # 1 # ID=83859_2;partial=00;start_type=ATG;rbs_motif=GGAG/GAGG;rbs_spacer=5-10bp;gc_cont=0.234	k141_123232	278	1273	+	Strict	175	245.7	vanT gene in vanG cluster	42.02	3002972	protein homolog model	n/a	n/a	glycopeptide antibiotic	antibiotic target alteration	glycopeptide resistance gene cluster; vanT	46.49	gnl|BL_ORD_ID|1523|hsp_num:0	1561			27	1005	vancomycin	
k141_123232_3 # 1260 # 2393 # 1 # ID=83859_3;partial=00;start_type=ATG;rbs_motif=AGGA/GGAG/GAGG;rbs_spacer=11-12bp;gc_cont=0.253	k141_123232	1260	2393	+	Strict	175	331.3	vanT gene in vanG cluster	46.72	3002972	protein homolog model	n/a	n/a	glycopeptide antibiotic	antibiotic target alteration	glycopeptide resistance gene cluster; vanT	52.95	gnl|BL_ORD_ID|1523|hsp_num:0	1561			1026	2118	vancomycin	
k141_490111_1 # 3 # 374 # 1 # ID=85256_1;partial=10;start_type=Edge;rbs_motif=None;rbs_spacer=None;gc_cont=0.605	k141_490111	3	374	+	Strict	50	99.0	vanY gene in vanB cluster	43.1	3002956	protein homolog model	n/a	n/a	glycopeptide antibiotic	antibiotic target alteration	vanY; glycopeptide resistance gene cluster	45.90	gnl|BL_ORD_ID|603|hsp_num:0	556			465	792	vancomycin	
k141_491040_2 # 1083 # 1580 # 1 # ID=86797_2;partial=00;start_type=ATG;rbs_motif=None;rbs_spacer=None;gc_cont=0.544	k141_491040	1083	1580	+	Perfect	300	329.7	dfrA21	100.0	3003017	protein homolog model	n/a	n/a	diaminopyrimidine antibiotic	antibiotic target replacement	trimethoprim resistant dihydrofolate reductase dfr	100.00	gnl|BL_ORD_ID|137|hsp_num:0	157			0	495	trimethoprim	
k141_491041_2 # 842 # 1726 # -1 # ID=86803_2;partial=00;start_type=ATG;rbs_motif=AGGA;rbs_spacer=5-10bp;gc_cont=0.365	k141_491041	842	1726	-	Perfect	500	587.8	mphE	100.0	3003741	protein homolog model	n/a	n/a	macrolide antibiotic	antibiotic inactivation	macrolide phosphotransferase (MPH)	100.00	gnl|BL_ORD_ID|2688|hsp_num:0	2614			0	882	erythromycin	
k141_491041_3 # 1782 # 3257 # -1 # ID=86803_3;partial=00;start_type=ATG;rbs_motif=AGGAG;rbs_spacer=5-10bp;gc_cont=0.399	k141_491041	1782	3257	-	Perfect	950	941.4	msrE	100.0	3003109	protein homolog model	n/a	n/a	macrolide antibiotic; streptogramin antibiotic	antibiotic target protection	msr-type ABC-F protein	100.00	gnl|BL_ORD_ID|28|hsp_num:0	33			0	1473	erythromycin	
k141_233521_2 # 846 # 1175 # -1 # ID=86847_2;partial=00;start_type=ATG;rbs_motif=GGAGG;rbs_spacer=5-10bp;gc_cont=0.518	k141_233521	846	1175	-	Strict	150	189.5	Klebsiella pneumoniae KpnF	84.4	3004583	protein homolog model	n/a	n/a	macrolide antibiotic; aminoglycoside antibiotic; cephalosporin; tetracycline antibiotic; peptide antibiotic; rifamycin antibiotic; disinfecting agents and antiseptics	antibiotic efflux	small multidrug resistance (SMR) antibiotic efflux pump	100.00	gnl|BL_ORD_ID|2722|hsp_num:0	3286			0	327	erythromycin; streptomycin; tetracycline; cefepime; ceftriaxone; rifampin; colistin A; colistin B; triclosan; benzalkonium chloride; chlorhexidine	
k141_233521_3 # 1162 # 1527 # -1 # ID=86847_3;partial=00;start_type=ATG;rbs_motif=AGGAG;rbs_spacer=5-10bp;gc_cont=0.423	k141_233521	1162	1527	-	Strict	150	176.4	Klebsiella pneumoniae KpnE	82.2	3004580	protein homolog model	n/a	n/a	macrolide antibiotic; aminoglycoside antibiotic; cephalosporin; tetracycline antibiotic; peptide antibiotic; rifamycin antibiotic; disinfecting agents and antiseptics	antibiotic efflux	small multidrug resistance (SMR) antibiotic efflux pump	100.83	gnl|BL_ORD_ID|2720|hsp_num:0	3283			6	360	erythromycin; streptomycin; tetracycline; cefepime; ceftriaxone; rifampin; colistin A; colistin B; triclosan; benzalkonium chloride; chlorhexidine	
k141_234954_2 # 1050 # 4160 # 1 # ID=88845_2;partial=01;start_type=ATG;rbs_motif=GGAG/GAGG;rbs_spacer=5-10bp;gc_cont=0.609	k141_234954	1050	4160	+	Strict	750	780.0	adeF	43.47	3000777	protein homolog model	n/a	n/a	fluoroquinolone antibiotic; tetracycline antibiotic	antibiotic efflux	resistance-nodulation-cell division (RND) antibiotic efflux pump	97.92	gnl|BL_ORD_ID|133|hsp_num:0	153			6	3111	tetracycline	
k141_235731_5 # 5796 # 7439 # 1 # ID=89831_5;partial=00;start_type=ATG;rbs_motif=GGA/GAG/AGG;rbs_spacer=5-10bp;gc_cont=0.495	k141_235731	5796	7439	+	Strict	1000	1088.2	eptA	99.82	3003576	protein homolog model	n/a	n/a	peptide antibiotic	antibiotic target alteration	pmr phosphoethanolamine transferase	100.00	gnl|BL_ORD_ID|596|hsp_num:0	516			0	1641	polymyxin B	
k141_667544_2 # 464 # 1498 # 1 # ID=90238_2;partial=01;start_type=ATG;rbs_motif=None;rbs_spacer=None;gc_cont=0.630	k141_667544	464	1498	+	Strict	175	213.4	vanT gene in vanG cluster	35.47	3002972	protein homolog model	n/a	n/a	glycopeptide antibiotic	antibiotic target alteration	glycopeptide resistance gene cluster; vanT	48.46	gnl|BL_ORD_ID|1523|hsp_num:0	1561			1029	2028	vancomycin	
k141_236005_1 # 131 # 754 # -1 # ID=90263_1;partial=00;start_type=ATG;rbs_motif=GGAG/GAGG;rbs_spacer=5-10bp;gc_cont=0.359	k141_236005	131	754	-	Strict	300	341.7	catS	98.17	3002688	protein homolog model	n/a	n/a	phenicol antibiotic	antibiotic inactivation	chloramphenicol acetyltransferase (CAT)	126.22	gnl|BL_ORD_ID|961|hsp_num:0	1047			0	492	azidamfenicol; chloramphenicol; thiamphenicol	
k141_554809_4 # 3689 # 4624 # -1 # ID=90670_4;partial=01;start_type=Edge;rbs_motif=None;rbs_spacer=None;gc_cont=0.516	k141_554809	3689	4624	-	Strict	450	546.6	ANT(3'')-IIa	87.66	3004089	protein homolog model	n/a	n/a	aminoglycoside antibiotic	antibiotic inactivation	ANT(3'')	96.28	gnl|BL_ORD_ID|2382|hsp_num:0	2752			45	969	spectinomycin; streptomycin	
k141_236599_2 # 367 # 1188 # 1 # ID=91100_2;partial=01;start_type=ATG;rbs_motif=AGxAGG/AGGxGG;rbs_spacer=5-10bp;gc_cont=0.446	k141_236599	367	1188	+	Strict	50	107.5	vanW gene in vanI cluster	43.85	3003724	protein homolog model	n/a	n/a	glycopeptide antibiotic	antibiotic target alteration	vanW; glycopeptide resistance gene cluster	73.46	gnl|BL_ORD_ID|4747|hsp_num:0	2242			618	1008	vancomycin; teicoplanin	
k141_126872_3 # 950 # 2095 # 1 # ID=91282_3;partial=00;start_type=ATG;rbs_motif=GGAG/GAGG;rbs_spacer=5-10bp;gc_cont=0.373	k141_126872	950	2095	+	Strict	175	202.2	vanT gene in vanG cluster	33.24	3002972	protein homolog model	n/a	n/a	glycopeptide antibiotic	antibiotic target alteration	glycopeptide resistance gene cluster; vanT	53.51	gnl|BL_ORD_ID|1523|hsp_num:0	1561			1029	2121	vancomycin	
k141_324795_1 # 1 # 783 # -1 # ID=91570_1;partial=10;start_type=ATG;rbs_motif=TAAAA;rbs_spacer=14bp;gc_cont=0.479	k141_324795	1	783	-	Strict	50	62.8	vanY gene in vanG cluster	32.33	3002959	protein homolog model	n/a	n/a	glycopeptide antibiotic	antibiotic target alteration	vanY; glycopeptide resistance gene cluster	93.55	gnl|BL_ORD_ID|4731|hsp_num:0	298			177	573	vancomycin	
k141_325188_3 # 1052 # 2170 # 1 # ID=92079_3;partial=01;start_type=ATG;rbs_motif=AGGA;rbs_spacer=5-10bp;gc_cont=0.647	k141_325188	1052	2170	+	Strict	175	198.4	vanT gene in vanG cluster	34.42	3002972	protein homolog model	n/a	n/a	glycopeptide antibiotic	antibiotic target alteration	glycopeptide resistance gene cluster; vanT	52.39	gnl|BL_ORD_ID|1523|hsp_num:0	1561			1035	2097	vancomycin	
k141_669217_2 # 472 # 1002 # -1 # ID=92404_2;partial=00;start_type=ATG;rbs_motif=AGGA/GGAG/GAGG;rbs_spacer=11-12bp;gc_cont=0.540	k141_669217	472	1002	-	Strict	280	337.4	emrR	94.86	3000516	protein homolog model	n/a	n/a	fluoroquinolone antibiotic	antibiotic efflux	major facilitator superfamily (MFS) antibiotic efflux pump	100.00	gnl|BL_ORD_ID|1226|hsp_num:0	1330			0	525	nalidixic acid	
k141_325753_1 # 313 # 1494 # -1 # ID=92785_1;partial=00;start_type=ATG;rbs_motif=None;rbs_spacer=None;gc_cont=0.266	k141_325753	313	1494	-	Strict	300	352.8	poxtA	47.42	3004470	protein homolog model	n/a	n/a	tetracycline antibiotic; oxazolidinone antibiotic; phenicol antibiotic	antibiotic target protection	Miscellaneous ABC-F subfamily ATP-binding cassette ribosomal protection proteins	72.51	gnl|BL_ORD_ID|2511|hsp_num:0	2904			432	1596	tetracycline; doxycycline; linezolid; chloramphenicol; florfenicol	
k141_65607_2 # 905 # 1318 # 1 # ID=93537_2;partial=00;start_type=ATG;rbs_motif=GGA/GAG/AGG;rbs_spacer=5-10bp;gc_cont=0.655	k141_65607	905	1318	+	Strict	100	208.0	FosI	71.76	3007370	protein homolog model	n/a	n/a	phosphonic acid antibiotic	antibiotic inactivation	fosfomycin thiol transferase	102.24	gnl|BL_ORD_ID|4906|hsp_num:0	5898			6	399	fosfomycin	
k141_496786_5 # 1654 # 2901 # 1 # ID=94326_5;partial=00;start_type=ATG;rbs_motif=AGxAGG/AGGxGG;rbs_spacer=5-10bp;gc_cont=0.443	k141_496786	1654	2901	+	Strict	50	87.0	vanY gene in vanB cluster	48.48	3002956	protein homolog model	n/a	n/a	glycopeptide antibiotic	antibiotic target alteration	vanY; glycopeptide resistance gene cluster	154.85	gnl|BL_ORD_ID|603|hsp_num:0	556			498	789	vancomycin	
k141_670938_1 # 3 # 635 # 1 # ID=94956_1;partial=10;start_type=Edge;rbs_motif=None;rbs_spacer=None;gc_cont=0.643	k141_670938	3	635	+	Strict	50	125.2	vanY gene in vanB cluster	38.46	3002956	protein homolog model	n/a	n/a	glycopeptide antibiotic	antibiotic target alteration	vanY; glycopeptide resistance gene cluster	78.36	gnl|BL_ORD_ID|603|hsp_num:0	556			270	786	vancomycin	
k141_240165_2 # 803 # 1129 # 1 # ID=95753_2;partial=00;start_type=ATG;rbs_motif=GGA/GAG/AGG;rbs_spacer=5-10bp;gc_cont=0.514	k141_240165	803	1129	+	Strict	75	101.3	qacJ	45.28	3007014	protein homolog model	n/a	n/a	disinfecting agents and antiseptics	antibiotic efflux	small multidrug resistance (SMR) antibiotic efflux pump	100.93	gnl|BL_ORD_ID|4661|hsp_num:0	5730			0	318	benzalkonium chloride	
k141_328302_5 # 4732 # 5064 # 1 # ID=96191_5;partial=00;start_type=ATG;rbs_motif=GGA/GAG/AGG;rbs_spacer=5-10bp;gc_cont=0.438	k141_328302	4732	5064	+	Strict	75	89.0	qacJ	43.27	3007014	protein homolog model	n/a	n/a	disinfecting agents and antiseptics	antibiotic efflux	small multidrug resistance (SMR) antibiotic efflux pump	102.80	gnl|BL_ORD_ID|4661|hsp_num:0	5730			6	318	benzalkonium chloride	
k141_129558_3 # 2060 # 3259 # 1 # ID=96836_3;partial=00;start_type=ATG;rbs_motif=TAA;rbs_spacer=14bp;gc_cont=0.488	k141_129558	2060	3259	+	Strict	175	236.5	vanT gene in vanG cluster	35.66	3002972	protein homolog model	n/a	n/a	glycopeptide antibiotic	antibiotic target alteration	glycopeptide resistance gene cluster; vanT	56.04	gnl|BL_ORD_ID|1523|hsp_num:0	1561			1029	2118	vancomycin	
k141_241108_1 # 257 # 1459 # -1 # ID=96956_1;partial=00;start_type=ATG;rbs_motif=AGGA;rbs_spacer=5-10bp;gc_cont=0.413	k141_241108	257	1459	-	Perfect	780	763.5	tet(H)	100.0	3000175	protein homolog model	n/a	n/a	tetracycline antibiotic	antibiotic efflux	major facilitator superfamily (MFS) antibiotic efflux pump	100.00	gnl|BL_ORD_ID|1037|hsp_num:0	1027			0	1200	tetracycline	
k141_129683_1 # 1 # 2394 # -1 # ID=97079_1;partial=10;start_type=ATG;rbs_motif=None;rbs_spacer=None;gc_cont=0.510	k141_129683	1	2394	-	Strict	175	187.2	vanT gene in vanG cluster	36.28	3002972	protein homolog model	n/a	n/a	glycopeptide antibiotic	antibiotic target alteration	glycopeptide resistance gene cluster; vanT	112.08	gnl|BL_ORD_ID|1523|hsp_num:0	1561			1038	2028	vancomycin	
k141_414580_2 # 407 # 1234 # 1 # ID=98776_2;partial=00;start_type=ATG;rbs_motif=AGGA;rbs_spacer=5-10bp;gc_cont=0.500	k141_414580	407	1234	+	Perfect	500	563.5	OXA-2	100.0	3001397	protein homolog model	n/a	n/a	carbapenem; cephalosporin; penam	antibiotic inactivation	OXA beta-lactamase	100.00	gnl|BL_ORD_ID|1024|hsp_num:0	1118			0	825	cloxacillin; oxacillin; ceftazidime; amoxicillin; meropenem; ampicillin; cefalotin	
k141_242898_2 # 910 # 1230 # -1 # ID=99258_2;partial=00;start_type=ATG;rbs_motif=GGAGG;rbs_spacer=5-10bp;gc_cont=0.364	k141_242898	910	1230	-	Strict	75	81.6	qacJ	38.1	3007014	protein homolog model	n/a	n/a	disinfecting agents and antiseptics	antibiotic efflux	small multidrug resistance (SMR) antibiotic efflux pump	99.07	gnl|BL_ORD_ID|4661|hsp_num:0	5730			0	315	benzalkonium chloride	
k141_674673_2 # 456 # 785 # 1 # ID=99793_2;partial=00;start_type=ATG;rbs_motif=3Base/5BMM;rbs_spacer=13-15bp;gc_cont=0.397	k141_674673	456	785	+	Strict	75	83.2	qacJ	37.74	3007014	protein homolog model	n/a	n/a	disinfecting agents and antiseptics	antibiotic efflux	small multidrug resistance (SMR) antibiotic efflux pump	101.87	gnl|BL_ORD_ID|4661|hsp_num:0	5730			0	318	benzalkonium chloride	
k141_70392_14 # 10377 # 10787 # -1 # ID=100007_14;partial=00;start_type=ATG;rbs_motif=GGAG/GAGG;rbs_spacer=5-10bp;gc_cont=0.550	k141_70392	10377	10787	-	Strict	100	181.4	FosI	65.15	3007370	protein homolog model	n/a	n/a	phosphonic acid antibiotic	antibiotic inactivation	fosfomycin thiol transferase	101.49	gnl|BL_ORD_ID|4906|hsp_num:0	5898			0	396	fosfomycin	
k141_131514_2 # 90 # 1184 # -1 # ID=100781_2;partial=00;start_type=ATG;rbs_motif=AGGAG;rbs_spacer=5-10bp;gc_cont=0.638	k141_131514	90	1184	-	Strict	250	254.6	vanG	39.71	3002909	protein homolog model	n/a	n/a	glycopeptide antibiotic	antibiotic target alteration	glycopeptide resistance gene cluster; Van ligase	104.30	gnl|BL_ORD_ID|1070|hsp_num:0	1157			15	1047	vancomycin	
k141_332004_5 # 3816 # 4616 # -1 # ID=100839_5;partial=00;start_type=ATG;rbs_motif=AGGA;rbs_spacer=5-10bp;gc_cont=0.469	k141_332004	3816	4616	-	Perfect	500	548.9	OXA-46	100.0	3001797	protein homolog model	n/a	n/a	carbapenem; cephalosporin; penam	antibiotic inactivation	OXA beta-lactamase	100.00	gnl|BL_ORD_ID|352|hsp_num:0	385			0	798	cloxacillin; oxacillin; cefalotin	
k141_416095_26 # 26562 # 26903 # -1 # ID=100859_26;partial=00;start_type=ATG;rbs_motif=GGA/GAG/AGG;rbs_spacer=11-12bp;gc_cont=0.444	k141_416095	26562	26903	-	Strict	75	98.2	qacG	46.15	3007015	protein homolog model	n/a	n/a	disinfecting agents and antiseptics	antibiotic efflux	small multidrug resistance (SMR) antibiotic efflux pump	105.61	gnl|BL_ORD_ID|4662|hsp_num:0	5731			6	318	benzalkonium chloride	
k141_416885_2 # 654 # 1499 # -1 # ID=101863_2;partial=00;start_type=ATG;rbs_motif=None;rbs_spacer=None;gc_cont=0.537	k141_416885	654	1499	-	Strict	450	556.6	aadA6	99.64	3002606	protein homolog model	n/a	n/a	aminoglycoside antibiotic	antibiotic inactivation	ANT(3'')	100.00	gnl|BL_ORD_ID|1852|hsp_num:0	2009			0	843	spectinomycin; streptomycin	
k141_333393_2 # 462 # 1127 # -1 # ID=102783_2;partial=01;start_type=Edge;rbs_motif=None;rbs_spacer=None;gc_cont=0.619	k141_333393	462	1127	-	Strict	50	164.1	vanY gene in vanG cluster	47.03	3002959	protein homolog model	n/a	n/a	glycopeptide antibiotic	antibiotic target alteration	vanY; glycopeptide resistance gene cluster	79.21	gnl|BL_ORD_ID|4731|hsp_num:0	298			303	828	vancomycin	
k141_560126_1 # 2 # 1072 # -1 # ID=103053_1;partial=10;start_type=ATG;rbs_motif=AGGA;rbs_spacer=5-10bp;gc_cont=0.495	k141_560126	2	1072	-	Strict	650	679.9	EreA	96.08	3000361	protein homolog model	n/a	n/a	macrolide antibiotic	antibiotic inactivation	macrolide esterase	87.93	gnl|BL_ORD_ID|918|hsp_num:0	991			0	1071	erythromycin; roxithromycin; clarithromycin	
k141_417869_1 # 396 # 1196 # 1 # ID=103174_1;partial=00;start_type=ATG;rbs_motif=AGGA;rbs_spacer=5-10bp;gc_cont=0.493	k141_417869	396	1196	+	Perfect	500	548.5	OXA-205	100.0	3001483	protein homolog model	n/a	n/a	carbapenem; cephalosporin; penam	antibiotic inactivation	OXA beta-lactamase	100.00	gnl|BL_ORD_ID|1440|hsp_num:0	1572			0	798	cloxacillin; oxacillin; cefalotin	
k141_74813_1 # 350 # 1219 # 1 # ID=105771_1;partial=00;start_type=ATG;rbs_motif=AGGA;rbs_spacer=5-10bp;gc_cont=0.493	k141_74813	350	1219	+	Strict	50	109.0	vanW gene in vanI cluster	43.66	3003724	protein homolog model	n/a	n/a	glycopeptide antibiotic	antibiotic target alteration	vanW; glycopeptide resistance gene cluster	77.48	gnl|BL_ORD_ID|4747|hsp_num:0	2242			615	1041	vancomycin; teicoplanin	
k141_505020_1 # 172 # 1296 # -1 # ID=106250_1;partial=00;start_type=ATG;rbs_motif=AGxAGG/AGGxGG;rbs_spacer=5-10bp;gc_cont=0.535	k141_505020	172	1296	-	Strict	175	234.6	vanT gene in vanG cluster	36.51	3002972	protein homolog model	n/a	n/a	glycopeptide antibiotic	antibiotic target alteration	glycopeptide resistance gene cluster; vanT	52.53	gnl|BL_ORD_ID|1523|hsp_num:0	1561			1032	2118	vancomycin	
k141_420258_2 # 721 # 1539 # -1 # ID=106275_2;partial=00;start_type=ATG;rbs_motif=GGAG/GAGG;rbs_spacer=5-10bp;gc_cont=0.260	k141_420258	721	1539	-	Strict	50	293.9	vanW gene in vanG cluster	55.19	3002965	protein homolog model	n/a	n/a	glycopeptide antibiotic	antibiotic target alteration	vanW; glycopeptide resistance gene cluster	96.80	gnl|BL_ORD_ID|4742|hsp_num:0	1622			27	834	vancomycin	
k141_75367_2 # 186 # 1373 # -1 # ID=106430_2;partial=00;start_type=ATG;rbs_motif=AGGAG/GGAGG;rbs_spacer=11-12bp;gc_cont=0.651	k141_75367	186	1373	-	Strict	175	241.5	vanT gene in vanG cluster	37.53	3002972	protein homolog model	n/a	n/a	glycopeptide antibiotic	antibiotic target alteration	glycopeptide resistance gene cluster; vanT	55.48	gnl|BL_ORD_ID|1523|hsp_num:0	1561			1035	2118	vancomycin	
k141_134431_4 # 2668 # 3894 # 1 # ID=106569_4;partial=00;start_type=ATG;rbs_motif=GGA/GAG/AGG;rbs_spacer=5-10bp;gc_cont=0.526	k141_134431	2668	3894	+	Strict	700	769.6	mdtG	99.51	3001329	protein homolog model	n/a	n/a	phosphonic acid antibiotic	antibiotic efflux	major facilitator superfamily (MFS) antibiotic efflux pump	100.00	gnl|BL_ORD_ID|551|hsp_num:0	603			0	1224	fosfomycin	
k141_561752_3 # 4165 # 5037 # 1 # ID=106837_3;partial=00;start_type=ATG;rbs_motif=None;rbs_spacer=None;gc_cont=0.491	k141_561752	4165	5037	+	Strict	50	124.8	vanY gene in vanB cluster	34.56	3002956	protein homolog model	n/a	n/a	glycopeptide antibiotic	antibiotic target alteration	vanY; glycopeptide resistance gene cluster	108.21	gnl|BL_ORD_ID|603|hsp_num:0	556			147	792	vancomycin	
k141_75824_1 # 1 # 852 # 1 # ID=107038_1;partial=10;start_type=Edge;rbs_motif=None;rbs_spacer=None;gc_cont=0.616	k141_75824	1	852	+	Strict	50	115.9	vanY gene in vanB cluster	37.89	3002956	protein homolog model	n/a	n/a	glycopeptide antibiotic	antibiotic target alteration	vanY; glycopeptide resistance gene cluster	105.60	gnl|BL_ORD_ID|603|hsp_num:0	556			270	792	vancomycin	
k141_561865_3 # 1702 # 2733 # 1 # ID=107066_3;partial=01;start_type=ATG;rbs_motif=AGGAG;rbs_spacer=5-10bp;gc_cont=0.588	k141_561865	1702	2733	+	Strict	50	80.1	vanW gene in vanI cluster	43.68	3003724	protein homolog model	n/a	n/a	glycopeptide antibiotic	antibiotic target alteration	vanW; glycopeptide resistance gene cluster	92.23	gnl|BL_ORD_ID|4747|hsp_num:0	2242			654	915	vancomycin; teicoplanin	
k141_421173_1 # 703 # 1359 # 1 # ID=107506_1;partial=00;start_type=ATG;rbs_motif=AGGAG;rbs_spacer=5-10bp;gc_cont=0.438	k141_421173	703	1359	+	Perfect	400	459.1	QnrS2	100.0	3002791	protein homolog model	n/a	n/a	fluoroquinolone antibiotic	antibiotic target protection	quinolone resistance protein (qnr)	100.00	gnl|BL_ORD_ID|1693|hsp_num:0	1832			0	654	ciprofloxacin; levofloxacin; moxifloxacin; gatifloxacin; nalidixic acid; norfloxacin; sparfloxacin	
k141_249411_1 # 2 # 1735 # 1 # ID=107948_1;partial=11;start_type=Edge;rbs_motif=None;rbs_spacer=None;gc_cont=0.635	k141_249411	2	1735	+	Strict	750	784.6	adeF	72.1	3000777	protein homolog model	n/a	n/a	fluoroquinolone antibiotic; tetracycline antibiotic	antibiotic efflux	resistance-nodulation-cell division (RND) antibiotic efflux pump	54.58	gnl|BL_ORD_ID|133|hsp_num:0	153			321	2046	tetracycline	
k141_337451_1 # 2 # 1141 # 1 # ID=107974_1;partial=10;start_type=Edge;rbs_motif=None;rbs_spacer=None;gc_cont=0.489	k141_337451	2	1141	+	Strict	50	119.0	vanW gene in vanI cluster	38.16	3003724	protein homolog model	n/a	n/a	glycopeptide antibiotic	antibiotic target alteration	vanW; glycopeptide resistance gene cluster	101.61	gnl|BL_ORD_ID|4747|hsp_num:0	2242			447	1047	vancomycin; teicoplanin	
k141_76652_1 # 2 # 1129 # -1 # ID=107980_1;partial=11;start_type=Edge;rbs_motif=None;rbs_spacer=None;gc_cont=0.319	k141_76652	2	1129	-	Strict	50	128.3	vanW gene in vanI cluster	29.86	3003724	protein homolog model	n/a	n/a	glycopeptide antibiotic	antibiotic target alteration	vanW; glycopeptide resistance gene cluster	100.80	gnl|BL_ORD_ID|4747|hsp_num:0	2242			24	1047	vancomycin; teicoplanin	
k141_250237_2 # 1232 # 4396 # 1 # ID=109100_2;partial=00;start_type=ATG;rbs_motif=GGA/GAG/AGG;rbs_spacer=5-10bp;gc_cont=0.442	k141_250237	1232	4396	+	Strict	750	1186.0	adeF	59.05	3000777	protein homolog model	n/a	n/a	fluoroquinolone antibiotic; tetracycline antibiotic	antibiotic efflux	resistance-nodulation-cell division (RND) antibiotic efflux pump	99.53	gnl|BL_ORD_ID|133|hsp_num:0	153			3	3150	tetracycline	
k141_683568_1 # 2 # 565 # 1 # ID=110949_1;partial=10;start_type=Edge;rbs_motif=None;rbs_spacer=None;gc_cont=0.362	k141_683568	2	565	+	Strict	50	78.6	vanW gene in vanI cluster	49.33	3003724	protein homolog model	n/a	n/a	glycopeptide antibiotic	antibiotic target alteration	vanW; glycopeptide resistance gene cluster	50.13	gnl|BL_ORD_ID|4747|hsp_num:0	2242			822	1047	vancomycin; teicoplanin	
k141_683924_1 # 2 # 2317 # -1 # ID=111444_1;partial=10;start_type=ATG;rbs_motif=TAAAAA;rbs_spacer=8bp;gc_cont=0.449	k141_683924	2	2317	-	Strict	175	183.7	vanT gene in vanG cluster	36.42	3002972	protein homolog model	n/a	n/a	glycopeptide antibiotic	antibiotic target alteration	glycopeptide resistance gene cluster; vanT	108.43	gnl|BL_ORD_ID|1523|hsp_num:0	1561			981	1959	vancomycin	
k141_79911_5 # 3030 # 4187 # 1 # ID=112085_5;partial=00;start_type=ATG;rbs_motif=GGA/GAG/AGG;rbs_spacer=5-10bp;gc_cont=0.546	k141_79911	3030	4187	+	Perfect	675	724.5	mdtE	100.0	3000795	protein homolog model	n/a	n/a	macrolide antibiotic; fluoroquinolone antibiotic; penam	antibiotic efflux	resistance-nodulation-cell division (RND) antibiotic efflux pump	100.00	gnl|BL_ORD_ID|1757|hsp_num:0	1903			0	1155	erythromycin; cloxacillin; oxacillin; norfloxacin	
k141_341988_1 # 98 # 979 # -1 # ID=113606_1;partial=00;start_type=ATG;rbs_motif=AGGA;rbs_spacer=5-10bp;gc_cont=0.688	k141_341988	98	979	-	Perfect	500	574.3	RCP-1	100.0	3003563	protein homolog model	n/a	n/a	penam	antibiotic inactivation	RCP beta-lactamase	100.00	gnl|BL_ORD_ID|896|hsp_num:0	882			0	879		
k141_254219_2 # 328 # 1008 # -1 # ID=114269_2;partial=00;start_type=ATG;rbs_motif=AGxAGG/AGGxGG;rbs_spacer=5-10bp;gc_cont=0.606	k141_254219	328	1008	-	Strict	50	108.6	vanY gene in vanF cluster	33.85	3002958	protein homolog model	n/a	n/a	glycopeptide antibiotic	antibiotic target alteration	vanY; glycopeptide resistance gene cluster	77.13	gnl|BL_ORD_ID|1809|hsp_num:0	1899			186	720	vancomycin	
k141_82092_61 # 43677 # 44621 # 1 # ID=114921_61;partial=00;start_type=ATG;rbs_motif=GGA/GAG/AGG;rbs_spacer=5-10bp;gc_cont=0.313	k141_82092	43677	44621	+	Perfect	634	634.8	BRO-2	100.0	3004762	protein homolog model	n/a	n/a	penam	antibiotic inactivation	BRO Beta-lactamase	100.00	gnl|BL_ORD_ID|2407|hsp_num:0	3566			0	942		
k141_138994_2 # 320 # 1483 # -1 # ID=115524_2;partial=00;start_type=GTG;rbs_motif=GGA/GAG/AGG;rbs_spacer=5-10bp;gc_cont=0.418	k141_138994	320	1483	-	Strict	600	665.2	emrK	99.43	3000206	protein homolog model	n/a	n/a	tetracycline antibiotic	antibiotic efflux	major facilitator superfamily (MFS) antibiotic efflux pump	110.26	gnl|BL_ORD_ID|557|hsp_num:0	609			0	1053	tetracycline	
k141_138994_3 # 1899 # 2513 # 1 # ID=115524_3;partial=00;start_type=ATG;rbs_motif=GGA/GAG/AGG;rbs_spacer=5-10bp;gc_cont=0.403	k141_138994	1899	2513	+	Perfect	390	400.6	evgA	100.0	3000832	protein homolog model	n/a	n/a	macrolide antibiotic; fluoroquinolone antibiotic; penam; tetracycline antibiotic	antibiotic efflux	major facilitator superfamily (MFS) antibiotic efflux pump; resistance-nodulation-cell division (RND) antibiotic efflux pump	100.00	gnl|BL_ORD_ID|937|hsp_num:0	1015			0	612	erythromycin; cloxacillin; tetracycline; oxacillin; norfloxacin	
k141_138994_4 # 2518 # 6111 # 1 # ID=115524_4;partial=00;start_type=ATG;rbs_motif=None;rbs_spacer=None;gc_cont=0.408	k141_138994	2518	6111	+	Strict	2300	2377.4	evgS	99.67	3000833	protein homolog model	n/a	n/a	macrolide antibiotic; fluoroquinolone antibiotic; penam; tetracycline antibiotic	antibiotic efflux	major facilitator superfamily (MFS) antibiotic efflux pump; resistance-nodulation-cell division (RND) antibiotic efflux pump	100.00	gnl|BL_ORD_ID|1215|hsp_num:0	1318			0	3591	erythromycin; cloxacillin; tetracycline; oxacillin; norfloxacin	
k141_511843_2 # 636 # 1604 # 1 # ID=115550_2;partial=00;start_type=ATG;rbs_motif=AGGA;rbs_spacer=5-10bp;gc_cont=0.498	k141_511843	636	1604	+	Perfect	550	631.7	PmrF	100.0	3003578	protein homolog model	n/a	n/a	peptide antibiotic	antibiotic target alteration	pmr phosphoethanolamine transferase	100.00	gnl|BL_ORD_ID|1938|hsp_num:0	2014			0	966	polymyxin B	
k141_565894_2 # 250 # 1218 # -1 # ID=115872_2;partial=00;start_type=ATG;rbs_motif=GGAGG;rbs_spacer=5-10bp;gc_cont=0.626	k141_565894	250	1218	-	Strict	50	83.2	vanY gene in vanB cluster	38.17	3002956	protein homolog model	n/a	n/a	glycopeptide antibiotic	antibiotic target alteration	vanY; glycopeptide resistance gene cluster	120.15	gnl|BL_ORD_ID|603|hsp_num:0	556			420	792	vancomycin	
k141_566332_2 # 1732 # 2871 # -1 # ID=116617_2;partial=01;start_type=Edge;rbs_motif=None;rbs_spacer=None;gc_cont=0.386	k141_566332	1732	2871	-	Strict	175	266.9	vanT gene in vanG cluster	38.19	3002972	protein homolog model	n/a	n/a	glycopeptide antibiotic	antibiotic target alteration	glycopeptide resistance gene cluster; vanT	53.23	gnl|BL_ORD_ID|1523|hsp_num:0	1561			1059	2118	vancomycin	
k141_140116_2 # 994 # 3228 # 1 # ID=117360_2;partial=00;start_type=ATG;rbs_motif=None;rbs_spacer=None;gc_cont=0.376	k141_140116	994	3228	+	Strict	50	51.6	vanY gene in vanB cluster	30.34	3002956	protein homolog model	n/a	n/a	glycopeptide antibiotic	antibiotic target alteration	vanY; glycopeptide resistance gene cluster	277.61	gnl|BL_ORD_ID|603|hsp_num:0	556			345	768	vancomycin	
k141_257240_2 # 671 # 1480 # 1 # ID=117483_2;partial=00;start_type=ATG;rbs_motif=4Base/6BMM;rbs_spacer=13-15bp;gc_cont=0.420	k141_257240	671	1480	+	Strict	50	150.6	vanY gene in vanB cluster	39.5	3002956	protein homolog model	n/a	n/a	glycopeptide antibiotic	antibiotic target alteration	vanY; glycopeptide resistance gene cluster	100.37	gnl|BL_ORD_ID|603|hsp_num:0	556			216	795	vancomycin	
k141_513886_1 # 1 # 1470 # 1 # ID=117678_1;partial=10;start_type=Edge;rbs_motif=None;rbs_spacer=None;gc_cont=0.568	k141_513886	1	1470	+	Strict	900	955.7	emrB	99.8	3000074	protein homolog model	n/a	n/a	fluoroquinolone antibiotic	antibiotic efflux	major facilitator superfamily (MFS) antibiotic efflux pump	95.51	gnl|BL_ORD_ID|1707|hsp_num:0	1847			69	1536	nalidixic acid	
k141_429688_2 # 754 # 1554 # 1 # ID=117756_2;partial=00;start_type=ATG;rbs_motif=AGxAGG/AGGxGG;rbs_spacer=3-4bp;gc_cont=0.407	k141_429688	754	1554	+	Perfect	500	530.0	OXA-101	100.0	3001439	protein homolog model	n/a	n/a	carbapenem; cephalosporin; penam	antibiotic inactivation	OXA beta-lactamase	100.00	gnl|BL_ORD_ID|1463|hsp_num:0	1598			0	798	cloxacillin; oxacillin; cefalotin	
k141_85155_10 # 11662 # 12741 # 1 # ID=117928_10;partial=00;start_type=ATG;rbs_motif=GGA/GAG/AGG;rbs_spacer=11-12bp;gc_cont=0.344	k141_85155	11662	12741	+	Strict	175	181.8	vanT gene in vanG cluster	29.78	3002972	protein homolog model	n/a	n/a	glycopeptide antibiotic	antibiotic target alteration	glycopeptide resistance gene cluster; vanT	50.42	gnl|BL_ORD_ID|1523|hsp_num:0	1561			1029	2118	vancomycin	
k141_568700_2 # 321 # 863 # 1 # ID=118980_2;partial=00;start_type=ATG;rbs_motif=GGAG/GAGG;rbs_spacer=5-10bp;gc_cont=0.344	k141_568700	321	863	+	Strict	300	325.5	lnuC	91.46	3002837	protein homolog model	n/a	n/a	lincosamide antibiotic	antibiotic inactivation	lincosamide nucleotidyltransferase (LNU)	109.76	gnl|BL_ORD_ID|344|hsp_num:0	376			0	492	lincomycin	
k141_143078_1 # 171 # 1064 # 1 # ID=119370_1;partial=00;start_type=TTG;rbs_motif=AGGA/GGAG/GAGG;rbs_spacer=11-12bp;gc_cont=0.494	k141_143078	171	1064	+	Strict	50	145.6	vanY gene in vanG cluster	41.88	3002959	protein homolog model	n/a	n/a	glycopeptide antibiotic	antibiotic target alteration	vanY; glycopeptide resistance gene cluster	106.45	gnl|BL_ORD_ID|4731|hsp_num:0	298			291	834	vancomycin	
k141_571417_1 # 2 # 1060 # 1 # ID=119993_1;partial=11;start_type=Edge;rbs_motif=None;rbs_spacer=None;gc_cont=0.515	k141_571417	2	1060	+	Strict	175	184.9	vanT gene in vanG cluster	35.18	3002972	protein homolog model	n/a	n/a	glycopeptide antibiotic	antibiotic target alteration	glycopeptide resistance gene cluster; vanT	49.58	gnl|BL_ORD_ID|1523|hsp_num:0	1561			1038	2097	vancomycin	
k141_145949_2 # 494 # 1171 # -1 # ID=120386_2;partial=01;start_type=Edge;rbs_motif=None;rbs_spacer=None;gc_cont=0.550	k141_145949	494	1171	-	Strict	50	95.9	vanW gene in vanI cluster	41.94	3003724	protein homolog model	n/a	n/a	glycopeptide antibiotic	antibiotic target alteration	vanW; glycopeptide resistance gene cluster	60.32	gnl|BL_ORD_ID|4747|hsp_num:0	2242			675	1047	vancomycin; teicoplanin	
k141_572994_1 # 245 # 697 # -1 # ID=120614_1;partial=00;start_type=ATG;rbs_motif=GGA/GAG/AGG;rbs_spacer=5-10bp;gc_cont=0.464	k141_572994	245	697	-	Perfect	250	324.3	arr-3	100.0	3002848	protein homolog model	n/a	n/a	rifamycin antibiotic	antibiotic inactivation	rifampin ADP-ribosyltransferase (Arr)	100.00	gnl|BL_ORD_ID|686|hsp_num:0	743			0	450	rifampin; rifaximin; rifabutin; rifapentine	
k141_572994_2 # 782 # 1414 # -1 # ID=120614_2;partial=00;start_type=ATG;rbs_motif=GGA/GAG/AGG;rbs_spacer=5-10bp;gc_cont=0.493	k141_572994	782	1414	-	Perfect	350	442.6	catB3	100.0	3002676	protein homolog model	n/a	n/a	phenicol antibiotic	antibiotic inactivation	chloramphenicol acetyltransferase (CAT)	100.00	gnl|BL_ORD_ID|130|hsp_num:0	150			0	630	azidamfenicol; chloramphenicol; thiamphenicol	
k141_573068_2 # 1883 # 2989 # 1 # ID=120663_2;partial=00;start_type=ATG;rbs_motif=AGGAG;rbs_spacer=5-10bp;gc_cont=0.350	k141_573068	1883	2989	+	Strict	50	134.0	vanW gene in vanI cluster	33.22	3003724	protein homolog model	n/a	n/a	glycopeptide antibiotic	antibiotic target alteration	vanW; glycopeptide resistance gene cluster	98.66	gnl|BL_ORD_ID|4747|hsp_num:0	2242			243	1047	vancomycin; teicoplanin	
k141_150621_2 # 770 # 1264 # -1 # ID=122085_2;partial=00;start_type=ATG;rbs_motif=GGAG/GAGG;rbs_spacer=5-10bp;gc_cont=0.335	k141_150621	770	1264	-	Strict	300	343.6	lnuC	98.17	3002837	protein homolog model	n/a	n/a	lincosamide antibiotic	antibiotic inactivation	lincosamide nucleotidyltransferase (LNU)	100.00	gnl|BL_ORD_ID|344|hsp_num:0	376			0	492	lincomycin	
k141_579216_2 # 218 # 1162 # 1 # ID=123026_2;partial=00;start_type=ATG;rbs_motif=GGAG/GAGG;rbs_spacer=5-10bp;gc_cont=0.458	k141_579216	218	1162	+	Strict	500	622.5	leuO	99.04	3003843	protein homolog model	n/a	n/a	nucleoside antibiotic; disinfecting agents and antiseptics	antibiotic efflux	major facilitator superfamily (MFS) antibiotic efflux pump	100.00	gnl|BL_ORD_ID|4927|hsp_num:0	5921			0	942	acriflavine; puromycin	
k141_154020_5 # 3591 # 3938 # 1 # ID=123224_5;partial=00;start_type=ATG;rbs_motif=GGA/GAG/AGG;rbs_spacer=5-10bp;gc_cont=0.626	k141_154020	3591	3938	+	Strict	75	87.0	qacG	40.38	3007015	protein homolog model	n/a	n/a	disinfecting agents and antiseptics	antibiotic efflux	small multidrug resistance (SMR) antibiotic efflux pump	107.48	gnl|BL_ORD_ID|4662|hsp_num:0	5731			6	318	benzalkonium chloride	
k141_155255_1 # 39 # 773 # -1 # ID=123665_1;partial=00;start_type=ATG;rbs_motif=None;rbs_spacer=None;gc_cont=0.249	k141_155255	39	773	-	Strict	125	246.1	vanXY gene in vanG cluster	52.23	3003069	protein homolog model	n/a	n/a	glycopeptide antibiotic	antibiotic target alteration	glycopeptide resistance gene cluster; vanXY	96.06	gnl|BL_ORD_ID|305|hsp_num:0	253			3	744	vancomycin	
k141_155255_2 # 770 # 1429 # -1 # ID=123665_2;partial=01;start_type=Edge;rbs_motif=None;rbs_spacer=None;gc_cont=0.277	k141_155255	770	1429	-	Strict	250	261.2	vanG	58.88	3002909	protein homolog model	n/a	n/a	glycopeptide antibiotic	antibiotic target alteration	glycopeptide resistance gene cluster; Van ligase	62.75	gnl|BL_ORD_ID|1070|hsp_num:0	1157			396	1038	vancomycin	
k141_583209_1 # 3 # 1016 # 1 # ID=124522_1;partial=11;start_type=Edge;rbs_motif=None;rbs_spacer=None;gc_cont=0.464	k141_583209	3	1016	+	Strict	50	101.7	vanW gene in vanI cluster	33.33	3003724	protein homolog model	n/a	n/a	glycopeptide antibiotic	antibiotic target alteration	vanW; glycopeptide resistance gene cluster	90.62	gnl|BL_ORD_ID|4747|hsp_num:0	2242			447	1065	vancomycin; teicoplanin	
k141_583657_3 # 1544 # 2947 # 1 # ID=124720_3;partial=00;start_type=ATG;rbs_motif=AGGAG;rbs_spacer=5-10bp;gc_cont=0.536	k141_583657	1544	2947	+	Perfect	850	927.9	baeS	100.0	3000829	protein homolog model	n/a	n/a	aminoglycoside antibiotic; aminocoumarin antibiotic	antibiotic efflux	resistance-nodulation-cell division (RND) antibiotic efflux pump	100.00	gnl|BL_ORD_ID|914|hsp_num:0	986			0	1401	novobiocin	
k141_583930_1 # 208 # 1092 # -1 # ID=124805_1;partial=00;start_type=ATG;rbs_motif=TATAA;rbs_spacer=3bp;gc_cont=0.394	k141_583930	208	1092	-	Strict	500	527.7	mphG	87.41	3003742	protein homolog model	n/a	n/a	macrolide antibiotic	antibiotic inactivation	macrolide phosphotransferase (MPH)	100.00	gnl|BL_ORD_ID|2042|hsp_num:0	2259			0	882	erythromycin; clarithromycin; azithromycin	
k141_588480_3 # 2329 # 3150 # -1 # ID=126455_3;partial=00;start_type=ATG;rbs_motif=GGA/GAG/AGG;rbs_spacer=5-10bp;gc_cont=0.524	k141_588480	2329	3150	-	Strict	500	523.1	bacA	99.63	3002986	protein homolog model	n/a	n/a	peptide antibiotic	antibiotic target alteration	undecaprenyl pyrophosphate related proteins	100.00	gnl|BL_ORD_ID|1682|hsp_num:0	1820			0	819	bacitracin; bacitracin A; bacitracin B; bacitracin F	
k141_589425_2 # 595 # 1398 # 1 # ID=126814_2;partial=00;start_type=ATG;rbs_motif=GGA/GAG/AGG;rbs_spacer=5-10bp;gc_cont=0.310	k141_589425	595	1398	+	Strict	500	522.7	lnuB	98.88	3002836	protein homolog model	n/a	n/a	lincosamide antibiotic	antibiotic inactivation	lincosamide nucleotidyltransferase (LNU)	100.00	gnl|BL_ORD_ID|742|hsp_num:0	809			0	801	lincomycin; clindamycin	
k141_592034_2 # 757 # 1410 # -1 # ID=127882_2;partial=01;start_type=Edge;rbs_motif=None;rbs_spacer=None;gc_cont=0.320	k141_592034	757	1410	-	Strict	50	62.8	vanY gene in vanM cluster	30.28	3002961	protein homolog model	n/a	n/a	glycopeptide antibiotic	antibiotic target alteration	vanY; glycopeptide resistance gene cluster	93.13	gnl|BL_ORD_ID|1674|hsp_num:0	1713			120	531	vancomycin; teicoplanin	
k141_599050_3 # 1884 # 3065 # -1 # ID=129994_3;partial=00;start_type=ATG;rbs_motif=GGAG/GAGG;rbs_spacer=5-10bp;gc_cont=0.338	k141_599050	1884	3065	-	Strict	175	237.3	vanT gene in vanG cluster	37.87	3002972	protein homolog model	n/a	n/a	glycopeptide antibiotic	antibiotic target alteration	glycopeptide resistance gene cluster; vanT	55.20	gnl|BL_ORD_ID|1523|hsp_num:0	1561			1035	2118	vancomycin	
k141_599286_2 # 740 # 2044 # 1 # ID=130044_2;partial=01;start_type=ATG;rbs_motif=4Base/6BMM;rbs_spacer=13-15bp;gc_cont=0.556	k141_599286	740	2044	+	Strict	50	100.1	vanW gene in vanI cluster	44.29	3003724	protein homolog model	n/a	n/a	glycopeptide antibiotic	antibiotic target alteration	vanW; glycopeptide resistance gene cluster	116.62	gnl|BL_ORD_ID|4747|hsp_num:0	2242			657	1053	vancomycin; teicoplanin	
k141_600001_2 # 340 # 1392 # -1 # ID=130172_2;partial=01;start_type=Edge;rbs_motif=None;rbs_spacer=None;gc_cont=0.598	k141_600001	340	1392	-	Strict	50	105.1	vanW gene in vanI cluster	32.67	3003724	protein homolog model	n/a	n/a	glycopeptide antibiotic	antibiotic target alteration	vanW; glycopeptide resistance gene cluster	93.83	gnl|BL_ORD_ID|4747|hsp_num:0	2242			483	1077	vancomycin; teicoplanin	
k141_86871_11 # 11493 # 13310 # -1 # ID=2327_11;partial=00;start_type=ATG;rbs_motif=AGxAGG/AGGxGG;rbs_spacer=5-10bp;gc_cont=0.464	k141_86871	11493	13310	-	Strict	500	834.7	Haemophilus influenzae PBP3 conferring resistance to beta-lactam antibiotics	70.66	3004446	protein variant model	D350N, S357N	n/a	cephalosporin; cephamycin; penam	antibiotic target alteration	Penicillin-binding protein mutations conferring resistance to beta-lactam antibiotics	99.18	gnl|BL_ORD_ID|2496|hsp_num:0	2886			0	1830	ceftriaxone; ampicillin; cefaclor; cefotaxime; cefditoren; cefdinir	
k141_621233_2 # 436 # 1620 # -1 # ID=28122_2;partial=00;start_type=GTG;rbs_motif=AGGA;rbs_spacer=5-10bp;gc_cont=0.444	k141_621233	436	1620	-	Strict	700	733.8	Escherichia coli EF-Tu mutants conferring resistance to Pulvomycin	92.88	3003369	protein variant model	R234F	n/a	elfamycin antibiotic	antibiotic target alteration	elfamycin resistant EF-Tu	96.33	gnl|BL_ORD_ID|1971|hsp_num:0	2158			45	1224	pulvomycin	
k141_621826_3 # 626 # 1060 # -1 # ID=28954_3;partial=00;start_type=GTG;rbs_motif=GGA/GAG/AGG;rbs_spacer=5-10bp;gc_cont=0.478	k141_621826	626	1060	-	Strict	210	287.0	Escherichia coli AcrAB-TolC with MarR mutations conferring resistance to ciprofloxacin and tetracycline	98.61	3003378	protein overexpression model	Y137H, G103S	n/a	fluoroquinolone antibiotic; cephalosporin; glycylcycline; penam; tetracycline antibiotic; rifamycin antibiotic; phenicol antibiotic; disinfecting agents and antiseptics	antibiotic target alteration; antibiotic efflux	resistance-nodulation-cell division (RND) antibiotic efflux pump	100.00	gnl|BL_ORD_ID|1985|hsp_num:0	431			0	432	tigecycline; ciprofloxacin; tetracycline; rifampin; chloramphenicol; ampicillin; cefalotin; triclosan	
k141_471014_4 # 4741 # 5205 # -1 # ID=58526_4;partial=00;start_type=ATG;rbs_motif=AGGA/GGAG/GAGG;rbs_spacer=11-12bp;gc_cont=0.518	k141_471014	4741	5205	-	Strict	300	311.2	Escherichia coli soxR with mutation conferring antibiotic resistance	100.0	3003381	protein overexpression model	n/a	n/a	fluoroquinolone antibiotic; cephalosporin; glycylcycline; penam; tetracycline antibiotic; rifamycin antibiotic; phenicol antibiotic; disinfecting agents and antiseptics	antibiotic target alteration; antibiotic efflux	ATP-binding cassette (ABC) antibiotic efflux pump; major facilitator superfamily (MFS) antibiotic efflux pump; resistance-nodulation-cell division (RND) antibiotic efflux pump	100.00	gnl|BL_ORD_ID|1974|hsp_num:0	1005			0	462	tigecycline; ciprofloxacin; tetracycline; rifampin; chloramphenicol; ampicillin; nalidixic acid; norfloxacin; cefalotin; triclosan	
k141_471014_5 # 5291 # 5614 # 1 # ID=58526_5;partial=00;start_type=ATG;rbs_motif=GGAG/GAGG;rbs_spacer=5-10bp;gc_cont=0.506	k141_471014	5291	5614	+	Strict	200	219.2	Escherichia coli soxS with mutation conferring antibiotic resistance	100.0	3003511	protein overexpression model	n/a	n/a	fluoroquinolone antibiotic; monobactam; carbapenem; cephalosporin; glycylcycline; cephamycin; penam; tetracycline antibiotic; rifamycin antibiotic; phenicol antibiotic; penem; disinfecting agents and antiseptics	antibiotic target alteration; antibiotic efflux; reduced permeability to antibiotic	ATP-binding cassette (ABC) antibiotic efflux pump; major facilitator superfamily (MFS) antibiotic efflux pump; resistance-nodulation-cell division (RND) antibiotic efflux pump; General Bacterial Porin with reduced permeability to beta-lactams	100.00	gnl|BL_ORD_ID|1976|hsp_num:0	2066			0	321	tigecycline; ciprofloxacin; tetracycline; rifampin; chloramphenicol; ampicillin; norfloxacin; cefalotin; triclosan; enrofloxacin	
k141_222583_5 # 4615 # 5262 # -1 # ID=71804_5;partial=00;start_type=ATG;rbs_motif=None;rbs_spacer=None;gc_cont=0.454	k141_222583	4615	5262	-	Strict	375	426.8	Escherichia coli AcrAB-TolC with AcrR mutation conferring resistance to ciprofloxacin, tetracycline, and ceftazidime	100.0	3003807	protein overexpression model	n/a	n/a	fluoroquinolone antibiotic; cephalosporin; glycylcycline; penam; tetracycline antibiotic; rifamycin antibiotic; phenicol antibiotic; disinfecting agents and antiseptics	antibiotic target alteration; antibiotic efflux	resistance-nodulation-cell division (RND) antibiotic efflux pump	100.00	gnl|BL_ORD_ID|2091|hsp_num:0	2306			0	645	tigecycline; ciprofloxacin; tetracycline; ceftazidime; rifampin; chloramphenicol; ampicillin; cefalotin; triclosan	
